item,gt,pred,ntiles,parse_ok,raw,latency_s
IMG_111,20,39,1,9,"{""count"": 3} | {""count"": 3} | {""count"": 2} | {""count"": 7} | {""count"": 6} | {""count"": 1} | {""count"": 7} | {""count"": 7} | {""count"": 3}",14.70
IMG_112,131,116,1,9,"{""count"": 28} | {""count"": 8} | {""count"": 3} | {""count"": 30} | {""count"": 9} | {""count"": 3} | {""count"": 25} | {""count"": 7} | {""count"": 3}",14.72
IMG_106,165,98,1,9,"{""count"": 30} | {""count"": 12} | {""count"": 5} | {""count"": 0} | {""count"": 13} | {""count"": 4} | {""count"": 25} | {""count"": 8} | {""count"": 1}",14.72
IMG_1,23,42,1,9,"{""count"": 4} | {""count"": 3} | {""count"": 1} | {""count"": 9} | {""count"": 5} | {""count"": 2} | {""count"": 12} | {""count"": 5} | {""count"": 1}",14.73
IMG_101,37,67,1,9,"{""count"": 14} | {""count"": 6} | {""count"": 2} | {""count"": 15} | {""count"": 6} | {""count"": 3} | {""count"": 13} | {""count"": 5} | {""count"": 3}",14.73
IMG_102,70,94,1,9,"{""count"": 20} | {""count"": 9} | {""count"": 4} | {""count"": 20} | {""count"": 10} | {""count"": 5} | {""count"": 15} | {""count"": 7} | {""count"": 4}",14.73
IMG_108,139,124,1,9,"{""count"": 30} | {""count"": 9} | {""count"": 2} | {""count"": 30} | {""count"": 8} | {""count"": 1} | {""count"": 30} | {""count"": 10} | {""count"": 4}",14.73
IMG_10,181,126,1,9,"{""count"": 30} | {""count"": 8} | {""count"": 4} | {""count"": 30} | {""count"": 9} | {""count"": 5} | {""count"": 25} | {""count"": 10} | {""count"": 5}",14.74
IMG_100,157,90,1,9,"{""count"": 20} | {""count"": 6} | {""count"": 2} | {""count"": 0} | {""count"": 14} | {""count"": 3} | {""count"": 25} | {""count"": 15} | {""count"": 5}",14.74
IMG_107,476,42,1,9,"{""count"": 0} | {""count"": 9} | {""count"": 4} | {""count"": 0} | {""count"": 10} | {""count"": 4} | {""count"": 0} | {""count"": 10} | {""count"": 5}",14.73
IMG_110,110,113,1,9,"{""count"": 30} | {""count"": 10} | {""count"": 5} | {""count"": 30} | {""count"": 9} | {""count"": 3} | {""count"": 18} | {""count"": 7} | {""count"": 1}",14.75
IMG_11,164,136,1,9,"{""count"": 25} | {""count"": 7} | {""count"": 5} | {""count"": 30} | {""count"": 8} | {""count"": 4} | {""count"": 45} | {""count"": 9} | {""count"": 3}",14.75
IMG_104,44,60,1,9,"{""count"": 15} | {""count"": 0} | {""count"": 1} | {""count"": 20} | {""count"": 4} | {""count"": 1} | {""count"": 13} | {""count"": 3} | {""count"": 3}",14.75
IMG_105,227,148,1,9,"{""count"": 45} | {""count"": 9} | {""count"": 6} | {""count"": 45} | {""count"": 9} | {""count"": 3} | {""count"": 25} | {""count"": 5} | {""count"": 1}",14.75
IMG_103,57,84,1,9,"{""count"": 10} | {""count"": 8} | {""count"": 5} | {""count"": 12} | {""count"": 7} | {""count"": 5} | {""count"": 25} | {""count"": 7} | {""count"": 5}",14.75
IMG_109,316,112,1,9,"{""count"": 14} | {""count"": 8} | {""count"": 2} | {""count"": 30} | {""count"": 10} | {""count"": 2} | {""count"": 30} | {""count"": 12} | {""count"": 4}",14.76
IMG_12,513,61,1,9,"{""count"": 0} | {""count"": 15} | {""count"": 4} | {""count"": 0} | {""count"": 8} | {""count"": 1} | {""count"": 25} | {""count"": 7} | {""count"": 1}",14.68
IMG_117,40,50,1,9,"{""count"": 1} | {""count"": 0} | {""count"": 0} | {""count"": 10} | {""count"": 4} | {""count"": 1} | {""count"": 20} | {""count"": 9} | {""count"": 5}",14.71
IMG_115,101,65,1,9,"{""count"": 0} | {""count"": 14} | {""count"": 5} | {""count"": 0} | {""count"": 25} | {""count"": 4} | {""count"": 0} | {""count"": 10} | {""count"": 7}",14.71
IMG_126,56,74,1,9,"{""count"": 20} | {""count"": 8} | {""count"": 0} | {""count"": 18} | {""count"": 8} | {""count"": 0} | {""count"": 14} | {""count"": 5} | {""count"": 1}",14.68
IMG_113,48,79,1,9,"{""count"": 17} | {""count"": 8} | {""count"": 3} | {""count"": 20} | {""count"": 8} | {""count"": 3} | {""count"": 12} | {""count"": 6} | {""count"": 2}",14.73
IMG_120,70,81,1,9,"{""count"": 30} | {""count"": 7} | {""count"": 2} | {""count"": 25} | {""count"": 7} | {""count"": 3} | {""count"": 4} | {""count"": 1} | {""count"": 2}",14.70
IMG_118,143,45,1,9,"{""count"": 0} | {""count"": 8} | {""count"": 2} | {""count"": 0} | {""count"": 8} | {""count"": 2} | {""count"": 15} | {""count"": 8} | {""count"": 2}",14.72
IMG_122,51,67,1,9,"{""count"": 18} | {""count"": 7} | {""count"": 2} | {""count"": 18} | {""count"": 7} | {""count"": 1} | {""count"": 10} | {""count"": 4} | {""count"": 0}",14.70
IMG_114,183,112,1,9,"{""count"": 45} | {""count"": 14} | {""count"": 6} | {""count"": 0} | {""count"": 13} | {""count"": 4} | {""count"": 20} | {""count"": 9} | {""count"": 1}",14.73
IMG_121,175,101,1,9,"{""count"": 30} | {""count"": 8} | {""count"": 3} | {""count"": 30} | {""count"": 7} | {""count"": 3} | {""count"": 18} | {""count"": 1} | {""count"": 1}",14.71
IMG_119,146,127,1,9,"{""count"": 10} | {""count"": 11} | {""count"": 5} | {""count"": 30} | {""count"": 19} | {""count"": 4} | {""count"": 24} | {""count"": 20} | {""count"": 4}",14.73
IMG_124,67,73,1,9,"{""count"": 18} | {""count"": 5} | {""count"": 1} | {""count"": 18} | {""count"": 4} | {""count"": 1} | {""count"": 18} | {""count"": 6} | {""count"": 2}",14.71
IMG_123,55,69,1,9,"{""count"": 8} | {""count"": 8} | {""count"": 0} | {""count"": 13} | {""count"": 10} | {""count"": 4} | {""count"": 15} | {""count"": 6} | {""count"": 5}",14.71
IMG_127,165,121,1,9,"{""count"": 15} | {""count"": 25} | {""count"": 6} | {""count"": 10} | {""count"": 25} | {""count"": 7} | {""count"": 10} | {""count"": 17} | {""count"": 6}",14.70
IMG_125,72,90,1,9,"{""count"": 15} | {""count"": 7} | {""count"": 3} | {""count"": 25} | {""count"": 8} | {""count"": 3} | {""count"": 14} | {""count"": 9} | {""count"": 6}",14.71
IMG_116,204,139,1,9,"{""count"": 28} | {""count"": 12} | {""count"": 5} | {""count"": 30} | {""count"": 14} | {""count"": 5} | {""count"": 30} | {""count"": 10} | {""count"": 5}",14.74
IMG_14,29,52,1,9,"{""count"": 6} | {""count"": 6} | {""count"": 3} | {""count"": 12} | {""count"": 8} | {""count"": 5} | {""count"": 5} | {""count"": 5} | {""count"": 2}",14.64
IMG_133,137,115,1,9,"{""count"": 30} | {""count"": 8} | {""count"": 4} | {""count"": 30} | {""count"": 9} | {""count"": 3} | {""count"": 18} | {""count"": 9} | {""count"": 4}",14.68
IMG_140,70,77,1,9,"{""count"": 30} | {""count"": 7} | {""count"": 3} | {""count"": 14} | {""count"": 6} | {""count"": 1} | {""count"": 9} | {""count"": 5} | {""count"": 2}",14.66
IMG_128,32,55,1,9,"{""count"": 10} | {""count"": 3} | {""count"": 1} | {""count"": 14} | {""count"": 5} | {""count"": 2} | {""count"": 14} | {""count"": 5} | {""count"": 1}",14.71
IMG_132,162,86,1,9,"{""count"": 10} | {""count"": 0} | {""count"": 0} | {""count"": 30} | {""count"": 6} | {""count"": 2} | {""count"": 25} | {""count"": 9} | {""count"": 4}",14.70
IMG_136,122,115,1,9,"{""count"": 25} | {""count"": 10} | {""count"": 6} | {""count"": 25} | {""count"": 8} | {""count"": 5} | {""count"": 25} | {""count"": 7} | {""count"": 4}",14.69
IMG_130,80,92,1,9,"{""count"": 25} | {""count"": 8} | {""count"": 1} | {""count"": 25} | {""count"": 8} | {""count"": 1} | {""count"": 18} | {""count"": 5} | {""count"": 1}",14.70
IMG_13,48,77,1,9,"{""count"": 25} | {""count"": 8} | {""count"": 0} | {""count"": 13} | {""count"": 10} | {""count"": 2} | {""count"": 10} | {""count"": 7} | {""count"": 2}",14.70
IMG_129,149,104,1,9,"{""count"": 30} | {""count"": 8} | {""count"": 5} | {""count"": 25} | {""count"": 7} | {""count"": 4} | {""count"": 15} | {""count"": 7} | {""count"": 3}",14.71
IMG_141,35,62,1,9,"{""count"": 15} | {""count"": 6} | {""count"": 2} | {""count"": 10} | {""count"": 6} | {""count"": 4} | {""count"": 10} | {""count"": 6} | {""count"": 3}",14.68
IMG_139,147,109,1,9,"{""count"": 20} | {""count"": 4} | {""count"": 2} | {""count"": 30} | {""count"": 6} | {""count"": 4} | {""count"": 30} | {""count"": 9} | {""count"": 4}",14.68
IMG_138,133,96,1,9,"{""count"": 30} | {""count"": 5} | {""count"": 0} | {""count"": 28} | {""count"": 3} | {""count"": 0} | {""count"": 20} | {""count"": 7} | {""count"": 3}",14.69
IMG_134,120,125,1,9,"{""count"": 30} | {""count"": 14} | {""count"": 7} | {""count"": 30} | {""count"": 10} | {""count"": 7} | {""count"": 18} | {""count"": 6} | {""count"": 3}",14.70
IMG_131,117,135,1,9,"{""count"": 1} | {""count"": 28} | {""count"": 9} | {""count"": 14} | {""count"": 25} | {""count"": 8} | {""count"": 25} | {""count"": 20} | {""count"": 5}",14.73
IMG_135,72,95,1,9,"{""count"": 20} | {""count"": 10} | {""count"": 5} | {""count"": 20} | {""count"": 9} | {""count"": 6} | {""count"": 14} | {""count"": 7} | {""count"": 4}",14.72
IMG_137,198,134,1,9,"{""count"": 30} | {""count"": 15} | {""count"": 4} | {""count"": 30} | {""count"": 12} | {""count"": 2} | {""count"": 30} | {""count"": 8} | {""count"": 3}",14.71
IMG_142,24,49,1,9,"{""count"": 10} | {""count"": 2} | {""count"": 1} | {""count"": 10} | {""count"": 4} | {""count"": 3} | {""count"": 12} | {""count"": 5} | {""count"": 2}",16.43
IMG_144,59,75,1,9,"{""count"": 10} | {""count"": 8} | {""count"": 4} | {""count"": 15} | {""count"": 6} | {""count"": 4} | {""count"": 17} | {""count"": 7} | {""count"": 4}",16.43
IMG_143,251,81,1,9,"{""count"": 0} | {""count"": 15} | {""count"": 5} | {""count"": 0} | {""count"": 14} | {""count"": 6} | {""count"": 30} | {""count"": 8} | {""count"": 3}",16.43
IMG_151,47,68,1,9,"{""count"": 17} | {""count"": 6} | {""count"": 2} | {""count"": 17} | {""count"": 7} | {""count"": 4} | {""count"": 9} | {""count"": 4} | {""count"": 2}",16.40
IMG_15,57,67,1,9,"{""count"": 25} | {""count"": 4} | {""count"": 2} | {""count"": 14} | {""count"": 4} | {""count"": 1} | {""count"": 13} | {""count"": 4} | {""count"": 0}",16.41
IMG_147,248,110,1,9,"{""count"": 45} | {""count"": 8} | {""count"": 3} | {""count"": 30} | {""count"": 8} | {""count"": 3} | {""count"": 0} | {""count"": 10} | {""count"": 3}",16.43
IMG_155,167,103,1,9,"{""count"": 6} | {""count"": 25} | {""count"": 5} | {""count"": 0} | {""count"": 25} | {""count"": 3} | {""count"": 15} | {""count"": 20} | {""count"": 4}",16.40
IMG_149,147,90,1,9,"{""count"": 0} | {""count"": 4} | {""count"": 10} | {""count"": 0} | {""count"": 30} | {""count"": 9} | {""count"": 0} | {""count"": 30} | {""count"": 7}",16.43
IMG_152,505,74,1,9,"{""count"": 0} | {""count"": 15} | {""count"": 3} | {""count"": 0} | {""count"": 13} | {""count"": 3} | {""count"": 30} | {""count"": 8} | {""count"": 2}",16.42
IMG_150,121,112,1,9,"{""count"": 30} | {""count"": 9} | {""count"": 4} | {""count"": 30} | {""count"": 9} | {""count"": 5} | {""count"": 15} | {""count"": 8} | {""count"": 2}",16.42
IMG_153,297,56,1,9,"{""count"": 0} | {""count"": 10} | {""count"": 3} | {""count"": 0} | {""count"": 8} | {""count"": 3} | {""count"": 25} | {""count"": 6} | {""count"": 1}",16.43
IMG_146,61,90,1,9,"{""count"": 25} | {""count"": 8} | {""count"": 2} | {""count"": 20} | {""count"": 8} | {""count"": 2} | {""count"": 15} | {""count"": 8} | {""count"": 2}",16.45
IMG_156,43,72,1,9,"{""count"": 15} | {""count"": 6} | {""count"": 3} | {""count"": 14} | {""count"": 7} | {""count"": 3} | {""count"": 14} | {""count"": 7} | {""count"": 3}",16.42
IMG_145,67,94,1,9,"{""count"": 20} | {""count"": 8} | {""count"": 4} | {""count"": 20} | {""count"": 9} | {""count"": 5} | {""count"": 18} | {""count"": 7} | {""count"": 3}",16.47
IMG_154,465,66,1,9,"{""count"": 30} | {""count"": 7} | {""count"": 4} | {""count"": 0} | {""count"": 7} | {""count"": 3} | {""count"": 0} | {""count"": 10} | {""count"": 5}",16.43
IMG_148,252,119,1,9,"{""count"": 0} | {""count"": 12} | {""count"": 4} | {""count"": 45} | {""count"": 12} | {""count"": 4} | {""count"": 30} | {""count"": 8} | {""count"": 4}",16.46
IMG_157,46,55,1,9,"{""count"": 14} | {""count"": 7} | {""count"": 2} | {""count"": 10} | {""count"": 5} | {""count"": 2} | {""count"": 8} | {""count"": 5} | {""count"": 2}",15.61
IMG_168,57,72,1,9,"{""count"": 20} | {""count"": 5} | {""count"": 3} | {""count"": 15} | {""count"": 7} | {""count"": 2} | {""count"": 13} | {""count"": 5} | {""count"": 2}",15.58
IMG_160,117,105,1,9,"{""count"": 30} | {""count"": 9} | {""count"": 5} | {""count"": 25} | {""count"": 9} | {""count"": 5} | {""count"": 12} | {""count"": 6} | {""count"": 4}",15.61
IMG_162,54,82,1,9,"{""count"": 10} | {""count"": 8} | {""count"": 5} | {""count"": 14} | {""count"": 10} | {""count"": 6} | {""count"": 18} | {""count"": 9} | {""count"": 2}",15.60
IMG_163,73,88,1,9,"{""count"": 18} | {""count"": 5} | {""count"": 3} | {""count"": 28} | {""count"": 7} | {""count"": 5} | {""count"": 15} | {""count"": 5} | {""count"": 2}",15.61
IMG_166,170,132,1,9,"{""count"": 25} | {""count"": 7} | {""count"": 3} | {""count"": 45} | {""count"": 9} | {""count"": 2} | {""count"": 30} | {""count"": 8} | {""count"": 3}",15.60
IMG_164,122,109,1,9,"{""count"": 30} | {""count"": 6} | {""count"": 1} | {""count"": 28} | {""count"": 10} | {""count"": 4} | {""count"": 17} | {""count"": 10} | {""count"": 3}",15.62
IMG_170,298,56,1,9,"{""count"": 0} | {""count"": 15} | {""count"": 6} | {""count"": 0} | {""count"": 14} | {""count"": 6} | {""count"": 0} | {""count"": 10} | {""count"": 5}",15.58
IMG_159,263,116,1,9,"{""count"": 30} | {""count"": 9} | {""count"": 0} | {""count"": 42} | {""count"": 13} | {""count"": 4} | {""count"": 0} | {""count"": 12} | {""count"": 6}",15.63
IMG_16,92,89,1,9,"{""count"": 25} | {""count"": 4} | {""count"": 3} | {""count"": 20} | {""count"": 8} | {""count"": 4} | {""count"": 20} | {""count"": 5} | {""count"": 0}",15.63
IMG_17,71,82,1,9,"{""count"": 25} | {""count"": 10} | {""count"": 3} | {""count"": 20} | {""count"": 6} | {""count"": 3} | {""count"": 14} | {""count"": 1} | {""count"": 0}",15.60
IMG_161,48,72,1,9,"{""count"": 18} | {""count"": 6} | {""count"": 2} | {""count"": 14} | {""count"": 7} | {""count"": 0} | {""count"": 14} | {""count"": 7} | {""count"": 4}",15.63
IMG_165,60,86,1,9,"{""count"": 20} | {""count"": 8} | {""count"": 5} | {""count"": 20} | {""count"": 7} | {""count"": 5} | {""count"": 12} | {""count"": 6} | {""count"": 3}",15.63
IMG_167,167,83,1,9,"{""count"": 15} | {""count"": 6} | {""count"": 1} | {""count"": 25} | {""count"": 5} | {""count"": 3} | {""count"": 25} | {""count"": 2} | {""count"": 1}",15.62
IMG_169,127,123,1,9,"{""count"": 45} | {""count"": 8} | {""count"": 3} | {""count"": 30} | {""count"": 10} | {""count"": 5} | {""count"": 15} | {""count"": 5} | {""count"": 2}",15.62
IMG_158,91,98,1,9,"{""count"": 25} | {""count"": 9} | {""count"": 4} | {""count"": 25} | {""count"": 6} | {""count"": 2} | {""count"": 20} | {""count"": 6} | {""count"": 1}",15.66
IMG_172,11,32,1,9,"{""count"": 0} | {""count"": 3} | {""count"": 3} | {""count"": 2} | {""count"": 4} | {""count"": 2} | {""count"": 9} | {""count"": 6} | {""count"": 3}",14.59
IMG_181,60,67,1,9,"{""count"": 8} | {""count"": 5} | {""count"": 3} | {""count"": 17} | {""count"": 5} | {""count"": 5} | {""count"": 18} | {""count"": 4} | {""count"": 2}",14.57
IMG_178,41,57,1,9,"{""count"": 15} | {""count"": 7} | {""count"": 2} | {""count"": 10} | {""count"": 2} | {""count"": 1} | {""count"": 14} | {""count"": 4} | {""count"": 2}",14.59
IMG_177,20,44,1,9,"{""count"": 6} | {""count"": 5} | {""count"": 2} | {""count"": 5} | {""count"": 5} | {""count"": 2} | {""count"": 8} | {""count"": 8} | {""count"": 3}",14.59
IMG_171,14,40,1,9,"{""count"": 9} | {""count"": 0} | {""count"": 0} | {""count"": 7} | {""count"": 3} | {""count"": 2} | {""count"": 10} | {""count"": 5} | {""count"": 4}",14.62
IMG_18,235,142,1,9,"{""count"": 10} | {""count"": 8} | {""count"": 4} | {""count"": 38} | {""count"": 17} | {""count"": 2} | {""count"": 48} | {""count"": 14} | {""count"": 1}",14.60
IMG_183,187,114,1,9,"{""count"": 25} | {""count"": 8} | {""count"": 3} | {""count"": 30} | {""count"": 9} | {""count"": 4} | {""count"": 25} | {""count"": 8} | {""count"": 2}",14.57
IMG_176,229,133,1,9,"{""count"": 42} | {""count"": 8} | {""count"": 3} | {""count"": 45} | {""count"": 7} | {""count"": 0} | {""count"": 25} | {""count"": 3} | {""count"": 0}",14.60
IMG_175,45,75,1,9,"{""count"": 15} | {""count"": 8} | {""count"": 3} | {""count"": 15} | {""count"": 8} | {""count"": 5} | {""count"": 13} | {""count"": 5} | {""count"": 3}",14.60
IMG_173,104,90,1,9,"{""count"": 38} | {""count"": 9} | {""count"": 3} | {""count"": 15} | {""count"": 7} | {""count"": 3} | {""count"": 10} | {""count"": 3} | {""count"": 2}",14.62
IMG_179,79,99,1,9,"{""count"": 28} | {""count"": 8} | {""count"": 2} | {""count"": 25} | {""count"": 8} | {""count"": 4} | {""count"": 14} | {""count"": 5} | {""count"": 5}",14.61
IMG_182,253,70,1,9,"{""count"": 30} | {""count"": 10} | {""count"": 5} | {""count"": 0} | {""count"": 9} | {""count"": 5} | {""count"": 0} | {""count"": 7} | {""count"": 4}",14.60
IMG_180,101,82,1,9,"{""count"": 15} | {""count"": 5} | {""count"": 0} | {""count"": 20} | {""count"": 5} | {""count"": 2} | {""count"": 25} | {""count"": 8} | {""count"": 2}",14.60
IMG_185,106,94,1,9,"{""count"": 30} | {""count"": 9} | {""count"": 2} | {""count"": 25} | {""count"": 6} | {""count"": 4} | {""count"": 13} | {""count"": 3} | {""count"": 2}",14.59
IMG_174,143,151,1,9,"{""count"": 25} | {""count"": 10} | {""count"": 3} | {""count"": 48} | {""count"": 17} | {""count"": 2} | {""count"": 30} | {""count"": 12} | {""count"": 4}",14.65
IMG_184,184,116,1,9,"{""count"": 45} | {""count"": 15} | {""count"": 4} | {""count"": 0} | {""count"": 15} | {""count"": 6} | {""count"": 20} | {""count"": 9} | {""count"": 2}",14.61
IMG_189,40,62,1,9,"{""count"": 20} | {""count"": 6} | {""count"": 5} | {""count"": 9} | {""count"": 5} | {""count"": 4} | {""count"": 7} | {""count"": 4} | {""count"": 2}",14.66
IMG_186,104,101,1,9,"{""count"": 30} | {""count"": 8} | {""count"": 3} | {""count"": 20} | {""count"": 8} | {""count"": 5} | {""count"": 14} | {""count"": 8} | {""count"": 5}",14.70
IMG_198,9,29,1,9,"{""count"": 2} | {""count"": 3} | {""count"": 2} | {""count"": 5} | {""count"": 3} | {""count"": 3} | {""count"": 6} | {""count"": 4} | {""count"": 1}",14.65
IMG_193,172,122,1,9,"{""count"": 25} | {""count"": 6} | {""count"": 0} | {""count"": 48} | {""count"": 7} | {""count"": 1} | {""count"": 25} | {""count"": 6} | {""count"": 4}",14.66
IMG_188,56,75,1,9,"{""count"": 18} | {""count"": 8} | {""count"": 4} | {""count"": 15} | {""count"": 6} | {""count"": 3} | {""count"": 10} | {""count"": 7} | {""count"": 4}",14.68
IMG_190,90,93,1,9,"{""count"": 14} | {""count"": 5} | {""count"": 3} | {""count"": 25} | {""count"": 5} | {""count"": 1} | {""count"": 30} | {""count"": 8} | {""count"": 2}",14.68
IMG_2,52,75,1,9,"{""count"": 10} | {""count"": 10} | {""count"": 5} | {""count"": 18} | {""count"": 6} | {""count"": 5} | {""count"": 12} | {""count"": 6} | {""count"": 3}",14.65
IMG_187,159,86,1,9,"{""count"": 0} | {""count"": 18} | {""count"": 8} | {""count"": 0} | {""count"": 30} | {""count"": 7} | {""count"": 2} | {""count"": 15} | {""count"": 6}",14.69
IMG_191,301,145,1,9,"{""count"": 25} | {""count"": 20} | {""count"": 3} | {""count"": 42} | {""count"": 15} | {""count"": 2} | {""count"": 30} | {""count"": 8} | {""count"": 0}",14.68
IMG_194,213,102,1,9,"{""count"": 10} | {""count"": 15} | {""count"": 3} | {""count"": 20} | {""count"": 25} | {""count"": 3} | {""count"": 0} | {""count"": 25} | {""count"": 1}",14.68
IMG_199,88,103,1,9,"{""count"": 25} | {""count"": 8} | {""count"": 5} | {""count"": 25} | {""count"": 8} | {""count"": 5} | {""count"": 18} | {""count"": 6} | {""count"": 3}",14.66
IMG_192,58,76,1,9,"{""count"": 20} | {""count"": 8} | {""count"": 1} | {""count"": 20} | {""count"": 5} | {""count"": 1} | {""count"": 18} | {""count"": 2} | {""count"": 1}",14.69
IMG_197,93,100,1,9,"{""count"": 28} | {""count"": 8} | {""count"": 4} | {""count"": 20} | {""count"": 7} | {""count"": 4} | {""count"": 18} | {""count"": 8} | {""count"": 3}",14.68
IMG_196,107,102,1,9,"{""count"": 20} | {""count"": 8} | {""count"": 4} | {""count"": 20} | {""count"": 8} | {""count"": 5} | {""count"": 30} | {""count"": 7} | {""count"": 0}",14.68
IMG_19,277,196,1,9,"{""count"": 30} | {""count"": 15} | {""count"": 6} | {""count"": 58} | {""count"": 15} | {""count"": 7} | {""count"": 50} | {""count"": 13} | {""count"": 2}",14.72
IMG_195,61,85,1,9,"{""count"": 25} | {""count"": 8} | {""count"": 2} | {""count"": 25} | {""count"": 8} | {""count"": 3} | {""count"": 10} | {""count"": 3} | {""count"": 1}",14.70
IMG_20,15,38,1,9,"{""count"": 6} | {""count"": 3} | {""count"": 3} | {""count"": 10} | {""count"": 3} | {""count"": 1} | {""count"": 7} | {""count"": 3} | {""count"": 2}",14.65
IMG_206,86,106,1,9,"{""count"": 25} | {""count"": 9} | {""count"": 3} | {""count"": 25} | {""count"": 9} | {""count"": 5} | {""count"": 18} | {""count"": 9} | {""count"": 3}",14.63
IMG_201,131,85,1,9,"{""count"": 18} | {""count"": 8} | {""count"": 3} | {""count"": 20} | {""count"": 6} | {""count"": 4} | {""count"": 18} | {""count"": 6} | {""count"": 2}",14.65
IMG_207,106,108,1,9,"{""count"": 25} | {""count"": 10} | {""count"": 7} | {""count"": 25} | {""count"": 8} | {""count"": 5} | {""count"": 15} | {""count"": 8} | {""count"": 5}",14.63
IMG_205,57,80,1,9,"{""count"": 10} | {""count"": 4} | {""count"": 2} | {""count"": 17} | {""count"": 6} | {""count"": 5} | {""count"": 25} | {""count"": 7} | {""count"": 4}",14.64
IMG_208,72,81,1,9,"{""count"": 20} | {""count"": 5} | {""count"": 4} | {""count"": 18} | {""count"": 7} | {""count"": 4} | {""count"": 14} | {""count"": 7} | {""count"": 2}",14.63
IMG_210,33,45,1,9,"{""count"": 7} | {""count"": 2} | {""count"": 0} | {""count"": 14} | {""count"": 3} | {""count"": 0} | {""count"": 12} | {""count"": 5} | {""count"": 2}",14.64
IMG_209,149,70,1,9,"{""count"": 0} | {""count"": 9} | {""count"": 1} | {""count"": 0} | {""count"": 20} | {""count"": 5} | {""count"": 18} | {""count"": 12} | {""count"": 5}",14.64
IMG_21,89,89,1,9,"{""count"": 18} | {""count"": 13} | {""count"": 7} | {""count"": 18} | {""count"": 5} | {""count"": 5} | {""count"": 15} | {""count"": 6} | {""count"": 2}",14.64
IMG_200,48,72,1,9,"{""count"": 13} | {""count"": 8} | {""count"": 2} | {""count"": 18} | {""count"": 8} | {""count"": 4} | {""count"": 14} | {""count"": 2} | {""count"": 3}",14.67
IMG_213,284,88,1,9,"{""count"": 0} | {""count"": 14} | {""count"": 6} | {""count"": 0} | {""count"": 14} | {""count"": 4} | {""count"": 30} | {""count"": 14} | {""count"": 6}",14.63
IMG_202,180,142,1,9,"{""count"": 30} | {""count"": 8} | {""count"": 5} | {""count"": 42} | {""count"": 10} | {""count"": 3} | {""count"": 30} | {""count"": 10} | {""count"": 4}",14.68
IMG_204,148,121,1,9,"{""count"": 28} | {""count"": 15} | {""count"": 3} | {""count"": 30} | {""count"": 10} | {""count"": 3} | {""count"": 20} | {""count"": 9} | {""count"": 3}",14.67
IMG_212,139,126,1,9,"{""count"": 30} | {""count"": 15} | {""count"": 3} | {""count"": 30} | {""count"": 9} | {""count"": 3} | {""count"": 25} | {""count"": 7} | {""count"": 4}",14.64
IMG_211,51,78,1,9,"{""count"": 15} | {""count"": 9} | {""count"": 4} | {""count"": 18} | {""count"": 9} | {""count"": 4} | {""count"": 15} | {""count"": 3} | {""count"": 1}",14.65
IMG_203,187,106,1,9,"{""count"": 0} | {""count"": 30} | {""count"": 1} | {""count"": 18} | {""count"": 17} | {""count"": 3} | {""count"": 20} | {""count"": 14} | {""count"": 3}",14.69
IMG_219,450,86,1,9,"{""count"": 30} | {""count"": 10} | {""count"": 0} | {""count"": 30} | {""count"": 8} | {""count"": 0} | {""count"": 0} | {""count"": 8} | {""count"": 0}",14.76
IMG_226,94,86,1,9,"{""count"": 15} | {""count"": 5} | {""count"": 1} | {""count"": 25} | {""count"": 4} | {""count"": 0} | {""count"": 30} | {""count"": 6} | {""count"": 0}",14.75
IMG_227,96,69,1,9,"{""count"": 2} | {""count"": 6} | {""count"": 6} | {""count"": 14} | {""count"": 18} | {""count"": 7} | {""count"": 0} | {""count"": 13} | {""count"": 3}",14.75
IMG_220,70,90,1,9,"{""count"": 18} | {""count"": 10} | {""count"": 5} | {""count"": 15} | {""count"": 8} | {""count"": 2} | {""count"": 20} | {""count"": 7} | {""count"": 5}",14.77
IMG_215,52,82,1,9,"{""count"": 18} | {""count"": 7} | {""count"": 5} | {""count"": 18} | {""count"": 8} | {""count"": 3} | {""count"": 12} | {""count"": 8} | {""count"": 3}",14.78
IMG_216,161,75,1,9,"{""count"": 0} | {""count"": 10} | {""count"": 4} | {""count"": 30} | {""count"": 7} | {""count"": 2} | {""count"": 12} | {""count"": 6} | {""count"": 4}",14.78
IMG_228,159,110,1,9,"{""count"": 30} | {""count"": 10} | {""count"": 3} | {""count"": 25} | {""count"": 7} | {""count"": 2} | {""count"": 25} | {""count"": 6} | {""count"": 2}",14.75
IMG_225,265,139,1,9,"{""count"": 42} | {""count"": 9} | {""count"": 3} | {""count"": 42} | {""count"": 8} | {""count"": 2} | {""count"": 25} | {""count"": 5} | {""count"": 3}",14.77
IMG_222,154,92,1,9,"{""count"": 17} | {""count"": 6} | {""count"": 2} | {""count"": 20} | {""count"": 5} | {""count"": 2} | {""count"": 30} | {""count"": 6} | {""count"": 4}",14.78
IMG_214,138,105,1,9,"{""count"": 18} | {""count"": 4} | {""count"": 0} | {""count"": 30} | {""count"": 10} | {""count"": 4} | {""count"": 25} | {""count"": 9} | {""count"": 5}",14.82
IMG_22,300,131,1,9,"{""count"": 0} | {""count"": 18} | {""count"": 7} | {""count"": 35} | {""count"": 20} | {""count"": 7} | {""count"": 25} | {""count"": 14} | {""count"": 5}",14.80
IMG_218,73,100,1,9,"{""count"": 15} | {""count"": 8} | {""count"": 5} | {""count"": 25} | {""count"": 10} | {""count"": 5} | {""count"": 20} | {""count"": 8} | {""count"": 4}",14.81
IMG_221,74,85,1,9,"{""count"": 18} | {""count"": 8} | {""count"": 3} | {""count"": 25} | {""count"": 5} | {""count"": 4} | {""count"": 15} | {""count"": 5} | {""count"": 2}",14.80
IMG_223,144,124,1,9,"{""count"": 25} | {""count"": 13} | {""count"": 6} | {""count"": 20} | {""count"": 12} | {""count"": 5} | {""count"": 30} | {""count"": 9} | {""count"": 4}",14.78
IMG_224,142,102,1,9,"{""count"": 20} | {""count"": 6} | {""count"": 3} | {""count"": 28} | {""count"": 7} | {""count"": 1} | {""count"": 30} | {""count"": 6} | {""count"": 1}",14.78
IMG_217,109,110,1,9,"{""count"": 20} | {""count"": 9} | {""count"": 4} | {""count"": 30} | {""count"": 10} | {""count"": 4} | {""count"": 18} | {""count"": 10} | {""count"": 5}",14.82
IMG_233,29,45,1,9,"{""count"": 15} | {""count"": 5} | {""count"": 3} | {""count"": 8} | {""count"": 4} | {""count"": 1} | {""count"": 4} | {""count"": 3} | {""count"": 2}",14.68
IMG_232,133,87,1,9,"{""count"": 24} | {""count"": 8} | {""count"": 5} | {""count"": 20} | {""count"": 5} | {""count"": 3} | {""count"": 15} | {""count"": 5} | {""count"": 2}",14.70
IMG_230,93,95,1,9,"{""count"": 15} | {""count"": 5} | {""count"": 3} | {""count"": 30} | {""count"": 8} | {""count"": 3} | {""count"": 20} | {""count"": 7} | {""count"": 4}",14.70
IMG_229,64,83,1,9,"{""count"": 25} | {""count"": 5} | {""count"": 2} | {""count"": 20} | {""count"": 7} | {""count"": 2} | {""count"": 15} | {""count"": 6} | {""count"": 1}",14.72
IMG_24,79,92,1,9,"{""count"": 25} | {""count"": 8} | {""count"": 4} | {""count"": 25} | {""count"": 6} | {""count"": 2} | {""count"": 18} | {""count"": 4} | {""count"": 0}",14.67
IMG_237,323,81,1,9,"{""count"": 6} | {""count"": 5} | {""count"": 5} | {""count"": 0} | {""count"": 12} | {""count"": 6} | {""count"": 30} | {""count"": 12} | {""count"": 5}",14.70
IMG_238,51,73,1,9,"{""count"": 18} | {""count"": 10} | {""count"": 5} | {""count"": 10} | {""count"": 9} | {""count"": 4} | {""count"": 10} | {""count"": 4} | {""count"": 3}",14.69
IMG_231,79,88,1,9,"{""count"": 8} | {""count"": 6} | {""count"": 3} | {""count"": 20} | {""count"": 10} | {""count"": 4} | {""count"": 25} | {""count"": 9} | {""count"": 3}",14.71
IMG_240,94,88,1,9,"{""count"": 20} | {""count"": 10} | {""count"": 2} | {""count"": 24} | {""count"": 8} | {""count"": 5} | {""count"": 11} | {""count"": 5} | {""count"": 3}",14.68
IMG_234,212,118,1,9,"{""count"": 38} | {""count"": 14} | {""count"": 8} | {""count"": 0} | {""count"": 12} | {""count"": 3} | {""count"": 30} | {""count"": 10} | {""count"": 3}",14.70
IMG_236,196,114,1,9,"{""count"": 25} | {""count"": 12} | {""count"": 6} | {""count"": 0} | {""count"": 15} | {""count"": 6} | {""count"": 30} | {""count"": 14} | {""count"": 6}",14.71
IMG_23,240,95,1,9,"{""count"": 0} | {""count"": 20} | {""count"": 1} | {""count"": 25} | {""count"": 14} | {""count"": 2} | {""count"": 22} | {""count"": 9} | {""count"": 2}",14.73
IMG_242,177,111,1,9,"{""count"": 12} | {""count"": 8} | {""count"": 2} | {""count"": 30} | {""count"": 10} | {""count"": 5} | {""count"": 30} | {""count"": 9} | {""count"": 5}",14.68
IMG_241,89,101,1,9,"{""count"": 11} | {""count"": 8} | {""count"": 3} | {""count"": 30} | {""count"": 9} | {""count"": 4} | {""count"": 20} | {""count"": 10} | {""count"": 6}",14.70
IMG_235,180,167,1,9,"{""count"": 18} | {""count"": 20} | {""count"": 14} | {""count"": 42} | {""count"": 20} | {""count"": 5} | {""count"": 38} | {""count"": 8} | {""count"": 2}",14.73
IMG_239,166,125,1,9,"{""count"": 28} | {""count"": 12} | {""count"": 3} | {""count"": 30} | {""count"": 10} | {""count"": 3} | {""count"": 25} | {""count"": 12} | {""count"": 2}",14.72
IMG_250,24,44,1,9,"{""count"": 10} | {""count"": 6} | {""count"": 3} | {""count"": 9} | {""count"": 6} | {""count"": 0} | {""count"": 7} | {""count"": 3} | {""count"": 0}",14.68
IMG_243,143,110,1,9,"{""count"": 30} | {""count"": 9} | {""count"": 2} | {""count"": 25} | {""count"": 8} | {""count"": 4} | {""count"": 18} | {""count"": 9} | {""count"": 5}",14.73
IMG_244,105,98,1,9,"{""count"": 25} | {""count"": 7} | {""count"": 5} | {""count"": 25} | {""count"": 3} | {""count"": 2} | {""count"": 25} | {""count"": 6} | {""count"": 0}",14.71
IMG_255,49,50,1,9,"{""count"": 17} | {""count"": 1} | {""count"": 0} | {""count"": 20} | {""count"": 0} | {""count"": 0} | {""count"": 10} | {""count"": 2} | {""count"": 0}",14.68
IMG_253,132,119,1,9,"{""count"": 45} | {""count"": 7} | {""count"": 2} | {""count"": 25} | {""count"": 7} | {""count"": 4} | {""count"": 18} | {""count"": 7} | {""count"": 4}",14.68
IMG_249,107,86,1,9,"{""count"": 15} | {""count"": 9} | {""count"": 5} | {""count"": 20} | {""count"": 12} | {""count"": 6} | {""count"": 0} | {""count"": 14} | {""count"": 5}",14.71
IMG_252,31,56,1,9,"{""count"": 2} | {""count"": 7} | {""count"": 6} | {""count"": 3} | {""count"": 9} | {""count"": 6} | {""count"": 8} | {""count"": 10} | {""count"": 5}",14.70
IMG_245,85,96,1,9,"{""count"": 18} | {""count"": 10} | {""count"": 3} | {""count"": 18} | {""count"": 14} | {""count"": 5} | {""count"": 10} | {""count"": 12} | {""count"": 6}",14.73
IMG_251,274,53,1,9,"{""count"": 0} | {""count"": 9} | {""count"": 5} | {""count"": 0} | {""count"": 9} | {""count"": 5} | {""count"": 15} | {""count"": 8} | {""count"": 2}",14.71
IMG_248,62,84,1,9,"{""count"": 20} | {""count"": 8} | {""count"": 3} | {""count"": 15} | {""count"": 6} | {""count"": 3} | {""count"": 18} | {""count"": 7} | {""count"": 4}",14.71
IMG_247,104,123,1,9,"{""count"": 10} | {""count"": 20} | {""count"": 8} | {""count"": 25} | {""count"": 18} | {""count"": 4} | {""count"": 20} | {""count"": 13} | {""count"": 5}",14.74
IMG_254,91,108,1,9,"{""count"": 25} | {""count"": 9} | {""count"": 3} | {""count"": 25} | {""count"": 8} | {""count"": 2} | {""count"": 25} | {""count"": 7} | {""count"": 4}",14.71
IMG_257,131,116,1,9,"{""count"": 28} | {""count"": 10} | {""count"": 2} | {""count"": 25} | {""count"": 9} | {""count"": 3} | {""count"": 28} | {""count"": 7} | {""count"": 4}",14.70
IMG_256,194,102,1,9,"{""count"": 0} | {""count"": 10} | {""count"": 3} | {""count"": 38} | {""count"": 10} | {""count"": 2} | {""count"": 25} | {""count"": 9} | {""count"": 5}",14.70
IMG_246,376,94,1,9,"{""count"": 25} | {""count"": 25} | {""count"": 7} | {""count"": 0} | {""count"": 18} | {""count"": 5} | {""count"": 0} | {""count"": 10} | {""count"": 4}",14.75
IMG_25,216,126,1,9,"{""count"": 30} | {""count"": 15} | {""count"": 2} | {""count"": 25} | {""count"": 18} | {""count"": 6} | {""count"": 20} | {""count"": 8} | {""count"": 2}",14.74
IMG_265,28,62,1,9,"{""count"": 14} | {""count"": 7} | {""count"": 3} | {""count"": 9} | {""count"": 6} | {""count"": 2} | {""count"": 10} | {""count"": 7} | {""count"": 4}",15.18
IMG_258,55,71,1,9,"{""count"": 18} | {""count"": 7} | {""count"": 4} | {""count"": 18} | {""count"": 7} | {""count"": 1} | {""count"": 14} | {""count"": 1} | {""count"": 1}",15.23
IMG_26,38,64,1,9,"{""count"": 12} | {""count"": 3} | {""count"": 1} | {""count"": 15} | {""count"": 6} | {""count"": 2} | {""count"": 14} | {""count"": 6} | {""count"": 5}",15.22
IMG_266,59,80,1,9,"{""count"": 12} | {""count"": 3} | {""count"": 1} | {""count"": 24} | {""count"": 9} | {""count"": 2} | {""count"": 20} | {""count"": 5} | {""count"": 4}",15.20
IMG_260,53,70,1,9,"{""count"": 15} | {""count"": 8} | {""count"": 3} | {""count"": 12} | {""count"": 8} | {""count"": 5} | {""count"": 10} | {""count"": 5} | {""count"": 4}",15.23
IMG_263,95,97,1,9,"{""count"": 15} | {""count"": 9} | {""count"": 3} | {""count"": 25} | {""count"": 7} | {""count"": 1} | {""count"": 25} | {""count"": 9} | {""count"": 3}",15.22
IMG_27,207,69,1,9,"{""count"": 30} | {""count"": 10} | {""count"": 3} | {""count"": 0} | {""count"": 10} | {""count"": 2} | {""count"": 0} | {""count"": 10} | {""count"": 4}",15.20
IMG_259,87,108,1,9,"{""count"": 30} | {""count"": 8} | {""count"": 2} | {""count"": 30} | {""count"": 7} | {""count"": 4} | {""count"": 18} | {""count"": 7} | {""count"": 2}",15.23
IMG_269,304,123,1,9,"{""count"": 30} | {""count"": 10} | {""count"": 4} | {""count"": 48} | {""count"": 10} | {""count"": 3} | {""count"": 0} | {""count"": 13} | {""count"": 5}",15.20
IMG_268,79,98,1,9,"{""count"": 25} | {""count"": 10} | {""count"": 5} | {""count"": 20} | {""count"": 8} | {""count"": 4} | {""count"": 15} | {""count"": 8} | {""count"": 3}",15.21
IMG_264,36,62,1,9,"{""count"": 12} | {""count"": 5} | {""count"": 4} | {""count"": 11} | {""count"": 5} | {""count"": 3} | {""count"": 14} | {""count"": 6} | {""count"": 2}",15.23
IMG_261,184,113,1,9,"{""count"": 30} | {""count"": 15} | {""count"": 5} | {""count"": 30} | {""count"": 12} | {""count"": 5} | {""count"": 9} | {""count"": 5} | {""count"": 2}",15.24
IMG_267,62,95,1,9,"{""count"": 25} | {""count"": 8} | {""count"": 5} | {""count"": 25} | {""count"": 9} | {""count"": 3} | {""count"": 12} | {""count"": 5} | {""count"": 3}",15.22
IMG_262,137,142,1,9,"{""count"": 20} | {""count"": 17} | {""count"": 7} | {""count"": 38} | {""count"": 18} | {""count"": 3} | {""count"": 24} | {""count"": 15} | {""count"": 0}",15.25
IMG_271,54,58,1,9,"{""count"": 18} | {""count"": 3} | {""count"": 0} | {""count"": 20} | {""count"": 5} | {""count"": 0} | {""count"": 10} | {""count"": 2} | {""count"": 0}",15.22
IMG_270,142,136,1,9,"{""count"": 42} | {""count"": 12} | {""count"": 5} | {""count"": 25} | {""count"": 9} | {""count"": 5} | {""count"": 25} | {""count"": 9} | {""count"": 4}",15.22
IMG_282,24,34,1,9,"{""count"": 5} | {""count"": 6} | {""count"": 4} | {""count"": 7} | {""count"": 3} | {""count"": 4} | {""count"": 5} | {""count"": 0} | {""count"": 0}",14.89
IMG_284,38,55,1,9,"{""count"": 6} | {""count"": 7} | {""count"": 2} | {""count"": 11} | {""count"": 8} | {""count"": 3} | {""count"": 10} | {""count"": 5} | {""count"": 3}",14.89
IMG_275,88,107,1,9,"{""count"": 25} | {""count"": 9} | {""count"": 3} | {""count"": 25} | {""count"": 9} | {""count"": 4} | {""count"": 20} | {""count"": 8} | {""count"": 4}",14.94
IMG_277,67,89,1,9,"{""count"": 15} | {""count"": 10} | {""count"": 5} | {""count"": 25} | {""count"": 8} | {""count"": 0} | {""count"": 18} | {""count"": 6} | {""count"": 2}",14.92
IMG_274,200,128,1,9,"{""count"": 10} | {""count"": 8} | {""count"": 3} | {""count"": 48} | {""count"": 11} | {""count"": 4} | {""count"": 30} | {""count"": 9} | {""count"": 5}",14.94
IMG_278,57,77,1,9,"{""count"": 18} | {""count"": 8} | {""count"": 4} | {""count"": 20} | {""count"": 8} | {""count"": 2} | {""count"": 10} | {""count"": 5} | {""count"": 2}",14.92
IMG_273,61,77,1,9,"{""count"": 12} | {""count"": 8} | {""count"": 3} | {""count"": 14} | {""count"": 5} | {""count"": 5} | {""count"": 20} | {""count"": 7} | {""count"": 3}",14.95
IMG_272,164,106,1,9,"{""count"": 25} | {""count"": 14} | {""count"": 6} | {""count"": 25} | {""count"": 12} | {""count"": 7} | {""count"": 0} | {""count"": 10} | {""count"": 7}",14.97
IMG_276,38,60,1,9,"{""count"": 15} | {""count"": 2} | {""count"": 1} | {""count"": 14} | {""count"": 2} | {""count"": 2} | {""count"": 15} | {""count"": 7} | {""count"": 2}",14.94
IMG_28,61,74,1,9,"{""count"": 20} | {""count"": 8} | {""count"": 1} | {""count"": 25} | {""count"": 7} | {""count"": 1} | {""count"": 10} | {""count"": 2} | {""count"": 0}",14.95
IMG_279,196,146,1,9,"{""count"": 30} | {""count"": 25} | {""count"": 2} | {""count"": 28} | {""count"": 20} | {""count"": 2} | {""count"": 25} | {""count"": 14} | {""count"": 0}",14.95
IMG_286,66,92,1,9,"{""count"": 10} | {""count"": 8} | {""count"": 3} | {""count"": 18} | {""count"": 10} | {""count"": 5} | {""count"": 25} | {""count"": 8} | {""count"": 5}",14.92
IMG_285,54,69,1,9,"{""count"": 20} | {""count"": 2} | {""count"": 0} | {""count"": 14} | {""count"": 6} | {""count"": 4} | {""count"": 14} | {""count"": 6} | {""count"": 3}",14.92
IMG_280,87,109,1,9,"{""count"": 12} | {""count"": 12} | {""count"": 5} | {""count"": 25} | {""count"": 9} | {""count"": 3} | {""count"": 30} | {""count"": 9} | {""count"": 4}",14.95
IMG_281,146,94,1,9,"{""count"": 10} | {""count"": 25} | {""count"": 7} | {""count"": 0} | {""count"": 18} | {""count"": 1} | {""count"": 10} | {""count"": 20} | {""count"": 3}",14.96
IMG_283,226,137,1,9,"{""count"": 30} | {""count"": 5} | {""count"": 2} | {""count"": 30} | {""count"": 9} | {""count"": 5} | {""count"": 38} | {""count"": 13} | {""count"": 5}",14.95
IMG_294,46,70,1,9,"{""count"": 15} | {""count"": 6} | {""count"": 1} | {""count"": 15} | {""count"": 6} | {""count"": 1} | {""count"": 15} | {""count"": 7} | {""count"": 4}",14.74
IMG_289,45,64,1,9,"{""count"": 10} | {""count"": 6} | {""count"": 3} | {""count"": 11} | {""count"": 6} | {""count"": 3} | {""count"": 15} | {""count"": 7} | {""count"": 3}",14.77
IMG_29,92,107,1,9,"{""count"": 25} | {""count"": 12} | {""count"": 5} | {""count"": 25} | {""count"": 8} | {""count"": 5} | {""count"": 18} | {""count"": 5} | {""count"": 4}",14.77
IMG_297,66,81,1,9,"{""count"": 17} | {""count"": 3} | {""count"": 2} | {""count"": 20} | {""count"": 5} | {""count"": 1} | {""count"": 25} | {""count"": 7} | {""count"": 1}",14.74
IMG_30,51,67,1,9,"{""count"": 18} | {""count"": 6} | {""count"": 3} | {""count"": 12} | {""count"": 7} | {""count"": 2} | {""count"": 12} | {""count"": 5} | {""count"": 2}",14.73
IMG_287,89,106,1,9,"{""count"": 25} | {""count"": 10} | {""count"": 5} | {""count"": 24} | {""count"": 13} | {""count"": 5} | {""count"": 15} | {""count"": 7} | {""count"": 2}",14.81
IMG_295,153,125,1,9,"{""count"": 28} | {""count"": 10} | {""count"": 4} | {""count"": 30} | {""count"": 12} | {""count"": 4} | {""count"": 25} | {""count"": 9} | {""count"": 3}",14.76
IMG_292,93,109,1,9,"{""count"": 25} | {""count"": 9} | {""count"": 5} | {""count"": 25} | {""count"": 10} | {""count"": 5} | {""count"": 18} | {""count"": 8} | {""count"": 4}",14.78
IMG_296,28,45,1,9,"{""count"": 10} | {""count"": 3} | {""count"": 2} | {""count"": 12} | {""count"": 3} | {""count"": 2} | {""count"": 8} | {""count"": 3} | {""count"": 2}",14.76
IMG_288,19,49,1,9,"{""count"": 8} | {""count"": 3} | {""count"": 3} | {""count"": 10} | {""count"": 5} | {""count"": 3} | {""count"": 10} | {""count"": 5} | {""count"": 2}",14.79
IMG_291,177,162,1,9,"{""count"": 30} | {""count"": 25} | {""count"": 5} | {""count"": 28} | {""count"": 25} | {""count"": 7} | {""count"": 20} | {""count"": 17} | {""count"": 5}",14.80
IMG_299,98,110,1,9,"{""count"": 25} | {""count"": 9} | {""count"": 7} | {""count"": 30} | {""count"": 9} | {""count"": 4} | {""count"": 15} | {""count"": 8} | {""count"": 3}",14.77
IMG_298,206,101,1,9,"{""count"": 30} | {""count"": 8} | {""count"": 2} | {""count"": 0} | {""count"": 10} | {""count"": 4} | {""count"": 30} | {""count"": 12} | {""count"": 5}",14.77
IMG_290,119,105,1,9,"{""count"": 25} | {""count"": 8} | {""count"": 5} | {""count"": 25} | {""count"": 9} | {""count"": 4} | {""count"": 18} | {""count"": 8} | {""count"": 3}",14.80
IMG_293,327,81,1,9,"{""count"": 30} | {""count"": 13} | {""count"": 5} | {""count"": 0} | {""count"": 10} | {""count"": 5} | {""count"": 0} | {""count"": 13} | {""count"": 5}",14.81
IMG_3,61,65,1,9,"{""count"": 10} | {""count"": 8} | {""count"": 4} | {""count"": 14} | {""count"": 6} | {""count"": 2} | {""count"": 10} | {""count"": 7} | {""count"": 4}",14.77
IMG_312,51,82,1,9,"{""count"": 18} | {""count"": 9} | {""count"": 5} | {""count"": 18} | {""count"": 8} | {""count"": 5} | {""count"": 9} | {""count"": 5} | {""count"": 5}",14.62
IMG_314,51,70,1,9,"{""count"": 7} | {""count"": 3} | {""count"": 0} | {""count"": 19} | {""count"": 6} | {""count"": 4} | {""count"": 18} | {""count"": 8} | {""count"": 5}",14.62
IMG_304,176,76,1,9,"{""count"": 28} | {""count"": 8} | {""count"": 3} | {""count"": 0} | {""count"": 9} | {""count"": 2} | {""count"": 20} | {""count"": 5} | {""count"": 1}",14.67
IMG_302,79,84,1,9,"{""count"": 20} | {""count"": 9} | {""count"": 5} | {""count"": 18} | {""count"": 4} | {""count"": 4} | {""count"": 14} | {""count"": 7} | {""count"": 3}",14.67
IMG_300,196,138,1,9,"{""count"": 45} | {""count"": 8} | {""count"": 2} | {""count"": 45} | {""count"": 9} | {""count"": 2} | {""count"": 20} | {""count"": 5} | {""count"": 2}",14.69
IMG_311,60,68,1,9,"{""count"": 7} | {""count"": 6} | {""count"": 2} | {""count"": 18} | {""count"": 4} | {""count"": 4} | {""count"": 20} | {""count"": 4} | {""count"": 3}",14.66
IMG_31,176,120,1,9,"{""count"": 25} | {""count"": 9} | {""count"": 1} | {""count"": 30} | {""count"": 8} | {""count"": 4} | {""count"": 30} | {""count"": 10} | {""count"": 3}",14.66
IMG_303,68,99,1,9,"{""count"": 18} | {""count"": 12} | {""count"": 6} | {""count"": 20} | {""count"": 12} | {""count"": 7} | {""count"": 15} | {""count"": 7} | {""count"": 2}",14.69
IMG_308,47,64,1,9,"{""count"": 18} | {""count"": 6} | {""count"": 3} | {""count"": 15} | {""count"": 5} | {""count"": 0} | {""count"": 12} | {""count"": 3} | {""count"": 2}",14.67
IMG_307,200,73,1,9,"{""count"": 25} | {""count"": 15} | {""count"": 3} | {""count"": 0} | {""count"": 15} | {""count"": 5} | {""count"": 0} | {""count"": 7} | {""count"": 3}",14.67
IMG_301,33,66,1,9,"{""count"": 13} | {""count"": 5} | {""count"": 3} | {""count"": 13} | {""count"": 9} | {""count"": 4} | {""count"": 10} | {""count"": 6} | {""count"": 3}",14.70
IMG_310,93,97,1,9,"{""count"": 14} | {""count"": 8} | {""count"": 3} | {""count"": 25} | {""count"": 10} | {""count"": 5} | {""count"": 20} | {""count"": 9} | {""count"": 3}",14.67
IMG_309,63,72,1,9,"{""count"": 0} | {""count"": 17} | {""count"": 7} | {""count"": 10} | {""count"": 17} | {""count"": 4} | {""count"": 3} | {""count"": 9} | {""count"": 5}",14.68
IMG_306,230,110,1,9,"{""count"": 30} | {""count"": 14} | {""count"": 5} | {""count"": 30} | {""count"": 9} | {""count"": 5} | {""count"": 0} | {""count"": 10} | {""count"": 7}",14.68
IMG_305,110,97,1,9,"{""count"": 20} | {""count"": 13} | {""count"": 6} | {""count"": 18} | {""count"": 14} | {""count"": 5} | {""count"": 15} | {""count"": 3} | {""count"": 3}",14.70
IMG_313,29,50,1,9,"{""count"": 14} | {""count"": 5} | {""count"": 0} | {""count"": 8} | {""count"": 4} | {""count"": 1} | {""count"": 10} | {""count"": 5} | {""count"": 3}",14.67
IMG_315,54,59,1,9,"{""count"": 15} | {""count"": 3} | {""count"": 1} | {""count"": 13} | {""count"": 5} | {""count"": 2} | {""count"": 14} | {""count"": 4} | {""count"": 2}",14.74
IMG_41,31,56,1,9,"{""count"": 3} | {""count"": 6} | {""count"": 5} | {""count"": 8} | {""count"": 9} | {""count"": 4} | {""count"": 8} | {""count"": 9} | {""count"": 4}",14.71
IMG_38,89,84,1,9,"{""count"": 8} | {""count"": 6} | {""count"": 2} | {""count"": 18} | {""count"": 8} | {""count"": 2} | {""count"": 25} | {""count"": 10} | {""count"": 5}",14.73
IMG_34,41,74,1,9,"{""count"": 10} | {""count"": 8} | {""count"": 5} | {""count"": 18} | {""count"": 10} | {""count"": 3} | {""count"": 10} | {""count"": 7} | {""count"": 3}",14.75
IMG_44,28,49,1,9,"{""count"": 5} | {""count"": 5} | {""count"": 4} | {""count"": 5} | {""count"": 8} | {""count"": 4} | {""count"": 6} | {""count"": 8} | {""count"": 4}",14.70
IMG_37,42,58,1,9,"{""count"": 15} | {""count"": 8} | {""count"": 3} | {""count"": 18} | {""count"": 5} | {""count"": 2} | {""count"": 7} | {""count"": 0} | {""count"": 0}",14.74
IMG_32,44,70,1,9,"{""count"": 15} | {""count"": 5} | {""count"": 1} | {""count"": 10} | {""count"": 5} | {""count"": 3} | {""count"": 20} | {""count"": 7} | {""count"": 4}",14.76
IMG_39,48,76,1,9,"{""count"": 15} | {""count"": 5} | {""count"": 3} | {""count"": 18} | {""count"": 8} | {""count"": 5} | {""count"": 14} | {""count"": 6} | {""count"": 2}",14.74
IMG_42,41,65,1,9,"{""count"": 18} | {""count"": 5} | {""count"": 3} | {""count"": 15} | {""count"": 8} | {""count"": 3} | {""count"": 5} | {""count"": 6} | {""count"": 2}",14.73
IMG_316,429,66,1,9,"{""count"": 0} | {""count"": 15} | {""count"": 7} | {""count"": 0} | {""count"": 15} | {""count"": 8} | {""count"": 0} | {""count"": 14} | {""count"": 7}",14.76
IMG_35,166,125,1,9,"{""count"": 18} | {""count"": 14} | {""count"": 5} | {""count"": 30} | {""count"": 12} | {""count"": 4} | {""count"": 28} | {""count"": 9} | {""count"": 5}",14.76
IMG_43,106,111,1,9,"{""count"": 15} | {""count"": 10} | {""count"": 3} | {""count"": 25} | {""count"": 10} | {""count"": 5} | {""count"": 30} | {""count"": 8} | {""count"": 5}",14.73
IMG_4,95,105,1,9,"{""count"": 30} | {""count"": 9} | {""count"": 2} | {""count"": 25} | {""count"": 8} | {""count"": 5} | {""count"": 15} | {""count"": 7} | {""count"": 4}",14.74
IMG_33,198,108,1,9,"{""count"": 20} | {""count"": 10} | {""count"": 5} | {""count"": 38} | {""count"": 12} | {""count"": 5} | {""count"": 10} | {""count"": 6} | {""count"": 2}",14.77
IMG_40,331,108,1,9,"{""count"": 25} | {""count"": 10} | {""count"": 4} | {""count"": 42} | {""count"": 10} | {""count"": 3} | {""count"": 10} | {""count"": 4} | {""count"": 0}",14.76
IMG_36,156,104,1,9,"{""count"": 0} | {""count"": 10} | {""count"": 14} | {""count"": 0} | {""count"": 30} | {""count"": 13} | {""count"": 0} | {""count"": 25} | {""count"": 12}",14.79
IMG_47,72,88,1,9,"{""count"": 25} | {""count"": 6} | {""count"": 2} | {""count"": 25} | {""count"": 5} | {""count"": 3} | {""count"": 15} | {""count"": 5} | {""count"": 2}",14.76
IMG_55,195,57,1,9,"{""count"": 0} | {""count"": 7} | {""count"": 0} | {""count"": 25} | {""count"": 6} | {""count"": 2} | {""count"": 15} | {""count"": 0} | {""count"": 2}",14.75
IMG_59,48,83,1,9,"{""count"": 25} | {""count"": 7} | {""count"": 4} | {""count"": 18} | {""count"": 8} | {""count"": 3} | {""count"": 7} | {""count"": 7} | {""count"": 4}",14.72
IMG_48,84,79,1,9,"{""count"": 15} | {""count"": 1} | {""count"": 1} | {""count"": 25} | {""count"": 6} | {""count"": 3} | {""count"": 20} | {""count"": 5} | {""count"": 3}",14.78
IMG_52,26,40,1,9,"{""count"": 7} | {""count"": 5} | {""count"": 1} | {""count"": 12} | {""count"": 4} | {""count"": 0} | {""count"": 10} | {""count"": 1} | {""count"": 0}",14.76
IMG_58,96,99,1,9,"{""count"": 30} | {""count"": 6} | {""count"": 4} | {""count"": 25} | {""count"": 6} | {""count"": 3} | {""count"": 20} | {""count"": 5} | {""count"": 0}",14.74
IMG_50,265,75,1,9,"{""count"": 20} | {""count"": 18} | {""count"": 5} | {""count"": 0} | {""count"": 14} | {""count"": 4} | {""count"": 0} | {""count"": 10} | {""count"": 4}",14.77
IMG_45,158,108,1,9,"{""count"": 30} | {""count"": 8} | {""count"": 3} | {""count"": 30} | {""count"": 10} | {""count"": 5} | {""count"": 15} | {""count"": 5} | {""count"": 2}",14.81
IMG_53,48,67,1,9,"{""count"": 18} | {""count"": 5} | {""count"": 2} | {""count"": 20} | {""count"": 4} | {""count"": 0} | {""count"": 14} | {""count"": 3} | {""count"": 1}",14.77
IMG_49,35,53,1,9,"{""count"": 0} | {""count"": 5} | {""count"": 6} | {""count"": 3} | {""count"": 9} | {""count"": 7} | {""count"": 4} | {""count"": 12} | {""count"": 7}",14.79
IMG_5,82,89,1,9,"{""count"": 15} | {""count"": 5} | {""count"": 2} | {""count"": 30} | {""count"": 8} | {""count"": 1} | {""count"": 18} | {""count"": 8} | {""count"": 2}",14.79
IMG_54,60,76,1,9,"{""count"": 20} | {""count"": 8} | {""count"": 3} | {""count"": 14} | {""count"": 4} | {""count"": 2} | {""count"": 14} | {""count"": 5} | {""count"": 6}",14.78
IMG_56,79,66,1,9,"{""count"": 10} | {""count"": 5} | {""count"": 1} | {""count"": 10} | {""count"": 7} | {""count"": 3} | {""count"": 18} | {""count"": 8} | {""count"": 4}",14.78
IMG_57,79,97,1,9,"{""count"": 8} | {""count"": 10} | {""count"": 4} | {""count"": 18} | {""count"": 12} | {""count"": 6} | {""count"": 25} | {""count"": 10} | {""count"": 4}",14.78
IMG_51,190,193,1,9,"{""count"": 48} | {""count"": 30} | {""count"": 5} | {""count"": 58} | {""count"": 15} | {""count"": 3} | {""count"": 25} | {""count"": 5} | {""count"": 4}",14.79
IMG_46,90,96,1,9,"{""count"": 14} | {""count"": 10} | {""count"": 6} | {""count"": 20} | {""count"": 12} | {""count"": 7} | {""count"": 15} | {""count"": 8} | {""count"": 4}",14.81
IMG_63,60,76,1,9,"{""count"": 4} | {""count"": 8} | {""count"": 5} | {""count"": 10} | {""count"": 8} | {""count"": 5} | {""count"": 25} | {""count"": 8} | {""count"": 3}",14.71
IMG_62,174,124,1,9,"{""count"": 30} | {""count"": 9} | {""count"": 6} | {""count"": 30} | {""count"": 9} | {""count"": 3} | {""count"": 30} | {""count"": 7} | {""count"": 0}",14.74
IMG_7,47,64,1,9,"{""count"": 10} | {""count"": 6} | {""count"": 3} | {""count"": 14} | {""count"": 5} | {""count"": 3} | {""count"": 14} | {""count"": 6} | {""count"": 3}",14.71
IMG_60,34,52,1,9,"{""count"": 9} | {""count"": 3} | {""count"": 3} | {""count"": 9} | {""count"": 3} | {""count"": 1} | {""count"": 14} | {""count"": 6} | {""count"": 4}",14.74
IMG_6,195,147,1,9,"{""count"": 30} | {""count"": 10} | {""count"": 4} | {""count"": 45} | {""count"": 9} | {""count"": 4} | {""count"": 30} | {""count"": 10} | {""count"": 5}",14.76
IMG_68,59,78,1,9,"{""count"": 20} | {""count"": 8} | {""count"": 5} | {""count"": 18} | {""count"": 7} | {""count"": 2} | {""count"": 12} | {""count"": 3} | {""count"": 3}",14.73
IMG_61,412,51,1,9,"{""count"": 0} | {""count"": 15} | {""count"": 7} | {""count"": 0} | {""count"": 12} | {""count"": 5} | {""count"": 0} | {""count"": 9} | {""count"": 3}",14.74
IMG_66,176,100,1,9,"{""count"": 25} | {""count"": 5} | {""count"": 1} | {""count"": 30} | {""count"": 3} | {""count"": 2} | {""count"": 30} | {""count"": 3} | {""count"": 1}",14.74
IMG_65,236,100,1,9,"{""count"": 30} | {""count"": 9} | {""count"": 3} | {""count"": 30} | {""count"": 9} | {""count"": 5} | {""count"": 0} | {""count"": 10} | {""count"": 4}",14.74
IMG_70,48,61,1,9,"{""count"": 15} | {""count"": 4} | {""count"": 2} | {""count"": 15} | {""count"": 3} | {""count"": 2} | {""count"": 15} | {""count"": 4} | {""count"": 1}",14.72
IMG_71,191,164,1,9,"{""count"": 30} | {""count"": 14} | {""count"": 4} | {""count"": 38} | {""count"": 15} | {""count"": 6} | {""count"": 42} | {""count"": 10} | {""count"": 5}",14.73
IMG_72,54,72,1,9,"{""count"": 14} | {""count"": 5} | {""count"": 2} | {""count"": 20} | {""count"": 7} | {""count"": 2} | {""count"": 14} | {""count"": 5} | {""count"": 3}",14.73
IMG_64,50,76,1,9,"{""count"": 14} | {""count"": 9} | {""count"": 4} | {""count"": 15} | {""count"": 8} | {""count"": 3} | {""count"": 15} | {""count"": 5} | {""count"": 3}",14.76
IMG_73,91,98,1,9,"{""count"": 20} | {""count"": 8} | {""count"": 3} | {""count"": 25} | {""count"": 10} | {""count"": 5} | {""count"": 15} | {""count"": 7} | {""count"": 5}",14.74
IMG_67,108,107,1,9,"{""count"": 13} | {""count"": 16} | {""count"": 2} | {""count"": 15} | {""count"": 13} | {""count"": 3} | {""count"": 30} | {""count"": 13} | {""count"": 2}",14.76
IMG_69,94,95,1,9,"{""count"": 20} | {""count"": 8} | {""count"": 4} | {""count"": 25} | {""count"": 8} | {""count"": 1} | {""count"": 20} | {""count"": 7} | {""count"": 2}",14.74
IMG_75,539,36,1,9,"{""count"": 0} | {""count"": 10} | {""count"": 4} | {""count"": 0} | {""count"": 6} | {""count"": 5} | {""count"": 0} | {""count"": 9} | {""count"": 2}",14.61
IMG_84,54,70,1,9,"{""count"": 17} | {""count"": 8} | {""count"": 1} | {""count"": 15} | {""count"": 5} | {""count"": 4} | {""count"": 13} | {""count"": 5} | {""count"": 2}",14.60
IMG_74,261,52,1,9,"{""count"": 0} | {""count"": 5} | {""count"": 4} | {""count"": 0} | {""count"": 8} | {""count"": 5} | {""count"": 25} | {""count"": 3} | {""count"": 2}",14.64
IMG_80,470,80,1,9,"{""count"": 42} | {""count"": 14} | {""count"": 3} | {""count"": 0} | {""count"": 10} | {""count"": 2} | {""count"": 0} | {""count"": 7} | {""count"": 2}",14.61
IMG_77,213,109,1,9,"{""count"": 0} | {""count"": 20} | {""count"": 5} | {""count"": 30} | {""count"": 13} | {""count"": 2} | {""count"": 25} | {""count"": 10} | {""count"": 4}",14.62
IMG_82,44,67,1,9,"{""count"": 12} | {""count"": 7} | {""count"": 5} | {""count"": 15} | {""count"": 8} | {""count"": 4} | {""count"": 10} | {""count"": 4} | {""count"": 2}",14.62
IMG_78,282,122,1,9,"{""count"": 30} | {""count"": 10} | {""count"": 2} | {""count"": 30} | {""count"": 10} | {""count"": 3} | {""count"": 30} | {""count"": 5} | {""count"": 2}",14.64
IMG_87,54,81,1,9,"{""count"": 9} | {""count"": 10} | {""count"": 6} | {""count"": 14} | {""count"": 10} | {""count"": 5} | {""count"": 18} | {""count"": 7} | {""count"": 2}",14.61
IMG_79,90,91,1,9,"{""count"": 25} | {""count"": 10} | {""count"": 2} | {""count"": 25} | {""count"": 8} | {""count"": 2} | {""count"": 12} | {""count"": 5} | {""count"": 2}",14.64
IMG_85,59,76,1,9,"{""count"": 5} | {""count"": 6} | {""count"": 4} | {""count"": 20} | {""count"": 6} | {""count"": 1} | {""count"": 28} | {""count"": 6} | {""count"": 0}",14.62
IMG_76,123,88,1,9,"{""count"": 25} | {""count"": 5} | {""count"": 4} | {""count"": 20} | {""count"": 2} | {""count"": 1} | {""count"": 25} | {""count"": 5} | {""count"": 1}",14.65
IMG_83,57,61,1,9,"{""count"": 16} | {""count"": 5} | {""count"": 2} | {""count"": 20} | {""count"": 2} | {""count"": 1} | {""count"": 10} | {""count"": 3} | {""count"": 2}",14.63
IMG_8,62,70,1,9,"{""count"": 15} | {""count"": 9} | {""count"": 4} | {""count"": 6} | {""count"": 6} | {""count"": 4} | {""count"": 18} | {""count"": 5} | {""count"": 3}",14.65
IMG_81,129,120,1,9,"{""count"": 18} | {""count"": 20} | {""count"": 6} | {""count"": 20} | {""count"": 18} | {""count"": 2} | {""count"": 20} | {""count"": 15} | {""count"": 1}",14.64
IMG_86,54,73,1,9,"{""count"": 15} | {""count"": 7} | {""count"": 3} | {""count"": 18} | {""count"": 8} | {""count"": 2} | {""count"": 10} | {""count"": 7} | {""count"": 3}",14.64
IMG_88,163,100,1,9,"{""count"": 0} | {""count"": 25} | {""count"": 7} | {""count"": 10} | {""count"": 25} | {""count"": 3} | {""count"": 14} | {""count"": 14} | {""count"": 2}",14.64
IMG_89,23,38,1,9,"{""count"": 13} | {""count"": 7} | {""count"": 4} | {""count"": 9} | {""count"": 3} | {""count"": 2} | {""count"": 0} | {""count"": 0} | {""count"": 0}",11.26
IMG_91,92,91,1,9,"{""count"": 18} | {""count"": 6} | {""count"": 3} | {""count"": 25} | {""count"": 8} | {""count"": 2} | {""count"": 15} | {""count"": 10} | {""count"": 4}",11.26
IMG_94,52,69,1,9,"{""count"": 18} | {""count"": 5} | {""count"": 0} | {""count"": 15} | {""count"": 7} | {""count"": 1} | {""count"": 14} | {""count"": 6} | {""count"": 3}",11.25
IMG_9,36,62,1,9,"{""count"": 13} | {""count"": 5} | {""count"": 3} | {""count"": 12} | {""count"": 6} | {""count"": 1} | {""count"": 14} | {""count"": 6} | {""count"": 2}",11.27
IMG_92,63,80,1,9,"{""count"": 10} | {""count"": 7} | {""count"": 5} | {""count"": 18} | {""count"": 8} | {""count"": 3} | {""count"": 18} | {""count"": 8} | {""count"": 3}",11.27
IMG_98,249,39,1,9,"{""count"": 0} | {""count"": 10} | {""count"": 5} | {""count"": 0} | {""count"": 9} | {""count"": 4} | {""count"": 0} | {""count"": 8} | {""count"": 3}",11.24
IMG_95,48,78,1,9,"{""count"": 15} | {""count"": 9} | {""count"": 4} | {""count"": 14} | {""count"": 9} | {""count"": 6} | {""count"": 14} | {""count"": 5} | {""count"": 2}",11.26
IMG_93,217,129,1,9,"{""count"": 30} | {""count"": 7} | {""count"": 4} | {""count"": 30} | {""count"": 9} | {""count"": 5} | {""count"": 30} | {""count"": 10} | {""count"": 4}",11.26
IMG_97,107,83,1,9,"{""count"": 9} | {""count"": 8} | {""count"": 2} | {""count"": 14} | {""count"": 10} | {""count"": 4} | {""count"": 25} | {""count"": 9} | {""count"": 2}",11.26
IMG_96,211,68,1,9,"{""count"": 0} | {""count"": 8} | {""count"": 3} | {""count"": 10} | {""count"": 6} | {""count"": 3} | {""count"": 30} | {""count"": 7} | {""count"": 1}",11.26
IMG_99,113,139,1,9,"{""count"": 10} | {""count"": 18} | {""count"": 6} | {""count"": 25} | {""count"": 25} | {""count"": 5} | {""count"": 28} | {""count"": 20} | {""count"": 2}",11.26
IMG_90,195,149,1,9,"{""count"": 48} | {""count"": 14} | {""count"": 3} | {""count"": 38} | {""count"": 12} | {""count"": 2} | {""count"": 20} | {""count"": 9} | {""count"": 3}",11.29
IMG_111,20,39,1,9,"{""count"": 3} | {""count"": 3} | {""count"": 2} | {""count"": 7} | {""count"": 6} | {""count"": 1} | {""count"": 7} | {""count"": 7} | {""count"": 3}",14.72,0
IMG_107,476,42,1,9,"{""count"": 0} | {""count"": 9} | {""count"": 4} | {""count"": 0} | {""count"": 10} | {""count"": 4} | {""count"": 0} | {""count"": 10} | {""count"": 5}",14.74,0
IMG_103,57,85,1,9,"{""count"": 10} | {""count"": 8} | {""count"": 5} | {""count"": 12} | {""count"": 8} | {""count"": 5} | {""count"": 25} | {""count"": 7} | {""count"": 5}",14.74,0
IMG_1,23,42,1,9,"{""count"": 4} | {""count"": 3} | {""count"": 1} | {""count"": 9} | {""count"": 5} | {""count"": 2} | {""count"": 12} | {""count"": 5} | {""count"": 1}",14.75,0
IMG_104,44,64,1,9,"{""count"": 15} | {""count"": 4} | {""count"": 1} | {""count"": 20} | {""count"": 4} | {""count"": 1} | {""count"": 13} | {""count"": 3} | {""count"": 3}",14.74,0
IMG_112,131,113,1,9,"{""count"": 25} | {""count"": 8} | {""count"": 3} | {""count"": 30} | {""count"": 9} | {""count"": 3} | {""count"": 25} | {""count"": 7} | {""count"": 3}",14.75,0
IMG_100,157,90,1,9,"{""count"": 20} | {""count"": 6} | {""count"": 2} | {""count"": 0} | {""count"": 14} | {""count"": 3} | {""count"": 25} | {""count"": 15} | {""count"": 5}",14.76,0
IMG_101,37,64,1,9,"{""count"": 14} | {""count"": 6} | {""count"": 2} | {""count"": 15} | {""count"": 6} | {""count"": 3} | {""count"": 13} | {""count"": 2} | {""count"": 3}",14.76,0
IMG_109,316,112,1,9,"{""count"": 14} | {""count"": 8} | {""count"": 2} | {""count"": 30} | {""count"": 10} | {""count"": 2} | {""count"": 30} | {""count"": 12} | {""count"": 4}",14.75,0
IMG_102,70,94,1,9,"{""count"": 20} | {""count"": 9} | {""count"": 4} | {""count"": 20} | {""count"": 10} | {""count"": 5} | {""count"": 15} | {""count"": 7} | {""count"": 4}",14.76,0
IMG_11,164,136,1,9,"{""count"": 25} | {""count"": 7} | {""count"": 5} | {""count"": 30} | {""count"": 8} | {""count"": 4} | {""count"": 45} | {""count"": 9} | {""count"": 3}",14.77,0
IMG_106,165,98,1,9,"{""count"": 30} | {""count"": 12} | {""count"": 5} | {""count"": 0} | {""count"": 13} | {""count"": 4} | {""count"": 25} | {""count"": 8} | {""count"": 1}",14.77,0
IMG_110,110,113,1,9,"{""count"": 30} | {""count"": 10} | {""count"": 5} | {""count"": 30} | {""count"": 9} | {""count"": 3} | {""count"": 18} | {""count"": 7} | {""count"": 1}",14.77,0
IMG_108,139,124,1,9,"{""count"": 30} | {""count"": 9} | {""count"": 2} | {""count"": 30} | {""count"": 8} | {""count"": 1} | {""count"": 30} | {""count"": 10} | {""count"": 4}",14.77,0
IMG_105,227,148,1,9,"{""count"": 45} | {""count"": 9} | {""count"": 6} | {""count"": 45} | {""count"": 9} | {""count"": 3} | {""count"": 25} | {""count"": 5} | {""count"": 1}",14.79,0
IMG_10,181,129,1,9,"{""count"": 30} | {""count"": 8} | {""count"": 4} | {""count"": 30} | {""count"": 9} | {""count"": 5} | {""count"": 28} | {""count"": 10} | {""count"": 5}",14.79,0
IMG_118,143,45,1,9,"{""count"": 0} | {""count"": 8} | {""count"": 2} | {""count"": 0} | {""count"": 8} | {""count"": 2} | {""count"": 15} | {""count"": 8} | {""count"": 2}",14.65,0
IMG_114,183,109,1,9,"{""count"": 42} | {""count"": 14} | {""count"": 6} | {""count"": 0} | {""count"": 13} | {""count"": 4} | {""count"": 20} | {""count"": 9} | {""count"": 1}",14.68,0
IMG_113,48,79,1,9,"{""count"": 17} | {""count"": 8} | {""count"": 3} | {""count"": 20} | {""count"": 8} | {""count"": 3} | {""count"": 12} | {""count"": 6} | {""count"": 2}",14.70,0
IMG_12,513,61,1,9,"{""count"": 0} | {""count"": 15} | {""count"": 4} | {""count"": 0} | {""count"": 8} | {""count"": 1} | {""count"": 25} | {""count"": 7} | {""count"": 1}",14.67,0
IMG_120,70,81,1,9,"{""count"": 30} | {""count"": 7} | {""count"": 2} | {""count"": 25} | {""count"": 7} | {""count"": 3} | {""count"": 4} | {""count"": 1} | {""count"": 2}",14.67,0
IMG_115,101,65,1,9,"{""count"": 0} | {""count"": 14} | {""count"": 5} | {""count"": 0} | {""count"": 25} | {""count"": 4} | {""count"": 0} | {""count"": 10} | {""count"": 7}",14.70,0
IMG_122,51,67,1,9,"{""count"": 18} | {""count"": 7} | {""count"": 2} | {""count"": 18} | {""count"": 7} | {""count"": 1} | {""count"": 10} | {""count"": 4} | {""count"": 0}",14.67,0
IMG_123,55,69,1,9,"{""count"": 8} | {""count"": 8} | {""count"": 0} | {""count"": 13} | {""count"": 10} | {""count"": 4} | {""count"": 15} | {""count"": 6} | {""count"": 5}",14.67,0
IMG_121,175,101,1,9,"{""count"": 30} | {""count"": 8} | {""count"": 3} | {""count"": 30} | {""count"": 7} | {""count"": 3} | {""count"": 18} | {""count"": 1} | {""count"": 1}",14.69,0
IMG_117,40,52,1,9,"{""count"": 1} | {""count"": 0} | {""count"": 0} | {""count"": 12} | {""count"": 4} | {""count"": 1} | {""count"": 20} | {""count"": 9} | {""count"": 5}",14.70,0
IMG_125,72,90,1,9,"{""count"": 15} | {""count"": 7} | {""count"": 3} | {""count"": 25} | {""count"": 8} | {""count"": 3} | {""count"": 14} | {""count"": 9} | {""count"": 6}",14.68,0
IMG_116,204,139,1,9,"{""count"": 28} | {""count"": 12} | {""count"": 5} | {""count"": 30} | {""count"": 14} | {""count"": 5} | {""count"": 30} | {""count"": 10} | {""count"": 5}",14.71,0
IMG_124,67,73,1,9,"{""count"": 18} | {""count"": 5} | {""count"": 1} | {""count"": 18} | {""count"": 4} | {""count"": 1} | {""count"": 18} | {""count"": 6} | {""count"": 2}",14.69,0
IMG_126,56,74,1,9,"{""count"": 20} | {""count"": 8} | {""count"": 0} | {""count"": 18} | {""count"": 8} | {""count"": 0} | {""count"": 14} | {""count"": 5} | {""count"": 1}",14.67,0
IMG_127,165,126,1,9,"{""count"": 15} | {""count"": 25} | {""count"": 6} | {""count"": 10} | {""count"": 25} | {""count"": 7} | {""count"": 15} | {""count"": 17} | {""count"": 6}",14.68,0
IMG_119,146,128,1,9,"{""count"": 10} | {""count"": 11} | {""count"": 5} | {""count"": 30} | {""count"": 19} | {""count"": 4} | {""count"": 25} | {""count"": 20} | {""count"": 4}",14.72,0
IMG_129,149,79,1,9,"{""count"": 0} | {""count"": 8} | {""count"": 5} | {""count"": 30} | {""count"": 7} | {""count"": 4} | {""count"": 15} | {""count"": 7} | {""count"": 3}",14.59,0
IMG_140,70,77,1,9,"{""count"": 30} | {""count"": 7} | {""count"": 3} | {""count"": 14} | {""count"": 6} | {""count"": 1} | {""count"": 9} | {""count"": 5} | {""count"": 2}",14.57,0
IMG_130,80,92,1,9,"{""count"": 25} | {""count"": 8} | {""count"": 1} | {""count"": 25} | {""count"": 8} | {""count"": 1} | {""count"": 18} | {""count"": 5} | {""count"": 1}",14.61,0
IMG_132,162,86,1,9,"{""count"": 10} | {""count"": 0} | {""count"": 0} | {""count"": 30} | {""count"": 6} | {""count"": 2} | {""count"": 25} | {""count"": 9} | {""count"": 4}",14.60,0
IMG_14,29,52,1,9,"{""count"": 6} | {""count"": 6} | {""count"": 3} | {""count"": 12} | {""count"": 8} | {""count"": 5} | {""count"": 5} | {""count"": 5} | {""count"": 2}",14.59,0
IMG_141,35,62,1,9,"{""count"": 15} | {""count"": 6} | {""count"": 2} | {""count"": 10} | {""count"": 6} | {""count"": 4} | {""count"": 10} | {""count"": 6} | {""count"": 3}",14.58,0
IMG_128,32,55,1,9,"{""count"": 10} | {""count"": 3} | {""count"": 1} | {""count"": 14} | {""count"": 5} | {""count"": 2} | {""count"": 14} | {""count"": 5} | {""count"": 1}",14.65,0
IMG_138,133,96,1,9,"{""count"": 30} | {""count"": 5} | {""count"": 0} | {""count"": 28} | {""count"": 3} | {""count"": 0} | {""count"": 20} | {""count"": 7} | {""count"": 3}",14.60,0
IMG_133,137,115,1,9,"{""count"": 30} | {""count"": 8} | {""count"": 4} | {""count"": 30} | {""count"": 9} | {""count"": 3} | {""count"": 18} | {""count"": 9} | {""count"": 4}",14.61,0
IMG_135,72,95,1,9,"{""count"": 20} | {""count"": 10} | {""count"": 5} | {""count"": 20} | {""count"": 9} | {""count"": 6} | {""count"": 14} | {""count"": 7} | {""count"": 4}",14.61,0
IMG_134,120,125,1,9,"{""count"": 30} | {""count"": 14} | {""count"": 7} | {""count"": 30} | {""count"": 10} | {""count"": 7} | {""count"": 18} | {""count"": 6} | {""count"": 3}",14.62,0
IMG_137,198,134,1,9,"{""count"": 30} | {""count"": 15} | {""count"": 4} | {""count"": 30} | {""count"": 12} | {""count"": 2} | {""count"": 30} | {""count"": 8} | {""count"": 3}",14.61,0
IMG_139,147,109,1,9,"{""count"": 20} | {""count"": 4} | {""count"": 2} | {""count"": 30} | {""count"": 6} | {""count"": 4} | {""count"": 30} | {""count"": 9} | {""count"": 4}",14.61,0
IMG_13,48,77,1,9,"{""count"": 25} | {""count"": 8} | {""count"": 0} | {""count"": 13} | {""count"": 10} | {""count"": 2} | {""count"": 10} | {""count"": 7} | {""count"": 2}",14.64,0
IMG_136,122,115,1,9,"{""count"": 25} | {""count"": 10} | {""count"": 6} | {""count"": 25} | {""count"": 8} | {""count"": 5} | {""count"": 25} | {""count"": 7} | {""count"": 4}",14.64,0
IMG_131,117,132,1,9,"{""count"": 1} | {""count"": 25} | {""count"": 9} | {""count"": 14} | {""count"": 25} | {""count"": 8} | {""count"": 25} | {""count"": 20} | {""count"": 5}",14.66,0
IMG_145,67,94,1,9,"{""count"": 20} | {""count"": 8} | {""count"": 4} | {""count"": 20} | {""count"": 9} | {""count"": 5} | {""count"": 18} | {""count"": 7} | {""count"": 3}",14.73,0
IMG_153,297,56,1,9,"{""count"": 0} | {""count"": 10} | {""count"": 3} | {""count"": 0} | {""count"": 8} | {""count"": 3} | {""count"": 25} | {""count"": 6} | {""count"": 1}",14.72,0
IMG_146,61,90,1,9,"{""count"": 25} | {""count"": 8} | {""count"": 2} | {""count"": 20} | {""count"": 8} | {""count"": 2} | {""count"": 15} | {""count"": 8} | {""count"": 2}",14.75,0
IMG_142,24,49,1,9,"{""count"": 10} | {""count"": 2} | {""count"": 1} | {""count"": 10} | {""count"": 4} | {""count"": 3} | {""count"": 12} | {""count"": 5} | {""count"": 2}",14.77,0
IMG_143,251,81,1,9,"{""count"": 0} | {""count"": 15} | {""count"": 5} | {""count"": 0} | {""count"": 14} | {""count"": 6} | {""count"": 30} | {""count"": 8} | {""count"": 3}",14.75,0
IMG_151,47,69,1,9,"{""count"": 18} | {""count"": 6} | {""count"": 2} | {""count"": 17} | {""count"": 7} | {""count"": 4} | {""count"": 9} | {""count"": 4} | {""count"": 2}",14.72,0
IMG_147,248,110,1,9,"{""count"": 45} | {""count"": 8} | {""count"": 3} | {""count"": 30} | {""count"": 8} | {""count"": 3} | {""count"": 0} | {""count"": 10} | {""count"": 3}",14.75,0
IMG_150,121,112,1,9,"{""count"": 30} | {""count"": 9} | {""count"": 4} | {""count"": 30} | {""count"": 9} | {""count"": 5} | {""count"": 15} | {""count"": 8} | {""count"": 2}",14.74,0
IMG_154,465,65,1,9,"{""count"": 30} | {""count"": 6} | {""count"": 4} | {""count"": 0} | {""count"": 7} | {""count"": 3} | {""count"": 0} | {""count"": 10} | {""count"": 5}",14.74,0
IMG_156,43,72,1,9,"{""count"": 15} | {""count"": 6} | {""count"": 3} | {""count"": 14} | {""count"": 7} | {""count"": 3} | {""count"": 14} | {""count"": 7} | {""count"": 3}",14.72,0
IMG_144,59,75,1,9,"{""count"": 10} | {""count"": 8} | {""count"": 4} | {""count"": 15} | {""count"": 6} | {""count"": 4} | {""count"": 17} | {""count"": 7} | {""count"": 4}",14.78,0
IMG_149,147,90,1,9,"{""count"": 0} | {""count"": 4} | {""count"": 10} | {""count"": 0} | {""count"": 30} | {""count"": 9} | {""count"": 0} | {""count"": 30} | {""count"": 7}",14.76,0
IMG_15,57,68,1,9,"{""count"": 25} | {""count"": 5} | {""count"": 2} | {""count"": 14} | {""count"": 4} | {""count"": 1} | {""count"": 13} | {""count"": 4} | {""count"": 0}",14.76,0
IMG_152,505,73,1,9,"{""count"": 0} | {""count"": 15} | {""count"": 3} | {""count"": 0} | {""count"": 12} | {""count"": 3} | {""count"": 30} | {""count"": 8} | {""count"": 2}",14.75,0
IMG_148,252,118,1,9,"{""count"": 0} | {""count"": 12} | {""count"": 4} | {""count"": 45} | {""count"": 12} | {""count"": 4} | {""count"": 30} | {""count"": 8} | {""count"": 3}",14.77,0
IMG_155,167,103,1,9,"{""count"": 6} | {""count"": 25} | {""count"": 5} | {""count"": 0} | {""count"": 25} | {""count"": 3} | {""count"": 15} | {""count"": 20} | {""count"": 4}",14.75,0
IMG_157,46,55,1,9,"{""count"": 14} | {""count"": 7} | {""count"": 2} | {""count"": 10} | {""count"": 5} | {""count"": 2} | {""count"": 8} | {""count"": 5} | {""count"": 2}",14.61,0
IMG_158,91,96,1,9,"{""count"": 25} | {""count"": 9} | {""count"": 4} | {""count"": 25} | {""count"": 6} | {""count"": 2} | {""count"": 18} | {""count"": 6} | {""count"": 1}",14.61,0
IMG_162,54,82,1,9,"{""count"": 10} | {""count"": 8} | {""count"": 5} | {""count"": 14} | {""count"": 10} | {""count"": 6} | {""count"": 18} | {""count"": 9} | {""count"": 2}",14.60,0
IMG_16,92,89,1,9,"{""count"": 25} | {""count"": 4} | {""count"": 3} | {""count"": 20} | {""count"": 8} | {""count"": 4} | {""count"": 20} | {""count"": 5} | {""count"": 0}",14.61,0
IMG_160,117,105,1,9,"{""count"": 30} | {""count"": 9} | {""count"": 5} | {""count"": 25} | {""count"": 9} | {""count"": 5} | {""count"": 12} | {""count"": 6} | {""count"": 4}",14.61,0
IMG_17,71,82,1,9,"{""count"": 25} | {""count"": 10} | {""count"": 3} | {""count"": 20} | {""count"": 6} | {""count"": 3} | {""count"": 14} | {""count"": 1} | {""count"": 0}",14.59,0
IMG_169,127,122,1,9,"{""count"": 45} | {""count"": 8} | {""count"": 3} | {""count"": 30} | {""count"": 9} | {""count"": 5} | {""count"": 15} | {""count"": 5} | {""count"": 2}",14.59,0
IMG_165,60,86,1,9,"{""count"": 20} | {""count"": 8} | {""count"": 5} | {""count"": 20} | {""count"": 7} | {""count"": 5} | {""count"": 12} | {""count"": 6} | {""count"": 3}",14.61,0
IMG_159,263,116,1,9,"{""count"": 30} | {""count"": 9} | {""count"": 0} | {""count"": 42} | {""count"": 13} | {""count"": 4} | {""count"": 0} | {""count"": 12} | {""count"": 6}",14.62,0
IMG_161,48,72,1,9,"{""count"": 18} | {""count"": 6} | {""count"": 2} | {""count"": 14} | {""count"": 7} | {""count"": 0} | {""count"": 14} | {""count"": 7} | {""count"": 4}",14.62,0
IMG_168,57,72,1,9,"{""count"": 20} | {""count"": 5} | {""count"": 3} | {""count"": 15} | {""count"": 7} | {""count"": 2} | {""count"": 13} | {""count"": 5} | {""count"": 2}",14.61,0
IMG_164,122,109,1,9,"{""count"": 30} | {""count"": 6} | {""count"": 1} | {""count"": 28} | {""count"": 10} | {""count"": 4} | {""count"": 17} | {""count"": 10} | {""count"": 3}",14.63,0
IMG_163,73,88,1,9,"{""count"": 18} | {""count"": 5} | {""count"": 3} | {""count"": 28} | {""count"": 7} | {""count"": 5} | {""count"": 15} | {""count"": 5} | {""count"": 2}",14.63,0
IMG_166,170,132,1,9,"{""count"": 25} | {""count"": 7} | {""count"": 3} | {""count"": 45} | {""count"": 9} | {""count"": 2} | {""count"": 30} | {""count"": 8} | {""count"": 3}",14.61,0
IMG_167,167,85,1,9,"{""count"": 17} | {""count"": 6} | {""count"": 1} | {""count"": 25} | {""count"": 5} | {""count"": 3} | {""count"": 25} | {""count"": 2} | {""count"": 1}",14.63,0
IMG_170,298,56,1,9,"{""count"": 0} | {""count"": 15} | {""count"": 6} | {""count"": 0} | {""count"": 14} | {""count"": 6} | {""count"": 0} | {""count"": 10} | {""count"": 5}",14.61,0
IMG_177,20,44,1,9,"{""count"": 6} | {""count"": 5} | {""count"": 2} | {""count"": 5} | {""count"": 5} | {""count"": 2} | {""count"": 8} | {""count"": 8} | {""count"": 3}",14.60,0
IMG_175,45,75,1,9,"{""count"": 15} | {""count"": 8} | {""count"": 3} | {""count"": 15} | {""count"": 8} | {""count"": 5} | {""count"": 13} | {""count"": 5} | {""count"": 3}",14.63,0
IMG_178,41,57,1,9,"{""count"": 15} | {""count"": 7} | {""count"": 2} | {""count"": 10} | {""count"": 2} | {""count"": 1} | {""count"": 14} | {""count"": 4} | {""count"": 2}",14.61,0
IMG_172,11,32,1,9,"{""count"": 0} | {""count"": 3} | {""count"": 3} | {""count"": 2} | {""count"": 4} | {""count"": 2} | {""count"": 9} | {""count"": 6} | {""count"": 3}",14.63,0
IMG_181,60,67,1,9,"{""count"": 8} | {""count"": 5} | {""count"": 3} | {""count"": 17} | {""count"": 5} | {""count"": 5} | {""count"": 18} | {""count"": 4} | {""count"": 2}",14.62,0
IMG_179,79,99,1,9,"{""count"": 28} | {""count"": 8} | {""count"": 2} | {""count"": 25} | {""count"": 8} | {""count"": 4} | {""count"": 14} | {""count"": 5} | {""count"": 5}",14.63,0
IMG_171,14,40,1,9,"{""count"": 9} | {""count"": 0} | {""count"": 0} | {""count"": 7} | {""count"": 3} | {""count"": 2} | {""count"": 10} | {""count"": 5} | {""count"": 4}",14.67,0
IMG_184,184,116,1,9,"{""count"": 45} | {""count"": 15} | {""count"": 4} | {""count"": 0} | {""count"": 15} | {""count"": 6} | {""count"": 20} | {""count"": 9} | {""count"": 2}",14.60,0
IMG_173,104,87,1,9,"{""count"": 35} | {""count"": 9} | {""count"": 3} | {""count"": 15} | {""count"": 7} | {""count"": 3} | {""count"": 10} | {""count"": 3} | {""count"": 2}",14.65,0
IMG_182,253,70,1,9,"{""count"": 30} | {""count"": 10} | {""count"": 5} | {""count"": 0} | {""count"": 9} | {""count"": 5} | {""count"": 0} | {""count"": 7} | {""count"": 4}",14.62,0
IMG_185,106,95,1,9,"{""count"": 30} | {""count"": 9} | {""count"": 2} | {""count"": 25} | {""count"": 6} | {""count"": 4} | {""count"": 14} | {""count"": 3} | {""count"": 2}",14.61,0
IMG_183,187,114,1,9,"{""count"": 25} | {""count"": 8} | {""count"": 3} | {""count"": 30} | {""count"": 9} | {""count"": 4} | {""count"": 25} | {""count"": 8} | {""count"": 2}",14.63,0
IMG_18,235,142,1,9,"{""count"": 10} | {""count"": 8} | {""count"": 4} | {""count"": 38} | {""count"": 17} | {""count"": 2} | {""count"": 48} | {""count"": 14} | {""count"": 1}",14.64,0
IMG_174,143,150,1,9,"{""count"": 25} | {""count"": 10} | {""count"": 2} | {""count"": 48} | {""count"": 17} | {""count"": 2} | {""count"": 30} | {""count"": 12} | {""count"": 4}",14.67,0
IMG_180,101,82,1,9,"{""count"": 15} | {""count"": 5} | {""count"": 0} | {""count"": 20} | {""count"": 5} | {""count"": 2} | {""count"": 25} | {""count"": 8} | {""count"": 2}",14.65,0
IMG_176,229,133,1,9,"{""count"": 42} | {""count"": 8} | {""count"": 3} | {""count"": 45} | {""count"": 7} | {""count"": 0} | {""count"": 25} | {""count"": 3} | {""count"": 0}",14.66,0
IMG_186,104,100,1,9,"{""count"": 30} | {""count"": 8} | {""count"": 3} | {""count"": 20} | {""count"": 8} | {""count"": 5} | {""count"": 14} | {""count"": 7} | {""count"": 5}",14.65,0
IMG_190,90,93,1,9,"{""count"": 14} | {""count"": 5} | {""count"": 3} | {""count"": 25} | {""count"": 5} | {""count"": 1} | {""count"": 30} | {""count"": 8} | {""count"": 2}",14.63,0
IMG_198,9,29,1,9,"{""count"": 2} | {""count"": 3} | {""count"": 2} | {""count"": 5} | {""count"": 3} | {""count"": 3} | {""count"": 6} | {""count"": 4} | {""count"": 1}",14.61,0
IMG_193,172,122,1,9,"{""count"": 25} | {""count"": 6} | {""count"": 0} | {""count"": 48} | {""count"": 7} | {""count"": 1} | {""count"": 25} | {""count"": 6} | {""count"": 4}",14.63,0
IMG_194,213,102,1,9,"{""count"": 10} | {""count"": 15} | {""count"": 3} | {""count"": 20} | {""count"": 25} | {""count"": 3} | {""count"": 0} | {""count"": 25} | {""count"": 1}",14.65,0
IMG_192,58,76,1,9,"{""count"": 20} | {""count"": 8} | {""count"": 1} | {""count"": 20} | {""count"": 5} | {""count"": 1} | {""count"": 18} | {""count"": 2} | {""count"": 1}",14.65,0
IMG_197,93,100,1,9,"{""count"": 28} | {""count"": 8} | {""count"": 4} | {""count"": 20} | {""count"": 7} | {""count"": 4} | {""count"": 18} | {""count"": 8} | {""count"": 3}",14.64,0
IMG_199,88,103,1,9,"{""count"": 25} | {""count"": 8} | {""count"": 5} | {""count"": 25} | {""count"": 8} | {""count"": 5} | {""count"": 18} | {""count"": 6} | {""count"": 3}",14.63,0
IMG_188,56,75,1,9,"{""count"": 18} | {""count"": 8} | {""count"": 4} | {""count"": 15} | {""count"": 6} | {""count"": 3} | {""count"": 10} | {""count"": 7} | {""count"": 4}",14.67,0
IMG_189,40,63,1,9,"{""count"": 20} | {""count"": 7} | {""count"": 5} | {""count"": 9} | {""count"": 5} | {""count"": 4} | {""count"": 7} | {""count"": 4} | {""count"": 2}",14.67,0
IMG_187,159,88,1,9,"{""count"": 0} | {""count"": 20} | {""count"": 8} | {""count"": 0} | {""count"": 30} | {""count"": 7} | {""count"": 2} | {""count"": 15} | {""count"": 6}",14.68,0
IMG_191,301,145,1,9,"{""count"": 25} | {""count"": 20} | {""count"": 3} | {""count"": 42} | {""count"": 15} | {""count"": 2} | {""count"": 30} | {""count"": 8} | {""count"": 0}",14.66,0
IMG_195,61,85,1,9,"{""count"": 25} | {""count"": 8} | {""count"": 2} | {""count"": 25} | {""count"": 8} | {""count"": 3} | {""count"": 10} | {""count"": 3} | {""count"": 1}",14.65,0
IMG_19,277,195,1,9,"{""count"": 30} | {""count"": 15} | {""count"": 6} | {""count"": 58} | {""count"": 15} | {""count"": 6} | {""count"": 50} | {""count"": 13} | {""count"": 2}",14.68,0
IMG_196,107,104,1,9,"{""count"": 20} | {""count"": 8} | {""count"": 4} | {""count"": 20} | {""count"": 8} | {""count"": 5} | {""count"": 30} | {""count"": 7} | {""count"": 2}",14.67,0
IMG_2,52,75,1,9,"{""count"": 10} | {""count"": 10} | {""count"": 5} | {""count"": 18} | {""count"": 6} | {""count"": 5} | {""count"": 12} | {""count"": 6} | {""count"": 3}",14.65,0
IMG_20,15,38,1,9,"{""count"": 6} | {""count"": 3} | {""count"": 3} | {""count"": 10} | {""count"": 3} | {""count"": 1} | {""count"": 7} | {""count"": 3} | {""count"": 2}",14.65,0
IMG_207,106,108,1,9,"{""count"": 25} | {""count"": 10} | {""count"": 7} | {""count"": 25} | {""count"": 8} | {""count"": 5} | {""count"": 15} | {""count"": 8} | {""count"": 5}",14.62,0
IMG_205,57,80,1,9,"{""count"": 10} | {""count"": 4} | {""count"": 2} | {""count"": 17} | {""count"": 6} | {""count"": 5} | {""count"": 25} | {""count"": 7} | {""count"": 4}",14.63,0
IMG_200,48,72,1,9,"{""count"": 13} | {""count"": 8} | {""count"": 2} | {""count"": 18} | {""count"": 8} | {""count"": 4} | {""count"": 14} | {""count"": 2} | {""count"": 3}",14.66,0
IMG_21,89,89,1,9,"{""count"": 18} | {""count"": 13} | {""count"": 7} | {""count"": 18} | {""count"": 5} | {""count"": 5} | {""count"": 15} | {""count"": 6} | {""count"": 2}",14.63,0
IMG_201,131,85,1,9,"{""count"": 18} | {""count"": 8} | {""count"": 3} | {""count"": 20} | {""count"": 6} | {""count"": 4} | {""count"": 18} | {""count"": 6} | {""count"": 2}",14.66,0
IMG_208,72,81,1,9,"{""count"": 20} | {""count"": 5} | {""count"": 4} | {""count"": 18} | {""count"": 7} | {""count"": 4} | {""count"": 14} | {""count"": 7} | {""count"": 2}",14.64,0
IMG_211,51,77,1,9,"{""count"": 15} | {""count"": 8} | {""count"": 4} | {""count"": 18} | {""count"": 9} | {""count"": 4} | {""count"": 15} | {""count"": 3} | {""count"": 1}",14.62,0
IMG_209,149,72,1,9,"{""count"": 0} | {""count"": 9} | {""count"": 1} | {""count"": 0} | {""count"": 20} | {""count"": 5} | {""count"": 20} | {""count"": 12} | {""count"": 5}",14.64,0
IMG_206,86,106,1,9,"{""count"": 25} | {""count"": 9} | {""count"": 3} | {""count"": 25} | {""count"": 9} | {""count"": 5} | {""count"": 18} | {""count"": 9} | {""count"": 3}",14.65,0
IMG_212,139,126,1,9,"{""count"": 30} | {""count"": 15} | {""count"": 3} | {""count"": 30} | {""count"": 9} | {""count"": 3} | {""count"": 25} | {""count"": 7} | {""count"": 4}",14.63,0
IMG_202,180,142,1,9,"{""count"": 30} | {""count"": 8} | {""count"": 5} | {""count"": 42} | {""count"": 10} | {""count"": 3} | {""count"": 30} | {""count"": 10} | {""count"": 4}",14.67,0
IMG_204,148,126,1,9,"{""count"": 28} | {""count"": 15} | {""count"": 3} | {""count"": 30} | {""count"": 10} | {""count"": 3} | {""count"": 25} | {""count"": 9} | {""count"": 3}",14.67,0
IMG_210,33,45,1,9,"{""count"": 7} | {""count"": 2} | {""count"": 0} | {""count"": 14} | {""count"": 3} | {""count"": 0} | {""count"": 12} | {""count"": 5} | {""count"": 2}",14.66,0
IMG_213,284,88,1,9,"{""count"": 0} | {""count"": 14} | {""count"": 6} | {""count"": 0} | {""count"": 14} | {""count"": 4} | {""count"": 30} | {""count"": 14} | {""count"": 6}",14.65,0
IMG_203,187,105,1,9,"{""count"": 0} | {""count"": 30} | {""count"": 1} | {""count"": 18} | {""count"": 17} | {""count"": 3} | {""count"": 20} | {""count"": 13} | {""count"": 3}",14.68,0
IMG_216,161,75,1,9,"{""count"": 0} | {""count"": 10} | {""count"": 4} | {""count"": 30} | {""count"": 7} | {""count"": 2} | {""count"": 12} | {""count"": 6} | {""count"": 4}",14.61,0
IMG_215,52,82,1,9,"{""count"": 18} | {""count"": 7} | {""count"": 5} | {""count"": 18} | {""count"": 8} | {""count"": 3} | {""count"": 12} | {""count"": 8} | {""count"": 3}",14.63,0
IMG_224,142,102,1,9,"{""count"": 20} | {""count"": 6} | {""count"": 3} | {""count"": 28} | {""count"": 7} | {""count"": 1} | {""count"": 30} | {""count"": 6} | {""count"": 1}",14.60,0
IMG_214,138,105,1,9,"{""count"": 18} | {""count"": 4} | {""count"": 0} | {""count"": 30} | {""count"": 10} | {""count"": 4} | {""count"": 25} | {""count"": 9} | {""count"": 5}",14.65,0
IMG_226,94,86,1,9,"{""count"": 15} | {""count"": 5} | {""count"": 1} | {""count"": 25} | {""count"": 4} | {""count"": 0} | {""count"": 30} | {""count"": 6} | {""count"": 0}",14.60,0
IMG_22,300,131,1,9,"{""count"": 0} | {""count"": 18} | {""count"": 7} | {""count"": 35} | {""count"": 20} | {""count"": 7} | {""count"": 25} | {""count"": 14} | {""count"": 5}",14.63,0
IMG_219,450,86,1,9,"{""count"": 30} | {""count"": 10} | {""count"": 0} | {""count"": 30} | {""count"": 8} | {""count"": 0} | {""count"": 0} | {""count"": 8} | {""count"": 0}",14.63,0
IMG_221,74,85,1,9,"{""count"": 18} | {""count"": 8} | {""count"": 3} | {""count"": 25} | {""count"": 5} | {""count"": 4} | {""count"": 15} | {""count"": 5} | {""count"": 2}",14.63,0
IMG_218,73,100,1,9,"{""count"": 15} | {""count"": 8} | {""count"": 5} | {""count"": 25} | {""count"": 10} | {""count"": 5} | {""count"": 20} | {""count"": 8} | {""count"": 4}",14.63,0
IMG_225,265,139,1,9,"{""count"": 42} | {""count"": 9} | {""count"": 3} | {""count"": 42} | {""count"": 8} | {""count"": 2} | {""count"": 25} | {""count"": 5} | {""count"": 3}",14.61,0
IMG_222,154,92,1,9,"{""count"": 17} | {""count"": 6} | {""count"": 2} | {""count"": 20} | {""count"": 5} | {""count"": 2} | {""count"": 30} | {""count"": 6} | {""count"": 4}",14.64,0
IMG_228,159,110,1,9,"{""count"": 30} | {""count"": 10} | {""count"": 3} | {""count"": 25} | {""count"": 7} | {""count"": 2} | {""count"": 25} | {""count"": 6} | {""count"": 2}",14.60,0
IMG_217,109,110,1,9,"{""count"": 20} | {""count"": 9} | {""count"": 4} | {""count"": 30} | {""count"": 10} | {""count"": 4} | {""count"": 18} | {""count"": 10} | {""count"": 5}",14.64,0
IMG_227,96,69,1,9,"{""count"": 2} | {""count"": 6} | {""count"": 6} | {""count"": 14} | {""count"": 18} | {""count"": 7} | {""count"": 0} | {""count"": 13} | {""count"": 3}",14.63,0
IMG_223,144,124,1,9,"{""count"": 25} | {""count"": 13} | {""count"": 6} | {""count"": 20} | {""count"": 12} | {""count"": 5} | {""count"": 30} | {""count"": 9} | {""count"": 4}",14.64,0
IMG_220,70,92,1,9,"{""count"": 18} | {""count"": 10} | {""count"": 5} | {""count"": 15} | {""count"": 8} | {""count"": 2} | {""count"": 22} | {""count"": 7} | {""count"": 5}",14.65,0
IMG_232,133,87,1,9,"{""count"": 24} | {""count"": 8} | {""count"": 5} | {""count"": 20} | {""count"": 5} | {""count"": 3} | {""count"": 15} | {""count"": 5} | {""count"": 2}",14.68,0
IMG_231,79,88,1,9,"{""count"": 8} | {""count"": 6} | {""count"": 3} | {""count"": 20} | {""count"": 10} | {""count"": 4} | {""count"": 25} | {""count"": 9} | {""count"": 3}",14.72,0
IMG_233,29,45,1,9,"{""count"": 15} | {""count"": 5} | {""count"": 3} | {""count"": 8} | {""count"": 4} | {""count"": 1} | {""count"": 4} | {""count"": 3} | {""count"": 2}",14.70,0
IMG_24,79,92,1,9,"{""count"": 25} | {""count"": 8} | {""count"": 4} | {""count"": 25} | {""count"": 6} | {""count"": 2} | {""count"": 18} | {""count"": 4} | {""count"": 0}",14.69,0
IMG_23,240,95,1,9,"{""count"": 0} | {""count"": 20} | {""count"": 1} | {""count"": 25} | {""count"": 14} | {""count"": 2} | {""count"": 22} | {""count"": 9} | {""count"": 2}",14.72,0
IMG_229,64,83,1,9,"{""count"": 25} | {""count"": 5} | {""count"": 2} | {""count"": 20} | {""count"": 7} | {""count"": 2} | {""count"": 15} | {""count"": 6} | {""count"": 1}",14.75,0
IMG_230,93,95,1,9,"{""count"": 15} | {""count"": 5} | {""count"": 3} | {""count"": 30} | {""count"": 8} | {""count"": 3} | {""count"": 20} | {""count"": 7} | {""count"": 4}",14.73,0
IMG_238,51,73,1,9,"{""count"": 18} | {""count"": 10} | {""count"": 5} | {""count"": 10} | {""count"": 9} | {""count"": 4} | {""count"": 10} | {""count"": 4} | {""count"": 3}",14.70,0
IMG_242,177,123,1,9,"{""count"": 12} | {""count"": 8} | {""count"": 2} | {""count"": 42} | {""count"": 10} | {""count"": 5} | {""count"": 30} | {""count"": 9} | {""count"": 5}",14.69,0
IMG_235,180,159,1,9,"{""count"": 18} | {""count"": 20} | {""count"": 14} | {""count"": 42} | {""count"": 20} | {""count"": 4} | {""count"": 30} | {""count"": 8} | {""count"": 3}",14.72,0
IMG_236,196,114,1,9,"{""count"": 25} | {""count"": 12} | {""count"": 6} | {""count"": 0} | {""count"": 15} | {""count"": 6} | {""count"": 30} | {""count"": 14} | {""count"": 6}",14.73,0
IMG_237,323,81,1,9,"{""count"": 6} | {""count"": 5} | {""count"": 5} | {""count"": 0} | {""count"": 12} | {""count"": 6} | {""count"": 30} | {""count"": 12} | {""count"": 5}",14.72,0
IMG_240,94,88,1,9,"{""count"": 20} | {""count"": 10} | {""count"": 2} | {""count"": 24} | {""count"": 8} | {""count"": 5} | {""count"": 11} | {""count"": 5} | {""count"": 3}",14.70,0
IMG_241,89,101,1,9,"{""count"": 11} | {""count"": 8} | {""count"": 3} | {""count"": 30} | {""count"": 9} | {""count"": 4} | {""count"": 20} | {""count"": 10} | {""count"": 6}",14.70,0
IMG_239,166,130,1,9,"{""count"": 28} | {""count"": 12} | {""count"": 3} | {""count"": 30} | {""count"": 10} | {""count"": 3} | {""count"": 30} | {""count"": 12} | {""count"": 2}",14.74,0
IMG_234,212,118,1,9,"{""count"": 38} | {""count"": 14} | {""count"": 8} | {""count"": 0} | {""count"": 12} | {""count"": 3} | {""count"": 30} | {""count"": 10} | {""count"": 3}",14.75,0
IMG_243,143,110,1,9,"{""count"": 30} | {""count"": 9} | {""count"": 2} | {""count"": 25} | {""count"": 8} | {""count"": 4} | {""count"": 18} | {""count"": 9} | {""count"": 5}",14.63,0
IMG_244,105,98,1,9,"{""count"": 25} | {""count"": 7} | {""count"": 5} | {""count"": 25} | {""count"": 3} | {""count"": 2} | {""count"": 25} | {""count"": 6} | {""count"": 0}",14.63,0
IMG_257,131,113,1,9,"{""count"": 25} | {""count"": 10} | {""count"": 2} | {""count"": 25} | {""count"": 9} | {""count"": 3} | {""count"": 28} | {""count"": 7} | {""count"": 4}",14.58,0
IMG_250,24,44,1,9,"{""count"": 10} | {""count"": 6} | {""count"": 3} | {""count"": 9} | {""count"": 6} | {""count"": 0} | {""count"": 7} | {""count"": 3} | {""count"": 0}",14.61,0
IMG_251,274,53,1,9,"{""count"": 0} | {""count"": 9} | {""count"": 5} | {""count"": 0} | {""count"": 9} | {""count"": 5} | {""count"": 15} | {""count"": 8} | {""count"": 2}",14.61,0
IMG_246,376,94,1,9,"{""count"": 25} | {""count"": 25} | {""count"": 7} | {""count"": 0} | {""count"": 18} | {""count"": 5} | {""count"": 0} | {""count"": 10} | {""count"": 4}",14.63,0
IMG_252,31,55,1,9,"{""count"": 2} | {""count"": 7} | {""count"": 6} | {""count"": 2} | {""count"": 9} | {""count"": 6} | {""count"": 8} | {""count"": 10} | {""count"": 5}",14.60,0
IMG_253,132,120,1,9,"{""count"": 45} | {""count"": 7} | {""count"": 2} | {""count"": 25} | {""count"": 8} | {""count"": 4} | {""count"": 18} | {""count"": 7} | {""count"": 4}",14.60,0
IMG_256,194,102,1,9,"{""count"": 0} | {""count"": 10} | {""count"": 3} | {""count"": 38} | {""count"": 10} | {""count"": 2} | {""count"": 25} | {""count"": 9} | {""count"": 5}",14.59,0
IMG_245,85,96,1,9,"{""count"": 18} | {""count"": 10} | {""count"": 3} | {""count"": 18} | {""count"": 14} | {""count"": 5} | {""count"": 10} | {""count"": 12} | {""count"": 6}",14.64,0
IMG_249,107,86,1,9,"{""count"": 15} | {""count"": 9} | {""count"": 5} | {""count"": 20} | {""count"": 12} | {""count"": 6} | {""count"": 0} | {""count"": 14} | {""count"": 5}",14.64,0
IMG_254,91,108,1,9,"{""count"": 25} | {""count"": 9} | {""count"": 3} | {""count"": 25} | {""count"": 8} | {""count"": 2} | {""count"": 25} | {""count"": 7} | {""count"": 4}",14.63,0
IMG_255,49,50,1,9,"{""count"": 17} | {""count"": 1} | {""count"": 0} | {""count"": 20} | {""count"": 0} | {""count"": 0} | {""count"": 10} | {""count"": 2} | {""count"": 0}",14.63,0
IMG_247,104,123,1,9,"{""count"": 10} | {""count"": 20} | {""count"": 8} | {""count"": 25} | {""count"": 18} | {""count"": 4} | {""count"": 20} | {""count"": 13} | {""count"": 5}",14.65,0
IMG_25,216,131,1,9,"{""count"": 30} | {""count"": 15} | {""count"": 2} | {""count"": 25} | {""count"": 18} | {""count"": 6} | {""count"": 25} | {""count"": 8} | {""count"": 2}",14.64,0
IMG_248,62,84,1,9,"{""count"": 20} | {""count"": 8} | {""count"": 3} | {""count"": 15} | {""count"": 6} | {""count"": 3} | {""count"": 18} | {""count"": 7} | {""count"": 4}",14.65,0
IMG_258,55,72,1,9,"{""count"": 18} | {""count"": 7} | {""count"": 4} | {""count"": 18} | {""count"": 7} | {""count"": 1} | {""count"": 15} | {""count"": 1} | {""count"": 1}",14.67,0
IMG_265,28,62,1,9,"{""count"": 14} | {""count"": 7} | {""count"": 3} | {""count"": 9} | {""count"": 6} | {""count"": 2} | {""count"": 10} | {""count"": 7} | {""count"": 4}",14.66,0
IMG_263,95,97,1,9,"{""count"": 15} | {""count"": 9} | {""count"": 3} | {""count"": 25} | {""count"": 7} | {""count"": 1} | {""count"": 25} | {""count"": 9} | {""count"": 3}",14.67,0
IMG_266,59,78,1,9,"{""count"": 12} | {""count"": 3} | {""count"": 1} | {""count"": 24} | {""count"": 9} | {""count"": 2} | {""count"": 18} | {""count"": 5} | {""count"": 4}",14.66,0
IMG_260,53,70,1,9,"{""count"": 15} | {""count"": 8} | {""count"": 3} | {""count"": 12} | {""count"": 8} | {""count"": 5} | {""count"": 10} | {""count"": 5} | {""count"": 4}",14.67,0
IMG_261,184,113,1,9,"{""count"": 30} | {""count"": 15} | {""count"": 5} | {""count"": 30} | {""count"": 12} | {""count"": 5} | {""count"": 9} | {""count"": 5} | {""count"": 2}",14.67,0
IMG_264,36,62,1,9,"{""count"": 13} | {""count"": 5} | {""count"": 4} | {""count"": 10} | {""count"": 5} | {""count"": 3} | {""count"": 14} | {""count"": 6} | {""count"": 2}",14.68,0
IMG_271,54,58,1,9,"{""count"": 18} | {""count"": 3} | {""count"": 0} | {""count"": 20} | {""count"": 5} | {""count"": 0} | {""count"": 10} | {""count"": 2} | {""count"": 0}",14.65,0
IMG_267,62,95,1,9,"{""count"": 25} | {""count"": 8} | {""count"": 5} | {""count"": 25} | {""count"": 9} | {""count"": 3} | {""count"": 12} | {""count"": 5} | {""count"": 3}",14.66,0
IMG_26,38,64,1,9,"{""count"": 12} | {""count"": 3} | {""count"": 1} | {""count"": 15} | {""count"": 6} | {""count"": 2} | {""count"": 14} | {""count"": 6} | {""count"": 5}",14.69,0
IMG_262,137,143,1,9,"{""count"": 20} | {""count"": 17} | {""count"": 7} | {""count"": 38} | {""count"": 18} | {""count"": 3} | {""count"": 25} | {""count"": 15} | {""count"": 0}",14.70,0
IMG_270,142,124,1,9,"{""count"": 30} | {""count"": 12} | {""count"": 5} | {""count"": 25} | {""count"": 9} | {""count"": 5} | {""count"": 25} | {""count"": 9} | {""count"": 4}",14.67,0
IMG_268,79,98,1,9,"{""count"": 25} | {""count"": 10} | {""count"": 5} | {""count"": 20} | {""count"": 8} | {""count"": 4} | {""count"": 15} | {""count"": 8} | {""count"": 3}",14.67,0
IMG_259,87,108,1,9,"{""count"": 30} | {""count"": 8} | {""count"": 2} | {""count"": 30} | {""count"": 7} | {""count"": 4} | {""count"": 18} | {""count"": 7} | {""count"": 2}",14.70,0
IMG_27,207,69,1,9,"{""count"": 30} | {""count"": 10} | {""count"": 3} | {""count"": 0} | {""count"": 10} | {""count"": 2} | {""count"": 0} | {""count"": 10} | {""count"": 4}",14.67,0
IMG_269,304,125,1,9,"{""count"": 30} | {""count"": 10} | {""count"": 4} | {""count"": 50} | {""count"": 10} | {""count"": 3} | {""count"": 0} | {""count"": 13} | {""count"": 5}",14.69,0
IMG_282,24,34,1,9,"{""count"": 5} | {""count"": 6} | {""count"": 4} | {""count"": 7} | {""count"": 3} | {""count"": 4} | {""count"": 5} | {""count"": 0} | {""count"": 0}",14.61,0
IMG_272,164,106,1,9,"{""count"": 25} | {""count"": 14} | {""count"": 6} | {""count"": 25} | {""count"": 12} | {""count"": 7} | {""count"": 0} | {""count"": 10} | {""count"": 7}",14.67,0
IMG_274,200,123,1,9,"{""count"": 10} | {""count"": 8} | {""count"": 3} | {""count"": 42} | {""count"": 12} | {""count"": 4} | {""count"": 30} | {""count"": 9} | {""count"": 5}",14.66,0
IMG_278,57,77,1,9,"{""count"": 18} | {""count"": 8} | {""count"": 4} | {""count"": 20} | {""count"": 8} | {""count"": 2} | {""count"": 10} | {""count"": 5} | {""count"": 2}",14.64,0
IMG_273,61,77,1,9,"{""count"": 12} | {""count"": 8} | {""count"": 3} | {""count"": 14} | {""count"": 5} | {""count"": 5} | {""count"": 20} | {""count"": 7} | {""count"": 3}",14.66,0
IMG_28,61,74,1,9,"{""count"": 20} | {""count"": 8} | {""count"": 1} | {""count"": 25} | {""count"": 7} | {""count"": 1} | {""count"": 10} | {""count"": 2} | {""count"": 0}",14.66,0
IMG_276,38,60,1,9,"{""count"": 15} | {""count"": 2} | {""count"": 1} | {""count"": 14} | {""count"": 2} | {""count"": 2} | {""count"": 15} | {""count"": 7} | {""count"": 2}",14.67,0
IMG_275,88,107,1,9,"{""count"": 25} | {""count"": 9} | {""count"": 3} | {""count"": 25} | {""count"": 9} | {""count"": 4} | {""count"": 20} | {""count"": 8} | {""count"": 4}",14.67,0
IMG_280,87,107,1,9,"{""count"": 10} | {""count"": 12} | {""count"": 5} | {""count"": 25} | {""count"": 9} | {""count"": 3} | {""count"": 30} | {""count"": 9} | {""count"": 4}",14.66,0
IMG_284,38,55,1,9,"{""count"": 6} | {""count"": 7} | {""count"": 2} | {""count"": 11} | {""count"": 8} | {""count"": 3} | {""count"": 10} | {""count"": 5} | {""count"": 3}",14.64,0
IMG_285,54,69,1,9,"{""count"": 20} | {""count"": 2} | {""count"": 0} | {""count"": 14} | {""count"": 6} | {""count"": 4} | {""count"": 14} | {""count"": 6} | {""count"": 3}",14.65,0
IMG_286,66,92,1,9,"{""count"": 10} | {""count"": 8} | {""count"": 3} | {""count"": 18} | {""count"": 10} | {""count"": 5} | {""count"": 25} | {""count"": 8} | {""count"": 5}",14.64,0
IMG_277,67,89,1,9,"{""count"": 15} | {""count"": 10} | {""count"": 5} | {""count"": 25} | {""count"": 8} | {""count"": 0} | {""count"": 18} | {""count"": 6} | {""count"": 2}",14.68,0
IMG_283,226,136,1,9,"{""count"": 30} | {""count"": 5} | {""count"": 2} | {""count"": 30} | {""count"": 9} | {""count"": 5} | {""count"": 38} | {""count"": 13} | {""count"": 4}",14.66,0
IMG_279,196,143,1,9,"{""count"": 30} | {""count"": 25} | {""count"": 2} | {""count"": 25} | {""count"": 20} | {""count"": 2} | {""count"": 25} | {""count"": 14} | {""count"": 0}",14.69,0
IMG_281,146,88,1,9,"{""count"": 10} | {""count"": 20} | {""count"": 6} | {""count"": 0} | {""count"": 18} | {""count"": 1} | {""count"": 10} | {""count"": 20} | {""count"": 3}",14.68,0
IMG_296,28,45,1,9,"{""count"": 10} | {""count"": 3} | {""count"": 2} | {""count"": 12} | {""count"": 3} | {""count"": 2} | {""count"": 8} | {""count"": 3} | {""count"": 2}",14.62,0
IMG_297,66,81,1,9,"{""count"": 17} | {""count"": 3} | {""count"": 2} | {""count"": 20} | {""count"": 5} | {""count"": 1} | {""count"": 25} | {""count"": 7} | {""count"": 1}",14.63,0
IMG_294,46,70,1,9,"{""count"": 15} | {""count"": 6} | {""count"": 1} | {""count"": 15} | {""count"": 6} | {""count"": 1} | {""count"": 15} | {""count"": 7} | {""count"": 4}",14.65,0
IMG_290,119,106,1,9,"{""count"": 25} | {""count"": 8} | {""count"": 5} | {""count"": 25} | {""count"": 9} | {""count"": 5} | {""count"": 18} | {""count"": 8} | {""count"": 3}",14.66,0
IMG_288,19,49,1,9,"{""count"": 8} | {""count"": 3} | {""count"": 3} | {""count"": 10} | {""count"": 5} | {""count"": 3} | {""count"": 10} | {""count"": 5} | {""count"": 2}",14.67,0
IMG_293,327,81,1,9,"{""count"": 30} | {""count"": 13} | {""count"": 5} | {""count"": 0} | {""count"": 10} | {""count"": 5} | {""count"": 0} | {""count"": 13} | {""count"": 5}",14.66,0
IMG_289,45,63,1,9,"{""count"": 10} | {""count"": 6} | {""count"": 3} | {""count"": 10} | {""count"": 6} | {""count"": 3} | {""count"": 15} | {""count"": 7} | {""count"": 3}",14.68,0
IMG_292,93,109,1,9,"{""count"": 25} | {""count"": 9} | {""count"": 5} | {""count"": 25} | {""count"": 10} | {""count"": 5} | {""count"": 18} | {""count"": 8} | {""count"": 4}",14.66,0
IMG_3,61,65,1,9,"{""count"": 10} | {""count"": 8} | {""count"": 4} | {""count"": 14} | {""count"": 6} | {""count"": 2} | {""count"": 10} | {""count"": 7} | {""count"": 4}",14.64,0
IMG_29,92,109,1,9,"{""count"": 25} | {""count"": 12} | {""count"": 5} | {""count"": 25} | {""count"": 8} | {""count"": 5} | {""count"": 20} | {""count"": 5} | {""count"": 4}",14.68,0
IMG_287,89,106,1,9,"{""count"": 25} | {""count"": 10} | {""count"": 5} | {""count"": 24} | {""count"": 13} | {""count"": 5} | {""count"": 15} | {""count"": 7} | {""count"": 2}",14.71,0
IMG_291,177,160,1,9,"{""count"": 30} | {""count"": 25} | {""count"": 5} | {""count"": 28} | {""count"": 25} | {""count"": 7} | {""count"": 20} | {""count"": 15} | {""count"": 5}",14.68,0
IMG_299,98,110,1,9,"{""count"": 25} | {""count"": 9} | {""count"": 7} | {""count"": 30} | {""count"": 9} | {""count"": 4} | {""count"": 15} | {""count"": 8} | {""count"": 3}",14.66,0
IMG_295,153,125,1,9,"{""count"": 28} | {""count"": 10} | {""count"": 4} | {""count"": 30} | {""count"": 12} | {""count"": 4} | {""count"": 25} | {""count"": 9} | {""count"": 3}",14.68,0
IMG_30,51,68,1,9,"{""count"": 18} | {""count"": 6} | {""count"": 3} | {""count"": 13} | {""count"": 7} | {""count"": 2} | {""count"": 12} | {""count"": 5} | {""count"": 2}",14.66,0
IMG_298,206,101,1,9,"{""count"": 30} | {""count"": 8} | {""count"": 2} | {""count"": 0} | {""count"": 10} | {""count"": 4} | {""count"": 30} | {""count"": 12} | {""count"": 5}",14.68,0
IMG_307,200,73,1,9,"{""count"": 25} | {""count"": 15} | {""count"": 3} | {""count"": 0} | {""count"": 15} | {""count"": 5} | {""count"": 0} | {""count"": 7} | {""count"": 3}",14.66,0
IMG_309,63,72,1,9,"{""count"": 0} | {""count"": 17} | {""count"": 7} | {""count"": 10} | {""count"": 17} | {""count"": 4} | {""count"": 3} | {""count"": 9} | {""count"": 5}",14.68,0
IMG_301,33,66,1,9,"{""count"": 13} | {""count"": 5} | {""count"": 3} | {""count"": 13} | {""count"": 9} | {""count"": 4} | {""count"": 10} | {""count"": 6} | {""count"": 3}",14.70,0
IMG_312,51,82,1,9,"{""count"": 18} | {""count"": 9} | {""count"": 5} | {""count"": 18} | {""count"": 8} | {""count"": 5} | {""count"": 9} | {""count"": 5} | {""count"": 5}",14.67,0
IMG_302,79,84,1,9,"{""count"": 20} | {""count"": 9} | {""count"": 5} | {""count"": 18} | {""count"": 4} | {""count"": 4} | {""count"": 14} | {""count"": 7} | {""count"": 3}",14.70,0
IMG_306,230,110,1,9,"{""count"": 30} | {""count"": 14} | {""count"": 5} | {""count"": 30} | {""count"": 9} | {""count"": 5} | {""count"": 0} | {""count"": 10} | {""count"": 7}",14.69,0
IMG_304,176,76,1,9,"{""count"": 28} | {""count"": 8} | {""count"": 3} | {""count"": 0} | {""count"": 9} | {""count"": 2} | {""count"": 20} | {""count"": 5} | {""count"": 1}",14.70,0
IMG_314,51,68,1,9,"{""count"": 6} | {""count"": 3} | {""count"": 0} | {""count"": 19} | {""count"": 6} | {""count"": 4} | {""count"": 17} | {""count"": 8} | {""count"": 5}",14.66,0
IMG_300,196,138,1,9,"{""count"": 45} | {""count"": 8} | {""count"": 2} | {""count"": 45} | {""count"": 9} | {""count"": 2} | {""count"": 20} | {""count"": 5} | {""count"": 2}",14.73,0
IMG_308,47,64,1,9,"{""count"": 18} | {""count"": 6} | {""count"": 3} | {""count"": 15} | {""count"": 5} | {""count"": 0} | {""count"": 12} | {""count"": 3} | {""count"": 2}",14.69,0
IMG_31,176,120,1,9,"{""count"": 25} | {""count"": 9} | {""count"": 1} | {""count"": 30} | {""count"": 8} | {""count"": 4} | {""count"": 30} | {""count"": 10} | {""count"": 3}",14.70,0
IMG_311,60,68,1,9,"{""count"": 7} | {""count"": 6} | {""count"": 2} | {""count"": 18} | {""count"": 4} | {""count"": 4} | {""count"": 20} | {""count"": 4} | {""count"": 3}",14.69,0
IMG_303,68,99,1,9,"{""count"": 18} | {""count"": 12} | {""count"": 6} | {""count"": 20} | {""count"": 12} | {""count"": 7} | {""count"": 15} | {""count"": 7} | {""count"": 2}",14.73,0
IMG_305,110,97,1,9,"{""count"": 20} | {""count"": 13} | {""count"": 6} | {""count"": 18} | {""count"": 14} | {""count"": 5} | {""count"": 15} | {""count"": 3} | {""count"": 3}",14.71,0
IMG_313,29,50,1,9,"{""count"": 14} | {""count"": 5} | {""count"": 0} | {""count"": 8} | {""count"": 4} | {""count"": 1} | {""count"": 10} | {""count"": 5} | {""count"": 3}",14.68,0
IMG_310,93,97,1,9,"{""count"": 14} | {""count"": 8} | {""count"": 3} | {""count"": 25} | {""count"": 10} | {""count"": 5} | {""count"": 20} | {""count"": 9} | {""count"": 3}",14.70,0
IMG_41,31,56,1,9,"{""count"": 3} | {""count"": 6} | {""count"": 5} | {""count"": 8} | {""count"": 9} | {""count"": 4} | {""count"": 8} | {""count"": 9} | {""count"": 4}",14.57,0
IMG_315,54,59,1,9,"{""count"": 15} | {""count"": 3} | {""count"": 1} | {""count"": 13} | {""count"": 5} | {""count"": 2} | {""count"": 14} | {""count"": 4} | {""count"": 2}",14.64,0
IMG_32,44,70,1,9,"{""count"": 15} | {""count"": 5} | {""count"": 1} | {""count"": 10} | {""count"": 5} | {""count"": 3} | {""count"": 20} | {""count"": 7} | {""count"": 4}",14.62,0
IMG_44,28,49,1,9,"{""count"": 5} | {""count"": 5} | {""count"": 4} | {""count"": 5} | {""count"": 8} | {""count"": 4} | {""count"": 6} | {""count"": 8} | {""count"": 4}",14.59,0
IMG_37,42,58,1,9,"{""count"": 15} | {""count"": 8} | {""count"": 3} | {""count"": 18} | {""count"": 5} | {""count"": 2} | {""count"": 7} | {""count"": 0} | {""count"": 0}",14.61,0
IMG_38,89,84,1,9,"{""count"": 8} | {""count"": 6} | {""count"": 2} | {""count"": 18} | {""count"": 8} | {""count"": 2} | {""count"": 25} | {""count"": 10} | {""count"": 5}",14.62,0
IMG_43,106,113,1,9,"{""count"": 15} | {""count"": 10} | {""count"": 3} | {""count"": 25} | {""count"": 12} | {""count"": 5} | {""count"": 30} | {""count"": 8} | {""count"": 5}",14.60,0
IMG_4,95,105,1,9,"{""count"": 30} | {""count"": 9} | {""count"": 2} | {""count"": 25} | {""count"": 8} | {""count"": 5} | {""count"": 15} | {""count"": 7} | {""count"": 4}",14.61,0
IMG_33,198,108,1,9,"{""count"": 20} | {""count"": 10} | {""count"": 5} | {""count"": 38} | {""count"": 12} | {""count"": 5} | {""count"": 10} | {""count"": 6} | {""count"": 2}",14.63,0
IMG_316,429,66,1,9,"{""count"": 0} | {""count"": 15} | {""count"": 7} | {""count"": 0} | {""count"": 15} | {""count"": 8} | {""count"": 0} | {""count"": 14} | {""count"": 7}",14.64,0
IMG_39,48,76,1,9,"{""count"": 15} | {""count"": 5} | {""count"": 3} | {""count"": 18} | {""count"": 8} | {""count"": 5} | {""count"": 14} | {""count"": 6} | {""count"": 2}",14.64,0
IMG_40,331,109,1,9,"{""count"": 25} | {""count"": 11} | {""count"": 4} | {""count"": 42} | {""count"": 10} | {""count"": 3} | {""count"": 10} | {""count"": 4} | {""count"": 0}",14.62,0
IMG_42,41,65,1,9,"{""count"": 18} | {""count"": 5} | {""count"": 3} | {""count"": 15} | {""count"": 8} | {""count"": 3} | {""count"": 5} | {""count"": 6} | {""count"": 2}",14.62,0
IMG_34,41,75,1,9,"{""count"": 10} | {""count"": 8} | {""count"": 5} | {""count"": 18} | {""count"": 10} | {""count"": 3} | {""count"": 11} | {""count"": 7} | {""count"": 3}",14.66,0
IMG_36,156,104,1,9,"{""count"": 0} | {""count"": 10} | {""count"": 14} | {""count"": 0} | {""count"": 30} | {""count"": 13} | {""count"": 0} | {""count"": 25} | {""count"": 12}",14.66,0
IMG_35,166,124,1,9,"{""count"": 18} | {""count"": 13} | {""count"": 5} | {""count"": 30} | {""count"": 12} | {""count"": 4} | {""count"": 28} | {""count"": 9} | {""count"": 5}",14.66,0
IMG_59,48,83,1,9,"{""count"": 25} | {""count"": 7} | {""count"": 4} | {""count"": 18} | {""count"": 8} | {""count"": 3} | {""count"": 7} | {""count"": 7} | {""count"": 4}",14.53,0
IMG_53,48,67,1,9,"{""count"": 18} | {""count"": 5} | {""count"": 2} | {""count"": 20} | {""count"": 4} | {""count"": 0} | {""count"": 14} | {""count"": 3} | {""count"": 1}",14.58,0
IMG_47,72,88,1,9,"{""count"": 25} | {""count"": 6} | {""count"": 2} | {""count"": 25} | {""count"": 5} | {""count"": 3} | {""count"": 15} | {""count"": 5} | {""count"": 2}",14.60,0
IMG_5,82,91,1,9,"{""count"": 15} | {""count"": 5} | {""count"": 2} | {""count"": 30} | {""count"": 8} | {""count"": 1} | {""count"": 20} | {""count"": 8} | {""count"": 2}",14.58,0
IMG_48,84,79,1,9,"{""count"": 15} | {""count"": 1} | {""count"": 1} | {""count"": 25} | {""count"": 6} | {""count"": 3} | {""count"": 20} | {""count"": 5} | {""count"": 3}",14.60,0
IMG_49,35,53,1,9,"{""count"": 0} | {""count"": 5} | {""count"": 6} | {""count"": 3} | {""count"": 9} | {""count"": 7} | {""count"": 4} | {""count"": 12} | {""count"": 7}",14.60,0
IMG_46,90,96,1,9,"{""count"": 14} | {""count"": 10} | {""count"": 6} | {""count"": 20} | {""count"": 12} | {""count"": 7} | {""count"": 15} | {""count"": 8} | {""count"": 4}",14.61,0
IMG_54,60,76,1,9,"{""count"": 20} | {""count"": 8} | {""count"": 3} | {""count"": 14} | {""count"": 4} | {""count"": 2} | {""count"": 14} | {""count"": 5} | {""count"": 6}",14.58,0
IMG_45,158,108,1,9,"{""count"": 30} | {""count"": 8} | {""count"": 3} | {""count"": 30} | {""count"": 10} | {""count"": 5} | {""count"": 15} | {""count"": 5} | {""count"": 2}",14.63,0
IMG_52,26,41,1,9,"{""count"": 7} | {""count"": 5} | {""count"": 1} | {""count"": 13} | {""count"": 4} | {""count"": 0} | {""count"": 10} | {""count"": 1} | {""count"": 0}",14.60,0
IMG_57,79,97,1,9,"{""count"": 8} | {""count"": 10} | {""count"": 4} | {""count"": 18} | {""count"": 12} | {""count"": 6} | {""count"": 25} | {""count"": 10} | {""count"": 4}",14.58,0
IMG_51,190,203,1,9,"{""count"": 58} | {""count"": 30} | {""count"": 5} | {""count"": 58} | {""count"": 15} | {""count"": 3} | {""count"": 25} | {""count"": 5} | {""count"": 4}",14.61,0
IMG_58,96,99,1,9,"{""count"": 30} | {""count"": 6} | {""count"": 4} | {""count"": 25} | {""count"": 6} | {""count"": 3} | {""count"": 20} | {""count"": 5} | {""count"": 0}",14.58,0
IMG_56,79,66,1,9,"{""count"": 10} | {""count"": 5} | {""count"": 1} | {""count"": 10} | {""count"": 7} | {""count"": 3} | {""count"": 18} | {""count"": 8} | {""count"": 4}",14.60,0
IMG_55,195,62,1,9,"{""count"": 0} | {""count"": 7} | {""count"": 0} | {""count"": 30} | {""count"": 6} | {""count"": 2} | {""count"": 15} | {""count"": 0} | {""count"": 2}",14.60,0
IMG_50,265,75,1,9,"{""count"": 20} | {""count"": 18} | {""count"": 5} | {""count"": 0} | {""count"": 14} | {""count"": 4} | {""count"": 0} | {""count"": 10} | {""count"": 4}",14.63,0
IMG_60,34,52,1,9,"{""count"": 9} | {""count"": 3} | {""count"": 3} | {""count"": 9} | {""count"": 3} | {""count"": 1} | {""count"": 14} | {""count"": 6} | {""count"": 4}",14.69,0
IMG_62,174,119,1,9,"{""count"": 30} | {""count"": 9} | {""count"": 6} | {""count"": 30} | {""count"": 9} | {""count"": 3} | {""count"": 25} | {""count"": 7} | {""count"": 0}",14.71,0
IMG_68,59,78,1,9,"{""count"": 20} | {""count"": 8} | {""count"": 5} | {""count"": 18} | {""count"": 7} | {""count"": 2} | {""count"": 12} | {""count"": 3} | {""count"": 3}",14.69,0
IMG_70,48,61,1,9,"{""count"": 15} | {""count"": 4} | {""count"": 2} | {""count"": 15} | {""count"": 3} | {""count"": 2} | {""count"": 15} | {""count"": 4} | {""count"": 1}",14.68,0
IMG_61,412,50,1,9,"{""count"": 0} | {""count"": 15} | {""count"": 6} | {""count"": 0} | {""count"": 12} | {""count"": 5} | {""count"": 0} | {""count"": 9} | {""count"": 3}",14.71,0
IMG_66,176,105,1,9,"{""count"": 25} | {""count"": 5} | {""count"": 1} | {""count"": 35} | {""count"": 3} | {""count"": 2} | {""count"": 30} | {""count"": 3} | {""count"": 1}",14.70,0
IMG_64,50,76,1,9,"{""count"": 14} | {""count"": 9} | {""count"": 4} | {""count"": 15} | {""count"": 8} | {""count"": 3} | {""count"": 15} | {""count"": 5} | {""count"": 3}",14.72,0
IMG_73,91,98,1,9,"{""count"": 20} | {""count"": 8} | {""count"": 3} | {""count"": 25} | {""count"": 10} | {""count"": 5} | {""count"": 15} | {""count"": 7} | {""count"": 5}",14.68,0
IMG_65,236,100,1,9,"{""count"": 30} | {""count"": 9} | {""count"": 3} | {""count"": 30} | {""count"": 9} | {""count"": 5} | {""count"": 0} | {""count"": 10} | {""count"": 4}",14.71,0
IMG_72,54,72,1,9,"{""count"": 14} | {""count"": 5} | {""count"": 2} | {""count"": 20} | {""count"": 7} | {""count"": 2} | {""count"": 14} | {""count"": 5} | {""count"": 3}",14.69,0
IMG_69,94,95,1,9,"{""count"": 20} | {""count"": 8} | {""count"": 4} | {""count"": 25} | {""count"": 8} | {""count"": 1} | {""count"": 20} | {""count"": 7} | {""count"": 2}",14.71,0
IMG_71,191,167,1,9,"{""count"": 30} | {""count"": 14} | {""count"": 4} | {""count"": 38} | {""count"": 15} | {""count"": 6} | {""count"": 45} | {""count"": 10} | {""count"": 5}",14.71,0
IMG_6,195,147,1,9,"{""count"": 30} | {""count"": 10} | {""count"": 4} | {""count"": 45} | {""count"": 9} | {""count"": 4} | {""count"": 30} | {""count"": 10} | {""count"": 5}",14.76,0
IMG_7,47,64,1,9,"{""count"": 10} | {""count"": 6} | {""count"": 3} | {""count"": 14} | {""count"": 5} | {""count"": 3} | {""count"": 14} | {""count"": 6} | {""count"": 3}",14.71,0
IMG_63,60,75,1,9,"{""count"": 4} | {""count"": 8} | {""count"": 5} | {""count"": 10} | {""count"": 8} | {""count"": 5} | {""count"": 25} | {""count"": 7} | {""count"": 3}",14.74,0
IMG_67,108,105,1,9,"{""count"": 12} | {""count"": 16} | {""count"": 2} | {""count"": 14} | {""count"": 13} | {""count"": 3} | {""count"": 30} | {""count"": 13} | {""count"": 2}",14.75,0
IMG_80,470,80,1,9,"{""count"": 42} | {""count"": 14} | {""count"": 3} | {""count"": 0} | {""count"": 10} | {""count"": 2} | {""count"": 0} | {""count"": 7} | {""count"": 2}",14.58,0
IMG_74,261,52,1,9,"{""count"": 0} | {""count"": 5} | {""count"": 4} | {""count"": 0} | {""count"": 8} | {""count"": 5} | {""count"": 25} | {""count"": 3} | {""count"": 2}",14.64,0
IMG_84,54,70,1,9,"{""count"": 17} | {""count"": 8} | {""count"": 1} | {""count"": 15} | {""count"": 5} | {""count"": 4} | {""count"": 13} | {""count"": 5} | {""count"": 2}",14.59,0
IMG_75,539,36,1,9,"{""count"": 0} | {""count"": 10} | {""count"": 4} | {""count"": 0} | {""count"": 6} | {""count"": 5} | {""count"": 0} | {""count"": 9} | {""count"": 2}",14.62,0
IMG_76,123,88,1,9,"{""count"": 25} | {""count"": 5} | {""count"": 4} | {""count"": 20} | {""count"": 2} | {""count"": 1} | {""count"": 25} | {""count"": 5} | {""count"": 1}",14.62,0
IMG_78,282,122,1,9,"{""count"": 30} | {""count"": 10} | {""count"": 2} | {""count"": 30} | {""count"": 10} | {""count"": 3} | {""count"": 30} | {""count"": 5} | {""count"": 2}",14.63,0
IMG_87,54,81,1,9,"{""count"": 9} | {""count"": 10} | {""count"": 6} | {""count"": 14} | {""count"": 10} | {""count"": 5} | {""count"": 18} | {""count"": 7} | {""count"": 2}",14.60,0
IMG_8,62,70,1,9,"{""count"": 15} | {""count"": 9} | {""count"": 4} | {""count"": 6} | {""count"": 6} | {""count"": 4} | {""count"": 18} | {""count"": 5} | {""count"": 3}",14.62,0
IMG_79,90,91,1,9,"{""count"": 25} | {""count"": 10} | {""count"": 2} | {""count"": 25} | {""count"": 8} | {""count"": 2} | {""count"": 12} | {""count"": 5} | {""count"": 2}",14.64,0
IMG_82,44,67,1,9,"{""count"": 12} | {""count"": 7} | {""count"": 5} | {""count"": 15} | {""count"": 8} | {""count"": 4} | {""count"": 10} | {""count"": 4} | {""count"": 2}",14.62,0
IMG_86,54,73,1,9,"{""count"": 15} | {""count"": 7} | {""count"": 3} | {""count"": 18} | {""count"": 8} | {""count"": 2} | {""count"": 10} | {""count"": 7} | {""count"": 3}",14.62,0
IMG_77,213,108,1,9,"{""count"": 0} | {""count"": 20} | {""count"": 5} | {""count"": 30} | {""count"": 12} | {""count"": 2} | {""count"": 25} | {""count"": 10} | {""count"": 4}",14.65,0
IMG_88,163,100,1,9,"{""count"": 0} | {""count"": 25} | {""count"": 7} | {""count"": 10} | {""count"": 25} | {""count"": 3} | {""count"": 14} | {""count"": 14} | {""count"": 2}",14.60,0
IMG_83,57,60,1,9,"{""count"": 15} | {""count"": 5} | {""count"": 2} | {""count"": 20} | {""count"": 2} | {""count"": 1} | {""count"": 10} | {""count"": 3} | {""count"": 2}",14.62,0
IMG_85,59,73,1,9,"{""count"": 5} | {""count"": 6} | {""count"": 4} | {""count"": 20} | {""count"": 6} | {""count"": 1} | {""count"": 25} | {""count"": 6} | {""count"": 0}",14.63,0
IMG_81,129,117,1,9,"{""count"": 15} | {""count"": 20} | {""count"": 6} | {""count"": 20} | {""count"": 18} | {""count"": 2} | {""count"": 20} | {""count"": 15} | {""count"": 1}",14.65,0
IMG_89,23,38,1,9,"{""count"": 13} | {""count"": 7} | {""count"": 4} | {""count"": 9} | {""count"": 3} | {""count"": 2} | {""count"": 0} | {""count"": 0} | {""count"": 0}",11.26,0
IMG_98,249,39,1,9,"{""count"": 0} | {""count"": 10} | {""count"": 5} | {""count"": 0} | {""count"": 9} | {""count"": 4} | {""count"": 0} | {""count"": 8} | {""count"": 3}",11.23,0
IMG_9,36,62,1,9,"{""count"": 13} | {""count"": 5} | {""count"": 3} | {""count"": 12} | {""count"": 6} | {""count"": 1} | {""count"": 14} | {""count"": 6} | {""count"": 2}",11.26,0
IMG_92,63,80,1,9,"{""count"": 10} | {""count"": 7} | {""count"": 5} | {""count"": 18} | {""count"": 8} | {""count"": 3} | {""count"": 18} | {""count"": 8} | {""count"": 3}",11.26,0
IMG_96,211,68,1,9,"{""count"": 0} | {""count"": 8} | {""count"": 3} | {""count"": 10} | {""count"": 6} | {""count"": 3} | {""count"": 30} | {""count"": 7} | {""count"": 1}",11.24,0
IMG_91,92,90,1,9,"{""count"": 17} | {""count"": 6} | {""count"": 3} | {""count"": 25} | {""count"": 8} | {""count"": 2} | {""count"": 15} | {""count"": 10} | {""count"": 4}",11.27,0
IMG_94,52,69,1,9,"{""count"": 18} | {""count"": 5} | {""count"": 0} | {""count"": 15} | {""count"": 7} | {""count"": 1} | {""count"": 14} | {""count"": 6} | {""count"": 3}",11.26,0
IMG_97,107,83,1,9,"{""count"": 9} | {""count"": 8} | {""count"": 2} | {""count"": 14} | {""count"": 10} | {""count"": 4} | {""count"": 25} | {""count"": 9} | {""count"": 2}",11.26,0
IMG_90,195,149,1,9,"{""count"": 48} | {""count"": 14} | {""count"": 3} | {""count"": 38} | {""count"": 12} | {""count"": 2} | {""count"": 20} | {""count"": 9} | {""count"": 3}",11.28,0
IMG_95,48,79,1,9,"{""count"": 15} | {""count"": 10} | {""count"": 4} | {""count"": 14} | {""count"": 9} | {""count"": 6} | {""count"": 14} | {""count"": 5} | {""count"": 2}",11.26,0
IMG_93,217,129,1,9,"{""count"": 30} | {""count"": 7} | {""count"": 4} | {""count"": 30} | {""count"": 9} | {""count"": 5} | {""count"": 30} | {""count"": 10} | {""count"": 4}",11.27,0
IMG_99,113,139,1,9,"{""count"": 10} | {""count"": 18} | {""count"": 6} | {""count"": 25} | {""count"": 25} | {""count"": 5} | {""count"": 28} | {""count"": 20} | {""count"": 2}",11.26,0
