exp,item,domain,arm,budget,sample,temp,gt,nat_w,nat_h,eff_px,pred,pred2,parse_ok,abstain,refuse,http_err,finish,ctok,model,raw
E4,SIMCEPImages_A03_C10_F1_s03_w2,bbbc,cells,0,0,0.0,10,696,520,361920,6,,1,0,0,0,stop,13,internvl25-8b-awq,"```json {""count"": 6} ```"
E4,SIMCEPImages_A21_C87_F1_s06_w1,bbbc,cells,0,0,0.0,87,696,520,361920,50,,1,0,0,0,stop,13,internvl25-8b-awq,"```json {""count"": 50} ```"
E4,SIMCEPImages_A07_C27_F1_s04_w1,bbbc,cells,0,0,0.0,27,696,520,361920,20,,1,0,0,0,stop,13,internvl25-8b-awq,"```json {""count"": 20} ```"
E4,SIMCEPImages_A19_C78_F1_s23_w2,bbbc,cells,0,0,0.0,78,696,520,361920,25,,1,0,0,0,stop,13,internvl25-8b-awq,"```json {""count"": 25} ```"
E4,SIMCEPImages_A04_C14_F1_s15_w2,bbbc,cells,0,0,0.0,14,696,520,361920,10,,1,0,0,0,stop,13,internvl25-8b-awq,"```json {""count"": 10} ```"
E4,SIMCEPImages_A03_C10_F1_s01_w1,bbbc,cells,0,0,0.0,10,696,520,361920,10,,1,0,0,0,stop,13,internvl25-8b-awq,"```json {""count"": 10} ```"
E4,SIMCEPImages_A13_C53_F1_s14_w2,bbbc,cells,0,0,0.0,53,696,520,361920,16,,1,0,0,0,stop,13,internvl25-8b-awq,"```json {""count"": 16} ```"
E4,SIMCEPImages_A10_C40_F1_s05_w1,bbbc,cells,0,0,0.0,40,696,520,361920,25,,1,0,0,0,stop,13,internvl25-8b-awq,"```json {""count"": 25} ```"
E4,SIMCEPImages_A18_C74_F1_s06_w1,bbbc,cells,0,0,0.0,74,696,520,361920,50,,1,0,0,0,stop,13,internvl25-8b-awq,"```json {""count"": 50} ```"
E4,SIMCEPImages_A08_C31_F1_s15_w2,bbbc,cells,0,0,0.0,31,696,520,361920,20,,1,0,0,0,stop,13,internvl25-8b-awq,"```json {""count"": 20} ```"
E4,SIMCEPImages_A23_C96_F1_s23_w1,bbbc,cells,0,0,0.0,96,696,520,361920,50,,1,0,0,0,stop,13,internvl25-8b-awq,"```json {""count"": 50} ```"
E4,SIMCEPImages_A12_C48_F1_s22_w2,bbbc,cells,0,0,0.0,48,696,520,361920,21,,1,0,0,0,stop,13,internvl25-8b-awq,"```json {""count"": 21} ```"
E4,SIMCEPImages_A05_C18_F1_s07_w1,bbbc,cells,0,0,0.0,18,696,520,361920,14,,1,0,0,0,stop,13,internvl25-8b-awq,"```json {""count"": 14} ```"
E4,SIMCEPImages_A14_C57_F1_s13_w1,bbbc,cells,0,0,0.0,57,696,520,361920,42,,1,0,0,0,stop,13,internvl25-8b-awq,"```json {""count"": 42} ```"
E4,SIMCEPImages_A07_C27_F1_s02_w2,bbbc,cells,0,0,0.0,27,696,520,361920,14,,1,0,0,0,stop,13,internvl25-8b-awq,"```json {""count"": 14} ```"
E4,SIMCEPImages_A06_C23_F1_s14_w1,bbbc,cells,0,0,0.0,23,696,520,361920,16,,1,0,0,0,stop,13,internvl25-8b-awq,"```json {""count"": 16} ```"
E4,SIMCEPImages_A11_C44_F1_s02_w1,bbbc,cells,0,0,0.0,44,696,520,361920,30,,1,0,0,0,stop,13,internvl25-8b-awq,"```json {""count"": 30} ```"
E4,SIMCEPImages_A17_C70_F1_s07_w1,bbbc,cells,0,0,0.0,70,696,520,361920,50,,1,0,0,0,stop,13,internvl25-8b-awq,"```json {""count"": 50} ```"
E4,SIMCEPImages_A22_C91_F1_s25_w1,bbbc,cells,0,0,0.0,91,696,520,361920,63,,1,0,0,0,stop,13,internvl25-8b-awq,"```json {""count"": 63} ```"
E4,SIMCEPImages_A23_C96_F1_s07_w2,bbbc,cells,0,0,0.0,96,696,520,361920,23,,1,0,0,0,stop,13,internvl25-8b-awq,"```json {""count"": 23} ```"
E4,SIMCEPImages_A11_C44_F1_s15_w1,bbbc,cells,0,0,0.0,44,696,520,361920,27,,1,0,0,0,stop,13,internvl25-8b-awq,"```json {""count"": 27} ```"
E4,SIMCEPImages_A14_C57_F1_s21_w1,bbbc,cells,0,0,0.0,57,696,520,361920,50,,1,0,0,0,stop,13,internvl25-8b-awq,"```json {""count"": 50} ```"
E4,SIMCEPImages_A06_C23_F1_s22_w1,bbbc,cells,0,0,0.0,23,696,520,361920,16,,1,0,0,0,stop,13,internvl25-8b-awq,"```json {""count"": 16} ```"
E4,SIMCEPImages_A05_C18_F1_s05_w2,bbbc,cells,0,0,0.0,18,696,520,361920,10,,1,0,0,0,stop,13,internvl25-8b-awq,"```json {""count"": 10} ```"
E4,SIMCEPImages_A09_C35_F1_s24_w2,bbbc,cells,0,0,0.0,35,696,520,361920,16,,1,0,0,0,stop,13,internvl25-8b-awq,"```json {""count"": 16} ```"
E4,SIMCEPImages_A02_C5_F1_s02_w1,bbbc,cells,0,0,0.0,5,696,520,361920,5,,1,0,0,0,stop,13,internvl25-8b-awq,"```json {""count"": 5} ```"
E4,SIMCEPImages_A17_C70_F1_s02_w2,bbbc,cells,0,0,0.0,70,696,520,361920,15,,1,0,0,0,stop,13,internvl25-8b-awq,"```json {""count"": 15} ```"
E4,SIMCEPImages_A23_C96_F1_s21_w2,bbbc,cells,0,0,0.0,96,696,520,361920,15,,1,0,0,0,stop,13,internvl25-8b-awq,"```json {""count"": 15} ```"
E4,SIMCEPImages_A06_C23_F1_s23_w1,bbbc,cells,0,0,0.0,23,696,520,361920,15,,1,0,0,0,stop,13,internvl25-8b-awq,"```json {""count"": 15} ```"
E4,SIMCEPImages_A01_C1_F1_s10_w2,bbbc,cells,0,0,0.0,1,696,520,361920,1,,1,0,0,0,stop,13,internvl25-8b-awq,"```json {""count"": 1} ```"
E4,SIMCEPImages_A18_C74_F1_s20_w1,bbbc,cells,0,0,0.0,74,696,520,361920,50,,1,0,0,0,stop,13,internvl25-8b-awq,"```json {""count"": 50} ```"
E4,SIMCEPImages_A05_C18_F1_s15_w1,bbbc,cells,0,0,0.0,18,696,520,361920,12,,1,0,0,0,stop,13,internvl25-8b-awq,"```json {""count"": 12} ```"
E4,SIMCEPImages_A18_C74_F1_s07_w1,bbbc,cells,0,0,0.0,74,696,520,361920,50,,1,0,0,0,stop,13,internvl25-8b-awq,"```json {""count"": 50} ```"
E4,SIMCEPImages_A03_C10_F1_s02_w1,bbbc,cells,0,0,0.0,10,696,520,361920,10,,1,0,0,0,stop,13,internvl25-8b-awq,"```json {""count"": 10} ```"
E4,SIMCEPImages_A10_C40_F1_s24_w1,bbbc,cells,0,0,0.0,40,696,520,361920,24,,1,0,0,0,stop,13,internvl25-8b-awq,"```json {""count"": 24} ```"
E4,SIMCEPImages_A19_C78_F1_s09_w2,bbbc,cells,0,0,0.0,78,696,520,361920,20,,1,0,0,0,stop,13,internvl25-8b-awq,"```json {""count"": 20} ```"
E4,SIMCEPImages_A19_C78_F1_s09_w1,bbbc,cells,0,0,0.0,78,696,520,361920,35,,1,0,0,0,stop,13,internvl25-8b-awq,"```json {""count"": 35} ```"
E4,SIMCEPImages_A14_C57_F1_s24_w2,bbbc,cells,0,0,0.0,57,696,520,361920,25,,1,0,0,0,stop,13,internvl25-8b-awq,"```json {""count"": 25} ```"
E4,SIMCEPImages_A21_C87_F1_s18_w2,bbbc,cells,0,0,0.0,87,696,520,361920,25,,1,0,0,0,stop,13,internvl25-8b-awq,"```json {""count"": 25} ```"
E4,SIMCEPImages_A09_C35_F1_s24_w1,bbbc,cells,0,0,0.0,35,696,520,361920,24,,1,0,0,0,stop,13,internvl25-8b-awq,"```json {""count"": 24} ```"
E4,SIMCEPImages_A02_C5_F1_s18_w1,bbbc,cells,0,0,0.0,5,696,520,361920,5,,1,0,0,0,stop,13,internvl25-8b-awq,"```json {""count"": 5} ```"
E4,SIMCEPImages_A06_C23_F1_s14_w2,bbbc,cells,0,0,0.0,23,696,520,361920,12,,1,0,0,0,stop,13,internvl25-8b-awq,"```json {""count"": 12} ```"
E4,SIMCEPImages_A17_C70_F1_s05_w1,bbbc,cells,0,0,0.0,70,696,520,361920,50,,1,0,0,0,stop,13,internvl25-8b-awq,"```json {""count"": 50} ```"
E4,SIMCEPImages_A16_C66_F1_s22_w1,bbbc,cells,0,0,0.0,66,696,520,361920,50,,1,0,0,0,stop,13,internvl25-8b-awq,"```json {""count"": 50} ```"
E4,SIMCEPImages_A24_C100_F1_s07_w1,bbbc,cells,0,0,0.0,100,696,520,361920,63,,1,0,0,0,stop,13,internvl25-8b-awq,"```json {""count"": 63} ```"
E4,SIMCEPImages_A01_C1_F1_s11_w1,bbbc,cells,0,0,0.0,1,696,520,361920,1,,1,0,0,0,stop,13,internvl25-8b-awq,"```json {""count"": 1} ```"
E4,SIMCEPImages_A24_C100_F1_s25_w2,bbbc,cells,0,0,0.0,100,696,520,361920,15,,1,0,0,0,stop,13,internvl25-8b-awq,"```json {""count"": 15} ```"
E4,SIMCEPImages_A18_C74_F1_s21_w1,bbbc,cells,0,0,0.0,74,696,520,361920,50,,1,0,0,0,stop,13,internvl25-8b-awq,"```json {""count"": 50} ```"
E4,SIMCEPImages_A12_C48_F1_s05_w1,bbbc,cells,0,0,0.0,48,696,520,361920,30,,1,0,0,0,stop,13,internvl25-8b-awq,"```json {""count"": 30} ```"
E4,SIMCEPImages_A15_C61_F1_s01_w1,bbbc,cells,0,0,0.0,61,696,520,361920,42,,1,0,0,0,stop,13,internvl25-8b-awq,"```json {""count"": 42} ```"
E4,SIMCEPImages_A13_C53_F1_s19_w1,bbbc,cells,0,0,0.0,53,696,520,361920,24,,1,0,0,0,stop,13,internvl25-8b-awq,"```json {""count"": 24} ```"
E4,SIMCEPImages_A03_C10_F1_s22_w2,bbbc,cells,0,0,0.0,10,696,520,361920,8,,1,0,0,0,stop,13,internvl25-8b-awq,"```json {""count"": 8} ```"
E4,SIMCEPImages_A04_C14_F1_s18_w2,bbbc,cells,0,0,0.0,14,696,520,361920,11,,1,0,0,0,stop,13,internvl25-8b-awq,"```json {""count"": 11} ```"
E4,SIMCEPImages_A23_C96_F1_s11_w1,bbbc,cells,0,0,0.0,96,696,520,361920,63,,1,0,0,0,stop,13,internvl25-8b-awq,"```json {""count"": 63} ```"
E4,SIMCEPImages_A15_C61_F1_s22_w2,bbbc,cells,0,0,0.0,61,696,520,361920,25,,1,0,0,0,stop,13,internvl25-8b-awq,"```json {""count"": 25} ```"
E4,SIMCEPImages_A19_C78_F1_s05_w2,bbbc,cells,0,0,0.0,78,696,520,361920,20,,1,0,0,0,stop,13,internvl25-8b-awq,"```json {""count"": 20} ```"
E4,SIMCEPImages_A07_C27_F1_s11_w2,bbbc,cells,0,0,0.0,27,696,520,361920,14,,1,0,0,0,stop,13,internvl25-8b-awq,"```json {""count"": 14} ```"
E4,SIMCEPImages_A09_C35_F1_s14_w1,bbbc,cells,0,0,0.0,35,696,520,361920,21,,1,0,0,0,stop,13,internvl25-8b-awq,"```json {""count"": 21} ```"
E4,SIMCEPImages_A07_C27_F1_s08_w2,bbbc,cells,0,0,0.0,27,696,520,361920,12,,1,0,0,0,stop,13,internvl25-8b-awq,"```json {""count"": 12} ```"
E4,SIMCEPImages_A06_C23_F1_s16_w1,bbbc,cells,0,0,0.0,23,696,520,361920,15,,1,0,0,0,stop,13,internvl25-8b-awq,"```json {""count"": 15} ```"
E4,SIMCEPImages_A15_C61_F1_s21_w1,bbbc,cells,0,0,0.0,61,696,520,361920,50,,1,0,0,0,stop,13,internvl25-8b-awq,"```json {""count"": 50} ```"
E4,SIMCEPImages_A04_C14_F1_s22_w1,bbbc,cells,0,0,0.0,14,696,520,361920,10,,1,0,0,0,stop,13,internvl25-8b-awq,"```json {""count"": 10} ```"
E4,SIMCEPImages_A01_C1_F1_s24_w1,bbbc,cells,0,0,0.0,1,696,520,361920,1,,1,0,0,0,stop,13,internvl25-8b-awq,"```json {""count"": 1} ```"
E4,SIMCEPImages_A17_C70_F1_s13_w1,bbbc,cells,0,0,0.0,70,696,520,361920,50,,1,0,0,0,stop,13,internvl25-8b-awq,"```json {""count"": 50} ```"
E4,SIMCEPImages_A12_C48_F1_s20_w2,bbbc,cells,0,0,0.0,48,696,520,361920,16,,1,0,0,0,stop,13,internvl25-8b-awq,"```json {""count"": 16} ```"
E4,SIMCEPImages_A08_C31_F1_s11_w2,bbbc,cells,0,0,0.0,31,696,520,361920,16,,1,0,0,0,stop,13,internvl25-8b-awq,"```json {""count"": 16} ```"
E4,SIMCEPImages_A01_C1_F1_s20_w2,bbbc,cells,0,0,0.0,1,696,520,361920,1,,1,0,0,0,stop,13,internvl25-8b-awq,"```json {""count"": 1} ```"
E4,SIMCEPImages_A15_C61_F1_s18_w1,bbbc,cells,0,0,0.0,61,696,520,361920,50,,1,0,0,0,stop,13,internvl25-8b-awq,"```json {""count"": 50} ```"
E4,SIMCEPImages_A07_C27_F1_s17_w1,bbbc,cells,0,0,0.0,27,696,520,361920,21,,1,0,0,0,stop,13,internvl25-8b-awq,"```json {""count"": 21} ```"
E4,SIMCEPImages_A22_C91_F1_s25_w2,bbbc,cells,0,0,0.0,91,696,520,361920,20,,1,0,0,0,stop,13,internvl25-8b-awq,"```json {""count"": 20} ```"
E4,SIMCEPImages_A12_C48_F1_s06_w2,bbbc,cells,0,0,0.0,48,696,520,361920,16,,1,0,0,0,stop,13,internvl25-8b-awq,"```json {""count"": 16} ```"
E4,SIMCEPImages_A17_C70_F1_s17_w1,bbbc,cells,0,0,0.0,70,696,520,361920,50,,1,0,0,0,stop,13,internvl25-8b-awq,"```json {""count"": 50} ```"
E4,SIMCEPImages_A22_C91_F1_s22_w1,bbbc,cells,0,0,0.0,91,696,520,361920,50,,1,0,0,0,stop,13,internvl25-8b-awq,"```json {""count"": 50} ```"
E4,SIMCEPImages_A11_C44_F1_s09_w1,bbbc,cells,0,0,0.0,44,696,520,361920,27,,1,0,0,0,stop,13,internvl25-8b-awq,"```json {""count"": 27} ```"
E4,SIMCEPImages_A12_C48_F1_s22_w1,bbbc,cells,0,0,0.0,48,696,520,361920,30,,1,0,0,0,stop,13,internvl25-8b-awq,"```json {""count"": 30} ```"
E4,SIMCEPImages_A08_C31_F1_s17_w2,bbbc,cells,0,0,0.0,31,696,520,361920,10,,1,0,0,0,stop,13,internvl25-8b-awq,"```json {""count"": 10} ```"
E4,SIMCEPImages_A24_C100_F1_s08_w2,bbbc,cells,0,0,0.0,100,696,520,361920,20,,1,0,0,0,stop,13,internvl25-8b-awq,"```json {""count"": 20} ```"
E4,SIMCEPImages_A06_C23_F1_s12_w2,bbbc,cells,0,0,0.0,23,696,520,361920,14,,1,0,0,0,stop,13,internvl25-8b-awq,"```json {""count"": 14} ```"
E4,SIMCEPImages_A03_C10_F1_s20_w1,bbbc,cells,0,0,0.0,10,696,520,361920,10,,1,0,0,0,stop,13,internvl25-8b-awq,"```json {""count"": 10} ```"
E4,SIMCEPImages_A22_C91_F1_s24_w2,bbbc,cells,0,0,0.0,91,696,520,361920,14,,1,0,0,0,stop,13,internvl25-8b-awq,"```json {""count"": 14} ```"
E4,SIMCEPImages_A19_C78_F1_s23_w1,bbbc,cells,0,0,0.0,78,696,520,361920,50,,1,0,0,0,stop,13,internvl25-8b-awq,"```json {""count"": 50} ```"
E4,SIMCEPImages_A07_C27_F1_s23_w2,bbbc,cells,0,0,0.0,27,696,520,361920,16,,1,0,0,0,stop,13,internvl25-8b-awq,"```json {""count"": 16} ```"
E4,SIMCEPImages_A09_C35_F1_s01_w2,bbbc,cells,0,0,0.0,35,696,520,361920,16,,1,0,0,0,stop,13,internvl25-8b-awq,"```json {""count"": 16} ```"
E4,SIMCEPImages_A14_C57_F1_s22_w2,bbbc,cells,0,0,0.0,57,696,520,361920,25,,1,0,0,0,stop,13,internvl25-8b-awq,"```json {""count"": 25} ```"
E4,SIMCEPImages_A02_C5_F1_s13_w1,bbbc,cells,0,0,0.0,5,696,520,361920,5,,1,0,0,0,stop,13,internvl25-8b-awq,"```json {""count"": 5} ```"
E4,SIMCEPImages_A22_C91_F1_s23_w2,bbbc,cells,0,0,0.0,91,696,520,361920,20,,1,0,0,0,stop,13,internvl25-8b-awq,"```json {""count"": 20} ```"
E4,SIMCEPImages_A05_C18_F1_s05_w1,bbbc,cells,0,0,0.0,18,696,520,361920,12,,1,0,0,0,stop,13,internvl25-8b-awq,"```json {""count"": 12} ```"
E4,SIMCEPImages_A09_C35_F1_s15_w1,bbbc,cells,0,0,0.0,35,696,520,361920,25,,1,0,0,0,stop,13,internvl25-8b-awq,"```json {""count"": 25} ```"
E4,SIMCEPImages_A10_C40_F1_s01_w1,bbbc,cells,0,0,0.0,40,696,520,361920,24,,1,0,0,0,stop,13,internvl25-8b-awq,"```json {""count"": 24} ```"
E4,SIMCEPImages_A19_C78_F1_s06_w1,bbbc,cells,0,0,0.0,78,696,520,361920,50,,1,0,0,0,stop,13,internvl25-8b-awq,"```json {""count"": 50} ```"
E4,SIMCEPImages_A02_C5_F1_s03_w1,bbbc,cells,0,0,0.0,5,696,520,361920,5,,1,0,0,0,stop,13,internvl25-8b-awq,"```json {""count"": 5} ```"
E4,SIMCEPImages_A06_C23_F1_s02_w2,bbbc,cells,0,0,0.0,23,696,520,361920,15,,1,0,0,0,stop,13,internvl25-8b-awq,"```json {""count"": 15} ```"
E4,SIMCEPImages_A13_C53_F1_s18_w2,bbbc,cells,0,0,0.0,53,696,520,361920,20,,1,0,0,0,stop,13,internvl25-8b-awq,"```json {""count"": 20} ```"
E4,SIMCEPImages_A14_C57_F1_s22_w1,bbbc,cells,0,0,0.0,57,696,520,361920,50,,1,0,0,0,stop,13,internvl25-8b-awq,"```json {""count"": 50} ```"
E4,SIMCEPImages_A20_C83_F1_s13_w1,bbbc,cells,0,0,0.0,83,696,520,361920,50,,1,0,0,0,stop,13,internvl25-8b-awq,"```json {""count"": 50} ```"
E4,SIMCEPImages_A11_C44_F1_s03_w1,bbbc,cells,0,0,0.0,44,696,520,361920,30,,1,0,0,0,stop,13,internvl25-8b-awq,"```json {""count"": 30} ```"
E4,SIMCEPImages_A17_C70_F1_s14_w2,bbbc,cells,0,0,0.0,70,696,520,361920,20,,1,0,0,0,stop,13,internvl25-8b-awq,"```json {""count"": 20} ```"
E4,SIMCEPImages_A24_C100_F1_s04_w1,bbbc,cells,0,0,0.0,100,696,520,361920,63,,1,0,0,0,stop,13,internvl25-8b-awq,"```json {""count"": 63} ```"
E4,SIMCEPImages_A04_C14_F1_s04_w2,bbbc,cells,0,0,0.0,14,696,520,361920,10,,1,0,0,0,stop,13,internvl25-8b-awq,"```json {""count"": 10} ```"
E4,SIMCEPImages_A21_C87_F1_s18_w1,bbbc,cells,0,0,0.0,87,696,520,361920,50,,1,0,0,0,stop,13,internvl25-8b-awq,"```json {""count"": 50} ```"
E4,SIMCEPImages_A16_C66_F1_s20_w1,bbbc,cells,0,0,0.0,66,696,520,361920,50,,1,0,0,0,stop,13,internvl25-8b-awq,"```json {""count"": 50} ```"
E4,SIMCEPImages_A16_C66_F1_s17_w1,bbbc,cells,0,0,0.0,66,696,520,361920,50,,1,0,0,0,stop,13,internvl25-8b-awq,"```json {""count"": 50} ```"
E4,SIMCEPImages_A19_C78_F1_s14_w2,bbbc,cells,0,0,0.0,78,696,520,361920,25,,1,0,0,0,stop,13,internvl25-8b-awq,"```json {""count"": 25} ```"
E4,SIMCEPImages_A08_C31_F1_s10_w2,bbbc,cells,0,0,0.0,31,696,520,361920,15,,1,0,0,0,stop,13,internvl25-8b-awq,"```json {""count"": 15} ```"
E4,SIMCEPImages_A01_C1_F1_s12_w2,bbbc,cells,0,0,0.0,1,696,520,361920,1,,1,0,0,0,stop,13,internvl25-8b-awq,"```json {""count"": 1} ```"
E4,SIMCEPImages_A06_C23_F1_s10_w1,bbbc,cells,0,0,0.0,23,696,520,361920,15,,1,0,0,0,stop,13,internvl25-8b-awq,"```json {""count"": 15} ```"
E4,SIMCEPImages_A06_C23_F1_s15_w1,bbbc,cells,0,0,0.0,23,696,520,361920,18,,1,0,0,0,stop,13,internvl25-8b-awq,"```json {""count"": 18} ```"
E4,SIMCEPImages_A24_C100_F1_s14_w2,bbbc,cells,0,0,0.0,100,696,520,361920,15,,1,0,0,0,stop,13,internvl25-8b-awq,"```json {""count"": 15} ```"
E4,SIMCEPImages_A09_C35_F1_s12_w2,bbbc,cells,0,0,0.0,35,696,520,361920,20,,1,0,0,0,stop,13,internvl25-8b-awq,"```json {""count"": 20} ```"
E4,SIMCEPImages_A16_C66_F1_s09_w2,bbbc,cells,0,0,0.0,66,696,520,361920,20,,1,0,0,0,stop,13,internvl25-8b-awq,"```json {""count"": 20} ```"
E4,SIMCEPImages_A18_C74_F1_s08_w1,bbbc,cells,0,0,0.0,74,696,520,361920,50,,1,0,0,0,stop,13,internvl25-8b-awq,"```json {""count"": 50} ```"
E4,SIMCEPImages_A12_C48_F1_s12_w1,bbbc,cells,0,0,0.0,48,696,520,361920,30,,1,0,0,0,stop,13,internvl25-8b-awq,"```json {""count"": 30} ```"
E4,SIMCEPImages_A22_C91_F1_s09_w2,bbbc,cells,0,0,0.0,91,696,520,361920,20,,1,0,0,0,stop,13,internvl25-8b-awq,"```json {""count"": 20} ```"
E4,SIMCEPImages_A18_C74_F1_s16_w1,bbbc,cells,0,0,0.0,74,696,520,361920,50,,1,0,0,0,stop,13,internvl25-8b-awq,"```json {""count"": 50} ```"
E4,SIMCEPImages_A09_C35_F1_s10_w2,bbbc,cells,0,0,0.0,35,696,520,361920,16,,1,0,0,0,stop,13,internvl25-8b-awq,"```json {""count"": 16} ```"
E4,SIMCEPImages_A17_C70_F1_s06_w2,bbbc,cells,0,0,0.0,70,696,520,361920,20,,1,0,0,0,stop,13,internvl25-8b-awq,"```json {""count"": 20} ```"
E4,SIMCEPImages_A01_C1_F1_s15_w1,bbbc,cells,0,0,0.0,1,696,520,361920,1,,1,0,0,0,stop,13,internvl25-8b-awq,"```json {""count"": 1} ```"
E4,SIMCEPImages_A04_C14_F1_s25_w1,bbbc,cells,0,0,0.0,14,696,520,361920,10,,1,0,0,0,stop,13,internvl25-8b-awq,"```json {""count"": 10} ```"
E4,SIMCEPImages_A08_C31_F1_s22_w2,bbbc,cells,0,0,0.0,31,696,520,361920,16,,1,0,0,0,stop,13,internvl25-8b-awq,"```json {""count"": 16} ```"
E4,SIMCEPImages_A08_C31_F1_s03_w1,bbbc,cells,0,0,0.0,31,696,520,361920,20,,1,0,0,0,stop,13,internvl25-8b-awq,"```json {""count"": 20} ```"
E4,SIMCEPImages_A23_C96_F1_s04_w1,bbbc,cells,0,0,0.0,96,696,520,361920,62,,1,0,0,0,stop,13,internvl25-8b-awq,"```json {""count"": 62} ```"
E4,SIMCEPImages_A08_C31_F1_s17_w1,bbbc,cells,0,0,0.0,31,696,520,361920,20,,1,0,0,0,stop,13,internvl25-8b-awq,"```json {""count"": 20} ```"
E4,SIMCEPImages_A16_C66_F1_s13_w2,bbbc,cells,0,0,0.0,66,696,520,361920,21,,1,0,0,0,stop,13,internvl25-8b-awq,"```json {""count"": 21} ```"
E4,SIMCEPImages_A01_C1_F1_s22_w1,bbbc,cells,0,0,0.0,1,696,520,361920,1,,1,0,0,0,stop,13,internvl25-8b-awq,"```json {""count"": 1} ```"
E4,SIMCEPImages_A11_C44_F1_s03_w2,bbbc,cells,0,0,0.0,44,696,520,361920,20,,1,0,0,0,stop,13,internvl25-8b-awq,"```json {""count"": 20} ```"
E4,SIMCEPImages_A03_C10_F1_s09_w1,bbbc,cells,0,0,0.0,10,696,520,361920,10,,1,0,0,0,stop,13,internvl25-8b-awq,"```json {""count"": 10} ```"
E4,SIMCEPImages_A13_C53_F1_s05_w2,bbbc,cells,0,0,0.0,53,696,520,361920,21,,1,0,0,0,stop,13,internvl25-8b-awq,"```json {""count"": 21} ```"
E4,SIMCEPImages_A24_C100_F1_s24_w1,bbbc,cells,0,0,0.0,100,696,520,361920,50,,1,0,0,0,stop,13,internvl25-8b-awq,"```json {""count"": 50} ```"
E4,SIMCEPImages_A19_C78_F1_s12_w2,bbbc,cells,0,0,0.0,78,696,520,361920,25,,1,0,0,0,stop,13,internvl25-8b-awq,"```json {""count"": 25} ```"
E4,SIMCEPImages_A22_C91_F1_s14_w1,bbbc,cells,0,0,0.0,91,696,520,361920,63,,1,0,0,0,stop,13,internvl25-8b-awq,"```json {""count"": 63} ```"
E4,SIMCEPImages_A22_C91_F1_s12_w2,bbbc,cells,0,0,0.0,91,696,520,361920,20,,1,0,0,0,stop,13,internvl25-8b-awq,"```json {""count"": 20} ```"
E4,SIMCEPImages_A08_C31_F1_s14_w1,bbbc,cells,0,0,0.0,31,696,520,361920,24,,1,0,0,0,stop,13,internvl25-8b-awq,"```json {""count"": 24} ```"
E4,SIMCEPImages_A02_C5_F1_s24_w1,bbbc,cells,0,0,0.0,5,696,520,361920,5,,1,0,0,0,stop,13,internvl25-8b-awq,"```json {""count"": 5} ```"
E4,SIMCEPImages_A17_C70_F1_s22_w1,bbbc,cells,0,0,0.0,70,696,520,361920,50,,1,0,0,0,stop,13,internvl25-8b-awq,"```json {""count"": 50} ```"
E4,SIMCEPImages_A20_C83_F1_s17_w2,bbbc,cells,0,0,0.0,83,696,520,361920,23,,1,0,0,0,stop,13,internvl25-8b-awq,"```json {""count"": 23} ```"
E4,SIMCEPImages_A01_C1_F1_s25_w1,bbbc,cells,0,0,0.0,1,696,520,361920,1,,1,0,0,0,stop,13,internvl25-8b-awq,"```json {""count"": 1} ```"
E4,SIMCEPImages_A07_C27_F1_s05_w1,bbbc,cells,0,0,0.0,27,696,520,361920,21,,1,0,0,0,stop,13,internvl25-8b-awq,"```json {""count"": 21} ```"
E4,SIMCEPImages_A08_C31_F1_s05_w2,bbbc,cells,0,0,0.0,31,696,520,361920,12,,1,0,0,0,stop,13,internvl25-8b-awq,"```json {""count"": 12} ```"
E4,SIMCEPImages_A04_C14_F1_s24_w2,bbbc,cells,0,0,0.0,14,696,520,361920,10,,1,0,0,0,stop,13,internvl25-8b-awq,"```json {""count"": 10} ```"
E4,SIMCEPImages_A13_C53_F1_s05_w1,bbbc,cells,0,0,0.0,53,696,520,361920,34,,1,0,0,0,stop,13,internvl25-8b-awq,"```json {""count"": 34} ```"
E4,SIMCEPImages_A12_C48_F1_s09_w1,bbbc,cells,0,0,0.0,48,696,520,361920,30,,1,0,0,0,stop,13,internvl25-8b-awq,"```json {""count"": 30} ```"
E4,SIMCEPImages_A22_C91_F1_s01_w1,bbbc,cells,0,0,0.0,91,696,520,361920,50,,1,0,0,0,stop,13,internvl25-8b-awq,"```json {""count"": 50} ```"
E4,SIMCEPImages_A07_C27_F1_s08_w1,bbbc,cells,0,0,0.0,27,696,520,361920,15,,1,0,0,0,stop,13,internvl25-8b-awq,"```json {""count"": 15} ```"
E4,SIMCEPImages_A19_C78_F1_s15_w2,bbbc,cells,0,0,0.0,78,696,520,361920,20,,1,0,0,0,stop,13,internvl25-8b-awq,"```json {""count"": 20} ```"
E4,SIMCEPImages_A08_C31_F1_s22_w1,bbbc,cells,0,0,0.0,31,696,520,361920,21,,1,0,0,0,stop,13,internvl25-8b-awq,"```json {""count"": 21} ```"
E4,SIMCEPImages_A16_C66_F1_s25_w1,bbbc,cells,0,0,0.0,66,696,520,361920,50,,1,0,0,0,stop,13,internvl25-8b-awq,"```json {""count"": 50} ```"
E4,SIMCEPImages_A04_C14_F1_s05_w2,bbbc,cells,0,0,0.0,14,696,520,361920,10,,1,0,0,0,stop,13,internvl25-8b-awq,"```json {""count"": 10} ```"
E4,SIMCEPImages_A11_C44_F1_s09_w2,bbbc,cells,0,0,0.0,44,696,520,361920,16,,1,0,0,0,stop,13,internvl25-8b-awq,"```json {""count"": 16} ```"
E4,SIMCEPImages_A14_C57_F1_s18_w2,bbbc,cells,0,0,0.0,57,696,520,361920,20,,1,0,0,0,stop,13,internvl25-8b-awq,"```json {""count"": 20} ```"
E4,SIMCEPImages_A02_C5_F1_s13_w2,bbbc,cells,0,0,0.0,5,696,520,361920,5,,1,0,0,0,stop,13,internvl25-8b-awq,"```json {""count"": 5} ```"
E4,SIMCEPImages_A08_C31_F1_s07_w1,bbbc,cells,0,0,0.0,31,696,520,361920,21,,1,0,0,0,stop,13,internvl25-8b-awq,"```json {""count"": 21} ```"
E4,SIMCEPImages_A20_C83_F1_s24_w1,bbbc,cells,0,0,0.0,83,696,520,361920,50,,1,0,0,0,stop,13,internvl25-8b-awq,"```json {""count"": 50} ```"
E4,SIMCEPImages_A19_C78_F1_s01_w2,bbbc,cells,0,0,0.0,78,696,520,361920,15,,1,0,0,0,stop,13,internvl25-8b-awq,"```json {""count"": 15} ```"
E4,SIMCEPImages_A16_C66_F1_s08_w1,bbbc,cells,0,0,0.0,66,696,520,361920,50,,1,0,0,0,stop,13,internvl25-8b-awq,"```json {""count"": 50} ```"
E4,SIMCEPImages_A01_C1_F1_s03_w2,bbbc,cells,0,0,0.0,1,696,520,361920,1,,1,0,0,0,stop,13,internvl25-8b-awq,"```json {""count"": 1} ```"
E4,SIMCEPImages_A10_C40_F1_s09_w2,bbbc,cells,0,0,0.0,40,696,520,361920,16,,1,0,0,0,stop,13,internvl25-8b-awq,"```json {""count"": 16} ```"
E4,SIMCEPImages_A12_C48_F1_s09_w2,bbbc,cells,0,0,0.0,48,696,520,361920,21,,1,0,0,0,stop,13,internvl25-8b-awq,"```json {""count"": 21} ```"
E4,SIMCEPImages_A21_C87_F1_s04_w1,bbbc,cells,0,0,0.0,87,696,520,361920,50,,1,0,0,0,stop,13,internvl25-8b-awq,"```json {""count"": 50} ```"
E4,SIMCEPImages_A17_C70_F1_s08_w1,bbbc,cells,0,0,0.0,70,696,520,361920,50,,1,0,0,0,stop,13,internvl25-8b-awq,"```json {""count"": 50} ```"
E4,SIMCEPImages_A19_C78_F1_s04_w2,bbbc,cells,0,0,0.0,78,696,520,361920,21,,1,0,0,0,stop,13,internvl25-8b-awq,"```json {""count"": 21} ```"
E4,SIMCEPImages_A09_C35_F1_s01_w1,bbbc,cells,0,0,0.0,35,696,520,361920,24,,1,0,0,0,stop,13,internvl25-8b-awq,"```json {""count"": 24} ```"
E4,SIMCEPImages_A08_C31_F1_s24_w2,bbbc,cells,0,0,0.0,31,696,520,361920,16,,1,0,0,0,stop,13,internvl25-8b-awq,"```json {""count"": 16} ```"
E4,SIMCEPImages_A18_C74_F1_s15_w2,bbbc,cells,0,0,0.0,74,696,520,361920,21,,1,0,0,0,stop,13,internvl25-8b-awq,"```json {""count"": 21} ```"
E4,SIMCEPImages_A13_C53_F1_s20_w1,bbbc,cells,0,0,0.0,53,696,520,361920,34,,1,0,0,0,stop,13,internvl25-8b-awq,"```json {""count"": 34} ```"
E4,SIMCEPImages_A06_C23_F1_s06_w1,bbbc,cells,0,0,0.0,23,696,520,361920,21,,1,0,0,0,stop,13,internvl25-8b-awq,"```json {""count"": 21} ```"
E4,SIMCEPImages_A18_C74_F1_s19_w2,bbbc,cells,0,0,0.0,74,696,520,361920,25,,1,0,0,0,stop,13,internvl25-8b-awq,"```json {""count"": 25} ```"
E4,SIMCEPImages_A05_C18_F1_s24_w2,bbbc,cells,0,0,0.0,18,696,520,361920,12,,1,0,0,0,stop,13,internvl25-8b-awq,"```json {""count"": 12} ```"
E4,SIMCEPImages_A19_C78_F1_s11_w2,bbbc,cells,0,0,0.0,78,696,520,361920,15,,1,0,0,0,stop,13,internvl25-8b-awq,"```json {""count"": 15} ```"
E4,SIMCEPImages_A03_C10_F1_s08_w1,bbbc,cells,0,0,0.0,10,696,520,361920,10,,1,0,0,0,stop,13,internvl25-8b-awq,"```json {""count"": 10} ```"
E4,SIMCEPImages_A11_C44_F1_s11_w1,bbbc,cells,0,0,0.0,44,696,520,361920,27,,1,0,0,0,stop,13,internvl25-8b-awq,"```json {""count"": 27} ```"
E4,SIMCEPImages_A10_C40_F1_s19_w2,bbbc,cells,0,0,0.0,40,696,520,361920,20,,1,0,0,0,stop,13,internvl25-8b-awq,"```json {""count"": 20} ```"
E4,SIMCEPImages_A10_C40_F1_s10_w1,bbbc,cells,0,0,0.0,40,696,520,361920,26,,1,0,0,0,stop,13,internvl25-8b-awq,"```json {""count"": 26} ```"
E4,SIMCEPImages_A04_C14_F1_s12_w1,bbbc,cells,0,0,0.0,14,696,520,361920,12,,1,0,0,0,stop,13,internvl25-8b-awq,"```json {""count"": 12} ```"
E4,SIMCEPImages_A08_C31_F1_s21_w2,bbbc,cells,0,0,0.0,31,696,520,361920,16,,1,0,0,0,stop,13,internvl25-8b-awq,"```json {""count"": 16} ```"
E4,SIMCEPImages_A09_C35_F1_s20_w2,bbbc,cells,0,0,0.0,35,696,520,361920,16,,1,0,0,0,stop,13,internvl25-8b-awq,"```json {""count"": 16} ```"
E4,SIMCEPImages_A18_C74_F1_s11_w1,bbbc,cells,0,0,0.0,74,696,520,361920,50,,1,0,0,0,stop,13,internvl25-8b-awq,"```json {""count"": 50} ```"
E4,SIMCEPImages_A16_C66_F1_s05_w1,bbbc,cells,0,0,0.0,66,696,520,361920,50,,1,0,0,0,stop,13,internvl25-8b-awq,"```json {""count"": 50} ```"
E4,SIMCEPImages_A10_C40_F1_s02_w1,bbbc,cells,0,0,0.0,40,696,520,361920,30,,1,0,0,0,stop,13,internvl25-8b-awq,"```json {""count"": 30} ```"
E4,SIMCEPImages_A02_C5_F1_s19_w2,bbbc,cells,0,0,0.0,5,696,520,361920,5,,1,0,0,0,stop,13,internvl25-8b-awq,"```json {""count"": 5} ```"
E4,SIMCEPImages_A07_C27_F1_s02_w1,bbbc,cells,0,0,0.0,27,696,520,361920,16,,1,0,0,0,stop,13,internvl25-8b-awq,"```json {""count"": 16} ```"
E4,SIMCEPImages_A09_C35_F1_s23_w2,bbbc,cells,0,0,0.0,35,696,520,361920,20,,1,0,0,0,stop,13,internvl25-8b-awq,"```json {""count"": 20} ```"
E4,SIMCEPImages_A13_C53_F1_s18_w1,bbbc,cells,0,0,0.0,53,696,520,361920,34,,1,0,0,0,stop,13,internvl25-8b-awq,"```json {""count"": 34} ```"
E4,SIMCEPImages_A24_C100_F1_s16_w2,bbbc,cells,0,0,0.0,100,696,520,361920,20,,1,0,0,0,stop,13,internvl25-8b-awq,"```json {""count"": 20} ```"
E4,SIMCEPImages_A14_C57_F1_s24_w1,bbbc,cells,0,0,0.0,57,696,520,361920,40,,1,0,0,0,stop,13,internvl25-8b-awq,"```json {""count"": 40} ```"
E4,SIMCEPImages_A08_C31_F1_s08_w1,bbbc,cells,0,0,0.0,31,696,520,361920,21,,1,0,0,0,stop,13,internvl25-8b-awq,"```json {""count"": 21} ```"
E4,SIMCEPImages_A09_C35_F1_s09_w1,bbbc,cells,0,0,0.0,35,696,520,361920,24,,1,0,0,0,stop,13,internvl25-8b-awq,"```json {""count"": 24} ```"
E4,SIMCEPImages_A09_C35_F1_s12_w1,bbbc,cells,0,0,0.0,35,696,520,361920,24,,1,0,0,0,stop,13,internvl25-8b-awq,"```json {""count"": 24} ```"
E4,SIMCEPImages_A07_C27_F1_s22_w1,bbbc,cells,0,0,0.0,27,696,520,361920,16,,1,0,0,0,stop,13,internvl25-8b-awq,"```json {""count"": 16} ```"
E4,SIMCEPImages_A13_C53_F1_s20_w2,bbbc,cells,0,0,0.0,53,696,520,361920,25,,1,0,0,0,stop,13,internvl25-8b-awq,"```json {""count"": 25} ```"
E4,SIMCEPImages_A16_C66_F1_s18_w2,bbbc,cells,0,0,0.0,66,696,520,361920,20,,1,0,0,0,stop,13,internvl25-8b-awq,"```json {""count"": 20} ```"
E4,SIMCEPImages_A20_C83_F1_s16_w1,bbbc,cells,0,0,0.0,83,696,520,361920,50,,1,0,0,0,stop,13,internvl25-8b-awq,"```json {""count"": 50} ```"
E4,SIMCEPImages_A24_C100_F1_s20_w1,bbbc,cells,0,0,0.0,100,696,520,361920,85,,1,0,0,0,stop,13,internvl25-8b-awq,"```json {""count"": 85} ```"
E4,SIMCEPImages_A21_C87_F1_s13_w2,bbbc,cells,0,0,0.0,87,696,520,361920,15,,1,0,0,0,stop,13,internvl25-8b-awq,"```json {""count"": 15} ```"
E4,SIMCEPImages_A11_C44_F1_s13_w2,bbbc,cells,0,0,0.0,44,696,520,361920,21,,1,0,0,0,stop,13,internvl25-8b-awq,"```json {""count"": 21} ```"
E4,SIMCEPImages_A15_C61_F1_s18_w2,bbbc,cells,0,0,0.0,61,696,520,361920,20,,1,0,0,0,stop,13,internvl25-8b-awq,"```json {""count"": 20} ```"
E4,SIMCEPImages_A14_C57_F1_s13_w2,bbbc,cells,0,0,0.0,57,696,520,361920,15,,1,0,0,0,stop,13,internvl25-8b-awq,"```json {""count"": 15} ```"
E4,SIMCEPImages_A05_C18_F1_s07_w2,bbbc,cells,0,0,0.0,18,696,520,361920,12,,1,0,0,0,stop,13,internvl25-8b-awq,"```json {""count"": 12} ```"
E4,SIMCEPImages_A08_C31_F1_s02_w2,bbbc,cells,0,0,0.0,31,696,520,361920,15,,1,0,0,0,stop,13,internvl25-8b-awq,"```json {""count"": 15} ```"
E4,SIMCEPImages_A07_C27_F1_s23_w1,bbbc,cells,0,0,0.0,27,696,520,361920,20,,1,0,0,0,stop,13,internvl25-8b-awq,"```json {""count"": 20} ```"
E4,SIMCEPImages_A21_C87_F1_s24_w1,bbbc,cells,0,0,0.0,87,696,520,361920,63,,1,0,0,0,stop,13,internvl25-8b-awq,"```json {""count"": 63} ```"
E4,SIMCEPImages_A13_C53_F1_s16_w2,bbbc,cells,0,0,0.0,53,696,520,361920,21,,1,0,0,0,stop,13,internvl25-8b-awq,"```json {""count"": 21} ```"
E4,SIMCEPImages_A12_C48_F1_s10_w1,bbbc,cells,0,0,0.0,48,696,520,361920,30,,1,0,0,0,stop,13,internvl25-8b-awq,"```json {""count"": 30} ```"
E4,SIMCEPImages_A10_C40_F1_s23_w2,bbbc,cells,0,0,0.0,40,696,520,361920,16,,1,0,0,0,stop,13,internvl25-8b-awq,"```json {""count"": 16} ```"
E4,SIMCEPImages_A03_C10_F1_s16_w2,bbbc,cells,0,0,0.0,10,696,520,361920,10,,1,0,0,0,stop,13,internvl25-8b-awq,"```json {""count"": 10} ```"
E4,SIMCEPImages_A11_C44_F1_s06_w2,bbbc,cells,0,0,0.0,44,696,520,361920,20,,1,0,0,0,stop,13,internvl25-8b-awq,"```json {""count"": 20} ```"
E4,SIMCEPImages_A02_C5_F1_s02_w2,bbbc,cells,0,0,0.0,5,696,520,361920,5,,1,0,0,0,stop,13,internvl25-8b-awq,"```json {""count"": 5} ```"
E4,SIMCEPImages_A17_C70_F1_s11_w1,bbbc,cells,0,0,0.0,70,696,520,361920,50,,1,0,0,0,stop,13,internvl25-8b-awq,"```json {""count"": 50} ```"
E4,SIMCEPImages_A09_C35_F1_s04_w1,bbbc,cells,0,0,0.0,35,696,520,361920,24,,1,0,0,0,stop,13,internvl25-8b-awq,"```json {""count"": 24} ```"
E4,SIMCEPImages_A23_C96_F1_s02_w1,bbbc,cells,0,0,0.0,96,696,520,361920,63,,1,0,0,0,stop,13,internvl25-8b-awq,"```json {""count"": 63} ```"
E4,SIMCEPImages_A22_C91_F1_s11_w2,bbbc,cells,0,0,0.0,91,696,520,361920,15,,1,0,0,0,stop,13,internvl25-8b-awq,"```json {""count"": 15} ```"
E4,SIMCEPImages_A16_C66_F1_s05_w2,bbbc,cells,0,0,0.0,66,696,520,361920,20,,1,0,0,0,stop,13,internvl25-8b-awq,"```json {""count"": 20} ```"
E4,SIMCEPImages_A01_C1_F1_s14_w2,bbbc,cells,0,0,0.0,1,696,520,361920,1,,1,0,0,0,stop,13,internvl25-8b-awq,"```json {""count"": 1} ```"
E4,SIMCEPImages_A18_C74_F1_s04_w1,bbbc,cells,0,0,0.0,74,696,520,361920,42,,1,0,0,0,stop,13,internvl25-8b-awq,"```json {""count"": 42} ```"
E4,SIMCEPImages_A23_C96_F1_s08_w2,bbbc,cells,0,0,0.0,96,696,520,361920,30,,1,0,0,0,stop,13,internvl25-8b-awq,"```json {""count"": 30} ```"
E4,SIMCEPImages_A05_C18_F1_s22_w1,bbbc,cells,0,0,0.0,18,696,520,361920,14,,1,0,0,0,stop,13,internvl25-8b-awq,"```json {""count"": 14} ```"
E4,SIMCEPImages_A21_C87_F1_s03_w1,bbbc,cells,0,0,0.0,87,696,520,361920,50,,1,0,0,0,stop,13,internvl25-8b-awq,"```json {""count"": 50} ```"
E4,SIMCEPImages_A10_C40_F1_s23_w1,bbbc,cells,0,0,0.0,40,696,520,361920,21,,1,0,0,0,stop,13,internvl25-8b-awq,"```json {""count"": 21} ```"
E4,SIMCEPImages_A15_C61_F1_s03_w2,bbbc,cells,0,0,0.0,61,696,520,361920,15,,1,0,0,0,stop,13,internvl25-8b-awq,"```json {""count"": 15} ```"
E4,SIMCEPImages_A09_C35_F1_s06_w1,bbbc,cells,0,0,0.0,35,696,520,361920,24,,1,0,0,0,stop,13,internvl25-8b-awq,"```json {""count"": 24} ```"
E4,SIMCEPImages_A19_C78_F1_s13_w1,bbbc,cells,0,0,0.0,78,696,520,361920,50,,1,0,0,0,stop,13,internvl25-8b-awq,"```json {""count"": 50} ```"
E4,SIMCEPImages_A21_C87_F1_s25_w1,bbbc,cells,0,0,0.0,87,696,520,361920,82,,1,0,0,0,stop,13,internvl25-8b-awq,"```json {""count"": 82} ```"
E4,SIMCEPImages_A09_C35_F1_s05_w2,bbbc,cells,0,0,0.0,35,696,520,361920,15,,1,0,0,0,stop,13,internvl25-8b-awq,"```json {""count"": 15} ```"
E4,SIMCEPImages_A12_C48_F1_s14_w1,bbbc,cells,0,0,0.0,48,696,520,361920,27,,1,0,0,0,stop,13,internvl25-8b-awq,"```json {""count"": 27} ```"
E4,SIMCEPImages_A01_C1_F1_s19_w2,bbbc,cells,0,0,0.0,1,696,520,361920,1,,1,0,0,0,stop,13,internvl25-8b-awq,"```json {""count"": 1} ```"
E4,SIMCEPImages_A22_C91_F1_s10_w2,bbbc,cells,0,0,0.0,91,696,520,361920,15,,1,0,0,0,stop,13,internvl25-8b-awq,"```json {""count"": 15} ```"
E4,SIMCEPImages_A21_C87_F1_s20_w2,bbbc,cells,0,0,0.0,87,696,520,361920,15,,1,0,0,0,stop,13,internvl25-8b-awq,"```json {""count"": 15} ```"
E4,SIMCEPImages_A14_C57_F1_s06_w1,bbbc,cells,0,0,0.0,57,696,520,361920,40,,1,0,0,0,stop,13,internvl25-8b-awq,"```json {""count"": 40} ```"
E4,SIMCEPImages_A08_C31_F1_s25_w1,bbbc,cells,0,0,0.0,31,696,520,361920,21,,1,0,0,0,stop,13,internvl25-8b-awq,"```json {""count"": 21} ```"
E4,SIMCEPImages_A09_C35_F1_s20_w1,bbbc,cells,0,0,0.0,35,696,520,361920,24,,1,0,0,0,stop,13,internvl25-8b-awq,"```json {""count"": 24} ```"
E4,SIMCEPImages_A08_C31_F1_s16_w1,bbbc,cells,0,0,0.0,31,696,520,361920,21,,1,0,0,0,stop,13,internvl25-8b-awq,"```json {""count"": 21} ```"
E4,SIMCEPImages_A15_C61_F1_s03_w1,bbbc,cells,0,0,0.0,61,696,520,361920,34,,1,0,0,0,stop,13,internvl25-8b-awq,"```json {""count"": 34} ```"
E4,SIMCEPImages_A10_C40_F1_s12_w2,bbbc,cells,0,0,0.0,40,696,520,361920,16,,1,0,0,0,stop,13,internvl25-8b-awq,"```json {""count"": 16} ```"
E4,SIMCEPImages_A01_C1_F1_s09_w2,bbbc,cells,0,0,0.0,1,696,520,361920,1,,1,0,0,0,stop,13,internvl25-8b-awq,"```json {""count"": 1} ```"
E4,SIMCEPImages_A06_C23_F1_s09_w1,bbbc,cells,0,0,0.0,23,696,520,361920,15,,1,0,0,0,stop,13,internvl25-8b-awq,"```json {""count"": 15} ```"
E4,SIMCEPImages_A23_C96_F1_s03_w1,bbbc,cells,0,0,0.0,96,696,520,361920,63,,1,0,0,0,stop,13,internvl25-8b-awq,"```json {""count"": 63} ```"
E4,SIMCEPImages_A24_C100_F1_s23_w2,bbbc,cells,0,0,0.0,100,696,520,361920,20,,1,0,0,0,stop,13,internvl25-8b-awq,"```json {""count"": 20} ```"
E4,SIMCEPImages_A02_C5_F1_s21_w1,bbbc,cells,0,0,0.0,5,696,520,361920,5,,1,0,0,0,stop,13,internvl25-8b-awq,"```json {""count"": 5} ```"
E4,SIMCEPImages_A06_C23_F1_s17_w1,bbbc,cells,0,0,0.0,23,696,520,361920,16,,1,0,0,0,stop,13,internvl25-8b-awq,"```json {""count"": 16} ```"
E4,SIMCEPImages_A21_C87_F1_s21_w1,bbbc,cells,0,0,0.0,87,696,520,361920,50,,1,0,0,0,stop,13,internvl25-8b-awq,"```json {""count"": 50} ```"
E4,SIMCEPImages_A09_C35_F1_s17_w2,bbbc,cells,0,0,0.0,35,696,520,361920,16,,1,0,0,0,stop,13,internvl25-8b-awq,"```json {""count"": 16} ```"
E4,SIMCEPImages_A17_C70_F1_s16_w1,bbbc,cells,0,0,0.0,70,696,520,361920,50,,1,0,0,0,stop,13,internvl25-8b-awq,"```json {""count"": 50} ```"
E4,SIMCEPImages_A10_C40_F1_s12_w1,bbbc,cells,0,0,0.0,40,696,520,361920,24,,1,0,0,0,stop,13,internvl25-8b-awq,"```json {""count"": 24} ```"
E4,SIMCEPImages_A12_C48_F1_s06_w1,bbbc,cells,0,0,0.0,48,696,520,361920,30,,1,0,0,0,stop,13,internvl25-8b-awq,"```json {""count"": 30} ```"
E4,SIMCEPImages_A15_C61_F1_s20_w1,bbbc,cells,0,0,0.0,61,696,520,361920,42,,1,0,0,0,stop,13,internvl25-8b-awq,"```json {""count"": 42} ```"
E4,SIMCEPImages_A03_C10_F1_s05_w1,bbbc,cells,0,0,0.0,10,696,520,361920,10,,1,0,0,0,stop,13,internvl25-8b-awq,"```json {""count"": 10} ```"
E4,SIMCEPImages_A22_C91_F1_s18_w2,bbbc,cells,0,0,0.0,91,696,520,361920,14,,1,0,0,0,stop,13,internvl25-8b-awq,"```json {""count"": 14} ```"
E4,SIMCEPImages_A23_C96_F1_s18_w2,bbbc,cells,0,0,0.0,96,696,520,361920,15,,1,0,0,0,stop,13,internvl25-8b-awq,"```json {""count"": 15} ```"
E4,SIMCEPImages_A12_C48_F1_s02_w1,bbbc,cells,0,0,0.0,48,696,520,361920,30,,1,0,0,0,stop,13,internvl25-8b-awq,"```json {""count"": 30} ```"
E4,SIMCEPImages_A21_C87_F1_s15_w2,bbbc,cells,0,0,0.0,87,696,520,361920,25,,1,0,0,0,stop,13,internvl25-8b-awq,"```json {""count"": 25} ```"
E4,SIMCEPImages_A23_C96_F1_s15_w2,bbbc,cells,0,0,0.0,96,696,520,361920,25,,1,0,0,0,stop,13,internvl25-8b-awq,"```json {""count"": 25} ```"
E4,SIMCEPImages_A03_C10_F1_s09_w2,bbbc,cells,0,0,0.0,10,696,520,361920,8,,1,0,0,0,stop,13,internvl25-8b-awq,"```json {""count"": 8} ```"
E4,SIMCEPImages_A03_C10_F1_s17_w2,bbbc,cells,0,0,0.0,10,696,520,361920,8,,1,0,0,0,stop,13,internvl25-8b-awq,"```json {""count"": 8} ```"
E4,SIMCEPImages_A13_C53_F1_s24_w2,bbbc,cells,0,0,0.0,53,696,520,361920,20,,1,0,0,0,stop,13,internvl25-8b-awq,"```json {""count"": 20} ```"
E4,SIMCEPImages_A09_C35_F1_s11_w1,bbbc,cells,0,0,0.0,35,696,520,361920,24,,1,0,0,0,stop,13,internvl25-8b-awq,"```json {""count"": 24} ```"
E4,SIMCEPImages_A06_C23_F1_s04_w2,bbbc,cells,0,0,0.0,23,696,520,361920,15,,1,0,0,0,stop,13,internvl25-8b-awq,"```json {""count"": 15} ```"
E4,SIMCEPImages_A07_C27_F1_s19_w1,bbbc,cells,0,0,0.0,27,696,520,361920,21,,1,0,0,0,stop,13,internvl25-8b-awq,"```json {""count"": 21} ```"
E4,SIMCEPImages_A10_C40_F1_s21_w1,bbbc,cells,0,0,0.0,40,696,520,361920,27,,1,0,0,0,stop,13,internvl25-8b-awq,"```json {""count"": 27} ```"
E4,SIMCEPImages_A07_C27_F1_s22_w2,bbbc,cells,0,0,0.0,27,696,520,361920,14,,1,0,0,0,stop,13,internvl25-8b-awq,"```json {""count"": 14} ```"
E4,SIMCEPImages_A15_C61_F1_s23_w1,bbbc,cells,0,0,0.0,61,696,520,361920,50,,1,0,0,0,stop,13,internvl25-8b-awq,"```json {""count"": 50} ```"
E4,SIMCEPImages_A22_C91_F1_s15_w2,bbbc,cells,0,0,0.0,91,696,520,361920,20,,1,0,0,0,stop,13,internvl25-8b-awq,"```json {""count"": 20} ```"
E4,SIMCEPImages_A12_C48_F1_s02_w2,bbbc,cells,0,0,0.0,48,696,520,361920,20,,1,0,0,0,stop,13,internvl25-8b-awq,"```json {""count"": 20} ```"
E4,SIMCEPImages_A12_C48_F1_s19_w2,bbbc,cells,0,0,0.0,48,696,520,361920,16,,1,0,0,0,stop,13,internvl25-8b-awq,"```json {""count"": 16} ```"
E4,SIMCEPImages_A15_C61_F1_s08_w1,bbbc,cells,0,0,0.0,61,696,520,361920,42,,1,0,0,0,stop,13,internvl25-8b-awq,"```json {""count"": 42} ```"
E4,SIMCEPImages_A15_C61_F1_s11_w1,bbbc,cells,0,0,0.0,61,696,520,361920,40,,1,0,0,0,stop,13,internvl25-8b-awq,"```json {""count"": 40} ```"
E4,SIMCEPImages_A04_C14_F1_s16_w1,bbbc,cells,0,0,0.0,14,696,520,361920,11,,1,0,0,0,stop,13,internvl25-8b-awq,"```json {""count"": 11} ```"
E4,SIMCEPImages_A09_C35_F1_s04_w2,bbbc,cells,0,0,0.0,35,696,520,361920,20,,1,0,0,0,stop,13,internvl25-8b-awq,"```json {""count"": 20} ```"
E4,SIMCEPImages_A24_C100_F1_s22_w1,bbbc,cells,0,0,0.0,100,696,520,361920,85,,1,0,0,0,stop,13,internvl25-8b-awq,"```json {""count"": 85} ```"
E4,SIMCEPImages_A08_C31_F1_s18_w2,bbbc,cells,0,0,0.0,31,696,520,361920,20,,1,0,0,0,stop,13,internvl25-8b-awq,"```json {""count"": 20} ```"
E4,SIMCEPImages_A03_C10_F1_s12_w2,bbbc,cells,0,0,0.0,10,696,520,361920,6,,1,0,0,0,stop,13,internvl25-8b-awq,"```json {""count"": 6} ```"
E4,SIMCEPImages_A01_C1_F1_s13_w2,bbbc,cells,0,0,0.0,1,696,520,361920,1,,1,0,0,0,stop,13,internvl25-8b-awq,"```json {""count"": 1} ```"
E4,SIMCEPImages_A23_C96_F1_s10_w2,bbbc,cells,0,0,0.0,96,696,520,361920,23,,1,0,0,0,stop,13,internvl25-8b-awq,"```json {""count"": 23} ```"
E4,SIMCEPImages_A07_C27_F1_s11_w1,bbbc,cells,0,0,0.0,27,696,520,361920,20,,1,0,0,0,stop,13,internvl25-8b-awq,"```json {""count"": 20} ```"
E4,SIMCEPImages_A05_C18_F1_s17_w2,bbbc,cells,0,0,0.0,18,696,520,361920,12,,1,0,0,0,stop,13,internvl25-8b-awq,"```json {""count"": 12} ```"
E4,SIMCEPImages_A19_C78_F1_s16_w2,bbbc,cells,0,0,0.0,78,696,520,361920,20,,1,0,0,0,stop,13,internvl25-8b-awq,"```json {""count"": 20} ```"
E4,SIMCEPImages_A19_C78_F1_s07_w1,bbbc,cells,0,0,0.0,78,696,520,361920,50,,1,0,0,0,stop,13,internvl25-8b-awq,"```json {""count"": 50} ```"
E4,SIMCEPImages_A05_C18_F1_s04_w1,bbbc,cells,0,0,0.0,18,696,520,361920,12,,1,0,0,0,stop,13,internvl25-8b-awq,"```json {""count"": 12} ```"
E4,SIMCEPImages_A12_C48_F1_s16_w2,bbbc,cells,0,0,0.0,48,696,520,361920,21,,1,0,0,0,stop,13,internvl25-8b-awq,"```json {""count"": 21} ```"
E4,SIMCEPImages_A11_C44_F1_s01_w2,bbbc,cells,0,0,0.0,44,696,520,361920,16,,1,0,0,0,stop,13,internvl25-8b-awq,"```json {""count"": 16} ```"
E4,SIMCEPImages_A19_C78_F1_s20_w2,bbbc,cells,0,0,0.0,78,696,520,361920,25,,1,0,0,0,stop,13,internvl25-8b-awq,"```json {""count"": 25} ```"
E4,SIMCEPImages_A04_C14_F1_s04_w1,bbbc,cells,0,0,0.0,14,696,520,361920,11,,1,0,0,0,stop,13,internvl25-8b-awq,"```json {""count"": 11} ```"
E4,SIMCEPImages_A07_C27_F1_s24_w1,bbbc,cells,0,0,0.0,27,696,520,361920,18,,1,0,0,0,stop,13,internvl25-8b-awq,"```json {""count"": 18} ```"
E4,SIMCEPImages_A03_C10_F1_s04_w2,bbbc,cells,0,0,0.0,10,696,520,361920,7,,1,0,0,0,stop,13,internvl25-8b-awq,"```json {""count"": 7} ```"
E4,SIMCEPImages_A12_C48_F1_s16_w1,bbbc,cells,0,0,0.0,48,696,520,361920,30,,1,0,0,0,stop,13,internvl25-8b-awq,"```json {""count"": 30} ```"
E4,SIMCEPImages_A13_C53_F1_s08_w2,bbbc,cells,0,0,0.0,53,696,520,361920,20,,1,0,0,0,stop,13,internvl25-8b-awq,"```json {""count"": 20} ```"
E4,SIMCEPImages_A08_C31_F1_s02_w1,bbbc,cells,0,0,0.0,31,696,520,361920,16,,1,0,0,0,stop,13,internvl25-8b-awq,"```json {""count"": 16} ```"
E4,SIMCEPImages_A12_C48_F1_s08_w2,bbbc,cells,0,0,0.0,48,696,520,361920,20,,1,0,0,0,stop,13,internvl25-8b-awq,"```json {""count"": 20} ```"
E4,SIMCEPImages_A17_C70_F1_s19_w1,bbbc,cells,0,0,0.0,70,696,520,361920,50,,1,0,0,0,stop,13,internvl25-8b-awq,"```json {""count"": 50} ```"
E4,SIMCEPImages_A21_C87_F1_s09_w2,bbbc,cells,0,0,0.0,87,696,520,361920,20,,1,0,0,0,stop,13,internvl25-8b-awq,"```json {""count"": 20} ```"
E4,SIMCEPImages_A15_C61_F1_s01_w2,bbbc,cells,0,0,0.0,61,696,520,361920,25,,1,0,0,0,stop,13,internvl25-8b-awq,"```json {""count"": 25} ```"
E4,SIMCEPImages_A06_C23_F1_s15_w2,bbbc,cells,0,0,0.0,23,696,520,361920,15,,1,0,0,0,stop,13,internvl25-8b-awq,"```json {""count"": 15} ```"
E4,SIMCEPImages_A12_C48_F1_s11_w1,bbbc,cells,0,0,0.0,48,696,520,361920,30,,1,0,0,0,stop,13,internvl25-8b-awq,"```json {""count"": 30} ```"
E4,SIMCEPImages_A13_C53_F1_s25_w1,bbbc,cells,0,0,0.0,53,696,520,361920,30,,1,0,0,0,stop,13,internvl25-8b-awq,"```json {""count"": 30} ```"
E4,SIMCEPImages_A22_C91_F1_s24_w1,bbbc,cells,0,0,0.0,91,696,520,361920,50,,1,0,0,0,stop,13,internvl25-8b-awq,"```json {""count"": 50} ```"
E4,SIMCEPImages_A06_C23_F1_s23_w2,bbbc,cells,0,0,0.0,23,696,520,361920,10,,1,0,0,0,stop,13,internvl25-8b-awq,"```json {""count"": 10} ```"
E4,SIMCEPImages_A13_C53_F1_s09_w1,bbbc,cells,0,0,0.0,53,696,520,361920,42,,1,0,0,0,stop,13,internvl25-8b-awq,"```json {""count"": 42} ```"
E4,SIMCEPImages_A01_C1_F1_s07_w1,bbbc,cells,0,0,0.0,1,696,520,361920,1,,1,0,0,0,stop,13,internvl25-8b-awq,"```json {""count"": 1} ```"
E4,SIMCEPImages_A09_C35_F1_s08_w1,bbbc,cells,0,0,0.0,35,696,520,361920,24,,1,0,0,0,stop,13,internvl25-8b-awq,"```json {""count"": 24} ```"
E4,SIMCEPImages_A18_C74_F1_s24_w1,bbbc,cells,0,0,0.0,74,696,520,361920,50,,1,0,0,0,stop,13,internvl25-8b-awq,"```json {""count"": 50} ```"
E4,SIMCEPImages_A20_C83_F1_s10_w1,bbbc,cells,0,0,0.0,83,696,520,361920,50,,1,0,0,0,stop,13,internvl25-8b-awq,"```json {""count"": 50} ```"
E4,SIMCEPImages_A02_C5_F1_s17_w2,bbbc,cells,0,0,0.0,5,696,520,361920,5,,1,0,0,0,stop,13,internvl25-8b-awq,"```json {""count"": 5} ```"
E4,SIMCEPImages_A21_C87_F1_s08_w1,bbbc,cells,0,0,0.0,87,696,520,361920,50,,1,0,0,0,stop,13,internvl25-8b-awq,"```json {""count"": 50} ```"
E4,SIMCEPImages_A10_C40_F1_s22_w2,bbbc,cells,0,0,0.0,40,696,520,361920,21,,1,0,0,0,stop,13,internvl25-8b-awq,"```json {""count"": 21} ```"
E4,SIMCEPImages_A04_C14_F1_s08_w2,bbbc,cells,0,0,0.0,14,696,520,361920,10,,1,0,0,0,stop,13,internvl25-8b-awq,"```json {""count"": 10} ```"
E4,SIMCEPImages_A21_C87_F1_s22_w2,bbbc,cells,0,0,0.0,87,696,520,361920,25,,1,0,0,0,stop,13,internvl25-8b-awq,"```json {""count"": 25} ```"
E4,SIMCEPImages_A04_C14_F1_s21_w2,bbbc,cells,0,0,0.0,14,696,520,361920,10,,1,0,0,0,stop,13,internvl25-8b-awq,"```json {""count"": 10} ```"
E4,SIMCEPImages_A20_C83_F1_s24_w2,bbbc,cells,0,0,0.0,83,696,520,361920,20,,1,0,0,0,stop,13,internvl25-8b-awq,"```json {""count"": 20} ```"
E4,SIMCEPImages_A19_C78_F1_s08_w1,bbbc,cells,0,0,0.0,78,696,520,361920,50,,1,0,0,0,stop,13,internvl25-8b-awq,"```json {""count"": 50} ```"
E4,SIMCEPImages_A22_C91_F1_s09_w1,bbbc,cells,0,0,0.0,91,696,520,361920,50,,1,0,0,0,stop,13,internvl25-8b-awq,"```json {""count"": 50} ```"
E4,SIMCEPImages_A16_C66_F1_s16_w1,bbbc,cells,0,0,0.0,66,696,520,361920,50,,1,0,0,0,stop,13,internvl25-8b-awq,"```json {""count"": 50} ```"
E4,SIMCEPImages_A03_C10_F1_s11_w1,bbbc,cells,0,0,0.0,10,696,520,361920,9,,1,0,0,0,stop,13,internvl25-8b-awq,"```json {""count"": 9} ```"
E4,SIMCEPImages_A10_C40_F1_s13_w1,bbbc,cells,0,0,0.0,40,696,520,361920,24,,1,0,0,0,stop,13,internvl25-8b-awq,"```json {""count"": 24} ```"
E4,SIMCEPImages_A07_C27_F1_s01_w2,bbbc,cells,0,0,0.0,27,696,520,361920,12,,1,0,0,0,stop,13,internvl25-8b-awq,"```json {""count"": 12} ```"
E4,SIMCEPImages_A08_C31_F1_s14_w2,bbbc,cells,0,0,0.0,31,696,520,361920,21,,1,0,0,0,stop,13,internvl25-8b-awq,"```json {""count"": 21} ```"
E4,SIMCEPImages_A14_C57_F1_s19_w2,bbbc,cells,0,0,0.0,57,696,520,361920,23,,1,0,0,0,stop,13,internvl25-8b-awq,"```json {""count"": 23} ```"
E4,SIMCEPImages_A04_C14_F1_s07_w2,bbbc,cells,0,0,0.0,14,696,520,361920,11,,1,0,0,0,stop,13,internvl25-8b-awq,"```json {""count"": 11} ```"
E4,SIMCEPImages_A05_C18_F1_s20_w1,bbbc,cells,0,0,0.0,18,696,520,361920,14,,1,0,0,0,stop,13,internvl25-8b-awq,"```json {""count"": 14} ```"
E4,SIMCEPImages_A08_C31_F1_s19_w2,bbbc,cells,0,0,0.0,31,696,520,361920,16,,1,0,0,0,stop,13,internvl25-8b-awq,"```json {""count"": 16} ```"
E4,SIMCEPImages_A10_C40_F1_s08_w1,bbbc,cells,0,0,0.0,40,696,520,361920,26,,1,0,0,0,stop,13,internvl25-8b-awq,"```json {""count"": 26} ```"
E4,SIMCEPImages_A11_C44_F1_s08_w1,bbbc,cells,0,0,0.0,44,696,520,361920,25,,1,0,0,0,stop,13,internvl25-8b-awq,"```json {""count"": 25} ```"
E4,SIMCEPImages_A18_C74_F1_s17_w1,bbbc,cells,0,0,0.0,74,696,520,361920,50,,1,0,0,0,stop,13,internvl25-8b-awq,"```json {""count"": 50} ```"
E4,SIMCEPImages_A15_C61_F1_s06_w1,bbbc,cells,0,0,0.0,61,696,520,361920,42,,1,0,0,0,stop,13,internvl25-8b-awq,"```json {""count"": 42} ```"
E4,SIMCEPImages_A16_C66_F1_s06_w1,bbbc,cells,0,0,0.0,66,696,520,361920,50,,1,0,0,0,stop,13,internvl25-8b-awq,"```json {""count"": 50} ```"
E4,SIMCEPImages_A10_C40_F1_s07_w2,bbbc,cells,0,0,0.0,40,696,520,361920,16,,1,0,0,0,stop,13,internvl25-8b-awq,"```json {""count"": 16} ```"
E4,SIMCEPImages_A04_C14_F1_s02_w2,bbbc,cells,0,0,0.0,14,696,520,361920,10,,1,0,0,0,stop,13,internvl25-8b-awq,"```json {""count"": 10} ```"
E4,SIMCEPImages_A02_C5_F1_s15_w2,bbbc,cells,0,0,0.0,5,696,520,361920,4,,1,0,0,0,stop,13,internvl25-8b-awq,"```json {""count"": 4} ```"
E4,SIMCEPImages_A22_C91_F1_s21_w1,bbbc,cells,0,0,0.0,91,696,520,361920,50,,1,0,0,0,stop,13,internvl25-8b-awq,"```json {""count"": 50} ```"
E4,SIMCEPImages_A09_C35_F1_s11_w2,bbbc,cells,0,0,0.0,35,696,520,361920,16,,1,0,0,0,stop,13,internvl25-8b-awq,"```json {""count"": 16} ```"
E4,SIMCEPImages_A14_C57_F1_s06_w2,bbbc,cells,0,0,0.0,57,696,520,361920,20,,1,0,0,0,stop,13,internvl25-8b-awq,"```json {""count"": 20} ```"
E4,SIMCEPImages_A01_C1_F1_s19_w1,bbbc,cells,0,0,0.0,1,696,520,361920,1,,1,0,0,0,stop,13,internvl25-8b-awq,"```json {""count"": 1} ```"
E4,SIMCEPImages_A09_C35_F1_s22_w1,bbbc,cells,0,0,0.0,35,696,520,361920,24,,1,0,0,0,stop,13,internvl25-8b-awq,"```json {""count"": 24} ```"
E4,SIMCEPImages_A05_C18_F1_s25_w2,bbbc,cells,0,0,0.0,18,696,520,361920,12,,1,0,0,0,stop,13,internvl25-8b-awq,"```json {""count"": 12} ```"
E4,SIMCEPImages_A02_C5_F1_s16_w1,bbbc,cells,0,0,0.0,5,696,520,361920,5,,1,0,0,0,stop,13,internvl25-8b-awq,"```json {""count"": 5} ```"
E4,SIMCEPImages_A15_C61_F1_s25_w2,bbbc,cells,0,0,0.0,61,696,520,361920,22,,1,0,0,0,stop,13,internvl25-8b-awq,"```json {""count"": 22} ```"
E4,SIMCEPImages_A01_C1_F1_s01_w2,bbbc,cells,0,0,0.0,1,696,520,361920,1,,1,0,0,0,stop,13,internvl25-8b-awq,"```json {""count"": 1} ```"
E4,SIMCEPImages_A10_C40_F1_s20_w2,bbbc,cells,0,0,0.0,40,696,520,361920,20,,1,0,0,0,stop,13,internvl25-8b-awq,"```json {""count"": 20} ```"
E4,SIMCEPImages_A11_C44_F1_s12_w2,bbbc,cells,0,0,0.0,44,696,520,361920,20,,1,0,0,0,stop,13,internvl25-8b-awq,"```json {""count"": 20} ```"
E4,SIMCEPImages_A07_C27_F1_s10_w1,bbbc,cells,0,0,0.0,27,696,520,361920,20,,1,0,0,0,stop,13,internvl25-8b-awq,"```json {""count"": 20} ```"
E4,SIMCEPImages_A06_C23_F1_s22_w2,bbbc,cells,0,0,0.0,23,696,520,361920,10,,1,0,0,0,stop,13,internvl25-8b-awq,"```json {""count"": 10} ```"
E4,SIMCEPImages_A01_C1_F1_s02_w1,bbbc,cells,0,0,0.0,1,696,520,361920,1,,1,0,0,0,stop,13,internvl25-8b-awq,"```json {""count"": 1} ```"
E4,SIMCEPImages_A14_C57_F1_s25_w1,bbbc,cells,0,0,0.0,57,696,520,361920,34,,1,0,0,0,stop,13,internvl25-8b-awq,"```json {""count"": 34} ```"
E4,SIMCEPImages_A20_C83_F1_s10_w2,bbbc,cells,0,0,0.0,83,696,520,361920,20,,1,0,0,0,stop,13,internvl25-8b-awq,"```json {""count"": 20} ```"
E4,SIMCEPImages_A17_C70_F1_s21_w1,bbbc,cells,0,0,0.0,70,696,520,361920,42,,1,0,0,0,stop,13,internvl25-8b-awq,"```json {""count"": 42} ```"
E4,SIMCEPImages_A24_C100_F1_s16_w1,bbbc,cells,0,0,0.0,100,696,520,361920,100,,1,0,0,0,stop,13,internvl25-8b-awq,"```json {""count"": 100} ```"
E4,SIMCEPImages_A10_C40_F1_s17_w1,bbbc,cells,0,0,0.0,40,696,520,361920,27,,1,0,0,0,stop,13,internvl25-8b-awq,"```json {""count"": 27} ```"
E4,SIMCEPImages_A18_C74_F1_s22_w1,bbbc,cells,0,0,0.0,74,696,520,361920,50,,1,0,0,0,stop,13,internvl25-8b-awq,"```json {""count"": 50} ```"
E4,SIMCEPImages_A10_C40_F1_s03_w1,bbbc,cells,0,0,0.0,40,696,520,361920,24,,1,0,0,0,stop,13,internvl25-8b-awq,"```json {""count"": 24} ```"
E4,SIMCEPImages_A04_C14_F1_s20_w2,bbbc,cells,0,0,0.0,14,696,520,361920,10,,1,0,0,0,stop,13,internvl25-8b-awq,"```json {""count"": 10} ```"
E4,SIMCEPImages_A20_C83_F1_s25_w1,bbbc,cells,0,0,0.0,83,696,520,361920,50,,1,0,0,0,stop,13,internvl25-8b-awq,"```json {""count"": 50} ```"
E4,SIMCEPImages_A03_C10_F1_s17_w1,bbbc,cells,0,0,0.0,10,696,520,361920,8,,1,0,0,0,stop,13,internvl25-8b-awq,"```json {""count"": 8} ```"
E4,SIMCEPImages_A14_C57_F1_s23_w2,bbbc,cells,0,0,0.0,57,696,520,361920,16,,1,0,0,0,stop,13,internvl25-8b-awq,"```json {""count"": 16} ```"
E4,SIMCEPImages_A14_C57_F1_s02_w1,bbbc,cells,0,0,0.0,57,696,520,361920,50,,1,0,0,0,stop,13,internvl25-8b-awq,"```json {""count"": 50} ```"
E4,SIMCEPImages_A21_C87_F1_s01_w2,bbbc,cells,0,0,0.0,87,696,520,361920,20,,1,0,0,0,stop,13,internvl25-8b-awq,"```json {""count"": 20} ```"
E4,SIMCEPImages_A12_C48_F1_s25_w2,bbbc,cells,0,0,0.0,48,696,520,361920,20,,1,0,0,0,stop,13,internvl25-8b-awq,"```json {""count"": 20} ```"
E4,SIMCEPImages_A09_C35_F1_s13_w1,bbbc,cells,0,0,0.0,35,696,520,361920,21,,1,0,0,0,stop,13,internvl25-8b-awq,"```json {""count"": 21} ```"
E4,SIMCEPImages_A08_C31_F1_s12_w2,bbbc,cells,0,0,0.0,31,696,520,361920,10,,1,0,0,0,stop,13,internvl25-8b-awq,"```json {""count"": 10} ```"
E4,SIMCEPImages_A07_C27_F1_s03_w1,bbbc,cells,0,0,0.0,27,696,520,361920,16,,1,0,0,0,stop,13,internvl25-8b-awq,"```json {""count"": 16} ```"
E4,SIMCEPImages_A16_C66_F1_s08_w2,bbbc,cells,0,0,0.0,66,696,520,361920,21,,1,0,0,0,stop,13,internvl25-8b-awq,"```json {""count"": 21} ```"
E4,SIMCEPImages_A04_C14_F1_s19_w1,bbbc,cells,0,0,0.0,14,696,520,361920,12,,1,0,0,0,stop,13,internvl25-8b-awq,"```json {""count"": 12} ```"
E4,SIMCEPImages_A13_C53_F1_s07_w1,bbbc,cells,0,0,0.0,53,696,520,361920,35,,1,0,0,0,stop,13,internvl25-8b-awq,"```json {""count"": 35} ```"
E4,SIMCEPImages_A02_C5_F1_s06_w1,bbbc,cells,0,0,0.0,5,696,520,361920,5,,1,0,0,0,stop,13,internvl25-8b-awq,"```json {""count"": 5} ```"
E4,SIMCEPImages_A13_C53_F1_s02_w1,bbbc,cells,0,0,0.0,53,696,520,361920,33,,1,0,0,0,stop,13,internvl25-8b-awq,"```json {""count"": 33} ```"
E4,SIMCEPImages_A10_C40_F1_s16_w1,bbbc,cells,0,0,0.0,40,696,520,361920,27,,1,0,0,0,stop,13,internvl25-8b-awq,"```json {""count"": 27} ```"
E4,SIMCEPImages_A20_C83_F1_s16_w2,bbbc,cells,0,0,0.0,83,696,520,361920,20,,1,0,0,0,stop,13,internvl25-8b-awq,"```json {""count"": 20} ```"
E4,SIMCEPImages_A01_C1_F1_s02_w2,bbbc,cells,0,0,0.0,1,696,520,361920,1,,1,0,0,0,stop,13,internvl25-8b-awq,"```json {""count"": 1} ```"
E4,SIMCEPImages_A10_C40_F1_s11_w2,bbbc,cells,0,0,0.0,40,696,520,361920,16,,1,0,0,0,stop,13,internvl25-8b-awq,"```json {""count"": 16} ```"
E4,SIMCEPImages_A05_C18_F1_s21_w1,bbbc,cells,0,0,0.0,18,696,520,361920,15,,1,0,0,0,stop,13,internvl25-8b-awq,"```json {""count"": 15} ```"
E4,SIMCEPImages_A20_C83_F1_s25_w2,bbbc,cells,0,0,0.0,83,696,520,361920,21,,1,0,0,0,stop,13,internvl25-8b-awq,"```json {""count"": 21} ```"
E4,SIMCEPImages_A08_C31_F1_s09_w2,bbbc,cells,0,0,0.0,31,696,520,361920,12,,1,0,0,0,stop,13,internvl25-8b-awq,"```json {""count"": 12} ```"
E4,SIMCEPImages_A14_C57_F1_s16_w2,bbbc,cells,0,0,0.0,57,696,520,361920,20,,1,0,0,0,stop,13,internvl25-8b-awq,"```json {""count"": 20} ```"
E4,SIMCEPImages_A18_C74_F1_s23_w1,bbbc,cells,0,0,0.0,74,696,520,361920,50,,1,0,0,0,stop,13,internvl25-8b-awq,"```json {""count"": 50} ```"
E4,SIMCEPImages_A23_C96_F1_s23_w2,bbbc,cells,0,0,0.0,96,696,520,361920,20,,1,0,0,0,stop,13,internvl25-8b-awq,"```json {""count"": 20} ```"
E4,SIMCEPImages_A05_C18_F1_s18_w2,bbbc,cells,0,0,0.0,18,696,520,361920,12,,1,0,0,0,stop,13,internvl25-8b-awq,"```json {""count"": 12} ```"
E4,SIMCEPImages_A06_C23_F1_s20_w1,bbbc,cells,0,0,0.0,23,696,520,361920,16,,1,0,0,0,stop,13,internvl25-8b-awq,"```json {""count"": 16} ```"
E4,SIMCEPImages_A16_C66_F1_s07_w1,bbbc,cells,0,0,0.0,66,696,520,361920,42,,1,0,0,0,stop,13,internvl25-8b-awq,"```json {""count"": 42} ```"
E4,SIMCEPImages_A15_C61_F1_s22_w1,bbbc,cells,0,0,0.0,61,696,520,361920,35,,1,0,0,0,stop,13,internvl25-8b-awq,"```json {""count"": 35} ```"
E4,SIMCEPImages_A01_C1_F1_s23_w2,bbbc,cells,0,0,0.0,1,696,520,361920,1,,1,0,0,0,stop,13,internvl25-8b-awq,"```json {""count"": 1} ```"
E4,SIMCEPImages_A22_C91_F1_s05_w2,bbbc,cells,0,0,0.0,91,696,520,361920,20,,1,0,0,0,stop,13,internvl25-8b-awq,"```json {""count"": 20} ```"
E4,SIMCEPImages_A21_C87_F1_s12_w2,bbbc,cells,0,0,0.0,87,696,520,361920,23,,1,0,0,0,stop,13,internvl25-8b-awq,"```json {""count"": 23} ```"
E4,SIMCEPImages_A16_C66_F1_s24_w2,bbbc,cells,0,0,0.0,66,696,520,361920,21,,1,0,0,0,stop,13,internvl25-8b-awq,"```json {""count"": 21} ```"
E4,SIMCEPImages_A01_C1_F1_s13_w1,bbbc,cells,0,0,0.0,1,696,520,361920,1,,1,0,0,0,stop,13,internvl25-8b-awq,"```json {""count"": 1} ```"
E4,SIMCEPImages_A19_C78_F1_s20_w1,bbbc,cells,0,0,0.0,78,696,520,361920,50,,1,0,0,0,stop,13,internvl25-8b-awq,"```json {""count"": 50} ```"
E4,SIMCEPImages_A05_C18_F1_s02_w2,bbbc,cells,0,0,0.0,18,696,520,361920,10,,1,0,0,0,stop,13,internvl25-8b-awq,"```json {""count"": 10} ```"
E4,SIMCEPImages_A05_C18_F1_s03_w1,bbbc,cells,0,0,0.0,18,696,520,361920,14,,1,0,0,0,stop,13,internvl25-8b-awq,"```json {""count"": 14} ```"
E4,SIMCEPImages_A08_C31_F1_s08_w2,bbbc,cells,0,0,0.0,31,696,520,361920,14,,1,0,0,0,stop,13,internvl25-8b-awq,"```json {""count"": 14} ```"
E4,SIMCEPImages_A15_C61_F1_s14_w1,bbbc,cells,0,0,0.0,61,696,520,361920,40,,1,0,0,0,stop,13,internvl25-8b-awq,"```json {""count"": 40} ```"
E4,SIMCEPImages_A19_C78_F1_s25_w2,bbbc,cells,0,0,0.0,78,696,520,361920,21,,1,0,0,0,stop,13,internvl25-8b-awq,"```json {""count"": 21} ```"
E4,SIMCEPImages_A02_C5_F1_s16_w2,bbbc,cells,0,0,0.0,5,696,520,361920,5,,1,0,0,0,stop,13,internvl25-8b-awq,"```json {""count"": 5} ```"
E4,SIMCEPImages_A04_C14_F1_s12_w2,bbbc,cells,0,0,0.0,14,696,520,361920,10,,1,0,0,0,stop,13,internvl25-8b-awq,"```json {""count"": 10} ```"
E4,SIMCEPImages_A20_C83_F1_s11_w1,bbbc,cells,0,0,0.0,83,696,520,361920,50,,1,0,0,0,stop,13,internvl25-8b-awq,"```json {""count"": 50} ```"
E4,SIMCEPImages_A13_C53_F1_s16_w1,bbbc,cells,0,0,0.0,53,696,520,361920,35,,1,0,0,0,stop,13,internvl25-8b-awq,"```json {""count"": 35} ```"
E4,SIMCEPImages_A22_C91_F1_s02_w1,bbbc,cells,0,0,0.0,91,696,520,361920,63,,1,0,0,0,stop,13,internvl25-8b-awq,"```json {""count"": 63} ```"
E4,SIMCEPImages_A11_C44_F1_s06_w1,bbbc,cells,0,0,0.0,44,696,520,361920,30,,1,0,0,0,stop,13,internvl25-8b-awq,"```json {""count"": 30} ```"
E4,SIMCEPImages_A03_C10_F1_s25_w1,bbbc,cells,0,0,0.0,10,696,520,361920,10,,1,0,0,0,stop,13,internvl25-8b-awq,"```json {""count"": 10} ```"
E4,SIMCEPImages_A08_C31_F1_s07_w2,bbbc,cells,0,0,0.0,31,696,520,361920,15,,1,0,0,0,stop,13,internvl25-8b-awq,"```json {""count"": 15} ```"
E4,SIMCEPImages_A15_C61_F1_s12_w1,bbbc,cells,0,0,0.0,61,696,520,361920,50,,1,0,0,0,stop,13,internvl25-8b-awq,"```json {""count"": 50} ```"
E4,SIMCEPImages_A12_C48_F1_s21_w1,bbbc,cells,0,0,0.0,48,696,520,361920,30,,1,0,0,0,stop,13,internvl25-8b-awq,"```json {""count"": 30} ```"
E4,SIMCEPImages_A05_C18_F1_s23_w2,bbbc,cells,0,0,0.0,18,696,520,361920,14,,1,0,0,0,stop,13,internvl25-8b-awq,"```json {""count"": 14} ```"
E4,SIMCEPImages_A08_C31_F1_s12_w1,bbbc,cells,0,0,0.0,31,696,520,361920,21,,1,0,0,0,stop,13,internvl25-8b-awq,"```json {""count"": 21} ```"
E4,SIMCEPImages_A05_C18_F1_s22_w2,bbbc,cells,0,0,0.0,18,696,520,361920,12,,1,0,0,0,stop,13,internvl25-8b-awq,"```json {""count"": 12} ```"
E4,SIMCEPImages_A02_C5_F1_s01_w1,bbbc,cells,0,0,0.0,5,696,520,361920,5,,1,0,0,0,stop,13,internvl25-8b-awq,"```json {""count"": 5} ```"
E4,SIMCEPImages_A18_C74_F1_s10_w1,bbbc,cells,0,0,0.0,74,696,520,361920,50,,1,0,0,0,stop,13,internvl25-8b-awq,"```json {""count"": 50} ```"
E4,SIMCEPImages_A11_C44_F1_s07_w2,bbbc,cells,0,0,0.0,44,696,520,361920,20,,1,0,0,0,stop,13,internvl25-8b-awq,"```json {""count"": 20} ```"
E4,SIMCEPImages_A14_C57_F1_s08_w2,bbbc,cells,0,0,0.0,57,696,520,361920,15,,1,0,0,0,stop,13,internvl25-8b-awq,"```json {""count"": 15} ```"
E4,SIMCEPImages_A18_C74_F1_s18_w1,bbbc,cells,0,0,0.0,74,696,520,361920,50,,1,0,0,0,stop,13,internvl25-8b-awq,"```json {""count"": 50} ```"
E4,SIMCEPImages_A20_C83_F1_s13_w2,bbbc,cells,0,0,0.0,83,696,520,361920,25,,1,0,0,0,stop,13,internvl25-8b-awq,"```json {""count"": 25} ```"
E4,SIMCEPImages_A13_C53_F1_s21_w2,bbbc,cells,0,0,0.0,53,696,520,361920,20,,1,0,0,0,stop,13,internvl25-8b-awq,"```json {""count"": 20} ```"
E4,SIMCEPImages_A12_C48_F1_s04_w1,bbbc,cells,0,0,0.0,48,696,520,361920,30,,1,0,0,0,stop,13,internvl25-8b-awq,"```json {""count"": 30} ```"
E4,SIMCEPImages_A21_C87_F1_s11_w2,bbbc,cells,0,0,0.0,87,696,520,361920,23,,1,0,0,0,stop,13,internvl25-8b-awq,"```json {""count"": 23} ```"
E4,SIMCEPImages_A21_C87_F1_s02_w1,bbbc,cells,0,0,0.0,87,696,520,361920,50,,1,0,0,0,stop,13,internvl25-8b-awq,"```json {""count"": 50} ```"
E4,SIMCEPImages_A18_C74_F1_s16_w2,bbbc,cells,0,0,0.0,74,696,520,361920,20,,1,0,0,0,stop,13,internvl25-8b-awq,"```json {""count"": 20} ```"
E4,SIMCEPImages_A06_C23_F1_s18_w1,bbbc,cells,0,0,0.0,23,696,520,361920,15,,1,0,0,0,stop,13,internvl25-8b-awq,"```json {""count"": 15} ```"
E4,SIMCEPImages_A07_C27_F1_s06_w2,bbbc,cells,0,0,0.0,27,696,520,361920,14,,1,0,0,0,stop,13,internvl25-8b-awq,"```json {""count"": 14} ```"
E4,SIMCEPImages_A20_C83_F1_s21_w2,bbbc,cells,0,0,0.0,83,696,520,361920,23,,1,0,0,0,stop,13,internvl25-8b-awq,"```json {""count"": 23} ```"
E4,SIMCEPImages_A23_C96_F1_s10_w1,bbbc,cells,0,0,0.0,96,696,520,361920,85,,1,0,0,0,stop,13,internvl25-8b-awq,"```json {""count"": 85} ```"
E4,SIMCEPImages_A09_C35_F1_s23_w1,bbbc,cells,0,0,0.0,35,696,520,361920,21,,1,0,0,0,stop,13,internvl25-8b-awq,"```json {""count"": 21} ```"
E4,SIMCEPImages_A10_C40_F1_s10_w2,bbbc,cells,0,0,0.0,40,696,520,361920,20,,1,0,0,0,stop,13,internvl25-8b-awq,"```json {""count"": 20} ```"
E4,SIMCEPImages_A12_C48_F1_s12_w2,bbbc,cells,0,0,0.0,48,696,520,361920,21,,1,0,0,0,stop,13,internvl25-8b-awq,"```json {""count"": 21} ```"
E4,SIMCEPImages_A01_C1_F1_s04_w1,bbbc,cells,0,0,0.0,1,696,520,361920,1,,1,0,0,0,stop,13,internvl25-8b-awq,"```json {""count"": 1} ```"
E4,SIMCEPImages_A17_C70_F1_s09_w2,bbbc,cells,0,0,0.0,70,696,520,361920,16,,1,0,0,0,stop,13,internvl25-8b-awq,"```json {""count"": 16} ```"
E4,SIMCEPImages_A14_C57_F1_s12_w1,bbbc,cells,0,0,0.0,57,696,520,361920,42,,1,0,0,0,stop,13,internvl25-8b-awq,"```json {""count"": 42} ```"
E4,SIMCEPImages_A22_C91_F1_s07_w2,bbbc,cells,0,0,0.0,91,696,520,361920,15,,1,0,0,0,stop,13,internvl25-8b-awq,"```json {""count"": 15} ```"
E4,SIMCEPImages_A20_C83_F1_s22_w2,bbbc,cells,0,0,0.0,83,696,520,361920,25,,1,0,0,0,stop,13,internvl25-8b-awq,"```json {""count"": 25} ```"
E4,SIMCEPImages_A14_C57_F1_s15_w2,bbbc,cells,0,0,0.0,57,696,520,361920,16,,1,0,0,0,stop,13,internvl25-8b-awq,"```json {""count"": 16} ```"
E4,SIMCEPImages_A13_C53_F1_s13_w2,bbbc,cells,0,0,0.0,53,696,520,361920,20,,1,0,0,0,stop,13,internvl25-8b-awq,"```json {""count"": 20} ```"
E4,SIMCEPImages_A10_C40_F1_s17_w2,bbbc,cells,0,0,0.0,40,696,520,361920,16,,1,0,0,0,stop,13,internvl25-8b-awq,"```json {""count"": 16} ```"
E4,SIMCEPImages_A17_C70_F1_s16_w2,bbbc,cells,0,0,0.0,70,696,520,361920,25,,1,0,0,0,stop,13,internvl25-8b-awq,"```json {""count"": 25} ```"
E4,SIMCEPImages_A13_C53_F1_s12_w1,bbbc,cells,0,0,0.0,53,696,520,361920,33,,1,0,0,0,stop,13,internvl25-8b-awq,"```json {""count"": 33} ```"
E4,SIMCEPImages_A10_C40_F1_s14_w1,bbbc,cells,0,0,0.0,40,696,520,361920,24,,1,0,0,0,stop,13,internvl25-8b-awq,"```json {""count"": 24} ```"
E4,SIMCEPImages_A03_C10_F1_s16_w1,bbbc,cells,0,0,0.0,10,696,520,361920,10,,1,0,0,0,stop,13,internvl25-8b-awq,"```json {""count"": 10} ```"
E4,SIMCEPImages_A17_C70_F1_s20_w2,bbbc,cells,0,0,0.0,70,696,520,361920,20,,1,0,0,0,stop,13,internvl25-8b-awq,"```json {""count"": 20} ```"
E4,SIMCEPImages_A22_C91_F1_s23_w1,bbbc,cells,0,0,0.0,91,696,520,361920,62,,1,0,0,0,stop,13,internvl25-8b-awq,"```json {""count"": 62} ```"
E4,SIMCEPImages_A24_C100_F1_s17_w1,bbbc,cells,0,0,0.0,100,696,520,361920,63,,1,0,0,0,stop,13,internvl25-8b-awq,"```json {""count"": 63} ```"
E4,SIMCEPImages_A19_C78_F1_s05_w1,bbbc,cells,0,0,0.0,78,696,520,361920,50,,1,0,0,0,stop,13,internvl25-8b-awq,"```json {""count"": 50} ```"
E4,SIMCEPImages_A20_C83_F1_s07_w1,bbbc,cells,0,0,0.0,83,696,520,361920,50,,1,0,0,0,stop,13,internvl25-8b-awq,"```json {""count"": 50} ```"
E4,SIMCEPImages_A19_C78_F1_s24_w2,bbbc,cells,0,0,0.0,78,696,520,361920,20,,1,0,0,0,stop,13,internvl25-8b-awq,"```json {""count"": 20} ```"
E4,SIMCEPImages_A09_C35_F1_s16_w2,bbbc,cells,0,0,0.0,35,696,520,361920,20,,1,0,0,0,stop,13,internvl25-8b-awq,"```json {""count"": 20} ```"
E4,SIMCEPImages_A07_C27_F1_s20_w1,bbbc,cells,0,0,0.0,27,696,520,361920,20,,1,0,0,0,stop,13,internvl25-8b-awq,"```json {""count"": 20} ```"
E4,SIMCEPImages_A22_C91_F1_s11_w1,bbbc,cells,0,0,0.0,91,696,520,361920,62,,1,0,0,0,stop,13,internvl25-8b-awq,"```json {""count"": 62} ```"
E4,SIMCEPImages_A15_C61_F1_s19_w2,bbbc,cells,0,0,0.0,61,696,520,361920,20,,1,0,0,0,stop,13,internvl25-8b-awq,"```json {""count"": 20} ```"
E4,SIMCEPImages_A02_C5_F1_s19_w1,bbbc,cells,0,0,0.0,5,696,520,361920,5,,1,0,0,0,stop,13,internvl25-8b-awq,"```json {""count"": 5} ```"
E4,SIMCEPImages_A20_C83_F1_s07_w2,bbbc,cells,0,0,0.0,83,696,520,361920,23,,1,0,0,0,stop,13,internvl25-8b-awq,"```json {""count"": 23} ```"
E4,SIMCEPImages_A01_C1_F1_s21_w2,bbbc,cells,0,0,0.0,1,696,520,361920,1,,1,0,0,0,stop,13,internvl25-8b-awq,"```json {""count"": 1} ```"
E4,SIMCEPImages_A15_C61_F1_s19_w1,bbbc,cells,0,0,0.0,61,696,520,361920,42,,1,0,0,0,stop,13,internvl25-8b-awq,"```json {""count"": 42} ```"
E4,SIMCEPImages_A17_C70_F1_s20_w1,bbbc,cells,0,0,0.0,70,696,520,361920,50,,1,0,0,0,stop,13,internvl25-8b-awq,"```json {""count"": 50} ```"
E4,SIMCEPImages_A04_C14_F1_s11_w2,bbbc,cells,0,0,0.0,14,696,520,361920,9,,1,0,0,0,stop,13,internvl25-8b-awq,"```json {""count"": 9} ```"
E4,SIMCEPImages_A23_C96_F1_s16_w1,bbbc,cells,0,0,0.0,96,696,520,361920,50,,1,0,0,0,stop,13,internvl25-8b-awq,"```json {""count"": 50} ```"
E4,SIMCEPImages_A11_C44_F1_s14_w1,bbbc,cells,0,0,0.0,44,696,520,361920,30,,1,0,0,0,stop,13,internvl25-8b-awq,"```json {""count"": 30} ```"
E4,SIMCEPImages_A14_C57_F1_s20_w2,bbbc,cells,0,0,0.0,57,696,520,361920,21,,1,0,0,0,stop,13,internvl25-8b-awq,"```json {""count"": 21} ```"
E4,SIMCEPImages_A13_C53_F1_s03_w1,bbbc,cells,0,0,0.0,53,696,520,361920,35,,1,0,0,0,stop,13,internvl25-8b-awq,"```json {""count"": 35} ```"
E4,SIMCEPImages_A08_C31_F1_s23_w1,bbbc,cells,0,0,0.0,31,696,520,361920,21,,1,0,0,0,stop,13,internvl25-8b-awq,"```json {""count"": 21} ```"
E4,SIMCEPImages_A15_C61_F1_s07_w1,bbbc,cells,0,0,0.0,61,696,520,361920,50,,1,0,0,0,stop,13,internvl25-8b-awq,"```json {""count"": 50} ```"
E4,SIMCEPImages_A02_C5_F1_s05_w1,bbbc,cells,0,0,0.0,5,696,520,361920,5,,1,0,0,0,stop,13,internvl25-8b-awq,"```json {""count"": 5} ```"
E4,SIMCEPImages_A05_C18_F1_s24_w1,bbbc,cells,0,0,0.0,18,696,520,361920,16,,1,0,0,0,stop,13,internvl25-8b-awq,"```json {""count"": 16} ```"
E4,SIMCEPImages_A02_C5_F1_s20_w1,bbbc,cells,0,0,0.0,5,696,520,361920,7,,1,0,0,0,stop,13,internvl25-8b-awq,"```json {""count"": 7} ```"
E4,SIMCEPImages_A17_C70_F1_s25_w1,bbbc,cells,0,0,0.0,70,696,520,361920,42,,1,0,0,0,stop,13,internvl25-8b-awq,"```json {""count"": 42} ```"
E4,SIMCEPImages_A08_C31_F1_s19_w1,bbbc,cells,0,0,0.0,31,696,520,361920,21,,1,0,0,0,stop,13,internvl25-8b-awq,"```json {""count"": 21} ```"
E4,SIMCEPImages_A05_C18_F1_s01_w2,bbbc,cells,0,0,0.0,18,696,520,361920,12,,1,0,0,0,stop,13,internvl25-8b-awq,"```json {""count"": 12} ```"
E4,SIMCEPImages_A24_C100_F1_s12_w1,bbbc,cells,0,0,0.0,100,696,520,361920,50,,1,0,0,0,stop,13,internvl25-8b-awq,"```json {""count"": 50} ```"
E4,SIMCEPImages_A04_C14_F1_s23_w1,bbbc,cells,0,0,0.0,14,696,520,361920,12,,1,0,0,0,stop,13,internvl25-8b-awq,"```json {""count"": 12} ```"
E4,SIMCEPImages_A20_C83_F1_s09_w2,bbbc,cells,0,0,0.0,83,696,520,361920,15,,1,0,0,0,stop,13,internvl25-8b-awq,"```json {""count"": 15} ```"
E4,SIMCEPImages_A01_C1_F1_s10_w1,bbbc,cells,0,0,0.0,1,696,520,361920,1,,1,0,0,0,stop,13,internvl25-8b-awq,"```json {""count"": 1} ```"
E4,SIMCEPImages_A23_C96_F1_s22_w1,bbbc,cells,0,0,0.0,96,696,520,361920,63,,1,0,0,0,stop,13,internvl25-8b-awq,"```json {""count"": 63} ```"
E4,SIMCEPImages_A06_C23_F1_s19_w1,bbbc,cells,0,0,0.0,23,696,520,361920,15,,1,0,0,0,stop,13,internvl25-8b-awq,"```json {""count"": 15} ```"
E4,SIMCEPImages_A03_C10_F1_s07_w1,bbbc,cells,0,0,0.0,10,696,520,361920,9,,1,0,0,0,stop,13,internvl25-8b-awq,"```json {""count"": 9} ```"
E4,SIMCEPImages_A15_C61_F1_s15_w2,bbbc,cells,0,0,0.0,61,696,520,361920,20,,1,0,0,0,stop,13,internvl25-8b-awq,"```json {""count"": 20} ```"
E4,SIMCEPImages_A01_C1_F1_s05_w1,bbbc,cells,0,0,0.0,1,696,520,361920,1,,1,0,0,0,stop,13,internvl25-8b-awq,"```json {""count"": 1} ```"
E4,SIMCEPImages_A07_C27_F1_s12_w2,bbbc,cells,0,0,0.0,27,696,520,361920,16,,1,0,0,0,stop,13,internvl25-8b-awq,"```json {""count"": 16} ```"
E4,SIMCEPImages_A06_C23_F1_s11_w1,bbbc,cells,0,0,0.0,23,696,520,361920,14,,1,0,0,0,stop,13,internvl25-8b-awq,"```json {""count"": 14} ```"
E4,SIMCEPImages_A24_C100_F1_s10_w1,bbbc,cells,0,0,0.0,100,696,520,361920,84,,1,0,0,0,stop,13,internvl25-8b-awq,"```json {""count"": 84} ```"
E4,SIMCEPImages_A23_C96_F1_s19_w1,bbbc,cells,0,0,0.0,96,696,520,361920,50,,1,0,0,0,stop,13,internvl25-8b-awq,"```json {""count"": 50} ```"
E4,SIMCEPImages_A23_C96_F1_s17_w2,bbbc,cells,0,0,0.0,96,696,520,361920,20,,1,0,0,0,stop,13,internvl25-8b-awq,"```json {""count"": 20} ```"
E4,SIMCEPImages_A22_C91_F1_s17_w2,bbbc,cells,0,0,0.0,91,696,520,361920,20,,1,0,0,0,stop,13,internvl25-8b-awq,"```json {""count"": 20} ```"
E4,SIMCEPImages_A18_C74_F1_s01_w1,bbbc,cells,0,0,0.0,74,696,520,361920,50,,1,0,0,0,stop,13,internvl25-8b-awq,"```json {""count"": 50} ```"
E4,SIMCEPImages_A20_C83_F1_s08_w2,bbbc,cells,0,0,0.0,83,696,520,361920,25,,1,0,0,0,stop,13,internvl25-8b-awq,"```json {""count"": 25} ```"
E4,SIMCEPImages_A19_C78_F1_s06_w2,bbbc,cells,0,0,0.0,78,696,520,361920,20,,1,0,0,0,stop,13,internvl25-8b-awq,"```json {""count"": 20} ```"
E4,SIMCEPImages_A05_C18_F1_s08_w1,bbbc,cells,0,0,0.0,18,696,520,361920,15,,1,0,0,0,stop,13,internvl25-8b-awq,"```json {""count"": 15} ```"
E4,SIMCEPImages_A18_C74_F1_s21_w2,bbbc,cells,0,0,0.0,74,696,520,361920,20,,1,0,0,0,stop,13,internvl25-8b-awq,"```json {""count"": 20} ```"
E4,SIMCEPImages_A15_C61_F1_s24_w2,bbbc,cells,0,0,0.0,61,696,520,361920,21,,1,0,0,0,stop,13,internvl25-8b-awq,"```json {""count"": 21} ```"
E4,SIMCEPImages_A13_C53_F1_s17_w1,bbbc,cells,0,0,0.0,53,696,520,361920,40,,1,0,0,0,stop,13,internvl25-8b-awq,"```json {""count"": 40} ```"
E4,SIMCEPImages_A02_C5_F1_s11_w1,bbbc,cells,0,0,0.0,5,696,520,361920,5,,1,0,0,0,stop,13,internvl25-8b-awq,"```json {""count"": 5} ```"
E4,SIMCEPImages_A23_C96_F1_s13_w1,bbbc,cells,0,0,0.0,96,696,520,361920,85,,1,0,0,0,stop,13,internvl25-8b-awq,"```json {""count"": 85} ```"
E4,SIMCEPImages_A02_C5_F1_s09_w1,bbbc,cells,0,0,0.0,5,696,520,361920,5,,1,0,0,0,stop,13,internvl25-8b-awq,"```json {""count"": 5} ```"
E4,SIMCEPImages_A04_C14_F1_s07_w1,bbbc,cells,0,0,0.0,14,696,520,361920,12,,1,0,0,0,stop,13,internvl25-8b-awq,"```json {""count"": 12} ```"
E4,SIMCEPImages_A03_C10_F1_s03_w1,bbbc,cells,0,0,0.0,10,696,520,361920,7,,1,0,0,0,stop,13,internvl25-8b-awq,"```json {""count"": 7} ```"
E4,SIMCEPImages_A14_C57_F1_s21_w2,bbbc,cells,0,0,0.0,57,696,520,361920,16,,1,0,0,0,stop,13,internvl25-8b-awq,"```json {""count"": 16} ```"
E4,SIMCEPImages_A24_C100_F1_s13_w1,bbbc,cells,0,0,0.0,100,696,520,361920,63,,1,0,0,0,stop,13,internvl25-8b-awq,"```json {""count"": 63} ```"
E4,SIMCEPImages_A14_C57_F1_s14_w2,bbbc,cells,0,0,0.0,57,696,520,361920,20,,1,0,0,0,stop,13,internvl25-8b-awq,"```json {""count"": 20} ```"
E4,SIMCEPImages_A03_C10_F1_s21_w2,bbbc,cells,0,0,0.0,10,696,520,361920,8,,1,0,0,0,stop,13,internvl25-8b-awq,"```json {""count"": 8} ```"
E4,SIMCEPImages_A21_C87_F1_s23_w1,bbbc,cells,0,0,0.0,87,696,520,361920,50,,1,0,0,0,stop,13,internvl25-8b-awq,"```json {""count"": 50} ```"
E4,SIMCEPImages_A06_C23_F1_s02_w1,bbbc,cells,0,0,0.0,23,696,520,361920,16,,1,0,0,0,stop,13,internvl25-8b-awq,"```json {""count"": 16} ```"
E4,SIMCEPImages_A14_C57_F1_s17_w2,bbbc,cells,0,0,0.0,57,696,520,361920,20,,1,0,0,0,stop,13,internvl25-8b-awq,"```json {""count"": 20} ```"
E4,SIMCEPImages_A11_C44_F1_s01_w1,bbbc,cells,0,0,0.0,44,696,520,361920,27,,1,0,0,0,stop,13,internvl25-8b-awq,"```json {""count"": 27} ```"
E4,SIMCEPImages_A16_C66_F1_s02_w2,bbbc,cells,0,0,0.0,66,696,520,361920,20,,1,0,0,0,stop,13,internvl25-8b-awq,"```json {""count"": 20} ```"
E4,SIMCEPImages_A08_C31_F1_s01_w2,bbbc,cells,0,0,0.0,31,696,520,361920,12,,1,0,0,0,stop,13,internvl25-8b-awq,"```json {""count"": 12} ```"
E4,SIMCEPImages_A08_C31_F1_s06_w1,bbbc,cells,0,0,0.0,31,696,520,361920,21,,1,0,0,0,stop,13,internvl25-8b-awq,"```json {""count"": 21} ```"
E4,SIMCEPImages_A03_C10_F1_s24_w1,bbbc,cells,0,0,0.0,10,696,520,361920,10,,1,0,0,0,stop,13,internvl25-8b-awq,"```json {""count"": 10} ```"
E4,SIMCEPImages_A22_C91_F1_s19_w2,bbbc,cells,0,0,0.0,91,696,520,361920,20,,1,0,0,0,stop,13,internvl25-8b-awq,"```json {""count"": 20} ```"
E4,SIMCEPImages_A03_C10_F1_s05_w2,bbbc,cells,0,0,0.0,10,696,520,361920,9,,1,0,0,0,stop,13,internvl25-8b-awq,"```json {""count"": 9} ```"
E4,SIMCEPImages_A04_C14_F1_s22_w2,bbbc,cells,0,0,0.0,14,696,520,361920,10,,1,0,0,0,stop,13,internvl25-8b-awq,"```json {""count"": 10} ```"
E4,SIMCEPImages_A05_C18_F1_s17_w1,bbbc,cells,0,0,0.0,18,696,520,361920,14,,1,0,0,0,stop,13,internvl25-8b-awq,"```json {""count"": 14} ```"
E4,SIMCEPImages_A15_C61_F1_s06_w2,bbbc,cells,0,0,0.0,61,696,520,361920,21,,1,0,0,0,stop,13,internvl25-8b-awq,"```json {""count"": 21} ```"
E4,SIMCEPImages_A22_C91_F1_s15_w1,bbbc,cells,0,0,0.0,91,696,520,361920,50,,1,0,0,0,stop,13,internvl25-8b-awq,"```json {""count"": 50} ```"
E4,SIMCEPImages_A20_C83_F1_s01_w1,bbbc,cells,0,0,0.0,83,696,520,361920,50,,1,0,0,0,stop,13,internvl25-8b-awq,"```json {""count"": 50} ```"
E4,SIMCEPImages_A03_C10_F1_s21_w1,bbbc,cells,0,0,0.0,10,696,520,361920,10,,1,0,0,0,stop,13,internvl25-8b-awq,"```json {""count"": 10} ```"
E4,SIMCEPImages_A24_C100_F1_s15_w1,bbbc,cells,0,0,0.0,100,696,520,361920,100,,1,0,0,0,stop,13,internvl25-8b-awq,"```json {""count"": 100} ```"
E4,SIMCEPImages_A23_C96_F1_s24_w2,bbbc,cells,0,0,0.0,96,696,520,361920,25,,1,0,0,0,stop,13,internvl25-8b-awq,"```json {""count"": 25} ```"
E4,SIMCEPImages_A11_C44_F1_s18_w1,bbbc,cells,0,0,0.0,44,696,520,361920,25,,1,0,0,0,stop,13,internvl25-8b-awq,"```json {""count"": 25} ```"
E4,SIMCEPImages_A13_C53_F1_s04_w2,bbbc,cells,0,0,0.0,53,696,520,361920,25,,1,0,0,0,stop,13,internvl25-8b-awq,"```json {""count"": 25} ```"
E4,SIMCEPImages_A13_C53_F1_s01_w2,bbbc,cells,0,0,0.0,53,696,520,361920,20,,1,0,0,0,stop,13,internvl25-8b-awq,"```json {""count"": 20} ```"
E4,SIMCEPImages_A01_C1_F1_s12_w1,bbbc,cells,0,0,0.0,1,696,520,361920,1,,1,0,0,0,stop,13,internvl25-8b-awq,"```json {""count"": 1} ```"
E4,SIMCEPImages_A02_C5_F1_s18_w2,bbbc,cells,0,0,0.0,5,696,520,361920,5,,1,0,0,0,stop,13,internvl25-8b-awq,"```json {""count"": 5} ```"
E4,SIMCEPImages_A07_C27_F1_s09_w2,bbbc,cells,0,0,0.0,27,696,520,361920,14,,1,0,0,0,stop,13,internvl25-8b-awq,"```json {""count"": 14} ```"
E4,SIMCEPImages_A01_C1_F1_s06_w2,bbbc,cells,0,0,0.0,1,696,520,361920,1,,1,0,0,0,stop,13,internvl25-8b-awq,"```json {""count"": 1} ```"
E4,SIMCEPImages_A09_C35_F1_s06_w2,bbbc,cells,0,0,0.0,35,696,520,361920,14,,1,0,0,0,stop,13,internvl25-8b-awq,"```json {""count"": 14} ```"
E4,SIMCEPImages_A15_C61_F1_s20_w2,bbbc,cells,0,0,0.0,61,696,520,361920,21,,1,0,0,0,stop,13,internvl25-8b-awq,"```json {""count"": 21} ```"
E4,SIMCEPImages_A18_C74_F1_s25_w2,bbbc,cells,0,0,0.0,74,696,520,361920,22,,1,0,0,0,stop,13,internvl25-8b-awq,"```json {""count"": 22} ```"
E4,SIMCEPImages_A15_C61_F1_s05_w1,bbbc,cells,0,0,0.0,61,696,520,361920,42,,1,0,0,0,stop,13,internvl25-8b-awq,"```json {""count"": 42} ```"
E4,SIMCEPImages_A10_C40_F1_s01_w2,bbbc,cells,0,0,0.0,40,696,520,361920,16,,1,0,0,0,stop,13,internvl25-8b-awq,"```json {""count"": 16} ```"
E4,SIMCEPImages_A24_C100_F1_s22_w2,bbbc,cells,0,0,0.0,100,696,520,361920,15,,1,0,0,0,stop,13,internvl25-8b-awq,"```json {""count"": 15} ```"
E4,SIMCEPImages_A22_C91_F1_s04_w2,bbbc,cells,0,0,0.0,91,696,520,361920,16,,1,0,0,0,stop,13,internvl25-8b-awq,"```json {""count"": 16} ```"
E4,SIMCEPImages_A17_C70_F1_s04_w1,bbbc,cells,0,0,0.0,70,696,520,361920,42,,1,0,0,0,stop,13,internvl25-8b-awq,"```json {""count"": 42} ```"
E4,SIMCEPImages_A19_C78_F1_s17_w2,bbbc,cells,0,0,0.0,78,696,520,361920,20,,1,0,0,0,stop,13,internvl25-8b-awq,"```json {""count"": 20} ```"
E4,SIMCEPImages_A10_C40_F1_s16_w2,bbbc,cells,0,0,0.0,40,696,520,361920,20,,1,0,0,0,stop,13,internvl25-8b-awq,"```json {""count"": 20} ```"
E4,SIMCEPImages_A03_C10_F1_s10_w2,bbbc,cells,0,0,0.0,10,696,520,361920,8,,1,0,0,0,stop,13,internvl25-8b-awq,"```json {""count"": 8} ```"
E4,SIMCEPImages_A11_C44_F1_s16_w1,bbbc,cells,0,0,0.0,44,696,520,361920,30,,1,0,0,0,stop,13,internvl25-8b-awq,"```json {""count"": 30} ```"
E4,SIMCEPImages_A19_C78_F1_s01_w1,bbbc,cells,0,0,0.0,78,696,520,361920,50,,1,0,0,0,stop,13,internvl25-8b-awq,"```json {""count"": 50} ```"
E4,SIMCEPImages_A19_C78_F1_s22_w2,bbbc,cells,0,0,0.0,78,696,520,361920,20,,1,0,0,0,stop,13,internvl25-8b-awq,"```json {""count"": 20} ```"
E4,SIMCEPImages_A05_C18_F1_s10_w2,bbbc,cells,0,0,0.0,18,696,520,361920,12,,1,0,0,0,stop,13,internvl25-8b-awq,"```json {""count"": 12} ```"
E4,SIMCEPImages_A17_C70_F1_s05_w2,bbbc,cells,0,0,0.0,70,696,520,361920,20,,1,0,0,0,stop,13,internvl25-8b-awq,"```json {""count"": 20} ```"
E4,SIMCEPImages_A02_C5_F1_s21_w2,bbbc,cells,0,0,0.0,5,696,520,361920,5,,1,0,0,0,stop,13,internvl25-8b-awq,"```json {""count"": 5} ```"
E4,SIMCEPImages_A01_C1_F1_s08_w2,bbbc,cells,0,0,0.0,1,696,520,361920,2,,1,0,0,0,stop,13,internvl25-8b-awq,"```json {""count"": 2} ```"
E4,SIMCEPImages_A14_C57_F1_s18_w1,bbbc,cells,0,0,0.0,57,696,520,361920,42,,1,0,0,0,stop,13,internvl25-8b-awq,"```json {""count"": 42} ```"
E4,SIMCEPImages_A23_C96_F1_s25_w2,bbbc,cells,0,0,0.0,96,696,520,361920,15,,1,0,0,0,stop,13,internvl25-8b-awq,"```json {""count"": 15} ```"
E4,SIMCEPImages_A01_C1_F1_s11_w2,bbbc,cells,0,0,0.0,1,696,520,361920,1,,1,0,0,0,stop,13,internvl25-8b-awq,"```json {""count"": 1} ```"
E4,SIMCEPImages_A24_C100_F1_s11_w2,bbbc,cells,0,0,0.0,100,696,520,361920,15,,1,0,0,0,stop,13,internvl25-8b-awq,"```json {""count"": 15} ```"
E4,SIMCEPImages_A15_C61_F1_s24_w1,bbbc,cells,0,0,0.0,61,696,520,361920,34,,1,0,0,0,stop,13,internvl25-8b-awq,"```json {""count"": 34} ```"
E4,SIMCEPImages_A13_C53_F1_s15_w2,bbbc,cells,0,0,0.0,53,696,520,361920,21,,1,0,0,0,stop,13,internvl25-8b-awq,"```json {""count"": 21} ```"
E4,SIMCEPImages_A11_C44_F1_s23_w1,bbbc,cells,0,0,0.0,44,696,520,361920,30,,1,0,0,0,stop,13,internvl25-8b-awq,"```json {""count"": 30} ```"
E4,SIMCEPImages_A01_C1_F1_s04_w2,bbbc,cells,0,0,0.0,1,696,520,361920,1,,1,0,0,0,stop,13,internvl25-8b-awq,"```json {""count"": 1} ```"
E4,SIMCEPImages_A08_C31_F1_s23_w2,bbbc,cells,0,0,0.0,31,696,520,361920,14,,1,0,0,0,stop,13,internvl25-8b-awq,"```json {""count"": 14} ```"
E4,SIMCEPImages_A01_C1_F1_s17_w1,bbbc,cells,0,0,0.0,1,696,520,361920,1,,1,0,0,0,stop,13,internvl25-8b-awq,"```json {""count"": 1} ```"
E4,SIMCEPImages_A07_C27_F1_s06_w1,bbbc,cells,0,0,0.0,27,696,520,361920,16,,1,0,0,0,stop,13,internvl25-8b-awq,"```json {""count"": 16} ```"
E4,SIMCEPImages_A02_C5_F1_s14_w2,bbbc,cells,0,0,0.0,5,696,520,361920,5,,1,0,0,0,stop,13,internvl25-8b-awq,"```json {""count"": 5} ```"
E4,SIMCEPImages_A23_C96_F1_s06_w2,bbbc,cells,0,0,0.0,96,696,520,361920,20,,1,0,0,0,stop,13,internvl25-8b-awq,"```json {""count"": 20} ```"
E4,SIMCEPImages_A15_C61_F1_s05_w2,bbbc,cells,0,0,0.0,61,696,520,361920,16,,1,0,0,0,stop,13,internvl25-8b-awq,"```json {""count"": 16} ```"
E4,SIMCEPImages_A03_C10_F1_s19_w2,bbbc,cells,0,0,0.0,10,696,520,361920,6,,1,0,0,0,stop,13,internvl25-8b-awq,"```json {""count"": 6} ```"
E4,SIMCEPImages_A13_C53_F1_s10_w2,bbbc,cells,0,0,0.0,53,696,520,361920,16,,1,0,0,0,stop,13,internvl25-8b-awq,"```json {""count"": 16} ```"
E4,SIMCEPImages_A16_C66_F1_s24_w1,bbbc,cells,0,0,0.0,66,696,520,361920,50,,1,0,0,0,stop,13,internvl25-8b-awq,"```json {""count"": 50} ```"
E4,SIMCEPImages_A19_C78_F1_s19_w1,bbbc,cells,0,0,0.0,78,696,520,361920,50,,1,0,0,0,stop,13,internvl25-8b-awq,"```json {""count"": 50} ```"
E4,SIMCEPImages_A07_C27_F1_s14_w1,bbbc,cells,0,0,0.0,27,696,520,361920,21,,1,0,0,0,stop,13,internvl25-8b-awq,"```json {""count"": 21} ```"
E4,SIMCEPImages_A08_C31_F1_s03_w2,bbbc,cells,0,0,0.0,31,696,520,361920,15,,1,0,0,0,stop,13,internvl25-8b-awq,"```json {""count"": 15} ```"
E4,SIMCEPImages_A19_C78_F1_s17_w1,bbbc,cells,0,0,0.0,78,696,520,361920,50,,1,0,0,0,stop,13,internvl25-8b-awq,"```json {""count"": 50} ```"
E4,SIMCEPImages_A01_C1_F1_s20_w1,bbbc,cells,0,0,0.0,1,696,520,361920,1,,1,0,0,0,stop,13,internvl25-8b-awq,"```json {""count"": 1} ```"
E4,SIMCEPImages_A08_C31_F1_s20_w1,bbbc,cells,0,0,0.0,31,696,520,361920,24,,1,0,0,0,stop,13,internvl25-8b-awq,"```json {""count"": 24} ```"
E4,SIMCEPImages_A03_C10_F1_s25_w2,bbbc,cells,0,0,0.0,10,696,520,361920,10,,1,0,0,0,stop,13,internvl25-8b-awq,"```json {""count"": 10} ```"
E4,SIMCEPImages_A16_C66_F1_s23_w2,bbbc,cells,0,0,0.0,66,696,520,361920,20,,1,0,0,0,stop,13,internvl25-8b-awq,"```json {""count"": 20} ```"
E4,SIMCEPImages_A06_C23_F1_s05_w1,bbbc,cells,0,0,0.0,23,696,520,361920,16,,1,0,0,0,stop,13,internvl25-8b-awq,"```json {""count"": 16} ```"
E4,SIMCEPImages_A18_C74_F1_s01_w2,bbbc,cells,0,0,0.0,74,696,520,361920,20,,1,0,0,0,stop,13,internvl25-8b-awq,"```json {""count"": 20} ```"
E4,SIMCEPImages_A08_C31_F1_s24_w1,bbbc,cells,0,0,0.0,31,696,520,361920,21,,1,0,0,0,stop,13,internvl25-8b-awq,"```json {""count"": 21} ```"
E4,SIMCEPImages_A03_C10_F1_s04_w1,bbbc,cells,0,0,0.0,10,696,520,361920,10,,1,0,0,0,stop,13,internvl25-8b-awq,"```json {""count"": 10} ```"
E4,SIMCEPImages_A13_C53_F1_s21_w1,bbbc,cells,0,0,0.0,53,696,520,361920,34,,1,0,0,0,stop,13,internvl25-8b-awq,"```json {""count"": 34} ```"
E4,SIMCEPImages_A07_C27_F1_s15_w2,bbbc,cells,0,0,0.0,27,696,520,361920,15,,1,0,0,0,stop,13,internvl25-8b-awq,"```json {""count"": 15} ```"
E4,SIMCEPImages_A21_C87_F1_s11_w1,bbbc,cells,0,0,0.0,87,696,520,361920,50,,1,0,0,0,stop,13,internvl25-8b-awq,"```json {""count"": 50} ```"
E4,SIMCEPImages_A13_C53_F1_s19_w2,bbbc,cells,0,0,0.0,53,696,520,361920,20,,1,0,0,0,stop,13,internvl25-8b-awq,"```json {""count"": 20} ```"
E4,SIMCEPImages_A09_C35_F1_s07_w2,bbbc,cells,0,0,0.0,35,696,520,361920,20,,1,0,0,0,stop,13,internvl25-8b-awq,"```json {""count"": 20} ```"
E4,SIMCEPImages_A21_C87_F1_s16_w1,bbbc,cells,0,0,0.0,87,696,520,361920,63,,1,0,0,0,stop,13,internvl25-8b-awq,"```json {""count"": 63} ```"
E4,SIMCEPImages_A04_C14_F1_s10_w2,bbbc,cells,0,0,0.0,14,696,520,361920,10,,1,0,0,0,stop,13,internvl25-8b-awq,"```json {""count"": 10} ```"
E4,SIMCEPImages_A20_C83_F1_s21_w1,bbbc,cells,0,0,0.0,83,696,520,361920,50,,1,0,0,0,stop,13,internvl25-8b-awq,"```json {""count"": 50} ```"
E4,SIMCEPImages_A02_C5_F1_s06_w2,bbbc,cells,0,0,0.0,5,696,520,361920,5,,1,0,0,0,stop,13,internvl25-8b-awq,"```json {""count"": 5} ```"
E4,SIMCEPImages_A23_C96_F1_s24_w1,bbbc,cells,0,0,0.0,96,696,520,361920,63,,1,0,0,0,stop,13,internvl25-8b-awq,"```json {""count"": 63} ```"
E4,SIMCEPImages_A20_C83_F1_s15_w1,bbbc,cells,0,0,0.0,83,696,520,361920,50,,1,0,0,0,stop,13,internvl25-8b-awq,"```json {""count"": 50} ```"
E4,SIMCEPImages_A18_C74_F1_s02_w1,bbbc,cells,0,0,0.0,74,696,520,361920,50,,1,0,0,0,stop,13,internvl25-8b-awq,"```json {""count"": 50} ```"
E4,SIMCEPImages_A13_C53_F1_s23_w1,bbbc,cells,0,0,0.0,53,696,520,361920,30,,1,0,0,0,stop,13,internvl25-8b-awq,"```json {""count"": 30} ```"
E4,SIMCEPImages_A06_C23_F1_s25_w2,bbbc,cells,0,0,0.0,23,696,520,361920,15,,1,0,0,0,stop,13,internvl25-8b-awq,"```json {""count"": 15} ```"
E4,SIMCEPImages_A19_C78_F1_s24_w1,bbbc,cells,0,0,0.0,78,696,520,361920,63,,1,0,0,0,stop,13,internvl25-8b-awq,"```json {""count"": 63} ```"
E4,SIMCEPImages_A05_C18_F1_s04_w2,bbbc,cells,0,0,0.0,18,696,520,361920,10,,1,0,0,0,stop,13,internvl25-8b-awq,"```json {""count"": 10} ```"
E4,SIMCEPImages_A20_C83_F1_s23_w1,bbbc,cells,0,0,0.0,83,696,520,361920,100,,1,0,0,0,stop,13,internvl25-8b-awq,"```json {""count"": 100} ```"
E4,SIMCEPImages_A14_C57_F1_s09_w2,bbbc,cells,0,0,0.0,57,696,520,361920,20,,1,0,0,0,stop,13,internvl25-8b-awq,"```json {""count"": 20} ```"
E4,SIMCEPImages_A24_C100_F1_s14_w1,bbbc,cells,0,0,0.0,100,696,520,361920,85,,1,0,0,0,stop,13,internvl25-8b-awq,"```json {""count"": 85} ```"
E4,SIMCEPImages_A23_C96_F1_s09_w1,bbbc,cells,0,0,0.0,96,696,520,361920,84,,1,0,0,0,stop,13,internvl25-8b-awq,"```json {""count"": 84} ```"
E4,SIMCEPImages_A06_C23_F1_s21_w1,bbbc,cells,0,0,0.0,23,696,520,361920,18,,1,0,0,0,stop,13,internvl25-8b-awq,"```json {""count"": 18} ```"
E4,SIMCEPImages_A05_C18_F1_s03_w2,bbbc,cells,0,0,0.0,18,696,520,361920,14,,1,0,0,0,stop,13,internvl25-8b-awq,"```json {""count"": 14} ```"
E4,SIMCEPImages_A15_C61_F1_s09_w2,bbbc,cells,0,0,0.0,61,696,520,361920,15,,1,0,0,0,stop,13,internvl25-8b-awq,"```json {""count"": 15} ```"
E4,SIMCEPImages_A16_C66_F1_s02_w1,bbbc,cells,0,0,0.0,66,696,520,361920,42,,1,0,0,0,stop,13,internvl25-8b-awq,"```json {""count"": 42} ```"
E4,SIMCEPImages_A13_C53_F1_s12_w2,bbbc,cells,0,0,0.0,53,696,520,361920,21,,1,0,0,0,stop,13,internvl25-8b-awq,"```json {""count"": 21} ```"
E4,SIMCEPImages_A19_C78_F1_s18_w1,bbbc,cells,0,0,0.0,78,696,520,361920,50,,1,0,0,0,stop,13,internvl25-8b-awq,"```json {""count"": 50} ```"
E4,SIMCEPImages_A19_C78_F1_s02_w2,bbbc,cells,0,0,0.0,78,696,520,361920,20,,1,0,0,0,stop,13,internvl25-8b-awq,"```json {""count"": 20} ```"
E4,SIMCEPImages_A21_C87_F1_s17_w2,bbbc,cells,0,0,0.0,87,696,520,361920,20,,1,0,0,0,stop,13,internvl25-8b-awq,"```json {""count"": 20} ```"
E4,SIMCEPImages_A07_C27_F1_s21_w1,bbbc,cells,0,0,0.0,27,696,520,361920,20,,1,0,0,0,stop,13,internvl25-8b-awq,"```json {""count"": 20} ```"
E4,SIMCEPImages_A10_C40_F1_s09_w1,bbbc,cells,0,0,0.0,40,696,520,361920,25,,1,0,0,0,stop,13,internvl25-8b-awq,"```json {""count"": 25} ```"
E4,SIMCEPImages_A17_C70_F1_s22_w2,bbbc,cells,0,0,0.0,70,696,520,361920,20,,1,0,0,0,stop,13,internvl25-8b-awq,"```json {""count"": 20} ```"
E4,SIMCEPImages_A20_C83_F1_s20_w2,bbbc,cells,0,0,0.0,83,696,520,361920,20,,1,0,0,0,stop,13,internvl25-8b-awq,"```json {""count"": 20} ```"
E4,SIMCEPImages_A23_C96_F1_s22_w2,bbbc,cells,0,0,0.0,96,696,520,361920,23,,1,0,0,0,stop,13,internvl25-8b-awq,"```json {""count"": 23} ```"
E4,SIMCEPImages_A18_C74_F1_s18_w2,bbbc,cells,0,0,0.0,74,696,520,361920,20,,1,0,0,0,stop,13,internvl25-8b-awq,"```json {""count"": 20} ```"
E4,SIMCEPImages_A11_C44_F1_s08_w2,bbbc,cells,0,0,0.0,44,696,520,361920,16,,1,0,0,0,stop,13,internvl25-8b-awq,"```json {""count"": 16} ```"
E4,SIMCEPImages_A16_C66_F1_s10_w1,bbbc,cells,0,0,0.0,66,696,520,361920,50,,1,0,0,0,stop,13,internvl25-8b-awq,"```json {""count"": 50} ```"
E4,SIMCEPImages_A05_C18_F1_s12_w2,bbbc,cells,0,0,0.0,18,696,520,361920,10,,1,0,0,0,stop,13,internvl25-8b-awq,"```json {""count"": 10} ```"
E4,SIMCEPImages_A01_C1_F1_s08_w1,bbbc,cells,0,0,0.0,1,696,520,361920,1,,1,0,0,0,stop,13,internvl25-8b-awq,"```json {""count"": 1} ```"
E4,SIMCEPImages_A16_C66_F1_s09_w1,bbbc,cells,0,0,0.0,66,696,520,361920,42,,1,0,0,0,stop,13,internvl25-8b-awq,"```json {""count"": 42} ```"
E4,SIMCEPImages_A13_C53_F1_s15_w1,bbbc,cells,0,0,0.0,53,696,520,361920,30,,1,0,0,0,stop,13,internvl25-8b-awq,"```json {""count"": 30} ```"
E4,SIMCEPImages_A08_C31_F1_s21_w1,bbbc,cells,0,0,0.0,31,696,520,361920,20,,1,0,0,0,stop,13,internvl25-8b-awq,"```json {""count"": 20} ```"
E4,SIMCEPImages_A15_C61_F1_s07_w2,bbbc,cells,0,0,0.0,61,696,520,361920,25,,1,0,0,0,stop,13,internvl25-8b-awq,"```json {""count"": 25} ```"
E4,SIMCEPImages_A22_C91_F1_s22_w2,bbbc,cells,0,0,0.0,91,696,520,361920,20,,1,0,0,0,stop,13,internvl25-8b-awq,"```json {""count"": 20} ```"
E4,SIMCEPImages_A21_C87_F1_s03_w2,bbbc,cells,0,0,0.0,87,696,520,361920,25,,1,0,0,0,stop,13,internvl25-8b-awq,"```json {""count"": 25} ```"
E4,SIMCEPImages_A21_C87_F1_s09_w1,bbbc,cells,0,0,0.0,87,696,520,361920,50,,1,0,0,0,stop,13,internvl25-8b-awq,"```json {""count"": 50} ```"
E4,SIMCEPImages_A04_C14_F1_s25_w2,bbbc,cells,0,0,0.0,14,696,520,361920,10,,1,0,0,0,stop,13,internvl25-8b-awq,"```json {""count"": 10} ```"
E4,SIMCEPImages_A09_C35_F1_s05_w1,bbbc,cells,0,0,0.0,35,696,520,361920,24,,1,0,0,0,stop,13,internvl25-8b-awq,"```json {""count"": 24} ```"
E4,SIMCEPImages_A01_C1_F1_s18_w1,bbbc,cells,0,0,0.0,1,696,520,361920,1,,1,0,0,0,stop,13,internvl25-8b-awq,"```json {""count"": 1} ```"
E4,SIMCEPImages_A14_C57_F1_s09_w1,bbbc,cells,0,0,0.0,57,696,520,361920,34,,1,0,0,0,stop,13,internvl25-8b-awq,"```json {""count"": 34} ```"
E4,SIMCEPImages_A18_C74_F1_s11_w2,bbbc,cells,0,0,0.0,74,696,520,361920,20,,1,0,0,0,stop,13,internvl25-8b-awq,"```json {""count"": 20} ```"
E4,SIMCEPImages_A24_C100_F1_s11_w1,bbbc,cells,0,0,0.0,100,696,520,361920,50,,1,0,0,0,stop,13,internvl25-8b-awq,"```json {""count"": 50} ```"
E4,SIMCEPImages_A16_C66_F1_s14_w1,bbbc,cells,0,0,0.0,66,696,520,361920,35,,1,0,0,0,stop,13,internvl25-8b-awq,"```json {""count"": 35} ```"
E4,SIMCEPImages_A02_C5_F1_s07_w1,bbbc,cells,0,0,0.0,5,696,520,361920,5,,1,0,0,0,stop,13,internvl25-8b-awq,"```json {""count"": 5} ```"
E4,SIMCEPImages_A03_C10_F1_s24_w2,bbbc,cells,0,0,0.0,10,696,520,361920,8,,1,0,0,0,stop,13,internvl25-8b-awq,"```json {""count"": 8} ```"
E4,SIMCEPImages_A08_C31_F1_s25_w2,bbbc,cells,0,0,0.0,31,696,520,361920,15,,1,0,0,0,stop,13,internvl25-8b-awq,"```json {""count"": 15} ```"
E4,SIMCEPImages_A16_C66_F1_s20_w2,bbbc,cells,0,0,0.0,66,696,520,361920,25,,1,0,0,0,stop,13,internvl25-8b-awq,"```json {""count"": 25} ```"
E4,SIMCEPImages_A19_C78_F1_s19_w2,bbbc,cells,0,0,0.0,78,696,520,361920,20,,1,0,0,0,stop,13,internvl25-8b-awq,"```json {""count"": 20} ```"
E4,SIMCEPImages_A03_C10_F1_s15_w2,bbbc,cells,0,0,0.0,10,696,520,361920,8,,1,0,0,0,stop,13,internvl25-8b-awq,"```json {""count"": 8} ```"
E4,SIMCEPImages_A11_C44_F1_s04_w1,bbbc,cells,0,0,0.0,44,696,520,361920,30,,1,0,0,0,stop,13,internvl25-8b-awq,"```json {""count"": 30} ```"
E4,SIMCEPImages_A05_C18_F1_s16_w2,bbbc,cells,0,0,0.0,18,696,520,361920,12,,1,0,0,0,stop,13,internvl25-8b-awq,"```json {""count"": 12} ```"
E4,SIMCEPImages_A23_C96_F1_s14_w2,bbbc,cells,0,0,0.0,96,696,520,361920,15,,1,0,0,0,stop,13,internvl25-8b-awq,"```json {""count"": 15} ```"
E4,SIMCEPImages_A21_C87_F1_s15_w1,bbbc,cells,0,0,0.0,87,696,520,361920,63,,1,0,0,0,stop,13,internvl25-8b-awq,"```json {""count"": 63} ```"
E4,SIMCEPImages_A09_C35_F1_s25_w1,bbbc,cells,0,0,0.0,35,696,520,361920,25,,1,0,0,0,stop,13,internvl25-8b-awq,"```json {""count"": 25} ```"
E4,SIMCEPImages_A21_C87_F1_s05_w1,bbbc,cells,0,0,0.0,87,696,520,361920,50,,1,0,0,0,stop,13,internvl25-8b-awq,"```json {""count"": 50} ```"
E4,SIMCEPImages_A03_C10_F1_s06_w1,bbbc,cells,0,0,0.0,10,696,520,361920,10,,1,0,0,0,stop,13,internvl25-8b-awq,"```json {""count"": 10} ```"
E4,SIMCEPImages_A10_C40_F1_s25_w2,bbbc,cells,0,0,0.0,40,696,520,361920,20,,1,0,0,0,stop,13,internvl25-8b-awq,"```json {""count"": 20} ```"
E4,SIMCEPImages_A15_C61_F1_s14_w2,bbbc,cells,0,0,0.0,61,696,520,361920,20,,1,0,0,0,stop,13,internvl25-8b-awq,"```json {""count"": 20} ```"
E4,SIMCEPImages_A13_C53_F1_s04_w1,bbbc,cells,0,0,0.0,53,696,520,361920,35,,1,0,0,0,stop,13,internvl25-8b-awq,"```json {""count"": 35} ```"
E4,SIMCEPImages_A20_C83_F1_s19_w2,bbbc,cells,0,0,0.0,83,696,520,361920,25,,1,0,0,0,stop,13,internvl25-8b-awq,"```json {""count"": 25} ```"
E4,SIMCEPImages_A02_C5_F1_s22_w2,bbbc,cells,0,0,0.0,5,696,520,361920,4,,1,0,0,0,stop,13,internvl25-8b-awq,"```json {""count"": 4} ```"
E4,SIMCEPImages_A24_C100_F1_s24_w2,bbbc,cells,0,0,0.0,100,696,520,361920,25,,1,0,0,0,stop,13,internvl25-8b-awq,"```json {""count"": 25} ```"
E4,SIMCEPImages_A01_C1_F1_s15_w2,bbbc,cells,0,0,0.0,1,696,520,361920,1,,1,0,0,0,stop,13,internvl25-8b-awq,"```json {""count"": 1} ```"
E4,SIMCEPImages_A24_C100_F1_s05_w2,bbbc,cells,0,0,0.0,100,696,520,361920,15,,1,0,0,0,stop,13,internvl25-8b-awq,"```json {""count"": 15} ```"
E4,SIMCEPImages_A22_C91_F1_s08_w1,bbbc,cells,0,0,0.0,91,696,520,361920,100,,1,0,0,0,stop,13,internvl25-8b-awq,"```json {""count"": 100} ```"
E4,SIMCEPImages_A21_C87_F1_s16_w2,bbbc,cells,0,0,0.0,87,696,520,361920,20,,1,0,0,0,stop,13,internvl25-8b-awq,"```json {""count"": 20} ```"
E4,SIMCEPImages_A17_C70_F1_s04_w2,bbbc,cells,0,0,0.0,70,696,520,361920,25,,1,0,0,0,stop,13,internvl25-8b-awq,"```json {""count"": 25} ```"
E4,SIMCEPImages_A12_C48_F1_s10_w2,bbbc,cells,0,0,0.0,48,696,520,361920,21,,1,0,0,0,stop,13,internvl25-8b-awq,"```json {""count"": 21} ```"
E4,SIMCEPImages_A24_C100_F1_s02_w1,bbbc,cells,0,0,0.0,100,696,520,361920,63,,1,0,0,0,stop,13,internvl25-8b-awq,"```json {""count"": 63} ```"
E4,SIMCEPImages_A09_C35_F1_s16_w1,bbbc,cells,0,0,0.0,35,696,520,361920,22,,1,0,0,0,stop,13,internvl25-8b-awq,"```json {""count"": 22} ```"
E4,SIMCEPImages_A02_C5_F1_s07_w2,bbbc,cells,0,0,0.0,5,696,520,361920,5,,1,0,0,0,stop,13,internvl25-8b-awq,"```json {""count"": 5} ```"
E4,SIMCEPImages_A10_C40_F1_s08_w2,bbbc,cells,0,0,0.0,40,696,520,361920,16,,1,0,0,0,stop,13,internvl25-8b-awq,"```json {""count"": 16} ```"
E4,SIMCEPImages_A08_C31_F1_s10_w1,bbbc,cells,0,0,0.0,31,696,520,361920,20,,1,0,0,0,stop,13,internvl25-8b-awq,"```json {""count"": 20} ```"
E4,SIMCEPImages_A11_C44_F1_s24_w2,bbbc,cells,0,0,0.0,44,696,520,361920,15,,1,0,0,0,stop,13,internvl25-8b-awq,"```json {""count"": 15} ```"
E4,SIMCEPImages_A19_C78_F1_s14_w1,bbbc,cells,0,0,0.0,78,696,520,361920,50,,1,0,0,0,stop,13,internvl25-8b-awq,"```json {""count"": 50} ```"
E4,SIMCEPImages_A16_C66_F1_s12_w2,bbbc,cells,0,0,0.0,66,696,520,361920,20,,1,0,0,0,stop,13,internvl25-8b-awq,"```json {""count"": 20} ```"
E4,SIMCEPImages_A18_C74_F1_s02_w2,bbbc,cells,0,0,0.0,74,696,520,361920,21,,1,0,0,0,stop,13,internvl25-8b-awq,"```json {""count"": 21} ```"
E4,SIMCEPImages_A17_C70_F1_s23_w1,bbbc,cells,0,0,0.0,70,696,520,361920,50,,1,0,0,0,stop,13,internvl25-8b-awq,"```json {""count"": 50} ```"
E4,SIMCEPImages_A04_C14_F1_s18_w1,bbbc,cells,0,0,0.0,14,696,520,361920,12,,1,0,0,0,stop,13,internvl25-8b-awq,"```json {""count"": 12} ```"
E4,SIMCEPImages_A18_C74_F1_s03_w2,bbbc,cells,0,0,0.0,74,696,520,361920,16,,1,0,0,0,stop,13,internvl25-8b-awq,"```json {""count"": 16} ```"
E4,SIMCEPImages_A22_C91_F1_s02_w2,bbbc,cells,0,0,0.0,91,696,520,361920,23,,1,0,0,0,stop,13,internvl25-8b-awq,"```json {""count"": 23} ```"
E4,SIMCEPImages_A05_C18_F1_s06_w2,bbbc,cells,0,0,0.0,18,696,520,361920,10,,1,0,0,0,stop,13,internvl25-8b-awq,"```json {""count"": 10} ```"
E4,SIMCEPImages_A11_C44_F1_s19_w1,bbbc,cells,0,0,0.0,44,696,520,361920,27,,1,0,0,0,stop,13,internvl25-8b-awq,"```json {""count"": 27} ```"
E4,SIMCEPImages_A06_C23_F1_s21_w2,bbbc,cells,0,0,0.0,23,696,520,361920,14,,1,0,0,0,stop,13,internvl25-8b-awq,"```json {""count"": 14} ```"
E4,SIMCEPImages_A17_C70_F1_s18_w1,bbbc,cells,0,0,0.0,70,696,520,361920,50,,1,0,0,0,stop,13,internvl25-8b-awq,"```json {""count"": 50} ```"
E4,SIMCEPImages_A21_C87_F1_s21_w2,bbbc,cells,0,0,0.0,87,696,520,361920,20,,1,0,0,0,stop,13,internvl25-8b-awq,"```json {""count"": 20} ```"
E4,SIMCEPImages_A22_C91_F1_s18_w1,bbbc,cells,0,0,0.0,91,696,520,361920,82,,1,0,0,0,stop,13,internvl25-8b-awq,"```json {""count"": 82} ```"
E4,SIMCEPImages_A14_C57_F1_s10_w2,bbbc,cells,0,0,0.0,57,696,520,361920,16,,1,0,0,0,stop,13,internvl25-8b-awq,"```json {""count"": 16} ```"
E4,SIMCEPImages_A02_C5_F1_s24_w2,bbbc,cells,0,0,0.0,5,696,520,361920,5,,1,0,0,0,stop,13,internvl25-8b-awq,"```json {""count"": 5} ```"
E4,SIMCEPImages_A20_C83_F1_s23_w2,bbbc,cells,0,0,0.0,83,696,520,361920,15,,1,0,0,0,stop,13,internvl25-8b-awq,"```json {""count"": 15} ```"
E4,SIMCEPImages_A10_C40_F1_s18_w1,bbbc,cells,0,0,0.0,40,696,520,361920,24,,1,0,0,0,stop,13,internvl25-8b-awq,"```json {""count"": 24} ```"
E4,SIMCEPImages_A05_C18_F1_s10_w1,bbbc,cells,0,0,0.0,18,696,520,361920,14,,1,0,0,0,stop,13,internvl25-8b-awq,"```json {""count"": 14} ```"
E4,SIMCEPImages_A01_C1_F1_s07_w2,bbbc,cells,0,0,0.0,1,696,520,361920,1,,1,0,0,0,stop,13,internvl25-8b-awq,"```json {""count"": 1} ```"
E4,SIMCEPImages_A07_C27_F1_s21_w2,bbbc,cells,0,0,0.0,27,696,520,361920,13,,1,0,0,0,stop,13,internvl25-8b-awq,"```json {""count"": 13} ```"
E4,SIMCEPImages_A17_C70_F1_s03_w2,bbbc,cells,0,0,0.0,70,696,520,361920,21,,1,0,0,0,stop,13,internvl25-8b-awq,"```json {""count"": 21} ```"
E4,SIMCEPImages_A23_C96_F1_s07_w1,bbbc,cells,0,0,0.0,96,696,520,361920,100,,1,0,0,0,stop,13,internvl25-8b-awq,"```json {""count"": 100} ```"
E4,SIMCEPImages_A06_C23_F1_s09_w2,bbbc,cells,0,0,0.0,23,696,520,361920,12,,1,0,0,0,stop,13,internvl25-8b-awq,"```json {""count"": 12} ```"
E4,SIMCEPImages_A06_C23_F1_s16_w2,bbbc,cells,0,0,0.0,23,696,520,361920,12,,1,0,0,0,stop,13,internvl25-8b-awq,"```json {""count"": 12} ```"
E4,SIMCEPImages_A12_C48_F1_s17_w2,bbbc,cells,0,0,0.0,48,696,520,361920,21,,1,0,0,0,stop,13,internvl25-8b-awq,"```json {""count"": 21} ```"
E4,SIMCEPImages_A20_C83_F1_s15_w2,bbbc,cells,0,0,0.0,83,696,520,361920,16,,1,0,0,0,stop,13,internvl25-8b-awq,"```json {""count"": 16} ```"
E4,SIMCEPImages_A07_C27_F1_s13_w1,bbbc,cells,0,0,0.0,27,696,520,361920,16,,1,0,0,0,stop,13,internvl25-8b-awq,"```json {""count"": 16} ```"
E4,SIMCEPImages_A06_C23_F1_s01_w2,bbbc,cells,0,0,0.0,23,696,520,361920,12,,1,0,0,0,stop,13,internvl25-8b-awq,"```json {""count"": 12} ```"
E4,SIMCEPImages_A21_C87_F1_s05_w2,bbbc,cells,0,0,0.0,87,696,520,361920,20,,1,0,0,0,stop,13,internvl25-8b-awq,"```json {""count"": 20} ```"
E4,SIMCEPImages_A16_C66_F1_s15_w2,bbbc,cells,0,0,0.0,66,696,520,361920,25,,1,0,0,0,stop,13,internvl25-8b-awq,"```json {""count"": 25} ```"
E4,SIMCEPImages_A21_C87_F1_s24_w2,bbbc,cells,0,0,0.0,87,696,520,361920,15,,1,0,0,0,stop,13,internvl25-8b-awq,"```json {""count"": 15} ```"
E4,SIMCEPImages_A08_C31_F1_s15_w1,bbbc,cells,0,0,0.0,31,696,520,361920,21,,1,0,0,0,stop,13,internvl25-8b-awq,"```json {""count"": 21} ```"
E4,SIMCEPImages_A01_C1_F1_s09_w1,bbbc,cells,0,0,0.0,1,696,520,361920,1,,1,0,0,0,stop,13,internvl25-8b-awq,"```json {""count"": 1} ```"
E4,SIMCEPImages_A08_C31_F1_s01_w1,bbbc,cells,0,0,0.0,31,696,520,361920,20,,1,0,0,0,stop,13,internvl25-8b-awq,"```json {""count"": 20} ```"
E4,SIMCEPImages_A22_C91_F1_s10_w1,bbbc,cells,0,0,0.0,91,696,520,361920,82,,1,0,0,0,stop,13,internvl25-8b-awq,"```json {""count"": 82} ```"
E4,SIMCEPImages_A03_C10_F1_s23_w2,bbbc,cells,0,0,0.0,10,696,520,361920,8,,1,0,0,0,stop,13,internvl25-8b-awq,"```json {""count"": 8} ```"
E4,SIMCEPImages_A16_C66_F1_s19_w1,bbbc,cells,0,0,0.0,66,696,520,361920,50,,1,0,0,0,stop,13,internvl25-8b-awq,"```json {""count"": 50} ```"
E4,SIMCEPImages_A03_C10_F1_s19_w1,bbbc,cells,0,0,0.0,10,696,520,361920,8,,1,0,0,0,stop,13,internvl25-8b-awq,"```json {""count"": 8} ```"
E4,SIMCEPImages_A13_C53_F1_s02_w2,bbbc,cells,0,0,0.0,53,696,520,361920,20,,1,0,0,0,stop,13,internvl25-8b-awq,"```json {""count"": 20} ```"
E4,SIMCEPImages_A19_C78_F1_s12_w1,bbbc,cells,0,0,0.0,78,696,520,361920,50,,1,0,0,0,stop,13,internvl25-8b-awq,"```json {""count"": 50} ```"
E4,SIMCEPImages_A21_C87_F1_s25_w2,bbbc,cells,0,0,0.0,87,696,520,361920,25,,1,0,0,0,stop,13,internvl25-8b-awq,"```json {""count"": 25} ```"
E4,SIMCEPImages_A07_C27_F1_s14_w2,bbbc,cells,0,0,0.0,27,696,520,361920,15,,1,0,0,0,stop,13,internvl25-8b-awq,"```json {""count"": 15} ```"
E4,SIMCEPImages_A14_C57_F1_s05_w1,bbbc,cells,0,0,0.0,57,696,520,361920,34,,1,0,0,0,stop,13,internvl25-8b-awq,"```json {""count"": 34} ```"
E4,SIMCEPImages_A04_C14_F1_s08_w1,bbbc,cells,0,0,0.0,14,696,520,361920,10,,1,0,0,0,stop,13,internvl25-8b-awq,"```json {""count"": 10} ```"
E4,SIMCEPImages_A04_C14_F1_s19_w2,bbbc,cells,0,0,0.0,14,696,520,361920,10,,1,0,0,0,stop,13,internvl25-8b-awq,"```json {""count"": 10} ```"
E4,SIMCEPImages_A23_C96_F1_s05_w2,bbbc,cells,0,0,0.0,96,696,520,361920,25,,1,0,0,0,stop,13,internvl25-8b-awq,"```json {""count"": 25} ```"
E4,SIMCEPImages_A23_C96_F1_s18_w1,bbbc,cells,0,0,0.0,96,696,520,361920,63,,1,0,0,0,stop,13,internvl25-8b-awq,"```json {""count"": 63} ```"
E4,SIMCEPImages_A01_C1_F1_s23_w1,bbbc,cells,0,0,0.0,1,696,520,361920,1,,1,0,0,0,stop,13,internvl25-8b-awq,"```json {""count"": 1} ```"
E4,SIMCEPImages_A16_C66_F1_s04_w2,bbbc,cells,0,0,0.0,66,696,520,361920,20,,1,0,0,0,stop,13,internvl25-8b-awq,"```json {""count"": 20} ```"
E4,SIMCEPImages_A01_C1_F1_s06_w1,bbbc,cells,0,0,0.0,1,696,520,361920,1,,1,0,0,0,stop,13,internvl25-8b-awq,"```json {""count"": 1} ```"
E4,SIMCEPImages_A07_C27_F1_s17_w2,bbbc,cells,0,0,0.0,27,696,520,361920,15,,1,0,0,0,stop,13,internvl25-8b-awq,"```json {""count"": 15} ```"
E4,SIMCEPImages_A23_C96_F1_s04_w2,bbbc,cells,0,0,0.0,96,696,520,361920,25,,1,0,0,0,stop,13,internvl25-8b-awq,"```json {""count"": 25} ```"
E4,SIMCEPImages_A05_C18_F1_s18_w1,bbbc,cells,0,0,0.0,18,696,520,361920,14,,1,0,0,0,stop,13,internvl25-8b-awq,"```json {""count"": 14} ```"
E4,SIMCEPImages_A14_C57_F1_s14_w1,bbbc,cells,0,0,0.0,57,696,520,361920,42,,1,0,0,0,stop,13,internvl25-8b-awq,"```json {""count"": 42} ```"
E4,SIMCEPImages_A12_C48_F1_s03_w2,bbbc,cells,0,0,0.0,48,696,520,361920,20,,1,0,0,0,stop,13,internvl25-8b-awq,"```json {""count"": 20} ```"
E4,SIMCEPImages_A19_C78_F1_s02_w1,bbbc,cells,0,0,0.0,78,696,520,361920,50,,1,0,0,0,stop,13,internvl25-8b-awq,"```json {""count"": 50} ```"
E4,SIMCEPImages_A11_C44_F1_s20_w2,bbbc,cells,0,0,0.0,44,696,520,361920,16,,1,0,0,0,stop,13,internvl25-8b-awq,"```json {""count"": 16} ```"
E4,SIMCEPImages_A24_C100_F1_s15_w2,bbbc,cells,0,0,0.0,100,696,520,361920,15,,1,0,0,0,stop,13,internvl25-8b-awq,"```json {""count"": 15} ```"
E4,SIMCEPImages_A19_C78_F1_s21_w2,bbbc,cells,0,0,0.0,78,696,520,361920,20,,1,0,0,0,stop,13,internvl25-8b-awq,"```json {""count"": 20} ```"
E4,SIMCEPImages_A11_C44_F1_s05_w1,bbbc,cells,0,0,0.0,44,696,520,361920,27,,1,0,0,0,stop,13,internvl25-8b-awq,"```json {""count"": 27} ```"
E4,SIMCEPImages_A24_C100_F1_s07_w2,bbbc,cells,0,0,0.0,100,696,520,361920,20,,1,0,0,0,stop,13,internvl25-8b-awq,"```json {""count"": 20} ```"
E4,SIMCEPImages_A21_C87_F1_s17_w1,bbbc,cells,0,0,0.0,87,696,520,361920,50,,1,0,0,0,stop,13,internvl25-8b-awq,"```json {""count"": 50} ```"
E4,SIMCEPImages_A09_C35_F1_s25_w2,bbbc,cells,0,0,0.0,35,696,520,361920,20,,1,0,0,0,stop,13,internvl25-8b-awq,"```json {""count"": 20} ```"
E4,SIMCEPImages_A02_C5_F1_s08_w1,bbbc,cells,0,0,0.0,5,696,520,361920,5,,1,0,0,0,stop,13,internvl25-8b-awq,"```json {""count"": 5} ```"
E4,SIMCEPImages_A13_C53_F1_s07_w2,bbbc,cells,0,0,0.0,53,696,520,361920,21,,1,0,0,0,stop,13,internvl25-8b-awq,"```json {""count"": 21} ```"
E4,SIMCEPImages_A24_C100_F1_s12_w2,bbbc,cells,0,0,0.0,100,696,520,361920,23,,1,0,0,0,stop,13,internvl25-8b-awq,"```json {""count"": 23} ```"
E4,SIMCEPImages_A14_C57_F1_s17_w1,bbbc,cells,0,0,0.0,57,696,520,361920,34,,1,0,0,0,stop,13,internvl25-8b-awq,"```json {""count"": 34} ```"
E4,SIMCEPImages_A18_C74_F1_s10_w2,bbbc,cells,0,0,0.0,74,696,520,361920,20,,1,0,0,0,stop,13,internvl25-8b-awq,"```json {""count"": 20} ```"
E4,SIMCEPImages_A11_C44_F1_s11_w2,bbbc,cells,0,0,0.0,44,696,520,361920,20,,1,0,0,0,stop,13,internvl25-8b-awq,"```json {""count"": 20} ```"
E4,SIMCEPImages_A17_C70_F1_s24_w1,bbbc,cells,0,0,0.0,70,696,520,361920,50,,1,0,0,0,stop,13,internvl25-8b-awq,"```json {""count"": 50} ```"
E4,SIMCEPImages_A20_C83_F1_s14_w1,bbbc,cells,0,0,0.0,83,696,520,361920,50,,1,0,0,0,stop,13,internvl25-8b-awq,"```json {""count"": 50} ```"
E4,SIMCEPImages_A24_C100_F1_s01_w1,bbbc,cells,0,0,0.0,100,696,520,361920,85,,1,0,0,0,stop,13,internvl25-8b-awq,"```json {""count"": 85} ```"
E4,SIMCEPImages_A05_C18_F1_s21_w2,bbbc,cells,0,0,0.0,18,696,520,361920,12,,1,0,0,0,stop,13,internvl25-8b-awq,"```json {""count"": 12} ```"
E4,SIMCEPImages_A05_C18_F1_s16_w1,bbbc,cells,0,0,0.0,18,696,520,361920,15,,1,0,0,0,stop,13,internvl25-8b-awq,"```json {""count"": 15} ```"
E4,SIMCEPImages_A04_C14_F1_s17_w2,bbbc,cells,0,0,0.0,14,696,520,361920,10,,1,0,0,0,stop,13,internvl25-8b-awq,"```json {""count"": 10} ```"
E4,SIMCEPImages_A13_C53_F1_s23_w2,bbbc,cells,0,0,0.0,53,696,520,361920,25,,1,0,0,0,stop,13,internvl25-8b-awq,"```json {""count"": 25} ```"
E4,SIMCEPImages_A23_C96_F1_s05_w1,bbbc,cells,0,0,0.0,96,696,520,361920,50,,1,0,0,0,stop,13,internvl25-8b-awq,"```json {""count"": 50} ```"
E4,SIMCEPImages_A21_C87_F1_s07_w1,bbbc,cells,0,0,0.0,87,696,520,361920,50,,1,0,0,0,stop,13,internvl25-8b-awq,"```json {""count"": 50} ```"
E4,SIMCEPImages_A14_C57_F1_s12_w2,bbbc,cells,0,0,0.0,57,696,520,361920,16,,1,0,0,0,stop,13,internvl25-8b-awq,"```json {""count"": 16} ```"
E4,SIMCEPImages_A11_C44_F1_s24_w1,bbbc,cells,0,0,0.0,44,696,520,361920,24,,1,0,0,0,stop,13,internvl25-8b-awq,"```json {""count"": 24} ```"
E4,SIMCEPImages_A12_C48_F1_s19_w1,bbbc,cells,0,0,0.0,48,696,520,361920,24,,1,0,0,0,stop,13,internvl25-8b-awq,"```json {""count"": 24} ```"
E4,SIMCEPImages_A12_C48_F1_s08_w1,bbbc,cells,0,0,0.0,48,696,520,361920,30,,1,0,0,0,stop,13,internvl25-8b-awq,"```json {""count"": 30} ```"
E4,SIMCEPImages_A12_C48_F1_s13_w1,bbbc,cells,0,0,0.0,48,696,520,361920,30,,1,0,0,0,stop,13,internvl25-8b-awq,"```json {""count"": 30} ```"
E4,SIMCEPImages_A22_C91_F1_s14_w2,bbbc,cells,0,0,0.0,91,696,520,361920,20,,1,0,0,0,stop,13,internvl25-8b-awq,"```json {""count"": 20} ```"
E4,SIMCEPImages_A11_C44_F1_s04_w2,bbbc,cells,0,0,0.0,44,696,520,361920,20,,1,0,0,0,stop,13,internvl25-8b-awq,"```json {""count"": 20} ```"
E4,SIMCEPImages_A04_C14_F1_s13_w2,bbbc,cells,0,0,0.0,14,696,520,361920,10,,1,0,0,0,stop,13,internvl25-8b-awq,"```json {""count"": 10} ```"
E4,SIMCEPImages_A12_C48_F1_s13_w2,bbbc,cells,0,0,0.0,48,696,520,361920,20,,1,0,0,0,stop,13,internvl25-8b-awq,"```json {""count"": 20} ```"
E4,SIMCEPImages_A18_C74_F1_s22_w2,bbbc,cells,0,0,0.0,74,696,520,361920,25,,1,0,0,0,stop,13,internvl25-8b-awq,"```json {""count"": 25} ```"
E4,SIMCEPImages_A17_C70_F1_s18_w2,bbbc,cells,0,0,0.0,70,696,520,361920,20,,1,0,0,0,stop,13,internvl25-8b-awq,"```json {""count"": 20} ```"
E4,SIMCEPImages_A24_C100_F1_s06_w2,bbbc,cells,0,0,0.0,100,696,520,361920,23,,1,0,0,0,stop,13,internvl25-8b-awq,"```json {""count"": 23} ```"
E4,SIMCEPImages_A13_C53_F1_s24_w1,bbbc,cells,0,0,0.0,53,696,520,361920,34,,1,0,0,0,stop,13,internvl25-8b-awq,"```json {""count"": 34} ```"
E4,SIMCEPImages_A13_C53_F1_s08_w1,bbbc,cells,0,0,0.0,53,696,520,361920,34,,1,0,0,0,stop,13,internvl25-8b-awq,"```json {""count"": 34} ```"
E4,SIMCEPImages_A04_C14_F1_s21_w1,bbbc,cells,0,0,0.0,14,696,520,361920,10,,1,0,0,0,stop,13,internvl25-8b-awq,"```json {""count"": 10} ```"
E4,SIMCEPImages_A19_C78_F1_s15_w1,bbbc,cells,0,0,0.0,78,696,520,361920,50,,1,0,0,0,stop,13,internvl25-8b-awq,"```json {""count"": 50} ```"
E4,SIMCEPImages_A10_C40_F1_s24_w2,bbbc,cells,0,0,0.0,40,696,520,361920,16,,1,0,0,0,stop,13,internvl25-8b-awq,"```json {""count"": 16} ```"
E4,SIMCEPImages_A22_C91_F1_s05_w1,bbbc,cells,0,0,0.0,91,696,520,361920,50,,1,0,0,0,stop,13,internvl25-8b-awq,"```json {""count"": 50} ```"
E4,SIMCEPImages_A14_C57_F1_s04_w2,bbbc,cells,0,0,0.0,57,696,520,361920,20,,1,0,0,0,stop,13,internvl25-8b-awq,"```json {""count"": 20} ```"
E4,SIMCEPImages_A24_C100_F1_s10_w2,bbbc,cells,0,0,0.0,100,696,520,361920,23,,1,0,0,0,stop,13,internvl25-8b-awq,"```json {""count"": 23} ```"
E4,SIMCEPImages_A17_C70_F1_s06_w1,bbbc,cells,0,0,0.0,70,696,520,361920,50,,1,0,0,0,stop,13,internvl25-8b-awq,"```json {""count"": 50} ```"
E4,SIMCEPImages_A12_C48_F1_s15_w2,bbbc,cells,0,0,0.0,48,696,520,361920,20,,1,0,0,0,stop,13,internvl25-8b-awq,"```json {""count"": 20} ```"
E4,SIMCEPImages_A06_C23_F1_s01_w1,bbbc,cells,0,0,0.0,23,696,520,361920,16,,1,0,0,0,stop,13,internvl25-8b-awq,"```json {""count"": 16} ```"
E4,SIMCEPImages_A20_C83_F1_s09_w1,bbbc,cells,0,0,0.0,83,696,520,361920,50,,1,0,0,0,stop,13,internvl25-8b-awq,"```json {""count"": 50} ```"
E4,SIMCEPImages_A17_C70_F1_s14_w1,bbbc,cells,0,0,0.0,70,696,520,361920,42,,1,0,0,0,stop,13,internvl25-8b-awq,"```json {""count"": 42} ```"
E4,SIMCEPImages_A02_C5_F1_s25_w1,bbbc,cells,0,0,0.0,5,696,520,361920,5,,1,0,0,0,stop,13,internvl25-8b-awq,"```json {""count"": 5} ```"
E4,SIMCEPImages_A11_C44_F1_s16_w2,bbbc,cells,0,0,0.0,44,696,520,361920,16,,1,0,0,0,stop,13,internvl25-8b-awq,"```json {""count"": 16} ```"
E4,SIMCEPImages_A22_C91_F1_s16_w2,bbbc,cells,0,0,0.0,91,696,520,361920,15,,1,0,0,0,stop,13,internvl25-8b-awq,"```json {""count"": 15} ```"
E4,SIMCEPImages_A02_C5_F1_s23_w2,bbbc,cells,0,0,0.0,5,696,520,361920,5,,1,0,0,0,stop,13,internvl25-8b-awq,"```json {""count"": 5} ```"
E4,SIMCEPImages_A01_C1_F1_s16_w1,bbbc,cells,0,0,0.0,1,696,520,361920,1,,1,0,0,0,stop,13,internvl25-8b-awq,"```json {""count"": 1} ```"
E4,SIMCEPImages_A21_C87_F1_s12_w1,bbbc,cells,0,0,0.0,87,696,520,361920,50,,1,0,0,0,stop,13,internvl25-8b-awq,"```json {""count"": 50} ```"
E4,SIMCEPImages_A22_C91_F1_s03_w1,bbbc,cells,0,0,0.0,91,696,520,361920,50,,1,0,0,0,stop,13,internvl25-8b-awq,"```json {""count"": 50} ```"
E4,SIMCEPImages_A03_C10_F1_s23_w1,bbbc,cells,0,0,0.0,10,696,520,361920,10,,1,0,0,0,stop,13,internvl25-8b-awq,"```json {""count"": 10} ```"
E4,SIMCEPImages_A05_C18_F1_s14_w2,bbbc,cells,0,0,0.0,18,696,520,361920,11,,1,0,0,0,stop,13,internvl25-8b-awq,"```json {""count"": 11} ```"
E4,SIMCEPImages_A01_C1_F1_s05_w2,bbbc,cells,0,0,0.0,1,696,520,361920,1,,1,0,0,0,stop,13,internvl25-8b-awq,"```json {""count"": 1} ```"
E4,SIMCEPImages_A16_C66_F1_s03_w1,bbbc,cells,0,0,0.0,66,696,520,361920,35,,1,0,0,0,stop,13,internvl25-8b-awq,"```json {""count"": 35} ```"
E4,SIMCEPImages_A10_C40_F1_s22_w1,bbbc,cells,0,0,0.0,40,696,520,361920,27,,1,0,0,0,stop,13,internvl25-8b-awq,"```json {""count"": 27} ```"
E4,SIMCEPImages_A12_C48_F1_s01_w1,bbbc,cells,0,0,0.0,48,696,520,361920,27,,1,0,0,0,stop,13,internvl25-8b-awq,"```json {""count"": 27} ```"
E4,SIMCEPImages_A02_C5_F1_s17_w1,bbbc,cells,0,0,0.0,5,696,520,361920,5,,1,0,0,0,stop,13,internvl25-8b-awq,"```json {""count"": 5} ```"
E4,SIMCEPImages_A18_C74_F1_s14_w2,bbbc,cells,0,0,0.0,74,696,520,361920,20,,1,0,0,0,stop,13,internvl25-8b-awq,"```json {""count"": 20} ```"
E4,SIMCEPImages_A15_C61_F1_s02_w2,bbbc,cells,0,0,0.0,61,696,520,361920,15,,1,0,0,0,stop,13,internvl25-8b-awq,"```json {""count"": 15} ```"
E4,SIMCEPImages_A03_C10_F1_s02_w2,bbbc,cells,0,0,0.0,10,696,520,361920,9,,1,0,0,0,stop,13,internvl25-8b-awq,"```json {""count"": 9} ```"
E4,SIMCEPImages_A23_C96_F1_s14_w1,bbbc,cells,0,0,0.0,96,696,520,361920,50,,1,0,0,0,stop,13,internvl25-8b-awq,"```json {""count"": 50} ```"
E4,SIMCEPImages_A02_C5_F1_s23_w1,bbbc,cells,0,0,0.0,5,696,520,361920,7,,1,0,0,0,stop,13,internvl25-8b-awq,"```json {""count"": 7} ```"
E4,SIMCEPImages_A14_C57_F1_s02_w2,bbbc,cells,0,0,0.0,57,696,520,361920,20,,1,0,0,0,stop,13,internvl25-8b-awq,"```json {""count"": 20} ```"
E4,SIMCEPImages_A12_C48_F1_s03_w1,bbbc,cells,0,0,0.0,48,696,520,361920,30,,1,0,0,0,stop,13,internvl25-8b-awq,"```json {""count"": 30} ```"
E4,SIMCEPImages_A03_C10_F1_s06_w2,bbbc,cells,0,0,0.0,10,696,520,361920,8,,1,0,0,0,stop,13,internvl25-8b-awq,"```json {""count"": 8} ```"
E4,SIMCEPImages_A07_C27_F1_s01_w1,bbbc,cells,0,0,0.0,27,696,520,361920,20,,1,0,0,0,stop,13,internvl25-8b-awq,"```json {""count"": 20} ```"
E4,SIMCEPImages_A04_C14_F1_s03_w1,bbbc,cells,0,0,0.0,14,696,520,361920,12,,1,0,0,0,stop,13,internvl25-8b-awq,"```json {""count"": 12} ```"
E4,SIMCEPImages_A15_C61_F1_s13_w1,bbbc,cells,0,0,0.0,61,696,520,361920,42,,1,0,0,0,stop,13,internvl25-8b-awq,"```json {""count"": 42} ```"
E4,SIMCEPImages_A10_C40_F1_s02_w2,bbbc,cells,0,0,0.0,40,696,520,361920,21,,1,0,0,0,stop,13,internvl25-8b-awq,"```json {""count"": 21} ```"
E4,SIMCEPImages_A06_C23_F1_s10_w2,bbbc,cells,0,0,0.0,23,696,520,361920,12,,1,0,0,0,stop,13,internvl25-8b-awq,"```json {""count"": 12} ```"
E4,SIMCEPImages_A14_C57_F1_s07_w2,bbbc,cells,0,0,0.0,57,696,520,361920,22,,1,0,0,0,stop,13,internvl25-8b-awq,"```json {""count"": 22} ```"
E4,SIMCEPImages_A06_C23_F1_s06_w2,bbbc,cells,0,0,0.0,23,696,520,361920,15,,1,0,0,0,stop,13,internvl25-8b-awq,"```json {""count"": 15} ```"
E4,SIMCEPImages_A14_C57_F1_s16_w1,bbbc,cells,0,0,0.0,57,696,520,361920,35,,1,0,0,0,stop,13,internvl25-8b-awq,"```json {""count"": 35} ```"
E4,SIMCEPImages_A21_C87_F1_s10_w1,bbbc,cells,0,0,0.0,87,696,520,361920,50,,1,0,0,0,stop,13,internvl25-8b-awq,"```json {""count"": 50} ```"
E4,SIMCEPImages_A23_C96_F1_s12_w1,bbbc,cells,0,0,0.0,96,696,520,361920,63,,1,0,0,0,stop,13,internvl25-8b-awq,"```json {""count"": 63} ```"
E4,SIMCEPImages_A04_C14_F1_s11_w1,bbbc,cells,0,0,0.0,14,696,520,361920,11,,1,0,0,0,stop,13,internvl25-8b-awq,"```json {""count"": 11} ```"
E4,SIMCEPImages_A22_C91_F1_s07_w1,bbbc,cells,0,0,0.0,91,696,520,361920,63,,1,0,0,0,stop,13,internvl25-8b-awq,"```json {""count"": 63} ```"
E4,SIMCEPImages_A16_C66_F1_s18_w1,bbbc,cells,0,0,0.0,66,696,520,361920,42,,1,0,0,0,stop,13,internvl25-8b-awq,"```json {""count"": 42} ```"
E4,SIMCEPImages_A02_C5_F1_s25_w2,bbbc,cells,0,0,0.0,5,696,520,361920,5,,1,0,0,0,stop,13,internvl25-8b-awq,"```json {""count"": 5} ```"
E4,SIMCEPImages_A07_C27_F1_s25_w1,bbbc,cells,0,0,0.0,27,696,520,361920,20,,1,0,0,0,stop,13,internvl25-8b-awq,"```json {""count"": 20} ```"
E4,SIMCEPImages_A18_C74_F1_s09_w1,bbbc,cells,0,0,0.0,74,696,520,361920,50,,1,0,0,0,stop,13,internvl25-8b-awq,"```json {""count"": 50} ```"
E4,SIMCEPImages_A10_C40_F1_s05_w2,bbbc,cells,0,0,0.0,40,696,520,361920,20,,1,0,0,0,stop,13,internvl25-8b-awq,"```json {""count"": 20} ```"
E4,SIMCEPImages_A17_C70_F1_s10_w1,bbbc,cells,0,0,0.0,70,696,520,361920,50,,1,0,0,0,stop,13,internvl25-8b-awq,"```json {""count"": 50} ```"
E4,SIMCEPImages_A03_C10_F1_s18_w1,bbbc,cells,0,0,0.0,10,696,520,361920,10,,1,0,0,0,stop,13,internvl25-8b-awq,"```json {""count"": 10} ```"
E4,SIMCEPImages_A22_C91_F1_s20_w1,bbbc,cells,0,0,0.0,91,696,520,361920,50,,1,0,0,0,stop,13,internvl25-8b-awq,"```json {""count"": 50} ```"
E4,SIMCEPImages_A23_C96_F1_s15_w1,bbbc,cells,0,0,0.0,96,696,520,361920,63,,1,0,0,0,stop,13,internvl25-8b-awq,"```json {""count"": 63} ```"
E4,SIMCEPImages_A19_C78_F1_s16_w1,bbbc,cells,0,0,0.0,78,696,520,361920,50,,1,0,0,0,stop,13,internvl25-8b-awq,"```json {""count"": 50} ```"
E4,SIMCEPImages_A03_C10_F1_s14_w1,bbbc,cells,0,0,0.0,10,696,520,361920,8,,1,0,0,0,stop,13,internvl25-8b-awq,"```json {""count"": 8} ```"
E4,SIMCEPImages_A05_C18_F1_s06_w1,bbbc,cells,0,0,0.0,18,696,520,361920,14,,1,0,0,0,stop,13,internvl25-8b-awq,"```json {""count"": 14} ```"
E4,SIMCEPImages_A04_C14_F1_s20_w1,bbbc,cells,0,0,0.0,14,696,520,361920,11,,1,0,0,0,stop,13,internvl25-8b-awq,"```json {""count"": 11} ```"
E4,SIMCEPImages_A11_C44_F1_s22_w1,bbbc,cells,0,0,0.0,44,696,520,361920,30,,1,0,0,0,stop,13,internvl25-8b-awq,"```json {""count"": 30} ```"
E4,SIMCEPImages_A18_C74_F1_s23_w2,bbbc,cells,0,0,0.0,74,696,520,361920,20,,1,0,0,0,stop,13,internvl25-8b-awq,"```json {""count"": 20} ```"
E4,SIMCEPImages_A17_C70_F1_s24_w2,bbbc,cells,0,0,0.0,70,696,520,361920,16,,1,0,0,0,stop,13,internvl25-8b-awq,"```json {""count"": 16} ```"
E4,SIMCEPImages_A20_C83_F1_s12_w1,bbbc,cells,0,0,0.0,83,696,520,361920,50,,1,0,0,0,stop,13,internvl25-8b-awq,"```json {""count"": 50} ```"
E4,SIMCEPImages_A24_C100_F1_s03_w2,bbbc,cells,0,0,0.0,100,696,520,361920,15,,1,0,0,0,stop,13,internvl25-8b-awq,"```json {""count"": 15} ```"
E4,SIMCEPImages_A10_C40_F1_s20_w1,bbbc,cells,0,0,0.0,40,696,520,361920,25,,1,0,0,0,stop,13,internvl25-8b-awq,"```json {""count"": 25} ```"
E4,SIMCEPImages_A14_C57_F1_s10_w1,bbbc,cells,0,0,0.0,57,696,520,361920,35,,1,0,0,0,stop,13,internvl25-8b-awq,"```json {""count"": 35} ```"
E4,SIMCEPImages_A21_C87_F1_s22_w1,bbbc,cells,0,0,0.0,87,696,520,361920,63,,1,0,0,0,stop,13,internvl25-8b-awq,"```json {""count"": 63} ```"
E4,SIMCEPImages_A19_C78_F1_s25_w1,bbbc,cells,0,0,0.0,78,696,520,361920,50,,1,0,0,0,stop,13,internvl25-8b-awq,"```json {""count"": 50} ```"
E4,SIMCEPImages_A18_C74_F1_s12_w1,bbbc,cells,0,0,0.0,74,696,520,361920,50,,1,0,0,0,stop,13,internvl25-8b-awq,"```json {""count"": 50} ```"
E4,SIMCEPImages_A11_C44_F1_s17_w1,bbbc,cells,0,0,0.0,44,696,520,361920,30,,1,0,0,0,stop,13,internvl25-8b-awq,"```json {""count"": 30} ```"
E4,SIMCEPImages_A10_C40_F1_s18_w2,bbbc,cells,0,0,0.0,40,696,520,361920,20,,1,0,0,0,stop,13,internvl25-8b-awq,"```json {""count"": 20} ```"
E4,SIMCEPImages_A10_C40_F1_s03_w2,bbbc,cells,0,0,0.0,40,696,520,361920,16,,1,0,0,0,stop,13,internvl25-8b-awq,"```json {""count"": 16} ```"
E4,SIMCEPImages_A14_C57_F1_s15_w1,bbbc,cells,0,0,0.0,57,696,520,361920,42,,1,0,0,0,stop,13,internvl25-8b-awq,"```json {""count"": 42} ```"
E4,SIMCEPImages_A14_C57_F1_s01_w2,bbbc,cells,0,0,0.0,57,696,520,361920,21,,1,0,0,0,stop,13,internvl25-8b-awq,"```json {""count"": 21} ```"
E4,SIMCEPImages_A09_C35_F1_s07_w1,bbbc,cells,0,0,0.0,35,696,520,361920,24,,1,0,0,0,stop,13,internvl25-8b-awq,"```json {""count"": 24} ```"
E4,SIMCEPImages_A11_C44_F1_s10_w2,bbbc,cells,0,0,0.0,44,696,520,361920,16,,1,0,0,0,stop,13,internvl25-8b-awq,"```json {""count"": 16} ```"
E4,SIMCEPImages_A21_C87_F1_s10_w2,bbbc,cells,0,0,0.0,87,696,520,361920,25,,1,0,0,0,stop,13,internvl25-8b-awq,"```json {""count"": 25} ```"
E4,SIMCEPImages_A06_C23_F1_s13_w2,bbbc,cells,0,0,0.0,23,696,520,361920,14,,1,0,0,0,stop,13,internvl25-8b-awq,"```json {""count"": 14} ```"
E4,SIMCEPImages_A03_C10_F1_s15_w1,bbbc,cells,0,0,0.0,10,696,520,361920,9,,1,0,0,0,stop,13,internvl25-8b-awq,"```json {""count"": 9} ```"
E4,SIMCEPImages_A10_C40_F1_s04_w2,bbbc,cells,0,0,0.0,40,696,520,361920,20,,1,0,0,0,stop,13,internvl25-8b-awq,"```json {""count"": 20} ```"
E4,SIMCEPImages_A05_C18_F1_s11_w2,bbbc,cells,0,0,0.0,18,696,520,361920,11,,1,0,0,0,stop,13,internvl25-8b-awq,"```json {""count"": 11} ```"
E4,SIMCEPImages_A23_C96_F1_s01_w1,bbbc,cells,0,0,0.0,96,696,520,361920,100,,1,0,0,0,stop,13,internvl25-8b-awq,"```json {""count"": 100} ```"
E4,SIMCEPImages_A03_C10_F1_s01_w2,bbbc,cells,0,0,0.0,10,696,520,361920,8,,1,0,0,0,stop,13,internvl25-8b-awq,"```json {""count"": 8} ```"
E4,SIMCEPImages_A18_C74_F1_s08_w2,bbbc,cells,0,0,0.0,74,696,520,361920,20,,1,0,0,0,stop,13,internvl25-8b-awq,"```json {""count"": 20} ```"
E4,SIMCEPImages_A23_C96_F1_s21_w1,bbbc,cells,0,0,0.0,96,696,520,361920,82,,1,0,0,0,stop,13,internvl25-8b-awq,"```json {""count"": 82} ```"
E4,SIMCEPImages_A17_C70_F1_s13_w2,bbbc,cells,0,0,0.0,70,696,520,361920,21,,1,0,0,0,stop,13,internvl25-8b-awq,"```json {""count"": 21} ```"
E4,SIMCEPImages_A18_C74_F1_s25_w1,bbbc,cells,0,0,0.0,74,696,520,361920,50,,1,0,0,0,stop,13,internvl25-8b-awq,"```json {""count"": 50} ```"
E4,SIMCEPImages_A04_C14_F1_s15_w1,bbbc,cells,0,0,0.0,14,696,520,361920,10,,1,0,0,0,stop,13,internvl25-8b-awq,"```json {""count"": 10} ```"
E4,SIMCEPImages_A21_C87_F1_s20_w1,bbbc,cells,0,0,0.0,87,696,520,361920,85,,1,0,0,0,stop,13,internvl25-8b-awq,"```json {""count"": 85} ```"
E4,SIMCEPImages_A12_C48_F1_s14_w2,bbbc,cells,0,0,0.0,48,696,520,361920,16,,1,0,0,0,stop,13,internvl25-8b-awq,"```json {""count"": 16} ```"
E4,SIMCEPImages_A10_C40_F1_s06_w1,bbbc,cells,0,0,0.0,40,696,520,361920,26,,1,0,0,0,stop,13,internvl25-8b-awq,"```json {""count"": 26} ```"
E4,SIMCEPImages_A12_C48_F1_s24_w1,bbbc,cells,0,0,0.0,48,696,520,361920,27,,1,0,0,0,stop,13,internvl25-8b-awq,"```json {""count"": 27} ```"
E4,SIMCEPImages_A13_C53_F1_s22_w1,bbbc,cells,0,0,0.0,53,696,520,361920,35,,1,0,0,0,stop,13,internvl25-8b-awq,"```json {""count"": 35} ```"
E4,SIMCEPImages_A06_C23_F1_s17_w2,bbbc,cells,0,0,0.0,23,696,520,361920,15,,1,0,0,0,stop,13,internvl25-8b-awq,"```json {""count"": 15} ```"
E4,SIMCEPImages_A20_C83_F1_s05_w2,bbbc,cells,0,0,0.0,83,696,520,361920,25,,1,0,0,0,stop,13,internvl25-8b-awq,"```json {""count"": 25} ```"
E4,SIMCEPImages_A06_C23_F1_s03_w2,bbbc,cells,0,0,0.0,23,696,520,361920,12,,1,0,0,0,stop,13,internvl25-8b-awq,"```json {""count"": 12} ```"
E4,SIMCEPImages_A20_C83_F1_s04_w2,bbbc,cells,0,0,0.0,83,696,520,361920,20,,1,0,0,0,stop,13,internvl25-8b-awq,"```json {""count"": 20} ```"
E4,SIMCEPImages_A23_C96_F1_s12_w2,bbbc,cells,0,0,0.0,96,696,520,361920,20,,1,0,0,0,stop,13,internvl25-8b-awq,"```json {""count"": 20} ```"
E4,SIMCEPImages_A07_C27_F1_s12_w1,bbbc,cells,0,0,0.0,27,696,520,361920,16,,1,0,0,0,stop,13,internvl25-8b-awq,"```json {""count"": 16} ```"
E4,SIMCEPImages_A14_C57_F1_s08_w1,bbbc,cells,0,0,0.0,57,696,520,361920,50,,1,0,0,0,stop,13,internvl25-8b-awq,"```json {""count"": 50} ```"
E4,SIMCEPImages_A14_C57_F1_s04_w1,bbbc,cells,0,0,0.0,57,696,520,361920,35,,1,0,0,0,stop,13,internvl25-8b-awq,"```json {""count"": 35} ```"
E4,SIMCEPImages_A17_C70_F1_s12_w1,bbbc,cells,0,0,0.0,70,696,520,361920,50,,1,0,0,0,stop,13,internvl25-8b-awq,"```json {""count"": 50} ```"
E4,SIMCEPImages_A19_C78_F1_s04_w1,bbbc,cells,0,0,0.0,78,696,520,361920,50,,1,0,0,0,stop,13,internvl25-8b-awq,"```json {""count"": 50} ```"
E4,SIMCEPImages_A11_C44_F1_s25_w1,bbbc,cells,0,0,0.0,44,696,520,361920,27,,1,0,0,0,stop,13,internvl25-8b-awq,"```json {""count"": 27} ```"
E4,SIMCEPImages_A12_C48_F1_s24_w2,bbbc,cells,0,0,0.0,48,696,520,361920,16,,1,0,0,0,stop,13,internvl25-8b-awq,"```json {""count"": 16} ```"
E4,SIMCEPImages_A17_C70_F1_s19_w2,bbbc,cells,0,0,0.0,70,696,520,361920,25,,1,0,0,0,stop,13,internvl25-8b-awq,"```json {""count"": 25} ```"
E4,SIMCEPImages_A18_C74_F1_s05_w1,bbbc,cells,0,0,0.0,74,696,520,361920,50,,1,0,0,0,stop,13,internvl25-8b-awq,"```json {""count"": 50} ```"
E4,SIMCEPImages_A13_C53_F1_s22_w2,bbbc,cells,0,0,0.0,53,696,520,361920,20,,1,0,0,0,stop,13,internvl25-8b-awq,"```json {""count"": 20} ```"
E4,SIMCEPImages_A14_C57_F1_s19_w1,bbbc,cells,0,0,0.0,57,696,520,361920,35,,1,0,0,0,stop,13,internvl25-8b-awq,"```json {""count"": 35} ```"
E4,SIMCEPImages_A12_C48_F1_s23_w2,bbbc,cells,0,0,0.0,48,696,520,361920,20,,1,0,0,0,stop,13,internvl25-8b-awq,"```json {""count"": 20} ```"
E4,SIMCEPImages_A15_C61_F1_s21_w2,bbbc,cells,0,0,0.0,61,696,520,361920,20,,1,0,0,0,stop,13,internvl25-8b-awq,"```json {""count"": 20} ```"
E4,SIMCEPImages_A05_C18_F1_s12_w1,bbbc,cells,0,0,0.0,18,696,520,361920,15,,1,0,0,0,stop,13,internvl25-8b-awq,"```json {""count"": 15} ```"
E4,SIMCEPImages_A15_C61_F1_s08_w2,bbbc,cells,0,0,0.0,61,696,520,361920,20,,1,0,0,0,stop,13,internvl25-8b-awq,"```json {""count"": 20} ```"
E4,SIMCEPImages_A03_C10_F1_s11_w2,bbbc,cells,0,0,0.0,10,696,520,361920,8,,1,0,0,0,stop,13,internvl25-8b-awq,"```json {""count"": 8} ```"
E4,SIMCEPImages_A15_C61_F1_s17_w2,bbbc,cells,0,0,0.0,61,696,520,361920,20,,1,0,0,0,stop,13,internvl25-8b-awq,"```json {""count"": 20} ```"
E4,SIMCEPImages_A06_C23_F1_s12_w1,bbbc,cells,0,0,0.0,23,696,520,361920,16,,1,0,0,0,stop,13,internvl25-8b-awq,"```json {""count"": 16} ```"
E4,SIMCEPImages_A07_C27_F1_s03_w2,bbbc,cells,0,0,0.0,27,696,520,361920,15,,1,0,0,0,stop,13,internvl25-8b-awq,"```json {""count"": 15} ```"
E4,SIMCEPImages_A20_C83_F1_s20_w1,bbbc,cells,0,0,0.0,83,696,520,361920,50,,1,0,0,0,stop,13,internvl25-8b-awq,"```json {""count"": 50} ```"
E4,SIMCEPImages_A05_C18_F1_s13_w2,bbbc,cells,0,0,0.0,18,696,520,361920,12,,1,0,0,0,stop,13,internvl25-8b-awq,"```json {""count"": 12} ```"
E4,SIMCEPImages_A21_C87_F1_s13_w1,bbbc,cells,0,0,0.0,87,696,520,361920,50,,1,0,0,0,stop,13,internvl25-8b-awq,"```json {""count"": 50} ```"
E4,SIMCEPImages_A07_C27_F1_s07_w1,bbbc,cells,0,0,0.0,27,696,520,361920,20,,1,0,0,0,stop,13,internvl25-8b-awq,"```json {""count"": 20} ```"
E4,SIMCEPImages_A14_C57_F1_s07_w1,bbbc,cells,0,0,0.0,57,696,520,361920,35,,1,0,0,0,stop,13,internvl25-8b-awq,"```json {""count"": 35} ```"
E4,SIMCEPImages_A24_C100_F1_s18_w1,bbbc,cells,0,0,0.0,100,696,520,361920,85,,1,0,0,0,stop,13,internvl25-8b-awq,"```json {""count"": 85} ```"
E4,SIMCEPImages_A06_C23_F1_s08_w2,bbbc,cells,0,0,0.0,23,696,520,361920,16,,1,0,0,0,stop,13,internvl25-8b-awq,"```json {""count"": 16} ```"
E4,SIMCEPImages_A12_C48_F1_s04_w2,bbbc,cells,0,0,0.0,48,696,520,361920,16,,1,0,0,0,stop,13,internvl25-8b-awq,"```json {""count"": 16} ```"
E4,SIMCEPImages_A21_C87_F1_s01_w1,bbbc,cells,0,0,0.0,87,696,520,361920,50,,1,0,0,0,stop,13,internvl25-8b-awq,"```json {""count"": 50} ```"
E4,SIMCEPImages_A04_C14_F1_s14_w2,bbbc,cells,0,0,0.0,14,696,520,361920,10,,1,0,0,0,stop,13,internvl25-8b-awq,"```json {""count"": 10} ```"
E4,SIMCEPImages_A04_C14_F1_s01_w1,bbbc,cells,0,0,0.0,14,696,520,361920,11,,1,0,0,0,stop,13,internvl25-8b-awq,"```json {""count"": 11} ```"
E4,SIMCEPImages_A05_C18_F1_s14_w1,bbbc,cells,0,0,0.0,18,696,520,361920,14,,1,0,0,0,stop,13,internvl25-8b-awq,"```json {""count"": 14} ```"
E4,SIMCEPImages_A09_C35_F1_s17_w1,bbbc,cells,0,0,0.0,35,696,520,361920,25,,1,0,0,0,stop,13,internvl25-8b-awq,"```json {""count"": 25} ```"
E4,SIMCEPImages_A20_C83_F1_s14_w2,bbbc,cells,0,0,0.0,83,696,520,361920,25,,1,0,0,0,stop,13,internvl25-8b-awq,"```json {""count"": 25} ```"
E4,SIMCEPImages_A17_C70_F1_s01_w1,bbbc,cells,0,0,0.0,70,696,520,361920,50,,1,0,0,0,stop,13,internvl25-8b-awq,"```json {""count"": 50} ```"
E4,SIMCEPImages_A21_C87_F1_s19_w1,bbbc,cells,0,0,0.0,87,696,520,361920,50,,1,0,0,0,stop,13,internvl25-8b-awq,"```json {""count"": 50} ```"
E4,SIMCEPImages_A01_C1_F1_s25_w2,bbbc,cells,0,0,0.0,1,696,520,361920,1,,1,0,0,0,stop,13,internvl25-8b-awq,"```json {""count"": 1} ```"
E4,SIMCEPImages_A16_C66_F1_s19_w2,bbbc,cells,0,0,0.0,66,696,520,361920,20,,1,0,0,0,stop,13,internvl25-8b-awq,"```json {""count"": 20} ```"
E4,SIMCEPImages_A11_C44_F1_s22_w2,bbbc,cells,0,0,0.0,44,696,520,361920,15,,1,0,0,0,stop,13,internvl25-8b-awq,"```json {""count"": 15} ```"
E4,SIMCEPImages_A15_C61_F1_s15_w1,bbbc,cells,0,0,0.0,61,696,520,361920,34,,1,0,0,0,stop,13,internvl25-8b-awq,"```json {""count"": 34} ```"
E4,SIMCEPImages_A24_C100_F1_s08_w1,bbbc,cells,0,0,0.0,100,696,520,361920,63,,1,0,0,0,stop,13,internvl25-8b-awq,"```json {""count"": 63} ```"
E4,SIMCEPImages_A03_C10_F1_s22_w1,bbbc,cells,0,0,0.0,10,696,520,361920,8,,1,0,0,0,stop,13,internvl25-8b-awq,"```json {""count"": 8} ```"
E4,SIMCEPImages_A24_C100_F1_s19_w1,bbbc,cells,0,0,0.0,100,696,520,361920,85,,1,0,0,0,stop,13,internvl25-8b-awq,"```json {""count"": 85} ```"
E4,SIMCEPImages_A01_C1_F1_s24_w2,bbbc,cells,0,0,0.0,1,696,520,361920,1,,1,0,0,0,stop,13,internvl25-8b-awq,"```json {""count"": 1} ```"
E4,SIMCEPImages_A22_C91_F1_s20_w2,bbbc,cells,0,0,0.0,91,696,520,361920,14,,1,0,0,0,stop,13,internvl25-8b-awq,"```json {""count"": 14} ```"
E4,SIMCEPImages_A20_C83_F1_s04_w1,bbbc,cells,0,0,0.0,83,696,520,361920,63,,1,0,0,0,stop,13,internvl25-8b-awq,"```json {""count"": 63} ```"
E4,SIMCEPImages_A10_C40_F1_s06_w2,bbbc,cells,0,0,0.0,40,696,520,361920,16,,1,0,0,0,stop,13,internvl25-8b-awq,"```json {""count"": 16} ```"
E4,SIMCEPImages_A16_C66_F1_s21_w1,bbbc,cells,0,0,0.0,66,696,520,361920,35,,1,0,0,0,stop,13,internvl25-8b-awq,"```json {""count"": 35} ```"
E4,SIMCEPImages_A13_C53_F1_s03_w2,bbbc,cells,0,0,0.0,53,696,520,361920,21,,1,0,0,0,stop,13,internvl25-8b-awq,"```json {""count"": 21} ```"
E4,SIMCEPImages_A23_C96_F1_s13_w2,bbbc,cells,0,0,0.0,96,696,520,361920,23,,1,0,0,0,stop,13,internvl25-8b-awq,"```json {""count"": 23} ```"
E4,SIMCEPImages_A06_C23_F1_s20_w2,bbbc,cells,0,0,0.0,23,696,520,361920,16,,1,0,0,0,stop,13,internvl25-8b-awq,"```json {""count"": 16} ```"
E4,SIMCEPImages_A02_C5_F1_s04_w2,bbbc,cells,0,0,0.0,5,696,520,361920,5,,1,0,0,0,stop,13,internvl25-8b-awq,"```json {""count"": 5} ```"
E4,SIMCEPImages_A11_C44_F1_s02_w2,bbbc,cells,0,0,0.0,44,696,520,361920,20,,1,0,0,0,stop,13,internvl25-8b-awq,"```json {""count"": 20} ```"
E4,SIMCEPImages_A07_C27_F1_s25_w2,bbbc,cells,0,0,0.0,27,696,520,361920,16,,1,0,0,0,stop,13,internvl25-8b-awq,"```json {""count"": 16} ```"
E4,SIMCEPImages_A09_C35_F1_s08_w2,bbbc,cells,0,0,0.0,35,696,520,361920,16,,1,0,0,0,stop,13,internvl25-8b-awq,"```json {""count"": 16} ```"
E4,SIMCEPImages_A21_C87_F1_s06_w2,bbbc,cells,0,0,0.0,87,696,520,361920,21,,1,0,0,0,stop,13,internvl25-8b-awq,"```json {""count"": 21} ```"
E4,SIMCEPImages_A04_C14_F1_s09_w1,bbbc,cells,0,0,0.0,14,696,520,361920,10,,1,0,0,0,stop,13,internvl25-8b-awq,"```json {""count"": 10} ```"
E4,SIMCEPImages_A13_C53_F1_s11_w1,bbbc,cells,0,0,0.0,53,696,520,361920,30,,1,0,0,0,stop,13,internvl25-8b-awq,"```json {""count"": 30} ```"
E4,SIMCEPImages_A05_C18_F1_s13_w1,bbbc,cells,0,0,0.0,18,696,520,361920,14,,1,0,0,0,stop,13,internvl25-8b-awq,"```json {""count"": 14} ```"
E4,SIMCEPImages_A17_C70_F1_s21_w2,bbbc,cells,0,0,0.0,70,696,520,361920,15,,1,0,0,0,stop,13,internvl25-8b-awq,"```json {""count"": 15} ```"
E4,SIMCEPImages_A22_C91_F1_s16_w1,bbbc,cells,0,0,0.0,91,696,520,361920,84,,1,0,0,0,stop,13,internvl25-8b-awq,"```json {""count"": 84} ```"
E4,SIMCEPImages_A15_C61_F1_s13_w2,bbbc,cells,0,0,0.0,61,696,520,361920,20,,1,0,0,0,stop,13,internvl25-8b-awq,"```json {""count"": 20} ```"
E4,SIMCEPImages_A04_C14_F1_s17_w1,bbbc,cells,0,0,0.0,14,696,520,361920,10,,1,0,0,0,stop,13,internvl25-8b-awq,"```json {""count"": 10} ```"
E4,SIMCEPImages_A09_C35_F1_s03_w1,bbbc,cells,0,0,0.0,35,696,520,361920,24,,1,0,0,0,stop,13,internvl25-8b-awq,"```json {""count"": 24} ```"
E4,SIMCEPImages_A13_C53_F1_s11_w2,bbbc,cells,0,0,0.0,53,696,520,361920,21,,1,0,0,0,stop,13,internvl25-8b-awq,"```json {""count"": 21} ```"
E4,SIMCEPImages_A11_C44_F1_s12_w1,bbbc,cells,0,0,0.0,44,696,520,361920,30,,1,0,0,0,stop,13,internvl25-8b-awq,"```json {""count"": 30} ```"
E4,SIMCEPImages_A17_C70_F1_s07_w2,bbbc,cells,0,0,0.0,70,696,520,361920,20,,1,0,0,0,stop,13,internvl25-8b-awq,"```json {""count"": 20} ```"
E4,SIMCEPImages_A12_C48_F1_s07_w1,bbbc,cells,0,0,0.0,48,696,520,361920,24,,1,0,0,0,stop,13,internvl25-8b-awq,"```json {""count"": 24} ```"
E4,SIMCEPImages_A13_C53_F1_s06_w2,bbbc,cells,0,0,0.0,53,696,520,361920,20,,1,0,0,0,stop,13,internvl25-8b-awq,"```json {""count"": 20} ```"
E4,SIMCEPImages_A22_C91_F1_s12_w1,bbbc,cells,0,0,0.0,91,696,520,361920,63,,1,0,0,0,stop,13,internvl25-8b-awq,"```json {""count"": 63} ```"
E4,SIMCEPImages_A05_C18_F1_s19_w1,bbbc,cells,0,0,0.0,18,696,520,361920,12,,1,0,0,0,stop,13,internvl25-8b-awq,"```json {""count"": 12} ```"
E4,SIMCEPImages_A15_C61_F1_s10_w2,bbbc,cells,0,0,0.0,61,696,520,361920,16,,1,0,0,0,stop,13,internvl25-8b-awq,"```json {""count"": 16} ```"
E4,SIMCEPImages_A21_C87_F1_s08_w2,bbbc,cells,0,0,0.0,87,696,520,361920,20,,1,0,0,0,stop,13,internvl25-8b-awq,"```json {""count"": 20} ```"
E4,SIMCEPImages_A09_C35_F1_s15_w2,bbbc,cells,0,0,0.0,35,696,520,361920,16,,1,0,0,0,stop,13,internvl25-8b-awq,"```json {""count"": 16} ```"
E4,SIMCEPImages_A17_C70_F1_s17_w2,bbbc,cells,0,0,0.0,70,696,520,361920,20,,1,0,0,0,stop,13,internvl25-8b-awq,"```json {""count"": 20} ```"
E4,SIMCEPImages_A06_C23_F1_s11_w2,bbbc,cells,0,0,0.0,23,696,520,361920,12,,1,0,0,0,stop,13,internvl25-8b-awq,"```json {""count"": 12} ```"
E4,SIMCEPImages_A02_C5_F1_s14_w1,bbbc,cells,0,0,0.0,5,696,520,361920,5,,1,0,0,0,stop,13,internvl25-8b-awq,"```json {""count"": 5} ```"
E4,SIMCEPImages_A07_C27_F1_s24_w2,bbbc,cells,0,0,0.0,27,696,520,361920,14,,1,0,0,0,stop,13,internvl25-8b-awq,"```json {""count"": 14} ```"
E4,SIMCEPImages_A15_C61_F1_s11_w2,bbbc,cells,0,0,0.0,61,696,520,361920,15,,1,0,0,0,stop,13,internvl25-8b-awq,"```json {""count"": 15} ```"
E4,SIMCEPImages_A23_C96_F1_s16_w2,bbbc,cells,0,0,0.0,96,696,520,361920,25,,1,0,0,0,stop,13,internvl25-8b-awq,"```json {""count"": 25} ```"
E4,SIMCEPImages_A24_C100_F1_s21_w1,bbbc,cells,0,0,0.0,100,696,520,361920,63,,1,0,0,0,stop,13,internvl25-8b-awq,"```json {""count"": 63} ```"
E4,SIMCEPImages_A12_C48_F1_s23_w1,bbbc,cells,0,0,0.0,48,696,520,361920,30,,1,0,0,0,stop,13,internvl25-8b-awq,"```json {""count"": 30} ```"
E4,SIMCEPImages_A24_C100_F1_s17_w2,bbbc,cells,0,0,0.0,100,696,520,361920,15,,1,0,0,0,stop,13,internvl25-8b-awq,"```json {""count"": 15} ```"
E4,SIMCEPImages_A03_C10_F1_s12_w1,bbbc,cells,0,0,0.0,10,696,520,361920,8,,1,0,0,0,stop,13,internvl25-8b-awq,"```json {""count"": 8} ```"
E4,SIMCEPImages_A14_C57_F1_s23_w1,bbbc,cells,0,0,0.0,57,696,520,361920,34,,1,0,0,0,stop,13,internvl25-8b-awq,"```json {""count"": 34} ```"
E4,SIMCEPImages_A07_C27_F1_s09_w1,bbbc,cells,0,0,0.0,27,696,520,361920,20,,1,0,0,0,stop,13,internvl25-8b-awq,"```json {""count"": 20} ```"
E4,SIMCEPImages_A10_C40_F1_s07_w1,bbbc,cells,0,0,0.0,40,696,520,361920,22,,1,0,0,0,stop,13,internvl25-8b-awq,"```json {""count"": 22} ```"
E4,SIMCEPImages_A16_C66_F1_s23_w1,bbbc,cells,0,0,0.0,66,696,520,361920,50,,1,0,0,0,stop,13,internvl25-8b-awq,"```json {""count"": 50} ```"
E4,SIMCEPImages_A06_C23_F1_s04_w1,bbbc,cells,0,0,0.0,23,696,520,361920,16,,1,0,0,0,stop,13,internvl25-8b-awq,"```json {""count"": 16} ```"
E4,SIMCEPImages_A08_C31_F1_s18_w1,bbbc,cells,0,0,0.0,31,696,520,361920,21,,1,0,0,0,stop,13,internvl25-8b-awq,"```json {""count"": 21} ```"
E4,SIMCEPImages_A24_C100_F1_s09_w2,bbbc,cells,0,0,0.0,100,696,520,361920,16,,1,0,0,0,stop,13,internvl25-8b-awq,"```json {""count"": 16} ```"
E4,SIMCEPImages_A02_C5_F1_s05_w2,bbbc,cells,0,0,0.0,5,696,520,361920,5,,1,0,0,0,stop,13,internvl25-8b-awq,"```json {""count"": 5} ```"
E4,SIMCEPImages_A03_C10_F1_s20_w2,bbbc,cells,0,0,0.0,10,696,520,361920,10,,1,0,0,0,stop,13,internvl25-8b-awq,"```json {""count"": 10} ```"
E4,SIMCEPImages_A07_C27_F1_s05_w2,bbbc,cells,0,0,0.0,27,696,520,361920,14,,1,0,0,0,stop,13,internvl25-8b-awq,"```json {""count"": 14} ```"
E4,SIMCEPImages_A19_C78_F1_s10_w1,bbbc,cells,0,0,0.0,78,696,520,361920,50,,1,0,0,0,stop,13,internvl25-8b-awq,"```json {""count"": 50} ```"
E4,SIMCEPImages_A15_C61_F1_s25_w1,bbbc,cells,0,0,0.0,61,696,520,361920,50,,1,0,0,0,stop,13,internvl25-8b-awq,"```json {""count"": 50} ```"
E4,SIMCEPImages_A09_C35_F1_s22_w2,bbbc,cells,0,0,0.0,35,696,520,361920,16,,1,0,0,0,stop,13,internvl25-8b-awq,"```json {""count"": 16} ```"
E4,SIMCEPImages_A03_C10_F1_s13_w1,bbbc,cells,0,0,0.0,10,696,520,361920,8,,1,0,0,0,stop,13,internvl25-8b-awq,"```json {""count"": 8} ```"
E4,SIMCEPImages_A16_C66_F1_s01_w1,bbbc,cells,0,0,0.0,66,696,520,361920,42,,1,0,0,0,stop,13,internvl25-8b-awq,"```json {""count"": 42} ```"
E4,SIMCEPImages_A23_C96_F1_s17_w1,bbbc,cells,0,0,0.0,96,696,520,361920,63,,1,0,0,0,stop,13,internvl25-8b-awq,"```json {""count"": 63} ```"
E4,SIMCEPImages_A06_C23_F1_s07_w1,bbbc,cells,0,0,0.0,23,696,520,361920,16,,1,0,0,0,stop,13,internvl25-8b-awq,"```json {""count"": 16} ```"
E4,SIMCEPImages_A14_C57_F1_s03_w1,bbbc,cells,0,0,0.0,57,696,520,361920,34,,1,0,0,0,stop,13,internvl25-8b-awq,"```json {""count"": 34} ```"
E4,SIMCEPImages_A15_C61_F1_s09_w1,bbbc,cells,0,0,0.0,61,696,520,361920,42,,1,0,0,0,stop,13,internvl25-8b-awq,"```json {""count"": 42} ```"
E4,SIMCEPImages_A02_C5_F1_s08_w2,bbbc,cells,0,0,0.0,5,696,520,361920,5,,1,0,0,0,stop,13,internvl25-8b-awq,"```json {""count"": 5} ```"
E4,SIMCEPImages_A07_C27_F1_s13_w2,bbbc,cells,0,0,0.0,27,696,520,361920,16,,1,0,0,0,stop,13,internvl25-8b-awq,"```json {""count"": 16} ```"
E4,SIMCEPImages_A24_C100_F1_s06_w1,bbbc,cells,0,0,0.0,100,696,520,361920,63,,1,0,0,0,stop,13,internvl25-8b-awq,"```json {""count"": 63} ```"
E4,SIMCEPImages_A22_C91_F1_s17_w1,bbbc,cells,0,0,0.0,91,696,520,361920,63,,1,0,0,0,stop,13,internvl25-8b-awq,"```json {""count"": 63} ```"
E4,SIMCEPImages_A12_C48_F1_s18_w2,bbbc,cells,0,0,0.0,48,696,520,361920,25,,1,0,0,0,stop,13,internvl25-8b-awq,"```json {""count"": 25} ```"
E4,SIMCEPImages_A18_C74_F1_s24_w2,bbbc,cells,0,0,0.0,74,696,520,361920,25,,1,0,0,0,stop,13,internvl25-8b-awq,"```json {""count"": 25} ```"
E4,SIMCEPImages_A21_C87_F1_s14_w1,bbbc,cells,0,0,0.0,87,696,520,361920,50,,1,0,0,0,stop,13,internvl25-8b-awq,"```json {""count"": 50} ```"
E4,SIMCEPImages_A10_C40_F1_s15_w2,bbbc,cells,0,0,0.0,40,696,520,361920,14,,1,0,0,0,stop,13,internvl25-8b-awq,"```json {""count"": 14} ```"
E4,SIMCEPImages_A09_C35_F1_s21_w1,bbbc,cells,0,0,0.0,35,696,520,361920,21,,1,0,0,0,stop,13,internvl25-8b-awq,"```json {""count"": 21} ```"
E4,SIMCEPImages_A23_C96_F1_s01_w2,bbbc,cells,0,0,0.0,96,696,520,361920,23,,1,0,0,0,stop,13,internvl25-8b-awq,"```json {""count"": 23} ```"
E4,SIMCEPImages_A23_C96_F1_s20_w1,bbbc,cells,0,0,0.0,96,696,520,361920,50,,1,0,0,0,stop,13,internvl25-8b-awq,"```json {""count"": 50} ```"
E4,SIMCEPImages_A17_C70_F1_s25_w2,bbbc,cells,0,0,0.0,70,696,520,361920,15,,1,0,0,0,stop,13,internvl25-8b-awq,"```json {""count"": 15} ```"
E4,SIMCEPImages_A18_C74_F1_s15_w1,bbbc,cells,0,0,0.0,74,696,520,361920,50,,1,0,0,0,stop,13,internvl25-8b-awq,"```json {""count"": 50} ```"
E4,SIMCEPImages_A14_C57_F1_s25_w2,bbbc,cells,0,0,0.0,57,696,520,361920,20,,1,0,0,0,stop,13,internvl25-8b-awq,"```json {""count"": 20} ```"
E4,SIMCEPImages_A02_C5_F1_s15_w1,bbbc,cells,0,0,0.0,5,696,520,361920,5,,1,0,0,0,stop,13,internvl25-8b-awq,"```json {""count"": 5} ```"
E4,SIMCEPImages_A08_C31_F1_s13_w1,bbbc,cells,0,0,0.0,31,696,520,361920,21,,1,0,0,0,stop,13,internvl25-8b-awq,"```json {""count"": 21} ```"
E4,SIMCEPImages_A16_C66_F1_s04_w1,bbbc,cells,0,0,0.0,66,696,520,361920,42,,1,0,0,0,stop,13,internvl25-8b-awq,"```json {""count"": 42} ```"
E4,SIMCEPImages_A24_C100_F1_s18_w2,bbbc,cells,0,0,0.0,100,696,520,361920,15,,1,0,0,0,stop,13,internvl25-8b-awq,"```json {""count"": 15} ```"
E4,SIMCEPImages_A13_C53_F1_s17_w2,bbbc,cells,0,0,0.0,53,696,520,361920,20,,1,0,0,0,stop,13,internvl25-8b-awq,"```json {""count"": 20} ```"
E4,SIMCEPImages_A04_C14_F1_s24_w1,bbbc,cells,0,0,0.0,14,696,520,361920,10,,1,0,0,0,stop,13,internvl25-8b-awq,"```json {""count"": 10} ```"
E4,SIMCEPImages_A09_C35_F1_s09_w2,bbbc,cells,0,0,0.0,35,696,520,361920,15,,1,0,0,0,stop,13,internvl25-8b-awq,"```json {""count"": 15} ```"
E4,SIMCEPImages_A24_C100_F1_s19_w2,bbbc,cells,0,0,0.0,100,696,520,361920,25,,1,0,0,0,stop,13,internvl25-8b-awq,"```json {""count"": 25} ```"
E4,SIMCEPImages_A11_C44_F1_s18_w2,bbbc,cells,0,0,0.0,44,696,520,361920,16,,1,0,0,0,stop,13,internvl25-8b-awq,"```json {""count"": 16} ```"
E4,SIMCEPImages_A13_C53_F1_s06_w1,bbbc,cells,0,0,0.0,53,696,520,361920,30,,1,0,0,0,stop,13,internvl25-8b-awq,"```json {""count"": 30} ```"
E4,SIMCEPImages_A18_C74_F1_s05_w2,bbbc,cells,0,0,0.0,74,696,520,361920,25,,1,0,0,0,stop,13,internvl25-8b-awq,"```json {""count"": 25} ```"
E4,SIMCEPImages_A23_C96_F1_s09_w2,bbbc,cells,0,0,0.0,96,696,520,361920,20,,1,0,0,0,stop,13,internvl25-8b-awq,"```json {""count"": 20} ```"
E4,SIMCEPImages_A07_C27_F1_s07_w2,bbbc,cells,0,0,0.0,27,696,520,361920,15,,1,0,0,0,stop,13,internvl25-8b-awq,"```json {""count"": 15} ```"
E4,SIMCEPImages_A19_C78_F1_s03_w2,bbbc,cells,0,0,0.0,78,696,520,361920,20,,1,0,0,0,stop,13,internvl25-8b-awq,"```json {""count"": 20} ```"
E4,SIMCEPImages_A24_C100_F1_s09_w1,bbbc,cells,0,0,0.0,100,696,520,361920,84,,1,0,0,0,stop,13,internvl25-8b-awq,"```json {""count"": 84} ```"
E4,SIMCEPImages_A11_C44_F1_s07_w1,bbbc,cells,0,0,0.0,44,696,520,361920,30,,1,0,0,0,stop,13,internvl25-8b-awq,"```json {""count"": 30} ```"
E4,SIMCEPImages_A08_C31_F1_s09_w1,bbbc,cells,0,0,0.0,31,696,520,361920,24,,1,0,0,0,stop,13,internvl25-8b-awq,"```json {""count"": 24} ```"
E4,SIMCEPImages_A22_C91_F1_s01_w2,bbbc,cells,0,0,0.0,91,696,520,361920,14,,1,0,0,0,stop,13,internvl25-8b-awq,"```json {""count"": 14} ```"
E4,SIMCEPImages_A14_C57_F1_s11_w1,bbbc,cells,0,0,0.0,57,696,520,361920,34,,1,0,0,0,stop,13,internvl25-8b-awq,"```json {""count"": 34} ```"
E4,SIMCEPImages_A10_C40_F1_s15_w1,bbbc,cells,0,0,0.0,40,696,520,361920,24,,1,0,0,0,stop,13,internvl25-8b-awq,"```json {""count"": 24} ```"
E4,SIMCEPImages_A02_C5_F1_s10_w2,bbbc,cells,0,0,0.0,5,696,520,361920,4,,1,0,0,0,stop,13,internvl25-8b-awq,"```json {""count"": 4} ```"
E4,SIMCEPImages_A13_C53_F1_s01_w1,bbbc,cells,0,0,0.0,53,696,520,361920,30,,1,0,0,0,stop,13,internvl25-8b-awq,"```json {""count"": 30} ```"
E4,SIMCEPImages_A20_C83_F1_s06_w2,bbbc,cells,0,0,0.0,83,696,520,361920,20,,1,0,0,0,stop,13,internvl25-8b-awq,"```json {""count"": 20} ```"
E4,SIMCEPImages_A16_C66_F1_s12_w1,bbbc,cells,0,0,0.0,66,696,520,361920,42,,1,0,0,0,stop,13,internvl25-8b-awq,"```json {""count"": 42} ```"
E4,SIMCEPImages_A24_C100_F1_s13_w2,bbbc,cells,0,0,0.0,100,696,520,361920,23,,1,0,0,0,stop,13,internvl25-8b-awq,"```json {""count"": 23} ```"
E4,SIMCEPImages_A10_C40_F1_s11_w1,bbbc,cells,0,0,0.0,40,696,520,361920,25,,1,0,0,0,stop,13,internvl25-8b-awq,"```json {""count"": 25} ```"
E4,SIMCEPImages_A22_C91_F1_s06_w2,bbbc,cells,0,0,0.0,91,696,520,361920,15,,1,0,0,0,stop,13,internvl25-8b-awq,"```json {""count"": 15} ```"
E4,SIMCEPImages_A10_C40_F1_s21_w2,bbbc,cells,0,0,0.0,40,696,520,361920,16,,1,0,0,0,stop,13,internvl25-8b-awq,"```json {""count"": 16} ```"
E4,SIMCEPImages_A09_C35_F1_s19_w1,bbbc,cells,0,0,0.0,35,696,520,361920,24,,1,0,0,0,stop,13,internvl25-8b-awq,"```json {""count"": 24} ```"
E4,SIMCEPImages_A19_C78_F1_s11_w1,bbbc,cells,0,0,0.0,78,696,520,361920,50,,1,0,0,0,stop,13,internvl25-8b-awq,"```json {""count"": 50} ```"
E4,SIMCEPImages_A18_C74_F1_s13_w2,bbbc,cells,0,0,0.0,74,696,520,361920,21,,1,0,0,0,stop,13,internvl25-8b-awq,"```json {""count"": 21} ```"
E4,SIMCEPImages_A19_C78_F1_s08_w2,bbbc,cells,0,0,0.0,78,696,520,361920,20,,1,0,0,0,stop,13,internvl25-8b-awq,"```json {""count"": 20} ```"
E4,SIMCEPImages_A13_C53_F1_s14_w1,bbbc,cells,0,0,0.0,53,696,520,361920,34,,1,0,0,0,stop,13,internvl25-8b-awq,"```json {""count"": 34} ```"
E4,SIMCEPImages_A21_C87_F1_s07_w2,bbbc,cells,0,0,0.0,87,696,520,361920,20,,1,0,0,0,stop,13,internvl25-8b-awq,"```json {""count"": 20} ```"
E4,SIMCEPImages_A07_C27_F1_s10_w2,bbbc,cells,0,0,0.0,27,696,520,361920,16,,1,0,0,0,stop,13,internvl25-8b-awq,"```json {""count"": 16} ```"
E4,SIMCEPImages_A13_C53_F1_s09_w2,bbbc,cells,0,0,0.0,53,696,520,361920,25,,1,0,0,0,stop,13,internvl25-8b-awq,"```json {""count"": 25} ```"
E4,SIMCEPImages_A24_C100_F1_s23_w1,bbbc,cells,0,0,0.0,100,696,520,361920,63,,1,0,0,0,stop,13,internvl25-8b-awq,"```json {""count"": 63} ```"
E4,SIMCEPImages_A06_C23_F1_s05_w2,bbbc,cells,0,0,0.0,23,696,520,361920,14,,1,0,0,0,stop,13,internvl25-8b-awq,"```json {""count"": 14} ```"
E4,SIMCEPImages_A08_C31_F1_s06_w2,bbbc,cells,0,0,0.0,31,696,520,361920,16,,1,0,0,0,stop,13,internvl25-8b-awq,"```json {""count"": 16} ```"
E4,SIMCEPImages_A12_C48_F1_s17_w1,bbbc,cells,0,0,0.0,48,696,520,361920,24,,1,0,0,0,stop,13,internvl25-8b-awq,"```json {""count"": 24} ```"
E4,SIMCEPImages_A04_C14_F1_s06_w1,bbbc,cells,0,0,0.0,14,696,520,361920,11,,1,0,0,0,stop,13,internvl25-8b-awq,"```json {""count"": 11} ```"
E4,SIMCEPImages_A08_C31_F1_s20_w2,bbbc,cells,0,0,0.0,31,696,520,361920,15,,1,0,0,0,stop,13,internvl25-8b-awq,"```json {""count"": 15} ```"
E4,SIMCEPImages_A16_C66_F1_s15_w1,bbbc,cells,0,0,0.0,66,696,520,361920,50,,1,0,0,0,stop,13,internvl25-8b-awq,"```json {""count"": 50} ```"
E4,SIMCEPImages_A07_C27_F1_s20_w2,bbbc,cells,0,0,0.0,27,696,520,361920,15,,1,0,0,0,stop,13,internvl25-8b-awq,"```json {""count"": 15} ```"
E4,SIMCEPImages_A11_C44_F1_s14_w2,bbbc,cells,0,0,0.0,44,696,520,361920,21,,1,0,0,0,stop,13,internvl25-8b-awq,"```json {""count"": 21} ```"
E4,SIMCEPImages_A20_C83_F1_s18_w2,bbbc,cells,0,0,0.0,83,696,520,361920,20,,1,0,0,0,stop,13,internvl25-8b-awq,"```json {""count"": 20} ```"
E4,SIMCEPImages_A05_C18_F1_s02_w1,bbbc,cells,0,0,0.0,18,696,520,361920,12,,1,0,0,0,stop,13,internvl25-8b-awq,"```json {""count"": 12} ```"
E4,SIMCEPImages_A17_C70_F1_s12_w2,bbbc,cells,0,0,0.0,70,696,520,361920,20,,1,0,0,0,stop,13,internvl25-8b-awq,"```json {""count"": 20} ```"
E4,SIMCEPImages_A01_C1_F1_s01_w1,bbbc,cells,0,0,0.0,1,696,520,361920,1,,1,0,0,0,stop,13,internvl25-8b-awq,"```json {""count"": 1} ```"
E4,SIMCEPImages_A20_C83_F1_s03_w1,bbbc,cells,0,0,0.0,83,696,520,361920,50,,1,0,0,0,stop,13,internvl25-8b-awq,"```json {""count"": 50} ```"
E4,SIMCEPImages_A12_C48_F1_s20_w1,bbbc,cells,0,0,0.0,48,696,520,361920,27,,1,0,0,0,stop,13,internvl25-8b-awq,"```json {""count"": 27} ```"
E4,SIMCEPImages_A14_C57_F1_s11_w2,bbbc,cells,0,0,0.0,57,696,520,361920,16,,1,0,0,0,stop,13,internvl25-8b-awq,"```json {""count"": 16} ```"
E4,SIMCEPImages_A16_C66_F1_s01_w2,bbbc,cells,0,0,0.0,66,696,520,361920,16,,1,0,0,0,stop,13,internvl25-8b-awq,"```json {""count"": 16} ```"
E4,SIMCEPImages_A01_C1_F1_s17_w2,bbbc,cells,0,0,0.0,1,696,520,361920,1,,1,0,0,0,stop,13,internvl25-8b-awq,"```json {""count"": 1} ```"
E4,SIMCEPImages_A04_C14_F1_s23_w2,bbbc,cells,0,0,0.0,14,696,520,361920,10,,1,0,0,0,stop,13,internvl25-8b-awq,"```json {""count"": 10} ```"
E4,SIMCEPImages_A19_C78_F1_s21_w1,bbbc,cells,0,0,0.0,78,696,520,361920,50,,1,0,0,0,stop,13,internvl25-8b-awq,"```json {""count"": 50} ```"
E4,SIMCEPImages_A16_C66_F1_s16_w2,bbbc,cells,0,0,0.0,66,696,520,361920,16,,1,0,0,0,stop,13,internvl25-8b-awq,"```json {""count"": 16} ```"
E4,SIMCEPImages_A12_C48_F1_s18_w1,bbbc,cells,0,0,0.0,48,696,520,361920,30,,1,0,0,0,stop,13,internvl25-8b-awq,"```json {""count"": 30} ```"
E4,SIMCEPImages_A03_C10_F1_s13_w2,bbbc,cells,0,0,0.0,10,696,520,361920,8,,1,0,0,0,stop,13,internvl25-8b-awq,"```json {""count"": 8} ```"
E4,SIMCEPImages_A06_C23_F1_s24_w2,bbbc,cells,0,0,0.0,23,696,520,361920,15,,1,0,0,0,stop,13,internvl25-8b-awq,"```json {""count"": 15} ```"
E4,SIMCEPImages_A06_C23_F1_s19_w2,bbbc,cells,0,0,0.0,23,696,520,361920,12,,1,0,0,0,stop,13,internvl25-8b-awq,"```json {""count"": 12} ```"
E4,SIMCEPImages_A10_C40_F1_s19_w1,bbbc,cells,0,0,0.0,40,696,520,361920,27,,1,0,0,0,stop,13,internvl25-8b-awq,"```json {""count"": 27} ```"
E4,SIMCEPImages_A17_C70_F1_s03_w1,bbbc,cells,0,0,0.0,70,696,520,361920,50,,1,0,0,0,stop,13,internvl25-8b-awq,"```json {""count"": 50} ```"
E4,SIMCEPImages_A04_C14_F1_s05_w1,bbbc,cells,0,0,0.0,14,696,520,361920,10,,1,0,0,0,stop,13,internvl25-8b-awq,"```json {""count"": 10} ```"
E4,SIMCEPImages_A01_C1_F1_s22_w2,bbbc,cells,0,0,0.0,1,696,520,361920,1,,1,0,0,0,stop,13,internvl25-8b-awq,"```json {""count"": 1} ```"
E4,SIMCEPImages_A06_C23_F1_s03_w1,bbbc,cells,0,0,0.0,23,696,520,361920,15,,1,0,0,0,stop,13,internvl25-8b-awq,"```json {""count"": 15} ```"
E4,SIMCEPImages_A07_C27_F1_s16_w1,bbbc,cells,0,0,0.0,27,696,520,361920,16,,1,0,0,0,stop,13,internvl25-8b-awq,"```json {""count"": 16} ```"
E4,SIMCEPImages_A24_C100_F1_s21_w2,bbbc,cells,0,0,0.0,100,696,520,361920,23,,1,0,0,0,stop,13,internvl25-8b-awq,"```json {""count"": 23} ```"
E4,SIMCEPImages_A23_C96_F1_s08_w1,bbbc,cells,0,0,0.0,96,696,520,361920,63,,1,0,0,0,stop,13,internvl25-8b-awq,"```json {""count"": 63} ```"
E4,SIMCEPImages_A09_C35_F1_s14_w2,bbbc,cells,0,0,0.0,35,696,520,361920,20,,1,0,0,0,stop,13,internvl25-8b-awq,"```json {""count"": 20} ```"
E4,SIMCEPImages_A11_C44_F1_s17_w2,bbbc,cells,0,0,0.0,44,696,520,361920,16,,1,0,0,0,stop,13,internvl25-8b-awq,"```json {""count"": 16} ```"
E4,SIMCEPImages_A21_C87_F1_s04_w2,bbbc,cells,0,0,0.0,87,696,520,361920,20,,1,0,0,0,stop,13,internvl25-8b-awq,"```json {""count"": 20} ```"
E4,SIMCEPImages_A17_C70_F1_s02_w1,bbbc,cells,0,0,0.0,70,696,520,361920,50,,1,0,0,0,stop,13,internvl25-8b-awq,"```json {""count"": 50} ```"
E4,SIMCEPImages_A24_C100_F1_s03_w1,bbbc,cells,0,0,0.0,100,696,520,361920,82,,1,0,0,0,stop,13,internvl25-8b-awq,"```json {""count"": 82} ```"
E4,SIMCEPImages_A02_C5_F1_s12_w1,bbbc,cells,0,0,0.0,5,696,520,361920,5,,1,0,0,0,stop,13,internvl25-8b-awq,"```json {""count"": 5} ```"
E4,SIMCEPImages_A16_C66_F1_s13_w1,bbbc,cells,0,0,0.0,66,696,520,361920,50,,1,0,0,0,stop,13,internvl25-8b-awq,"```json {""count"": 50} ```"
E4,SIMCEPImages_A24_C100_F1_s04_w2,bbbc,cells,0,0,0.0,100,696,520,361920,23,,1,0,0,0,stop,13,internvl25-8b-awq,"```json {""count"": 23} ```"
E4,SIMCEPImages_A17_C70_F1_s23_w2,bbbc,cells,0,0,0.0,70,696,520,361920,25,,1,0,0,0,stop,13,internvl25-8b-awq,"```json {""count"": 25} ```"
E4,SIMCEPImages_A04_C14_F1_s02_w1,bbbc,cells,0,0,0.0,14,696,520,361920,12,,1,0,0,0,stop,13,internvl25-8b-awq,"```json {""count"": 12} ```"
E4,SIMCEPImages_A20_C83_F1_s06_w1,bbbc,cells,0,0,0.0,83,696,520,361920,50,,1,0,0,0,stop,13,internvl25-8b-awq,"```json {""count"": 50} ```"
E4,SIMCEPImages_A19_C78_F1_s13_w2,bbbc,cells,0,0,0.0,78,696,520,361920,20,,1,0,0,0,stop,13,internvl25-8b-awq,"```json {""count"": 20} ```"
E4,SIMCEPImages_A16_C66_F1_s17_w2,bbbc,cells,0,0,0.0,66,696,520,361920,21,,1,0,0,0,stop,13,internvl25-8b-awq,"```json {""count"": 21} ```"
E4,SIMCEPImages_A03_C10_F1_s18_w2,bbbc,cells,0,0,0.0,10,696,520,361920,7,,1,0,0,0,stop,13,internvl25-8b-awq,"```json {""count"": 7} ```"
E4,SIMCEPImages_A20_C83_F1_s03_w2,bbbc,cells,0,0,0.0,83,696,520,361920,20,,1,0,0,0,stop,13,internvl25-8b-awq,"```json {""count"": 20} ```"
E4,SIMCEPImages_A16_C66_F1_s21_w2,bbbc,cells,0,0,0.0,66,696,520,361920,25,,1,0,0,0,stop,13,internvl25-8b-awq,"```json {""count"": 25} ```"
E4,SIMCEPImages_A18_C74_F1_s13_w1,bbbc,cells,0,0,0.0,74,696,520,361920,50,,1,0,0,0,stop,13,internvl25-8b-awq,"```json {""count"": 50} ```"
E4,SIMCEPImages_A10_C40_F1_s25_w1,bbbc,cells,0,0,0.0,40,696,520,361920,30,,1,0,0,0,stop,13,internvl25-8b-awq,"```json {""count"": 30} ```"
E4,SIMCEPImages_A08_C31_F1_s13_w2,bbbc,cells,0,0,0.0,31,696,520,361920,16,,1,0,0,0,stop,13,internvl25-8b-awq,"```json {""count"": 16} ```"
E4,SIMCEPImages_A11_C44_F1_s25_w2,bbbc,cells,0,0,0.0,44,696,520,361920,20,,1,0,0,0,stop,13,internvl25-8b-awq,"```json {""count"": 20} ```"
E4,SIMCEPImages_A07_C27_F1_s16_w2,bbbc,cells,0,0,0.0,27,696,520,361920,12,,1,0,0,0,stop,13,internvl25-8b-awq,"```json {""count"": 12} ```"
E4,SIMCEPImages_A20_C83_F1_s22_w1,bbbc,cells,0,0,0.0,83,696,520,361920,50,,1,0,0,0,stop,13,internvl25-8b-awq,"```json {""count"": 50} ```"
E4,SIMCEPImages_A20_C83_F1_s01_w2,bbbc,cells,0,0,0.0,83,696,520,361920,15,,1,0,0,0,stop,13,internvl25-8b-awq,"```json {""count"": 15} ```"
E4,SIMCEPImages_A14_C57_F1_s20_w1,bbbc,cells,0,0,0.0,57,696,520,361920,42,,1,0,0,0,stop,13,internvl25-8b-awq,"```json {""count"": 42} ```"
E4,SIMCEPImages_A17_C70_F1_s10_w2,bbbc,cells,0,0,0.0,70,696,520,361920,21,,1,0,0,0,stop,13,internvl25-8b-awq,"```json {""count"": 21} ```"
E4,SIMCEPImages_A03_C10_F1_s14_w2,bbbc,cells,0,0,0.0,10,696,520,361920,7,,1,0,0,0,stop,13,internvl25-8b-awq,"```json {""count"": 7} ```"
E4,SIMCEPImages_A18_C74_F1_s12_w2,bbbc,cells,0,0,0.0,74,696,520,361920,20,,1,0,0,0,stop,13,internvl25-8b-awq,"```json {""count"": 20} ```"
E4,SIMCEPImages_A12_C48_F1_s01_w2,bbbc,cells,0,0,0.0,48,696,520,361920,21,,1,0,0,0,stop,13,internvl25-8b-awq,"```json {""count"": 21} ```"
E4,SIMCEPImages_A17_C70_F1_s01_w2,bbbc,cells,0,0,0.0,70,696,520,361920,20,,1,0,0,0,stop,13,internvl25-8b-awq,"```json {""count"": 20} ```"
E4,SIMCEPImages_A15_C61_F1_s16_w2,bbbc,cells,0,0,0.0,61,696,520,361920,20,,1,0,0,0,stop,13,internvl25-8b-awq,"```json {""count"": 20} ```"
E4,SIMCEPImages_A13_C53_F1_s25_w2,bbbc,cells,0,0,0.0,53,696,520,361920,16,,1,0,0,0,stop,13,internvl25-8b-awq,"```json {""count"": 16} ```"
E4,SIMCEPImages_A04_C14_F1_s14_w1,bbbc,cells,0,0,0.0,14,696,520,361920,11,,1,0,0,0,stop,13,internvl25-8b-awq,"```json {""count"": 11} ```"
E4,SIMCEPImages_A09_C35_F1_s02_w1,bbbc,cells,0,0,0.0,35,696,520,361920,24,,1,0,0,0,stop,13,internvl25-8b-awq,"```json {""count"": 24} ```"
E4,SIMCEPImages_A11_C44_F1_s20_w1,bbbc,cells,0,0,0.0,44,696,520,361920,27,,1,0,0,0,stop,13,internvl25-8b-awq,"```json {""count"": 27} ```"
E4,SIMCEPImages_A03_C10_F1_s07_w2,bbbc,cells,0,0,0.0,10,696,520,361920,10,,1,0,0,0,stop,13,internvl25-8b-awq,"```json {""count"": 10} ```"
E4,SIMCEPImages_A04_C14_F1_s10_w1,bbbc,cells,0,0,0.0,14,696,520,361920,10,,1,0,0,0,stop,13,internvl25-8b-awq,"```json {""count"": 10} ```"
E4,SIMCEPImages_A10_C40_F1_s13_w2,bbbc,cells,0,0,0.0,40,696,520,361920,20,,1,0,0,0,stop,13,internvl25-8b-awq,"```json {""count"": 20} ```"
E4,SIMCEPImages_A16_C66_F1_s11_w1,bbbc,cells,0,0,0.0,66,696,520,361920,35,,1,0,0,0,stop,13,internvl25-8b-awq,"```json {""count"": 35} ```"
E4,SIMCEPImages_A17_C70_F1_s11_w2,bbbc,cells,0,0,0.0,70,696,520,361920,25,,1,0,0,0,stop,13,internvl25-8b-awq,"```json {""count"": 25} ```"
E4,SIMCEPImages_A23_C96_F1_s02_w2,bbbc,cells,0,0,0.0,96,696,520,361920,16,,1,0,0,0,stop,13,internvl25-8b-awq,"```json {""count"": 16} ```"
E4,SIMCEPImages_A21_C87_F1_s19_w2,bbbc,cells,0,0,0.0,87,696,520,361920,15,,1,0,0,0,stop,13,internvl25-8b-awq,"```json {""count"": 15} ```"
E4,SIMCEPImages_A16_C66_F1_s25_w2,bbbc,cells,0,0,0.0,66,696,520,361920,20,,1,0,0,0,stop,13,internvl25-8b-awq,"```json {""count"": 20} ```"
E4,SIMCEPImages_A02_C5_F1_s01_w2,bbbc,cells,0,0,0.0,5,696,520,361920,5,,1,0,0,0,stop,13,internvl25-8b-awq,"```json {""count"": 5} ```"
E4,SIMCEPImages_A05_C18_F1_s20_w2,bbbc,cells,0,0,0.0,18,696,520,361920,12,,1,0,0,0,stop,13,internvl25-8b-awq,"```json {""count"": 12} ```"
E4,SIMCEPImages_A09_C35_F1_s18_w1,bbbc,cells,0,0,0.0,35,696,520,361920,21,,1,0,0,0,stop,13,internvl25-8b-awq,"```json {""count"": 21} ```"
E4,SIMCEPImages_A09_C35_F1_s19_w2,bbbc,cells,0,0,0.0,35,696,520,361920,20,,1,0,0,0,stop,13,internvl25-8b-awq,"```json {""count"": 20} ```"
E4,SIMCEPImages_A20_C83_F1_s17_w1,bbbc,cells,0,0,0.0,83,696,520,361920,50,,1,0,0,0,stop,13,internvl25-8b-awq,"```json {""count"": 50} ```"
E4,SIMCEPImages_A05_C18_F1_s09_w2,bbbc,cells,0,0,0.0,18,696,520,361920,12,,1,0,0,0,stop,13,internvl25-8b-awq,"```json {""count"": 12} ```"
E4,SIMCEPImages_A15_C61_F1_s04_w2,bbbc,cells,0,0,0.0,61,696,520,361920,25,,1,0,0,0,stop,13,internvl25-8b-awq,"```json {""count"": 25} ```"
E4,SIMCEPImages_A02_C5_F1_s20_w2,bbbc,cells,0,0,0.0,5,696,520,361920,5,,1,0,0,0,stop,13,internvl25-8b-awq,"```json {""count"": 5} ```"
E4,SIMCEPImages_A24_C100_F1_s25_w1,bbbc,cells,0,0,0.0,100,696,520,361920,63,,1,0,0,0,stop,13,internvl25-8b-awq,"```json {""count"": 63} ```"
E4,SIMCEPImages_A06_C23_F1_s18_w2,bbbc,cells,0,0,0.0,23,696,520,361920,15,,1,0,0,0,stop,13,internvl25-8b-awq,"```json {""count"": 15} ```"
E4,SIMCEPImages_A22_C91_F1_s06_w1,bbbc,cells,0,0,0.0,91,696,520,361920,50,,1,0,0,0,stop,13,internvl25-8b-awq,"```json {""count"": 50} ```"
E4,SIMCEPImages_A15_C61_F1_s10_w1,bbbc,cells,0,0,0.0,61,696,520,361920,40,,1,0,0,0,stop,13,internvl25-8b-awq,"```json {""count"": 40} ```"
E4,SIMCEPImages_A23_C96_F1_s06_w1,bbbc,cells,0,0,0.0,96,696,520,361920,82,,1,0,0,0,stop,13,internvl25-8b-awq,"```json {""count"": 82} ```"
E4,SIMCEPImages_A02_C5_F1_s11_w2,bbbc,cells,0,0,0.0,5,696,520,361920,5,,1,0,0,0,stop,13,internvl25-8b-awq,"```json {""count"": 5} ```"
E4,SIMCEPImages_A16_C66_F1_s06_w2,bbbc,cells,0,0,0.0,66,696,520,361920,20,,1,0,0,0,stop,13,internvl25-8b-awq,"```json {""count"": 20} ```"
E4,SIMCEPImages_A19_C78_F1_s07_w2,bbbc,cells,0,0,0.0,78,696,520,361920,25,,1,0,0,0,stop,13,internvl25-8b-awq,"```json {""count"": 25} ```"
E4,SIMCEPImages_A18_C74_F1_s06_w2,bbbc,cells,0,0,0.0,74,696,520,361920,25,,1,0,0,0,stop,13,internvl25-8b-awq,"```json {""count"": 25} ```"
E4,SIMCEPImages_A20_C83_F1_s12_w2,bbbc,cells,0,0,0.0,83,696,520,361920,15,,1,0,0,0,stop,13,internvl25-8b-awq,"```json {""count"": 15} ```"
E4,SIMCEPImages_A14_C57_F1_s03_w2,bbbc,cells,0,0,0.0,57,696,520,361920,21,,1,0,0,0,stop,13,internvl25-8b-awq,"```json {""count"": 21} ```"
E4,SIMCEPImages_A09_C35_F1_s13_w2,bbbc,cells,0,0,0.0,35,696,520,361920,20,,1,0,0,0,stop,13,internvl25-8b-awq,"```json {""count"": 20} ```"
E4,SIMCEPImages_A02_C5_F1_s10_w1,bbbc,cells,0,0,0.0,5,696,520,361920,4,,1,0,0,0,stop,13,internvl25-8b-awq,"```json {""count"": 4} ```"
E4,SIMCEPImages_A03_C10_F1_s08_w2,bbbc,cells,0,0,0.0,10,696,520,361920,10,,1,0,0,0,stop,13,internvl25-8b-awq,"```json {""count"": 10} ```"
E4,SIMCEPImages_A02_C5_F1_s22_w1,bbbc,cells,0,0,0.0,5,696,520,361920,4,,1,0,0,0,stop,13,internvl25-8b-awq,"```json {""count"": 4} ```"
E4,SIMCEPImages_A23_C96_F1_s19_w2,bbbc,cells,0,0,0.0,96,696,520,361920,20,,1,0,0,0,stop,13,internvl25-8b-awq,"```json {""count"": 20} ```"
E4,SIMCEPImages_A21_C87_F1_s23_w2,bbbc,cells,0,0,0.0,87,696,520,361920,25,,1,0,0,0,stop,13,internvl25-8b-awq,"```json {""count"": 25} ```"
E4,SIMCEPImages_A06_C23_F1_s13_w1,bbbc,cells,0,0,0.0,23,696,520,361920,16,,1,0,0,0,stop,13,internvl25-8b-awq,"```json {""count"": 16} ```"
E4,SIMCEPImages_A15_C61_F1_s16_w1,bbbc,cells,0,0,0.0,61,696,520,361920,50,,1,0,0,0,stop,13,internvl25-8b-awq,"```json {""count"": 50} ```"
E4,SIMCEPImages_A12_C48_F1_s05_w2,bbbc,cells,0,0,0.0,48,696,520,361920,20,,1,0,0,0,stop,13,internvl25-8b-awq,"```json {""count"": 20} ```"
E4,SIMCEPImages_A20_C83_F1_s19_w1,bbbc,cells,0,0,0.0,83,696,520,361920,50,,1,0,0,0,stop,13,internvl25-8b-awq,"```json {""count"": 50} ```"
E4,SIMCEPImages_A04_C14_F1_s03_w2,bbbc,cells,0,0,0.0,14,696,520,361920,12,,1,0,0,0,stop,13,internvl25-8b-awq,"```json {""count"": 12} ```"
E4,SIMCEPImages_A22_C91_F1_s03_w2,bbbc,cells,0,0,0.0,91,696,520,361920,20,,1,0,0,0,stop,13,internvl25-8b-awq,"```json {""count"": 20} ```"
E4,SIMCEPImages_A09_C35_F1_s03_w2,bbbc,cells,0,0,0.0,35,696,520,361920,13,,1,0,0,0,stop,13,internvl25-8b-awq,"```json {""count"": 13} ```"
E4,SIMCEPImages_A08_C31_F1_s04_w2,bbbc,cells,0,0,0.0,31,696,520,361920,16,,1,0,0,0,stop,13,internvl25-8b-awq,"```json {""count"": 16} ```"
E4,SIMCEPImages_A18_C74_F1_s03_w1,bbbc,cells,0,0,0.0,74,696,520,361920,50,,1,0,0,0,stop,13,internvl25-8b-awq,"```json {""count"": 50} ```"
E4,SIMCEPImages_A15_C61_F1_s02_w1,bbbc,cells,0,0,0.0,61,696,520,361920,50,,1,0,0,0,stop,13,internvl25-8b-awq,"```json {""count"": 50} ```"
E4,SIMCEPImages_A05_C18_F1_s15_w2,bbbc,cells,0,0,0.0,18,696,520,361920,10,,1,0,0,0,stop,13,internvl25-8b-awq,"```json {""count"": 10} ```"
E4,SIMCEPImages_A06_C23_F1_s25_w1,bbbc,cells,0,0,0.0,23,696,520,361920,15,,1,0,0,0,stop,13,internvl25-8b-awq,"```json {""count"": 15} ```"
E4,SIMCEPImages_A20_C83_F1_s02_w1,bbbc,cells,0,0,0.0,83,696,520,361920,50,,1,0,0,0,stop,13,internvl25-8b-awq,"```json {""count"": 50} ```"
E4,SIMCEPImages_A20_C83_F1_s02_w2,bbbc,cells,0,0,0.0,83,696,520,361920,21,,1,0,0,0,stop,13,internvl25-8b-awq,"```json {""count"": 21} ```"
E4,SIMCEPImages_A01_C1_F1_s03_w1,bbbc,cells,0,0,0.0,1,696,520,361920,1,,1,0,0,0,stop,13,internvl25-8b-awq,"```json {""count"": 1} ```"
E4,SIMCEPImages_A19_C78_F1_s03_w1,bbbc,cells,0,0,0.0,78,696,520,361920,50,,1,0,0,0,stop,13,internvl25-8b-awq,"```json {""count"": 50} ```"
E4,SIMCEPImages_A05_C18_F1_s08_w2,bbbc,cells,0,0,0.0,18,696,520,361920,12,,1,0,0,0,stop,13,internvl25-8b-awq,"```json {""count"": 12} ```"
E4,SIMCEPImages_A15_C61_F1_s12_w2,bbbc,cells,0,0,0.0,61,696,520,361920,22,,1,0,0,0,stop,13,internvl25-8b-awq,"```json {""count"": 22} ```"
E4,SIMCEPImages_A19_C78_F1_s22_w1,bbbc,cells,0,0,0.0,78,696,520,361920,50,,1,0,0,0,stop,13,internvl25-8b-awq,"```json {""count"": 50} ```"
E4,SIMCEPImages_A05_C18_F1_s23_w1,bbbc,cells,0,0,0.0,18,696,520,361920,14,,1,0,0,0,stop,13,internvl25-8b-awq,"```json {""count"": 14} ```"
E4,SIMCEPImages_A02_C5_F1_s12_w2,bbbc,cells,0,0,0.0,5,696,520,361920,5,,1,0,0,0,stop,13,internvl25-8b-awq,"```json {""count"": 5} ```"
E4,SIMCEPImages_A16_C66_F1_s07_w2,bbbc,cells,0,0,0.0,66,696,520,361920,22,,1,0,0,0,stop,13,internvl25-8b-awq,"```json {""count"": 22} ```"
E4,SIMCEPImages_A11_C44_F1_s05_w2,bbbc,cells,0,0,0.0,44,696,520,361920,16,,1,0,0,0,stop,13,internvl25-8b-awq,"```json {""count"": 16} ```"
E4,SIMCEPImages_A06_C23_F1_s24_w1,bbbc,cells,0,0,0.0,23,696,520,361920,14,,1,0,0,0,stop,13,internvl25-8b-awq,"```json {""count"": 14} ```"
E4,SIMCEPImages_A07_C27_F1_s15_w1,bbbc,cells,0,0,0.0,27,696,520,361920,20,,1,0,0,0,stop,13,internvl25-8b-awq,"```json {""count"": 20} ```"
E4,SIMCEPImages_A11_C44_F1_s21_w1,bbbc,cells,0,0,0.0,44,696,520,361920,30,,1,0,0,0,stop,13,internvl25-8b-awq,"```json {""count"": 30} ```"
E4,SIMCEPImages_A16_C66_F1_s22_w2,bbbc,cells,0,0,0.0,66,696,520,361920,20,,1,0,0,0,stop,13,internvl25-8b-awq,"```json {""count"": 20} ```"
E4,SIMCEPImages_A06_C23_F1_s07_w2,bbbc,cells,0,0,0.0,23,696,520,361920,13,,1,0,0,0,stop,13,internvl25-8b-awq,"```json {""count"": 13} ```"
E4,SIMCEPImages_A11_C44_F1_s19_w2,bbbc,cells,0,0,0.0,44,696,520,361920,16,,1,0,0,0,stop,13,internvl25-8b-awq,"```json {""count"": 16} ```"
E4,SIMCEPImages_A21_C87_F1_s14_w2,bbbc,cells,0,0,0.0,87,696,520,361920,20,,1,0,0,0,stop,13,internvl25-8b-awq,"```json {""count"": 20} ```"
E4,SIMCEPImages_A15_C61_F1_s23_w2,bbbc,cells,0,0,0.0,61,696,520,361920,16,,1,0,0,0,stop,13,internvl25-8b-awq,"```json {""count"": 16} ```"
E4,SIMCEPImages_A16_C66_F1_s11_w2,bbbc,cells,0,0,0.0,66,696,520,361920,20,,1,0,0,0,stop,13,internvl25-8b-awq,"```json {""count"": 20} ```"
E4,SIMCEPImages_A08_C31_F1_s05_w1,bbbc,cells,0,0,0.0,31,696,520,361920,15,,1,0,0,0,stop,13,internvl25-8b-awq,"```json {""count"": 15} ```"
E4,SIMCEPImages_A07_C27_F1_s18_w1,bbbc,cells,0,0,0.0,27,696,520,361920,16,,1,0,0,0,stop,13,internvl25-8b-awq,"```json {""count"": 16} ```"
E4,SIMCEPImages_A19_C78_F1_s18_w2,bbbc,cells,0,0,0.0,78,696,520,361920,20,,1,0,0,0,stop,13,internvl25-8b-awq,"```json {""count"": 20} ```"
E4,SIMCEPImages_A12_C48_F1_s21_w2,bbbc,cells,0,0,0.0,48,696,520,361920,25,,1,0,0,0,stop,13,internvl25-8b-awq,"```json {""count"": 25} ```"
E4,SIMCEPImages_A08_C31_F1_s04_w1,bbbc,cells,0,0,0.0,31,696,520,361920,21,,1,0,0,0,stop,13,internvl25-8b-awq,"```json {""count"": 21} ```"
E4,SIMCEPImages_A05_C18_F1_s11_w1,bbbc,cells,0,0,0.0,18,696,520,361920,13,,1,0,0,0,stop,13,internvl25-8b-awq,"```json {""count"": 13} ```"
E4,SIMCEPImages_A07_C27_F1_s18_w2,bbbc,cells,0,0,0.0,27,696,520,361920,14,,1,0,0,0,stop,13,internvl25-8b-awq,"```json {""count"": 14} ```"
E4,SIMCEPImages_A22_C91_F1_s04_w1,bbbc,cells,0,0,0.0,91,696,520,361920,50,,1,0,0,0,stop,13,internvl25-8b-awq,"```json {""count"": 50} ```"
E4,SIMCEPImages_A22_C91_F1_s19_w1,bbbc,cells,0,0,0.0,91,696,520,361920,50,,1,0,0,0,stop,13,internvl25-8b-awq,"```json {""count"": 50} ```"
E4,SIMCEPImages_A23_C96_F1_s11_w2,bbbc,cells,0,0,0.0,96,696,520,361920,20,,1,0,0,0,stop,13,internvl25-8b-awq,"```json {""count"": 20} ```"
E4,SIMCEPImages_A13_C53_F1_s10_w1,bbbc,cells,0,0,0.0,53,696,520,361920,27,,1,0,0,0,stop,13,internvl25-8b-awq,"```json {""count"": 27} ```"
E4,SIMCEPImages_A20_C83_F1_s08_w1,bbbc,cells,0,0,0.0,83,696,520,361920,50,,1,0,0,0,stop,13,internvl25-8b-awq,"```json {""count"": 50} ```"
E4,SIMCEPImages_A22_C91_F1_s08_w2,bbbc,cells,0,0,0.0,91,696,520,361920,14,,1,0,0,0,stop,13,internvl25-8b-awq,"```json {""count"": 14} ```"
E4,SIMCEPImages_A23_C96_F1_s03_w2,bbbc,cells,0,0,0.0,96,696,520,361920,20,,1,0,0,0,stop,13,internvl25-8b-awq,"```json {""count"": 20} ```"
E4,SIMCEPImages_A09_C35_F1_s02_w2,bbbc,cells,0,0,0.0,35,696,520,361920,16,,1,0,0,0,stop,13,internvl25-8b-awq,"```json {""count"": 16} ```"
E4,SIMCEPImages_A04_C14_F1_s16_w2,bbbc,cells,0,0,0.0,14,696,520,361920,12,,1,0,0,0,stop,13,internvl25-8b-awq,"```json {""count"": 12} ```"
E4,SIMCEPImages_A01_C1_F1_s21_w1,bbbc,cells,0,0,0.0,1,696,520,361920,1,,1,0,0,0,stop,13,internvl25-8b-awq,"```json {""count"": 1} ```"
E4,SIMCEPImages_A09_C35_F1_s18_w2,bbbc,cells,0,0,0.0,35,696,520,361920,14,,1,0,0,0,stop,13,internvl25-8b-awq,"```json {""count"": 14} ```"
E4,SIMCEPImages_A15_C61_F1_s17_w1,bbbc,cells,0,0,0.0,61,696,520,361920,42,,1,0,0,0,stop,13,internvl25-8b-awq,"```json {""count"": 42} ```"
E4,SIMCEPImages_A17_C70_F1_s08_w2,bbbc,cells,0,0,0.0,70,696,520,361920,20,,1,0,0,0,stop,13,internvl25-8b-awq,"```json {""count"": 20} ```"
E4,SIMCEPImages_A19_C78_F1_s10_w2,bbbc,cells,0,0,0.0,78,696,520,361920,16,,1,0,0,0,stop,13,internvl25-8b-awq,"```json {""count"": 16} ```"
E4,SIMCEPImages_A12_C48_F1_s25_w1,bbbc,cells,0,0,0.0,48,696,520,361920,34,,1,0,0,0,stop,13,internvl25-8b-awq,"```json {""count"": 34} ```"
E4,SIMCEPImages_A11_C44_F1_s15_w2,bbbc,cells,0,0,0.0,44,696,520,361920,21,,1,0,0,0,stop,13,internvl25-8b-awq,"```json {""count"": 21} ```"
E4,SIMCEPImages_A04_C14_F1_s09_w2,bbbc,cells,0,0,0.0,14,696,520,361920,9,,1,0,0,0,stop,13,internvl25-8b-awq,"```json {""count"": 9} ```"
E4,SIMCEPImages_A10_C40_F1_s14_w2,bbbc,cells,0,0,0.0,40,696,520,361920,16,,1,0,0,0,stop,13,internvl25-8b-awq,"```json {""count"": 16} ```"
E4,SIMCEPImages_A01_C1_F1_s14_w1,bbbc,cells,0,0,0.0,1,696,520,361920,1,,1,0,0,0,stop,13,internvl25-8b-awq,"```json {""count"": 1} ```"
E4,SIMCEPImages_A22_C91_F1_s21_w2,bbbc,cells,0,0,0.0,91,696,520,361920,20,,1,0,0,0,stop,13,internvl25-8b-awq,"```json {""count"": 20} ```"
E4,SIMCEPImages_A04_C14_F1_s01_w2,bbbc,cells,0,0,0.0,14,696,520,361920,10,,1,0,0,0,stop,13,internvl25-8b-awq,"```json {""count"": 10} ```"
E4,SIMCEPImages_A09_C35_F1_s10_w1,bbbc,cells,0,0,0.0,35,696,520,361920,21,,1,0,0,0,stop,13,internvl25-8b-awq,"```json {""count"": 21} ```"
E4,SIMCEPImages_A18_C74_F1_s04_w2,bbbc,cells,0,0,0.0,74,696,520,361920,15,,1,0,0,0,stop,13,internvl25-8b-awq,"```json {""count"": 15} ```"
E4,SIMCEPImages_A24_C100_F1_s20_w2,bbbc,cells,0,0,0.0,100,696,520,361920,15,,1,0,0,0,stop,13,internvl25-8b-awq,"```json {""count"": 15} ```"
E4,SIMCEPImages_A18_C74_F1_s14_w1,bbbc,cells,0,0,0.0,74,696,520,361920,50,,1,0,0,0,stop,13,internvl25-8b-awq,"```json {""count"": 50} ```"
E4,SIMCEPImages_A18_C74_F1_s07_w2,bbbc,cells,0,0,0.0,74,696,520,361920,20,,1,0,0,0,stop,13,internvl25-8b-awq,"```json {""count"": 20} ```"
E4,SIMCEPImages_A02_C5_F1_s09_w2,bbbc,cells,0,0,0.0,5,696,520,361920,5,,1,0,0,0,stop,13,internvl25-8b-awq,"```json {""count"": 5} ```"
E4,SIMCEPImages_A16_C66_F1_s03_w2,bbbc,cells,0,0,0.0,66,696,520,361920,20,,1,0,0,0,stop,13,internvl25-8b-awq,"```json {""count"": 20} ```"
E4,SIMCEPImages_A16_C66_F1_s10_w2,bbbc,cells,0,0,0.0,66,696,520,361920,15,,1,0,0,0,stop,13,internvl25-8b-awq,"```json {""count"": 15} ```"
E4,SIMCEPImages_A09_C35_F1_s21_w2,bbbc,cells,0,0,0.0,35,696,520,361920,16,,1,0,0,0,stop,13,internvl25-8b-awq,"```json {""count"": 16} ```"
E4,SIMCEPImages_A24_C100_F1_s01_w2,bbbc,cells,0,0,0.0,100,696,520,361920,23,,1,0,0,0,stop,13,internvl25-8b-awq,"```json {""count"": 23} ```"
E4,SIMCEPImages_A20_C83_F1_s05_w1,bbbc,cells,0,0,0.0,83,696,520,361920,50,,1,0,0,0,stop,13,internvl25-8b-awq,"```json {""count"": 50} ```"
E4,SIMCEPImages_A06_C23_F1_s08_w1,bbbc,cells,0,0,0.0,23,696,520,361920,15,,1,0,0,0,stop,13,internvl25-8b-awq,"```json {""count"": 15} ```"
E4,SIMCEPImages_A02_C5_F1_s03_w2,bbbc,cells,0,0,0.0,5,696,520,361920,5,,1,0,0,0,stop,13,internvl25-8b-awq,"```json {""count"": 5} ```"
E4,SIMCEPImages_A20_C83_F1_s18_w1,bbbc,cells,0,0,0.0,83,696,520,361920,50,,1,0,0,0,stop,13,internvl25-8b-awq,"```json {""count"": 50} ```"
E4,SIMCEPImages_A18_C74_F1_s17_w2,bbbc,cells,0,0,0.0,74,696,520,361920,20,,1,0,0,0,stop,13,internvl25-8b-awq,"```json {""count"": 20} ```"
E4,SIMCEPImages_A05_C18_F1_s01_w1,bbbc,cells,0,0,0.0,18,696,520,361920,16,,1,0,0,0,stop,13,internvl25-8b-awq,"```json {""count"": 16} ```"
E4,SIMCEPImages_A18_C74_F1_s19_w1,bbbc,cells,0,0,0.0,74,696,520,361920,50,,1,0,0,0,stop,13,internvl25-8b-awq,"```json {""count"": 50} ```"
E4,SIMCEPImages_A22_C91_F1_s13_w1,bbbc,cells,0,0,0.0,91,696,520,361920,50,,1,0,0,0,stop,13,internvl25-8b-awq,"```json {""count"": 50} ```"
E4,SIMCEPImages_A11_C44_F1_s21_w2,bbbc,cells,0,0,0.0,44,696,520,361920,20,,1,0,0,0,stop,13,internvl25-8b-awq,"```json {""count"": 20} ```"
E4,SIMCEPImages_A13_C53_F1_s13_w1,bbbc,cells,0,0,0.0,53,696,520,361920,30,,1,0,0,0,stop,13,internvl25-8b-awq,"```json {""count"": 30} ```"
E4,SIMCEPImages_A07_C27_F1_s19_w2,bbbc,cells,0,0,0.0,27,696,520,361920,16,,1,0,0,0,stop,13,internvl25-8b-awq,"```json {""count"": 16} ```"
E4,SIMCEPImages_A11_C44_F1_s13_w1,bbbc,cells,0,0,0.0,44,696,520,361920,25,,1,0,0,0,stop,13,internvl25-8b-awq,"```json {""count"": 25} ```"
E4,SIMCEPImages_A08_C31_F1_s11_w1,bbbc,cells,0,0,0.0,31,696,520,361920,21,,1,0,0,0,stop,13,internvl25-8b-awq,"```json {""count"": 21} ```"
E4,SIMCEPImages_A18_C74_F1_s09_w2,bbbc,cells,0,0,0.0,74,696,520,361920,25,,1,0,0,0,stop,13,internvl25-8b-awq,"```json {""count"": 25} ```"
E4,SIMCEPImages_A20_C83_F1_s11_w2,bbbc,cells,0,0,0.0,83,696,520,361920,21,,1,0,0,0,stop,13,internvl25-8b-awq,"```json {""count"": 21} ```"
E4,SIMCEPImages_A12_C48_F1_s07_w2,bbbc,cells,0,0,0.0,48,696,520,361920,15,,1,0,0,0,stop,13,internvl25-8b-awq,"```json {""count"": 15} ```"
E4,SIMCEPImages_A14_C57_F1_s05_w2,bbbc,cells,0,0,0.0,57,696,520,361920,25,,1,0,0,0,stop,13,internvl25-8b-awq,"```json {""count"": 25} ```"
E4,SIMCEPImages_A11_C44_F1_s10_w1,bbbc,cells,0,0,0.0,44,696,520,361920,30,,1,0,0,0,stop,13,internvl25-8b-awq,"```json {""count"": 30} ```"
E4,SIMCEPImages_A24_C100_F1_s02_w2,bbbc,cells,0,0,0.0,100,696,520,361920,13,,1,0,0,0,stop,13,internvl25-8b-awq,"```json {""count"": 13} ```"
E4,SIMCEPImages_A01_C1_F1_s18_w2,bbbc,cells,0,0,0.0,1,696,520,361920,1,,1,0,0,0,stop,13,internvl25-8b-awq,"```json {""count"": 1} ```"
E4,SIMCEPImages_A17_C70_F1_s15_w1,bbbc,cells,0,0,0.0,70,696,520,361920,50,,1,0,0,0,stop,13,internvl25-8b-awq,"```json {""count"": 50} ```"
E4,SIMCEPImages_A12_C48_F1_s15_w1,bbbc,cells,0,0,0.0,48,696,520,361920,30,,1,0,0,0,stop,13,internvl25-8b-awq,"```json {""count"": 30} ```"
E4,SIMCEPImages_A16_C66_F1_s14_w2,bbbc,cells,0,0,0.0,66,696,520,361920,15,,1,0,0,0,stop,13,internvl25-8b-awq,"```json {""count"": 15} ```"
E4,SIMCEPImages_A12_C48_F1_s11_w2,bbbc,cells,0,0,0.0,48,696,520,361920,15,,1,0,0,0,stop,13,internvl25-8b-awq,"```json {""count"": 15} ```"
E4,SIMCEPImages_A08_C31_F1_s16_w2,bbbc,cells,0,0,0.0,31,696,520,361920,16,,1,0,0,0,stop,13,internvl25-8b-awq,"```json {""count"": 16} ```"
E4,SIMCEPImages_A11_C44_F1_s23_w2,bbbc,cells,0,0,0.0,44,696,520,361920,20,,1,0,0,0,stop,13,internvl25-8b-awq,"```json {""count"": 20} ```"
E4,SIMCEPImages_A03_C10_F1_s10_w1,bbbc,cells,0,0,0.0,10,696,520,361920,10,,1,0,0,0,stop,13,internvl25-8b-awq,"```json {""count"": 10} ```"
E4,SIMCEPImages_A04_C14_F1_s06_w2,bbbc,cells,0,0,0.0,14,696,520,361920,10,,1,0,0,0,stop,13,internvl25-8b-awq,"```json {""count"": 10} ```"
E4,SIMCEPImages_A15_C61_F1_s04_w1,bbbc,cells,0,0,0.0,61,696,520,361920,42,,1,0,0,0,stop,13,internvl25-8b-awq,"```json {""count"": 42} ```"
E4,SIMCEPImages_A05_C18_F1_s09_w1,bbbc,cells,0,0,0.0,18,696,520,361920,13,,1,0,0,0,stop,13,internvl25-8b-awq,"```json {""count"": 13} ```"
E4,SIMCEPImages_A02_C5_F1_s04_w1,bbbc,cells,0,0,0.0,5,696,520,361920,5,,1,0,0,0,stop,13,internvl25-8b-awq,"```json {""count"": 5} ```"
E4,SIMCEPImages_A21_C87_F1_s02_w2,bbbc,cells,0,0,0.0,87,696,520,361920,14,,1,0,0,0,stop,13,internvl25-8b-awq,"```json {""count"": 14} ```"
E4,SIMCEPImages_A18_C74_F1_s20_w2,bbbc,cells,0,0,0.0,74,696,520,361920,20,,1,0,0,0,stop,13,internvl25-8b-awq,"```json {""count"": 20} ```"
E4,SIMCEPImages_A24_C100_F1_s05_w1,bbbc,cells,0,0,0.0,100,696,520,361920,63,,1,0,0,0,stop,13,internvl25-8b-awq,"```json {""count"": 63} ```"
E4,SIMCEPImages_A22_C91_F1_s13_w2,bbbc,cells,0,0,0.0,91,696,520,361920,15,,1,0,0,0,stop,13,internvl25-8b-awq,"```json {""count"": 15} ```"
E4,SIMCEPImages_A05_C18_F1_s25_w1,bbbc,cells,0,0,0.0,18,696,520,361920,13,,1,0,0,0,stop,13,internvl25-8b-awq,"```json {""count"": 13} ```"
E4,SIMCEPImages_A17_C70_F1_s15_w2,bbbc,cells,0,0,0.0,70,696,520,361920,25,,1,0,0,0,stop,13,internvl25-8b-awq,"```json {""count"": 25} ```"
E4,SIMCEPImages_A23_C96_F1_s20_w2,bbbc,cells,0,0,0.0,96,696,520,361920,15,,1,0,0,0,stop,13,internvl25-8b-awq,"```json {""count"": 15} ```"
E4,SIMCEPImages_A01_C1_F1_s16_w2,bbbc,cells,0,0,0.0,1,696,520,361920,1,,1,0,0,0,stop,13,internvl25-8b-awq,"```json {""count"": 1} ```"
E4,SIMCEPImages_A14_C57_F1_s01_w1,bbbc,cells,0,0,0.0,57,696,520,361920,35,,1,0,0,0,stop,13,internvl25-8b-awq,"```json {""count"": 35} ```"
E4,SIMCEPImages_A10_C40_F1_s04_w1,bbbc,cells,0,0,0.0,40,696,520,361920,25,,1,0,0,0,stop,13,internvl25-8b-awq,"```json {""count"": 25} ```"
E4,SIMCEPImages_A05_C18_F1_s19_w2,bbbc,cells,0,0,0.0,18,696,520,361920,10,,1,0,0,0,stop,13,internvl25-8b-awq,"```json {""count"": 10} ```"
E4,SIMCEPImages_A07_C27_F1_s04_w2,bbbc,cells,0,0,0.0,27,696,520,361920,15,,1,0,0,0,stop,13,internvl25-8b-awq,"```json {""count"": 15} ```"
E4,SIMCEPImages_A23_C96_F1_s25_w1,bbbc,cells,0,0,0.0,96,696,520,361920,82,,1,0,0,0,stop,13,internvl25-8b-awq,"```json {""count"": 82} ```"
E4,SIMCEPImages_A04_C14_F1_s13_w1,bbbc,cells,0,0,0.0,14,696,520,361920,12,,1,0,0,0,stop,13,internvl25-8b-awq,"```json {""count"": 12} ```"
E4,SIMCEPImages_A17_C70_F1_s09_w1,bbbc,cells,0,0,0.0,70,696,520,361920,50,,1,0,0,0,stop,13,internvl25-8b-awq,"```json {""count"": 50} ```"
E4,SIMCEPImages_H13_C53_F23_s05_w2,bbbc,cells,0,0,0.0,53,696,520,361920,15,,1,0,0,0,stop,13,internvl25-8b-awq,"```json {""count"": 15} ```"
E4,SIMCEPImages_A13_C53_F1_s19_w2,bbbc,cells,0,0,0.0,53,696,520,361920,20,,1,0,0,0,stop,13,internvl25-8b-awq,"```json {""count"": 20} ```"
E4,SIMCEPImages_P13_C53_F48_s09_w1,bbbc,cells,0,0,0.0,53,696,520,361920,16,,1,0,0,0,stop,13,internvl25-8b-awq,"```json {""count"": 16} ```"
E4,SIMCEPImages_O13_C53_F45_s16_w1,bbbc,cells,0,0,0.0,53,696,520,361920,25,,1,0,0,0,stop,13,internvl25-8b-awq,"```json {""count"": 25} ```"
E4,SIMCEPImages_L13_C53_F35_s01_w1,bbbc,cells,0,0,0.0,53,696,520,361920,25,,1,0,0,0,stop,13,internvl25-8b-awq,"```json {""count"": 25} ```"
E4,SIMCEPImages_K13_C53_F32_s05_w1,bbbc,cells,0,0,0.0,53,696,520,361920,50,,1,0,0,0,stop,13,internvl25-8b-awq,"```json {""count"": 50} ```"
E4,SIMCEPImages_C13_C53_F7_s19_w2,bbbc,cells,0,0,0.0,53,696,520,361920,20,,1,0,0,0,stop,13,internvl25-8b-awq,"```json {""count"": 20} ```"
E4,SIMCEPImages_E13_C53_F14_s06_w2,bbbc,cells,0,0,0.0,53,696,520,361920,23,,1,0,0,0,stop,13,internvl25-8b-awq,"```json {""count"": 23} ```"
E4,SIMCEPImages_G13_C53_F20_s09_w2,bbbc,cells,0,0,0.0,53,696,520,361920,35,,1,0,0,0,stop,13,internvl25-8b-awq,"```json {""count"": 35} ```"
E4,SIMCEPImages_J13_C53_F29_s17_w1,bbbc,cells,0,0,0.0,53,696,520,361920,50,,1,0,0,0,stop,13,internvl25-8b-awq,"```json {""count"": 50} ```"
E4,SIMCEPImages_C13_C53_F7_s11_w1,bbbc,cells,0,0,0.0,53,696,520,361920,30,,1,0,0,0,stop,13,internvl25-8b-awq,"```json {""count"": 30} ```"
E4,SIMCEPImages_O13_C53_F45_s18_w2,bbbc,cells,0,0,0.0,53,696,520,361920,14,,1,0,0,0,stop,13,internvl25-8b-awq,"```json {""count"": 14} ```"
E4,SIMCEPImages_C13_C53_F7_s08_w1,bbbc,cells,0,0,0.0,53,696,520,361920,50,,1,0,0,0,stop,13,internvl25-8b-awq,"```json {""count"": 50} ```"
E4,SIMCEPImages_G13_C53_F20_s24_w2,bbbc,cells,0,0,0.0,53,696,520,361920,20,,1,0,0,0,stop,13,internvl25-8b-awq,"```json {""count"": 20} ```"
E4,SIMCEPImages_C13_C53_F7_s08_w2,bbbc,cells,0,0,0.0,53,696,520,361920,15,,1,0,0,0,stop,13,internvl25-8b-awq,"```json {""count"": 15} ```"
E4,SIMCEPImages_I13_C53_F26_s14_w1,bbbc,cells,0,0,0.0,53,696,520,361920,50,,1,0,0,0,stop,13,internvl25-8b-awq,"```json {""count"": 50} ```"
E4,SIMCEPImages_J13_C53_F29_s18_w1,bbbc,cells,0,0,0.0,53,696,520,361920,50,,1,0,0,0,stop,13,internvl25-8b-awq,"```json {""count"": 50} ```"
E4,SIMCEPImages_D13_C53_F10_s10_w1,bbbc,cells,0,0,0.0,53,696,520,361920,35,,1,0,0,0,stop,13,internvl25-8b-awq,"```json {""count"": 35} ```"
E4,SIMCEPImages_B13_C53_F4_s22_w2,bbbc,cells,0,0,0.0,53,696,520,361920,21,,1,0,0,0,stop,13,internvl25-8b-awq,"```json {""count"": 21} ```"
E4,SIMCEPImages_P13_C53_F48_s08_w2,bbbc,cells,0,0,0.0,53,696,520,361920,8,,1,0,0,0,stop,13,internvl25-8b-awq,"```json {""count"": 8} ```"
E4,SIMCEPImages_I13_C53_F26_s02_w2,bbbc,cells,0,0,0.0,53,696,520,361920,14,,1,0,0,0,stop,13,internvl25-8b-awq,"```json {""count"": 14} ```"
E4,SIMCEPImages_L13_C53_F35_s16_w2,bbbc,cells,0,0,0.0,53,696,520,361920,10,,1,0,0,0,stop,13,internvl25-8b-awq,"```json {""count"": 10} ```"
E4,SIMCEPImages_G13_C53_F20_s07_w2,bbbc,cells,0,0,0.0,53,696,520,361920,15,,1,0,0,0,stop,13,internvl25-8b-awq,"```json {""count"": 15} ```"
E4,SIMCEPImages_D13_C53_F10_s02_w2,bbbc,cells,0,0,0.0,53,696,520,361920,15,,1,0,0,0,stop,13,internvl25-8b-awq,"```json {""count"": 15} ```"
E4,SIMCEPImages_N13_C53_F42_s02_w2,bbbc,cells,0,0,0.0,53,696,520,361920,8,,1,0,0,0,stop,13,internvl25-8b-awq,"```json {""count"": 8} ```"
E4,SIMCEPImages_J13_C53_F29_s25_w1,bbbc,cells,0,0,0.0,53,696,520,361920,100,,1,0,0,0,stop,13,internvl25-8b-awq,"```json {""count"": 100} ```"
E4,SIMCEPImages_B13_C53_F4_s14_w1,bbbc,cells,0,0,0.0,53,696,520,361920,34,,1,0,0,0,stop,13,internvl25-8b-awq,"```json {""count"": 34} ```"
E4,SIMCEPImages_I13_C53_F26_s23_w1,bbbc,cells,0,0,0.0,53,696,520,361920,50,,1,0,0,0,stop,13,internvl25-8b-awq,"```json {""count"": 50} ```"
E4,SIMCEPImages_E13_C53_F14_s03_w1,bbbc,cells,0,0,0.0,53,696,520,361920,50,,1,0,0,0,stop,13,internvl25-8b-awq,"```json {""count"": 50} ```"
E4,SIMCEPImages_L13_C53_F35_s15_w2,bbbc,cells,0,0,0.0,53,696,520,361920,10,,1,0,0,0,stop,13,internvl25-8b-awq,"```json {""count"": 10} ```"
E4,SIMCEPImages_L13_C53_F35_s23_w2,bbbc,cells,0,0,0.0,53,696,520,361920,25,,1,0,0,0,stop,13,internvl25-8b-awq,"```json {""count"": 25} ```"
E4,SIMCEPImages_O13_C53_F45_s23_w2,bbbc,cells,0,0,0.0,53,696,520,361920,15,,1,0,0,0,stop,13,internvl25-8b-awq,"```json {""count"": 15} ```"
E4,SIMCEPImages_L13_C53_F35_s20_w2,bbbc,cells,0,0,0.0,53,696,520,361920,23,,1,0,0,0,stop,13,internvl25-8b-awq,"```json {""count"": 23} ```"
E4,SIMCEPImages_K13_C53_F32_s12_w2,bbbc,cells,0,0,0.0,53,696,520,361920,15,,1,0,0,0,stop,13,internvl25-8b-awq,"```json {""count"": 15} ```"
E4,SIMCEPImages_N13_C53_F42_s05_w2,bbbc,cells,0,0,0.0,53,696,520,361920,14,,1,0,0,0,stop,13,internvl25-8b-awq,"```json {""count"": 14} ```"
E4,SIMCEPImages_P13_C53_F48_s01_w1,bbbc,cells,0,0,0.0,53,696,520,361920,10,,1,0,0,0,stop,13,internvl25-8b-awq,"```json {""count"": 10} ```"
E4,SIMCEPImages_N13_C53_F42_s20_w2,bbbc,cells,0,0,0.0,53,696,520,361920,25,,1,0,0,0,stop,13,internvl25-8b-awq,"```json {""count"": 25} ```"
E4,SIMCEPImages_O13_C53_F45_s08_w2,bbbc,cells,0,0,0.0,53,696,520,361920,10,,1,0,0,0,stop,13,internvl25-8b-awq,"```json {""count"": 10} ```"
E4,SIMCEPImages_I13_C53_F26_s17_w1,bbbc,cells,0,0,0.0,53,696,520,361920,50,,1,0,0,0,stop,13,internvl25-8b-awq,"```json {""count"": 50} ```"
E4,SIMCEPImages_I13_C53_F26_s19_w2,bbbc,cells,0,0,0.0,53,696,520,361920,23,,1,0,0,0,stop,13,internvl25-8b-awq,"```json {""count"": 23} ```"
E4,SIMCEPImages_M13_C53_F39_s18_w1,bbbc,cells,0,0,0.0,53,696,520,361920,50,,1,0,0,0,stop,13,internvl25-8b-awq,"```json {""count"": 50} ```"
E4,SIMCEPImages_E13_C53_F14_s07_w1,bbbc,cells,0,0,0.0,53,696,520,361920,50,,1,0,0,0,stop,13,internvl25-8b-awq,"```json {""count"": 50} ```"
E4,SIMCEPImages_L13_C53_F35_s17_w1,bbbc,cells,0,0,0.0,53,696,520,361920,50,,1,0,0,0,stop,13,internvl25-8b-awq,"```json {""count"": 50} ```"
E4,SIMCEPImages_H13_C53_F23_s07_w1,bbbc,cells,0,0,0.0,53,696,520,361920,50,,1,0,0,0,stop,13,internvl25-8b-awq,"```json {""count"": 50} ```"
E4,SIMCEPImages_M13_C53_F39_s12_w1,bbbc,cells,0,0,0.0,53,696,520,361920,50,,1,0,0,0,stop,13,internvl25-8b-awq,"```json {""count"": 50} ```"
E4,SIMCEPImages_C13_C53_F7_s25_w1,bbbc,cells,0,0,0.0,53,696,520,361920,50,,1,0,0,0,stop,13,internvl25-8b-awq,"```json {""count"": 50} ```"
E4,SIMCEPImages_E13_C53_F14_s02_w2,bbbc,cells,0,0,0.0,53,696,520,361920,15,,1,0,0,0,stop,13,internvl25-8b-awq,"```json {""count"": 15} ```"
E4,SIMCEPImages_E13_C53_F14_s20_w1,bbbc,cells,0,0,0.0,53,696,520,361920,50,,1,0,0,0,stop,13,internvl25-8b-awq,"```json {""count"": 50} ```"
E4,SIMCEPImages_K13_C53_F32_s17_w1,bbbc,cells,0,0,0.0,53,696,520,361920,50,,1,0,0,0,stop,13,internvl25-8b-awq,"```json {""count"": 50} ```"
E4,SIMCEPImages_L13_C53_F35_s24_w1,bbbc,cells,0,0,0.0,53,696,520,361920,50,,1,0,0,0,stop,13,internvl25-8b-awq,"```json {""count"": 50} ```"
E4,SIMCEPImages_D13_C53_F10_s16_w2,bbbc,cells,0,0,0.0,53,696,520,361920,20,,1,0,0,0,stop,13,internvl25-8b-awq,"```json {""count"": 20} ```"
E4,SIMCEPImages_F13_C53_F17_s16_w1,bbbc,cells,0,0,0.0,53,696,520,361920,50,,1,0,0,0,stop,13,internvl25-8b-awq,"```json {""count"": 50} ```"
E4,SIMCEPImages_M13_C53_F39_s07_w2,bbbc,cells,0,0,0.0,53,696,520,361920,10,,1,0,0,0,stop,13,internvl25-8b-awq,"```json {""count"": 10} ```"
E4,SIMCEPImages_P13_C53_F48_s17_w2,bbbc,cells,0,0,0.0,53,696,520,361920,5,,1,0,0,0,stop,13,internvl25-8b-awq,"```json {""count"": 5} ```"
E4,SIMCEPImages_O13_C53_F45_s07_w2,bbbc,cells,0,0,0.0,53,696,520,361920,7,,1,0,0,0,stop,13,internvl25-8b-awq,"```json {""count"": 7} ```"
E4,SIMCEPImages_C13_C53_F7_s02_w2,bbbc,cells,0,0,0.0,53,696,520,361920,15,,1,0,0,0,stop,13,internvl25-8b-awq,"```json {""count"": 15} ```"
E4,SIMCEPImages_A13_C53_F1_s03_w1,bbbc,cells,0,0,0.0,53,696,520,361920,35,,1,0,0,0,stop,13,internvl25-8b-awq,"```json {""count"": 35} ```"
E4,SIMCEPImages_I13_C53_F26_s03_w1,bbbc,cells,0,0,0.0,53,696,520,361920,50,,1,0,0,0,stop,13,internvl25-8b-awq,"```json {""count"": 50} ```"
E4,SIMCEPImages_O13_C53_F45_s15_w2,bbbc,cells,0,0,0.0,53,696,520,361920,8,,1,0,0,0,stop,13,internvl25-8b-awq,"```json {""count"": 8} ```"
E4,SIMCEPImages_K13_C53_F32_s07_w1,bbbc,cells,0,0,0.0,53,696,520,361920,50,,1,0,0,0,stop,13,internvl25-8b-awq,"```json {""count"": 50} ```"
E4,SIMCEPImages_A13_C53_F1_s02_w1,bbbc,cells,0,0,0.0,53,696,520,361920,33,,1,0,0,0,stop,13,internvl25-8b-awq,"```json {""count"": 33} ```"
E4,SIMCEPImages_E13_C53_F14_s03_w2,bbbc,cells,0,0,0.0,53,696,520,361920,20,,1,0,0,0,stop,13,internvl25-8b-awq,"```json {""count"": 20} ```"
E4,SIMCEPImages_P13_C53_F48_s11_w2,bbbc,cells,0,0,0.0,53,696,520,361920,23,,1,0,0,0,stop,13,internvl25-8b-awq,"```json {""count"": 23} ```"
E4,SIMCEPImages_H13_C53_F23_s03_w2,bbbc,cells,0,0,0.0,53,696,520,361920,15,,1,0,0,0,stop,13,internvl25-8b-awq,"```json {""count"": 15} ```"
E4,SIMCEPImages_E13_C53_F14_s08_w2,bbbc,cells,0,0,0.0,53,696,520,361920,15,,1,0,0,0,stop,13,internvl25-8b-awq,"```json {""count"": 15} ```"
E4,SIMCEPImages_C13_C53_F7_s20_w1,bbbc,cells,0,0,0.0,53,696,520,361920,42,,1,0,0,0,stop,13,internvl25-8b-awq,"```json {""count"": 42} ```"
E4,SIMCEPImages_K13_C53_F32_s16_w1,bbbc,cells,0,0,0.0,53,696,520,361920,50,,1,0,0,0,stop,13,internvl25-8b-awq,"```json {""count"": 50} ```"
E4,SIMCEPImages_M13_C53_F39_s03_w1,bbbc,cells,0,0,0.0,53,696,520,361920,25,,1,0,0,0,stop,13,internvl25-8b-awq,"```json {""count"": 25} ```"
E4,SIMCEPImages_A13_C53_F1_s10_w1,bbbc,cells,0,0,0.0,53,696,520,361920,27,,1,0,0,0,stop,13,internvl25-8b-awq,"```json {""count"": 27} ```"
E4,SIMCEPImages_K13_C53_F32_s25_w1,bbbc,cells,0,0,0.0,53,696,520,361920,50,,1,0,0,0,stop,13,internvl25-8b-awq,"```json {""count"": 50} ```"
E4,SIMCEPImages_O13_C53_F45_s25_w1,bbbc,cells,0,0,0.0,53,696,520,361920,50,,1,0,0,0,stop,13,internvl25-8b-awq,"```json {""count"": 50} ```"
E4,SIMCEPImages_A13_C53_F1_s14_w1,bbbc,cells,0,0,0.0,53,696,520,361920,34,,1,0,0,0,stop,13,internvl25-8b-awq,"```json {""count"": 34} ```"
E4,SIMCEPImages_K13_C53_F32_s21_w1,bbbc,cells,0,0,0.0,53,696,520,361920,50,,1,0,0,0,stop,13,internvl25-8b-awq,"```json {""count"": 50} ```"
E4,SIMCEPImages_M13_C53_F39_s05_w1,bbbc,cells,0,0,0.0,53,696,520,361920,50,,1,0,0,0,stop,13,internvl25-8b-awq,"```json {""count"": 50} ```"
E4,SIMCEPImages_A13_C53_F1_s18_w2,bbbc,cells,0,0,0.0,53,696,520,361920,20,,1,0,0,0,stop,13,internvl25-8b-awq,"```json {""count"": 20} ```"
E4,SIMCEPImages_F13_C53_F17_s03_w1,bbbc,cells,0,0,0.0,53,696,520,361920,50,,1,0,0,0,stop,13,internvl25-8b-awq,"```json {""count"": 50} ```"
E4,SIMCEPImages_J13_C53_F29_s10_w1,bbbc,cells,0,0,0.0,53,696,520,361920,25,,1,0,0,0,stop,13,internvl25-8b-awq,"```json {""count"": 25} ```"
E4,SIMCEPImages_D13_C53_F10_s04_w1,bbbc,cells,0,0,0.0,53,696,520,361920,50,,1,0,0,0,stop,13,internvl25-8b-awq,"```json {""count"": 50} ```"
E4,SIMCEPImages_F13_C53_F17_s12_w2,bbbc,cells,0,0,0.0,53,696,520,361920,15,,1,0,0,0,stop,13,internvl25-8b-awq,"```json {""count"": 15} ```"
E4,SIMCEPImages_H13_C53_F23_s20_w1,bbbc,cells,0,0,0.0,53,696,520,361920,50,,1,0,0,0,stop,13,internvl25-8b-awq,"```json {""count"": 50} ```"
E4,SIMCEPImages_C13_C53_F7_s10_w2,bbbc,cells,0,0,0.0,53,696,520,361920,16,,1,0,0,0,stop,13,internvl25-8b-awq,"```json {""count"": 16} ```"
E4,SIMCEPImages_L13_C53_F35_s18_w1,bbbc,cells,0,0,0.0,53,696,520,361920,50,,1,0,0,0,stop,13,internvl25-8b-awq,"```json {""count"": 50} ```"
E4,SIMCEPImages_O13_C53_F45_s19_w2,bbbc,cells,0,0,0.0,53,696,520,361920,25,,1,0,0,0,stop,13,internvl25-8b-awq,"```json {""count"": 25} ```"
E4,SIMCEPImages_E13_C53_F14_s19_w2,bbbc,cells,0,0,0.0,53,696,520,361920,15,,1,0,0,0,stop,13,internvl25-8b-awq,"```json {""count"": 15} ```"
E4,SIMCEPImages_K13_C53_F32_s03_w2,bbbc,cells,0,0,0.0,53,696,520,361920,15,,1,0,0,0,stop,13,internvl25-8b-awq,"```json {""count"": 15} ```"
E4,SIMCEPImages_L13_C53_F35_s04_w1,bbbc,cells,0,0,0.0,53,696,520,361920,50,,1,0,0,0,stop,13,internvl25-8b-awq,"```json {""count"": 50} ```"
E4,SIMCEPImages_P13_C53_F48_s21_w2,bbbc,cells,0,0,0.0,53,696,520,361920,5,,1,0,0,0,stop,13,internvl25-8b-awq,"```json {""count"": 5} ```"
E4,SIMCEPImages_P13_C53_F48_s14_w1,bbbc,cells,0,0,0.0,53,696,520,361920,25,,1,0,0,0,stop,13,internvl25-8b-awq,"```json {""count"": 25} ```"
E4,SIMCEPImages_N13_C53_F42_s01_w1,bbbc,cells,0,0,0.0,53,696,520,361920,22,,1,0,0,0,stop,13,internvl25-8b-awq,"```json {""count"": 22} ```"
E4,SIMCEPImages_L13_C53_F35_s25_w2,bbbc,cells,0,0,0.0,53,696,520,361920,15,,1,0,0,0,stop,13,internvl25-8b-awq,"```json {""count"": 15} ```"
E4,SIMCEPImages_J13_C53_F29_s21_w1,bbbc,cells,0,0,0.0,53,696,520,361920,50,,1,0,0,0,stop,13,internvl25-8b-awq,"```json {""count"": 50} ```"
E4,SIMCEPImages_O13_C53_F45_s06_w1,bbbc,cells,0,0,0.0,53,696,520,361920,50,,1,0,0,0,stop,13,internvl25-8b-awq,"```json {""count"": 50} ```"
E4,SIMCEPImages_E13_C53_F14_s25_w1,bbbc,cells,0,0,0.0,53,696,520,361920,50,,1,0,0,0,stop,13,internvl25-8b-awq,"```json {""count"": 50} ```"
E4,SIMCEPImages_I13_C53_F26_s15_w1,bbbc,cells,0,0,0.0,53,696,520,361920,50,,1,0,0,0,stop,13,internvl25-8b-awq,"```json {""count"": 50} ```"
E4,SIMCEPImages_N13_C53_F42_s21_w1,bbbc,cells,0,0,0.0,53,696,520,361920,25,,1,0,0,0,stop,13,internvl25-8b-awq,"```json {""count"": 25} ```"
E4,SIMCEPImages_J13_C53_F29_s07_w2,bbbc,cells,0,0,0.0,53,696,520,361920,10,,1,0,0,0,stop,13,internvl25-8b-awq,"```json {""count"": 10} ```"
E4,SIMCEPImages_I13_C53_F26_s18_w2,bbbc,cells,0,0,0.0,53,696,520,361920,15,,1,0,0,0,stop,13,internvl25-8b-awq,"```json {""count"": 15} ```"
E4,SIMCEPImages_B13_C53_F4_s10_w1,bbbc,cells,0,0,0.0,53,696,520,361920,30,,1,0,0,0,stop,13,internvl25-8b-awq,"```json {""count"": 30} ```"
E4,SIMCEPImages_I13_C53_F26_s06_w1,bbbc,cells,0,0,0.0,53,696,520,361920,50,,1,0,0,0,stop,13,internvl25-8b-awq,"```json {""count"": 50} ```"
E4,SIMCEPImages_C13_C53_F7_s23_w1,bbbc,cells,0,0,0.0,53,696,520,361920,50,,1,0,0,0,stop,13,internvl25-8b-awq,"```json {""count"": 50} ```"
E4,SIMCEPImages_I13_C53_F26_s17_w2,bbbc,cells,0,0,0.0,53,696,520,361920,10,,1,0,0,0,stop,13,internvl25-8b-awq,"```json {""count"": 10} ```"
E4,SIMCEPImages_F13_C53_F17_s07_w2,bbbc,cells,0,0,0.0,53,696,520,361920,15,,1,0,0,0,stop,13,internvl25-8b-awq,"```json {""count"": 15} ```"
E4,SIMCEPImages_M13_C53_F39_s03_w2,bbbc,cells,0,0,0.0,53,696,520,361920,10,,1,0,0,0,stop,13,internvl25-8b-awq,"```json {""count"": 10} ```"
E4,SIMCEPImages_M13_C53_F39_s10_w2,bbbc,cells,0,0,0.0,53,696,520,361920,8,,1,0,0,0,stop,13,internvl25-8b-awq,"```json {""count"": 8} ```"
E4,SIMCEPImages_A13_C53_F1_s02_w2,bbbc,cells,0,0,0.0,53,696,520,361920,20,,1,0,0,0,stop,13,internvl25-8b-awq,"```json {""count"": 20} ```"
E4,SIMCEPImages_B13_C53_F4_s08_w2,bbbc,cells,0,0,0.0,53,696,520,361920,20,,1,0,0,0,stop,13,internvl25-8b-awq,"```json {""count"": 20} ```"
E4,SIMCEPImages_E13_C53_F14_s17_w1,bbbc,cells,0,0,0.0,53,696,520,361920,50,,1,0,0,0,stop,13,internvl25-8b-awq,"```json {""count"": 50} ```"
E4,SIMCEPImages_D13_C53_F10_s03_w2,bbbc,cells,0,0,0.0,53,696,520,361920,21,,1,0,0,0,stop,13,internvl25-8b-awq,"```json {""count"": 21} ```"
E4,SIMCEPImages_G13_C53_F20_s06_w1,bbbc,cells,0,0,0.0,53,696,520,361920,50,,1,0,0,0,stop,13,internvl25-8b-awq,"```json {""count"": 50} ```"
E4,SIMCEPImages_O13_C53_F45_s24_w2,bbbc,cells,0,0,0.0,53,696,520,361920,50,,1,0,0,0,stop,13,internvl25-8b-awq,"```json {""count"": 50} ```"
E4,SIMCEPImages_M13_C53_F39_s19_w1,bbbc,cells,0,0,0.0,53,696,520,361920,25,,1,0,0,0,stop,13,internvl25-8b-awq,"```json {""count"": 25} ```"
E4,SIMCEPImages_J13_C53_F29_s11_w1,bbbc,cells,0,0,0.0,53,696,520,361920,50,,1,0,0,0,stop,13,internvl25-8b-awq,"```json {""count"": 50} ```"
E4,SIMCEPImages_N13_C53_F42_s07_w2,bbbc,cells,0,0,0.0,53,696,520,361920,7,,1,0,0,0,stop,13,internvl25-8b-awq,"```json {""count"": 7} ```"
E4,SIMCEPImages_D13_C53_F10_s08_w1,bbbc,cells,0,0,0.0,53,696,520,361920,50,,1,0,0,0,stop,13,internvl25-8b-awq,"```json {""count"": 50} ```"
E4,SIMCEPImages_C13_C53_F7_s12_w2,bbbc,cells,0,0,0.0,53,696,520,361920,20,,1,0,0,0,stop,13,internvl25-8b-awq,"```json {""count"": 20} ```"
E4,SIMCEPImages_P13_C53_F48_s05_w2,bbbc,cells,0,0,0.0,53,696,520,361920,8,,1,0,0,0,stop,13,internvl25-8b-awq,"```json {""count"": 8} ```"
E4,SIMCEPImages_A13_C53_F1_s05_w1,bbbc,cells,0,0,0.0,53,696,520,361920,34,,1,0,0,0,stop,13,internvl25-8b-awq,"```json {""count"": 34} ```"
E4,SIMCEPImages_J13_C53_F29_s02_w2,bbbc,cells,0,0,0.0,53,696,520,361920,14,,1,0,0,0,stop,13,internvl25-8b-awq,"```json {""count"": 14} ```"
E4,SIMCEPImages_J13_C53_F29_s05_w1,bbbc,cells,0,0,0.0,53,696,520,361920,50,,1,0,0,0,stop,13,internvl25-8b-awq,"```json {""count"": 50} ```"
E4,SIMCEPImages_M13_C53_F39_s02_w2,bbbc,cells,0,0,0.0,53,696,520,361920,8,,1,0,0,0,stop,13,internvl25-8b-awq,"```json {""count"": 8} ```"
E4,SIMCEPImages_D13_C53_F10_s20_w2,bbbc,cells,0,0,0.0,53,696,520,361920,20,,1,0,0,0,stop,13,internvl25-8b-awq,"```json {""count"": 20} ```"
E4,SIMCEPImages_D13_C53_F10_s13_w2,bbbc,cells,0,0,0.0,53,696,520,361920,23,,1,0,0,0,stop,13,internvl25-8b-awq,"```json {""count"": 23} ```"
E4,SIMCEPImages_P13_C53_F48_s02_w1,bbbc,cells,0,0,0.0,53,696,520,361920,23,,1,0,0,0,stop,13,internvl25-8b-awq,"```json {""count"": 23} ```"
E4,SIMCEPImages_P13_C53_F48_s18_w1,bbbc,cells,0,0,0.0,53,696,520,361920,14,,1,0,0,0,stop,13,internvl25-8b-awq,"```json {""count"": 14} ```"
E4,SIMCEPImages_A13_C53_F1_s01_w1,bbbc,cells,0,0,0.0,53,696,520,361920,30,,1,0,0,0,stop,13,internvl25-8b-awq,"```json {""count"": 30} ```"
E4,SIMCEPImages_N13_C53_F42_s17_w2,bbbc,cells,0,0,0.0,53,696,520,361920,5,,1,0,0,0,stop,13,internvl25-8b-awq,"```json {""count"": 5} ```"
E4,SIMCEPImages_K13_C53_F32_s06_w1,bbbc,cells,0,0,0.0,53,696,520,361920,50,,1,0,0,0,stop,13,internvl25-8b-awq,"```json {""count"": 50} ```"
E4,SIMCEPImages_A13_C53_F1_s13_w2,bbbc,cells,0,0,0.0,53,696,520,361920,20,,1,0,0,0,stop,13,internvl25-8b-awq,"```json {""count"": 20} ```"
E4,SIMCEPImages_K13_C53_F32_s01_w2,bbbc,cells,0,0,0.0,53,696,520,361920,23,,1,0,0,0,stop,13,internvl25-8b-awq,"```json {""count"": 23} ```"
E4,SIMCEPImages_N13_C53_F42_s14_w2,bbbc,cells,0,0,0.0,53,696,520,361920,10,,1,0,0,0,stop,13,internvl25-8b-awq,"```json {""count"": 10} ```"
E4,SIMCEPImages_M13_C53_F39_s04_w2,bbbc,cells,0,0,0.0,53,696,520,361920,14,,1,0,0,0,stop,13,internvl25-8b-awq,"```json {""count"": 14} ```"
E4,SIMCEPImages_B13_C53_F4_s04_w1,bbbc,cells,0,0,0.0,53,696,520,361920,35,,1,0,0,0,stop,13,internvl25-8b-awq,"```json {""count"": 35} ```"
E4,SIMCEPImages_G13_C53_F20_s16_w1,bbbc,cells,0,0,0.0,53,696,520,361920,100,,1,0,0,0,stop,13,internvl25-8b-awq,"```json {""count"": 100} ```"
E4,SIMCEPImages_D13_C53_F10_s19_w1,bbbc,cells,0,0,0.0,53,696,520,361920,35,,1,0,0,0,stop,13,internvl25-8b-awq,"```json {""count"": 35} ```"
E4,SIMCEPImages_B13_C53_F4_s13_w1,bbbc,cells,0,0,0.0,53,696,520,361920,30,,1,0,0,0,stop,13,internvl25-8b-awq,"```json {""count"": 30} ```"
E4,SIMCEPImages_D13_C53_F10_s17_w1,bbbc,cells,0,0,0.0,53,696,520,361920,50,,1,0,0,0,stop,13,internvl25-8b-awq,"```json {""count"": 50} ```"
E4,SIMCEPImages_F13_C53_F17_s24_w1,bbbc,cells,0,0,0.0,53,696,520,361920,100,,1,0,0,0,stop,13,internvl25-8b-awq,"```json {""count"": 100} ```"
E4,SIMCEPImages_B13_C53_F4_s15_w1,bbbc,cells,0,0,0.0,53,696,520,361920,27,,1,0,0,0,stop,13,internvl25-8b-awq,"```json {""count"": 27} ```"
E4,SIMCEPImages_J13_C53_F29_s08_w1,bbbc,cells,0,0,0.0,53,696,520,361920,50,,1,0,0,0,stop,13,internvl25-8b-awq,"```json {""count"": 50} ```"
E4,SIMCEPImages_F13_C53_F17_s02_w2,bbbc,cells,0,0,0.0,53,696,520,361920,15,,1,0,0,0,stop,13,internvl25-8b-awq,"```json {""count"": 15} ```"
E4,SIMCEPImages_B13_C53_F4_s05_w2,bbbc,cells,0,0,0.0,53,696,520,361920,21,,1,0,0,0,stop,13,internvl25-8b-awq,"```json {""count"": 21} ```"
E4,SIMCEPImages_H13_C53_F23_s07_w2,bbbc,cells,0,0,0.0,53,696,520,361920,23,,1,0,0,0,stop,13,internvl25-8b-awq,"```json {""count"": 23} ```"
E4,SIMCEPImages_H13_C53_F23_s15_w1,bbbc,cells,0,0,0.0,53,696,520,361920,50,,1,0,0,0,stop,13,internvl25-8b-awq,"```json {""count"": 50} ```"
E4,SIMCEPImages_B13_C53_F4_s15_w2,bbbc,cells,0,0,0.0,53,696,520,361920,21,,1,0,0,0,stop,13,internvl25-8b-awq,"```json {""count"": 21} ```"
E4,SIMCEPImages_F13_C53_F17_s04_w2,bbbc,cells,0,0,0.0,53,696,520,361920,25,,1,0,0,0,stop,13,internvl25-8b-awq,"```json {""count"": 25} ```"
E4,SIMCEPImages_B13_C53_F4_s16_w2,bbbc,cells,0,0,0.0,53,696,520,361920,21,,1,0,0,0,stop,13,internvl25-8b-awq,"```json {""count"": 21} ```"
E4,SIMCEPImages_N13_C53_F42_s25_w1,bbbc,cells,0,0,0.0,53,696,520,361920,50,,1,0,0,0,stop,13,internvl25-8b-awq,"```json {""count"": 50} ```"
E4,SIMCEPImages_G13_C53_F20_s14_w2,bbbc,cells,0,0,0.0,53,696,520,361920,15,,1,0,0,0,stop,13,internvl25-8b-awq,"```json {""count"": 15} ```"
E4,SIMCEPImages_G13_C53_F20_s17_w1,bbbc,cells,0,0,0.0,53,696,520,361920,50,,1,0,0,0,stop,13,internvl25-8b-awq,"```json {""count"": 50} ```"
E4,SIMCEPImages_N13_C53_F42_s24_w2,bbbc,cells,0,0,0.0,53,696,520,361920,50,,1,0,0,0,stop,13,internvl25-8b-awq,"```json {""count"": 50} ```"
E4,SIMCEPImages_F13_C53_F17_s22_w1,bbbc,cells,0,0,0.0,53,696,520,361920,50,,1,0,0,0,stop,13,internvl25-8b-awq,"```json {""count"": 50} ```"
E4,SIMCEPImages_F13_C53_F17_s06_w2,bbbc,cells,0,0,0.0,53,696,520,361920,23,,1,0,0,0,stop,13,internvl25-8b-awq,"```json {""count"": 23} ```"
E4,SIMCEPImages_F13_C53_F17_s25_w2,bbbc,cells,0,0,0.0,53,696,520,361920,15,,1,0,0,0,stop,13,internvl25-8b-awq,"```json {""count"": 15} ```"
E4,SIMCEPImages_H13_C53_F23_s18_w2,bbbc,cells,0,0,0.0,53,696,520,361920,15,,1,0,0,0,stop,13,internvl25-8b-awq,"```json {""count"": 15} ```"
E4,SIMCEPImages_H13_C53_F23_s10_w1,bbbc,cells,0,0,0.0,53,696,520,361920,30,,1,0,0,0,stop,13,internvl25-8b-awq,"```json {""count"": 30} ```"
E4,SIMCEPImages_G13_C53_F20_s08_w1,bbbc,cells,0,0,0.0,53,696,520,361920,50,,1,0,0,0,stop,13,internvl25-8b-awq,"```json {""count"": 50} ```"
E4,SIMCEPImages_H13_C53_F23_s15_w2,bbbc,cells,0,0,0.0,53,696,520,361920,15,,1,0,0,0,stop,13,internvl25-8b-awq,"```json {""count"": 15} ```"
E4,SIMCEPImages_G13_C53_F20_s25_w1,bbbc,cells,0,0,0.0,53,696,520,361920,50,,1,0,0,0,stop,13,internvl25-8b-awq,"```json {""count"": 50} ```"
E4,SIMCEPImages_G13_C53_F20_s01_w1,bbbc,cells,0,0,0.0,53,696,520,361920,50,,1,0,0,0,stop,13,internvl25-8b-awq,"```json {""count"": 50} ```"
E4,SIMCEPImages_H13_C53_F23_s08_w2,bbbc,cells,0,0,0.0,53,696,520,361920,14,,1,0,0,0,stop,13,internvl25-8b-awq,"```json {""count"": 14} ```"
