item,level,gt,pred,parse_ok,zero,refuse,raw
img_0003,L2_只给数字,350,1000,1,0,0,1000
img_0001,L2_只给数字,977,1000,1,0,0,1000
img_0001,L6_只算清晰,977,0,1,1,0,"{""count"": 0}"
img_0001,L5_逐一点数,977,0,1,1,0,"{""count"": 0}"
img_0002,L2_只给数字,923,999,1,0,0,999
img_0003,L7_不确定就0,350,0,1,1,0,"{""count"": 0}"
img_0003,L4_中性,350,0,1,1,0,"{""count"": 0}"
img_0003,L5_逐一点数,350,0,1,1,0,"{""count"": 0}"
img_0003,L6_只算清晰,350,0,1,1,0,"{""count"": 0}"
img_0001,L4_中性,977,0,1,1,0,"{""count"": 0}"
img_0001,L7_不确定就0,977,0,1,1,0,"{""count"": 0}"
img_0002,L5_逐一点数,923,0,1,1,0,"{""count"": 0}"
img_0002,L6_只算清晰,923,0,1,1,0,"{""count"": 0}"
img_0005,L2_只给数字,103,100,1,0,0,100
img_0003,L3_可近似,350,1500,1,0,0,"{""count"": 1500}"
img_0001,L1_随便给,977,5000,1,0,0,"{""count"": 5000}"
img_0003,L1_随便给,350,1500,1,0,0,"{""count"": 1500}"
img_0001,L3_可近似,977,5000,1,0,0,"{""count"": 5000}"
img_0002,L4_中性,923,0,1,1,0,"{""count"": 0}"
img_0004,L2_只给数字,183,100,1,0,0,100
img_0002,L7_不确定就0,923,0,1,1,0,"{""count"": 0}"
img_0002,L1_随便给,923,5000,1,0,0,"{""count"": 5000}"
img_0005,L3_可近似,103,200,1,0,0,"{""count"": 200}"
img_0006,L2_只给数字,436,1000,1,0,0,1000
img_0007,L2_只给数字,77,50,1,0,0,50
img_0005,L1_随便给,103,200,1,0,0,"{""count"": 200}"
img_0002,L3_可近似,923,5000,1,0,0,"{""count"": 5000}"
img_0006,L4_中性,436,0,1,1,0,"{""count"": 0}"
img_0004,L7_不确定就0,183,0,1,1,0,"{""count"": 0}"
img_0006,L7_不确定就0,436,0,1,1,0,"{""count"": 0}"
img_0004,L5_逐一点数,183,0,1,1,0,"{""count"": 0}"
img_0005,L5_逐一点数,103,0,1,1,0,"{""count"": 0}"
img_0006,L6_只算清晰,436,0,1,1,0,"{""count"": 0}"
img_0005,L4_中性,103,100,1,0,0,"{""count"": 100}"
img_0006,L5_逐一点数,436,0,1,1,0,"{""count"": 0}"
img_0005,L7_不确定就0,103,0,1,1,0,"{""count"": 0}"
img_0008,L2_只给数字,92,45,1,0,0,45
img_0004,L3_可近似,183,300,1,0,0,"{""count"": 300}"
img_0004,L4_中性,183,100,1,0,0,"{""count"": 100}"
img_0005,L6_只算清晰,103,100,1,0,0,"{""count"": 100}"
img_0004,L1_随便给,183,300,1,0,0,"{""count"": 300}"
img_0004,L6_只算清晰,183,100,1,0,0,"{""count"": 100}"
img_0006,L1_随便给,436,1500,1,0,0,"{""count"": 1500}"
img_0006,L3_可近似,436,1500,1,0,0,"{""count"": 1500}"
img_0007,L3_可近似,77,75,1,0,0,"{""count"": 75}"
img_0007,L7_不确定就0,77,0,1,1,0,"{""count"": 0}"
img_0007,L1_随便给,77,100,1,0,0,"{""count"": 100}"
img_0007,L5_逐一点数,77,30,1,0,0,"{""count"": 30}"
img_0007,L6_只算清晰,77,25,1,0,0,"{""count"": 25}"
img_0007,L4_中性,77,45,1,0,0,"{""count"": 45}"
img_0008,L3_可近似,92,50,1,0,0,"{""count"": 50}"
img_0008,L1_随便给,92,70,1,0,0,"{""count"": 70}"
img_0008,L4_中性,92,45,1,0,0,"{""count"": 45}"
img_0008,L5_逐一点数,92,30,1,0,0,"{""count"": 30}"
img_0008,L6_只算清晰,92,30,1,0,0,"{""count"": 30}"
img_0008,L7_不确定就0,92,0,1,1,0,"{""count"": 0}"
img_0010,L2_只给数字,566,1000,1,0,0,1000
img_0011,L2_只给数字,540,999,1,0,0,999
img_0009,L2_只给数字,237,150,1,0,0,150
img_0010,L7_不确定就0,566,0,1,1,0,"{""count"": 0}"
img_0010,L6_只算清晰,566,0,1,1,0,"{""count"": 0}"
img_0010,L4_中性,566,0,1,1,0,"{""count"": 0}"
img_0010,L5_逐一点数,566,0,1,1,0,"{""count"": 0}"
img_0011,L6_只算清晰,540,0,1,1,0,"{""count"": 0}"
img_0011,L4_中性,540,0,1,1,0,"{""count"": 0}"
img_0011,L7_不确定就0,540,0,1,1,0,"{""count"": 0}"
img_0012,L2_只给数字,434,1000,1,0,0,1000
img_0009,L1_随便给,237,300,1,0,0,"{""count"": 300}"
img_0012,L5_逐一点数,434,0,1,1,0,"{""count"": 0}"
img_0009,L7_不确定就0,237,0,1,1,0,"{""count"": 0}"
img_0010,L3_可近似,566,2500,1,0,0,"{""count"": 2500}"
img_0012,L4_中性,434,0,1,1,0,"{""count"": 0}"
img_0010,L1_随便给,566,5000,1,0,0,"{""count"": 5000}"
img_0009,L5_逐一点数,237,0,1,1,0,"{""count"": 0}"
img_0012,L6_只算清晰,434,0,1,1,0,"{""count"": 0}"
img_0009,L4_中性,237,100,1,0,0,"{""count"": 100}"
img_0013,L2_只给数字,1528,10000,1,0,0,10000
img_0009,L3_可近似,237,300,1,0,0,"{""count"": 300}"
img_0012,L3_可近似,434,2500,1,0,0,"{""count"": 2500}"
img_0013,L1_随便给,1528,5000,1,0,0,"{""count"": 5000}"
img_0013,L4_中性,1528,0,1,1,0,"{""count"": 0}"
img_0012,L7_不确定就0,434,0,1,1,0,"{""count"": 0}"
img_0013,L3_可近似,1528,5000,1,0,0,"{""count"": 5000}"
img_0011,L1_随便给,540,5000,1,0,0,"{""count"": 5000}"
img_0012,L1_随便给,434,5000,1,0,0,"{""count"": 5000}"
img_0011,L5_逐一点数,540,,0,0,1,"{""count"": ""无法准确计数""}"
img_0013,L7_不确定就0,1528,0,1,1,0,"{""count"": 0}"
img_0013,L5_逐一点数,1528,,0,0,1,"{""count"": ""无法精确计数""}"
img_0009,L6_只算清晰,237,100,1,0,0,"{""count"": 100}"
img_0013,L6_只算清晰,1528,0,1,1,0,"{""count"": 0}"
img_0011,L3_可近似,540,5000,1,0,0,"{""count"": 5000}"
img_0017,L2_只给数字,191,100,1,0,0,100
img_0017,L4_中性,191,200,1,0,0,"{""count"": 200}"
img_0017,L6_只算清晰,191,100,1,0,0,"{""count"": 100}"
img_0017,L7_不确定就0,191,0,1,1,0,"{""count"": 0}"
img_0017,L1_随便给,191,300,1,0,0,"{""count"": 300}"
img_0017,L3_可近似,191,300,1,0,0,"{""count"": 300}"
img_0017,L5_逐一点数,191,200,1,0,0,"{""count"": 200}"
img_0016,L2_只给数字,853,1000,1,0,0,1000
img_0015,L2_只给数字,413,1000,1,0,0,1000
img_0016,L5_逐一点数,853,0,1,1,0,"{""count"": 0}"
img_0016,L4_中性,853,0,1,1,0,"{""count"": 0}"
img_0015,L7_不确定就0,413,0,1,1,0,"{""count"": 0}"
img_0015,L5_逐一点数,413,0,1,1,0,"{""count"": 0}"
img_0016,L6_只算清晰,853,0,1,1,0,"{""count"": 0}"
img_0014,L2_只给数字,225,150,1,0,0,150
img_0015,L6_只算清晰,413,10,1,0,0,"{""count"": 10}"
img_0016,L7_不确定就0,853,0,1,1,0,"{""count"": 0}"
img_0016,L1_随便给,853,2000,1,0,0,"{""count"": 2000}"
img_0016,L3_可近似,853,2000,1,0,0,"{""count"": 2000}"
img_0015,L1_随便给,413,1500,1,0,0,"{""count"": 1500}"
img_0018,L2_只给数字,141,100,1,0,0,100
img_0015,L3_可近似,413,800,1,0,0,"{""count"": 800}"
img_0014,L4_中性,225,100,1,0,0,"{""count"": 100}"
img_0015,L4_中性,413,1000,1,0,0,"{""count"": 1000}"
img_0014,L5_逐一点数,225,0,1,1,0,"{""count"": 0}"
img_0014,L6_只算清晰,225,0,1,1,0,"{""count"": 0}"
img_0014,L1_随便给,225,200,1,0,0,"{""count"": 200}"
img_0019,L2_只给数字,137,100,1,0,0,100
img_0014,L7_不确定就0,225,0,1,1,0,"{""count"": 0}"
img_0014,L3_可近似,225,250,1,0,0,"{""count"": 250}"
img_0018,L5_逐一点数,141,0,1,1,0,"{""count"": 0}"
img_0018,L7_不确定就0,141,0,1,1,0,"{""count"": 0}"
img_0018,L6_只算清晰,141,10,1,0,0,"{""count"": 10}"
img_0020,L2_只给数字,133,100,1,0,0,100
img_0018,L1_随便给,141,500,1,0,0,"{""count"": 500}"
img_0018,L3_可近似,141,300,1,0,0,"{""count"": 300}"
img_0018,L4_中性,141,100,1,0,0,"{""count"": 100}"
img_0021,L2_只给数字,127,100,1,0,0,100
img_0019,L7_不确定就0,137,0,1,1,0,"{""count"": 0}"
img_0019,L1_随便给,137,500,1,0,0,"{""count"": 500}"
img_0019,L5_逐一点数,137,0,1,1,0,"{""count"": 0}"
img_0019,L4_中性,137,0,1,1,0,"{""count"": 0}"
img_0019,L6_只算清晰,137,0,1,1,0,"{""count"": 0}"
img_0020,L5_逐一点数,133,0,1,1,0,"{""count"": 0}"
img_0020,L7_不确定就0,133,0,1,1,0,"{""count"": 0}"
img_0019,L3_可近似,137,500,1,0,0,"{""count"": 500}"
img_0020,L3_可近似,133,250,1,0,0,"{""count"": 250}"
img_0020,L4_中性,133,100,1,0,0,"{""count"": 100}"
img_0022,L6_只算清晰,479,0,1,1,0,"{""count"": 0}"
img_0020,L1_随便给,133,200,1,0,0,"{""count"": 200}"
img_0021,L7_不确定就0,127,0,1,1,0,"{""count"": 0}"
img_0022,L4_中性,479,0,1,1,0,"{""count"": 0}"
img_0021,L5_逐一点数,127,100,1,0,0,"{""count"": 100}"
img_0021,L1_随便给,127,200,1,0,0,"{""count"": 200}"
img_0021,L6_只算清晰,127,100,1,0,0,"{""count"": 100}"
img_0022,L1_随便给,479,5000,1,0,0,"{""count"": 5000}"
img_0022,L3_可近似,479,5000,1,0,0,"{""count"": 5000}"
img_0022,L2_只给数字,479,999,1,0,0,999
img_0021,L4_中性,127,100,1,0,0,"{""count"": 100}"
img_0020,L6_只算清晰,133,100,1,0,0,"{""count"": 100}"
img_0022,L7_不确定就0,479,0,1,1,0,"{""count"": 0}"
img_0021,L3_可近似,127,200,1,0,0,"{""count"": 200}"
img_0022,L5_逐一点数,479,0,1,1,0,"{""count"": 0}"
img_0026,L2_只给数字,113,100,1,0,0,100
img_0026,L7_不确定就0,113,0,1,1,0,"{""count"": 0}"
img_0026,L5_逐一点数,113,0,1,1,0,"{""count"": 0}"
img_0023,L1_随便给,274,5000,1,0,0,"{""count"": 5000}"
img_0026,L6_只算清晰,113,30,1,0,0,"{""count"": 30}"
img_0026,L3_可近似,113,200,1,0,0,"{""count"": 200}"
img_0025,L2_只给数字,319,1000,1,0,0,1000
img_0026,L4_中性,113,100,1,0,0,"{""count"": 100}"
img_0026,L1_随便给,113,200,1,0,0,"{""count"": 200}"
img_0024,L2_只给数字,385,1000,1,0,0,1000
img_0025,L6_只算清晰,319,0,1,1,0,"{""count"": 0}"
img_0025,L5_逐一点数,319,0,1,1,0,"{""count"": 0}"
img_0023,L2_只给数字,274,999,1,0,0,999
img_0024,L7_不确定就0,385,0,1,1,0,"{""count"": 0}"
img_0023,L6_只算清晰,274,0,1,1,0,"{""count"": 0}"
img_0023,L4_中性,274,0,1,1,0,"{""count"": 0}"
img_0023,L7_不确定就0,274,0,1,1,0,"{""count"": 0}"
img_0025,L4_中性,319,0,1,1,0,"{""count"": 0}"
img_0027,L2_只给数字,181,100,1,0,0,100
img_0025,L7_不确定就0,319,0,1,1,0,"{""count"": 0}"
img_0025,L1_随便给,319,500,1,0,0,"{""count"": 500}"
img_0024,L5_逐一点数,385,0,1,1,0,"{""count"": 0}"
img_0024,L1_随便给,385,500,1,0,0,"{""count"": 500}"
img_0028,L2_只给数字,405,1000,1,0,0,1000
img_0024,L6_只算清晰,385,100,1,0,0,"{""count"": 100}"
img_0023,L5_逐一点数,274,0,1,1,0,"{""count"": 0}"
img_0025,L3_可近似,319,500,1,0,0,"{""count"": 500}"
img_0024,L4_中性,385,100,1,0,0,"{""count"": 100}"
img_0024,L3_可近似,385,1000,1,0,0,"{""count"": 1000}"
img_0023,L3_可近似,274,2000,1,0,0,"{""count"": 2000}"
img_0027,L1_随便给,181,200,1,0,0,"{""count"": 200}"
img_0027,L5_逐一点数,181,0,1,1,0,"{""count"": 0}"
img_0027,L7_不确定就0,181,0,1,1,0,"{""count"": 0}"
img_0028,L4_中性,405,0,1,1,0,"{""count"": 0}"
img_0028,L6_只算清晰,405,0,1,1,0,"{""count"": 0}"
img_0027,L4_中性,181,100,1,0,0,"{""count"": 100}"
img_0027,L3_可近似,181,200,1,0,0,"{""count"": 200}"
img_0028,L1_随便给,405,1500,1,0,0,"{""count"": 1500}"
img_0027,L6_只算清晰,181,100,1,0,0,"{""count"": 100}"
img_0028,L5_逐一点数,405,0,1,1,0,"{""count"": 0}"
img_0028,L7_不确定就0,405,0,1,1,0,"{""count"": 0}"
img_0028,L3_可近似,405,1000,1,0,0,"{""count"": 1000}"
img_0031,L2_只给数字,394,1000,1,0,0,1000
img_0031,L6_只算清晰,394,0,1,1,0,"{""count"": 0}"
img_0031,L4_中性,394,0,1,1,0,"{""count"": 0}"
img_0030,L2_只给数字,367,1000,1,0,0,1000
img_0029,L2_只给数字,450,200,1,0,0,200
img_0031,L3_可近似,394,1000,1,0,0,"{""count"": 1000}"
img_0031,L5_逐一点数,394,0,1,1,0,"{""count"": 0}"
img_0031,L7_不确定就0,394,0,1,1,0,"{""count"": 0}"
img_0031,L1_随便给,394,1500,1,0,0,"{""count"": 1500}"
img_0030,L7_不确定就0,367,0,1,1,0,"{""count"": 0}"
img_0030,L5_逐一点数,367,0,1,1,0,"{""count"": 0}"
img_0030,L1_随便给,367,500,1,0,0,"{""count"": 500}"
img_0030,L4_中性,367,100,1,0,0,"{""count"": 100}"
img_0030,L6_只算清晰,367,100,1,0,0,"{""count"": 100}"
img_0032,L4_中性,674,0,1,1,0,"{""count"": 0}"
img_0032,L2_只给数字,674,1000,1,0,0,1000
img_0033,L2_只给数字,129,45,1,0,0,45
img_0030,L3_可近似,367,500,1,0,0,"{""count"": 500}"
img_0032,L7_不确定就0,674,0,1,1,0,"{""count"": 0}"
img_0032,L5_逐一点数,674,0,1,1,0,"{""count"": 0}"
img_0029,L1_随便给,450,500,1,0,0,"{""count"": 500}"
img_0032,L6_只算清晰,674,10,1,0,0,"{""count"": 10}"
img_0033,L4_中性,129,40,1,0,0,"{""count"": 40}"
img_0029,L7_不确定就0,450,0,1,1,0,"{""count"": 0}"
img_0032,L1_随便给,674,2000,1,0,0,"{""count"": 2000}"
img_0029,L5_逐一点数,450,0,1,1,0,"{""count"": 0}"
img_0033,L1_随便给,129,75,1,0,0,"{""count"": 75}"
img_0033,L5_逐一点数,129,30,1,0,0,"{""count"": 30}"
img_0033,L3_可近似,129,75,1,0,0,"{""count"": 75}"
img_0029,L4_中性,450,300,1,0,0,"{""count"": 300}"
img_0032,L3_可近似,674,1500,1,0,0,"{""count"": 1500}"
img_0033,L6_只算清晰,129,30,1,0,0,"{""count"": 30}"
img_0033,L7_不确定就0,129,0,1,1,0,"{""count"": 0}"
img_0029,L3_可近似,450,500,1,0,0,"{""count"": 500}"
img_0029,L6_只算清晰,450,100,1,0,0,"{""count"": 100}"
img_0034,L1_随便给,221,200,1,0,0,"{""count"": 200}"
img_0036,L2_只给数字,302,50,1,0,0,50
img_0034,L2_只给数字,221,100,1,0,0,100
img_0037,L4_中性,2530,0,1,1,0,"{""count"": 0}"
img_0036,L1_随便给,302,200,1,0,0,"{""count"": 200}"
img_0035,L6_只算清晰,1018,0,1,1,0,"{""count"": 0}"
img_0035,L7_不确定就0,1018,0,1,1,0,"{""count"": 0}"
img_0036,L3_可近似,302,200,1,0,0,"{""count"": 200}"
img_0035,L5_逐一点数,1018,0,1,1,0,"{""count"": 0}"
img_0035,L4_中性,1018,0,1,1,0,"{""count"": 0}"
img_0037,L5_逐一点数,2530,0,1,1,0,"{""count"": 0}"
img_0035,L1_随便给,1018,5000,1,0,0,"{""count"": 5000}"
img_0038,L2_只给数字,297,200,1,0,0,200
img_0034,L6_只算清晰,221,10,1,0,0,"{""count"": 10}"
img_0035,L2_只给数字,1018,10000,1,0,0,10000
img_0037,L7_不确定就0,2530,0,1,1,0,"{""count"": 0}"
img_0035,L3_可近似,1018,2000,1,0,0,"{""count"": 2000}"
img_0037,L2_只给数字,2530,9999,1,0,0,9999
img_0034,L7_不确定就0,221,0,1,1,0,"{""count"": 0}"
img_0034,L5_逐一点数,221,0,1,1,0,"{""count"": 0}"
img_0037,L3_可近似,2530,5000,1,0,0,"{""count"": 5000}"
img_0037,L6_只算清晰,2530,0,1,1,0,"{""count"": 0}"
img_0038,L4_中性,297,150,1,0,0,"{""count"": 150}"
img_0039,L2_只给数字,88,48,1,0,0,48
img_0034,L3_可近似,221,200,1,0,0,"{""count"": 200}"
img_0034,L4_中性,221,20,1,0,0,"{""count"": 20}"
img_0036,L7_不确定就0,302,0,1,1,0,"{""count"": 0}"
img_0038,L7_不确定就0,297,0,1,1,0,"{""count"": 0}"
img_0038,L5_逐一点数,297,0,1,1,0,"{""count"": 0}"
img_0036,L4_中性,302,30,1,0,0,"{""count"": 30}"
img_0036,L6_只算清晰,302,25,1,0,0,"{""count"": 25}"
img_0037,L1_随便给,2530,5000,1,0,0,"{""count"": 5000}"
img_0036,L5_逐一点数,302,100,1,0,0,"{""count"": 100}"
img_0038,L1_随便给,297,300,1,0,0,"{""count"": 300}"
img_0038,L6_只算清晰,297,100,1,0,0,"{""count"": 100}"
img_0038,L3_可近似,297,300,1,0,0,"{""count"": 300}"
img_0040,L2_只给数字,201,150,1,0,0,150
img_0039,L1_随便给,88,70,1,0,0,"{""count"": 70}"
img_0039,L5_逐一点数,88,50,1,0,0,"{""count"": 50}"
img_0039,L3_可近似,88,70,1,0,0,"{""count"": 70}"
img_0039,L4_中性,88,58,1,0,0,"{""count"": 58}"
img_0040,L6_只算清晰,201,0,1,1,0,"{""count"": 0}"
img_0042,L2_只给数字,130,100,1,0,0,100
img_0039,L6_只算清晰,88,42,1,0,0,"{""count"": 42}"
img_0039,L7_不确定就0,88,0,1,1,0,"{""count"": 0}"
img_0040,L7_不确定就0,201,0,1,1,0,"{""count"": 0}"
img_0041,L2_只给数字,960,10000,1,0,0,10000
img_0040,L1_随便给,201,200,1,0,0,"{""count"": 200}"
img_0040,L3_可近似,201,200,1,0,0,"{""count"": 200}"
img_0040,L5_逐一点数,201,150,1,0,0,"{""count"": 150}"
img_0040,L4_中性,201,100,1,0,0,"{""count"": 100}"
img_0041,L6_只算清晰,960,0,1,1,0,"{""count"": 0}"
img_0041,L7_不确定就0,960,0,1,1,0,"{""count"": 0}"
img_0041,L4_中性,960,0,1,1,0,"{""count"": 0}"
img_0041,L3_可近似,960,5000,1,0,0,"{""count"": 5000}"
img_0042,L5_逐一点数,130,0,1,1,0,"{""count"": 0}"
img_0043,L2_只给数字,155,100,1,0,0,100
img_0042,L1_随便给,130,200,1,0,0,"{""count"": 200}"
img_0041,L1_随便给,960,5000,1,0,0,"{""count"": 5000}"
img_0042,L7_不确定就0,130,0,1,1,0,"{""count"": 0}"
img_0042,L4_中性,130,30,1,0,0,"{""count"": 30}"
img_0044,L2_只给数字,169,100,1,0,0,100
img_0042,L3_可近似,130,200,1,0,0,"{""count"": 200}"
img_0042,L6_只算清晰,130,15,1,0,0,"{""count"": 15}"
img_0041,L5_逐一点数,960,,0,0,1,"{""count"": ""无法准确计数""}"
img_0043,L1_随便给,155,200,1,0,0,"{""count"": 200}"
img_0043,L4_中性,155,100,1,0,0,"{""count"": 100}"
img_0044,L7_不确定就0,169,0,1,1,0,"{""count"": 0}"
img_0044,L6_只算清晰,169,0,1,1,0,"{""count"": 0}"
img_0044,L1_随便给,169,200,1,0,0,"{""count"": 200}"
img_0043,L3_可近似,155,200,1,0,0,"{""count"": 200}"
img_0043,L5_逐一点数,155,100,1,0,0,"{""count"": 100}"
img_0044,L3_可近似,169,150,1,0,0,"{""count"": 150}"
img_0044,L4_中性,169,100,1,0,0,"{""count"": 100}"
img_0043,L6_只算清晰,155,100,1,0,0,"{""count"": 100}"
img_0044,L5_逐一点数,169,100,1,0,0,"{""count"": 100}"
img_0045,L2_只给数字,153,100,1,0,0,100
img_0043,L7_不确定就0,155,0,1,1,0,"{""count"": 0}"
img_0046,L2_只给数字,177,150,1,0,0,150
img_0045,L1_随便给,153,200,1,0,0,"{""count"": 200}"
img_0045,L6_只算清晰,153,10,1,0,0,"{""count"": 10}"
img_0047,L2_只给数字,100,45,1,0,0,45
img_0045,L4_中性,153,100,1,0,0,"{""count"": 100}"
img_0045,L5_逐一点数,153,0,1,1,0,"{""count"": 0}"
img_0045,L7_不确定就0,153,0,1,1,0,"{""count"": 0}"
img_0045,L3_可近似,153,200,1,0,0,"{""count"": 200}"
img_0046,L1_随便给,177,300,1,0,0,"{""count"": 300}"
img_0046,L3_可近似,177,300,1,0,0,"{""count"": 300}"
img_0047,L7_不确定就0,100,0,1,1,0,"{""count"": 0}"
img_0046,L7_不确定就0,177,0,1,1,0,"{""count"": 0}"
img_0047,L5_逐一点数,100,30,1,0,0,"{""count"": 30}"
img_0047,L4_中性,100,50,1,0,0,"{""count"": 50}"
img_0046,L5_逐一点数,177,150,1,0,0,"{""count"": 150}"
img_0047,L6_只算清晰,100,35,1,0,0,"{""count"": 35}"
img_0046,L4_中性,177,150,1,0,0,"{""count"": 150}"
img_0047,L1_随便给,100,100,1,0,0,"{""count"": 100}"
img_0046,L6_只算清晰,177,150,1,0,0,"{""count"": 150}"
img_0047,L3_可近似,100,100,1,0,0,"{""count"": 100}"
img_0048,L4_中性,1211,0,1,1,0,"{""count"": 0}"
img_0048,L2_只给数字,1211,9999,1,0,0,9999
img_0048,L5_逐一点数,1211,0,1,1,0,"{""count"": 0}"
img_0049,L2_只给数字,2494,9999,1,0,0,9999
img_0048,L7_不确定就0,1211,0,1,1,0,"{""count"": 0}"
img_0048,L6_只算清晰,1211,0,1,1,0,"{""count"": 0}"
img_0050,L2_只给数字,425,1000,1,0,0,1000
img_0049,L7_不确定就0,2494,0,1,1,0,"{""count"": 0}"
img_0048,L3_可近似,1211,5000,1,0,0,"{""count"": 5000}"
img_0049,L4_中性,2494,0,1,1,0,"{""count"": 0}"
img_0049,L6_只算清晰,2494,0,1,1,0,"{""count"": 0}"
img_0051,L2_只给数字,187,150,1,0,0,150
img_0048,L1_随便给,1211,10000,1,0,0,"{""count"": 10000}"
img_0050,L6_只算清晰,425,0,1,1,0,"{""count"": 0}"
img_0049,L5_逐一点数,2494,,0,0,1,"{""count"": ""无法精确计数""}"
img_0050,L5_逐一点数,425,0,1,1,0,"{""count"": 0}"
img_0050,L1_随便给,425,500,1,0,0,"{""count"": 500}"
img_0049,L3_可近似,2494,10000,1,0,0,"{""count"": 10000}"
img_0051,L7_不确定就0,187,0,1,1,0,"{""count"": 0}"
img_0049,L1_随便给,2494,50000,1,0,0,"{""count"": 50000}"
img_0050,L7_不确定就0,425,0,1,1,0,"{""count"": 0}"
img_0052,L2_只给数字,139,100,1,0,0,100
img_0050,L4_中性,425,300,1,0,0,"{""count"": 300}"
img_0050,L3_可近似,425,500,1,0,0,"{""count"": 500}"
img_0051,L4_中性,187,150,1,0,0,"{""count"": 150}"
img_0051,L1_随便给,187,300,1,0,0,"{""count"": 300}"
img_0051,L3_可近似,187,250,1,0,0,"{""count"": 250}"
img_0051,L5_逐一点数,187,100,1,0,0,"{""count"": 100}"
img_0051,L6_只算清晰,187,100,1,0,0,"{""count"": 100}"
img_0052,L4_中性,139,0,1,1,0,"{""count"": 0}"
img_0052,L7_不确定就0,139,0,1,1,0,"{""count"": 0}"
img_0054,L2_只给数字,597,999,1,0,0,999
img_0053,L2_只给数字,954,10000,1,0,0,10000
img_0052,L5_逐一点数,139,0,1,1,0,"{""count"": 0}"
img_0052,L1_随便给,139,300,1,0,0,"{""count"": 300}"
img_0053,L6_只算清晰,954,0,1,1,0,"{""count"": 0}"
img_0052,L3_可近似,139,200,1,0,0,"{""count"": 200}"
img_0052,L6_只算清晰,139,0,1,1,0,"{""count"": 0}"
img_0053,L5_逐一点数,954,0,1,1,0,"{""count"": 0}"
img_0054,L6_只算清晰,597,0,1,1,0,"{""count"": 0}"
img_0054,L4_中性,597,0,1,1,0,"{""count"": 0}"
img_0054,L1_随便给,597,5000,1,0,0,"{""count"": 5000}"
img_0054,L7_不确定就0,597,0,1,1,0,"{""count"": 0}"
img_0053,L7_不确定就0,954,0,1,1,0,"{""count"": 0}"
img_0053,L4_中性,954,0,1,1,0,"{""count"": 0}"
img_0053,L1_随便给,954,5000,1,0,0,"{""count"": 5000}"
img_0053,L3_可近似,954,3000,1,0,0,"{""count"": 3000}"
img_0054,L3_可近似,597,5000,1,0,0,"{""count"": 5000}"
img_0054,L5_逐一点数,597,0,1,1,0,"{""count"": 0}"
img_0055,L2_只给数字,361,999,1,0,0,999
img_0058,L2_只给数字,4535,10000,1,0,0,10000
img_0058,L5_逐一点数,4535,0,1,1,0,"{""count"": 0}"
img_0057,L2_只给数字,687,999,1,0,0,999
img_0056,L2_只给数字,194,100,1,0,0,100
img_0058,L6_只算清晰,4535,0,1,1,0,"{""count"": 0}"
img_0055,L7_不确定就0,361,0,1,1,0,"{""count"": 0}"
img_0058,L7_不确定就0,4535,0,1,1,0,"{""count"": 0}"
img_0055,L5_逐一点数,361,0,1,1,0,"{""count"": 0}"
img_0058,L4_中性,4535,0,1,1,0,"{""count"": 0}"
img_0058,L3_可近似,4535,15000,1,0,0,"{""count"": 15000}"
img_0055,L4_中性,361,100,1,0,0,"{""count"": 100}"
img_0055,L6_只算清晰,361,100,1,0,0,"{""count"": 100}"
img_0056,L7_不确定就0,194,0,1,1,0,"{""count"": 0}"
img_0057,L7_不确定就0,687,0,1,1,0,"{""count"": 0}"
img_0055,L3_可近似,361,1500,1,0,0,"{""count"": 1500}"
img_0056,L5_逐一点数,194,0,1,1,0,"{""count"": 0}"
img_0058,L1_随便给,4535,50000,1,0,0,"{""count"": 50000}"
img_0055,L1_随便给,361,2000,1,0,0,"{""count"": 2000}"
img_0057,L6_只算清晰,687,0,1,1,0,"{""count"": 0}"
img_0056,L3_可近似,194,500,1,0,0,"{""count"": 500}"
img_0056,L6_只算清晰,194,100,1,0,0,"{""count"": 100}"
img_0056,L1_随便给,194,500,1,0,0,"{""count"": 500}"
img_0057,L5_逐一点数,687,1000,1,0,0,"{""count"": 1000}"
img_0056,L4_中性,194,100,1,0,0,"{""count"": 100}"
img_0057,L4_中性,687,1000,1,0,0,"{""count"": 1000}"
img_0059,L2_只给数字,452,1000,1,0,0,1000
img_0059,L4_中性,452,0,1,1,0,"{""count"": 0}"
img_0057,L3_可近似,687,5000,1,0,0,"{""count"": 5000}"
img_0059,L6_只算清晰,452,0,1,1,0,"{""count"": 0}"
img_0059,L5_逐一点数,452,0,1,1,0,"{""count"": 0}"
img_0057,L1_随便给,687,5000,1,0,0,"{""count"": 5000}"
img_0060,L2_只给数字,227,100,1,0,0,100
img_0060,L7_不确定就0,227,0,1,1,0,"{""count"": 0}"
img_0060,L4_中性,227,30,1,0,0,"{""count"": 30}"
img_0059,L3_可近似,452,1500,1,0,0,"{""count"": 1500}"
img_0060,L6_只算清晰,227,25,1,0,0,"{""count"": 25}"
img_0060,L1_随便给,227,200,1,0,0,"{""count"": 200}"
img_0059,L7_不确定就0,452,0,1,1,0,"{""count"": 0}"
img_0059,L1_随便给,452,1500,1,0,0,"{""count"": 1500}"
img_0060,L3_可近似,227,200,1,0,0,"{""count"": 200}"
img_0060,L5_逐一点数,227,100,1,0,0,"{""count"": 100}"
img_0061,L2_只给数字,236,100,1,0,0,100
img_0061,L3_可近似,236,500,1,0,0,"{""count"": 500}"
img_0063,L2_只给数字,1149,1000,1,0,0,1000
img_0064,L2_只给数字,1357,1000,1,0,0,1000
img_0061,L1_随便给,236,300,1,0,0,"{""count"": 300}"
img_0062,L2_只给数字,2638,10000,1,0,0,10000
img_0063,L5_逐一点数,1149,0,1,1,0,"{""count"": 0}"
img_0062,L4_中性,2638,0,1,1,0,"{""count"": 0}"
img_0064,L7_不确定就0,1357,0,1,1,0,"{""count"": 0}"
img_0065,L2_只给数字,490,0,1,1,0,0
img_0063,L4_中性,1149,0,1,1,0,"{""count"": 0}"
img_0063,L7_不确定就0,1149,0,1,1,0,"{""count"": 0}"
img_0062,L6_只算清晰,2638,0,1,1,0,"{""count"": 0}"
img_0064,L5_逐一点数,1357,0,1,1,0,"{""count"": 0}"
img_0064,L4_中性,1357,1000,1,0,0,"{""count"": 1000}"
img_0061,L5_逐一点数,236,0,1,1,0,"{""count"": 0}"
img_0061,L7_不确定就0,236,0,1,1,0,"{""count"": 0}"
img_0062,L7_不确定就0,2638,0,1,1,0,"{""count"": 0}"
img_0063,L6_只算清晰,1149,0,1,1,0,"{""count"": 0}"
img_0061,L6_只算清晰,236,0,1,1,0,"{""count"": 0}"
img_0062,L3_可近似,2638,10000,1,0,0,"{""count"": 10000}"
img_0064,L6_只算清晰,1357,10,1,0,0,"{""count"": 10}"
img_0063,L1_随便给,1149,5000,1,0,0,"{""count"": 5000}"
img_0064,L1_随便给,1357,50000,1,0,0,"{""count"": 50000}"
img_0062,L5_逐一点数,2638,,0,0,1,"{""count"": ""无法精确计数""}"
img_0063,L3_可近似,1149,1000,1,0,0,"{""count"": 1000}"
img_0062,L1_随便给,2638,10000,1,0,0,"{""count"": 10000}"
img_0061,L4_中性,236,100,1,0,0,"{""count"": 100}"
img_0064,L3_可近似,1357,10000,1,0,0,"{""count"": 10000}"
img_0065,L4_中性,490,0,1,1,0,"{""count"": 0}"
img_0065,L5_逐一点数,490,0,1,1,0,"{""count"": 0}"
img_0065,L6_只算清晰,490,0,1,1,0,"{""count"": 0}"
img_0065,L1_随便给,490,5000,1,0,0,"{""count"": 5000}"
img_0065,L3_可近似,490,5000,1,0,0,"{""count"": 5000}"
img_0065,L7_不确定就0,490,0,1,1,0,"{""count"": 0}"
img_0066,L6_只算清晰,2980,0,1,1,0,"{""count"": 0}"
img_0066,L4_中性,2980,0,1,1,0,"{""count"": 0}"
img_0066,L5_逐一点数,2980,0,1,1,0,"{""count"": 0}"
img_0068,L2_只给数字,363,300,1,0,0,300
img_0066,L7_不确定就0,2980,0,1,1,0,"{""count"": 0}"
img_0067,L2_只给数字,255,150,1,0,0,150
img_0066,L1_随便给,2980,5000,1,0,0,"{""count"": 5000}"
img_0066,L3_可近似,2980,5000,1,0,0,"{""count"": 5000}"
img_0069,L2_只给数字,547,1000,1,0,0,1000
img_0067,L1_随便给,255,300,1,0,0,"{""count"": 300}"
img_0068,L7_不确定就0,363,0,1,1,0,"{""count"": 0}"
img_0067,L3_可近似,255,300,1,0,0,"{""count"": 300}"
img_0068,L5_逐一点数,363,0,1,1,0,"{""count"": 0}"
img_0067,L7_不确定就0,255,0,1,1,0,"{""count"": 0}"
img_0067,L4_中性,255,150,1,0,0,"{""count"": 150}"
img_0068,L1_随便给,363,500,1,0,0,"{""count"": 500}"
img_0068,L3_可近似,363,500,1,0,0,"{""count"": 500}"
img_0068,L6_只算清晰,363,10,1,0,0,"{""count"": 10}"
img_0069,L5_逐一点数,547,0,1,1,0,"{""count"": 0}"
img_0068,L4_中性,363,100,1,0,0,"{""count"": 100}"
img_0070,L2_只给数字,233,200,1,0,0,200
img_0067,L5_逐一点数,255,100,1,0,0,"{""count"": 100}"
img_0067,L6_只算清晰,255,100,1,0,0,"{""count"": 100}"
img_0071,L2_只给数字,1236,10000,1,0,0,10000
img_0069,L3_可近似,547,500,1,0,0,"{""count"": 500}"
img_0069,L7_不确定就0,547,0,1,1,0,"{""count"": 0}"
img_0070,L7_不确定就0,233,0,1,1,0,"{""count"": 0}"
img_0070,L6_只算清晰,233,0,1,1,0,"{""count"": 0}"
img_0069,L1_随便给,547,500,1,0,0,"{""count"": 500}"
img_0069,L6_只算清晰,547,100,1,0,0,"{""count"": 100}"
img_0071,L4_中性,1236,0,1,1,0,"{""count"": 0}"
img_0070,L4_中性,233,250,1,0,0,"{""count"": 250}"
img_0070,L5_逐一点数,233,250,1,0,0,"{""count"": 250}"
img_0071,L5_逐一点数,1236,0,1,1,0,"{""count"": 0}"
img_0069,L4_中性,547,100,1,0,0,"{""count"": 100}"
img_0070,L1_随便给,233,250,1,0,0,"{""count"": 250}"
img_0070,L3_可近似,233,250,1,0,0,"{""count"": 250}"
img_0071,L1_随便给,1236,5000,1,0,0,"{""count"": 5000}"
img_0071,L3_可近似,1236,5000,1,0,0,"{""count"": 5000}"
img_0072,L2_只给数字,241,999,1,0,0,999
img_0073,L2_只给数字,481,999,1,0,0,999
img_0072,L5_逐一点数,241,0,1,1,0,"{""count"": 0}"
img_0072,L6_只算清晰,241,0,1,1,0,"{""count"": 0}"
img_0072,L4_中性,241,0,1,1,0,"{""count"": 0}"
img_0072,L7_不确定就0,241,0,1,1,0,"{""count"": 0}"
img_0072,L1_随便给,241,1500,1,0,0,"{""count"": 1500}"
img_0072,L3_可近似,241,1500,1,0,0,"{""count"": 1500}"
img_0073,L5_逐一点数,481,0,1,1,0,"{""count"": 0}"
img_0071,L6_只算清晰,1236,0,1,1,0,"{""count"": 0}"
img_0073,L6_只算清晰,481,0,1,1,0,"{""count"": 0}"
img_0071,L7_不确定就0,1236,0,1,1,0,"{""count"": 0}"
img_0073,L4_中性,481,0,1,1,0,"{""count"": 0}"
img_0075,L2_只给数字,253,100,1,0,0,100
img_0073,L7_不确定就0,481,0,1,1,0,"{""count"": 0}"
img_0073,L1_随便给,481,2000,1,0,0,"{""count"": 2000}"
img_0074,L2_只给数字,704,1000,1,0,0,1000
img_0073,L3_可近似,481,1500,1,0,0,"{""count"": 1500}"
img_0076,L2_只给数字,489,1000,1,0,0,1000
img_0075,L5_逐一点数,253,0,1,1,0,"{""count"": 0}"
img_0074,L7_不确定就0,704,0,1,1,0,"{""count"": 0}"
img_0075,L7_不确定就0,253,0,1,1,0,"{""count"": 0}"
img_0076,L1_随便给,489,5000,1,0,0,"{""count"": 5000}"
img_0074,L5_逐一点数,704,0,1,1,0,"{""count"": 0}"
img_0074,L6_只算清晰,704,0,1,1,0,"{""count"": 0}"
img_0074,L4_中性,704,0,1,1,0,"{""count"": 0}"
img_0075,L4_中性,253,100,1,0,0,"{""count"": 100}"
img_0075,L3_可近似,253,500,1,0,0,"{""count"": 500}"
img_0074,L3_可近似,704,1500,1,0,0,"{""count"": 1500}"
img_0075,L6_只算清晰,253,100,1,0,0,"{""count"": 100}"
img_0075,L1_随便给,253,500,1,0,0,"{""count"": 500}"
img_0076,L3_可近似,489,2000,1,0,0,"{""count"": 2000}"
img_0074,L1_随便给,704,1500,1,0,0,"{""count"": 1500}"
img_0076,L6_只算清晰,489,0,1,1,0,"{""count"": 0}"
img_0076,L7_不确定就0,489,0,1,1,0,"{""count"": 0}"
img_0076,L4_中性,489,0,1,1,0,"{""count"": 0}"
img_0076,L5_逐一点数,489,0,1,1,0,"{""count"": 0}"
img_0077,L2_只给数字,203,150,1,0,0,150
img_0080,L2_只给数字,347,1000,1,0,0,1000
img_0081,L2_只给数字,121,100,1,0,0,100
img_0080,L4_中性,347,0,1,1,0,"{""count"": 0}"
img_0077,L7_不确定就0,203,0,1,1,0,"{""count"": 0}"
img_0066,L2_只给数字,2980,1,1,0,1,无法精确统计图中的人数，因为人群密集且部分人物被遮挡或重叠。但根据图像内容，可以估算：  - 水面上有大量小船（皮划艇、独木舟、小艇等），每艘船通常载1-4人，
img_0080,L6_只算清晰,347,0,1,1,0,"{""count"": 0}"
img_0080,L5_逐一点数,347,0,1,1,0,"{""count"": 0}"
img_0080,L3_可近似,347,800,1,0,0,"{""count"": 800}"
img_0078,L2_只给数字,1116,999,1,0,0,999
img_0080,L7_不确定就0,347,0,1,1,0,"{""count"": 0}"
img_0077,L3_可近似,203,300,1,0,0,"{""count"": 300}"
img_0077,L1_随便给,203,300,1,0,0,"{""count"": 300}"
img_0080,L1_随便给,347,500,1,0,0,"{""count"": 500}"
img_0077,L6_只算清晰,203,123,1,0,0,"{""count"": 123}"
img_0077,L4_中性,203,150,1,0,0,"{""count"": 150}"
img_0081,L1_随便给,121,200,1,0,0,"{""count"": 200}"
img_0077,L5_逐一点数,203,150,1,0,0,"{""count"": 150}"
img_0078,L4_中性,1116,0,1,1,0,"{""count"": 0}"
img_0081,L3_可近似,121,150,1,0,0,"{""count"": 150}"
img_0079,L7_不确定就0,1974,0,1,1,0,"{""count"": 0}"
img_0078,L6_只算清晰,1116,0,1,1,0,"{""count"": 0}"
img_0078,L5_逐一点数,1116,0,1,1,0,"{""count"": 0}"
img_0078,L3_可近似,1116,5000,1,0,0,"{""count"": 5000}"
img_0078,L7_不确定就0,1116,0,1,1,0,"{""count"": 0}"
img_0079,L4_中性,1974,0,1,1,0,"{""count"": 0}"
img_0079,L2_只给数字,1974,10000,1,0,0,10000
img_0079,L5_逐一点数,1974,0,1,1,0,"{""count"": 0}"
img_0078,L1_随便给,1116,5000,1,0,0,"{""count"": 5000}"
img_0079,L6_只算清晰,1974,0,1,1,0,"{""count"": 0}"
img_0081,L7_不确定就0,121,0,1,1,0,"{""count"": 0}"
img_0081,L5_逐一点数,121,0,1,1,0,"{""count"": 0}"
img_0083,L2_只给数字,693,999,1,0,0,999
img_0081,L6_只算清晰,121,25,1,0,0,"{""count"": 25}"
img_0082,L2_只给数字,337,1000,1,0,0,1000
img_0079,L3_可近似,1974,5000,1,0,0,"{""count"": 5000}"
img_0081,L4_中性,121,50,1,0,0,"{""count"": 50}"
img_0082,L4_中性,337,0,1,1,0,"{""count"": 0}"
img_0079,L1_随便给,1974,5000,1,0,0,"{""count"": 5000}"
img_0082,L5_逐一点数,337,0,1,1,0,"{""count"": 0}"
img_0083,L4_中性,693,0,1,1,0,"{""count"": 0}"
img_0084,L2_只给数字,322,1000,1,0,0,1000
img_0083,L7_不确定就0,693,0,1,1,0,"{""count"": 0}"
img_0083,L6_只算清晰,693,0,1,1,0,"{""count"": 0}"
img_0082,L7_不确定就0,337,0,1,1,0,"{""count"": 0}"
img_0082,L1_随便给,337,5000,1,0,0,"{""count"": 5000}"
img_0082,L3_可近似,337,1000,1,0,0,"{""count"": 1000}"
img_0082,L6_只算清晰,337,10,1,0,0,"{""count"": 10}"
img_0083,L5_逐一点数,693,0,1,1,0,"{""count"": 0}"
img_0085,L2_只给数字,283,200,1,0,0,200
img_0086,L2_只给数字,176,150,1,0,0,150
img_0083,L3_可近似,693,1000,1,0,0,"{""count"": 1000}"
img_0084,L4_中性,322,0,1,1,0,"{""count"": 0}"
img_0083,L1_随便给,693,1000,1,0,0,"{""count"": 1000}"
img_0084,L7_不确定就0,322,0,1,1,0,"{""count"": 0}"
img_0084,L5_逐一点数,322,0,1,1,0,"{""count"": 0}"
img_0084,L6_只算清晰,322,0,1,1,0,"{""count"": 0}"
img_0084,L1_随便给,322,500,1,0,0,"{""count"": 500}"
img_0085,L7_不确定就0,283,0,1,1,0,"{""count"": 0}"
img_0084,L3_可近似,322,500,1,0,0,"{""count"": 500}"
img_0085,L3_可近似,283,300,1,0,0,"{""count"": 300}"
img_0085,L1_随便给,283,300,1,0,0,"{""count"": 300}"
img_0085,L5_逐一点数,283,250,1,0,0,"{""count"": 250}"
img_0086,L7_不确定就0,176,0,1,1,0,"{""count"": 0}"
img_0085,L6_只算清晰,283,250,1,0,0,"{""count"": 250}"
img_0086,L1_随便给,176,250,1,0,0,"{""count"": 250}"
img_0086,L6_只算清晰,176,100,1,0,0,"{""count"": 100}"
img_0086,L4_中性,176,150,1,0,0,"{""count"": 150}"
img_0086,L5_逐一点数,176,150,1,0,0,"{""count"": 150}"
img_0086,L3_可近似,176,250,1,0,0,"{""count"": 250}"
img_0085,L4_中性,283,256,1,0,0,"{""count"": 256}"
img_0087,L1_随便给,626,500,1,0,0,"{""count"": 500}"
img_0087,L3_可近似,626,500,1,0,0,"{""count"": 500}"
img_0087,L7_不确定就0,626,0,1,1,0,"{""count"": 0}"
img_0087,L5_逐一点数,626,0,1,1,0,"{""count"": 0}"
img_0087,L2_只给数字,626,1000,1,0,0,1000
img_0087,L6_只算清晰,626,0,1,1,0,"{""count"": 0}"
img_0088,L2_只给数字,197,999,1,0,0,999
img_0088,L6_只算清晰,197,0,1,1,0,"{""count"": 0}"
img_0087,L4_中性,626,0,1,1,0,"{""count"": 0}"
img_0088,L4_中性,197,0,1,1,0,"{""count"": 0}"
img_0091,L2_只给数字,636,1000,1,0,0,1000
img_0088,L7_不确定就0,197,0,1,1,0,"{""count"": 0}"
img_0088,L1_随便给,197,500,1,0,0,"{""count"": 500}"
img_0088,L5_逐一点数,197,0,1,1,0,"{""count"": 0}"
img_0091,L5_逐一点数,636,0,1,1,0,"{""count"": 0}"
img_0088,L3_可近似,197,500,1,0,0,"{""count"": 500}"
img_0091,L4_中性,636,300,1,0,0,"{""count"": 300}"
img_0091,L6_只算清晰,636,0,1,1,0,"{""count"": 0}"
img_0091,L7_不确定就0,636,0,1,1,0,"{""count"": 0}"
img_0089,L4_中性,1557,0,1,1,0,"{""count"": 0}"
img_0089,L7_不确定就0,1557,0,1,1,0,"{""count"": 0}"
img_0089,L6_只算清晰,1557,0,1,1,0,"{""count"": 0}"
img_0089,L1_随便给,1557,10000,1,0,0,"{""count"": 10000}"
img_0090,L2_只给数字,792,999,1,0,0,999
img_0090,L5_逐一点数,792,0,1,1,0,"{""count"": 0}"
img_0091,L3_可近似,636,1000,1,0,0,"{""count"": 1000}"
img_0089,L2_只给数字,1557,10000,1,0,0,10000
img_0091,L1_随便给,636,1500,1,0,0,"{""count"": 1500}"
img_0090,L4_中性,792,0,1,1,0,"{""count"": 0}"
img_0092,L2_只给数字,645,1000,1,0,0,1000
img_0089,L5_逐一点数,1557,0,1,1,0,"{""count"": 0}"
img_0090,L7_不确定就0,792,0,1,1,0,"{""count"": 0}"
img_0090,L6_只算清晰,792,0,1,1,0,"{""count"": 0}"
img_0092,L4_中性,645,0,1,1,0,"{""count"": 0}"
img_0092,L5_逐一点数,645,0,1,1,0,"{""count"": 0}"
img_0090,L3_可近似,792,2000,1,0,0,"{""count"": 2000}"
img_0089,L3_可近似,1557,5000,1,0,0,"{""count"": 5000}"
img_0093,L2_只给数字,1929,10000,1,0,0,10000
img_0094,L2_只给数字,146,100,1,0,0,100
img_0092,L7_不确定就0,645,0,1,1,0,"{""count"": 0}"
img_0090,L1_随便给,792,5000,1,0,0,"{""count"": 5000}"
img_0092,L6_只算清晰,645,100,1,0,0,"{""count"": 100}"
img_0093,L4_中性,1929,0,1,1,0,"{""count"": 0}"
img_0093,L7_不确定就0,1929,0,1,1,0,"{""count"": 0}"
img_0092,L3_可近似,645,1500,1,0,0,"{""count"": 1500}"
img_0095,L2_只给数字,370,1000,1,0,0,1000
img_0092,L1_随便给,645,1500,1,0,0,"{""count"": 1500}"
img_0093,L6_只算清晰,1929,0,1,1,0,"{""count"": 0}"
img_0094,L6_只算清晰,146,0,1,1,0,"{""count"": 0}"
img_0094,L7_不确定就0,146,0,1,1,0,"{""count"": 0}"
img_0093,L1_随便给,1929,50000,1,0,0,"{""count"": 50000}"
img_0094,L1_随便给,146,200,1,0,0,"{""count"": 200}"
img_0093,L3_可近似,1929,10000,1,0,0,"{""count"": 10000}"
img_0094,L4_中性,146,150,1,0,0,"{""count"": 150}"
img_0096,L2_只给数字,107,87,1,0,0,87
img_0094,L5_逐一点数,146,100,1,0,0,"{""count"": 100}"
img_0093,L5_逐一点数,1929,,0,0,1,"{""count"": ""无法精确计数""}"
img_0094,L3_可近似,146,250,1,0,0,"{""count"": 250}"
img_0095,L1_随便给,370,500,1,0,0,"{""count"": 500}"
img_0095,L5_逐一点数,370,0,1,1,0,"{""count"": 0}"
img_0095,L4_中性,370,100,1,0,0,"{""count"": 100}"
img_0095,L3_可近似,370,500,1,0,0,"{""count"": 500}"
img_0095,L7_不确定就0,370,0,1,1,0,"{""count"": 0}"
img_0095,L6_只算清晰,370,100,1,0,0,"{""count"": 100}"
img_0097,L2_只给数字,431,1000,1,0,0,1000
img_0098,L2_只给数字,249,100,1,0,0,100
img_0096,L4_中性,107,78,1,0,0,"{""count"": 78}"
img_0099,L2_只给数字,304,100,1,0,0,100
img_0097,L7_不确定就0,431,0,1,1,0,"{""count"": 0}"
img_0096,L1_随便给,107,150,1,0,0,"{""count"": 150}"
img_0096,L5_逐一点数,107,78,1,0,0,"{""count"": 78}"
img_0096,L7_不确定就0,107,0,1,1,0,"{""count"": 0}"
img_0097,L6_只算清晰,431,0,1,1,0,"{""count"": 0}"
img_0096,L6_只算清晰,107,72,1,0,0,"{""count"": 72}"
img_0096,L3_可近似,107,100,1,0,0,"{""count"": 100}"
img_0097,L5_逐一点数,431,0,1,1,0,"{""count"": 0}"
img_0097,L4_中性,431,100,1,0,0,"{""count"": 100}"
img_0098,L6_只算清晰,249,0,1,1,0,"{""count"": 0}"
img_0098,L7_不确定就0,249,0,1,1,0,"{""count"": 0}"
img_0098,L5_逐一点数,249,0,1,1,0,"{""count"": 0}"
img_0099,L6_只算清晰,304,0,1,1,0,"{""count"": 0}"
img_0097,L3_可近似,431,5000,1,0,0,"{""count"": 5000}"
img_0097,L1_随便给,431,5000,1,0,0,"{""count"": 5000}"
img_0099,L5_逐一点数,304,0,1,1,0,"{""count"": 0}"
img_0099,L7_不确定就0,304,0,1,1,0,"{""count"": 0}"
img_0100,L2_只给数字,232,1000,1,0,0,1000
img_0098,L1_随便给,249,500,1,0,0,"{""count"": 500}"
img_0099,L4_中性,304,100,1,0,0,"{""count"": 100}"
img_0099,L1_随便给,304,500,1,0,0,"{""count"": 500}"
img_0098,L3_可近似,249,500,1,0,0,"{""count"": 500}"
img_0098,L4_中性,249,100,1,0,0,"{""count"": 100}"
img_0099,L3_可近似,304,300,1,0,0,"{""count"": 300}"
img_0100,L1_随便给,232,300,1,0,0,"{""count"": 300}"
img_0102,L2_只给数字,264,999,1,0,0,999
img_0101,L2_只给数字,175,100,1,0,0,100
img_0100,L5_逐一点数,232,0,1,1,0,"{""count"": 0}"
img_0100,L7_不确定就0,232,0,1,1,0,"{""count"": 0}"
img_0100,L6_只算清晰,232,0,1,1,0,"{""count"": 0}"
img_0100,L4_中性,232,100,1,0,0,"{""count"": 100}"
img_0103,L2_只给数字,505,1000,1,0,0,1000
img_0100,L3_可近似,232,300,1,0,0,"{""count"": 300}"
img_0101,L5_逐一点数,175,0,1,1,0,"{""count"": 0}"
img_0102,L4_中性,264,0,1,1,0,"{""count"": 0}"
img_0101,L7_不确定就0,175,0,1,1,0,"{""count"": 0}"
img_0102,L7_不确定就0,264,0,1,1,0,"{""count"": 0}"
img_0102,L5_逐一点数,264,0,1,1,0,"{""count"": 0}"
img_0101,L6_只算清晰,175,10,1,0,0,"{""count"": 10}"
img_0102,L6_只算清晰,264,0,1,1,0,"{""count"": 0}"
img_0103,L4_中性,505,0,1,1,0,"{""count"": 0}"
img_0104,L2_只给数字,1387,9999,1,0,0,9999
img_0101,L1_随便给,175,200,1,0,0,"{""count"": 200}"
img_0103,L6_只算清晰,505,0,1,1,0,"{""count"": 0}"
img_0101,L3_可近似,175,200,1,0,0,"{""count"": 200}"
img_0101,L4_中性,175,100,1,0,0,"{""count"": 100}"
img_0102,L1_随便给,264,2000,1,0,0,"{""count"": 2000}"
img_0103,L5_逐一点数,505,0,1,1,0,"{""count"": 0}"
img_0104,L4_中性,1387,0,1,1,0,"{""count"": 0}"
img_0103,L7_不确定就0,505,0,1,1,0,"{""count"": 0}"
img_0102,L3_可近似,264,1500,1,0,0,"{""count"": 1500}"
img_0104,L5_逐一点数,1387,0,1,1,0,"{""count"": 0}"
img_0103,L3_可近似,505,2000,1,0,0,"{""count"": 2000}"
img_0103,L1_随便给,505,5000,1,0,0,"{""count"": 5000}"
img_0104,L7_不确定就0,1387,0,1,1,0,"{""count"": 0}"
img_0104,L6_只算清晰,1387,0,1,1,0,"{""count"": 0}"
img_0104,L3_可近似,1387,5000,1,0,0,"{""count"": 5000}"
img_0104,L1_随便给,1387,10000,1,0,0,"{""count"": 10000}"
img_0105,L2_只给数字,166,100,1,0,0,100
img_0109,L2_只给数字,441,100,1,0,0,100
img_0106,L2_只给数字,1443,10000,1,0,0,10000
img_0106,L5_逐一点数,1443,0,1,1,0,"{""count"": 0}"
img_0108,L2_只给数字,188,100,1,0,0,100
img_0106,L7_不确定就0,1443,0,1,1,0,"{""count"": 0}"
img_0106,L6_只算清晰,1443,0,1,1,0,"{""count"": 0}"
img_0106,L4_中性,1443,0,1,1,0,"{""count"": 0}"
img_0105,L3_可近似,166,150,1,0,0,"{""count"": 150}"
img_0107,L2_只给数字,335,1000,1,0,0,1000
img_0105,L7_不确定就0,166,0,1,1,0,"{""count"": 0}"
img_0105,L6_只算清晰,166,78,1,0,0,"{""count"": 78}"
img_0108,L7_不确定就0,188,0,1,1,0,"{""count"": 0}"
img_0105,L1_随便给,166,150,1,0,0,"{""count"": 150}"
img_0108,L6_只算清晰,188,0,1,1,0,"{""count"": 0}"
img_0109,L1_随便给,441,500,1,0,0,"{""count"": 500}"
img_0106,L3_可近似,1443,5000,1,0,0,"{""count"": 5000}"
img_0105,L5_逐一点数,166,100,1,0,0,"{""count"": 100}"
img_0106,L1_随便给,1443,5000,1,0,0,"{""count"": 5000}"
img_0108,L5_逐一点数,188,0,1,1,0,"{""count"": 0}"
img_0105,L4_中性,166,100,1,0,0,"{""count"": 100}"
img_0108,L3_可近似,188,300,1,0,0,"{""count"": 300}"
img_0108,L4_中性,188,100,1,0,0,"{""count"": 100}"
img_0108,L1_随便给,188,300,1,0,0,"{""count"": 300}"
img_0107,L7_不确定就0,335,0,1,1,0,"{""count"": 0}"
img_0107,L5_逐一点数,335,0,1,1,0,"{""count"": 0}"
img_0107,L6_只算清晰,335,0,1,1,0,"{""count"": 0}"
img_0107,L4_中性,335,300,1,0,0,"{""count"": 300}"
img_0109,L5_逐一点数,441,0,1,1,0,"{""count"": 0}"
img_0109,L4_中性,441,100,1,0,0,"{""count"": 100}"
img_0110,L2_只给数字,460,1000,1,0,0,1000
img_0109,L6_只算清晰,441,10,1,0,0,"{""count"": 10}"
img_0109,L7_不确定就0,441,0,1,1,0,"{""count"": 0}"
img_0109,L3_可近似,441,500,1,0,0,"{""count"": 500}"
img_0107,L1_随便给,335,500,1,0,0,"{""count"": 500}"
img_0107,L3_可近似,335,500,1,0,0,"{""count"": 500}"
img_0111,L2_只给数字,157,100,1,0,0,100
img_0110,L6_只算清晰,460,0,1,1,0,"{""count"": 0}"
img_0111,L7_不确定就0,157,0,1,1,0,"{""count"": 0}"
img_0111,L6_只算清晰,157,0,1,1,0,"{""count"": 0}"
img_0110,L7_不确定就0,460,0,1,1,0,"{""count"": 0}"
img_0111,L5_逐一点数,157,0,1,1,0,"{""count"": 0}"
img_0110,L3_可近似,460,1000,1,0,0,"{""count"": 1000}"
img_0110,L1_随便给,460,1000,1,0,0,"{""count"": 1000}"
img_0110,L4_中性,460,1024,1,0,0,"{""count"": 1024}"
img_0110,L5_逐一点数,460,1000,1,0,0,"{""count"": 1000}"
img_0112,L4_中性,1166,0,1,1,0,"{""count"": 0}"
img_0111,L3_可近似,157,300,1,0,0,"{""count"": 300}"
img_0112,L2_只给数字,1166,10000,1,0,0,10000
img_0111,L1_随便给,157,300,1,0,0,"{""count"": 300}"
img_0111,L4_中性,157,100,1,0,0,"{""count"": 100}"
img_0113,L2_只给数字,1278,10000,1,0,0,10000
img_0113,L4_中性,1278,0,1,1,0,"{""count"": 0}"
img_0112,L7_不确定就0,1166,0,1,1,0,"{""count"": 0}"
img_0113,L5_逐一点数,1278,0,1,1,0,"{""count"": 0}"
img_0112,L6_只算清晰,1166,0,1,1,0,"{""count"": 0}"
img_0114,L2_只给数字,800,999,1,0,0,999
img_0112,L1_随便给,1166,5000,1,0,0,"{""count"": 5000}"
img_0115,L2_只给数字,291,250,1,0,0,250
img_0112,L3_可近似,1166,5000,1,0,0,"{""count"": 5000}"
img_0112,L5_逐一点数,1166,,0,0,1,"{""count"": ""无法精确计数""}"
img_0113,L3_可近似,1278,5000,1,0,0,"{""count"": 5000}"
img_0113,L6_只算清晰,1278,0,1,1,0,"{""count"": 0}"
img_0113,L7_不确定就0,1278,0,1,1,0,"{""count"": 0}"
img_0114,L7_不确定就0,800,0,1,1,0,"{""count"": 0}"
img_0113,L1_随便给,1278,10000,1,0,0,"{""count"": 10000}"
img_0114,L6_只算清晰,800,0,1,1,0,"{""count"": 0}"
img_0116,L2_只给数字,760,9999,1,0,0,9999
img_0114,L5_逐一点数,800,1000,1,0,0,"{""count"": 1000}"
img_0115,L7_不确定就0,291,0,1,1,0,"{""count"": 0}"
img_0114,L1_随便给,800,5000,1,0,0,"{""count"": 5000}"
img_0114,L3_可近似,800,2500,1,0,0,"{""count"": 2500}"
img_0115,L4_中性,291,200,1,0,0,"{""count"": 200}"
img_0116,L6_只算清晰,760,0,1,1,0,"{""count"": 0}"
img_0116,L4_中性,760,0,1,1,0,"{""count"": 0}"
img_0115,L3_可近似,291,250,1,0,0,"{""count"": 250}"
img_0114,L4_中性,800,1000,1,0,0,"{""count"": 1000}"
img_0116,L7_不确定就0,760,0,1,1,0,"{""count"": 0}"
img_0115,L1_随便给,291,200,1,0,0,"{""count"": 200}"
img_0115,L6_只算清晰,291,200,1,0,0,"{""count"": 200}"
img_0116,L1_随便给,760,5000,1,0,0,"{""count"": 5000}"
img_0115,L5_逐一点数,291,200,1,0,0,"{""count"": 200}"
img_0116,L5_逐一点数,760,,0,0,1,"{""count"": ""无法精确计数""}"
img_0116,L3_可近似,760,5000,1,0,0,"{""count"": 5000}"
img_0119,L2_只给数字,723,999,1,0,0,999
img_0117,L2_只给数字,737,1000,1,0,0,1000
img_0121,L2_只给数字,150,100,1,0,0,100
img_0119,L6_只算清晰,723,0,1,1,0,"{""count"": 0}"
img_0119,L4_中性,723,0,1,1,0,"{""count"": 0}"
img_0119,L7_不确定就0,723,0,1,1,0,"{""count"": 0}"
img_0119,L5_逐一点数,723,0,1,1,0,"{""count"": 0}"
img_0120,L2_只给数字,763,500,1,0,0,500
img_0119,L1_随便给,723,5000,1,0,0,"{""count"": 5000}"
img_0119,L3_可近似,723,2000,1,0,0,"{""count"": 2000}"
img_0117,L1_随便给,737,2000,1,0,0,"{""count"": 2000}"
img_0118,L2_只给数字,964,1000,1,0,0,1000
img_0117,L3_可近似,737,2500,1,0,0,"{""count"": 2500}"
img_0121,L3_可近似,150,300,1,0,0,"{""count"": 300}"
img_0121,L1_随便给,150,300,1,0,0,"{""count"": 300}"
img_0121,L4_中性,150,100,1,0,0,"{""count"": 100}"
img_0120,L5_逐一点数,763,0,1,1,0,"{""count"": 0}"
img_0120,L6_只算清晰,763,0,1,1,0,"{""count"": 0}"
img_0120,L4_中性,763,1000,1,0,0,"{""count"": 1000}"
img_0120,L1_随便给,763,1500,1,0,0,"{""count"": 1500}"
img_0120,L7_不确定就0,763,0,1,1,0,"{""count"": 0}"
img_0118,L5_逐一点数,964,0,1,1,0,"{""count"": 0}"
img_0118,L6_只算清晰,964,0,1,1,0,"{""count"": 0}"
img_0118,L7_不确定就0,964,0,1,1,0,"{""count"": 0}"
img_0117,L4_中性,737,1024,1,0,0,"{""count"": 1024}"
img_0120,L3_可近似,763,1500,1,0,0,"{""count"": 1500}"
img_0117,L5_逐一点数,737,0,1,1,0,"{""count"": 0}"
img_0118,L4_中性,964,0,1,1,0,"{""count"": 0}"
img_0122,L2_只给数字,499,1000,1,0,0,1000
img_0121,L7_不确定就0,150,0,1,1,0,"{""count"": 0}"
img_0121,L5_逐一点数,150,0,1,1,0,"{""count"": 0}"
img_0117,L7_不确定就0,737,0,1,1,0,"{""count"": 0}"
img_0117,L6_只算清晰,737,0,1,1,0,"{""count"": 0}"
img_0118,L1_随便给,964,2000,1,0,0,"{""count"": 2000}"
img_0121,L6_只算清晰,150,100,1,0,0,"{""count"": 100}"
img_0123,L2_只给数字,485,200,1,0,0,200
img_0118,L3_可近似,964,2000,1,0,0,"{""count"": 2000}"
img_0122,L6_只算清晰,499,0,1,1,0,"{""count"": 0}"
img_0122,L7_不确定就0,499,0,1,1,0,"{""count"": 0}"
img_0122,L4_中性,499,0,1,1,0,"{""count"": 0}"
img_0122,L5_逐一点数,499,0,1,1,0,"{""count"": 0}"
img_0124,L2_只给数字,757,999,1,0,0,999
img_0122,L3_可近似,499,1500,1,0,0,"{""count"": 1500}"
img_0122,L1_随便给,499,1500,1,0,0,"{""count"": 1500}"
img_0123,L1_随便给,485,500,1,0,0,"{""count"": 500}"
img_0123,L6_只算清晰,485,0,1,1,0,"{""count"": 0}"
img_0123,L7_不确定就0,485,0,1,1,0,"{""count"": 0}"
img_0123,L3_可近似,485,500,1,0,0,"{""count"": 500}"
img_0125,L2_只给数字,1256,10000,1,0,0,10000
img_0123,L5_逐一点数,485,300,1,0,0,"{""count"": 300}"
img_0123,L4_中性,485,300,1,0,0,"{""count"": 300}"
img_0126,L2_只给数字,305,1000,1,0,0,1000
img_0124,L5_逐一点数,757,0,1,1,0,"{""count"": 0}"
img_0124,L7_不确定就0,757,0,1,1,0,"{""count"": 0}"
img_0125,L4_中性,1256,0,1,1,0,"{""count"": 0}"
img_0124,L1_随便给,757,2000,1,0,0,"{""count"": 2000}"
img_0125,L5_逐一点数,1256,0,1,1,0,"{""count"": 0}"
img_0125,L7_不确定就0,1256,0,1,1,0,"{""count"": 0}"
img_0125,L6_只算清晰,1256,0,1,1,0,"{""count"": 0}"
img_0124,L6_只算清晰,757,100,1,0,0,"{""count"": 100}"
img_0124,L4_中性,757,100,1,0,0,"{""count"": 100}"
img_0125,L1_随便给,1256,5000,1,0,0,"{""count"": 5000}"
img_0125,L3_可近似,1256,5000,1,0,0,"{""count"": 5000}"
img_0124,L3_可近似,757,1000,1,0,0,"{""count"": 1000}"
img_0126,L1_随便给,305,500,1,0,0,"{""count"": 500}"
img_0126,L5_逐一点数,305,0,1,1,0,"{""count"": 0}"
img_0126,L4_中性,305,100,1,0,0,"{""count"": 100}"
img_0126,L3_可近似,305,500,1,0,0,"{""count"": 500}"
img_0126,L6_只算清晰,305,100,1,0,0,"{""count"": 100}"
img_0128,L2_只给数字,811,999,1,0,0,999
img_0127,L2_只给数字,408,300,1,0,0,300
img_0128,L7_不确定就0,811,0,1,1,0,"{""count"": 0}"
img_0128,L6_只算清晰,811,0,1,1,0,"{""count"": 0}"
img_0128,L4_中性,811,0,1,1,0,"{""count"": 0}"
img_0128,L5_逐一点数,811,0,1,1,0,"{""count"": 0}"
img_0127,L1_随便给,408,500,1,0,0,"{""count"": 500}"
img_0127,L7_不确定就0,408,0,1,1,0,"{""count"": 0}"
img_0127,L5_逐一点数,408,0,1,1,0,"{""count"": 0}"
img_0126,L7_不确定就0,305,0,1,1,0,"{""count"": 0}"
img_0127,L4_中性,408,300,1,0,0,"{""count"": 300}"
img_0127,L6_只算清晰,408,0,1,1,0,"{""count"": 0}"
img_0127,L3_可近似,408,500,1,0,0,"{""count"": 500}"
img_0130,L2_只给数字,456,1000,1,0,0,1000
img_0128,L1_随便给,811,5000,1,0,0,"{""count"": 5000}"
img_0128,L3_可近似,811,5000,1,0,0,"{""count"": 5000}"
img_0130,L5_逐一点数,456,0,1,1,0,"{""count"": 0}"
img_0129,L2_只给数字,311,1000,1,0,0,1000
img_0130,L3_可近似,456,500,1,0,0,"{""count"": 500}"
img_0129,L4_中性,311,100,1,0,0,"{""count"": 100}"
img_0129,L7_不确定就0,311,0,1,1,0,"{""count"": 0}"
img_0129,L1_随便给,311,500,1,0,0,"{""count"": 500}"
img_0130,L7_不确定就0,456,0,1,1,0,"{""count"": 0}"
img_0130,L4_中性,456,100,1,0,0,"{""count"": 100}"
img_0129,L5_逐一点数,311,0,1,1,0,"{""count"": 0}"
img_0129,L3_可近似,311,500,1,0,0,"{""count"": 500}"
img_0131,L2_只给数字,475,1000,1,0,0,1000
img_0130,L6_只算清晰,456,100,1,0,0,"{""count"": 100}"
img_0129,L6_只算清晰,311,100,1,0,0,"{""count"": 100}"
img_0130,L1_随便给,456,1000,1,0,0,"{""count"": 1000}"
img_0131,L5_逐一点数,475,0,1,1,0,"{""count"": 0}"
img_0132,L2_只给数字,294,1000,1,0,0,1000
img_0133,L2_只给数字,944,999,1,0,0,999
img_0131,L1_随便给,475,1000,1,0,0,"{""count"": 1000}"
img_0131,L7_不确定就0,475,0,1,1,0,"{""count"": 0}"
img_0131,L6_只算清晰,475,10,1,0,0,"{""count"": 10}"
img_0131,L3_可近似,475,1000,1,0,0,"{""count"": 1000}"
img_0131,L4_中性,475,100,1,0,0,"{""count"": 100}"
img_0132,L1_随便给,294,300,1,0,0,"{""count"": 300}"
img_0132,L6_只算清晰,294,0,1,1,0,"{""count"": 0}"
img_0132,L7_不确定就0,294,0,1,1,0,"{""count"": 0}"
img_0132,L4_中性,294,200,1,0,0,"{""count"": 200}"
img_0133,L4_中性,944,0,1,1,0,"{""count"": 0}"
img_0134,L2_只给数字,152,150,1,0,0,150
img_0132,L5_逐一点数,294,200,1,0,0,"{""count"": 200}"
img_0132,L3_可近似,294,300,1,0,0,"{""count"": 300}"
img_0135,L2_只给数字,314,100,1,0,0,100
img_0133,L6_只算清晰,944,0,1,1,0,"{""count"": 0}"
img_0133,L1_随便给,944,5000,1,0,0,"{""count"": 5000}"
img_0133,L7_不确定就0,944,0,1,1,0,"{""count"": 0}"
img_0133,L3_可近似,944,5000,1,0,0,"{""count"": 5000}"
img_0134,L7_不确定就0,152,0,1,1,0,"{""count"": 0}"
img_0134,L1_随便给,152,200,1,0,0,"{""count"": 200}"
img_0137,L2_只给数字,751,999,1,0,0,999
img_0136,L2_只给数字,652,10000,1,0,0,10000
img_0135,L7_不确定就0,314,0,1,1,0,"{""count"": 0}"
img_0135,L5_逐一点数,314,0,1,1,0,"{""count"": 0}"
img_0133,L5_逐一点数,944,1000,1,0,0,"{""count"": 1000}"
img_0134,L4_中性,152,120,1,0,0,"{""count"": 120}"
img_0135,L6_只算清晰,314,0,1,1,0,"{""count"": 0}"
img_0134,L6_只算清晰,152,100,1,0,0,"{""count"": 100}"
img_0134,L5_逐一点数,152,100,1,0,0,"{""count"": 100}"
img_0136,L5_逐一点数,652,0,1,1,0,"{""count"": 0}"
img_0135,L1_随便给,314,500,1,0,0,"{""count"": 500}"
img_0136,L6_只算清晰,652,0,1,1,0,"{""count"": 0}"
img_0137,L5_逐一点数,751,0,1,1,0,"{""count"": 0}"
img_0135,L4_中性,314,100,1,0,0,"{""count"": 100}"
img_0135,L3_可近似,314,500,1,0,0,"{""count"": 500}"
img_0134,L3_可近似,152,200,1,0,0,"{""count"": 200}"
img_0137,L4_中性,751,0,1,1,0,"{""count"": 0}"
img_0136,L7_不确定就0,652,0,1,1,0,"{""count"": 0}"
img_0136,L3_可近似,652,2500,1,0,0,"{""count"": 2500}"
img_0137,L1_随便给,751,10000,1,0,0,"{""count"": 10000}"
img_0136,L1_随便给,652,5000,1,0,0,"{""count"": 5000}"
img_0136,L4_中性,652,1000,1,0,0,"{""count"": 1000}"
img_0137,L7_不确定就0,751,0,1,1,0,"{""count"": 0}"
img_0137,L6_只算清晰,751,0,1,1,0,"{""count"": 0}"
img_0137,L3_可近似,751,5000,1,0,0,"{""count"": 5000}"
img_0138,L2_只给数字,632,999,1,0,0,999
img_0141,L2_只给数字,171,100,1,0,0,100
img_0142,L2_只给数字,353,1000,1,0,0,1000
img_0138,L1_随便给,632,2000,1,0,0,"{""count"": 2000}"
img_0138,L7_不确定就0,632,0,1,1,0,"{""count"": 0}"
img_0138,L6_只算清晰,632,0,1,1,0,"{""count"": 0}"
img_0141,L7_不确定就0,171,0,1,1,0,"{""count"": 0}"
img_0138,L3_可近似,632,2000,1,0,0,"{""count"": 2000}"
img_0139,L2_只给数字,428,1000,1,0,0,1000
img_0141,L5_逐一点数,171,100,1,0,0,"{""count"": 100}"
img_0141,L4_中性,171,100,1,0,0,"{""count"": 100}"
img_0141,L1_随便给,171,200,1,0,0,"{""count"": 200}"
img_0138,L4_中性,632,1000,1,0,0,"{""count"": 1000}"
img_0141,L3_可近似,171,200,1,0,0,"{""count"": 200}"
img_0141,L6_只算清晰,171,100,1,0,0,"{""count"": 100}"
img_0139,L6_只算清晰,428,0,1,1,0,"{""count"": 0}"
img_0139,L5_逐一点数,428,0,1,1,0,"{""count"": 0}"
img_0139,L7_不确定就0,428,0,1,1,0,"{""count"": 0}"
img_0139,L4_中性,428,0,1,1,0,"{""count"": 0}"
img_0138,L5_逐一点数,632,1000,1,0,0,"{""count"": 1000}"
img_0142,L1_随便给,353,1000,1,0,0,"{""count"": 1000}"
img_0142,L3_可近似,353,1000,1,0,0,"{""count"": 1000}"
img_0140,L2_只给数字,398,300,1,0,0,300
img_0139,L1_随便给,428,800,1,0,0,"{""count"": 800}"
img_0142,L5_逐一点数,353,0,1,1,0,"{""count"": 0}"
img_0139,L3_可近似,428,500,1,0,0,"{""count"": 500}"
img_0142,L4_中性,353,300,1,0,0,"{""count"": 300}"
img_0140,L5_逐一点数,398,0,1,1,0,"{""count"": 0}"
img_0140,L7_不确定就0,398,0,1,1,0,"{""count"": 0}"
img_0140,L6_只算清晰,398,100,1,0,0,"{""count"": 100}"
img_0142,L6_只算清晰,353,0,1,1,0,"{""count"": 0}"
img_0140,L3_可近似,398,500,1,0,0,"{""count"": 500}"
img_0143,L2_只给数字,810,1000,1,0,0,1000
img_0142,L7_不确定就0,353,0,1,1,0,"{""count"": 0}"
img_0144,L2_只给数字,446,100,1,0,0,100
img_0140,L4_中性,398,300,1,0,0,"{""count"": 300}"
img_0143,L4_中性,810,0,1,1,0,"{""count"": 0}"
img_0143,L6_只算清晰,810,0,1,1,0,"{""count"": 0}"
img_0140,L1_随便给,398,500,1,0,0,"{""count"": 500}"
img_0143,L5_逐一点数,810,0,1,1,0,"{""count"": 0}"
img_0145,L2_只给数字,161,150,1,0,0,150
img_0143,L7_不确定就0,810,0,1,1,0,"{""count"": 0}"
img_0144,L5_逐一点数,446,0,1,1,0,"{""count"": 0}"
img_0146,L2_只给数字,387,300,1,0,0,300
img_0144,L7_不确定就0,446,0,1,1,0,"{""count"": 0}"
img_0143,L3_可近似,810,1500,1,0,0,"{""count"": 1500}"
img_0143,L1_随便给,810,2000,1,0,0,"{""count"": 2000}"
img_0145,L7_不确定就0,161,0,1,1,0,"{""count"": 0}"
img_0144,L1_随便给,446,500,1,0,0,"{""count"": 500}"
img_0144,L4_中性,446,100,1,0,0,"{""count"": 100}"
img_0147,L2_只给数字,135,120,1,0,0,120
img_0144,L6_只算清晰,446,100,1,0,0,"{""count"": 100}"
img_0145,L6_只算清晰,161,0,1,1,0,"{""count"": 0}"
img_0144,L3_可近似,446,500,1,0,0,"{""count"": 500}"
img_0145,L1_随便给,161,200,1,0,0,"{""count"": 200}"
img_0145,L3_可近似,161,200,1,0,0,"{""count"": 200}"
img_0145,L4_中性,161,100,1,0,0,"{""count"": 100}"
img_0145,L5_逐一点数,161,100,1,0,0,"{""count"": 100}"
img_0146,L5_逐一点数,387,0,1,1,0,"{""count"": 0}"
img_0146,L6_只算清晰,387,0,1,1,0,"{""count"": 0}"
img_0146,L3_可近似,387,500,1,0,0,"{""count"": 500}"
img_0146,L1_随便给,387,500,1,0,0,"{""count"": 500}"
img_0146,L4_中性,387,100,1,0,0,"{""count"": 100}"
img_0146,L7_不确定就0,387,0,1,1,0,"{""count"": 0}"
img_0148,L2_只给数字,819,999,1,0,0,999
img_0147,L7_不确定就0,135,0,1,1,0,"{""count"": 0}"
img_0149,L2_只给数字,390,100,1,0,0,100
img_0147,L1_随便给,135,150,1,0,0,"{""count"": 150}"
img_0147,L3_可近似,135,150,1,0,0,"{""count"": 150}"
img_0147,L4_中性,135,100,1,0,0,"{""count"": 100}"
img_0150,L2_只给数字,396,1000,1,0,0,1000
img_0147,L6_只算清晰,135,100,1,0,0,"{""count"": 100}"
img_0147,L5_逐一点数,135,100,1,0,0,"{""count"": 100}"
img_0148,L4_中性,819,0,1,1,0,"{""count"": 0}"
img_0148,L6_只算清晰,819,0,1,1,0,"{""count"": 0}"
img_0148,L5_逐一点数,819,0,1,1,0,"{""count"": 0}"
img_0148,L7_不确定就0,819,0,1,1,0,"{""count"": 0}"
img_0149,L7_不确定就0,390,0,1,1,0,"{""count"": 0}"
img_0148,L1_随便给,819,5000,1,0,0,"{""count"": 5000}"
img_0149,L5_逐一点数,390,0,1,1,0,"{""count"": 0}"
img_0149,L1_随便给,390,500,1,0,0,"{""count"": 500}"
img_0150,L1_随便给,396,500,1,0,0,"{""count"": 500}"
img_0148,L3_可近似,819,5000,1,0,0,"{""count"": 5000}"
img_0150,L5_逐一点数,396,0,1,1,0,"{""count"": 0}"
img_0149,L6_只算清晰,390,100,1,0,0,"{""count"": 100}"
img_0149,L3_可近似,390,300,1,0,0,"{""count"": 300}"
img_0149,L4_中性,390,100,1,0,0,"{""count"": 100}"
img_0150,L3_可近似,396,500,1,0,0,"{""count"": 500}"
img_0150,L7_不确定就0,396,0,1,1,0,"{""count"": 0}"
img_0150,L4_中性,396,100,1,0,0,"{""count"": 100}"
img_0150,L6_只算清晰,396,0,1,1,0,"{""count"": 0}"
img_0151,L2_只给数字,648,1000,1,0,0,1000
img_0155,L2_只给数字,845,1000,1,0,0,1000
img_0153,L2_只给数字,641,999,1,0,0,999
img_0151,L6_只算清晰,648,0,1,1,0,"{""count"": 0}"
img_0151,L7_不确定就0,648,0,1,1,0,"{""count"": 0}"
img_0151,L5_逐一点数,648,0,1,1,0,"{""count"": 0}"
img_0151,L4_中性,648,0,1,1,0,"{""count"": 0}"
img_0155,L4_中性,845,0,1,1,0,"{""count"": 0}"
img_0151,L1_随便给,648,5000,1,0,0,"{""count"": 5000}"
img_0152,L2_只给数字,901,999,1,0,0,999
img_0153,L4_中性,641,0,1,1,0,"{""count"": 0}"
img_0155,L1_随便给,845,5000,1,0,0,"{""count"": 5000}"
img_0154,L2_只给数字,354,999,1,0,0,999
img_0155,L3_可近似,845,2500,1,0,0,"{""count"": 2500}"
img_0153,L5_逐一点数,641,0,1,1,0,"{""count"": 0}"
img_0151,L3_可近似,648,2000,1,0,0,"{""count"": 2000}"
img_0153,L6_只算清晰,641,0,1,1,0,"{""count"": 0}"
img_0154,L5_逐一点数,354,0,1,1,0,"{""count"": 0}"
img_0152,L5_逐一点数,901,0,1,1,0,"{""count"": 0}"
img_0153,L7_不确定就0,641,0,1,1,0,"{""count"": 0}"
img_0154,L6_只算清晰,354,0,1,1,0,"{""count"": 0}"
img_0155,L7_不确定就0,845,0,1,1,0,"{""count"": 0}"
img_0155,L5_逐一点数,845,0,1,1,0,"{""count"": 0}"
img_0155,L6_只算清晰,845,0,1,1,0,"{""count"": 0}"
img_0154,L7_不确定就0,354,0,1,1,0,"{""count"": 0}"
img_0152,L4_中性,901,0,1,1,0,"{""count"": 0}"
img_0152,L7_不确定就0,901,0,1,1,0,"{""count"": 0}"
img_0152,L3_可近似,901,1500,1,0,0,"{""count"": 1500}"
img_0153,L1_随便给,641,5000,1,0,0,"{""count"": 5000}"
img_0154,L4_中性,354,0,1,1,0,"{""count"": 0}"
img_0154,L3_可近似,354,1500,1,0,0,"{""count"": 1500}"
img_0154,L1_随便给,354,2000,1,0,0,"{""count"": 2000}"
img_0152,L6_只算清晰,901,0,1,1,0,"{""count"": 0}"
img_0153,L3_可近似,641,2000,1,0,0,"{""count"": 2000}"
img_0152,L1_随便给,901,2000,1,0,0,"{""count"": 2000}"
img_0156,L2_只给数字,2075,10000,1,0,0,10000
img_0156,L5_逐一点数,2075,0,1,1,0,"{""count"": 0}"
img_0156,L6_只算清晰,2075,0,1,1,0,"{""count"": 0}"
img_0156,L7_不确定就0,2075,0,1,1,0,"{""count"": 0}"
img_0156,L4_中性,2075,1000,1,0,0,"{""count"": 1000}"
img_0156,L1_随便给,2075,5000,1,0,0,"{""count"": 5000}"
img_0156,L3_可近似,2075,5000,1,0,0,"{""count"": 5000}"
img_0159,L2_只给数字,469,999,1,0,0,999
img_0159,L4_中性,469,0,1,1,0,"{""count"": 0}"
img_0160,L2_只给数字,1063,999,1,0,0,999
img_0159,L6_只算清晰,469,0,1,1,0,"{""count"": 0}"
img_0159,L7_不确定就0,469,0,1,1,0,"{""count"": 0}"
img_0157,L2_只给数字,471,1000,1,0,0,1000
img_0159,L5_逐一点数,469,0,1,1,0,"{""count"": 0}"
img_0160,L4_中性,1063,0,1,1,0,"{""count"": 0}"
img_0159,L3_可近似,469,1500,1,0,0,"{""count"": 1500}"
img_0158,L2_只给数字,247,150,1,0,0,150
img_0159,L1_随便给,469,2000,1,0,0,"{""count"": 2000}"
img_0158,L7_不确定就0,247,0,1,1,0,"{""count"": 0}"
img_0158,L5_逐一点数,247,0,1,1,0,"{""count"": 0}"
img_0160,L3_可近似,1063,5000,1,0,0,"{""count"": 5000}"
img_0158,L3_可近似,247,300,1,0,0,"{""count"": 300}"
img_0157,L6_只算清晰,471,0,1,1,0,"{""count"": 0}"
img_0157,L7_不确定就0,471,0,1,1,0,"{""count"": 0}"
img_0160,L1_随便给,1063,5000,1,0,0,"{""count"": 5000}"
img_0158,L4_中性,247,100,1,0,0,"{""count"": 100}"
img_0161,L2_只给数字,313,100,1,0,0,100
img_0157,L1_随便给,471,1000,1,0,0,"{""count"": 1000}"
img_0157,L4_中性,471,0,1,1,0,"{""count"": 0}"
img_0160,L5_逐一点数,1063,0,1,1,0,"{""count"": 0}"
img_0160,L6_只算清晰,1063,0,1,1,0,"{""count"": 0}"
img_0160,L7_不确定就0,1063,0,1,1,0,"{""count"": 0}"
img_0158,L1_随便给,247,300,1,0,0,"{""count"": 300}"
img_0157,L5_逐一点数,471,0,1,1,0,"{""count"": 0}"
img_0157,L3_可近似,471,1000,1,0,0,"{""count"": 1000}"
img_0158,L6_只算清晰,247,100,1,0,0,"{""count"": 100}"
img_0162,L2_只给数字,279,100,1,0,0,100
img_0161,L5_逐一点数,313,0,1,1,0,"{""count"": 0}"
img_0161,L1_随便给,313,300,1,0,0,"{""count"": 300}"
img_0161,L7_不确定就0,313,0,1,1,0,"{""count"": 0}"
img_0161,L3_可近似,313,300,1,0,0,"{""count"": 300}"
img_0163,L2_只给数字,372,1000,1,0,0,1000
img_0161,L4_中性,313,100,1,0,0,"{""count"": 100}"
img_0162,L7_不确定就0,279,0,1,1,0,"{""count"": 0}"
img_0162,L5_逐一点数,279,0,1,1,0,"{""count"": 0}"
img_0161,L6_只算清晰,313,100,1,0,0,"{""count"": 100}"
img_0163,L5_逐一点数,372,0,1,1,0,"{""count"": 0}"
img_0164,L2_只给数字,1586,9999,1,0,0,9999
img_0163,L7_不确定就0,372,0,1,1,0,"{""count"": 0}"
img_0162,L6_只算清晰,279,0,1,1,0,"{""count"": 0}"
img_0163,L6_只算清晰,372,0,1,1,0,"{""count"": 0}"
img_0163,L4_中性,372,0,1,1,0,"{""count"": 0}"
img_0162,L1_随便给,279,300,1,0,0,"{""count"": 300}"
img_0162,L3_可近似,279,300,1,0,0,"{""count"": 300}"
img_0162,L4_中性,279,100,1,0,0,"{""count"": 100}"
img_0163,L3_可近似,372,500,1,0,0,"{""count"": 500}"
img_0163,L1_随便给,372,500,1,0,0,"{""count"": 500}"
img_0165,L2_只给数字,198,150,1,0,0,150
img_0164,L4_中性,1586,0,1,1,0,"{""count"": 0}"
img_0164,L6_只算清晰,1586,0,1,1,0,"{""count"": 0}"
img_0165,L7_不确定就0,198,0,1,1,0,"{""count"": 0}"
img_0164,L7_不确定就0,1586,0,1,1,0,"{""count"": 0}"
img_0164,L5_逐一点数,1586,,0,0,1,"{""count"": ""无法准确计数""}"
img_0166,L2_只给数字,2315,10000,1,0,0,10000
img_0165,L3_可近似,198,300,1,0,0,"{""count"": 300}"
img_0165,L5_逐一点数,198,187,1,0,0,"{""count"": 187}"
img_0165,L1_随便给,198,300,1,0,0,"{""count"": 300}"
img_0165,L4_中性,198,158,1,0,0,"{""count"": 158}"
img_0167,L2_只给数字,4195,9999,1,0,0,9999
img_0164,L1_随便给,1586,10000,1,0,0,"{""count"": 10000}"
img_0164,L3_可近似,1586,5000,1,0,0,"{""count"": 5000}"
img_0165,L6_只算清晰,198,142,1,0,0,"{""count"": 142}"
img_0166,L4_中性,2315,0,1,1,0,"{""count"": 0}"
img_0166,L5_逐一点数,2315,0,1,1,0,"{""count"": 0}"
img_0167,L7_不确定就0,4195,0,1,1,0,"{""count"": 0}"
img_0168,L2_只给数字,138,100,1,0,0,100
img_0166,L7_不确定就0,2315,0,1,1,0,"{""count"": 0}"
img_0167,L4_中性,4195,0,1,1,0,"{""count"": 0}"
img_0166,L6_只算清晰,2315,0,1,1,0,"{""count"": 0}"
img_0167,L6_只算清晰,4195,0,1,1,0,"{""count"": 0}"
img_0167,L5_逐一点数,4195,0,1,1,0,"{""count"": 0}"
img_0166,L1_随便给,2315,5000,1,0,0,"{""count"": 5000}"
img_0166,L3_可近似,2315,5000,1,0,0,"{""count"": 5000}"
img_0169,L2_只给数字,174,100,1,0,0,100
img_0168,L7_不确定就0,138,0,1,1,0,"{""count"": 0}"
img_0167,L1_随便给,4195,10000,1,0,0,"{""count"": 10000}"
img_0167,L3_可近似,4195,10000,1,0,0,"{""count"": 10000}"
img_0170,L2_只给数字,148,150,1,0,0,150
img_0168,L1_随便给,138,200,1,0,0,"{""count"": 200}"
img_0168,L4_中性,138,100,1,0,0,"{""count"": 100}"
img_0168,L5_逐一点数,138,100,1,0,0,"{""count"": 100}"
img_0168,L3_可近似,138,200,1,0,0,"{""count"": 200}"
img_0168,L6_只算清晰,138,100,1,0,0,"{""count"": 100}"
img_0169,L3_可近似,174,300,1,0,0,"{""count"": 300}"
img_0169,L1_随便给,174,500,1,0,0,"{""count"": 500}"
img_0169,L5_逐一点数,174,0,1,1,0,"{""count"": 0}"
img_0170,L7_不确定就0,148,0,1,1,0,"{""count"": 0}"
img_0171,L2_只给数字,608,999,1,0,0,999
img_0169,L7_不确定就0,174,0,1,1,0,"{""count"": 0}"
img_0170,L1_随便给,148,200,1,0,0,"{""count"": 200}"
img_0170,L4_中性,148,150,1,0,0,"{""count"": 150}"
img_0169,L4_中性,174,100,1,0,0,"{""count"": 100}"
img_0170,L5_逐一点数,148,150,1,0,0,"{""count"": 150}"
img_0170,L6_只算清晰,148,123,1,0,0,"{""count"": 123}"
img_0170,L3_可近似,148,200,1,0,0,"{""count"": 200}"
img_0169,L6_只算清晰,174,100,1,0,0,"{""count"": 100}"
img_0171,L5_逐一点数,608,0,1,1,0,"{""count"": 0}"
img_0173,L2_只给数字,883,999,1,0,0,999
img_0171,L4_中性,608,0,1,1,0,"{""count"": 0}"
img_0172,L2_只给数字,110,100,1,0,0,100
img_0171,L7_不确定就0,608,0,1,1,0,"{""count"": 0}"
img_0171,L6_只算清晰,608,0,1,1,0,"{""count"": 0}"
img_0171,L1_随便给,608,5000,1,0,0,"{""count"": 5000}"
img_0172,L7_不确定就0,110,0,1,1,0,"{""count"": 0}"
img_0173,L6_只算清晰,883,0,1,1,0,"{""count"": 0}"
img_0175,L2_只给数字,117,87,1,0,0,87
img_0174,L2_只给数字,259,999,1,0,0,999
img_0172,L5_逐一点数,110,0,1,1,0,"{""count"": 0}"
img_0173,L4_中性,883,0,1,1,0,"{""count"": 0}"
img_0173,L5_逐一点数,883,0,1,1,0,"{""count"": 0}"
img_0172,L1_随便给,110,300,1,0,0,"{""count"": 300}"
img_0172,L6_只算清晰,110,25,1,0,0,"{""count"": 25}"
img_0172,L4_中性,110,100,1,0,0,"{""count"": 100}"
img_0171,L3_可近似,608,5000,1,0,0,"{""count"": 5000}"
img_0173,L7_不确定就0,883,0,1,1,0,"{""count"": 0}"
img_0172,L3_可近似,110,300,1,0,0,"{""count"": 300}"
img_0173,L3_可近似,883,2000,1,0,0,"{""count"": 2000}"
img_0176,L2_只给数字,326,100,1,0,0,100
img_0173,L1_随便给,883,5000,1,0,0,"{""count"": 5000}"
img_0174,L6_只算清晰,259,0,1,1,0,"{""count"": 0}"
img_0174,L5_逐一点数,259,0,1,1,0,"{""count"": 0}"
img_0174,L7_不确定就0,259,0,1,1,0,"{""count"": 0}"
img_0174,L4_中性,259,0,1,1,0,"{""count"": 0}"
img_0174,L1_随便给,259,1500,1,0,0,"{""count"": 1500}"
img_0175,L4_中性,117,87,1,0,0,"{""count"": 87}"
img_0175,L1_随便给,117,120,1,0,0,"{""count"": 120}"
img_0175,L7_不确定就0,117,0,1,1,0,"{""count"": 0}"
img_0175,L3_可近似,117,120,1,0,0,"{""count"": 120}"
img_0174,L3_可近似,259,1500,1,0,0,"{""count"": 1500}"
img_0175,L6_只算清晰,117,78,1,0,0,"{""count"": 78}"
img_0175,L5_逐一点数,117,88,1,0,0,"{""count"": 88}"
img_0177,L2_只给数字,272,100,1,0,0,100
img_0176,L5_逐一点数,326,0,1,1,0,"{""count"": 0}"
img_0176,L1_随便给,326,500,1,0,0,"{""count"": 500}"
img_0176,L3_可近似,326,500,1,0,0,"{""count"": 500}"
img_0177,L5_逐一点数,272,0,1,1,0,"{""count"": 0}"
img_0177,L7_不确定就0,272,0,1,1,0,"{""count"": 0}"
img_0178,L2_只给数字,400,1000,1,0,0,1000
img_0176,L4_中性,326,100,1,0,0,"{""count"": 100}"
img_0178,L5_逐一点数,400,0,1,1,0,"{""count"": 0}"
img_0178,L4_中性,400,0,1,1,0,"{""count"": 0}"
img_0178,L7_不确定就0,400,0,1,1,0,"{""count"": 0}"
img_0177,L6_只算清晰,272,100,1,0,0,"{""count"": 100}"
img_0177,L1_随便给,272,500,1,0,0,"{""count"": 500}"
img_0177,L4_中性,272,100,1,0,0,"{""count"": 100}"
img_0177,L3_可近似,272,500,1,0,0,"{""count"": 500}"
img_0176,L7_不确定就0,326,0,1,1,0,"{""count"": 0}"
img_0176,L6_只算清晰,326,10,1,0,0,"{""count"": 10}"
img_0178,L6_只算清晰,400,10,1,0,0,"{""count"": 10}"
img_0180,L2_只给数字,1315,999,1,0,0,999
img_0179,L2_只给数字,2021,9999,1,0,0,9999
img_0179,L4_中性,2021,0,1,1,0,"{""count"": 0}"
img_0179,L6_只算清晰,2021,0,1,1,0,"{""count"": 0}"
img_0178,L3_可近似,400,2000,1,0,0,"{""count"": 2000}"
img_0178,L1_随便给,400,5000,1,0,0,"{""count"": 5000}"
img_0180,L5_逐一点数,1315,0,1,1,0,"{""count"": 0}"
img_0179,L7_不确定就0,2021,0,1,1,0,"{""count"": 0}"
img_0180,L6_只算清晰,1315,0,1,1,0,"{""count"": 0}"
img_0180,L4_中性,1315,0,1,1,0,"{""count"": 0}"
img_0181,L2_只给数字,466,1000,1,0,0,1000
img_0179,L5_逐一点数,2021,,0,0,1,"{""count"": ""无法精确计数""}"
img_0180,L7_不确定就0,1315,0,1,1,0,"{""count"": 0}"
img_0180,L3_可近似,1315,5000,1,0,0,"{""count"": 5000}"
img_0179,L1_随便给,2021,10000,1,0,0,"{""count"": 10000}"
img_0180,L1_随便给,1315,5000,1,0,0,"{""count"": 5000}"
img_0179,L3_可近似,2021,10000,1,0,0,"{""count"": 10000}"
img_0181,L1_随便给,466,5000,1,0,0,"{""count"": 5000}"
img_0181,L6_只算清晰,466,10,1,0,0,"{""count"": 10}"
img_0181,L3_可近似,466,5000,1,0,0,"{""count"": 5000}"
img_0181,L4_中性,466,1000,1,0,0,"{""count"": 1000}"
img_0181,L5_逐一点数,466,1000,1,0,0,"{""count"": 1000}"
img_0186,L2_只给数字,158,100,1,0,0,100
img_0182,L2_只给数字,269,100,1,0,0,100
img_0183,L2_只给数字,1758,9999,1,0,0,9999
img_0181,L7_不确定就0,466,0,1,1,0,"{""count"": 0}"
img_0183,L3_可近似,1758,5000,1,0,0,"{""count"": 5000}"
img_0186,L1_随便给,158,500,1,0,0,"{""count"": 500}"
img_0183,L6_只算清晰,1758,0,1,1,0,"{""count"": 0}"
img_0182,L7_不确定就0,269,0,1,1,0,"{""count"": 0}"
img_0186,L3_可近似,158,300,1,0,0,"{""count"": 300}"
img_0183,L5_逐一点数,1758,0,1,1,0,"{""count"": 0}"
img_0183,L4_中性,1758,0,1,1,0,"{""count"": 0}"
img_0183,L7_不确定就0,1758,0,1,1,0,"{""count"": 0}"
img_0185,L2_只给数字,507,1000,1,0,0,1000
img_0182,L4_中性,269,100,1,0,0,"{""count"": 100}"
img_0182,L5_逐一点数,269,100,1,0,0,"{""count"": 100}"
img_0182,L3_可近似,269,300,1,0,0,"{""count"": 300}"
img_0182,L1_随便给,269,500,1,0,0,"{""count"": 500}"
img_0182,L6_只算清晰,269,100,1,0,0,"{""count"": 100}"
img_0185,L7_不确定就0,507,0,1,1,0,"{""count"": 0}"
img_0183,L1_随便给,1758,5000,1,0,0,"{""count"": 5000}"
img_0185,L6_只算清晰,507,0,1,1,0,"{""count"": 0}"
img_0185,L4_中性,507,0,1,1,0,"{""count"": 0}"
img_0185,L5_逐一点数,507,0,1,1,0,"{""count"": 0}"
img_0184,L6_只算清晰,2166,0,1,1,0,"{""count"": 0}"
img_0184,L2_只给数字,2166,10000,1,0,0,10000
img_0187,L2_只给数字,403,999,1,0,0,999
img_0185,L1_随便给,507,1000,1,0,0,"{""count"": 1000}"
img_0184,L5_逐一点数,2166,0,1,1,0,"{""count"": 0}"
img_0184,L7_不确定就0,2166,0,1,1,0,"{""count"": 0}"
img_0184,L4_中性,2166,0,1,1,0,"{""count"": 0}"
img_0185,L3_可近似,507,1000,1,0,0,"{""count"": 1000}"
img_0184,L1_随便给,2166,5000,1,0,0,"{""count"": 5000}"
img_0186,L6_只算清晰,158,0,1,1,0,"{""count"": 0}"
img_0186,L5_逐一点数,158,0,1,1,0,"{""count"": 0}"
img_0186,L7_不确定就0,158,0,1,1,0,"{""count"": 0}"
img_0186,L4_中性,158,100,1,0,0,"{""count"": 100}"
img_0187,L4_中性,403,0,1,1,0,"{""count"": 0}"
img_0188,L2_只给数字,275,150,1,0,0,150
img_0187,L6_只算清晰,403,0,1,1,0,"{""count"": 0}"
img_0187,L5_逐一点数,403,0,1,1,0,"{""count"": 0}"
img_0184,L3_可近似,2166,5000,1,0,0,"{""count"": 5000}"
img_0189,L2_只给数字,122,80,1,0,0,80
img_0187,L1_随便给,403,2000,1,0,0,"{""count"": 2000}"
img_0187,L7_不确定就0,403,0,1,1,0,"{""count"": 0}"
img_0188,L1_随便给,275,300,1,0,0,"{""count"": 300}"
img_0188,L5_逐一点数,275,0,1,1,0,"{""count"": 0}"
img_0188,L6_只算清晰,275,0,1,1,0,"{""count"": 0}"
img_0188,L7_不确定就0,275,0,1,1,0,"{""count"": 0}"
img_0190,L2_只给数字,732,1000,1,0,0,1000
img_0187,L3_可近似,403,1500,1,0,0,"{""count"": 1500}"
img_0188,L4_中性,275,100,1,0,0,"{""count"": 100}"
img_0188,L3_可近似,275,300,1,0,0,"{""count"": 300}"
img_0189,L4_中性,122,75,1,0,0,"{""count"": 75}"
img_0189,L1_随便给,122,100,1,0,0,"{""count"": 100}"
img_0189,L7_不确定就0,122,0,1,1,0,"{""count"": 0}"
img_0191,L2_只给数字,532,1000,1,0,0,1000
img_0189,L6_只算清晰,122,50,1,0,0,"{""count"": 50}"
img_0190,L4_中性,732,0,1,1,0,"{""count"": 0}"
img_0192,L2_只给数字,195,150,1,0,0,150
img_0190,L6_只算清晰,732,0,1,1,0,"{""count"": 0}"
img_0190,L7_不确定就0,732,0,1,1,0,"{""count"": 0}"
img_0189,L3_可近似,122,100,1,0,0,"{""count"": 100}"
img_0189,L5_逐一点数,122,75,1,0,0,"{""count"": 75}"
img_0191,L4_中性,532,0,1,1,0,"{""count"": 0}"
img_0191,L6_只算清晰,532,0,1,1,0,"{""count"": 0}"
img_0191,L5_逐一点数,532,0,1,1,0,"{""count"": 0}"
img_0190,L5_逐一点数,732,1000,1,0,0,"{""count"": 1000}"
img_0190,L3_可近似,732,1500,1,0,0,"{""count"": 1500}"
img_0191,L7_不确定就0,532,0,1,1,0,"{""count"": 0}"
img_0193,L2_只给数字,210,1000,1,0,0,1000
img_0190,L1_随便给,732,2000,1,0,0,"{""count"": 2000}"
img_0191,L1_随便给,532,5000,1,0,0,"{""count"": 5000}"
img_0191,L3_可近似,532,1500,1,0,0,"{""count"": 1500}"
img_0192,L7_不确定就0,195,0,1,1,0,"{""count"": 0}"
img_0192,L1_随便给,195,200,1,0,0,"{""count"": 200}"
img_0194,L2_只给数字,159,150,1,0,0,150
img_0195,L2_只给数字,211,150,1,0,0,150
img_0192,L4_中性,195,150,1,0,0,"{""count"": 150}"
img_0192,L6_只算清晰,195,100,1,0,0,"{""count"": 100}"
img_0193,L1_随便给,210,500,1,0,0,"{""count"": 500}"
img_0192,L3_可近似,195,250,1,0,0,"{""count"": 250}"
img_0193,L5_逐一点数,210,0,1,1,0,"{""count"": 0}"
img_0193,L6_只算清晰,210,0,1,1,0,"{""count"": 0}"
img_0192,L5_逐一点数,195,150,1,0,0,"{""count"": 150}"
img_0193,L4_中性,210,200,1,0,0,"{""count"": 200}"
img_0194,L7_不确定就0,159,0,1,1,0,"{""count"": 0}"
img_0194,L6_只算清晰,159,0,1,1,0,"{""count"": 0}"
img_0193,L7_不确定就0,210,0,1,1,0,"{""count"": 0}"
img_0193,L3_可近似,210,500,1,0,0,"{""count"": 500}"
img_0195,L7_不确定就0,211,0,1,1,0,"{""count"": 0}"
img_0195,L3_可近似,211,300,1,0,0,"{""count"": 300}"
img_0194,L4_中性,159,100,1,0,0,"{""count"": 100}"
img_0195,L1_随便给,211,300,1,0,0,"{""count"": 300}"
img_0194,L3_可近似,159,200,1,0,0,"{""count"": 200}"
img_0195,L4_中性,211,150,1,0,0,"{""count"": 150}"
img_0194,L5_逐一点数,159,100,1,0,0,"{""count"": 100}"
img_0194,L1_随便给,159,200,1,0,0,"{""count"": 200}"
img_0195,L5_逐一点数,211,200,1,0,0,"{""count"": 200}"
img_0195,L6_只算清晰,211,100,1,0,0,"{""count"": 100}"
img_0196,L2_只给数字,287,100,1,0,0,100
img_0197,L2_只给数字,165,100,1,0,0,100
img_0200,L2_只给数字,299,999,1,0,0,999
img_0199,L2_只给数字,263,100,1,0,0,100
img_0196,L6_只算清晰,287,0,1,1,0,"{""count"": 0}"
img_0197,L5_逐一点数,165,0,1,1,0,"{""count"": 0}"
img_0196,L7_不确定就0,287,0,1,1,0,"{""count"": 0}"
img_0197,L7_不确定就0,165,0,1,1,0,"{""count"": 0}"
img_0196,L5_逐一点数,287,0,1,1,0,"{""count"": 0}"
img_0196,L4_中性,287,100,1,0,0,"{""count"": 100}"
img_0196,L1_随便给,287,500,1,0,0,"{""count"": 500}"
img_0197,L6_只算清晰,165,30,1,0,0,"{""count"": 30}"
img_0196,L3_可近似,287,500,1,0,0,"{""count"": 500}"
img_0198,L2_只给数字,104,45,1,0,0,45
img_0197,L3_可近似,165,300,1,0,0,"{""count"": 300}"
img_0199,L7_不确定就0,263,0,1,1,0,"{""count"": 0}"
img_0199,L6_只算清晰,263,0,1,1,0,"{""count"": 0}"
img_0197,L4_中性,165,100,1,0,0,"{""count"": 100}"
img_0199,L5_逐一点数,263,0,1,1,0,"{""count"": 0}"
img_0197,L1_随便给,165,500,1,0,0,"{""count"": 500}"
img_0200,L4_中性,299,100,1,0,0,"{""count"": 100}"
img_0200,L1_随便给,299,1000,1,0,0,"{""count"": 1000}"
img_0199,L4_中性,263,100,1,0,0,"{""count"": 100}"
img_0200,L3_可近似,299,1000,1,0,0,"{""count"": 1000}"
img_0199,L3_可近似,263,500,1,0,0,"{""count"": 500}"
img_0199,L1_随便给,263,500,1,0,0,"{""count"": 500}"
img_0198,L4_中性,104,50,1,0,0,"{""count"": 50}"
img_0198,L1_随便给,104,150,1,0,0,"{""count"": 150}"
img_0200,L5_逐一点数,299,0,1,1,0,"{""count"": 0}"
img_0201,L2_只给数字,719,1000,1,0,0,1000
img_0200,L6_只算清晰,299,0,1,1,0,"{""count"": 0}"
img_0198,L6_只算清晰,104,35,1,0,0,"{""count"": 35}"
img_0198,L7_不确定就0,104,0,1,1,0,"{""count"": 0}"
img_0198,L5_逐一点数,104,100,1,0,0,"{""count"": 100}"
img_0198,L3_可近似,104,100,1,0,0,"{""count"": 100}"
img_0200,L7_不确定就0,299,0,1,1,0,"{""count"": 0}"
img_0202,L2_只给数字,864,999,1,0,0,999
img_0201,L6_只算清晰,719,0,1,1,0,"{""count"": 0}"
img_0201,L7_不确定就0,719,0,1,1,0,"{""count"": 0}"
img_0201,L5_逐一点数,719,0,1,1,0,"{""count"": 0}"
img_0201,L4_中性,719,0,1,1,0,"{""count"": 0}"
img_0203,L2_只给数字,368,1000,1,0,0,1000
img_0204,L2_只给数字,522,999,1,0,0,999
img_0202,L6_只算清晰,864,0,1,1,0,"{""count"": 0}"
img_0202,L7_不确定就0,864,0,1,1,0,"{""count"": 0}"
img_0202,L5_逐一点数,864,0,1,1,0,"{""count"": 0}"
img_0202,L4_中性,864,0,1,1,0,"{""count"": 0}"
img_0201,L1_随便给,719,2000,1,0,0,"{""count"": 2000}"
img_0203,L4_中性,368,0,1,1,0,"{""count"": 0}"
img_0205,L2_只给数字,778,999,1,0,0,999
img_0201,L3_可近似,719,1500,1,0,0,"{""count"": 1500}"
img_0203,L6_只算清晰,368,0,1,1,0,"{""count"": 0}"
img_0203,L5_逐一点数,368,0,1,1,0,"{""count"": 0}"
img_0203,L7_不确定就0,368,0,1,1,0,"{""count"": 0}"
img_0202,L1_随便给,864,5000,1,0,0,"{""count"": 5000}"
img_0202,L3_可近似,864,5000,1,0,0,"{""count"": 5000}"
img_0204,L4_中性,522,0,1,1,0,"{""count"": 0}"
img_0204,L7_不确定就0,522,0,1,1,0,"{""count"": 0}"
img_0204,L6_只算清晰,522,0,1,1,0,"{""count"": 0}"
img_0204,L5_逐一点数,522,0,1,1,0,"{""count"": 0}"
img_0203,L3_可近似,368,1000,1,0,0,"{""count"": 1000}"
img_0203,L1_随便给,368,1000,1,0,0,"{""count"": 1000}"
img_0204,L1_随便给,522,5000,1,0,0,"{""count"": 5000}"
img_0205,L5_逐一点数,778,0,1,1,0,"{""count"": 0}"
img_0205,L4_中性,778,0,1,1,0,"{""count"": 0}"
img_0205,L6_只算清晰,778,0,1,1,0,"{""count"": 0}"
img_0204,L3_可近似,522,1500,1,0,0,"{""count"": 1500}"
img_0205,L1_随便给,778,5000,1,0,0,"{""count"": 5000}"
img_0205,L3_可近似,778,2000,1,0,0,"{""count"": 2000}"
img_0205,L7_不确定就0,778,0,1,1,0,"{""count"": 0}"
img_0206,L2_只给数字,2870,10000,1,0,0,10000
img_0207,L2_只给数字,463,1000,1,0,0,1000
img_0207,L7_不确定就0,463,0,1,1,0,"{""count"": 0}"
img_0206,L6_只算清晰,2870,0,1,1,0,"{""count"": 0}"
img_0206,L7_不确定就0,2870,0,1,1,0,"{""count"": 0}"
img_0207,L5_逐一点数,463,0,1,1,0,"{""count"": 0}"
img_0206,L4_中性,2870,0,1,1,0,"{""count"": 0}"
img_0207,L6_只算清晰,463,10,1,0,0,"{""count"": 10}"
img_0208,L2_只给数字,204,150,1,0,0,150
img_0206,L3_可近似,2870,5000,1,0,0,"{""count"": 5000}"
img_0207,L4_中性,463,100,1,0,0,"{""count"": 100}"
img_0206,L1_随便给,2870,10000,1,0,0,"{""count"": 10000}"
img_0207,L1_随便给,463,2000,1,0,0,"{""count"": 2000}"
img_0207,L3_可近似,463,1000,1,0,0,"{""count"": 1000}"
img_0206,L5_逐一点数,2870,,0,0,1,"{""count"": ""无法精确计数""}"
img_0208,L1_随便给,204,300,1,0,0,"{""count"": 300}"
img_0209,L2_只给数字,143,1000,1,0,0,1000
img_0208,L3_可近似,204,250,1,0,0,"{""count"": 250}"
img_0208,L5_逐一点数,204,180,1,0,0,"{""count"": 180}"
img_0209,L6_只算清晰,143,0,1,1,0,"{""count"": 0}"
img_0208,L4_中性,204,150,1,0,0,"{""count"": 150}"
img_0209,L4_中性,143,0,1,1,0,"{""count"": 0}"
img_0210,L2_只给数字,421,999,1,0,0,999
img_0208,L7_不确定就0,204,0,1,1,0,"{""count"": 0}"
img_0209,L5_逐一点数,143,0,1,1,0,"{""count"": 0}"
img_0209,L7_不确定就0,143,0,1,1,0,"{""count"": 0}"
img_0209,L3_可近似,143,2000,1,0,0,"{""count"": 2000}"
img_0209,L1_随便给,143,5000,1,0,0,"{""count"": 5000}"
img_0211,L2_只给数字,434,999,1,0,0,999
img_0208,L6_只算清晰,204,150,1,0,0,"{""count"": 150}"
img_0210,L4_中性,421,0,1,1,0,"{""count"": 0}"
img_0210,L6_只算清晰,421,0,1,1,0,"{""count"": 0}"
img_0212,L2_只给数字,218,150,1,0,0,150
img_0211,L5_逐一点数,434,0,1,1,0,"{""count"": 0}"
img_0211,L6_只算清晰,434,0,1,1,0,"{""count"": 0}"
img_0210,L5_逐一点数,421,0,1,1,0,"{""count"": 0}"
img_0210,L7_不确定就0,421,0,1,1,0,"{""count"": 0}"
img_0210,L1_随便给,421,5000,1,0,0,"{""count"": 5000}"
img_0211,L7_不确定就0,434,0,1,1,0,"{""count"": 0}"
img_0210,L3_可近似,421,2000,1,0,0,"{""count"": 2000}"
img_0211,L4_中性,434,100,1,0,0,"{""count"": 100}"
img_0213,L2_只给数字,266,999,1,0,0,999
img_0211,L3_可近似,434,2000,1,0,0,"{""count"": 2000}"
img_0211,L1_随便给,434,5000,1,0,0,"{""count"": 5000}"
img_0212,L7_不确定就0,218,0,1,1,0,"{""count"": 0}"
img_0212,L4_中性,218,158,1,0,0,"{""count"": 158}"
img_0212,L1_随便给,218,250,1,0,0,"{""count"": 250}"
img_0214,L2_只给数字,514,1000,1,0,0,1000
img_0213,L5_逐一点数,266,0,1,1,0,"{""count"": 0}"
img_0212,L6_只算清晰,218,143,1,0,0,"{""count"": 143}"
img_0212,L5_逐一点数,218,187,1,0,0,"{""count"": 187}"
img_0215,L2_只给数字,1048,9999,1,0,0,9999
img_0213,L7_不确定就0,266,0,1,1,0,"{""count"": 0}"
img_0213,L6_只算清晰,266,0,1,1,0,"{""count"": 0}"
img_0212,L3_可近似,218,250,1,0,0,"{""count"": 250}"
img_0214,L4_中性,514,0,1,1,0,"{""count"": 0}"
img_0213,L1_随便给,266,500,1,0,0,"{""count"": 500}"
img_0214,L5_逐一点数,514,0,1,1,0,"{""count"": 0}"
img_0214,L6_只算清晰,514,0,1,1,0,"{""count"": 0}"
img_0213,L3_可近似,266,500,1,0,0,"{""count"": 500}"
img_0216,L2_只给数字,593,999,1,0,0,999
img_0213,L4_中性,266,100,1,0,0,"{""count"": 100}"
img_0214,L7_不确定就0,514,0,1,1,0,"{""count"": 0}"
img_0214,L1_随便给,514,1500,1,0,0,"{""count"": 1500}"
img_0215,L6_只算清晰,1048,0,1,1,0,"{""count"": 0}"
img_0215,L7_不确定就0,1048,0,1,1,0,"{""count"": 0}"
img_0215,L4_中性,1048,0,1,1,0,"{""count"": 0}"
img_0214,L3_可近似,514,1500,1,0,0,"{""count"": 1500}"
img_0216,L6_只算清晰,593,0,1,1,0,"{""count"": 0}"
img_0216,L4_中性,593,0,1,1,0,"{""count"": 0}"
img_0215,L5_逐一点数,1048,,0,0,1,"{""count"": ""无法精确计数""}"
img_0216,L1_随便给,593,2000,1,0,0,"{""count"": 2000}"
img_0215,L1_随便给,1048,100000,1,0,0,"{""count"": 100000}"
img_0215,L3_可近似,1048,10000,1,0,0,"{""count"": 10000}"
img_0216,L5_逐一点数,593,0,1,1,0,"{""count"": 0}"
img_0216,L3_可近似,593,1500,1,0,0,"{""count"": 1500}"
img_0219,L2_只给数字,535,300,1,0,0,300
img_0219,L4_中性,535,0,1,1,0,"{""count"": 0}"
img_0218,L2_只给数字,712,1000,1,0,0,1000
img_0219,L6_只算清晰,535,0,1,1,0,"{""count"": 0}"
img_0219,L5_逐一点数,535,0,1,1,0,"{""count"": 0}"
img_0219,L7_不确定就0,535,0,1,1,0,"{""count"": 0}"
img_0218,L7_不确定就0,712,0,1,1,0,"{""count"": 0}"
img_0218,L6_只算清晰,712,0,1,1,0,"{""count"": 0}"
img_0218,L5_逐一点数,712,0,1,1,0,"{""count"": 0}"
img_0216,L7_不确定就0,593,0,1,1,0,"{""count"": 0}"
img_0219,L1_随便给,535,1500,1,0,0,"{""count"": 1500}"
img_0219,L3_可近似,535,1000,1,0,0,"{""count"": 1000}"
img_0220,L4_中性,2746,0,1,1,0,"{""count"": 0}"
img_0220,L2_只给数字,2746,10000,1,0,0,10000
img_0217,L2_只给数字,1775,999,1,0,0,999
img_0218,L1_随便给,712,1500,1,0,0,"{""count"": 1500}"
img_0218,L3_可近似,712,1500,1,0,0,"{""count"": 1500}"
img_0218,L4_中性,712,1000,1,0,0,"{""count"": 1000}"
img_0220,L6_只算清晰,2746,0,1,1,0,"{""count"": 0}"
img_0220,L7_不确定就0,2746,0,1,1,0,"{""count"": 0}"
img_0217,L4_中性,1775,0,1,1,0,"{""count"": 0}"
img_0220,L1_随便给,2746,5000,1,0,0,"{""count"": 5000}"
img_0221,L2_只给数字,1709,1000,1,0,0,1000
img_0217,L7_不确定就0,1775,0,1,1,0,"{""count"": 0}"
img_0217,L5_逐一点数,1775,0,1,1,0,"{""count"": 0}"
img_0217,L6_只算清晰,1775,0,1,1,0,"{""count"": 0}"
img_0220,L3_可近似,2746,2500,1,0,0,"{""count"": 2500}"
img_0220,L5_逐一点数,2746,1000,1,0,0,"{""count"": 1000}"
img_0222,L2_只给数字,1890,10000,1,0,0,10000
img_0222,L4_中性,1890,0,1,1,0,"{""count"": 0}"
img_0221,L6_只算清晰,1709,0,1,1,0,"{""count"": 0}"
img_0217,L3_可近似,1775,2000,1,0,0,"{""count"": 2000}"
img_0221,L4_中性,1709,0,1,1,0,"{""count"": 0}"
img_0221,L5_逐一点数,1709,0,1,1,0,"{""count"": 0}"
img_0222,L5_逐一点数,1890,0,1,1,0,"{""count"": 0}"
img_0217,L1_随便给,1775,5000,1,0,0,"{""count"": 5000}"
img_0222,L7_不确定就0,1890,0,1,1,0,"{""count"": 0}"
img_0223,L2_只给数字,1826,10000,1,0,0,10000
img_0222,L6_只算清晰,1890,0,1,1,0,"{""count"": 0}"
img_0221,L7_不确定就0,1709,0,1,1,0,"{""count"": 0}"
img_0221,L1_随便给,1709,2000,1,0,0,"{""count"": 2000}"
img_0221,L3_可近似,1709,2500,1,0,0,"{""count"": 2500}"
img_0222,L3_可近似,1890,1500,1,0,0,"{""count"": 1500}"
img_0223,L4_中性,1826,0,1,1,0,"{""count"": 0}"
img_0223,L5_逐一点数,1826,0,1,1,0,"{""count"": 0}"
img_0222,L1_随便给,1890,2000,1,0,0,"{""count"": 2000}"
img_0223,L6_只算清晰,1826,0,1,1,0,"{""count"": 0}"
img_0223,L1_随便给,1826,5000,1,0,0,"{""count"": 5000}"
img_0223,L3_可近似,1826,5000,1,0,0,"{""count"": 5000}"
img_0224,L5_逐一点数,379,0,1,1,0,"{""count"": 0}"
img_0223,L7_不确定就0,1826,0,1,1,0,"{""count"": 0}"
img_0224,L2_只给数字,379,1000,1,0,0,1000
img_0224,L4_中性,379,0,1,1,0,"{""count"": 0}"
img_0224,L1_随便给,379,500,1,0,0,"{""count"": 500}"
img_0224,L3_可近似,379,500,1,0,0,"{""count"": 500}"
img_0225,L2_只给数字,1191,1000,1,0,0,1000
img_0225,L4_中性,1191,0,1,1,0,"{""count"": 0}"
img_0224,L7_不确定就0,379,0,1,1,0,"{""count"": 0}"
img_0224,L6_只算清晰,379,0,1,1,0,"{""count"": 0}"
img_0227,L2_只给数字,612,1000,1,0,0,1000
img_0225,L3_可近似,1191,1500,1,0,0,"{""count"": 1500}"
img_0228,L2_只给数字,172,100,1,0,0,100
img_0227,L5_逐一点数,612,0,1,1,0,"{""count"": 0}"
img_0227,L4_中性,612,0,1,1,0,"{""count"": 0}"
img_0227,L7_不确定就0,612,0,1,1,0,"{""count"": 0}"
img_0225,L1_随便给,1191,2000,1,0,0,"{""count"": 2000}"
img_0229,L2_只给数字,699,1000,1,0,0,1000
img_0227,L6_只算清晰,612,0,1,1,0,"{""count"": 0}"
img_0228,L7_不确定就0,172,0,1,1,0,"{""count"": 0}"
img_0228,L6_只算清晰,172,100,1,0,0,"{""count"": 100}"
img_0227,L3_可近似,612,1000,1,0,0,"{""count"": 1000}"
img_0228,L1_随便给,172,200,1,0,0,"{""count"": 200}"
img_0227,L1_随便给,612,500,1,0,0,"{""count"": 500}"
img_0226,L4_中性,1665,0,1,1,0,"{""count"": 0}"
img_0228,L5_逐一点数,172,200,1,0,0,"{""count"": 200}"
img_0228,L4_中性,172,100,1,0,0,"{""count"": 100}"
img_0225,L6_只算清晰,1191,0,1,1,0,"{""count"": 0}"
img_0225,L5_逐一点数,1191,0,1,1,0,"{""count"": 0}"
img_0226,L6_只算清晰,1665,0,1,1,0,"{""count"": 0}"
img_0226,L2_只给数字,1665,10000,1,0,0,10000
img_0229,L1_随便给,699,5000,1,0,0,"{""count"": 5000}"
img_0226,L7_不确定就0,1665,0,1,1,0,"{""count"": 0}"
img_0226,L5_逐一点数,1665,,0,0,1,"{""count"": ""无法精确计数""}"
img_0229,L5_逐一点数,699,0,1,1,0,"{""count"": 0}"
img_0229,L4_中性,699,0,1,1,0,"{""count"": 0}"
img_0229,L7_不确定就0,699,0,1,1,0,"{""count"": 0}"
img_0228,L3_可近似,172,250,1,0,0,"{""count"": 250}"
img_0229,L6_只算清晰,699,0,1,1,0,"{""count"": 0}"
img_0225,L7_不确定就0,1191,0,1,1,0,"{""count"": 0}"
img_0226,L3_可近似,1665,5000,1,0,0,"{""count"": 5000}"
img_0226,L1_随便给,1665,5000,1,0,0,"{""count"": 5000}"
img_0230,L2_只给数字,1454,9999,1,0,0,9999
img_0231,L2_只给数字,682,9999,1,0,0,9999
img_0229,L3_可近似,699,2000,1,0,0,"{""count"": 2000}"
img_0231,L4_中性,682,0,1,1,0,"{""count"": 0}"
img_0230,L7_不确定就0,1454,0,1,1,0,"{""count"": 0}"
img_0230,L6_只算清晰,1454,0,1,1,0,"{""count"": 0}"
img_0231,L7_不确定就0,682,0,1,1,0,"{""count"": 0}"
img_0231,L6_只算清晰,682,0,1,1,0,"{""count"": 0}"
img_0230,L4_中性,1454,0,1,1,0,"{""count"": 0}"
img_0232,L2_只给数字,419,1000,1,0,0,1000
img_0230,L3_可近似,1454,10000,1,0,0,"{""count"": 10000}"
img_0233,L2_只给数字,332,150,1,0,0,150
img_0230,L1_随便给,1454,10000,1,0,0,"{""count"": 10000}"
img_0231,L5_逐一点数,682,,0,0,1,"{""count"": ""无法精确计数""}"
img_0230,L5_逐一点数,1454,,0,0,1,"{""count"": ""无法精确计数""}"
img_0232,L5_逐一点数,419,0,1,1,0,"{""count"": 0}"
img_0231,L3_可近似,682,10000,1,0,0,"{""count"": 10000}"
img_0231,L1_随便给,682,50000,1,0,0,"{""count"": 50000}"
img_0232,L6_只算清晰,419,0,1,1,0,"{""count"": 0}"
img_0232,L1_随便给,419,500,1,0,0,"{""count"": 500}"
img_0233,L7_不确定就0,332,0,1,1,0,"{""count"": 0}"
img_0233,L5_逐一点数,332,0,1,1,0,"{""count"": 0}"
img_0232,L7_不确定就0,419,0,1,1,0,"{""count"": 0}"
img_0234,L2_只给数字,244,200,1,0,0,200
img_0232,L3_可近似,419,500,1,0,0,"{""count"": 500}"
img_0233,L6_只算清晰,332,10,1,0,0,"{""count"": 10}"
img_0235,L2_只给数字,125,100,1,0,0,100
img_0232,L4_中性,419,100,1,0,0,"{""count"": 100}"
img_0233,L3_可近似,332,500,1,0,0,"{""count"": 500}"
img_0233,L4_中性,332,100,1,0,0,"{""count"": 100}"
img_0233,L1_随便给,332,500,1,0,0,"{""count"": 500}"
img_0234,L6_只算清晰,244,0,1,1,0,"{""count"": 0}"
img_0234,L7_不确定就0,244,0,1,1,0,"{""count"": 0}"
img_0235,L5_逐一点数,125,0,1,1,0,"{""count"": 0}"
img_0234,L1_随便给,244,300,1,0,0,"{""count"": 300}"
img_0237,L2_只给数字,178,150,1,0,0,150
img_0234,L3_可近似,244,250,1,0,0,"{""count"": 250}"
img_0236,L2_只给数字,267,1000,1,0,0,1000
img_0235,L3_可近似,125,150,1,0,0,"{""count"": 150}"
img_0235,L1_随便给,125,200,1,0,0,"{""count"": 200}"
img_0235,L7_不确定就0,125,0,1,1,0,"{""count"": 0}"
img_0234,L5_逐一点数,244,200,1,0,0,"{""count"": 200}"
img_0234,L4_中性,244,150,1,0,0,"{""count"": 150}"
img_0235,L4_中性,125,100,1,0,0,"{""count"": 100}"
img_0238,L2_只给数字,170,100,1,0,0,100
img_0236,L4_中性,267,0,1,1,0,"{""count"": 0}"
img_0235,L6_只算清晰,125,100,1,0,0,"{""count"": 100}"
img_0236,L5_逐一点数,267,0,1,1,0,"{""count"": 0}"
img_0236,L6_只算清晰,267,0,1,1,0,"{""count"": 0}"
img_0236,L7_不确定就0,267,0,1,1,0,"{""count"": 0}"
img_0236,L1_随便给,267,1500,1,0,0,"{""count"": 1500}"
img_0236,L3_可近似,267,800,1,0,0,"{""count"": 800}"
img_0237,L1_随便给,178,200,1,0,0,"{""count"": 200}"
img_0237,L7_不确定就0,178,0,1,1,0,"{""count"": 0}"
img_0239,L2_只给数字,306,1000,1,0,0,1000
img_0237,L3_可近似,178,250,1,0,0,"{""count"": 250}"
img_0237,L6_只算清晰,178,102,1,0,0,"{""count"": 102}"
img_0237,L4_中性,178,150,1,0,0,"{""count"": 150}"
img_0238,L3_可近似,170,250,1,0,0,"{""count"": 250}"
img_0238,L1_随便给,170,200,1,0,0,"{""count"": 200}"
img_0237,L5_逐一点数,178,150,1,0,0,"{""count"": 150}"
img_0238,L4_中性,170,100,1,0,0,"{""count"": 100}"
img_0238,L7_不确定就0,170,0,1,1,0,"{""count"": 0}"
img_0238,L6_只算清晰,170,100,1,0,0,"{""count"": 100}"
img_0238,L5_逐一点数,170,100,1,0,0,"{""count"": 100}"
img_0240,L2_只给数字,329,1000,1,0,0,1000
img_0239,L5_逐一点数,306,0,1,1,0,"{""count"": 0}"
img_0239,L3_可近似,306,500,1,0,0,"{""count"": 500}"
img_0239,L7_不确定就0,306,0,1,1,0,"{""count"": 0}"
img_0241,L2_只给数字,207,1000,1,0,0,1000
img_0240,L5_逐一点数,329,10,1,0,0,"{""count"": 10}"
img_0239,L4_中性,306,100,1,0,0,"{""count"": 100}"
img_0239,L6_只算清晰,306,100,1,0,0,"{""count"": 100}"
img_0239,L1_随便给,306,1500,1,0,0,"{""count"": 1500}"
img_0240,L1_随便给,329,500,1,0,0,"{""count"": 500}"
img_0242,L2_只给数字,238,999,1,0,0,999
img_0240,L3_可近似,329,500,1,0,0,"{""count"": 500}"
img_0240,L7_不确定就0,329,0,1,1,0,"{""count"": 0}"
img_0240,L4_中性,329,100,1,0,0,"{""count"": 100}"
img_0240,L6_只算清晰,329,15,1,0,0,"{""count"": 15}"
img_0241,L6_只算清晰,207,0,1,1,0,"{""count"": 0}"
img_0241,L7_不确定就0,207,0,1,1,0,"{""count"": 0}"
img_0241,L4_中性,207,100,1,0,0,"{""count"": 100}"
img_0243,L2_只给数字,289,100,1,0,0,100
img_0241,L3_可近似,207,500,1,0,0,"{""count"": 500}"
img_0241,L5_逐一点数,207,0,1,1,0,"{""count"": 0}"
img_0241,L1_随便给,207,500,1,0,0,"{""count"": 500}"
img_0242,L4_中性,238,0,1,1,0,"{""count"": 0}"
img_0242,L7_不确定就0,238,0,1,1,0,"{""count"": 0}"
img_0243,L7_不确定就0,289,0,1,1,0,"{""count"": 0}"
img_0242,L5_逐一点数,238,0,1,1,0,"{""count"": 0}"
img_0242,L6_只算清晰,238,0,1,1,0,"{""count"": 0}"
img_0242,L3_可近似,238,1500,1,0,0,"{""count"": 1500}"
img_0242,L1_随便给,238,2000,1,0,0,"{""count"": 2000}"
img_0243,L1_随便给,289,500,1,0,0,"{""count"": 500}"
img_0243,L5_逐一点数,289,0,1,1,0,"{""count"": 0}"
img_0243,L3_可近似,289,500,1,0,0,"{""count"": 500}"
img_0243,L4_中性,289,100,1,0,0,"{""count"": 100}"
img_0243,L6_只算清晰,289,100,1,0,0,"{""count"": 100}"
img_0244,L2_只给数字,228,1000,1,0,0,1000
img_0245,L2_只给数字,308,100,1,0,0,100
img_0245,L5_逐一点数,308,0,1,1,0,"{""count"": 0}"
img_0244,L5_逐一点数,228,0,1,1,0,"{""count"": 0}"
img_0244,L6_只算清晰,228,0,1,1,0,"{""count"": 0}"
img_0244,L7_不确定就0,228,0,1,1,0,"{""count"": 0}"
img_0245,L7_不确定就0,308,0,1,1,0,"{""count"": 0}"
img_0244,L3_可近似,228,500,1,0,0,"{""count"": 500}"
img_0244,L1_随便给,228,500,1,0,0,"{""count"": 500}"
img_0245,L6_只算清晰,308,30,1,0,0,"{""count"": 30}"
img_0244,L4_中性,228,200,1,0,0,"{""count"": 200}"
img_0247,L2_只给数字,214,1000,1,0,0,1000
img_0247,L7_不确定就0,214,0,1,1,0,"{""count"": 0}"
img_0248,L2_只给数字,205,100,1,0,0,100
img_0245,L4_中性,308,100,1,0,0,"{""count"": 100}"
img_0245,L1_随便给,308,300,1,0,0,"{""count"": 300}"
img_0247,L5_逐一点数,214,0,1,1,0,"{""count"": 0}"
img_0245,L3_可近似,308,200,1,0,0,"{""count"": 200}"
img_0247,L1_随便给,214,500,1,0,0,"{""count"": 500}"
img_0246,L2_只给数字,1036,1000,1,0,0,1000
img_0247,L6_只算清晰,214,0,1,1,0,"{""count"": 0}"
img_0247,L4_中性,214,100,1,0,0,"{""count"": 100}"
img_0248,L5_逐一点数,205,0,1,1,0,"{""count"": 0}"
img_0246,L7_不确定就0,1036,0,1,1,0,"{""count"": 0}"
img_0247,L3_可近似,214,500,1,0,0,"{""count"": 500}"
img_0248,L4_中性,205,100,1,0,0,"{""count"": 100}"
img_0246,L6_只算清晰,1036,10,1,0,0,"{""count"": 10}"
img_0248,L6_只算清晰,205,10,1,0,0,"{""count"": 10}"
img_0248,L3_可近似,205,500,1,0,0,"{""count"": 500}"
img_0248,L1_随便给,205,500,1,0,0,"{""count"": 500}"
img_0246,L5_逐一点数,1036,1000,1,0,0,"{""count"": 1000}"
img_0246,L1_随便给,1036,5000,1,0,0,"{""count"": 5000}"
img_0246,L4_中性,1036,1000,1,0,0,"{""count"": 1000}"
img_0246,L3_可近似,1036,1000,1,0,0,"{""count"": 1000}"
img_0252,L2_只给数字,340,1000,1,0,0,1000
img_0252,L6_只算清晰,340,0,1,1,0,"{""count"": 0}"
img_0252,L5_逐一点数,340,0,1,1,0,"{""count"": 0}"
img_0252,L7_不确定就0,340,0,1,1,0,"{""count"": 0}"
img_0252,L4_中性,340,0,1,1,0,"{""count"": 0}"
img_0250,L2_只给数字,65,45,1,0,0,45
img_0252,L1_随便给,340,1000,1,0,0,"{""count"": 1000}"
img_0252,L3_可近似,340,1000,1,0,0,"{""count"": 1000}"
img_0253,L2_只给数字,163,1000,1,0,0,1000
img_0250,L5_逐一点数,65,40,1,0,0,"{""count"": 40}"
img_0250,L7_不确定就0,65,0,1,1,0,"{""count"": 0}"
img_0250,L4_中性,65,50,1,0,0,"{""count"": 50}"
img_0251,L2_只给数字,184,1000,1,0,0,1000
img_0250,L1_随便给,65,70,1,0,0,"{""count"": 70}"
img_0253,L1_随便给,163,500,1,0,0,"{""count"": 500}"
img_0251,L6_只算清晰,184,0,1,1,0,"{""count"": 0}"
img_0253,L3_可近似,163,500,1,0,0,"{""count"": 500}"
img_0251,L5_逐一点数,184,0,1,1,0,"{""count"": 0}"
img_0250,L6_只算清晰,65,42,1,0,0,"{""count"": 42}"
img_0250,L3_可近似,65,75,1,0,0,"{""count"": 75}"
img_0251,L7_不确定就0,184,0,1,1,0,"{""count"": 0}"
img_0249,L2_只给数字,83,100,1,0,0,100
img_0253,L4_中性,163,10,1,0,0,"{""count"": 10}"
img_0251,L4_中性,184,0,1,1,0,"{""count"": 0}"
img_0248,L7_不确定就0,205,0,1,1,0,"{""count"": 0}"
img_0251,L3_可近似,184,800,1,0,0,"{""count"": 800}"
img_0249,L4_中性,83,50,1,0,0,"{""count"": 50}"
img_0251,L1_随便给,184,1000,1,0,0,"{""count"": 1000}"
img_0253,L7_不确定就0,163,0,1,1,0,"{""count"": 0}"
img_0249,L7_不确定就0,83,0,1,1,0,"{""count"": 0}"
img_0253,L6_只算清晰,163,10,1,0,0,"{""count"": 10}"
img_0249,L6_只算清晰,83,30,1,0,0,"{""count"": 30}"
img_0249,L5_逐一点数,83,50,1,0,0,"{""count"": 50}"
img_0253,L5_逐一点数,163,10,1,0,0,"{""count"": 10}"
img_0254,L2_只给数字,829,1000,1,0,0,1000
img_0249,L3_可近似,83,100,1,0,0,"{""count"": 100}"
img_0249,L1_随便给,83,100,1,0,0,"{""count"": 100}"
img_0254,L4_中性,829,0,1,1,0,"{""count"": 0}"
img_0254,L7_不确定就0,829,0,1,1,0,"{""count"": 0}"
img_0254,L6_只算清晰,829,0,1,1,0,"{""count"": 0}"
img_0254,L5_逐一点数,829,0,1,1,0,"{""count"": 0}"
img_0255,L2_只给数字,3970,10000,1,0,0,10000
img_0255,L6_只算清晰,3970,0,1,1,0,"{""count"": 0}"
img_0255,L5_逐一点数,3970,0,1,1,0,"{""count"": 0}"
img_0255,L7_不确定就0,3970,0,1,1,0,"{""count"": 0}"
img_0255,L4_中性,3970,0,1,1,0,"{""count"": 0}"
img_0254,L1_随便给,829,2000,1,0,0,"{""count"": 2000}"
img_0256,L2_只给数字,2240,10000,1,0,0,10000
img_0254,L3_可近似,829,2000,1,0,0,"{""count"": 2000}"
img_0257,L2_只给数字,2371,9999,1,0,0,9999
img_0256,L4_中性,2240,0,1,1,0,"{""count"": 0}"
img_0256,L5_逐一点数,2240,0,1,1,0,"{""count"": 0}"
img_0256,L7_不确定就0,2240,0,1,1,0,"{""count"": 0}"
img_0255,L1_随便给,3970,5000,1,0,0,"{""count"": 5000}"
img_0255,L3_可近似,3970,5000,1,0,0,"{""count"": 5000}"
img_0257,L5_逐一点数,2371,0,1,1,0,"{""count"": 0}"
img_0256,L1_随便给,2240,5000,1,0,0,"{""count"": 5000}"
img_0257,L4_中性,2371,0,1,1,0,"{""count"": 0}"
img_0256,L6_只算清晰,2240,0,1,1,0,"{""count"": 0}"
img_0257,L7_不确定就0,2371,0,1,1,0,"{""count"": 0}"
img_0257,L6_只算清晰,2371,0,1,1,0,"{""count"": 0}"
img_0258,L2_只给数字,994,1000,1,0,0,1000
img_0256,L3_可近似,2240,5000,1,0,0,"{""count"": 5000}"
img_0257,L1_随便给,2371,10000,1,0,0,"{""count"": 10000}"
img_0258,L1_随便给,994,2000,1,0,0,"{""count"": 2000}"
img_0257,L3_可近似,2371,10000,1,0,0,"{""count"": 10000}"
img_0258,L5_逐一点数,994,0,1,1,0,"{""count"": 0}"
img_0258,L3_可近似,994,2000,1,0,0,"{""count"": 2000}"
img_0259,L2_只给数字,338,1000,1,0,0,1000
img_0259,L5_逐一点数,338,0,1,1,0,"{""count"": 0}"
img_0258,L7_不确定就0,994,0,1,1,0,"{""count"": 0}"
img_0259,L7_不确定就0,338,0,1,1,0,"{""count"": 0}"
img_0258,L6_只算清晰,994,0,1,1,0,"{""count"": 0}"
img_0258,L4_中性,994,0,1,1,0,"{""count"": 0}"
img_0260,L2_只给数字,2116,10000,1,0,0,10000
img_0259,L6_只算清晰,338,100,1,0,0,"{""count"": 100}"
img_0259,L3_可近似,338,500,1,0,0,"{""count"": 500}"
img_0259,L1_随便给,338,500,1,0,0,"{""count"": 500}"
img_0259,L4_中性,338,100,1,0,0,"{""count"": 100}"
img_0262,L2_只给数字,550,999,1,0,0,999
img_0260,L1_随便给,2116,5000,1,0,0,"{""count"": 5000}"
img_0263,L1_随便给,258,500,1,0,0,"{""count"": 500}"
img_0260,L3_可近似,2116,2500,1,0,0,"{""count"": 2500}"
img_0261,L2_只给数字,343,1000,1,0,0,1000
img_0262,L6_只算清晰,550,0,1,1,0,"{""count"": 0}"
img_0260,L4_中性,2116,0,1,1,0,"{""count"": 0}"
img_0260,L5_逐一点数,2116,0,1,1,0,"{""count"": 0}"
img_0262,L3_可近似,550,1500,1,0,0,"{""count"": 1500}"
img_0262,L7_不确定就0,550,0,1,1,0,"{""count"": 0}"
img_0260,L7_不确定就0,2116,0,1,1,0,"{""count"": 0}"
img_0262,L1_随便给,550,1000,1,0,0,"{""count"": 1000}"
img_0262,L4_中性,550,1000,1,0,0,"{""count"": 1000}"
img_0261,L7_不确定就0,343,0,1,1,0,"{""count"": 0}"
img_0262,L5_逐一点数,550,1000,1,0,0,"{""count"": 1000}"
img_0263,L2_只给数字,258,1000,1,0,0,1000
img_0261,L5_逐一点数,343,0,1,1,0,"{""count"": 0}"
img_0261,L6_只算清晰,343,0,1,1,0,"{""count"": 0}"
img_0261,L1_随便给,343,500,1,0,0,"{""count"": 500}"
img_0260,L6_只算清晰,2116,0,1,1,0,"{""count"": 0}"
img_0264,L2_只给数字,225,1000,1,0,0,1000
img_0263,L7_不确定就0,258,0,1,1,0,"{""count"": 0}"
img_0263,L5_逐一点数,258,0,1,1,0,"{""count"": 0}"
img_0263,L6_只算清晰,258,0,1,1,0,"{""count"": 0}"
img_0261,L4_中性,343,300,1,0,0,"{""count"": 300}"
img_0261,L3_可近似,343,500,1,0,0,"{""count"": 500}"
img_0265,L2_只给数字,245,1000,1,0,0,1000
img_0264,L4_中性,225,0,1,1,0,"{""count"": 0}"
img_0263,L3_可近似,258,800,1,0,0,"{""count"": 800}"
img_0264,L7_不确定就0,225,0,1,1,0,"{""count"": 0}"
img_0264,L5_逐一点数,225,0,1,1,0,"{""count"": 0}"
img_0263,L4_中性,258,1000,1,0,0,"{""count"": 1000}"
img_0264,L6_只算清晰,225,0,1,1,0,"{""count"": 0}"
img_0264,L1_随便给,225,2000,1,0,0,"{""count"": 2000}"
img_0265,L5_逐一点数,245,0,1,1,0,"{""count"": 0}"
img_0264,L3_可近似,225,1000,1,0,0,"{""count"": 1000}"
img_0265,L7_不确定就0,245,0,1,1,0,"{""count"": 0}"
img_0266,L4_中性,3653,0,1,1,0,"{""count"": 0}"
img_0265,L1_随便给,245,500,1,0,0,"{""count"": 500}"
img_0265,L6_只算清晰,245,100,1,0,0,"{""count"": 100}"
img_0265,L4_中性,245,100,1,0,0,"{""count"": 100}"
img_0267,L2_只给数字,1103,1000,1,0,0,1000
img_0265,L3_可近似,245,500,1,0,0,"{""count"": 500}"
img_0266,L2_只给数字,3653,1000000,1,0,0,1000000
img_0266,L6_只算清晰,3653,0,1,1,0,"{""count"": 0}"
img_0266,L7_不确定就0,3653,0,1,1,0,"{""count"": 0}"
img_0267,L4_中性,1103,0,1,1,0,"{""count"": 0}"
img_0267,L6_只算清晰,1103,0,1,1,0,"{""count"": 0}"
img_0268,L2_只给数字,1400,10000,1,0,0,10000
img_0267,L7_不确定就0,1103,0,1,1,0,"{""count"": 0}"
img_0267,L5_逐一点数,1103,0,1,1,0,"{""count"": 0}"
img_0266,L1_随便给,3653,500000,1,0,0,"{""count"": 500000}"
img_0267,L1_随便给,1103,5000,1,0,0,"{""count"": 5000}"
img_0266,L5_逐一点数,3653,,0,0,1,"{""count"": ""无法精确计数""}"
img_0266,L3_可近似,3653,500000,1,0,0,"{""count"": 500000}"
img_0268,L6_只算清晰,1400,0,1,1,0,"{""count"": 0}"
img_0267,L3_可近似,1103,2500,1,0,0,"{""count"": 2500}"
img_0268,L4_中性,1400,0,1,1,0,"{""count"": 0}"
img_0269,L2_只给数字,3304,9999,1,0,0,9999
img_0270,L2_只给数字,276,1000,1,0,0,1000
img_0268,L7_不确定就0,1400,0,1,1,0,"{""count"": 0}"
img_0268,L1_随便给,1400,50000,1,0,0,"{""count"": 50000}"
img_0270,L5_逐一点数,276,0,1,1,0,"{""count"": 0}"
img_0269,L4_中性,3304,0,1,1,0,"{""count"": 0}"
img_0271,L2_只给数字,916,10000,1,0,0,10000
img_0269,L6_只算清晰,3304,0,1,1,0,"{""count"": 0}"
img_0268,L5_逐一点数,1400,,0,0,1,"{""count"": ""无法精确计数""}"
img_0268,L3_可近似,1400,10000,1,0,0,"{""count"": 10000}"
img_0270,L6_只算清晰,276,0,1,1,0,"{""count"": 0}"
img_0270,L7_不确定就0,276,0,1,1,0,"{""count"": 0}"
img_0269,L7_不确定就0,3304,0,1,1,0,"{""count"": 0}"
img_0270,L4_中性,276,0,1,1,0,"{""count"": 0}"
img_0270,L3_可近似,276,500,1,0,0,"{""count"": 500}"
img_0269,L5_逐一点数,3304,,0,0,1,"{""count"": ""无法精确计数""}"
img_0270,L1_随便给,276,500,1,0,0,"{""count"": 500}"
img_0269,L3_可近似,3304,50000,1,0,0,"{""count"": 50000}"
img_0271,L5_逐一点数,916,0,1,1,0,"{""count"": 0}"
img_0271,L7_不确定就0,916,0,1,1,0,"{""count"": 0}"
img_0271,L4_中性,916,0,1,1,0,"{""count"": 0}"
img_0271,L1_随便给,916,5000,1,0,0,"{""count"": 5000}"
img_0269,L1_随便给,3304,100000,1,0,0,"{""count"": 100000}"
img_0271,L6_只算清晰,916,10,1,0,0,"{""count"": 10}"
img_0271,L3_可近似,916,5000,1,0,0,"{""count"": 5000}"
img_0272,L2_只给数字,1798,10000,1,0,0,10000
img_0272,L4_中性,1798,0,1,1,0,"{""count"": 0}"
img_0272,L7_不确定就0,1798,0,1,1,0,"{""count"": 0}"
img_0272,L5_逐一点数,1798,0,1,1,0,"{""count"": 0}"
img_0272,L6_只算清晰,1798,0,1,1,0,"{""count"": 0}"
img_0273,L1_随便给,948,5000,1,0,0,"{""count"": 5000}"
img_0272,L1_随便给,1798,10000,1,0,0,"{""count"": 10000}"
img_0274,L6_只算清晰,457,0,1,1,0,"{""count"": 0}"
img_0272,L3_可近似,1798,10000,1,0,0,"{""count"": 10000}"
img_0275,L5_逐一点数,1070,0,1,1,0,"{""count"": 0}"
img_0274,L2_只给数字,457,1000,1,0,0,1000
img_0275,L2_只给数字,1070,10000,1,0,0,10000
img_0274,L4_中性,457,500,1,0,0,"{""count"": 500}"
img_0274,L1_随便给,457,1000,1,0,0,"{""count"": 1000}"
img_0274,L5_逐一点数,457,0,1,1,0,"{""count"": 0}"
img_0275,L1_随便给,1070,5000,1,0,0,"{""count"": 5000}"
img_0273,L2_只给数字,948,999,1,0,0,999
img_0275,L4_中性,1070,0,1,1,0,"{""count"": 0}"
img_0274,L7_不确定就0,457,0,1,1,0,"{""count"": 0}"
img_0276,L2_只给数字,302,1000,1,0,0,1000
img_0275,L6_只算清晰,1070,0,1,1,0,"{""count"": 0}"
img_0275,L7_不确定就0,1070,0,1,1,0,"{""count"": 0}"
img_0274,L3_可近似,457,1000,1,0,0,"{""count"": 1000}"
img_0277,L2_只给数字,259,1000,1,0,0,1000
img_0273,L4_中性,948,0,1,1,0,"{""count"": 0}"
img_0273,L5_逐一点数,948,0,1,1,0,"{""count"": 0}"
img_0273,L7_不确定就0,948,0,1,1,0,"{""count"": 0}"
img_0273,L6_只算清晰,948,0,1,1,0,"{""count"": 0}"
img_0275,L3_可近似,1070,5000,1,0,0,"{""count"": 5000}"
img_0276,L5_逐一点数,302,0,1,1,0,"{""count"": 0}"
img_0276,L7_不确定就0,302,0,1,1,0,"{""count"": 0}"
img_0278,L2_只给数字,518,1000,1,0,0,1000
img_0276,L1_随便给,302,500,1,0,0,"{""count"": 500}"
img_0277,L6_只算清晰,259,0,1,1,0,"{""count"": 0}"
img_0273,L3_可近似,948,5000,1,0,0,"{""count"": 5000}"
img_0277,L5_逐一点数,259,0,1,1,0,"{""count"": 0}"
img_0276,L4_中性,302,200,1,0,0,"{""count"": 200}"
img_0277,L7_不确定就0,259,0,1,1,0,"{""count"": 0}"
img_0276,L6_只算清晰,302,200,1,0,0,"{""count"": 200}"
img_0277,L1_随便给,259,500,1,0,0,"{""count"": 500}"
img_0276,L3_可近似,302,500,1,0,0,"{""count"": 500}"
img_0278,L4_中性,518,0,1,1,0,"{""count"": 0}"
img_0279,L2_只给数字,560,1000,1,0,0,1000
img_0278,L5_逐一点数,518,0,1,1,0,"{""count"": 0}"
img_0277,L3_可近似,259,500,1,0,0,"{""count"": 500}"
img_0277,L4_中性,259,100,1,0,0,"{""count"": 100}"
img_0278,L1_随便给,518,1500,1,0,0,"{""count"": 1500}"
img_0278,L7_不确定就0,518,0,1,1,0,"{""count"": 0}"
img_0278,L6_只算清晰,518,0,1,1,0,"{""count"": 0}"
img_0279,L4_中性,560,0,1,1,0,"{""count"": 0}"
img_0280,L2_只给数字,558,1000,1,0,0,1000
img_0278,L3_可近似,518,1500,1,0,0,"{""count"": 1500}"
img_0279,L7_不确定就0,560,0,1,1,0,"{""count"": 0}"
img_0279,L5_逐一点数,560,0,1,1,0,"{""count"": 0}"
img_0279,L6_只算清晰,560,0,1,1,0,"{""count"": 0}"
img_0280,L4_中性,558,0,1,1,0,"{""count"": 0}"
img_0281,L2_只给数字,871,10000,1,0,0,10000
img_0279,L1_随便给,560,1500,1,0,0,"{""count"": 1500}"
img_0280,L7_不确定就0,558,0,1,1,0,"{""count"": 0}"
img_0279,L3_可近似,560,1500,1,0,0,"{""count"": 1500}"
img_0282,L2_只给数字,574,1000,1,0,0,1000
img_0280,L6_只算清晰,558,0,1,1,0,"{""count"": 0}"
img_0280,L5_逐一点数,558,0,1,1,0,"{""count"": 0}"
img_0281,L5_逐一点数,871,0,1,1,0,"{""count"": 0}"
img_0283,L2_只给数字,241,100,1,0,0,100
img_0280,L1_随便给,558,1500,1,0,0,"{""count"": 1500}"
img_0281,L6_只算清晰,871,0,1,1,0,"{""count"": 0}"
img_0282,L4_中性,574,0,1,1,0,"{""count"": 0}"
img_0281,L4_中性,871,0,1,1,0,"{""count"": 0}"
img_0282,L7_不确定就0,574,0,1,1,0,"{""count"": 0}"
img_0281,L1_随便给,871,5000,1,0,0,"{""count"": 5000}"
img_0282,L5_逐一点数,574,0,1,1,0,"{""count"": 0}"
img_0282,L6_只算清晰,574,0,1,1,0,"{""count"": 0}"
img_0280,L3_可近似,558,1500,1,0,0,"{""count"": 1500}"
img_0281,L7_不确定就0,871,0,1,1,0,"{""count"": 0}"
img_0281,L3_可近似,871,2500,1,0,0,"{""count"": 2500}"
img_0282,L3_可近似,574,1000,1,0,0,"{""count"": 1000}"
img_0282,L1_随便给,574,1000,1,0,0,"{""count"": 1000}"
img_0283,L5_逐一点数,241,0,1,1,0,"{""count"": 0}"
img_0283,L6_只算清晰,241,0,1,1,0,"{""count"": 0}"
img_0283,L1_随便给,241,500,1,0,0,"{""count"": 500}"
img_0283,L7_不确定就0,241,0,1,1,0,"{""count"": 0}"
img_0283,L4_中性,241,100,1,0,0,"{""count"": 100}"
img_0283,L3_可近似,241,500,1,0,0,"{""count"": 500}"
img_0284,L2_只给数字,376,1000,1,0,0,1000
img_0285,L2_只给数字,582,1000,1,0,0,1000
img_0286,L2_只给数字,937,9999,1,0,0,9999
img_0287,L2_只给数字,229,100,1,0,0,100
img_0286,L4_中性,937,0,1,1,0,"{""count"": 0}"
img_0285,L7_不确定就0,582,0,1,1,0,"{""count"": 0}"
img_0284,L7_不确定就0,376,0,1,1,0,"{""count"": 0}"
img_0286,L7_不确定就0,937,0,1,1,0,"{""count"": 0}"
img_0285,L6_只算清晰,582,0,1,1,0,"{""count"": 0}"
img_0288,L2_只给数字,216,100,1,0,0,100
img_0286,L6_只算清晰,937,0,1,1,0,"{""count"": 0}"
img_0284,L6_只算清晰,376,0,1,1,0,"{""count"": 0}"
img_0284,L5_逐一点数,376,0,1,1,0,"{""count"": 0}"
img_0287,L7_不确定就0,229,0,1,1,0,"{""count"": 0}"
img_0287,L6_只算清晰,229,0,1,1,0,"{""count"": 0}"
img_0284,L1_随便给,376,500,1,0,0,"{""count"": 500}"
img_0284,L3_可近似,376,500,1,0,0,"{""count"": 500}"
img_0287,L4_中性,229,0,1,1,0,"{""count"": 0}"
img_0284,L4_中性,376,300,1,0,0,"{""count"": 300}"
img_0287,L5_逐一点数,229,0,1,1,0,"{""count"": 0}"
img_0285,L4_中性,582,500,1,0,0,"{""count"": 500}"
img_0286,L5_逐一点数,937,,0,0,1,"{""count"": ""无法精确计数""}"
img_0285,L1_随便给,582,1000,1,0,0,"{""count"": 1000}"
img_0285,L3_可近似,582,1000,1,0,0,"{""count"": 1000}"
img_0285,L5_逐一点数,582,1000,1,0,0,"{""count"": 1000}"
img_0287,L3_可近似,229,500,1,0,0,"{""count"": 500}"
img_0286,L3_可近似,937,10000,1,0,0,"{""count"": 10000}"
img_0287,L1_随便给,229,500,1,0,0,"{""count"": 500}"
img_0286,L1_随便给,937,10000,1,0,0,"{""count"": 10000}"
img_0288,L1_随便给,216,300,1,0,0,"{""count"": 300}"
img_0288,L5_逐一点数,216,0,1,1,0,"{""count"": 0}"
img_0288,L3_可近似,216,300,1,0,0,"{""count"": 300}"
img_0288,L4_中性,216,100,1,0,0,"{""count"": 100}"
img_0289,L2_只给数字,251,100,1,0,0,100
img_0291,L2_只给数字,357,999,1,0,0,999
img_0290,L2_只给数字,556,1000,1,0,0,1000
img_0289,L6_只算清晰,251,0,1,1,0,"{""count"": 0}"
img_0289,L7_不确定就0,251,0,1,1,0,"{""count"": 0}"
img_0289,L1_随便给,251,500,1,0,0,"{""count"": 500}"
img_0289,L5_逐一点数,251,0,1,1,0,"{""count"": 0}"
img_0290,L6_只算清晰,556,0,1,1,0,"{""count"": 0}"
img_0290,L4_中性,556,0,1,1,0,"{""count"": 0}"
img_0292,L2_只给数字,260,1000,1,0,0,1000
img_0288,L6_只算清晰,216,0,1,1,0,"{""count"": 0}"
img_0290,L5_逐一点数,556,0,1,1,0,"{""count"": 0}"
img_0291,L4_中性,357,0,1,1,0,"{""count"": 0}"
img_0289,L4_中性,251,100,1,0,0,"{""count"": 100}"
img_0290,L7_不确定就0,556,0,1,1,0,"{""count"": 0}"
img_0288,L7_不确定就0,216,0,1,1,0,"{""count"": 0}"
img_0289,L3_可近似,251,200,1,0,0,"{""count"": 200}"
img_0291,L5_逐一点数,357,0,1,1,0,"{""count"": 0}"
img_0291,L7_不确定就0,357,0,1,1,0,"{""count"": 0}"
img_0291,L6_只算清晰,357,0,1,1,0,"{""count"": 0}"
img_0290,L1_随便给,556,5000,1,0,0,"{""count"": 5000}"
img_0292,L5_逐一点数,260,0,1,1,0,"{""count"": 0}"
img_0292,L4_中性,260,0,1,1,0,"{""count"": 0}"
img_0290,L3_可近似,556,5000,1,0,0,"{""count"": 5000}"
img_0291,L1_随便给,357,2000,1,0,0,"{""count"": 2000}"
img_0292,L1_随便给,260,500,1,0,0,"{""count"": 500}"
img_0291,L3_可近似,357,1000,1,0,0,"{""count"": 1000}"
img_0292,L6_只算清晰,260,0,1,1,0,"{""count"": 0}"
img_0293,L2_只给数字,1433,9999,1,0,0,9999
img_0292,L3_可近似,260,500,1,0,0,"{""count"": 500}"
img_0292,L7_不确定就0,260,0,1,1,0,"{""count"": 0}"
img_0294,L2_只给数字,791,1000,1,0,0,1000
img_0293,L7_不确定就0,1433,0,1,1,0,"{""count"": 0}"
img_0293,L6_只算清晰,1433,0,1,1,0,"{""count"": 0}"
img_0293,L4_中性,1433,0,1,1,0,"{""count"": 0}"
img_0293,L5_逐一点数,1433,0,1,1,0,"{""count"": 0}"
img_0295,L2_只给数字,1477,1000,1,0,0,1000
img_0296,L2_只给数字,1341,999,1,0,0,999
img_0293,L1_随便给,1433,10000,1,0,0,"{""count"": 10000}"
img_0297,L2_只给数字,429,999,1,0,0,999
img_0295,L6_只算清晰,1477,0,1,1,0,"{""count"": 0}"
img_0295,L5_逐一点数,1477,0,1,1,0,"{""count"": 0}"
img_0293,L3_可近似,1433,10000,1,0,0,"{""count"": 10000}"
img_0295,L7_不确定就0,1477,0,1,1,0,"{""count"": 0}"
img_0296,L4_中性,1341,0,1,1,0,"{""count"": 0}"
img_0294,L6_只算清晰,791,0,1,1,0,"{""count"": 0}"
img_0296,L6_只算清晰,1341,0,1,1,0,"{""count"": 0}"
img_0294,L4_中性,791,0,1,1,0,"{""count"": 0}"
img_0295,L4_中性,1477,0,1,1,0,"{""count"": 0}"
img_0294,L1_随便给,791,1500,1,0,0,"{""count"": 1500}"
img_0294,L5_逐一点数,791,0,1,1,0,"{""count"": 0}"
img_0294,L7_不确定就0,791,0,1,1,0,"{""count"": 0}"
img_0296,L1_随便给,1341,5000,1,0,0,"{""count"": 5000}"
img_0296,L7_不确定就0,1341,0,1,1,0,"{""count"": 0}"
img_0295,L1_随便给,1477,5000,1,0,0,"{""count"": 5000}"
img_0297,L4_中性,429,0,1,1,0,"{""count"": 0}"
img_0297,L5_逐一点数,429,0,1,1,0,"{""count"": 0}"
img_0296,L3_可近似,1341,5000,1,0,0,"{""count"": 5000}"
img_0295,L3_可近似,1477,3000,1,0,0,"{""count"": 3000}"
img_0294,L3_可近似,791,1500,1,0,0,"{""count"": 1500}"
img_0297,L6_只算清晰,429,0,1,1,0,"{""count"": 0}"
img_0296,L5_逐一点数,1341,1000,1,0,0,"{""count"": 1000}"
img_0297,L1_随便给,429,1500,1,0,0,"{""count"": 1500}"
img_0297,L3_可近似,429,1000,1,0,0,"{""count"": 1000}"
img_0298,L2_只给数字,284,1000,1,0,0,1000
img_0299,L2_只给数字,165,100,1,0,0,100
img_0301,L2_只给数字,207,1000,1,0,0,1000
img_0298,L5_逐一点数,284,0,1,1,0,"{""count"": 0}"
img_0298,L6_只算清晰,284,0,1,1,0,"{""count"": 0}"
img_0297,L7_不确定就0,429,0,1,1,0,"{""count"": 0}"
img_0299,L7_不确定就0,165,0,1,1,0,"{""count"": 0}"
img_0301,L6_只算清晰,207,0,1,1,0,"{""count"": 0}"
img_0301,L5_逐一点数,207,0,1,1,0,"{""count"": 0}"
img_0300,L2_只给数字,236,150,1,0,0,150
img_0298,L7_不确定就0,284,0,1,1,0,"{""count"": 0}"
img_0298,L4_中性,284,0,1,1,0,"{""count"": 0}"
img_0301,L4_中性,207,0,1,1,0,"{""count"": 0}"
img_0299,L5_逐一点数,165,100,1,0,0,"{""count"": 100}"
img_0298,L3_可近似,284,1500,1,0,0,"{""count"": 1500}"
img_0298,L1_随便给,284,1500,1,0,0,"{""count"": 1500}"
img_0299,L6_只算清晰,165,100,1,0,0,"{""count"": 100}"
img_0299,L1_随便给,165,150,1,0,0,"{""count"": 150}"
img_0299,L4_中性,165,100,1,0,0,"{""count"": 100}"
img_0299,L3_可近似,165,150,1,0,0,"{""count"": 150}"
img_0301,L1_随便给,207,500,1,0,0,"{""count"": 500}"
img_0301,L3_可近似,207,500,1,0,0,"{""count"": 500}"
img_0302,L2_只给数字,315,1000,1,0,0,1000
img_0300,L1_随便给,236,300,1,0,0,"{""count"": 300}"
img_0300,L3_可近似,236,250,1,0,0,"{""count"": 250}"
img_0301,L7_不确定就0,207,0,1,1,0,"{""count"": 0}"
img_0300,L6_只算清晰,236,0,1,1,0,"{""count"": 0}"
img_0300,L7_不确定就0,236,0,1,1,0,"{""count"": 0}"
img_0300,L4_中性,236,200,1,0,0,"{""count"": 200}"
img_0300,L5_逐一点数,236,200,1,0,0,"{""count"": 200}"
img_0302,L1_随便给,315,300,1,0,0,"{""count"": 300}"
img_0302,L5_逐一点数,315,250,1,0,0,"{""count"": 250}"
img_0302,L6_只算清晰,315,0,1,1,0,"{""count"": 0}"
img_0302,L4_中性,315,250,1,0,0,"{""count"": 250}"
img_0302,L3_可近似,315,300,1,0,0,"{""count"": 300}"
img_0302,L7_不确定就0,315,0,1,1,0,"{""count"": 0}"
img_0305,L2_只给数字,654,1000,1,0,0,1000
img_0304,L2_只给数字,2593,10000,1,0,0,10000
img_0305,L7_不确定就0,654,0,1,1,0,"{""count"": 0}"
img_0305,L4_中性,654,0,1,1,0,"{""count"": 0}"
img_0305,L1_随便给,654,2000,1,0,0,"{""count"": 2000}"
img_0303,L2_只给数字,2154,10000,1,0,0,10000
img_0305,L3_可近似,654,1500,1,0,0,"{""count"": 1500}"
img_0304,L7_不确定就0,2593,0,1,1,0,"{""count"": 0}"
img_0305,L6_只算清晰,654,0,1,1,0,"{""count"": 0}"
img_0305,L5_逐一点数,654,0,1,1,0,"{""count"": 0}"
img_0304,L6_只算清晰,2593,0,1,1,0,"{""count"": 0}"
img_0304,L4_中性,2593,0,1,1,0,"{""count"": 0}"
img_0303,L6_只算清晰,2154,0,1,1,0,"{""count"": 0}"
img_0304,L1_随便给,2593,10000,1,0,0,"{""count"": 10000}"
img_0306,L2_只给数字,2702,10000,1,0,0,10000
img_0303,L4_中性,2154,0,1,1,0,"{""count"": 0}"
img_0303,L7_不确定就0,2154,0,1,1,0,"{""count"": 0}"
img_0303,L3_可近似,2154,10000,1,0,0,"{""count"": 10000}"
img_0306,L5_逐一点数,2702,1,1,0,0,"{""count"": 1}"
img_0306,L4_中性,2702,0,1,1,0,"{""count"": 0}"
img_0306,L6_只算清晰,2702,0,1,1,0,"{""count"": 0}"
img_0304,L5_逐一点数,2593,,0,0,1,"{""count"": ""无法精确计数""}"
img_0307,L2_只给数字,1077,10000,1,0,0,10000
img_0303,L5_逐一点数,2154,,0,0,1,"{""count"": ""无法精确计数""}"
img_0306,L7_不确定就0,2702,0,1,1,0,"{""count"": 0}"
img_0304,L3_可近似,2593,10000,1,0,0,"{""count"": 10000}"
img_0303,L1_随便给,2154,10000,1,0,0,"{""count"": 10000}"
img_0307,L4_中性,1077,0,1,1,0,"{""count"": 0}"
img_0307,L6_只算清晰,1077,0,1,1,0,"{""count"": 0}"
img_0308,L2_只给数字,3568,10000,1,0,0,10000
img_0307,L5_逐一点数,1077,0,1,1,0,"{""count"": 0}"
img_0306,L1_随便给,2702,20000,1,0,0,"{""count"": 20000}"
img_0307,L3_可近似,1077,2500,1,0,0,"{""count"": 2500}"
img_0307,L7_不确定就0,1077,0,1,1,0,"{""count"": 0}"
img_0306,L3_可近似,2702,10000,1,0,0,"{""count"": 10000}"
img_0308,L4_中性,3568,0,1,1,0,"{""count"": 0}"
img_0307,L1_随便给,1077,5000,1,0,0,"{""count"": 5000}"
img_0308,L7_不确定就0,3568,0,1,1,0,"{""count"": 0}"
img_0308,L6_只算清晰,3568,0,1,1,0,"{""count"": 0}"
img_0310,L2_只给数字,642,1000,1,0,0,1000
img_0309,L4_中性,663,0,1,1,0,"{""count"": 0}"
img_0309,L7_不确定就0,663,0,1,1,0,"{""count"": 0}"
img_0309,L5_逐一点数,663,0,1,1,0,"{""count"": 0}"
img_0309,L6_只算清晰,663,0,1,1,0,"{""count"": 0}"
img_0308,L1_随便给,3568,20000,1,0,0,"{""count"": 20000}"
img_0309,L1_随便给,663,5000,1,0,0,"{""count"": 5000}"
img_0308,L3_可近似,3568,10000,1,0,0,"{""count"": 10000}"
img_0311,L2_只给数字,909,1000,1,0,0,1000
img_0308,L5_逐一点数,3568,,0,0,1,"{""count"": ""无法精确计数""}"
img_0310,L5_逐一点数,642,0,1,1,0,"{""count"": 0}"
img_0309,L3_可近似,663,5000,1,0,0,"{""count"": 5000}"
img_0310,L7_不确定就0,642,0,1,1,0,"{""count"": 0}"
img_0310,L6_只算清晰,642,0,1,1,0,"{""count"": 0}"
img_0310,L4_中性,642,0,1,1,0,"{""count"": 0}"
img_0311,L4_中性,909,0,1,1,0,"{""count"": 0}"
img_0312,L2_只给数字,270,1000,1,0,0,1000
img_0310,L3_可近似,642,1500,1,0,0,"{""count"": 1500}"
img_0311,L5_逐一点数,909,0,1,1,0,"{""count"": 0}"
img_0310,L1_随便给,642,2000,1,0,0,"{""count"": 2000}"
img_0311,L6_只算清晰,909,0,1,1,0,"{""count"": 0}"
img_0311,L7_不确定就0,909,0,1,1,0,"{""count"": 0}"
img_0311,L1_随便给,909,5000,1,0,0,"{""count"": 5000}"
img_0312,L6_只算清晰,270,0,1,1,0,"{""count"": 0}"
img_0312,L1_随便给,270,500,1,0,0,"{""count"": 500}"
img_0312,L7_不确定就0,270,0,1,1,0,"{""count"": 0}"
img_0312,L5_逐一点数,270,0,1,1,0,"{""count"": 0}"
img_0313,L2_只给数字,465,1000,1,0,0,1000
img_0312,L3_可近似,270,500,1,0,0,"{""count"": 500}"
img_0312,L4_中性,270,100,1,0,0,"{""count"": 100}"
img_0311,L3_可近似,909,5000,1,0,0,"{""count"": 5000}"
img_0313,L6_只算清晰,465,0,1,1,0,"{""count"": 0}"
img_0313,L4_中性,465,0,1,1,0,"{""count"": 0}"
img_0313,L7_不确定就0,465,0,1,1,0,"{""count"": 0}"
img_0313,L5_逐一点数,465,0,1,1,0,"{""count"": 0}"
img_0313,L1_随便给,465,1000,1,0,0,"{""count"": 1000}"
img_0313,L3_可近似,465,1000,1,0,0,"{""count"": 1000}"
img_0314,L2_只给数字,820,1000,1,0,0,1000
img_0315,L2_只给数字,383,999,1,0,0,999
img_0317,L2_只给数字,811,999,1,0,0,999
img_0314,L6_只算清晰,820,0,1,1,0,"{""count"": 0}"
img_0314,L7_不确定就0,820,0,1,1,0,"{""count"": 0}"
img_0314,L4_中性,820,0,1,1,0,"{""count"": 0}"
img_0317,L6_只算清晰,811,0,1,1,0,"{""count"": 0}"
img_0315,L4_中性,383,0,1,1,0,"{""count"": 0}"
img_0317,L7_不确定就0,811,0,1,1,0,"{""count"": 0}"
img_0317,L5_逐一点数,811,0,1,1,0,"{""count"": 0}"
img_0314,L1_随便给,820,5000,1,0,0,"{""count"": 5000}"
img_0315,L5_逐一点数,383,0,1,1,0,"{""count"": 0}"
img_0315,L7_不确定就0,383,0,1,1,0,"{""count"": 0}"
img_0317,L4_中性,811,0,1,1,0,"{""count"": 0}"
img_0315,L6_只算清晰,383,0,1,1,0,"{""count"": 0}"
img_0316,L2_只给数字,973,1000,1,0,0,1000
img_0314,L3_可近似,820,2000,1,0,0,"{""count"": 2000}"
img_0316,L5_逐一点数,973,0,1,1,0,"{""count"": 0}"
img_0314,L5_逐一点数,820,1000,1,0,0,"{""count"": 1000}"
img_0315,L3_可近似,383,500,1,0,0,"{""count"": 500}"
img_0315,L1_随便给,383,1000,1,0,0,"{""count"": 1000}"
img_0317,L3_可近似,811,2000,1,0,0,"{""count"": 2000}"
img_0317,L1_随便给,811,5000,1,0,0,"{""count"": 5000}"
img_0316,L7_不确定就0,973,0,1,1,0,"{""count"": 0}"
img_0316,L6_只算清晰,973,0,1,1,0,"{""count"": 0}"
img_0318,L2_只给数字,1616,10000,1,0,0,10000
img_0316,L4_中性,973,0,1,1,0,"{""count"": 0}"
img_0319,L2_只给数字,922,999,1,0,0,999
img_0318,L5_逐一点数,1616,0,1,1,0,"{""count"": 0}"
img_0316,L1_随便给,973,2000,1,0,0,"{""count"": 2000}"
img_0318,L6_只算清晰,1616,0,1,1,0,"{""count"": 0}"
img_0318,L4_中性,1616,0,1,1,0,"{""count"": 0}"
img_0318,L7_不确定就0,1616,0,1,1,0,"{""count"": 0}"
img_0316,L3_可近似,973,2500,1,0,0,"{""count"": 2500}"
img_0318,L1_随便给,1616,5000,1,0,0,"{""count"": 5000}"
img_0320,L2_只给数字,2414,10000,1,0,0,10000
img_0318,L3_可近似,1616,5000,1,0,0,"{""count"": 5000}"
img_0319,L6_只算清晰,922,0,1,1,0,"{""count"": 0}"
img_0320,L4_中性,2414,0,1,1,0,"{""count"": 0}"
img_0319,L7_不确定就0,922,0,1,1,0,"{""count"": 0}"
img_0320,L6_只算清晰,2414,0,1,1,0,"{""count"": 0}"
img_0320,L5_逐一点数,2414,0,1,1,0,"{""count"": 0}"
img_0321,L2_只给数字,2472,10000,1,0,0,10000
img_0319,L5_逐一点数,922,0,1,1,0,"{""count"": 0}"
img_0319,L4_中性,922,0,1,1,0,"{""count"": 0}"
img_0319,L1_随便给,922,5000,1,0,0,"{""count"": 5000}"
img_0320,L7_不确定就0,2414,0,1,1,0,"{""count"": 0}"
img_0321,L4_中性,2472,0,1,1,0,"{""count"": 0}"
img_0321,L6_只算清晰,2472,0,1,1,0,"{""count"": 0}"
img_0319,L3_可近似,922,5000,1,0,0,"{""count"": 5000}"
img_0321,L7_不确定就0,2472,0,1,1,0,"{""count"": 0}"
img_0320,L3_可近似,2414,10000,1,0,0,"{""count"": 10000}"
img_0320,L1_随便给,2414,10000,1,0,0,"{""count"": 10000}"
img_0321,L5_逐一点数,2472,,0,0,1,"{""count"": ""无法精确计数""}"
img_0321,L3_可近似,2472,10000,1,0,0,"{""count"": 10000}"
img_0321,L1_随便给,2472,10000,1,0,0,"{""count"": 10000}"
img_0325,L2_只给数字,1659,9999,1,0,0,9999
img_0324,L5_逐一点数,650,0,1,1,0,"{""count"": 0}"
img_0324,L2_只给数字,650,10000,1,0,0,10000
img_0322,L3_可近似,1613,5000,1,0,0,"{""count"": 5000}"
img_0322,L2_只给数字,1613,10000,1,0,0,10000
img_0325,L4_中性,1659,0,1,1,0,"{""count"": 0}"
img_0325,L7_不确定就0,1659,0,1,1,0,"{""count"": 0}"
img_0324,L1_随便给,650,5000,1,0,0,"{""count"": 5000}"
img_0324,L6_只算清晰,650,0,1,1,0,"{""count"": 0}"
img_0324,L7_不确定就0,650,0,1,1,0,"{""count"": 0}"
img_0325,L6_只算清晰,1659,0,1,1,0,"{""count"": 0}"
img_0322,L6_只算清晰,1613,0,1,1,0,"{""count"": 0}"
img_0326,L2_只给数字,165,100,1,0,0,100
img_0325,L5_逐一点数,1659,0,1,1,0,"{""count"": 0}"
img_0324,L4_中性,650,0,1,1,0,"{""count"": 0}"
img_0322,L4_中性,1613,0,1,1,0,"{""count"": 0}"
img_0322,L5_逐一点数,1613,0,1,1,0,"{""count"": 0}"
img_0322,L7_不确定就0,1613,0,1,1,0,"{""count"": 0}"
img_0324,L3_可近似,650,5000,1,0,0,"{""count"": 5000}"
img_0309,L2_只给数字,663,,0,0,1,无法精确计数，因为图中人群密集且部分重叠，但根据图像内容，人数估计在数千人以上。由于题目要求“只输出一个阿拉伯数字”，且无法给出确切数字，我将基于图像的视觉密度
img_0325,L1_随便给,1659,50000,1,0,0,"{""count"": 50000}"
img_0322,L1_随便给,1613,10000,1,0,0,"{""count"": 10000}"
img_0325,L3_可近似,1659,10000,1,0,0,"{""count"": 10000}"
img_0326,L3_可近似,165,250,1,0,0,"{""count"": 250}"
img_0323,L2_只给数字,2033,10000,1,0,0,10000
img_0323,L5_逐一点数,2033,0,1,1,0,"{""count"": 0}"
img_0326,L1_随便给,165,250,1,0,0,"{""count"": 250}"
img_0323,L4_中性,2033,0,1,1,0,"{""count"": 0}"
img_0323,L7_不确定就0,2033,0,1,1,0,"{""count"": 0}"
img_0323,L6_只算清晰,2033,0,1,1,0,"{""count"": 0}"
img_0323,L3_可近似,2033,5000,1,0,0,"{""count"": 5000}"
img_0323,L1_随便给,2033,5000,1,0,0,"{""count"": 5000}"
img_0326,L7_不确定就0,165,0,1,1,0,"{""count"": 0}"
img_0327,L2_只给数字,1408,9999,1,0,0,9999
img_0329,L2_只给数字,962,500,1,0,0,500
img_0326,L4_中性,165,198,1,0,0,"{""count"": 198}"
img_0328,L2_只给数字,426,1000,1,0,0,1000
img_0326,L5_逐一点数,165,200,1,0,0,"{""count"": 200}"
img_0326,L6_只算清晰,165,100,1,0,0,"{""count"": 100}"
img_0327,L4_中性,1408,0,1,1,0,"{""count"": 0}"
img_0328,L5_逐一点数,426,0,1,1,0,"{""count"": 0}"
img_0328,L7_不确定就0,426,0,1,1,0,"{""count"": 0}"
img_0328,L6_只算清晰,426,0,1,1,0,"{""count"": 0}"
img_0327,L6_只算清晰,1408,0,1,1,0,"{""count"": 0}"
img_0327,L7_不确定就0,1408,0,1,1,0,"{""count"": 0}"
img_0328,L1_随便给,426,500,1,0,0,"{""count"": 500}"
img_0328,L4_中性,426,300,1,0,0,"{""count"": 300}"
img_0327,L1_随便给,1408,10000,1,0,0,"{""count"": 10000}"
img_0327,L5_逐一点数,1408,,0,0,1,"{""count"": ""无法精确计数""}"
img_0328,L3_可近似,426,1000,1,0,0,"{""count"": 1000}"
img_0329,L6_只算清晰,962,0,1,1,0,"{""count"": 0}"
img_0329,L7_不确定就0,962,0,1,1,0,"{""count"": 0}"
img_0329,L5_逐一点数,962,0,1,1,0,"{""count"": 0}"
img_0329,L4_中性,962,0,1,1,0,"{""count"": 0}"
img_0330,L2_只给数字,1668,10000,1,0,0,10000
img_0327,L3_可近似,1408,10000,1,0,0,"{""count"": 10000}"
img_0329,L1_随便给,962,2000,1,0,0,"{""count"": 2000}"
img_0329,L3_可近似,962,1500,1,0,0,"{""count"": 1500}"
img_0331,L2_只给数字,2607,10000,1,0,0,10000
img_0330,L4_中性,1668,0,1,1,0,"{""count"": 0}"
img_0332,L2_只给数字,770,1000,1,0,0,1000
img_0330,L6_只算清晰,1668,0,1,1,0,"{""count"": 0}"
img_0330,L7_不确定就0,1668,0,1,1,0,"{""count"": 0}"
img_0330,L5_逐一点数,1668,0,1,1,0,"{""count"": 0}"
img_0330,L1_随便给,1668,5000,1,0,0,"{""count"": 5000}"
img_0331,L6_只算清晰,2607,0,1,1,0,"{""count"": 0}"
img_0331,L7_不确定就0,2607,0,1,1,0,"{""count"": 0}"
img_0332,L4_中性,770,0,1,1,0,"{""count"": 0}"
img_0331,L5_逐一点数,2607,0,1,1,0,"{""count"": 0}"
img_0333,L2_只给数字,601,9999,1,0,0,9999
img_0330,L3_可近似,1668,5000,1,0,0,"{""count"": 5000}"
img_0332,L5_逐一点数,770,0,1,1,0,"{""count"": 0}"
img_0332,L6_只算清晰,770,0,1,1,0,"{""count"": 0}"
img_0331,L4_中性,2607,0,1,1,0,"{""count"": 0}"
img_0332,L7_不确定就0,770,0,1,1,0,"{""count"": 0}"
img_0331,L1_随便给,2607,10000,1,0,0,"{""count"": 10000}"
img_0333,L4_中性,601,0,1,1,0,"{""count"": 0}"
img_0331,L3_可近似,2607,5000,1,0,0,"{""count"": 5000}"
img_0333,L7_不确定就0,601,0,1,1,0,"{""count"": 0}"
img_0333,L6_只算清晰,601,0,1,1,0,"{""count"": 0}"
img_0334,L2_只给数字,1508,10000,1,0,0,10000
img_0332,L1_随便给,770,1000,1,0,0,"{""count"": 1000}"
img_0333,L1_随便给,601,1000,1,0,0,"{""count"": 1000}"
img_0333,L5_逐一点数,601,0,1,1,0,"{""count"": 0}"
img_0332,L3_可近似,770,1500,1,0,0,"{""count"": 1500}"
img_0334,L4_中性,1508,0,1,1,0,"{""count"": 0}"
img_0333,L3_可近似,601,1500,1,0,0,"{""count"": 1500}"
img_0334,L5_逐一点数,1508,0,1,1,0,"{""count"": 0}"
img_0334,L6_只算清晰,1508,0,1,1,0,"{""count"": 0}"
img_0334,L7_不确定就0,1508,0,1,1,0,"{""count"": 0}"
img_0334,L3_可近似,1508,10000,1,0,0,"{""count"": 10000}"
img_0334,L1_随便给,1508,10000,1,0,0,"{""count"": 10000}"
