item,gt,pred,parse_ok,abstain,raw,latency_s
1050.jpg,136,87,1,0,"```json {""count"": 87} ```",2.54
1053.jpg,207,100,1,0,"```json {""count"": 100} ```",2.81
1084.jpg,198,109,1,0,"```json {""count"": 109} ```",2.92
1074.jpg,9,9,1,0,"```json {""count"": 9} ```",3.13
1061.jpg,22,24,1,0,"```json {""count"": 24} ```",3.13
1106.jpg,49,24,1,0,"```json {""count"": 24} ```",3.25
1085.jpg,41,34,1,0,"```json {""count"": 34} ```",3.25
1130.jpg,61,72,1,0,"```json {""count"": 72} ```",3.77
1246.jpg,159,2,1,0,"```json {""count"": 2} ```",3.89
1087.jpg,82,50,1,0,"```json {""count"": 50} ```",4.10
1386.jpg,35,24,1,0,"```json {""count"": 24} ```",4.10
1458.jpg,162,1,1,0,"```json {""count"": 1} ```",4.74
1462.jpg,409,10,1,0,"```json {""count"": 10} ```",4.86
1123.jpg,3701,200,1,0,"```json {""count"": 200} ```",4.87
1456.jpg,184,6,1,0,"```json {""count"": 6} ```",4.86
1077.jpg,26,17,1,0,"```json {""count"": 17} ```",5.17
1455.jpg,63,60,1,0,"```json {""count"": 60} ```",5.16
1493.jpg,67,60,1,0,"```json {""count"": 60} ```",5.35
1463.jpg,60,1,1,0,"```json {""count"": 1} ```",5.36
1282.jpg,27,16,1,0,"```json {""count"": 16} ```",5.43
1397.jpg,166,50,1,0,"```json {""count"": 50} ```",5.42
1537.jpg,110,104,1,0,"```json {""count"": 104} ```",5.61
1325.jpg,46,30,1,0,"```json {""count"": 30} ```",5.72
1306.jpg,44,50,1,0,"```json {""count"": 50} ```",5.99
1391.jpg,42,26,1,0,"```json {""count"": 26} ```",6.30
1328.jpg,12,9,1,0,"```json {""count"": 9} ```",6.63
1461.jpg,99,60,1,0,"```json {""count"": 60} ```",6.83
1467.jpg,70,2,1,0,"```json {""count"": 2} ```",7.11
1625.jpg,18,20,1,0,"```json {""count"": 20} ```",4.91
1509.jpg,50,1,1,0,"```json {""count"": 1} ```",7.44
1762.jpg,166,100,1,0,"```json {""count"": 100} ```",4.44
1772.jpg,55,50,1,0,"```json {""count"": 50} ```",4.53
1864.jpg,8,7,1,0,"```json {""count"": 7} ```",4.00
1572.jpg,25,12,1,0,"```json {""count"": 12} ```",8.08
1464.jpg,59,2,1,0,"```json {""count"": 2} ```",8.21
187.jpg,28,24,1,0,"```json {""count"": 24} ```",3.67
1497.jpg,207,2,1,0,"```json {""count"": 2} ```",8.53
1881.jpg,11,10,1,0,"```json {""count"": 10} ```",3.50
1875.jpg,54,50,1,0,"```json {""count"": 50} ```",3.70
1668.jpg,48,30,1,0,"```json {""count"": 30} ```",6.25
1636.jpg,274,152,1,0,"```json {   ""count"": 152 } ```",6.37
1768.jpg,433,200,1,0,"```json {""count"": 200} ```",6.25
188.jpg,24,18,1,0,"```json {""count"": 18} ```",4.31
1861.jpg,135,100,1,0,"```json {""count"": 100} ```",6.43
1863.jpg,25,17,1,0,"```json {""count"": 17} ```",6.21
1867.jpg,26,24,1,0,"```json {""count"": 24} ```",6.10
1866.jpg,17,10,1,0,"```json {""count"": 10} ```",6.31
1868.jpg,35,30,1,0,"```json {""count"": 30} ```",5.98
1886.jpg,12,11,1,0,"```json {""count"": 11} ```",5.63
1873.jpg,12,10,1,0,"```json {""count"": 10} ```",6.30
1889.jpg,17,18,1,0,"```json {""count"": 18} ```",5.39
1872.jpg,12,13,1,0,"```json {""count"": 13} ```",6.62
1874.jpg,11,11,1,0,"```json {""count"": 11} ```",6.65
1891.jpg,31,20,1,0,"```json {""count"": 20} ```",4.98
1890.jpg,76,64,1,0,"```json {""count"": 64} ```",5.19
1894.jpg,32,24,1,0,"```json {""count"": 24} ```",4.58
1896.jpg,123,109,1,0,"```json {""count"": 109} ```",4.58
1884.jpg,16,13,1,0,"```json {""count"": 13} ```",7.04
1887.jpg,10,9,1,0,"```json {""count"": 9} ```",7.17
1897.jpg,12,12,1,0,"```json {""count"": 12} ```",5.23
1888.jpg,11,10,1,0,"```json {""count"": 10} ```",7.39
1906.jpg,70,62,1,0,"```json {""count"": 62} ```",4.15
189.jpg,18,16,1,0,"```json {""count"": 16} ```",7.16
191.jpg,15,15,1,0,"```json {""count"": 15} ```",3.98
1892.jpg,180,144,1,0,"```json {""count"": 144} ```",6.59
1895.jpg,30,24,1,0,"```json {""count"": 24} ```",6.52
1898.jpg,149,150,1,0,"```json {""count"": 150} ```",6.31
1899.jpg,8,8,1,0,"```json {""count"": 8} ```",6.42
19.jpg,9,9,1,0,"```json {""count"": 9} ```",6.61
1900.jpg,12,13,1,0,"```json {""count"": 13} ```",6.50
190.jpg,13,10,1,0,"```json {""count"": 10} ```",6.83
1920.jpg,138,109,1,0,"```json {""count"": 109} ```",4.31
1913.jpg,50,50,1,0,"```json {""count"": 50} ```",5.73
1918.jpg,18,20,1,0,"```json {""count"": 20} ```",4.76
1917.jpg,17,15,1,0,"```json {""count"": 15} ```",4.97
1921.jpg,49,30,1,0,"```json {""count"": 30} ```",4.31
1912.jpg,46,40,1,0,"```json {""count"": 40} ```",5.93
1902.jpg,94,60,1,0,"```json {""count"": 60} ```",7.59
1915.jpg,684,500,1,0,"```json {""count"": 500} ```",5.93
1929.jpg,86,109,1,0,"```json {""count"": 109} ```",3.66
1901.jpg,17,13,1,0,"```json {""count"": 13} ```",7.92
1930.jpg,18,14,1,0,"```json {""count"": 14} ```",3.47
1903.jpg,139,109,1,0,"```json {""count"": 109} ```",7.94
192.jpg,19,15,1,0,"```json {""count"": 15} ```",5.50
1933.jpg,215,2,1,0,"```json {""count"": 2} ```",3.77
1907.jpg,28,15,1,0,"```json {""count"": 15} ```",8.06
1934.jpg,171,109,1,0,"```json {""count"": 109} ```",4.07
1910.jpg,28,20,1,0,"```json {""count"": 20} ```",8.11
1911.jpg,119,100,1,0,"```json {""count"": 100} ```",8.01
1916.jpg,20,20,1,0,"```json {""count"": 20} ```",7.24
1919.jpg,436,200,1,0,"```json {""count"": 200} ```",7.12
1922.jpg,45,42,1,0,"```json {""count"": 42} ```",6.91
1924.jpg,48,50,1,0,"```json {""count"": 50} ```",7.13
1925.jpg,29,24,1,0,"```json {""count"": 24} ```",6.99
1935.jpg,175,109,1,0,"```json {""count"": 109} ```",5.80
1928.jpg,13,13,1,0,"```json {""count"": 13} ```",6.77
1938.jpg,9,8,1,0,"```json {""count"": 8} ```",5.09
1936.jpg,501,1000,1,0,"```json {""count"": 1000} ```",5.73
1955.jpg,13,14,1,0,"```json {""count"": 14} ```",2.64
1927.jpg,68,50,1,0,"```json {""count"": 50} ```",7.17
1945.jpg,44,40,1,0,"```json {""count"": 40} ```",3.83
1952.jpg,37,24,1,0,"```json {""count"": 24} ```",2.86
1931.jpg,54,50,1,0,"```json {""count"": 50} ```",6.71
1937.jpg,117,109,1,0,"```json {""count"": 109} ```",5.88
1939.jpg,69,62,1,0,"```json {""count"": 62} ```",5.55
194.jpg,82,84,1,0,"```json {""count"": 84} ```",5.42
1946.jpg,40,40,1,0,"```json {""count"": 40} ```",4.97
1962.jpg,13,12,1,0,"```json {""count"": 12} ```",2.28
196.jpg,85,62,1,0,"```json {""count"": 62} ```",3.23
1959.jpg,68,50,1,0,"```json {""count"": 50} ```",3.44
1961.jpg,111,109,1,0,"```json {""count"": 109} ```",2.61
1943.jpg,221,120,1,0,"```json {""count"": 120} ```",5.30
1942.jpg,163,109,1,0,"```json {""count"": 109} ```",5.61
1947.jpg,12,12,1,0,"```json {""count"": 12} ```",6.06
1968.jpg,13,12,1,0,"```json {""count"": 12} ```",2.78
1967.jpg,36,36,1,0,"```json {""count"": 36} ```",2.94
1944.jpg,48,62,1,0,"```json {""count"": 62} ```",6.57
1950.jpg,21,16,1,0,"```json {""count"": 16} ```",5.92
1948.jpg,22,15,1,0,"```json {""count"": 15} ```",6.57
197.jpg,77,63,1,0,"```json {""count"": 63} ```",3.39
1949.jpg,150,105,1,0,"```json {""count"": 105} ```",6.69
195.jpg,10,9,1,0,"```json {""count"": 9} ```",6.89
1951.jpg,19,16,1,0,"```json {""count"": 16} ```",7.20
1956.jpg,1229,1000,1,0,"```json {""count"": 1000} ```",6.94
1957.jpg,39,30,1,0,"```json {""count"": 30} ```",7.06
1958.jpg,12,8,1,0,"```json {""count"": 8} ```",7.03
1983.jpg,172,109,1,0,"```json {""count"": 109} ```",3.59
198.jpg,69,50,1,0,"```json {""count"": 50} ```",3.71
1960.jpg,163,150,1,0,"```json {""count"": 150} ```",6.85
1964.jpg,8,8,1,0,"```json {""count"": 8} ```",6.19
1965.jpg,96,86,1,0,"```json {""count"": 86} ```",6.21
1966.jpg,19,16,1,0,"```json {""count"": 16} ```",6.49
1973.jpg,12,12,1,0,"```json {""count"": 12} ```",6.30
199.jpg,8,10,1,0,"```json {""count"": 10} ```",3.72
1988.jpg,20,20,1,0,"```json {""count"": 20} ```",4.23
1989.jpg,148,109,1,0,"```json {""count"": 109} ```",3.72
1969.jpg,134,87,1,0,"```json {""count"": 87} ```",6.51
1971.jpg,19,20,1,0,"```json {""count"": 20} ```",6.78
1972.jpg,8,8,1,0,"```json {""count"": 8} ```",7.10
1976.jpg,32,22,1,0,"```json {""count"": 22} ```",7.10
1977.jpg,132,109,1,0,"```json {""count"": 109} ```",7.07
1978.jpg,35,50,1,0,"```json {""count"": 50} ```",7.18
1979.jpg,40,36,1,0,"```json {""count"": 36} ```",7.32
2001.jpg,100,100,1,0,"```json {""count"": 100} ```",3.27
1999.jpg,83,37,1,0,"```json {""count"": 37} ```",4.03
2000.jpg,18,25,1,0,"```json {""count"": 25} ```",3.59
1982.jpg,8,8,1,0,"```json {""count"": 8} ```",7.31
1984.jpg,35,24,1,0,"```json {""count"": 24} ```",7.59
1981.jpg,159,150,1,0,"```json {""count"": 150} ```",7.79
1986.jpg,248,200,1,0,"```json {""count"": 200} ```",7.92
1987.jpg,95,62,1,0,"```json {""count"": 62} ```",7.93
1991.jpg,119,87,1,0,"```json {""count"": 87} ```",7.21
1990.jpg,476,200,1,0,"```json {""count"": 200} ```",7.39
1993.jpg,48,50,1,0,"```json {""count"": 50} ```",6.95
2015.jpg,25,30,1,0,"```json {""count"": 30} ```",2.53
2012.jpg,69,50,1,0,"```json {""count"": 50} ```",3.24
2013.jpg,49,75,1,0,"```json {""count"": 75} ```",3.04
1996.jpg,24,20,1,0,"```json {""count"": 20} ```",7.14
2016.jpg,24,24,1,0,"```json {""count"": 24} ```",2.83
1992.jpg,18,16,1,0,"```json {""count"": 16} ```",7.91
2018.jpg,68,75,1,0,"```json {""count"": 75} ```",2.53
202.jpg,9,10,1,0,"```json {""count"": 10} ```",2.65
1994.jpg,313,200,1,0,"```json {""count"": 200} ```",7.83
1997.jpg,14,12,1,0,"```json {""count"": 12} ```",7.37
2.jpg,8,9,1,0,"```json {""count"": 9} ```",7.17
2025.jpg,60,60,1,0,"```json {""count"": 60} ```",2.50
2020.jpg,36,26,1,0,"```json {""count"": 26} ```",3.04
200.jpg,9,10,1,0,"```json {""count"": 10} ```",7.04
20.jpg,16,16,1,0,"```json {""count"": 16} ```",7.30
2003.jpg,20,15,1,0,"```json {""count"": 15} ```",6.86
2004.jpg,226,144,1,0,"```json {""count"": 144} ```",6.83
2007.jpg,108,100,1,0,"```json {""count"": 100} ```",6.68
2005.jpg,140,144,1,0,"```json {""count"": 144} ```",6.87
2032.jpg,12,20,1,0,"```json {""count"": 20} ```",2.82
2008.jpg,42,60,1,0,"```json {""count"": 60} ```",6.93
2009.jpg,198,144,1,0,"```json {""count"": 144} ```",7.26
2035.jpg,28,40,1,0,"```json {""count"": 40} ```",2.88
201.jpg,15,12,1,0,"```json {""count"": 12} ```",7.56
2010.jpg,15,20,1,0,"```json {""count"": 20} ```",7.85
2040.jpg,32,24,1,0,"```json {""count"": 24} ```",2.63
2011.jpg,79,75,1,0,"```json {""count"": 75} ```",7.75
2014.jpg,18,20,1,0,"```json {""count"": 20} ```",7.18
2019.jpg,14,14,1,0,"```json {""count"": 14} ```",6.56
2044.jpg,27,36,1,0,"```json {""count"": 36} ```",3.18
2017.jpg,104,100,1,0,"```json {""count"": 100} ```",6.89
2021.jpg,44,50,1,0,"```json {""count"": 50} ```",6.49
2026.jpg,16,24,1,0,"```json {""count"": 24} ```",6.12
2027.jpg,23,24,1,0,"```json {""count"": 24} ```",6.09
205.jpg,22,16,1,0,"```json {""count"": 16} ```",2.76
2049.jpg,79,75,1,0,"```json {""count"": 75} ```",2.99
2047.jpg,30,12,1,0,"```json {""count"": 12} ```",3.18
2028.jpg,19,16,1,0,"```json {""count"": 16} ```",6.24
2052.jpg,8,8,1,0,"```json {""count"": 8} ```",2.82
2030.jpg,29,40,1,0,"```json {""count"": 40} ```",6.42
2029.jpg,79,75,1,0,"```json {""count"": 75} ```",6.62
2031.jpg,31,34,1,0,"```json {""count"": 34} ```",6.81
2033.jpg,20,24,1,0,"```json {""count"": 24} ```",6.45
2037.jpg,134,144,1,0,"```json {""count"": 144} ```",6.55
2036.jpg,27,30,1,0,"```json {""count"": 30} ```",6.84
2038.jpg,198,144,1,0,"```json {""count"": 144} ```",6.81
2039.jpg,81,50,1,0,"```json {""count"": 50} ```",7.11
2068.jpg,24,24,1,0,"```json {""count"": 24} ```",2.22
2069.jpg,28,22,1,0,"```json {""count"": 22} ```",2.22
204.jpg,10,11,1,0,"```json {""count"": 11} ```",7.16
2042.jpg,81,30,1,0,"```json {""count"": 30} ```",6.89
2041.jpg,88,109,1,0,"```json {""count"": 109} ```",7.12
2043.jpg,90,100,1,0,"```json {""count"": 100} ```",7.47
2045.jpg,22,20,1,0,"```json {""count"": 20} ```",7.24
2046.jpg,20,20,1,0,"```json {""count"": 20} ```",7.22
2048.jpg,43,24,1,0,"```json {""count"": 24} ```",6.89
208.jpg,68,40,1,0,"```json {""count"": 40} ```",2.29
2079.jpg,12,10,1,0,"```json {""count"": 10} ```",2.59
2081.jpg,13,13,1,0,"```json {""count"": 13} ```",2.00
2053.jpg,47,50,1,0,"```json {""count"": 50} ```",6.30
2051.jpg,15,20,1,0,"```json {""count"": 20} ```",6.89
2057.jpg,15,13,1,0,"```json {""count"": 13} ```",6.48
2083.jpg,8,10,1,0,"```json {""count"": 10} ```",2.43
2058.jpg,26,21,1,0,"```json {""count"": 21} ```",6.62
2087.jpg,36,42,1,0,"```json {""count"": 42} ```",2.33
2086.jpg,14,13,1,0,"```json {""count"": 13} ```",2.56
2054.jpg,63,50,1,0,"```json {""count"": 50} ```",7.11
2059.jpg,28,24,1,0,"```json {""count"": 24} ```",6.95
2061.jpg,21,18,1,0,"```json {""count"": 18} ```",6.53
2089.jpg,31,30,1,0,"```json {""count"": 30} ```",2.27
2088.jpg,10,10,1,0,"```json {""count"": 10} ```",2.50
2060.jpg,19,18,1,0,"```json {""count"": 18} ```",7.06
2062.jpg,15,13,1,0,"```json {""count"": 13} ```",6.90
2093.jpg,14,16,1,0,"```json {""count"": 16} ```",2.18
2063.jpg,21,21,1,0,"```json {""count"": 21} ```",7.00
2064.jpg,17,13,1,0,"```json {""count"": 13} ```",6.91
2065.jpg,50,30,1,0,"```json {""count"": 30} ```",7.01
2097.jpg,14,15,1,0,"```json {""count"": 15} ```",2.38
2096.jpg,19,20,1,0,"```json {""count"": 20} ```",2.38
207.jpg,11,12,1,0,"```json {""count"": 12} ```",7.20
2098.jpg,12,12,1,0,"```json {""count"": 12} ```",2.25
2070.jpg,23,13,1,0,"```json {""count"": 13} ```",7.21
2071.jpg,16,16,1,0,"```json {""count"": 16} ```",7.23
2101.jpg,20,20,1,0,"```json {""count"": 20} ```",2.39
2072.jpg,18,12,1,0,"```json {""count"": 12} ```",7.44
2102.jpg,27,26,1,0,"```json {""count"": 26} ```",2.59
2073.jpg,13,11,1,0,"```json {""count"": 11} ```",7.49
2103.jpg,10,10,1,0,"```json {""count"": 10} ```",2.60
2104.jpg,21,20,1,0,"```json {""count"": 20} ```",2.60
2074.jpg,24,18,1,0,"```json {""count"": 18} ```",7.60
2106.jpg,121,87,1,0,"```json {""count"": 87} ```",3.01
2084.jpg,20,16,1,0,"```json {""count"": 16} ```",6.88
2109.jpg,10,10,1,0,"```json {""count"": 10} ```",2.75
2108.jpg,12,12,1,0,"```json {""count"": 12} ```",2.79
2076.jpg,12,9,1,0,"```json {""count"": 9} ```",7.98
2080.jpg,24,27,1,0,"```json {""count"": 27} ```",7.56
2085.jpg,17,16,1,0,"```json {""count"": 16} ```",7.23
209.jpg,33,30,1,0,"```json {""count"": 30} ```",6.24
2114.jpg,27,30,1,0,"```json {""count"": 30} ```",2.82
2112.jpg,10,12,1,0,"```json {""count"": 12} ```",3.03
2090.jpg,13,13,1,0,"```json {""count"": 13} ```",6.19
2092.jpg,41,50,1,0,"```json {""count"": 50} ```",6.32
2091.jpg,15,12,1,0,"```json {""count"": 12} ```",6.50
2094.jpg,11,12,1,0,"```json {""count"": 12} ```",6.61
2095.jpg,12,12,1,0,"```json {""count"": 12} ```",6.53
21.jpg,8,8,1,0,"```json {""count"": 8} ```",6.13
2099.jpg,19,20,1,0,"```json {""count"": 20} ```",6.45
213.jpg,169,144,1,0,"```json {""count"": 144} ```",2.62
210.jpg,8,8,1,0,"```json {""count"": 8} ```",6.66
2130.jpg,16,16,1,0,"```json {""count"": 16} ```",2.57
2131.jpg,12,12,1,0,"```json {""count"": 12} ```",2.37
211.jpg,11,13,1,0,"```json {""count"": 13} ```",5.62
2107.jpg,15,10,1,0,"```json {""count"": 10} ```",6.31
2134.jpg,38,30,1,0,"```json {""count"": 30} ```",2.33
2110.jpg,13,16,1,0,"```json {""count"": 16} ```",5.71
2111.jpg,10,8,1,0,"```json {""count"": 8} ```",5.79
2113.jpg,29,26,1,0,"```json {""count"": 26} ```",5.82
2115.jpg,46,40,1,0,"```json {""count"": 40} ```",5.75
2136.jpg,11,10,1,0,"```json {""count"": 10} ```",2.92
2140.jpg,21,16,1,0,"```json {""count"": 16} ```",1.57
2116.jpg,21,20,1,0,"```json {""count"": 20} ```",5.64
2117.jpg,10,10,1,0,"```json {""count"": 10} ```",5.81
2118.jpg,12,12,1,0,"```json {""count"": 12} ```",5.85
2143.jpg,9,10,1,0,"```json {""count"": 10} ```",1.90
212.jpg,51,30,1,0,"```json {""count"": 30} ```",5.80
2146.jpg,23,24,1,0,"```json {""count"": 24} ```",1.91
2122.jpg,9,10,1,0,"```json {""count"": 10} ```",6.03
215.jpg,259,109,1,0,"```json {""count"": 109} ```",1.94
2121.jpg,13,10,1,0,"```json {""count"": 10} ```",6.25
2119.jpg,24,20,1,0,"```json {""count"": 20} ```",6.65
2153.jpg,12,13,1,0,"```json {""count"": 13} ```",1.96
2123.jpg,20,16,1,0,"```json {""count"": 16} ```",6.53
2155.jpg,18,16,1,0,"```json {""count"": 16} ```",2.11
2156.jpg,68,62,1,0,"```json {""count"": 62} ```",2.11
2127.jpg,14,10,1,0,"```json {""count"": 10} ```",6.25
2128.jpg,12,12,1,0,"```json {""count"": 12} ```",6.50
2159.jpg,621,1024,1,0,"```json {""count"": 1024} ```",1.97
216.jpg,46,10,1,0,"```json {""count"": 10} ```",1.92
2129.jpg,20,16,1,0,"```json {""count"": 16} ```",6.71
2162.jpg,34,21,1,0,"```json {""count"": 21} ```",2.25
2124.jpg,9,12,1,0,"```json {""count"": 12} ```",7.22
2132.jpg,10,10,1,0,"```json {""count"": 10} ```",6.50
2133.jpg,23,16,1,0,"```json {""count"": 16} ```",6.50
2164.jpg,23,21,1,0,"```json {""count"": 21} ```",2.58
2168.jpg,175,109,1,0,"```json {""count"": 109} ```",2.12
2135.jpg,17,12,1,0,"```json {""count"": 12} ```",6.78
2137.jpg,72,50,1,0,"```json {""count"": 50} ```",6.64
2171.jpg,20,18,1,0,"```json {""count"": 18} ```",2.00
2172.jpg,86,10,1,0,"```json {""count"": 10} ```",2.03
2170.jpg,147,109,1,0,"```json {""count"": 109} ```",2.21
2139.jpg,61,50,1,0,"```json {""count"": 50} ```",6.35
2138.jpg,29,24,1,0,"```json {""count"": 24} ```",6.86
214.jpg,64,10,1,0,"```json {""count"": 10} ```",6.53
2141.jpg,11,10,1,0,"```json {""count"": 10} ```",6.53
2142.jpg,35,34,1,0,"```json {""count"": 34} ```",6.54
2176.jpg,73,34,1,0,"```json {""count"": 34} ```",2.90
2150.jpg,9,10,1,0,"```json {""count"": 10} ```",6.47
2181.jpg,12,13,1,0,"```json {""count"": 13} ```",2.82
218.jpg,58,50,1,0,"```json {""count"": 50} ```",3.24
2152.jpg,22,16,1,0,"```json {""count"": 16} ```",6.50
2145.jpg,14,13,1,0,"```json {""count"": 13} ```",7.52
2189.jpg,8,8,1,0,"```json {""count"": 8} ```",2.82
2147.jpg,37,34,1,0,"```json {""count"": 34} ```",7.36
2151.jpg,11,10,1,0,"```json {""count"": 10} ```",7.14
2157.jpg,116,87,1,0,"```json {""count"": 87} ```",6.72
2163.jpg,13,11,1,0,"```json {""count"": 11} ```",6.31
2191.jpg,42,33,1,0,"```json {""count"": 33} ```",3.23
2165.jpg,24,24,1,0,"```json {""count"": 24} ```",6.27
2166.jpg,119,50,1,0,"```json {""count"": 50} ```",6.41
217.jpg,60,42,1,0,"```json {""count"": 42} ```",6.00
2199.jpg,13,16,1,0,"```json {""count"": 16} ```",2.56
2198.jpg,27,20,1,0,"```json {""count"": 20} ```",2.62
2173.jpg,169,109,1,0,"```json {""count"": 109} ```",5.94
2174.jpg,41,35,1,0,"```json {""count"": 35} ```",6.23
2175.jpg,91,62,1,0,"```json {""count"": 62} ```",6.15
2177.jpg,27,27,1,0,"```json {""count"": 27} ```",6.25
2178.jpg,10,12,1,0,"```json {""count"": 12} ```",6.53
2179.jpg,16,13,1,0,"```json {""count"": 13} ```",6.57
2180.jpg,223,200,1,0,"```json {""count"": 200} ```",6.59
2182.jpg,39,27,1,0,"```json {""count"": 27} ```",6.59
2184.jpg,33,2,1,0,"```json {""count"": 2} ```",6.77
219.jpg,47,34,1,0,"```json {""count"": 34} ```",6.69
2190.jpg,23,24,1,0,"```json {""count"": 24} ```",6.86
2216.jpg,36,34,1,0,"```json {""count"": 34} ```",3.20
2193.jpg,32,34,1,0,"```json {""count"": 34} ```",7.04
222.jpg,65,46,1,0,"```json {""count"": 46} ```",2.80
2192.jpg,24,20,1,0,"```json {""count"": 20} ```",7.24
2194.jpg,38,30,1,0,"```json {""count"": 30} ```",7.13
2195.jpg,13,12,1,0,"```json {""count"": 12} ```",7.24
2223.jpg,30,24,1,0,"```json {""count"": 24} ```",3.16
2197.jpg,90,87,1,0,"```json {""count"": 87} ```",7.25
2225.jpg,19,16,1,0,"```json {""count"": 16} ```",2.82
22.jpg,30,24,1,0,"```json {""count"": 24} ```",6.66
220.jpg,59,40,1,0,"```json {""count"": 40} ```",6.54
2203.jpg,22,20,1,0,"```json {""count"": 20} ```",6.86
2232.jpg,96,87,1,0,"```json {""count"": 87} ```",2.79
2229.jpg,111,62,1,0,"```json {""count"": 62} ```",3.12
2227.jpg,11,10,1,0,"```json {""count"": 10} ```",3.30
2202.jpg,99,84,1,0,"```json {""count"": 84} ```",7.22
2204.jpg,9,10,1,0,"```json {""count"": 10} ```",7.33
2206.jpg,88,85,1,0,"```json {""count"": 85} ```",7.39
2208.jpg,13,12,1,0,"```json {""count"": 12} ```",7.54
2207.jpg,10,11,1,0,"```json {""count"": 11} ```",8.07
2235.jpg,16,13,1,0,"```json {""count"": 13} ```",3.44
2237.jpg,20,16,1,0,"```json {""count"": 16} ```",3.24
2209.jpg,11,10,1,0,"```json {""count"": 10} ```",7.94
221.jpg,42,33,1,0,"```json {""count"": 33} ```",7.94
2210.jpg,41,35,1,0,"```json {""count"": 35} ```",8.11
2211.jpg,49,42,1,0,"```json {""count"": 42} ```",8.51
2213.jpg,97,20,1,0,"```json {""count"": 20} ```",8.70
224.jpg,20,16,1,0,"```json {""count"": 16} ```",3.91
2243.jpg,544,200,1,0,"```json {""count"": 200} ```",3.71
2241.jpg,25,24,1,0,"```json {""count"": 24} ```",3.92
2240.jpg,54,62,1,0,"```json {""count"": 62} ```",3.92
2215.jpg,55,42,1,0,"```json {""count"": 42} ```",8.80
2244.jpg,12,11,1,0,"```json {""count"": 11} ```",4.04
2217.jpg,25,21,1,0,"```json {""count"": 21} ```",8.97
2245.jpg,82,30,1,0,"```json {""count"": 30} ```",3.86
2218.jpg,15,14,1,0,"```json {""count"": 14} ```",9.02
2219.jpg,356,1000,1,0,"```json {""count"": 1000} ```",9.20
2220.jpg,16,14,1,0,"```json {""count"": 14} ```",8.83
2226.jpg,47,50,1,0,"```json {""count"": 50} ```",8.30
2233.jpg,64,62,1,0,"```json {""count"": 62} ```",7.55
2234.jpg,11,10,1,0,"```json {""count"": 10} ```",7.46
2236.jpg,98,87,1,0,"```json {""count"": 87} ```",7.48
2238.jpg,26,20,1,0,"```json {""count"": 20} ```",7.62
2239.jpg,17,16,1,0,"```json {""count"": 16} ```",7.61
226.jpg,78,62,1,0,"```json {""count"": 62} ```",4.87
2268.jpg,74,75,1,0,"```json {""count"": 75} ```",3.25
2262.jpg,9,8,1,0,"```json {""count"": 8} ```",4.02
2267.jpg,9,10,1,0,"```json {""count"": 10} ```",3.25
2247.jpg,16,16,1,0,"```json {""count"": 16} ```",6.44
2248.jpg,53,42,1,0,"```json {""count"": 42} ```",6.77
2246.jpg,37,40,1,0,"```json {""count"": 40} ```",7.05
2252.jpg,82,62,1,0,"```json {""count"": 62} ```",7.19
2255.jpg,20,20,1,0,"```json {""count"": 20} ```",7.61
2259.jpg,174,200,1,0,"```json {""count"": 200} ```",6.63
2256.jpg,59,62,1,0,"```json {""count"": 62} ```",7.69
2273.jpg,165,152,1,0,"```json {""count"": 152} ```",4.54
2276.jpg,30,27,1,0,"```json {""count"": 27} ```",3.88
2275.jpg,38,34,1,0,"```json {""count"": 34} ```",4.00
2257.jpg,23,24,1,0,"```json {""count"": 24} ```",7.60
2258.jpg,75,62,1,0,"```json {""count"": 62} ```",7.48
2261.jpg,174,26,1,0,"```json {""count"": 26} ```",7.36
2260.jpg,11,10,1,0,"```json {""count"": 10} ```",7.89
2264.jpg,12,10,1,0,"```json {""count"": 10} ```",7.10
2285.jpg,48,42,1,0,"```json {""count"": 42} ```",3.52
2281.jpg,22,20,1,0,"```json {""count"": 20} ```",3.83
2265.jpg,57,50,1,0,"```json {""count"": 50} ```",7.09
227.jpg,25,16,1,0,"```json {""count"": 16} ```",7.41
2269.jpg,11,12,1,0,"```json {""count"": 12} ```",7.74
2270.jpg,50,50,1,0,"```json {""count"": 50} ```",7.62
2272.jpg,15,14,1,0,"```json {""count"": 14} ```",7.55
2303.jpg,12,11,1,0,"```json {""count"": 11} ```",2.66
2293.jpg,59,1,1,0,"```json {""count"": 1} ```",3.31
2271.jpg,42,40,1,0,"```json {""count"": 40} ```",7.84
2274.jpg,66,50,1,0,"```json {""count"": 50} ```",7.82
2277.jpg,49,42,1,0,"```json {""count"": 42} ```",7.20
2279.jpg,37,30,1,0,"```json {""count"": 30} ```",7.08
228.jpg,44,34,1,0,"```json {""count"": 34} ```",7.19
2280.jpg,157,200,1,0,"```json {""count"": 200} ```",7.21
2282.jpg,47,50,1,0,"```json {""count"": 50} ```",6.90
2316.jpg,58,80,1,0,"```json {""count"": 80} ```",3.17
2313.jpg,8,8,1,0,"```json {""count"": 8} ```",3.49
2284.jpg,25,21,1,0,"```json {""count"": 21} ```",7.34
2317.jpg,10,10,1,0,"```json {""count"": 10} ```",3.36
2287.jpg,195,109,1,0,"```json {""count"": 109} ```",7.62
2286.jpg,14,12,1,0,"```json {""count"": 12} ```",7.83
2288.jpg,18,18,1,0,"```json {""count"": 18} ```",7.81
2289.jpg,15,15,1,0,"```json {""count"": 15} ```",7.81
229.jpg,25,20,1,0,"```json {""count"": 20} ```",7.77
2291.jpg,70,2,1,0,"```json {""count"": 2} ```",7.80
2298.jpg,8,9,1,0,"```json {""count"": 9} ```",7.33
2300.jpg,19,24,1,0,"```json {""count"": 24} ```",7.54
23.jpg,10,10,1,0,"```json {""count"": 10} ```",7.65
2322.jpg,103,13,1,0,"```json {""count"": 13} ```",4.67
234.jpg,38,24,1,0,"```json {""count"": 24} ```",2.72
2302.jpg,11,13,1,0,"```json {""count"": 13} ```",7.97
2301.jpg,14,15,1,0,"```json {""count"": 15} ```",8.15
2304.jpg,9,13,1,0,"```json {""count"": 13} ```",7.84
2305.jpg,27,20,1,0,"```json {""count"": 20} ```",7.77
2344.jpg,25,24,1,0,"```json {""count"": 24} ```",3.17
2348.jpg,834,1,1,0,"```json {""count"": 1} ```",2.66
2306.jpg,14,15,1,0,"```json {""count"": 15} ```",7.77
2312.jpg,14,12,1,0,"```json {""count"": 12} ```",7.79
2354.jpg,271,1,1,0,"```json {""count"": 1} ```",2.80
231.jpg,24,24,1,0,"```json {""count"": 24} ```",7.97
232.jpg,27,13,1,0,"```json {""count"": 13} ```",7.18
2320.jpg,99,0,1,1,"```json {""count"": 0} ```",7.32
2321.jpg,80,62,1,0,"```json {""count"": 62} ```",7.29
2323.jpg,32,24,1,0,"```json {""count"": 24} ```",7.58
2326.jpg,240,0,1,1,"```json {""count"": 0} ```",7.72
2367.jpg,149,0,1,1,"```json {""count"": 0} ```",2.62
2327.jpg,50,49,1,0,"```json {""count"": 49} ```",7.64
2328.jpg,262,0,1,1,"```json {""count"": 0} ```",7.75
233.jpg,126,85,1,0,"```json {""count"": 85} ```",7.74
2330.jpg,144,0,1,1,"```json {""count"": 0} ```",7.76
2332.jpg,69,50,1,0,"```json {""count"": 50} ```",7.69
2333.jpg,27,24,1,0,"```json {""count"": 24} ```",7.58
2387.jpg,12,21,1,0,"```json {""count"": 21} ```",3.10
2335.jpg,21,24,1,0,"```json {""count"": 24} ```",7.78
2342.jpg,501,0,1,1,"```json {""count"": 0} ```",7.69
2343.jpg,27,1,1,0,"```json {""count"": 1} ```",7.67
2347.jpg,1912,2,1,0,"```json {""count"": 2} ```",7.70
24.jpg,27,30,1,0,"```json {""count"": 30} ```",2.87
2353.jpg,175,1,1,0,"```json {""count"": 1} ```",7.27
2355.jpg,254,0,1,1,"```json {""count"": 0} ```",7.16
2400.jpg,218,2,1,0,"```json {""count"": 2} ```",2.76
2356.jpg,119,100,1,0,"```json {""count"": 100} ```",7.15
2357.jpg,276,1,1,0,"```json {""count"": 1} ```",6.83
2359.jpg,262,1,1,0,"```json {""count"": 1} ```",7.03
2360.jpg,1283,0,1,1,"```json {""count"": 0} ```",7.47
236.jpg,11,24,1,0,"```json {""count"": 24} ```",7.68
2406.jpg,17,18,1,0,"```json {""count"": 18} ```",2.94
2361.jpg,16,15,1,0,"```json {""count"": 15} ```",7.78
2369.jpg,240,144,1,0,"```json {""count"": 144} ```",7.59
2410.jpg,25,24,1,0,"```json {""count"": 24} ```",3.16
237.jpg,65,42,1,0,"```json {""count"": 42} ```",7.60
2373.jpg,130,0,1,1,"```json {""count"": 0} ```",7.92
2378.jpg,62,62,1,0,"```json {""count"": 62} ```",8.14
2379.jpg,119,108,1,0,"```json {""count"": 108} ```",8.16
238.jpg,20,18,1,0,"```json {""count"": 18} ```",7.97
239.jpg,26,5,1,0,"```json {""count"": 5} ```",8.01
2419.jpg,47,30,1,0,"```json {""count"": 30} ```",2.84
2418.jpg,19,16,1,0,"```json {""count"": 16} ```",3.16
2390.jpg,672,1,1,0,"```json {""count"": 1} ```",8.13
2421.jpg,31,33,1,0,"```json {""count"": 33} ```",2.39
2422.jpg,12,12,1,0,"```json {""count"": 12} ```",2.31
2420.jpg,31,27,1,0,"```json {""count"": 27} ```",2.63
2391.jpg,47,30,1,0,"```json {""count"": 30} ```",8.03
2423.jpg,18,24,1,0,"```json {""count"": 24} ```",2.20
2394.jpg,237,0,1,1,"```json {""count"": 0} ```",8.01
2398.jpg,72,0,1,1,"```json {""count"": 0} ```",7.89
2426.jpg,16,16,1,0,"```json {""count"": 16} ```",2.46
2399.jpg,169,0,1,1,"```json {""count"": 0} ```",8.03
240.jpg,37,21,1,0,"```json {""count"": 21} ```",8.13
2401.jpg,263,1,1,0,"```json {""count"": 1} ```",7.66
2402.jpg,40,25,1,0,"```json {""count"": 25} ```",7.51
243.jpg,33,13,1,0,"```json {""count"": 13} ```",2.27
2403.jpg,68,50,1,0,"```json {""count"": 50} ```",7.48
2404.jpg,9,10,1,0,"```json {""count"": 10} ```",7.57
2409.jpg,59,50,1,0,"```json {""count"": 50} ```",7.46
241.jpg,35,2,1,0,"```json {""count"": 2} ```",7.53
2441.jpg,9,12,1,0,"```json {""count"": 12} ```",2.05
2437.jpg,28,20,1,0,"```json {""count"": 20} ```",2.75
244.jpg,12,20,1,0,"```json {""count"": 20} ```",2.55
2411.jpg,9,9,1,0,"```json {""count"": 9} ```",7.26
2413.jpg,8,9,1,0,"```json {""count"": 9} ```",7.37
2412.jpg,15,11,1,0,"```json {""count"": 11} ```",7.62
2415.jpg,17,16,1,0,"```json {""count"": 16} ```",7.62
2445.jpg,12,15,1,0,"```json {""count"": 15} ```",2.50
2417.jpg,12,12,1,0,"```json {""count"": 12} ```",7.65
2416.jpg,38,30,1,0,"```json {""count"": 30} ```",7.83
2424.jpg,30,20,1,0,"```json {""count"": 20} ```",6.34
2425.jpg,28,24,1,0,"```json {""count"": 24} ```",6.21
245.jpg,55,40,1,0,"```json {""count"": 40} ```",2.94
2428.jpg,26,24,1,0,"```json {""count"": 24} ```",6.08
2427.jpg,22,16,1,0,"```json {""count"": 16} ```",6.62
2429.jpg,33,35,1,0,"```json {""count"": 35} ```",6.38
2456.jpg,30,24,1,0,"```json {""count"": 24} ```",2.94
2455.jpg,20,14,1,0,"```json {""count"": 14} ```",2.94
2453.jpg,49,60,1,0,"```json {""count"": 60} ```",2.97
2430.jpg,28,24,1,0,"```json {""count"": 24} ```",6.29
2431.jpg,20,16,1,0,"```json {""count"": 16} ```",6.35
2432.jpg,11,14,1,0,"```json {""count"": 14} ```",6.70
2434.jpg,16,15,1,0,"```json {""count"": 15} ```",6.71
2435.jpg,22,24,1,0,"```json {""count"": 24} ```",7.01
2438.jpg,14,12,1,0,"```json {""count"": 12} ```",7.18
2439.jpg,28,24,1,0,"```json {""count"": 24} ```",7.29
2463.jpg,120,108,1,0,"```json {""count"": 108} ```",2.99
2440.jpg,35,30,1,0,"```json {""count"": 30} ```",7.33
2442.jpg,18,24,1,0,"```json {""count"": 24} ```",6.91
2469.jpg,286,100,1,0,"```json {""count"": 100} ```",2.27
2472.jpg,40,40,1,0,"```json {""count"": 40} ```",2.26
2447.jpg,12,10,1,0,"```json {""count"": 10} ```",6.78
2474.jpg,45,40,1,0,"```json {""count"": 40} ```",2.45
2444.jpg,23,20,1,0,"```json {""count"": 20} ```",7.57
2446.jpg,23,20,1,0,"```json {""count"": 20} ```",7.41
2449.jpg,108,108,1,0,"```json {""count"": 108} ```",7.40
2477.jpg,13,12,1,0,"```json {""count"": 12} ```",3.36
2476.jpg,45,108,1,0,"```json {""count"": 108} ```",3.57
2459.jpg,113,0,1,1,"```json {""count"": 0} ```",6.56
2450.jpg,40,10,1,0,"```json {""count"": 10} ```",7.86
246.jpg,30,20,1,0,"```json {""count"": 20} ```",6.53
248.jpg,48,15,1,0,"```json {""count"": 15} ```",2.88
2452.jpg,40,36,1,0,"```json {""count"": 36} ```",7.95
2454.jpg,48,36,1,0,"```json {""count"": 36} ```",7.93
2457.jpg,13,1,1,0,"```json {""count"": 1} ```",7.99
2458.jpg,12,12,1,0,"```json {""count"": 12} ```",7.89
2460.jpg,15,10,1,0,"```json {""count"": 10} ```",7.46
2486.jpg,34,24,1,0,"```json {""count"": 24} ```",2.92
2483.jpg,14,12,1,0,"```json {""count"": 12} ```",3.54
2489.jpg,86,62,1,0,"```json {""count"": 62} ```",2.39
2462.jpg,24,24,1,0,"```json {""count"": 24} ```",7.32
2461.jpg,12,12,1,0,"```json {""count"": 12} ```",7.71
2465.jpg,23,24,1,0,"```json {""count"": 24} ```",7.22
2466.jpg,53,40,1,0,"```json {""count"": 40} ```",7.39
249.jpg,45,50,1,0,"```json {""count"": 50} ```",2.20
2490.jpg,22,20,1,0,"```json {""count"": 20} ```",2.20
2491.jpg,11,12,1,0,"```json {""count"": 12} ```",2.17
2467.jpg,42,24,1,0,"```json {""count"": 24} ```",7.28
2496.jpg,80,85,1,0,"```json {""count"": 85} ```",2.08
2468.jpg,52,48,1,0,"```json {""count"": 48} ```",7.18
2470.jpg,56,12,1,0,"```json {""count"": 12} ```",7.21
2471.jpg,26,20,1,0,"```json {""count"": 20} ```",7.53
2473.jpg,45,84,1,0,"```json {""count"": 84} ```",7.72
250.jpg,50,10,1,0,"```json {""count"": 10} ```",2.37
2499.jpg,10,10,1,0,"```json {""count"": 10} ```",2.52
2479.jpg,190,108,1,0,"```json {""count"": 108} ```",6.80
2500.jpg,25,30,1,0,"```json {""count"": 30} ```",2.82
2480.jpg,381,108,1,0,"```json {""count"": 108} ```",6.78
2503.jpg,39,24,1,0,"```json {""count"": 24} ```",3.09
2478.jpg,56,60,1,0,"```json {""count"": 60} ```",7.99
2506.jpg,12,12,1,0,"```json {""count"": 12} ```",3.33
2481.jpg,41,30,1,0,"```json {""count"": 30} ```",7.57
2482.jpg,26,24,1,0,"```json {""count"": 24} ```",7.68
2507.jpg,28,24,1,0,"```json {""count"": 24} ```",3.70
2484.jpg,14,12,1,0,"```json {""count"": 12} ```",7.98
2497.jpg,49,40,1,0,"```json {""count"": 40} ```",5.45
2508.jpg,16,16,1,0,"```json {""count"": 16} ```",4.04
2485.jpg,50,24,1,0,"```json {""count"": 24} ```",7.81
2487.jpg,12,10,1,0,"```json {""count"": 10} ```",7.94
2488.jpg,28,24,1,0,"```json {""count"": 24} ```",7.84
2492.jpg,15,14,1,0,"```json {""count"": 14} ```",6.99
2494.jpg,27,24,1,0,"```json {""count"": 24} ```",7.01
2495.jpg,12,12,1,0,"```json {""count"": 12} ```",7.33
2498.jpg,12,10,1,0,"```json {""count"": 10} ```",6.97
2519.jpg,49,60,1,0,"```json {""count"": 60} ```",4.26
2523.jpg,8,7,1,0,"```json {""count"": 7} ```",3.29
2524.jpg,8,9,1,0,"```json {""count"": 9} ```",2.97
251.jpg,69,50,1,0,"```json {""count"": 50} ```",6.34
2514.jpg,72,75,1,0,"```json {""count"": 75} ```",5.35
2525.jpg,44,50,1,0,"```json {""count"": 50} ```",2.83
2509.jpg,12,12,1,0,"```json {""count"": 12} ```",6.52
2501.jpg,64,60,1,0,"```json {""count"": 60} ```",7.26
2526.jpg,13,12,1,0,"```json {""count"": 12} ```",2.83
2502.jpg,25,50,1,0,"```json {""count"": 50} ```",7.56
2504.jpg,48,50,1,0,"```json {""count"": 50} ```",7.63
2529.jpg,17,20,1,0,"```json {""count"": 20} ```",3.11
2510.jpg,62,50,1,0,"```json {""count"": 50} ```",7.17
2511.jpg,74,60,1,0,"```json {""count"": 60} ```",7.38
2512.jpg,14,12,1,0,"```json {""count"": 12} ```",7.43
2513.jpg,14,12,1,0,"```json {""count"": 12} ```",7.46
2533.jpg,10,10,1,0,"```json {""count"": 10} ```",2.99
2530.jpg,13,15,1,0,"```json {""count"": 15} ```",3.63
2531.jpg,34,34,1,0,"```json {""count"": 34} ```",3.31
2535.jpg,8,8,1,0,"```json {""count"": 8} ```",2.46
2516.jpg,28,27,1,0,"```json {""count"": 27} ```",7.05
2517.jpg,62,60,1,0,"```json {""count"": 60} ```",7.35
2515.jpg,16,12,1,0,"```json {""count"": 12} ```",7.55
2521.jpg,18,16,1,0,"```json {""count"": 16} ```",7.22
2522.jpg,20,20,1,0,"```json {""count"": 20} ```",6.99
2538.jpg,8,8,1,0,"```json {""count"": 8} ```",3.70
2539.jpg,27,27,1,0,"```json {""count"": 27} ```",3.70
255.jpg,50,42,1,0,"```json {""count"": 42} ```",3.06
2518.jpg,26,24,1,0,"```json {""count"": 24} ```",8.49
2552.jpg,9,14,1,0,"```json {""count"": 14} ```",2.82
252.jpg,22,6,1,0,"```json {""count"": 6} ```",8.35
253.jpg,192,109,1,0,"```json {""count"": 109} ```",6.15
2520.jpg,17,20,1,0,"```json {""count"": 20} ```",8.33
2527.jpg,20,20,1,0,"```json {""count"": 20} ```",7.16
2528.jpg,10,10,1,0,"```json {""count"": 10} ```",7.33
2534.jpg,8,10,1,0,"```json {""count"": 10} ```",6.11
2536.jpg,16,20,1,0,"```json {""count"": 20} ```",5.54
2537.jpg,24,24,1,0,"```json {""count"": 24} ```",5.72
256.jpg,38,24,1,0,"```json {""count"": 24} ```",3.28
2557.jpg,65,26,1,0,"```json {""count"": 26} ```",3.93
254.jpg,74,50,1,0,"```json {""count"": 50} ```",6.05
2541.jpg,12,10,1,0,"```json {""count"": 10} ```",6.18
2543.jpg,27,21,1,0,"```json {""count"": 21} ```",6.44
2545.jpg,28,24,1,0,"```json {""count"": 24} ```",6.65
2540.jpg,31,30,1,0,"```json {""count"": 30} ```",6.97
2546.jpg,30,34,1,0,"```json {""count"": 34} ```",7.00
2547.jpg,49,30,1,0,"```json {""count"": 30} ```",7.11
2575.jpg,81,62,1,0,"```json {""count"": 62} ```",3.83
2570.jpg,22,20,1,0,"```json {""count"": 20} ```",4.02
2550.jpg,73,50,1,0,"```json {""count"": 50} ```",7.18
2553.jpg,97,84,1,0,"```json {""count"": 84} ```",6.90
2554.jpg,48,34,1,0,"```json {""count"": 34} ```",6.98
2556.jpg,61,50,1,0,"```json {""count"": 50} ```",7.30
2555.jpg,36,30,1,0,"```json {""count"": 30} ```",7.62
2585.jpg,13,16,1,0,"```json {""count"": 16} ```",3.88
2558.jpg,8,8,1,0,"```json {""count"": 8} ```",7.93
2559.jpg,10,11,1,0,"```json {""count"": 11} ```",7.78
2596.jpg,260,2,1,0,"```json {""count"": 2} ```",3.90
26.jpg,14,12,1,0,"```json {""count"": 12} ```",3.43
2562.jpg,138,85,1,0,"```json {""count"": 85} ```",6.66
2600.jpg,13,13,1,0,"```json {""count"": 13} ```",3.09
2565.jpg,39,34,1,0,"```json {""count"": 34} ```",6.87
260.jpg,33,27,1,0,"```json {""count"": 27} ```",3.74
2601.jpg,145,109,1,0,"```json {""count"": 109} ```",2.97
2561.jpg,50,26,1,0,"```json {""count"": 26} ```",8.25
2567.jpg,78,50,1,0,"```json {""count"": 50} ```",7.52
2566.jpg,96,50,1,0,"```json {""count"": 50} ```",7.73
2605.jpg,34,34,1,0,"```json {""count"": 34} ```",3.62
257.jpg,191,56,1,0,"```json {""count"": 56} ```",7.87
2572.jpg,115,62,1,0,"```json {""count"": 62} ```",8.44
2611.jpg,18,20,1,0,"```json {""count"": 20} ```",3.94
2607.jpg,36,34,1,0,"```json {""count"": 34} ```",4.47
2573.jpg,8,9,1,0,"```json {""count"": 9} ```",8.74
2613.jpg,15,12,1,0,"```json {""count"": 12} ```",3.60
2612.jpg,28,21,1,0,"```json {""count"": 21} ```",3.93
258.jpg,149,109,1,0,"```json {""count"": 109} ```",8.68
2586.jpg,33,24,1,0,"```json {""count"": 24} ```",7.35
2580.jpg,75,3,1,0,"```json {""count"": 3} ```",8.57
2583.jpg,76,60,1,0,"```json {""count"": 60} ```",8.54
2584.jpg,105,85,1,0,"```json {""count"": 85} ```",8.67
259.jpg,27,24,1,0,"```json {""count"": 24} ```",8.41
2590.jpg,56,50,1,0,"```json {""count"": 50} ```",8.60
2591.jpg,45,50,1,0,"```json {""count"": 50} ```",8.60
2598.jpg,18,14,1,0,"```json {""count"": 14} ```",8.35
2621.jpg,20,12,1,0,"```json {""count"": 12} ```",4.82
2628.jpg,13,13,1,0,"```json {""count"": 13} ```",4.71
2635.jpg,27,30,1,0,"```json {""count"": 30} ```",4.07
2602.jpg,58,50,1,0,"```json {""count"": 50} ```",7.50
2641.jpg,167,100,1,0,"```json {""count"": 100} ```",2.89
264.jpg,16,13,1,0,"```json {""count"": 13} ```",3.09
261.jpg,118,87,1,0,"```json {""count"": 87} ```",7.23
2614.jpg,20,15,1,0,"```json {""count"": 15} ```",6.39
2615.jpg,9,8,1,0,"```json {""count"": 8} ```",6.34
2650.jpg,28,24,1,0,"```json {""count"": 24} ```",2.81
2617.jpg,41,30,1,0,"```json {""count"": 30} ```",6.46
2619.jpg,47,30,1,0,"```json {""count"": 30} ```",6.32
2624.jpg,46,30,1,0,"```json {""count"": 30} ```",6.51
263.jpg,20,15,1,0,"```json {""count"": 15} ```",6.30
2651.jpg,34,20,1,0,"```json {""count"": 20} ```",3.47
2660.jpg,21,24,1,0,"```json {""count"": 24} ```",2.40
2630.jpg,17,20,1,0,"```json {""count"": 20} ```",6.51
2631.jpg,67,50,1,0,"```json {""count"": 50} ```",6.80
2663.jpg,75,50,1,0,"```json {""count"": 50} ```",2.42
2667.jpg,27,30,1,0,"```json {""count"": 30} ```",2.32
2625.jpg,13,10,1,0,"```json {""count"": 10} ```",7.35
2636.jpg,67,0,1,1,"```json {""count"": 0} ```",6.70
2668.jpg,50,50,1,0,"```json {""count"": 50} ```",2.91
2637.jpg,10,11,1,0,"```json {""count"": 11} ```",7.02
2639.jpg,124,1,1,0,"```json {""count"": 1} ```",7.15
2642.jpg,42,30,1,0,"```json {""count"": 30} ```",6.29
2672.jpg,67,26,1,0,"```json {""count"": 26} ```",2.90
2640.jpg,39,26,1,0,"```json {""count"": 26} ```",6.61
2646.jpg,41,27,1,0,"```json {""count"": 27} ```",6.46
2644.jpg,56,50,1,0,"```json {""count"": 50} ```",6.81
2647.jpg,38,1,1,0,"```json {""count"": 1} ```",7.09
268.jpg,50,1,1,0,"```json {""count"": 1} ```",2.79
2648.jpg,91,50,1,0,"```json {""count"": 50} ```",7.26
2653.jpg,92,60,1,0,"```json {""count"": 60} ```",6.74
2682.jpg,145,81,1,0,"```json {""count"": 81} ```",3.29
265.jpg,19,30,1,0,"```json {   ""count"": 30 } ```",7.71
2686.jpg,139,135,1,0,"```json {""count"": 135} ```",2.87
2684.jpg,88,81,1,0,"```json {""count"": 81} ```",3.07
2681.jpg,67,81,1,0,"```json {""count"": 81} ```",3.29
2654.jpg,77,50,1,0,"```json {""count"": 50} ```",6.85
2687.jpg,27,21,1,0,"```json {""count"": 21} ```",2.67
2659.jpg,13,10,1,0,"```json {""count"": 10} ```",6.85
269.jpg,12,11,1,0,"```json {""count"": 11} ```",2.59
2661.jpg,52,46,1,0,"```json {""count"": 46} ```",6.62
2662.jpg,19,16,1,0,"```json {""count"": 16} ```",6.61
2664.jpg,20,24,1,0,"```json {""count"": 24} ```",6.91
2665.jpg,9,10,1,0,"```json {""count"": 10} ```",7.05
267.jpg,59,1,1,0,"```json {""count"": 1} ```",7.05
2671.jpg,60,42,1,0,"```json {""count"": 42} ```",6.83
2698.jpg,27,21,1,0,"```json {""count"": 21} ```",3.26
27.jpg,9,10,1,0,"```json {""count"": 10} ```",2.55
2676.jpg,47,30,1,0,"```json {""count"": 30} ```",6.53
2670.jpg,17,20,1,0,"```json {""count"": 20} ```",7.65
270.jpg,33,34,1,0,"```json {""count"": 34} ```",2.93
2701.jpg,18,16,1,0,"```json {""count"": 16} ```",2.93
2702.jpg,24,24,1,0,"```json {""count"": 24} ```",2.93
2673.jpg,14,11,1,0,"```json {""count"": 11} ```",7.39
2674.jpg,17,18,1,0,"```json {""count"": 18} ```",7.53
2679.jpg,49,50,1,0,"```json {""count"": 50} ```",7.15
2680.jpg,10,9,1,0,"```json {""count"": 9} ```",7.32
2683.jpg,23,20,1,0,"```json {""count"": 20} ```",7.09
2713.jpg,23,24,1,0,"```json {""count"": 24} ```",2.34
271.jpg,9,10,1,0,"```json {""count"": 10} ```",2.87
2688.jpg,94,94,1,0,"```json {""count"": 94} ```",6.69
2689.jpg,142,105,1,0,"```json {""count"": 105} ```",6.52
2690.jpg,12,10,1,0,"```json {""count"": 10} ```",6.46
2716.jpg,30,30,1,0,"```json {""count"": 30} ```",2.50
2694.jpg,104,87,1,0,"```json {""count"": 87} ```",6.60
2719.jpg,50,50,1,0,"```json {""count"": 50} ```",2.41
2695.jpg,54,50,1,0,"```json {""count"": 50} ```",6.65
2696.jpg,57,50,1,0,"```json {""count"": 50} ```",6.48
2697.jpg,38,30,1,0,"```json {""count"": 30} ```",6.46
2699.jpg,72,63,1,0,"```json {""count"": 63} ```",6.63
2700.jpg,17,15,1,0,"```json {""count"": 15} ```",6.18
2703.jpg,26,24,1,0,"```json {""count"": 24} ```",6.49
2728.jpg,47,50,1,0,"```json {""count"": 50} ```",2.47
2704.jpg,16,13,1,0,"```json {""count"": 13} ```",6.49
2705.jpg,148,109,1,0,"```json {""count"": 109} ```",6.67
2706.jpg,11,11,1,0,"```json {""count"": 11} ```",6.56
2732.jpg,19,20,1,0,"```json {""count"": 20} ```",2.48
2707.jpg,48,40,1,0,"```json {""count"": 40} ```",6.69
2708.jpg,90,85,1,0,"```json {""count"": 85} ```",6.90
2709.jpg,39,40,1,0,"```json {""count"": 40} ```",6.90
2710.jpg,61,50,1,0,"```json {""count"": 50} ```",6.46
274.jpg,30,30,1,0,"```json {""count"": 30} ```",2.61
2715.jpg,85,75,1,0,"```json {""count"": 75} ```",6.22
2717.jpg,94,87,1,0,"```json {""count"": 87} ```",6.33
2718.jpg,8,8,1,0,"```json {""count"": 8} ```",6.36
272.jpg,8,9,1,0,"```json {""count"": 9} ```",6.46
2743.jpg,57,50,1,0,"```json {""count"": 50} ```",3.01
2720.jpg,64,62,1,0,"```json {""count"": 62} ```",6.87
2746.jpg,115,62,1,0,"```json {""count"": 62} ```",2.92
2745.jpg,116,5,1,0,"```json {""count"": 5} ```",3.08
2721.jpg,37,34,1,0,"```json {""count"": 34} ```",7.09
2722.jpg,36,30,1,0,"```json {""count"": 30} ```",7.33
2723.jpg,23,20,1,0,"```json {""count"": 20} ```",7.33
2724.jpg,49,42,1,0,"```json {""count"": 42} ```",7.43
2725.jpg,131,109,1,0,"```json {""count"": 109} ```",7.44
2729.jpg,14,12,1,0,"```json {""count"": 12} ```",7.56
2726.jpg,20,18,1,0,"```json {""count"": 18} ```",8.24
2751.jpg,89,62,1,0,"```json {""count"": 62} ```",4.22
2752.jpg,39,30,1,0,"```json {""count"": 30} ```",4.01
2748.jpg,23,16,1,0,"```json {""count"": 16} ```",5.05
2727.jpg,15,12,1,0,"```json {""count"": 12} ```",8.34
2737.jpg,43,34,1,0,"```json {""count"": 34} ```",7.41
2755.jpg,15,15,1,0,"```json {""count"": 15} ```",3.35
2753.jpg,59,40,1,0,"```json {""count"": 40} ```",3.98
2730.jpg,56,50,1,0,"```json {""count"": 50} ```",8.47
2731.jpg,63,56,1,0,"```json {""count"": 56} ```",8.43
2733.jpg,27,21,1,0,"```json {""count"": 21} ```",8.47
2734.jpg,26,21,1,0,"```json {""count"": 21} ```",8.56
2738.jpg,96,60,1,0,"```json {""count"": 60} ```",8.70
2740.jpg,49,50,1,0,"```json {""count"": 50} ```",8.26
2744.jpg,38,35,1,0,"```json {""count"": 35} ```",8.19
276.jpg,12,10,1,0,"```json {""count"": 10} ```",5.00
2759.jpg,14,14,1,0,"```json {""count"": 14} ```",5.18
2762.jpg,48,50,1,0,"```json {""count"": 50} ```",4.85
2761.jpg,44,33,1,0,"```json {""count"": 33} ```",5.14
275.jpg,63,50,1,0,"```json {""count"": 50} ```",7.55
2741.jpg,173,123,1,0,"```json {""count"": 123} ```",9.28
2750.jpg,32,30,1,0,"```json {""count"": 30} ```",7.55
2770.jpg,108,49,1,0,"```json {""count"": 49} ```",3.24
2767.jpg,68,50,1,0,"```json {""count"": 50} ```",3.53
2768.jpg,438,200,1,0,"```json {""count"": 200} ```",3.34
2742.jpg,98,87,1,0,"```json {""count"": 87} ```",9.31
2747.jpg,32,24,1,0,"```json {""count"": 24} ```",8.71
2749.jpg,108,84,1,0,"```json {""count"": 84} ```",8.83
2754.jpg,68,62,1,0,"```json {""count"": 62} ```",7.56
2764.jpg,49,40,1,0,"```json {""count"": 40} ```",6.34
2757.jpg,63,50,1,0,"```json {""count"": 50} ```",7.61
2781.jpg,20,20,1,0,"```json {""count"": 20} ```",3.58
2760.jpg,26,24,1,0,"```json {""count"": 24} ```",7.62
2778.jpg,108,105,1,0,"```json {""count"": 105} ```",4.21
2763.jpg,136,87,1,0,"```json {""count"": 87} ```",7.29
2765.jpg,12,10,1,0,"```json {""count"": 10} ```",7.08
2766.jpg,54,50,1,0,"```json {""count"": 50} ```",6.76
277.jpg,8,8,1,0,"```json {""count"": 8} ```",6.33
2771.jpg,63,50,1,0,"```json {""count"": 50} ```",6.56
2769.jpg,66,50,1,0,"```json {""count"": 50} ```",6.98
2785.jpg,104,105,1,0,"```json {""count"": 105} ```",4.78
2796.jpg,19,20,1,0,"```json {""count"": 20} ```",3.12
2774.jpg,101,105,1,0,"```json {""count"": 105} ```",7.02
2792.jpg,278,200,1,0,"```json {""count"": 200} ```",3.97
2793.jpg,24,24,1,0,"```json {""count"": 24} ```",3.97
2772.jpg,44,24,1,0,"```json {""count"": 24} ```",7.22
2775.jpg,1672,10,1,0,"```json {""count"": 10} ```",7.37
2776.jpg,16,15,1,0,"```json {""count"": 15} ```",7.25
2779.jpg,25,20,1,0,"```json {""count"": 20} ```",6.96
2782.jpg,20,24,1,0,"```json {""count"": 24} ```",6.87
280.jpg,11,12,1,0,"```json {""count"": 12} ```",3.67
2783.jpg,11,8,1,0,"```json {""count"": 8} ```",6.44
2784.jpg,23,24,1,0,"```json {""count"": 24} ```",6.51
2804.jpg,16,16,1,0,"```json {""count"": 16} ```",3.03
2787.jpg,83,62,1,0,"```json {""count"": 62} ```",6.76
2786.jpg,12,12,1,0,"```json {""count"": 12} ```",6.97
2788.jpg,24,24,1,0,"```json {""count"": 24} ```",7.16
2789.jpg,10,10,1,0,"```json {""count"": 10} ```",7.25
279.jpg,11,10,1,0,"```json {""count"": 10} ```",7.22
2790.jpg,15,15,1,0,"```json {""count"": 15} ```",7.54
2791.jpg,23,24,1,0,"```json {""count"": 24} ```",7.87
2794.jpg,8,10,1,0,"```json {""count"": 10} ```",7.87
2795.jpg,12,12,1,0,"```json {""count"": 12} ```",7.75
2799.jpg,80,85,1,0,"```json {""count"": 85} ```",7.32
2797.jpg,86,84,1,0,"```json {""count"": 84} ```",7.53
2830.jpg,62,26,1,0,"```json {""count"": 26} ```",2.88
28.jpg,8,8,1,0,"```json {""count"": 8} ```",7.41
2800.jpg,13,13,1,0,"```json {""count"": 13} ```",7.71
2802.jpg,10,9,1,0,"```json {""count"": 9} ```",7.71
2803.jpg,61,50,1,0,"```json {""count"": 50} ```",7.70
2805.jpg,40,40,1,0,"```json {""count"": 40} ```",7.40
2806.jpg,84,75,1,0,"```json {""count"": 75} ```",7.24
2807.jpg,263,109,1,0,"```json {""count"": 109} ```",7.09
2808.jpg,26,20,1,0,"```json {""count"": 20} ```",6.98
2815.jpg,49,30,1,0,"```json {""count"": 30} ```",7.18
2812.jpg,158,49,1,0,"```json {""count"": 49} ```",7.48
2816.jpg,45,30,1,0,"```json {""count"": 30} ```",7.69
2809.jpg,45,50,1,0,"```json {""count"": 50} ```",8.01
2818.jpg,252,100,1,0,"```json {""count"": 100} ```",8.13
2848.jpg,57,50,1,0,"```json {""count"": 50} ```",2.90
282.jpg,9,8,1,0,"```json {""count"": 8} ```",8.12
2826.jpg,22,20,1,0,"```json {""count"": 20} ```",7.64
2820.jpg,34,24,1,0,"```json {""count"": 24} ```",8.47
2854.jpg,16,8,1,0,"```json {""count"": 8} ```",2.71
2822.jpg,136,75,1,0,"```json {""count"": 75} ```",8.58
2825.jpg,8,10,1,0,"```json {""count"": 10} ```",8.46
2827.jpg,140,75,1,0,"```json {""count"": 75} ```",8.58
2828.jpg,58,30,1,0,"```json {""count"": 30} ```",8.60
2829.jpg,61,34,1,0,"```json {""count"": 34} ```",8.80
283.jpg,8,8,1,0,"```json {""count"": 8} ```",8.74
2861.jpg,40,24,1,0,"```json {""count"": 24} ```",2.74
2832.jpg,8,7,1,0,"```json {""count"": 7} ```",8.36
2862.jpg,85,100,1,0,"```json {""count"": 100} ```",2.96
2834.jpg,9,7,1,0,"```json {""count"": 7} ```",8.46
2835.jpg,89,50,1,0,"```json {""count"": 50} ```",8.47
2836.jpg,9,8,1,0,"```json {""count"": 8} ```",8.34
2837.jpg,25,14,1,0,"```json {""count"": 14} ```",8.19
284.jpg,114,2,1,0,"```json {""count"": 2} ```",7.99
287.jpg,21,16,1,0,"```json {""count"": 16} ```",2.57
2870.jpg,23,20,1,0,"```json {""count"": 20} ```",2.36
2840.jpg,35,14,1,0,"```json {""count"": 14} ```",7.83
2839.jpg,67,34,1,0,"```json {""count"": 34} ```",8.68
2871.jpg,48,26,1,0,"```json {""count"": 26} ```",2.26
2842.jpg,124,60,1,0,"```json {""count"": 60} ```",8.02
2846.jpg,38,20,1,0,"```json {""count"": 20} ```",8.15
2847.jpg,20,14,1,0,"```json {""count"": 14} ```",8.33
2849.jpg,13,15,1,0,"```json {""count"": 15} ```",8.03
285.jpg,28,24,1,0,"```json {""count"": 24} ```",7.91
2850.jpg,287,100,1,0,"```json {""count"": 100} ```",7.88
2851.jpg,61,50,1,0,"```json {""count"": 50} ```",8.15
2855.jpg,56,42,1,0,"```json {""count"": 42} ```",7.96
2858.jpg,131,100,1,0,"```json {""count"": 100} ```",7.78
2891.jpg,144,109,1,0,"```json {""count"": 109} ```",2.38
2857.jpg,107,50,1,0,"```json {""count"": 50} ```",8.29
286.jpg,10,10,1,0,"```json {""count"": 10} ```",7.97
2860.jpg,38,30,1,0,"```json {""count"": 30} ```",8.08
2863.jpg,151,75,1,0,"```json {""count"": 75} ```",7.79
2866.jpg,25,24,1,0,"```json {""count"": 24} ```",7.59
2864.jpg,45,30,1,0,"```json {""count"": 30} ```",7.80
2869.jpg,119,60,1,0,"```json {""count"": 60} ```",7.78
2867.jpg,8,10,1,0,"```json {""count"": 10} ```",8.13
2868.jpg,13,11,1,0,"```json {""count"": 11} ```",8.34
2899.jpg,39,30,1,0,"```json {""count"": 30} ```",2.87
2872.jpg,10,8,1,0,"```json {""count"": 8} ```",7.12
2873.jpg,11,12,1,0,"```json {""count"": 12} ```",7.24
2875.jpg,60,24,1,0,"```json {""count"": 24} ```",7.54
2878.jpg,301,15,1,0,"```json {""count"": 15} ```",7.57
2877.jpg,111,50,1,0,"```json {""count"": 50} ```",7.76
2879.jpg,150,75,1,0,"```json {""count"": 75} ```",7.83
29.jpg,28,24,1,0,"```json {""count"": 24} ```",4.20
288.jpg,26,21,1,0,"```json {""count"": 21} ```",7.74
2880.jpg,158,50,1,0,"```json {""count"": 50} ```",8.01
2908.jpg,33,33,1,0,"```json {""count"": 33} ```",2.52
2881.jpg,131,50,1,0,"```json {""count"": 50} ```",8.00
2884.jpg,165,75,1,0,"```json {""count"": 75} ```",7.93
2888.jpg,18,15,1,0,"```json {""count"": 15} ```",8.24
2882.jpg,174,75,1,0,"```json {""count"": 75} ```",8.57
2913.jpg,15,15,1,0,"```json {""count"": 15} ```",3.29
2912.jpg,72,60,1,0,"```json {""count"": 60} ```",3.49
2910.jpg,14,16,1,0,"```json {""count"": 16} ```",3.49
2914.jpg,28,30,1,0,"```json {""count"": 30} ```",3.19
289.jpg,26,16,1,0,"```json {""count"": 16} ```",8.62
2915.jpg,61,50,1,0,"```json {""count"": 50} ```",2.87
2890.jpg,32,20,1,0,"```json {""count"": 20} ```",8.92
2892.jpg,30,24,1,0,"```json {""count"": 24} ```",8.73
2893.jpg,29,27,1,0,"```json {""count"": 27} ```",8.88
2894.jpg,14,13,1,0,"```json {""count"": 13} ```",8.76
2921.jpg,27,20,1,0,"```json {""count"": 20} ```",3.69
2923.jpg,86,50,1,0,"```json {""count"": 50} ```",3.16
292.jpg,32,33,1,0,"```json {""count"": 33} ```",4.13
2922.jpg,19,20,1,0,"```json {""count"": 20} ```",3.37
2901.jpg,9,10,1,0,"```json {""count"": 10} ```",8.13
2895.jpg,29,30,1,0,"```json {""count"": 30} ```",9.67
2918.jpg,25,30,1,0,"```json {""count"": 30} ```",4.35
2919.jpg,216,200,1,0,"```json {""count"": 200} ```",4.32
2897.jpg,21,16,1,0,"```json {""count"": 16} ```",9.70
2924.jpg,54,50,1,0,"```json {""count"": 50} ```",3.07
2903.jpg,69,30,1,0,"```json {""count"": 30} ```",7.79
2898.jpg,20,14,1,0,"```json {""count"": 14} ```",9.59
290.jpg,13,10,1,0,"```json {""count"": 10} ```",9.18
2900.jpg,35,30,1,0,"```json {""count"": 30} ```",9.53
2902.jpg,14,14,1,0,"```json {""count"": 14} ```",9.18
2906.jpg,16,20,1,0,"```json {""count"": 20} ```",8.72
2931.jpg,43,50,1,0,"```json {""count"": 50} ```",3.90
2926.jpg,24,20,1,0,"```json {""count"": 20} ```",4.40
2932.jpg,25,24,1,0,"```json {""count"": 24} ```",3.57
2928.jpg,45,24,1,0,"```json {""count"": 24} ```",4.40
291.jpg,14,14,1,0,"```json {""count"": 14} ```",8.10
2933.jpg,45,50,1,0,"```json {""count"": 50} ```",3.25
2929.jpg,77,60,1,0,"```json {""count"": 60} ```",4.20
2907.jpg,28,24,1,0,"```json {""count"": 24} ```",9.08
2934.jpg,56,50,1,0,"```json {""count"": 50} ```",3.69
2916.jpg,202,144,1,0,"```json {""count"": 144} ```",7.38
2917.jpg,20,20,1,0,"```json {""count"": 20} ```",7.39
2920.jpg,13,10,1,0,"```json {""count"": 10} ```",6.79
2935.jpg,13,12,1,0,"```json {""count"": 12} ```",3.22
2937.jpg,78,62,1,0,"```json {""count"": 62} ```",3.22
2936.jpg,23,24,1,0,"```json {""count"": 24} ```",3.22
2942.jpg,25,20,1,0,"```json {""count"": 20} ```",3.43
2925.jpg,65,62,1,0,"```json {""count"": 62} ```",5.95
2938.jpg,9,12,1,0,"```json {""count"": 12} ```",3.43
294.jpg,124,120,1,0,"```json {""count"": 120} ```",3.43
2927.jpg,49,60,1,0,"```json {""count"": 60} ```",6.21
2945.jpg,14,12,1,0,"```json {""count"": 12} ```",3.66
2947.jpg,36,50,1,0,"```json {""count"": 50} ```",3.22
2946.jpg,12,10,1,0,"```json {""count"": 10} ```",3.55
2930.jpg,60,60,1,0,"```json {""count"": 60} ```",6.46
2948.jpg,11,10,1,0,"```json {""count"": 10} ```",3.14
293.jpg,41,50,1,0,"```json {""count"": 50} ```",6.66
2949.jpg,24,20,1,0,"```json {""count"": 20} ```",3.08
2939.jpg,52,50,1,0,"```json {""count"": 50} ```",4.61
2941.jpg,17,20,1,0,"```json {""count"": 20} ```",4.82
2943.jpg,29,33,1,0,"```json {""count"": 33} ```",4.79
2944.jpg,68,85,1,0,"```json {""count"": 85} ```",4.94
2958.jpg,149,200,1,0,"```json {""count"": 200} ```",3.26
2956.jpg,25,33,1,0,"```json {""count"": 33} ```",3.26
296.jpg,30,12,1,0,"```json {""count"": 12} ```",2.95
2955.jpg,105,75,1,0,"```json {""count"": 75} ```",3.27
2953.jpg,22,30,1,0,"```json {""count"": 30} ```",3.27
2963.jpg,20,20,1,0,"```json {""count"": 20} ```",2.42
295.jpg,64,40,1,0,"```json {""count"": 40} ```",3.67
2961.jpg,89,75,1,0,"```json {""count"": 75} ```",2.83
2977.jpg,10,10,1,0,"```json {""count"": 10} ```",1.97
2951.jpg,14,13,1,0,"```json {""count"": 13} ```",3.65
2952.jpg,67,85,1,0,"```json {""count"": 85} ```",3.98
2954.jpg,38,30,1,0,"```json {""count"": 30} ```",4.28
2979.jpg,17,13,1,0,"```json {""count"": 13} ```",2.27
2982.jpg,13,14,1,0,"```json {""count"": 14} ```",2.00
2960.jpg,24,24,1,0,"```json {""count"": 24} ```",3.98
2964.jpg,18,16,1,0,"```json {""count"": 16} ```",3.71
2966.jpg,63,50,1,0,"```json {""count"": 50} ```",3.89
297.jpg,12,10,1,0,"```json {""count"": 10} ```",4.22
2987.jpg,10,10,1,0,"```json {""count"": 10} ```",2.77
2969.jpg,67,50,1,0,"```json {""count"": 50} ```",4.55
2970.jpg,16,16,1,0,"```json {""count"": 16} ```",4.55
2975.jpg,30,27,1,0,"```json {""count"": 27} ```",4.88
2990.jpg,15,14,1,0,"```json {""count"": 14} ```",3.30
2989.jpg,27,2,1,0,"```json {""count"": 2} ```",3.30
2992.jpg,34,0,1,1,"```json {""count"": 0} ```",3.30
2988.jpg,21,13,1,0,"```json {""count"": 13} ```",3.33
2978.jpg,11,10,1,0,"```json {""count"": 10} ```",4.78
2995.jpg,13,1,1,0,"```json {""count"": 1} ```",3.33
2993.jpg,9,1,1,0,"```json {""count"": 1} ```",3.49
2997.jpg,128,2,1,0,"```json {""count"": 2} ```",3.28
298.jpg,33,30,1,0,"```json {""count"": 30} ```",4.65
3000.jpg,122,2,1,0,"```json {""count"": 2} ```",2.58
3002.jpg,65,2,1,0,"```json {""count"": 2} ```",2.39
3001.jpg,14,1,1,0,"```json {""count"": 1} ```",2.58
2974.jpg,108,100,1,0,"```json {""count"": 100} ```",5.63
2980.jpg,21,15,1,0,"```json {""count"": 15} ```",5.33
2981.jpg,64,15,1,0,"```json {""count"": 15} ```",5.45
2983.jpg,17,13,1,0,"```json {""count"": 13} ```",5.45
2984.jpg,63,30,1,0,"```json {""count"": 30} ```",5.58
3013.jpg,25,2,1,0,"```json {""count"": 2} ```",2.17
2985.jpg,18,13,1,0,"```json {""count"": 13} ```",5.76
3019.jpg,27,1,1,0,"```json {""count"": 1} ```",2.16
2986.jpg,21,24,1,0,"```json {""count"": 24} ```",5.83
3014.jpg,26,0,1,1,"```json {""count"": 0} ```",2.34
3015.jpg,43,2,1,0,"```json {""count"": 2} ```",2.44
3018.jpg,10,1,1,0,"```json {""count"": 1} ```",2.44
299.jpg,16,13,1,0,"```json {""count"": 13} ```",5.73
3020.jpg,34,0,1,1,"```json {""count"": 0} ```",2.62
3027.jpg,32,2,1,0,"```json {""count"": 2} ```",2.21
3023.jpg,18,2,1,0,"```json {""count"": 2} ```",2.46
3026.jpg,52,1,1,0,"```json {""count"": 1} ```",2.21
3022.jpg,22,4,1,0,"```json {""count"": 4} ```",2.46
3025.jpg,80,1,1,0,"```json {""count"": 1} ```",2.41
2996.jpg,50,15,1,0,"```json {""count"": 15} ```",5.77
2991.jpg,27,1,1,0,"```json {""count"": 1} ```",6.28
3028.jpg,9,1,1,0,"```json {""count"": 1} ```",2.54
2998.jpg,26,3,1,0,"```json {""count"": 3} ```",6.10
3031.jpg,16,1,1,0,"```json {""count"": 1} ```",2.31
3030.jpg,22,1,1,0,"```json {""count"": 1} ```",2.51
300.jpg,33,34,1,0,"```json {""count"": 34} ```",5.94
3005.jpg,54,1,1,0,"```json {""count"": 1} ```",5.55
3036.jpg,18,1,1,0,"```json {""count"": 1} ```",2.22
3034.jpg,34,1,1,0,"```json {""count"": 1} ```",2.46
3007.jpg,40,1,1,0,"```json {""count"": 1} ```",5.49
3038.jpg,196,2,1,0,"```json {""count"": 2} ```",2.23
3042.jpg,10,11,1,0,"```json {""count"": 11} ```",2.16
3008.jpg,37,1,1,0,"```json {""count"": 1} ```",5.37
3.jpg,11,11,1,0,"```json {""count"": 11} ```",7.21
301.jpg,28,24,1,0,"```json {""count"": 24} ```",5.60
3012.jpg,42,3,1,0,"```json {""count"": 3} ```",5.80
302.jpg,20,20,1,0,"```json {""count"": 20} ```",5.41
3056.jpg,19,1,1,0,"```json {""count"": 1} ```",3.05
3052.jpg,57,2,1,0,"```json {""count"": 2} ```",3.27
3060.jpg,20,1,1,0,"```json {""count"": 1} ```",3.05
3063.jpg,18,10,1,0,"```json {""count"": 10} ```",3.05
3065.jpg,30,5,1,0,"```json {""count"": 5} ```",3.03
3024.jpg,13,1,1,0,"```json {""count"": 1} ```",5.51
3066.jpg,18,2,1,0,"```json {""count"": 2} ```",2.73
307.jpg,21,16,1,0,"```json {""count"": 16} ```",2.85
303.jpg,51,34,1,0,"```json {""count"": 34} ```",5.11
3029.jpg,48,0,1,1,"```json {""count"": 0} ```",5.78
3044.jpg,20,1,1,0,"```json {""count"": 1} ```",4.40
3070.jpg,30,1,1,0,"```json {""count"": 1} ```",3.03
3075.jpg,32,34,1,0,"```json {""count"": 34} ```",3.02
3041.jpg,23,1,1,0,"```json {""count"": 1} ```",4.87
3047.jpg,38,3,1,0,"```json {""count"": 3} ```",4.82
308.jpg,27,21,1,0,"```json {""count"": 21} ```",3.31
305.jpg,11,11,1,0,"```json {""count"": 11} ```",4.99
3054.jpg,30,5,1,0,"```json {""count"": 5} ```",4.98
3064.jpg,23,2,1,0,"```json {""count"": 2} ```",5.16
306.jpg,30,27,1,0,"```json {""count"": 27} ```",5.46
3067.jpg,81,2,1,0,"```json {""count"": 2} ```",5.31
3089.jpg,20,16,1,0,"```json {""count"": 16} ```",2.77
309.jpg,113,62,1,0,"```json {""count"": 62} ```",2.77
3097.jpg,14,12,1,0,"```json {""count"": 12} ```",2.12
3098.jpg,9,10,1,0,"```json {""count"": 10} ```",1.91
3096.jpg,8,8,1,0,"```json {""count"": 8} ```",2.44
3074.jpg,12,13,1,0,"```json {""count"": 13} ```",4.82
3091.jpg,8,8,1,0,"```json {""count"": 8} ```",2.77
3076.jpg,191,150,1,0,"```json {""count"": 150} ```",4.80
3077.jpg,34,24,1,0,"```json {""count"": 24} ```",5.13
3078.jpg,18,18,1,0,"```json {""count"": 18} ```",5.21
3079.jpg,10,11,1,0,"```json {""count"": 11} ```",5.65
31.jpg,126,109,1,0,"```json {   ""count"": 109 } ```",3.09
3083.jpg,8,8,1,0,"```json {""count"": 8} ```",5.65
3080.jpg,23,13,1,0,"```json {""count"": 13} ```",5.97
3084.jpg,8,8,1,0,"```json {""count"": 8} ```",6.12
3085.jpg,20,20,1,0,"```json {""count"": 20} ```",6.18
3086.jpg,17,16,1,0,"```json {""count"": 16} ```",6.30
3087.jpg,64,52,1,0,"```json {""count"": 52} ```",6.30
3090.jpg,15,12,1,0,"```json {""count"": 12} ```",6.35
3093.jpg,16,16,1,0,"```json {""count"": 16} ```",6.64
3094.jpg,30,24,1,0,"```json {""count"": 24} ```",6.87
3092.jpg,9,9,1,0,"```json {""count"": 9} ```",7.18
3095.jpg,10,10,1,0,"```json {""count"": 10} ```",7.19
310.jpg,65,50,1,0,"```json {""count"": 50} ```",6.76
3100.jpg,12,12,1,0,"```json {""count"": 12} ```",6.60
3118.jpg,43,15,1,0,"```json {""count"": 15} ```",5.16
311.jpg,55,34,1,0,"```json {""count"": 34} ```",5.70
3121.jpg,60,62,1,0,"```json {""count"": 62} ```",4.20
3119.jpg,16,12,1,0,"```json {""count"": 12} ```",4.84
3117.jpg,28,27,1,0,"```json {""count"": 27} ```",5.49
3111.jpg,20,20,1,0,"```json {""count"": 20} ```",5.70
3104.jpg,34,13,1,0,"```json {""count"": 13} ```",6.75
3105.jpg,35,26,1,0,"```json {""count"": 26} ```",6.76
3124.jpg,133,3,1,0,"```json  {""count"": 3} ```",3.34
3122.jpg,90,85,1,0,"```json {""count"": 85} ```",4.10
3126.jpg,50,50,1,0,"```json {""count"": 50} ```",3.01
3127.jpg,100,62,1,0,"```json {""count"": 62} ```",2.69
3101.jpg,8,8,1,0,"```json {""count"": 8} ```",7.21
3128.jpg,72,50,1,0,"```json {""count"": 50} ```",2.59
3102.jpg,30,24,1,0,"```json {""count"": 24} ```",7.28
3106.jpg,19,13,1,0,"```json {""count"": 13} ```",7.08
3130.jpg,83,62,1,0,"```json {""count"": 62} ```",2.31
3107.jpg,80,27,1,0,"```json {""count"": 27} ```",7.09
3131.jpg,92,100,1,0,"```json {""count"": 100} ```",2.28
3108.jpg,17,16,1,0,"```json {""count"": 16} ```",7.24
3109.jpg,31,27,1,0,"```json {""count"": 27} ```",7.24
3133.jpg,88,60,1,0,"```json {""count"": 60} ```",2.12
3132.jpg,25,24,1,0,"```json {""count"": 24} ```",2.31
3110.jpg,100,75,1,0,"```json {""count"": 75} ```",7.46
3134.jpg,89,85,1,0,"```json {""count"": 85} ```",1.80
3135.jpg,252,87,1,0,"```json {""count"": 87} ```",1.80
3116.jpg,35,21,1,0,"```json {""count"": 21} ```",7.69
3139.jpg,72,50,1,0,"```json {""count"": 50} ```",2.30
3112.jpg,10,12,1,0,"```json {""count"": 12} ```",8.00
3140.jpg,196,50,1,0,"```json {""count"": 50} ```",2.30
3114.jpg,17,20,1,0,"```json {""count"": 20} ```",8.28
3142.jpg,88,50,1,0,"```json {""count"": 50} ```",2.36
3147.jpg,72,50,1,0,"```json {""count"": 50} ```",2.11
3145.jpg,80,85,1,0,"```json {""count"": 85} ```",2.36
3141.jpg,146,66,1,0,"```json {""count"": 66} ```",2.36
3143.jpg,17,16,1,0,"```json {""count"": 16} ```",2.36
3120.jpg,103,100,1,0,"```json {""count"": 100} ```",7.23
3144.jpg,54,42,1,0,"```json {""count"": 42} ```",2.60
3149.jpg,10,9,1,0,"```json {""count"": 9} ```",2.10
3150.jpg,9,10,1,0,"```json {""count"": 10} ```",2.17
3123.jpg,102,100,1,0,"```json {""count"": 100} ```",6.64
3151.jpg,393,150,1,0,"```json {""count"": 150} ```",2.17
3129.jpg,108,100,1,0,"```json {""count"": 100} ```",5.31
312.jpg,53,40,1,0,"```json {""count"": 40} ```",8.15
3152.jpg,58,50,1,0,"```json {""count"": 50} ```",2.39
313.jpg,23,20,1,0,"```json {""count"": 20} ```",5.55
3136.jpg,504,200,1,0,"```json {""count"": 200} ```",4.26
3156.jpg,50,40,1,0,"```json {""count"": 40} ```",2.53
3157.jpg,42,30,1,0,"```json {""count"": 30} ```",2.49
3155.jpg,45,50,1,0,"```json {""count"": 50} ```",2.72
3154.jpg,47,5,1,0,"```json {""count"": 5} ```",2.72
3137.jpg,84,100,1,0,"```json {""count"": 100} ```",4.46
3161.jpg,14,12,1,0,"```json {""count"": 12} ```",2.19
3138.jpg,142,109,1,0,"```json {""count"": 109} ```",4.68
316.jpg,25,20,1,0,"```json {""count"": 20} ```",2.38
3146.jpg,19,16,1,0,"```json {""count"": 16} ```",4.56
315.jpg,53,50,1,0,"```json {""count"": 50} ```",4.12
3164.jpg,8,8,1,0,"```json {""count"": 8} ```",2.57
3166.jpg,8,8,1,0,"```json {""count"": 8} ```",2.57
3169.jpg,10,10,1,0,"```json {""count"": 10} ```",2.56
3148.jpg,12,11,1,0,"```json {""count"": 11} ```",4.85
3153.jpg,24,23,1,0,"```json {""count"": 23} ```",3.98
3174.jpg,8,9,1,0,"```json {""count"": 9} ```",2.23
3158.jpg,43,50,1,0,"```json {""count"": 50} ```",3.92
3159.jpg,58,62,1,0,"```json {""count"": 62} ```",3.92
3160.jpg,13,12,1,0,"```json {""count"": 12} ```",3.79
3165.jpg,12,12,1,0,"```json {""count"": 12} ```",3.83
3167.jpg,8,8,1,0,"```json {""count"": 8} ```",4.03
3163.jpg,13,14,1,0,"```json {""count"": 14} ```",4.29
3168.jpg,40,24,1,0,"```json {""count"": 24} ```",4.61
317.jpg,14,12,1,0,"```json {""count"": 12} ```",4.70
3171.jpg,20,16,1,0,"```json {""count"": 16} ```",5.02
3195.jpg,10,8,1,0,"```json {""count"": 8} ```",2.76
3172.jpg,16,12,1,0,"```json {""count"": 12} ```",4.96
3173.jpg,20,20,1,0,"```json {""count"": 20} ```",5.13
3175.jpg,20,15,1,0,"```json {""count"": 15} ```",5.16
3176.jpg,47,40,1,0,"```json {""count"": 40} ```",5.23
32.jpg,10,10,1,0,"```json {""count"": 10} ```",3.10
3177.jpg,20,16,1,0,"```json {""count"": 16} ```",5.45
3178.jpg,12,12,1,0,"```json {""count"": 12} ```",5.44
3180.jpg,12,10,1,0,"```json {""count"": 10} ```",5.28
3182.jpg,9,9,1,0,"```json {""count"": 9} ```",5.46
3184.jpg,8,8,1,0,"```json {""count"": 8} ```",5.80
3181.jpg,20,24,1,0,"```json {""count"": 24} ```",6.11
3186.jpg,13,13,1,0,"```json {""count"": 13} ```",6.30
3187.jpg,28,10,1,0,"```json {""count"": 10} ```",6.37
3207.jpg,24,20,1,0,"```json {""count"": 20} ```",2.78
3188.jpg,14,13,1,0,"```json {""count"": 13} ```",6.62
3189.jpg,8,10,1,0,"```json {""count"": 10} ```",6.77
319.jpg,12,10,1,0,"```json {""count"": 10} ```",6.98
3190.jpg,12,12,1,0,"```json {""count"": 12} ```",7.24
3192.jpg,13,12,1,0,"```json {""count"": 12} ```",7.14
3214.jpg,9,9,1,0,"```json {""count"": 9} ```",3.09
3193.jpg,36,30,1,0,"```json {""count"": 30} ```",7.48
3191.jpg,12,10,1,0,"```json {""count"": 10} ```",7.68
3216.jpg,18,24,1,0,"```json {""count"": 24} ```",3.07
3194.jpg,11,12,1,0,"```json {""count"": 12} ```",7.78
3196.jpg,8,8,1,0,"```json {""count"": 8} ```",7.83
3198.jpg,8,8,1,0,"```json {""count"": 8} ```",7.92
3197.jpg,20,20,1,0,"```json {""count"": 20} ```",8.13
3199.jpg,12,13,1,0,"```json {""count"": 13} ```",8.10
320.jpg,16,15,1,0,"```json {""count"": 15} ```",7.94
3200.jpg,8,9,1,0,"```json {""count"": 9} ```",7.95
322.jpg,27,24,1,0,"```json {""count"": 24} ```",3.56
3201.jpg,10,11,1,0,"```json {""count"": 11} ```",7.99
3202.jpg,12,12,1,0,"```json {""count"": 12} ```",7.92
3203.jpg,11,12,1,0,"```json {""count"": 12} ```",7.78
3204.jpg,13,13,1,0,"```json {""count"": 13} ```",7.78
3205.jpg,11,9,1,0,"```json {""count"": 9} ```",7.93
3206.jpg,21,13,1,0,"```json {""count"": 13} ```",8.22
3208.jpg,9,8,1,0,"```json {""count"": 8} ```",7.93
3231.jpg,274,1,1,0,"```json {""count"": 1} ```",2.99
3209.jpg,12,13,1,0,"```json {""count"": 13} ```",7.83
321.jpg,39,40,1,0,"```json {""count"": 40} ```",7.83
3234.jpg,35,46,1,0,"```json {""count"": 46} ```",2.67
3235.jpg,81,62,1,0,"```json {""count"": 62} ```",2.46
3211.jpg,14,10,1,0,"```json {""count"": 10} ```",8.04
3213.jpg,13,13,1,0,"```json {""count"": 13} ```",8.14
3215.jpg,24,20,1,0,"```json {""count"": 20} ```",7.99
3217.jpg,12,13,1,0,"```json {""count"": 13} ```",7.54
3218.jpg,14,10,1,0,"```json {""count"": 10} ```",7.68
3219.jpg,13,10,1,0,"```json {""count"": 10} ```",7.77
324.jpg,11,10,1,0,"```json {""count"": 10} ```",3.41
3240.jpg,57,1,1,0,"```json {""count"": 1} ```",3.08
3220.jpg,13,13,1,0,"```json {""count"": 13} ```",7.80
3221.jpg,29,33,1,0,"```json {""count"": 33} ```",7.94
3245.jpg,68,2,1,0,"```json {""count"": 2} ```",2.75
3223.jpg,89,75,1,0,"```json {""count"": 75} ```",7.90
3224.jpg,55,62,1,0,"```json {""count"": 62} ```",7.79
3225.jpg,52,50,1,0,"```json {""count"": 50} ```",7.91
3227.jpg,13,13,1,0,"```json {""count"": 13} ```",7.90
3246.jpg,11,11,1,0,"```json {""count"": 11} ```",3.84
3226.jpg,144,109,1,0,"```json {""count"": 109} ```",8.23
3228.jpg,99,75,1,0,"```json {""count"": 75} ```",8.23
323.jpg,25,21,1,0,"```json {""count"": 21} ```",8.22
3229.jpg,92,62,1,0,"```json {""count"": 62} ```",8.47
3252.jpg,13,2,1,0,"```json {""count"": 2} ```",3.84
3255.jpg,12,11,1,0,"```json {""count"": 11} ```",3.19
3257.jpg,82,1,1,0,"```json {""count"": 1} ```",3.08
3256.jpg,37,33,1,0,"```json {""count"": 33} ```",3.08
3258.jpg,9,9,1,0,"```json {""count"": 9} ```",2.87
3250.jpg,9,9,1,0,"```json {""count"": 9} ```",4.26
3230.jpg,56,50,1,0,"```json {""count"": 50} ```",8.46
3232.jpg,134,87,1,0,"```json {""count"": 87} ```",8.16
3233.jpg,105,109,1,0,"```json {""count"": 109} ```",8.20
3236.jpg,125,109,1,0,"```json {""count"": 109} ```",7.73
3237.jpg,134,109,1,0,"```json {""count"": 109} ```",7.67
3266.jpg,20,24,1,0,"```json {""count"": 24} ```",1.50
3260.jpg,87,109,1,0,"```json {""count"": 109} ```",3.01
3239.jpg,46,40,1,0,"```json {""count"": 40} ```",7.63
3241.jpg,12,11,1,0,"```json {""count"": 11} ```",7.01
3242.jpg,60,1,1,0,"```json {""count"": 1} ```",6.99
3243.jpg,19,20,1,0,"```json {""count"": 20} ```",6.99
3244.jpg,68,41,1,0,"```json {""count"": 41} ```",7.12
3269.jpg,20,12,1,0,"```json {""count"": 12} ```",1.99
3247.jpg,15,13,1,0,"```json {""count"": 13} ```",6.91
3249.jpg,20,1,1,0,"```json {""count"": 1} ```",7.15
325.jpg,33,27,1,0,"```json {""count"": 27} ```",7.12
3251.jpg,115,8,1,0,"```json {""count"": 8} ```",6.76
3281.jpg,15,16,1,0,"```json {""count"": 16} ```",2.00
3254.jpg,36,34,1,0,"```json {""count"": 34} ```",6.41
3259.jpg,20,15,1,0,"```json {""count"": 15} ```",5.48
326.jpg,18,13,1,0,"```json {""count"": 13} ```",5.49
3288.jpg,9,9,1,0,"```json {""count"": 9} ```",1.32
3261.jpg,12,13,1,0,"```json {""count"": 13} ```",5.37
3262.jpg,24,20,1,0,"```json {""count"": 20} ```",5.37
3263.jpg,10,10,1,0,"```json {""count"": 10} ```",5.36
3264.jpg,12,10,1,0,"```json {""count"": 10} ```",5.36
3265.jpg,35,40,1,0,"```json {""count"": 40} ```",5.68
3267.jpg,25,24,1,0,"```json {""count"": 24} ```",5.49
3268.jpg,19,16,1,0,"```json {""count"": 16} ```",5.67
3270.jpg,19,18,1,0,"```json {""count"": 18} ```",5.83
327.jpg,12,12,1,0,"```json {""count"": 12} ```",6.04
3274.jpg,9,9,1,0,"```json {""count"": 9} ```",6.22
3271.jpg,21,24,1,0,"```json {""count"": 24} ```",6.57
3275.jpg,12,12,1,0,"```json {""count"": 12} ```",6.79
3276.jpg,18,16,1,0,"```json {""count"": 16} ```",7.09
3278.jpg,30,24,1,0,"```json {""count"": 24} ```",7.22
3279.jpg,23,24,1,0,"```json {""count"": 24} ```",7.19
328.jpg,35,33,1,0,"```json {""count"": 33} ```",7.17
3282.jpg,31,30,1,0,"```json {""count"": 30} ```",7.25
3285.jpg,34,30,1,0,"```json {""count"": 30} ```",7.37
3283.jpg,37,26,1,0,"```json {""count"": 26} ```",7.88
3284.jpg,16,16,1,0,"```json {""count"": 16} ```",7.91
3286.jpg,9,10,1,0,"```json {""count"": 10} ```",7.47
3287.jpg,16,14,1,0,"```json {""count"": 14} ```",7.50
3290.jpg,17,12,1,0,"```json {""count"": 12} ```",7.43
3289.jpg,12,10,1,0,"```json {""count"": 10} ```",7.94
3310.jpg,31,30,1,0,"```json {""count"": 30} ```",2.32
329.jpg,19,16,1,0,"```json {""count"": 16} ```",8.11
3291.jpg,190,150,1,0,"```json {""count"": 150} ```",7.90
3293.jpg,10,10,1,0,"```json {""count"": 10} ```",8.07
3295.jpg,12,12,1,0,"```json {""count"": 12} ```",8.24
3312.jpg,136,60,1,0,"```json {""count"": 60} ```",3.28
3294.jpg,9,9,1,0,"```json {""count"": 9} ```",8.59
3296.jpg,11,10,1,0,"```json {""count"": 10} ```",8.57
3313.jpg,63,1,1,0,"```json {""count"": 1} ```",2.99
3314.jpg,92,2,1,0,"```json {""count"": 2} ```",2.99
3297.jpg,9,9,1,0,"```json {""count"": 9} ```",8.71
3298.jpg,16,16,1,0,"```json {""count"": 16} ```",9.02
3299.jpg,16,12,1,0,"```json {""count"": 12} ```",9.15
33.jpg,47,33,1,0,"```json {""count"": 33} ```",9.04
330.jpg,25,24,1,0,"```json {""count"": 24} ```",9.48
3300.jpg,16,12,1,0,"```json {""count"": 12} ```",9.48
3301.jpg,25,24,1,0,"```json {""count"": 24} ```",9.48
3320.jpg,159,109,1,0,"```json {""count"": 109} ```",4.49
3319.jpg,68,2,1,0,"```json {""count"": 2} ```",4.61
3302.jpg,9,10,1,0,"```json {""count"": 10} ```",9.47
3308.jpg,153,30,1,0,"```json {""count"": 30} ```",7.76
3303.jpg,9,10,1,0,"```json {""count"": 10} ```",9.25
3304.jpg,8,8,1,0,"```json {""count"": 8} ```",9.13
3305.jpg,16,15,1,0,"```json {""count"": 15} ```",9.23
3306.jpg,16,16,1,0,"```json {""count"": 16} ```",9.37
3307.jpg,9,9,1,0,"```json {""count"": 9} ```",9.34
3309.jpg,16,16,1,0,"```json {""count"": 16} ```",9.01
3311.jpg,154,150,1,0,"```json {""count"": 150} ```",8.77
3329.jpg,178,25,1,0,"```json {""count"": 25} ```",5.53
3327.jpg,33,26,1,0,"```json {""count"": 26} ```",5.84
3334.jpg,146,15,1,0,"```json {""count"": 15} ```",3.60
331.jpg,33,24,1,0,"```json {""count"": 24} ```",9.74
3338.jpg,258,41,1,0,"```json {""count"": 41} ```",2.96
3321.jpg,49,30,1,0,"```json {""count"": 30} ```",7.13
3315.jpg,210,132,1,0,"```json {""count"": 132} ```",8.52
3317.jpg,43,42,1,0,"```json {""count"": 42} ```",8.63
3318.jpg,185,150,1,0,"```json {""count"": 150} ```",8.75
332.jpg,11,10,1,0,"```json {""count"": 10} ```",8.31
3322.jpg,450,200,1,0,"```json {""count"": 200} ```",8.00
3323.jpg,9,10,1,0,"```json {""count"": 10} ```",7.86
3343.jpg,50,42,1,0,"```json {""count"": 42} ```",3.73
3348.jpg,35,30,1,0,"```json {""count"": 30} ```",2.44
3326.jpg,122,85,1,0,"```json {""count"": 85} ```",7.68
3346.jpg,8,9,1,0,"```json {""count"": 9} ```",3.09
3347.jpg,14,12,1,0,"```json {""count"": 12} ```",2.88
3324.jpg,56,50,1,0,"```json {""count"": 50} ```",8.18
3328.jpg,99,100,1,0,"```json {""count"": 100} ```",7.88
333.jpg,32,30,1,0,"```json {""count"": 30} ```",8.19
3355.jpg,8,8,1,0,"```json {""count"": 8} ```",2.75
3353.jpg,15,15,1,0,"```json {""count"": 15} ```",2.95
3330.jpg,57,42,1,0,"```json {""count"": 42} ```",8.17
3354.jpg,7,7,1,0,"```json {""count"": 7} ```",2.75
3356.jpg,645,108,1,0,"```json {""count"": 108} ```",2.75
3357.jpg,12,12,1,0,"```json {""count"": 12} ```",2.66
3331.jpg,133,85,1,0,"```json {""count"": 85} ```",8.05
3358.jpg,14,12,1,0,"```json {""count"": 12} ```",2.51
3332.jpg,66,20,1,0,"```json {""count"": 20} ```",8.08
3359.jpg,8,8,1,0,"```json {""count"": 8} ```",2.64
3333.jpg,113,100,1,0,"```json {""count"": 100} ```",8.09
3335.jpg,350,200,1,0,"```json {""count"": 200} ```",7.32
3336.jpg,72,50,1,0,"```json {""count"": 50} ```",7.21
3337.jpg,295,1,1,0,"```json {""count"": 1} ```",7.34
3364.jpg,12,12,1,0,"```json {""count"": 12} ```",3.07
334.jpg,35,24,1,0,"```json {""count"": 24} ```",7.52
3367.jpg,18,20,1,0,"```json {""count"": 20} ```",2.55
3365.jpg,24,24,1,0,"```json {""count"": 24} ```",3.08
3368.jpg,11,12,1,0,"```json {""count"": 12} ```",2.56
3339.jpg,25,24,1,0,"```json {""count"": 24} ```",7.85
3342.jpg,12,12,1,0,"```json {""count"": 12} ```",7.84
3374.jpg,17,12,1,0,"```json {""count"": 12} ```",2.64
3373.jpg,19,16,1,0,"```json {""count"": 16} ```",2.85
3372.jpg,12,12,1,0,"```json {""count"": 12} ```",2.85
3371.jpg,9,9,1,0,"```json {""count"": 9} ```",2.85
3341.jpg,36,30,1,0,"```json {""count"": 30} ```",8.25
3375.jpg,8,8,1,0,"```json {""count"": 8} ```",2.96
3345.jpg,12,10,1,0,"```json {""count"": 10} ```",7.72
3352.jpg,12,12,1,0,"```json {""count"": 12} ```",6.43
3349.jpg,27,24,1,0,"```json {""count"": 24} ```",6.61
335.jpg,12,11,1,0,"```json {""count"": 11} ```",6.82
3379.jpg,15,15,1,0,"```json {""count"": 15} ```",3.21
3377.jpg,12,10,1,0,"```json {""count"": 10} ```",3.43
3382.jpg,15,12,1,0,"```json {""count"": 12} ```",2.36
3380.jpg,20,20,1,0,"```json {""count"": 20} ```",2.89
3360.jpg,8,8,1,0,"```json {""count"": 8} ```",5.79
3383.jpg,14,12,1,0,"```json {""count"": 12} ```",2.56
3384.jpg,8,8,1,0,"```json {""count"": 8} ```",2.56
3386.jpg,15,16,1,0,"```json {""count"": 16} ```",2.56
3385.jpg,8,8,1,0,"```json {""count"": 8} ```",2.56
3361.jpg,24,24,1,0,"```json {""count"": 24} ```",5.76
3387.jpg,12,12,1,0,"```json {""count"": 12} ```",2.55
3389.jpg,11,12,1,0,"```json {""count"": 12} ```",2.55
336.jpg,16,26,1,0,"```json {""count"": 26} ```",6.57
3363.jpg,12,12,1,0,"```json {""count"": 12} ```",6.21
3362.jpg,20,16,1,0,"```json {""count"": 16} ```",6.45
3391.jpg,11,10,1,0,"```json {""count"": 10} ```",2.49
3392.jpg,12,12,1,0,"```json {""count"": 12} ```",2.49
339.jpg,18,14,1,0,"```json {""count"": 14} ```",2.67
3394.jpg,8,8,1,0,"```json {""count"": 8} ```",2.47
3366.jpg,9,9,1,0,"```json {""count"": 9} ```",6.45
337.jpg,13,10,1,0,"```json {""count"": 10} ```",5.97
3370.jpg,12,12,1,0,"```json {""count"": 12} ```",6.16
3376.jpg,12,12,1,0,"```json {""count"": 12} ```",6.03
3381.jpg,47,42,1,0,"```json {""count"": 42} ```",5.57
3398.jpg,12,12,1,0,"```json {""count"": 12} ```",3.22
3401.jpg,42,40,1,0,"```json {""count"": 40} ```",2.89
3399.jpg,24,24,1,0,"```json {""count"": 24} ```",3.01
3390.jpg,12,12,1,0,"```json {""count"": 12} ```",4.35
3378.jpg,16,15,1,0,"```json {""count"": 15} ```",6.77
3402.jpg,31,30,1,0,"```json {""count"": 30} ```",3.22
3405.jpg,77,62,1,0,"```json {""count"": 62} ```",3.02
3406.jpg,96,87,1,0,"```json {""count"": 87} ```",3.02
3408.jpg,23,24,1,0,"```json {""count"": 24} ```",2.97
3409.jpg,8,8,1,0,"```json {""count"": 8} ```",2.97
3393.jpg,30,24,1,0,"```json {""count"": 24} ```",4.94
3395.jpg,12,12,1,0,"```json {""count"": 12} ```",4.81
3396.jpg,20,16,1,0,"```json {""count"": 16} ```",5.25
3397.jpg,10,10,1,0,"```json {""count"": 10} ```",5.15
3415.jpg,93,60,1,0,"```json {""count"": 60} ```",3.28
34.jpg,49,50,1,0,"```json {""count"": 50} ```",4.94
340.jpg,14,14,1,0,"```json {""count"": 14} ```",5.22
3400.jpg,12,12,1,0,"```json {""count"": 12} ```",5.41
3403.jpg,18,16,1,0,"```json {""count"": 16} ```",5.12
3421.jpg,98,75,1,0,"```json {""count"": 75} ```",2.87
3417.jpg,61,62,1,0,"```json {""count"": 62} ```",3.78
3418.jpg,106,87,1,0,"```json {""count"": 87} ```",3.58
3404.jpg,85,50,1,0,"```json {""count"": 50} ```",5.43
3424.jpg,12,12,1,0,"```json {""count"": 12} ```",2.50
3425.jpg,885,1,1,0,"```json {""count"": 1} ```",2.50
3427.jpg,24,14,1,0,"```json {""count"": 14} ```",2.50
3426.jpg,219,1,1,0,"```json {""count"": 1} ```",2.50
3407.jpg,17,13,1,0,"```json {""count"": 13} ```",5.57
3428.jpg,458,1,1,0,"```json {""count"": 1} ```",2.45
3430.jpg,36,1,1,0,"```json {""count"": 1} ```",2.45
343.jpg,16,12,1,0,"```json {""count"": 12} ```",2.45
3431.jpg,75,36,1,0,"```json {""count"": 36} ```",2.26
341.jpg,13,12,1,0,"```json {""count"": 12} ```",5.53
3410.jpg,59,30,1,0,"```json {""count"": 30} ```",5.53
3433.jpg,538,1,1,0,"```json {""count"": 1} ```",2.30
3434.jpg,305,1,1,0,"```json {""count"": 1} ```",2.30
3411.jpg,11,10,1,0,"```json {""count"": 10} ```",5.62
3432.jpg,49,24,1,0,"```json {""count"": 24} ```",2.51
3435.jpg,116,1,1,0,"```json {""count"": 1} ```",2.23
3412.jpg,106,109,1,0,"```json {""count"": 109} ```",5.88
3413.jpg,65,50,1,0,"```json {""count"": 50} ```",6.07
3436.jpg,443,1,1,0,"```json {""count"": 1} ```",2.29
3438.jpg,60,30,1,0,"```json {""count"": 30} ```",1.87
3437.jpg,501,1,1,0,"```json {""count"": 1} ```",2.10
3414.jpg,67,42,1,0,"```json {""count"": 42} ```",6.32
3416.jpg,25,24,1,0,"```json {""count"": 24} ```",6.24
3419.jpg,42,40,1,0,"```json {""count"": 40} ```",5.77
3446.jpg,14,12,1,0,"```json {""count"": 12} ```",2.30
3422.jpg,81,62,1,0,"```json {""count"": 62} ```",5.65
3447.jpg,21,20,1,0,"```json {""count"": 20} ```",2.78
3442.jpg,59,50,1,0,"```json {""count"": 50} ```",2.95
3448.jpg,107,109,1,0,"```json {""count"": 109} ```",2.73
3449.jpg,38,39,1,0,"```json {""count"": 39} ```",2.73
3450.jpg,21,2,1,0,"```json {""count"": 2} ```",2.73
344.jpg,43,30,1,0,"```json {""count"": 30} ```",3.76
3451.jpg,13,11,1,0,"```json {""count"": 11} ```",3.20
3453.jpg,20,20,1,0,"```json {""count"": 20} ```",3.02
3440.jpg,22,17,1,0,"```json {""count"": 17} ```",4.07
342.jpg,63,50,1,0,"```json {""count"": 50} ```",7.10
3454.jpg,21,20,1,0,"```json {""count"": 20} ```",3.04
3455.jpg,59,50,1,0,"```json {""count"": 50} ```",3.04
3441.jpg,50,40,1,0,"```json {""count"": 40} ```",4.23
3458.jpg,261,62,1,0,"```json {""count"": 62} ```",3.17
3456.jpg,45,39,1,0,"```json {""count"": 39} ```",3.39
3457.jpg,23,20,1,0,"```json {""count"": 20} ```",3.39
3420.jpg,53,50,1,0,"```json {""count"": 50} ```",7.45
3423.jpg,49,50,1,0,"```json {""count"": 50} ```",7.47
3439.jpg,37,20,1,0,"```json {""count"": 20} ```",5.14
3444.jpg,28,30,1,0,"```json {""count"": 30} ```",5.18
3445.jpg,12,12,1,0,"```json {""count"": 12} ```",5.50
345.jpg,63,50,1,0,"```json {""count"": 50} ```",5.49
3461.jpg,35,33,1,0,"```json {""count"": 33} ```",4.57
3464.jpg,46,39,1,0,"```json {""count"": 39} ```",4.30
3466.jpg,9,10,1,0,"```json {""count"": 10} ```",3.86
3463.jpg,48,33,1,0,"```json {""count"": 33} ```",4.52
3465.jpg,26,22,1,0,"```json {""count"": 22} ```",3.98
346.jpg,11,10,1,0,"```json {""count"": 10} ```",4.77
3468.jpg,41,39,1,0,"```json {""count"": 39} ```",3.40
3460.jpg,60,33,1,0,"```json {""count"": 33} ```",4.99
3472.jpg,107,107,1,0,"```json {""count"": 107} ```",3.18
3474.jpg,108,1,1,0,"```json {""count"": 1} ```",3.06
3470.jpg,69,62,1,0,"```json {""count"": 62} ```",3.71
3469.jpg,74,62,1,0,"```json {""count"": 62} ```",3.71
3471.jpg,78,56,1,0,"```json {""count"": 56} ```",3.71
347.jpg,41,40,1,0,"```json {""count"": 40} ```",3.71
3476.jpg,262,1,1,0,"```json {""count"": 1} ```",3.03
3473.jpg,80,84,1,0,"```json {""count"": 84} ```",3.38
3478.jpg,41,0,1,1,"```json {""count"": 0} ```",3.03
3477.jpg,344,14,1,0,"```json {""count"": 14} ```",3.03
3459.jpg,43,22,1,0,"```json {""count"": 22} ```",5.94
3475.jpg,108,107,1,0,"```json {""count"": 107} ```",3.36
3481.jpg,431,1,1,0,"```json {""count"": 1} ```",2.87
3484.jpg,356,1,1,0,"```json {""count"": 1} ```",2.87
3482.jpg,315,1,1,0,"```json {""count"": 1} ```",2.87
3462.jpg,92,109,1,0,"```json {""count"": 109} ```",5.89
3483.jpg,261,0,1,1,"```json {""count"": 0} ```",3.06
3467.jpg,35,27,1,0,"```json {""count"": 27} ```",5.20
348.jpg,27,21,1,0,"```json {""count"": 21} ```",3.86
3485.jpg,174,6,1,0,"```json {""count"": 6} ```",3.49
3488.jpg,431,1,1,0,"```json {""count"": 1} ```",2.81
3489.jpg,278,1,1,0,"```json {""count"": 1} ```",2.60
3487.jpg,321,1,1,0,"```json {""count"": 1} ```",3.13
3486.jpg,81,1,1,0,"```json {""count"": 1} ```",3.45
349.jpg,39,34,1,0,"```json {""count"": 34} ```",2.30
3492.jpg,25,1,1,0,"```json {""count"": 1} ```",2.37
3490.jpg,64,0,1,1,"```json {""count"": 0} ```",2.37
3491.jpg,69,1,1,0,"```json {""count"": 1} ```",2.37
3493.jpg,45,50,1,0,"```json {""count"": 50} ```",2.48
3494.jpg,37,33,1,0,"```json {""count"": 33} ```",2.48
3496.jpg,103,109,1,0,"```json {""count"": 109} ```",2.38
3497.jpg,161,75,1,0,"```json {""count"": 75} ```",2.26
3495.jpg,107,109,1,0,"```json {""count"": 109} ```",2.77
3498.jpg,96,87,1,0,"```json {""count"": 87} ```",2.77
35.jpg,115,109,1,0,"```json {""count"": 109} ```",2.98
3502.jpg,70,62,1,0,"```json {""count"": 62} ```",2.98
3500.jpg,15,15,1,0,"```json {""count"": 15} ```",3.41
350.jpg,17,16,1,0,"```json {""count"": 16} ```",3.74
3499.jpg,91,100,1,0,"```json {""count"": 100} ```",3.95
3509.jpg,10,10,1,0,"```json {""count"": 10} ```",3.55
351.jpg,41,34,1,0,"```json {""count"": 34} ```",3.55
3511.jpg,10,9,1,0,"```json {""count"": 9} ```",3.36
3512.jpg,16,12,1,0,"```json {""count"": 12} ```",3.02
3503.jpg,42,33,1,0,"```json {""count"": 33} ```",4.39
3504.jpg,22,30,1,0,"```json {""count"": 30} ```",4.68
3510.jpg,77,62,1,0,"```json {""count"": 62} ```",4.47
3524.jpg,42,27,1,0,"```json {""count"": 27} ```",3.31
3520.jpg,10,10,1,0,"```json {""count"": 10} ```",3.53
3518.jpg,8,8,1,0,"```json {""count"": 8} ```",3.53
3501.jpg,60,50,1,0,"```json {""count"": 50} ```",4.88
3506.jpg,111,105,1,0,"```json {""count"": 105} ```",5.02
3505.jpg,29,27,1,0,"```json {""count"": 27} ```",5.36
3508.jpg,25,24,1,0,"```json {""count"": 24} ```",5.55
3514.jpg,53,42,1,0,"```json {""count"": 42} ```",4.94
3515.jpg,15,14,1,0,"```json {""count"": 14} ```",4.98
3516.jpg,12,10,1,0,"```json {""count"": 10} ```",5.01
3533.jpg,23,24,1,0,"```json {""count"": 24} ```",3.37
354.jpg,12,12,1,0,"```json {""count"": 12} ```",2.71
3519.jpg,30,24,1,0,"```json {""count"": 24} ```",5.37
3521.jpg,27,24,1,0,"```json {""count"": 24} ```",5.53
3547.jpg,21,20,1,0,"```json {""count"": 20} ```",2.21
3542.jpg,11,10,1,0,"```json {""count"": 10} ```",2.23
3546.jpg,16,12,1,0,"```json {""count"": 12} ```",2.23
3522.jpg,27,24,1,0,"```json {""count"": 24} ```",5.54
3541.jpg,10,9,1,0,"```json {""count"": 9} ```",2.41
3548.jpg,24,20,1,0,"```json {""count"": 20} ```",2.12
3525.jpg,11,10,1,0,"```json {""count"": 10} ```",5.75
3549.jpg,10,10,1,0,"```json {""count"": 10} ```",2.01
3527.jpg,12,10,1,0,"```json {""count"": 10} ```",5.87
3526.jpg,18,16,1,0,"```json {""count"": 16} ```",6.16
3528.jpg,29,26,1,0,"```json {""count"": 26} ```",6.14
3552.jpg,17,12,1,0,"```json {""count"": 12} ```",1.90
3553.jpg,16,16,1,0,"```json {""count"": 16} ```",1.69
3529.jpg,30,24,1,0,"```json {""count"": 24} ```",6.28
353.jpg,16,13,1,0,"```json {""count"": 13} ```",6.39
3554.jpg,15,16,1,0,"```json {""count"": 16} ```",2.19
3531.jpg,11,10,1,0,"```json {""count"": 10} ```",6.31
3559.jpg,22,20,1,0,"```json {""count"": 20} ```",2.40
3535.jpg,24,21,1,0,"```json {""count"": 21} ```",6.01
3560.jpg,23,20,1,0,"```json {""count"": 20} ```",2.55
3562.jpg,22,14,1,0,"```json {""count"": 14} ```",2.76
3563.jpg,13,16,1,0,"```json {""count"": 16} ```",2.76
3538.jpg,19,16,1,0,"```json {""count"": 16} ```",6.26
3566.jpg,17,13,1,0,"```json {""count"": 13} ```",2.50
3530.jpg,8,8,1,0,"```json {""count"": 8} ```",7.58
3567.jpg,8,8,1,0,"```json {""count"": 8} ```",2.50
3539.jpg,11,10,1,0,"```json {""count"": 10} ```",6.46
3532.jpg,20,18,1,0,"```json {""count"": 18} ```",7.26
3534.jpg,11,10,1,0,"```json {""count"": 10} ```",7.01
3536.jpg,18,15,1,0,"```json {""count"": 15} ```",6.98
3540.jpg,28,24,1,0,"```json {""count"": 24} ```",6.53
3570.jpg,12,14,1,0,"```json {""count"": 14} ```",3.12
3572.jpg,30,24,1,0,"```json {""count"": 24} ```",2.62
357.jpg,16,14,1,0,"```json {""count"": 14} ```",3.12
3568.jpg,23,16,1,0,"```json {""count"": 16} ```",3.32
3573.jpg,9,10,1,0,"```json {""count"": 10} ```",2.50
3571.jpg,25,24,1,0,"```json {""count"": 24} ```",2.94
3543.jpg,30,24,1,0,"```json {""count"": 24} ```",6.29
3544.jpg,9,8,1,0,"```json {""count"": 8} ```",6.46
355.jpg,25,22,1,0,"```json {""count"": 22} ```",5.77
3550.jpg,18,16,1,0,"```json {""count"": 16} ```",5.89
3580.jpg,11,9,1,0,"```json {""count"": 9} ```",2.00
3556.jpg,20,20,1,0,"```json {""count"": 20} ```",5.68
3564.jpg,20,20,1,0,"```json {""count"": 20} ```",4.94
3558.jpg,20,16,1,0,"```json {""count"": 16} ```",5.74
3586.jpg,20,20,1,0,"```json {""count"": 20} ```",2.42
356.jpg,88,50,1,0,"```json {""count"": 50} ```",5.57
3587.jpg,9,10,1,0,"```json {""count"": 10} ```",2.23
3561.jpg,19,18,1,0,"```json {""count"": 18} ```",5.76
3565.jpg,22,20,1,0,"```json {""count"": 20} ```",5.75
3591.jpg,9,8,1,0,"```json {""count"": 8} ```",2.13
3592.jpg,12,10,1,0,"```json {""count"": 10} ```",2.14
3595.jpg,89,87,1,0,"```json {""count"": 87} ```",2.13
3593.jpg,84,62,1,0,"```json {""count"": 62} ```",2.14
3594.jpg,56,50,1,0,"```json {""count"": 50} ```",2.14
3596.jpg,95,62,1,0,"```json {""count"": 62} ```",2.14
3574.jpg,42,34,1,0,"```json {""count"": 34} ```",4.34
3569.jpg,10,10,1,0,"```json {""count"": 10} ```",5.61
3598.jpg,11,15,1,0,"```json {""count"": 15} ```",2.29
3575.jpg,32,24,1,0,"```json {""count"": 24} ```",4.52
3576.jpg,26,24,1,0,"```json {""count"": 24} ```",4.48
360.jpg,63,24,1,0,"```json {""count"": 24} ```",2.42
3578.jpg,13,10,1,0,"```json {""count"": 10} ```",4.82
3601.jpg,82,62,1,0,"```json {""count"": 62} ```",2.36
358.jpg,15,13,1,0,"```json {""count"": 13} ```",4.95
3604.jpg,29,20,1,0,"```json {""count"": 20} ```",2.69
3606.jpg,110,62,1,0,"```json {""count"": 62} ```",2.49
3583.jpg,20,18,1,0,"```json {""count"": 18} ```",5.32
3581.jpg,8,9,1,0,"```json {""count"": 9} ```",5.40
3584.jpg,22,16,1,0,"```json {""count"": 16} ```",5.70
3582.jpg,37,30,1,0,"```json {""count"": 30} ```",5.89
3588.jpg,22,21,1,0,"```json {""count"": 21} ```",5.54
3609.jpg,69,50,1,0,"```json {""count"": 50} ```",3.31
3608.jpg,37,50,1,0,"```json {""count"": 50} ```",3.31
359.jpg,51,42,1,0,"```json {""count"": 42} ```",5.68
3610.jpg,24,24,1,0,"```json {""count"": 24} ```",3.31
361.jpg,14,14,1,0,"```json {""count"": 14} ```",3.31
3616.jpg,32,30,1,0,"```json {""count"": 30} ```",3.23
3614.jpg,19,15,1,0,"```json {""count"": 15} ```",3.53
3615.jpg,35,24,1,0,"```json {""count"": 24} ```",3.23
3611.jpg,24,24,1,0,"```json {""count"": 24} ```",3.55
3585.jpg,12,10,1,0,"```json {""count"": 10} ```",6.63
3597.jpg,125,100,1,0,"```json {""count"": 100} ```",5.88
3618.jpg,9,9,1,0,"```json {""count"": 9} ```",2.96
3599.jpg,143,87,1,0,"```json {""count"": 87} ```",5.89
36.jpg,29,24,1,0,"```json {""count"": 24} ```",5.73
3621.jpg,8,10,1,0,"```json {""count"": 10} ```",2.78
3600.jpg,31,27,1,0,"```json {""count"": 27} ```",5.77
3623.jpg,28,24,1,0,"```json {""count"": 24} ```",2.89
3602.jpg,52,40,1,0,"```json {""count"": 40} ```",5.79
3603.jpg,138,150,1,0,"```json {""count"": 150} ```",5.78
3613.jpg,58,50,1,0,"```json {""count"": 50} ```",5.80
3627.jpg,29,24,1,0,"```json {""count"": 24} ```",3.48
3628.jpg,31,27,1,0,"```json {""count"": 27} ```",3.13
3617.jpg,12,12,1,0,"```json {""count"": 12} ```",5.58
3632.jpg,35,33,1,0,"```json {""count"": 33} ```",3.06
3630.jpg,27,24,1,0,"```json {""count"": 24} ```",3.06
362.jpg,16,14,1,0,"```json {""count"": 14} ```",5.22
3605.jpg,12,10,1,0,"```json {""count"": 10} ```",7.02
3637.jpg,30,20,1,0,"```json {""count"": 20} ```",3.15
3635.jpg,25,16,1,0,"```json {""count"": 16} ```",3.15
3633.jpg,62,46,1,0,"```json {""count"": 46} ```",3.15
3607.jpg,10,10,1,0,"```json {""count"": 10} ```",6.94
3636.jpg,19,16,1,0,"```json {""count"": 16} ```",3.15
3634.jpg,59,33,1,0,"```json {""count"": 33} ```",3.15
3619.jpg,23,21,1,0,"```json {""count"": 21} ```",6.04
3620.jpg,8,8,1,0,"```json {""count"": 8} ```",6.02
3624.jpg,14,13,1,0,"```json {""count"": 13} ```",5.61
3622.jpg,9,8,1,0,"```json {""count"": 8} ```",5.82
363.jpg,12,12,1,0,"```json {""count"": 12} ```",5.32
3625.jpg,15,14,1,0,"```json {""count"": 14} ```",6.51
364.jpg,92,75,1,0,"```json {""count"": 75} ```",4.69
3648.jpg,35,42,1,0,"```json {""count"": 42} ```",3.00
3646.jpg,15,15,1,0,"```json {""count"": 15} ```",3.86
3626.jpg,18,20,1,0,"```json {""count"": 20} ```",6.39
3629.jpg,15,14,1,0,"```json {""count"": 14} ```",5.74
3631.jpg,10,9,1,0,"```json {""count"": 9} ```",6.06
3638.jpg,21,20,1,0,"```json {""count"": 20} ```",5.85
3639.jpg,31,24,1,0,"```json {""count"": 24} ```",6.00
3643.jpg,59,62,1,0,"```json {""count"": 62} ```",5.82
3657.jpg,24,16,1,0,"```json {""count"": 16} ```",3.53
3655.jpg,13,10,1,0,"```json {""count"": 10} ```",3.84
3652.jpg,46,33,1,0,"```json {""count"": 33} ```",3.86
3651.jpg,11,10,1,0,"```json {""count"": 10} ```",3.86
3640.jpg,45,33,1,0,"```json {""count"": 33} ```",6.15
3644.jpg,13,13,1,0,"```json {""count"": 13} ```",6.14
3661.jpg,9,10,1,0,"```json {""count"": 10} ```",3.86
3664.jpg,50,24,1,0,"```json {""count"": 24} ```",3.01
3660.jpg,18,20,1,0,"```json {""count"": 20} ```",4.18
3659.jpg,41,50,1,0,"```json {""count"": 50} ```",4.18
3647.jpg,87,42,1,0,"```json {""count"": 42} ```",6.08
3665.jpg,907,200,1,0,"```json {""count"": 200} ```",2.85
3666.jpg,32,14,1,0,"```json {""count"": 14} ```",2.85
3649.jpg,35,40,1,0,"```json {""count"": 40} ```",5.54
3668.jpg,31,24,1,0,"```json {""count"": 24} ```",2.88
3645.jpg,60,50,1,0,"```json {""count"": 50} ```",6.74
3670.jpg,36,100,1,0,"```json {""count"": 100} ```",2.86
367.jpg,25,21,1,0,"```json {""count"": 21} ```",2.88
365.jpg,61,50,1,0,"```json {""count"": 50} ```",5.87
3671.jpg,15,15,1,0,"```json {""count"": 15} ```",3.12
3650.jpg,14,13,1,0,"```json {""count"": 13} ```",6.20
3653.jpg,65,56,1,0,"```json {""count"": 56} ```",6.13
3656.jpg,45,34,1,0,"```json {""count"": 34} ```",6.02
3658.jpg,36,35,1,0,"```json {""count"": 35} ```",6.25
3672.jpg,12,12,1,0,"```json {""count"": 12} ```",3.70
3676.jpg,15,16,1,0,"```json {""count"": 16} ```",2.84
3682.jpg,14,12,1,0,"```json {""count"": 12} ```",2.31
3681.jpg,8,8,1,0,"```json {""count"": 8} ```",2.63
3678.jpg,8,8,1,0,"```json {""count"": 8} ```",2.84
3673.jpg,46,50,1,0,"```json {""count"": 50} ```",3.48
366.jpg,13,12,1,0,"```json {""count"": 12} ```",6.57
3684.jpg,15,12,1,0,"```json {""count"": 12} ```",2.83
3686.jpg,14,12,1,0,"```json {""count"": 12} ```",2.83
3662.jpg,10,10,1,0,"```json {""count"": 10} ```",6.37
3663.jpg,17,20,1,0,"```json {""count"": 20} ```",6.25
3680.jpg,15,12,1,0,"```json {""count"": 12} ```",4.47
369.jpg,21,24,1,0,"```json {""count"": 24} ```",3.24
3691.jpg,11,12,1,0,"```json {""count"": 12} ```",3.21
3692.jpg,12,12,1,0,"```json {""count"": 12} ```",3.21
3689.jpg,12,10,1,0,"```json {""count"": 10} ```",3.42
3690.jpg,8,12,1,0,"```json {""count"": 12} ```",3.21
3669.jpg,8,10,1,0,"```json {""count"": 10} ```",6.17
3695.jpg,16,13,1,0,"```json {""count"": 13} ```",2.99
3683.jpg,9,10,1,0,"```json {""count"": 10} ```",4.28
3674.jpg,33,20,1,0,"```json {""count"": 20} ```",5.44
3696.jpg,8,9,1,0,"```json {""count"": 9} ```",3.10
3675.jpg,10,10,1,0,"```json {""count"": 10} ```",5.33
3679.jpg,35,30,1,0,"```json {""count"": 30} ```",5.53
3685.jpg,12,12,1,0,"```json {""count"": 12} ```",5.19
3687.jpg,12,12,1,0,"```json {""count"": 12} ```",5.04
3697.jpg,11,12,1,0,"```json {""count"": 12} ```",3.77
3701.jpg,9,12,1,0,"```json {""count"": 12} ```",3.41
3699.jpg,9,8,1,0,"```json {""count"": 8} ```",3.54
3688.jpg,9,9,1,0,"```json {""count"": 9} ```",5.01
3704.jpg,28,30,1,0,"```json {""count"": 30} ```",3.41
3693.jpg,36,33,1,0,"```json {""count"": 33} ```",5.02
3706.jpg,10,8,1,0,"```json {""count"": 8} ```",3.11
3709.jpg,31,30,1,0,"```json {""count"": 30} ```",2.90
3708.jpg,12,12,1,0,"```json {""count"": 12} ```",3.11
3694.jpg,34,24,1,0,"```json {""count"": 24} ```",5.04
3711.jpg,8,24,1,0,"```json {""count"": 24} ```",2.18
371.jpg,24,15,1,0,"```json {""count"": 15} ```",2.37
3713.jpg,17,15,1,0,"```json {""count"": 15} ```",2.49
3698.jpg,111,100,1,0,"```json {""count"": 100} ```",4.67
370.jpg,35,24,1,0,"```json {""count"": 24} ```",4.51
3700.jpg,20,15,1,0,"```json {""count"": 15} ```",4.76
372.jpg,41,40,1,0,"```json {""count"": 40} ```",2.49
3719.jpg,8,9,1,0,"```json {""count"": 9} ```",2.67
3720.jpg,22,20,1,0,"```json {""count"": 20} ```",2.47
3702.jpg,8,8,1,0,"```json {""count"": 8} ```",5.04
3721.jpg,10,10,1,0,"```json {""count"": 10} ```",2.79
3703.jpg,10,10,1,0,"```json {""count"": 10} ```",5.48
3705.jpg,31,20,1,0,"```json {""count"": 20} ```",5.48
3722.jpg,9,9,1,0,"```json {""count"": 9} ```",2.80
3712.jpg,8,8,1,0,"```json {""count"": 8} ```",4.45
3727.jpg,7,8,1,0,"```json {""count"": 8} ```",2.98
3728.jpg,39,30,1,0,"```json {""count"": 30} ```",2.98
3715.jpg,25,24,1,0,"```json {""count"": 24} ```",4.75
3732.jpg,13,13,1,0,"```json {""count"": 13} ```",2.70
3730.jpg,9,9,1,0,"```json {""count"": 9} ```",2.89
3731.jpg,10,10,1,0,"```json {""count"": 10} ```",2.89
3733.jpg,10,10,1,0,"```json {""count"": 10} ```",2.88
3734.jpg,18,13,1,0,"```json {""count"": 13} ```",2.88
3716.jpg,13,13,1,0,"```json {""count"": 13} ```",4.98
3707.jpg,14,14,1,0,"```json {""count"": 14} ```",6.24
3710.jpg,14,12,1,0,"```json {""count"": 12} ```",5.29
3717.jpg,9,9,1,0,"```json {""count"": 9} ```",5.22
3738.jpg,9,8,1,0,"```json {""count"": 8} ```",2.80
3736.jpg,18,14,1,0,"```json {""count"": 14} ```",3.25
3723.jpg,13,13,1,0,"```json {""count"": 13} ```",4.45
3742.jpg,14,10,1,0,"```json {""count"": 10} ```",2.34
3718.jpg,20,24,1,0,"```json {""count"": 24} ```",5.77
3724.jpg,8,9,1,0,"```json {""count"": 9} ```",4.82
3746.jpg,413,105,1,0,"```json {""count"": 105} ```",1.80
3745.jpg,21,24,1,0,"```json {""count"": 24} ```",2.26
3725.jpg,12,12,1,0,"```json {""count"": 12} ```",4.84
3748.jpg,195,109,1,0,"```json {""count"": 109} ```",2.30
3747.jpg,159,3,1,0,"```json {""count"": 3} ```",2.30
373.jpg,11,10,1,0,"```json {""count"": 10} ```",5.14
3735.jpg,11,12,1,0,"```json {""count"": 12} ```",4.90
3750.jpg,32,27,1,0,"```json {""count"": 27} ```",2.69
3751.jpg,66,60,1,0,"```json {""count"": 60} ```",2.69
3737.jpg,13,13,1,0,"```json {""count"": 13} ```",5.04
3739.jpg,9,10,1,0,"```json {""count"": 10} ```",5.02
3753.jpg,138,41,1,0,"```json {""count"": 41} ```",2.98
3756.jpg,50,50,1,0,"```json {""count"": 50} ```",2.98
3758.jpg,9,12,1,0,"```json {""count"": 12} ```",2.88
3757.jpg,8,8,1,0,"```json {""count"": 8} ```",3.07
3726.jpg,15,13,1,0,"```json {""count"": 13} ```",6.91
3759.jpg,12,12,1,0,"```json {""count"": 12} ```",2.94
3743.jpg,13,13,1,0,"```json {""count"": 13} ```",5.09
3729.jpg,11,10,1,0,"```json {""count"": 10} ```",6.93
3740.jpg,8,9,1,0,"```json {""count"": 9} ```",5.94
374.jpg,12,11,1,0,"```json {""count"": 11} ```",6.24
3741.jpg,10,10,1,0,"```json {""count"": 10} ```",6.31
3744.jpg,13,13,1,0,"```json {""count"": 13} ```",5.85
375.jpg,16,13,1,0,"```json {""count"": 13} ```",5.16
3763.jpg,16,12,1,0,"```json {""count"": 12} ```",3.82
3764.jpg,12,12,1,0,"```json {""count"": 12} ```",3.79
3762.jpg,11,12,1,0,"```json {""count"": 12} ```",3.99
3761.jpg,12,12,1,0,"```json {""count"": 12} ```",4.04
3752.jpg,375,109,1,0,"```json {""count"": 109} ```",5.41
3772.jpg,16,16,1,0,"```json {""count"": 16} ```",2.83
3771.jpg,10,12,1,0,"```json {""count"": 12} ```",3.04
3755.jpg,23,24,1,0,"```json {""count"": 24} ```",5.50
3769.jpg,9,9,1,0,"```json {""count"": 9} ```",3.48
3768.jpg,9,10,1,0,"```json {""count"": 10} ```",3.69
3775.jpg,12,12,1,0,"```json {""count"": 12} ```",2.52
3778.jpg,12,12,1,0,"```json {""count"": 12} ```",2.48
3777.jpg,14,16,1,0,"```json {""count"": 16} ```",2.48
3754.jpg,131,144,1,0,"```json {""count"": 144} ```",5.96
376.jpg,8,9,1,0,"```json {""count"": 9} ```",5.45
3780.jpg,11,10,1,0,"```json {""count"": 10} ```",2.71
3782.jpg,12,12,1,0,"```json {""count"": 12} ```",2.50
3781.jpg,10,10,1,0,"```json {""count"": 10} ```",2.71
3766.jpg,12,12,1,0,"```json {""count"": 12} ```",5.23
3760.jpg,12,12,1,0,"```json {""count"": 12} ```",5.94
3765.jpg,12,12,1,0,"```json {""count"": 12} ```",5.74
3767.jpg,20,20,1,0,"```json {""count"": 20} ```",5.31
3784.jpg,8,10,1,0,"```json {""count"": 10} ```",2.85
3785.jpg,9,10,1,0,"```json {""count"": 10} ```",2.68
3786.jpg,79,50,1,0,"```json {""count"": 50} ```",2.46
377.jpg,53,30,1,0,"```json {""count"": 30} ```",4.98
3794.jpg,104,87,1,0,"```json {""count"": 87} ```",2.04
3791.jpg,37,33,1,0,"```json {""count"": 33} ```",2.04
3793.jpg,11,12,1,0,"```json {""count"": 12} ```",2.04
3790.jpg,28,24,1,0,"```json {""count"": 24} ```",2.36
3774.jpg,31,24,1,0,"```json {""count"": 24} ```",4.59
3797.jpg,28,26,1,0,"```json {""count"": 26} ```",1.97
3773.jpg,12,12,1,0,"```json {""count"": 12} ```",4.86
3799.jpg,49,50,1,0,"```json {""count"": 50} ```",2.08
3770.jpg,10,9,1,0,"```json {""count"": 9} ```",5.70
3779.jpg,12,12,1,0,"```json {""count"": 12} ```",4.90
3800.jpg,15,15,1,0,"```json {""count"": 15} ```",1.98
378.jpg,69,50,1,0,"```json {""count"": 50} ```",4.95
3783.jpg,11,11,1,0,"```json {""count"": 11} ```",4.69
3805.jpg,12,12,1,0,"```json {""count"": 12} ```",2.29
3787.jpg,74,62,1,0,"```json {""count"": 62} ```",4.35
3807.jpg,12,12,1,0,"```json {""count"": 12} ```",2.53
3792.jpg,20,18,1,0,"```json {""count"": 18} ```",4.50
3808.jpg,64,60,1,0,"```json {""count"": 60} ```",2.86
3796.jpg,138,109,1,0,"```json {""count"": 109} ```",4.71
3809.jpg,20,20,1,0,"```json {""count"": 20} ```",3.06
3812.jpg,10,10,1,0,"```json {""count"": 10} ```",2.85
3810.jpg,12,12,1,0,"```json {""count"": 12} ```",3.06
3788.jpg,31,33,1,0,"```json {""count"": 33} ```",5.43
3795.jpg,53,50,1,0,"```json {""count"": 50} ```",4.92
3811.jpg,45,40,1,0,"```json {""count"": 40} ```",3.20
3789.jpg,8,8,1,0,"```json {""count"": 8} ```",5.75
3814.jpg,9,10,1,0,"```json {""count"": 10} ```",3.19
3813.jpg,23,24,1,0,"```json {""count"": 24} ```",3.20
379.jpg,8,8,1,0,"```json {""count"": 8} ```",6.06
3798.jpg,54,50,1,0,"```json {""count"": 50} ```",5.57
3817.jpg,15,20,1,0,"```json {""count"": 20} ```",3.53
380.jpg,21,18,1,0,"```json {""count"": 18} ```",5.57
3802.jpg,12,12,1,0,"```json {""count"": 12} ```",5.50
3819.jpg,36,40,1,0,"```json {""count"": 40} ```",4.04
3822.jpg,24,24,1,0,"```json {""count"": 24} ```",3.62
3801.jpg,10,10,1,0,"```json {""count"": 10} ```",5.80
3824.jpg,12,12,1,0,"```json {""count"": 12} ```",3.41
3803.jpg,8,10,1,0,"```json {""count"": 10} ```",5.92
3806.jpg,23,20,1,0,"```json {""count"": 20} ```",5.80
381.jpg,8,9,1,0,"```json {""count"": 9} ```",5.62
3815.jpg,12,12,1,0,"```json {""count"": 12} ```",5.49
3816.jpg,24,21,1,0,"```json {""count"": 21} ```",5.63
3833.jpg,20,20,1,0,"```json {""count"": 20} ```",3.30
3835.jpg,9,12,1,0,"```json {""count"": 12} ```",2.98
3837.jpg,50,60,1,0,"```json {""count"": 60} ```",2.98
3838.jpg,23,13,1,0,"```json {""count"": 13} ```",2.98
382.jpg,46,30,1,0,"```json {""count"": 30} ```",5.57
3842.jpg,64,2,1,0,"```json {""count"": 2} ```",2.99
3841.jpg,13,13,1,0,"```json {""count"": 13} ```",3.32
3843.jpg,17,17,1,0,"```json {""count"": 17} ```",3.00
3839.jpg,11,10,1,0,"```json {""count"": 10} ```",3.63
3825.jpg,12,12,1,0,"```json {""count"": 12} ```",5.24
3818.jpg,11,12,1,0,"```json {""count"": 12} ```",6.98
3845.jpg,24,11,1,0,"```json {""count"": 11} ```",3.12
3844.jpg,22,0,1,1,"```json {""count"": 0} ```",3.31
3820.jpg,54,34,1,0,"```json {""count"": 34} ```",6.96
3823.jpg,25,24,1,0,"```json {""count"": 24} ```",6.77
3848.jpg,13,11,1,0,"```json {""count"": 11} ```",3.47
383.jpg,14,12,1,0,"```json {""count"": 12} ```",5.28
3846.jpg,12,1,1,0,"```json {""count"": 1} ```",3.47
3847.jpg,9,14,1,0,"```json {""count"": 14} ```",3.47
3826.jpg,12,12,1,0,"```json {""count"": 12} ```",6.33
3849.jpg,9,10,1,0,"```json {""count"": 10} ```",3.77
3827.jpg,51,40,1,0,"```json {""count"": 40} ```",6.32
3828.jpg,16,12,1,0,"```json {""count"": 12} ```",6.49
3829.jpg,77,60,1,0,"```json {""count"": 60} ```",6.81
3832.jpg,17,16,1,0,"```json {""count"": 16} ```",6.88
3831.jpg,26,24,1,0,"```json {""count"": 24} ```",7.10
3834.jpg,8,12,1,0,"```json {""count"": 12} ```",7.40
385.jpg,30,24,1,0,"```json {""count"": 24} ```",5.62
3851.jpg,12,13,1,0,"```json {""count"": 13} ```",5.39
3850.jpg,16,1,1,0,"```json {""count"": 1} ```",5.61
3854.jpg,40,2,1,0,"```json {""count"": 2} ```",4.95
3857.jpg,13,11,1,0,"```json {""count"": 11} ```",4.95
3859.jpg,28,16,1,0,"```json {""count"": 16} ```",4.61
3856.jpg,9,8,1,0,"```json {""count"": 8} ```",5.26
3860.jpg,14,2,1,0,"```json {""count"": 2} ```",4.61
3858.jpg,11,10,1,0,"```json {""count"": 10} ```",5.06
3862.jpg,18,0,1,1,"```json {""count"": 0} ```",4.49
3861.jpg,17,2,1,0,"```json {""count"": 2} ```",4.69
3865.jpg,16,13,1,0,"```json {""count"": 13} ```",4.24
3868.jpg,10,10,1,0,"```json {""count"": 10} ```",3.59
3866.jpg,27,2,1,0,"```json {""count"": 2} ```",4.24
3864.jpg,17,15,1,0,"```json {""count"": 15} ```",4.24
3867.jpg,11,10,1,0,"```json {""count"": 10} ```",3.92
387.jpg,24,18,1,0,"```json {""count"": 18} ```",3.61
3869.jpg,24,0,1,1,"```json {""count"": 0} ```",3.61
3870.jpg,17,14,1,0,"```json {""count"": 14} ```",3.81
3852.jpg,15,17,1,0,"```json {""count"": 17} ```",6.53
3873.jpg,7,8,1,0,"```json {""count"": 8} ```",3.40
3875.jpg,32,24,1,0,"```json {""count"": 24} ```",3.12
3871.jpg,31,27,1,0,"```json {""count"": 27} ```",4.12
3853.jpg,15,1,1,0,"```json {""count"": 1} ```",6.56
3876.jpg,20,13,1,0,"```json {""count"": 13} ```",3.12
3855.jpg,10,7,1,0,"```json {""count"": 7} ```",6.56
386.jpg,16,15,1,0,"```json {""count"": 15} ```",6.12
3872.jpg,20,18,1,0,"```json {""count"": 18} ```",4.69
3878.jpg,7,7,1,0,"```json {""count"": 7} ```",3.51
3880.jpg,48,50,1,0,"```json {""count"": 50} ```",2.66
3877.jpg,13,1,1,0,"```json {""count"": 1} ```",3.73
3879.jpg,10,10,1,0,"```json {""count"": 10} ```",3.30
3874.jpg,28,25,1,0,"```json {""count"": 25} ```",5.13
3883.jpg,66,62,1,0,"```json {""count"": 62} ```",2.78
388.jpg,14,14,1,0,"```json {""count"": 14} ```",3.52
3881.jpg,23,20,1,0,"```json {""count"": 20} ```",3.63
3885.jpg,147,100,1,0,"```json {""count"": 100} ```",3.12
3889.jpg,36,40,1,0,"```json {""count"": 40} ```",3.24
3890.jpg,33,33,1,0,"```json {""count"": 33} ```",3.24
3898.jpg,40,33,1,0,"```json {""count"": 33} ```",3.09
3895.jpg,9,8,1,0,"```json {""count"": 8} ```",3.11
3894.jpg,15,16,1,0,"```json {""count"": 16} ```",3.11
3888.jpg,23,21,1,0,"```json {""count"": 21} ```",3.57
3897.jpg,28,27,1,0,"```json {""count"": 27} ```",3.30
3900.jpg,42,33,1,0,"```json {""count"": 33} ```",2.79
3882.jpg,9,9,1,0,"```json {""count"": 9} ```",3.92
3901.jpg,49,40,1,0,"```json {""count"": 40} ```",2.79
39.jpg,20,16,1,0,"```json {""count"": 16} ```",2.99
3899.jpg,100,100,1,0,"```json {""count"": 100} ```",3.11
3884.jpg,93,66,1,0,"```json {""count"": 66} ```",3.79
3886.jpg,30,24,1,0,"```json {""count"": 24} ```",3.97
3891.jpg,58,50,1,0,"```json {""count"": 50} ```",4.00
3893.jpg,10,10,1,0,"```json {""count"": 10} ```",4.19
3905.jpg,72,62,1,0,"```json {""count"": 62} ```",3.02
3904.jpg,32,24,1,0,"```json {""count"": 24} ```",3.23
3896.jpg,55,60,1,0,"```json {""count"": 60} ```",4.41
3906.jpg,24,30,1,0,"```json {""count"": 30} ```",3.02
390.jpg,25,20,1,0,"```json {""count"": 20} ```",4.26
3911.jpg,31,30,1,0,"```json {""count"": 30} ```",2.42
3909.jpg,14,12,1,0,"```json {""count"": 12} ```",2.86
3902.jpg,16,14,1,0,"```json {""count"": 14} ```",4.15
3903.jpg,37,27,1,0,"```json {""count"": 27} ```",4.27
3907.jpg,78,62,1,0,"```json {""count"": 62} ```",3.75
391.jpg,28,24,1,0,"```json {""count"": 24} ```",3.92
3910.jpg,34,30,1,0,"```json {""count"": 30} ```",4.02
3912.jpg,21,16,1,0,"```json {""count"": 16} ```",4.01
3921.jpg,75,50,1,0,"```json {""count"": 50} ```",3.01
3928.jpg,32,30,1,0,"```json {""count"": 30} ```",2.82
3913.jpg,27,30,1,0,"```json {""count"": 30} ```",4.13
3914.jpg,40,42,1,0,"```json {""count"": 42} ```",4.11
3915.jpg,27,34,1,0,"```json {""count"": 34} ```",4.17
3932.jpg,21,20,1,0,"```json {""count"": 20} ```",2.76
3916.jpg,29,24,1,0,"```json {""count"": 24} ```",4.17
3939.jpg,12,10,1,0,"```json {""count"": 10} ```",2.58
3917.jpg,58,62,1,0,"```json {""count"": 62} ```",4.41
3918.jpg,27,24,1,0,"```json {""count"": 24} ```",4.52
392.jpg,27,24,1,0,"```json {""count"": 24} ```",4.68
3919.jpg,57,42,1,0,"```json {""count"": 42} ```",5.03
3920.jpg,175,109,1,0,"```json {""count"": 109} ```",5.04
3922.jpg,40,33,1,0,"```json {""count"": 33} ```",5.20
3947.jpg,9,9,1,0,"```json {""count"": 9} ```",2.01
3923.jpg,22,30,1,0,"```json {""count"": 30} ```",5.41
3949.jpg,10,10,1,0,"```json {""count"": 10} ```",1.73
3924.jpg,79,62,1,0,"```json {""count"": 62} ```",5.62
3925.jpg,33,34,1,0,"```json {""count"": 34} ```",5.95
3927.jpg,53,50,1,0,"```json {""count"": 50} ```",6.38
3929.jpg,32,30,1,0,"```json {""count"": 30} ```",6.21
3952.jpg,24,21,1,0,"```json {""count"": 21} ```",2.48
3930.jpg,24,21,1,0,"```json {""count"": 21} ```",6.14
3931.jpg,34,24,1,0,"```json {""count"": 24} ```",6.24
3954.jpg,17,24,1,0,"```json {""count"": 24} ```",2.65
3933.jpg,159,200,1,0,"```json {""count"": 200} ```",6.40
3956.jpg,46,42,1,0,"```json {""count"": 42} ```",2.31
3934.jpg,40,50,1,0,"```json {""count"": 50} ```",6.44
3935.jpg,46,40,1,0,"```json {""count"": 40} ```",6.71
3938.jpg,17,16,1,0,"```json {""count"": 16} ```",6.75
3936.jpg,29,27,1,0,"```json {""count"": 27} ```",7.19
3937.jpg,28,27,1,0,"```json {""count"": 27} ```",7.38
3960.jpg,10,10,1,0,"```json {""count"": 10} ```",3.06
394.jpg,21,20,1,0,"```json {""count"": 20} ```",7.05
3940.jpg,36,24,1,0,"```json {""count"": 24} ```",7.01
3941.jpg,28,24,1,0,"```json {""count"": 24} ```",7.17
3942.jpg,21,20,1,0,"```json {""count"": 20} ```",7.28
3966.jpg,9,9,1,0,"```json {""count"": 9} ```",2.74
3943.jpg,72,50,1,0,"```json {""count"": 50} ```",7.28
3946.jpg,33,30,1,0,"```json {""count"": 30} ```",7.34
3944.jpg,123,100,1,0,"```json {""count"": 100} ```",7.64
3948.jpg,39,30,1,0,"```json {""count"": 30} ```",7.34
3971.jpg,42,30,1,0,"```json {""count"": 30} ```",2.83
395.jpg,69,50,1,0,"```json {""count"": 50} ```",7.47
3950.jpg,24,20,1,0,"```json {""count"": 20} ```",7.60
3951.jpg,37,24,1,0,"```json {""count"": 24} ```",7.71
3953.jpg,24,24,1,0,"```json {""count"": 24} ```",7.71
3958.jpg,32,27,1,0,"```json {""count"": 27} ```",7.44
3979.jpg,9,10,1,0,"```json {""count"": 10} ```",3.09
3976.jpg,11,12,1,0,"```json {""count"": 12} ```",3.74
3955.jpg,60,34,1,0,"```json {""count"": 34} ```",8.14
3961.jpg,147,6,1,0,"```json {""count"": 6} ```",7.19
3981.jpg,8,8,1,0,"```json {""count"": 8} ```",2.79
3957.jpg,15,15,1,0,"```json {""count"": 15} ```",7.96
3959.jpg,33,30,1,0,"```json {""count"": 30} ```",8.05
396.jpg,17,16,1,0,"```json {""count"": 16} ```",8.38
3962.jpg,37,30,1,0,"```json {""count"": 30} ```",7.73
3963.jpg,26,24,1,0,"```json {""count"": 24} ```",7.71
3965.jpg,26,24,1,0,"```json {""count"": 24} ```",7.81
3982.jpg,100,100,1,0,"```json {""count"": 100} ```",4.16
3988.jpg,14,12,1,0,"```json {""count"": 12} ```",2.80
3983.jpg,18,16,1,0,"```json {""count"": 16} ```",3.99
3984.jpg,8,8,1,0,"```json {""count"": 8} ```",3.96
3989.jpg,38,30,1,0,"```json {""count"": 30} ```",2.41
3969.jpg,23,24,1,0,"```json {""count"": 24} ```",7.74
3964.jpg,35,34,1,0,"```json {""count"": 34} ```",8.53
3967.jpg,41,24,1,0,"```json {""count"": 24} ```",8.25
3968.jpg,33,30,1,0,"```json {""count"": 30} ```",8.23
397.jpg,49,40,1,0,"```json {""count"": 40} ```",8.24
3992.jpg,8,11,1,0,"```json {""count"": 11} ```",2.75
3995.jpg,24,20,1,0,"```json {""count"": 20} ```",2.43
3994.jpg,69,107,1,0,"```json {""count"": 107} ```",2.73
3991.jpg,25,20,1,0,"```json {""count"": 20} ```",2.93
3993.jpg,103,109,1,0,"```json {""count"": 109} ```",2.76
3970.jpg,19,20,1,0,"```json {""count"": 20} ```",8.38
3972.jpg,52,50,1,0,"```json {""count"": 50} ```",7.93
3974.jpg,24,30,1,0,"```json {""count"": 30} ```",8.10
3997.jpg,22,22,1,0,"```json {""count"": 22} ```",2.68
3998.jpg,85,59,1,0,"```json {""count"": 59} ```",2.50
3999.jpg,107,109,1,0,"```json {""count"": 109} ```",2.38
3975.jpg,55,50,1,0,"```json {""count"": 50} ```",8.11
4000.jpg,108,1,1,0,"```json {""count"": 1} ```",2.18
40.jpg,34,24,1,0,"```json {""count"": 24} ```",2.18
4002.jpg,27,10,1,0,"```json {""count"": 10} ```",2.44
4001.jpg,24,22,1,0,"```json {""count"": 22} ```",2.44
3978.jpg,25,21,1,0,"```json {""count"": 21} ```",7.66
3973.jpg,8,9,1,0,"```json {""count"": 9} ```",8.99
3977.jpg,36,35,1,0,"```json {""count"": 35} ```",8.38
3980.jpg,16,16,1,0,"```json {""count"": 16} ```",7.93
4007.jpg,109,107,1,0,"```json {""count"": 107} ```",2.41
4009.jpg,27,7,1,0,"```json {""count"": 7} ```",2.41
4004.jpg,113,109,1,0,"```json {""count"": 109} ```",2.92
4006.jpg,106,107,1,0,"```json {""count"": 107} ```",2.54
3986.jpg,88,74,1,0,"```json {""count"": 74} ```",6.87
4012.jpg,108,109,1,0,"```json {""count"": 109} ```",2.15
4011.jpg,106,107,1,0,"```json {""count"": 107} ```",2.34
3987.jpg,54,60,1,0,"```json {""count"": 60} ```",6.77
3985.jpg,17,16,1,0,"```json {""count"": 16} ```",7.70
399.jpg,12,11,1,0,"```json {""count"": 11} ```",6.14
3990.jpg,103,84,1,0,"```json {""count"": 84} ```",6.45
4016.jpg,109,109,1,0,"```json {""count"": 109} ```",2.55
4017.jpg,98,1,1,0,"```json {""count"": 1} ```",2.55
4015.jpg,77,1,1,0,"```json {""count"": 1} ```",2.75
4019.jpg,105,109,1,0,"```json {""count"": 109} ```",2.55
4013.jpg,115,109,1,0,"```json {""count"": 109} ```",2.76
4018.jpg,26,21,1,0,"```json {""count"": 21} ```",2.55
3996.jpg,110,109,1,0,"```json {""count"": 109} ```",5.91
4020.jpg,73,50,1,0,"```json {""count"": 50} ```",2.26
4021.jpg,106,107,1,0,"```json {""count"": 107} ```",2.26
4.jpg,10,10,1,0,"```json {""count"": 10} ```",5.13
4022.jpg,114,109,1,0,"```json {""count"": 109} ```",2.45
400.jpg,60,50,1,0,"```json {""count"": 50} ```",5.48
4025.jpg,108,109,1,0,"```json {""count"": 109} ```",2.29
4024.jpg,110,109,1,0,"```json {""count"": 109} ```",2.48
4003.jpg,22,20,1,0,"```json {""count"": 20} ```",5.48
4005.jpg,108,109,1,0,"```json {""count"": 109} ```",5.29
4008.jpg,109,109,1,0,"```json {""count"": 109} ```",5.15
401.jpg,30,24,1,0,"```json {""count"": 24} ```",5.47
4027.jpg,27,21,1,0,"```json {""count"": 21} ```",3.06
4034.jpg,117,109,1,0,"```json {""count"": 109} ```",2.42
4032.jpg,12,11,1,0,"```json {""count"": 11} ```",2.92
4030.jpg,22,15,1,0,"```json {""count"": 15} ```",2.94
4033.jpg,99,33,1,0,"```json {""count"": 33} ```",2.63
4031.jpg,20,21,1,0,"```json {""count"": 21} ```",2.94
4010.jpg,86,59,1,0,"```json {""count"": 59} ```",5.79
4014.jpg,108,1,1,0,"```json {""count"": 1} ```",5.22
4035.jpg,61,41,1,0,"```json {""count"": 41} ```",2.64
4038.jpg,97,109,1,0,"```json {""count"": 109} ```",2.80
4036.jpg,109,109,1,0,"```json {""count"": 109} ```",2.80
4039.jpg,79,1,1,0,"```json {""count"": 1} ```",2.80
4041.jpg,10,11,1,0,"```json {""count"": 11} ```",2.75
4040.jpg,117,107,1,0,"```json {""count"": 107} ```",2.91
404.jpg,38,34,1,0,"```json {""count"": 34} ```",2.92
4028.jpg,107,107,1,0,"```json {""count"": 107} ```",4.16
4044.jpg,115,109,1,0,"```json {""count"": 109} ```",2.87
4043.jpg,58,33,1,0,"```json {""count"": 33} ```",3.07
4029.jpg,95,109,1,0,"```json {""count"": 109} ```",4.51
4042.jpg,99,109,1,0,"```json {""count"": 109} ```",3.07
4045.jpg,112,109,1,0,"```json {""count"": 109} ```",2.99
402.jpg,15,14,1,0,"```json {""count"": 14} ```",5.59
4046.jpg,109,109,1,0,"```json {""count"": 109} ```",2.79
4026.jpg,119,12,1,0,"```json {""count"": 12} ```",4.95
4048.jpg,117,109,1,0,"```json {""count"": 109} ```",2.88
403.jpg,13,11,1,0,"```json {""count"": 11} ```",5.20
4037.jpg,109,109,1,0,"```json {""count"": 109} ```",4.33
4047.jpg,80,59,1,0,"```json {""count"": 59} ```",3.83
4049.jpg,26,33,1,0,"```json {""count"": 33} ```",3.80
4055.jpg,107,109,1,0,"```json {""count"": 109} ```",3.05
4054.jpg,102,109,1,0,"```json {""count"": 109} ```",3.05
405.jpg,21,18,1,0,"```json {""count"": 18} ```",3.70
4052.jpg,22,20,1,0,"```json {""count"": 20} ```",3.17
4051.jpg,111,109,1,0,"```json {""count"": 109} ```",3.50
4053.jpg,115,108,1,0,"```json {""count"": 108} ```",3.17
4057.jpg,10,12,1,0,"```json {""count"": 12} ```",3.25
406.jpg,76,50,1,0,"```json {""count"": 50} ```",3.49
4063.jpg,11,10,1,0,"```json {""count"": 10} ```",3.16
4058.jpg,60,30,1,0,"```json {""count"": 30} ```",4.02
4065.jpg,37,40,1,0,"```json {""count"": 40} ```",3.37
4056.jpg,12,10,1,0,"```json {""count"": 10} ```",4.35
4060.jpg,23,24,1,0,"```json {""count"": 24} ```",4.14
4069.jpg,118,109,1,0,"```json {""count"": 109} ```",3.67
4071.jpg,48,62,1,0,"```json {""count"": 62} ```",3.67
4061.jpg,95,60,1,0,"```json {""count"": 60} ```",4.47
4070.jpg,76,84,1,0,"```json {""count"": 84} ```",3.87
4064.jpg,119,109,1,0,"```json {""count"": 109} ```",4.48
4062.jpg,275,1010,1,0,"```json {""count"": 1010} ```",5.02
4067.jpg,42,40,1,0,"```json {""count"": 40} ```",5.04
4068.jpg,10,10,1,0,"```json {""count"": 10} ```",5.24
4066.jpg,9,9,1,0,"```json {""count"": 9} ```",5.55
4072.jpg,11,11,1,0,"```json {""count"": 11} ```",5.52
4073.jpg,25,24,1,0,"```json {""count"": 24} ```",5.46
4077.jpg,221,150,1,0,"```json {""count"": 150} ```",5.46
4078.jpg,58,62,1,0,"```json {""count"": 62} ```",5.73
4080.jpg,54,33,1,0,"```json {""count"": 33} ```",5.11
408.jpg,19,17,1,0,"```json {""count"": 17} ```",5.44
4086.jpg,12,12,1,0,"```json {""count"": 12} ```",4.66
4083.jpg,94,85,1,0,"```json {""count"": 85} ```",4.78
4082.jpg,108,107,1,0,"```json {""count"": 107} ```",4.99
4087.jpg,118,109,1,0,"```json {""count"": 109} ```",4.78
4084.jpg,12,12,1,0,"```json {""count"": 12} ```",4.78
4091.jpg,40,33,1,0,"```json {""count"": 33} ```",4.35
4090.jpg,107,0,1,1,"```json {""count"": 0} ```",4.67
4089.jpg,59,60,1,0,"```json {""count"": 60} ```",5.32
4074.jpg,23,24,1,0,"```json {""count"": 24} ```",6.88
4093.jpg,8,8,1,0,"```json {""count"": 8} ```",4.46
4079.jpg,24,24,1,0,"```json {""count"": 24} ```",7.04
4085.jpg,86,87,1,0,"```json {""count"": 87} ```",6.08
4098.jpg,17,20,1,0,"```json {""count"": 20} ```",4.34
4088.jpg,28,30,1,0,"```json {""count"": 30} ```",6.41
4096.jpg,8,10,1,0,"```json {""count"": 10} ```",4.46
409.jpg,44,33,1,0,"```json {""count"": 33} ```",6.56
4092.jpg,19,15,1,0,"```json {""count"": 15} ```",6.05
4094.jpg,14,15,1,0,"```json {""count"": 15} ```",6.04
4095.jpg,11,11,1,0,"```json {""count"": 11} ```",5.94
4097.jpg,20,18,1,0,"```json {""count"": 18} ```",5.93
4099.jpg,26,24,1,0,"```json {""count"": 24} ```",5.96
41.jpg,49,40,1,0,"```json {""count"": 40} ```",6.00
410.jpg,12,10,1,0,"```json {""count"": 10} ```",5.67
4106.jpg,9,2,1,0,"```json {""count"": 2} ```",4.08
4108.jpg,49,60,1,0,"```json {""count"": 60} ```",4.08
4104.jpg,44,50,1,0,"```json {""count"": 50} ```",4.52
4111.jpg,24,24,1,0,"```json {""count"": 24} ```",3.76
4110.jpg,12,12,1,0,"```json {""count"": 12} ```",3.87
4109.jpg,9,8,1,0,"```json {""count"": 8} ```",3.88
4121.jpg,10,12,1,0,"```json {""count"": 12} ```",2.33
4100.jpg,50,30,1,0,"```json {""count"": 30} ```",5.77
4101.jpg,10,10,1,0,"```json {""count"": 10} ```",5.76
4124.jpg,144,144,1,0,"```json {""count"": 144} ```",2.22
4102.jpg,15,13,1,0,"```json {""count"": 13} ```",5.80
4103.jpg,12,10,1,0,"```json {""count"": 10} ```",5.66
4126.jpg,24,2,1,0,"```json {""count"": 2} ```",2.20
4105.jpg,12,12,1,0,"```json {""count"": 12} ```",5.75
4107.jpg,9,10,1,0,"```json {""count"": 10} ```",5.58
4127.jpg,36,36,1,0,"```json {""count"": 36} ```",2.15
4128.jpg,953,10,1,0,"```json {""count"": 10} ```",2.17
411.jpg,13,12,1,0,"```json {""count"": 12} ```",5.61
413.jpg,8,9,1,0,"```json {""count"": 9} ```",2.03
4112.jpg,11,10,1,0,"```json {""count"": 10} ```",5.76
4136.jpg,36,36,1,0,"```json {""count"": 36} ```",2.33
4132.jpg,36,36,1,0,"```json {""count"": 36} ```",2.33
4133.jpg,150,0,1,1,"```json {""count"": 0} ```",2.33
4115.jpg,8,8,1,0,"```json {""count"": 8} ```",5.55
4135.jpg,121,144,1,0,"```json {""count"": 144} ```",2.33
4134.jpg,36,36,1,0,"```json {""count"": 36} ```",2.33
4113.jpg,37,30,1,0,"```json {""count"": 30} ```",5.87
4114.jpg,12,12,1,0,"```json {""count"": 12} ```",6.08
4118.jpg,13,10,1,0,"```json {""count"": 10} ```",6.10
4142.jpg,25,24,1,0,"```json {""count"": 24} ```",2.59
4144.jpg,17,16,1,0,"```json {""count"": 16} ```",2.40
4145.jpg,9,10,1,0,"```json {""count"": 10} ```",2.36
4146.jpg,86,60,1,0,"```json {""count"": 60} ```",2.36
4119.jpg,12,12,1,0,"```json {""count"": 12} ```",6.37
4147.jpg,24,20,1,0,"```json {""count"": 20} ```",2.37
412.jpg,38,27,1,0,"```json {""count"": 27} ```",6.32
4116.jpg,15,14,1,0,"```json {""count"": 14} ```",7.26
4120.jpg,46,40,1,0,"```json {""count"": 40} ```",6.62
4122.jpg,12,12,1,0,"```json {""count"": 12} ```",6.70
4152.jpg,10,8,1,0,"```json {""count"": 8} ```",2.87
415.jpg,8,9,1,0,"```json {""count"": 9} ```",3.13
4123.jpg,13,12,1,0,"```json {""count"": 12} ```",6.65
4151.jpg,16,12,1,0,"```json {""count"": 12} ```",3.06
416.jpg,62,50,1,0,"```json {""count"": 50} ```",2.40
4154.jpg,36,24,1,0,"```json {""count"": 24} ```",2.73
4158.jpg,12,12,1,0,"```json {""count"": 12} ```",2.73
4129.jpg,75,0,1,1,"```json {""count"": 0} ```",5.34
4159.jpg,14,14,1,0,"```json {""count"": 14} ```",2.95
4130.jpg,365,10,1,0,"```json {""count"": 10} ```",5.31
4139.jpg,8,9,1,0,"```json {""count"": 9} ```",5.43
4162.jpg,18,13,1,0,"```json {""count"": 13} ```",2.31
4161.jpg,17,16,1,0,"```json {""count"": 16} ```",2.31
4137.jpg,13,15,1,0,"```json {""count"": 15} ```",5.75
4165.jpg,104,75,1,0,"```json {""count"": 75} ```",2.69
4125.jpg,69,2,1,0,"```json {""count"": 2} ```",7.47
4163.jpg,26,24,1,0,"```json {""count"": 24} ```",2.95
414.jpg,10,9,1,0,"```json {""count"": 9} ```",6.09
4140.jpg,8,1,1,0,"```json {""count"": 1} ```",6.10
417.jpg,28,21,1,0,"```json {""count"": 21} ```",3.05
4156.jpg,32,30,1,0,"```json {""count"": 30} ```",5.16
4148.jpg,19,16,1,0,"```json {""count"": 16} ```",5.99
4175.jpg,21,20,1,0,"```json {""count"": 20} ```",2.79
4149.jpg,16,14,1,0,"```json {""count"": 14} ```",5.95
4178.jpg,9,8,1,0,"```json {""count"": 8} ```",2.98
4153.jpg,16,16,1,0,"```json {""count"": 16} ```",5.55
4157.jpg,12,10,1,0,"```json {""count"": 10} ```",5.85
4160.jpg,229,200,1,0,"```json {""count"": 200} ```",5.64
4164.jpg,14,12,1,0,"```json {""count"": 12} ```",5.12
4167.jpg,10,10,1,0,"```json {""count"": 10} ```",5.45
4168.jpg,25,24,1,0,"```json {""count"": 24} ```",5.47
4184.jpg,19,20,1,0,"```json {""count"": 20} ```",4.14
4187.jpg,69,33,1,0,"```json {""count"": 33} ```",3.82
4189.jpg,31,27,1,0,"```json {""count"": 27} ```",3.17
4185.jpg,48,24,1,0,"```json {""count"": 24} ```",3.82
4182.jpg,8,7,1,0,"```json {""count"": 7} ```",4.36
4183.jpg,12,10,1,0,"```json {""count"": 10} ```",4.17
4170.jpg,34,30,1,0,"```json {""count"": 30} ```",5.47
4191.jpg,31,30,1,0,"```json {""count"": 30} ```",3.17
4173.jpg,11,10,1,0,"```json {""count"": 10} ```",5.49
4174.jpg,36,30,1,0,"```json {""count"": 30} ```",5.61
4177.jpg,22,12,1,0,"```json {""count"": 12} ```",5.59
4179.jpg,20,14,1,0,"```json {""count"": 14} ```",5.73
418.jpg,10,10,1,0,"```json {""count"": 10} ```",5.93
4180.jpg,30,20,1,0,"```json {""count"": 20} ```",6.26
4181.jpg,27,1,1,0,"```json {""count"": 1} ```",6.55
420.jpg,11,9,1,0,"```json {""count"": 9} ```",3.77
4200.jpg,34,40,1,0,"```json {""count"": 40} ```",3.47
42.jpg,68,50,1,0,"```json {""count"": 50} ```",3.80
4203.jpg,12,12,1,0,"```json {""count"": 12} ```",2.61
4186.jpg,42,30,1,0,"```json {""count"": 30} ```",6.19
4205.jpg,12,12,1,0,"```json {""count"": 12} ```",2.90
4209.jpg,8,9,1,0,"```json {""count"": 9} ```",2.89
419.jpg,9,10,1,0,"```json {""count"": 10} ```",6.16
4188.jpg,52,50,1,0,"```json {""count"": 50} ```",6.48
4210.jpg,23,24,1,0,"```json {""count"": 24} ```",2.99
4212.jpg,24,24,1,0,"```json {""count"": 24} ```",2.96
421.jpg,11,10,1,0,"```json {""count"": 10} ```",3.16
4190.jpg,9,10,1,0,"```json {""count"": 10} ```",6.37
4192.jpg,18,20,1,0,"```json {""count"": 20} ```",6.06
4193.jpg,11,12,1,0,"```json {""count"": 12} ```",6.15
4196.jpg,24,21,1,0,"```json {""count"": 21} ```",6.02
4194.jpg,40,40,1,0,"```json {""count"": 40} ```",6.34
4218.jpg,18,16,1,0,"```json {""count"": 16} ```",2.52
4197.jpg,12,12,1,0,"```json {""count"": 12} ```",6.38
4199.jpg,16,15,1,0,"```json {""count"": 15} ```",6.66
4201.jpg,12,12,1,0,"```json {""count"": 12} ```",6.20
4221.jpg,10,10,1,0,"```json {""count"": 10} ```",3.10
4222.jpg,8,8,1,0,"```json {""count"": 8} ```",3.10
4224.jpg,15,14,1,0,"```json {""count"": 14} ```",2.62
4202.jpg,9,8,1,0,"```json {""count"": 8} ```",6.25
4204.jpg,10,10,1,0,"```json {""count"": 10} ```",5.88
4226.jpg,9,8,1,0,"```json {""count"": 8} ```",2.79
4207.jpg,14,12,1,0,"```json {""count"": 12} ```",5.99
4206.jpg,24,24,1,0,"```json {""count"": 24} ```",6.31
4208.jpg,12,12,1,0,"```json {""count"": 12} ```",6.50
4234.jpg,12,12,1,0,"```json {""count"": 12} ```",2.39
4230.jpg,8,8,1,0,"```json {""count"": 8} ```",3.58
4213.jpg,9,9,1,0,"```json {""count"": 9} ```",6.36
4235.jpg,24,24,1,0,"```json {""count"": 24} ```",2.39
4232.jpg,12,12,1,0,"```json {""count"": 12} ```",3.16
4229.jpg,9,8,1,0,"```json {""count"": 8} ```",3.62
4233.jpg,12,12,1,0,"```json {""count"": 12} ```",2.72
4236.jpg,24,24,1,0,"```json {""count"": 24} ```",2.45
4237.jpg,24,12,1,0,"```json {""count"": 12} ```",2.15
4214.jpg,16,14,1,0,"```json {""count"": 14} ```",6.31
4238.jpg,12,12,1,0,"```json {""count"": 12} ```",2.10
4215.jpg,18,18,1,0,"```json {""count"": 18} ```",6.33
4216.jpg,20,16,1,0,"```json {""count"": 16} ```",6.28
4239.jpg,12,12,1,0,"```json {""count"": 12} ```",2.31
4240.jpg,12,12,1,0,"```json {""count"": 12} ```",2.34
4217.jpg,13,16,1,0,"```json {""count"": 16} ```",6.35
4219.jpg,18,16,1,0,"```json {""count"": 16} ```",5.94
4242.jpg,12,12,1,0,"```json {""count"": 12} ```",2.43
4243.jpg,12,12,1,0,"```json {""count"": 12} ```",2.44
4244.jpg,12,12,1,0,"```json {""count"": 12} ```",2.22
422.jpg,37,24,1,0,"```json {""count"": 24} ```",6.18
4245.jpg,24,24,1,0,"```json {""count"": 24} ```",2.11
4246.jpg,12,12,1,0,"```json {""count"": 12} ```",1.92
4223.jpg,18,15,1,0,"```json {""count"": 15} ```",6.09
4249.jpg,12,12,1,0,"```json {""count"": 12} ```",1.87
4248.jpg,12,12,1,0,"```json {""count"": 12} ```",1.88
4250.jpg,24,24,1,0,"```json {""count"": 24} ```",1.88
4247.jpg,12,12,1,0,"```json {""count"": 12} ```",1.88
4225.jpg,11,12,1,0,"```json {""count"": 12} ```",5.83
4254.jpg,11,12,1,0,"```json {""count"": 12} ```",1.86
4255.jpg,12,12,1,0,"```json {""count"": 12} ```",1.86
4256.jpg,12,12,1,0,"```json {""count"": 12} ```",1.86
4227.jpg,10,10,1,0,"```json {""count"": 10} ```",5.95
4258.jpg,12,12,1,0,"```json {""count"": 12} ```",1.89
4259.jpg,24,24,1,0,"```json {""count"": 24} ```",1.89
423.jpg,20,18,1,0,"```json {""count"": 18} ```",6.27
4260.jpg,12,12,1,0,"```json {""count"": 12} ```",2.26
4241.jpg,12,12,1,0,"```json {""count"": 12} ```",4.68
426.jpg,10,10,1,0,"```json {""count"": 10} ```",2.91
4261.jpg,24,24,1,0,"```json {""count"": 24} ```",2.66
4251.jpg,12,12,1,0,"```json {""count"": 12} ```",3.74
4220.jpg,11,10,1,0,"```json {""count"": 10} ```",8.97
4263.jpg,117,144,1,0,"```json {""count"": 144} ```",3.07
4265.jpg,24,24,1,0,"```json {""count"": 24} ```",3.17
4228.jpg,33,34,1,0,"```json {""count"": 34} ```",8.33
4264.jpg,12,12,1,0,"```json {""count"": 12} ```",3.48
4268.jpg,8,12,1,0,"```json {""count"": 12} ```",3.43
4231.jpg,20,16,1,0,"```json {""count"": 16} ```",8.43
4269.jpg,12,12,1,0,"```json {""count"": 12} ```",3.43
4267.jpg,12,12,1,0,"```json {""count"": 12} ```",3.47
427.jpg,9,10,1,0,"```json {""count"": 10} ```",3.58
424.jpg,13,12,1,0,"```json {""count"": 12} ```",6.90
4252.jpg,12,12,1,0,"```json {""count"": 12} ```",5.69
4253.jpg,12,12,1,0,"```json {""count"": 12} ```",5.90
4262.jpg,24,24,1,0,"```json {""count"": 24} ```",5.08
4266.jpg,12,12,1,0,"```json {""count"": 12} ```",5.09
4272.jpg,12,12,1,0,"```json {""count"": 12} ```",4.83
4271.jpg,24,24,1,0,"```json {""count"": 24} ```",4.86
4273.jpg,12,12,1,0,"```json {""count"": 12} ```",4.86
4275.jpg,12,12,1,0,"```json {""count"": 12} ```",4.80
4277.jpg,12,12,1,0,"```json {""count"": 12} ```",4.80
4274.jpg,12,12,1,0,"```json {""count"": 12} ```",4.97
4278.jpg,9,10,1,0,"```json {""count"": 10} ```",4.88
4279.jpg,24,24,1,0,"```json {""count"": 24} ```",4.79
4285.jpg,115,9,1,0,"```json {""count"": 9} ```",3.62
4287.jpg,27,10,1,0,"```json {""count"": 10} ```",2.97
4283.jpg,65,50,1,0,"```json {""count"": 50} ```",3.62
4281.jpg,12,12,1,0,"```json {""count"": 12} ```",4.27
4284.jpg,91,87,1,0,"```json {""count"": 87} ```",3.62
4282.jpg,12,12,1,0,"```json {""count"": 12} ```",3.95
428.jpg,17,14,1,0,"```json {""count"": 14} ```",5.12
4280.jpg,12,12,1,0,"```json {""count"": 12} ```",5.22
429.jpg,9,9,1,0,"```json {""count"": 9} ```",3.12
4270.jpg,70,36,1,0,"```json {""count"": 36} ```",6.16
4290.jpg,25,17,1,0,"```json {""count"": 17} ```",3.15
4295.jpg,110,75,1,0,"```json {""count"": 75} ```",2.96
4276.jpg,9,8,1,0,"```json {""count"": 8} ```",6.20
4286.jpg,333,200,1,0,"```json {""count"": 200} ```",4.13
4288.jpg,118,87,1,0,"```json {""count"": 87} ```",4.31
4289.jpg,43,30,1,0,"```json {""count"": 30} ```",4.52
4294.jpg,221,132,1,0,"```json {""count"": 132} ```",4.48
4292.jpg,11,11,1,0,"```json {""count"": 11} ```",4.69
4291.jpg,323,100,1,0,"```json {""count"": 100} ```",5.02
4301.jpg,44,1,1,0,"```json {""count"": 1} ```",3.83
4302.jpg,131,109,1,0,"```json {""count"": 109} ```",4.00
4305.jpg,77,62,1,0,"```json {""count"": 62} ```",3.81
4298.jpg,44,40,1,0,"```json {""count"": 40} ```",4.83
4296.jpg,32,24,1,0,"```json {""count"": 24} ```",5.44
4306.jpg,10,10,1,0,"```json {""count"": 10} ```",3.94
4309.jpg,20,15,1,0,"```json {""count"": 15} ```",3.70
4312.jpg,12,12,1,0,"```json {""count"": 12} ```",3.70
431.jpg,32,36,1,0,"```json {""count"": 36} ```",3.70
4308.jpg,12,10,1,0,"```json {""count"": 10} ```",3.83
4297.jpg,108,87,1,0,"```json {""count"": 87} ```",5.38
43.jpg,22,20,1,0,"```json {""count"": 20} ```",5.18
4318.jpg,12,12,1,0,"```json {""count"": 12} ```",3.67
4300.jpg,83,50,1,0,"```json {""count"": 50} ```",5.18
4303.jpg,191,87,1,0,"```json {""count"": 87} ```",5.29
4304.jpg,15,13,1,0,"```json {""count"": 13} ```",5.38
4307.jpg,49,40,1,0,"```json {""count"": 40} ```",5.46
4313.jpg,51,40,1,0,"```json {""count"": 40} ```",5.52
4311.jpg,22,21,1,0,"```json {""count"": 21} ```",5.79
4325.jpg,9,9,1,0,"```json {""count"": 9} ```",3.60
4321.jpg,66,50,1,0,"```json {""count"": 50} ```",4.84
4310.jpg,23,21,1,0,"```json {""count"": 21} ```",6.07
4314.jpg,115,0,1,1,"```json {""count"": 0} ```",6.07
4316.jpg,43,27,1,0,"```json {""count"": 27} ```",6.00
4317.jpg,88,87,1,0,"```json {""count"": 87} ```",6.05
4319.jpg,9,10,1,0,"```json {""count"": 10} ```",6.09
4336.jpg,8,8,1,0,"```json {""count"": 8} ```",3.24
4334.jpg,9,8,1,0,"```json {""count"": 8} ```",3.24
432.jpg,9,9,1,0,"```json {""count"": 9} ```",6.41
4338.jpg,18,18,1,0,"```json {""count"": 18} ```",2.94
4320.jpg,11,13,1,0,"```json {""count"": 13} ```",6.48
4340.jpg,9,9,1,0,"```json {""count"": 9} ```",2.69
4322.jpg,37,27,1,0,"```json {""count"": 27} ```",6.09
4323.jpg,29,24,1,0,"```json {""count"": 24} ```",5.94
4324.jpg,11,11,1,0,"```json {""count"": 11} ```",5.82
4345.jpg,14,13,1,0,"```json {""count"": 13} ```",2.00
4326.jpg,21,18,1,0,"```json {""count"": 18} ```",5.48
4347.jpg,229,100,1,0,"```json {""count"": 100} ```",1.92
4327.jpg,25,11,1,0,"```json {""count"": 11} ```",5.25
4329.jpg,8,9,1,0,"```json {""count"": 9} ```",5.23
433.jpg,22,20,1,0,"```json {""count"": 20} ```",5.54
4328.jpg,38,27,1,0,"```json {""count"": 27} ```",5.80
4331.jpg,9,10,1,0,"```json {""count"": 10} ```",5.96
4330.jpg,26,24,1,0,"```json {""count"": 24} ```",6.14
4358.jpg,24,24,1,0,"```json {""count"": 24} ```",2.04
4332.jpg,24,24,1,0,"```json {""count"": 24} ```",6.11
4333.jpg,10,10,1,0,"```json {""count"": 10} ```",6.32
4335.jpg,12,11,1,0,"```json {""count"": 11} ```",6.47
4361.jpg,21,18,1,0,"```json {""count"": 18} ```",2.18
4337.jpg,17,18,1,0,"```json {""count"": 18} ```",6.42
4339.jpg,10,10,1,0,"```json {""count"": 10} ```",6.30
434.jpg,24,22,1,0,"```json {""count"": 22} ```",6.24
4341.jpg,623,200,1,0,"```json {""count"": 200} ```",6.07
4342.jpg,29,24,1,0,"```json {""count"": 24} ```",5.95
4343.jpg,10,9,1,0,"```json {""count"": 9} ```",5.89
4344.jpg,27,24,1,0,"```json {""count"": 24} ```",5.99
4346.jpg,9,9,1,0,"```json {""count"": 9} ```",6.19
4370.jpg,46,42,1,0,"```json {""count"": 42} ```",2.52
4348.jpg,12,11,1,0,"```json {""count"": 11} ```",6.07
4371.jpg,37,27,1,0,"```json {""count"": 27} ```",2.59
4349.jpg,14,15,1,0,"```json {""count"": 15} ```",6.05
4350.jpg,8,9,1,0,"```json {""count"": 9} ```",6.02
4373.jpg,14,12,1,0,"```json {""count"": 12} ```",2.59
4374.jpg,10,10,1,0,"```json {""count"": 10} ```",2.39
4353.jpg,10,10,1,0,"```json {""count"": 10} ```",6.40
435.jpg,8,9,1,0,"```json {""count"": 9} ```",6.61
4355.jpg,9,10,1,0,"```json {""count"": 10} ```",6.65
4354.jpg,83,60,1,0,"```json {""count"": 60} ```",6.83
4377.jpg,21,21,1,0,"```json {""count"": 21} ```",2.64
4356.jpg,48,34,1,0,"```json {""count"": 34} ```",6.87
438.jpg,18,15,1,0,"```json {""count"": 15} ```",2.37
4357.jpg,17,15,1,0,"```json {""count"": 15} ```",7.00
4359.jpg,101,87,1,0,"```json {""count"": 87} ```",7.17
436.jpg,14,13,1,0,"```json {""count"": 13} ```",7.29
4381.jpg,16,15,1,0,"```json {""count"": 15} ```",2.71
4360.jpg,16,14,1,0,"```json {""count"": 14} ```",7.46
4362.jpg,8,10,1,0,"```json {""count"": 10} ```",7.48
4384.jpg,55,40,1,0,"```json {""count"": 40} ```",3.03
4363.jpg,16,15,1,0,"```json {""count"": 15} ```",7.65
4364.jpg,35,24,1,0,"```json {""count"": 24} ```",7.67
4365.jpg,9,10,1,0,"```json {""count"": 10} ```",7.68
4366.jpg,104,85,1,0,"```json {""count"": 85} ```",7.75
4390.jpg,134,100,1,0,"```json {""count"": 100} ```",2.82
4389.jpg,18,21,1,0,"```json {""count"": 21} ```",3.00
4367.jpg,13,12,1,0,"```json {""count"": 12} ```",7.64
4391.jpg,32,24,1,0,"```json {""count"": 24} ```",2.81
4392.jpg,10,10,1,0,"```json {""count"": 10} ```",2.66
4368.jpg,30,30,1,0,"```json {""count"": 30} ```",7.75
4369.jpg,55,40,1,0,"```json {""count"": 40} ```",7.88
437.jpg,12,11,1,0,"```json {""count"": 11} ```",8.07
4396.jpg,8,9,1,0,"```json {""count"": 9} ```",2.77
4372.jpg,18,18,1,0,"```json {""count"": 18} ```",7.71
4375.jpg,8,8,1,0,"```json {""count"": 8} ```",7.35
44.jpg,51,34,1,0,"```json {""count"": 34} ```",2.39
4376.jpg,20,16,1,0,"```json {""count"": 16} ```",7.25
4378.jpg,26,20,1,0,"```json {""count"": 20} ```",7.03
4401.jpg,20,15,1,0,"```json {""count"": 15} ```",2.12
4402.jpg,32,27,1,0,"```json {""count"": 27} ```",2.12
4380.jpg,17,16,1,0,"```json {""count"": 16} ```",6.49
4379.jpg,9,9,1,0,"```json {""count"": 9} ```",7.25
4383.jpg,28,24,1,0,"```json {""count"": 24} ```",6.63
4382.jpg,15,14,1,0,"```json {""count"": 14} ```",6.84
4385.jpg,12,12,1,0,"```json {""count"": 12} ```",6.87
4386.jpg,20,18,1,0,"```json {""count"": 18} ```",7.08
4413.jpg,11,11,1,0,"```json {""count"": 11} ```",2.02
4387.jpg,26,24,1,0,"```json {""count"": 24} ```",6.91
4415.jpg,16,13,1,0,"```json {""count"": 13} ```",2.01
4388.jpg,22,20,1,0,"```json {""count"": 20} ```",6.90
439.jpg,10,10,1,0,"```json {""count"": 10} ```",6.58
4393.jpg,13,12,1,0,"```json {""count"": 12} ```",6.38
4394.jpg,252,109,1,0,"```json {""count"": 109} ```",6.24
4395.jpg,25,20,1,0,"```json {""count"": 20} ```",6.22
4397.jpg,9,9,1,0,"```json {""count"": 9} ```",6.24
4398.jpg,13,12,1,0,"```json {""count"": 12} ```",6.21
440.jpg,275,150,1,0,"```json {""count"": 150} ```",5.87
4426.jpg,14,10,1,0,"```json {""count"": 10} ```",2.03
4427.jpg,16,12,1,0,"```json {""count"": 12} ```",1.88
4399.jpg,26,24,1,0,"```json {""count"": 24} ```",6.32
4400.jpg,18,16,1,0,"```json {""count"": 16} ```",6.03
4403.jpg,11,10,1,0,"```json {""count"": 10} ```",5.88
4430.jpg,10,10,1,0,"```json {""count"": 10} ```",2.02
4405.jpg,12,10,1,0,"```json {""count"": 10} ```",5.94
4406.jpg,12,12,1,0,"```json {""count"": 12} ```",6.08
4407.jpg,69,50,1,0,"```json {""count"": 50} ```",6.14
4433.jpg,13,14,1,0,"```json {""count"": 14} ```",1.82
4408.jpg,14,13,1,0,"```json {""count"": 13} ```",6.35
4409.jpg,9,9,1,0,"```json {""count"": 9} ```",6.54
441.jpg,37,24,1,0,"```json {""count"": 24} ```",6.39
4435.jpg,11,12,1,0,"```json {""count"": 12} ```",2.34
4412.jpg,10,9,1,0,"```json {""count"": 9} ```",6.41
4437.jpg,13,12,1,0,"```json {""count"": 12} ```",2.34
4414.jpg,11,10,1,0,"```json {""count"": 10} ```",6.43
4416.jpg,13,13,1,0,"```json {""count"": 13} ```",6.43
4417.jpg,63,50,1,0,"```json {""count"": 50} ```",6.32
4444.jpg,10,13,1,0,"```json {""count"": 13} ```",1.64
4442.jpg,24,18,1,0,"```json {""count"": 18} ```",2.03
4418.jpg,30,21,1,0,"```json {""count"": 21} ```",6.20
4446.jpg,10,10,1,0,"```json {""count"": 10} ```",1.82
4445.jpg,16,20,1,0,"```json {""count"": 20} ```",2.01
4419.jpg,15,11,1,0,"```json {""count"": 11} ```",6.51
442.jpg,16,17,1,0,"```json {""count"": 17} ```",6.74
4421.jpg,8,8,1,0,"```json {""count"": 8} ```",6.74
4447.jpg,11,10,1,0,"```json {""count"": 10} ```",2.00
4422.jpg,10,10,1,0,"```json {""count"": 10} ```",6.90
4423.jpg,12,11,1,0,"```json {""count"": 11} ```",7.01
4424.jpg,10,10,1,0,"```json {""count"": 10} ```",7.11
4425.jpg,32,33,1,0,"```json {""count"": 33} ```",7.10
4429.jpg,33,24,1,0,"```json {""count"": 24} ```",7.19
4428.jpg,22,18,1,0,"```json {""count"": 18} ```",7.52
443.jpg,48,34,1,0,"```json {""count"": 34} ```",7.50
4456.jpg,25,24,1,0,"```json {""count"": 24} ```",3.24
4432.jpg,47,33,1,0,"```json {""count"": 33} ```",7.02
4455.jpg,332,200,1,0,"```json {   ""count"": 200 } ```",3.65
4431.jpg,12,14,1,0,"```json {""count"": 14} ```",7.53
4459.jpg,190,159,1,0,"```json {""count"": 159} ```",3.49
4462.jpg,63,60,1,0,"```json {""count"": 60} ```",3.26
4434.jpg,10,8,1,0,"```json {""count"": 8} ```",7.15
4436.jpg,27,24,1,0,"```json {""count"": 24} ```",7.23
4465.jpg,11,10,1,0,"```json {""count"": 10} ```",3.44
4438.jpg,76,84,1,0,"```json {""count"": 84} ```",7.26
4439.jpg,40,34,1,0,"```json {""count"": 34} ```",7.14
444.jpg,15,13,1,0,"```json {""count"": 13} ```",7.14
4448.jpg,21,24,1,0,"```json {""count"": 24} ```",6.29
4441.jpg,224,150,1,0,"```json {""count"": 150} ```",7.59
4472.jpg,89,85,1,0,"```json {""count"": 85} ```",2.97
4468.jpg,27,30,1,0,"```json {""count"": 30} ```",3.62
4443.jpg,16,13,1,0,"```json {""count"": 13} ```",7.63
4449.jpg,14,12,1,0,"```json {""count"": 12} ```",6.54
445.jpg,19,13,1,0,"```json {""count"": 13} ```",6.86
4450.jpg,62,50,1,0,"```json {""count"": 50} ```",7.30
4451.jpg,8,10,1,0,"```json {""count"": 10} ```",7.33
4452.jpg,49,40,1,0,"```json {""count"": 40} ```",7.31
4457.jpg,12,14,1,0,"```json {""count"": 14} ```",7.27
4453.jpg,8,8,1,0,"```json {""count"": 8} ```",7.81
4487.jpg,62,50,1,0,"```json {""count"": 50} ```",3.22
4485.jpg,16,16,1,0,"```json {""count"": 16} ```",3.59
4458.jpg,38,24,1,0,"```json {""count"": 24} ```",7.61
4460.jpg,20,24,1,0,"```json {""count"": 24} ```",7.93
4463.jpg,36,40,1,0,"```json {""count"": 40} ```",7.69
4466.jpg,12,15,1,0,"```json {""count"": 15} ```",7.61
4467.jpg,58,50,1,0,"```json {""count"": 50} ```",7.72
4469.jpg,233,150,1,0,"```json {""count"": 150} ```",7.46
4473.jpg,10,12,1,0,"```json {""count"": 12} ```",7.02
4492.jpg,12,10,1,0,"```json {""count"": 10} ```",3.98
4491.jpg,9,9,1,0,"```json {""count"": 9} ```",4.16
4474.jpg,77,63,1,0,"```json {""count"": 63} ```",7.13
4475.jpg,13,12,1,0,"```json {""count"": 12} ```",7.20
4476.jpg,450,1000,1,0,"```json {""count"": 1000} ```",7.52
4477.jpg,48,50,1,0,"```json {""count"": 50} ```",7.46
4479.jpg,40,50,1,0,"```json {""count"": 50} ```",7.73
4499.jpg,10,8,1,0,"```json {""count"": 8} ```",3.49
4482.jpg,24,20,1,0,"```json {""count"": 20} ```",7.64
4480.jpg,34,27,1,0,"```json {""count"": 27} ```",7.94
4481.jpg,8,10,1,0,"```json {""count"": 10} ```",8.15
4483.jpg,12,12,1,0,"```json {""count"": 12} ```",8.27
4484.jpg,16,16,1,0,"```json {""count"": 16} ```",8.30
4500.jpg,8,8,1,0,"```json {""count"": 8} ```",4.36
4486.jpg,10,9,1,0,"```json {""count"": 9} ```",8.23
4488.jpg,29,27,1,0,"```json {""count"": 27} ```",7.62
4509.jpg,48,34,1,0,"```json {""count"": 34} ```",2.92
4489.jpg,51,50,1,0,"```json {""count"": 50} ```",7.83
4490.jpg,167,107,1,0,"```json {""count"": 107} ```",8.05
449.jpg,13,12,1,0,"```json {""count"": 12} ```",8.25
4493.jpg,18,14,1,0,"```json {""count"": 14} ```",7.86
4517.jpg,44,34,1,0,"```json {""count"": 34} ```",2.33
4516.jpg,25,20,1,0,"```json {""count"": 20} ```",2.63
4494.jpg,26,24,1,0,"```json {""count"": 24} ```",7.74
4495.jpg,10,5,1,0,"```json {""count"": 5} ```",7.83
4497.jpg,14,12,1,0,"```json {""count"": 12} ```",7.76
4521.jpg,20,24,1,0,"```json {""count"": 24} ```",2.81
45.jpg,16,13,1,0,"```json {""count"": 13} ```",7.64
4520.jpg,89,50,1,0,"```json {""count"": 50} ```",2.96
4496.jpg,13,11,1,0,"```json {""count"": 11} ```",8.75
4522.jpg,88,62,1,0,"```json {""count"": 62} ```",2.92
4498.jpg,12,10,1,0,"```json {""count"": 10} ```",8.30
4523.jpg,115,87,1,0,"```json {""count"": 87} ```",3.21
450.jpg,9,10,1,0,"```json {""count"": 10} ```",8.28
4501.jpg,18,16,1,0,"```json {""count"": 16} ```",8.05
4502.jpg,21,20,1,0,"```json {""count"": 20} ```",8.03
4503.jpg,11,11,1,0,"```json {""count"": 11} ```",7.77
4505.jpg,9,10,1,0,"```json {""count"": 10} ```",7.44
4524.jpg,46,50,1,0,"```json {""count"": 50} ```",3.99
4529.jpg,12,11,1,0,"```json {""count"": 11} ```",3.13
4507.jpg,30,27,1,0,"```json {""count"": 27} ```",7.75
4504.jpg,89,75,1,0,"```json {""count"": 75} ```",8.40
4532.jpg,22,24,1,0,"```json {""count"": 24} ```",3.23
453.jpg,14,13,1,0,"```json {""count"": 13} ```",3.76
4508.jpg,15,13,1,0,"```json {""count"": 13} ```",8.28
451.jpg,24,24,1,0,"```json {""count"": 24} ```",8.09
4511.jpg,19,18,1,0,"```json {""count"": 18} ```",7.90
4539.jpg,16,15,1,0,"```json {""count"": 15} ```",3.00
4512.jpg,8,8,1,0,"```json {""count"": 8} ```",7.97
4537.jpg,51,34,1,0,"```json {""count"": 34} ```",3.21
4513.jpg,13,13,1,0,"```json {""count"": 13} ```",7.99
4514.jpg,14,15,1,0,"```json {""count"": 15} ```",8.14
4518.jpg,30,24,1,0,"```json {""count"": 24} ```",7.86
4519.jpg,16,15,1,0,"```json {""count"": 15} ```",7.62
452.jpg,12,12,1,0,"```json {""count"": 12} ```",7.59
4525.jpg,15,15,1,0,"```json {""count"": 15} ```",7.03
4552.jpg,17,16,1,0,"```json {""count"": 16} ```",2.46
4526.jpg,53,34,1,0,"```json {""count"": 34} ```",7.05
4527.jpg,8,9,1,0,"```json {""count"": 9} ```",6.95
4530.jpg,44,34,1,0,"```json {""count"": 34} ```",6.81
4555.jpg,10,9,1,0,"```json {""count"": 9} ```",2.39
4533.jpg,14,13,1,0,"```json {""count"": 13} ```",6.22
4535.jpg,22,15,1,0,"```json {""count"": 15} ```",5.90
4560.jpg,9,10,1,0,"```json {""count"": 10} ```",1.71
4534.jpg,11,10,1,0,"```json {""count"": 10} ```",6.12
4536.jpg,27,27,1,0,"```json {""count"": 27} ```",6.33
4538.jpg,16,14,1,0,"```json {""count"": 14} ```",6.21
4563.jpg,8,9,1,0,"```json {""count"": 9} ```",1.64
4541.jpg,13,13,1,0,"```json {""count"": 13} ```",6.05
4540.jpg,23,21,1,0,"```json {""count"": 21} ```",6.26
4542.jpg,17,15,1,0,"```json {""count"": 15} ```",6.29
4543.jpg,23,20,1,0,"```json {""count"": 20} ```",6.35
4568.jpg,9,9,1,0,"```json {""count"": 9} ```",2.04
4544.jpg,33,24,1,0,"```json {""count"": 24} ```",6.45
457.jpg,10,8,1,0,"```json {""count"": 8} ```",1.90
4546.jpg,35,27,1,0,"```json {""count"": 27} ```",6.31
4547.jpg,35,27,1,0,"```json {""count"": 27} ```",6.53
4545.jpg,21,34,1,0,"```json {""count"": 34} ```",6.86
4548.jpg,55,40,1,0,"```json {""count"": 40} ```",6.74
4573.jpg,36,27,1,0,"```json {""count"": 27} ```",2.44
4549.jpg,33,24,1,0,"```json {""count"": 24} ```",6.69
455.jpg,9,10,1,0,"```json {""count"": 10} ```",6.87
4551.jpg,42,34,1,0,"```json {""count"": 34} ```",7.08
4554.jpg,65,50,1,0,"```json {""count"": 50} ```",6.86
458.jpg,73,60,1,0,"```json {""count"": 60} ```",1.93
4556.jpg,133,109,1,0,"```json {""count"": 109} ```",6.56
4557.jpg,29,24,1,0,"```json {""count"": 24} ```",6.72
4582.jpg,16,15,1,0,"```json {""count"": 15} ```",2.09
4558.jpg,13,13,1,0,"```json {""count"": 13} ```",6.91
4559.jpg,35,27,1,0,"```json {""count"": 27} ```",6.81
4583.jpg,15,16,1,0,"```json {""count"": 16} ```",2.10
456.jpg,8,8,1,0,"```json {""count"": 8} ```",6.92
4561.jpg,11,10,1,0,"```json {""count"": 10} ```",6.66
4562.jpg,11,10,1,0,"```json {""count"": 10} ```",6.73
4588.jpg,8,9,1,0,"```json {""count"": 9} ```",2.12
4587.jpg,33,30,1,0,"```json {""count"": 30} ```",2.33
4564.jpg,133,87,1,0,"```json {""count"": 87} ```",6.71
4565.jpg,24,21,1,0,"```json {""count"": 21} ```",6.76
4590.jpg,8,10,1,0,"```json {""count"": 10} ```",2.19
4566.jpg,37,30,1,0,"```json {""count"": 30} ```",6.75
4567.jpg,13,12,1,0,"```json {""count"": 12} ```",6.88
4569.jpg,21,20,1,0,"```json {""count"": 20} ```",6.87
4596.jpg,24,27,1,0,"```json {""count"": 27} ```",2.18
4595.jpg,16,20,1,0,"```json {""count"": 20} ```",2.29
4570.jpg,11,10,1,0,"```json {""count"": 10} ```",6.82
4597.jpg,64,50,1,0,"```json {""count"": 50} ```",2.08
4571.jpg,47,34,1,0,"```json {""count"": 34} ```",6.87
4598.jpg,22,13,1,0,"```json {""count"": 13} ```",1.89
4599.jpg,19,16,1,0,"```json {""count"": 16} ```",1.88
4572.jpg,141,87,1,0,"```json {""count"": 87} ```",6.90
4574.jpg,402,200,1,0,"```json {""count"": 200} ```",6.91
46.jpg,51,50,1,0,"```json {""count"": 50} ```",2.10
4575.jpg,22,18,1,0,"```json {""count"": 18} ```",7.13
4576.jpg,38,27,1,0,"```json {""count"": 27} ```",7.09
4577.jpg,37,27,1,0,"```json {""count"": 27} ```",7.00
4605.jpg,34,30,1,0,"```json {""count"": 30} ```",1.96
4579.jpg,34,30,1,0,"```json {""count"": 30} ```",6.94
4604.jpg,87,62,1,0,"```json {""count"": 62} ```",2.13
4606.jpg,54,50,1,0,"```json {""count"": 50} ```",1.94
4607.jpg,13,12,1,0,"```json {""count"": 12} ```",1.94
4580.jpg,165,109,1,0,"```json {""count"": 109} ```",6.92
4578.jpg,24,20,1,0,"```json {""count"": 20} ```",7.42
4581.jpg,42,34,1,0,"```json {""count"": 34} ```",7.13
4584.jpg,10,10,1,0,"```json {""count"": 10} ```",6.71
4614.jpg,37,24,1,0,"```json {""count"": 24} ```",2.28
4585.jpg,12,12,1,0,"```json {""count"": 12} ```",6.78
4586.jpg,12,12,1,0,"```json {""count"": 12} ```",6.95
4589.jpg,34,30,1,0,"```json {""count"": 30} ```",6.47
459.jpg,18,17,1,0,"```json {""count"": 17} ```",6.71
4591.jpg,38,33,1,0,"```json {""count"": 33} ```",6.69
4593.jpg,14,12,1,0,"```json {""count"": 12} ```",6.70
460.jpg,65,60,1,0,"```json {""count"": 60} ```",5.80
4624.jpg,10,10,1,0,"```json {""count"": 10} ```",2.71
4625.jpg,15,13,1,0,"```json {""count"": 13} ```",2.53
4600.jpg,41,24,1,0,"```json {""count"": 24} ```",5.81
4639.jpg,9,,0,0,HTTP Error 400: Bad Request,
4628.jpg,21,16,1,0,"```json {""count"": 16} ```",2.23
4594.jpg,34,30,1,0,"```json {""count"": 30} ```",7.38
4601.jpg,8,10,1,0,"```json {""count"": 10} ```",5.95
4602.jpg,54,50,1,0,"```json {""count"": 50} ```",6.16
4603.jpg,25,24,1,0,"```json {""count"": 24} ```",6.41
4608.jpg,19,20,1,0,"```json {""count"": 20} ```",5.93
4612.jpg,19,17,1,0,"```json {""count"": 17} ```",5.94
461.jpg,9,10,1,0,"```json {""count"": 10} ```",6.12
4611.jpg,51,50,1,0,"```json {""count"": 50} ```",6.33
4613.jpg,26,24,1,0,"```json {""count"": 24} ```",6.39
4615.jpg,10,9,1,0,"```json {""count"": 9} ```",6.35
4616.jpg,51,50,1,0,"```json {""count"": 50} ```",6.45
4636.jpg,25,24,1,0,"```json {""count"": 24} ```",2.70
4617.jpg,17,15,1,0,"```json {""count"": 15} ```",6.50
4643.jpg,24,20,1,0,"```json {""count"": 20} ```",2.15
4618.jpg,27,18,1,0,"```json {""count"": 18} ```",6.59
4619.jpg,12,12,1,0,"```json {""count"": 12} ```",6.56
4620.jpg,33,24,1,0,"```json {""count"": 24} ```",6.45
462.jpg,11,9,1,0,"```json {""count"": 9} ```",6.60
4621.jpg,8,8,1,0,"```json {""count"": 8} ```",6.80
4622.jpg,23,21,1,0,"```json {""count"": 21} ```",6.77
4649.jpg,46,50,1,0,"```json {""count"": 50} ```",1.89
4650.jpg,9,10,1,0,"```json {""count"": 10} ```",1.50
4623.jpg,9,9,1,0,"```json {""count"": 9} ```",6.98
4627.jpg,76,60,1,0,"```json {""count"": 60} ```",6.88
4629.jpg,15,15,1,0,"```json {""count"": 15} ```",6.76
463.jpg,17,14,1,0,"```json {""count"": 14} ```",6.78
4630.jpg,21,21,1,0,"```json {""count"": 21} ```",6.86
4631.jpg,31,24,1,0,"```json {""count"": 24} ```",6.86
4632.jpg,9,9,1,0,"```json {""count"": 9} ```",7.01
4633.jpg,14,13,1,0,"```json {""count"": 13} ```",6.86
4634.jpg,18,20,1,0,"```json {""count"": 20} ```",6.85
4659.jpg,16,15,1,0,"```json {""count"": 15} ```",2.38
4658.jpg,21,21,1,0,"```json {""count"": 21} ```",2.53
4635.jpg,9,9,1,0,"```json {""count"": 9} ```",6.80
4662.jpg,11,10,1,0,"```json {""count"": 10} ```",2.69
4638.jpg,14,13,1,0,"```json {""count"": 13} ```",6.95
4664.jpg,11,10,1,0,"```json {""count"": 10} ```",2.40
464.jpg,11,10,1,0,"```json {""count"": 10} ```",7.26
4640.jpg,10,9,1,0,"```json {""count"": 9} ```",7.32
4641.jpg,8,8,1,0,"```json {""count"": 8} ```",7.51
4642.jpg,8,9,1,0,"```json {""count"": 9} ```",7.57
4644.jpg,30,24,1,0,"```json {""count"": 24} ```",7.23
4668.jpg,9,9,1,0,"```json {""count"": 9} ```",2.31
4645.jpg,15,15,1,0,"```json {""count"": 15} ```",7.21
4671.jpg,11,11,1,0,"```json {""count"": 11} ```",2.25
4673.jpg,13,12,1,0,"```json {""count"": 12} ```",2.05
4646.jpg,18,18,1,0,"```json {""count"": 18} ```",7.18
4647.jpg,10,9,1,0,"```json {""count"": 9} ```",7.27
4648.jpg,27,21,1,0,"```json {""count"": 21} ```",7.37
4675.jpg,17,17,1,0,"```json {""count"": 17} ```",2.44
465.jpg,10,10,1,0,"```json {""count"": 10} ```",7.20
4676.jpg,11,10,1,0,"```json {""count"": 10} ```",2.35
4651.jpg,10,10,1,0,"```json {""count"": 10} ```",7.12
4678.jpg,19,20,1,0,"```json {""count"": 20} ```",2.30
4652.jpg,11,11,1,0,"```json {""count"": 11} ```",7.10
4653.jpg,37,27,1,0,"```json {""count"": 27} ```",7.32
4682.jpg,11,11,1,0,"```json {""count"": 11} ```",2.34
4654.jpg,13,13,1,0,"```json {""count"": 13} ```",7.50
4655.jpg,10,10,1,0,"```json {""count"": 10} ```",7.50
4656.jpg,45,30,1,0,"```json {""count"": 30} ```",7.61
4685.jpg,13,12,1,0,"```json {""count"": 12} ```",2.79
4657.jpg,35,30,1,0,"```json {""count"": 30} ```",7.78
4686.jpg,12,11,1,0,"```json {""count"": 11} ```",2.79
469.jpg,39,20,1,0,"```json {""count"": 20} ```",2.44
4660.jpg,9,10,1,0,"```json {""count"": 10} ```",7.65
4661.jpg,9,10,1,0,"```json {""count"": 10} ```",7.80
4692.jpg,14,12,1,0,"```json {""count"": 12} ```",2.49
4665.jpg,11,12,1,0,"```json {""count"": 12} ```",7.02
4693.jpg,10,10,1,0,"```json {""count"": 10} ```",2.29
4695.jpg,39,27,1,0,"```json {""count"": 27} ```",2.29
4663.jpg,24,20,1,0,"```json {""count"": 20} ```",7.87
4666.jpg,17,18,1,0,"```json {""count"": 18} ```",7.38
4667.jpg,16,14,1,0,"```json {""count"": 14} ```",7.36
4669.jpg,11,10,1,0,"```json {""count"": 10} ```",6.98
4698.jpg,28,27,1,0,"```json {""count"": 27} ```",2.60
4670.jpg,15,14,1,0,"```json {""count"": 14} ```",7.06
4672.jpg,30,24,1,0,"```json {""count"": 24} ```",7.33
4674.jpg,23,24,1,0,"```json {""count"": 24} ```",7.22
4677.jpg,13,12,1,0,"```json {""count"": 12} ```",7.09
4679.jpg,12,11,1,0,"```json {""count"": 11} ```",6.84
4681.jpg,11,10,1,0,"```json {""count"": 10} ```",6.69
4706.jpg,14,10,1,0,"```json {""count"": 10} ```",3.22
4683.jpg,8,8,1,0,"```json {""count"": 8} ```",6.84
4709.jpg,13,12,1,0,"```json {""count"": 12} ```",3.41
4680.jpg,18,14,1,0,"```json {""count"": 14} ```",7.58
4711.jpg,117,87,1,0,"```json {""count"": 87} ```",2.82
4710.jpg,10,8,1,0,"```json {""count"": 8} ```",3.01
4688.jpg,11,11,1,0,"```json {""count"": 11} ```",7.04
4707.jpg,8,8,1,0,"```json {""count"": 8} ```",3.66
4718.jpg,15,14,1,0,"```json {""count"": 14} ```",2.36
4691.jpg,17,16,1,0,"```json {""count"": 16} ```",6.56
4715.jpg,8,9,1,0,"```json {""count"": 9} ```",2.89
4689.jpg,71,60,1,0,"```json {""count"": 60} ```",7.31
4690.jpg,12,10,1,0,"```json {""count"": 10} ```",7.07
4696.jpg,9,9,1,0,"```json {""count"": 9} ```",6.77
4697.jpg,14,14,1,0,"```json {""count"": 14} ```",6.66
4699.jpg,10,10,1,0,"```json {""count"": 10} ```",6.59
4720.jpg,9,9,1,0,"```json {""count"": 9} ```",2.69
4722.jpg,14,11,1,0,"```json {""count"": 11} ```",2.12
47.jpg,24,21,1,0,"```json {""count"": 21} ```",6.60
470.jpg,9,9,1,0,"```json {""count"": 9} ```",6.49
4729.jpg,23,16,1,0,"```json {""count"": 16} ```",2.11
4728.jpg,11,10,1,0,"```json {""count"": 10} ```",2.14
4701.jpg,24,16,1,0,"```json {""count"": 16} ```",6.42
4700.jpg,30,24,1,0,"```json {""count"": 24} ```",6.72
4702.jpg,19,20,1,0,"```json {""count"": 20} ```",6.91
4703.jpg,13,9,1,0,"```json {""count"": 9} ```",6.91
4732.jpg,56,50,1,0,"```json {""count"": 50} ```",2.47
4731.jpg,12,10,1,0,"```json {""count"": 10} ```",2.60
4704.jpg,8,9,1,0,"```json {""count"": 9} ```",7.21
4734.jpg,104,87,1,0,"```json {""count"": 87} ```",2.48
4705.jpg,47,30,1,0,"```json {""count"": 30} ```",7.36
4737.jpg,9,8,1,0,"```json {""count"": 8} ```",2.20
471.jpg,27,22,1,0,"```json {""count"": 22} ```",7.07
4739.jpg,40,34,1,0,"```json {""count"": 34} ```",2.18
4708.jpg,21,18,1,0,"```json {""count"": 18} ```",7.55
4713.jpg,18,16,1,0,"```json {""count"": 16} ```",6.67
4716.jpg,26,21,1,0,"```json {""count"": 21} ```",6.72
4742.jpg,47,42,1,0,"```json {""count"": 42} ```",2.29
4719.jpg,33,24,1,0,"```json {""count"": 24} ```",6.19
472.jpg,18,15,1,0,"```json {""count"": 15} ```",6.15
4745.jpg,24,24,1,0,"```json {""count"": 24} ```",2.16
4721.jpg,17,15,1,0,"```json {""count"": 15} ```",5.75
4723.jpg,9,10,1,0,"```json {""count"": 10} ```",5.74
4724.jpg,15,13,1,0,"```json {""count"": 13} ```",5.85
4752.jpg,40,27,1,0,"```json {""count"": 27} ```",2.11
4725.jpg,9,10,1,0,"```json {""count"": 10} ```",6.04
4726.jpg,8,9,1,0,"```json {""count"": 9} ```",6.07
4753.jpg,22,18,1,0,"```json {""count"": 18} ```",2.29
4755.jpg,109,87,1,0,"```json {""count"": 87} ```",2.09
4754.jpg,20,20,1,0,"```json {""count"": 20} ```",2.26
4727.jpg,21,18,1,0,"```json {""count"": 18} ```",6.38
4730.jpg,15,13,1,0,"```json {""count"": 13} ```",6.21
4756.jpg,14,14,1,0,"```json {""count"": 14} ```",2.19
473.jpg,50,34,1,0,"```json {""count"": 34} ```",6.41
4733.jpg,9,9,1,0,"```json {""count"": 9} ```",6.40
4735.jpg,13,13,1,0,"```json {""count"": 13} ```",6.22
4761.jpg,24,18,1,0,"```json {""count"": 18} ```",2.56
4760.jpg,30,24,1,0,"```json {""count"": 24} ```",2.76
4762.jpg,21,16,1,0,"```json {""count"": 16} ```",2.49
4736.jpg,28,21,1,0,"```json {""count"": 21} ```",6.30
4738.jpg,23,24,1,0,"```json {""count"": 24} ```",6.30
4740.jpg,14,12,1,0,"```json {""count"": 12} ```",6.30
4765.jpg,14,14,1,0,"```json {""count"": 14} ```",2.60
4741.jpg,41,40,1,0,"```json {""count"": 40} ```",6.34
4769.jpg,51,30,1,0,"```json {""count"": 30} ```",2.45
4743.jpg,8,8,1,0,"```json {""count"": 8} ```",6.49
4744.jpg,41,34,1,0,"```json {""count"": 34} ```",6.49
4746.jpg,39,34,1,0,"```json {""count"": 34} ```",6.28
4748.jpg,20,20,1,0,"```json {""count"": 20} ```",6.48
4747.jpg,55,33,1,0,"```json {""count"": 33} ```",6.79
4772.jpg,16,16,1,0,"```json {""count"": 16} ```",3.18
4773.jpg,15,15,1,0,"```json {""count"": 15} ```",3.18
4749.jpg,133,87,1,0,"```json {""count"": 87} ```",6.81
4778.jpg,18,16,1,0,"```json {""count"": 16} ```",2.44
475.jpg,10,11,1,0,"```json {""count"": 11} ```",6.74
4780.jpg,9,10,1,0,"```json {""count"": 10} ```",2.25
4779.jpg,92,62,1,0,"```json {""count"": 62} ```",2.44
4750.jpg,39,27,1,0,"```json {""count"": 27} ```",7.12
4751.jpg,42,34,1,0,"```json {""count"": 34} ```",7.25
4758.jpg,42,40,1,0,"```json {""count"": 40} ```",6.80
4759.jpg,22,20,1,0,"```json {""count"": 20} ```",6.79
4784.jpg,9,10,1,0,"```json {""count"": 10} ```",3.06
4763.jpg,114,87,1,0,"```json {""count"": 87} ```",6.05
4785.jpg,16,16,1,0,"```json {""count"": 16} ```",3.02
4790.jpg,10,10,1,0,"```json {""count"": 10} ```",2.09
4767.jpg,62,50,1,0,"```json {""count"": 50} ```",6.01
476.jpg,12,10,1,0,"```json {""count"": 10} ```",7.39
4789.jpg,11,9,1,0,"```json {""count"": 9} ```",2.58
4764.jpg,21,16,1,0,"```json {""count"": 16} ```",6.56
4768.jpg,99,62,1,0,"```json {""count"": 62} ```",6.40
4770.jpg,40,33,1,0,"```json {""count"": 33} ```",6.59
4795.jpg,11,12,1,0,"```json {""count"": 12} ```",2.52
4796.jpg,196,109,1,0,"```json {""count"": 109} ```",2.14
4794.jpg,55,38,1,0,"```json {""count"": 38} ```",2.52
4797.jpg,80,56,1,0,"```json {""count"": 56} ```",2.04
4771.jpg,8,9,1,0,"```json {""count"": 9} ```",6.63
4774.jpg,326,200,1,0,"```json {""count"": 200} ```",6.43
4799.jpg,122,62,1,0,"```json {""count"": 62} ```",1.82
4798.jpg,15,13,1,0,"```json {""count"": 13} ```",2.02
4775.jpg,60,60,1,0,"```json {""count"": 60} ```",6.38
4776.jpg,30,30,1,0,"```json {""count"": 30} ```",6.25
4801.jpg,60,30,1,0,"```json {""count"": 30} ```",1.88
4777.jpg,12,12,1,0,"```json {""count"": 12} ```",6.40
478.jpg,35,20,1,0,"```json {""count"": 20} ```",6.48
4783.jpg,12,12,1,0,"```json {""count"": 12} ```",6.46
4805.jpg,73,50,1,0,"```json {""count"": 50} ```",2.65
4806.jpg,41,34,1,0,"```json {""count"": 34} ```",2.48
4788.jpg,22,20,1,0,"```json {""count"": 20} ```",6.10
4808.jpg,120,62,1,0,"```json {""count"": 62} ```",2.93
4807.jpg,25,15,1,0,"```json {""count"": 15} ```",2.93
4791.jpg,15,15,1,0,"```json {""count"": 15} ```",6.01
4781.jpg,17,16,1,0,"```json {""count"": 16} ```",7.81
4811.jpg,213,13,1,0,"```json {""count"": 13} ```",3.36
4782.jpg,22,21,1,0,"```json {""count"": 21} ```",7.91
4792.jpg,112,109,1,0,"```json {""count"": 109} ```",6.34
4810.jpg,112,56,1,0,"```json {""count"": 56} ```",3.36
4812.jpg,67,40,1,0,"```json {""count"": 40} ```",3.41
4786.jpg,8,10,1,0,"```json {""count"": 10} ```",7.70
4813.jpg,43,30,1,0,"```json {""count"": 30} ```",3.66
4787.jpg,57,50,1,0,"```json {""count"": 50} ```",7.73
479.jpg,14,13,1,0,"```json {""count"": 13} ```",7.32
4793.jpg,44,40,1,0,"```json {""count"": 40} ```",7.18
480.jpg,16,14,1,0,"```json {""count"": 14} ```",6.08
4800.jpg,32,24,1,0,"```json {""count"": 24} ```",6.40
48.jpg,75,60,1,0,"```json {""count"": 60} ```",6.61
4803.jpg,50,35,1,0,"```json {""count"": 35} ```",6.44
4804.jpg,34,30,1,0,"```json {""count"": 30} ```",6.57
4824.jpg,49,30,1,0,"```json {""count"": 30} ```",3.57
482.jpg,12,12,1,0,"```json {""count"": 12} ```",4.34
4802.jpg,61,2,1,0,"```json {""count"": 2} ```",7.21
4825.jpg,36,13,1,0,"```json {""count"": 13} ```",3.57
4819.jpg,41,34,1,0,"```json {""count"": 34} ```",4.98
4828.jpg,39,41,1,0,"```json {""count"": 41} ```",3.16
4809.jpg,306,152,1,0,"```json {""count"": 152} ```",6.74
4830.jpg,90,56,1,0,"```json {""count"": 56} ```",3.16
4832.jpg,50,35,1,0,"```json {""count"": 35} ```",3.10
481.jpg,15,16,1,0,"```json {""count"": 16} ```",6.98
4814.jpg,19,16,1,0,"```json {""count"": 16} ```",6.74
4815.jpg,70,30,1,0,"```json {""count"": 30} ```",6.66
4816.jpg,33,27,1,0,"```json {""count"": 27} ```",6.85
4834.jpg,46,48,1,0,"```json {""count"": 48} ```",3.84
4817.jpg,57,32,1,0,"```json {""count"": 32} ```",7.00
4818.jpg,37,24,1,0,"```json {""count"": 24} ```",6.98
4841.jpg,57,2,1,0,"```json {""count"": 2} ```",2.40
4820.jpg,144,123,1,0,"```json {""count"": 123} ```",6.30
4840.jpg,46,15,1,0,"```json {""count"": 15} ```",2.73
4844.jpg,43,35,1,0,"```json {""count"": 35} ```",2.33
4822.jpg,29,21,1,0,"```json {""count"": 21} ```",6.02
4846.jpg,55,50,1,0,"```json {""count"": 50} ```",2.33
4821.jpg,90,62,1,0,"```json {""count"": 62} ```",6.88
4826.jpg,39,34,1,0,"```json {""count"": 34} ```",6.11
4849.jpg,121,62,1,0,"```json {""count"": 62} ```",2.74
4827.jpg,84,62,1,0,"```json {""count"": 62} ```",6.42
4853.jpg,50,30,1,0,"```json {""count"": 30} ```",2.56
4850.jpg,101,1,1,0,"```json {""count"": 1} ```",2.98
4852.jpg,31,21,1,0,"```json {""count"": 21} ```",2.76
4829.jpg,40,40,1,0,"```json {""count"": 40} ```",6.41
483.jpg,10,10,1,0,"```json {""count"": 10} ```",6.58
4835.jpg,65,33,1,0,"```json {""count"": 33} ```",6.33
4854.jpg,36,27,1,0,"```json {""count"": 27} ```",2.89
4855.jpg,22,8,1,0,"```json {""count"": 8} ```",2.71
4831.jpg,122,123,1,0,"```json {""count"": 123} ```",6.86
4856.jpg,15,14,1,0,"```json {""count"": 14} ```",3.06
4833.jpg,98,62,1,0,"```json {""count"": 62} ```",6.93
4836.jpg,42,2,1,0,"```json {""count"": 2} ```",6.60
4837.jpg,26,24,1,0,"```json {""count"": 24} ```",6.60
4839.jpg,46,42,1,0,"```json {""count"": 42} ```",6.58
4859.jpg,35,24,1,0,"```json {""count"": 24} ```",3.35
4864.jpg,10,12,1,0,"```json {""count"": 12} ```",2.77
4860.jpg,9,10,1,0,"```json {""count"": 10} ```",3.34
484.jpg,18,15,1,0,"```json {""count"": 15} ```",6.72
4845.jpg,21,15,1,0,"```json {""count"": 15} ```",5.95
4847.jpg,61,50,1,0,"```json {""count"": 50} ```",6.40
4842.jpg,122,85,1,0,"```json {""count"": 85} ```",6.62
4870.jpg,13,13,1,0,"```json {""count"": 13} ```",3.32
485.jpg,15,18,1,0,"```json {""count"": 18} ```",6.58
4848.jpg,80,56,1,0,"```json {""count"": 56} ```",6.76
4851.jpg,32,7,1,0,"```json {""count"": 7} ```",6.92
4876.jpg,42,34,1,0,"```json {""count"": 34} ```",3.35
4857.jpg,42,30,1,0,"```json {""count"": 30} ```",5.93
486.jpg,20,15,1,0,"```json {""count"": 15} ```",5.72
4861.jpg,26,21,1,0,"```json {""count"": 21} ```",5.75
4883.jpg,15,12,1,0,"```json {""count"": 12} ```",2.69
4881.jpg,35,24,1,0,"```json {""count"": 24} ```",2.69
4884.jpg,101,62,1,0,"```json {""count"": 62} ```",2.38
4880.jpg,32,27,1,0,"```json {""count"": 27} ```",2.72
4863.jpg,9,9,1,0,"```json {""count"": 9} ```",5.97
4885.jpg,11,15,1,0,"```json {""count"": 15} ```",2.66
4862.jpg,84,84,1,0,"```json {""count"": 84} ```",6.30
4865.jpg,11,10,1,0,"```json {""count"": 10} ```",5.94
4866.jpg,14,12,1,0,"```json {""count"": 12} ```",6.04
4887.jpg,32,35,1,0,"```json {""count"": 35} ```",2.69
4889.jpg,27,24,1,0,"```json {""count"": 24} ```",2.49
4867.jpg,17,14,1,0,"```json {""count"": 14} ```",6.16
4868.jpg,23,18,1,0,"```json {""count"": 18} ```",6.03
487.jpg,9,9,1,0,"```json {""count"": 9} ```",6.36
4871.jpg,21,21,1,0,"```json {""count"": 21} ```",6.52
4872.jpg,24,24,1,0,"```json {""count"": 24} ```",6.63
4897.jpg,35,42,1,0,"```json {""count"": 42} ```",2.60
4875.jpg,40,35,1,0,"```json {""count"": 35} ```",6.55
4873.jpg,125,100,1,0,"```json {""count"": 100} ```",6.74
4874.jpg,68,62,1,0,"```json {""count"": 62} ```",6.97
4878.jpg,126,87,1,0,"```json {""count"": 87} ```",7.02
4877.jpg,44,27,1,0,"```json {""count"": 27} ```",7.23
4879.jpg,76,50,1,0,"```json {""count"": 50} ```",7.46
488.jpg,11,10,1,0,"```json {""count"": 10} ```",7.46
4882.jpg,28,27,1,0,"```json {""count"": 27} ```",7.34
4908.jpg,24,16,1,0,"```json {""count"": 16} ```",3.68
4886.jpg,37,34,1,0,"```json {""count"": 34} ```",6.77
4888.jpg,14,12,1,0,"```json {""count"": 12} ```",6.63
489.jpg,10,10,1,0,"```json {""count"": 10} ```",6.74
4910.jpg,14,12,1,0,"```json {""count"": 12} ```",3.79
4890.jpg,64,62,1,0,"```json {""count"": 62} ```",6.67
4891.jpg,27,20,1,0,"```json {""count"": 20} ```",6.73
4892.jpg,50,34,1,0,"```json {""count"": 34} ```",6.91
4893.jpg,28,24,1,0,"```json {""count"": 24} ```",6.88
4898.jpg,51,34,1,0,"```json {""count"": 34} ```",7.09
4913.jpg,10,9,1,0,"```json {""count"": 9} ```",4.41
4894.jpg,11,10,1,0,"```json {""count"": 10} ```",7.24
4916.jpg,91,63,1,0,"```json {""count"": 63} ```",3.75
4915.jpg,87,62,1,0,"```json {""count"": 62} ```",4.19
4917.jpg,37,33,1,0,"```json {""count"": 33} ```",3.54
492.jpg,26,27,1,0,"```json {""count"": 27} ```",2.77
4895.jpg,8,8,1,0,"```json {""count"": 8} ```",7.42
4896.jpg,83,62,1,0,"```json {""count"": 62} ```",7.62
49.jpg,18,20,1,0,"```json {""count"": 20} ```",7.74
490.jpg,10,9,1,0,"```json {""count"": 9} ```",7.74
4920.jpg,20,26,1,0,"```json {""count"": 26} ```",3.32
4921.jpg,13,12,1,0,"```json {""count"": 12} ```",3.32
4900.jpg,14,12,1,0,"```json {""count"": 12} ```",8.06
4901.jpg,16,14,1,0,"```json {""count"": 14} ```",8.20
4903.jpg,18,20,1,0,"```json {""count"": 20} ```",8.19
4904.jpg,11,10,1,0,"```json {""count"": 10} ```",8.34
4905.jpg,250,200,1,0,"```json {""count"": 200} ```",8.66
4906.jpg,78,50,1,0,"```json {""count"": 50} ```",8.81
491.jpg,10,10,1,0,"```json {""count"": 10} ```",8.46
4909.jpg,16,16,1,0,"```json {""count"": 16} ```",8.86
4930.jpg,74,54,1,0,"```json {""count"": 54} ```",3.53
4933.jpg,54,50,1,0,"```json {""count"": 50} ```",3.53
4937.jpg,11,8,1,0,"```json {""count"": 8} ```",3.12
493.jpg,30,22,1,0,"```json {""count"": 22} ```",3.53
4912.jpg,39,42,1,0,"```json {""count"": 42} ```",8.19
4911.jpg,30,20,1,0,"```json {""count"": 20} ```",8.40
4918.jpg,95,52,1,0,"```json {""count"": 52} ```",7.11
4919.jpg,31,24,1,0,"```json {""count"": 24} ```",6.96
4922.jpg,8,9,1,0,"```json {""count"": 9} ```",6.41
4923.jpg,31,24,1,0,"```json {""count"": 24} ```",6.30
4924.jpg,67,60,1,0,"```json {""count"": 60} ```",6.29
4925.jpg,142,123,1,0,"```json {""count"": 123} ```",6.61
4926.jpg,40,34,1,0,"```json {""count"": 34} ```",6.70
4947.jpg,205,100,1,0,"```json {""count"": 100} ```",2.97
4931.jpg,58,50,1,0,"```json {""count"": 50} ```",6.45
4927.jpg,63,50,1,0,"```json {""count"": 50} ```",7.26
4928.jpg,40,24,1,0,"```json {""count"": 24} ```",7.43
4929.jpg,36,33,1,0,"```json {""count"": 33} ```",7.21
4951.jpg,166,62,1,0,"```json {""count"": 62} ```",3.74
495.jpg,20,24,1,0,"```json {""count"": 24} ```",3.74
4932.jpg,56,50,1,0,"```json {""count"": 50} ```",7.30
4934.jpg,19,16,1,0,"```json {""count"": 16} ```",7.39
4935.jpg,9,8,1,0,"```json {""count"": 8} ```",7.60
4938.jpg,58,50,1,0,"```json {""count"": 50} ```",7.29
4939.jpg,20,15,1,0,"```json {""count"": 15} ```",7.30
494.jpg,39,30,1,0,"```json {""count"": 30} ```",7.41
4940.jpg,31,24,1,0,"```json {""count"": 24} ```",7.62
4941.jpg,175,109,1,0,"```json {""count"": 109} ```",7.73
4942.jpg,56,30,1,0,"```json {""count"": 30} ```",7.61
4943.jpg,65,50,1,0,"```json {""count"": 50} ```",7.73
4944.jpg,49,50,1,0,"```json {""count"": 50} ```",7.72
4945.jpg,41,35,1,0,"```json {""count"": 35} ```",7.59
4969.jpg,109,62,1,0,"```json {""count"": 62} ```",2.98
4946.jpg,71,62,1,0,"```json {""count"": 62} ```",7.76
4948.jpg,18,16,1,0,"```json {""count"": 16} ```",7.44
497.jpg,38,34,1,0,"```json {""count"": 34} ```",3.42
4949.jpg,95,62,1,0,"```json {""count"": 62} ```",7.69
4950.jpg,33,30,1,0,"```json {""count"": 30} ```",7.89
4952.jpg,247,109,1,0,"```json {""count"": 109} ```",8.14
4953.jpg,51,50,1,0,"```json {""count"": 50} ```",8.11
4954.jpg,29,24,1,0,"```json {""count"": 24} ```",8.10
4955.jpg,145,105,1,0,"```json {""count"": 105} ```",8.23
4978.jpg,27,24,1,0,"```json {""count"": 24} ```",2.80
4956.jpg,102,85,1,0,"```json {""count"": 85} ```",8.07
4958.jpg,118,62,1,0,"```json {""count"": 62} ```",7.87
498.jpg,12,10,1,0,"```json {""count"": 10} ```",2.88
4982.jpg,35,30,1,0,"```json {""count"": 30} ```",2.32
4979.jpg,29,24,1,0,"```json {""count"": 24} ```",3.07
4957.jpg,93,62,1,0,"```json {""count"": 62} ```",8.45
4959.jpg,31,27,1,0,"```json {""count"": 27} ```",8.02
496.jpg,10,10,1,0,"```json {""count"": 10} ```",7.98
4960.jpg,29,24,1,0,"```json {""count"": 24} ```",7.87
4961.jpg,363,100,1,0,"```json {""count"": 100} ```",7.72
4962.jpg,30,24,1,0,"```json {""count"": 24} ```",8.05
4963.jpg,218,109,1,0,"```json {""count"": 109} ```",7.94
4964.jpg,51,50,1,0,"```json {""count"": 50} ```",8.05
4965.jpg,15,13,1,0,"```json {""count"": 13} ```",8.07
499.jpg,28,21,1,0,"```json {""count"": 21} ```",2.96
4966.jpg,46,35,1,0,"```json {""count"": 35} ```",8.41
4967.jpg,19,16,1,0,"```json {""count"": 16} ```",8.59
4970.jpg,44,50,1,0,"```json {""count"": 50} ```",8.33
4971.jpg,26,24,1,0,"```json {""count"": 24} ```",8.33
4972.jpg,52,50,1,0,"```json {""count"": 50} ```",8.29
4975.jpg,11,12,1,0,"```json {""count"": 12} ```",8.20
4973.jpg,8,9,1,0,"```json {""count"": 9} ```",8.84
4976.jpg,79,60,1,0,"```json {""count"": 60} ```",8.66
4999.jpg,382,200,1,0,"```json {""count"": 200} ```",4.09
4980.jpg,10,10,1,0,"```json {""count"": 10} ```",7.68
4998.jpg,34,27,1,0,"```json {""count"": 27} ```",4.27
50.jpg,11,10,1,0,"```json {""count"": 10} ```",3.84
4981.jpg,14,11,1,0,"```json {""count"": 11} ```",7.97
4984.jpg,8,9,1,0,"```json {""count"": 9} ```",7.66
4983.jpg,8,8,1,0,"```json {""count"": 8} ```",7.86
4985.jpg,9,10,1,0,"```json {""count"": 10} ```",7.96
4986.jpg,10,10,1,0,"```json {""count"": 10} ```",7.98
4987.jpg,19,13,1,0,"```json {""count"": 13} ```",8.01
4991.jpg,12,12,1,0,"```json {""count"": 12} ```",7.76
5000.jpg,54,15,1,0,"```json {""count"": 15} ```",5.54
5003.jpg,12,10,1,0,"```json {""count"": 10} ```",5.51
5006.jpg,112,62,1,0,"```json {""count"": 62} ```",4.55
4992.jpg,21,18,1,0,"```json {""count"": 18} ```",7.85
5007.jpg,194,100,1,0,"```json {""count"": 100} ```",4.49
4988.jpg,25,22,1,0,"```json {""count"": 22} ```",9.07
5010.jpg,12,11,1,0,"```json {""count"": 11} ```",3.23
4993.jpg,40,30,1,0,"```json {""count"": 30} ```",8.07
5009.jpg,20,18,1,0,"```json {""count"": 18} ```",4.10
501.jpg,19,16,1,0,"```json {""count"": 16} ```",3.77
4989.jpg,12,12,1,0,"```json {""count"": 12} ```",9.01
4990.jpg,28,21,1,0,"```json {""count"": 21} ```",9.04
4994.jpg,11,11,1,0,"```json {""count"": 11} ```",8.82
4995.jpg,11,10,1,0,"```json {""count"": 10} ```",9.08
4996.jpg,154,87,1,0,"```json {""count"": 87} ```",9.08
500.jpg,21,13,1,0,"```json {""count"": 13} ```",7.95
5019.jpg,110,87,1,0,"```json {""count"": 87} ```",3.53
5018.jpg,47,50,1,0,"```json {""count"": 50} ```",3.85
5004.jpg,16,15,1,0,"```json {""count"": 15} ```",7.75
5023.jpg,12,12,1,0,"```json {""count"": 12} ```",2.58
4997.jpg,205,100,1,0,"```json {""count"": 100} ```",10.10
5008.jpg,121,80,1,0,"```json {""count"": 80} ```",6.90
5024.jpg,15,15,1,0,"```json {""count"": 15} ```",2.99
5025.jpg,17,16,1,0,"```json {""count"": 16} ```",2.81
5.jpg,113,60,1,0,"```json {""count"": 60} ```",9.47
5005.jpg,17,13,1,0,"```json {""count"": 13} ```",8.37
5011.jpg,18,15,1,0,"```json {""count"": 15} ```",6.24
5012.jpg,115,60,1,0,"```json {""count"": 60} ```",6.44
5015.jpg,11,10,1,0,"```json {""count"": 10} ```",6.50
5031.jpg,9,8,1,0,"```json {""count"": 8} ```",3.74
5013.jpg,11,11,1,0,"```json {""count"": 11} ```",7.11
5032.jpg,12,12,1,0,"```json {""count"": 12} ```",3.44
503.jpg,9,9,1,0,"```json {""count"": 9} ```",3.98
5030.jpg,8,8,1,0,"```json {""count"": 8} ```",3.95
5033.jpg,15,15,1,0,"```json {""count"": 15} ```",3.39
5016.jpg,16,13,1,0,"```json {""count"": 13} ```",6.76
5038.jpg,12,12,1,0,"```json {""count"": 12} ```",2.40
5014.jpg,81,50,1,0,"```json {""count"": 50} ```",7.39
5017.jpg,11,10,1,0,"```json {""count"": 10} ```",7.04
502.jpg,54,42,1,0,"```json {""count"": 42} ```",6.48
5042.jpg,12,13,1,0,"```json {""count"": 13} ```",2.50
5043.jpg,134,1,1,0,"```json {""count"": 1} ```",2.48
5020.jpg,292,200,1,0,"```json {""count"": 200} ```",5.99
5044.jpg,100,1,1,0,"```json {""count"": 1} ```",2.40
5022.jpg,14,12,1,0,"```json {""count"": 12} ```",6.03
5021.jpg,10,10,1,0,"```json {""count"": 10} ```",6.22
5047.jpg,30,36,1,0,"```json {""count"": 36} ```",2.08
5046.jpg,215,1,1,0,"```json {""count"": 1} ```",2.43
5045.jpg,131,1,1,0,"```json {""count"": 1} ```",2.62
5027.jpg,20,16,1,0,"```json {""count"": 16} ```",6.26
5051.jpg,15,13,1,0,"```json {""count"": 13} ```",2.39
5050.jpg,75,62,1,0,"```json {""count"": 62} ```",2.39
5049.jpg,16,15,1,0,"```json {""count"": 15} ```",2.39
5048.jpg,39,24,1,0,"```json {""count"": 24} ```",2.39
5029.jpg,16,15,1,0,"```json {""count"": 15} ```",6.59
5034.jpg,8,8,1,0,"```json {""count"": 8} ```",5.83
5052.jpg,78,109,1,0,"```json {""count"": 109} ```",2.78
5054.jpg,48,33,1,0,"```json {""count"": 33} ```",2.59
5053.jpg,139,109,1,0,"```json {""count"": 109} ```",2.78
5037.jpg,16,15,1,0,"```json {""count"": 15} ```",5.50
5055.jpg,56,33,1,0,"```json {""count"": 33} ```",3.13
5036.jpg,24,24,1,0,"```json {""count"": 24} ```",5.83
5056.jpg,38,33,1,0,"```json {""count"": 33} ```",2.94
5028.jpg,8,10,1,0,"```json {""count"": 10} ```",8.21
5057.jpg,59,22,1,0,"```json {""count"": 22} ```",3.20
5026.jpg,36,30,1,0,"```json {""count"": 30} ```",8.53
5058.jpg,9,8,1,0,"```json {""count"": 8} ```",3.46
5059.jpg,286,1,1,0,"```json {""count"": 1} ```",3.46
505.jpg,8,9,1,0,"```json {""count"": 9} ```",4.69
5035.jpg,10,10,1,0,"```json {""count"": 10} ```",6.97
5060.jpg,98,1,1,0,"```json {""count"": 1} ```",3.74
5039.jpg,34,33,1,0,"```json {""count"": 33} ```",6.95
5040.jpg,8,8,1,0,"```json {""count"": 8} ```",6.89
504.jpg,10,10,1,0,"```json {""count"": 10} ```",7.09
5041.jpg,9,10,1,0,"```json {""count"": 10} ```",7.21
5061.jpg,9,8,1,0,"```json {""count"": 8} ```",4.81
5066.jpg,10,12,1,0,"```json {""count"": 12} ```",4.54
5062.jpg,32,0,1,1,"```json {""count"": 0} ```",4.76
5063.jpg,72,0,1,1,"```json {""count"": 0} ```",4.57
5064.jpg,19,16,1,0,"```json {""count"": 16} ```",4.57
5068.jpg,16,12,1,0,"```json {""count"": 12} ```",4.44
5074.jpg,17,12,1,0,"```json {""count"": 12} ```",3.62
5071.jpg,11,10,1,0,"```json {""count"": 10} ```",4.15
5069.jpg,20,20,1,0,"```json {""count"": 20} ```",4.35
5075.jpg,16,16,1,0,"```json {""count"": 16} ```",3.82
5076.jpg,10,10,1,0,"```json {""count"": 10} ```",3.82
5077.jpg,52,42,1,0,"```json {""count"": 42} ```",3.82
5080.jpg,51,24,1,0,"```json {""count"": 24} ```",3.37
5072.jpg,10,10,1,0,"```json {""count"": 10} ```",4.66
5083.jpg,24,24,1,0,"```json {""count"": 24} ```",3.02
5073.jpg,24,21,1,0,"```json {""count"": 21} ```",4.75
5086.jpg,12,14,1,0,"```json {""count"": 14} ```",2.67
5065.jpg,24,20,1,0,"```json {""count"": 20} ```",5.72
507.jpg,17,14,1,0,"```json {""count"": 14} ```",5.30
5078.jpg,20,16,1,0,"```json {""count"": 16} ```",4.51
5079.jpg,27,24,1,0,"```json {""count"": 24} ```",4.38
5090.jpg,14,12,1,0,"```json {""count"": 12} ```",2.59
5092.jpg,15,16,1,0,"```json {""count"": 16} ```",2.19
508.jpg,15,11,1,0,"```json {""count"": 11} ```",4.63
5081.jpg,12,12,1,0,"```json {""count"": 12} ```",4.47
5096.jpg,11,10,1,0,"```json {""count"": 10} ```",2.19
5095.jpg,16,16,1,0,"```json {""count"": 16} ```",2.22
5099.jpg,22,20,1,0,"```json {""count"": 20} ```",1.98
5094.jpg,14,16,1,0,"```json {""count"": 16} ```",2.22
5082.jpg,13,10,1,0,"```json {""count"": 10} ```",4.47
5103.jpg,20,16,1,0,"```json {""count"": 16} ```",1.67
5101.jpg,23,24,1,0,"```json {""count"": 24} ```",1.86
510.jpg,8,9,1,0,"```json {""count"": 9} ```",1.98
5085.jpg,9,8,1,0,"```json {""count"": 8} ```",4.37
5105.jpg,17,16,1,0,"```json {""count"": 16} ```",1.58
5106.jpg,23,24,1,0,"```json {""count"": 24} ```",1.58
5107.jpg,12,14,1,0,"```json {""count"": 14} ```",1.58
5084.jpg,28,24,1,0,"```json {""count"": 24} ```",4.58
5087.jpg,31,26,1,0,"```json {""count"": 26} ```",4.75
5089.jpg,11,10,1,0,"```json {""count"": 10} ```",4.72
5111.jpg,12,10,1,0,"```json {""count"": 10} ```",1.96
5110.jpg,9,10,1,0,"```json {""count"": 10} ```",2.14
5088.jpg,24,24,1,0,"```json {""count"": 24} ```",4.98
5113.jpg,14,12,1,0,"```json {""count"": 12} ```",2.12
5114.jpg,22,14,1,0,"```json {""count"": 14} ```",1.92
5091.jpg,15,16,1,0,"```json {""count"": 16} ```",4.43
5116.jpg,17,20,1,0,"```json {""count"": 20} ```",1.93
5097.jpg,27,24,1,0,"```json {""count"": 24} ```",4.10
509.jpg,26,24,1,0,"```json {""count"": 24} ```",5.46
5117.jpg,13,10,1,0,"```json {""count"": 10} ```",2.21
5093.jpg,11,10,1,0,"```json {""count"": 10} ```",4.75
5098.jpg,30,24,1,0,"```json {""count"": 24} ```",4.70
5102.jpg,21,16,1,0,"```json {""count"": 16} ```",4.65
5129.jpg,31,27,1,0,"```json {""count"": 27} ```",2.42
5121.jpg,9,10,1,0,"```json {""count"": 10} ```",2.81
5122.jpg,11,11,1,0,"```json {""count"": 11} ```",2.81
5100.jpg,9,8,1,0,"```json {""count"": 8} ```",4.88
5104.jpg,13,10,1,0,"```json {""count"": 10} ```",5.01
5108.jpg,12,10,1,0,"```json {""count"": 10} ```",5.02
5112.jpg,22,18,1,0,"```json {""count"": 18} ```",4.69
5133.jpg,27,24,1,0,"```json {""count"": 24} ```",2.74
5115.jpg,22,20,1,0,"```json {""count"": 20} ```",4.62
512.jpg,22,18,1,0,"```json {""count"": 18} ```",4.77
5141.jpg,30,42,1,0,"```json {""count"": 42} ```",2.89
5119.jpg,30,26,1,0,"```json {""count"": 26} ```",5.10
5138.jpg,16,15,1,0,"```json {""count"": 15} ```",3.01
5139.jpg,17,18,1,0,"```json {""count"": 18} ```",2.89
5118.jpg,17,12,1,0,"```json {""count"": 12} ```",5.42
5142.jpg,193,100,1,0,"```json {""count"": 100} ```",3.08
5120.jpg,92,26,1,0,"```json {""count"": 26} ```",5.44
5123.jpg,14,12,1,0,"```json {""count"": 12} ```",5.74
5147.jpg,46,33,1,0,"```json {""count"": 33} ```",3.19
5149.jpg,111,62,1,0,"```json {""count"": 62} ```",2.99
5145.jpg,15,15,1,0,"```json {""count"": 15} ```",3.19
5124.jpg,12,12,1,0,"```json {""count"": 12} ```",5.83
5126.jpg,18,20,1,0,"```json {""count"": 20} ```",6.12
515.jpg,16,14,1,0,"```json {""count"": 14} ```",3.00
5128.jpg,15,14,1,0,"```json {""count"": 14} ```",6.45
5150.jpg,57,40,1,0,"```json {""count"": 40} ```",3.22
5125.jpg,10,10,1,0,"```json {""count"": 10} ```",6.77
513.jpg,50,42,1,0,"```json {""count"": 42} ```",6.48
5132.jpg,38,33,1,0,"```json {""count"": 33} ```",6.55
5156.jpg,12,12,1,0,"```json {""count"": 12} ```",2.96
5157.jpg,31,14,1,0,"```json {""count"": 14} ```",2.96
5153.jpg,15,15,1,0,"```json {""count"": 15} ```",3.64
5154.jpg,32,24,1,0,"```json {""count"": 24} ```",3.29
5151.jpg,32,20,1,0,"```json {""count"": 20} ```",3.83
5158.jpg,13,13,1,0,"```json {""count"": 13} ```",2.96
5134.jpg,32,24,1,0,"```json {""count"": 24} ```",6.58
5130.jpg,15,15,1,0,"```json {""count"": 15} ```",7.13
516.jpg,10,11,1,0,"```json {""count"": 11} ```",3.08
5131.jpg,15,15,1,0,"```json {""count"": 15} ```",7.38
5136.jpg,15,14,1,0,"```json {""count"": 14} ```",7.32
5135.jpg,15,15,1,0,"```json {""count"": 15} ```",7.64
5137.jpg,22,15,1,0,"```json {""count"": 15} ```",7.65
5144.jpg,87,42,1,0,"```json {""count"": 42} ```",6.99
5143.jpg,63,50,1,0,"```json {""count"": 50} ```",7.60
5148.jpg,36,24,1,0,"```json {""count"": 24} ```",7.60
5165.jpg,12,13,1,0,"```json {""count"": 13} ```",4.41
5171.jpg,13,1,1,0,"```json {""count"": 1} ```",3.22
5166.jpg,10,10,1,0,"```json {""count"": 10} ```",4.08
517.jpg,10,10,1,0,"```json {""count"": 10} ```",3.43
5152.jpg,8,10,1,0,"```json {""count"": 10} ```",6.64
5155.jpg,10,10,1,0,"```json {""count"": 10} ```",6.10
5159.jpg,8,9,1,0,"```json {""count"": 9} ```",6.11
5160.jpg,13,12,1,0,"```json {""count"": 12} ```",6.19
5161.jpg,9,9,1,0,"```json {""count"": 9} ```",6.04
5164.jpg,10,10,1,0,"```json {""count"": 10} ```",6.13
5172.jpg,9,9,1,0,"```json {""count"": 9} ```",4.48
5177.jpg,85,78,1,0,"```json {""count"": 78} ```",4.47
5176.jpg,30,27,1,0,"```json {""count"": 27} ```",4.47
5179.jpg,54,46,1,0,"```json {""count"": 46} ```",4.47
5183.jpg,58,41,1,0,"```json {""count"": 41} ```",3.76
5167.jpg,9,9,1,0,"```json {""count"": 9} ```",6.23
5182.jpg,41,42,1,0,"```json {""count"": 42} ```",4.09
5180.jpg,39,24,1,0,"```json {""count"": 24} ```",4.42
5184.jpg,180,50,1,0,"```json {""count"": 50} ```",3.44
5163.jpg,12,10,1,0,"```json {""count"": 10} ```",6.59
5162.jpg,9,9,1,0,"```json {""count"": 9} ```",6.91
5187.jpg,27,24,1,0,"```json {""count"": 24} ```",2.80
5168.jpg,13,13,1,0,"```json {""count"": 13} ```",6.46
5169.jpg,14,13,1,0,"```json {""count"": 13} ```",6.46
5194.jpg,25,2,1,0,"```json {""count"": 2} ```",2.89
5191.jpg,17,20,1,0,"```json {""count"": 20} ```",3.47
5173.jpg,11,10,1,0,"```json {""count"": 10} ```",6.04
5192.jpg,13,3,1,0,"```json {""count"": 3} ```",3.47
5174.jpg,9,9,1,0,"```json {""count"": 9} ```",6.21
5195.jpg,138,1,1,0,"```json {""count"": 1} ```",2.77
5175.jpg,10,12,1,0,"```json {""count"": 12} ```",6.42
518.jpg,12,12,1,0,"```json {""count"": 12} ```",6.68
5196.jpg,42,1,1,0,"```json {""count"": 1} ```",3.47
5197.jpg,25,24,1,0,"```json {""count"": 24} ```",3.28
5181.jpg,60,7,1,0,"```json {""count"": 7} ```",6.58
5198.jpg,38,33,1,0,"```json {""count"": 33} ```",3.19
5185.jpg,127,144,1,0,"```json {""count"": 144} ```",5.98
5186.jpg,76,66,1,0,"```json {""count"": 66} ```",5.74
5209.jpg,17,20,1,0,"```json {""count"": 20} ```",3.04
5203.jpg,11,12,1,0,"```json {""count"": 12} ```",3.39
5210.jpg,12,12,1,0,"```json {""count"": 12} ```",2.51
5206.jpg,30,24,1,0,"```json {""count"": 24} ```",3.37
5200.jpg,8,8,1,0,"```json {""count"": 8} ```",3.64
5188.jpg,16,12,1,0,"```json {""count"": 12} ```",5.57
5193.jpg,18,15,1,0,"```json {""count"": 15} ```",5.32
5189.jpg,24,13,1,0,"```json {""count"": 13} ```",5.87
519.jpg,8,8,1,0,"```json {""count"": 8} ```",6.19
5199.jpg,10,10,1,0,"```json {""count"": 10} ```",4.68
5211.jpg,9,10,1,0,"```json {""count"": 10} ```",3.03
5212.jpg,12,12,1,0,"```json {""count"": 12} ```",3.03
520.jpg,13,11,1,0,"```json {""count"": 11} ```",4.79
5213.jpg,16,16,1,0,"```json {""count"": 16} ```",3.36
5217.jpg,10,10,1,0,"```json {""count"": 10} ```",2.98
5215.jpg,12,12,1,0,"```json {""count"": 12} ```",3.19
52.jpg,19,20,1,0,"```json {""count"": 20} ```",5.12
5220.jpg,9,9,1,0,"```json {""count"": 9} ```",2.49
5202.jpg,12,12,1,0,"```json {""count"": 12} ```",5.17
5223.jpg,9,10,1,0,"```json {""count"": 10} ```",2.45
5222.jpg,12,12,1,0,"```json {""count"": 12} ```",2.45
5204.jpg,12,10,1,0,"```json {""count"": 10} ```",5.52
5205.jpg,12,12,1,0,"```json {""count"": 12} ```",5.84
5201.jpg,12,12,1,0,"```json {""count"": 12} ```",6.05
5214.jpg,9,10,1,0,"```json {""count"": 10} ```",5.38
5227.jpg,54,50,1,0,"```json {""count"": 50} ```",3.62
5229.jpg,12,12,1,0,"```json {""count"": 12} ```",3.62
5233.jpg,11,12,1,0,"```json {""count"": 12} ```",3.41
523.jpg,18,14,1,0,"```json {""count"": 14} ```",3.92
5230.jpg,28,24,1,0,"```json {""count"": 24} ```",3.92
522.jpg,25,20,1,0,"```json {""count"": 20} ```",4.82
5207.jpg,20,16,1,0,"```json {""count"": 16} ```",7.00
5235.jpg,15,15,1,0,"```json {""count"": 15} ```",3.30
5237.jpg,13,16,1,0,"```json {""count"": 16} ```",3.19
5234.jpg,9,10,1,0,"```json {""count"": 10} ```",3.50
5238.jpg,8,10,1,0,"```json {""count"": 10} ```",3.19
5225.jpg,38,34,1,0,"```json {""count"": 34} ```",4.65
521.jpg,17,18,1,0,"```json {""count"": 18} ```",7.04
5241.jpg,35,40,1,0,"```json {""count"": 40} ```",3.10
5216.jpg,9,9,1,0,"```json {""count"": 9} ```",6.39
5219.jpg,13,14,1,0,"```json {""count"": 14} ```",6.04
5221.jpg,12,12,1,0,"```json {""count"": 12} ```",5.91
5228.jpg,20,20,1,0,"```json {""count"": 20} ```",5.21
5245.jpg,12,12,1,0,"```json {""count"": 12} ```",3.87
5248.jpg,12,12,1,0,"```json {""count"": 12} ```",3.52
5250.jpg,12,12,1,0,"```json {""count"": 12} ```",2.34
5239.jpg,16,16,1,0,"```json {""count"": 16} ```",4.70
5240.jpg,16,14,1,0,"```json {""count"": 14} ```",5.00
5251.jpg,8,10,1,0,"```json {""count"": 10} ```",2.68
5254.jpg,20,20,1,0,"```json {""count"": 20} ```",2.89
5253.jpg,12,12,1,0,"```json {""count"": 12} ```",3.08
5247.jpg,12,12,1,0,"```json {""count"": 12} ```",5.16
5258.jpg,123,84,1,0,"```json {""count"": 84} ```",3.19
5255.jpg,8,8,1,0,"```json {""count"": 8} ```",3.23
5259.jpg,48,40,1,0,"```json {""count"": 40} ```",3.00
5246.jpg,10,10,1,0,"```json {""count"": 10} ```",5.38
5231.jpg,43,42,1,0,"```json {""count"": 42} ```",7.17
5260.jpg,20,16,1,0,"```json {""count"": 16} ```",3.22
5262.jpg,11,1,1,0,"```json {""count"": 1} ```",3.17
5264.jpg,10,13,1,0,"```json {""count"": 13} ```",2.98
5249.jpg,12,12,1,0,"```json {""count"": 12} ```",4.95
5232.jpg,46,33,1,0,"```json {""count"": 33} ```",7.37
524.jpg,30,24,1,0,"```json {""count"": 24} ```",6.41
5265.jpg,13,13,1,0,"```json {""count"": 13} ```",3.18
5243.jpg,11,12,1,0,"```json {""count"": 12} ```",6.57
5244.jpg,12,12,1,0,"```json {""count"": 12} ```",6.74
525.jpg,20,20,1,0,"```json {""count"": 20} ```",5.86
5266.jpg,15,1,1,0,"```json {""count"": 1} ```",4.08
5257.jpg,24,21,1,0,"```json {""count"": 21} ```",4.95
5270.jpg,16,13,1,0,"```json {""count"": 13} ```",3.22
5268.jpg,18,2,1,0,"```json {""count"": 2} ```",3.66
5267.jpg,10,10,1,0,"```json {""count"": 10} ```",3.86
5269.jpg,9,2,1,0,"```json {""count"": 2} ```",3.22
5271.jpg,22,22,1,0,"```json {""count"": 22} ```",3.02
526.jpg,17,12,1,0,"```json {""count"": 12} ```",5.04
5252.jpg,15,16,1,0,"```json {""count"": 16} ```",5.90
5276.jpg,86,50,1,0,"```json {""count"": 50} ```",2.70
5261.jpg,31,24,1,0,"```json {""count"": 24} ```",5.55
527.jpg,10,10,1,0,"```json {""count"": 10} ```",4.36
5281.jpg,54,50,1,0,"```json {""count"": 50} ```",3.13
5284.jpg,72,50,1,0,"```json {""count"": 50} ```",2.95
5278.jpg,27,27,1,0,"```json {""count"": 27} ```",3.17
5280.jpg,26,20,1,0,"```json {""count"": 20} ```",3.13
5279.jpg,107,59,1,0,"```json {""count"": 59} ```",3.17
5282.jpg,29,1,1,0,"```json {""count"": 1} ```",2.95
5274.jpg,19,15,1,0,"```json {""count"": 15} ```",3.83
5283.jpg,20,21,1,0,"```json {""count"": 21} ```",3.27
5263.jpg,13,1,1,0,"```json {""count"": 1} ```",6.44
5287.jpg,12,12,1,0,"```json {""count"": 12} ```",3.13
5288.jpg,113,108,1,0,"```json {""count"": 108} ```",3.13
5272.jpg,49,49,1,0,"```json {""count"": 49} ```",4.58
5289.jpg,428,37,1,0,"```json {""count"": 37} ```",3.02
5273.jpg,45,33,1,0,"```json {""count"": 33} ```",4.81
5277.jpg,40,30,1,0,"```json {""count"": 30} ```",4.33
5285.jpg,76,3,1,0,"```json {""count"": 3} ```",4.55
528.jpg,8,8,1,0,"```json {""count"": 8} ```",4.92
5299.jpg,24,16,1,0,"```json {""count"": 16} ```",3.21
5296.jpg,35,27,1,0,"```json {""count"": 27} ```",3.52
5286.jpg,38,33,1,0,"```json {""count"": 33} ```",4.99
529.jpg,19,13,1,0,"```json {""count"": 13} ```",4.28
5293.jpg,8,8,1,0,"```json {""count"": 8} ```",4.49
5290.jpg,18,1,1,0,"```json {""count"": 1} ```",4.85
5292.jpg,10,10,1,0,"```json {""count"": 10} ```",4.83
5304.jpg,11,10,1,0,"```json {""count"": 10} ```",3.60
5291.jpg,11,10,1,0,"```json {""count"": 10} ```",5.05
5303.jpg,9,11,1,0,"```json {""count"": 11} ```",3.60
5298.jpg,12,12,1,0,"```json {""count"": 12} ```",5.36
5309.jpg,44,42,1,0,"```json {""count"": 42} ```",3.92
5294.jpg,8,8,1,0,"```json {""count"": 8} ```",5.69
5297.jpg,32,27,1,0,"```json {""count"": 27} ```",6.01
53.jpg,38,34,1,0,"```json {""count"": 34} ```",5.70
5300.jpg,10,10,1,0,"```json {""count"": 10} ```",6.02
5301.jpg,8,9,1,0,"```json {""count"": 9} ```",6.02
5302.jpg,8,9,1,0,"```json {""count"": 9} ```",6.16
5318.jpg,9,9,1,0,"```json {""count"": 9} ```",4.28
5316.jpg,80,60,1,0,"```json {""count"": 60} ```",5.04
5305.jpg,12,10,1,0,"```json {""count"": 10} ```",6.06
5308.jpg,12,10,1,0,"```json {""count"": 10} ```",6.36
5319.jpg,9,10,1,0,"```json {""count"": 10} ```",4.29
5306.jpg,61,34,1,0,"```json {""count"": 34} ```",6.63
5307.jpg,35,34,1,0,"```json {""count"": 34} ```",6.85
5310.jpg,16,15,1,0,"```json {""count"": 15} ```",6.72
5325.jpg,106,109,1,0,"```json {""count"": 109} ```",3.66
5327.jpg,105,33,1,0,"```json {""count"": 33} ```",3.66
5331.jpg,108,107,1,0,"```json {""count"": 107} ```",2.37
5329.jpg,15,15,1,0,"```json {""count"": 15} ```",3.02
531.jpg,9,9,1,0,"```json {""count"": 9} ```",6.94
5326.jpg,48,33,1,0,"```json {""count"": 33} ```",3.66
5330.jpg,109,109,1,0,"```json {""count"": 109} ```",2.70
5332.jpg,27,27,1,0,"```json {""count"": 27} ```",2.09
5333.jpg,108,109,1,0,"```json {""count"": 109} ```",2.09
533.jpg,18,14,1,0,"```json {""count"": 14} ```",3.25
5311.jpg,20,20,1,0,"```json {""count"": 20} ```",7.00
5312.jpg,25,20,1,0,"```json {""count"": 20} ```",7.25
5313.jpg,32,30,1,0,"```json {""count"": 30} ```",7.39
5334.jpg,22,20,1,0,"```json {""count"": 20} ```",2.20
5335.jpg,109,109,1,0,"```json {""count"": 109} ```",2.03
5336.jpg,79,41,1,0,"```json {""count"": 41} ```",2.03
5314.jpg,9,9,1,0,"```json {""count"": 9} ```",7.31
5339.jpg,24,20,1,0,"```json {""count"": 20} ```",1.74
5315.jpg,31,30,1,0,"```json {""count"": 30} ```",7.49
5317.jpg,24,24,1,0,"```json {""count"": 24} ```",6.97
5340.jpg,21,15,1,0,"```json {""count"": 15} ```",2.08
532.jpg,8,8,1,0,"```json {""count"": 8} ```",6.96
5341.jpg,17,15,1,0,"```json {""count"": 15} ```",2.51
5342.jpg,103,109,1,0,"```json {""count"": 109} ```",2.32
5323.jpg,47,40,1,0,"```json {""count"": 40} ```",6.64
5343.jpg,119,109,1,0,"```json {""count"": 109} ```",2.75
5320.jpg,33,30,1,0,"```json {""count"": 30} ```",8.26
5347.jpg,27,1,1,0,"```json {""count"": 1} ```",3.29
5349.jpg,109,109,1,0,"```json {""count"": 109} ```",3.28
534.jpg,15,13,1,0,"```json {""count"": 13} ```",4.19
5321.jpg,20,20,1,0,"```json {""count"": 20} ```",8.38
5322.jpg,157,109,1,0,"```json {""count"": 109} ```",7.94
5348.jpg,46,27,1,0,"```json {""count"": 27} ```",3.94
5352.jpg,67,33,1,0,"```json {""count"": 33} ```",3.82
5353.jpg,122,109,1,0,"```json {""count"": 109} ```",3.82
5324.jpg,46,40,1,0,"```json {""count"": 40} ```",7.94
5328.jpg,110,109,1,0,"```json {""count"": 109} ```",7.72
5355.jpg,24,20,1,0,"```json {""count"": 20} ```",3.88
5338.jpg,68,107,1,0,"```json {""count"": 107} ```",5.90
5346.jpg,41,27,1,0,"```json {""count"": 27} ```",5.03
535.jpg,18,16,1,0,"```json {""count"": 16} ```",5.35
5344.jpg,109,109,1,0,"```json {""count"": 109} ```",5.70
5351.jpg,26,27,1,0,"```json {""count"": 27} ```",5.95
5354.jpg,22,20,1,0,"```json {""count"": 20} ```",5.96
5356.jpg,16,14,1,0,"```json {""count"": 14} ```",5.85
5359.jpg,33,36,1,0,"```json {""count"": 36} ```",6.06
5357.jpg,12,12,1,0,"```json {""count"": 12} ```",6.39
5358.jpg,25,21,1,0,"```json {""count"": 21} ```",6.60
536.jpg,25,21,1,0,"```json {""count"": 21} ```",6.91
5362.jpg,18,9,1,0,"```json {""count"": 9} ```",6.49
5360.jpg,65,84,1,0,"```json {""count"": 84} ```",7.65
5368.jpg,153,109,1,0,"```json {""count"": 109} ```",5.74
5372.jpg,31,24,1,0,"```json {""count"": 24} ```",5.41
5371.jpg,44,42,1,0,"```json {""count"": 42} ```",5.41
5376.jpg,13,12,1,0,"```json {""count"": 12} ```",4.88
5374.jpg,16,20,1,0,"```json {""count"": 20} ```",5.41
5361.jpg,27,27,1,0,"```json {""count"": 27} ```",7.79
5367.jpg,150,144,1,0,"```json {""count"": 144} ```",6.58
5380.jpg,9,9,1,0,"```json {""count"": 9} ```",4.76
5379.jpg,9,12,1,0,"```json {""count"": 12} ```",5.08
5383.jpg,10,9,1,0,"```json {""count"": 9} ```",3.79
5378.jpg,11,12,1,0,"```json {""count"": 12} ```",5.09
5363.jpg,35,30,1,0,"```json {""count"": 30} ```",7.69
5385.jpg,9,12,1,0,"```json {""count"": 12} ```",3.70
5364.jpg,23,23,1,0,"```json {""count"": 23} ```",7.62
5365.jpg,9,8,1,0,"```json {""count"": 8} ```",7.61
5366.jpg,57,56,1,0,"```json {""count"": 56} ```",7.87
5369.jpg,26,24,1,0,"```json {""count"": 24} ```",7.23
5373.jpg,40,50,1,0,"```json {""count"": 50} ```",7.34
5375.jpg,18,16,1,0,"```json {""count"": 16} ```",7.11
538.jpg,28,22,1,0,"```json {""count"": 22} ```",6.89
5388.jpg,13,12,1,0,"```json {""count"": 12} ```",5.07
5382.jpg,9,8,1,0,"```json {""count"": 8} ```",6.78
5393.jpg,36,36,1,0,"```json {""count"": 36} ```",4.09
5394.jpg,18,15,1,0,"```json {""count"": 15} ```",3.97
5395.jpg,23,21,1,0,"```json {""count"": 21} ```",3.32
5390.jpg,14,16,1,0,"```json {""count"": 16} ```",4.62
5377.jpg,9,8,1,0,"```json {""count"": 8} ```",8.09
5398.jpg,24,20,1,0,"```json {""count"": 20} ```",3.45
5405.jpg,24,20,1,0,"```json {""count"": 20} ```",3.33
5381.jpg,9,10,1,0,"```json {""count"": 10} ```",7.77
5401.jpg,26,24,1,0,"```json {""count"": 24} ```",3.33
5403.jpg,10,12,1,0,"```json {""count"": 12} ```",3.33
5391.jpg,12,12,1,0,"```json {""count"": 12} ```",5.08
5386.jpg,14,12,1,0,"```json {""count"": 12} ```",6.73
5407.jpg,14,14,1,0,"```json {""count"": 14} ```",3.32
5387.jpg,8,8,1,0,"```json {""count"": 8} ```",6.81
539.jpg,14,14,1,0,"```json {""count"": 14} ```",6.38
5397.jpg,13,12,1,0,"```json {""count"": 12} ```",4.87
5409.jpg,9,10,1,0,"```json {""count"": 10} ```",3.85
5410.jpg,24,24,1,0,"```json {""count"": 24} ```",3.26
5396.jpg,11,10,1,0,"```json {""count"": 10} ```",5.40
5399.jpg,12,12,1,0,"```json {""count"": 12} ```",5.28
5412.jpg,11,10,1,0,"```json {""count"": 10} ```",3.38
540.jpg,19,14,1,0,"```json {""count"": 14} ```",5.60
5416.jpg,8,8,1,0,"```json {""count"": 8} ```",3.00
5417.jpg,41,24,1,0,"```json {""count"": 24} ```",3.00
5418.jpg,7,9,1,0,"```json {""count"": 9} ```",3.00
5402.jpg,18,20,1,0,"```json {""count"": 20} ```",5.84
5420.jpg,12,12,1,0,"```json {""count"": 12} ```",2.86
5421.jpg,18,16,1,0,"```json {""count"": 16} ```",2.86
54.jpg,91,63,1,0,"```json {""count"": 63} ```",6.50
541.jpg,13,11,1,0,"```json {""count"": 11} ```",5.54
5425.jpg,12,12,1,0,"```json {""count"": 12} ```",3.17
5400.jpg,12,24,1,0,"```json {""count"": 24} ```",6.63
5424.jpg,16,16,1,0,"```json {""count"": 16} ```",3.17
5426.jpg,9,10,1,0,"```json {""count"": 10} ```",3.17
5427.jpg,15,15,1,0,"```json {""count"": 15} ```",3.18
5404.jpg,10,10,1,0,"```json {""count"": 10} ```",6.76
5406.jpg,10,10,1,0,"```json {""count"": 10} ```",6.72
5411.jpg,11,10,1,0,"```json {""count"": 10} ```",5.70
5419.jpg,12,12,1,0,"```json {""count"": 12} ```",5.15
5434.jpg,18,16,1,0,"```json {""count"": 16} ```",3.47
5413.jpg,14,12,1,0,"```json {""count"": 12} ```",5.76
5436.jpg,12,12,1,0,"```json {""count"": 12} ```",2.95
5430.jpg,28,24,1,0,"```json {""count"": 24} ```",3.79
5415.jpg,10,10,1,0,"```json {""count"": 10} ```",5.64
542.jpg,20,13,1,0,"```json {""count"": 13} ```",5.64
5443.jpg,12,12,1,0,"```json {""count"": 12} ```",2.80
5440.jpg,15,15,1,0,"```json {""count"": 15} ```",3.00
5446.jpg,12,12,1,0,"```json {""count"": 12} ```",2.29
5428.jpg,8,8,1,0,"```json {""count"": 8} ```",5.29
5422.jpg,10,10,1,0,"```json {""count"": 10} ```",5.66
5447.jpg,12,12,1,0,"```json {""count"": 12} ```",2.68
5423.jpg,12,12,1,0,"```json {""count"": 12} ```",5.93
543.jpg,9,9,1,0,"```json {""count"": 9} ```",5.57
5431.jpg,20,20,1,0,"```json {""count"": 20} ```",5.27
5453.jpg,11,12,1,0,"```json {""count"": 12} ```",2.51
5452.jpg,12,12,1,0,"```json {""count"": 12} ```",2.71
5451.jpg,25,30,1,0,"```json {""count"": 30} ```",2.93
5433.jpg,9,8,1,0,"```json {""count"": 8} ```",5.47
5454.jpg,12,12,1,0,"```json {""count"": 12} ```",2.07
5435.jpg,39,24,1,0,"```json {""count"": 24} ```",5.36
5456.jpg,12,12,1,0,"```json {""count"": 12} ```",2.33
5455.jpg,9,12,1,0,"```json {""count"": 12} ```",2.33
5457.jpg,12,12,1,0,"```json {""count"": 12} ```",2.33
5458.jpg,25,17,1,0,"```json {""count"": 17} ```",2.33
5437.jpg,24,24,1,0,"```json {""count"": 24} ```",5.48
5459.jpg,72,50,1,0,"```json {""count"": 50} ```",2.63
5438.jpg,45,50,1,0,"```json {""count"": 50} ```",5.46
544.jpg,25,21,1,0,"```json {""count"": 21} ```",5.38
5464.jpg,54,42,1,0,"```json {""count"": 42} ```",2.21
5461.jpg,18,16,1,0,"```json {""count"": 16} ```",2.42
5463.jpg,11,11,1,0,"```json {""count"": 11} ```",2.42
5439.jpg,12,12,1,0,"```json {""count"": 12} ```",5.59
5441.jpg,17,14,1,0,"```json {""count"": 14} ```",5.74
5466.jpg,14,11,1,0,"```json {""count"": 11} ```",2.52
5465.jpg,17,14,1,0,"```json {""count"": 14} ```",2.71
5442.jpg,12,12,1,0,"```json {""count"": 12} ```",6.11
5467.jpg,11,10,1,0,"```json {""count"": 10} ```",3.05
5445.jpg,12,10,1,0,"```json {""count"": 10} ```",6.14
5448.jpg,12,12,1,0,"```json {""count"": 12} ```",6.01
5449.jpg,12,12,1,0,"```json {""count"": 12} ```",6.45
545.jpg,10,9,1,0,"```json {""count"": 9} ```",6.74
5471.jpg,22,21,1,0,"```json {""count"": 21} ```",3.75
5476.jpg,100,109,1,0,"```json {""count"": 109} ```",3.22
5450.jpg,22,24,1,0,"```json {""count"": 24} ```",6.68
5478.jpg,14,13,1,0,"```json {""count"": 13} ```",3.22
5475.jpg,11,12,1,0,"```json {""count"": 12} ```",3.34
5473.jpg,143,109,1,0,"```json {""count"": 109} ```",3.56
546.jpg,17,18,1,0,"```json {""count"": 18} ```",5.44
5460.jpg,131,109,1,0,"```json {""count"": 109} ```",5.32
5469.jpg,36,27,1,0,"```json {""count"": 27} ```",4.75
5470.jpg,13,12,1,0,"```json {""count"": 12} ```",4.71
547.jpg,15,15,1,0,"```json {""count"": 15} ```",4.89
549.jpg,24,16,1,0,"```json {""count"": 16} ```",2.94
5474.jpg,20,24,1,0,"```json {""count"": 24} ```",5.03
5489.jpg,99,100,1,0,"```json {""count"": 100} ```",3.22
5472.jpg,43,33,1,0,"```json {""count"": 33} ```",5.42
5479.jpg,16,15,1,0,"```json {""count"": 15} ```",5.08
5477.jpg,14,15,1,0,"```json {""count"": 15} ```",5.41
55.jpg,50,42,1,0,"```json {""count"": 42} ```",2.49
548.jpg,16,14,1,0,"```json {""count"": 14} ```",5.40
550.jpg,21,22,1,0,"```json {""count"": 22} ```",2.49
5500.jpg,72,62,1,0,"```json {""count"": 62} ```",2.52
5481.jpg,22,15,1,0,"```json {""count"": 15} ```",5.59
5480.jpg,14,13,1,0,"```json {""count"": 13} ```",5.77
5503.jpg,131,109,1,0,"```json {""count"": 109} ```",2.36
5504.jpg,122,60,1,0,"```json {""count"": 60} ```",2.22
5483.jpg,12,10,1,0,"```json {""count"": 10} ```",5.72
5482.jpg,110,109,1,0,"```json {""count"": 109} ```",5.97
5484.jpg,147,150,1,0,"```json {""count"": 150} ```",6.16
5485.jpg,12,11,1,0,"```json {""count"": 11} ```",6.36
5486.jpg,10,10,1,0,"```json {""count"": 10} ```",6.51
5505.jpg,89,50,1,0,"```json {""count"": 50} ```",2.96
5509.jpg,155,109,1,0,"```json {""count"": 109} ```",2.58
5507.jpg,262,150,1,0,"```json {""count"": 150} ```",2.96
5508.jpg,84,100,1,0,"```json {""count"": 100} ```",2.76
5488.jpg,10,10,1,0,"```json {""count"": 10} ```",6.45
5512.jpg,72,50,1,0,"```json {""count"": 50} ```",2.21
5510.jpg,121,85,1,0,"```json {""count"": 85} ```",2.21
5490.jpg,102,50,1,0,"```json {""count"": 50} ```",6.11
5513.jpg,89,50,1,0,"```json {""count"": 50} ```",2.16
5516.jpg,10,10,1,0,"```json {""count"": 10} ```",2.16
5491.jpg,26,24,1,0,"```json {""count"": 24} ```",6.35
5492.jpg,23,20,1,0,"```json {""count"": 20} ```",6.38
5517.jpg,29,33,1,0,"```json {""count"": 33} ```",2.13
5487.jpg,74,62,1,0,"```json {""count"": 62} ```",7.62
5518.jpg,29,24,1,0,"```json {""count"": 24} ```",2.59
5493.jpg,48,50,1,0,"```json {""count"": 50} ```",6.52
5494.jpg,38,27,1,0,"```json {""count"": 27} ```",6.43
5522.jpg,26,26,1,0,"```json {""count"": 26} ```",2.14
5521.jpg,13,13,1,0,"```json {""count"": 13} ```",2.47
5495.jpg,23,21,1,0,"```json {""count"": 21} ```",6.46
5520.jpg,18,17,1,0,"```json {""count"": 17} ```",2.67
5497.jpg,39,33,1,0,"```json {""count"": 33} ```",6.69
5523.jpg,27,33,1,0,"```json {""count"": 33} ```",2.37
5524.jpg,88,109,1,0,"```json {""count"": 109} ```",2.37
5526.jpg,25,21,1,0,"```json {""count"": 21} ```",2.37
5496.jpg,43,42,1,0,"```json {""count"": 42} ```",7.01
5527.jpg,16,14,1,0,"```json {""count"": 14} ```",2.62
5529.jpg,40,33,1,0,"```json {""count"": 33} ```",2.62
5499.jpg,159,132,1,0,"```json {""count"": 132} ```",7.47
5501.jpg,20,24,1,0,"```json {""count"": 24} ```",7.13
5530.jpg,13,13,1,0,"```json {""count"": 13} ```",2.69
5502.jpg,43,40,1,0,"```json {""count"": 40} ```",7.21
5534.jpg,65,60,1,0,"```json {""count"": 60} ```",2.56
5531.jpg,16,11,1,0,"```json {""count"": 11} ```",2.79
5535.jpg,10,9,1,0,"```json {""count"": 9} ```",2.56
551.jpg,16,15,1,0,"```json {""count"": 15} ```",6.13
5537.jpg,78,109,1,0,"```json {""count"": 109} ```",2.56
5536.jpg,30,24,1,0,"```json {""count"": 24} ```",2.75
5506.jpg,88,50,1,0,"```json {""count"": 50} ```",7.12
5538.jpg,119,100,1,0,"```json {""count"": 100} ```",2.75
5511.jpg,18,16,1,0,"```json {""count"": 16} ```",6.32
5514.jpg,112,26,1,0,"```json {""count"": 26} ```",6.13
5545.jpg,114,2,1,0,"```json {""count"": 2} ```",2.49
5541.jpg,19,16,1,0,"```json {""count"": 16} ```",2.84
5542.jpg,56,60,1,0,"```json {""count"": 60} ```",2.84
5528.jpg,31,24,1,0,"```json {""count"": 24} ```",4.60
554.jpg,14,13,1,0,"```json {""count"": 13} ```",2.84
5548.jpg,28,24,1,0,"```json {""count"": 24} ```",2.23
5549.jpg,52,50,1,0,"```json {""count"": 50} ```",2.23
5546.jpg,79,75,1,0,"```json {""count"": 75} ```",2.76
5533.jpg,76,46,1,0,"```json {""count"": 46} ```",4.39
5550.jpg,79,62,1,0,"```json {""count"": 62} ```",2.13
5552.jpg,21,24,1,0,"```json {""count"": 24} ```",1.87
553.jpg,11,10,1,0,"```json {""count"": 10} ```",4.86
5539.jpg,37,33,1,0,"```json {""count"": 33} ```",3.92
5553.jpg,15,15,1,0,"```json {""count"": 15} ```",2.46
5555.jpg,118,87,1,0,"```json {""count"": 87} ```",2.46
5540.jpg,34,33,1,0,"```json {""count"": 33} ```",4.32
5557.jpg,57,42,1,0,"```json {""count"": 42} ```",2.60
5544.jpg,143,100,1,0,"```json {""count"": 100} ```",4.50
5559.jpg,45,2,1,0,"```json {""count"": 2} ```",2.85
5558.jpg,27,27,1,0,"```json {""count"": 27} ```",2.94
5547.jpg,52,50,1,0,"```json {""count"": 50} ```",4.62
556.jpg,14,13,1,0,"```json {""count"": 13} ```",2.96
5561.jpg,249,109,1,0,"```json {""count"": 109} ```",2.72
555.jpg,12,10,1,0,"```json {""count"": 10} ```",4.45
5562.jpg,13,12,1,0,"```json {""count"": 12} ```",2.68
5519.jpg,18,16,1,0,"```json {""count"": 16} ```",8.62
5551.jpg,127,109,1,0,"```json {""count"": 109} ```",4.50
5563.jpg,189,87,1,0,"```json {""count"": 87} ```",2.90
552.jpg,19,16,1,0,"```json {""count"": 16} ```",8.63
5525.jpg,21,21,1,0,"```json {""count"": 21} ```",8.08
5543.jpg,15,13,1,0,"```json {""count"": 13} ```",6.15
5554.jpg,95,85,1,0,"```json {""count"": 85} ```",5.05
5560.jpg,189,150,1,0,"```json {""count"": 150} ```",4.62
557.jpg,18,18,1,0,"```json {""count"": 18} ```",4.05
5574.jpg,90,107,1,0,"```json {""count"": 107} ```",3.79
5573.jpg,26,22,1,0,"```json {""count"": 22} ```",3.79
5575.jpg,12,12,1,0,"```json {""count"": 12} ```",3.48
5565.jpg,8,8,1,0,"```json {""count"": 8} ```",4.36
558.jpg,20,15,1,0,"```json {""count"": 15} ```",2.65
5577.jpg,51,50,1,0,"```json {""count"": 50} ```",3.49
5564.jpg,16,15,1,0,"```json {""count"": 15} ```",4.65
5556.jpg,106,85,1,0,"```json {""count"": 85} ```",5.97
5582.jpg,47,50,1,0,"```json {""count"": 50} ```",2.83
5580.jpg,42,36,1,0,"```json {""count"": 36} ```",3.02
5566.jpg,33,33,1,0,"```json {""count"": 33} ```",5.25
5584.jpg,51,50,1,0,"```json {""count"": 50} ```",3.02
5567.jpg,51,40,1,0,"```json {""count"": 40} ```",5.31
5568.jpg,30,16,1,0,"```json {""count"": 16} ```",5.49
5588.jpg,49,50,1,0,"```json {""count"": 50} ```",3.35
5572.jpg,9,9,1,0,"```json {""count"": 9} ```",5.54
5591.jpg,32,33,1,0,"```json {""count"": 33} ```",3.13
5592.jpg,93,109,1,0,"```json {""count"": 109} ```",2.82
5571.jpg,20,20,1,0,"```json {""count"": 20} ```",5.94
5576.jpg,67,60,1,0,"```json {""count"": 60} ```",5.40
5578.jpg,32,30,1,0,"```json {""count"": 30} ```",5.20
5581.jpg,8,9,1,0,"```json {""count"": 9} ```",5.07
560.jpg,13,11,1,0,"```json {""count"": 11} ```",3.00
5599.jpg,33,36,1,0,"```json {""count"": 36} ```",3.33
559.jpg,20,18,1,0,"```json {""count"": 18} ```",5.11
5579.jpg,33,30,1,0,"```json {""count"": 30} ```",6.50
5603.jpg,20,24,1,0,"```json {""count"": 24} ```",3.14
5604.jpg,14,14,1,0,"```json {""count"": 14} ```",3.14
5600.jpg,149,109,1,0,"```json {""count"": 109} ```",3.66
5583.jpg,12,12,1,0,"```json {""count"": 12} ```",6.19
5585.jpg,32,33,1,0,"```json {""count"": 33} ```",6.33
5606.jpg,12,10,1,0,"```json {""count"": 10} ```",3.50
56.jpg,20,20,1,0,"```json {""count"": 20} ```",4.91
5587.jpg,16,16,1,0,"```json {""count"": 16} ```",6.59
5607.jpg,16,16,1,0,"```json {""count"": 16} ```",4.03
5590.jpg,17,16,1,0,"```json {""count"": 16} ```",6.70
5608.jpg,10,10,1,0,"```json {""count"": 10} ```",3.85
5593.jpg,23,23,1,0,"```json {""count"": 23} ```",6.38
5594.jpg,15,14,1,0,"```json {""count"": 14} ```",6.50
5595.jpg,15,15,1,0,"```json {""count"": 15} ```",6.44
5596.jpg,40,40,1,0,"```json {""count"": 40} ```",6.61
5597.jpg,128,109,1,0,"```json {""count"": 109} ```",6.95
5598.jpg,23,21,1,0,"```json {""count"": 21} ```",7.29
5601.jpg,22,24,1,0,"```json {""count"": 24} ```",7.25
5602.jpg,21,22,1,0,"```json {""count"": 22} ```",7.12
5605.jpg,54,60,1,0,"```json {""count"": 60} ```",7.15
5609.jpg,11,10,1,0,"```json {""count"": 10} ```",6.58
5612.jpg,29,33,1,0,"```json {""count"": 33} ```",6.48
5610.jpg,24,24,1,0,"```json {""count"": 24} ```",6.70
5611.jpg,14,16,1,0,"```json {""count"": 16} ```",6.70
561.jpg,13,13,1,0,"```json {""count"": 13} ```",6.89
5619.jpg,9,8,1,0,"```json {""count"": 8} ```",4.95
5615.jpg,11,12,1,0,"```json {""count"": 12} ```",5.71
5621.jpg,10,8,1,0,"```json {""count"": 8} ```",4.76
5613.jpg,26,24,1,0,"```json {""count"": 24} ```",6.69
5631.jpg,99,41,1,0,"```json {""count"": 41} ```",3.71
5629.jpg,43,33,1,0,"```json {""count"": 33} ```",3.71
562.jpg,13,14,1,0,"```json {""count"": 14} ```",5.01
5625.jpg,8,8,1,0,"```json {""count"": 8} ```",4.36
5616.jpg,13,13,1,0,"```json {""count"": 13} ```",6.04
5624.jpg,10,10,1,0,"```json {""count"": 10} ```",5.07
5632.jpg,59,41,1,0,"```json {""count"": 41} ```",4.09
5634.jpg,35,33,1,0,"```json {""count"": 33} ```",3.45
5635.jpg,107,109,1,0,"```json {""count"": 109} ```",3.13
5636.jpg,26,27,1,0,"```json {""count"": 27} ```",2.91
5618.jpg,9,9,1,0,"```json {""count"": 9} ```",6.18
5637.jpg,103,107,1,0,"```json {""count"": 107} ```",2.57
5614.jpg,41,40,1,0,"```json {""count"": 40} ```",7.45
5620.jpg,26,20,1,0,"```json {""count"": 20} ```",6.16
5622.jpg,13,13,1,0,"```json {""count"": 13} ```",6.36
5627.jpg,14,13,1,0,"```json {""count"": 13} ```",5.83
5639.jpg,43,41,1,0,"```json {""count"": 41} ```",3.54
564.jpg,10,10,1,0,"```json {""count"": 10} ```",3.33
5641.jpg,67,39,1,0,"```json {""count"": 39} ```",3.03
5644.jpg,136,109,1,0,"```json {""count"": 109} ```",3.36
5643.jpg,26,22,1,0,"```json {""count"": 22} ```",3.36
5626.jpg,8,10,1,0,"```json {""count"": 10} ```",7.13
5646.jpg,13,10,1,0,"```json {""count"": 10} ```",3.37
5645.jpg,22,24,1,0,"```json {""count"": 24} ```",3.49
5628.jpg,13,13,1,0,"```json {""count"": 13} ```",7.13
5647.jpg,14,2,1,0,"```json {""count"": 2} ```",3.69
5633.jpg,110,109,1,0,"```json {""count"": 109} ```",6.81
565.jpg,18,12,1,0,"```json {""count"": 12} ```",3.63
5652.jpg,37,40,1,0,"```json {""count"": 40} ```",3.63
5638.jpg,85,109,1,0,"```json {""count"": 109} ```",5.46
5640.jpg,60,50,1,0,"```json {""count"": 50} ```",5.00
5642.jpg,60,3,1,0,"```json {""count"": 3} ```",5.02
5648.jpg,61,49,1,0,"```json {""count"": 49} ```",5.03
5649.jpg,24,24,1,0,"```json {""count"": 24} ```",5.09
5650.jpg,15,12,1,0,"```json {""count"": 12} ```",5.26
5651.jpg,15,16,1,0,"```json {""count"": 16} ```",5.59
5655.jpg,9,10,1,0,"```json {""count"": 10} ```",5.41
5659.jpg,16,16,1,0,"```json {""count"": 16} ```",5.40
5658.jpg,9,10,1,0,"```json {""count"": 10} ```",5.52
566.jpg,15,12,1,0,"```json {""count"": 12} ```",5.39
5656.jpg,16,20,1,0,"```json {""count"": 20} ```",5.53
5654.jpg,10,9,1,0,"```json {""count"": 9} ```",5.73
5661.jpg,12,12,1,0,"```json {""count"": 12} ```",5.71
5666.jpg,8,8,1,0,"```json {""count"": 8} ```",4.65
5664.jpg,12,10,1,0,"```json {""count"": 10} ```",5.41
5668.jpg,12,12,1,0,"```json {""count"": 12} ```",4.56
5669.jpg,15,12,1,0,"```json {""count"": 12} ```",4.11
5665.jpg,16,16,1,0,"```json {""count"": 16} ```",5.10
5670.jpg,12,12,1,0,"```json {""count"": 12} ```",4.12
5672.jpg,12,12,1,0,"```json {""count"": 12} ```",4.13
567.jpg,10,12,1,0,"```json {""count"": 12} ```",4.45
5674.jpg,208,109,1,0,"```json {""count"": 109} ```",3.92
5671.jpg,12,12,1,0,"```json {""count"": 12} ```",4.46
5677.jpg,35,21,1,0,"```json {""count"": 21} ```",3.81
5660.jpg,19,20,1,0,"```json {""count"": 20} ```",7.04
5675.jpg,91,62,1,0,"```json {""count"": 62} ```",4.14
5673.jpg,20,20,1,0,"```json {""count"": 20} ```",4.65
5662.jpg,12,10,1,0,"```json {""count"": 10} ```",6.96
5663.jpg,12,14,1,0,"```json {""count"": 14} ```",6.95
5680.jpg,11,11,1,0,"```json {""count"": 11} ```",3.32
5667.jpg,20,16,1,0,"```json {""count"": 16} ```",6.26
5676.jpg,72,62,1,0,"```json {""count"": 62} ```",4.97
5678.jpg,56,42,1,0,"```json {""count"": 42} ```",5.06
5682.jpg,77,62,1,0,"```json {""count"": 62} ```",3.87
5681.jpg,112,87,1,0,"```json {""count"": 87} ```",4.09
5684.jpg,34,26,1,0,"```json {""count"": 26} ```",3.46
5687.jpg,41,34,1,0,"```json {""count"": 34} ```",3.34
568.jpg,9,11,1,0,"```json {""count"": 11} ```",4.81
5683.jpg,19,20,1,0,"```json {""count"": 20} ```",3.87
569.jpg,17,16,1,0,"```json {""count"": 16} ```",3.34
5685.jpg,8,9,1,0,"```json {""count"": 9} ```",3.78
5691.jpg,13,10,1,0,"```json {""count"": 10} ```",3.13
5679.jpg,47,42,1,0,"```json {""count"": 42} ```",5.81
5686.jpg,8,8,1,0,"```json {""count"": 8} ```",4.20
5688.jpg,19,15,1,0,"```json {""count"": 15} ```",4.50
5689.jpg,26,27,1,0,"```json {""count"": 27} ```",4.80
5701.jpg,59,50,1,0,"```json {""count"": 50} ```",3.53
570.jpg,19,16,1,0,"```json {""count"": 16} ```",3.65
5690.jpg,80,62,1,0,"```json {""count"": 62} ```",4.36
5705.jpg,10,8,1,0,"```json {""count"": 8} ```",3.32
5693.jpg,40,30,1,0,"```json {""count"": 30} ```",4.53
5695.jpg,40,34,1,0,"```json {""count"": 34} ```",4.85
5696.jpg,35,30,1,0,"```json {""count"": 30} ```",5.17
5692.jpg,8,8,1,0,"```json {""count"": 8} ```",5.39
5702.jpg,87,85,1,0,"```json {""count"": 85} ```",5.69
571.jpg,15,13,1,0,"```json {""count"": 13} ```",4.77
5711.jpg,20,16,1,0,"```json {""count"": 16} ```",4.24
5710.jpg,8,9,1,0,"```json {""count"": 9} ```",4.56
5709.jpg,15,16,1,0,"```json {""count"": 16} ```",4.99
5699.jpg,69,87,1,0,"```json {""count"": 87} ```",6.14
5715.jpg,13,12,1,0,"```json {""count"": 12} ```",4.47
5712.jpg,12,12,1,0,"```json {""count"": 12} ```",4.59
5698.jpg,21,18,1,0,"```json {""count"": 18} ```",6.49
5706.jpg,8,8,1,0,"```json {""count"": 8} ```",5.82
5716.jpg,8,8,1,0,"```json {""count"": 8} ```",4.46
5721.jpg,16,12,1,0,"```json {""count"": 12} ```",3.50
5718.jpg,10,10,1,0,"```json {""count"": 10} ```",4.34
5717.jpg,15,15,1,0,"```json {""count"": 15} ```",4.35
5697.jpg,44,50,1,0,"```json {""count"": 50} ```",6.79
5700.jpg,12,10,1,0,"```json {""count"": 10} ```",6.93
5703.jpg,20,24,1,0,"```json {""count"": 24} ```",6.87
5704.jpg,18,16,1,0,"```json {""count"": 16} ```",7.06
5713.jpg,12,12,1,0,"```json {""count"": 12} ```",5.81
5714.jpg,9,9,1,0,"```json {""count"": 9} ```",5.99
5724.jpg,8,8,1,0,"```json {""count"": 8} ```",4.19
5728.jpg,10,9,1,0,"```json {""count"": 9} ```",3.53
5731.jpg,18,16,1,0,"```json {""count"": 16} ```",2.03
5723.jpg,9,9,1,0,"```json {""count"": 9} ```",4.19
5726.jpg,12,12,1,0,"```json {""count"": 12} ```",3.86
5729.jpg,12,12,1,0,"```json {""count"": 12} ```",3.21
572.jpg,31,27,1,0,"```json {""count"": 27} ```",5.56
5732.jpg,12,12,1,0,"```json {""count"": 12} ```",2.13
5734.jpg,12,12,1,0,"```json {""count"": 12} ```",2.13
5735.jpg,32,40,1,0,"```json {""count"": 40} ```",2.13
5736.jpg,239,1,1,0,"```json {""count"": 1} ```",2.13
5719.jpg,12,12,1,0,"```json {""count"": 12} ```",5.80
5737.jpg,103,1,1,0,"```json {""count"": 1} ```",2.29
5738.jpg,27,1,1,0,"```json {""count"": 1} ```",2.29
5742.jpg,43,1,1,0,"```json {""count"": 1} ```",2.09
5740.jpg,87,1,1,0,"```json {""count"": 1} ```",2.09
5720.jpg,8,8,1,0,"```json {""count"": 8} ```",5.90
5741.jpg,36,1,1,0,"```json {""count"": 1} ```",2.09
5739.jpg,53,1,1,0,"```json {""count"": 1} ```",2.29
5743.jpg,270,0,1,1,"```json {""count"": 0} ```",2.42
5722.jpg,12,12,1,0,"```json {""count"": 12} ```",5.43
5744.jpg,322,1,1,0,"```json {""count"": 1} ```",2.46
5725.jpg,24,20,1,0,"```json {""count"": 20} ```",5.55
5745.jpg,146,1,1,0,"```json {""count"": 1} ```",2.46
5727.jpg,8,8,1,0,"```json {""count"": 8} ```",5.59
5746.jpg,100,1,1,0,"```json {""count"": 1} ```",2.44
573.jpg,10,10,1,0,"```json {""count"": 10} ```",4.82
5747.jpg,100,1,1,0,"```json {""count"": 1} ```",2.44
5748.jpg,74,1,1,0,"```json {""count"": 1} ```",2.55
5733.jpg,9,9,1,0,"```json {""count"": 9} ```",4.23
574.jpg,25,24,1,0,"```json {""count"": 24} ```",4.01
5753.jpg,95,107,1,0,"```json {""count"": 107} ```",2.77
5754.jpg,108,109,1,0,"```json {""count"": 109} ```",2.77
5749.jpg,105,1,1,0,"```json {""count"": 1} ```",2.81
575.jpg,12,12,1,0,"```json {""count"": 12} ```",3.10
5755.jpg,27,33,1,0,"```json {""count"": 33} ```",3.13
5751.jpg,89,109,1,0,"```json {""count"": 109} ```",3.31
5758.jpg,82,2,1,0,"```json {""count"": 2} ```",3.20
5759.jpg,107,107,1,0,"```json {""count"": 107} ```",3.41
5763.jpg,118,109,1,0,"```json {""count"": 109} ```",3.05
5761.jpg,107,107,1,0,"```json {""count"": 107} ```",3.06
5762.jpg,115,109,1,0,"```json {""count"": 109} ```",3.05
5760.jpg,108,107,1,0,"```json {""count"": 107} ```",3.37
5765.jpg,27,27,1,0,"```json {""count"": 27} ```",3.05
576.jpg,19,16,1,0,"```json {""count"": 16} ```",3.56
5767.jpg,116,109,1,0,"```json {""count"": 109} ```",3.24
5764.jpg,117,107,1,0,"```json {""count"": 107} ```",3.25
5766.jpg,80,41,1,0,"```json {""count"": 41} ```",3.25
5750.jpg,109,109,1,0,"```json {""count"": 109} ```",4.13
577.jpg,11,10,1,0,"```json {""count"": 10} ```",3.07
5771.jpg,109,109,1,0,"```json {""count"": 109} ```",2.93
5770.jpg,73,50,1,0,"```json {""count"": 50} ```",3.12
5752.jpg,12,13,1,0,"```json {""count"": 13} ```",4.44
5756.jpg,30,27,1,0,"```json {""count"": 27} ```",4.49
5769.jpg,166,109,1,0,"```json {""count"": 109} ```",3.97
5772.jpg,67,33,1,0,"```json {""count"": 33} ```",3.81
5777.jpg,12,12,1,0,"```json {""count"": 12} ```",3.57
5776.jpg,27,1,1,0,"```json {""count"": 1} ```",3.76
5779.jpg,12,12,1,0,"```json {""count"": 12} ```",3.25
5775.jpg,107,107,1,0,"```json {""count"": 107} ```",3.79
5774.jpg,143,1,1,0,"```json {""count"": 1} ```",3.84
5778.jpg,12,12,1,0,"```json {""count"": 12} ```",3.36
578.jpg,12,13,1,0,"```json {""count"": 13} ```",3.24
5782.jpg,48,24,1,0,"```json {""count"": 24} ```",3.24
5783.jpg,12,12,1,0,"```json {""count"": 12} ```",3.13
5784.jpg,24,24,1,0,"```json {""count"": 24} ```",2.92
5781.jpg,12,12,1,0,"```json {""count"": 12} ```",3.45
5787.jpg,24,24,1,0,"```json {""count"": 24} ```",2.71
5785.jpg,11,12,1,0,"```json {""count"": 12} ```",3.04
5788.jpg,37,36,1,0,"```json {""count"": 36} ```",2.89
5789.jpg,12,12,1,0,"```json {""count"": 12} ```",2.89
579.jpg,9,9,1,0,"```json {""count"": 9} ```",2.88
5780.jpg,24,24,1,0,"```json {""count"": 24} ```",4.24
5793.jpg,48,42,1,0,"```json {""count"": 42} ```",3.38
5786.jpg,12,12,1,0,"```json {""count"": 12} ```",3.93
5795.jpg,84,62,1,0,"```json {""count"": 62} ```",3.57
5791.jpg,35,50,1,0,"```json {""count"": 50} ```",3.85
5790.jpg,12,12,1,0,"```json {""count"": 12} ```",4.08
5792.jpg,21,15,1,0,"```json {""count"": 15} ```",4.39
5794.jpg,13,13,1,0,"```json {""count"": 13} ```",4.41
5796.jpg,71,33,1,0,"```json {""count"": 33} ```",4.59
5799.jpg,50,50,1,0,"```json {""count"": 50} ```",4.40
5798.jpg,45,34,1,0,"```json {""count"": 34} ```",4.52
5804.jpg,43,30,1,0,"```json {""count"": 30} ```",3.46
5802.jpg,14,12,1,0,"```json {""count"": 12} ```",3.46
5801.jpg,157,100,1,0,"```json {""count"": 100} ```",3.68
58.jpg,46,42,1,0,"```json {""count"": 42} ```",4.59
580.jpg,10,11,1,0,"```json {""count"": 11} ```",4.45
5806.jpg,46,34,1,0,"```json {""count"": 34} ```",3.78
5800.jpg,12,13,1,0,"```json {""count"": 13} ```",4.38
5807.jpg,110,62,1,0,"```json {""count"": 62} ```",3.92
5809.jpg,26,21,1,0,"```json {""count"": 21} ```",3.59
5808.jpg,53,62,1,0,"```json {""count"": 62} ```",3.71
5810.jpg,90,60,1,0,"```json {""count"": 60} ```",3.61
5814.jpg,34,30,1,0,"```json {""count"": 30} ```",3.28
581.jpg,8,9,1,0,"```json {""count"": 9} ```",3.73
5797.jpg,58,50,1,0,"```json {""count"": 50} ```",5.83
5803.jpg,35,24,1,0,"```json {""count"": 24} ```",4.70
5805.jpg,31,42,1,0,"```json {""count"": 42} ```",5.02
5819.jpg,9,9,1,0,"```json {""count"": 9} ```",3.24
5811.jpg,37,33,1,0,"```json {""count"": 33} ```",4.58
5815.jpg,146,85,1,0,"```json {""count"": 85} ```",4.90
5820.jpg,23,16,1,0,"```json {""count"": 16} ```",4.12
5823.jpg,69,50,1,0,"```json {""count"": 50} ```",3.49
5813.jpg,12,10,1,0,"```json {""count"": 10} ```",5.54
5824.jpg,24,20,1,0,"```json {""count"": 20} ```",3.38
5825.jpg,14,14,1,0,"```json {""count"": 14} ```",3.38
5812.jpg,51,40,1,0,"```json {""count"": 40} ```",5.75
582.jpg,14,14,1,0,"```json {""count"": 14} ```",4.55
5816.jpg,101,85,1,0,"```json {""count"": 85} ```",5.72
5817.jpg,41,35,1,0,"```json {""count"": 35} ```",5.71
5829.jpg,165,123,1,0,"```json {""count"": 123} ```",3.69
5818.jpg,56,40,1,0,"```json {""count"": 40} ```",5.69
5821.jpg,96,62,1,0,"```json {""count"": 62} ```",5.49
5822.jpg,128,85,1,0,"```json {""count"": 85} ```",5.37
5826.jpg,47,33,1,0,"```json {""count"": 33} ```",5.42
5827.jpg,56,40,1,0,"```json {""count"": 40} ```",5.54
5834.jpg,27,24,1,0,"```json {""count"": 24} ```",4.97
5842.jpg,52,34,1,0,"```json {""count"": 34} ```",3.94
5832.jpg,122,84,1,0,"```json {""count"": 84} ```",5.34
5841.jpg,51,30,1,0,"```json {""count"": 30} ```",4.15
5828.jpg,12,10,1,0,"```json {""count"": 10} ```",5.75
583.jpg,11,11,1,0,"```json {""count"": 11} ```",5.99
5833.jpg,92,62,1,0,"```json {""count"": 62} ```",5.88
5846.jpg,34,30,1,0,"```json {""count"": 30} ```",3.60
5830.jpg,35,24,1,0,"```json {""count"": 24} ```",6.35
585.jpg,12,11,1,0,"```json {""count"": 11} ```",3.70
5831.jpg,101,85,1,0,"```json {""count"": 85} ```",6.44
5835.jpg,79,62,1,0,"```json {""count"": 62} ```",6.44
5836.jpg,18,16,1,0,"```json {""count"": 16} ```",6.40
5837.jpg,18,15,1,0,"```json {""count"": 15} ```",6.55
5839.jpg,45,34,1,0,"```json {""count"": 34} ```",6.76
5857.jpg,44,1,1,0,"```json {""count"": 1} ```",2.25
5860.jpg,757,200,1,0,"```json {""count"": 200} ```",2.08
5858.jpg,170,85,1,0,"```json {""count"": 85} ```",2.26
5838.jpg,113,85,1,0,"```json {""count"": 85} ```",7.07
5861.jpg,67,62,1,0,"```json {""count"": 62} ```",2.33
586.jpg,11,11,1,0,"```json {""count"": 11} ```",2.36
584.jpg,13,12,1,0,"```json {""count"": 12} ```",7.08
5840.jpg,111,85,1,0,"```json {""count"": 85} ```",6.94
5864.jpg,81,62,1,0,"```json {""count"": 62} ```",2.16
5843.jpg,74,62,1,0,"```json {""count"": 62} ```",6.27
5865.jpg,114,85,1,0,"```json {""count"": 85} ```",2.37
5863.jpg,76,40,1,0,"```json {""count"": 40} ```",2.41
5866.jpg,267,152,1,0,"```json {""count"": 152} ```",2.42
5845.jpg,57,34,1,0,"```json {""count"": 34} ```",6.34
5867.jpg,83,50,1,0,"```json {""count"": 50} ```",2.42
5844.jpg,75,50,1,0,"```json {""count"": 50} ```",6.68
5847.jpg,13,12,1,0,"```json {""count"": 12} ```",6.55
5870.jpg,47,24,1,0,"```json {""count"": 24} ```",2.36
587.jpg,15,13,1,0,"```json {""count"": 13} ```",2.58
5848.jpg,21,20,1,0,"```json {""count"": 20} ```",6.98
5873.jpg,69,50,1,0,"```json {""count"": 50} ```",2.45
5849.jpg,38,5,1,0,"```json {""count"": 5} ```",7.19
5850.jpg,9,10,1,0,"```json {""count"": 10} ```",7.07
5852.jpg,42,40,1,0,"```json {""count"": 40} ```",7.06
5851.jpg,43,33,1,0,"```json {""count"": 33} ```",7.39
5875.jpg,74,49,1,0,"```json {""count"": 49} ```",3.11
5876.jpg,216,109,1,0,"```json {""count"": 109} ```",3.11
5853.jpg,95,84,1,0,"```json {""count"": 84} ```",7.46
5879.jpg,36,24,1,0,"```json {""count"": 24} ```",2.85
588.jpg,9,10,1,0,"```json {""count"": 10} ```",2.66
5854.jpg,25,13,1,0,"```json {""count"": 13} ```",7.34
5880.jpg,30,30,1,0,"```json {""count"": 30} ```",2.86
5859.jpg,49,40,1,0,"```json {""count"": 40} ```",6.52
5886.jpg,25,21,1,0,"```json {""count"": 21} ```",2.72
5855.jpg,135,105,1,0,"```json {""count"": 105} ```",7.82
5882.jpg,47,35,1,0,"```json {""count"": 35} ```",3.14
5885.jpg,115,63,1,0,"```json {""count"": 63} ```",2.93
5856.jpg,78,60,1,0,"```json {""count"": 60} ```",7.32
5862.jpg,58,56,1,0,"```json {""count"": 56} ```",6.80
5868.jpg,54,40,1,0,"```json {""count"": 40} ```",5.96
5871.jpg,53,50,1,0,"```json {""count"": 50} ```",5.50
5893.jpg,73,49,1,0,"```json {""count"": 49} ```",2.22
5891.jpg,89,42,1,0,"```json {""count"": 42} ```",2.87
5892.jpg,103,2,1,0,"```json {""count"": 2} ```",2.54
5869.jpg,32,30,1,0,"```json {""count"": 30} ```",6.42
5894.jpg,62,50,1,0,"```json {""count"": 50} ```",2.62
5872.jpg,116,85,1,0,"```json {""count"": 85} ```",6.02
5874.jpg,124,109,1,0,"```json {""count"": 109} ```",6.14
5898.jpg,32,24,1,0,"```json {""count"": 24} ```",2.80
5897.jpg,109,85,1,0,"```json {""count"": 85} ```",2.80
5877.jpg,32,22,1,0,"```json {""count"": 22} ```",6.12
5902.jpg,209,85,1,0,"```json {""count"": 85} ```",2.37
5900.jpg,39,34,1,0,"```json {""count"": 34} ```",2.37
5903.jpg,48,38,1,0,"```json {""count"": 38} ```",2.37
5884.jpg,41,34,1,0,"```json {""count"": 34} ```",5.72
5878.jpg,44,34,1,0,"```json {""count"": 34} ```",6.52
5881.jpg,99,107,1,0,"```json {""count"": 107} ```",6.45
5883.jpg,69,50,1,0,"```json {""count"": 50} ```",6.30
5887.jpg,49,1,1,0,"```json {""count"": 1} ```",5.66
5906.jpg,113,85,1,0,"```json {""count"": 85} ```",2.85
5889.jpg,27,21,1,0,"```json {""count"": 21} ```",5.98
5888.jpg,84,50,1,0,"```json {""count"": 50} ```",6.30
5907.jpg,156,85,1,0,"```json {""count"": 85} ```",3.17
5911.jpg,40,27,1,0,"```json {""count"": 27} ```",2.65
5912.jpg,42,38,1,0,"```json {""count"": 38} ```",2.65
5908.jpg,116,85,1,0,"```json {""count"": 85} ```",3.17
5910.jpg,62,49,1,0,"```json {""count"": 49} ```",2.85
5905.jpg,147,44,1,0,"```json {   ""count"": 44 } ```",3.87
5913.jpg,123,85,1,0,"```json {""count"": 85} ```",2.67
5890.jpg,33,20,1,0,"```json {""count"": 20} ```",6.56
589.jpg,15,12,1,0,"```json {""count"": 12} ```",6.75
5914.jpg,63,50,1,0,"```json {""count"": 50} ```",2.83
5896.jpg,55,50,1,0,"```json {""count"": 50} ```",5.87
5916.jpg,38,30,1,0,"```json {""count"": 30} ```",3.07
5918.jpg,12,12,1,0,"```json {""count"": 12} ```",2.81
5895.jpg,43,24,1,0,"```json {""count"": 24} ```",6.35
5899.jpg,99,94,1,0,"```json {""count"": 94} ```",6.18
59.jpg,62,50,1,0,"```json {""count"": 50} ```",6.45
590.jpg,16,14,1,0,"```json {""count"": 14} ```",6.14
5904.jpg,33,24,1,0,"```json {""count"": 24} ```",6.27
5926.jpg,10,12,1,0,"```json {""count"": 12} ```",2.75
5923.jpg,13,12,1,0,"```json {""count"": 12} ```",3.40
5925.jpg,22,21,1,0,"```json {""count"": 21} ```",3.08
5924.jpg,16,20,1,0,"```json {""count"": 20} ```",3.29
5909.jpg,65,50,1,0,"```json {""count"": 50} ```",6.02
5927.jpg,11,11,1,0,"```json {""count"": 11} ```",2.90
5929.jpg,76,63,1,0,"```json {""count"": 63} ```",2.90
5901.jpg,48,42,1,0,"```json {""count"": 42} ```",7.35
5919.jpg,39,34,1,0,"```json {""count"": 34} ```",4.98
5932.jpg,20,20,1,0,"```json {""count"": 20} ```",3.06
5933.jpg,12,12,1,0,"```json {""count"": 12} ```",3.06
591.jpg,11,11,1,0,"```json {""count"": 11} ```",6.60
5915.jpg,12,12,1,0,"```json {""count"": 12} ```",5.82
5917.jpg,12,12,1,0,"```json {""count"": 12} ```",5.70
592.jpg,10,9,1,0,"```json {""count"": 9} ```",5.71
5920.jpg,18,14,1,0,"```json {""count"": 14} ```",5.90
5939.jpg,8,8,1,0,"```json {""count"": 8} ```",3.69
5937.jpg,10,9,1,0,"```json {""count"": 9} ```",3.72
5921.jpg,30,24,1,0,"```json {""count"": 24} ```",5.96
5922.jpg,35,34,1,0,"```json {""count"": 34} ```",5.96
5942.jpg,10,10,1,0,"```json {""count"": 10} ```",3.20
593.jpg,23,20,1,0,"```json {""count"": 20} ```",5.31
5928.jpg,58,50,1,0,"```json {""count"": 50} ```",5.75
5930.jpg,14,13,1,0,"```json {""count"": 13} ```",6.00
5931.jpg,9,9,1,0,"```json {""count"": 9} ```",6.02
5951.jpg,29,24,1,0,"```json {""count"": 24} ```",3.11
5934.jpg,17,14,1,0,"```json {""count"": 14} ```",6.30
5952.jpg,48,50,1,0,"```json {""count"": 50} ```",3.44
5938.jpg,31,24,1,0,"```json {""count"": 24} ```",5.79
5953.jpg,21,20,1,0,"```json {""count"": 20} ```",3.44
5935.jpg,15,16,1,0,"```json {""count"": 16} ```",6.51
5936.jpg,18,12,1,0,"```json {""count"": 12} ```",6.60
5940.jpg,27,24,1,0,"```json {""count"": 24} ```",6.29
5941.jpg,10,10,1,0,"```json {""count"": 10} ```",6.27
5943.jpg,48,48,1,0,"```json {""count"": 48} ```",5.83
5960.jpg,49,40,1,0,"```json {""count"": 40} ```",3.49
5945.jpg,31,27,1,0,"```json {""count"": 27} ```",6.08
5966.jpg,9,8,1,0,"```json {""count"": 8} ```",2.62
5965.jpg,92,60,1,0,"```json {""count"": 60} ```",2.83
5944.jpg,15,15,1,0,"```json {""count"": 15} ```",6.20
5946.jpg,39,30,1,0,"```json {""count"": 30} ```",6.52
5967.jpg,8,8,1,0,"```json {""count"": 8} ```",3.02
5947.jpg,12,9,1,0,"```json {""count"": 9} ```",6.71
5949.jpg,13,11,1,0,"```json {""count"": 11} ```",6.67
5969.jpg,12,12,1,0,"```json {""count"": 12} ```",2.91
5968.jpg,15,12,1,0,"```json {""count"": 12} ```",2.91
5948.jpg,55,30,1,0,"```json {""count"": 30} ```",6.92
595.jpg,9,9,1,0,"```json {""count"": 9} ```",7.07
5972.jpg,20,20,1,0,"```json {""count"": 20} ```",2.61
5950.jpg,8,6,1,0,"```json {""count"": 6} ```",7.19
5954.jpg,19,15,1,0,"```json {""count"": 15} ```",7.31
5955.jpg,12,11,1,0,"```json {""count"": 11} ```",7.31
5974.jpg,12,12,1,0,"```json {""count"": 12} ```",3.09
5956.jpg,18,16,1,0,"```json {""count"": 16} ```",7.32
5957.jpg,33,27,1,0,"```json {""count"": 27} ```",7.43
5958.jpg,65,50,1,0,"```json {""count"": 50} ```",7.56
5959.jpg,10,10,1,0,"```json {""count"": 10} ```",7.58
5979.jpg,13,12,1,0,"```json {""count"": 12} ```",3.52
596.jpg,14,10,1,0,"```json {""count"": 10} ```",7.88
5982.jpg,18,12,1,0,"```json {""count"": 12} ```",3.59
5961.jpg,13,12,1,0,"```json {""count"": 12} ```",7.95
5962.jpg,11,11,1,0,"```json {""count"": 11} ```",8.15
5963.jpg,8,9,1,0,"```json {""count"": 9} ```",8.27
5964.jpg,12,12,1,0,"```json {""count"": 12} ```",8.05
597.jpg,54,42,1,0,"```json {""count"": 42} ```",7.28
5970.jpg,12,12,1,0,"```json {""count"": 12} ```",7.47
5986.jpg,12,12,1,0,"```json {""count"": 12} ```",5.02
5989.jpg,107,87,1,0,"```json {""count"": 87} ```",4.38
5975.jpg,10,10,1,0,"```json {""count"": 10} ```",6.62
5991.jpg,10,12,1,0,"```json {""count"": 12} ```",3.74
5984.jpg,14,14,1,0,"```json {""count"": 14} ```",5.05
5971.jpg,30,24,1,0,"```json {""count"": 24} ```",7.67
5973.jpg,12,12,1,0,"```json {""count"": 12} ```",7.46
5996.jpg,29,30,1,0,"```json {""count"": 30} ```",2.77
5976.jpg,16,15,1,0,"```json {""count"": 15} ```",7.04
5977.jpg,12,12,1,0,"```json {""count"": 12} ```",7.02
5978.jpg,35,24,1,0,"```json {""count"": 24} ```",7.08
5997.jpg,20,16,1,0,"```json {""count"": 16} ```",3.27
598.jpg,13,12,1,0,"```json {""count"": 12} ```",7.30
5980.jpg,12,12,1,0,"```json {""count"": 12} ```",7.30
60.jpg,25,24,1,0,"```json {""count"": 24} ```",2.99
5981.jpg,12,12,1,0,"```json {""count"": 12} ```",7.48
6000.jpg,42,40,1,0,"```json {""count"": 40} ```",2.71
6001.jpg,24,24,1,0,"```json {""count"": 24} ```",2.52
5983.jpg,16,15,1,0,"```json {""count"": 15} ```",7.52
5985.jpg,16,16,1,0,"```json {""count"": 16} ```",7.48
5987.jpg,8,10,1,0,"```json {""count"": 10} ```",7.58
5988.jpg,11,10,1,0,"```json {""count"": 10} ```",7.89
6009.jpg,33,24,1,0,"```json {""count"": 24} ```",2.86
6002.jpg,12,12,1,0,"```json {""count"": 12} ```",3.18
6008.jpg,9,10,1,0,"```json {""count"": 10} ```",2.86
601.jpg,9,9,1,0,"```json {""count"": 9} ```",2.65
599.jpg,15,13,1,0,"```json {""count"": 13} ```",7.50
5990.jpg,9,10,1,0,"```json {""count"": 10} ```",7.50
5993.jpg,9,10,1,0,"```json {""count"": 10} ```",7.06
6014.jpg,12,12,1,0,"```json {""count"": 12} ```",2.20
5992.jpg,77,83,1,0,"```json {""count"": 83} ```",7.59
5994.jpg,123,109,1,0,"```json {""count"": 109} ```",7.14
5995.jpg,8,9,1,0,"```json {""count"": 9} ```",7.01
6019.jpg,18,24,1,0,"```json {""count"": 24} ```",2.49
6016.jpg,8,8,1,0,"```json {""count"": 8} ```",2.76
5998.jpg,8,8,1,0,"```json {""count"": 8} ```",6.65
6020.jpg,12,12,1,0,"```json {""count"": 12} ```",2.07
5999.jpg,15,16,1,0,"```json {""count"": 16} ```",6.87
602.jpg,46,50,1,0,"```json {""count"": 50} ```",2.57
6021.jpg,12,12,1,0,"```json {""count"": 12} ```",2.03
6.jpg,9,9,1,0,"```json {""count"": 9} ```",6.76
600.jpg,19,20,1,0,"```json {""count"": 20} ```",6.43
6003.jpg,12,12,1,0,"```json {""count"": 12} ```",5.87
6004.jpg,12,12,1,0,"```json {""count"": 12} ```",6.08
6026.jpg,24,24,1,0,"```json {""count"": 24} ```",2.76
6006.jpg,29,24,1,0,"```json {""count"": 24} ```",6.41
6028.jpg,18,12,1,0,"```json {""count"": 12} ```",2.87
6029.jpg,14,16,1,0,"```json {""count"": 16} ```",2.87
6007.jpg,16,15,1,0,"```json {""count"": 15} ```",6.71
6010.jpg,29,24,1,0,"```json {""count"": 24} ```",6.08
6031.jpg,12,12,1,0,"```json {""count"": 12} ```",2.46
6032.jpg,24,24,1,0,"```json {""count"": 24} ```",2.48
6005.jpg,35,30,1,0,"```json {""count"": 30} ```",7.27
6011.jpg,12,12,1,0,"```json {""count"": 12} ```",6.47
6012.jpg,12,12,1,0,"```json {""count"": 12} ```",6.80
6013.jpg,10,12,1,0,"```json {""count"": 12} ```",6.78
6015.jpg,12,12,1,0,"```json {""count"": 12} ```",6.64
6017.jpg,17,16,1,0,"```json {""count"": 16} ```",6.56
6036.jpg,13,16,1,0,"```json {""count"": 16} ```",3.73
6025.jpg,12,12,1,0,"```json {""count"": 12} ```",6.06
6018.jpg,11,12,1,0,"```json {""count"": 12} ```",7.32
6022.jpg,12,12,1,0,"```json {""count"": 12} ```",6.50
6043.jpg,102,60,1,0,"```json {""count"": 60} ```",3.27
6042.jpg,12,20,1,0,"```json {""count"": 20} ```",3.49
6023.jpg,12,12,1,0,"```json {""count"": 12} ```",6.70
6044.jpg,86,2,1,0,"```json {""count"": 2} ```",3.24
603.jpg,25,21,1,0,"```json {""count"": 21} ```",6.42
6024.jpg,12,12,1,0,"```json {""count"": 12} ```",7.32
6048.jpg,103,54,1,0,"```json {""count"": 54} ```",3.48
6047.jpg,185,2,1,0,"```json {""count"": 2} ```",3.48
6027.jpg,19,16,1,0,"```json {""count"": 16} ```",7.06
6030.jpg,13,12,1,0,"```json {""count"": 12} ```",6.56
6034.jpg,16,13,1,0,"```json {""count"": 13} ```",6.37
6033.jpg,45,50,1,0,"```json {""count"": 50} ```",6.57
6053.jpg,108,87,1,0,"```json {""count"": 87} ```",3.00
6056.jpg,11,10,1,0,"```json {""count"": 10} ```",2.18
6035.jpg,13,11,1,0,"```json {""count"": 11} ```",6.79
6037.jpg,9,11,1,0,"```json {""count"": 11} ```",6.92
6058.jpg,12,13,1,0,"```json {""count"": 13} ```",2.31
606.jpg,27,27,1,0,"```json {""count"": 27} ```",2.31
6038.jpg,35,30,1,0,"```json {""count"": 30} ```",6.98
6039.jpg,30,30,1,0,"```json {""count"": 30} ```",7.31
604.jpg,39,33,1,0,"```json {""count"": 33} ```",7.42
6062.jpg,11,11,1,0,"```json {""count"": 11} ```",2.69
6040.jpg,10,10,1,0,"```json {""count"": 10} ```",7.29
6064.jpg,33,24,1,0,"```json {""count"": 24} ```",2.98
6041.jpg,14,11,1,0,"```json {""count"": 11} ```",7.50
6066.jpg,36,30,1,0,"```json {""count"": 30} ```",3.05
6046.jpg,60,60,1,0,"```json {""count"": 60} ```",7.25
6067.jpg,53,50,1,0,"```json {""count"": 50} ```",3.16
6045.jpg,42,1,1,0,"```json {""count"": 1} ```",7.38
6049.jpg,82,1,1,0,"```json {""count"": 1} ```",7.10
6069.jpg,16,18,1,0,"```json {""count"": 18} ```",3.01
605.jpg,13,13,1,0,"```json {""count"": 13} ```",7.32
6050.jpg,104,1,1,0,"```json {""count"": 1} ```",7.18
6051.jpg,84,1,1,0,"```json {""count"": 1} ```",7.06
6073.jpg,18,14,1,0,"```json {""count"": 14} ```",3.04
6072.jpg,36,30,1,0,"```json {""count"": 30} ```",3.12
6079.jpg,10,10,1,0,"```json {""count"": 10} ```",2.09
6077.jpg,27,20,1,0,"```json {""count"": 20} ```",2.40
6055.jpg,24,22,1,0,"```json {""count"": 22} ```",6.69
6052.jpg,47,1,1,0,"```json {""count"": 1} ```",7.43
6054.jpg,112,60,1,0,"```json {""count"": 60} ```",7.27
6057.jpg,49,50,1,0,"```json {""count"": 50} ```",6.72
6059.jpg,10,8,1,0,"```json {""count"": 8} ```",6.69
6060.jpg,11,9,1,0,"```json {""count"": 9} ```",6.78
6084.jpg,30,30,1,0,"```json {""count"": 30} ```",2.55
6087.jpg,11,10,1,0,"```json {""count"": 10} ```",2.61
6063.jpg,23,18,1,0,"```json {""count"": 18} ```",6.67
6089.jpg,19,16,1,0,"```json {""count"": 16} ```",2.46
6061.jpg,104,87,1,0,"```json {""count"": 87} ```",7.26
6088.jpg,32,40,1,0,"```json {""count"": 40} ```",2.64
6065.jpg,12,10,1,0,"```json {""count"": 10} ```",6.94
6068.jpg,10,9,1,0,"```json {""count"": 9} ```",6.52
6070.jpg,24,21,1,0,"```json {""count"": 21} ```",6.47
6097.jpg,21,20,1,0,"```json {""count"": 20} ```",2.04
6093.jpg,28,24,1,0,"```json {""count"": 24} ```",2.87
6094.jpg,9,9,1,0,"```json {""count"": 9} ```",2.69
6096.jpg,18,16,1,0,"```json {""count"": 16} ```",2.25
6071.jpg,9,8,1,0,"```json {""count"": 8} ```",6.55
607.jpg,12,10,1,0,"```json {""count"": 10} ```",7.03
6074.jpg,25,24,1,0,"```json {""count"": 24} ```",6.66
6099.jpg,26,24,1,0,"```json {""count"": 24} ```",2.12
6075.jpg,98,60,1,0,"```json {""count"": 60} ```",6.76
61.jpg,32,24,1,0,"```json {""count"": 24} ```",2.44
6076.jpg,16,15,1,0,"```json {""count"": 15} ```",6.76
6100.jpg,12,12,1,0,"```json {""count"": 12} ```",2.17
6078.jpg,37,34,1,0,"```json {""count"": 34} ```",6.36
6080.jpg,277,200,1,0,"```json {""count"": 200} ```",6.35
6102.jpg,9,10,1,0,"```json {""count"": 10} ```",2.71
6103.jpg,32,26,1,0,"```json {""count"": 26} ```",2.71
6081.jpg,9,8,1,0,"```json {""count"": 8} ```",6.58
6104.jpg,27,24,1,0,"```json {""count"": 24} ```",2.71
6082.jpg,31,24,1,0,"```json {""count"": 24} ```",6.61
6083.jpg,8,8,1,0,"```json {""count"": 8} ```",6.56
6109.jpg,32,30,1,0,"```json {""count"": 30} ```",2.65
6086.jpg,11,10,1,0,"```json {""count"": 10} ```",6.40
6112.jpg,23,20,1,0,"```json {""count"": 20} ```",2.11
6111.jpg,46,50,1,0,"```json {""count"": 50} ```",2.32
6110.jpg,15,16,1,0,"```json {""count"": 16} ```",2.60
611.jpg,14,13,1,0,"```json {""count"": 13} ```",2.65
6113.jpg,11,10,1,0,"```json {""count"": 10} ```",2.18
6085.jpg,18,24,1,0,"```json {""count"": 24} ```",6.84
6118.jpg,17,15,1,0,"```json {""count"": 15} ```",1.73
609.jpg,12,11,1,0,"```json {""count"": 11} ```",6.26
6090.jpg,21,20,1,0,"```json {""count"": 20} ```",6.40
6119.jpg,14,13,1,0,"```json {""count"": 13} ```",1.74
6091.jpg,11,10,1,0,"```json {""count"": 10} ```",6.73
6092.jpg,12,12,1,0,"```json {""count"": 12} ```",6.85
6122.jpg,15,14,1,0,"```json {""count"": 14} ```",2.07
6095.jpg,29,24,1,0,"```json {""count"": 24} ```",6.86
6098.jpg,13,10,1,0,"```json {""count"": 10} ```",6.28
610.jpg,20,16,1,0,"```json {""count"": 16} ```",5.98
6126.jpg,31,27,1,0,"```json {""count"": 27} ```",2.28
6128.jpg,15,20,1,0,"```json {""count"": 20} ```",2.28
6105.jpg,20,16,1,0,"```json {""count"": 16} ```",5.53
6127.jpg,177,105,1,0,"```json {""count"": 105} ```",2.48
6129.jpg,199,105,1,0,"```json {""count"": 105} ```",2.48
6106.jpg,18,20,1,0,"```json {""count"": 20} ```",5.65
6131.jpg,155,123,1,0,"```json {""count"": 123} ```",2.91
6134.jpg,165,131,1,0,"```json {""count"": 131} ```",2.61
6108.jpg,18,15,1,0,"```json {""count"": 15} ```",5.95
6114.jpg,21,16,1,0,"```json {""count"": 16} ```",5.43
6136.jpg,168,105,1,0,"```json {""count"": 105} ```",2.93
6137.jpg,14,13,1,0,"```json {""count"": 13} ```",2.74
6115.jpg,16,16,1,0,"```json {""count"": 16} ```",5.61
6138.jpg,122,109,1,0,"```json {""count"": 109} ```",2.74
6116.jpg,14,12,1,0,"```json {""count"": 12} ```",5.75
614.jpg,10,11,1,0,"```json {""count"": 11} ```",2.70
6101.jpg,8,8,1,0,"```json {""count"": 8} ```",8.19
6121.jpg,14,12,1,0,"```json {""count"": 12} ```",5.48
6140.jpg,12,12,1,0,"```json {""count"": 12} ```",2.95
6107.jpg,15,16,1,0,"```json {""count"": 16} ```",7.53
6117.jpg,12,12,1,0,"```json {""count"": 12} ```",6.50
6120.jpg,14,14,1,0,"```json {""count"": 14} ```",6.20
6123.jpg,8,8,1,0,"```json {""count"": 8} ```",6.17
6150.jpg,58,50,1,0,"```json {""count"": 50} ```",2.13
6146.jpg,27,21,1,0,"```json {""count"": 21} ```",3.28
6124.jpg,73,75,1,0,"```json {""count"": 75} ```",6.16
6152.jpg,91,84,1,0,"```json {""count"": 84} ```",2.23
6125.jpg,56,42,1,0,"```json {""count"": 42} ```",6.24
613.jpg,7,9,1,0,"```json {""count"": 9} ```",6.19
6130.jpg,233,200,1,0,"```json {""count"": 200} ```",6.51
6156.jpg,22,20,1,0,"```json {""count"": 20} ```",2.30
6132.jpg,12,12,1,0,"```json {""count"": 12} ```",6.64
6133.jpg,12,11,1,0,"```json {""count"": 11} ```",6.58
616.jpg,119,100,1,0,"```json {""count"": 100} ```",2.21
6159.jpg,33,24,1,0,"```json {""count"": 24} ```",2.25
6135.jpg,15,11,1,0,"```json {""count"": 11} ```",6.61
6139.jpg,63,63,1,0,"```json {""count"": 63} ```",6.15
6162.jpg,81,85,1,0,"```json {""count"": 85} ```",2.39
6161.jpg,149,84,1,0,"```json {""count"": 84} ```",2.57
6141.jpg,30,21,1,0,"```json {""count"": 21} ```",5.76
6143.jpg,15,14,1,0,"```json {""count"": 14} ```",5.98
6142.jpg,74,60,1,0,"```json {""count"": 60} ```",6.17
6147.jpg,89,62,1,0,"```json {""count"": 62} ```",6.24
6144.jpg,11,10,1,0,"```json {""count"": 10} ```",6.68
6145.jpg,89,30,1,0,"```json {""count"": 30} ```",6.97
6164.jpg,101,109,1,0,"```json {""count"": 109} ```",3.69
6167.jpg,17,16,1,0,"```json {""count"": 16} ```",3.44
6148.jpg,12,11,1,0,"```json {""count"": 11} ```",6.56
6149.jpg,22,21,1,0,"```json {""count"": 21} ```",7.00
617.jpg,11,11,1,0,"```json {""count"": 11} ```",3.47
615.jpg,23,18,1,0,"```json {""count"": 18} ```",7.00
6151.jpg,17,18,1,0,"```json {""count"": 18} ```",6.89
6171.jpg,47,42,1,0,"```json {""count"": 42} ```",3.77
6153.jpg,28,27,1,0,"```json {""count"": 27} ```",6.92
6178.jpg,50,50,1,0,"```json {""count"": 50} ```",3.10
6154.jpg,75,42,1,0,"```json {""count"": 42} ```",6.98
6155.jpg,51,42,1,0,"```json {""count"": 42} ```",7.08
6158.jpg,30,27,1,0,"```json {""count"": 27} ```",7.02
6157.jpg,43,30,1,0,"```json {""count"": 30} ```",7.21
6160.jpg,51,50,1,0,"```json {""count"": 50} ```",7.10
6165.jpg,36,34,1,0,"```json {""count"": 34} ```",6.63
6181.jpg,152,84,1,0,"```json {""count"": 84} ```",3.37
6163.jpg,31,27,1,0,"```json {""count"": 27} ```",6.93
6188.jpg,33,30,1,0,"```json {""count"": 30} ```",2.67
6166.jpg,132,152,1,0,"```json {""count"": 152} ```",7.02
6168.jpg,27,16,1,0,"```json {""count"": 16} ```",7.08
6169.jpg,46,33,1,0,"```json {""count"": 33} ```",6.96
6170.jpg,42,42,1,0,"```json {""count"": 42} ```",6.95
6193.jpg,10,10,1,0,"```json {""count"": 10} ```",2.60
6191.jpg,18,16,1,0,"```json {""count"": 16} ```",2.90
6172.jpg,52,40,1,0,"```json {""count"": 40} ```",6.89
6194.jpg,16,15,1,0,"```json {""count"": 15} ```",2.46
6173.jpg,21,13,1,0,"```json {""count"": 13} ```",7.04
6174.jpg,43,40,1,0,"```json {""count"": 40} ```",7.06
6196.jpg,28,21,1,0,"```json {""count"": 21} ```",2.48
6197.jpg,10,10,1,0,"```json {""count"": 10} ```",2.27
6175.jpg,62,50,1,0,"```json {""count"": 50} ```",7.16
6198.jpg,16,16,1,0,"```json {""count"": 16} ```",2.46
6177.jpg,14,12,1,0,"```json {""count"": 12} ```",7.03
6176.jpg,20,18,1,0,"```json {""count"": 18} ```",7.22
6179.jpg,40,34,1,0,"```json {""count"": 34} ```",7.22
618.jpg,20,15,1,0,"```json {""count"": 15} ```",7.36
6180.jpg,28,24,1,0,"```json {""count"": 24} ```",7.24
6184.jpg,57,42,1,0,"```json {""count"": 42} ```",7.01
6183.jpg,83,55,1,0,"```json {""count"": 55} ```",7.77
6182.jpg,23,20,1,0,"```json {""count"": 20} ```",8.09
619.jpg,13,13,1,0,"```json {""count"": 13} ```",6.93
6185.jpg,10,10,1,0,"```json {""count"": 10} ```",8.21
6208.jpg,97,87,1,0,"```json {""count"": 87} ```",3.71
6207.jpg,68,62,1,0,"```json {""count"": 62} ```",3.93
6206.jpg,74,60,1,0,"```json {""count"": 60} ```",3.93
6186.jpg,41,42,1,0,"```json {""count"": 42} ```",8.11
6187.jpg,151,107,1,0,"```json {""count"": 107} ```",8.42
6189.jpg,9,10,1,0,"```json {""count"": 10} ```",8.09
6190.jpg,49,42,1,0,"```json {""count"": 42} ```",8.17
6192.jpg,81,84,1,0,"```json {""count"": 84} ```",8.30
6195.jpg,38,24,1,0,"```json {""count"": 24} ```",7.81
6199.jpg,153,109,1,0,"```json {""count"": 109} ```",7.20
620.jpg,9,9,1,0,"```json {""count"": 9} ```",7.32
6216.jpg,40,50,1,0,"```json {""count"": 50} ```",5.11
6210.jpg,11,10,1,0,"```json {""count"": 10} ```",6.14
6212.jpg,10,10,1,0,"```json {""count"": 10} ```",5.94
6219.jpg,58,50,1,0,"```json {""count"": 50} ```",3.70
62.jpg,25,21,1,0,"```json {""count"": 21} ```",7.95
6204.jpg,14,15,1,0,"```json {""count"": 15} ```",7.19
6222.jpg,9,9,1,0,"```json {""count"": 9} ```",3.08
6224.jpg,35,27,1,0,"```json {""count"": 27} ```",3.08
6218.jpg,80,107,1,0,"```json {""count"": 107} ```",4.69
6200.jpg,52,50,1,0,"```json {""count"": 50} ```",7.87
6201.jpg,33,27,1,0,"```json {""count"": 27} ```",7.95
6202.jpg,119,109,1,0,"```json {""count"": 109} ```",7.98
6203.jpg,38,30,1,0,"```json {""count"": 30} ```",8.12
6205.jpg,50,50,1,0,"```json {""count"": 50} ```",8.42
621.jpg,12,14,1,0,"```json {""count"": 14} ```",7.94
6213.jpg,8,8,1,0,"```json {""count"": 8} ```",7.92
6209.jpg,283,200,1,0,"```json {""count"": 200} ```",8.55
6227.jpg,63,62,1,0,"```json {""count"": 62} ```",4.80
6226.jpg,16,15,1,0,"```json {""count"": 15} ```",5.01
6231.jpg,25,20,1,0,"```json {""count"": 20} ```",3.21
6211.jpg,16,15,1,0,"```json {""count"": 15} ```",8.58
6214.jpg,44,40,1,0,"```json {""count"": 40} ```",8.28
6217.jpg,33,27,1,0,"```json {""count"": 27} ```",7.73
622.jpg,34,22,1,0,"```json {""count"": 22} ```",6.61
6220.jpg,60,87,1,0,"```json {""count"": 87} ```",6.62
6235.jpg,72,87,1,0,"```json {""count"": 87} ```",3.89
6221.jpg,54,42,1,0,"```json {""count"": 42} ```",6.94
6242.jpg,73,62,1,0,"```json {""count"": 62} ```",3.06
6239.jpg,25,12,1,0,"```json {""count"": 12} ```",3.67
6241.jpg,293,200,1,0,"```json {""count"": 200} ```",3.39
6223.jpg,98,105,1,0,"```json {""count"": 105} ```",7.07
6225.jpg,72,15,1,0,"```json {""count"": 15} ```",7.13
623.jpg,9,8,1,0,"```json {""count"": 8} ```",6.30
6247.jpg,15,14,1,0,"```json {""count"": 14} ```",3.11
6228.jpg,53,50,1,0,"```json {""count"": 50} ```",7.29
6246.jpg,35,24,1,0,"```json {""count"": 24} ```",3.23
6234.jpg,32,27,1,0,"```json {""count"": 27} ```",5.70
6229.jpg,69,62,1,0,"```json {""count"": 62} ```",7.27
6250.jpg,42,34,1,0,"```json {""count"": 34} ```",3.42
6230.jpg,68,63,1,0,"```json {""count"": 63} ```",7.06
6232.jpg,93,87,1,0,"```json {""count"": 87} ```",6.35
6233.jpg,27,25,1,0,"```json {""count"": 25} ```",6.67
6236.jpg,39,40,1,0,"```json {""count"": 40} ```",6.97
624.jpg,10,9,1,0,"```json {""count"": 9} ```",7.25
6237.jpg,186,109,1,0,"```json {""count"": 109} ```",7.26
6256.jpg,41,40,1,0,"```json {""count"": 40} ```",3.91
6238.jpg,35,33,1,0,"```json {""count"": 33} ```",7.58
6253.jpg,74,75,1,0,"```json {""count"": 75} ```",4.56
6240.jpg,34,27,1,0,"```json {""count"": 27} ```",7.83
6243.jpg,24,24,1,0,"```json {""count"": 24} ```",7.12
6244.jpg,39,33,1,0,"```json {""count"": 33} ```",7.00
6266.jpg,17,13,1,0,"```json {""count"": 13} ```",3.26
6268.jpg,25,30,1,0,"```json {""count"": 30} ```",2.93
6264.jpg,16,14,1,0,"```json {""count"": 14} ```",3.56
625.jpg,14,12,1,0,"```json {""count"": 12} ```",6.35
6263.jpg,23,16,1,0,"```json {""count"": 16} ```",3.56
6245.jpg,12,12,1,0,"```json {""count"": 12} ```",7.31
6248.jpg,82,75,1,0,"```json {""count"": 75} ```",6.67
6249.jpg,111,85,1,0,"```json {""count"": 85} ```",6.88
6251.jpg,25,24,1,0,"```json {""count"": 24} ```",6.97
6270.jpg,92,85,1,0,"```json {""count"": 85} ```",3.24
6252.jpg,89,60,1,0,"```json {""count"": 60} ```",7.15
6254.jpg,34,40,1,0,"```json {""count"": 40} ```",6.94
6273.jpg,34,27,1,0,"```json {""count"": 27} ```",2.62
6255.jpg,49,50,1,0,"```json {""count"": 50} ```",6.71
6257.jpg,12,13,1,0,"```json {""count"": 13} ```",7.15
6258.jpg,13,13,1,0,"```json {""count"": 13} ```",7.37
6259.jpg,74,62,1,0,"```json {""count"": 62} ```",7.56
626.jpg,12,12,1,0,"```json {""count"": 12} ```",7.40
6282.jpg,66,100,1,0,"```json {""count"": 100} ```",2.86
628.jpg,20,16,1,0,"```json {""count"": 16} ```",2.86
6262.jpg,74,62,1,0,"```json {""count"": 62} ```",6.61
6260.jpg,76,63,1,0,"```json {""count"": 63} ```",7.70
6261.jpg,324,200,1,0,"```json {""count"": 200} ```",7.38
6265.jpg,90,87,1,0,"```json {""count"": 87} ```",6.95
6267.jpg,95,85,1,0,"```json {""count"": 85} ```",6.94
6269.jpg,50,34,1,0,"```json {""count"": 34} ```",6.92
6289.jpg,16,15,1,0,"```json {""count"": 15} ```",3.01
627.jpg,15,15,1,0,"```json {""count"": 15} ```",6.90
6271.jpg,240,10,1,0,"```json {""count"": 10} ```",6.43
6272.jpg,118,109,1,0,"```json {""count"": 109} ```",6.64
6275.jpg,32,33,1,0,"```json {""count"": 33} ```",6.50
6274.jpg,10,9,1,0,"```json {""count"": 9} ```",6.68
6276.jpg,36,30,1,0,"```json {""count"": 30} ```",6.59
63.jpg,26,24,1,0,"```json {""count"": 24} ```",2.03
6296.jpg,33,50,1,0,"```json {""count"": 50} ```",2.86
6295.jpg,70,62,1,0,"```json {""count"": 62} ```",2.86
630.jpg,13,16,1,0,"```json {""count"": 16} ```",1.90
6278.jpg,45,42,1,0,"```json {""count"": 42} ```",6.56
6277.jpg,42,34,1,0,"```json {   ""count"": 34 } ```",6.85
6301.jpg,24,27,1,0,"```json {""count"": 27} ```",1.73
6279.jpg,10,10,1,0,"```json {""count"": 10} ```",6.34
6281.jpg,675,1000,1,0,"```json {""count"": 1000} ```",6.67
6280.jpg,41,36,1,0,"```json {""count"": 36} ```",6.84
6283.jpg,21,20,1,0,"```json {""count"": 20} ```",7.00
6284.jpg,89,62,1,0,"```json {""count"": 62} ```",6.88
6305.jpg,32,22,1,0,"```json {""count"": 22} ```",1.87
6285.jpg,101,85,1,0,"```json {""count"": 85} ```",6.89
6286.jpg,49,25,1,0,"```json {""count"": 25} ```",6.88
6308.jpg,23,13,1,0,"```json {""count"": 13} ```",2.46
6287.jpg,23,21,1,0,"```json {""count"": 21} ```",6.92
6307.jpg,10,13,1,0,"```json {""count"": 13} ```",2.49
6288.jpg,18,21,1,0,"```json {""count"": 21} ```",7.09
629.jpg,21,18,1,0,"```json {""count"": 18} ```",7.07
6290.jpg,31,24,1,0,"```json {""count"": 24} ```",7.11
6291.jpg,15,14,1,0,"```json {""count"": 14} ```",7.11
6292.jpg,9,12,1,0,"```json {""count"": 12} ```",7.21
6293.jpg,9,10,1,0,"```json {""count"": 10} ```",7.25
6294.jpg,50,50,1,0,"```json {""count"": 50} ```",7.29
6297.jpg,16,10,1,0,"```json {""count"": 10} ```",7.12
6298.jpg,61,60,1,0,"```json {""count"": 60} ```",7.45
6299.jpg,28,28,1,0,"```json {""count"": 28} ```",7.34
6300.jpg,24,24,1,0,"```json {""count"": 24} ```",6.72
6302.jpg,58,62,1,0,"```json {""count"": 62} ```",6.63
6327.jpg,20,12,1,0,"```json {""count"": 12} ```",2.99
6306.jpg,11,21,1,0,"```json {""count"": 21} ```",6.22
6328.jpg,815,2,1,0,"```json {""count"": 2} ```",2.56
6303.jpg,9,10,1,0,"```json {""count"": 10} ```",6.82
6329.jpg,25,20,1,0,"```json {""count"": 20} ```",2.56
6304.jpg,17,14,1,0,"```json {""count"": 14} ```",6.91
6310.jpg,13,13,1,0,"```json {""count"": 13} ```",6.53
6309.jpg,11,13,1,0,"```json {""count"": 13} ```",6.74
6331.jpg,40,24,1,0,"```json {""count"": 24} ```",2.74
6311.jpg,27,25,1,0,"```json {""count"": 25} ```",7.00
6312.jpg,32,30,1,0,"```json {""count"": 30} ```",7.00
6332.jpg,183,0,1,1,"```json {""count"": 0} ```",2.51
6314.jpg,24,24,1,0,"```json {""count"": 24} ```",7.11
6335.jpg,21,20,1,0,"```json {""count"": 20} ```",2.28
6313.jpg,25,2,1,0,"```json {""count"": 2} ```",7.39
6315.jpg,252,1,1,0,"```json {""count"": 1} ```",7.38
6316.jpg,50,1,1,0,"```json {""count"": 1} ```",7.29
6317.jpg,58,0,1,1,"```json {""count"": 0} ```",7.42
6318.jpg,16,20,1,0,"```json {""count"": 20} ```",7.44
6340.jpg,9,9,1,0,"```json {""count"": 9} ```",2.51
6341.jpg,8,9,1,0,"```json {""count"": 9} ```",2.34
6319.jpg,53,25,1,0,"```json {""count"": 25} ```",7.55
632.jpg,13,11,1,0,"```json {""count"": 11} ```",7.76
6344.jpg,29,30,1,0,"```json {""count"": 30} ```",2.14
6345.jpg,14,15,1,0,"```json {""count"": 15} ```",1.96
6320.jpg,31,30,1,0,"```json {""count"": 30} ```",7.80
6346.jpg,20,20,1,0,"```json {""count"": 20} ```",2.15
6348.jpg,32,44,1,0,"```json {""count"": 44} ```",2.02
6323.jpg,125,105,1,0,"```json {""count"": 105} ```",7.37
6321.jpg,35,50,1,0,"```json {""count"": 50} ```",8.01
6322.jpg,159,1,1,0,"```json {""count"": 1} ```",7.83
6324.jpg,109,0,1,1,"```json {""count"": 0} ```",8.00
6325.jpg,106,0,1,1,"```json {""count"": 0} ```",8.01
6355.jpg,18,16,1,0,"```json {""count"": 16} ```",1.82
6326.jpg,86,1,1,0,"```json {""count"": 1} ```",8.04
6353.jpg,11,10,1,0,"```json {""count"": 10} ```",1.99
633.jpg,30,22,1,0,"```json {""count"": 22} ```",7.03
6356.jpg,85,87,1,0,"```json {""count"": 87} ```",1.94
6333.jpg,420,1,1,0,"```json {""count"": 1} ```",6.39
6357.jpg,168,105,1,0,"```json {""count"": 105} ```",2.36
6358.jpg,30,34,1,0,"```json {""count"": 34} ```",2.36
6330.jpg,16,20,1,0,"```json {""count"": 20} ```",7.55
6334.jpg,30,24,1,0,"```json {""count"": 24} ```",6.63
6336.jpg,17,16,1,0,"```json {""count"": 16} ```",6.25
6339.jpg,36,30,1,0,"```json {""count"": 30} ```",6.76
6337.jpg,8,8,1,0,"```json {""count"": 8} ```",6.91
6364.jpg,36,30,1,0,"```json {""count"": 30} ```",2.47
6338.jpg,8,9,1,0,"```json {""count"": 9} ```",7.23
634.jpg,21,21,1,0,"```json {""count"": 21} ```",7.09
6342.jpg,24,16,1,0,"```json {""count"": 16} ```",6.98
6343.jpg,18,16,1,0,"```json {""count"": 16} ```",6.83
6366.jpg,84,60,1,0,"```json {""count"": 60} ```",3.23
6367.jpg,16,14,1,0,"```json {""count"": 14} ```",3.23
6368.jpg,51,60,1,0,"```json {""count"": 60} ```",3.23
6347.jpg,38,30,1,0,"```json {""count"": 30} ```",6.84
6349.jpg,36,34,1,0,"```json {""count"": 34} ```",6.90
6372.jpg,10,8,1,0,"```json {""count"": 8} ```",3.04
6371.jpg,39,42,1,0,"```json {""count"": 42} ```",3.05
635.jpg,32,24,1,0,"```json {""count"": 24} ```",7.06
6350.jpg,22,20,1,0,"```json {""count"": 20} ```",7.01
6351.jpg,27,20,1,0,"```json {""count"": 20} ```",7.10
6377.jpg,118,107,1,0,"```json {""count"": 107} ```",2.91
6376.jpg,17,13,1,0,"```json {""count"": 13} ```",3.03
6378.jpg,83,109,1,0,"```json {""count"": 109} ```",2.91
636.jpg,11,10,1,0,"```json {""count"": 10} ```",6.61
6379.jpg,116,107,1,0,"```json {""count"": 107} ```",2.89
6352.jpg,18,16,1,0,"```json {""count"": 16} ```",7.40
6354.jpg,14,14,1,0,"```json {""count"": 14} ```",7.60
638.jpg,38,27,1,0,"```json {""count"": 27} ```",3.35
6359.jpg,239,200,1,0,"```json {""count"": 200} ```",7.29
6360.jpg,8,8,1,0,"```json {""count"": 8} ```",7.16
6383.jpg,41,20,1,0,"```json {""count"": 20} ```",3.48
6388.jpg,145,109,1,0,"```json {""count"": 109} ```",2.83
6384.jpg,34,27,1,0,"```json {""count"": 27} ```",3.48
6382.jpg,67,107,1,0,"```json {""count"": 107} ```",3.48
6363.jpg,52,60,1,0,"```json {""count"": 60} ```",7.29
6387.jpg,13,13,1,0,"```json {""count"": 13} ```",2.83
6365.jpg,12,10,1,0,"```json {""count"": 10} ```",7.14
6361.jpg,12,8,1,0,"```json {""count"": 8} ```",8.07
639.jpg,23,20,1,0,"```json {""count"": 20} ```",2.65
6362.jpg,8,6,1,0,"```json {""count"": 6} ```",8.19
6369.jpg,16,13,1,0,"```json {""count"": 13} ```",7.48
637.jpg,32,24,1,0,"```json {""count"": 24} ```",7.57
6370.jpg,10,10,1,0,"```json {""count"": 10} ```",7.57
6373.jpg,52,50,1,0,"```json {""count"": 50} ```",8.07
6392.jpg,44,33,1,0,"```json {""count"": 33} ```",4.20
6393.jpg,18,15,1,0,"```json {""count"": 15} ```",4.20
6390.jpg,21,20,1,0,"```json {""count"": 20} ```",4.41
6374.jpg,13,13,1,0,"```json {""count"": 13} ```",8.22
6394.jpg,100,109,1,0,"```json {""count"": 109} ```",4.02
6396.jpg,106,109,1,0,"```json {""count"": 109} ```",4.02
6395.jpg,39,1,1,0,"```json {""count"": 1} ```",4.02
6398.jpg,28,27,1,0,"```json {""count"": 27} ```",3.70
6389.jpg,104,109,1,0,"```json {""count"": 109} ```",5.45
6375.jpg,39,33,1,0,"```json {""count"": 33} ```",8.23
6397.jpg,131,109,1,0,"```json {""count"": 109} ```",4.03
6380.jpg,34,33,1,0,"```json {""count"": 33} ```",7.07
6381.jpg,35,33,1,0,"```json {""count"": 33} ```",6.99
6385.jpg,36,33,1,0,"```json {""count"": 33} ```",6.91
6386.jpg,41,27,1,0,"```json {""count"": 27} ```",6.80
6391.jpg,13,13,1,0,"```json {""count"": 13} ```",6.01
6399.jpg,114,109,1,0,"```json {""count"": 109} ```",5.27
640.jpg,18,18,1,0,"```json {""count"": 18} ```",4.82
6401.jpg,33,40,1,0,"```json {""count"": 40} ```",4.82
6404.jpg,79,1,1,0,"```json {""count"": 1} ```",4.94
6402.jpg,44,33,1,0,"```json {""count"": 33} ```",5.15
6405.jpg,38,3,1,0,"```json {""count"": 3} ```",5.05
6409.jpg,104,1,1,0,"```json {""count"": 1} ```",4.49
6406.jpg,61,1,1,0,"```json {""count"": 1} ```",5.13
6408.jpg,104,107,1,0,"```json {""count"": 107} ```",4.81
6410.jpg,112,109,1,0,"```json {""count"": 109} ```",4.28
64.jpg,18,24,1,0,"```json {""count"": 24} ```",6.12
6411.jpg,100,109,1,0,"```json {""count"": 109} ```",4.23
6419.jpg,104,107,1,0,"```json {""count"": 107} ```",3.13
6417.jpg,81,1,1,0,"```json {""count"": 1} ```",3.14
6414.jpg,35,33,1,0,"```json {""count"": 33} ```",3.25
6418.jpg,111,109,1,0,"```json {""count"": 109} ```",3.14
6421.jpg,102,59,1,0,"```json {""count"": 59} ```",3.11
6412.jpg,101,109,1,0,"```json {""count"": 109} ```",3.81
6403.jpg,13,9,1,0,"```json {""count"": 9} ```",6.08
6423.jpg,91,2,1,0,"```json {""count"": 2} ```",2.85
6424.jpg,28,33,1,0,"```json {""count"": 33} ```",2.88
6400.jpg,147,22,1,0,"```json {""count"": 22} ```",6.33
6407.jpg,13,11,1,0,"```json {""count"": 11} ```",6.22
6413.jpg,34,33,1,0,"```json {""count"": 33} ```",4.39
6415.jpg,104,109,1,0,"```json {""count"": 109} ```",4.50
642.jpg,18,18,1,0,"```json {""count"": 18} ```",4.58
6427.jpg,15,13,1,0,"```json {""count"": 13} ```",3.66
6428.jpg,89,1,1,0,"```json {""count"": 1} ```",3.46
6431.jpg,24,20,1,0,"```json {""count"": 20} ```",2.81
6436.jpg,108,109,1,0,"```json {""count"": 109} ```",3.03
6434.jpg,44,22,1,0,"```json {""count"": 22} ```",3.03
643.jpg,15,16,1,0,"```json {""count"": 16} ```",3.67
6433.jpg,38,1,1,0,"```json {""count"": 1} ```",3.04
6432.jpg,72,50,1,0,"```json {""count"": 50} ```",3.23
6435.jpg,19,15,1,0,"```json {""count"": 15} ```",3.04
6416.jpg,48,10,1,0,"```json {""count"": 10} ```",6.01
6429.jpg,68,27,1,0,"```json {""count"": 27} ```",3.99
6420.jpg,13,13,1,0,"```json {""count"": 13} ```",6.00
6439.jpg,28,24,1,0,"```json {""count"": 24} ```",3.41
6422.jpg,13,11,1,0,"```json {""count"": 11} ```",6.33
6440.jpg,96,109,1,0,"```json {""count"": 109} ```",3.74
6441.jpg,104,109,1,0,"```json {""count"": 109} ```",3.74
6425.jpg,13,13,1,0,"```json {""count"": 13} ```",5.83
6426.jpg,37,33,1,0,"```json {""count"": 33} ```",5.94
6430.jpg,205,3,1,0,"```json {""count"": 3} ```",5.31
6437.jpg,28,24,1,0,"```json {""count"": 24} ```",5.06
6438.jpg,13,10,1,0,"```json {""count"": 10} ```",5.22
644.jpg,21,18,1,0,"```json {""count"": 18} ```",5.46
6442.jpg,108,109,1,0,"```json {""count"": 109} ```",5.36
6445.jpg,13,11,1,0,"```json {""count"": 11} ```",5.62
6444.jpg,32,33,1,0,"```json {""count"": 33} ```",5.83
6448.jpg,19,13,1,0,"```json {""count"": 13} ```",5.49
6451.jpg,34,33,1,0,"```json {""count"": 33} ```",4.08
6450.jpg,106,109,1,0,"```json {""count"": 109} ```",4.52
6449.jpg,107,109,1,0,"```json {""count"": 109} ```",5.17
6446.jpg,59,59,1,0,"```json {""count"": 59} ```",5.71
6452.jpg,66,33,1,0,"```json {""count"": 33} ```",4.08
6443.jpg,105,109,1,0,"```json {""count"": 109} ```",6.16
6453.jpg,15,11,1,0,"```json {""count"": 11} ```",4.40
6447.jpg,108,109,1,0,"```json {""count"": 109} ```",6.25
6455.jpg,39,1,1,0,"```json {""count"": 1} ```",4.08
6457.jpg,110,1,1,0,"```json {""count"": 1} ```",4.08
646.jpg,23,18,1,0,"```json {""count"": 18} ```",4.29
645.jpg,95,60,1,0,"```json {""count"": 60} ```",5.91
6460.jpg,102,1,1,0,"```json {""count"": 1} ```",4.41
6462.jpg,39,33,1,0,"```json {""count"": 33} ```",4.09
6461.jpg,31,27,1,0,"```json {""count"": 27} ```",4.30
6463.jpg,53,33,1,0,"```json {""count"": 33} ```",3.97
6465.jpg,39,1,1,0,"```json {""count"": 1} ```",3.76
6458.jpg,74,59,1,0,"```json {""count"": 59} ```",4.85
6466.jpg,107,109,1,0,"```json {""count"": 109} ```",3.76
6468.jpg,107,107,1,0,"```json {""count"": 107} ```",3.43
6467.jpg,109,109,1,0,"```json {""count"": 109} ```",3.78
6454.jpg,25,27,1,0,"```json {""count"": 27} ```",5.20
6459.jpg,89,109,1,0,"```json {""count"": 109} ```",5.54
6456.jpg,13,11,1,0,"```json {""count"": 11} ```",5.91
6464.jpg,55,33,1,0,"```json {""count"": 33} ```",5.19
6469.jpg,13,11,1,0,"```json {""count"": 11} ```",4.18
647.jpg,11,10,1,0,"```json {""count"": 10} ```",4.13
6471.jpg,94,109,1,0,"```json {""count"": 109} ```",3.89
6474.jpg,21,20,1,0,"```json {""count"": 20} ```",3.26
6472.jpg,109,109,1,0,"```json {""count"": 109} ```",3.59
6473.jpg,59,25,1,0,"```json {""count"": 25} ```",3.38
6470.jpg,93,41,1,0,"```json {""count"": 41} ```",4.10
6475.jpg,84,107,1,0,"```json {""count"": 107} ```",3.26
6476.jpg,156,3,1,0,"```json {""count"": 3} ```",3.37
6477.jpg,29,27,1,0,"```json {""count"": 27} ```",3.58
6479.jpg,30,20,1,0,"```json {""count"": 20} ```",3.58
6478.jpg,93,109,1,0,"```json {""count"": 109} ```",3.58
648.jpg,14,13,1,0,"```json {""count"": 13} ```",3.50
6482.jpg,108,107,1,0,"```json {""count"": 107} ```",3.35
6481.jpg,78,2,1,0,"```json {""count"": 2} ```",3.35
6483.jpg,91,109,1,0,"```json {""count"": 109} ```",3.35
6485.jpg,88,33,1,0,"```json {""count"": 33} ```",3.15
6486.jpg,34,27,1,0,"```json {""count"": 27} ```",3.02
6491.jpg,112,109,1,0,"```json {""count"": 109} ```",2.90
6487.jpg,102,109,1,0,"```json {""count"": 109} ```",3.02
6488.jpg,95,109,1,0,"```json {""count"": 109} ```",3.02
6489.jpg,105,1,1,0,"```json {""count"": 1} ```",3.02
649.jpg,8,8,1,0,"```json {""count"": 8} ```",3.21
6493.jpg,77,107,1,0,"```json {""count"": 107} ```",2.88
6494.jpg,101,1,1,0,"```json {""count"": 1} ```",2.88
6492.jpg,114,27,1,0,"```json {""count"": 27} ```",2.88
6490.jpg,101,109,1,0,"```json {""count"": 109} ```",3.41
6496.jpg,29,1,1,0,"```json {""count"": 1} ```",2.72
6480.jpg,34,33,1,0,"```json {""count"": 33} ```",4.76
6484.jpg,13,11,1,0,"```json {""count"": 11} ```",4.50
6495.jpg,13,13,1,0,"```json {""count"": 13} ```",3.60
6498.jpg,59,50,1,0,"```json {""count"": 50} ```",2.95
6497.jpg,32,27,1,0,"```json {""count"": 27} ```",3.06
650.jpg,44,34,1,0,"```json {""count"": 34} ```",2.46
6500.jpg,34,41,1,0,"```json {""count"": 41} ```",2.46
6501.jpg,24,13,1,0,"```json {""count"": 13} ```",2.76
6506.jpg,37,27,1,0,"```json {""count"": 27} ```",3.08
6505.jpg,109,109,1,0,"```json {""count"": 109} ```",3.08
6507.jpg,14,13,1,0,"```json {""count"": 13} ```",3.40
65.jpg,29,50,1,0,"```json {   ""count"": 50 } ```",3.94
6510.jpg,37,41,1,0,"```json {""count"": 41} ```",3.42
651.jpg,71,50,1,0,"```json {""count"": 50} ```",3.42
6509.jpg,67,33,1,0,"```json {""count"": 33} ```",3.63
6513.jpg,93,107,1,0,"```json {""count"": 107} ```",3.32
6516.jpg,92,1,1,0,"```json {""count"": 1} ```",3.32
6511.jpg,33,42,1,0,"```json {""count"": 42} ```",3.51
6514.jpg,31,15,1,0,"```json {""count"": 15} ```",3.43
6517.jpg,20,20,1,0,"```json {""count"": 20} ```",3.43
6518.jpg,103,107,1,0,"```json {""count"": 107} ```",3.42
6521.jpg,106,107,1,0,"```json {""count"": 107} ```",3.28
6519.jpg,38,21,1,0,"```json {""count"": 21} ```",3.47
6520.jpg,40,41,1,0,"```json {""count"": 41} ```",3.47
6499.jpg,14,11,1,0,"```json {""count"": 11} ```",4.95
652.jpg,8,8,1,0,"```json {""count"": 8} ```",3.65
6503.jpg,37,33,1,0,"```json {""count"": 33} ```",5.04
6522.jpg,115,109,1,0,"```json {""count"": 109} ```",3.22
6523.jpg,33,15,1,0,"```json {""count"": 15} ```",3.22
6524.jpg,299,6,1,0,"```json {""count"": 6} ```",3.14
6502.jpg,59,1,1,0,"```json {""count"": 1} ```",5.32
6504.jpg,13,11,1,0,"```json {""count"": 11} ```",5.48
6508.jpg,36,33,1,0,"```json {""count"": 33} ```",5.35
6515.jpg,113,107,1,0,"```json {""count"": 107} ```",5.15
6525.jpg,33,22,1,0,"```json {""count"": 22} ```",3.96
6526.jpg,101,109,1,0,"```json {""count"": 109} ```",3.88
6527.jpg,101,109,1,0,"```json {""count"": 109} ```",3.99
6529.jpg,28,20,1,0,"```json {""count"": 20} ```",4.17
653.jpg,13,12,1,0,"```json {""count"": 12} ```",3.99
6532.jpg,22,20,1,0,"```json {""count"": 20} ```",3.23
6534.jpg,34,27,1,0,"```json {""count"": 27} ```",2.90
6533.jpg,59,41,1,0,"```json {""count"": 41} ```",3.02
6537.jpg,81,33,1,0,"```json {""count"": 33} ```",3.02
6539.jpg,82,50,1,0,"```json {""count"": 50} ```",3.02
6540.jpg,103,1,1,0,"```json {""count"": 1} ```",3.02
6538.jpg,102,109,1,0,"```json {""count"": 109} ```",3.14
6542.jpg,21,15,1,0,"```json {""count"": 15} ```",2.83
6536.jpg,100,2,1,0,"```json {""count"": 2} ```",3.14
6541.jpg,37,33,1,0,"```json {""count"": 33} ```",3.02
6544.jpg,38,1,1,0,"```json {""count"": 1} ```",2.85
6543.jpg,106,66,1,0,"```json {""count"": 66} ```",2.98
6545.jpg,33,33,1,0,"```json {""count"": 33} ```",2.98
6546.jpg,111,109,1,0,"```json {""count"": 109} ```",2.98
6528.jpg,60,60,1,0,"```json {""count"": 60} ```",5.55
6548.jpg,18,24,1,0,"```json {""count"": 24} ```",2.96
6550.jpg,14,12,1,0,"```json {""count"": 12} ```",2.97
6549.jpg,16,20,1,0,"```json {""count"": 20} ```",3.16
655.jpg,24,17,1,0,"```json {""count"": 17} ```",3.16
6530.jpg,40,33,1,0,"```json {""count"": 33} ```",4.94
6551.jpg,15,11,1,0,"```json {""count"": 11} ```",3.02
6531.jpg,40,27,1,0,"```json {""count"": 27} ```",5.21
6535.jpg,33,33,1,0,"```json {""count"": 33} ```",4.87
6547.jpg,72,84,1,0,"```json {""count"": 84} ```",4.22
6552.jpg,16,14,1,0,"```json {""count"": 14} ```",3.72
6554.jpg,32,27,1,0,"```json {""count"": 27} ```",3.24
6556.jpg,85,60,1,0,"```json {""count"": 60} ```",3.04
6553.jpg,40,50,1,0,"```json {""count"": 50} ```",3.55
6555.jpg,134,87,1,0,"```json {""count"": 87} ```",3.22
6557.jpg,55,42,1,0,"```json {""count"": 42} ```",3.41
6563.jpg,21,18,1,0,"```json {""count"": 18} ```",2.60
6566.jpg,32,27,1,0,"```json {""count"": 27} ```",2.66
6559.jpg,66,60,1,0,"```json {""count"": 60} ```",3.34
6562.jpg,14,12,1,0,"```json {""count"": 12} ```",2.81
657.jpg,25,21,1,0,"```json {""count"": 21} ```",2.37
6570.jpg,186,100,1,0,"```json {""count"": 100} ```",2.56
6558.jpg,69,60,1,0,"```json {""count"": 60} ```",3.65
656.jpg,36,27,1,0,"```json {""count"": 27} ```",3.47
6579.jpg,15,14,1,0,"```json {""count"": 14} ```",2.04
6561.jpg,56,62,1,0,"```json {""count"": 62} ```",3.70
6560.jpg,29,27,1,0,"```json {""count"": 27} ```",4.00
6565.jpg,14,11,1,0,"```json {""count"": 11} ```",3.75
6581.jpg,136,200,1,0,"```json {""count"": 200} ```",1.87
6582.jpg,9,9,1,0,"```json {""count"": 9} ```",1.84
6568.jpg,13,12,1,0,"```json {""count"": 12} ```",3.97
6567.jpg,21,21,1,0,"```json {""count"": 21} ```",4.29
6564.jpg,12,13,1,0,"```json {""count"": 13} ```",4.62
6569.jpg,124,87,1,0,"```json {""count"": 87} ```",4.73
6590.jpg,250,200,1,0,"```json {""count"": 200} ```",2.57
6573.jpg,110,84,1,0,"```json {""count"": 84} ```",4.70
6593.jpg,24,24,1,0,"```json {""count"": 24} ```",2.47
6591.jpg,120,60,1,0,"```json {""count"": 60} ```",2.62
6594.jpg,24,24,1,0,"```json {""count"": 24} ```",2.47
6571.jpg,125,87,1,0,"```json {""count"": 87} ```",5.43
6575.jpg,222,1024,1,0,"```json {""count"": 1024} ```",5.14
6572.jpg,49,42,1,0,"```json {""count"": 42} ```",5.46
6595.jpg,12,13,1,0,"```json {""count"": 13} ```",2.82
6574.jpg,109,87,1,0,"```json {""count"": 87} ```",5.58
6576.jpg,146,144,1,0,"```json {""count"": 144} ```",5.79
658.jpg,24,20,1,0,"```json {""count"": 20} ```",5.73
6596.jpg,11,12,1,0,"```json {""count"": 12} ```",4.13
6599.jpg,12,12,1,0,"```json {""count"": 12} ```",3.91
6583.jpg,15,15,1,0,"```json {""count"": 15} ```",5.75
6598.jpg,12,12,1,0,"```json {""count"": 12} ```",3.91
66.jpg,149,150,1,0,"```json {""count"": 150} ```",3.72
6577.jpg,134,109,1,0,"```json {""count"": 109} ```",7.10
6584.jpg,114,87,1,0,"```json {""count"": 87} ```",6.09
6601.jpg,61,36,1,0,"```json {""count"": 36} ```",3.42
6600.jpg,12,10,1,0,"```json {""count"": 10} ```",3.74
6603.jpg,24,24,1,0,"```json {""count"": 24} ```",3.05
6578.jpg,135,109,1,0,"```json {""count"": 109} ```",7.37
6604.jpg,13,24,1,0,"```json {""count"": 24} ```",3.29
6580.jpg,40,34,1,0,"```json {""count"": 34} ```",6.86
6585.jpg,77,85,1,0,"```json {""count"": 85} ```",6.76
6586.jpg,47,40,1,0,"```json {""count"": 40} ```",6.74
6587.jpg,35,30,1,0,"```json {""count"": 30} ```",6.91
6588.jpg,30,24,1,0,"```json {""count"": 24} ```",6.93
6589.jpg,22,20,1,0,"```json {""count"": 20} ```",7.22
6605.jpg,49,60,1,0,"```json {""count"": 60} ```",4.54
6608.jpg,13,12,1,0,"```json {""count"": 12} ```",4.29
6610.jpg,24,24,1,0,"```json {""count"": 24} ```",3.97
6611.jpg,20,24,1,0,"```json {""count"": 24} ```",3.97
659.jpg,8,8,1,0,"```json {""count"": 8} ```",7.55
6612.jpg,12,12,1,0,"```json {""count"": 12} ```",4.16
6613.jpg,15,5,1,0,"```json {""count"": 5} ```",3.95
6592.jpg,12,12,1,0,"```json {""count"": 12} ```",7.68
662.jpg,31,20,1,0,"```json {""count"": 20} ```",2.81
6622.jpg,8,8,1,0,"```json {""count"": 8} ```",2.81
6620.jpg,8,8,1,0,"```json {""count"": 8} ```",3.13
6624.jpg,12,12,1,0,"```json {""count"": 12} ```",2.85
6606.jpg,20,24,1,0,"```json {""count"": 24} ```",5.68
6623.jpg,13,12,1,0,"```json {""count"": 12} ```",3.11
6626.jpg,13,12,1,0,"```json {""count"": 12} ```",2.83
6609.jpg,12,12,1,0,"```json {""count"": 12} ```",5.50
6597.jpg,61,40,1,0,"```json {""count"": 40} ```",7.71
6627.jpg,64,60,1,0,"```json {""count"": 60} ```",2.87
6602.jpg,38,36,1,0,"```json {""count"": 36} ```",6.83
6607.jpg,24,24,1,0,"```json {""count"": 24} ```",6.36
6614.jpg,40,36,1,0,"```json {""count"": 36} ```",5.04
6615.jpg,17,16,1,0,"```json {""count"": 16} ```",5.36
6628.jpg,10,11,1,0,"```json {""count"": 11} ```",3.88
663.jpg,14,14,1,0,"```json {""count"": 14} ```",3.67
6616.jpg,8,9,1,0,"```json {""count"": 9} ```",5.68
6634.jpg,9,10,1,0,"```json {""count"": 10} ```",3.34
6636.jpg,8,8,1,0,"```json {""count"": 8} ```",3.17
6617.jpg,12,11,1,0,"```json {""count"": 11} ```",6.03
6637.jpg,20,20,1,0,"```json {""count"": 20} ```",3.17
6621.jpg,12,12,1,0,"```json {""count"": 12} ```",5.68
6631.jpg,14,12,1,0,"```json {""count"": 12} ```",3.69
6618.jpg,15,14,1,0,"```json {""count"": 14} ```",6.37
6638.jpg,28,24,1,0,"```json {""count"": 24} ```",3.51
6619.jpg,10,10,1,0,"```json {""count"": 10} ```",6.72
6625.jpg,59,60,1,0,"```json {""count"": 60} ```",6.15
6629.jpg,12,12,1,0,"```json {""count"": 12} ```",5.57
6630.jpg,10,10,1,0,"```json {""count"": 10} ```",5.37
6632.jpg,15,16,1,0,"```json {""count"": 16} ```",5.37
664.jpg,9,9,1,0,"```json {""count"": 9} ```",5.21
6643.jpg,35,30,1,0,"```json {""count"": 30} ```",4.84
6642.jpg,174,150,1,0,"```json {""count"": 150} ```",5.10
6645.jpg,36,33,1,0,"```json {""count"": 33} ```",4.81
6641.jpg,12,12,1,0,"```json {""count"": 12} ```",5.10
6644.jpg,500,200,1,0,"```json {""count"": 200} ```",5.16
6646.jpg,13,12,1,0,"```json {""count"": 12} ```",5.14
6647.jpg,199,120,1,0,"```json {""count"": 120} ```",4.95
6649.jpg,108,60,1,0,"```json {""count"": 60} ```",4.63
665.jpg,28,24,1,0,"```json {""count"": 24} ```",4.62
6633.jpg,8,8,1,0,"```json {""count"": 8} ```",6.95
6651.jpg,19,16,1,0,"```json {""count"": 16} ```",4.15
6655.jpg,240,60,1,0,"```json {""count"": 60} ```",3.60
6635.jpg,10,12,1,0,"```json {""count"": 12} ```",7.08
6657.jpg,123,60,1,0,"```json {""count"": 60} ```",3.60
6658.jpg,361,120,1,0,"```json {""count"": 120} ```",3.60
6654.jpg,41,30,1,0,"```json {""count"": 30} ```",3.94
6659.jpg,9,10,1,0,"```json {""count"": 10} ```",3.60
6653.jpg,309,144,1,0,"```json {""count"": 144} ```",4.15
6639.jpg,53,42,1,0,"```json {""count"": 42} ```",6.79
666.jpg,14,13,1,0,"```json {""count"": 13} ```",3.78
6660.jpg,10,10,1,0,"```json {""count"": 10} ```",3.78
6640.jpg,12,12,1,0,"```json {""count"": 12} ```",6.81
6648.jpg,48,36,1,0,"```json {""count"": 36} ```",6.55
6650.jpg,20,20,1,0,"```json {""count"": 20} ```",5.53
6652.jpg,33,24,1,0,"```json {""count"": 24} ```",5.60
6656.jpg,100,60,1,0,"```json {""count"": 60} ```",5.46
6661.jpg,371,144,1,0,"```json {""count"": 144} ```",5.05
6662.jpg,9,9,1,0,"```json {""count"": 9} ```",4.93
6663.jpg,15,14,1,0,"```json {""count"": 14} ```",4.83
6664.jpg,9,9,1,0,"```json {""count"": 9} ```",4.71
667.jpg,31,24,1,0,"```json {""count"": 24} ```",4.05
6671.jpg,18,17,1,0,"```json {""count"": 17} ```",3.96
6667.jpg,13,12,1,0,"```json {""count"": 12} ```",4.28
6666.jpg,15,13,1,0,"```json {""count"": 13} ```",4.68
6676.jpg,62,42,1,0,"```json {""count"": 42} ```",3.53
6665.jpg,32,27,1,0,"```json {""count"": 27} ```",5.35
6681.jpg,9,9,1,0,"```json {""count"": 9} ```",3.61
6668.jpg,17,20,1,0,"```json {""count"": 20} ```",4.67
6685.jpg,17,18,1,0,"```json {""count"": 18} ```",3.09
6670.jpg,25,21,1,0,"```json {""count"": 21} ```",4.60
6669.jpg,15,15,1,0,"```json {""count"": 15} ```",4.96
6672.jpg,27,18,1,0,"```json {""count"": 18} ```",4.75
6673.jpg,54,40,1,0,"```json {""count"": 40} ```",4.94
6690.jpg,19,14,1,0,"```json {""count"": 14} ```",2.24
6674.jpg,11,10,1,0,"```json {""count"": 10} ```",4.97
6675.jpg,15,15,1,0,"```json {""count"": 15} ```",5.15
6677.jpg,10,10,1,0,"```json {""count"": 10} ```",5.03
668.jpg,41,40,1,0,"```json {""count"": 40} ```",5.35
6698.jpg,26,24,1,0,"```json {""count"": 24} ```",2.05
6696.jpg,43,34,1,0,"```json {""count"": 34} ```",2.24
6680.jpg,11,10,1,0,"```json {""count"": 10} ```",5.67
6679.jpg,8,8,1,0,"```json {""count"": 8} ```",5.99
6678.jpg,68,50,1,0,"```json {""count"": 50} ```",6.32
670.jpg,11,11,1,0,"```json {""count"": 11} ```",3.02
6684.jpg,8,8,1,0,"```json {""count"": 8} ```",6.37
6702.jpg,23,18,1,0,"```json {""count"": 18} ```",3.02
6682.jpg,48,34,1,0,"```json {""count"": 34} ```",6.72
6705.jpg,12,10,1,0,"```json {""count"": 10} ```",2.78
6683.jpg,10,10,1,0,"```json {""count"": 10} ```",6.82
6686.jpg,10,11,1,0,"```json {""count"": 11} ```",6.72
6687.jpg,11,11,1,0,"```json {""count"": 11} ```",6.64
6688.jpg,14,13,1,0,"```json {""count"": 13} ```",6.61
6689.jpg,20,15,1,0,"```json {""count"": 15} ```",6.53
6712.jpg,36,36,1,0,"```json {""count"": 36} ```",2.46
6710.jpg,121,50,1,0,"```json {""count"": 50} ```",2.67
669.jpg,92,60,1,0,"```json {""count"": 60} ```",6.44
6715.jpg,36,50,1,0,"```json {""count"": 50} ```",1.71
6691.jpg,23,20,1,0,"```json {""count"": 20} ```",6.18
6692.jpg,8,8,1,0,"```json {""count"": 8} ```",6.28
6717.jpg,36,36,1,0,"```json {""count"": 36} ```",1.89
6693.jpg,37,30,1,0,"```json {""count"": 30} ```",6.26
6719.jpg,50,42,1,0,"```json {""count"": 42} ```",1.86
6694.jpg,10,10,1,0,"```json {""count"": 10} ```",6.15
6720.jpg,20,20,1,0,"```json {""count"": 20} ```",2.07
6695.jpg,10,10,1,0,"```json {""count"": 10} ```",6.21
6697.jpg,29,24,1,0,"```json {""count"": 24} ```",6.24
6721.jpg,11,10,1,0,"```json {""count"": 10} ```",2.14
6699.jpg,19,18,1,0,"```json {""count"": 18} ```",6.52
6723.jpg,276,233,1,0,"```json {""count"": 233} ```",2.00
6700.jpg,16,15,1,0,"```json {""count"": 15} ```",6.66
6726.jpg,48,50,1,0,"```json {""count"": 50} ```",2.02
6725.jpg,20,24,1,0,"```json {""count"": 24} ```",2.19
6701.jpg,11,11,1,0,"```json {""count"": 11} ```",6.91
6703.jpg,21,21,1,0,"```json {""count"": 21} ```",6.95
6704.jpg,17,15,1,0,"```json {""count"": 15} ```",6.89
6706.jpg,11,12,1,0,"```json {""count"": 12} ```",6.86
6707.jpg,8,9,1,0,"```json {""count"": 9} ```",6.88
6736.jpg,98,105,1,0,"```json {""count"": 105} ```",1.85
6734.jpg,38,30,1,0,"```json {""count"": 30} ```",2.07
6735.jpg,73,50,1,0,"```json {""count"": 50} ```",2.07
6708.jpg,40,30,1,0,"```json {""count"": 30} ```",6.88
6738.jpg,53,1,1,0,"```json {""count"": 1} ```",1.80
6737.jpg,18,20,1,0,"```json {""count"": 20} ```",1.99
6709.jpg,9,9,1,0,"```json {""count"": 9} ```",6.90
6739.jpg,108,105,1,0,"```json {""count"": 105} ```",1.95
671.jpg,21,16,1,0,"```json {""count"": 16} ```",6.86
6740.jpg,27,20,1,0,"```json {""count"": 20} ```",1.98
6711.jpg,72,72,1,0,"```json {""count"": 72} ```",7.01
6713.jpg,190,100,1,0,"```json {""count"": 100} ```",6.76
6743.jpg,19,20,1,0,"```json {""count"": 20} ```",1.93
6714.jpg,26,24,1,0,"```json {""count"": 24} ```",6.66
6716.jpg,61,50,1,0,"```json {""count"": 50} ```",6.40
6744.jpg,17,20,1,0,"```json {""count"": 20} ```",2.37
6745.jpg,47,1,1,0,"```json {""count"": 1} ```",2.35
672.jpg,13,13,1,0,"```json {""count"": 13} ```",6.47
6746.jpg,34,30,1,0,"```json {""count"": 30} ```",2.16
6748.jpg,27,30,1,0,"```json {""count"": 30} ```",2.30
6722.jpg,36,60,1,0,"```json {""count"": 60} ```",5.93
6749.jpg,53,50,1,0,"```json {""count"": 50} ```",2.30
6751.jpg,142,60,1,0,"```json {""count"": 60} ```",2.36
6724.jpg,59,34,1,0,"```json {""count"": 34} ```",5.98
6750.jpg,109,100,1,0,"```json {""count"": 100} ```",2.36
6754.jpg,108,60,1,0,"```json {""count"": 60} ```",2.16
6728.jpg,99,52,1,0,"```json {""count"": 52} ```",6.04
6718.jpg,82,86,1,0,"```json {""count"": 86} ```",7.76
6755.jpg,13,13,1,0,"```json {""count"": 13} ```",2.71
6727.jpg,18,12,1,0,"```json {""count"": 12} ```",6.68
6729.jpg,251,56,1,0,"```json {""count"": 56} ```",6.46
6758.jpg,26,24,1,0,"```json {""count"": 24} ```",2.54
6730.jpg,77,62,1,0,"```json {""count"": 62} ```",6.71
6731.jpg,36,1,1,0,"```json {""count"": 1} ```",6.75
6760.jpg,100,60,1,0,"```json {""count"": 60} ```",2.31
6762.jpg,62,1,1,0,"```json {""count"": 1} ```",2.30
6763.jpg,185,135,1,0,"```json {""count"": 135} ```",2.30
6733.jpg,24,24,1,0,"```json {""count"": 24} ```",6.76
6732.jpg,39,84,1,0,"```json {""count"": 84} ```",7.23
6764.jpg,112,60,1,0,"```json {""count"": 60} ```",2.59
674.jpg,25,24,1,0,"```json {""count"": 24} ```",6.18
6741.jpg,22,24,1,0,"```json {""count"": 24} ```",6.34
6742.jpg,24,24,1,0,"```json {""count"": 24} ```",6.46
6747.jpg,37,30,1,0,"```json {""count"": 30} ```",5.80
6770.jpg,54,0,1,1,"```json {""count"": 0} ```",2.85
6769.jpg,226,123,1,0,"```json {""count"": 123} ```",3.31
675.jpg,12,12,1,0,"```json {""count"": 12} ```",5.93
6752.jpg,53,50,1,0,"```json {""count"": 50} ```",6.11
6753.jpg,18,17,1,0,"```json {""count"": 17} ```",6.20
6756.jpg,35,33,1,0,"```json {""count"": 33} ```",6.14
6757.jpg,98,1,1,0,"```json {""count"": 1} ```",6.19
6778.jpg,47,84,1,0,"```json {""count"": 84} ```",3.55
6759.jpg,17,17,1,0,"```json {""count"": 17} ```",6.29
676.jpg,14,13,1,0,"```json {""count"": 13} ```",6.17
6766.jpg,85,84,1,0,"```json {""count"": 84} ```",6.17
6782.jpg,17,24,1,0,"```json {""count"": 24} ```",3.70
6785.jpg,45,50,1,0,"```json {""count"": 50} ```",3.11
6784.jpg,52,84,1,0,"```json {""count"": 84} ```",3.43
6767.jpg,28,24,1,0,"```json {""count"": 24} ```",6.19
6761.jpg,75,50,1,0,"```json {""count"": 50} ```",6.81
6786.jpg,52,50,1,0,"```json {""count"": 50} ```",3.43
6765.jpg,150,123,1,0,"```json {""count"": 123} ```",6.94
6788.jpg,211,105,1,0,"```json {""count"": 105} ```",3.32
6768.jpg,52,30,1,0,"```json {""count"": 30} ```",6.95
677.jpg,24,21,1,0,"```json {""count"": 21} ```",6.89
6789.jpg,171,108,1,0,"```json {""count"": 108} ```",3.64
6771.jpg,25,26,1,0,"```json {""count"": 26} ```",7.16
6791.jpg,66,8,1,0,"```json {""count"": 8} ```",3.23
6792.jpg,42,30,1,0,"```json {""count"": 30} ```",2.91
6774.jpg,73,50,1,0,"```json {""count"": 50} ```",6.63
6772.jpg,68,60,1,0,"```json {""count"": 60} ```",7.13
6793.jpg,62,50,1,0,"```json {""count"": 50} ```",3.21
6773.jpg,108,62,1,0,"```json {""count"": 62} ```",7.45
6775.jpg,191,60,1,0,"```json {""count"": 60} ```",7.39
6776.jpg,19,16,1,0,"```json {""count"": 16} ```",7.41
6802.jpg,95,87,1,0,"```json {""count"": 87} ```",2.43
6780.jpg,298,200,1,0,"```json {""count"": 200} ```",7.27
6796.jpg,12,11,1,0,"```json {""count"": 11} ```",3.20
6797.jpg,21,15,1,0,"```json {""count"": 15} ```",3.08
6799.jpg,48,50,1,0,"```json {""count"": 50} ```",3.08
6800.jpg,51,0,1,1,"```json {""count"": 0} ```",2.63
6801.jpg,29,17,1,0,"```json {""count"": 17} ```",2.63
6779.jpg,119,52,1,0,"```json {""count"": 52} ```",7.67
6777.jpg,122,105,1,0,"```json {""count"": 105} ```",7.99
678.jpg,17,15,1,0,"```json {""count"": 15} ```",8.10
6781.jpg,23,20,1,0,"```json {""count"": 20} ```",8.00
6787.jpg,28,24,1,0,"```json {""count"": 24} ```",7.22
6808.jpg,19,0,1,1,"```json {""count"": 0} ```",2.97
681.jpg,24,24,1,0,"```json {""count"": 24} ```",2.67
679.jpg,24,20,1,0,"```json {""count"": 20} ```",6.81
6810.jpg,40,30,1,0,"```json {""count"": 30} ```",2.68
6811.jpg,209,100,1,0,"```json {""count"": 100} ```",2.68
6794.jpg,27,20,1,0,"```json {""count"": 20} ```",6.09
6783.jpg,17,15,1,0,"```json {""count"": 15} ```",9.01
6813.jpg,19,20,1,0,"```json {""count"": 20} ```",2.76
6790.jpg,485,200,1,0,"```json {""count"": 200} ```",7.56
6795.jpg,99,50,1,0,"```json {""count"": 50} ```",6.66
6798.jpg,87,62,1,0,"```json {""count"": 62} ```",6.22
6814.jpg,28,27,1,0,"```json {""count"": 27} ```",3.17
6817.jpg,50,1,1,0,"```json {""count"": 1} ```",3.17
6815.jpg,114,105,1,0,"```json {""count"": 105} ```",3.68
6820.jpg,176,180,1,0,"```json {""count"": 180} ```",3.28
6818.jpg,128,0,1,1,"```json {""count"": 0} ```",3.68
6803.jpg,48,50,1,0,"```json {""count"": 50} ```",5.79
68.jpg,17,15,1,0,"```json {""count"": 15} ```",6.61
680.jpg,12,12,1,0,"```json {""count"": 12} ```",6.70
6824.jpg,33,24,1,0,"```json {""count"": 24} ```",2.63
6804.jpg,12,12,1,0,"```json {""count"": 12} ```",6.02
6828.jpg,25,24,1,0,"```json {""count"": 24} ```",2.41
6826.jpg,135,60,1,0,"```json {""count"": 60} ```",2.74
6806.jpg,25,20,1,0,"```json {""count"": 20} ```",5.83
6831.jpg,27,24,1,0,"```json {""count"": 24} ```",2.19
6829.jpg,107,84,1,0,"```json {""count"": 84} ```",2.71
6807.jpg,107,20,1,0,"```json {""count"": 20} ```",6.10
6805.jpg,49,50,1,0,"```json {""count"": 50} ```",7.01
6832.jpg,18,15,1,0,"```json {""count"": 15} ```",2.47
6809.jpg,140,200,1,0,"```json {""count"": 200} ```",6.62
6812.jpg,73,75,1,0,"```json {""count"": 75} ```",6.08
6836.jpg,15,16,1,0,"```json {""count"": 16} ```",2.77
6816.jpg,132,109,1,0,"```json {""count"": 109} ```",5.94
6834.jpg,270,100,1,0,"```json {""count"": 100} ```",2.80
6821.jpg,42,24,1,0,"```json {""count"": 24} ```",6.01
6838.jpg,25,20,1,0,"```json {""count"": 20} ```",2.83
6840.jpg,19,20,1,0,"```json {""count"": 20} ```",2.83
6842.jpg,36,24,1,0,"```json {""count"": 24} ```",2.91
6839.jpg,58,62,1,0,"```json {""count"": 62} ```",3.16
6819.jpg,12,12,1,0,"```json {""count"": 12} ```",6.64
6823.jpg,23,24,1,0,"```json {""count"": 24} ```",5.82
682.jpg,14,12,1,0,"```json {""count"": 12} ```",6.90
6844.jpg,429,1,1,0,"```json {""count"": 1} ```",3.00
6822.jpg,175,108,1,0,"```json {""count"": 108} ```",6.49
6825.jpg,14,13,1,0,"```json {""count"": 13} ```",5.86
6852.jpg,68,63,1,0,"```json {""count"": 63} ```",2.60
6847.jpg,67,50,1,0,"```json {""count"": 50} ```",3.39
683.jpg,30,24,1,0,"```json {""count"": 24} ```",5.72
6854.jpg,8,10,1,0,"```json {""count"": 10} ```",2.18
6853.jpg,26,20,1,0,"```json {""count"": 20} ```",2.49
6856.jpg,15,16,1,0,"```json {""count"": 16} ```",2.18
6830.jpg,96,105,1,0,"```json {""count"": 105} ```",5.83
6827.jpg,16,14,1,0,"```json {""count"": 14} ```",6.69
6833.jpg,17,15,1,0,"```json {""count"": 15} ```",5.62
6835.jpg,138,123,1,0,"```json {""count"": 123} ```",5.73
6837.jpg,87,50,1,0,"```json {""count"": 50} ```",5.50
6857.jpg,93,50,1,0,"```json {""count"": 50} ```",2.78
6841.jpg,40,40,1,0,"```json {""count"": 40} ```",5.89
6843.jpg,24,20,1,0,"```json {""count"": 20} ```",5.72
6860.jpg,512,1,1,0,"```json {""count"": 1} ```",3.10
6845.jpg,27,24,1,0,"```json {""count"": 24} ```",5.76
6864.jpg,111,105,1,0,"```json {""count"": 105} ```",3.49
6846.jpg,28,24,1,0,"```json {""count"": 24} ```",6.20
6848.jpg,106,63,1,0,"```json {""count"": 63} ```",6.56
6865.jpg,162,62,1,0,"```json {""count"": 62} ```",3.93
6868.jpg,23,24,1,0,"```json {""count"": 24} ```",3.67
6849.jpg,22,20,1,0,"```json {""count"": 20} ```",6.88
6855.jpg,79,60,1,0,"```json {""count"": 60} ```",5.81
6870.jpg,270,144,1,0,"```json {""count"": 144} ```",3.63
685.jpg,86,63,1,0,"```json {""count"": 63} ```",7.08
687.jpg,548,1000,1,0,"```json {""count"": 1000} ```",3.74
6851.jpg,108,60,1,0,"```json {""count"": 60} ```",7.05
6850.jpg,25,24,1,0,"```json {""count"": 24} ```",7.27
6859.jpg,24,24,1,0,"```json {""count"": 24} ```",6.17
6858.jpg,93,107,1,0,"```json {""count"": 107} ```",6.38
686.jpg,47,42,1,0,"```json {""count"": 42} ```",6.35
6872.jpg,49,24,1,0,"```json {""count"": 24} ```",5.18
6873.jpg,11,10,1,0,"```json {""count"": 10} ```",4.93
6875.jpg,20,20,1,0,"```json {""count"": 20} ```",4.61
6862.jpg,219,109,1,0,"```json {""count"": 109} ```",6.66
6878.jpg,72,2,1,0,"```json {""count"": 2} ```",3.89
6881.jpg,146,85,1,0,"```json {""count"": 85} ```",3.36
6883.jpg,70,60,1,0,"```json {""count"": 60} ```",2.92
6876.jpg,58,40,1,0,"```json {""count"": 40} ```",4.33
6863.jpg,34,24,1,0,"```json {""count"": 24} ```",6.70
6882.jpg,10,9,1,0,"```json {""count"": 9} ```",3.41
6885.jpg,167,52,1,0,"```json {""count"": 52} ```",3.04
6887.jpg,25,24,1,0,"```json {""count"": 24} ```",2.72
6869.jpg,13,13,1,0,"```json {""count"": 13} ```",6.39
6861.jpg,31,27,1,0,"```json {""count"": 27} ```",7.55
6890.jpg,16,13,1,0,"```json {""count"": 13} ```",2.70
6866.jpg,207,109,1,0,"```json {""count"": 109} ```",7.07
6867.jpg,61,56,1,0,"```json {""count"": 56} ```",6.87
6871.jpg,17,16,1,0,"```json {""count"": 16} ```",6.98
6874.jpg,24,20,1,0,"```json {""count"": 20} ```",6.96
6892.jpg,54,50,1,0,"```json {""count"": 50} ```",3.16
6894.jpg,173,135,1,0,"```json {""count"": 135} ```",2.64
6877.jpg,66,36,1,0,"```json {""count"": 36} ```",6.45
6902.jpg,40,24,1,0,"```json {""count"": 24} ```",2.95
6896.jpg,15,13,1,0,"```json {""count"": 13} ```",3.17
6886.jpg,84,50,1,0,"```json {""count"": 50} ```",4.89
6879.jpg,16,16,1,0,"```json {""count"": 16} ```",6.84
6903.jpg,46,46,1,0,"```json {""count"": 46} ```",2.87
6901.jpg,38,34,1,0,"```json {""count"": 34} ```",3.16
6889.jpg,87,7,1,0,"```json {""count"": 7} ```",5.10
6880.jpg,106,84,1,0,"```json {""count"": 84} ```",7.04
6884.jpg,70,50,1,0,"```json {""count"": 50} ```",6.06
6888.jpg,153,60,1,0,"```json {""count"": 60} ```",5.77
689.jpg,63,50,1,0,"```json {""count"": 50} ```",5.84
6891.jpg,30,30,1,0,"```json {""count"": 30} ```",5.88
6905.jpg,49,50,1,0,"```json {""count"": 50} ```",4.05
6908.jpg,85,49,1,0,"```json {""count"": 49} ```",3.94
6909.jpg,72,72,1,0,"```json {""count"": 72} ```",3.79
6907.jpg,53,50,1,0,"```json {""count"": 50} ```",4.05
6895.jpg,31,27,1,0,"```json {""count"": 27} ```",5.20
6915.jpg,30,24,1,0,"```json {""count"": 24} ```",2.83
691.jpg,109,30,1,0,"```json {""count"": 30} ```",3.99
6910.jpg,46,50,1,0,"```json {""count"": 50} ```",3.81
6893.jpg,81,60,1,0,"```json {""count"": 60} ```",5.93
6897.jpg,59,52,1,0,"```json {""count"": 52} ```",5.52
6899.jpg,24,24,1,0,"```json {""count"": 24} ```",5.62
692.jpg,11,12,1,0,"```json {""count"": 12} ```",2.52
6918.jpg,87,60,1,0,"```json {""count"": 60} ```",2.72
6917.jpg,29,24,1,0,"```json {""count"": 24} ```",2.72
6916.jpg,65,42,1,0,"```json {""count"": 42} ```",2.72
69.jpg,22,21,1,0,"```json {""count"": 21} ```",6.00
6898.jpg,221,120,1,0,"```json {""count"": 120} ```",6.32
6900.jpg,153,131,1,0,"```json {""count"": 131} ```",6.53
6904.jpg,13,15,1,0,"```json {""count"": 15} ```",6.36
6913.jpg,45,50,1,0,"```json {""count"": 50} ```",5.48
6925.jpg,84,123,1,0,"```json {""count"": 123} ```",3.42
6912.jpg,12,10,1,0,"```json {""count"": 10} ```",5.91
6928.jpg,30,24,1,0,"```json {""count"": 24} ```",3.10
6906.jpg,36,40,1,0,"```json {""count"": 40} ```",7.15
6929.jpg,37,1,1,0,"```json {""count"": 1} ```",3.32
6927.jpg,32,24,1,0,"```json {""count"": 24} ```",3.32
6932.jpg,49,50,1,0,"```json {""count"": 50} ```",3.09
6911.jpg,39,40,1,0,"```json {""count"": 40} ```",6.57
6914.jpg,70,62,1,0,"```json {""count"": 62} ```",6.45
6933.jpg,19,20,1,0,"```json {""count"": 20} ```",3.41
6919.jpg,26,20,1,0,"```json {""count"": 20} ```",5.57
6920.jpg,44,24,1,0,"```json {""count"": 24} ```",5.89
6921.jpg,64,60,1,0,"```json {""count"": 60} ```",5.97
6922.jpg,70,74,1,0,"```json {""count"": 74} ```",6.04
6923.jpg,28,24,1,0,"```json {""count"": 24} ```",5.97
6944.jpg,26,20,1,0,"```json {""count"": 20} ```",2.39
6936.jpg,111,123,1,0,"```json {""count"": 123} ```",4.28
6939.jpg,62,50,1,0,"```json {""count"": 50} ```",4.22
6924.jpg,30,24,1,0,"```json {""count"": 24} ```",6.06
6945.jpg,379,0,1,1,"```json {""count"": 0} ```",2.48
6947.jpg,57,62,1,0,"```json {""count"": 62} ```",2.45
6946.jpg,12,10,1,0,"```json {""count"": 10} ```",2.45
693.jpg,17,16,1,0,"```json {""count"": 16} ```",5.54
6926.jpg,238,200,1,0,"```json {""count"": 200} ```",6.08
6948.jpg,166,87,1,0,"```json {""count"": 87} ```",2.67
6930.jpg,16,13,1,0,"```json {""count"": 13} ```",5.91
6931.jpg,355,200,1,0,"```json {""count"": 200} ```",6.04
6952.jpg,85,60,1,0,"```json {""count"": 60} ```",2.69
6955.jpg,25,24,1,0,"```json {""count"": 24} ```",2.33
6934.jpg,87,75,1,0,"```json {""count"": 75} ```",6.28
6935.jpg,60,60,1,0,"```json {""count"": 60} ```",6.26
6938.jpg,45,44,1,0,"```json {""count"": 44} ```",6.09
6937.jpg,482,200,1,0,"```json {""count"": 200} ```",6.53
6959.jpg,212,60,1,0,"```json {""count"": 60} ```",2.64
6962.jpg,29,30,1,0,"```json {""count"": 30} ```",2.47
6961.jpg,178,100,1,0,"```json {""count"": 100} ```",2.64
6960.jpg,19,21,1,0,"```json {""count"": 21} ```",2.65
694.jpg,80,62,1,0,"```json {""count"": 62} ```",6.86
6940.jpg,71,62,1,0,"```json {""count"": 62} ```",6.74
6963.jpg,30,24,1,0,"```json {""count"": 24} ```",2.75
6941.jpg,93,15,1,0,"```json {""count"": 15} ```",6.72
6965.jpg,70,50,1,0,"```json {""count"": 50} ```",2.95
6943.jpg,34,52,1,0,"```json {""count"": 52} ```",6.60
697.jpg,52,50,1,0,"```json {""count"": 50} ```",2.52
6942.jpg,48,52,1,0,"```json {""count"": 52} ```",7.13
695.jpg,11,11,1,0,"```json {""count"": 11} ```",5.81
6949.jpg,18,20,1,0,"```json {""count"": 20} ```",6.07
6950.jpg,24,24,1,0,"```json {""count"": 24} ```",6.24
6975.jpg,20,100,1,0,"```json {""count"": 100} ```",2.51
6953.jpg,18,16,1,0,"```json {""count"": 16} ```",6.25
6954.jpg,78,60,1,0,"```json {""count"": 60} ```",6.20
6978.jpg,40,42,1,0,"```json {""count"": 42} ```",2.39
6976.jpg,200,100,1,0,"```json {""count"": 100} ```",2.39
6971.jpg,101,84,1,0,"```json {   ""count"": 84 } ```",3.85
6956.jpg,27,24,1,0,"```json {""count"": 24} ```",5.92
6982.jpg,27,24,1,0,"```json {""count"": 24} ```",2.39
6979.jpg,11,10,1,0,"```json {""count"": 10} ```",2.89
6951.jpg,47,40,1,0,"```json {""count"": 40} ```",7.40
6957.jpg,11,12,1,0,"```json {""count"": 12} ```",6.25
6958.jpg,104,105,1,0,"```json {""count"": 105} ```",6.28
6984.jpg,89,50,1,0,"```json {""count"": 50} ```",2.66
6964.jpg,75,50,1,0,"```json {""count"": 50} ```",5.95
6966.jpg,35,50,1,0,"```json {""count"": 50} ```",6.12
6968.jpg,109,85,1,0,"```json {""count"": 85} ```",6.23
6967.jpg,116,105,1,0,"```json {""count"": 105} ```",6.42
6990.jpg,45,50,1,0,"```json {""count"": 50} ```",2.52
6991.jpg,27,24,1,0,"```json {""count"": 24} ```",2.52
6969.jpg,949,200,1,0,"```json {""count"": 200} ```",6.45
6970.jpg,303,200,1,0,"```json {""count"": 200} ```",6.34
6995.jpg,41,50,1,0,"```json {""count"": 50} ```",2.28
6998.jpg,84,2,1,0,"```json {""count"": 2} ```",2.08
6996.jpg,89,84,1,0,"```json {""count"": 84} ```",2.28
7.jpg,13,13,1,0,"```json {""count"": 13} ```",1.95
6999.jpg,198,100,1,0,"```json {""count"": 100} ```",2.15
6973.jpg,158,120,1,0,"```json {""count"": 120} ```",6.22
70.jpg,32,26,1,0,"```json {""count"": 26} ```",2.03
6974.jpg,366,0,1,1,"```json {""count"": 0} ```",6.32
6972.jpg,134,105,1,0,"```json {""count"": 105} ```",6.99
698.jpg,154,109,1,0,"```json {""count"": 109} ```",6.01
6977.jpg,101,100,1,0,"```json {""count"": 100} ```",6.23
7001.jpg,24,25,1,0,"```json {""count"": 25} ```",2.55
7002.jpg,100,105,1,0,"```json {""count"": 105} ```",2.38
6980.jpg,38,27,1,0,"```json {""count"": 27} ```",6.33
7004.jpg,117,87,1,0,"```json {""count"": 87} ```",2.08
6981.jpg,57,50,1,0,"```json {""count"": 50} ```",6.46
6983.jpg,40,62,1,0,"```json {""count"": 62} ```",6.42
6985.jpg,143,105,1,0,"```json {""count"": 105} ```",6.32
7005.jpg,290,0,1,1,"```json {""count"": 0} ```",3.00
6987.jpg,64,85,1,0,"```json {""count"": 85} ```",6.32
6986.jpg,32,30,1,0,"```json {""count"": 30} ```",6.94
701.jpg,60,50,1,0,"```json {""count"": 50} ```",3.27
6988.jpg,24,21,1,0,"```json {""count"": 21} ```",6.56
7010.jpg,151,87,1,0,"```json {""count"": 87} ```",3.27
6989.jpg,76,85,1,0,"```json {""count"": 85} ```",6.71
6992.jpg,68,56,1,0,"```json {""count"": 56} ```",6.50
6993.jpg,90,107,1,0,"```json {""count"": 107} ```",6.81
7017.jpg,61,60,1,0,"```json {""count"": 60} ```",3.19
6994.jpg,272,120,1,0,"```json {""count"": 120} ```",7.00
6997.jpg,78,84,1,0,"```json {""count"": 84} ```",6.85
7000.jpg,65,50,1,0,"```json {""count"": 50} ```",6.36
702.jpg,65,50,1,0,"```json {""count"": 50} ```",3.64
7003.jpg,182,109,1,0,"```json {""count"": 109} ```",5.89
7006.jpg,15,16,1,0,"```json {""count"": 16} ```",5.67
7007.jpg,38,40,1,0,"```json {""count"": 40} ```",5.87
7009.jpg,209,200,1,0,"```json {""count"": 200} ```",6.06
7028.jpg,214,108,1,0,"```json {""count"": 108} ```",2.79
7029.jpg,199,105,1,0,"```json {""count"": 105} ```",2.79
7030.jpg,96,108,1,0,"```json {""count"": 108} ```",2.46
7008.jpg,22,16,1,0,"```json {""count"": 16} ```",6.27
7031.jpg,12,12,1,0,"```json {""count"": 12} ```",2.35
7011.jpg,44,30,1,0,"```json {""count"": 30} ```",6.24
7012.jpg,66,60,1,0,"```json {""count"": 60} ```",6.56
7034.jpg,43,48,1,0,"```json {""count"": 48} ```",2.64
7033.jpg,83,50,1,0,"```json {""count"": 50} ```",2.83
7013.jpg,139,87,1,0,"```json {""count"": 87} ```",6.79
7014.jpg,82,50,1,0,"```json {""count"": 50} ```",6.82
7015.jpg,141,108,1,0,"```json {""count"": 108} ```",7.00
7037.jpg,63,60,1,0,"```json {""count"": 60} ```",2.58
7016.jpg,100,85,1,0,"```json {""count"": 85} ```",6.92
7039.jpg,60,42,1,0,"```json {""count"": 42} ```",2.65
7038.jpg,125,87,1,0,"```json {""count"": 87} ```",2.85
7018.jpg,94,50,1,0,"```json {""count"": 50} ```",6.94
7019.jpg,65,50,1,0,"```json {""count"": 50} ```",7.06
7020.jpg,51,60,1,0,"```json {""count"": 60} ```",7.05
7045.jpg,55,50,1,0,"```json {""count"": 50} ```",2.37
7021.jpg,33,30,1,0,"```json {""count"": 30} ```",7.23
7046.jpg,145,100,1,0,"```json {""count"": 100} ```",2.50
7042.jpg,198,50,1,0,"```json {""count"": 50} ```",2.88
7022.jpg,51,50,1,0,"```json {""count"": 50} ```",7.34
7048.jpg,288,144,1,0,"```json {""count"": 144} ```",2.18
7023.jpg,78,60,1,0,"```json {""count"": 60} ```",7.26
7024.jpg,68,60,1,0,"```json {""count"": 60} ```",7.24
7026.jpg,96,107,1,0,"```json {""count"": 107} ```",7.26
7053.jpg,23,44,1,0,"```json {""count"": 44} ```",2.24
7051.jpg,48,40,1,0,"```json {""count"": 40} ```",2.45
7027.jpg,93,87,1,0,"```json {""count"": 87} ```",7.26
7054.jpg,72,72,1,0,"```json {""count"": 72} ```",2.48
7055.jpg,24,30,1,0,"```json {""count"": 30} ```",2.48
7025.jpg,42,30,1,0,"```json {""count"": 30} ```",7.85
703.jpg,44,42,1,0,"```json {""count"": 42} ```",7.50
7032.jpg,23,24,1,0,"```json {""count"": 24} ```",6.74
7059.jpg,99,0,1,1,"```json {""count"": 0} ```",2.42
7058.jpg,18,24,1,0,"```json {""count"": 24} ```",2.45
7057.jpg,52,1,1,0,"```json {""count"": 1} ```",2.63
706.jpg,90,50,1,0,"```json {""count"": 50} ```",2.24
7035.jpg,171,109,1,0,"```json {""count"": 109} ```",6.47
7060.jpg,65,50,1,0,"```json {""count"": 50} ```",2.39
7036.jpg,187,135,1,0,"```json {""count"": 135} ```",6.69
7063.jpg,17,13,1,0,"```json {""count"": 13} ```",2.40
704.jpg,59,50,1,0,"```json {""count"": 50} ```",6.32
7041.jpg,24,12,1,0,"```json {""count"": 12} ```",6.07
7065.jpg,16,15,1,0,"```json {""count"": 15} ```",2.56
7066.jpg,55,1,1,0,"```json {""count"": 1} ```",2.21
7043.jpg,95,108,1,0,"```json {""count"": 108} ```",6.35
7040.jpg,266,200,1,0,"```json {""count"": 200} ```",6.58
7072.jpg,48,1,1,0,"```json {""count"": 1} ```",2.32
7070.jpg,39,33,1,0,"```json {""count"": 33} ```",2.37
7047.jpg,54,34,1,0,"```json {""count"": 34} ```",6.15
7074.jpg,18,14,1,0,"```json {""count"": 14} ```",2.27
7056.jpg,77,50,1,0,"```json {""count"": 50} ```",5.05
7075.jpg,195,100,1,0,"```json {""count"": 100} ```",2.82
7064.jpg,276,242,1,0,"```json {""count"": 242} ```",4.39
7077.jpg,140,109,1,0,"```json {""count"": 109} ```",2.82
708.jpg,15,11,1,0,"```json {""count"": 11} ```",3.20
7078.jpg,25,24,1,0,"```json {""count"": 24} ```",3.46
7080.jpg,25,24,1,0,"```json {""count"": 24} ```",3.20
7067.jpg,53,35,1,0,"```json {""count"": 35} ```",4.82
7044.jpg,49,50,1,0,"```json {""count"": 50} ```",8.91
7079.jpg,59,60,1,0,"```json {""count"": 60} ```",3.94
7083.jpg,17,0,1,1,"```json {""count"": 0} ```",3.37
7049.jpg,92,84,1,0,"```json {""count"": 84} ```",8.44
7081.jpg,36,22,1,0,"```json {""count"": 22} ```",4.18
705.jpg,46,30,1,0,"```json {""count"": 30} ```",8.77
7084.jpg,16,15,1,0,"```json {""count"": 15} ```",3.92
7085.jpg,16,12,1,0,"```json {""count"": 12} ```",3.92
7050.jpg,33,34,1,0,"```json {""count"": 34} ```",8.75
7052.jpg,52,2,1,0,"```json {""count"": 2} ```",8.90
7082.jpg,128,109,1,0,"```json {""count"": 109} ```",4.55
7061.jpg,40,50,1,0,"```json {""count"": 50} ```",7.86
7062.jpg,59,60,1,0,"```json {""count"": 60} ```",8.01
7068.jpg,25,24,1,0,"```json {""count"": 24} ```",7.44
7069.jpg,142,108,1,0,"```json {""count"": 108} ```",7.45
7071.jpg,44,52,1,0,"```json {""count"": 52} ```",7.48
7073.jpg,40,42,1,0,"```json {""count"": 42} ```",7.57
7076.jpg,31,26,1,0,"```json {""count"": 26} ```",7.48
7086.jpg,42,42,1,0,"```json {""count"": 42} ```",6.30
7097.jpg,47,14,1,0,"```json {""count"": 14} ```",4.08
7092.jpg,102,52,1,0,"```json {""count"": 52} ```",5.06
7095.jpg,50,50,1,0,"```json {""count"": 50} ```",4.41
7101.jpg,36,25,1,0,"```json {""count"": 25} ```",3.11
7088.jpg,110,50,1,0,"```json {""count"": 50} ```",6.09
7103.jpg,48,42,1,0,"```json {""count"": 42} ```",3.16
7104.jpg,287,165,1,0,"```json {""count"": 165} ```",3.16
709.jpg,132,109,1,0,"```json {""count"": 109} ```",6.41
7089.jpg,155,200,1,0,"```json {""count"": 200} ```",6.73
7106.jpg,13,12,1,0,"```json {""count"": 12} ```",3.35
7107.jpg,19,20,1,0,"```json {""count"": 20} ```",3.35
7087.jpg,100,60,1,0,"```json {""count"": 60} ```",7.22
7091.jpg,46,24,1,0,"```json {""count"": 24} ```",6.83
7108.jpg,64,75,1,0,"```json {""count"": 75} ```",3.37
7090.jpg,31,24,1,0,"```json {""count"": 24} ```",7.13
7094.jpg,151,1,1,0,"```json {""count"": 1} ```",6.74
7112.jpg,24,24,1,0,"```json {""count"": 24} ```",2.58
7093.jpg,261,242,1,0,"```json {""count"": 242} ```",7.07
7096.jpg,19,16,1,0,"```json {""count"": 16} ```",6.73
7113.jpg,35,40,1,0,"```json {""count"": 40} ```",2.71
7098.jpg,49,40,1,0,"```json {""count"": 40} ```",6.61
71.jpg,23,21,1,0,"```json {""count"": 21} ```",6.72
7099.jpg,42,34,1,0,"```json {""count"": 34} ```",6.92
7118.jpg,33,60,1,0,"```json {""count"": 60} ```",3.20
7100.jpg,27,30,1,0,"```json {""count"": 30} ```",6.84
7124.jpg,49,36,1,0,"```json {""count"": 36} ```",2.82
7122.jpg,21,13,1,0,"```json {""count"": 13} ```",3.01
7102.jpg,24,24,1,0,"```json {""count"": 24} ```",6.82
710.jpg,16,13,1,0,"```json {""count"": 13} ```",7.47
7128.jpg,49,75,1,0,"```json {""count"": 75} ```",2.80
7127.jpg,113,200,1,0,"```json {""count"": 200} ```",2.99
7105.jpg,20,20,1,0,"```json {""count"": 20} ```",7.06
7109.jpg,48,60,1,0,"```json {""count"": 60} ```",6.27
711.jpg,27,24,1,0,"```json {""count"": 24} ```",6.13
7114.jpg,289,200,1,0,"```json {""count"": 200} ```",5.50
7110.jpg,35,33,1,0,"```json {""count"": 33} ```",6.45
713.jpg,24,20,1,0,"```json {""count"": 20} ```",3.32
7130.jpg,52,1,1,0,"```json {""count"": 1} ```",3.29
7111.jpg,193,109,1,0,"```json {""count"": 109} ```",6.52
7115.jpg,351,200,1,0,"```json {""count"": 200} ```",5.80
7119.jpg,59,60,1,0,"```json {""count"": 60} ```",6.24
7116.jpg,78,50,1,0,"```json {""count"": 50} ```",6.38
7139.jpg,21,20,1,0,"```json {""count"": 20} ```",2.67
7136.jpg,87,60,1,0,"```json {""count"": 60} ```",3.18
7117.jpg,24,24,1,0,"```json {""count"": 24} ```",6.70
7120.jpg,47,24,1,0,"```json {""count"": 24} ```",6.53
712.jpg,67,50,1,0,"```json {""count"": 50} ```",6.98
7121.jpg,111,87,1,0,"```json {""count"": 87} ```",7.16
7125.jpg,37,24,1,0,"```json {""count"": 24} ```",6.93
7147.jpg,210,100,1,0,"```json {""count"": 100} ```",2.75
7148.jpg,67,26,1,0,"```json {""count"": 26} ```",2.75
7129.jpg,104,60,1,0,"```json {""count"": 60} ```",6.68
7123.jpg,29,20,1,0,"```json {""count"": 20} ```",7.47
7150.jpg,118,86,1,0,"```json {""count"": 86} ```",2.89
7126.jpg,45,50,1,0,"```json {""count"": 50} ```",7.56
7132.jpg,33,27,1,0,"```json {""count"": 27} ```",6.56
7131.jpg,123,61,1,0,"```json {""count"": 61} ```",6.85
7156.jpg,87,62,1,0,"```json {""count"": 62} ```",2.45
7154.jpg,105,56,1,0,"```json {""count"": 56} ```",2.98
7152.jpg,71,81,1,0,"```json {""count"": 81} ```",2.98
7155.jpg,69,30,1,0,"```json {""count"": 30} ```",2.66
7133.jpg,35,52,1,0,"```json {""count"": 52} ```",6.87
7134.jpg,23,21,1,0,"```json {""count"": 21} ```",6.61
7157.jpg,20,13,1,0,"```json {""count"": 13} ```",2.24
7135.jpg,33,20,1,0,"```json {""count"": 20} ```",6.74
7137.jpg,95,60,1,0,"```json {""count"": 60} ```",6.81
714.jpg,100,85,1,0,"```json {""count"": 85} ```",6.72
7138.jpg,46,50,1,0,"```json {""count"": 50} ```",7.04
7140.jpg,22,22,1,0,"```json {""count"": 22} ```",7.04
7159.jpg,42,30,1,0,"```json {""count"": 30} ```",3.67
716.jpg,182,109,1,0,"```json {""count"": 109} ```",3.46
7160.jpg,49,50,1,0,"```json {""count"": 50} ```",3.46
7142.jpg,30,24,1,0,"```json {""count"": 24} ```",7.51
7146.jpg,12,12,1,0,"```json {""count"": 12} ```",6.68
7166.jpg,34,24,1,0,"```json {""count"": 24} ```",2.78
7141.jpg,28,24,1,0,"```json {""count"": 24} ```",7.72
7143.jpg,121,84,1,0,"```json {""count"": 84} ```",7.87
7144.jpg,92,84,1,0,"```json {""count"": 84} ```",7.97
7145.jpg,24,24,1,0,"```json {""count"": 24} ```",8.11
7149.jpg,17,16,1,0,"```json {""count"": 16} ```",7.77
715.jpg,21,17,1,0,"```json {""count"": 17} ```",7.67
7151.jpg,148,100,1,0,"```json {""count"": 100} ```",7.20
7171.jpg,13,6,1,0,"```json {""count"": 6} ```",4.24
7153.jpg,18,14,1,0,"```json {""count"": 14} ```",7.43
7178.jpg,60,60,1,0,"```json {""count"": 60} ```",2.49
7158.jpg,12,12,1,0,"```json {""count"": 12} ```",6.50
7161.jpg,36,40,1,0,"```json {""count"": 40} ```",5.98
7162.jpg,244,242,1,0,"```json {""count"": 242} ```",6.18
7164.jpg,83,60,1,0,"```json {""count"": 60} ```",6.26
7182.jpg,16,13,1,0,"```json {""count"": 13} ```",3.17
7184.jpg,72,36,1,0,"```json {""count"": 36} ```",3.17
7185.jpg,40,1,1,0,"```json {""count"": 1} ```",2.97
7163.jpg,13,12,1,0,"```json {""count"": 12} ```",6.46
7187.jpg,50,36,1,0,"```json {""count"": 36} ```",2.67
7167.jpg,217,120,1,0,"```json {""count"": 120} ```",6.30
7165.jpg,234,100,1,0,"```json {   ""count"": 100 } ```",6.89
7169.jpg,34,48,1,0,"```json {""count"": 48} ```",6.73
7168.jpg,66,13,1,0,"```json {""count"": 13} ```",7.06
7188.jpg,67,60,1,0,"```json {""count"": 60} ```",3.34
717.jpg,20,13,1,0,"```json {""count"": 13} ```",7.26
7174.jpg,96,2,1,0,"```json {""count"": 2} ```",7.18
7170.jpg,19,20,1,0,"```json {""count"": 20} ```",8.01
7172.jpg,15,15,1,0,"```json {""count"": 15} ```",8.03
7190.jpg,60,60,1,0,"```json {""count"": 60} ```",3.82
7195.jpg,384,3,1,0,"```json {""count"": 3} ```",3.08
7173.jpg,48,36,1,0,"```json {""count"": 36} ```",7.92
7175.jpg,38,27,1,0,"```json {""count"": 27} ```",7.59
7176.jpg,39,50,1,0,"```json {""count"": 50} ```",7.47
7177.jpg,42,42,1,0,"```json {""count"": 42} ```",7.45
7179.jpg,40,42,1,0,"```json {""count"": 42} ```",7.20
7180.jpg,98,87,1,0,"```json {""count"": 87} ```",7.43
72.jpg,189,140,1,0,"```json {""count"": 140} ```",3.91
7198.jpg,36,60,1,0,"```json {""count"": 60} ```",3.94
7199.jpg,123,1,1,0,"```json {""count"": 1} ```",3.94
7201.jpg,211,120,1,0,"```json {""count"": 120} ```",3.29
7181.jpg,135,144,1,0,"```json {""count"": 144} ```",7.53
7202.jpg,59,0,1,1,"```json {""count"": 0} ```",3.48
7183.jpg,62,60,1,0,"```json {""count"": 60} ```",7.62
7186.jpg,151,100,1,0,"```json {""count"": 100} ```",7.40
7209.jpg,40,40,1,0,"```json {""count"": 40} ```",2.56
7189.jpg,130,123,1,0,"```json {""count"": 123} ```",6.91
719.jpg,17,14,1,0,"```json {""count"": 14} ```",6.89
7191.jpg,43,50,1,0,"```json {""count"": 50} ```",7.01
7192.jpg,19,15,1,0,"```json {""count"": 15} ```",7.02
7212.jpg,228,189,1,0,"```json {""count"": 189} ```",2.81
7193.jpg,13,13,1,0,"```json {""count"": 13} ```",7.18
7194.jpg,25,24,1,0,"```json {""count"": 24} ```",7.20
7196.jpg,123,84,1,0,"```json {""count"": 84} ```",7.03
7217.jpg,23,20,1,0,"```json {""count"": 20} ```",3.22
7219.jpg,51,60,1,0,"```json {""count"": 60} ```",3.22
7197.jpg,79,75,1,0,"```json {""count"": 75} ```",7.17
7218.jpg,33,27,1,0,"```json {""count"": 27} ```",3.23
7216.jpg,25,30,1,0,"```json {""count"": 30} ```",3.23
720.jpg,18,12,1,0,"```json {""count"": 12} ```",7.01
7203.jpg,88,120,1,0,"```json {""count"": 120} ```",6.34
7225.jpg,159,60,1,0,"```json {""count"": 60} ```",2.57
7222.jpg,49,60,1,0,"```json {""count"": 60} ```",3.12
7224.jpg,50,34,1,0,"```json {""count"": 34} ```",2.78
7200.jpg,56,26,1,0,"```json {""count"": 26} ```",7.32
7204.jpg,61,60,1,0,"```json {""count"": 60} ```",6.85
7205.jpg,113,87,1,0,"```json {""count"": 87} ```",6.94
7206.jpg,83,60,1,0,"```json {""count"": 60} ```",6.44
7229.jpg,120,60,1,0,"```json {""count"": 60} ```",2.81
7207.jpg,30,24,1,0,"```json {""count"": 24} ```",6.62
7208.jpg,10,10,1,0,"```json {""count"": 10} ```",6.61
721.jpg,12,12,1,0,"```json {""count"": 12} ```",6.91
7233.jpg,24,24,1,0,"```json {""count"": 24} ```",2.29
7231.jpg,24,20,1,0,"```json {""count"": 20} ```",2.29
7234.jpg,96,100,1,0,"```json {""count"": 100} ```",2.29
7232.jpg,27,30,1,0,"```json {""count"": 30} ```",2.29
7210.jpg,31,24,1,0,"```json {""count"": 24} ```",6.96
7211.jpg,130,109,1,0,"```json {""count"": 109} ```",6.95
7237.jpg,300,120,1,0,"```json {""count"": 120} ```",2.51
724.jpg,15,24,1,0,"```json {""count"": 24} ```",2.30
7213.jpg,30,24,1,0,"```json {""count"": 24} ```",6.75
7240.jpg,49,60,1,0,"```json {""count"": 60} ```",2.30
7238.jpg,32,30,1,0,"```json {""count"": 30} ```",2.30
7214.jpg,28,26,1,0,"```json {""count"": 26} ```",6.77
7239.jpg,180,150,1,0,"```json {""count"": 150} ```",2.63
7241.jpg,16,14,1,0,"```json {""count"": 14} ```",2.34
7215.jpg,405,120,1,0,"```json {""count"": 120} ```",6.98
722.jpg,75,60,1,0,"```json {""count"": 60} ```",6.85
7221.jpg,60,60,1,0,"```json {""count"": 60} ```",6.84
7245.jpg,16,13,1,0,"```json {""count"": 13} ```",2.55
7223.jpg,105,30,1,0,"```json {""count"": 30} ```",6.60
7247.jpg,18,20,1,0,"```json {""count"": 20} ```",2.24
7249.jpg,61,56,1,0,"```json {""count"": 56} ```",2.43
7226.jpg,74,62,1,0,"```json {""count"": 62} ```",6.18
7250.jpg,18,16,1,0,"```json {""count"": 16} ```",2.43
725.jpg,14,16,1,0,"```json {""count"": 16} ```",2.43
7220.jpg,34,34,1,0,"```json {""count"": 34} ```",7.75
7227.jpg,26,24,1,0,"```json {""count"": 24} ```",6.62
7228.jpg,63,24,1,0,"```json {""count"": 24} ```",6.82
7257.jpg,33,30,1,0,"```json {""count"": 30} ```",3.18
7255.jpg,24,24,1,0,"```json {""count"": 24} ```",3.18
7258.jpg,20,20,1,0,"```json {""count"": 20} ```",2.97
7236.jpg,55,40,1,0,"```json {""count"": 40} ```",6.05
7259.jpg,76,85,1,0,"```json {""count"": 85} ```",3.23
7242.jpg,30,30,1,0,"```json {""count"": 30} ```",5.27
7262.jpg,21,16,1,0,"```json {""count"": 16} ```",2.72
723.jpg,19,2,1,0,"```json {""count"": 2} ```",7.62
7243.jpg,24,20,1,0,"```json {""count"": 20} ```",5.32
7263.jpg,43,50,1,0,"```json {""count"": 50} ```",2.94
7230.jpg,216,0,1,1,"```json {""count"": 0} ```",7.48
7264.jpg,19,24,1,0,"```json {""count"": 24} ```",3.09
7235.jpg,30,30,1,0,"```json {""count"": 30} ```",7.43
7244.jpg,41,50,1,0,"```json {""count"": 50} ```",5.90
7248.jpg,22,21,1,0,"```json {""count"": 21} ```",5.79
7267.jpg,96,60,1,0,"```json {""count"": 60} ```",3.58
7265.jpg,42,40,1,0,"```json {""count"": 40} ```",3.80
7246.jpg,25,20,1,0,"```json {""count"": 20} ```",6.35
7251.jpg,117,50,1,0,"```json {""count"": 50} ```",6.12
7271.jpg,127,75,1,0,"```json {""count"": 75} ```",3.45
7252.jpg,170,84,1,0,"```json {""count"": 84} ```",6.12
7256.jpg,40,36,1,0,"```json {""count"": 36} ```",6.14
7273.jpg,32,30,1,0,"```json {""count"": 30} ```",3.14
7274.jpg,26,24,1,0,"```json {""count"": 24} ```",3.14
7276.jpg,72,36,1,0,"```json {""count"": 36} ```",3.08
7278.jpg,72,60,1,0,"```json {""count"": 60} ```",2.76
7254.jpg,14,15,1,0,"```json {""count"": 15} ```",6.35
7253.jpg,47,50,1,0,"```json {""count"": 50} ```",6.65
7280.jpg,116,100,1,0,"```json {""count"": 100} ```",2.76
7260.jpg,193,123,1,0,"```json {""count"": 123} ```",6.51
7261.jpg,40,50,1,0,"```json {""count"": 50} ```",6.46
7282.jpg,23,16,1,0,"```json {""count"": 16} ```",2.93
7266.jpg,118,109,1,0,"```json {""count"": 109} ```",5.80
727.jpg,16,20,1,0,"```json {""count"": 20} ```",5.90
7286.jpg,20,24,1,0,"```json {""count"": 24} ```",2.98
7268.jpg,36,40,1,0,"```json {""count"": 40} ```",6.34
7287.jpg,129,105,1,0,"```json {""count"": 105} ```",2.76
7269.jpg,73,75,1,0,"```json {""count"": 75} ```",6.66
7270.jpg,50,44,1,0,"```json {""count"": 44} ```",6.55
729.jpg,40,50,1,0,"```json {""count"": 50} ```",3.09
7291.jpg,81,50,1,0,"```json {""count"": 50} ```",2.90
7290.jpg,50,60,1,0,"```json {""count"": 60} ```",2.90
7279.jpg,53,50,1,0,"```json {""count"": 50} ```",5.82
7272.jpg,143,0,1,1,"```json {""count"": 0} ```",6.81
7292.jpg,109,105,1,0,"```json {""count"": 105} ```",3.58
7293.jpg,69,42,1,0,"```json {""count"": 42} ```",3.40
7275.jpg,44,50,1,0,"```json {""count"": 50} ```",6.54
7299.jpg,50,40,1,0,"```json {""count"": 40} ```",3.27
7277.jpg,26,27,1,0,"```json {""count"": 27} ```",6.36
728.jpg,23,24,1,0,"```json {""count"": 24} ```",6.34
7281.jpg,75,63,1,0,"```json {""count"": 63} ```",6.47
7283.jpg,22,24,1,0,"```json {""count"": 24} ```",6.39
7284.jpg,40,60,1,0,"```json {""count"": 60} ```",6.50
7285.jpg,312,0,1,1,"```json {""count"": 0} ```",6.49
7304.jpg,12,10,1,0,"```json {""count"": 10} ```",3.10
7301.jpg,36,24,1,0,"```json {""count"": 24} ```",4.06
7300.jpg,69,62,1,0,"```json {""count"": 62} ```",4.06
7307.jpg,30,0,1,1,"```json {""count"": 0} ```",3.09
7289.jpg,135,109,1,0,"```json {""count"": 109} ```",6.17
7306.jpg,55,63,1,0,"```json {""count"": 63} ```",3.60
7310.jpg,35,30,1,0,"```json {""count"": 30} ```",2.95
7288.jpg,60,60,1,0,"```json {""count"": 60} ```",6.46
7294.jpg,150,105,1,0,"```json {""count"": 105} ```",5.76
7295.jpg,63,50,1,0,"```json {""count"": 50} ```",5.96
7317.jpg,11,10,1,0,"```json {""count"": 10} ```",2.67
7296.jpg,22,20,1,0,"```json {""count"": 20} ```",6.27
7297.jpg,18,20,1,0,"```json {""count"": 20} ```",6.42
7298.jpg,24,24,1,0,"```json {""count"": 24} ```",6.45
732.jpg,33,30,1,0,"```json {""count"": 30} ```",2.33
730.jpg,9,8,1,0,"```json {""count"": 8} ```",6.46
7302.jpg,183,109,1,0,"```json {""count"": 109} ```",6.25
7323.jpg,21,20,1,0,"```json {""count"": 20} ```",2.51
7324.jpg,25,12,1,0,"```json {""count"": 12} ```",2.51
7303.jpg,51,50,1,0,"```json {""count"": 50} ```",6.25
7305.jpg,31,22,1,0,"```json {""count"": 22} ```",6.13
7325.jpg,25,15,1,0,"```json {""count"": 15} ```",2.84
7322.jpg,76,75,1,0,"```json {""count"": 75} ```",3.16
7308.jpg,186,84,1,0,"```json {""count"": 84} ```",5.92
7328.jpg,51,50,1,0,"```json {""count"": 50} ```",2.85
7329.jpg,144,60,1,0,"```json {""count"": 60} ```",2.89
7326.jpg,185,105,1,0,"```json {""count"": 105} ```",3.17
7309.jpg,47,50,1,0,"```json {""count"": 50} ```",6.23
731.jpg,102,105,1,0,"```json {""count"": 105} ```",6.42
7312.jpg,21,15,1,0,"```json {""count"": 15} ```",6.14
7333.jpg,23,20,1,0,"```json {""count"": 20} ```",2.93
7311.jpg,36,30,1,0,"```json {""count"": 30} ```",6.34
7313.jpg,73,50,1,0,"```json {""count"": 50} ```",6.31
7315.jpg,71,52,1,0,"```json {""count"": 52} ```",6.52
7334.jpg,53,40,1,0,"```json {""count"": 40} ```",3.90
7336.jpg,56,50,1,0,"```json {""count"": 50} ```",3.71
7319.jpg,351,150,1,0,"```json {""count"": 150} ```",6.45
734.jpg,20,8,1,0,"```json {""count"": 8} ```",3.34
7338.jpg,80,12,1,0,"```json {""count"": 12} ```",3.55
7343.jpg,24,24,1,0,"```json {""count"": 24} ```",2.70
7342.jpg,55,50,1,0,"```json {""count"": 50} ```",2.90
7321.jpg,95,85,1,0,"```json {""count"": 85} ```",6.29
7346.jpg,144,100,1,0,"```json {""count"": 100} ```",3.08
7327.jpg,26,27,1,0,"```json {""count"": 27} ```",6.06
7345.jpg,78,60,1,0,"```json {""count"": 60} ```",3.08
7314.jpg,23,40,1,0,"```json {""count"": 40} ```",8.18
7347.jpg,103,84,1,0,"```json {""count"": 84} ```",3.11
7348.jpg,12,10,1,0,"```json {""count"": 10} ```",2.92
733.jpg,16,15,1,0,"```json {""count"": 15} ```",5.98
7316.jpg,68,50,1,0,"```json {""count"": 50} ```",8.22
7318.jpg,30,30,1,0,"```json {""count"": 30} ```",8.25
7320.jpg,34,30,1,0,"```json {""count"": 30} ```",7.82
7330.jpg,40,24,1,0,"```json {""count"": 24} ```",6.68
7352.jpg,352,0,1,1,"```json {""count"": 0} ```",3.10
7332.jpg,108,85,1,0,"```json {""count"": 85} ```",6.76
7331.jpg,45,27,1,0,"```json {""count"": 27} ```",6.96
7335.jpg,77,48,1,0,"```json {""count"": 48} ```",6.77
7358.jpg,18,20,1,0,"```json {""count"": 20} ```",3.09
736.jpg,44,50,1,0,"```json {""count"": 50} ```",2.89
7354.jpg,31,30,1,0,"```json {""count"": 30} ```",3.31
7353.jpg,27,24,1,0,"```json {""count"": 24} ```",3.31
7340.jpg,30,24,1,0,"```json {""count"": 24} ```",6.31
7341.jpg,17,20,1,0,"```json {""count"": 20} ```",6.52
7359.jpg,42,50,1,0,"```json {""count"": 50} ```",3.74
7364.jpg,259,200,1,0,"```json {""count"": 200} ```",3.23
7363.jpg,52,50,1,0,"```json {""count"": 50} ```",3.40
7337.jpg,21,24,1,0,"```json {""count"": 24} ```",7.73
7350.jpg,149,105,1,0,"```json {""count"": 105} ```",5.87
7365.jpg,56,36,1,0,"```json {""count"": 36} ```",3.53
7339.jpg,104,105,1,0,"```json {""count"": 105} ```",7.92
7366.jpg,44,34,1,0,"```json {""count"": 34} ```",3.53
7367.jpg,27,15,1,0,"```json {""count"": 15} ```",3.67
7344.jpg,30,50,1,0,"```json {""count"": 50} ```",7.29
7349.jpg,75,60,1,0,"```json {""count"": 60} ```",6.62
735.jpg,14,11,1,0,"```json {""count"": 11} ```",6.75
7351.jpg,105,84,1,0,"```json {""count"": 84} ```",6.64
7355.jpg,16,16,1,0,"```json {""count"": 16} ```",5.87
7362.jpg,105,87,1,0,"```json {""count"": 87} ```",5.79
7369.jpg,39,50,1,0,"```json {""count"": 50} ```",4.76
7371.jpg,136,105,1,0,"```json {""count"": 105} ```",4.30
7360.jpg,13,10,1,0,"```json {""count"": 10} ```",6.12
7373.jpg,40,40,1,0,"```json {""count"": 40} ```",3.99
7356.jpg,136,144,1,0,"```json {""count"": 144} ```",6.64
7374.jpg,36,40,1,0,"```json {""count"": 40} ```",3.55
738.jpg,13,10,1,0,"```json {""count"": 10} ```",2.90
7379.jpg,113,30,1,0,"```json {""count"": 30} ```",3.02
7382.jpg,154,105,1,0,"```json {""count"": 105} ```",2.77
7368.jpg,74,60,1,0,"```json {""count"": 60} ```",5.76
7385.jpg,36,24,1,0,"```json {""count"": 24} ```",2.64
7384.jpg,16,16,1,0,"```json {""count"": 16} ```",2.76
7387.jpg,66,60,1,0,"```json {""count"": 60} ```",2.73
7383.jpg,60,40,1,0,"```json {""count"": 40} ```",2.94
7386.jpg,64,60,1,0,"```json {""count"": 60} ```",2.94
7357.jpg,30,24,1,0,"```json {""count"": 24} ```",7.44
7370.jpg,11,12,1,0,"```json {""count"": 12} ```",5.32
7389.jpg,25,24,1,0,"```json {""count"": 24} ```",2.68
7361.jpg,23,24,1,0,"```json {""count"": 24} ```",7.13
737.jpg,9,11,1,0,"```json {""count"": 11} ```",6.13
7372.jpg,62,50,1,0,"```json {""count"": 50} ```",5.74
7375.jpg,267,150,1,0,"```json {""count"": 150} ```",5.29
7394.jpg,27,21,1,0,"```json {""count"": 21} ```",2.20
7377.jpg,68,1,1,0,"```json {""count"": 1} ```",5.62
7376.jpg,44,40,1,0,"```json {""count"": 40} ```",5.94
740.jpg,10,10,1,0,"```json {""count"": 10} ```",3.03
7381.jpg,72,60,1,0,"```json {""count"": 60} ```",5.59
74.jpg,19,16,1,0,"```json {""count"": 16} ```",3.03
7397.jpg,67,1,1,0,"```json {""count"": 1} ```",3.03
7401.jpg,90,60,1,0,"```json {""count"": 60} ```",2.91
7402.jpg,50,40,1,0,"```json {""count"": 40} ```",2.91
7378.jpg,256,100,1,0,"```json {""count"": 100} ```",6.65
7390.jpg,177,108,1,0,"```json {""count"": 108} ```",4.72
7380.jpg,63,63,1,0,"```json {""count"": 63} ```",6.18
7405.jpg,24,24,1,0,"```json {""count"": 24} ```",2.93
7388.jpg,134,87,1,0,"```json {""count"": 87} ```",5.98
7407.jpg,152,144,1,0,"```json {""count"": 144} ```",3.33
7391.jpg,14,17,1,0,"```json {""count"": 17} ```",5.45
7392.jpg,22,24,1,0,"```json {""count"": 24} ```",5.58
7393.jpg,18,15,1,0,"```json {""count"": 15} ```",5.12
7395.jpg,24,20,1,0,"```json {""count"": 20} ```",5.23
7399.jpg,91,50,1,0,"```json {""count"": 50} ```",5.46
7413.jpg,83,60,1,0,"```json {""count"": 60} ```",3.59
7411.jpg,233,144,1,0,"```json {""count"": 144} ```",4.03
7414.jpg,30,30,1,0,"```json {""count"": 30} ```",3.39
7396.jpg,30,30,1,0,"```json {""count"": 30} ```",5.78
7398.jpg,26,30,1,0,"```json {""count"": 30} ```",5.98
7406.jpg,42,42,1,0,"```json {""count"": 42} ```",5.96
7418.jpg,39,27,1,0,"```json {""count"": 27} ```",3.61
7419.jpg,128,87,1,0,"```json {""count"": 87} ```",3.61
7408.jpg,60,60,1,0,"```json {""count"": 60} ```",6.17
7400.jpg,36,36,1,0,"```json {""count"": 36} ```",6.76
7422.jpg,87,86,1,0,"```json {""count"": 86} ```",3.85
7424.jpg,145,94,1,0,"```json {""count"": 94} ```",3.55
7403.jpg,14,16,1,0,"```json {""count"": 16} ```",6.69
7427.jpg,21,20,1,0,"```json {""count"": 20} ```",3.09
7404.jpg,13,12,1,0,"```json {""count"": 12} ```",6.71
7409.jpg,54,42,1,0,"```json {""count"": 42} ```",6.72
741.jpg,13,13,1,0,"```json {""count"": 13} ```",6.88
7410.jpg,44,50,1,0,"```json {""count"": 50} ```",6.91
7434.jpg,169,24,1,0,"```json {""count"": 24} ```",2.71
7429.jpg,24,24,1,0,"```json {""count"": 24} ```",3.38
7412.jpg,36,34,1,0,"```json {""count"": 34} ```",6.72
7436.jpg,283,144,1,0,"```json {""count"": 144} ```",2.67
7415.jpg,23,22,1,0,"```json {""count"": 22} ```",6.26
7416.jpg,33,24,1,0,"```json {""count"": 24} ```",5.85
7437.jpg,131,73,1,0,"```json {""count"": 73} ```",2.26
7417.jpg,43,50,1,0,"```json {""count"": 50} ```",6.18
7420.jpg,21,18,1,0,"```json {""count"": 18} ```",6.12
742.jpg,13,12,1,0,"```json {""count"": 12} ```",6.40
7442.jpg,120,140,1,0,"```json {""count"": 140} ```",2.57
7421.jpg,10,10,1,0,"```json {""count"": 10} ```",6.63
7446.jpg,39,42,1,0,"```json {""count"": 42} ```",2.24
7423.jpg,138,50,1,0,"```json {""count"": 50} ```",6.51
7448.jpg,72,30,1,0,"```json {""count"": 30} ```",2.10
7426.jpg,253,144,1,0,"```json {""count"": 144} ```",6.32
745.jpg,60,63,1,0,"```json {""count"": 63} ```",2.29
7449.jpg,60,36,1,0,"```json {""count"": 36} ```",2.29
7425.jpg,30,30,1,0,"```json {""count"": 30} ```",6.83
7428.jpg,66,60,1,0,"```json {""count"": 60} ```",6.39
7431.jpg,78,50,1,0,"```json {""count"": 50} ```",5.92
7451.jpg,30,30,1,0,"```json {""count"": 30} ```",2.90
7454.jpg,197,0,1,1,"```json {""count"": 0} ```",2.65
7432.jpg,254,200,1,0,"```json {""count"": 200} ```",6.12
7430.jpg,78,50,1,0,"```json {""count"": 50} ```",6.87
7455.jpg,73,120,1,0,"```json {""count"": 120} ```",2.68
7456.jpg,24,24,1,0,"```json {""count"": 24} ```",2.48
7433.jpg,13,13,1,0,"```json {""count"": 13} ```",6.64
7435.jpg,40,34,1,0,"```json {""count"": 34} ```",6.76
7438.jpg,48,50,1,0,"```json {""count"": 50} ```",6.21
7439.jpg,77,44,1,0,"```json {""count"": 44} ```",6.40
7458.jpg,26,1,1,0,"```json {""count"": 1} ```",3.42
744.jpg,8,10,1,0,"```json {""count"": 10} ```",6.36
7462.jpg,146,105,1,0,"```json {""count"": 105} ```",3.11
7440.jpg,32,40,1,0,"```json {""count"": 40} ```",6.60
7465.jpg,12,12,1,0,"```json {""count"": 12} ```",2.80
7441.jpg,29,30,1,0,"```json {""count"": 30} ```",6.71
7443.jpg,292,144,1,0,"```json {""count"": 144} ```",7.00
7444.jpg,47,42,1,0,"```json {""count"": 42} ```",7.15
7445.jpg,51,50,1,0,"```json {""count"": 50} ```",7.33
747.jpg,16,14,1,0,"```json {""count"": 14} ```",3.87
7471.jpg,48,1,1,0,"```json {""count"": 1} ```",3.57
7473.jpg,508,200,1,0,"```json {""count"": 200} ```",3.36
7468.jpg,189,84,1,0,"```json {""count"": 84} ```",3.90
7457.jpg,157,105,1,0,"```json {""count"": 105} ```",5.95
7447.jpg,55,50,1,0,"```json {""count"": 50} ```",7.77
7476.jpg,193,189,1,0,"```json {""count"": 189} ```",2.61
746.jpg,8,10,1,0,"```json {""count"": 10} ```",5.91
7450.jpg,66,50,1,0,"```json {""count"": 50} ```",7.50
7452.jpg,85,84,1,0,"```json {""count"": 84} ```",7.64
7453.jpg,49,34,1,0,"```json {""count"": 34} ```",7.63
7459.jpg,11,10,1,0,"```json {""count"": 10} ```",6.76
7460.jpg,35,33,1,0,"```json {""count"": 33} ```",6.90
7479.jpg,56,50,1,0,"```json {""count"": 50} ```",3.89
7480.jpg,22,14,1,0,"```json {""count"": 14} ```",3.89
7464.jpg,30,30,1,0,"```json {""count"": 30} ```",7.00
7461.jpg,22,20,1,0,"```json {""count"": 20} ```",7.54
7463.jpg,21,17,1,0,"```json {""count"": 17} ```",7.53
7482.jpg,129,75,1,0,"```json {""count"": 75} ```",4.23
7484.jpg,21,30,1,0,"```json {""count"": 30} ```",3.59
7466.jpg,116,85,1,0,"```json {""count"": 85} ```",7.77
7490.jpg,114,60,1,0,"```json {""count"": 60} ```",3.27
7487.jpg,18,21,1,0,"```json {""count"": 21} ```",3.48
7489.jpg,171,108,1,0,"```json {""count"": 108} ```",3.48
7488.jpg,19,20,1,0,"```json {""count"": 20} ```",3.48
7474.jpg,36,34,1,0,"```json {""count"": 34} ```",6.43
7467.jpg,34,30,1,0,"```json {""count"": 30} ```",7.59
7469.jpg,24,40,1,0,"```json {""count"": 40} ```",7.71
7472.jpg,15,15,1,0,"```json {""count"": 15} ```",7.70
7470.jpg,141,132,1,0,"```json {""count"": 132} ```",8.02
7475.jpg,122,50,1,0,"```json {""count"": 50} ```",7.27
7477.jpg,60,34,1,0,"```json {""count"": 34} ```",7.28
7496.jpg,75,42,1,0,"```json {""count"": 42} ```",4.18
7499.jpg,23,24,1,0,"```json {""count"": 24} ```",3.42
75.jpg,16,24,1,0,"```json {""count"": 24} ```",3.42
7500.jpg,181,80,1,0,"```json {""count"": 80} ```",3.09
7485.jpg,60,50,1,0,"```json {""count"": 50} ```",6.36
7498.jpg,53,60,1,0,"```json {""count"": 60} ```",3.62
7478.jpg,50,1,1,0,"```json {""count"": 1} ```",7.76
7502.jpg,17,12,1,0,"```json {""count"": 12} ```",2.98
7481.jpg,27,21,1,0,"```json {""count"": 21} ```",7.81
7483.jpg,191,108,1,0,"```json {""count"": 108} ```",7.51
7486.jpg,100,75,1,0,"```json {""count"": 75} ```",6.57
749.jpg,10,10,1,0,"```json {""count"": 10} ```",6.57
7491.jpg,194,144,1,0,"```json {""count"": 144} ```",6.87
7504.jpg,23,24,1,0,"```json {""count"": 24} ```",3.75
7506.jpg,19,20,1,0,"```json {""count"": 20} ```",3.75
7507.jpg,35,30,1,0,"```json {""count"": 30} ```",3.75
7503.jpg,22,27,1,0,"```json {""count"": 27} ```",3.94
7493.jpg,38,40,1,0,"```json {""count"": 40} ```",6.93
7512.jpg,98,60,1,0,"```json {""count"": 60} ```",2.77
7511.jpg,36,60,1,0,"```json {""count"": 60} ```",2.98
7505.jpg,132,62,1,0,"```json {""count"": 62} ```",3.96
7513.jpg,34,30,1,0,"```json {""count"": 30} ```",2.46
7492.jpg,76,60,1,0,"```json {""count"": 60} ```",7.32
7494.jpg,20,20,1,0,"```json {""count"": 20} ```",7.12
7495.jpg,126,105,1,0,"```json {""count"": 105} ```",7.11
7515.jpg,24,20,1,0,"```json {""count"": 20} ```",2.81
7514.jpg,28,24,1,0,"```json {""count"": 24} ```",2.81
7516.jpg,34,30,1,0,"```json {""count"": 30} ```",2.80
7497.jpg,34,40,1,0,"```json {""count"": 40} ```",6.87
750.jpg,8,8,1,0,"```json {""count"": 8} ```",6.43
7519.jpg,50,60,1,0,"```json {""count"": 60} ```",3.24
7520.jpg,19,21,1,0,"```json {""count"": 21} ```",3.24
7501.jpg,218,109,1,0,"```json {""count"": 109} ```",6.43
7508.jpg,35,24,1,0,"```json {""count"": 24} ```",5.88
752.jpg,36,24,1,0,"```json {""count"": 24} ```",3.76
7523.jpg,94,50,1,0,"```json {""count"": 50} ```",2.83
7510.jpg,61,50,1,0,"```json {""count"": 50} ```",5.81
7526.jpg,34,30,1,0,"```json {""count"": 30} ```",2.85
7528.jpg,35,30,1,0,"```json {""count"": 30} ```",2.84
7509.jpg,20,30,1,0,"```json {""count"": 30} ```",6.83
7532.jpg,20,20,1,0,"```json {""count"": 20} ```",2.90
7518.jpg,21,11,1,0,"```json {""count"": 11} ```",4.71
7534.jpg,49,50,1,0,"```json {""count"": 50} ```",2.94
751.jpg,58,50,1,0,"```json {""count"": 50} ```",6.84
7517.jpg,30,27,1,0,"```json {""count"": 27} ```",5.22
7521.jpg,25,33,1,0,"```json {""count"": 33} ```",5.09
754.jpg,9,8,1,0,"```json {""count"": 8} ```",2.79
7537.jpg,39,48,1,0,"```json {""count"": 48} ```",2.99
7522.jpg,84,1,1,0,"```json {""count"": 1} ```",5.00
7524.jpg,37,40,1,0,"```json {""count"": 40} ```",4.69
7545.jpg,106,60,1,0,"```json {""count"": 60} ```",2.08
7541.jpg,69,24,1,0,"```json {""count"": 24} ```",2.60
7525.jpg,26,22,1,0,"```json {""count"": 22} ```",4.58
7546.jpg,28,24,1,0,"```json {""count"": 24} ```",2.33
7529.jpg,124,1,1,0,"```json {""count"": 1} ```",4.68
7527.jpg,47,40,1,0,"```json {""count"": 40} ```",5.01
7548.jpg,403,0,1,1,"```json {""count"": 0} ```",2.28
753.jpg,12,10,1,0,"```json {""count"": 10} ```",5.13
7531.jpg,65,50,1,0,"```json {""count"": 50} ```",5.44
7553.jpg,27,24,1,0,"```json {""count"": 24} ```",2.55
7535.jpg,107,75,1,0,"```json {""count"": 75} ```",5.55
7555.jpg,31,30,1,0,"```json {""count"": 30} ```",2.50
7556.jpg,25,20,1,0,"```json {""count"": 20} ```",2.54
7538.jpg,41,36,1,0,"```json {""count"": 36} ```",5.57
7533.jpg,34,30,1,0,"```json {""count"": 30} ```",6.35
7557.jpg,21,20,1,0,"```json {""count"": 20} ```",2.75
7530.jpg,16,16,1,0,"```json {""count"": 16} ```",6.58
7536.jpg,24,24,1,0,"```json {""count"": 24} ```",6.01
7539.jpg,77,55,1,0,"```json {""count"": 55} ```",6.13
7559.jpg,34,26,1,0,"```json {""count"": 26} ```",2.99
756.jpg,15,16,1,0,"```json {""count"": 16} ```",2.95
7564.jpg,52,50,1,0,"```json {""count"": 50} ```",2.35
7540.jpg,64,60,1,0,"```json {""count"": 60} ```",5.84
7560.jpg,21,18,1,0,"```json {""count"": 18} ```",3.20
7563.jpg,26,20,1,0,"```json {""count"": 20} ```",2.75
7542.jpg,43,42,1,0,"```json {""count"": 42} ```",5.99
7566.jpg,99,62,1,0,"```json {""count"": 62} ```",2.32
7543.jpg,19,16,1,0,"```json {""count"": 16} ```",6.00
7569.jpg,48,60,1,0,"```json {""count"": 60} ```",1.66
7544.jpg,67,42,1,0,"```json {""count"": 42} ```",5.96
7547.jpg,19,14,1,0,"```json {""count"": 14} ```",5.66
7549.jpg,76,84,1,0,"```json {""count"": 84} ```",5.74
755.jpg,13,10,1,0,"```json {""count"": 10} ```",5.80
7573.jpg,18,20,1,0,"```json {""count"": 20} ```",2.29
7551.jpg,71,87,1,0,"```json {""count"": 87} ```",6.13
7550.jpg,20,16,1,0,"```json {""count"": 16} ```",6.45
7576.jpg,92,87,1,0,"```json {""count"": 87} ```",2.55
7552.jpg,139,100,1,0,"```json {""count"": 100} ```",6.47
7577.jpg,18,1,1,0,"```json {""count"": 1} ```",3.00
7581.jpg,30,40,1,0,"```json {""count"": 40} ```",3.05
7579.jpg,29,20,1,0,"```json {""count"": 20} ```",3.13
7554.jpg,71,72,1,0,"```json {""count"": 72} ```",7.03
7565.jpg,113,50,1,0,"```json {""count"": 50} ```",5.69
7584.jpg,13,12,1,0,"```json {""count"": 12} ```",2.97
7558.jpg,37,50,1,0,"```json {""count"": 50} ```",6.96
7561.jpg,20,18,1,0,"```json {""count"": 18} ```",6.81
7562.jpg,58,50,1,0,"```json {""count"": 50} ```",6.97
7567.jpg,68,44,1,0,"```json {""count"": 44} ```",6.13
7568.jpg,24,24,1,0,"```json {""count"": 24} ```",6.03
757.jpg,9,9,1,0,"```json {""count"": 9} ```",6.00
7588.jpg,39,50,1,0,"```json {""count"": 50} ```",3.73
7590.jpg,100,94,1,0,"```json {""count"": 94} ```",3.09
7587.jpg,12,9,1,0,"```json {""count"": 9} ```",3.94
7570.jpg,92,11,1,0,"```json {""count"": 11} ```",5.97
7589.jpg,18,11,1,0,"```json {""count"": 11} ```",3.61
7591.jpg,21,27,1,0,"```json {""count"": 27} ```",2.96
7595.jpg,30,30,1,0,"```json {""count"": 30} ```",2.25
7594.jpg,361,200,1,0,"```json {""count"": 200} ```",2.55
7574.jpg,36,30,1,0,"```json {""count"": 30} ```",6.13
7598.jpg,31,27,1,0,"```json {""count"": 27} ```",2.12
7575.jpg,28,21,1,0,"```json {""count"": 21} ```",6.18
7572.jpg,33,33,1,0,"```json {""count"": 33} ```",6.69
76.jpg,13,10,1,0,"```json {""count"": 10} ```",2.60
7571.jpg,100,84,1,0,"```json {""count"": 84} ```",7.01
7578.jpg,86,87,1,0,"```json {""count"": 87} ```",6.60
758.jpg,14,11,1,0,"```json {""count"": 11} ```",6.74
7580.jpg,15,12,1,0,"```json {""count"": 12} ```",6.98
7601.jpg,142,77,1,0,"```json {""count"": 77} ```",2.73
7585.jpg,87,50,1,0,"```json {""count"": 50} ```",6.95
7607.jpg,72,72,1,0,"```json {""count"": 72} ```",2.44
7604.jpg,17,16,1,0,"```json {""count"": 16} ```",2.61
7582.jpg,25,21,1,0,"```json {""count"": 21} ```",7.31
7583.jpg,21,20,1,0,"```json {""count"": 20} ```",7.57
7586.jpg,36,42,1,0,"```json {""count"": 42} ```",7.40
759.jpg,10,9,1,0,"```json {""count"": 9} ```",6.71
7612.jpg,31,34,1,0,"```json {""count"": 34} ```",3.11
7610.jpg,20,24,1,0,"```json {""count"": 24} ```",3.32
7593.jpg,274,132,1,0,"```json {""count"": 132} ```",6.17
7617.jpg,17,14,1,0,"```json {""count"": 14} ```",2.49
7613.jpg,20,20,1,0,"```json {""count"": 20} ```",3.13
7619.jpg,16,13,1,0,"```json {""count"": 13} ```",2.08
7597.jpg,147,85,1,0,"```json {""count"": 85} ```",5.85
7596.jpg,298,200,1,0,"```json {   ""count"": 200 } ```",6.20
7592.jpg,104,60,1,0,"```json {""count"": 60} ```",7.04
7599.jpg,22,20,1,0,"```json {""count"": 20} ```",6.08
760.jpg,21,20,1,0,"```json {""count"": 20} ```",5.89
7621.jpg,54,40,1,0,"```json {""count"": 40} ```",2.31
7622.jpg,166,100,1,0,"```json {""count"": 100} ```",2.31
7600.jpg,452,132,1,0,"```json {""count"": 132} ```",6.03
7624.jpg,53,50,1,0,"```json {""count"": 50} ```",2.26
7602.jpg,14,14,1,0,"```json {""count"": 14} ```",5.68
7603.jpg,1400,0,1,1,"```json {""count"": 0} ```",5.58
7605.jpg,20,20,1,0,"```json {""count"": 20} ```",5.82
7629.jpg,437,109,1,0,"```json {""count"": 109} ```",2.09
7630.jpg,35,0,1,1,"```json {""count"": 0} ```",2.11
7606.jpg,99,105,1,0,"```json {""count"": 105} ```",6.06
7631.jpg,18,15,1,0,"```json {""count"": 15} ```",2.08
7608.jpg,69,85,1,0,"```json {""count"": 85} ```",6.10
7609.jpg,110,84,1,0,"```json {""count"": 84} ```",6.30
7635.jpg,17,16,1,0,"```json {""count"": 16} ```",2.06
7634.jpg,54,48,1,0,"```json {""count"": 48} ```",2.25
761.jpg,16,14,1,0,"```json {""count"": 14} ```",6.40
7611.jpg,2560,0,1,1,"```json {""count"": 0} ```",6.42
764.jpg,85,50,1,0,"```json {""count"": 50} ```",1.88
7614.jpg,27,24,1,0,"```json {""count"": 24} ```",6.26
7639.jpg,20,13,1,0,"```json {""count"": 13} ```",2.06
7615.jpg,144,109,1,0,"```json {""count"": 109} ```",6.15
7616.jpg,31,26,1,0,"```json {""count"": 26} ```",6.38
7644.jpg,29,24,1,0,"```json {""count"": 24} ```",1.60
7643.jpg,32,40,1,0,"```json {""count"": 40} ```",1.83
7618.jpg,12,12,1,0,"```json {""count"": 12} ```",6.08
762.jpg,77,50,1,0,"```json {""count"": 50} ```",5.99
7646.jpg,46,48,1,0,"```json {""count"": 48} ```",2.04
7645.jpg,14,18,1,0,"```json {""count"": 18} ```",2.24
7620.jpg,54,84,1,0,"```json {""count"": 84} ```",5.92
7623.jpg,84,74,1,0,"```json {""count"": 74} ```",6.21
7647.jpg,47,50,1,0,"```json {""count"": 50} ```",2.66
7628.jpg,62,60,1,0,"```json {""count"": 60} ```",5.72
7651.jpg,75,123,1,0,"```json {""count"": 123} ```",2.73
763.jpg,56,50,1,0,"```json {""count"": 50} ```",5.83
7625.jpg,25,24,1,0,"```json {""count"": 24} ```",6.57
7626.jpg,31,36,1,0,"```json {""count"": 36} ```",6.67
7653.jpg,173,50,1,0,"```json {""count"": 50} ```",2.89
7627.jpg,16,16,1,0,"```json {""count"": 16} ```",6.67
7654.jpg,93,60,1,0,"```json {""count"": 60} ```",3.50
7632.jpg,81,100,1,0,"```json {""count"": 100} ```",6.56
7633.jpg,30,24,1,0,"```json {""count"": 24} ```",6.69
7636.jpg,22,21,1,0,"```json {""count"": 21} ```",6.46
7640.jpg,32,40,1,0,"```json {""count"": 40} ```",6.49
7637.jpg,67,60,1,0,"```json {""count"": 60} ```",7.03
7660.jpg,11,10,1,0,"```json {""count"": 10} ```",3.84
7662.jpg,30,30,1,0,"```json {""count"": 30} ```",3.63
7656.jpg,1231,60,1,0,"```json {""count"": 60} ```",4.50
7638.jpg,28,24,1,0,"```json {""count"": 24} ```",7.23
7665.jpg,33,40,1,0,"```json {""count"": 40} ```",3.01
7641.jpg,34,24,1,0,"```json {""count"": 24} ```",6.92
7642.jpg,46,50,1,0,"```json {""count"": 50} ```",6.90
7648.jpg,244,233,1,0,"```json {""count"": 233} ```",6.44
765.jpg,11,10,1,0,"```json {""count"": 10} ```",6.51
7649.jpg,19,18,1,0,"```json {""count"": 18} ```",6.80
7668.jpg,23,24,1,0,"```json {""count"": 24} ```",3.70
7669.jpg,61,62,1,0,"```json {""count"": 62} ```",3.39
7672.jpg,18,20,1,0,"```json {""count"": 20} ```",2.74
7650.jpg,52,50,1,0,"```json {""count"": 50} ```",6.83
767.jpg,55,50,1,0,"```json {""count"": 50} ```",3.59
7652.jpg,32,30,1,0,"```json {""count"": 30} ```",6.94
7655.jpg,72,27,1,0,"```json {""count"": 27} ```",6.78
7658.jpg,211,108,1,0,"```json {""count"": 108} ```",6.86
7657.jpg,35,40,1,0,"```json {""count"": 40} ```",7.18
768.jpg,16,16,1,0,"```json {""count"": 16} ```",2.68
7659.jpg,198,144,1,0,"```json {""count"": 144} ```",7.19
766.jpg,50,42,1,0,"```json {""count"": 42} ```",7.19
7680.jpg,179,100,1,0,"```json {""count"": 100} ```",3.02
7661.jpg,36,50,1,0,"```json {""count"": 50} ```",7.47
7684.jpg,162,81,1,0,"```json {""count"": 81} ```",2.94
7663.jpg,70,42,1,0,"```json {""count"": 42} ```",7.27
7664.jpg,14,11,1,0,"```json {""count"": 11} ```",7.30
7666.jpg,30,30,1,0,"```json {""count"": 30} ```",6.76
7667.jpg,72,60,1,0,"```json {""count"": 60} ```",6.94
7687.jpg,20,24,1,0,"```json {""count"": 24} ```",3.24
7670.jpg,32,40,1,0,"```json {""count"": 40} ```",6.61
7671.jpg,87,60,1,0,"```json {""count"": 60} ```",6.50
7673.jpg,15,15,1,0,"```json {""count"": 15} ```",6.35
7674.jpg,54,60,1,0,"```json {""count"": 60} ```",6.35
7697.jpg,18,16,1,0,"```json {""count"": 16} ```",2.25
7695.jpg,40,50,1,0,"```json {""count"": 50} ```",2.69
7675.jpg,220,200,1,0,"```json {""count"": 200} ```",6.12
7676.jpg,29,27,1,0,"```json {""count"": 27} ```",6.31
770.jpg,83,60,1,0,"```json {""count"": 60} ```",2.36
77.jpg,89,84,1,0,"```json {""count"": 84} ```",2.53
7678.jpg,159,144,1,0,"```json {""count"": 144} ```",6.49
7679.jpg,10,12,1,0,"```json {""count"": 12} ```",6.66
7677.jpg,41,30,1,0,"```json {""count"": 30} ```",6.86
7701.jpg,23,24,1,0,"```json {""count"": 24} ```",2.50
7681.jpg,58,50,1,0,"```json {""count"": 50} ```",6.78
7682.jpg,24,24,1,0,"```json {""count"": 24} ```",6.71
7683.jpg,35,36,1,0,"```json {""count"": 36} ```",6.75
7685.jpg,60,52,1,0,"```json {""count"": 52} ```",6.43
7704.jpg,77,75,1,0,"```json {""count"": 75} ```",2.66
7707.jpg,370,144,1,0,"```json {""count"": 144} ```",2.16
7688.jpg,32,30,1,0,"```json {""count"": 30} ```",6.57
7686.jpg,166,105,1,0,"```json {""count"": 105} ```",6.78
7712.jpg,59,50,1,0,"```json {""count"": 50} ```",1.66
7711.jpg,118,60,1,0,"```json {""count"": 60} ```",1.66
7689.jpg,12,12,1,0,"```json {""count"": 12} ```",6.82
769.jpg,13,14,1,0,"```json {""count"": 14} ```",7.11
7690.jpg,34,50,1,0,"```json {""count"": 50} ```",7.13
7691.jpg,43,50,1,0,"```json {""count"": 50} ```",7.24
772.jpg,28,1,1,0,"```json {""count"": 1} ```",2.33
7692.jpg,24,30,1,0,"```json {""count"": 30} ```",7.21
773.jpg,10,10,1,0,"```json {""count"": 10} ```",2.57
7694.jpg,60,60,1,0,"```json {""count"": 60} ```",7.51
776.jpg,15,1,1,0,"```json {""count"": 1} ```",2.66
7699.jpg,29,24,1,0,"```json {""count"": 24} ```",6.44
7693.jpg,81,94,1,0,"```json {""count"": 94} ```",7.72
7696.jpg,43,26,1,0,"```json {""count"": 26} ```",7.38
7698.jpg,35,24,1,0,"```json {""count"": 24} ```",7.19
7700.jpg,30,24,1,0,"```json {""count"": 24} ```",6.62
780.jpg,29,24,1,0,"```json {""count"": 24} ```",3.20
785.jpg,63,60,1,0,"```json {""count"": 60} ```",2.67
783.jpg,16,16,1,0,"```json {""count"": 16} ```",3.17
7703.jpg,66,50,1,0,"```json {""count"": 50} ```",6.44
7702.jpg,12,10,1,0,"```json {""count"": 10} ```",7.05
7705.jpg,144,105,1,0,"```json {""count"": 105} ```",6.56
789.jpg,22,21,1,0,"```json {""count"": 21} ```",2.53
7706.jpg,68,48,1,0,"```json {""count"": 48} ```",6.64
7708.jpg,48,40,1,0,"```json {""count"": 40} ```",6.70
791.jpg,12,12,1,0,"```json {""count"": 12} ```",2.27
7709.jpg,25,24,1,0,"```json {""count"": 24} ```",6.72
771.jpg,15,11,1,0,"```json {""count"": 11} ```",6.57
7710.jpg,34,50,1,0,"```json {""count"": 50} ```",6.50
7713.jpg,19,24,1,0,"```json {""count"": 24} ```",6.53
7714.jpg,46,36,1,0,"```json {""count"": 36} ```",6.52
774.jpg,8,10,1,0,"```json {""count"": 10} ```",6.36
775.jpg,20,21,1,0,"```json {""count"": 21} ```",6.29
778.jpg,13,13,1,0,"```json {""count"": 13} ```",6.26
807.jpg,36,33,1,0,"```json {""count"": 33} ```",1.72
779.jpg,69,50,1,0,"```json {""count"": 50} ```",6.48
78.jpg,59,50,1,0,"```json {""count"": 50} ```",6.61
808.jpg,182,100,1,0,"```json {""count"": 100} ```",2.07
809.jpg,323,144,1,0,"```json {""count"": 144} ```",2.03
782.jpg,12,12,1,0,"```json {""count"": 12} ```",6.58
784.jpg,15,16,1,0,"```json {""count"": 16} ```",6.58
786.jpg,30,30,1,0,"```json {""count"": 30} ```",6.16
788.jpg,12,14,1,0,"```json {""count"": 14} ```",6.02
79.jpg,14,12,1,0,"```json {""count"": 12} ```",6.04
790.jpg,21,24,1,0,"```json {""count"": 24} ```",6.16
792.jpg,17,13,1,0,"```json {""count"": 13} ```",5.67
793.jpg,8,10,1,0,"```json {""count"": 10} ```",5.99
794.jpg,23,17,1,0,"```json {""count"": 17} ```",6.25
795.jpg,18,15,1,0,"```json {""count"": 15} ```",6.24
820.jpg,437,143,1,0,"```json {""count"": 143} ```",2.34
796.jpg,76,60,1,0,"```json {""count"": 60} ```",6.25
797.jpg,17,12,1,0,"```json {""count"": 12} ```",6.22
799.jpg,268,1,1,0,"```json {""count"": 1} ```",6.11
827.jpg,40,30,1,0,"```json {""count"": 30} ```",2.11
80.jpg,54,50,1,0,"```json {""count"": 50} ```",6.29
801.jpg,199,5,1,0,"```json {""count"": 5} ```",6.46
802.jpg,28,1,1,0,"```json {""count"": 1} ```",6.69
803.jpg,61,1,1,0,"```json {""count"": 1} ```",6.59
804.jpg,1001,1,1,0,"```json {""count"": 1} ```",6.71
805.jpg,1095,3,1,0,"```json {""count"": 3} ```",6.89
806.jpg,68,1,1,0,"```json {""count"": 1} ```",6.97
81.jpg,423,1,1,0,"```json {""count"": 1} ```",6.57
810.jpg,22,24,1,0,"```json {""count"": 24} ```",6.47
838.jpg,113,62,1,0,"```json {""count"": 62} ```",2.06
811.jpg,17,13,1,0,"```json {""count"": 13} ```",6.50
812.jpg,51,26,1,0,"```json {""count"": 26} ```",6.62
813.jpg,185,150,1,0,"```json {""count"": 150} ```",6.52
814.jpg,21,21,1,0,"```json {""count"": 21} ```",6.56
844.jpg,191,87,1,0,"```json {""count"": 87} ```",1.86
819.jpg,40,40,1,0,"```json {""count"": 40} ```",6.64
817.jpg,34,33,1,0,"```json {""count"": 33} ```",6.85
823.jpg,195,144,1,0,"```json {""count"": 144} ```",6.76
849.jpg,21,17,1,0,"```json {""count"": 17} ```",2.37
82.jpg,81,50,1,0,"```json {""count"": 50} ```",7.40
822.jpg,53,50,1,0,"```json {""count"": 50} ```",7.28
824.jpg,9,9,1,0,"```json {""count"": 9} ```",7.41
850.jpg,183,62,1,0,"```json {""count"": 62} ```",2.89
851.jpg,320,1,1,0,"```json {""count"": 1} ```",2.69
826.jpg,70,60,1,0,"```json {""count"": 60} ```",7.27
825.jpg,50,50,1,0,"```json {""count"": 50} ```",7.80
853.jpg,10,12,1,0,"```json {""count"": 12} ```",2.53
828.jpg,87,60,1,0,"```json {""count"": 60} ```",7.38
83.jpg,18,10,1,0,"```json {""count"": 10} ```",7.52
830.jpg,577,144,1,0,"```json {""count"": 144} ```",7.50
831.jpg,117,85,1,0,"```json {""count"": 85} ```",7.50
832.jpg,116,105,1,0,"```json {""count"": 105} ```",7.54
859.jpg,97,14,1,0,"```json {""count"": 14} ```",3.69
856.jpg,44,27,1,0,"```json {""count"": 27} ```",4.16
834.jpg,80,60,1,0,"```json {""count"": 60} ```",7.71
86.jpg,20,16,1,0,"```json {""count"": 16} ```",3.26
860.jpg,240,87,1,0,"```json {""count"": 87} ```",3.14
833.jpg,54,60,1,0,"```json {""count"": 60} ```",7.92
835.jpg,22,13,1,0,"```json {""count"": 13} ```",8.01
836.jpg,230,105,1,0,"```json {""count"": 105} ```",8.12
837.jpg,35,27,1,0,"```json {""count"": 27} ```",8.13
84.jpg,25,20,1,0,"```json {""count"": 20} ```",8.16
840.jpg,637,200,1,0,"```json {""count"": 200} ```",8.19
841.jpg,11,13,1,0,"```json {""count"": 13} ```",8.29
867.jpg,23,20,1,0,"```json {""count"": 20} ```",4.33
842.jpg,46,27,1,0,"```json {""count"": 27} ```",8.52
876.jpg,207,50,1,0,"```json {""count"": 50} ```",2.85
845.jpg,142,1,1,0,"```json {""count"": 1} ```",8.12
846.jpg,35,1,1,0,"```json {""count"": 1} ```",8.16
85.jpg,107,87,1,0,"```json {""count"": 87} ```",8.03
883.jpg,34,24,1,0,"```json {""count"": 24} ```",3.01
881.jpg,14,12,1,0,"```json {""count"": 12} ```",3.22
880.jpg,628,200,1,0,"```json {""count"": 200} ```",3.22
852.jpg,41,13,1,0,"```json {""count"": 13} ```",7.85
886.jpg,59,42,1,0,"```json {""count"": 42} ```",2.94
854.jpg,10,10,1,0,"```json {""count"": 10} ```",7.65
887.jpg,57,50,1,0,"```json {""count"": 50} ```",2.89
857.jpg,162,109,1,0,"```json {""count"": 109} ```",7.60
861.jpg,65,2,1,0,"```json {""count"": 2} ```",6.81
862.jpg,15,16,1,0,"```json {""count"": 16} ```",6.80
864.jpg,84,62,1,0,"```json {""count"": 62} ```",6.89
894.jpg,11,10,1,0,"```json {""count"": 10} ```",2.29
865.jpg,1022,200,1,0,"```json {""count"": 200} ```",6.83
866.jpg,230,200,1,0,"```json {""count"": 200} ```",7.04
896.jpg,15,12,1,0,"```json {""count"": 12} ```",2.28
897.jpg,52,26,1,0,"```json {""count"": 26} ```",2.05
869.jpg,250,140,1,0,"```json {""count"": 140} ```",7.00
898.jpg,12,15,1,0,"```json {""count"": 15} ```",1.94
868.jpg,8,9,1,0,"```json {""count"": 9} ```",7.21
87.jpg,109,85,1,0,"```json {""count"": 85} ```",7.30
871.jpg,18,13,1,0,"```json {""count"": 13} ```",7.15
873.jpg,21,20,1,0,"```json {""count"": 20} ```",7.16
905.jpg,44,35,1,0,"```json {""count"": 35} ```",2.90
878.jpg,10,10,1,0,"```json {""count"": 10} ```",6.95
907.jpg,29,50,1,0,"```json {""count"": 50} ```",2.53
879.jpg,20,20,1,0,"```json {""count"": 20} ```",6.80
882.jpg,16,20,1,0,"```json {""count"": 20} ```",7.23
889.jpg,33,24,1,0,"```json {""count"": 24} ```",6.55
914.jpg,65,50,1,0,"```json {""count"": 50} ```",3.10
885.jpg,23,24,1,0,"```json {""count"": 24} ```",7.88
888.jpg,22,21,1,0,"```json {""count"": 21} ```",7.41
915.jpg,11,10,1,0,"```json {""count"": 10} ```",3.26
916.jpg,9,10,1,0,"```json {""count"": 10} ```",3.24
892.jpg,59,50,1,0,"```json {""count"": 50} ```",6.23
917.jpg,10,12,1,0,"```json {""count"": 12} ```",3.06
890.jpg,19,13,1,0,"```json {""count"": 13} ```",7.32
891.jpg,21,15,1,0,"```json {""count"": 15} ```",7.28
893.jpg,20,24,1,0,"```json {""count"": 24} ```",7.04
895.jpg,17,13,1,0,"```json {""count"": 13} ```",7.02
90.jpg,13,15,1,0,"```json {""count"": 15} ```",6.77
899.jpg,50,30,1,0,"```json {""count"": 30} ```",6.94
9.jpg,8,8,1,0,"```json {""count"": 8} ```",7.26
920.jpg,12,11,1,0,"```json {""count"": 11} ```",3.90
919.jpg,32,20,1,0,"```json {""count"": 20} ```",4.55
900.jpg,36,30,1,0,"```json {""count"": 30} ```",7.25
904.jpg,12,12,1,0,"```json {""count"": 12} ```",7.47
902.jpg,15,15,1,0,"```json {""count"": 15} ```",7.89
931.jpg,298,100,1,0,"```json {""count"": 100} ```",3.20
906.jpg,235,200,1,0,"```json {""count"": 200} ```",7.73
93.jpg,12,12,1,0,"```json {""count"": 12} ```",3.54
909.jpg,62,34,1,0,"```json {""count"": 34} ```",7.46
91.jpg,130,2,1,0,"```json {""count"": 2} ```",7.66
910.jpg,18,20,1,0,"```json {""count"": 20} ```",7.79
911.jpg,85,50,1,0,"```json {""count"": 50} ```",7.90
913.jpg,9,10,1,0,"```json {""count"": 10} ```",7.99
918.jpg,47,42,1,0,"```json {""count"": 42} ```",7.42
948.jpg,24,17,1,0,"```json {""count"": 17} ```",2.88
92.jpg,24,24,1,0,"```json {""count"": 24} ```",7.25
952.jpg,139,87,1,0,"```json {""count"": 87} ```",2.45
922.jpg,8,7,1,0,"```json {""count"": 7} ```",6.99
923.jpg,122,87,1,0,"```json {""count"": 87} ```",7.21
925.jpg,47,30,1,0,"```json {""count"": 30} ```",7.32
926.jpg,39,30,1,0,"```json {""count"": 30} ```",7.09
929.jpg,23,20,1,0,"```json {""count"": 20} ```",6.88
962.jpg,7,7,1,0,"```json {""count"": 7} ```",2.57
930.jpg,15,15,1,0,"```json {""count"": 15} ```",6.77
932.jpg,53,42,1,0,"```json {""count"": 42} ```",6.66
966.jpg,76,50,1,0,"```json {""count"": 50} ```",1.94
933.jpg,67,50,1,0,"```json {""count"": 50} ```",6.93
935.jpg,2092,500,1,0,"```json {""count"": 500} ```",7.24
97.jpg,20,16,1,0,"```json {""count"": 16} ```",2.55
934.jpg,13,9,1,0,"```json {""count"": 9} ```",7.55
938.jpg,12,11,1,0,"```json {""count"": 11} ```",7.41
94.jpg,16,16,1,0,"```json {""count"": 16} ```",7.33
970.jpg,63,50,1,0,"```json {""count"": 50} ```",3.08
941.jpg,13,12,1,0,"```json {""count"": 12} ```",7.45
942.jpg,37,24,1,0,"```json {""count"": 24} ```",7.54
943.jpg,97,62,1,0,"```json {""count"": 62} ```",7.05
979.jpg,108,100,1,0,"```json {""count"": 100} ```",2.40
945.jpg,122,87,1,0,"```json {""count"": 87} ```",7.26
949.jpg,1092,500,1,0,"```json {""count"": 500} ```",7.12
946.jpg,20,16,1,0,"```json {""count"": 16} ```",7.35
95.jpg,15,15,1,0,"```json {""count"": 15} ```",7.29
955.jpg,86,75,1,0,"```json {""count"": 75} ```",6.78
989.jpg,69,62,1,0,"```json {""count"": 62} ```",2.21
957.jpg,530,200,1,0,"```json {""count"": 200} ```",6.74
960.jpg,13,12,1,0,"```json {""count"": 12} ```",6.94
959.jpg,18,17,1,0,"```json {""count"": 17} ```",7.09
999.jpg,14,16,1,0,"```json {""count"": 16} ```",1.63
961.jpg,48,34,1,0,"```json {""count"": 34} ```",6.95
963.jpg,63,50,1,0,"```json {""count"": 50} ```",6.62
964.jpg,18,21,1,0,"```json {""count"": 21} ```",6.48
965.jpg,10,10,1,0,"```json {""count"": 10} ```",6.45
969.jpg,38,27,1,0,"```json {""count"": 27} ```",6.25
972.jpg,485,200,1,0,"```json {""count"": 200} ```",6.35
973.jpg,45,30,1,0,"```json {""count"": 30} ```",6.41
975.jpg,718,200,1,0,"```json {""count"": 200} ```",6.38
976.jpg,85,62,1,0,"```json {""count"": 62} ```",6.39
977.jpg,165,109,1,0,"```json {""count"": 109} ```",6.37
98.jpg,19,20,1,0,"```json {""count"": 20} ```",6.34
982.jpg,50,34,1,0,"```json {""count"": 34} ```",6.32
984.jpg,64,50,1,0,"```json {""count"": 50} ```",6.56
985.jpg,53,62,1,0,"```json {""count"": 62} ```",6.56
988.jpg,12,12,1,0,"```json {""count"": 12} ```",6.68
99.jpg,121,123,1,0,"```json {""count"": 123} ```",6.58
990.jpg,111,60,1,0,"```json {""count"": 60} ```",6.52
991.jpg,93,60,1,0,"```json {""count"": 60} ```",6.32
993.jpg,17,13,1,0,"```json {""count"": 13} ```",6.02
995.jpg,20,20,1,0,"```json {""count"": 20} ```",6.02
996.jpg,18,20,1,0,"```json {""count"": 20} ```",5.75
998.jpg,24,20,1,0,"```json {""count"": 20} ```",5.61
