path,bytes,md5
LICENSE,2359,8181AE56741E4FFBE79EAAA397452F9B
README.md,32937,35FD6EAAFFE2FD5D5DF7FD2851528A5C
code/analysis/A_analyze.py,47050,8E1A016DD1D485C6A186084B8C160017
code/analysis/A_criteria_frozen.json,17134,4B3F2904100A9ADCAA2CE9B7F7B84C76
code/analysis/A_result.json,45723,45D9CA177741B43269779E1081C92B4C
code/analysis/B_analyze.py,36556,1DD590CA81334DFD98B9259D96D10C6B
code/analysis/B_criteria_frozen.json,9689,B3F45D4D6B71C7849D00D6AFE9B25362
code/analysis/B_result.json,92380,9683078D06F6809090A2773EACF03CED
code/analysis/_audit_bootstrap.py,1663,CD0CC65E53AAD0F9E5FABA83C0CC7EB8
code/analysis/_check_n1_coverage.py,2473,7417787032A20500B167CF2526A1AE73
code/analysis/_ctx_pull.py,3739,C9B5F27BF8CBC27AF4BD35166900FA18
code/analysis/_ctxctrl_indep_check.md,11853,AC9C913AB9AF7C9064EC387717CE9B1F
code/analysis/_ctxctrl_indep_check.py,12930,A3D805578D838F35C3243ACAB966B753
code/analysis/_dump_pp_sentences.py,2063,2D2172FBF208711FFD779D5551F22C9B
code/analysis/_f10_random_drop.py,6172,BAE248EB5D25C100BC28C317373634C3
code/analysis/_f10_random_drop_order.py,5581,C2ECC1CB5349471AB3DB6F0F0B96BA0A
code/analysis/_f10_range_check.py,1637,1FA777BC89BFD17B4C4BFFB245C7CF46
code/analysis/_f7_trunc_span.py,5729,E2DB5A49E7D5BBB123E0907A9A2E2E4B
code/analysis/_freeze_m40m41_facts.py,4532,03BA871B72DFDB05DE72B0E0A41FBEEE
code/analysis/_normalize_numbers_refs.py,4356,BD432686B781DABBFD42D5E23EC85477
code/analysis/_p1d_indep_check.py,6640,89A1D1FF4B7A51A2736A4DE5620E5D4A
code/analysis/_p1d_reaper.sh,1196,F78DDBD49225CC96AE1BF09491984EEA
code/analysis/_p1d_results.py,4287,6D218FB92C70780BE2E9B5D227F5CCC5
code/analysis/_p1d_status.py,1229,388FD4E28046227E7688877F0714761A
code/analysis/_p5a_state.py,1846,92C57EED6B2BBA4EC7AF6740A0EC6AF3
code/analysis/_p5c_env.py,1707,338BA10FB1E410C360DFCA9AF6BEE0C6
code/analysis/_parse_bug.py,3320,1E1C20E48EF2A6AE1EAED8B8DC241F70
code/analysis/_parse_diag.py,1422,EEF98FC0C13CA7FAC28904C0CBA416DD
code/analysis/_posctrl_white_vacuity.py,6493,B4C2B81CF470FC065CB170348CBBF71C
code/analysis/_probe_f10_bug.py,4256,2BEA5645304D975732F153E5E712EAAE
code/analysis/_repro_root.py,7161,80AC71E7725E517E1F4F99FBA1FCC3D5
code/analysis/_variance_boot.py,6884,246B3AEE80655E93CB88BABD9D615C75
code/analysis/a39_perknob_robust34.py,28151,1E2F161919A792F71BB4E76B917554C3
code/analysis/a39_perknob_rung.py,23383,7AD2443CE60FD5159968067A4A361AEF
code/analysis/a39_perknob_rung_result.json,26801,643B71FCBDD2BDB38282E46B7AE72B68
code/analysis/a39_perknob_rung_robust34_result.json,8821,1490F90975DB53E1C9A28555C9E8DED0
code/analysis/a39_sharediso_fold2.py,16039,D69DC0E13B2C18CAD8649AD4F7FCD01C
code/analysis/a39_sharediso_fold2_result.json,11309,3A7005EB88880E6A93F0CE6D7A784C09
code/analysis/a39_sharediso_fold2_result.json.md5,145,36E1B0640CED739ACFEB7C019458003E
code/analysis/a39_unit_calib_heldout.py,15255,0FFABBD7DF7D7F6AD4295238B3D73AFA
code/analysis/a39_unit_calib_heldout_result.json,11029,392369AF65F13DCBF7720BC612FBF5EE
code/analysis/a44_split16.py,15212,1ED4126A0AAED116FAE4984F97DF97D9
code/analysis/a44_split16_result.json,8644,8D60FF3CECA89432C2E1C07BD44D153F
code/analysis/a44_split16_result.json.md5,76,6F64EC134FFCA1D07CCF344D761E8D01
code/analysis/a5_ablation_report.py,5353,CCE8D8A6AAC63906E61C2EB52F192144
code/analysis/a5_criteria_freeze.py,4713,4585E63E2F3F28A3B7A6B1EBE9EBA943
code/analysis/a5_criteria_frozen.json,2478,EAEAFBC4AD4602E0A0F092D1306AEA3C
code/analysis/a5_criteria_frozen.json.md5,33,ECE902172D8396725D17BA5166665D2A
code/analysis/a5_grid.sh,2560,CD70F996F90B576C579ED002D9A7DDAB
code/analysis/a5_judge.py,4690,A72D2BEA489AC648E85E6DB262E1A2DA
code/analysis/a5_mech_report.py,4686,0567FDFAA105537B6E63DAFE298516A4
code/analysis/a5_precision.py,929,F473D6409A5D04D74D1D1A10CC4BE62B
code/analysis/a5_pull.py,4420,8DA17D64F98ECE4B8CF44C92BDF4A7A5
code/analysis/a5_qc.py,969,63A00DC1CA717B417C028F0CFFD6FCE2
code/analysis/a5_qc_matrix.py,3101,7044991BDF82B22D31ED30C41F1BD4B6
code/analysis/a5_rawsamples.py,3104,BEECFCBD8FCE3F1C30F84C7422C4D4A6
code/analysis/a5_report.json,26524,4F91C98D6161C5FD1289C87E5DBACD43
code/analysis/a5_report.py,16853,1CD024A9BDCEA86D6BECE51A94941FB0
code/analysis/a5_smoke_e2.json,54444,51863FAEFE3BFFD0FC530B064FD651EF
code/analysis/a5_two_kinds.json,1635,9EC897FFC1BEF28697B17A4CFCF5E0E9
code/analysis/a5_two_kinds.py,7970,2A250ABA5012830D4D848F80D94EB434
code/analysis/a800_ablate.sh,2504,62F585F773C920AAE650828955D7C1D6
code/analysis/a800_chain_families.py,4004,8A25D73FEAD73BC5BEA69C2547BDBB19
code/analysis/a800_conn.py,1243,C27AF20025897CF81A5D7F43BC58EA99
code/analysis/a800_extra.sh,2343,65C8F8FF7BBEAD2F8DD67BADEA947185
code/analysis/a800_extra2.sh,5623,F5DEFC02F9DD84CEC763CAAD621F2C53
code/analysis/a800_extra3.sh,4921,3F74D11FDFF89741F53C046825B586BB
code/analysis/a800_extra4.sh,4031,2A3686BB08AF9D7A0F708B2979B4C91A
code/analysis/a800_fix_llava.sh,3845,846A01E8D7FB636C41190531195AB4B5
code/analysis/a800_fsc_arms.sh,2651,A9511696E89788159C76B21E018F28F3
code/analysis/a800_fsc_dl.sh,2895,DC652903A0D5311C48937625E1800BF2
code/analysis/a800_fsc_grid.sh,2986,A24E5886B09C3ABA8362FCEB8A9B721B
code/analysis/a800_fsc_panel.sh,2684,A39E6E4FCD1C4B159E6D484661DB228E
code/analysis/a800_shutdown_check.py,5274,D97D6A4A4DC4C16A9678EA06838AD58B
code/analysis/a_lightfree.py,10263,642618387645C14C5FBAEC5940748F8C
code/analysis/a_lightfree_grid.json,2065,AB56E5C381C46E5159BB5C455B1DC48B
code/analysis/a_lightfree_grid.py,2915,D8BABDAC92D4DCEE963058B60D275EB2
code/analysis/a_lightfree_quote.py,3144,193D342220C038423593D3583D5EA50D
code/analysis/a_lightfree_quoted.json,904,7C953557E49293E53C6B7FEF83EEE458
code/analysis/a_lightfree_result.json,2498,C38B8E1448A6E5344AF72D09CA5AC927
code/analysis/adopt_contract_probe.py,7487,BDD0856899518EEA5B4966CA08FCC62D
code/analysis/adopt_criteria.json,1075,9901CA6F46D146D7DBDAC55D16EF9136
code/analysis/adopt_report.py,5829,B956D463B0663BEA3BB6281A4F8D42F8
code/analysis/anchor_aux.py,17722,2F4F8CEB2180F387EBCE2AE6B8835BB0
code/analysis/anchor_f10.py,14420,DFFFF61DA1A24D9AEDFEF2605C9307C2
code/analysis/anchor_m40m41.py,17203,20FBFEACB97E4EB8FAD80A572AB6C521
code/analysis/b1_fsc_analysis.py,6826,FCBCFABBEDDA756CDEBE152C8E2C5474
code/analysis/b1_fsc_full.json,3222,090149CC352E096485587A57BC3110D7
code/analysis/b1_fsc_full.py,7356,DD722D49B82B180891467AD85F39F98C
code/analysis/b1_fsc_quote.py,4164,EE0D2611BD17C7B4E851E18ABAF94C89
code/analysis/b1_fsc_quoted.json,1721,C8A47457FC83B5785734B3CE207E60AA
code/analysis/b1_fsc_result.json,2039,D4F6CBD95B93A45707D46E346FCA24F3
code/analysis/b2_pilot.py,5985,7ABD1CE13D0C27789330DADD44AEACFA
code/analysis/b2_pilot_consensus.py,6062,21AC32A5F3C9F9C859336A040308B841
code/analysis/b2_pilot_consensus_result.json,4607,6F7A74A8BE46709281BEF7BEB434D4C0
code/analysis/b2_pilot_phrasing.py,6076,258F24E33A485622721DD93F01A0AF8F
code/analysis/b2_pilot_phrasing_result.json,3959,6FC5CFFCDB6ED6B8F66DEECEDD948D6B
code/analysis/b2_pilot_result.json,775,BA6662713FD460535D151F6ADB1B395B
code/analysis/build_coverletter_docx.py,5128,AB10B8807C48779B61F19636539FD98E
code/analysis/build_highlights_docx.py,2417,ABB9402ADF936B67AA8A82E17BCF21D0
code/analysis/build_paperB_pack.py,11225,F9D5FCE12E64F82602E31B0414E62FA9
code/analysis/build_pr_docx.py,8883,A4191CAD972EC03EA7D3F4DAA1781576
code/analysis/build_span_panel.py,11036,1922DBFB4EE5BE7B02192C168527F2EA
code/analysis/caliber_context_whitelist.json,3672,0552ED1027EC5777153108D44F188F11
code/analysis/check_citation_mapping.py,3814,95647F49EF6C2FC3B6BB019A310E12AD
code/analysis/cite_guard.py,3617,13ED8EF3D5072A68E6DD07E4BE01923D
code/analysis/close_parse_issue.py,4831,4AC3E89ADF43E59017E0B664DD50D67F
code/analysis/collect_round.py,7485,237528E43ED6A606BE3C870C360D9915
code/analysis/convention_rank.py,6380,716D675A71AA39794681E67EA7039075
code/analysis/convention_rank_quote.py,3320,786CDC43CD04E451FEA863838344AC70
code/analysis/convention_rank_quoted.json,1433,59F2C7B65632D8BEB2E4D4180A7C2C3A
code/analysis/convention_rank_result.json,7405,1FD030FB1BF5C1D055386DAADCB8FFB4
code/analysis/corpus_parse_audit.py,3818,C025DD07701112C5B42CABEDF86A7F69
code/analysis/corpus_pi_zero.py,6312,A9812EF1576926C3204C03551FB441EC
code/analysis/ctxctrl_analyze.py,9469,0631880EB52709F9B8E7BB73B4B3AFA3
code/analysis/ctxctrl_indep_result.json,7253,40412310C61AF50E4C0D37F8DFFE7015
code/analysis/ctxctrl_indep_result.json.md5,87,468D8BD2CD06CAFCE4DB6387D2C96E5A
code/analysis/ctxctrl_result.json,40894,E1C89388F660371B5118A5DE577A0914
code/analysis/ctxctrl_run.sh,6105,E1990DFB790B3AF1ED1CBCB1304DAB7D
code/analysis/deploy_decision2.py,7896,F01459E448D15A926AB1229A0E758C1F
code/analysis/deploy_decision2_result.json,1342,48D17D3ABB2B9DEEE6A0900D296D658C
code/analysis/deploy_decision_result.json,24664,7A2BFB6FBCAE4580D5AA0C318F234CB7
code/analysis/diff_vs_locked_pack.py,2840,5B0AB5FC9C2EBFE6FD9A69A746A3EF6B
code/analysis/dose_routeA_visdrone.py,7967,863333086C2F96901B226A4C8B293AE6
code/analysis/ds_repeat.py,7141,0385F20BE12BB6BEE3A880B2C810C942
code/analysis/e1_evidence.py,15764,DBDCC539803D9BCDD6A6BA20A922792D
code/analysis/e1_full_table.py,6768,FE34F94DB4B74CA00205B9FD0C0A5AAB
code/analysis/e2_all_models.py,3477,8E6F5ED00523E230F866EAC518D4F219
code/analysis/e2_compare.py,4567,3E4C98C50DE8387786AD23674BB3688A
code/analysis/e2_fetch_summarize.py,3296,9E1238D161E114B3AAD8BD3F39D45B94
code/analysis/e2_full_analysis.py,8449,FFCC46B4F4A793E87031E634B2E4BE1F
code/analysis/e2_key_questions.py,4278,BC34B1C4FC15241D4BED970A41F2F346
code/analysis/e2_paired.py,4492,850D1237A640E0C3FA5BB329446ADF76
code/analysis/e2_v7c_analysis.py,10376,2D3987E708CA3451D339D28214A26B8B
code/analysis/e2_v7c_subset.py,5696,4D7EC6989DBA82DE9F65F3C9176CE35D
code/analysis/e2_zero_by_model.py,2278,0592FC07D4CEB941C8E7CDF8C3196872
code/analysis/ea2_analyze.py,6856,ADE598A8DC3F0030798DF1499BCB9BC5
code/analysis/ea2_contrast.py,8387,BC1E017891D343867CDD342D1840C4C2
code/analysis/ea2_contrast_result.json,20357,7BFCD6B86264B3AEEDAFBA198598C0DA
code/analysis/ea2_integrity.py,5607,16B30F0745632257B131CDD8EFBF4F51
code/analysis/ea2_mixed_analyze.py,4984,F3B639B891808289BE71CD695E0AA65A
code/analysis/ea2_z0_result.json,90974,7F15A3A25F7A62DCA5BCF369492EB4B0
code/analysis/ea_finalize.py,7641,A0FF3AE515E4EC231218F8FBB2777E4F
code/analysis/ea_lang_manifest.py,3240,136D135292ACBE5889DC46C80B07F6E5
code/analysis/ea_truezero_result.json,14166,C547F2A10081DB179A85B1A21DFD4686
code/analysis/eb2_equalcount36.py,10184,330D2EC4A1B4330356B45864E44316B5
code/analysis/ec3_run_en.py,7049,E7EE39A7B004578698EEE048A2E8210C
code/analysis/ec_finalize.py,6766,65F961FA717E30400A1DA2B1E732B5B1
code/analysis/ec_lang_result.json,16952,F4531FCC1DEECE4559980486B0879934
code/analysis/en_check.py,41993,CD04C23FCBE3C7964453767725255A5E
code/analysis/endgame_e1.py,3600,812F1280E6F080018B8F05A353B7FC89
code/analysis/endgame_e2.py,3522,C39717D5D44C295EE7152D2DB5A6FE4A
code/analysis/equalcount36_result.json,10412,BD70867B1453CC5E3CEEB97572D26EEA
code/analysis/f10_grid8_declared.py,8768,E1BE06901FCE4C979B3BEBD4FEF54B35
code/analysis/f10_random_drop_order_result.json,972,3F0E43DC1C4B26476782F9B4F3F62208
code/analysis/f10_random_drop_order_result.json.md5,97,EB8FCA0B448EC7A1DC12EC298277F9FD
code/analysis/f10_random_drop_result.json,3641,DBD79E6EDBB05F260A17AE52D38308E3
code/analysis/f10_random_drop_result.json.md5,85,88CF0C6A70408C6F83EA1DD64B6D0D77
code/analysis/f7_trunc_span_result.json,3025,B8A4B37550159462581469DB8248BCF2
code/analysis/f7_trunc_span_result.json.md5,81,43F75A341D32D0B2151314BF41B7BACA
code/analysis/f9_quoted.json,4834,0F459456F854A4C9390778667C7C9B7F
code/analysis/f9_repro.py,14520,5197811035DEB356A40763BC952B6D80
code/analysis/f9_repro_result.json,3646,5AE4EF35D6B04A76C14720F86F985228
code/analysis/f9_repro_result.json.md5,70,5C688687AD7C59AB6673E3529C540855
code/analysis/f9_transcribe_check.py,8230,E744401E9935DF991981641342C0EE6F
code/analysis/fix_ref_periods.py,2747,D246C30B9CF986593308A579FD8E4450
code/analysis/fix_s38_labels.py,5019,C65FC1D79B76A7409D614BD0B9FB6969
code/analysis/freeze_docx_measurement.py,4827,26676EE6CE471CA0292795BA96B4AF4D
code/analysis/fsc_res_analyze.py,10403,56FC8B183FD3A3EE2F36CF257ACAAE19
code/analysis/fsc_res_qc.py,4202,BB3993CA2D77C0B0573401D97EAD9EE0
code/analysis/fsc_res_result.json,27363,05A4F7A4159BA8B66FB296EDF998FB04
code/analysis/fsc_res_result.json.md5,76,43DD3DBC80E51A56B009A4E4341F4678
code/analysis/full_suite.py,2096,617E60ED48C7E353DEDAB6E7AA522818
code/analysis/g15_levels.py,7386,A62EC4C2A46708E96699C36898532A93
code/analysis/g15_normalise.py,15222,89B8BB5471003135FC6379D0F666F516
code/analysis/g15_travel_extract.py,7723,3A13A5BF53EF61ADEA22F16510D92790
code/analysis/g2_analyze.py,12010,93F63BD0082F1788D4FEC13768640181
code/analysis/g2_neutral0.py,9680,3517FCD0061842B1D84DBAD50A260F34
code/analysis/g3_all.sh,4674,F4DC3BC14AEA96EAABA717FAFB6351D2
code/analysis/g3_criteria_frozen.json,6148,4A0B57073515698911775374C554D472
code/analysis/g3_res_matched.py,7176,B4C18B82F01A7F3550B2DC8CCEB7E8F3
code/analysis/g3_run.py,6735,00BFF105297EC4D49D5B41E85669AB14
code/analysis/g56_criteria_frozen.json,8057,22869FD86FEFB37502DDF9D8DD5BEC8B
code/analysis/g56_run.py,12990,9969201930290B95BD6D27B9D610F093
code/analysis/g7_all.sh,3377,A8316394CE173836663C4685F4A14A3E
code/analysis/g7_criteria_frozen.json,5342,700598C23627E9DEF04506D1E14DBD18
code/analysis/g7_run.py,6955,F24DDA69B929F7FAC1BC956523925947
code/analysis/g8_all.sh,4354,6EE49E01683485B70E4FEFFA5CFDDB2C
code/analysis/g8_criteria_frozen.json,5331,1FDED0D37282C093A323325FFF90106A
code/analysis/g8_run.py,5639,206DF3D73118DCACAC2482B6FDE381B7
code/analysis/g9_all.sh,2589,3CA2B16883D0AC691C7FBAA3D72D3F50
code/analysis/g9_criteria_frozen.json,3686,CD4D138BFE50A51C172D8648933BF955
code/analysis/g9_guard.py,7614,0C83274955D3D1EF2E2F395C560A23F0
code/analysis/g9_hidden_l2.py,7267,FCA4A780951640452183981DDEFE989D
code/analysis/g_criteria_frozen.json,7212,B9E8227D9AA332CE529976B34F1CB21B
code/analysis/gen_m37_unit_table.py,2435,E3ACD2E3BC3796FBEE34783ADAB25CA8
code/analysis/gen_m40_2x2.py,10303,2D40FFE41306199D4B541F81511F9587
code/analysis/gen_m40_e2.py,16737,4361B2C8E2CABA32CEDFDFA39CCD79ED
code/analysis/gen_m40_wilson.py,6602,703A0193D04E7546D83AE989DF1C0B80
code/analysis/gen_m41_e1.py,20454,D65D120D6F98F41B867B6C89D9FAF1EA
code/analysis/gx_all.sh,4463,9E1FBFD3019F251A8A207BF896006C64
code/analysis/gx_criteria_frozen.json,6156,129005A8A7C1326519C3F63260CBB3AE
code/analysis/gx_run.py,7963,E3DD5E37725010478000F596DF9A4B3F
code/analysis/h20_conn.py,1288,F7BF8189B238C4449994ACA73EF8973F
code/analysis/h20_free_disk.sh,2435,DAAA102720F268D2A3B1E578AC913182
code/analysis/h20_rescue_compare.py,4312,32FF1569DD203F99E5FFD2AA907045FA
code/analysis/h20_rescue_pack.sh,1354,31962F6CF77382413B175AA47A40C33C
code/analysis/m219_wilson_bounds.py,7038,DABC3234182816BEA0C0534844A7C142
code/analysis/m37_ci_power.py,11903,663A1F4802C9C2C0E587C7B0D91637ED
code/analysis/m37_ci_power_result.json,4755,C4961D58D9450E3A12223DE2E81A4974
code/analysis/m37_ci_power_result.json.md5,78,A945979DC3270BFBF53697B34D026C36
code/analysis/m40_2x2_result.json,7235,06FEA630E1E9948DD5E8D0213B27C885
code/analysis/m40_2x2_result.json.md5,72,A007F6FB894B2F528069A38F2A02865F
code/analysis/m40_wilson_result.json,9473,FFBB654D0053AFF4730A27787CC882E8
code/analysis/m40_wilson_result.json.md5,78,140353B1D4B377A855BD7807FD89621D
code/analysis/m40m41_facts.json,691,A2360E5CAC75E1E5854C3491184C1B7A
code/analysis/m40m41_facts.json.md5,79,B0F91AF30A491A46452D050ACFCFA53D
code/analysis/make_19f.py,6104,AFE36A1B4CCA89CACF9104AC192AA276
code/analysis/make_sharediso_fold2.py,6196,DF8FC8F299DC7C580237E4F8BEFB2D04
code/analysis/make_test_sheet.py,3550,D340C596027816F93A8FDC97A5740FD3
code/analysis/measure_fix.py,6501,90370C3988874BC9DFF84F852DE19FF6
code/analysis/measure_pages.py,11146,EE24CD5B39C5E2AA5574982915D55405
code/analysis/measure_pr_layout.py,8306,A241858ADB41979C0694893FCA13D4B5
code/analysis/move_s38_to_appendix.py,6706,955F2FA20D8B2D9D3734AC4A80D9250A
code/analysis/move_s73_to_appendix.py,3885,B96BC789A05434CBB02A0980EDB2E216
code/analysis/move_s7_short.py,2867,D7983E36CF98DC5A517BCA9991B46B9F
code/analysis/n1_span_artefact_result.json,29688,4C7C22B87DA4192F367BDBA44DD4FE16
code/analysis/n1_span_artefact_tests.py,22022,01CAD136D8E4009D7089782A3AC8547A
code/analysis/n1b_extras.py,12091,F8E83682A7F47A6C4913F3FF43828C10
code/analysis/n1b_extras_result.json,18332,605D626747B72FA254F016B8F3071F89
code/analysis/n2_adversarial_probe.py,6772,E258CA2ABDF62CF80FC55432ED95C843
code/analysis/n2_boundary_rule_audit.py,6613,80A7EA35956D7FDEB6C149DCC60B5DB6
code/analysis/n2_rule_spread.py,22772,73F97B5B3672DD1E153FE0E49D1547D5
code/analysis/n2_rule_spread_inventory.json,38209,5C127F0A31E113A7A702B3897546FC11
code/analysis/n3_deployable_calibration.py,40421,D4375EB17E5E548446F498295E2A7C06
code/analysis/n4_cross_family_dense_panel.py,20743,3A9F8BB2FEED81D58E15E480419DF5F9
code/analysis/named_uncited.py,5236,9D6B2F66C59B36E298ADE07E76F8B0E7
code/analysis/normalize_supp_lf.py,3869,282A50687CC4A5FE13F5419016673765
code/analysis/novelty_closure.py,6519,7CFE49B9CBFFAD2697AE41A4D27E4E8D
code/analysis/novelty_round2_compare.py,5990,3B4EEB3F228B0215D0CC9C3A63D31F9A
code/analysis/p1_analyze.py,15961,8AD504EB097187EC5452C1E8E193F033
code/analysis/p1_criteria_frozen.json,5223,FA22A7E172353A337CDA5199BF4FA11A
code/analysis/p1_criteria_frozen.json.md5,58,4AAB7CB4B4CB81BE3FDA9A462F37E4DC
code/analysis/p1_freeze_criteria.py,7638,3D7B6C5E2F67D62F23267115A48673CE
code/analysis/p1_indep_check.py,9481,DAFF08FC685D135601FA7F4F3CE0E20B
code/analysis/p1_prep_grid.py,5557,7D9476F24C31C95FE2602D680A024955
code/analysis/p1_probe.py,11430,5AB5960F4E3F023BE9256D06E72E23FD
code/analysis/p1_result.json,15933,A402102D5E1E9A5EF22346F45A992BE5
code/analysis/p1_result.json.md5,49,757CEE46035499609610F644393BCF1B
code/analysis/p1_run_parallel.sh,5355,3ADC80A8AA54422ECD89AEDE9B1C9D21
code/analysis/p1_run_wave2.sh,4756,B898BE98C521A92297D4D6B3107EDFFE
code/analysis/p1_run_wave3.sh,5024,0419ED0F5B4B48DF1B3A1538BF30D9BB
code/analysis/p1_run_wave4.sh,4015,AE7E0207F94FBD37FDC7A0807717B32C
code/analysis/p1_run_wave5.sh,3248,43C3385CA2B178B94D91C2864840A46F
code/analysis/p1b_analyze.py,9085,A01B3A9EF1A131CAC57CC5023A16F642
code/analysis/p1b_criteria_frozen.json,2481,67E06A0E73256B26F8C63A23957A4EA8
code/analysis/p1b_criteria_frozen.json.md5,59,1B706712B8E485D310D4E9831372CCE6
code/analysis/p1b_freeze_criteria.py,4598,5756AAD89C9F04A0B4A67A438DE21A9C
code/analysis/p1b_result.json,5627,42D46FDB7632A9A247661D9CD285CEAA
code/analysis/p1b_result.json.md5,50,33D94ACF9A28E889FEC05A6F03DAE6CD
code/analysis/p1b_run.sh,4871,4E4397F6D3102462948310285743F589
code/analysis/p1c_analyze.py,9935,F3947543B0A2EB9F30E0F9AE31065CAD
code/analysis/p1c_criteria_frozen.json,2375,2B9E5A12D5D603B9307E4A445D010732
code/analysis/p1c_criteria_frozen.json.md5,59,072F7372995AE13C443DA8F1F5F14F37
code/analysis/p1c_freeze_criteria.py,4219,C861B50CB76829F5B3D19F3B914B7D3E
code/analysis/p1c_prep.py,5172,B2C9806759DD63F3E2332E2A9B724CBF
code/analysis/p1c_result.json,10469,AE1D9A99CC2AA07AB5CEAC789BA75E00
code/analysis/p1c_result.json.md5,50,DDD2ED1F2A368A59A9A69C777C46C772
code/analysis/p1c_run.sh,4274,141E956D683015839ECA9327D8B5283C
code/analysis/p1d_criteria_frozen.json,3828,CD7ED7085DD5245B326508CD6A2454A2
code/analysis/p1d_criteria_frozen.json.md5,59,E2BD7307BD701D71485EAF436301DD5A
code/analysis/p1d_freeze_criteria.py,6628,C30F0E6FA89D5CDB902C5FA4D1277154
code/analysis/p1d_make_prompts.py,4161,F139CBFFFC5292CDC06390D0FE8C1F4C
code/analysis/p1d_probe.py,9534,FE17C3DB237FA6AF30C97E040C5FCBA9
code/analysis/p1d_prompts.json,900,D35EC04A163ECDCB021E1273BFC8E198
code/analysis/p1df_analyze.py,11330,1BBD011928815B1482A549856B8ECD1D
code/analysis/p1df_result.json,4678,CD04D6F41A34365B119E9B27552FF26C
code/analysis/p1e_criteria_frozen.json,962,600F5C90A211A46E20B6F6BD60290C2A
code/analysis/p1e_make.py,4644,0F2EA81B0647601F7CE45FAB818FC817
code/analysis/p1e_probe.py,1370,D3FD22ACBD366B865EA3F9305A4294E5
code/analysis/p1e_prompts.json,611,24E3AF806DB3EEE7F216DEADA70E62B9
code/analysis/p1f_criteria_frozen.json,1268,00C38A417196B70EF08BEC72E30CF070
code/analysis/p1f_make.py,5121,C4BE2202B020669B9E19385DBC7589E8
code/analysis/p1f_probe.py,977,AF48CC7C8720F5CBEFD6D3CF5C2AB3EE
code/analysis/p1f_prompts.json,1341,CEAA67E4A59768BF61621B61235EBFF8
code/analysis/p1q_gpu0.sh,1302,38E7C9179E6195CA0CBD4AC16C1BD431
code/analysis/p1q_gpu1.sh,1134,A1C0652E6F87694BA0D9C0A6A8ABB4F1
code/analysis/p1q_p5c.sh,1853,25071CF352A4D400A0FA7C09B303B544
code/analysis/p1x_run.sh,4688,3BB81547D44DD726C721B88947797495
code/analysis/p2_noise3_cmp.py,4796,D26E66CB44E014D31693472C2059380D
code/analysis/p2_noise4.sh,2978,7204744C10A030E2CC2043AE4856A8DD
code/analysis/p3_A_prep.py,6077,4FF75AB920D0604007596BE0D082227B
code/analysis/p3_A_probe.py,8716,806D2A323DFEFACD662088ADEE4F935B
code/analysis/p3r4_zero_1_S_ci.py,22517,AE19DD7FE9DF9DC27961E5960C1316B5
code/analysis/p3r4_zero_2_null_span.py,20346,83073E21421A93E2D834280A5A453A7F
code/analysis/p3r4_zero_3_parse_all_csv.py,35217,3C918E1F466A0C4D26D3FB3DC40E7658
code/analysis/p3r4_zero_4_answered_only.py,30045,7E754FCE39C81F12EE143A5E3830ED8F
code/analysis/p4_decomp_verify.py,18515,C5CDE6403352D4C671BC786B531760BE
code/analysis/p5a_probe.py,10209,EC9362D7C104E5026E86D7320F4A700D
code/analysis/p5b_run.sh,4631,2EA66C8ABB9AB0401D58BF474276E2A9
code/analysis/p5c_analyze.py,5426,D2BAA5A714C386AB9302653D69DCB0B2
code/analysis/p5c_criteria_frozen.json,1991,5F4683BB9CDF48F767936109954B2867
code/analysis/p5c_criteria_frozen.json.md5,59,6A38EAAAF92725B8705382068CA6E07E
code/analysis/p5c_freeze_criteria.py,5999,15FF8C9D351C497219962CB745FEDD81
code/analysis/p5c_hidden.py,11269,2C9BB49FF5C5029D1E7B7D57932DD981
code/analysis/p5c_result.json,1089,D1BCD88B341EA59ED6EE7A7925720099
code/analysis/p5c_results2_summary.json,3785,BD3C6174388171A220513249E521BD1C
code/analysis/pA_analyze.py,29021,9CC66955B1438860A43959C0CD28AE4D
code/analysis/pA_criteria_frozen.json,52342,37E1FD4A25F5B1675FC12E45B2DBAF05
code/analysis/pA_criteria_frozen_v2.json,86942,FEEF927F6CC6437EECA68DDA481E2781
code/analysis/pA_freeze_criteria.py,7048,4988BA6A8AF2780BAFB984C47AC4B8D3
code/analysis/pA_freeze_criteria_v2.py,8122,D51AE58B75AF4E99B0D4282DCFCA2063
code/analysis/pA_indep_check.py,10257,67762CB83C6C8173C809DA33FFA53715
code/analysis/pA_result_v2.json,189588,084A470605832E5AE66BB183C7910FD6
code/analysis/per_unit_affine_heldout_result.json,4461,7D1F4667EFB44A8D5831B16E2BF0429D
code/analysis/perknob_rung_8unit.py,15186,B71D85DAE41B1F4556631A5536BD4265
code/analysis/perknob_rung_8unit_result.json,5029,63CEB33804756655956D873C13A8D62E
code/analysis/permit_vs_channel.py,4362,923BDAD5BC15DC629B51B7424C0FDA87
code/analysis/permit_vs_channel_result.json,5232,F254FB7416422CA1D7C4C409570B7E3C
code/analysis/pin_diff.py,3026,F40FD3B77DB1DAED38135A2F74A51B90
code/analysis/pr_compliance_check.py,6838,46A5FE80D421E6FA2ABE865912428FF1
code/analysis/pred_w_caliber.py,5586,96735272721166993CDDCA7ECCB071C3
code/analysis/prompt_features.json,37507,8910A75969597FF43541D936C3F0B3A3
code/analysis/prompt_features.py,18260,9C8BEC882C5996245A227694DD1D14F8
code/analysis/recompute_S.py,4225,0A907D35AB5DCB3549BCD8A028486AB1
code/analysis/remeasure.py,4760,203C999D49729A50B70E81936E61A33A
code/analysis/renumber_refs.py,3998,E8C5F1FC5A21D70EF979ECD441849298
code/analysis/s15_five_build_S.py,19796,79274ACC58A152353B9D734A19544D12
code/analysis/slim_pointers.py,2562,951D56151A91A8E22C72DF31CBC93830
code/analysis/span_caliber_reconcile.py,8579,44AFB8AE76A151412B77F692D19D32B3
code/analysis/span_equalcount.py,13081,644166F188B714A6C0E9541A54FF12D9
code/analysis/span_equalcount.py.BUGGY_caliber_mixed_20260924,12290,ACB867F0F92DC08112BA4CF5EAD16851
code/analysis/span_equalcount2.py,15947,6FDCDAE168158173CFD5AEA0006C2BBC
code/analysis/span_equalcount2_result.json,12444,BDB313A08DA7F1B37B94CFC65AC391A7
code/analysis/span_equalcount_result.json,5692,07FE325808EAB35AC34160E6A943C76C
code/analysis/span_forest_norm.py,7233,876AA29C9F95E91E22FC77217D671AF4
code/analysis/span_forest_norm_result.json,10665,876CAC3D76BF720E4B219268BBCC0E1C
code/analysis/span_forest_norm_result.json.md5,86,4CD5BEB51AAE82E93CEF03D08D43E173
code/analysis/synthetic_grid_cells.py,10179,AAF3DD5D74571937465F1D383E46EC35
code/analysis/test_parse_regression.py,4531,F77317C8697131526A677504D74F6168
code/analysis/theme_decompose.py,10387,6D666A257AAE41605B04E3C78C609801
code/analysis/tile_ladder.py,5016,DEE7263C03BEF44C9AD2322DA03A3912
code/analysis/variance_boot_result.json,719,08FC0BC3E265C74D17137A2AC3F586D0
code/analysis/variance_boot_result.json.md5,81,1CD5CAA7B2C1A92255B1FF4454889158
code/analysis/variance_decomp.py,7093,4B53FB027EBA40D888400CEB2436D627
code/analysis/variance_decomp_result.json,1545,E2DB4C36466478AFE41DBB417DA8BCDC
code/analysis/verify_instr_identity.py,4486,4DCE25A4577024B20B8A47EFDD63CC19
code/analysis/verify_objective.py,15514,867A89915AD7FE240A11F9C5A29C6179
code/analysis/verify_s11.py,15400,F67DAB446171342AFD119628526F64B7
code/analysis/w0_audit.py,5151,EDB1D303D0F998ED5ADD1872101EB319
code/analysis/w0_frame.py,3285,C768CF262041599BBCD84F3CF27A6A94
code/analysis/w0_frame3.py,5969,4FFF2C055A51864F1B8E49CE6B65277E
code/analysis/w0_pools2.py,2561,68A42534E02665CA9F0707259B9E4435
code/analysis/w0_pull_probes.py,3650,312492CE1AA21559094F8AEEAC81ED60
code/analysis/w1_close_main.sh,2411,6D0D27D0ACF1E3CEE63C7582313F3046
code/analysis/w1_dl.sh,1839,97A191CBF72C6F0B1F72BDDC0706EC8B
code/analysis/w1_dl2.sh,615,1142214BBC66F4C151D63BA78E898606
code/analysis/w1_finalize2.py,2854,DA317F8AC182F38DB138EF5D5D39F2C7
code/analysis/w1_frame_report.py,8294,0E63C8E9379A55837C684F2C43C64768
code/analysis/w1_freeze.py,1955,467E48E09BC598526956E738F4CEB062
code/analysis/w1_fsc_late.sh,3809,CF970A93BB09FAD2B8A37154FC91BDB9
code/analysis/w1_fsc_probe.py,6187,342E19370078B73564241E8660909846
code/analysis/w1_fsc_run.sh,3047,3250A8E6BE309514DE8911939919A2EF
code/analysis/w1_guard.sh,1522,2A118906E1D2CE34E8DA06802DA63BF6
code/analysis/w1_hosted.sh,1479,B474C757C5BA46C805CB9B7CF31FEC79
code/analysis/w1_hosted_probe.py,10075,648958CBD1761055EDDFEC09FB5CDC98
code/analysis/w1_judge.py,26284,535F6550348EEE3279771B5D4A18A262
code/analysis/w1_monitor.py,3937,894E5FA9F30F707DD6AD27FAC181534B
code/analysis/w1_pack.sh,1725,911631A354D3E406D553C7A382A69398
code/analysis/w1_pagebudget.py,2580,ED492C2BAF9F7D5946DE538B7463CCDA
code/analysis/w1_phi4_gate.sh,3425,AB679A0065BE5016997CE142EAD30975
code/analysis/w1_predict.json,5469,9B940125276CA85EBFE094046B3AE21A
code/analysis/w1_prereg.json,13609,75EECA6FA68C9BE65C2B569D4237D8DF
code/analysis/w1_prereg.md5,111,53B4FC2B0F7773481143B969DC6FD5FD
code/analysis/w1_quote.py,12348,6A7B898B767B6970B80BBA16F9E0EAB3
code/analysis/w1_quoted.json,12527,5316701B204989572B41E4C855C06AD2
code/analysis/w1_recover.sh,5886,56967E21E986E605F723DF9ADB21B700
code/analysis/w1_recover2.sh,5521,54272384801C53F202E19577075126E3
code/analysis/w1_recover3.sh,4085,86DA7D9E07DC143D62C1F22FDC18B820
code/analysis/w1_recover4.sh,4389,E6FED61B2DCF8D7D450D540C2E19C0A8
code/analysis/w1_results.json,17024,F2FBBDCC7C28767F4310D75A7155CCDF
code/analysis/w1_run.sh,7901,ACCA43F802F761C627A3F515A147F083
code/analysis/w1_smoke_count.py,1047,0DE90E1462362EA7D23C7542E70080C7
code/analysis/w1_unpack.py,2241,F25CC0185ADCC1AEAB83D8F05C0C2FA7
code/experiments/04_consistency.py,8980,A02D8385444685C134774C0BA88DF40F
code/experiments/05_prompt_family.py,7665,4A7864ADF45F8EB3978B4954904439A4
code/experiments/06_dense_vlm.py,8664,CC94AF35ADA92DC35597A86C449CE40E
code/experiments/06b_contract_tile.py,9473,6F6A1A2C73C848DC407D72A5A44F98AD
code/experiments/07_e4_sfchd.py,6520,89B73FDF0BE39C61E017EC1ED406D512
code/experiments/08_ext_vlm.py,8571,7EBEE139322F344AEF7F5C2F53DAC242
code/experiments/09_dense_prompts.py,8060,B4314532E1B8CF2118589589FAFCE894
code/experiments/10_aerial_vlm.py,6425,00FD095AE7A28EE882A2279B193F53AE
code/experiments/11_person_prompt.py,6894,6373D09594E00FA4573F915ED419AC58
code/experiments/12_abstain_causal.py,5978,D0377FB75DA483523C13594C0137832F
code/experiments/13_abstain_blur.py,5622,B9970EACB87CF118CBE88C88D2D29CA1
code/experiments/13b_blur_contract.py,6368,8566C27999DD9941B32DD1F1C733E2F6
code/experiments/14_scalestep.py,5590,4D5F82ABF24827EEC3087E89F11DDD9D
code/experiments/15_aerial_tile.py,7642,72B1D406A3771AD2F30AC2FA85E97D98
code/experiments/16_prompt_dose.py,7344,AD9BEC77104D016540ED1E13DA359B8D
code/experiments/17_dose_tile.py,9827,D9B275D03373B28DF24C69CED22C04DE
code/experiments/18_occl_blur.py,8493,C3E900EE428682C58D4CE01BA9811AE2
code/experiments/18b_occl_contract.py,9341,F94D693CCDB9B19F3D854E75E878BF6E
code/experiments/19_selfconsist.py,7649,25CABB2F1DC7A1B006CA11684D1D3778
code/experiments/19b_e1_probe.py,7970,7CE966D3A3573B7F20F9A8FDF5E7D66B
code/experiments/19e_probe_multi.py,10333,03EDB14C98FFA3AEA9FFA20F59B00BC8
code/experiments/19f_probe_ablation.py,11183,28E82B20A7F468680DA11B2E9855CFF9
code/experiments/19g_probe_fsc.py,4624,00869ADCD76063A60B8CF98143720692
code/experiments/20_decouple_count.py,8144,288FB7DD89D13595157AE32141A31665
code/experiments/20a_probe_truezero.py,4941,F04D4D6DBE0908E16650AE3CE5C3E2F8
code/experiments/20b_probe_lang.py,5682,77385964EE28D6BF26B8A2A3DCCA1975
code/experiments/21_legibility_gaps.py,7345,01B0B32B782186BBB254A59EFAD41B66
code/experiments/22_tier2.py,9673,76B5A4E47BA81EBF878CE94F092C75A1
code/experiments/_diag_zero.py,2329,9112FF241F92546C2D0B45B835AE9D2D
code/experiments/_dz2.py,2497,6C64EC764103CD00ED59FFD8B0AB02EA
code/experiments/_hf_probe.py,1625,818BE8283A9B825D4A5BC837F565FF66
code/experiments/_ivl_patch06.py,1313,EC887BDB754F0FEDD8245D89310AD98C
code/experiments/_ivl_patcher.py,951,AC08758853075B1F1028846E09075087
code/experiments/_ivl_patcher2.py,1302,9635D49F2C39B9C9992FF2F71B78B870
code/experiments/_list_results.py,881,2E6BCA8804986D4968579F378B79FF9C
code/experiments/_patch6.py,1334,83B470BE29CC31C17E56B8032B275B7E
code/experiments/_patch_aer.py,305,3689C5445C4D08490DC2E6294C6C34AF
code/experiments/_patch_sp.py,1476,F5D3914857F5F87D64DDC645D482ED5D
code/experiments/_pin.py,1266,FDB233D916B18489DCFA99E2BA055CD4
code/experiments/_search8b.py,644,1E6D48EC1818152958842C1C5012F1FF
code/experiments/_verify_ext.py,577,2AA51FFF0809F004B4660832F2077BCB
code/experiments/after_ea2_run.sh,1280,CAFC5C11E377203E312FF26E9678E4D8
code/experiments/bbbc_index.py,2866,F4A4570CFC711E9A3D35F26827BC077F
code/experiments/corpus_parse_audit.py,3818,C025DD07701112C5B42CABEDF86A7F69
code/experiments/ctxctrl_probe.py,6497,9C091BE2A2C8B196A56443DD71FE2698
code/experiments/dl_model.py,1939,776303F5E078DBD893F240A795D6637B
code/experiments/e1_summary.py,1420,EE6A0B738F6CF152ADEA5D0EC38F3B60
code/experiments/ea2_run.sh,5043,31ECCCDB2927C92BDFC2F6B7C3706B65
code/experiments/ea_build_z0.py,5471,479DD78921AE8AC02D98D2CD6265F94A
code/experiments/eta.py,2231,1427EC67EFF0743F32757E8AB1E44CCC
code/experiments/feat_extract.py,5580,F99D89266C907B719C8DAC9CFDD11ADA
code/experiments/fsc_build_sc.py,3712,A1BAFB993D647AFAE6964B3F23B4AF62
code/experiments/fscres_run.sh,6553,420A85A15C573CE770B8DD9E88AD742F
code/experiments/g1_health.py,1613,C4AF8B819B95755BFB80BC4593CC703F
code/experiments/h20_chk7.py,3341,2F90C99E71105C1F69124F297BCB75DB
code/experiments/h20_dl_model.py,5046,FF79DF45AA2B93C02A77090DCD5BF181
code/experiments/h20_e2_scripts/19b_e1_probe.py,7970,7CE966D3A3573B7F20F9A8FDF5E7D66B
code/experiments/h20_e2_scripts/19c_probe_paraphrase.py,8940,7C72E7A20799E0FFD00C1624D54D5260
code/experiments/h20_e2_scripts/19d_probe_nonzero.py,8035,AC000DA33A2A2193C07EEE48B2E41F90
code/experiments/h20_e2_scripts/19e_probe_multi.py,10333,03EDB14C98FFA3AEA9FFA20F59B00BC8
code/experiments/h20_e2_scripts/chk.py,2792,867C1709651D26428A07192FA7AF5DBF
code/experiments/h20_e2_scripts/chk7.py,3341,2F90C99E71105C1F69124F297BCB75DB
code/experiments/h20_e2_scripts/converge_dlv5.sh,2801,23A7CDC0DD4BF0A0B8EF600601CDD1AF
code/experiments/h20_e2_scripts/converge_repair.sh,1371,ADB4EED3F8628681708AD5674A61BB40
code/experiments/h20_e2_scripts/deploy_repair_all.sh,1174,9C2583E529F0BA2FAE7E6F6ADD9A3E49
code/experiments/h20_e2_scripts/deploy_repair_all2.sh,926,E8C1A2330EA4302E12FEB536DF85443F
code/experiments/h20_e2_scripts/deploy_v6.sh,834,572C7CB283318E113C1DF124C6EECB5B
code/experiments/h20_e2_scripts/deploy_v7.sh,889,E616BBF71B13BD27203B64599CB1DB75
code/experiments/h20_e2_scripts/deploy_v7b.sh,1122,24D43C276F5DAADC390F52D592FDDD5A
code/experiments/h20_e2_scripts/deploy_v7c.sh,1220,CBFC89ADBA24F57998F30D69CDD8940F
code/experiments/h20_e2_scripts/exp.sh,7058,7964F730C3F031670AA91B725FCC7E2E
code/experiments/h20_e2_scripts/finish.sh,2740,D0FCF9539CB344A418AF720450B8ABBE
code/experiments/h20_e2_scripts/h20_chk.py,2637,95C5D3731A7F4CF3CB171C418E135EA6
code/experiments/h20_e2_scripts/h20_dl_extra.sh,882,225BC11A96B68693CFC8AE39D2A8C791
code/experiments/h20_e2_scripts/h20_dl_extra2.sh,796,6C03616CCD54DACFF3B581B21ECA341E
code/experiments/h20_e2_scripts/h20_dl_extra3.sh,1102,3F3EE1F4F7EFECA8FB015D9371B86998
code/experiments/h20_e2_scripts/h20_dl_fp8.py,3426,E931817DB97021339A71FAFF593D7D0A
code/experiments/h20_e2_scripts/h20_dl_model.py,5046,FF79DF45AA2B93C02A77090DCD5BF181
code/experiments/h20_e2_scripts/h20_dl_v5.sh,839,95902162A80E61442181732E0F92CC4F
code/experiments/h20_e2_scripts/h20_exp_extra.sh,5614,22279C4D25360FC17A08BD118F6D532A
code/experiments/h20_e2_scripts/h20_exp_extra2.sh,6421,41031CB17A51FE66E63292351D66A1F0
code/experiments/h20_e2_scripts/h20_exp_extra3.sh,5031,D411F78F42FFF5702CEC998CC995A5C1
code/experiments/h20_e2_scripts/h20_exp_v4.sh,7203,55645416067211CC50F0A1AC5F84E799
code/experiments/h20_e2_scripts/h20_exp_v6.sh,7745,7C1366483D9FCC307EBA5D6DB7F06082
code/experiments/h20_e2_scripts/h20_exp_v7.sh,5129,A37C414A15C085A363A291E91C681AA8
code/experiments/h20_e2_scripts/h20_exp_v7b.sh,4806,B02257E05C85F4E97D78FE87D20968C5
code/experiments/h20_e2_scripts/h20_exp_v7c.sh,4861,11118B91E346EE6426630E41566E3867
code/experiments/h20_e2_scripts/h20_fetch_missing.py,2861,98DA53E2010BB5C1209C0289EA1312AF
code/experiments/h20_e2_scripts/h20_finish.sh,2740,D0FCF9539CB344A418AF720450B8ABBE
code/experiments/h20_e2_scripts/h20_launch_finish.sh,404,3CC7CF77142A7E1FD4A28821B53A5B53
code/experiments/h20_e2_scripts/h20_make_19c.py,3011,4876E83BDC5286C3D080D71FCE97B135
code/experiments/h20_e2_scripts/h20_make_19d.py,2215,C76B2640D6BE6D2F13B21B46CBB31B06
code/experiments/h20_e2_scripts/h20_rescue_pack.sh,1354,31962F6CF77382413B175AA47A40C33C
code/experiments/h20_e2_scripts/killall.sh,2026,C431295095150582BF5CAB092E36576E
code/experiments/h20_e2_scripts/launch_chain.sh,240,6769172DD4AAD215E9541890B35071A1
code/experiments/h20_e2_scripts/launch_dl_extra.sh,298,F97FCA90527928546FA167511D1D36D5
code/experiments/h20_e2_scripts/launch_dl_extra2.sh,316,D264488991C542551B6BDDDCB3AA1B1D
code/experiments/h20_e2_scripts/launch_dl_fp8.sh,312,2B3A2091711CDDD9E3B803B962AA1153
code/experiments/h20_e2_scripts/launch_dl_v5.sh,403,945D76F33AC5C7D2563BD9A1AC99B033
code/experiments/h20_e2_scripts/launch_exp.sh,432,E71100741ACC29AEB5972F99344018E1
code/experiments/h20_e2_scripts/launch_exp_extra.sh,505,28308EB316B4A19D599FE0DFDB278DDB
code/experiments/h20_e2_scripts/launch_exp_extra2.sh,514,76876BDFDA9A267AA57F21EE5E9F816B
code/experiments/h20_e2_scripts/launch_extra3.sh,591,868856A61D40D303340D10A2D00717EC
code/experiments/h20_e2_scripts/launch_fetch.sh,367,09B76B0E9BFF84B726BDB92581B8000A
code/experiments/h20_e2_scripts/launch_finish.sh,404,3CC7CF77142A7E1FD4A28821B53A5B53
code/experiments/h20_e2_scripts/launch_pull_domains.sh,198,10672F3AC5696FFB94B764212DB821EF
code/experiments/h20_e2_scripts/launch_push.sh,296,458D37EFAB46EAB58D6D166C244A6534
code/experiments/h20_e2_scripts/launch_repair72b.sh,409,3078AD3EC9263EF00F3D7B322BA46176
code/experiments/h20_e2_scripts/launch_stage3.sh,250,4799F42961874BD4788A78D5C3F732F3
code/experiments/h20_e2_scripts/launch_v4.sh,564,25105414467E02CFBA910527754EFDE8
code/experiments/h20_e2_scripts/make_19e.py,7151,B1471F5FCA9FE49E624B1A7C3BDD716E
code/experiments/h20_e2_scripts/newh20_chain.sh,1062,8445727BAE87593A72810B0646F8756B
code/experiments/h20_e2_scripts/newh20_fetch_packs.py,4046,E6C17656590D37BB69D23B39094DCA29
code/experiments/h20_e2_scripts/newh20_push.py,2326,270E6DDB5EE04AB95D186A5570D2B46D
code/experiments/h20_e2_scripts/newh20_stage3.sh,4118,BCBCD9AA64927C1A01DA1E8373152D55
code/experiments/h20_e2_scripts/prep_multidomain.sh,1961,8AC178B927A50356FAC59BB53FA18687
code/experiments/h20_e2_scripts/prep_multidomain2.sh,1491,BC6F8A3E8EC2D390F058DFEE243B9DC0
code/experiments/h20_e2_scripts/probe_v4.py,2238,6E7ADA234A0DE3F4A01C728EDE58A97B
code/experiments/h20_e2_scripts/probe_v4_detail.py,908,D87CD6ABDE0AFA4ECD30D37E25193875
code/experiments/h20_e2_scripts/probe_v4_final.py,2678,694FF093314D69F4516928908CD47125
code/experiments/h20_e2_scripts/probe_v4_root.py,1241,4116FBB7C92E60786AAA56408A734E73
code/experiments/h20_e2_scripts/pull_domains.py,2416,8D72709DBA61F648A139D1C327A6FD9E
code/experiments/h20_e2_scripts/pull_from_m.py,4062,DEF4CA724FE6A2B9330FC96FA35BC02C
code/experiments/h20_e2_scripts/rc_cmd.sh,689,FA3B3E4256D54A88455F2361B2988A8B
code/experiments/h20_e2_scripts/repair72b.sh,1698,BE7DD5373813CE5D8D81C32FCFC4DBC8
code/experiments/h20_e2_scripts/repair_all.sh,2019,21240A9180F29AAEA2843186BADA3C79
code/experiments/h20_e2_scripts/repair_all2.sh,2211,2AB132BDBEBFDA1484F3829871235BAC
code/experiments/h20_e2_scripts/start_after_reopen.sh,1810,F506187943AF25545484D95B84B83CAD
code/experiments/h20_e2_scripts/stop_v7.sh,1588,CC87EBC064C7898353B94225D8F99687
code/experiments/h20_e2_scripts/urgent_fix.sh,1878,C581F9D35C4931668349DB9C6FCE8BD4
code/experiments/h20_e2_scripts/verify_model.py,2130,273609F8AD25D305DBB832A0FEB9E007
code/experiments/h20_exp_v6.sh,7745,7C1366483D9FCC307EBA5D6DB7F06082
code/experiments/h20_exp_v7c.sh,4861,11118B91E346EE6426630E41566E3867
code/experiments/h20_finish_pack.py,3899,C36AD2CA94E3095035DA7F8FFCCC0218
code/experiments/h20_make_19e.py,7151,B1471F5FCA9FE49E624B1A7C3BDD716E
code/experiments/h20_pull_all.py,3708,1B059C85D5521E028EAEEC2EFD614D4C
code/experiments/h20_run.py,862,5221080F00D0311D7C8C52E0B4B38D1B
code/experiments/h20_start_after_reopen.sh,1810,F506187943AF25545484D95B84B83CAD
code/experiments/h20_verify_model.py,2130,273609F8AD25D305DBB832A0FEB9E007
code/experiments/lit3_pod.py,2351,52C76E2593FFEB6F87CEC4B28A085E82
code/experiments/m_cover_check.py,849,4E68597DD970968C89486CDAC5B77BB6
code/experiments/m_smoke.py,2422,D424FC369D3362326ABA004C777B3CA4
code/experiments/make_19e.py,6647,CC097A196DD3EDB422E86D8C08F74E83
code/experiments/mk_b3.py,4615,A8C7A55712349947F04AD2BDC375215C
code/experiments/mk_b4.py,4157,911FC9F78F94126D019DF14D84F77196
code/experiments/mk_e5d.py,2821,B4F29067352B28F8DF73E90493112889
code/experiments/mk_manifest.py,5410,F7ADAF1EDF29E36CAC8B642EAB601023
code/experiments/nd_comp.py,4044,B0A06980D4D37326D2158303DAA89671
code/experiments/nd_exp.py,4876,711C9511FF3A9969735320FFD4C5B35B
code/experiments/newh20.py,1305,719B88C7FD32645DB5D41616CA6951E7
code/experiments/newh20_sync.py,3533,3767DF2EB12ED504FB50B60013D0DFE5
code/experiments/pod_ask_all.py,3870,2E46EADC6F9937F59AB84E59802C7501
code/experiments/pod_build_e4c.py,2798,B9DCC8D79E3D8EB496627E9A11D776DD
code/experiments/pod_build_e4f4.py,1569,8200D21B139BC96AAC446CA3158BCBB8
code/experiments/pod_build_e4h.py,1950,94727A36B1CF0638BD8BDFE9F4505867
code/experiments/probe_gen.py,8746,30E96F5E789585B8192794ADA88DA093
code/experiments/probe_ivl_raw.py,2242,AE16DF9275836A5459E0CDF1CA578E73
code/experiments/q_vlm.py,1183,59C5BE0C6288C81FCC5BB88427C799AC
code/experiments/res_ctrl.py,7787,16A991BF1EBA5F21DE758E821677F634
code/experiments/scale_probe.py,4322,DA72B67D02C87290DEA4185E04DB150E
code/experiments/smoke_family2.py,3258,BC6C53D292C64B926231ED5E9C63AB87
code/experiments/trunc_diag.py,6151,2C37A176BD3D21FECE18DCBB09A3FCF9
code/experiments/w1_fsc_probe_256.py,6199,E1A093AC0E23284105736020D7B83874
code/experiments/w1_fsc_probe_384.py,6193,32DE688CC669B9B4193E461177AECC18
code/experiments/w1_fsc_probe_768.py,6199,18C15A95BB6C7998000BEEDF0A9C8B02
data/derived/A_res_20260928/MD5SUMS_A.txt,4746,EE98FF3BA016106EE5AEA83B5F8058A7
data/derived/A_res_20260928/gwhd/gwhd__base__s1.csv,10921,7FDBC0FDBB73BD43459DF79F0005E53D
data/derived/A_res_20260928/gwhd/gwhd__base__s2.csv,10922,C360108ADB12B18C86BD6840155CCA5C
data/derived/A_res_20260928/gwhd/gwhd__base__s3.csv,10896,3860D7F94FE35FFA8C04C9E68A6C0732
data/derived/A_res_20260928/gwhd/gwhd__bestA__s1.csv,52757,A68963E413DF012CD40B22F5493138A3
data/derived/A_res_20260928/gwhd/gwhd__bestA__s2.csv,52012,08EE0E33A50FA403F0274D4DB238ED0A
data/derived/A_res_20260928/gwhd/gwhd__bestA__s3.csv,52919,2D1CD4FC57BBB8381A00F65702BE5BBD
data/derived/A_res_20260928/gwhd/gwhd__bestB__s1.csv,10991,F77E5ECB2D7F5F686043CA0B1D24A284
data/derived/A_res_20260928/gwhd/gwhd__bestB__s2.csv,10997,BDAF35DB77A513040A7F803676FC8268
data/derived/A_res_20260928/gwhd/gwhd__bestB__s3.csv,10998,BD9E585A85F4171893809B07B96F7346
data/derived/A_res_20260928/gwhd/gwhd__bestC__s1.csv,11018,B77E00DF78FAC5747C638F9F5921DFCC
data/derived/A_res_20260928/gwhd/gwhd__bestC__s2.csv,11033,E5FBAFA537432843174D19EA96DC2AE1
data/derived/A_res_20260928/gwhd/gwhd__bestC__s3.csv,11039,79042C7AB10620A31775F14CB4E66570
data/derived/A_res_20260928/gwhd/gwhd__channel__s1.csv,13619,68CC9CD43D1AC0F5766CD3653251E7E5
data/derived/A_res_20260928/gwhd/gwhd__channel__s2.csv,13616,601E75C6B0245C8FF54BEC693326E691
data/derived/A_res_20260928/gwhd/gwhd__channel__s3.csv,13619,3DCEF7F2265492F61E01448DEB77C48B
data/derived/A_res_20260928/gwhd/gwhd__pb1048576__s1.csv,12941,A45D94E84B5E348811661F6BCC3831FE
data/derived/A_res_20260928/gwhd/gwhd__pb1048576__s2.csv,12941,37CFA6A5482C89EF346CB5A483867F5C
data/derived/A_res_20260928/gwhd/gwhd__pb1048576__s3.csv,12952,B57424781790D37921A3E8BC0C5CB4C0
data/derived/A_res_20260928/gwhd/gwhd__pb106993__s1.csv,12690,0C682C4AAFFFA76D809B75EA52F63183
data/derived/A_res_20260928/gwhd/gwhd__pb106993__s2.csv,12701,94A500F9E9BBE3520FE2560665E426F6
data/derived/A_res_20260928/gwhd/gwhd__pb106993__s3.csv,12703,1BDA7FFD580E23CCF869E9076D53FF74
data/derived/A_res_20260928/gwhd/gwhd__pb228966__s1.csv,12743,62C95A58881FEB94C61AEAFD42BE03E7
data/derived/A_res_20260928/gwhd/gwhd__pb228966__s2.csv,12741,551DCA3D2B565333563B291BFB35579C
data/derived/A_res_20260928/gwhd/gwhd__pb228966__s3.csv,12754,A556D976E40970838D91DE573D46E9D7
data/derived/A_res_20260928/gwhd/gwhd__pb489987__s1.csv,12748,58B672CCED9CE0AD7196A12F01F30A19
data/derived/A_res_20260928/gwhd/gwhd__pb489987__s2.csv,12754,BECB3A2F166C7F7C3E941551B00A1BAE
data/derived/A_res_20260928/gwhd/gwhd__pb489987__s3.csv,12762,6B29DA8784C6C6D84731FD47D56F5C80
data/derived/A_res_20260928/gwhd/gwhd__pb50000__s1.csv,12398,00FF2C02157D9366D2B7AE65BD9EA575
data/derived/A_res_20260928/gwhd/gwhd__pb50000__s2.csv,12404,D1B6DAEDA5BE70A7325B7D37A316EF32
data/derived/A_res_20260928/gwhd/gwhd__pb50000__s3.csv,12403,611DCDCB8C71221596195637404E9A28
data/derived/A_res_20260928/gwhd/gwhd__permit__s1.csv,12320,EF5BE60E82806BB7AB9A5E63418D2E70
data/derived/A_res_20260928/gwhd/gwhd__permit__s2.csv,12316,F2338D765533A480EB5143F0CB67DB15
data/derived/A_res_20260928/gwhd/gwhd__permit__s3.csv,12325,0D3F213FD05F03A81E40FCDF2D7A5089
data/derived/A_res_20260928/gwhd/prompts_used_gwhd.json,1344,B57F3E6621EA07923A3ACD9510AFE9E2
data/derived/A_res_20260928/gwhd/prompts_used_gwhd__start1.json,1344,B57F3E6621EA07923A3ACD9510AFE9E2
data/derived/A_res_20260928/mtdc/mtdc__base__s1.csv,13728,68BAC66C2439ABBE9D46445AD5CA9C49
data/derived/A_res_20260928/mtdc/mtdc__base__s2.csv,13727,54C25FC95EB9E235BCED226F2A32457F
data/derived/A_res_20260928/mtdc/mtdc__base__s3.csv,13733,FFC09FD31027ED416C1A431688756010
data/derived/A_res_20260928/mtdc/mtdc__bestA__s1.csv,60751,F5CAABFE6B6BEA70694AF93385EC9E07
data/derived/A_res_20260928/mtdc/mtdc__bestA__s2.csv,60669,10DF7CD4942D388A75592DB25A2D486F
data/derived/A_res_20260928/mtdc/mtdc__bestA__s3.csv,60641,E82ADBB3539B7A56437D8E9113832823
data/derived/A_res_20260928/mtdc/mtdc__bestB__s1.csv,13776,E5CDF81AB1E1C3A73CD4BED1DD363F45
data/derived/A_res_20260928/mtdc/mtdc__bestB__s2.csv,13784,F5D450013F433F16B608CCACBE4A2D52
data/derived/A_res_20260928/mtdc/mtdc__bestB__s3.csv,13787,90D4FF1508FC871E563428367504CEB6
data/derived/A_res_20260928/mtdc/mtdc__bestC__s1.csv,13852,6ECBA91AE15D02979F3131846E6A1FF6
data/derived/A_res_20260928/mtdc/mtdc__bestC__s2.csv,13849,4F19FD3FDD5E8F377DD6325F38CDE327
data/derived/A_res_20260928/mtdc/mtdc__bestC__s3.csv,13861,E64DE91187DC382423FBE195D2D8E8ED
data/derived/A_res_20260928/mtdc/mtdc__channel__s1.csv,16763,A5FCA785339B0B899FC1B5E50CF00C08
data/derived/A_res_20260928/mtdc/mtdc__channel__s2.csv,16765,F8E27745EADC0A484C3B2A34E7293594
data/derived/A_res_20260928/mtdc/mtdc__channel__s3.csv,16765,4D04151BBB3974B41E5A52B644794106
data/derived/A_res_20260928/mtdc/mtdc__pb1048576__s1.csv,15724,16B2A98FB3D1B76FEE999015951BBE3D
data/derived/A_res_20260928/mtdc/mtdc__pb1048576__s2.csv,15728,32CAE6945337490B7FC087D89EAA4B0A
data/derived/A_res_20260928/mtdc/mtdc__pb1048576__s3.csv,15726,380DDF8910E86D8BC3DFB66AB158978E
data/derived/A_res_20260928/mtdc/mtdc__pb106993__s1.csv,15398,38A9045017486387D9BB365DF9FA1C0C
data/derived/A_res_20260928/mtdc/mtdc__pb106993__s2.csv,15410,123E489C0F5D6CF09EFBED96BCE870ED
data/derived/A_res_20260928/mtdc/mtdc__pb106993__s3.csv,15399,366A659E0D7C57D616B0156BD115D0C3
data/derived/A_res_20260928/mtdc/mtdc__pb228966__s1.csv,15457,ADEB8DCFD32AAE913915C7340BE8E472
data/derived/A_res_20260928/mtdc/mtdc__pb228966__s2.csv,15466,C7E4A929B0A2DB75A657A25396827AB5
data/derived/A_res_20260928/mtdc/mtdc__pb228966__s3.csv,15473,9AE91B3CA6E1BD56D46083508B3EE42B
data/derived/A_res_20260928/mtdc/mtdc__pb489987__s1.csv,15498,A71A08B8C1CDE74B6D050E42AA79F10F
data/derived/A_res_20260928/mtdc/mtdc__pb489987__s2.csv,15492,CCD800F6C2C86354E3F31C67BDB51CDE
data/derived/A_res_20260928/mtdc/mtdc__pb489987__s3.csv,15507,CD605723D63AF1CD148553335DA7C390
data/derived/A_res_20260928/mtdc/mtdc__pb50000__s1.csv,15068,62FBADBDF59E1D57D91BC2DBF5A24A9D
data/derived/A_res_20260928/mtdc/mtdc__pb50000__s2.csv,15066,B35F77C316730CC569FDB81D72ECAD27
data/derived/A_res_20260928/mtdc/mtdc__pb50000__s3.csv,15070,BE1C484593C852915BB3F2E9EC865745
data/derived/A_res_20260928/mtdc/mtdc__permit__s1.csv,14749,4AFE60E72B7DB4926407FEC0D44A1B3B
data/derived/A_res_20260928/mtdc/mtdc__permit__s2.csv,14742,880436D7AC9329F6D3B3673B6D78F229
data/derived/A_res_20260928/mtdc/mtdc__permit__s3.csv,14750,2A358828219E4197D49215F93808AAC1
data/derived/A_res_20260928/mtdc/prompts_used_mtdc.json,1368,8BDF35C28F5BFA73789F6C231C96B6A0
data/derived/A_res_20260928/mtdc/prompts_used_mtdc__start1.json,1368,8BDF35C28F5BFA73789F6C231C96B6A0
data/derived/B_res_20260928/MD5SUMS_B.txt,4536,9E1F6AE83E1F65E5625703C48DE2FD53
data/derived/B_res_20260928/b0_aitod_base.csv,9270,E08ECE4051822E7D854D2F3C285310B9
data/derived/B_res_20260928/b0_aitod_base__w2.csv,9271,2F9EDDAB7893CAB7B9BEF8C93C1061ED
data/derived/B_res_20260928/b0_aitod_base__w8b.csv,9266,68AF177B641FC3924C59DFF02A1EF2F2
data/derived/B_res_20260928/b0_st_a_base.csv,3999,4B0F9461F5FFDA8710FA3E7D3C01AD20
data/derived/B_res_20260928/b0_st_a_base__w2.csv,4008,1FAF83DEBB627FB0D7AFDEDFF1A87BCD
data/derived/B_res_20260928/b0_st_a_base__w8b.csv,3995,396DD83AC885B3A2CA599A3FD5ECD07F
data/derived/B_res_20260928/start1/aitod__cn-base.csv,14749,6500D756E6EAD44E876DD9CF65BD0008
data/derived/B_res_20260928/start1/aitod__cn-neutral0.csv,15615,B3FA3098450D983848769E433C82917F
data/derived/B_res_20260928/start1/aitod__en-base.csv,14759,9F6464DED6227EA42B1C1B4AC7943A09
data/derived/B_res_20260928/start1/aitod__en-neutral0.csv,15625,F459358194435DC58045E9A62E026D08
data/derived/B_res_20260928/start1/aitod__en-neutral0em.csv,16071,58B928041DCF448B9B135E0329D6B6DB
data/derived/B_res_20260928/start1/st_a__cn-base.csv,7896,B668B301AC2ACBF298617CFB64D05360
data/derived/B_res_20260928/start1/st_a__cn-neutral0.csv,8356,EEC3B4FD1D3B47EDD00E7E59DA3DE8C0
data/derived/B_res_20260928/start1/st_a__en-base.csv,8044,F4E881CB6FD872A603418F6F237E7D41
data/derived/B_res_20260928/start1/st_a__en-neutral0.csv,8384,E92830494932500A2FDD2075F11BE5DE
data/derived/B_res_20260928/start1/st_a__en-neutral0em.csv,8728,4DE81D2880BB3A628F4A6EA74931C074
data/derived/B_res_20260928/start1/ucf__cn-base.csv,15098,4D3071BA6AB9978B5DD5209A77031F80
data/derived/B_res_20260928/start1/ucf__cn-neutral0.csv,15850,7E127EC4682326707CF44E1636EAD403
data/derived/B_res_20260928/start1/ucf__en-base.csv,15552,CB18FA9B017157FD148F7F1BADBA7874
data/derived/B_res_20260928/start1/ucf__en-neutral0.csv,15846,D8EBC07E9797E802068EBF2AB94A4FCD
data/derived/B_res_20260928/start1/ucf__en-neutral0em.csv,16490,30782E329A34AFDF53CCFEF045033E45
data/derived/B_res_20260928/start1/visdrone__cn-base.csv,23426,EB0AE1228E1D3FF42223B07C0C2D8585
data/derived/B_res_20260928/start1/visdrone__cn-neutral0.csv,24926,33EB3D23CF6E93BE30E6DA40DC66BFD3
data/derived/B_res_20260928/start1/visdrone__en-base.csv,23440,20116F61A9581DF072CA0CF69BFE7AF7
data/derived/B_res_20260928/start1/visdrone__en-neutral0.csv,24938,A6B3D5A64ED95D15D9A9E85B6B429F96
data/derived/B_res_20260928/start1/visdrone__en-neutral0em.csv,25732,EF82F867B6BBAF518E260B65F1F6DFBE
data/derived/B_res_20260928/start2/aitod__cn-base.csv,14749,68888204E95283302D400C609DEEAB0C
data/derived/B_res_20260928/start2/aitod__cn-neutral0.csv,15615,45117057BD90B4E48C27B97F5282FAF6
data/derived/B_res_20260928/start2/aitod__en-base.csv,14761,B811E872E4FB210FB1419BE3B8B0FAA1
data/derived/B_res_20260928/start2/aitod__en-neutral0.csv,15625,8DEC84641904E58AEEAE6CA59CEBD177
data/derived/B_res_20260928/start2/aitod__en-neutral0em.csv,16073,D225457382197B7DB404BBAA007ACB9D
data/derived/B_res_20260928/start2/st_a__cn-base.csv,7904,FCFC17B1183B9A6DE5246FB3E3CA8402
data/derived/B_res_20260928/start2/st_a__cn-neutral0.csv,8352,DCE127755404FEE184D630A64922F945
data/derived/B_res_20260928/start2/st_a__en-base.csv,8038,2C99B47E3259CACDE237AC5173EE9EBB
data/derived/B_res_20260928/start2/st_a__en-neutral0.csv,8384,B8E0571F2F679B64832BE844B9FB6BA2
data/derived/B_res_20260928/start2/st_a__en-neutral0em.csv,8728,69E23893A31BBD2B8F2CF729E624702E
data/derived/B_res_20260928/start2/ucf__cn-base.csv,15098,D88B24F34878DED49320525CF277CEB3
data/derived/B_res_20260928/start2/ucf__cn-neutral0.csv,15848,7B8F5746AE103197D5F8D59FD58F5A25
data/derived/B_res_20260928/start2/ucf__en-base.csv,15574,16071A549BD76E61E1669DF819319BC5
data/derived/B_res_20260928/start2/ucf__en-neutral0.csv,15846,92E3E1A1D6F1417615F3D6AD9E1191DC
data/derived/B_res_20260928/start2/ucf__en-neutral0em.csv,16490,D0F78DAAB9B12529B62E568B829C0B7F
data/derived/B_res_20260928/start2/visdrone__cn-base.csv,23426,EE7BA1C8B001D55D4FCF643DF3F723E3
data/derived/B_res_20260928/start2/visdrone__cn-neutral0.csv,24924,DB35DA7B5C6CAB242BCBD7DA4DCFB555
data/derived/B_res_20260928/start2/visdrone__en-base.csv,23440,AD8588459DFD16223A9973E6B931F495
data/derived/B_res_20260928/start2/visdrone__en-neutral0.csv,24938,A26432F5FD2A6D5E042784A176657A75
data/derived/B_res_20260928/start2/visdrone__en-neutral0em.csv,25732,B87B230D0ED7D79C4710BFFDDA8F2C4F
data/derived/B_res_20260928/start3/aitod__cn-base.csv,14749,45C1EAFC591AE03283C73657BFA5B63A
data/derived/B_res_20260928/start3/aitod__cn-neutral0.csv,15615,D622EA8F3B1A516A43FED12962CF8FB7
data/derived/B_res_20260928/start3/aitod__en-base.csv,14759,BBFC5D51011E0AC98F548B26716F2EEF
data/derived/B_res_20260928/start3/aitod__en-neutral0.csv,15625,F2B2066773BBB163B160C693C578FC02
data/derived/B_res_20260928/start3/aitod__en-neutral0em.csv,16073,8D1C03CE86FAC0C63A6913E3BE45CD1B
data/derived/B_res_20260928/start3/st_a__cn-base.csv,7902,5863D4B46492DE848120D33EDF49A418
data/derived/B_res_20260928/start3/st_a__cn-neutral0.csv,8352,C6C628880E7CCD775A2D8112CDDDFD62
data/derived/B_res_20260928/start3/st_a__en-base.csv,8038,5D55C7C5F0890F46AA9CB3D90312D0CC
data/derived/B_res_20260928/start3/st_a__en-neutral0.csv,8384,1DB52EDFB18AB8160F7DA050F2651277
data/derived/B_res_20260928/start3/st_a__en-neutral0em.csv,8728,3EAEC4B08A5F7CCBFC8C3E27972DE685
data/derived/B_res_20260928/start3/ucf__cn-base.csv,15114,9238E92AF80170B2C21C927B4584345E
data/derived/B_res_20260928/start3/ucf__cn-neutral0.csv,15850,92F23DCC7BF64AB50F4D9D16C038A256
data/derived/B_res_20260928/start3/ucf__en-base.csv,15546,1F80782631B59E023F0487621489B0E3
data/derived/B_res_20260928/start3/ucf__en-neutral0.csv,15846,4D3D25CD8CD88863427859421CA392EF
data/derived/B_res_20260928/start3/ucf__en-neutral0em.csv,16490,DB5C9DCE78E39B62D64A90F43D8CA658
data/derived/B_res_20260928/start3/visdrone__cn-base.csv,23426,FA13672AED0443F864ECDC84E3B07CF4
data/derived/B_res_20260928/start3/visdrone__cn-neutral0.csv,24926,2BFBE3FFE8A7F00BF69155A16D4B3B2A
data/derived/B_res_20260928/start3/visdrone__en-base.csv,23440,0F2BD8F137C9524391D8DD9126FBB1FD
data/derived/B_res_20260928/start3/visdrone__en-neutral0.csv,24938,397901CEE67C982543E2D136D75A547C
data/derived/B_res_20260928/start3/visdrone__en-neutral0em.csv,25732,AC5009FB309F3529EA4FACCCFBF8C916
data/derived/_backup_32b_results/abstain_results/blur_base.csv,35197,DFF7C8220F6187D090E5424458E36814
data/derived/_backup_32b_results/abstain_results/blur_over.csv,35299,E9F93906F1FBCC9C4704839EBF7F9860
data/derived/_backup_32b_results/abstain_results/blur_under.csv,33767,66958E51ED30F465E032FB506F3A7C45
data/derived/_backup_32b_results/abstain_results/causal_base.csv,21526,464ADF9BB0AB767FCB9241A4159F438E
data/derived/_backup_32b_results/abstain_results/causal_over.csv,21561,CA1DA150249EB009DFAC0878D68A6F46
data/derived/_backup_32b_results/abstain_results/causal_under.csv,21108,1889085E480B923752C475AE636FABB7
data/derived/_backup_32b_results/abstain_results/scalestep_st_a.csv,52527,5D36C6299C0FAD11CEC9571B6303775D
data/derived/_backup_32b_results/abstain_results/scalestep_ucf.csv,102828,01880107B30D1EE612C1F8F9B71A49DE
data/derived/_backup_32b_results/aerial/gt_aitod.csv,7738,B33ED26F7E0741E44C9B27138BC55AEB
data/derived/_backup_32b_results/aerial/gt_visdrone.csv,11020,5A1CDDF0B220C492C63E8CC5FA7A2BB3
data/derived/_backup_32b_results/aerial_results/aer_aitod_base.csv,14181,B346E576CF8ED0819BD2273DCF52E470
data/derived/_backup_32b_results/aerial_results/aer_aitod_over.csv,14239,CC4CFEF475F22AF34F7D44C97EC14117
data/derived/_backup_32b_results/aerial_results/aer_aitod_under.csv,14156,374D38D186C5B61B36B45D220D10EB93
data/derived/_backup_32b_results/aerial_results/aer_visdrone_base.csv,22816,6621897EDFF850551C63F2D2A67160E4
data/derived/_backup_32b_results/aerial_results/aer_visdrone_over.csv,22893,A121A97254EB98B3EC99B168A8F9AB72
data/derived/_backup_32b_results/aerial_results/aer_visdrone_under.csv,22753,41076F7115D5DEF77671EC1167C3F4B0
data/derived/_backup_32b_results/aerial_tile_results/aer_aitod_base_tile2.csv,25086,139A231C2F2DC05E2AA4182D354197F5
data/derived/_backup_32b_results/aerial_tile_results/aer_aitod_base_tile3.csv,41069,C96A3EE57BD2931EFD03650E8C235D8A
data/derived/_backup_32b_results/aerial_tile_results/aer_aitod_base_tile4.csv,41303,1C5CBBDFBE86C071A05AED662E5D6FE6
data/derived/_backup_32b_results/aerial_tile_results/aer_aitod_base_tile5.csv,41305,17044351CB45D658CB9900628CDC2D10
data/derived/_backup_32b_results/aerial_tile_results/aer_aitod_over_tile2.csv,25132,AFBB36E665BF9442FE10EA5872982146
data/derived/_backup_32b_results/aerial_tile_results/aer_aitod_over_tile3.csv,41082,92E2A4523F97D491B1C24A8DDB4731BA
data/derived/_backup_32b_results/aerial_tile_results/aer_aitod_under_tile2.csv,25027,516A9FB343D9DE8842BF7FB69A981F6C
data/derived/_backup_32b_results/aerial_tile_results/aer_aitod_under_tile3.csv,41043,A6B60A7AD600FA621B2124F3440AF2B7
data/derived/_backup_32b_results/aerial_tile_results/aer_visdrone_base_tile2.csv,41796,F70DCF2C509707789D2361E00226C1C0
data/derived/_backup_32b_results/aerial_tile_results/aer_visdrone_base_tile3.csv,70026,61DB7257199AA3783430F9E1FED026F2
data/derived/_backup_32b_results/aerial_tile_results/aer_visdrone_base_tile4.csv,70436,370D3C10CEA6C657F13C147CF6342BE5
data/derived/_backup_32b_results/aerial_tile_results/aer_visdrone_over_tile2.csv,41946,501680D44BF90EB026233D1C3C082BD1
data/derived/_backup_32b_results/aerial_tile_results/aer_visdrone_under_tile2.csv,41683,A39B4AC1B561AC9DAFC5E8AA7843E254
data/derived/_backup_32b_results/dense/shanghaitech/counts.csv,56956,632BFBD650234C02DCF9CCE8ABB0E2B0
data/derived/_backup_32b_results/dense/ucf_qnrf/counts.csv,44163,6979CEBCF2B1C6A6F2BD21CB48C6825B
data/derived/_backup_32b_results/dense_prompt_results/st_a_base_V1_json.csv,7713,5A7ED72C7E998737BA4892D850F0A940
data/derived/_backup_32b_results/dense_prompt_results/st_a_base_V2_number.csv,5661,E579926AF30868B8836B9AAB18DF3101
data/derived/_backup_32b_results/dense_prompt_results/st_a_base_V3_locate.csv,7739,3300BD8DC5D0F24018E0D6AC9BF2192F
data/derived/_backup_32b_results/dense_prompt_results/st_a_base_V4_estimate.csv,8323,5A4579EDDFE560B10AB51E430A394B87
data/derived/_backup_32b_results/dense_prompt_results/st_a_base_V5_region.csv,8386,4A22C95C23642FECF5303C3E4DCA1152
data/derived/_backup_32b_results/dense_prompt_results/st_a_over_V1_json.csv,8302,6CC6EB0A3DA5F25935BCE64A7BA8F0D0
data/derived/_backup_32b_results/dense_prompt_results/st_a_over_V2_number.csv,5499,7D09F78FFC269F8D3C6A330A12C5DC0C
data/derived/_backup_32b_results/dense_prompt_results/st_a_over_V3_locate.csv,8264,306CEAFA668C859D2C357F6DEB0E6CA8
data/derived/_backup_32b_results/dense_prompt_results/st_a_over_V4_estimate.csv,8356,03FF9F42C5EEBFAF667D36D1D9480EB0
data/derived/_backup_32b_results/dense_prompt_results/st_a_over_V5_region.csv,8401,36DE25599CB4A4F2374C318CB7B65866
data/derived/_backup_32b_results/dense_prompt_results/st_a_under_V1_json.csv,7448,3750DBC06C4135331B6B8CA91B1EA697
data/derived/_backup_32b_results/dense_prompt_results/st_a_under_V2_number.csv,5055,75DA3DD697AED838BDE7BF4E98015C61
data/derived/_backup_32b_results/dense_prompt_results/st_a_under_V3_locate.csv,7430,9CB7644357BE065B73FD50E0A9B72FF5
data/derived/_backup_32b_results/dense_prompt_results/st_a_under_V4_estimate.csv,8263,D5E51B389C577F70D8F552AE01FD8117
data/derived/_backup_32b_results/dense_prompt_results/st_a_under_V5_region.csv,7888,3E7FCF83ED0648997AD20E9EA85921A7
data/derived/_backup_32b_results/dense_prompt_results/ucf_base_V1_json.csv,15023,57574382F2200091DDF9070570A0CFF3
data/derived/_backup_32b_results/dense_prompt_results/ucf_base_V2_number.csv,11621,0A70DE47EDCD15365D0AB6D6D805C921
data/derived/_backup_32b_results/dense_prompt_results/ucf_base_V3_locate.csv,15118,E55517D9CE93D0C6209B92F6F5506E06
data/derived/_backup_32b_results/dense_prompt_results/ucf_base_V4_estimate.csv,16161,7DC98A23DD204A9CB2FE7F2C2B30C333
data/derived/_backup_32b_results/dense_prompt_results/ucf_base_V5_region.csv,16269,C325EE16915582A8C0F838D0514EB4B3
data/derived/_backup_32b_results/dense_prompt_results/ucf_over_V1_json.csv,16140,3B7CE4707682F503E2D1227E381BC09B
data/derived/_backup_32b_results/dense_prompt_results/ucf_over_V2_number.csv,10923,24EADE3E52B1121BF91CD92F2B0A8ECC
data/derived/_backup_32b_results/dense_prompt_results/ucf_over_V3_locate.csv,16097,FFFE402730C0C7C5E721965219A4E837
data/derived/_backup_32b_results/dense_prompt_results/ucf_over_V4_estimate.csv,16236,C05E4DF4265B77CD51DA6D22576139CF
data/derived/_backup_32b_results/dense_prompt_results/ucf_over_V5_region.csv,16269,23F75FF97BCA436798B1F8853EC5DC65
data/derived/_backup_32b_results/dense_prompt_results/ucf_under_V1_json.csv,14486,C8BEBB916DD3C0FEA592A9B44C14C3F5
data/derived/_backup_32b_results/dense_prompt_results/ucf_under_V2_number.csv,9978,381A49E4594E127F45771FCAFCFEBCC4
data/derived/_backup_32b_results/dense_prompt_results/ucf_under_V3_locate.csv,14434,77892BDE10C71D9ABAFBEF15F93DBA9B
data/derived/_backup_32b_results/dense_prompt_results/ucf_under_V4_estimate.csv,16025,72403064788B4CCDB50A9621112F469E
data/derived/_backup_32b_results/dense_prompt_results/ucf_under_V5_region.csv,15181,A396481B78E7EF84915E71BC0B20AE71
data/derived/_backup_32b_results/dense_results/vlm_st_a_base_whole.csv,7714,FF69ABB8457CBA31D0FDF6D3702EC432
data/derived/_backup_32b_results/dense_results/vlm_st_a_over_whole.csv,8302,E452D50F68A4AA16A875AB75ED41B6C0
data/derived/_backup_32b_results/dense_results/vlm_st_a_under_whole.csv,7446,2B8E055B6C7E13808F10187E7529611D
data/derived/_backup_32b_results/dense_results/vlm_st_b_base_whole.csv,13569,C9BD0992B9BD3F9AA67357F2A7567FCE
data/derived/_backup_32b_results/dense_results/vlm_st_b_over_whole.csv,13613,80001D2DC7800808ECB75EBED90D400E
data/derived/_backup_32b_results/dense_results/vlm_st_b_under_whole.csv,13331,676FFCFEAE21037EFE6459A4DBF03BBC
data/derived/_backup_32b_results/dense_results/vlm_ucf_base_whole.csv,14748,4FE5246CA1603625EF158EB3F5C99901
data/derived/_backup_32b_results/dense_results/vlm_ucf_over_whole.csv,15858,8F8DCBD48F5AF9AD77BE043BFE8E5100
data/derived/_backup_32b_results/dense_results/vlm_ucf_under_whole.csv,14214,3CB8989FF473D665DDCD521CF6A036EF
data/derived/_backup_32b_results/dose_results/dose_st_a.csv,67055,48468AC6E2DA59A6E0FD453081D32B41
data/derived/_backup_32b_results/dose_results/dose_ucf.csv,127828,67D7134F20C7C1D53915AA44B4E55FFF
data/derived/_backup_32b_results/dose_results/dose_visdrone.csv,183015,5557D4FFD71276550759A97080599259
data/derived/_backup_32b_results/dose_tile_results/dose_tile3_st_a.csv,95305,CFB4B0C6771F513C60D7879E80E6E254
data/derived/_backup_32b_results/dose_tile_results/dose_tile3_ucf.csv,177327,24025E51F32A8DB12F19C1111E76E2B7
data/derived/_backup_32b_results/dose_tile_results/dose_tile3_visdrone.csv,114867,81BF7A70BD1077C24E8C2BD130502E85
data/derived/_backup_32b_results/dose_tile_results/dose_tile5_st_a.csv,47693,7909BFD4B12A75DC31441D80437B7DF0
data/derived/_backup_32b_results/e4_results/E4L_8b_vlm_base_results.csv,228325,B78CBBE96E165A791E8DBFD1D38D9636
data/derived/_backup_32b_results/e4_results/E4L_8b_vlm_over_results.csv,228349,DBFF0EF7FF6CACA9DA7AFC2E52FDCB5E
data/derived/_backup_32b_results/e4_results/E4L_8b_vlm_under_results.csv,228325,7D6078CAABB40F27550A4DD9960E4711
data/derived/_backup_32b_results/e4_results/E4L_vlm_base_results.csv,916601,4575F08E66D73380E57B55AE83CBC148
data/derived/_backup_32b_results/e4_results/E4L_vlm_over_results.csv,916601,E99C931EC33557B1FCB166DC5C782EFF
data/derived/_backup_32b_results/e4_results/E4L_vlm_under_results.csv,916589,F1809FE84255C7C35A8AAED703A3EA78
data/derived/_backup_32b_results/e8b_results/vlm_st_a_base_whole.csv,8406,2E7168C90B9E7D8896BEDF5B047D331D
data/derived/_backup_32b_results/e8b_results/vlm_st_a_over_whole.csv,8564,0FE5E481CB40BBDF5491298306B6EC75
data/derived/_backup_32b_results/e8b_results/vlm_st_a_under_whole.csv,8248,9FA2E18029E16EB6B8E66247A709CA8E
data/derived/_backup_32b_results/e8b_results/vlm_st_b_base_whole.csv,14141,CBE853BF9DA86F534646913373AAD808
data/derived/_backup_32b_results/e8b_results/vlm_st_b_over_whole.csv,14135,E410E10097BE3EB6937CFF943C81DE05
data/derived/_backup_32b_results/e8b_results/vlm_st_b_under_whole.csv,14035,39A678B90CCACB97E7FB0D6E8DC4AF80
data/derived/_backup_32b_results/e8b_results/vlm_ucf_base_whole.csv,15926,8F65EEAE99E467B68CBB8F877FF9BE6D
data/derived/_backup_32b_results/e8b_results/vlm_ucf_over_whole.csv,16308,66029EE2CC74D68A12056BC939F1CF50
data/derived/_backup_32b_results/e8b_results/vlm_ucf_under_whole.csv,15678,BDA86FB3ED7D6DCE69464AB38B4CE017
data/derived/_backup_32b_results/ext/countbench/counts.csv,48132,901FB12960A0B37F1DCD1C73683CA0F3
data/derived/_backup_32b_results/ext/tallyqa/qa.csv,30081,AD8D3F3349B1DEE6080B504BF377CC2E
data/derived/_backup_32b_results/ext_results/ext_countbench_base.csv,22307,103BD5C6CE8156D8EB894CE039541CEC
data/derived/_backup_32b_results/ext_results/ext_countbench_over.csv,22313,7C9CEA5625AEAD68B6F1E5527B19BDA4
data/derived/_backup_32b_results/ext_results/ext_countbench_under.csv,22299,10BC689C53CC5640568503C8DAF9A06A
data/derived/_backup_32b_results/ext_results/ext_fsc147_base.csv,25594,96D60EB0111D9C417E34F8B56B6B6ADB
data/derived/_backup_32b_results/ext_results/ext_fsc147_over.csv,25932,4A071D0750243F6304FC817E9CEE7006
data/derived/_backup_32b_results/ext_results/ext_fsc147_under.csv,25374,F19E0051FCCEA8B14DD15414727E424E
data/derived/_backup_32b_results/ext_results/ext_tallyqa_base.csv,15392,42618A75B9865479B35EE605DC6EAA2D
data/derived/_backup_32b_results/ext_results/ext_tallyqa_over.csv,15534,8A5A1BEDE13EF13D40D6FFD050DD4749
data/derived/_backup_32b_results/ext_results/ext_tallyqa_under.csv,15356,162256A3D694500D3C53003F7197C3CA
data/derived/_backup_32b_results/occl_results/occl_blur.csv,12327,86FBA744A0369C23A25038BCBD81E0E4
data/derived/_backup_32b_results/orig_eval/extra_list.txt,7953,CACD11B6D28403D19E447A642D7C6DC6
data/derived/_backup_32b_results/orig_eval/gt_original.csv,395805,A23D8FA47812AA2F90962FE7AE50AE67
data/derived/_backup_32b_results/person_results/person_base.csv,705058,8148B23E986B2AFEBDB2AE6E610C24DD
data/derived/_backup_32b_results/person_results/person_over.csv,705060,B72B4FBE9E0A3FA3141351E4D5EDD561
data/derived/_backup_32b_results/person_results/person_under.csv,705060,9CEA482DC0EEA2D7DFAC0DBBF2279159
data/derived/_backup_32b_results/pf/pf_V1_json_onedir.csv,36894,C59774F6B4730F7B4E814D9CC013B34A
data/derived/_backup_32b_results/pf/pf_V2_two_numbers.csv,21894,45DE3C2B6BA9B1DACEF5CE48B8824EE6
data/derived/_backup_32b_results/pf/pf_V3_locate_first.csv,36894,E11BD45C20E032DED900A81244010254
data/derived/_backup_32b_results/pf/pf_V4_count_stepwise.csv,36894,F9FA454C81DAADC524FF731E9986E834
data/derived/_backup_32b_results/pf/pf_V5_region_estimate.csv,36894,646D22C295BC0FA6995219972093EEFF
data/derived/_backup_32b_results/pf/prompt_family_report.md,493,D2CA65466558C1D0C21A1081CE712F8B
data/derived/_backup_32b_results/ref/E4A_vlm_base_results.csv,755405,179F262763368078697D4B79747281FC
data/derived/_backup_32b_results/ref/E4A_vlm_over_results.csv,749201,1F8A102053FA4816237C4257AA89B97B
data/derived/_backup_32b_results/ref/E4A_vlm_under_results.csv,753984,492E973FE46A83FA1CD0D99773776B90
data/derived/_backup_32b_results/ref/picked.txt,7435,871F4E0D8C87030996913C53C09D7FD5
data/derived/_backup_32b_results/ref/results/consistency_local_base.csv,21881,8B11A117BAA55F8113050B601CB628FF
data/derived/_backup_32b_results/ref/results/consistency_local_over.csv,21882,CAA8AE74DB68291036E8397EC42ED4C0
data/derived/_backup_32b_results/ref/results/consistency_local_under.csv,21882,CBB7CE6DDB25C14BBC8CFC1BE24E0B42
data/derived/_backup_32b_results/selfconsist_results/sc_st_a_k5_t0.7.csv,10160,D99A1B886A8828E1392BB58D29FCA192
data/derived/_backup_32b_results/selfconsist_results/sc_st_a_k5_t0.csv,9016,66BF3CA70617C1770E864DD25CED2BDB
data/derived/_backup_32b_results/selfconsist_results/sc_st_b_k5_t0.7.csv,19950,8DA5DC7004B3D02D32AF11D99A2F36E0
data/derived/_backup_32b_results/selfconsist_results/sc_st_b_k5_t0.csv,16829,D89718B68748063E21A33D10B41E90A6
data/derived/_backup_32b_results/selfconsist_results/sc_ucf_k5_t0.7.csv,18991,197355CB61085B35ED21FF9ABFB2E6E6
data/derived/_backup_32b_results/selfconsist_results/sc_ucf_k5_t0.csv,17106,9A98CF880AC7A42795DCB338F32AF9C4
data/derived/_backup_32b_results/tile_results/vlm_st_a_base_tile2.csv,18273,875B75C9C4D470D458B198CC2E2C497C
data/derived/_backup_32b_results/tile_results/vlm_st_a_base_tile3.csv,34369,C92DEFDFCA29FB2B7F1C8F7884A1343E
data/derived/_backup_32b_results/tile_results/vlm_st_a_base_tile4.csv,36834,EAFD698159F1877DE79FBADCE93C8808
data/derived/_backup_32b_results/tile_results/vlm_st_a_base_tile5.csv,36863,96FFF076CD53CC36BD4B9B1DBCE88BE0
data/derived/_backup_32b_results/tile_results/vlm_st_a_base_tile6.csv,37040,4089ADAA5BBBAC6AD3CE6CF81AE7E19D
data/derived/_backup_32b_results/tile_results/vlm_st_a_over_tile2.csv,18936,53CC12A170E1D5FF603392B9567AB1C6
data/derived/_backup_32b_results/tile_results/vlm_st_a_over_tile3.csv,35125,9375C9841BFCBF5E50D946EBF2D79788
data/derived/_backup_32b_results/tile_results/vlm_st_a_under_tile2.csv,17553,FA2582279C5DB6ACABDE57CBFE6BEC51
data/derived/_backup_32b_results/tile_results/vlm_st_a_under_tile3.csv,33445,08DD2BF6607C21BCE26F0F98B48CB0B4
data/derived/_backup_32b_results/tile_results/vlm_st_b_base_tile2.csv,31147,DD7559CED3876F18208E6519EDF7D5D3
data/derived/_backup_32b_results/tile_results/vlm_st_b_base_tile3.csv,116295,0179889643B358101D2BBB7BDB61A261
data/derived/_backup_32b_results/tile_results/vlm_st_b_over_tile2.csv,31281,97C4F90587D7F7171A1C61B45BE36A58
data/derived/_backup_32b_results/tile_results/vlm_st_b_over_tile3.csv,116557,6482B81B62A36E55C9B06E70E379377C
data/derived/_backup_32b_results/tile_results/vlm_st_b_under_tile2.csv,30876,D073F75FDA7ADA9FE58699D0A8588859
data/derived/_backup_32b_results/tile_results/vlm_st_b_under_tile3.csv,115563,C3544A8EF66D10C6C0A7F72AABABE5FD
data/derived/_backup_32b_results/tile_results/vlm_ucf_base_tile2.csv,34060,2794C09D70B01CE1DDDBD4E085AA9519
data/derived/_backup_32b_results/tile_results/vlm_ucf_base_tile3.csv,63663,E95CCEE9F7D23DBF011919BB2AAA3F6F
data/derived/_backup_32b_results/tile_results/vlm_ucf_base_tile4.csv,68411,251696F6A0029A5E4AB24E567F2B967C
data/derived/_backup_32b_results/tile_results/vlm_ucf_base_tile5.csv,68515,A7A1A68D556982D6A35E63B3F2E067B1
data/derived/_backup_32b_results/tile_results/vlm_ucf_base_tile6.csv,68560,F41B4EB0117E3F46E396D0DEB6CE9964
data/derived/_backup_32b_results/tile_results/vlm_ucf_over_tile2.csv,35536,7040E333292A855FF2802EB48950AF67
data/derived/_backup_32b_results/tile_results/vlm_ucf_over_tile3.csv,65120,AF04025A9F15ACC878F2F382DA17BE57
data/derived/_backup_32b_results/tile_results/vlm_ucf_under_tile2.csv,32720,113AB1A8C0CB9BDB4EA35C1B44006AD7
data/derived/_backup_32b_results/tile_results/vlm_ucf_under_tile3.csv,61841,859836B90CA267F12F905C6C5BF66EF9
data/derived/abstain_results/blur_base.csv,35197,DFF7C8220F6187D090E5424458E36814
data/derived/abstain_results/blur_over.csv,35299,E9F93906F1FBCC9C4704839EBF7F9860
data/derived/abstain_results/blur_under.csv,33767,66958E51ED30F465E032FB506F3A7C45
data/derived/abstain_results/causal_base.csv,21526,464ADF9BB0AB767FCB9241A4159F438E
data/derived/abstain_results/causal_over.csv,21561,CA1DA150249EB009DFAC0878D68A6F46
data/derived/abstain_results/causal_under.csv,21108,1889085E480B923752C475AE636FABB7
data/derived/abstain_results/scalestep_st_a.csv,52527,5D36C6299C0FAD11CEC9571B6303775D
data/derived/abstain_results/scalestep_ucf.csv,102828,01880107B30D1EE612C1F8F9B71A49DE
data/derived/aerial_results/aer_aitod_base.csv,14181,B346E576CF8ED0819BD2273DCF52E470
data/derived/aerial_results/aer_aitod_over.csv,14239,CC4CFEF475F22AF34F7D44C97EC14117
data/derived/aerial_results/aer_aitod_under.csv,14156,374D38D186C5B61B36B45D220D10EB93
data/derived/aerial_results/aer_visdrone_base.csv,22816,6621897EDFF850551C63F2D2A67160E4
data/derived/aerial_results/aer_visdrone_over.csv,22893,A121A97254EB98B3EC99B168A8F9AB72
data/derived/aerial_results/aer_visdrone_under.csv,22753,41076F7115D5DEF77671EC1167C3F4B0
data/derived/aerial_tile_results/aer_aitod_base_tile2.csv,25086,139A231C2F2DC05E2AA4182D354197F5
data/derived/aerial_tile_results/aer_aitod_base_tile3.csv,41069,C96A3EE57BD2931EFD03650E8C235D8A
data/derived/aerial_tile_results/aer_aitod_base_tile4.csv,41303,1C5CBBDFBE86C071A05AED662E5D6FE6
data/derived/aerial_tile_results/aer_aitod_base_tile5.csv,41305,17044351CB45D658CB9900628CDC2D10
data/derived/aerial_tile_results/aer_aitod_over_tile2.csv,25132,AFBB36E665BF9442FE10EA5872982146
data/derived/aerial_tile_results/aer_aitod_over_tile3.csv,41082,92E2A4523F97D491B1C24A8DDB4731BA
data/derived/aerial_tile_results/aer_aitod_under_tile2.csv,25027,516A9FB343D9DE8842BF7FB69A981F6C
data/derived/aerial_tile_results/aer_aitod_under_tile3.csv,41043,A6B60A7AD600FA621B2124F3440AF2B7
data/derived/aerial_tile_results/aer_visdrone_base_tile2.csv,41796,F70DCF2C509707789D2361E00226C1C0
data/derived/aerial_tile_results/aer_visdrone_base_tile3.csv,70026,61DB7257199AA3783430F9E1FED026F2
data/derived/aerial_tile_results/aer_visdrone_base_tile4.csv,70436,370D3C10CEA6C657F13C147CF6342BE5
data/derived/aerial_tile_results/aer_visdrone_over_tile2.csv,41946,501680D44BF90EB026233D1C3C082BD1
data/derived/aerial_tile_results/aer_visdrone_under_tile2.csv,41683,A39B4AC1B561AC9DAFC5E8AA7843E254
data/derived/contract_tile_results_CONTAMINATED_0234/vlm_st_a_choice_tile2.csv,45403,F69E380A8092BD3D36E311DAD7A501C8
data/derived/contract_tile_results_CONTAMINATED_0234/vlm_st_a_choice_tile3.csv,76754,28B947B4F1A43212C5AEFD04207CB3BA
data/derived/contract_tile_results_CONTAMINATED_0234/vlm_st_a_choice_whole.csv,9590,443D0232CA8A356B1DAB716D666AA29A
data/derived/contract_tile_results_CONTAMINATED_0234/vlm_st_a_forbid0_tile2.csv,37290,E5F291AF398F5BA869A70FAD5A39EA02
data/derived/contract_tile_results_CONTAMINATED_0234/vlm_st_a_forbid0_tile3.csv,69652,38E76CAFE1A57C9F3D8B5F5A2D9C9555
data/derived/contract_tile_results_CONTAMINATED_0234/vlm_st_a_forbid0_whole.csv,8536,EFA678C1613E08AD12FE8EE7BC3AC85C
data/derived/contract_tile_results_CONTAMINATED_0234/vlm_st_a_range_tile2.csv,56350,26A050EA6EDDC54D85A4876DB78C4636
data/derived/contract_tile_results_CONTAMINATED_0234/vlm_st_a_range_tile3.csv,74452,74C248688D312A89FDDAA17CBF625E7A
data/derived/contract_tile_results_CONTAMINATED_0234/vlm_st_a_range_whole.csv,10983,C75EC60E8B1162AE0E623C61631CF461
data/derived/contract_tile_results_CONTAMINATED_0234/vlm_ucf_choice_tile2.csv,85152,8F31707297E43C2875EAB83C2270CE66
data/derived/contract_tile_results_CONTAMINATED_0234/vlm_ucf_choice_tile3.csv,141990,2A4E45D18F717E421417F4A2608C6DCD
data/derived/contract_tile_results_CONTAMINATED_0234/vlm_ucf_choice_whole.csv,18194,AACB71C51FBCB86D83A4C8ED39E01269
data/derived/contract_tile_results_CONTAMINATED_0234/vlm_ucf_forbid0_tile2.csv,70289,6C792CD6CAC4E8232CFE0CFCBBFA0574
data/derived/contract_tile_results_CONTAMINATED_0234/vlm_ucf_forbid0_tile3.csv,129542,3CEA24317B75B5F02BEBA7BB8745EAC0
data/derived/contract_tile_results_CONTAMINATED_0234/vlm_ucf_forbid0_whole.csv,16224,C9C6A972408526276C711A7EEE882466
data/derived/contract_tile_results_CONTAMINATED_0234/vlm_ucf_range_tile2.csv,105670,0DF8E7533A0943D71C36C78635C25CF7
data/derived/contract_tile_results_CONTAMINATED_0234/vlm_ucf_range_tile3.csv,109381,B5732636DC31C1A844ACF9EBAFDF6B0A
data/derived/contract_tile_results_CONTAMINATED_0234/vlm_ucf_range_whole.csv,20818,718104C801EE7ECD8D521B1EFB9B9A0C
data/derived/corpus/vlm_st_a_base_whole.csv,7714,FF69ABB8457CBA31D0FDF6D3702EC432
data/derived/corpus/vlm_st_a_over_whole.csv,8302,E452D50F68A4AA16A875AB75ED41B6C0
data/derived/corpus/vlm_st_a_under_whole.csv,7446,2B8E055B6C7E13808F10187E7529611D
data/derived/corpus/vlm_st_b_base_whole.csv,13569,C9BD0992B9BD3F9AA67357F2A7567FCE
data/derived/corpus/vlm_st_b_over_whole.csv,13613,80001D2DC7800808ECB75EBED90D400E
data/derived/corpus/vlm_st_b_under_whole.csv,13331,676FFCFEAE21037EFE6459A4DBF03BBC
data/derived/corpus/vlm_ucf_base_whole.csv,14748,4FE5246CA1603625EF158EB3F5C99901
data/derived/corpus/vlm_ucf_over_whole.csv,15858,8F8DCBD48F5AF9AD77BE043BFE8E5100
data/derived/corpus/vlm_ucf_under_whole.csv,14214,3CB8989FF473D665DDCD521CF6A036EF
data/derived/decouple_results/decouple_base.csv,9354,AAAF4B752AB105CA853AB027851846BF
data/derived/decouple_results/decouple_over.csv,9383,A97B4FBFF0C0006E96AF374064325038
data/derived/decouple_results/decouple_under.csv,9175,B202498688F95E5F2F6D029E0DB28542
data/derived/dense_prompt_results/st_a_base_V1_json.csv,7713,5A7ED72C7E998737BA4892D850F0A940
data/derived/dense_prompt_results/st_a_base_V2_number.csv,5661,E579926AF30868B8836B9AAB18DF3101
data/derived/dense_prompt_results/st_a_base_V3_locate.csv,7739,3300BD8DC5D0F24018E0D6AC9BF2192F
data/derived/dense_prompt_results/st_a_base_V4_estimate.csv,8323,5A4579EDDFE560B10AB51E430A394B87
data/derived/dense_prompt_results/st_a_base_V5_region.csv,8386,4A22C95C23642FECF5303C3E4DCA1152
data/derived/dense_prompt_results/st_a_over_V1_json.csv,8302,6CC6EB0A3DA5F25935BCE64A7BA8F0D0
data/derived/dense_prompt_results/st_a_over_V2_number.csv,5499,7D09F78FFC269F8D3C6A330A12C5DC0C
data/derived/dense_prompt_results/st_a_over_V3_locate.csv,8264,306CEAFA668C859D2C357F6DEB0E6CA8
data/derived/dense_prompt_results/st_a_over_V4_estimate.csv,8356,03FF9F42C5EEBFAF667D36D1D9480EB0
data/derived/dense_prompt_results/st_a_over_V5_region.csv,8401,36DE25599CB4A4F2374C318CB7B65866
data/derived/dense_prompt_results/st_a_under_V1_json.csv,7448,3750DBC06C4135331B6B8CA91B1EA697
data/derived/dense_prompt_results/st_a_under_V2_number.csv,5055,75DA3DD697AED838BDE7BF4E98015C61
data/derived/dense_prompt_results/st_a_under_V3_locate.csv,7430,9CB7644357BE065B73FD50E0A9B72FF5
data/derived/dense_prompt_results/st_a_under_V4_estimate.csv,8263,D5E51B389C577F70D8F552AE01FD8117
data/derived/dense_prompt_results/st_a_under_V5_region.csv,7888,3E7FCF83ED0648997AD20E9EA85921A7
data/derived/dense_prompt_results/ucf_base_V1_json.csv,15023,57574382F2200091DDF9070570A0CFF3
data/derived/dense_prompt_results/ucf_base_V2_number.csv,11621,0A70DE47EDCD15365D0AB6D6D805C921
data/derived/dense_prompt_results/ucf_base_V3_locate.csv,15118,E55517D9CE93D0C6209B92F6F5506E06
data/derived/dense_prompt_results/ucf_base_V4_estimate.csv,16161,7DC98A23DD204A9CB2FE7F2C2B30C333
data/derived/dense_prompt_results/ucf_base_V5_region.csv,16269,C325EE16915582A8C0F838D0514EB4B3
data/derived/dense_prompt_results/ucf_over_V1_json.csv,16140,3B7CE4707682F503E2D1227E381BC09B
data/derived/dense_prompt_results/ucf_over_V2_number.csv,10923,24EADE3E52B1121BF91CD92F2B0A8ECC
data/derived/dense_prompt_results/ucf_over_V3_locate.csv,16097,FFFE402730C0C7C5E721965219A4E837
data/derived/dense_prompt_results/ucf_over_V4_estimate.csv,16236,C05E4DF4265B77CD51DA6D22576139CF
data/derived/dense_prompt_results/ucf_over_V5_region.csv,16269,23F75FF97BCA436798B1F8853EC5DC65
data/derived/dense_prompt_results/ucf_under_V1_json.csv,14486,C8BEBB916DD3C0FEA592A9B44C14C3F5
data/derived/dense_prompt_results/ucf_under_V2_number.csv,9978,381A49E4594E127F45771FCAFCFEBCC4
data/derived/dense_prompt_results/ucf_under_V3_locate.csv,14434,77892BDE10C71D9ABAFBEF15F93DBA9B
data/derived/dense_prompt_results/ucf_under_V4_estimate.csv,16025,72403064788B4CCDB50A9621112F469E
data/derived/dense_prompt_results/ucf_under_V5_region.csv,15181,A396481B78E7EF84915E71BC0B20AE71
data/derived/dense_results/vlm_st_a_base_whole.csv,7714,FF69ABB8457CBA31D0FDF6D3702EC432
data/derived/dense_results/vlm_st_a_over_whole.csv,8302,E452D50F68A4AA16A875AB75ED41B6C0
data/derived/dense_results/vlm_st_a_under_whole.csv,7446,2B8E055B6C7E13808F10187E7529611D
data/derived/dense_results/vlm_st_b_base_whole.csv,13569,C9BD0992B9BD3F9AA67357F2A7567FCE
data/derived/dense_results/vlm_st_b_over_whole.csv,13613,80001D2DC7800808ECB75EBED90D400E
data/derived/dense_results/vlm_st_b_under_whole.csv,13331,676FFCFEAE21037EFE6459A4DBF03BBC
data/derived/dense_results/vlm_ucf_base_whole.csv,14748,4FE5246CA1603625EF158EB3F5C99901
data/derived/dense_results/vlm_ucf_over_whole.csv,15858,8F8DCBD48F5AF9AD77BE043BFE8E5100
data/derived/dense_results/vlm_ucf_under_whole.csv,14214,3CB8989FF473D665DDCD521CF6A036EF
data/derived/dose_results/dose_st_a.csv,67055,48468AC6E2DA59A6E0FD453081D32B41
data/derived/dose_results/dose_ucf.csv,127828,67D7134F20C7C1D53915AA44B4E55FFF
data/derived/dose_results/dose_visdrone.csv,183015,5557D4FFD71276550759A97080599259
data/derived/dose_tile_results/dose_tile3_st_a.csv,95305,CFB4B0C6771F513C60D7879E80E6E254
data/derived/dose_tile_results/dose_tile3_ucf.csv,177327,24025E51F32A8DB12F19C1111E76E2B7
data/derived/dose_tile_results/dose_tile3_visdrone.csv,114867,81BF7A70BD1077C24E8C2BD130502E85
data/derived/dose_tile_results/dose_tile5_st_a.csv,47693,7909BFD4B12A75DC31441D80437B7DF0
data/derived/e1/e1_qwen3-vl-235b-a22b-instruct_st_a_base.csv,11709,066CB80876032ED034309298F2D1413F
data/derived/e1/e1_qwen3-vl-235b-a22b-instruct_st_a_bestA.csv,10428,CCE7CFBBEABB49E1CCF4E24A4F9E3EF5
data/derived/e1/e1_qwen3-vl-235b-a22b-instruct_st_a_bestB.csv,1786,1C62B63DF52C33E8578AC4C288A365A9
data/derived/e1/e1_qwen3-vl-235b-a22b-instruct_st_a_bestC.csv,1999,21FB3653D457F9733D22AA52055BC48E
data/derived/e1/e1_qwen3-vl-235b-a22b-instruct_st_a_channel.csv,2266,6ECE5002BBBF8E60282B59BAB8E01F5A
data/derived/e1/e1_qwen3-vl-235b-a22b-instruct_st_a_permit.csv,12058,05BF61F8E9C3CAE8AA354F2AC509C7E6
data/derived/e1/e1_qwen3-vl-235b-a22b-instruct_ucf_base.csv,12285,BA8BA92CE2B98D01773E0659A2C60831
data/derived/e1/e1_qwen3-vl-235b-a22b-instruct_ucf_bestA.csv,10353,1C286AC1C7E1C65BA8736D7A0AD028EC
data/derived/e1/e1_qwen3-vl-235b-a22b-instruct_ucf_bestB.csv,1899,8572932A0ECD178F741951DB6C3BDC82
data/derived/e1/e1_qwen3-vl-235b-a22b-instruct_ucf_bestC.csv,2087,7E0CF0FCDBA2013EA20AEAEC9BA41C21
data/derived/e1/e1_qwen3-vl-235b-a22b-instruct_ucf_channel.csv,2346,63CB0CFB853F645D7571AAED6123083C
data/derived/e1/e1_qwen3-vl-235b-a22b-instruct_ucf_permit.csv,12516,BBBF278F910BA2DDA263FE7AC235C53C
data/derived/e1/e1_qwen3-vl-32b-instruct_st_a_base.csv,10514,A8A7380401B6CABC1E9F8077669854AC
data/derived/e1/e1_qwen3-vl-32b-instruct_st_a_bestA.csv,14714,950C1D17B3383BDFE5EFE6A29BDA86B2
data/derived/e1/e1_qwen3-vl-32b-instruct_st_a_bestB.csv,1784,8427175A46A9D7DF5C2ED954C89D3817
data/derived/e1/e1_qwen3-vl-32b-instruct_st_a_bestC.csv,1782,D952A269A4CB9A980B29683AE34EA868
data/derived/e1/e1_qwen3-vl-32b-instruct_st_a_channel.csv,2244,5D31B8A009A29CD5E2C8D347DE55263C
data/derived/e1/e1_qwen3-vl-32b-instruct_st_a_permit.csv,11964,55E2C9675775946A5CF61F7A06B3C11B
data/derived/e1/e1_qwen3-vl-32b-instruct_ucf_base.csv,11134,BFA6AEADD590F714F14E31543A565242
data/derived/e1/e1_qwen3-vl-32b-instruct_ucf_bestA.csv,14908,FD9B8771C5A613F59673373A5B07F770
data/derived/e1/e1_qwen3-vl-32b-instruct_ucf_bestB.csv,1880,73DCC1E7444274D38FE53CD842F9A423
data/derived/e1/e1_qwen3-vl-32b-instruct_ucf_bestC.csv,1878,3F08D7D4D16A23F4D077C229E71B9D19
data/derived/e1/e1_qwen3-vl-32b-instruct_ucf_channel.csv,2324,C8B0E93C4B7B43098066B1CD5DA3540F
data/derived/e1/e1_qwen3-vl-32b-instruct_ucf_permit.csv,12432,2095CC8B46A7472BD39F2CF73652095C
data/derived/e1/e1_qwen3-vl-8b-instruct_st_a_base.csv,1658,D9E54A0595A91FBC6AAFFA57A3B80501
data/derived/e1/e1_qwen3-vl-8b-instruct_st_a_bestA.csv,6634,131BF55738502347F30EA5C9F3EDA373
data/derived/e1/e1_qwen3-vl-8b-instruct_st_a_channel.csv,2246,E6D6F47729DC743FF861615E68D9FD9F
data/derived/e1/e1_qwen3-vl-8b-instruct_st_a_permit.csv,1926,8A741C7F8AE1EF641B7D3C98F9A9C8E5
data/derived/e1/e1_qwen3-vl-8b-instruct_ucf_base.csv,1686,2D6F0D836D46696818B1FB83E7427C37
data/derived/e1/e1_qwen3-vl-8b-instruct_ucf_bestA.csv,6432,F5D4C7CB12EA92CEAAB9C8F44349A64F
data/derived/e1/e1_qwen3-vl-8b-instruct_ucf_channel.csv,2324,AC0717034063350697374386D70E8E64
data/derived/e1/e1_qwen3-vl-8b-instruct_ucf_permit.csv,2006,B247C03902ADA87C5503F298195A98B6
data/derived/e1/e1_qwen3-vl-flash_st_a_base.csv,2247,2F1248707EE0D1BB67128F2A71EC0CAD
data/derived/e1/e1_qwen3-vl-flash_st_a_bestA.csv,13650,E930D8C65BE53AD4FD01C533394A2E8C
data/derived/e1/e1_qwen3-vl-flash_st_a_channel.csv,2402,3DD3633CE5BAFE2EEA4F11CC4B447561
data/derived/e1/e1_qwen3-vl-flash_st_a_permit.csv,1923,003BC1E8E015EC2444980F84A8214CAE
data/derived/e1/e1_qwen3-vl-flash_ucf_base.csv,2331,58BBCB4B009A3501507A6CB2065CBF88
data/derived/e1/e1_qwen3-vl-flash_ucf_bestA.csv,14956,71E910D819EA26C719D4A78F7F48ED7A
data/derived/e1/e1_qwen3-vl-flash_ucf_channel.csv,2663,7BA7420E188036A7DE82A7A120CFEB1F
data/derived/e1/e1_qwen3-vl-flash_ucf_permit.csv,2006,426174D9EE59F231FB89FB1051DB3B1D
data/derived/e1/e1_qwen3-vl-plus_st_a_base.csv,1727,E9467B36B11ADE8AD0B827287AB666FD
data/derived/e1/e1_qwen3-vl-plus_st_a_bestA.csv,11616,924E55F2EC82026DBE44224340CE4409
data/derived/e1/e1_qwen3-vl-plus_st_a_channel.csv,2247,12BABD6CF20C7487F4A0EB01CE7D7510
data/derived/e1/e1_qwen3-vl-plus_st_a_permit.csv,1929,76C83135D5053644CA29578CE02E2062
data/derived/e1/e1_qwen3-vl-plus_ucf_base.csv,1833,C0ED3A830BF606A16FD8133038BC2BDA
data/derived/e1/e1_qwen3-vl-plus_ucf_bestA.csv,12290,A05D2D9AD51B11287653E1B3D67F5035
data/derived/e1/e1_qwen3-vl-plus_ucf_channel.csv,2327,9E5A44DD7CE72ABBDB31BBBF140443F8
data/derived/e1/e1_qwen3-vl-plus_ucf_permit.csv,2006,76AA97CC1EC5645167BF4B03F422683B
data/derived/e1_results/e1_qwen3-vl-235b-a22b-instruct_st_a_base.csv,11709,066CB80876032ED034309298F2D1413F
data/derived/e1_results/e1_qwen3-vl-235b-a22b-instruct_st_a_bestA.csv,10428,CCE7CFBBEABB49E1CCF4E24A4F9E3EF5
data/derived/e1_results/e1_qwen3-vl-235b-a22b-instruct_st_a_bestB.csv,1786,1C62B63DF52C33E8578AC4C288A365A9
data/derived/e1_results/e1_qwen3-vl-235b-a22b-instruct_st_a_bestC.csv,1999,21FB3653D457F9733D22AA52055BC48E
data/derived/e1_results/e1_qwen3-vl-235b-a22b-instruct_st_a_channel.csv,2266,6ECE5002BBBF8E60282B59BAB8E01F5A
data/derived/e1_results/e1_qwen3-vl-235b-a22b-instruct_st_a_permit.csv,12058,05BF61F8E9C3CAE8AA354F2AC509C7E6
data/derived/e1_results/e1_qwen3-vl-235b-a22b-instruct_ucf_base.csv,12285,BA8BA92CE2B98D01773E0659A2C60831
data/derived/e1_results/e1_qwen3-vl-235b-a22b-instruct_ucf_bestA.csv,10353,1C286AC1C7E1C65BA8736D7A0AD028EC
data/derived/e1_results/e1_qwen3-vl-235b-a22b-instruct_ucf_bestB.csv,1899,8572932A0ECD178F741951DB6C3BDC82
data/derived/e1_results/e1_qwen3-vl-235b-a22b-instruct_ucf_bestC.csv,2087,7E0CF0FCDBA2013EA20AEAEC9BA41C21
data/derived/e1_results/e1_qwen3-vl-235b-a22b-instruct_ucf_channel.csv,2346,63CB0CFB853F645D7571AAED6123083C
data/derived/e1_results/e1_qwen3-vl-235b-a22b-instruct_ucf_permit.csv,12516,BBBF278F910BA2DDA263FE7AC235C53C
data/derived/e1_results/e1_qwen3-vl-32b-instruct_st_a_base.csv,10514,A8A7380401B6CABC1E9F8077669854AC
data/derived/e1_results/e1_qwen3-vl-32b-instruct_st_a_bestA.csv,14714,950C1D17B3383BDFE5EFE6A29BDA86B2
data/derived/e1_results/e1_qwen3-vl-32b-instruct_st_a_bestB.csv,1784,8427175A46A9D7DF5C2ED954C89D3817
data/derived/e1_results/e1_qwen3-vl-32b-instruct_st_a_bestC.csv,1782,D952A269A4CB9A980B29683AE34EA868
data/derived/e1_results/e1_qwen3-vl-32b-instruct_st_a_channel.csv,2244,5D31B8A009A29CD5E2C8D347DE55263C
data/derived/e1_results/e1_qwen3-vl-32b-instruct_st_a_permit.csv,11964,55E2C9675775946A5CF61F7A06B3C11B
data/derived/e1_results/e1_qwen3-vl-32b-instruct_ucf_base.csv,11134,BFA6AEADD590F714F14E31543A565242
data/derived/e1_results/e1_qwen3-vl-32b-instruct_ucf_bestA.csv,14908,FD9B8771C5A613F59673373A5B07F770
data/derived/e1_results/e1_qwen3-vl-32b-instruct_ucf_bestB.csv,1880,73DCC1E7444274D38FE53CD842F9A423
data/derived/e1_results/e1_qwen3-vl-32b-instruct_ucf_bestC.csv,1878,3F08D7D4D16A23F4D077C229E71B9D19
data/derived/e1_results/e1_qwen3-vl-32b-instruct_ucf_channel.csv,2324,C8B0E93C4B7B43098066B1CD5DA3540F
data/derived/e1_results/e1_qwen3-vl-32b-instruct_ucf_permit.csv,12432,2095CC8B46A7472BD39F2CF73652095C
data/derived/e1_results/e1_qwen3-vl-8b-instruct_st_a_base.csv,1658,D9E54A0595A91FBC6AAFFA57A3B80501
data/derived/e1_results/e1_qwen3-vl-8b-instruct_st_a_bestA.csv,6634,131BF55738502347F30EA5C9F3EDA373
data/derived/e1_results/e1_qwen3-vl-8b-instruct_st_a_channel.csv,2246,E6D6F47729DC743FF861615E68D9FD9F
data/derived/e1_results/e1_qwen3-vl-8b-instruct_st_a_permit.csv,1926,8A741C7F8AE1EF641B7D3C98F9A9C8E5
data/derived/e1_results/e1_qwen3-vl-8b-instruct_ucf_base.csv,1686,2D6F0D836D46696818B1FB83E7427C37
data/derived/e1_results/e1_qwen3-vl-8b-instruct_ucf_bestA.csv,6432,F5D4C7CB12EA92CEAAB9C8F44349A64F
data/derived/e1_results/e1_qwen3-vl-8b-instruct_ucf_channel.csv,2324,AC0717034063350697374386D70E8E64
data/derived/e1_results/e1_qwen3-vl-8b-instruct_ucf_permit.csv,2006,B247C03902ADA87C5503F298195A98B6
data/derived/e1_results/e1_qwen3-vl-flash_st_a_base.csv,2247,2F1248707EE0D1BB67128F2A71EC0CAD
data/derived/e1_results/e1_qwen3-vl-flash_st_a_bestA.csv,13650,E930D8C65BE53AD4FD01C533394A2E8C
data/derived/e1_results/e1_qwen3-vl-flash_st_a_channel.csv,2402,3DD3633CE5BAFE2EEA4F11CC4B447561
data/derived/e1_results/e1_qwen3-vl-flash_st_a_permit.csv,1923,003BC1E8E015EC2444980F84A8214CAE
data/derived/e1_results/e1_qwen3-vl-flash_ucf_base.csv,2331,58BBCB4B009A3501507A6CB2065CBF88
data/derived/e1_results/e1_qwen3-vl-flash_ucf_bestA.csv,14956,71E910D819EA26C719D4A78F7F48ED7A
data/derived/e1_results/e1_qwen3-vl-flash_ucf_channel.csv,2663,7BA7420E188036A7DE82A7A120CFEB1F
data/derived/e1_results/e1_qwen3-vl-flash_ucf_permit.csv,2006,426174D9EE59F231FB89FB1051DB3B1D
data/derived/e1_results/e1_qwen3-vl-plus_st_a_base.csv,1727,E9467B36B11ADE8AD0B827287AB666FD
data/derived/e1_results/e1_qwen3-vl-plus_st_a_bestA.csv,11616,924E55F2EC82026DBE44224340CE4409
data/derived/e1_results/e1_qwen3-vl-plus_st_a_channel.csv,2247,12BABD6CF20C7487F4A0EB01CE7D7510
data/derived/e1_results/e1_qwen3-vl-plus_st_a_permit.csv,1929,76C83135D5053644CA29578CE02E2062
data/derived/e1_results/e1_qwen3-vl-plus_ucf_base.csv,1833,C0ED3A830BF606A16FD8133038BC2BDA
data/derived/e1_results/e1_qwen3-vl-plus_ucf_bestA.csv,12290,A05D2D9AD51B11287653E1B3D67F5035
data/derived/e1_results/e1_qwen3-vl-plus_ucf_channel.csv,2327,9E5A44DD7CE72ABBDB31BBBF140443F8
data/derived/e1_results/e1_qwen3-vl-plus_ucf_permit.csv,2006,76AA97CC1EC5645167BF4B03F422683B
data/derived/e2/e1_internvl25-8b-awq_aitod_base.csv,10835,A4E69524F1220DEBC2FBE2ADACFDA664
data/derived/e2/e1_internvl25-8b-awq_aitod_bestA.csv,26114,E8C1211416E60CDB01E22E7A831026D1
data/derived/e2/e1_internvl25-8b-awq_aitod_bestB.csv,10275,7DDDFEB789641219BAF74B5B50AE6D11
data/derived/e2/e1_internvl25-8b-awq_aitod_bestC.csv,11124,F9B584339CF79A35C2AAB743234258D4
data/derived/e2/e1_internvl25-8b-awq_aitod_channel.csv,12977,5F0102A0F42F800B324F0FD754D84553
data/derived/e2/e1_internvl25-8b-awq_aitod_permit.csv,10354,113BFDC24F397F20561CBB4EC655D945
data/derived/e2/e1_internvl25-8b-awq_st_a_base.csv,5227,B00C5321DEDD79A6CFA261AF7D057FD4
data/derived/e2/e1_internvl25-8b-awq_st_a_bestA.csv,14273,77C9585EB437A00EF32A6605CDD14DAA
data/derived/e2/e1_internvl25-8b-awq_st_a_bestB.csv,4820,54F5D04B4CE0CE5ADB37D8572E8F58CC
data/derived/e2/e1_internvl25-8b-awq_st_a_bestC.csv,5363,DD11B4B9DC5DE6941DDA3BE9149F520C
data/derived/e2/e1_internvl25-8b-awq_st_a_channel.csv,5720,6E1C6C6CEE03DFBE4C50DDDE18E32100
data/derived/e2/e1_internvl25-8b-awq_st_a_permit.csv,4919,A9748640F49260B0096926371652BA77
data/derived/e2/e1_internvl25-8b-awq_ucf_base.csv,9534,25248EC15672ECAA7A7B4A856E46A9AB
data/derived/e2/e1_internvl25-8b-awq_ucf_bestA.csv,25514,453F78BE63E83D46487BA42874FDF98D
data/derived/e2/e1_internvl25-8b-awq_ucf_bestB.csv,9336,047CD88BFF46237B6A792914EF8BE3B2
data/derived/e2/e1_internvl25-8b-awq_ucf_bestC.csv,9926,2E483A14343B72E5DCDEB3C124EB1822
data/derived/e2/e1_internvl25-8b-awq_ucf_channel.csv,10619,2CA6139DA417034558C24C1E5D4D6A30
data/derived/e2/e1_internvl25-8b-awq_ucf_permit.csv,8906,BF1F9CB6EC860DE2E15DE566FC20576C
data/derived/e2/e1_internvl25-8b-awq_visdrone_base.csv,9772,023F49410DAC5B007B5F0FF9556E1B72
data/derived/e2/e1_internvl25-8b-awq_visdrone_bestA.csv,24682,9CCC70A671CC38B8F7EE222AC2BA9953
data/derived/e2/e1_internvl25-8b-awq_visdrone_bestB.csv,9106,DDD7DD9E4B8B1930AFC7FA28E43580EC
data/derived/e2/e1_internvl25-8b-awq_visdrone_bestC.csv,9733,8B207E23837ACC5D928E498D53912E67
data/derived/e2/e1_internvl25-8b-awq_visdrone_channel.csv,11795,74BB7C47AD950BD42E7D8F2A85DF5030
data/derived/e2/e1_internvl25-8b-awq_visdrone_permit.csv,9326,C461680E7E5561A2FAA5E8033416F943
data/derived/e2/e1_internvl35-38b-fp8_aitod_base.csv,11155,F1C290FB9CD52D1C94A8EE7E431A747B
data/derived/e2/e1_internvl35-38b-fp8_aitod_bestA.csv,25759,538AFAB484BEF0FF32AA2B0B9F680056
data/derived/e2/e1_internvl35-38b-fp8_aitod_bestB.csv,11176,595EA2C90B6A81E0671FBBEE0A958E26
data/derived/e2/e1_internvl35-38b-fp8_aitod_bestC.csv,11424,3E64A31BF56278C83442726EC0E71C31
data/derived/e2/e1_internvl35-38b-fp8_aitod_channel.csv,13643,2734BF1101C618D975FEF0550B1E6C63
data/derived/e2/e1_internvl35-38b-fp8_aitod_permit.csv,12451,860CFB130F75690E995341CA5F008B94
data/derived/e2/e1_internvl35-38b-fp8_countbench_base.csv,355,030BC92DA0D36B6D86429A055B4340AE
data/derived/e2/e1_internvl35-38b-fp8_countbench_bestA.csv,784,C37AE81B2706AEFF65EA18972D3F4DFB
data/derived/e2/e1_internvl35-38b-fp8_countbench_bestB.csv,367,B1F4A908669645011261EBB193D4681E
data/derived/e2/e1_internvl35-38b-fp8_countbench_bestC.csv,307,B60355D702250C563B2C7D017FC3ABFC
data/derived/e2/e1_internvl35-38b-fp8_countbench_channel.csv,451,8F22A159C18D077322537EE25C18729C
data/derived/e2/e1_internvl35-38b-fp8_countbench_permit.csv,412,C158A7A4FE150109974EAF2258F51D73
data/derived/e2/e1_internvl35-38b-fp8_st_a_base.csv,5725,8EBE2A66A266EFA3793C03A70DFCE66C
data/derived/e2/e1_internvl35-38b-fp8_st_a_bestA.csv,15533,F2F6C76849547FF996A84C0B14540B44
data/derived/e2/e1_internvl35-38b-fp8_st_a_bestB.csv,5544,66B7F655B6DDFF739E1FDEE8AAD233FD
data/derived/e2/e1_internvl35-38b-fp8_st_a_bestC.csv,6064,98F23E53A27F206791EC1DBB4B38CAD4
data/derived/e2/e1_internvl35-38b-fp8_st_a_channel.csv,6682,C9B69419018413AA54158ADBF320B617
data/derived/e2/e1_internvl35-38b-fp8_st_a_permit.csv,5303,12ED62451978F3D7A0CC8EED53E5CD23
data/derived/e2/e1_internvl35-38b-fp8_ucf_base.csv,10520,A38E36603F49D86E72638E5BE46311E7
data/derived/e2/e1_internvl35-38b-fp8_ucf_bestA.csv,28422,BF6F789971B2EE8028245531BB2120C2
data/derived/e2/e1_internvl35-38b-fp8_ucf_bestB.csv,8957,AEDAB49CDF3F1CFCF2BB52DFCE5929BA
data/derived/e2/e1_internvl35-38b-fp8_ucf_bestC.csv,11109,45B198C60DD863BAFE81CB7F2C36D414
data/derived/e2/e1_internvl35-38b-fp8_ucf_channel.csv,12305,9CB98C0C751BAD0201CF0AACB33EE0F8
data/derived/e2/e1_internvl35-38b-fp8_ucf_permit.csv,9523,F8A4184586802CB0970722B105CCD630
data/derived/e2/e1_internvl35-38b-fp8_visdrone_base.csv,18226,7B3847EBBC5DF4944FF4378FC14015DE
data/derived/e2/e1_internvl35-38b-fp8_visdrone_bestA.csv,44219,89C9464714E3BC1B0E6302364687DEA6
data/derived/e2/e1_internvl35-38b-fp8_visdrone_bestB.csv,18323,530BC149D03450F80335A74328CA16E6
data/derived/e2/e1_internvl35-38b-fp8_visdrone_bestC.csv,18866,3C85D55392E2B22AF255AC1ADA12DD9F
data/derived/e2/e1_internvl35-38b-fp8_visdrone_channel.csv,22721,5D9050AE0D777B4CBDED47E683EFC201
data/derived/e2/e1_internvl35-38b-fp8_visdrone_permit.csv,20556,2F00BC00E8FC58F47A9516B22C226FCE
data/derived/e2/e1_qwen25vl-72b-awq_aitod_base.csv,11164,1B5DE6CDE851EE8BCC607A056F9394EA
data/derived/e2/e1_qwen25vl-72b-awq_aitod_bestA.csv,23906,35BFB66DA7F82C7BCF3CF3E04CFC8D47
data/derived/e2/e1_qwen25vl-72b-awq_aitod_bestB.csv,9160,FC2BAB2AD38F092B460D6FEDFDAD664C
data/derived/e2/e1_qwen25vl-72b-awq_aitod_bestC.csv,10772,AA4B20DBDB8DA75AC3D5262049FA0F31
data/derived/e2/e1_qwen25vl-72b-awq_aitod_channel.csv,11329,751C4C7C8EE5B9BD498F4EAFFB22B39A
data/derived/e2/e1_qwen25vl-72b-awq_aitod_permit.csv,10551,A549F7F5CD947BE0436AA53BFFC646CF
data/derived/e2/e1_qwen25vl-72b-awq_st_a_base.csv,5862,9C403C127ACFE79232E045434206E15C
data/derived/e2/e1_qwen25vl-72b-awq_st_a_bestA.csv,17223,72DBB1FA37A72C9F042B5F05F3B9D073
data/derived/e2/e1_qwen25vl-72b-awq_st_a_bestB.csv,4472,23D7586E794D2897A3D0C6287966C70B
data/derived/e2/e1_qwen25vl-72b-awq_st_a_bestC.csv,5577,5B6C572471F750F87D2E47453E787404
data/derived/e2/e1_qwen25vl-72b-awq_st_a_channel.csv,5735,D01F500EE3D89176FA54748FD852C4C3
data/derived/e2/e1_qwen25vl-72b-awq_st_a_channelB.csv,5744,802DFDB3643D0217BE843B867060D00B
data/derived/e2/e1_qwen25vl-72b-awq_st_a_permit.csv,4929,69CB4359E339CB056A3A8528DD996F54
data/derived/e2/e1_qwen25vl-72b-awq_st_a_permitB.csv,4924,4A6939E1ECF41FFD64C3D0B8E82922E2
data/derived/e2/e1_qwen25vl-72b-awq_st_a_permitC.csv,4927,825585C3F4F7D27DB01241493805C85A
data/derived/e2/e1_qwen25vl-72b-awq_ucf_base.csv,11021,6AA85188B66BCD9E59BEB0CFD6AA8362
data/derived/e2/e1_qwen25vl-72b-awq_ucf_bestA.csv,30528,3AEDA05045B5A6695D8D39B3EDE97129
data/derived/e2/e1_qwen25vl-72b-awq_ucf_bestB.csv,8369,839011A9E5D5640E1212CC4D15AEED09
data/derived/e2/e1_qwen25vl-72b-awq_ucf_bestC.csv,10623,85F9CC53EAB9DA72FE947D54F3EC67CC
data/derived/e2/e1_qwen25vl-72b-awq_ucf_channel.csv,10490,13E2709093CCE79B5E95445F1D4C6F30
data/derived/e2/e1_qwen25vl-72b-awq_ucf_channelB.csv,10491,CAC38EED1D5C6B3DCF4D98F5EB3194CD
data/derived/e2/e1_qwen25vl-72b-awq_ucf_permit.csv,9043,E6BF7D47B98979A0215464A4BF28FDA7
data/derived/e2/e1_qwen25vl-72b-awq_ucf_permitB.csv,9049,634D431FA3EB7C9E2F055E932F54515E
data/derived/e2/e1_qwen25vl-72b-awq_ucf_permitC.csv,9039,60CCB1163B8F2AB3145AA555EA43D83A
data/derived/e2/e1_qwen25vl-72b-awq_visdrone_base.csv,10014,E26378B8880DE27C998C5F328CFFA2D8
data/derived/e2/e1_qwen25vl-72b-awq_visdrone_bestA.csv,20520,13F4E92A6591EDAF4EB837361673B928
data/derived/e2/e1_qwen25vl-72b-awq_visdrone_bestB.csv,8132,B7CA78E57E1EA9FD4DE735406278EAA6
data/derived/e2/e1_qwen25vl-72b-awq_visdrone_bestC.csv,9887,6850264CF1DD1B3EF91AD966CE3AFFF1
data/derived/e2/e1_qwen25vl-72b-awq_visdrone_channel.csv,10546,8BDFA0937D041DB2105D17F6AF390243
data/derived/e2/e1_qwen25vl-72b-awq_visdrone_permit.csv,9556,41465C1658C0208323EB0D592055E627
data/derived/e2/e1_qwen25vl-7b-awq_st_a_base.csv,5666,B8C31EE2A948456B81A12F352B7F8837
data/derived/e2/e1_qwen25vl-7b-awq_st_a_bestA.csv,11709,21CAD71AEBD901D2C12A7C03B1505302
data/derived/e2/e1_qwen25vl-7b-awq_st_a_bestB.csv,4697,4178A28F03EB06689A4312F4BD368EC6
data/derived/e2/e1_qwen25vl-7b-awq_st_a_bestC.csv,4641,5285832552477EF64A500BB93E6A4600
data/derived/e2/e1_qwen25vl-7b-awq_st_a_channel.csv,5750,DE9CE478ABB791D66E99B997E34921FC
data/derived/e2/e1_qwen25vl-7b-awq_st_a_permit.csv,4932,804B88C0FA1B56ECF51BA30A55B60381
data/derived/e2/e1_qwen25vl-7b-awq_ucf_base.csv,9920,23341490B5F968414307BDA46901D04D
data/derived/e2/e1_qwen25vl-7b-awq_ucf_bestA.csv,21944,1CCD9E00086C2CA7CE994C7B2DC7DD26
data/derived/e2/e1_qwen25vl-7b-awq_ucf_bestB.csv,8611,4EF026BA4DDA284E9CE63361BCB72CFC
data/derived/e2/e1_qwen25vl-7b-awq_ucf_bestC.csv,8577,8A2D875D965B0DC366497529A8D7F002
data/derived/e2/e1_qwen25vl-7b-awq_ucf_channel.csv,10342,666422810E255EB3687829C9C931EDD8
data/derived/e2/e1_qwen25vl-7b-awq_ucf_permit.csv,8910,8AF383B834C1824A8C32BA3425B7639D
data/derived/e2/e1_qwen3-vl-2b_aitod_base.csv,11383,0BD5C4C347834BA78FDF1A71F4DEEB48
data/derived/e2/e1_qwen3-vl-2b_aitod_bestA.csv,30795,A4FCEBAAF80C80BCB5F0AB19AE61ABC9
data/derived/e2/e1_qwen3-vl-2b_aitod_bestB.csv,11210,826BD6764C7B727C81C1856083CF4FA0
data/derived/e2/e1_qwen3-vl-2b_aitod_bestC.csv,11223,F04856AA697B263B1912F782F16CFF3B
data/derived/e2/e1_qwen3-vl-2b_aitod_channel.csv,13320,046177E0A6D74484C360DE4160E8DC6B
data/derived/e2/e1_qwen3-vl-2b_aitod_permit.csv,11990,7D86DF674A275DFEBA967B1B05FFBF39
data/derived/e2/e1_qwen3-vl-2b_countbench_base.csv,367,4060939961E1720250FFF852FCCBE9D3
data/derived/e2/e1_qwen3-vl-2b_countbench_bestA.csv,595,E2C8246EB1FFEE9C0199189E33895921
data/derived/e2/e1_qwen3-vl-2b_countbench_bestB.csv,367,076D62B4A3D7A2CE1B761301F80591CE
data/derived/e2/e1_qwen3-vl-2b_countbench_bestC.csv,367,DBCAFF1E222D92326C4051F53C254439
data/derived/e2/e1_qwen3-vl-2b_countbench_channel.csv,451,78FFA361D775CC0504E4CED0CD6F981D
data/derived/e2/e1_qwen3-vl-2b_countbench_permit.csv,348,31A11E26EF26B173E188F9E9A362BD86
data/derived/e2/e1_qwen3-vl-2b_st_a_base.csv,6189,5B46072072EB41006F9AF040FF42F75D
data/derived/e2/e1_qwen3-vl-2b_st_a_bestA.csv,18769,24BAF25175356A27C58B76E277B20DDD
data/derived/e2/e1_qwen3-vl-2b_st_a_bestB.csv,5857,85B21D826515BBA9063F29A3464A134C
data/derived/e2/e1_qwen3-vl-2b_st_a_bestC.csv,5910,B4823ADC637385184D3F8CEBA22BFC39
data/derived/e2/e1_qwen3-vl-2b_st_a_channel.csv,6966,2926BE4F3965D64AACD50D2CC0970873
data/derived/e2/e1_qwen3-vl-2b_st_a_permit.csv,6142,8A041C63836E16809DE5F69AD5097760
data/derived/e2/e1_qwen3-vl-2b_ucf_base.csv,11142,E301D42B32EBDFEFAFB36EEC08916DE6
data/derived/e2/e1_qwen3-vl-2b_ucf_bestA.csv,32304,5EA16B60F1BD4BCC3E6E1FA262A2D73B
data/derived/e2/e1_qwen3-vl-2b_ucf_bestB.csv,10838,04EED7280B13172DB62C698B174A32C9
data/derived/e2/e1_qwen3-vl-2b_ucf_bestC.csv,10698,CD4AA87E70405F0D392D72ABB1C4492C
data/derived/e2/e1_qwen3-vl-2b_ucf_channel.csv,12502,6E1E24A42A76D0A807979054A6DCB7D5
data/derived/e2/e1_qwen3-vl-2b_ucf_permit.csv,11039,A948B9A65F2F1C6ECD30D7FCD643F3D2
data/derived/e2/e1_qwen3-vl-2b_visdrone_base.csv,19205,7B5FEA0CF189EC10DF7E1A7DEC31A145
data/derived/e2/e1_qwen3-vl-2b_visdrone_bestA.csv,47777,11CBA07964032DA277875304D3CF6443
data/derived/e2/e1_qwen3-vl-2b_visdrone_bestB.csv,18106,494A6DCEF73C21601B5A025881A8B3C1
data/derived/e2/e1_qwen3-vl-2b_visdrone_bestC.csv,18133,87FA15CE60497F83662A3D229D4190C8
data/derived/e2/e1_qwen3-vl-2b_visdrone_channel.csv,21797,B3061B3E75D3A4A3ACF350D7C00DD666
data/derived/e2/e1_qwen3-vl-2b_visdrone_permit.csv,19185,6C67FB1789831BAFA5C1B2FAFC5780BE
data/derived/e2/e1_qwen3-vl-30b-a3b-fp8_aitod_base.csv,10680,C3E39B5DAB4775B33A96CCCC9C5A2199
data/derived/e2/e1_qwen3-vl-30b-a3b-fp8_aitod_bestA.csv,34304,C4CBFB9536B038B6BF3ADF351B25DD50
data/derived/e2/e1_qwen3-vl-30b-a3b-fp8_aitod_bestB.csv,11208,B2589AFD46E058AD014E291DFB975AB4
data/derived/e2/e1_qwen3-vl-30b-a3b-fp8_aitod_bestC.csv,11279,7E2D948594F4C4AEC3124C00A55E5270
data/derived/e2/e1_qwen3-vl-30b-a3b-fp8_aitod_channel.csv,13275,6CBE2286FA36431ADF6FFA8E2079991C
data/derived/e2/e1_qwen3-vl-30b-a3b-fp8_aitod_permit.csv,11019,56ADCE66709F3D36D10FC8E96BB0FBED
data/derived/e2/e1_qwen3-vl-30b-a3b-fp8_countbench_base.csv,286,72B694C37B17BF4D0CD2B43A806DC120
data/derived/e2/e1_qwen3-vl-30b-a3b-fp8_countbench_bestA.csv,493,6E1141233D84F784B2271149D45CCB83
data/derived/e2/e1_qwen3-vl-30b-a3b-fp8_countbench_bestB.csv,317,0938BC136C24435CEF0D03D54F7B88B8
data/derived/e2/e1_qwen3-vl-30b-a3b-fp8_countbench_bestC.csv,333,1FC698D35AFEF05A199F6B0B41CD328B
data/derived/e2/e1_qwen3-vl-30b-a3b-fp8_countbench_channel.csv,391,8ED72954C2CC62F45F9371A1C8BC6CA6
data/derived/e2/e1_qwen3-vl-30b-a3b-fp8_countbench_permit.csv,443,02032E5D50EE50AE668272BCE697E09A
data/derived/e2/e1_qwen3-vl-30b-a3b-fp8_st_a_base.csv,5655,3EC77713DEF178734572CC2A9169419F
data/derived/e2/e1_qwen3-vl-30b-a3b-fp8_st_a_bestA.csv,23066,4C0662285C0166BA9D8BA115AF86CD65
data/derived/e2/e1_qwen3-vl-30b-a3b-fp8_st_a_bestB.csv,5687,9648FE3A522AD508C583A37491435723
data/derived/e2/e1_qwen3-vl-30b-a3b-fp8_st_a_bestC.csv,6046,0AE8E9B45EC79A38758545162D6DBFF5
data/derived/e2/e1_qwen3-vl-30b-a3b-fp8_st_a_channel.csv,6641,76BD22D5562509B90B9FBEE5E19D8099
data/derived/e2/e1_qwen3-vl-30b-a3b-fp8_st_a_permit.csv,4911,D59062845A6DEAC0C3D04AA81BF21BA8
data/derived/e2/e1_qwen3-vl-30b-a3b-fp8_ucf_base.csv,10216,63EAD08EEAB2AB1B197D8C20DDDC6107
data/derived/e2/e1_qwen3-vl-30b-a3b-fp8_ucf_bestA.csv,41967,A6D5DB47556F380D3F99D532EC507CAF
data/derived/e2/e1_qwen3-vl-30b-a3b-fp8_ucf_bestB.csv,10494,A074E93054F8782D97E5C353C444375C
data/derived/e2/e1_qwen3-vl-30b-a3b-fp8_ucf_bestC.csv,11234,F4FE9CCE832399F5E676C2D4D6593988
data/derived/e2/e1_qwen3-vl-30b-a3b-fp8_ucf_channel.csv,12285,9F42FBB3D60B3B4C42160D4F5076DFEA
data/derived/e2/e1_qwen3-vl-30b-a3b-fp8_ucf_permit.csv,9151,66B2FFC52009B5A3E8309F498DF7D3B8
data/derived/e2/e1_qwen3-vl-30b-a3b-fp8_visdrone_base.csv,17268,C318E8902EDF05A91CFF61ECA71562B2
data/derived/e2/e1_qwen3-vl-30b-a3b-fp8_visdrone_bestA.csv,62441,0E6C0524D446DF819105013605649729
data/derived/e2/e1_qwen3-vl-30b-a3b-fp8_visdrone_bestB.csv,18104,C6F9049160298BBF270B9D7031B54AE0
data/derived/e2/e1_qwen3-vl-30b-a3b-fp8_visdrone_bestC.csv,18362,927C243B916D420F0D6A722F1F86B811
data/derived/e2/e1_qwen3-vl-30b-a3b-fp8_visdrone_channel.csv,21140,0326C0918DE99724A85278628A2F9C9F
data/derived/e2/e1_qwen3-vl-30b-a3b-fp8_visdrone_permit.csv,17945,7A8CA761B7BDE49923D533DB3898AA2C
data/derived/e2/e1_qwen3-vl-32b-awq8_aitod_base.csv,9278,368AEC51A6825D0EB44FF8A3A6731B24
data/derived/e2/e1_qwen3-vl-32b-awq8_aitod_bestA.csv,50683,6996059F233C7BED021ECA3CF5877B2B
data/derived/e2/e1_qwen3-vl-32b-awq8_aitod_bestB.csv,9374,549FFDAF22F009AD09958774D19E3CA1
data/derived/e2/e1_qwen3-vl-32b-awq8_aitod_bestC.csv,9415,E4CA935BE5AD64F4448AAB1A912F21A7
data/derived/e2/e1_qwen3-vl-32b-awq8_aitod_channel.csv,11656,36316B3A847689FE1B8FFACED864374C
data/derived/e2/e1_qwen3-vl-32b-awq8_aitod_permit.csv,10629,3ABD691F0725673C752F2E4B3C7D7C23
data/derived/e2/e1_qwen3-vl-32b-awq8_countbench_base.csv,295,9CD38521F24C060568061CC7987E4628
data/derived/e2/e1_qwen3-vl-32b-awq8_countbench_bestA.csv,1240,BF6F33CDB2EC052414CB201546C6C9E0
data/derived/e2/e1_qwen3-vl-32b-awq8_countbench_bestB.csv,295,B1BDDB830D5561D8AED231901C8FB41E
data/derived/e2/e1_qwen3-vl-32b-awq8_countbench_bestC.csv,295,D38FE31712F3FCA83280ECC448D2C3EE
data/derived/e2/e1_qwen3-vl-32b-awq8_countbench_channel.csv,379,075AE82056A955AB25E8BF30F758E3A5
data/derived/e2/e1_qwen3-vl-32b-awq8_countbench_permit.csv,331,E89C5275E0372995D6AE6B77B5814B6D
data/derived/e2/e1_qwen3-vl-32b-awq8_st_a_base.csv,4171,11513C77321CE072B1052863426FAE1F
data/derived/e2/e1_qwen3-vl-32b-awq8_st_a_bestA.csv,36389,2CDE36885F536BB9D4B819EC9B8E4DA0
data/derived/e2/e1_qwen3-vl-32b-awq8_st_a_bestB.csv,4595,0C9846DEAD77A7F9B98D7BB34B2677CD
data/derived/e2/e1_qwen3-vl-32b-awq8_st_a_bestC.csv,4605,BE8917CC6DE4C119E9484061314E3B06
data/derived/e2/e1_qwen3-vl-32b-awq8_st_a_channel.csv,5746,C3C397F3986CB085D7E6B34C465CA750
data/derived/e2/e1_qwen3-vl-32b-awq8_st_a_permit.csv,4927,335D0350978A0F1C203ECE69D4564AEE
data/derived/e2/e1_qwen3-vl-32b-awq8_ucf_base.csv,7577,3F8A627E19897B3EE4D72E8896615386
data/derived/e2/e1_qwen3-vl-32b-awq8_ucf_bestA.csv,67280,521D772214A750CF9442E5F34D8839FF
data/derived/e2/e1_qwen3-vl-32b-awq8_ucf_bestB.csv,8393,EBADBABACB2E374AF8D1161997834F1F
data/derived/e2/e1_qwen3-vl-32b-awq8_ucf_bestC.csv,8418,56C5467744F1BCEEC701EAF889E5A6E5
data/derived/e2/e1_qwen3-vl-32b-awq8_ucf_channel.csv,10347,96BF4DFF84CF41CE19259EA420A2B520
data/derived/e2/e1_qwen3-vl-32b-awq8_ucf_permit.csv,8905,FFACAAA0AF80724C56F83B5E7D5EB512
data/derived/e2/e1_qwen3-vl-32b-awq8_visdrone_base.csv,14630,D4DDDA4E4381BA756FC9EB91D59F2FA2
data/derived/e2/e1_qwen3-vl-32b-awq8_visdrone_bestA.csv,96535,9DE624565DC12FEA3C50A82F5D7162C4
data/derived/e2/e1_qwen3-vl-32b-awq8_visdrone_bestB.csv,14812,D44B88FD0EA12DD65C17A00C3EFDC0F3
data/derived/e2/e1_qwen3-vl-32b-awq8_visdrone_bestC.csv,14892,88A740B28EDAD4F55AA74A1F6458A644
data/derived/e2/e1_qwen3-vl-32b-awq8_visdrone_channel.csv,18942,F5C5F2E1B0F23FE8A3F149B9B438B5D8
data/derived/e2/e1_qwen3-vl-32b-awq8_visdrone_permit.csv,17063,8B5E1398E887B4E239BB19560FA86F92
data/derived/e2/e1_qwen3-vl-32b-awq_aitod_base.csv,9263,456FF6ECC67A19C1659CC2F8EF928EF5
data/derived/e2/e1_qwen3-vl-32b-awq_aitod_bestA.csv,51128,FBE8A19BE43BEFFCBDB8ECE683A2D1AA
data/derived/e2/e1_qwen3-vl-32b-awq_aitod_bestB.csv,9362,18DBB737BF2D74089E2984035CAC96E5
data/derived/e2/e1_qwen3-vl-32b-awq_aitod_bestC.csv,9458,4CBA0BF8FA48F41E7C479F24101C7AD3
data/derived/e2/e1_qwen3-vl-32b-awq_aitod_channel.csv,11745,CF200C14263405BD538D7BC1E677CB95
data/derived/e2/e1_qwen3-vl-32b-awq_aitod_enum.csv,9264,940B4D2CC039487D86B0FF3F87A862B9
data/derived/e2/e1_qwen3-vl-32b-awq_aitod_enumAbstain.csv,10433,013EB099825DAA33710F257B82B7A48A
data/derived/e2/e1_qwen3-vl-32b-awq_aitod_locate.csv,9258,CDF10CE3E84EDD5481DAD86BF71F447F
data/derived/e2/e1_qwen3-vl-32b-awq_aitod_permit.csv,10601,C44C7937CDC61C07E92D7AFD2AB0E583
data/derived/e2/e1_qwen3-vl-32b-awq_countbench_base.csv,295,8637B8006E98D43E7E0247770C79A7E9
data/derived/e2/e1_qwen3-vl-32b-awq_countbench_bestA.csv,1299,DFE2FA04A56A0DE83CF6E67C136B9FEB
data/derived/e2/e1_qwen3-vl-32b-awq_countbench_bestB.csv,295,31E18CC7AE3CEEA26A7CFB55A8F2F8A5
data/derived/e2/e1_qwen3-vl-32b-awq_countbench_bestC.csv,301,745A7875AA2350B651DF0C85C7070276
data/derived/e2/e1_qwen3-vl-32b-awq_countbench_channel.csv,375,706632F4AF27616665F742060B4C5B85
data/derived/e2/e1_qwen3-vl-32b-awq_countbench_enum.csv,290,618D34AA022D74015D6D402611C37CB9
data/derived/e2/e1_qwen3-vl-32b-awq_countbench_enumAbstain.csv,294,8DB5BE205F2E21E69E57A27C74EC8E2C
data/derived/e2/e1_qwen3-vl-32b-awq_countbench_locate.csv,295,4E6A30882DED8CCBF2943CCEB958CB3C
data/derived/e2/e1_qwen3-vl-32b-awq_countbench_permit.csv,331,D8BA2A66A1727905B07800C42F4E1307
data/derived/e2/e1_qwen3-vl-32b-awq_st_a_base.csv,16824,802232F5DDFDE03BE111E3F582F56819
data/derived/e2/e1_qwen3-vl-32b-awq_st_a_bestA.csv,36176,4209996CC48F58249058DB161EC5E7BF
data/derived/e2/e1_qwen3-vl-32b-awq_st_a_bestB.csv,4595,CE7F67446A24AE6DBCCC8CB3F4D7F0FE
data/derived/e2/e1_qwen3-vl-32b-awq_st_a_bestC.csv,4601,0C512321027F7203454D3DAF3A932613
data/derived/e2/e1_qwen3-vl-32b-awq_st_a_channel.csv,23820,50C68E54E7B93FAFBD616F2B76D48B6A
data/derived/e2/e1_qwen3-vl-32b-awq_st_a_channelB.csv,5741,6B9388CDDF3649B5FA7D44075737CBFA
data/derived/e2/e1_qwen3-vl-32b-awq_st_a_enum.csv,4219,0F175E112F0DEDE9E40C38563759A73C
data/derived/e2/e1_qwen3-vl-32b-awq_st_a_enumAbstain.csv,4907,3E38F27721F278A99C126486ACCADB29
data/derived/e2/e1_qwen3-vl-32b-awq_st_a_locate.csv,4023,81310A282278613747C38CE441C56D92
data/derived/e2/e1_qwen3-vl-32b-awq_st_a_permit.csv,20485,65C5FE174B8FBCFC2001869315431953
data/derived/e2/e1_qwen3-vl-32b-awq_st_a_permitB.csv,4914,B5FB8E325EEC739B40728BBBD2D5DF25
data/derived/e2/e1_qwen3-vl-32b-awq_st_a_permitC.csv,4916,E9871F8316E46D84E27C32A98D15FE7F
data/derived/e2/e1_qwen3-vl-32b-awq_ucf_base.csv,30906,D5E093658055946A916EE925199CF7C0
data/derived/e2/e1_qwen3-vl-32b-awq_ucf_bestA.csv,65885,0A55D7ECD5AC47EA50B8EE3AD629486C
data/derived/e2/e1_qwen3-vl-32b-awq_ucf_bestB.csv,8403,1CE55549E520C936C9A6F4BB2B4DB84B
data/derived/e2/e1_qwen3-vl-32b-awq_ucf_bestC.csv,8416,92E80A8CE7AA61D4B8888C8D56B15D68
data/derived/e2/e1_qwen3-vl-32b-awq_ucf_channel.csv,42894,9A57F764A5F693D0120B017DF665A8D1
data/derived/e2/e1_qwen3-vl-32b-awq_ucf_channelB.csv,10349,47064DAA582C94DF70AF343348E07266
data/derived/e2/e1_qwen3-vl-32b-awq_ucf_enum.csv,7787,1D790CD4969FD3AC81C063C7891ED378
data/derived/e2/e1_qwen3-vl-32b-awq_ucf_enumAbstain.csv,8909,6E1B21919C1344834BBD676FE372AF0B
data/derived/e2/e1_qwen3-vl-32b-awq_ucf_locate.csv,7429,EB17227EBCE1A4873F418938D2372DD5
data/derived/e2/e1_qwen3-vl-32b-awq_ucf_permit.csv,37117,B89895A5448C209A776CD586A710EB5D
data/derived/e2/e1_qwen3-vl-32b-awq_ucf_permitB.csv,8911,10D6A999A217DCE097811A1123B3C18C
data/derived/e2/e1_qwen3-vl-32b-awq_ucf_permitC.csv,8904,16FA2D44A7E27CA8780163453DB5C0FD
data/derived/e2/e1_qwen3-vl-32b-awq_visdrone_base.csv,14583,4DC6C4FDA74C1389322D42FD89C813C3
data/derived/e2/e1_qwen3-vl-32b-awq_visdrone_bestA.csv,94549,E0B7A524E4D14EEDC77379E8C7DDB5B8
data/derived/e2/e1_qwen3-vl-32b-awq_visdrone_bestB.csv,14801,6F1264FB4610274F0BF59B2B48FAF236
data/derived/e2/e1_qwen3-vl-32b-awq_visdrone_bestC.csv,14904,744CD5126013C081D1604BFA226F8C61
data/derived/e2/e1_qwen3-vl-32b-awq_visdrone_channel.csv,19092,1173474B19D45C88D9E4D0C2F106C02A
data/derived/e2/e1_qwen3-vl-32b-awq_visdrone_enum.csv,14611,A33C61B3A5B9A97A18CF7E9769794827
data/derived/e2/e1_qwen3-vl-32b-awq_visdrone_enumAbstain.csv,17022,289D3446BC9AEACA402971218B983D47
data/derived/e2/e1_qwen3-vl-32b-awq_visdrone_locate.csv,14611,3369B160DD72C85901DDFCF4CA86A09E
data/derived/e2/e1_qwen3-vl-32b-awq_visdrone_permit.csv,17046,5B424298919DCC9C94CC379B002BA6DB
data/derived/e2/e1_qwen3-vl-32b-bf16_aitod_base.csv,9264,2FA452DABB77FFE508BD85BAC53F0BC9
data/derived/e2/e1_qwen3-vl-32b-bf16_aitod_bestA.csv,50759,D8B67F2AB7428B8E0D44B91DA9286B2B
data/derived/e2/e1_qwen3-vl-32b-bf16_aitod_bestB.csv,9371,AE46D28DBC6864A1A10073032EA4814B
data/derived/e2/e1_qwen3-vl-32b-bf16_aitod_bestC.csv,9417,D26DDE80F3CA18647A965C2DB2FE3EB0
data/derived/e2/e1_qwen3-vl-32b-bf16_aitod_channel.csv,11691,FA62C71E33594C44DDCFF9BD6537B949
data/derived/e2/e1_qwen3-vl-32b-bf16_aitod_enum.csv,9272,4BDD3318A680E5A25DB3077E71325C9D
data/derived/e2/e1_qwen3-vl-32b-bf16_aitod_enumAbstain.csv,10420,D3893C1E07AEEEEB780713BC22920828
data/derived/e2/e1_qwen3-vl-32b-bf16_aitod_locate.csv,9266,C3F5AD82A738493E813DEFE588EB3172
data/derived/e2/e1_qwen3-vl-32b-bf16_aitod_permit.csv,10635,282FFF2D230CA4913440288452647D7F
data/derived/e2/e1_qwen3-vl-32b-bf16_countbench_base.csv,295,E9570D64379B6F3986C175DE0C105829
data/derived/e2/e1_qwen3-vl-32b-bf16_countbench_bestA.csv,1276,87788411A676EBAD4AD5EDC7BC1AE513
data/derived/e2/e1_qwen3-vl-32b-bf16_countbench_bestB.csv,295,10C3E21C5BE16FA9A1CEDC691F6408E7
data/derived/e2/e1_qwen3-vl-32b-bf16_countbench_bestC.csv,293,4EEAC32CEB652920D9729306FB6A01BA
data/derived/e2/e1_qwen3-vl-32b-bf16_countbench_channel.csv,379,046AD07271DD06DAD1901744A7EC822B
data/derived/e2/e1_qwen3-vl-32b-bf16_countbench_enum.csv,295,0B9F5D2354B2476C984D69EB7429A6F5
data/derived/e2/e1_qwen3-vl-32b-bf16_countbench_enumAbstain.csv,295,34DEB6529E32E9C4D42D72887F2742A6
data/derived/e2/e1_qwen3-vl-32b-bf16_countbench_locate.csv,295,9F536AD853B1AA18D78CA049733CBFE1
data/derived/e2/e1_qwen3-vl-32b-bf16_countbench_permit.csv,331,CEFCD36A0A463C68B5866AEBD509C18D
data/derived/e2/e1_qwen3-vl-32b-bf16_st_a_base.csv,17589,FAB99C9B8E16AA8576633B031BBCFE58
data/derived/e2/e1_qwen3-vl-32b-bf16_st_a_bestA.csv,36412,B9C0F6D87EEF1EC4E312CC853C51F7CB
data/derived/e2/e1_qwen3-vl-32b-bf16_st_a_bestB.csv,4589,3FDF6692088194C7950E2822A3F83CCD
data/derived/e2/e1_qwen3-vl-32b-bf16_st_a_bestC.csv,4605,DE36F6FA867A17340B5096BB97B952C2
data/derived/e2/e1_qwen3-vl-32b-bf16_st_a_channel.csv,23793,CE99A0D2BEEC95E4B06D26B53F6DC549
data/derived/e2/e1_qwen3-vl-32b-bf16_st_a_channelB.csv,5755,563BBD0D682E6DE9BF07D834D961F7DB
data/derived/e2/e1_qwen3-vl-32b-bf16_st_a_enum.csv,3982,B08A35E9DC4A779A071B58293A42EA3C
data/derived/e2/e1_qwen3-vl-32b-bf16_st_a_enumAbstain.csv,4927,7C07CB7DE6FA9BE97F758A8104668C3F
data/derived/e2/e1_qwen3-vl-32b-bf16_st_a_locate.csv,4094,83647352E80456E03DFEAA1269F85E10
data/derived/e2/e1_qwen3-vl-32b-bf16_st_a_permit.csv,20517,301A6B4F31B18442526855283C65A05E
data/derived/e2/e1_qwen3-vl-32b-bf16_st_a_permitB.csv,4918,6C18656AA098CB7AF7C1EEF9C3C56913
data/derived/e2/e1_qwen3-vl-32b-bf16_st_a_permitC.csv,4920,1977D1531A67A7D3C307AABC608D02C6
data/derived/e2/e1_qwen3-vl-32b-bf16_ucf_base.csv,7592,676D0347AFCD3DE86DD9E982AFF1E134
data/derived/e2/e1_qwen3-vl-32b-bf16_ucf_bestA.csv,67592,570C3B5FAB4F41EAC76EC5EFA9B48A69
data/derived/e2/e1_qwen3-vl-32b-bf16_ucf_bestB.csv,8396,886B3E62B719E3AAA197DCE26B175B2F
data/derived/e2/e1_qwen3-vl-32b-bf16_ucf_bestC.csv,8416,89388BF5118DEB73CB2E64596D585DA1
data/derived/e2/e1_qwen3-vl-32b-bf16_ucf_channel.csv,10343,470D9F216DCBE79D06247F22B7BE73D9
data/derived/e2/e1_qwen3-vl-32b-bf16_ucf_channelB.csv,10345,CFC21FE6223A2BAC006CC69F3CF074B2
data/derived/e2/e1_qwen3-vl-32b-bf16_ucf_enum.csv,7284,C0A81BBC413F888636FDD0889CEA249E
data/derived/e2/e1_qwen3-vl-32b-bf16_ucf_enumAbstain.csv,8900,B1B252AB1461C24AD0C0EE8241A6486B
data/derived/e2/e1_qwen3-vl-32b-bf16_ucf_locate.csv,7608,250E166FA3C78233F545AF4099096FBB
data/derived/e2/e1_qwen3-vl-32b-bf16_ucf_permit.csv,8902,CE7FC83309C01B60C4D6B974D9992F4C
data/derived/e2/e1_qwen3-vl-32b-bf16_ucf_permitB.csv,8897,E0BEFE390BEE634D0D6A803AAB111687
data/derived/e2/e1_qwen3-vl-32b-bf16_ucf_permitC.csv,8907,25779D27DD29C72F8567BF86EADFA738
data/derived/e2/e1_qwen3-vl-32b-bf16_visdrone_base.csv,14612,94B9055DC08EFFFAB5CA5401FC703FCD
data/derived/e2/e1_qwen3-vl-32b-bf16_visdrone_bestA.csv,96571,E49C799C27318B60CB3A0339BAFD4059
data/derived/e2/e1_qwen3-vl-32b-bf16_visdrone_bestB.csv,14808,C42B448A53E68D631CC0DD34382C6FF1
data/derived/e2/e1_qwen3-vl-32b-bf16_visdrone_bestC.csv,14917,8791E8070BF80C818E9EF86FDC0302F6
data/derived/e2/e1_qwen3-vl-32b-bf16_visdrone_channel.csv,18919,718849111F5F160B6CA6741D41CB86FC
data/derived/e2/e1_qwen3-vl-32b-bf16_visdrone_enum.csv,14609,AEDA6B1ABD2AC2397C02CCCB1D6C4B36
data/derived/e2/e1_qwen3-vl-32b-bf16_visdrone_enumAbstain.csv,16992,7A678165EEDCA77D260D52E0FA10E9BD
data/derived/e2/e1_qwen3-vl-32b-bf16_visdrone_locate.csv,14595,4327060ABC01803E0322E86AA8EF4254
data/derived/e2/e1_qwen3-vl-32b-bf16_visdrone_permit.csv,17048,08D8AB5DB21697F84A3219D6CA96E9BE
data/derived/e2/e1_qwen3-vl-32b-fp8_aitod_base.csv,9026,D1FAF5920281C60BD7E25D8EDC68531A
data/derived/e2/e1_qwen3-vl-32b-fp8_aitod_bestA.csv,47919,5F50395FFF171B645C74F7CD9F42BFAD
data/derived/e2/e1_qwen3-vl-32b-fp8_aitod_bestB.csv,9101,036E4EF4256116CA038EC7B5837645A5
data/derived/e2/e1_qwen3-vl-32b-fp8_aitod_bestC.csv,9141,6BEF36E39F5B7BC1EACB42C62B23773F
data/derived/e2/e1_qwen3-vl-32b-fp8_aitod_channel.csv,11375,9DD19D1E6B2E6F38EA51A4B79D7BA4C0
data/derived/e2/e1_qwen3-vl-32b-fp8_aitod_permit.csv,10359,7D49D50286C9AE5DEBF6B8ACEB2867C3
data/derived/e2/e1_qwen3-vl-32b-fp8_st_a_base.csv,4113,B7636C5B99039231A859B60EFCAE87C7
data/derived/e2/e1_qwen3-vl-32b-fp8_st_a_bestA.csv,36364,3B8B88C9806D06CE0F11834EE7776870
data/derived/e2/e1_qwen3-vl-32b-fp8_st_a_bestB.csv,4600,63A1D5AE7A0891BF2D7D7E74FEBBD580
data/derived/e2/e1_qwen3-vl-32b-fp8_st_a_bestC.csv,4610,66D20EA09C35FE159F9699C128A1F903
data/derived/e2/e1_qwen3-vl-32b-fp8_st_a_channel.csv,5742,2C0DE6D8521EC5533AA23898958D2913
data/derived/e2/e1_qwen3-vl-32b-fp8_st_a_channelB.csv,5744,9173901CC0167B7CE70FE962EB93F613
data/derived/e2/e1_qwen3-vl-32b-fp8_st_a_permit.csv,4903,662D81D4875CE60F61C49F8143CB9B54
data/derived/e2/e1_qwen3-vl-32b-fp8_st_a_permitB.csv,4917,415224B7F79EAFAEB73838F476973FB7
data/derived/e2/e1_qwen3-vl-32b-fp8_st_a_permitC.csv,4921,459244DD124CD284D9CE8E95D9C0EE28
data/derived/e2/e1_qwen3-vl-32b-fp8_ucf_base.csv,7497,75F4E4CB57401363E1E8D0077DCC3C4D
data/derived/e2/e1_qwen3-vl-32b-fp8_ucf_bestA.csv,66028,9C0C8F0A2C84243CB22B69B8790150D9
data/derived/e2/e1_qwen3-vl-32b-fp8_ucf_bestB.csv,8386,6CAD0829809EF242B6750A98779672A1
data/derived/e2/e1_qwen3-vl-32b-fp8_ucf_bestC.csv,8409,C161404C768D5FA16BCC7C3AEE8DADBE
data/derived/e2/e1_qwen3-vl-32b-fp8_ucf_channel.csv,10348,E53BB62473CD9D14076C7149E874515A
data/derived/e2/e1_qwen3-vl-32b-fp8_ucf_channelB.csv,10341,F881C56D0568BC8A2875BC75FD4ECB0C
data/derived/e2/e1_qwen3-vl-32b-fp8_ucf_permit.csv,8907,F256299A75F713A192384CBFAB17D0E4
data/derived/e2/e1_qwen3-vl-32b-fp8_ucf_permitB.csv,8901,7CB231BC5C8C1D27C71A05A1F25D631B
data/derived/e2/e1_qwen3-vl-32b-fp8_ucf_permitC.csv,8909,80E581A6565D26318A2C052929DA8FFB
data/derived/e2/e1_qwen3-vl-32b-fp8_visdrone_base.csv,7965,CA35CCEB3A716816E986E920E608CA92
data/derived/e2/e1_qwen3-vl-32b-fp8_visdrone_bestA.csv,48652,226C7DDBD1F73FD6FF55A62394FEDF7F
data/derived/e2/e1_qwen3-vl-32b-fp8_visdrone_bestB.csv,8000,CFE0A3A60E027915B185F1F449F8EFF5
data/derived/e2/e1_qwen3-vl-32b-fp8_visdrone_bestC.csv,8034,742ECE4CBF733EFF62ECCE065BA2C92E
data/derived/e2/e1_qwen3-vl-32b-fp8_visdrone_channel.csv,10281,234D00FCDDBD37CE936267E41F3B0685
data/derived/e2/e1_qwen3-vl-32b-fp8_visdrone_permit.csv,9312,2FE28A0B158A504DF7E6CE7EE1264532
data/derived/e2/e1_qwen3-vl-32b-gptq_aitod_base.csv,9037,6DAD43FD70815E4A74163CB1583607C7
data/derived/e2/e1_qwen3-vl-32b-gptq_aitod_bestA.csv,45985,DA4A7132D126AD767DAA7F8E3EB1B514
data/derived/e2/e1_qwen3-vl-32b-gptq_aitod_bestB.csv,9096,0D925F3C91084FB07B97F3F708EBA4B4
data/derived/e2/e1_qwen3-vl-32b-gptq_aitod_bestC.csv,9190,9C1DA32EE985E314EC8FEB4E2AC54880
data/derived/e2/e1_qwen3-vl-32b-gptq_aitod_channel.csv,11383,EC3C5BD59F8C07FB263876B986BA6D25
data/derived/e2/e1_qwen3-vl-32b-gptq_aitod_permit.csv,10336,B0ACD7153F5EB05BC20228FA335042FF
data/derived/e2/e1_qwen3-vl-32b-gptq_st_a_base.csv,4556,F881E0945377CEAEF74562CEAC54136F
data/derived/e2/e1_qwen3-vl-32b-gptq_st_a_bestA.csv,33778,0E150951FEB1C30ACC316613D3108981
data/derived/e2/e1_qwen3-vl-32b-gptq_st_a_bestB.csv,4589,9642FD8331040E3531339E19757B2EC9
data/derived/e2/e1_qwen3-vl-32b-gptq_st_a_bestC.csv,4625,3BC1CC605C1C3F043E7F84B8445D736D
data/derived/e2/e1_qwen3-vl-32b-gptq_st_a_channel.csv,5738,BC3DF2C9C25114658C380FDB020FEAF0
data/derived/e2/e1_qwen3-vl-32b-gptq_st_a_permit.csv,4928,A0F84E6FA3AE37C6B9AAF9E996A66E91
data/derived/e2/e1_qwen3-vl-32b-gptq_ucf_base.csv,8314,C8900BE5FDBB619B4F6F1CC84122F739
data/derived/e2/e1_qwen3-vl-32b-gptq_ucf_bestA.csv,63181,CC0D95A50AB643D8F8947B6943C0C35F
data/derived/e2/e1_qwen3-vl-32b-gptq_ucf_bestB.csv,8404,0D06474E1D1AEE63A32D459CAF26BEFF
data/derived/e2/e1_qwen3-vl-32b-gptq_ucf_bestC.csv,8443,A3ED27F968F74A3AAD186B52729C929B
data/derived/e2/e1_qwen3-vl-32b-gptq_ucf_channel.csv,10342,3985D9B99B3AFD5EC71635BDB45161A9
data/derived/e2/e1_qwen3-vl-32b-gptq_ucf_permit.csv,8904,665A1CB5579C09B2A54D5789876F11B0
data/derived/e2/e1_qwen3-vl-32b-gptq_visdrone_base.csv,7981,FC34B289C74D024CCB96153C0DFA08E8
data/derived/e2/e1_qwen3-vl-32b-gptq_visdrone_bestA.csv,47214,0AE5C0DEC627F97E3DDE6E24B511D3CC
data/derived/e2/e1_qwen3-vl-32b-gptq_visdrone_bestB.csv,7996,DB6681991D046CBF28EAD90914AAE73F
data/derived/e2/e1_qwen3-vl-32b-gptq_visdrone_bestC.csv,8031,AA7E7EC6F988D5B004B6D570FE7B0D98
data/derived/e2/e1_qwen3-vl-32b-gptq_visdrone_channel.csv,10275,03D7335D0CEC2ECFD36BAFEB4F8AE902
data/derived/e2/e1_qwen3-vl-32b-gptq_visdrone_permit.csv,9327,8E47F95FF9FC3313F8630114654F9DE6
data/derived/e2/e1_qwen3-vl-4b_aitod_base.csv,9256,7E4FE7711AC5A0AE9DAE1AF30B41AEB9
data/derived/e2/e1_qwen3-vl-4b_aitod_bestA.csv,34172,28CA6D0F8FFF136644673168198B759F
data/derived/e2/e1_qwen3-vl-4b_aitod_bestB.csv,9345,F9782EAFFF2DC18807D63CACE6775A98
data/derived/e2/e1_qwen3-vl-4b_aitod_bestC.csv,9616,44613E7E1A46B79E017347E7019AA720
data/derived/e2/e1_qwen3-vl-4b_aitod_channel.csv,11888,67AB593D64C80140FEBB952E2EA0AA29
data/derived/e2/e1_qwen3-vl-4b_aitod_permit.csv,10594,885A478601EF8DC6C08E25357A23CEE2
data/derived/e2/e1_qwen3-vl-4b_countbench_base.csv,294,95B1BAA0CA88C5EDD7C4F5F627D30CD2
data/derived/e2/e1_qwen3-vl-4b_countbench_bestA.csv,769,F5045F00C01143FDFD321C72C7004C82
data/derived/e2/e1_qwen3-vl-4b_countbench_bestB.csv,295,0EA162E0057179B641113CEDF294A5E4
data/derived/e2/e1_qwen3-vl-4b_countbench_bestC.csv,303,539A7C1EA641774588D0315BACD010E0
data/derived/e2/e1_qwen3-vl-4b_countbench_channel.csv,379,FD8763AEE2D2D2D55D09C86A0FBD79CD
data/derived/e2/e1_qwen3-vl-4b_countbench_permit.csv,340,078234DA99AB83E62B5ADBAF3E63691B
data/derived/e2/e1_qwen3-vl-4b_st_a_base.csv,4335,E5E128F5F174EC2AB9AEBB176A3571D1
data/derived/e2/e1_qwen3-vl-4b_st_a_bestA.csv,23405,DF6B69C4AF7001B4695EA55DCB8E65D9
data/derived/e2/e1_qwen3-vl-4b_st_a_bestB.csv,4575,178D69F0AE33ED4AFC66A112F3C47C8C
data/derived/e2/e1_qwen3-vl-4b_st_a_bestC.csv,5027,CF95A7614005DA16D57C4A55B9BFA766
data/derived/e2/e1_qwen3-vl-4b_st_a_channel.csv,6025,9BF72C9E12ACDBEC479B3E08560EC7EF
data/derived/e2/e1_qwen3-vl-4b_st_a_permit.csv,4932,1F5CBF6EE40888E9BFFD5DEA861ADA56
data/derived/e2/e1_qwen3-vl-4b_ucf_base.csv,8052,92F29DE77FFDF8B995E2D907B6C16630
data/derived/e2/e1_qwen3-vl-4b_ucf_bestA.csv,40115,5F06E2214406728D8ACBB6E325D0A483
data/derived/e2/e1_qwen3-vl-4b_ucf_bestB.csv,8326,A33275A4B99E4A1B20FCBD8C4A211C1D
data/derived/e2/e1_qwen3-vl-4b_ucf_bestC.csv,9114,A0B1CB52E985010DCD9047C56C6921EE
data/derived/e2/e1_qwen3-vl-4b_ucf_channel.csv,10811,DE03BF6D6B842B3AF6EB5E5C5BFD6F10
data/derived/e2/e1_qwen3-vl-4b_ucf_permit.csv,8904,3994C91669C8F8B3A2D9F99CBC539B71
data/derived/e2/e1_qwen3-vl-4b_visdrone_base.csv,14627,BDA6825D3DD542CDD1E752AB3224F13E
data/derived/e2/e1_qwen3-vl-4b_visdrone_bestA.csv,62294,ACCE5DD18772D0446D4065A1917D3500
data/derived/e2/e1_qwen3-vl-4b_visdrone_bestB.csv,14737,1FB62C789800439F40AC63978B52E4D1
data/derived/e2/e1_qwen3-vl-4b_visdrone_bestC.csv,15326,AC104C942A89CBB4058FC51BE80E61A9
data/derived/e2/e1_qwen3-vl-4b_visdrone_channel.csv,19064,96B092F9BA50C4DC86E08367F4D18C0E
data/derived/e2/e1_qwen3-vl-4b_visdrone_permit.csv,17073,E78F09E9085DE9384CAA7B38A8E7A403
data/derived/e2/e1_qwen3-vl-8b-awq_aitod_base.csv,9233,B02E2C50F369812566D9DCB8C899026C
data/derived/e2/e1_qwen3-vl-8b-awq_aitod_bestA.csv,25636,61ED19940CB9A9511AD726393C5DACF5
data/derived/e2/e1_qwen3-vl-8b-awq_aitod_bestB.csv,9114,D0D4E638B25D67FB26473FD735C80F1F
data/derived/e2/e1_qwen3-vl-8b-awq_aitod_bestC.csv,9244,F539C049E68BEF6D4580EC08BB5CAA42
data/derived/e2/e1_qwen3-vl-8b-awq_aitod_channel.csv,11433,ABCFCC963A7C11790C75863FDFDA45AF
data/derived/e2/e1_qwen3-vl-8b-awq_aitod_permit.csv,10358,321999280A705765D8FC5E4C02E442EC
data/derived/e2/e1_qwen3-vl-8b-awq_st_a_base.csv,18082,1C46E8A4F7CFBE5460B5B20A7C88E4CB
data/derived/e2/e1_qwen3-vl-8b-awq_st_a_bestA.csv,15762,15016CCA2D4155FC4BCA8A247F494BCD
data/derived/e2/e1_qwen3-vl-8b-awq_st_a_bestB.csv,4543,521E9538D443BF77C6F20A90F516E266
data/derived/e2/e1_qwen3-vl-8b-awq_st_a_bestC.csv,4598,7FF4C9C43F8084BC02D62E5CE569F62C
data/derived/e2/e1_qwen3-vl-8b-awq_st_a_channel.csv,23805,A7D12790B2C06B9DF6EBCBBF1C5D9140
data/derived/e2/e1_qwen3-vl-8b-awq_st_a_channelB.csv,5752,7357B3C3B9492C77945E2EFB540710F9
data/derived/e2/e1_qwen3-vl-8b-awq_st_a_permit.csv,20531,30A65055F3CD331CBAD5C1853C3DFF5E
data/derived/e2/e1_qwen3-vl-8b-awq_st_a_permitB.csv,4929,39F6DFA27D9BFF44C9DAC54356E8C96F
data/derived/e2/e1_qwen3-vl-8b-awq_st_a_permitC.csv,4921,E598B83FB06361B0C20CB1AA71EBCB3B
data/derived/e2/e1_qwen3-vl-8b-awq_ucf_base.csv,7890,067B5EA976DB95F53E97760AC984856F
data/derived/e2/e1_qwen3-vl-8b-awq_ucf_bestA.csv,25957,05F43428970762A8135974822D14FD1F
data/derived/e2/e1_qwen3-vl-8b-awq_ucf_bestB.csv,8332,5BC6CF5EA98502613B9B32B738B50013
data/derived/e2/e1_qwen3-vl-8b-awq_ucf_bestC.csv,8446,7E17FB3CD9AD2634929594F4E5F7EC3D
data/derived/e2/e1_qwen3-vl-8b-awq_ucf_channel.csv,10342,12C4D6FC4FC6A0639901930674C45DE3
data/derived/e2/e1_qwen3-vl-8b-awq_ucf_channelB.csv,10348,08963CF14E80D359CDB622A01D7B16BF
data/derived/e2/e1_qwen3-vl-8b-awq_ucf_permit.csv,8903,C98636AF4CFF2ED3057B63A9E758E551
data/derived/e2/e1_qwen3-vl-8b-awq_ucf_permitB.csv,8911,1AF3F916D7D93D045DF7DAC57C0E078F
data/derived/e2/e1_qwen3-vl-8b-awq_ucf_permitC.csv,8909,17BF4A11F83AB171F356FDFE16FC96AB
data/derived/e2/e1_qwen3-vl-8b-awq_visdrone_base.csv,8087,DFF1F711A7EE3FA527B82D5DD0C95BB1
data/derived/e2/e1_qwen3-vl-8b-awq_visdrone_bestA.csv,25624,5CF21FC20DF94524E0323B96A794705A
data/derived/e2/e1_qwen3-vl-8b-awq_visdrone_bestB.csv,7996,9F2C71EB7378E35953D2D2CF1E9552EF
data/derived/e2/e1_qwen3-vl-8b-awq_visdrone_bestC.csv,8088,F793FB33287EC9C4F62423C06A3DFB02
data/derived/e2/e1_qwen3-vl-8b-awq_visdrone_channel.csv,10366,29134FEB7E23D99DB86569F73F71584A
data/derived/e2/e1_qwen3-vl-8b-awq_visdrone_permit.csv,9330,8FEA1703CECDA27D0BA5F8C6524FDB11
data/derived/e2/e1_qwen3-vl-8b-bf16_st_a_base.csv,4233,AFBD5948342EB6A2F0E9F578467C24BA
data/derived/e2/e1_qwen3-vl-8b-bf16_st_a_bestA.csv,18646,85EB4243C1ADE3801F0707F185202A5F
data/derived/e2/e1_qwen3-vl-8b-bf16_st_a_bestB.csv,4564,7BE456845AFADF382FF6B9A334C26F9C
data/derived/e2/e1_qwen3-vl-8b-bf16_st_a_bestC.csv,4609,84E268B369E8124BDEE13DC7C7AFF7FA
data/derived/e2/e1_qwen3-vl-8b-bf16_st_a_channel.csv,5754,BFC912BB53A5FD1142B8537C20C4DF63
data/derived/e2/e1_qwen3-vl-8b-bf16_st_a_permit.csv,4930,0000AAFCA885405ECBBF6F13BC25212B
data/derived/e2/e1_qwen3-vl-8b-bf16_ucf_base.csv,7753,4533725A1F76E7C2A0003D95BB32655F
data/derived/e2/e1_qwen3-vl-8b-bf16_ucf_bestA.csv,31313,565A5EAE51BE424F3A6DB9E5ECAFD10B
data/derived/e2/e1_qwen3-vl-8b-bf16_ucf_bestB.csv,8351,95B7D83D3962718C0941AD8A8041D3DB
data/derived/e2/e1_qwen3-vl-8b-bf16_ucf_bestC.csv,8482,F61E72214AA84805096A13705BC343B2
data/derived/e2/e1_qwen3-vl-8b-bf16_ucf_channel.csv,10340,3D89A5ED2EA7A4E72D7A473E8B06A3C8
data/derived/e2/e1_qwen3-vl-8b-bf16_ucf_permit.csv,8911,8BC2BAA0C24EAC9C4B490935A2E195B1
data/derived/e2/nz__e1_internvl25-8b-awq_aitod_base.csv,5313,8B0A438115769FEEE802BCE7AB3DD0B2
data/derived/e2/nz__e1_internvl25-8b-awq_aitod_channel.csv,6428,EB5F7B72141EB0F10FCF35D07A5EB164
data/derived/e2/nz__e1_internvl25-8b-awq_aitod_permit.csv,4963,7A01C85B1D7D120D9DF51BFB025062D8
data/derived/e2/nz__e1_internvl25-8b-awq_st_a_base.csv,3937,3C993333DD08B3F8F4601C1C574A01AE
data/derived/e2/nz__e1_internvl25-8b-awq_st_a_channel.csv,4620,DFC13BC62F0FF7691A922D7113B246F7
data/derived/e2/nz__e1_internvl25-8b-awq_st_a_permit.csv,3774,FD5F968A8AE7224E1B706BEDFC0B6E3E
data/derived/e2/nz__e1_internvl25-8b-awq_st_b_base.csv,16548,A471DAA08485E1751B241E45B843E38A
data/derived/e2/nz__e1_internvl25-8b-awq_st_b_channel.csv,20987,6F8FF0E4D117610D36242388E5D48D6A
data/derived/e2/nz__e1_internvl25-8b-awq_st_b_permit.csv,14920,C5090FE64E909058AB4BC420A8E68F86
data/derived/e2/nz__e1_internvl25-8b-awq_ucf_base.csv,8394,659A177F66A4C371F337967EC845ECF5
data/derived/e2/nz__e1_internvl25-8b-awq_ucf_channel.csv,9744,12CB30CBD50868F796CB2EFD6818AA57
data/derived/e2/nz__e1_internvl25-8b-awq_ucf_permit.csv,7567,6267BA697BAB7563E668787DA8919624
data/derived/e2/nz__e1_internvl25-8b-awq_visdrone_base.csv,8498,0E6007CDCA88BEC0F9D0B074DB0C0C03
data/derived/e2/nz__e1_internvl25-8b-awq_visdrone_channel.csv,10475,C414BC14F7B0EF3A400CBF79DDA7D57D
data/derived/e2/nz__e1_internvl25-8b-awq_visdrone_permit.csv,7923,04C1EBF48548C5A50DD3E62598E449B5
data/derived/e2/nz__e1_internvl35-38b-fp8_st_a_base.csv,4375,6D9D9F224C03173AAB3513FC007C02CA
data/derived/e2/nz__e1_internvl35-38b-fp8_st_a_channel.csv,5244,B5A543A88ACBF889EDAAC6EBB40BB4B8
data/derived/e2/nz__e1_internvl35-38b-fp8_st_a_permit.csv,4319,1383778BE17F1BA4AC88D48D6FB44FC4
data/derived/e2/nz__e1_internvl35-38b-fp8_ucf_base.csv,8735,FA222FEABE41403A04CCC6E4E3AC8E44
data/derived/e2/nz__e1_internvl35-38b-fp8_ucf_channel.csv,10596,FC3CBB76DF1EAD08779C6408C8612BD2
data/derived/e2/nz__e1_internvl35-38b-fp8_ucf_permit.csv,8758,A6A951908F89395619E8A42AC962009C
data/derived/e2/nz__e1_qwen25vl-72b-awq_aitod_base.csv,5517,4AA94AF58A17787248BA2BA9FF3DA8B7
data/derived/e2/nz__e1_qwen25vl-72b-awq_aitod_channel.csv,5199,102F0055ED5B7FDADA76B176C7888448
data/derived/e2/nz__e1_qwen25vl-72b-awq_aitod_permit.csv,5402,493061823097B1238ABF072862CC5909
data/derived/e2/nz__e1_qwen25vl-72b-awq_st_a_base.csv,4486,ABCD03A1AFEF00C67BA40B5A27026C66
data/derived/e2/nz__e1_qwen25vl-72b-awq_st_a_channel.csv,4402,0E279AB85B45EFB434F8949ADBF235AD
data/derived/e2/nz__e1_qwen25vl-72b-awq_st_a_permit.csv,3774,9113F577C3278A15BF81996E4692FC55
data/derived/e2/nz__e1_qwen25vl-72b-awq_ucf_base.csv,8892,A70FDA5C7E88EACFCD65CF778C4AF600
data/derived/e2/nz__e1_qwen25vl-72b-awq_ucf_channel.csv,8945,E08FD349D57251A5AFF7D17509FD7466
data/derived/e2/nz__e1_qwen25vl-72b-awq_ucf_permit.csv,7718,BA26B99377D33BF80B609634C7F8706D
data/derived/e2/nz__e1_qwen25vl-72b-awq_visdrone_base.csv,8764,E9020D00068DEBC7E784BD973ECE4E80
data/derived/e2/nz__e1_qwen25vl-72b-awq_visdrone_channel.csv,9052,7600E93AA3E7A2D7C59EA206AAA10B0A
data/derived/e2/nz__e1_qwen25vl-72b-awq_visdrone_permit.csv,8749,D98B93E068301FDBB22E33C697F47122
data/derived/e2/nz__e1_qwen25vl-7b-awq_st_a_base.csv,4373,28E23424B8A3982A86B95521BAEF402D
data/derived/e2/nz__e1_qwen25vl-7b-awq_st_a_channel.csv,4404,4403D313442A50C48A18BB0E50E78D97
data/derived/e2/nz__e1_qwen25vl-7b-awq_st_a_permit.csv,3780,315A3801D6CBD311C982E5E7A6083B7B
data/derived/e2/nz__e1_qwen25vl-7b-awq_ucf_base.csv,8525,7F91E06F4E6593E0856CC7EFD419FFF4
data/derived/e2/nz__e1_qwen25vl-7b-awq_ucf_channel.csv,8800,D5CB5E3BB3FEE82E400F7DD36324D6E2
data/derived/e2/nz__e1_qwen25vl-7b-awq_ucf_permit.csv,7564,08E23C24DD2FE18F79B4C763A3F510E2
data/derived/e2/nz__e1_qwen3-vl-2b_st_a_base.csv,4737,F8A66839A5AB174F0CB4206798729C32
data/derived/e2/nz__e1_qwen3-vl-2b_st_a_channel.csv,5344,2325151B58770F15D20C75792FC87B12
data/derived/e2/nz__e1_qwen3-vl-2b_st_a_permit.csv,4667,8263D74D5A2F815656BF3B1801CEF3E4
data/derived/e2/nz__e1_qwen3-vl-2b_ucf_base.csv,9378,2F92BA4C8EA9A04A64268EA8DC511C5D
data/derived/e2/nz__e1_qwen3-vl-2b_ucf_channel.csv,10617,EBB11A3D077BB9C03B56D1D2FFE8D41A
data/derived/e2/nz__e1_qwen3-vl-2b_ucf_permit.csv,9235,25D5B60F376B0FC1C2078FC513C83D78
data/derived/e2/nz__e1_qwen3-vl-30b-a3b-fp8_st_a_base.csv,4303,F02449F2024080126EDF51DE53A1C178
data/derived/e2/nz__e1_qwen3-vl-30b-a3b-fp8_st_a_channel.csv,5174,5FD0934A97E4B6250335E1BE928210CD
data/derived/e2/nz__e1_qwen3-vl-30b-a3b-fp8_st_a_permit.csv,3926,F000F6892D2C42BB2936EEB1C7308E60
data/derived/e2/nz__e1_qwen3-vl-30b-a3b-fp8_ucf_base.csv,8546,F5909D61D3F4B78288471775026A1C3D
data/derived/e2/nz__e1_qwen3-vl-30b-a3b-fp8_ucf_channel.csv,10525,806ADDA8268D57732CDD8F8297B7D532
data/derived/e2/nz__e1_qwen3-vl-30b-a3b-fp8_ucf_permit.csv,8755,DFED75BD384A51C4243AB3A06F0D2CBA
data/derived/e2/nz__e1_qwen3-vl-32b-awq8_aitod_base.csv,4478,BAA5F3C16413D81B61D18EA1DB17CCCD
data/derived/e2/nz__e1_qwen3-vl-32b-awq8_aitod_channel.csv,5272,6122569F9270C2A51690AC85D067DE09
data/derived/e2/nz__e1_qwen3-vl-32b-awq8_aitod_permit.csv,4769,F3AEAC8081BEAE1A66F0145F1A9B23B0
data/derived/e2/nz__e1_qwen3-vl-32b-awq8_st_a_base.csv,3355,614371E6A986062B01171CA22089DD0E
data/derived/e2/nz__e1_qwen3-vl-32b-awq8_st_a_channel.csv,4394,5E8BAFB732A9CE68A8FF374CC4098D1B
data/derived/e2/nz__e1_qwen3-vl-32b-awq8_st_a_permit.csv,3768,4C741E1777BDED41B6B10F261B5624BD
data/derived/e2/nz__e1_qwen3-vl-32b-awq8_ucf_base.csv,6769,B6528715FFB043B24576AF0E508B53E3
data/derived/e2/nz__e1_qwen3-vl-32b-awq8_ucf_channel.csv,8799,068963CF5F585A05DA15C7E8C1C69AC2
data/derived/e2/nz__e1_qwen3-vl-32b-awq8_ucf_permit.csv,7557,4F51F8F4A0B2BC418BFEF0B3542DF7C0
data/derived/e2/nz__e1_qwen3-vl-32b-awq8_visdrone_base.csv,7033,563D78053F576600817744FAAC4E8D7A
data/derived/e2/nz__e1_qwen3-vl-32b-awq8_visdrone_channel.csv,8589,6CA5E946871DC322835D691E6CAC9C50
data/derived/e2/nz__e1_qwen3-vl-32b-awq8_visdrone_permit.csv,7650,28BE24ED070A9224E6F9E18B6E5578F2
data/derived/e2/nz__e1_qwen3-vl-32b-awq_aitod_base.csv,4476,3B781F605B23476C953D6F14FFB7B87D
data/derived/e2/nz__e1_qwen3-vl-32b-awq_aitod_channel.csv,5329,663A6566595DA1D93AE1E302713C1A00
data/derived/e2/nz__e1_qwen3-vl-32b-awq_aitod_permit.csv,4777,BD8FE7299E55605716B16855D79EDCB9
data/derived/e2/nz__e1_qwen3-vl-32b-awq_countbench_base.csv,20924,326536F77F91B6FD97883234A80F3E7C
data/derived/e2/nz__e1_qwen3-vl-32b-awq_countbench_channel.csv,26361,68B7E068A5E553457CAFD9D27FC18219
data/derived/e2/nz__e1_qwen3-vl-32b-awq_countbench_permit.csv,21057,6CDF22D8ECA1E57A0628A638C4BEE0F3
data/derived/e2/nz__e1_qwen3-vl-32b-awq_st_a_base.csv,3360,1E08C85502FD76981B87D260692CF6CC
data/derived/e2/nz__e1_qwen3-vl-32b-awq_st_a_channel.csv,4390,2FD6AD70CEF46C1927BDB27929AA773F
data/derived/e2/nz__e1_qwen3-vl-32b-awq_st_a_permit.csv,3766,17D115A31185053578149AAAB61E507D
data/derived/e2/nz__e1_qwen3-vl-32b-awq_ucf_base.csv,6766,3990D84867867A723FDC0E88E726DBEC
data/derived/e2/nz__e1_qwen3-vl-32b-awq_ucf_channel.csv,8798,B6281FB8617947180EA2ED73701B4F87
data/derived/e2/nz__e1_qwen3-vl-32b-awq_ucf_permit.csv,7562,4E945AFCD1568444BE38299CD7DAA4FD
data/derived/e2/nz__e1_qwen3-vl-32b-awq_visdrone_base.csv,7018,35B499C4C6BAD1EE26CBD064A8575C2C
data/derived/e2/nz__e1_qwen3-vl-32b-awq_visdrone_channel.csv,8603,B825CAA12BF4EA04AEEDD9715FF49092
data/derived/e2/nz__e1_qwen3-vl-32b-awq_visdrone_permit.csv,7624,B2325DA120E92227D1E528822C6961AC
data/derived/e2/nz__e1_qwen3-vl-32b-bf16_aitod_base.csv,4476,5157486FFF49C224D452A2AB2A0038B1
data/derived/e2/nz__e1_qwen3-vl-32b-bf16_aitod_channel.csv,5265,62C222761051FF71FDECFAC572FA1AB1
data/derived/e2/nz__e1_qwen3-vl-32b-bf16_aitod_permit.csv,4778,661151D05C60C2F88E49E597C5C6E612
data/derived/e2/nz__e1_qwen3-vl-32b-bf16_countbench_base.csv,20929,A6A1D14BD851305D9E78482BE535E325
data/derived/e2/nz__e1_qwen3-vl-32b-bf16_countbench_channel.csv,26366,FDE881FB985C4CEAEE84AB99D4819CB8
data/derived/e2/nz__e1_qwen3-vl-32b-bf16_countbench_permit.csv,21020,99C17E680E97B47969134D7A24EEEDE1
data/derived/e2/nz__e1_qwen3-vl-32b-bf16_st_a_base.csv,3348,E90F181842420092639BB81724285C56
data/derived/e2/nz__e1_qwen3-vl-32b-bf16_st_a_channel.csv,4398,6DA2D7298B31FD6E9D5C7C35CB1EE97A
data/derived/e2/nz__e1_qwen3-vl-32b-bf16_st_a_permit.csv,3773,8B0799049A17B60BF22FF5A140740740
data/derived/e2/nz__e1_qwen3-vl-32b-bf16_st_b_base.csv,12896,7A0B25136CC81EBAF77030DE2401CCFF
data/derived/e2/nz__e1_qwen3-vl-32b-bf16_st_b_channel.csv,16833,1634415C55FCD53203E769D197434823
data/derived/e2/nz__e1_qwen3-vl-32b-bf16_st_b_permit.csv,14634,CA92B1B6354D30807B3B7B54B8B16A78
data/derived/e2/nz__e1_qwen3-vl-32b-bf16_ucf_base.csv,6763,D9F81DCA8D01C60EB56636E1E7EF3C72
data/derived/e2/nz__e1_qwen3-vl-32b-bf16_ucf_channel.csv,8797,A9F24CFCC3D702FD4C02DB2CE5429ED8
data/derived/e2/nz__e1_qwen3-vl-32b-bf16_ucf_permit.csv,7564,2F361F3891176DBFE05D33F1D74AFA07
data/derived/e2/nz__e1_qwen3-vl-32b-bf16_visdrone_base.csv,7024,A5B7A348EA7BA6E9FAD672861BFA54D6
data/derived/e2/nz__e1_qwen3-vl-32b-bf16_visdrone_channel.csv,8585,DEBA2495B10ABF28477D9E6EDBAC0BD5
data/derived/e2/nz__e1_qwen3-vl-32b-bf16_visdrone_permit.csv,7645,65F3033AFA997303C8E8899A74191102
data/derived/e2/nz__e1_qwen3-vl-32b-fp8_aitod_base.csv,4472,CCB843716918CAC092135511F9F31F71
data/derived/e2/nz__e1_qwen3-vl-32b-fp8_aitod_channel.csv,5255,050DC11B5F61C705F95542E6D65A3F4E
data/derived/e2/nz__e1_qwen3-vl-32b-fp8_aitod_permit.csv,4749,47F638EC5E7EB46F7A4AA8B23DE24968
data/derived/e2/nz__e1_qwen3-vl-32b-fp8_st_a_base.csv,3342,B3BCD20B0063C857CCA2DD0820DF2D52
data/derived/e2/nz__e1_qwen3-vl-32b-fp8_st_a_channel.csv,4400,EB4C7CDFE934503342EBFD2347865C89
data/derived/e2/nz__e1_qwen3-vl-32b-fp8_st_a_permit.csv,3771,A551BA40DB91363EEE24C1B47CCC2AAE
data/derived/e2/nz__e1_qwen3-vl-32b-fp8_ucf_base.csv,6736,FBFA821BCF98BBD35723B79A2A9E37F7
data/derived/e2/nz__e1_qwen3-vl-32b-fp8_ucf_channel.csv,8797,D8D5FF95F3ACD5D58FEC15C2A64544E8
data/derived/e2/nz__e1_qwen3-vl-32b-fp8_ucf_permit.csv,7566,65AE57E5F37A66BD6B983DBD736B9979
data/derived/e2/nz__e1_qwen3-vl-32b-fp8_visdrone_base.csv,7033,48118ADFB931201B8B8561F9A43B7016
data/derived/e2/nz__e1_qwen3-vl-32b-fp8_visdrone_channel.csv,8522,82F33932A6AF1054CF4B218483D31999
data/derived/e2/nz__e1_qwen3-vl-32b-fp8_visdrone_permit.csv,7593,7DEE6FEF0C9EB1B1E4B41B8DD6229121
data/derived/e2/nz__e1_qwen3-vl-32b-gptq_aitod_base.csv,4475,FFF04948302FCFBCDE95DF596519ADFA
data/derived/e2/nz__e1_qwen3-vl-32b-gptq_aitod_channel.csv,5262,506C6A6ACE3449CC3C1E9AAF4F5A95D4
data/derived/e2/nz__e1_qwen3-vl-32b-gptq_aitod_permit.csv,4674,4DD63DBF544F5AF53A2D7539EDB3961E
data/derived/e2/nz__e1_qwen3-vl-32b-gptq_st_a_base.csv,3363,396C60027FCA40077F78A1E70BEF0A0A
data/derived/e2/nz__e1_qwen3-vl-32b-gptq_st_a_channel.csv,4402,CDACFABDA1BDD005914B3F6E58533B1B
data/derived/e2/nz__e1_qwen3-vl-32b-gptq_st_a_permit.csv,3756,EC4DE642202736CCD7430F0B8548E645
data/derived/e2/nz__e1_qwen3-vl-32b-gptq_ucf_base.csv,6784,D0B7232ACB521656D65420A7400B1533
data/derived/e2/nz__e1_qwen3-vl-32b-gptq_ucf_channel.csv,8794,B324149125BFD39C80ACC1F7BAFEFDFB
data/derived/e2/nz__e1_qwen3-vl-32b-gptq_ucf_permit.csv,7564,ECB4DB503D68096E318FEAA8CBA23D46
data/derived/e2/nz__e1_qwen3-vl-32b-gptq_visdrone_base.csv,7040,7DAA8425B4D09EDF81126152E10F7674
data/derived/e2/nz__e1_qwen3-vl-32b-gptq_visdrone_channel.csv,8620,FA60F8E0A3C630B7E832607E6BD4FB6D
data/derived/e2/nz__e1_qwen3-vl-32b-gptq_visdrone_permit.csv,7550,9D361CB3882929D1C6901A337D73C80C
data/derived/e2/nz__e1_qwen3-vl-4b_st_a_base.csv,3375,CD9E6F30B2EF3F9DCA579A638CAD18C8
data/derived/e2/nz__e1_qwen3-vl-4b_st_a_channel.csv,4630,6739B11495698E9675A1D23EB5A9395F
data/derived/e2/nz__e1_qwen3-vl-4b_st_a_permit.csv,3812,EB01F1ECFFDD08693F72AB09BA1524F3
data/derived/e2/nz__e1_qwen3-vl-4b_ucf_base.csv,6794,CB510074DA412404E00C0F4F4FEB5A58
data/derived/e2/nz__e1_qwen3-vl-4b_ucf_channel.csv,9244,B079F8D035DF873A0AE9A2F71F2A2390
data/derived/e2/nz__e1_qwen3-vl-4b_ucf_permit.csv,7546,188FE47674463C694697D1937DEC45CB
data/derived/e2/nz__e1_qwen3-vl-8b-awq_aitod_base.csv,4518,684C5D26E23FA5828F90A4EC8554EE5B
data/derived/e2/nz__e1_qwen3-vl-8b-awq_aitod_channel.csv,5615,83C3FDB35FF58A332B8EBA6E4C5E007C
data/derived/e2/nz__e1_qwen3-vl-8b-awq_aitod_permit.csv,4984,28CD9CC68922230585339DA35BD8B319
data/derived/e2/nz__e1_qwen3-vl-8b-awq_st_a_base.csv,3357,9600EA59BFBC01B4B9D7068C15C22588
data/derived/e2/nz__e1_qwen3-vl-8b-awq_st_a_channel.csv,4405,FBAF307F9135D5F579CB254746FB9D6E
data/derived/e2/nz__e1_qwen3-vl-8b-awq_st_a_permit.csv,3776,44D78B11443B1F64BE6704123AB7BBA7
data/derived/e2/nz__e1_qwen3-vl-8b-awq_ucf_base.csv,6740,158805A03603B79CD622D0B81D7EBF9A
data/derived/e2/nz__e1_qwen3-vl-8b-awq_ucf_channel.csv,8792,38C6706C9E8439BC51EB0D58ACDBCD64
data/derived/e2/nz__e1_qwen3-vl-8b-awq_ucf_permit.csv,7560,DC58D9007EF58DCAA9F0105AA276130A
data/derived/e2/nz__e1_qwen3-vl-8b-awq_visdrone_base.csv,7096,BA387500947C7C3B64D99DDF79FEE40D
data/derived/e2/nz__e1_qwen3-vl-8b-awq_visdrone_channel.csv,8976,986B30C827A5F143A41BC5CEC54D405F
data/derived/e2/nz__e1_qwen3-vl-8b-awq_visdrone_permit.csv,7904,D81AADC76955E91C03AE38849D099789
data/derived/e2/nz__e1_qwen3-vl-8b-bf16_st_a_base.csv,3354,C1DA68B2BEA530638CC54973D662C6C9
data/derived/e2/nz__e1_qwen3-vl-8b-bf16_st_a_channel.csv,4406,924CEC94CD19A4079A00F3660F2D79A7
data/derived/e2/nz__e1_qwen3-vl-8b-bf16_st_a_permit.csv,3780,B5AD16BD8E05FA7C53607284323AB6E8
data/derived/e2/nz__e1_qwen3-vl-8b-bf16_ucf_base.csv,6675,A534BCB244E11B06A758EB28DB2FC49A
data/derived/e2/nz__e1_qwen3-vl-8b-bf16_ucf_channel.csv,8794,B2A821B954A4A7585D42761AF30245CB
data/derived/e2/nz__e1_qwen3-vl-8b-bf16_ucf_permit.csv,7562,7984792CC93EA835542F2EE4F9E3067A
data/derived/e2_pools/corpus_new/aer_aitod_base.csv,14181,B346E576CF8ED0819BD2273DCF52E470
data/derived/e2_pools/corpus_new/aer_visdrone_base.csv,22816,6621897EDFF850551C63F2D2A67160E4
data/derived/e2_pools/corpus_new/ext_countbench_base.csv,22307,103BD5C6CE8156D8EB894CE039541CEC
data/derived/e2_pools/countbench/counts.csv,48132,901FB12960A0B37F1DCD1C73683CA0F3
data/derived/e2_pools/dense_results/vlm_aitod_base_whole.csv,14181,B346E576CF8ED0819BD2273DCF52E470
data/derived/e2_pools/dense_results/vlm_countbench_base_whole.csv,22307,103BD5C6CE8156D8EB894CE039541CEC
data/derived/e2_pools/dense_results/vlm_st_a_base_whole.csv,7714,FF69ABB8457CBA31D0FDF6D3702EC432
data/derived/e2_pools/dense_results/vlm_st_a_over_whole.csv,8302,E452D50F68A4AA16A875AB75ED41B6C0
data/derived/e2_pools/dense_results/vlm_st_a_under_whole.csv,7446,2B8E055B6C7E13808F10187E7529611D
data/derived/e2_pools/dense_results/vlm_st_b_base_whole.csv,13569,C9BD0992B9BD3F9AA67357F2A7567FCE
data/derived/e2_pools/dense_results/vlm_st_b_over_whole.csv,13613,80001D2DC7800808ECB75EBED90D400E
data/derived/e2_pools/dense_results/vlm_st_b_under_whole.csv,13331,676FFCFEAE21037EFE6459A4DBF03BBC
data/derived/e2_pools/dense_results/vlm_ucf_base_whole.csv,14748,4FE5246CA1603625EF158EB3F5C99901
data/derived/e2_pools/dense_results/vlm_ucf_over_whole.csv,15858,8F8DCBD48F5AF9AD77BE043BFE8E5100
data/derived/e2_pools/dense_results/vlm_ucf_under_whole.csv,14214,3CB8989FF473D665DDCD521CF6A036EF
data/derived/e2_pools/dense_results/vlm_visdrone_base_whole.csv,22816,6621897EDFF850551C63F2D2A67160E4
data/derived/e2_pools/gt/gt_aitod.csv,7738,B33ED26F7E0741E44C9B27138BC55AEB
data/derived/e2_pools/gt/gt_visdrone.csv,11020,5A1CDDF0B220C492C63E8CC5FA7A2BB3
data/derived/e2_pools/probes/19b_e1_probe.py,7970,7CE966D3A3573B7F20F9A8FDF5E7D66B
data/derived/e3/ablate/e1_InternVL3_5-8B_st_a_base_native_sys.csv,4422,3E1B191894FBABBE741537F09A8A104E
data/derived/e3/ablate/e1_InternVL3_5-8B_st_a_channel_native_sys.csv,5703,CE499E4981467BE88D585C7474B4CE97
data/derived/e3/ablate/e1_InternVL3_5-8B_st_a_permit_native_sys.csv,4912,11C7BA862E7950E485A868037CA4788C
data/derived/e3/ablate/e1_InternVL3_5-8B_ucf_base_native_sys.csv,6722,364BC52828B4CF3783F3109421D12B30
data/derived/e3/ablate/e1_InternVL3_5-8B_ucf_channel_native_sys.csv,8601,D15BDA30FF240E522D6853547F2D15E5
data/derived/e3/ablate/e1_InternVL3_5-8B_ucf_permit_native_sys.csv,7406,FF24DDCF0EEC3BF18289BEF2DFA008AA
data/derived/e3/ablate/e1_gemma3-12b_st_a_base_native.csv,5697,81BC761E9BE1C841044E3A6F07298298
data/derived/e3/ablate/e1_gemma3-12b_st_a_base_native_sys.csv,4482,D6F432F58E77CD460C47D1AACC5CBFBE
data/derived/e3/ablate/e1_gemma3-12b_st_a_base_s1536.csv,5684,9A932BD4DE93EE321BB9125BEAC28758
data/derived/e3/ablate/e1_gemma3-12b_st_a_base_s640.csv,5705,43D4A4EADC7E2C629C9CF890BF15198A
data/derived/e3/ablate/e1_gemma3-12b_st_a_channel_native.csv,6990,245CB2404241C47BCAA2DE099D243F51
data/derived/e3/ablate/e1_gemma3-12b_st_a_channel_native_sys.csv,6980,6ED7B079ECB44E8E424A20F5E105247E
data/derived/e3/ablate/e1_gemma3-12b_st_a_channel_s1536.csv,6992,70D24EBB60A009425FBF5A9F2C3CB36B
data/derived/e3/ablate/e1_gemma3-12b_st_a_channel_s640.csv,6988,32759471B26A4E218AC5DD1079459F7F
data/derived/e3/ablate/e1_gemma3-12b_st_a_permit_native.csv,4930,6062CFE01C01A00C37708274BDDEDCC7
data/derived/e3/ablate/e1_gemma3-12b_st_a_permit_native_sys.csv,4932,A54F0E9574DE0A514D9A72A5D0931F96
data/derived/e3/ablate/e1_gemma3-12b_st_a_permit_s1536.csv,4931,EA267137CA483895E4A0619AC2FC68C6
data/derived/e3/ablate/e1_gemma3-12b_st_a_permit_s640.csv,4932,A7F54966A810278F6FFF1E4D3CFB7CFC
data/derived/e3/ablate/e1_gemma3-12b_ucf_base_native.csv,8602,588638FDF5EE5C80CA0AE4423B571DCE
data/derived/e3/ablate/e1_gemma3-12b_ucf_base_native_sys.csv,6725,3BC3647FF3175EFE2A8F925CBA94750B
data/derived/e3/ablate/e1_gemma3-12b_ucf_base_s1536.csv,8594,81F9A4A43C9DE2BBA3F99DE6FEBBFD54
data/derived/e3/ablate/e1_gemma3-12b_ucf_base_s640.csv,8596,7001069F22FD358A704FEEB2543E7C2C
data/derived/e3/ablate/e1_gemma3-12b_ucf_channel_native.csv,10409,33EFCAD9EB370089FF5834BFA4E215A5
data/derived/e3/ablate/e1_gemma3-12b_ucf_channel_native_sys.csv,10407,A0EF4CA1DE5399CE3A574104C0131B18
data/derived/e3/ablate/e1_gemma3-12b_ucf_channel_s1536.csv,10407,C0F7BE9DB20B1017613E4F598B953711
data/derived/e3/ablate/e1_gemma3-12b_ucf_channel_s640.csv,10410,70F089ED87D80B52209F7FF73330A9CB
data/derived/e3/ablate/e1_gemma3-12b_ucf_permit_native.csv,7410,EC22549C6E531E2BB55EC04032105499
data/derived/e3/ablate/e1_gemma3-12b_ucf_permit_native_sys.csv,7410,F3E32C4A28D56AEB940D64C385035A20
data/derived/e3/ablate/e1_gemma3-12b_ucf_permit_s1536.csv,7407,7618348C99B9311546F3DD602AD8A023
data/derived/e3/ablate/e1_gemma3-12b_ucf_permit_s640.csv,7411,0D0AB6E0F2A84DFFD929C164E6BB46D7
data/derived/e3/ablate/e1_llava-onevision-qwen2-7b-ov_st_a_base_native_sys.csv,23976,F899532A2E831200F431A21E70273430
data/derived/e3/ablate/e1_llava-onevision-qwen2-7b-ov_st_a_channel_native_sys.csv,6720,A3DC9E9283B18E0459E91635FEAF962B
data/derived/e3/ablate/e1_llava-onevision-qwen2-7b-ov_st_a_permit_native_sys.csv,14999,0D91D6CAC98CACDF4253597811379643
data/derived/e3/ablate/e1_llava-onevision-qwen2-7b-ov_ucf_base_native_sys.csv,19732,3C04218738D5C8FF1D68D55E5FC74F10
data/derived/e3/ablate/e1_llava-onevision-qwen2-7b-ov_ucf_channel_native_sys.csv,9080,26CAF1A1F0913115F7216AA0F1DCF17D
data/derived/e3/ablate/e1_llava-onevision-qwen2-7b-ov_ucf_permit_native_sys.csv,12988,DC9B6697A64704CBB555AE0F16B2B9C6
data/derived/e3/ablate3/e1_InternVL3_5-8B_visdrone_base_native_sys.csv,7990,600D036C41EF5542078ABC36413866C7
data/derived/e3/ablate3/e1_InternVL3_5-8B_visdrone_base_s1536.csv,8003,6AF0F09A5403C4B6C5729F40F7859659
data/derived/e3/ablate3/e1_InternVL3_5-8B_visdrone_base_s640.csv,7994,1A6003ADF860C722791E8019EAB916F2
data/derived/e3/ablate3/e1_InternVL3_5-8B_visdrone_channel_native_sys.csv,10033,5824A308ECBD67949CDA04FCBD9494A7
data/derived/e3/ablate3/e1_InternVL3_5-8B_visdrone_channel_s1536.csv,10073,B026C453BC3A2F6B981151F5ECDC3B98
data/derived/e3/ablate3/e1_InternVL3_5-8B_visdrone_channel_s640.csv,10065,F3F13A11DB46D47D0C9746D2C910BA8F
data/derived/e3/ablate3/e1_InternVL3_5-8B_visdrone_permit_native_sys.csv,9180,EC7E697D88995FD070E78480FFD61B6F
data/derived/e3/ablate3/e1_InternVL3_5-8B_visdrone_permit_s1536.csv,9289,FE3232B2600DCAB36F92BF802797E2C5
data/derived/e3/ablate3/e1_InternVL3_5-8B_visdrone_permit_s640.csv,9252,1CDC51D5198897C38E6BF3E9297BF64D
data/derived/e3/ablate3/e1_Phi-3.5-vision-instruct_visdrone_base_native_sys.csv,24958,15BF4E12659A3945DBDF6E2E7B524857
data/derived/e3/ablate3/e1_Phi-3.5-vision-instruct_visdrone_base_s1536.csv,15002,F2FC2C1ED5A518E901C05F1887F7922F
data/derived/e3/ablate3/e1_Phi-3.5-vision-instruct_visdrone_base_s640.csv,15580,9306F50FC4236E8A255F183B167EF590
data/derived/e3/ablate3/e1_Phi-3.5-vision-instruct_visdrone_channel_native_sys.csv,28001,553A845E0069C5C5546A38B9E06573F5
data/derived/e3/ablate3/e1_Phi-3.5-vision-instruct_visdrone_channel_s1536.csv,12961,8B982CE127D9E9E4D1400CC647715DE1
data/derived/e3/ablate3/e1_Phi-3.5-vision-instruct_visdrone_channel_s640.csv,12942,F9CF8EDC521E0557F15A0F9CEA218371
data/derived/e3/ablate3/e1_Phi-3.5-vision-instruct_visdrone_permit_native_sys.csv,23889,928B3747DAE1D9CE817387565C801C1B
data/derived/e3/ablate3/e1_Phi-3.5-vision-instruct_visdrone_permit_s1536.csv,11713,195E4AD302C9C7BEFBCF7B31F6453B5D
data/derived/e3/ablate3/e1_Phi-3.5-vision-instruct_visdrone_permit_s640.csv,11725,2540222D27D389DFE97AF756638E79F9
data/derived/e3/ablate3/e1_Qwen3-VL-32B-Instruct_st_a_base_native.csv,4198,DDC03FD598944FA5E37A87A2B0217604
data/derived/e3/ablate3/e1_Qwen3-VL-32B-Instruct_st_a_base_native_sys.csv,4167,9443355461A5258945BF365BDF3F75AE
data/derived/e3/ablate3/e1_Qwen3-VL-32B-Instruct_st_a_base_s640.csv,4154,97D605DF88F057F919CF894F6B0D2F22
data/derived/e3/ablate3/e1_Qwen3-VL-32B-Instruct_st_a_channel_native.csv,5748,100D85AA2ECECE474AB75A77D6E4BE20
data/derived/e3/ablate3/e1_Qwen3-VL-32B-Instruct_st_a_channel_native_sys.csv,5747,DFCA5F83B2F6955EF220CFAAF6A06B7D
data/derived/e3/ablate3/e1_Qwen3-VL-32B-Instruct_st_a_channel_s640.csv,5750,F45BA1D1BC98C93AC02F2F110BB833F0
data/derived/e3/ablate3/e1_Qwen3-VL-32B-Instruct_st_a_permit_native.csv,4916,E06E8B0FC1677EFBDE4FA6483690755A
data/derived/e3/ablate3/e1_Qwen3-VL-32B-Instruct_st_a_permit_native_sys.csv,4912,E87310934AECE7033D7588D32DC66268
data/derived/e3/ablate3/e1_Qwen3-VL-32B-Instruct_st_a_permit_s640.csv,4923,5482AD24720B217F255512F51B64FB79
data/derived/e3/anchors/e1_internvl25-8b-awq_aitod_base.csv,10835,A4E69524F1220DEBC2FBE2ADACFDA664
data/derived/e3/anchors/e1_internvl25-8b-awq_aitod_bestA.csv,26114,E8C1211416E60CDB01E22E7A831026D1
data/derived/e3/anchors/e1_internvl25-8b-awq_aitod_bestB.csv,10275,7DDDFEB789641219BAF74B5B50AE6D11
data/derived/e3/anchors/e1_internvl25-8b-awq_aitod_bestC.csv,11124,F9B584339CF79A35C2AAB743234258D4
data/derived/e3/anchors/e1_internvl25-8b-awq_aitod_channel.csv,12977,5F0102A0F42F800B324F0FD754D84553
data/derived/e3/anchors/e1_internvl25-8b-awq_aitod_permit.csv,10354,113BFDC24F397F20561CBB4EC655D945
data/derived/e3/anchors/e1_internvl25-8b-awq_st_a_base.csv,5227,B00C5321DEDD79A6CFA261AF7D057FD4
data/derived/e3/anchors/e1_internvl25-8b-awq_st_a_bestA.csv,14273,77C9585EB437A00EF32A6605CDD14DAA
data/derived/e3/anchors/e1_internvl25-8b-awq_st_a_bestB.csv,4820,54F5D04B4CE0CE5ADB37D8572E8F58CC
data/derived/e3/anchors/e1_internvl25-8b-awq_st_a_bestC.csv,5363,DD11B4B9DC5DE6941DDA3BE9149F520C
data/derived/e3/anchors/e1_internvl25-8b-awq_st_a_channel.csv,5720,6E1C6C6CEE03DFBE4C50DDDE18E32100
data/derived/e3/anchors/e1_internvl25-8b-awq_st_a_permit.csv,4919,A9748640F49260B0096926371652BA77
data/derived/e3/anchors/e1_internvl25-8b-awq_ucf_base.csv,9534,25248EC15672ECAA7A7B4A856E46A9AB
data/derived/e3/anchors/e1_internvl25-8b-awq_ucf_bestA.csv,25514,453F78BE63E83D46487BA42874FDF98D
data/derived/e3/anchors/e1_internvl25-8b-awq_ucf_bestB.csv,9336,047CD88BFF46237B6A792914EF8BE3B2
data/derived/e3/anchors/e1_internvl25-8b-awq_ucf_bestC.csv,9926,2E483A14343B72E5DCDEB3C124EB1822
data/derived/e3/anchors/e1_internvl25-8b-awq_ucf_channel.csv,10619,2CA6139DA417034558C24C1E5D4D6A30
data/derived/e3/anchors/e1_internvl25-8b-awq_ucf_permit.csv,8906,BF1F9CB6EC860DE2E15DE566FC20576C
data/derived/e3/anchors/e1_internvl25-8b-awq_visdrone_base.csv,9772,023F49410DAC5B007B5F0FF9556E1B72
data/derived/e3/anchors/e1_internvl25-8b-awq_visdrone_bestA.csv,24682,9CCC70A671CC38B8F7EE222AC2BA9953
data/derived/e3/anchors/e1_internvl25-8b-awq_visdrone_bestB.csv,9106,DDD7DD9E4B8B1930AFC7FA28E43580EC
data/derived/e3/anchors/e1_internvl25-8b-awq_visdrone_bestC.csv,9733,8B207E23837ACC5D928E498D53912E67
data/derived/e3/anchors/e1_internvl25-8b-awq_visdrone_channel.csv,11795,74BB7C47AD950BD42E7D8F2A85DF5030
data/derived/e3/anchors/e1_internvl25-8b-awq_visdrone_permit.csv,9326,C461680E7E5561A2FAA5E8033416F943
data/derived/e3/anchors/e1_qwen25vl-72b-awq_aitod_base.csv,11164,1B5DE6CDE851EE8BCC607A056F9394EA
data/derived/e3/anchors/e1_qwen25vl-72b-awq_aitod_bestA.csv,23906,35BFB66DA7F82C7BCF3CF3E04CFC8D47
data/derived/e3/anchors/e1_qwen25vl-72b-awq_aitod_bestB.csv,9160,FC2BAB2AD38F092B460D6FEDFDAD664C
data/derived/e3/anchors/e1_qwen25vl-72b-awq_aitod_bestC.csv,10772,AA4B20DBDB8DA75AC3D5262049FA0F31
data/derived/e3/anchors/e1_qwen25vl-72b-awq_aitod_channel.csv,11329,751C4C7C8EE5B9BD498F4EAFFB22B39A
data/derived/e3/anchors/e1_qwen25vl-72b-awq_aitod_permit.csv,10551,A549F7F5CD947BE0436AA53BFFC646CF
data/derived/e3/anchors/e1_qwen25vl-72b-awq_st_a_base.csv,5862,9C403C127ACFE79232E045434206E15C
data/derived/e3/anchors/e1_qwen25vl-72b-awq_st_a_bestA.csv,17223,72DBB1FA37A72C9F042B5F05F3B9D073
data/derived/e3/anchors/e1_qwen25vl-72b-awq_st_a_bestB.csv,4472,23D7586E794D2897A3D0C6287966C70B
data/derived/e3/anchors/e1_qwen25vl-72b-awq_st_a_bestC.csv,5577,5B6C572471F750F87D2E47453E787404
data/derived/e3/anchors/e1_qwen25vl-72b-awq_st_a_channel.csv,5735,D01F500EE3D89176FA54748FD852C4C3
data/derived/e3/anchors/e1_qwen25vl-72b-awq_st_a_channelB.csv,5744,802DFDB3643D0217BE843B867060D00B
data/derived/e3/anchors/e1_qwen25vl-72b-awq_st_a_permit.csv,4929,69CB4359E339CB056A3A8528DD996F54
data/derived/e3/anchors/e1_qwen25vl-72b-awq_st_a_permitB.csv,4924,4A6939E1ECF41FFD64C3D0B8E82922E2
data/derived/e3/anchors/e1_qwen25vl-72b-awq_st_a_permitC.csv,4927,825585C3F4F7D27DB01241493805C85A
data/derived/e3/anchors/e1_qwen25vl-72b-awq_ucf_base.csv,11021,6AA85188B66BCD9E59BEB0CFD6AA8362
data/derived/e3/anchors/e1_qwen25vl-72b-awq_ucf_bestA.csv,30528,3AEDA05045B5A6695D8D39B3EDE97129
data/derived/e3/anchors/e1_qwen25vl-72b-awq_ucf_bestB.csv,8369,839011A9E5D5640E1212CC4D15AEED09
data/derived/e3/anchors/e1_qwen25vl-72b-awq_ucf_bestC.csv,10623,85F9CC53EAB9DA72FE947D54F3EC67CC
data/derived/e3/anchors/e1_qwen25vl-72b-awq_ucf_channel.csv,10490,13E2709093CCE79B5E95445F1D4C6F30
data/derived/e3/anchors/e1_qwen25vl-72b-awq_ucf_channelB.csv,10491,CAC38EED1D5C6B3DCF4D98F5EB3194CD
data/derived/e3/anchors/e1_qwen25vl-72b-awq_ucf_permit.csv,9043,E6BF7D47B98979A0215464A4BF28FDA7
data/derived/e3/anchors/e1_qwen25vl-72b-awq_ucf_permitB.csv,9049,634D431FA3EB7C9E2F055E932F54515E
data/derived/e3/anchors/e1_qwen25vl-72b-awq_ucf_permitC.csv,9039,60CCB1163B8F2AB3145AA555EA43D83A
data/derived/e3/anchors/e1_qwen25vl-72b-awq_visdrone_base.csv,10014,E26378B8880DE27C998C5F328CFFA2D8
data/derived/e3/anchors/e1_qwen25vl-72b-awq_visdrone_bestA.csv,20520,13F4E92A6591EDAF4EB837361673B928
data/derived/e3/anchors/e1_qwen25vl-72b-awq_visdrone_bestB.csv,8132,B7CA78E57E1EA9FD4DE735406278EAA6
data/derived/e3/anchors/e1_qwen25vl-72b-awq_visdrone_bestC.csv,9887,6850264CF1DD1B3EF91AD966CE3AFFF1
data/derived/e3/anchors/e1_qwen25vl-72b-awq_visdrone_channel.csv,10546,8BDFA0937D041DB2105D17F6AF390243
data/derived/e3/anchors/e1_qwen25vl-72b-awq_visdrone_permit.csv,9556,41465C1658C0208323EB0D592055E627
data/derived/e3/anchors/e1_qwen3-vl-32b-awq_aitod_base.csv,9263,456FF6ECC67A19C1659CC2F8EF928EF5
data/derived/e3/anchors/e1_qwen3-vl-32b-awq_aitod_bestA.csv,51128,FBE8A19BE43BEFFCBDB8ECE683A2D1AA
data/derived/e3/anchors/e1_qwen3-vl-32b-awq_aitod_bestB.csv,9362,18DBB737BF2D74089E2984035CAC96E5
data/derived/e3/anchors/e1_qwen3-vl-32b-awq_aitod_bestC.csv,9458,4CBA0BF8FA48F41E7C479F24101C7AD3
data/derived/e3/anchors/e1_qwen3-vl-32b-awq_aitod_channel.csv,11745,CF200C14263405BD538D7BC1E677CB95
data/derived/e3/anchors/e1_qwen3-vl-32b-awq_aitod_enum.csv,9264,940B4D2CC039487D86B0FF3F87A862B9
data/derived/e3/anchors/e1_qwen3-vl-32b-awq_aitod_enumAbstain.csv,10433,013EB099825DAA33710F257B82B7A48A
data/derived/e3/anchors/e1_qwen3-vl-32b-awq_aitod_locate.csv,9258,CDF10CE3E84EDD5481DAD86BF71F447F
data/derived/e3/anchors/e1_qwen3-vl-32b-awq_aitod_permit.csv,10601,C44C7937CDC61C07E92D7AFD2AB0E583
data/derived/e3/anchors/e1_qwen3-vl-32b-awq_countbench_base.csv,295,8637B8006E98D43E7E0247770C79A7E9
data/derived/e3/anchors/e1_qwen3-vl-32b-awq_countbench_bestA.csv,1299,DFE2FA04A56A0DE83CF6E67C136B9FEB
data/derived/e3/anchors/e1_qwen3-vl-32b-awq_countbench_bestB.csv,295,31E18CC7AE3CEEA26A7CFB55A8F2F8A5
data/derived/e3/anchors/e1_qwen3-vl-32b-awq_countbench_bestC.csv,301,745A7875AA2350B651DF0C85C7070276
data/derived/e3/anchors/e1_qwen3-vl-32b-awq_countbench_channel.csv,375,706632F4AF27616665F742060B4C5B85
data/derived/e3/anchors/e1_qwen3-vl-32b-awq_countbench_enum.csv,290,618D34AA022D74015D6D402611C37CB9
data/derived/e3/anchors/e1_qwen3-vl-32b-awq_countbench_enumAbstain.csv,294,8DB5BE205F2E21E69E57A27C74EC8E2C
data/derived/e3/anchors/e1_qwen3-vl-32b-awq_countbench_locate.csv,295,4E6A30882DED8CCBF2943CCEB958CB3C
data/derived/e3/anchors/e1_qwen3-vl-32b-awq_countbench_permit.csv,331,D8BA2A66A1727905B07800C42F4E1307
data/derived/e3/anchors/e1_qwen3-vl-32b-awq_st_a_base.csv,16824,802232F5DDFDE03BE111E3F582F56819
data/derived/e3/anchors/e1_qwen3-vl-32b-awq_st_a_bestA.csv,36176,4209996CC48F58249058DB161EC5E7BF
data/derived/e3/anchors/e1_qwen3-vl-32b-awq_st_a_bestB.csv,4595,CE7F67446A24AE6DBCCC8CB3F4D7F0FE
data/derived/e3/anchors/e1_qwen3-vl-32b-awq_st_a_bestC.csv,4601,0C512321027F7203454D3DAF3A932613
data/derived/e3/anchors/e1_qwen3-vl-32b-awq_st_a_channel.csv,23820,50C68E54E7B93FAFBD616F2B76D48B6A
data/derived/e3/anchors/e1_qwen3-vl-32b-awq_st_a_channelB.csv,5741,6B9388CDDF3649B5FA7D44075737CBFA
data/derived/e3/anchors/e1_qwen3-vl-32b-awq_st_a_enum.csv,4219,0F175E112F0DEDE9E40C38563759A73C
data/derived/e3/anchors/e1_qwen3-vl-32b-awq_st_a_enumAbstain.csv,4907,3E38F27721F278A99C126486ACCADB29
data/derived/e3/anchors/e1_qwen3-vl-32b-awq_st_a_locate.csv,4023,81310A282278613747C38CE441C56D92
data/derived/e3/anchors/e1_qwen3-vl-32b-awq_st_a_permit.csv,20485,65C5FE174B8FBCFC2001869315431953
data/derived/e3/anchors/e1_qwen3-vl-32b-awq_st_a_permitB.csv,4914,B5FB8E325EEC739B40728BBBD2D5DF25
data/derived/e3/anchors/e1_qwen3-vl-32b-awq_st_a_permitC.csv,4916,E9871F8316E46D84E27C32A98D15FE7F
data/derived/e3/anchors/e1_qwen3-vl-32b-awq_ucf_base.csv,30906,D5E093658055946A916EE925199CF7C0
data/derived/e3/anchors/e1_qwen3-vl-32b-awq_ucf_bestA.csv,65885,0A55D7ECD5AC47EA50B8EE3AD629486C
data/derived/e3/anchors/e1_qwen3-vl-32b-awq_ucf_bestB.csv,8403,1CE55549E520C936C9A6F4BB2B4DB84B
data/derived/e3/anchors/e1_qwen3-vl-32b-awq_ucf_bestC.csv,8416,92E80A8CE7AA61D4B8888C8D56B15D68
data/derived/e3/anchors/e1_qwen3-vl-32b-awq_ucf_channel.csv,42894,9A57F764A5F693D0120B017DF665A8D1
data/derived/e3/anchors/e1_qwen3-vl-32b-awq_ucf_channelB.csv,10349,47064DAA582C94DF70AF343348E07266
data/derived/e3/anchors/e1_qwen3-vl-32b-awq_ucf_enum.csv,7787,1D790CD4969FD3AC81C063C7891ED378
data/derived/e3/anchors/e1_qwen3-vl-32b-awq_ucf_enumAbstain.csv,8909,6E1B21919C1344834BBD676FE372AF0B
data/derived/e3/anchors/e1_qwen3-vl-32b-awq_ucf_locate.csv,7429,EB17227EBCE1A4873F418938D2372DD5
data/derived/e3/anchors/e1_qwen3-vl-32b-awq_ucf_permit.csv,37117,B89895A5448C209A776CD586A710EB5D
data/derived/e3/anchors/e1_qwen3-vl-32b-awq_ucf_permitB.csv,8911,10D6A999A217DCE097811A1123B3C18C
data/derived/e3/anchors/e1_qwen3-vl-32b-awq_ucf_permitC.csv,8904,16FA2D44A7E27CA8780163453DB5C0FD
data/derived/e3/anchors/e1_qwen3-vl-32b-awq_visdrone_base.csv,14583,4DC6C4FDA74C1389322D42FD89C813C3
data/derived/e3/anchors/e1_qwen3-vl-32b-awq_visdrone_bestA.csv,94549,E0B7A524E4D14EEDC77379E8C7DDB5B8
data/derived/e3/anchors/e1_qwen3-vl-32b-awq_visdrone_bestB.csv,14801,6F1264FB4610274F0BF59B2B48FAF236
data/derived/e3/anchors/e1_qwen3-vl-32b-awq_visdrone_bestC.csv,14904,744CD5126013C081D1604BFA226F8C61
data/derived/e3/anchors/e1_qwen3-vl-32b-awq_visdrone_channel.csv,19092,1173474B19D45C88D9E4D0C2F106C02A
data/derived/e3/anchors/e1_qwen3-vl-32b-awq_visdrone_enum.csv,14611,A33C61B3A5B9A97A18CF7E9769794827
data/derived/e3/anchors/e1_qwen3-vl-32b-awq_visdrone_enumAbstain.csv,17022,289D3446BC9AEACA402971218B983D47
data/derived/e3/anchors/e1_qwen3-vl-32b-awq_visdrone_locate.csv,14611,3369B160DD72C85901DDFCF4CA86A09E
data/derived/e3/anchors/e1_qwen3-vl-32b-awq_visdrone_permit.csv,17046,5B424298919DCC9C94CC379B002BA6DB
data/derived/e3/build/e1_gemma3-12b-int8_st_a_base_int8.csv,5697,AAA0AC9B6ACB5108485033EAD76F3EB2
data/derived/e3/build/e1_gemma3-12b-int8_st_a_channel_int8.csv,6990,72B0546EB495E5B45989414A5B5A0E5B
data/derived/e3/build/e1_gemma3-12b-int8_st_a_permit_int8.csv,4932,6628DAA37FB6DF8CD8E3244A803BCD88
data/derived/e3/build/e1_gemma3-12b-int8_ucf_base_int8.csv,8596,FDDF171A6518B52C5F89AE4F47F050AD
data/derived/e3/build/e1_gemma3-12b-int8_ucf_channel_int8.csv,10415,4CE9D81DA208B700F45CB1E4F618C8FD
data/derived/e3/build/e1_gemma3-12b-int8_ucf_permit_int8.csv,7414,61FA3F54CC51FEE4D97A94AB05A4808D
data/derived/e3/build/e1_gemma3-12b-int8_visdrone_base_int8.csv,10052,FBBA1020867F0E662499625410119719
data/derived/e3/build/e1_gemma3-12b-int8_visdrone_channel_int8.csv,12284,2F09EC8E0C2F2D90073EFA96E0B36202
data/derived/e3/build/e1_gemma3-12b-int8_visdrone_permit_int8.csv,9195,D2A5B9BE4C75A24AFF0085ACAD4F5648
data/derived/e3/env/a800_env_snapshot.txt,1139,338371C04D69D92FE7F0E61318548770
data/derived/e3/env/a800_logs/a5_ablation.log,3109,FADBBB82FFA1E193F8DDBD8072F8A2BA
data/derived/e3/env/a800_logs/a5_extra.log,2932,B7C015D6D55981E255DA4E4F6BBF724E
data/derived/e3/env/a800_logs/a5_extra2.log,7148,DBED6E7A2186544A9E581EE9D8F6FB4A
data/derived/e3/env/a800_logs/a5_extra3.log,4956,97ED4BCEA38CF63CBFBC887FEE8E5A84
data/derived/e3/env/a800_logs/a5_extra4.log,2998,6EB0AADBBC3C0BDC54B61908B6DE52F7
data/derived/e3/env/a800_logs/a5_fsc.log,2064,656EF5D3DEAF821D6A98C1AA2245CDC7
data/derived/e3/env/a800_logs/a5_fsc2.log,2107,267FB479516B3C1592ABE3303C34E549
data/derived/e3/env/a800_logs/a5_fsc3.log,1604,756D816F27CE0E3212EBAE0881FE685E
data/derived/e3/env/a800_logs/a5_gemma3-12b.log,5774,EFF949F8AB658339F5B4E03BA2E5DE4C
data/derived/e3/env/a800_logs/a5_internvl3.5-8b.log,5132,37BE40D698479844CE03DA8B35055287
data/derived/e3/env/a800_logs/a5_llava-ov-7b.log,7132,0F19DCF1AC02004B55BCD013F1075F75
data/derived/e3/env/a800_logs/a5_phi-3.5-vision.log,5537,AB4E5E1B3D1EB6151D9DC32463CBAE53
data/derived/e3/env/a800_logs/dl_a5.log,6249,C70C99427B0163FC0418D46B901536E3
data/derived/e3/env/a800_logs/fsc_dl.log,348,8CC3AE3217A3177F25FA10E55B8D1EFA
data/derived/e3/env/a800_logs/llava_fix.log,421,46B4E54C9C411D02E6289A4911967E80
data/derived/e3/env/a800_scripts/19b_e1_probe.py,7970,7CE966D3A3573B7F20F9A8FDF5E7D66B
data/derived/e3/env/a800_scripts/19e_probe_multi.py,10333,03EDB14C98FFA3AEA9FFA20F59B00BC8
data/derived/e3/env/a800_scripts/19f_probe_ablation.py,11183,28E82B20A7F468680DA11B2E9855CFF9
data/derived/e3/env/a800_scripts/19g_probe_fsc.py,4624,00869ADCD76063A60B8CF98143720692
data/derived/e3/env/a800_scripts/a5_grid.sh,2560,CD70F996F90B576C579ED002D9A7DDAB
data/derived/e3/env/a800_scripts/a5_pixtral_compat.py,636,A3C1CE713DC2CFC13C020E40FC1C777E
data/derived/e3/env/a800_scripts/a5_precision.py,929,F473D6409A5D04D74D1D1A10CC4BE62B
data/derived/e3/env/a800_scripts/a5_qc.py,969,63A00DC1CA717B417C028F0CFFD6FCE2
data/derived/e3/env/a800_scripts/a800_ablate.sh,2504,62F585F773C920AAE650828955D7C1D6
data/derived/e3/env/a800_scripts/a800_extra.sh,2343,65C8F8FF7BBEAD2F8DD67BADEA947185
data/derived/e3/env/a800_scripts/a800_extra2.sh,5623,F5DEFC02F9DD84CEC763CAAD621F2C53
data/derived/e3/env/a800_scripts/a800_extra3.sh,4921,3F74D11FDFF89741F53C046825B586BB
data/derived/e3/env/a800_scripts/a800_extra4.sh,4031,2A3686BB08AF9D7A0F708B2979B4C91A
data/derived/e3/env/a800_scripts/a800_fix_llava.sh,3845,846A01E8D7FB636C41190531195AB4B5
data/derived/e3/env/a800_scripts/a800_fsc_arms.sh,2651,A9511696E89788159C76B21E018F28F3
data/derived/e3/env/a800_scripts/a800_fsc_dl.sh,2895,DC652903A0D5311C48937625E1800BF2
data/derived/e3/env/a800_scripts/a800_fsc_grid.sh,2986,A24E5886B09C3ABA8362FCEB8A9B721B
data/derived/e3/env/a800_scripts/a800_fsc_panel.sh,2684,A39E6E4FCD1C4B159E6D484661DB228E
data/derived/e3/merged/e1_InternVL3_5-8B_aitod_base.csv,9073,539FAC52A3B19B75F2E690C0FE84A97E
data/derived/e3/merged/e1_InternVL3_5-8B_aitod_bestA.csv,20787,62549149BA9AD2E03B073324EB12FDD2
data/derived/e3/merged/e1_InternVL3_5-8B_aitod_bestB.csv,9136,786E5F89DB5C921F5DEE5EC05AA4E459
data/derived/e3/merged/e1_InternVL3_5-8B_aitod_bestC.csv,9297,2EF9F7451D09D423AF905696FB24A7DD
data/derived/e3/merged/e1_InternVL3_5-8B_aitod_channel.csv,11140,CBD7936A82C6D7BECC0F6AF1BC78A061
data/derived/e3/merged/e1_InternVL3_5-8B_aitod_permit.csv,10253,FD82C4CCFA33EDF958A53CF05C4A1F2A
data/derived/e3/merged/e1_InternVL3_5-8B_st_a_base.csv,4432,826534C3E343C7B12450F78D9BB8898E
data/derived/e3/merged/e1_InternVL3_5-8B_st_a_bestA.csv,12552,7C8DD40905F63A3E1F1706721588E416
data/derived/e3/merged/e1_InternVL3_5-8B_st_a_bestB.csv,4482,018A2498D10012AFCE5DA7AF024E32BE
data/derived/e3/merged/e1_InternVL3_5-8B_st_a_bestC.csv,4534,00A5D59537C5A1AAB9EF2758A0A2057E
data/derived/e3/merged/e1_InternVL3_5-8B_st_a_channel.csv,5745,81CAA32F40F1B3846E3A348385A32B8D
data/derived/e3/merged/e1_InternVL3_5-8B_st_a_enum.csv,4466,9406906943CFCC991FDE26D0D99BD015
data/derived/e3/merged/e1_InternVL3_5-8B_st_a_enumAbstain.csv,4911,16A2984210CEDC8682E255709137E4F1
data/derived/e3/merged/e1_InternVL3_5-8B_st_a_locate.csv,5247,710201E2BDC56D3FE969A0F94DE774F8
data/derived/e3/merged/e1_InternVL3_5-8B_st_a_permit.csv,4920,C8E854B1288A4A4759B2EA0EE98D2EED
data/derived/e3/merged/e1_InternVL3_5-8B_ucf_base.csv,6760,51D6C9FE7A13036A51E4384EE00550B0
data/derived/e3/merged/e1_InternVL3_5-8B_ucf_bestA.csv,18533,86B5F6D84DA0F3B5A2B15854838AE3BA
data/derived/e3/merged/e1_InternVL3_5-8B_ucf_bestB.csv,6811,06B7CFEBF10D75557DA9C2D809E8509F
data/derived/e3/merged/e1_InternVL3_5-8B_ucf_bestC.csv,6854,EB806C39FD3B1A0CC7209578ABB68A5C
data/derived/e3/merged/e1_InternVL3_5-8B_ucf_channel.csv,8612,E26205BEFB4195B8293C4200C56CB794
data/derived/e3/merged/e1_InternVL3_5-8B_ucf_enum.csv,6901,1A60901BF0469F86AB3AAA531DDE6870
data/derived/e3/merged/e1_InternVL3_5-8B_ucf_enumAbstain.csv,7413,7F75D314A6D50F90B6E5D56DF68EA38B
data/derived/e3/merged/e1_InternVL3_5-8B_ucf_locate.csv,8652,316948BF494FA1AF514D12977AABF106
data/derived/e3/merged/e1_InternVL3_5-8B_ucf_permit.csv,7407,2956BB40FE45BD5FED9854E127FD97AA
data/derived/e3/merged/e1_InternVL3_5-8B_visdrone_base.csv,7990,DF025E07BF5B11BA397E454671FBA04E
data/derived/e3/merged/e1_InternVL3_5-8B_visdrone_bestA.csv,20268,542D93774F1F707CD6A5383A972396D6
data/derived/e3/merged/e1_InternVL3_5-8B_visdrone_bestB.csv,8028,2CF20A88A3A4A8F2997C54189EE6F199
data/derived/e3/merged/e1_InternVL3_5-8B_visdrone_bestC.csv,8184,680250144DBE8E753281D357231D3E45
data/derived/e3/merged/e1_InternVL3_5-8B_visdrone_channel.csv,10073,187067A04C35CE3750BF58045C0D8802
data/derived/e3/merged/e1_InternVL3_5-8B_visdrone_enum.csv,8047,02CE675544ADBF030E3822312FE83371
data/derived/e3/merged/e1_InternVL3_5-8B_visdrone_enumAbstain.csv,9200,573120A097ED96E0475856BC0E36CF1E
data/derived/e3/merged/e1_InternVL3_5-8B_visdrone_locate.csv,9786,DD643ED841369B84DD55B01AB4A2A8FF
data/derived/e3/merged/e1_InternVL3_5-8B_visdrone_permit.csv,9285,95A3E48E4F1CAEB979573D765556F2EC
data/derived/e3/merged/e1_Phi-3.5-vision-instruct_aitod_base.csv,22077,A4396A31C39A618D17F0B709A3FA335B
data/derived/e3/merged/e1_Phi-3.5-vision-instruct_aitod_bestA.csv,26547,BE7BF26395D7948C5BFE1FA6A31FE860
data/derived/e3/merged/e1_Phi-3.5-vision-instruct_aitod_bestB.csv,11008,88FFFA73DA05C02A8F6E3F51A52BB6CA
data/derived/e3/merged/e1_Phi-3.5-vision-instruct_aitod_bestC.csv,13689,42D6DD12D6EC4538736B4C2BC596FB05
data/derived/e3/merged/e1_Phi-3.5-vision-instruct_aitod_channel.csv,14256,FE1AB4AA2FF973EAD2ADC7324314510D
data/derived/e3/merged/e1_Phi-3.5-vision-instruct_aitod_permit.csv,12774,5E33AF93E12E3A32589942D998A8A083
data/derived/e3/merged/e1_Phi-3.5-vision-instruct_st_a_base.csv,10480,4EAB08184887957CCDADC28798646C89
data/derived/e3/merged/e1_Phi-3.5-vision-instruct_st_a_bestA.csv,17304,F3924EA9782BDDADE82D5B6C4A374D83
data/derived/e3/merged/e1_Phi-3.5-vision-instruct_st_a_bestB.csv,5677,684DC682F5F11268A3A8CEFCB72E07DB
data/derived/e3/merged/e1_Phi-3.5-vision-instruct_st_a_bestC.csv,6908,4D74B48C06B8520510D34074F5440E94
data/derived/e3/merged/e1_Phi-3.5-vision-instruct_st_a_channel.csv,7761,461F7403BE28DF90917DCC9C1A2970D7
data/derived/e3/merged/e1_Phi-3.5-vision-instruct_st_a_enum.csv,9074,66C2FCA9E8E225E329C7025FED30D64D
data/derived/e3/merged/e1_Phi-3.5-vision-instruct_st_a_enumAbstain.csv,9172,D28DD8144F736B571D8AC45A624889DA
data/derived/e3/merged/e1_Phi-3.5-vision-instruct_st_a_locate.csv,19352,879C8CEE1D7509A8F4B02D0382858AF3
data/derived/e3/merged/e1_Phi-3.5-vision-instruct_st_a_permit.csv,6576,9593C23C037CAF9843AEDB0F831BCA1C
data/derived/e3/merged/e1_Phi-3.5-vision-instruct_ucf_base.csv,14472,BB27B7C73726BD4109C35042B15564CD
data/derived/e3/merged/e1_Phi-3.5-vision-instruct_ucf_bestA.csv,25587,48C574237E8D15080C2381F843ED12C5
data/derived/e3/merged/e1_Phi-3.5-vision-instruct_ucf_bestB.csv,8206,FF553EF404AA3E62B798693C0D130ECC
data/derived/e3/merged/e1_Phi-3.5-vision-instruct_ucf_bestC.csv,9941,36D616F4E430F5BEBDF3C9EECDFC619B
data/derived/e3/merged/e1_Phi-3.5-vision-instruct_ucf_channel.csv,11222,34213E6EE15D59FA2305747B35E4CA8D
data/derived/e3/merged/e1_Phi-3.5-vision-instruct_ucf_enum.csv,11812,A7477FACD17B9E47105147434B1D5339
data/derived/e3/merged/e1_Phi-3.5-vision-instruct_ucf_enumAbstain.csv,12578,6C79D79DC42F77EAA4DC39BACA01FD39
data/derived/e3/merged/e1_Phi-3.5-vision-instruct_ucf_locate.csv,28629,7F330BD763EDA7AC7CAD3DD5B238079F
data/derived/e3/merged/e1_Phi-3.5-vision-instruct_ucf_permit.csv,9803,316D61C8316F592AFE10187B0A4F5CF8
data/derived/e3/merged/e1_Phi-3.5-vision-instruct_visdrone_base.csv,15232,D0729B231D205B3959E2558500A5A330
data/derived/e3/merged/e1_Phi-3.5-vision-instruct_visdrone_bestA.csv,25599,1494FFC6C9A5F274E49A0D1DC2E37949
data/derived/e3/merged/e1_Phi-3.5-vision-instruct_visdrone_bestB.csv,9345,B00493D1FC2B58EE66CFF90D8F55BC6B
data/derived/e3/merged/e1_Phi-3.5-vision-instruct_visdrone_bestC.csv,11748,DBE2F8B08E1414832275915E06F1F635
data/derived/e3/merged/e1_Phi-3.5-vision-instruct_visdrone_channel.csv,13041,6F6C69CCE43431DF5BEA56F061AC6754
data/derived/e3/merged/e1_Phi-3.5-vision-instruct_visdrone_enum.csv,10747,7397D2AEDD646C4F98D3B8CFB1EE6235
data/derived/e3/merged/e1_Phi-3.5-vision-instruct_visdrone_enumAbstain.csv,10166,10FA88FCE17ED623ED2C5B49C4724A1D
data/derived/e3/merged/e1_Phi-3.5-vision-instruct_visdrone_locate.csv,23744,4A59D4A309A19CC6A04873A9B7D83669
data/derived/e3/merged/e1_Phi-3.5-vision-instruct_visdrone_permit.csv,11718,C29D2C856902F7381A5916DD58674503
data/derived/e3/merged/e1_gemma3-12b_aitod_base.csv,11082,029EC5B06246F7C0935B48D1B562406A
data/derived/e3/merged/e1_gemma3-12b_aitod_bestA.csv,29620,FEBDD7AA0B227A715559C0D1666D9D52
data/derived/e3/merged/e1_gemma3-12b_aitod_bestB.csv,9297,C9AA40AC7C54B903F111AE0FAA58782C
data/derived/e3/merged/e1_gemma3-12b_aitod_bestC.csv,18316,3E0CC5BDAB476F2C106BFB950DBCADCF
data/derived/e3/merged/e1_gemma3-12b_aitod_channel.csv,13323,4D4AD609D9D6979B21321BA4F285E7FC
data/derived/e3/merged/e1_gemma3-12b_aitod_permit.csv,10218,08EC7B710E99CD64694F0FFAA06451FF
data/derived/e3/merged/e1_gemma3-12b_st_a_base.csv,5698,3D3239756931718B0B6D5D4CB471A92B
data/derived/e3/merged/e1_gemma3-12b_st_a_bestA.csv,22797,B8C9090ABB9A8FAB3A557507555B09BF
data/derived/e3/merged/e1_gemma3-12b_st_a_bestB.csv,4909,B9D1A9D8D7F7A1EE51F654D291B1E7CD
data/derived/e3/merged/e1_gemma3-12b_st_a_bestC.csv,9052,3B0C7A3860B6E8561A6955A78EB9B519
data/derived/e3/merged/e1_gemma3-12b_st_a_channel.csv,6992,D346E4A9DEF6180E232D9E54D8A73A3E
data/derived/e3/merged/e1_gemma3-12b_st_a_enum.csv,14002,690C5B892A015897D0910BD0C4D78ED6
data/derived/e3/merged/e1_gemma3-12b_st_a_enumAbstain.csv,5417,9A2B874E065EBC6E98E46F785F520764
data/derived/e3/merged/e1_gemma3-12b_st_a_locate.csv,33092,4E62B055DDFD62BE17B3A7CE0C454E19
data/derived/e3/merged/e1_gemma3-12b_st_a_permit.csv,4930,91854C8D456D5CA97C83EDC990F6BA32
data/derived/e3/merged/e1_gemma3-12b_ucf_base.csv,8593,A79014F2FF92BE83EFC58560B7438453
data/derived/e3/merged/e1_gemma3-12b_ucf_bestA.csv,33743,DCBD65590E304C1F28F3BA509B092754
data/derived/e3/merged/e1_gemma3-12b_ucf_bestB.csv,7050,64C58D1AA2B4943A4A4352C2EDFF40D8
data/derived/e3/merged/e1_gemma3-12b_ucf_bestC.csv,11303,03BD5D1C27C9D0DF2261273605A475FA
data/derived/e3/merged/e1_gemma3-12b_ucf_channel.csv,10408,2FC4F6A668DEC5F7AFD96A6F144B492F
data/derived/e3/merged/e1_gemma3-12b_ucf_enum.csv,18586,CFA909F4A59A13F4DEB9CC079EA505CB
data/derived/e3/merged/e1_gemma3-12b_ucf_enumAbstain.csv,8043,B1FD631E15738DD832E9471EF2C80FC5
data/derived/e3/merged/e1_gemma3-12b_ucf_locate.csv,44316,0D1BCBFB22E3C13A014A487CB29544B7
data/derived/e3/merged/e1_gemma3-12b_ucf_permit.csv,7407,FF432B7FFCF4B8FC3850E0FB1A563D9F
data/derived/e3/merged/e1_gemma3-12b_visdrone_base.csv,10592,0AE51DCC1DCFB8FEB07F238C0E9E5DD4
data/derived/e3/merged/e1_gemma3-12b_visdrone_bestA.csv,29225,D0E4DEB2521A80A0ACC62E332664D0CF
data/derived/e3/merged/e1_gemma3-12b_visdrone_bestB.csv,8248,0959CDEB1DAC36C78FF058F70961B259
data/derived/e3/merged/e1_gemma3-12b_visdrone_bestC.csv,11105,9A1E509600FC5593F26732BE1D0DE7C6
data/derived/e3/merged/e1_gemma3-12b_visdrone_channel.csv,12936,7D0C62A4444525BB5FFE0119B6A7D97A
data/derived/e3/merged/e1_gemma3-12b_visdrone_enum.csv,10516,3BDC153DE048F8432CB3D824F7843897
data/derived/e3/merged/e1_gemma3-12b_visdrone_enumAbstain.csv,10174,F3C458792D8CC64D56BDF9DCCD3B5349
data/derived/e3/merged/e1_gemma3-12b_visdrone_locate.csv,10236,A71534968EBF335459D7B7A7B25EDF59
data/derived/e3/merged/e1_gemma3-12b_visdrone_permit.csv,9685,884D07CE8C10309D2BEDE0416CBC53A5
data/derived/e3/merged/e1_internvl25-8b-awq_aitod_base.csv,10835,A4E69524F1220DEBC2FBE2ADACFDA664
data/derived/e3/merged/e1_internvl25-8b-awq_aitod_bestA.csv,26114,E8C1211416E60CDB01E22E7A831026D1
data/derived/e3/merged/e1_internvl25-8b-awq_aitod_bestB.csv,10275,7DDDFEB789641219BAF74B5B50AE6D11
data/derived/e3/merged/e1_internvl25-8b-awq_aitod_bestC.csv,11124,F9B584339CF79A35C2AAB743234258D4
data/derived/e3/merged/e1_internvl25-8b-awq_aitod_channel.csv,12977,5F0102A0F42F800B324F0FD754D84553
data/derived/e3/merged/e1_internvl25-8b-awq_aitod_permit.csv,10354,113BFDC24F397F20561CBB4EC655D945
data/derived/e3/merged/e1_internvl25-8b-awq_st_a_base.csv,5227,B00C5321DEDD79A6CFA261AF7D057FD4
data/derived/e3/merged/e1_internvl25-8b-awq_st_a_bestA.csv,14273,77C9585EB437A00EF32A6605CDD14DAA
data/derived/e3/merged/e1_internvl25-8b-awq_st_a_bestB.csv,4820,54F5D04B4CE0CE5ADB37D8572E8F58CC
data/derived/e3/merged/e1_internvl25-8b-awq_st_a_bestC.csv,5363,DD11B4B9DC5DE6941DDA3BE9149F520C
data/derived/e3/merged/e1_internvl25-8b-awq_st_a_channel.csv,5720,6E1C6C6CEE03DFBE4C50DDDE18E32100
data/derived/e3/merged/e1_internvl25-8b-awq_st_a_permit.csv,4919,A9748640F49260B0096926371652BA77
data/derived/e3/merged/e1_internvl25-8b-awq_ucf_base.csv,9534,25248EC15672ECAA7A7B4A856E46A9AB
data/derived/e3/merged/e1_internvl25-8b-awq_ucf_bestA.csv,25514,453F78BE63E83D46487BA42874FDF98D
data/derived/e3/merged/e1_internvl25-8b-awq_ucf_bestB.csv,9336,047CD88BFF46237B6A792914EF8BE3B2
data/derived/e3/merged/e1_internvl25-8b-awq_ucf_bestC.csv,9926,2E483A14343B72E5DCDEB3C124EB1822
data/derived/e3/merged/e1_internvl25-8b-awq_ucf_channel.csv,10619,2CA6139DA417034558C24C1E5D4D6A30
data/derived/e3/merged/e1_internvl25-8b-awq_ucf_permit.csv,8906,BF1F9CB6EC860DE2E15DE566FC20576C
data/derived/e3/merged/e1_internvl25-8b-awq_visdrone_base.csv,9772,023F49410DAC5B007B5F0FF9556E1B72
data/derived/e3/merged/e1_internvl25-8b-awq_visdrone_bestA.csv,24682,9CCC70A671CC38B8F7EE222AC2BA9953
data/derived/e3/merged/e1_internvl25-8b-awq_visdrone_bestB.csv,9106,DDD7DD9E4B8B1930AFC7FA28E43580EC
data/derived/e3/merged/e1_internvl25-8b-awq_visdrone_bestC.csv,9733,8B207E23837ACC5D928E498D53912E67
data/derived/e3/merged/e1_internvl25-8b-awq_visdrone_channel.csv,11795,74BB7C47AD950BD42E7D8F2A85DF5030
data/derived/e3/merged/e1_internvl25-8b-awq_visdrone_permit.csv,9326,C461680E7E5561A2FAA5E8033416F943
data/derived/e3/merged/e1_llava-onevision-qwen2-7b-ov_aitod_base.csv,11592,A7DFEB92C0E316E58EA7A302F911671D
data/derived/e3/merged/e1_llava-onevision-qwen2-7b-ov_aitod_bestA.csv,28280,8393070EEDF58FEF97BEBF959A5DA955
data/derived/e3/merged/e1_llava-onevision-qwen2-7b-ov_aitod_bestB.csv,11467,07F307F790DA469119585F4988DFDCCF
data/derived/e3/merged/e1_llava-onevision-qwen2-7b-ov_aitod_bestC.csv,11923,9D7A86A46A3B7E519C76E4A5CC56436D
data/derived/e3/merged/e1_llava-onevision-qwen2-7b-ov_aitod_channel.csv,13467,89A6FB954743DFF117A05020D98CE27D
data/derived/e3/merged/e1_llava-onevision-qwen2-7b-ov_aitod_permit.csv,12013,6A310661000C53A9D32DA9BC3D784D25
data/derived/e3/merged/e1_llava-onevision-qwen2-7b-ov_st_a_base.csv,23703,774433AD3DDC13EE7D22E52C4FB46B6B
data/derived/e3/merged/e1_llava-onevision-qwen2-7b-ov_st_a_bestA.csv,17648,C5740F0A5B674EE0F92547C334CA0F29
data/derived/e3/merged/e1_llava-onevision-qwen2-7b-ov_st_a_bestB.csv,6165,DCBFD521AD627365F43D8331FD3AB506
data/derived/e3/merged/e1_llava-onevision-qwen2-7b-ov_st_a_bestC.csv,6249,0E5D7C8717B08D8411094CE18427FD85
data/derived/e3/merged/e1_llava-onevision-qwen2-7b-ov_st_a_channel.csv,6806,35294E710BA7567CE7C7270B9F6EFEC9
data/derived/e3/merged/e1_llava-onevision-qwen2-7b-ov_st_a_permit.csv,14000,3F40E82FBFCFB1F0F4C0F33EC8179B6D
data/derived/e3/merged/e1_llava-onevision-qwen2-7b-ov_ucf_base.csv,19502,C65E5AFB9E120124522B72F4A4553673
data/derived/e3/merged/e1_llava-onevision-qwen2-7b-ov_ucf_bestA.csv,25810,43A8AC575D4C0E5BA1DBCD6F09D722BC
data/derived/e3/merged/e1_llava-onevision-qwen2-7b-ov_ucf_bestB.csv,9012,CE5D350B7C91230861D35B2306A3F71B
data/derived/e3/merged/e1_llava-onevision-qwen2-7b-ov_ucf_bestC.csv,9314,A975E755CA8C32BAF48052E9719C9714
data/derived/e3/merged/e1_llava-onevision-qwen2-7b-ov_ucf_channel.csv,9259,115C63034E62C792F12976E9B4DEB152
data/derived/e3/merged/e1_llava-onevision-qwen2-7b-ov_ucf_permit.csv,12165,A8E8349802AFBE9D922EA271533D598D
data/derived/e3/merged/e1_llava-onevision-qwen2-7b-ov_visdrone_base.csv,10519,C8ECE6FB5BB98672998922D590AA195F
data/derived/e3/merged/e1_llava-onevision-qwen2-7b-ov_visdrone_bestA.csv,26666,BAF2E75310CBEED18632C233ECB6320B
data/derived/e3/merged/e1_llava-onevision-qwen2-7b-ov_visdrone_bestB.csv,10461,C9A6B22167C6B7C2CDC94820BEC31AFB
data/derived/e3/merged/e1_llava-onevision-qwen2-7b-ov_visdrone_bestC.csv,10413,A21D4CEBC6ED0039C129B6E4A49F3AAB
data/derived/e3/merged/e1_llava-onevision-qwen2-7b-ov_visdrone_channel.csv,12471,F9CA0F708082F17E1688CF00945ACB94
data/derived/e3/merged/e1_llava-onevision-qwen2-7b-ov_visdrone_permit.csv,11779,0E01B69A88CD0B736B2C41D0DAA7E4EB
data/derived/e3/merged/e1_qwen25vl-72b-awq_aitod_base.csv,11164,1B5DE6CDE851EE8BCC607A056F9394EA
data/derived/e3/merged/e1_qwen25vl-72b-awq_aitod_bestA.csv,23906,35BFB66DA7F82C7BCF3CF3E04CFC8D47
data/derived/e3/merged/e1_qwen25vl-72b-awq_aitod_bestB.csv,9160,FC2BAB2AD38F092B460D6FEDFDAD664C
data/derived/e3/merged/e1_qwen25vl-72b-awq_aitod_bestC.csv,10772,AA4B20DBDB8DA75AC3D5262049FA0F31
data/derived/e3/merged/e1_qwen25vl-72b-awq_aitod_channel.csv,11329,751C4C7C8EE5B9BD498F4EAFFB22B39A
data/derived/e3/merged/e1_qwen25vl-72b-awq_aitod_permit.csv,10551,A549F7F5CD947BE0436AA53BFFC646CF
data/derived/e3/merged/e1_qwen25vl-72b-awq_st_a_base.csv,5862,9C403C127ACFE79232E045434206E15C
data/derived/e3/merged/e1_qwen25vl-72b-awq_st_a_bestA.csv,17223,72DBB1FA37A72C9F042B5F05F3B9D073
data/derived/e3/merged/e1_qwen25vl-72b-awq_st_a_bestB.csv,4472,23D7586E794D2897A3D0C6287966C70B
data/derived/e3/merged/e1_qwen25vl-72b-awq_st_a_bestC.csv,5577,5B6C572471F750F87D2E47453E787404
data/derived/e3/merged/e1_qwen25vl-72b-awq_st_a_channel.csv,5735,D01F500EE3D89176FA54748FD852C4C3
data/derived/e3/merged/e1_qwen25vl-72b-awq_st_a_channelB.csv,5744,802DFDB3643D0217BE843B867060D00B
data/derived/e3/merged/e1_qwen25vl-72b-awq_st_a_permit.csv,4929,69CB4359E339CB056A3A8528DD996F54
data/derived/e3/merged/e1_qwen25vl-72b-awq_st_a_permitB.csv,4924,4A6939E1ECF41FFD64C3D0B8E82922E2
data/derived/e3/merged/e1_qwen25vl-72b-awq_st_a_permitC.csv,4927,825585C3F4F7D27DB01241493805C85A
data/derived/e3/merged/e1_qwen25vl-72b-awq_ucf_base.csv,11021,6AA85188B66BCD9E59BEB0CFD6AA8362
data/derived/e3/merged/e1_qwen25vl-72b-awq_ucf_bestA.csv,30528,3AEDA05045B5A6695D8D39B3EDE97129
data/derived/e3/merged/e1_qwen25vl-72b-awq_ucf_bestB.csv,8369,839011A9E5D5640E1212CC4D15AEED09
data/derived/e3/merged/e1_qwen25vl-72b-awq_ucf_bestC.csv,10623,85F9CC53EAB9DA72FE947D54F3EC67CC
data/derived/e3/merged/e1_qwen25vl-72b-awq_ucf_channel.csv,10490,13E2709093CCE79B5E95445F1D4C6F30
data/derived/e3/merged/e1_qwen25vl-72b-awq_ucf_channelB.csv,10491,CAC38EED1D5C6B3DCF4D98F5EB3194CD
data/derived/e3/merged/e1_qwen25vl-72b-awq_ucf_permit.csv,9043,E6BF7D47B98979A0215464A4BF28FDA7
data/derived/e3/merged/e1_qwen25vl-72b-awq_ucf_permitB.csv,9049,634D431FA3EB7C9E2F055E932F54515E
data/derived/e3/merged/e1_qwen25vl-72b-awq_ucf_permitC.csv,9039,60CCB1163B8F2AB3145AA555EA43D83A
data/derived/e3/merged/e1_qwen25vl-72b-awq_visdrone_base.csv,10014,E26378B8880DE27C998C5F328CFFA2D8
data/derived/e3/merged/e1_qwen25vl-72b-awq_visdrone_bestA.csv,20520,13F4E92A6591EDAF4EB837361673B928
data/derived/e3/merged/e1_qwen25vl-72b-awq_visdrone_bestB.csv,8132,B7CA78E57E1EA9FD4DE735406278EAA6
data/derived/e3/merged/e1_qwen25vl-72b-awq_visdrone_bestC.csv,9887,6850264CF1DD1B3EF91AD966CE3AFFF1
data/derived/e3/merged/e1_qwen25vl-72b-awq_visdrone_channel.csv,10546,8BDFA0937D041DB2105D17F6AF390243
data/derived/e3/merged/e1_qwen25vl-72b-awq_visdrone_permit.csv,9556,41465C1658C0208323EB0D592055E627
data/derived/e3/merged/e1_qwen3-vl-32b-awq_aitod_base.csv,9263,456FF6ECC67A19C1659CC2F8EF928EF5
data/derived/e3/merged/e1_qwen3-vl-32b-awq_aitod_bestA.csv,51128,FBE8A19BE43BEFFCBDB8ECE683A2D1AA
data/derived/e3/merged/e1_qwen3-vl-32b-awq_aitod_bestB.csv,9362,18DBB737BF2D74089E2984035CAC96E5
data/derived/e3/merged/e1_qwen3-vl-32b-awq_aitod_bestC.csv,9458,4CBA0BF8FA48F41E7C479F24101C7AD3
data/derived/e3/merged/e1_qwen3-vl-32b-awq_aitod_channel.csv,11745,CF200C14263405BD538D7BC1E677CB95
data/derived/e3/merged/e1_qwen3-vl-32b-awq_aitod_enum.csv,9264,940B4D2CC039487D86B0FF3F87A862B9
data/derived/e3/merged/e1_qwen3-vl-32b-awq_aitod_enumAbstain.csv,10433,013EB099825DAA33710F257B82B7A48A
data/derived/e3/merged/e1_qwen3-vl-32b-awq_aitod_locate.csv,9258,CDF10CE3E84EDD5481DAD86BF71F447F
data/derived/e3/merged/e1_qwen3-vl-32b-awq_aitod_permit.csv,10601,C44C7937CDC61C07E92D7AFD2AB0E583
data/derived/e3/merged/e1_qwen3-vl-32b-awq_countbench_base.csv,295,8637B8006E98D43E7E0247770C79A7E9
data/derived/e3/merged/e1_qwen3-vl-32b-awq_countbench_bestA.csv,1299,DFE2FA04A56A0DE83CF6E67C136B9FEB
data/derived/e3/merged/e1_qwen3-vl-32b-awq_countbench_bestB.csv,295,31E18CC7AE3CEEA26A7CFB55A8F2F8A5
data/derived/e3/merged/e1_qwen3-vl-32b-awq_countbench_bestC.csv,301,745A7875AA2350B651DF0C85C7070276
data/derived/e3/merged/e1_qwen3-vl-32b-awq_countbench_channel.csv,375,706632F4AF27616665F742060B4C5B85
data/derived/e3/merged/e1_qwen3-vl-32b-awq_countbench_enum.csv,290,618D34AA022D74015D6D402611C37CB9
data/derived/e3/merged/e1_qwen3-vl-32b-awq_countbench_enumAbstain.csv,294,8DB5BE205F2E21E69E57A27C74EC8E2C
data/derived/e3/merged/e1_qwen3-vl-32b-awq_countbench_locate.csv,295,4E6A30882DED8CCBF2943CCEB958CB3C
data/derived/e3/merged/e1_qwen3-vl-32b-awq_countbench_permit.csv,331,D8BA2A66A1727905B07800C42F4E1307
data/derived/e3/merged/e1_qwen3-vl-32b-awq_st_a_base.csv,16824,802232F5DDFDE03BE111E3F582F56819
data/derived/e3/merged/e1_qwen3-vl-32b-awq_st_a_bestA.csv,36176,4209996CC48F58249058DB161EC5E7BF
data/derived/e3/merged/e1_qwen3-vl-32b-awq_st_a_bestB.csv,4595,CE7F67446A24AE6DBCCC8CB3F4D7F0FE
data/derived/e3/merged/e1_qwen3-vl-32b-awq_st_a_bestC.csv,4601,0C512321027F7203454D3DAF3A932613
data/derived/e3/merged/e1_qwen3-vl-32b-awq_st_a_channel.csv,23820,50C68E54E7B93FAFBD616F2B76D48B6A
data/derived/e3/merged/e1_qwen3-vl-32b-awq_st_a_channelB.csv,5741,6B9388CDDF3649B5FA7D44075737CBFA
data/derived/e3/merged/e1_qwen3-vl-32b-awq_st_a_enum.csv,4219,0F175E112F0DEDE9E40C38563759A73C
data/derived/e3/merged/e1_qwen3-vl-32b-awq_st_a_enumAbstain.csv,4907,3E38F27721F278A99C126486ACCADB29
data/derived/e3/merged/e1_qwen3-vl-32b-awq_st_a_locate.csv,4023,81310A282278613747C38CE441C56D92
data/derived/e3/merged/e1_qwen3-vl-32b-awq_st_a_permit.csv,20485,65C5FE174B8FBCFC2001869315431953
data/derived/e3/merged/e1_qwen3-vl-32b-awq_st_a_permitB.csv,4914,B5FB8E325EEC739B40728BBBD2D5DF25
data/derived/e3/merged/e1_qwen3-vl-32b-awq_st_a_permitC.csv,4916,E9871F8316E46D84E27C32A98D15FE7F
data/derived/e3/merged/e1_qwen3-vl-32b-awq_ucf_base.csv,30906,D5E093658055946A916EE925199CF7C0
data/derived/e3/merged/e1_qwen3-vl-32b-awq_ucf_bestA.csv,65885,0A55D7ECD5AC47EA50B8EE3AD629486C
data/derived/e3/merged/e1_qwen3-vl-32b-awq_ucf_bestB.csv,8403,1CE55549E520C936C9A6F4BB2B4DB84B
data/derived/e3/merged/e1_qwen3-vl-32b-awq_ucf_bestC.csv,8416,92E80A8CE7AA61D4B8888C8D56B15D68
data/derived/e3/merged/e1_qwen3-vl-32b-awq_ucf_channel.csv,42894,9A57F764A5F693D0120B017DF665A8D1
data/derived/e3/merged/e1_qwen3-vl-32b-awq_ucf_channelB.csv,10349,47064DAA582C94DF70AF343348E07266
data/derived/e3/merged/e1_qwen3-vl-32b-awq_ucf_enum.csv,7787,1D790CD4969FD3AC81C063C7891ED378
data/derived/e3/merged/e1_qwen3-vl-32b-awq_ucf_enumAbstain.csv,8909,6E1B21919C1344834BBD676FE372AF0B
data/derived/e3/merged/e1_qwen3-vl-32b-awq_ucf_locate.csv,7429,EB17227EBCE1A4873F418938D2372DD5
data/derived/e3/merged/e1_qwen3-vl-32b-awq_ucf_permit.csv,37117,B89895A5448C209A776CD586A710EB5D
data/derived/e3/merged/e1_qwen3-vl-32b-awq_ucf_permitB.csv,8911,10D6A999A217DCE097811A1123B3C18C
data/derived/e3/merged/e1_qwen3-vl-32b-awq_ucf_permitC.csv,8904,16FA2D44A7E27CA8780163453DB5C0FD
data/derived/e3/merged/e1_qwen3-vl-32b-awq_visdrone_base.csv,14583,4DC6C4FDA74C1389322D42FD89C813C3
data/derived/e3/merged/e1_qwen3-vl-32b-awq_visdrone_bestA.csv,94549,E0B7A524E4D14EEDC77379E8C7DDB5B8
data/derived/e3/merged/e1_qwen3-vl-32b-awq_visdrone_bestB.csv,14801,6F1264FB4610274F0BF59B2B48FAF236
data/derived/e3/merged/e1_qwen3-vl-32b-awq_visdrone_bestC.csv,14904,744CD5126013C081D1604BFA226F8C61
data/derived/e3/merged/e1_qwen3-vl-32b-awq_visdrone_channel.csv,19092,1173474B19D45C88D9E4D0C2F106C02A
data/derived/e3/merged/e1_qwen3-vl-32b-awq_visdrone_enum.csv,14611,A33C61B3A5B9A97A18CF7E9769794827
data/derived/e3/merged/e1_qwen3-vl-32b-awq_visdrone_enumAbstain.csv,17022,289D3446BC9AEACA402971218B983D47
data/derived/e3/merged/e1_qwen3-vl-32b-awq_visdrone_locate.csv,14611,3369B160DD72C85901DDFCF4CA86A09E
data/derived/e3/merged/e1_qwen3-vl-32b-awq_visdrone_permit.csv,17046,5B424298919DCC9C94CC379B002BA6DB
data/derived/e3/nonzero/e1_InternVL3_5-8B_aitod_base.csv,4478,1FC2AEDAFB8FDA7079395127A6646002
data/derived/e3/nonzero/e1_InternVL3_5-8B_aitod_channel.csv,5125,91E8FE6BCACA243D1A1CEF7B23D99B54
data/derived/e3/nonzero/e1_InternVL3_5-8B_aitod_permit.csv,4659,AEB9D7FEC709F7DEACA765A7A476F322
data/derived/e3/nonzero/e1_InternVL3_5-8B_st_a_base.csv,3361,529B72CE6B49119A3F4F9927BB05D2C3
data/derived/e3/nonzero/e1_InternVL3_5-8B_st_a_channel.csv,4332,E9A6DC1BD051CA051BFE5B9A12B2E6E8
data/derived/e3/nonzero/e1_InternVL3_5-8B_st_a_permit.csv,3762,5056911665C37B1C6992FDC8090E2E3D
data/derived/e3/nonzero/e1_InternVL3_5-8B_ucf_base.csv,6604,0D223A2655EEA252C1115E3604F4E480
data/derived/e3/nonzero/e1_InternVL3_5-8B_ucf_channel.csv,8475,DA2851A6DF849B030C13BEEC91F685D6
data/derived/e3/nonzero/e1_InternVL3_5-8B_ucf_permit.csv,7364,6B40F037B829E8C9D596B2C40681190C
data/derived/e3/nonzero/e1_InternVL3_5-8B_visdrone_base.csv,7053,5CA7707690BCB04A12AD332C5FB837F4
data/derived/e3/nonzero/e1_InternVL3_5-8B_visdrone_channel.csv,8425,BA59C59D3719748FC6A78C78148F486A
data/derived/e3/nonzero/e1_InternVL3_5-8B_visdrone_permit.csv,7431,426CCAF186F9F0574393CC16C3FB1B13
data/derived/e3/nonzero/e1_Phi-3.5-vision-instruct_aitod_base.csv,6703,EA1E6E9D447F7F1ED4A7CB964E29A66A
data/derived/e3/nonzero/e1_Phi-3.5-vision-instruct_aitod_channel.csv,6772,A95FF1A9F1D19E5F84BE5C92E14F8A09
data/derived/e3/nonzero/e1_Phi-3.5-vision-instruct_aitod_permit.csv,6210,B8C5197897DE1815A41A1A42A26EE71D
data/derived/e3/nonzero/e1_Phi-3.5-vision-instruct_st_a_base.csv,5467,1EE8B97E764B95694A34E723AF95AB20
data/derived/e3/nonzero/e1_Phi-3.5-vision-instruct_st_a_channel.csv,6135,F68932D008D42CF3173366BE1547CC49
data/derived/e3/nonzero/e1_Phi-3.5-vision-instruct_st_a_permit.csv,5036,DB886AC327F861FCFC9F599BD0CF7E72
data/derived/e3/nonzero/e1_Phi-3.5-vision-instruct_ucf_base.csv,9904,1C9F8F761D5A63787F22BD170D5BB413
data/derived/e3/nonzero/e1_Phi-3.5-vision-instruct_ucf_channel.csv,11030,B85BCD6D3913B44B9116DCA7BC9CEC7F
data/derived/e3/nonzero/e1_Phi-3.5-vision-instruct_ucf_permit.csv,9749,80125F96E803445AE9C8C8983689542A
data/derived/e3/nonzero/e1_Phi-3.5-vision-instruct_visdrone_base.csv,9458,B67A1EB957D8835FA4D60CA2893526FE
data/derived/e3/nonzero/e1_Phi-3.5-vision-instruct_visdrone_channel.csv,11072,9D0CB13A3508E0A143D3EDB1D6F88AEE
data/derived/e3/nonzero/e1_Phi-3.5-vision-instruct_visdrone_permit.csv,9969,B8556FD53E9E611D62D2C233382615E8
data/derived/e3/nonzero/e1_gemma3-12b_aitod_base.csv,5393,F873569B5BF9F7F73C6CEFAEB98A04B6
data/derived/e3/nonzero/e1_gemma3-12b_aitod_channel.csv,6222,3C47EF8A0650AAA7CE9C5DF6FDF70AD2
data/derived/e3/nonzero/e1_gemma3-12b_aitod_permit.csv,4741,0A054130B750835039DA38DA0E502B38
data/derived/e3/nonzero/e1_gemma3-12b_st_a_base.csv,4311,A9CF9646A0FB2CC28F519D6F2EAE79E5
data/derived/e3/nonzero/e1_gemma3-12b_st_a_channel.csv,5360,2F44969F473B076F3C16197B96EA9CF2
data/derived/e3/nonzero/e1_gemma3-12b_st_a_permit.csv,3769,DB458ED33301FD2BDE04171A80F95D4A
data/derived/e3/nonzero/e1_gemma3-12b_ucf_base.csv,8415,E3BFA946A0F187869DA252B5B06AA7FE
data/derived/e3/nonzero/e1_gemma3-12b_ucf_channel.csv,10364,D751185BC4401B1EF734E41D1752A90E
data/derived/e3/nonzero/e1_gemma3-12b_ucf_permit.csv,7362,BF3AB10E7163E1A993DF3C9D7BC85157
data/derived/e3/nonzero/e1_gemma3-12b_visdrone_base.csv,8646,5CB880E70538D2F57F350C04EDEC9731
data/derived/e3/nonzero/e1_gemma3-12b_visdrone_channel.csv,10298,31C8044297BBD6A2D6AB269F4A479D51
data/derived/e3/nonzero/e1_gemma3-12b_visdrone_permit.csv,7510,6AF2A42ECB0BF6E144B1AA7A3D93E2C6
data/derived/e3/nonzero/e1_internvl25-8b-awq_aitod_base.csv,5313,8B0A438115769FEEE802BCE7AB3DD0B2
data/derived/e3/nonzero/e1_internvl25-8b-awq_aitod_channel.csv,6428,EB5F7B72141EB0F10FCF35D07A5EB164
data/derived/e3/nonzero/e1_internvl25-8b-awq_aitod_permit.csv,4963,7A01C85B1D7D120D9DF51BFB025062D8
data/derived/e3/nonzero/e1_internvl25-8b-awq_st_a_base.csv,3937,3C993333DD08B3F8F4601C1C574A01AE
data/derived/e3/nonzero/e1_internvl25-8b-awq_st_a_channel.csv,4620,DFC13BC62F0FF7691A922D7113B246F7
data/derived/e3/nonzero/e1_internvl25-8b-awq_st_a_permit.csv,3774,FD5F968A8AE7224E1B706BEDFC0B6E3E
data/derived/e3/nonzero/e1_internvl25-8b-awq_st_b_base.csv,16548,A471DAA08485E1751B241E45B843E38A
data/derived/e3/nonzero/e1_internvl25-8b-awq_st_b_channel.csv,20987,6F8FF0E4D117610D36242388E5D48D6A
data/derived/e3/nonzero/e1_internvl25-8b-awq_st_b_permit.csv,14920,C5090FE64E909058AB4BC420A8E68F86
data/derived/e3/nonzero/e1_internvl25-8b-awq_ucf_base.csv,8394,659A177F66A4C371F337967EC845ECF5
data/derived/e3/nonzero/e1_internvl25-8b-awq_ucf_channel.csv,9744,12CB30CBD50868F796CB2EFD6818AA57
data/derived/e3/nonzero/e1_internvl25-8b-awq_ucf_permit.csv,7567,6267BA697BAB7563E668787DA8919624
data/derived/e3/nonzero/e1_internvl25-8b-awq_visdrone_base.csv,8498,0E6007CDCA88BEC0F9D0B074DB0C0C03
data/derived/e3/nonzero/e1_internvl25-8b-awq_visdrone_channel.csv,10475,C414BC14F7B0EF3A400CBF79DDA7D57D
data/derived/e3/nonzero/e1_internvl25-8b-awq_visdrone_permit.csv,7923,04C1EBF48548C5A50DD3E62598E449B5
data/derived/e3/nonzero/e1_llava-onevision-qwen2-7b-ov_aitod_base.csv,5613,8DE123018150FBAB8764797C126954B3
data/derived/e3/nonzero/e1_llava-onevision-qwen2-7b-ov_aitod_channel.csv,6580,B295F6BA765CD1DE12BD1598FB4569B8
data/derived/e3/nonzero/e1_llava-onevision-qwen2-7b-ov_aitod_permit.csv,5451,F2D2B3AEDAAF4D812180B723808E5A5D
data/derived/e3/nonzero/e1_llava-onevision-qwen2-7b-ov_st_a_base.csv,7815,B57B62EDFC84EB82DCD8FDA063069E57
data/derived/e3/nonzero/e1_llava-onevision-qwen2-7b-ov_st_a_channel.csv,5492,8B90A5B68DA0A7D3BD324B805D1D2164
data/derived/e3/nonzero/e1_llava-onevision-qwen2-7b-ov_st_a_permit.csv,9421,257DB3642579021804E961A1512A669A
data/derived/e3/nonzero/e1_llava-onevision-qwen2-7b-ov_ucf_base.csv,9269,2379D7BC3CD1AE6D53DE2EE3646E519B
data/derived/e3/nonzero/e1_llava-onevision-qwen2-7b-ov_ucf_channel.csv,9287,0F78A084D9DBDE8E5AC1B651A380AF30
data/derived/e3/nonzero/e1_llava-onevision-qwen2-7b-ov_ucf_permit.csv,8516,4FA1FD14738759200550BCBDBF61821F
data/derived/e3/nonzero/e1_llava-onevision-qwen2-7b-ov_visdrone_base.csv,9042,B191B2404C6E5715818BE4C98685BCB7
data/derived/e3/nonzero/e1_llava-onevision-qwen2-7b-ov_visdrone_channel.csv,10690,AA60B40DA2DF3C651859478FDC8F1307
data/derived/e3/nonzero/e1_llava-onevision-qwen2-7b-ov_visdrone_permit.csv,8888,F1FEEE8BEEAE6A80113D446ACBBB544A
data/derived/e3/nonzero/e1_qwen25vl-72b-awq_aitod_base.csv,5517,4AA94AF58A17787248BA2BA9FF3DA8B7
data/derived/e3/nonzero/e1_qwen25vl-72b-awq_aitod_channel.csv,5199,102F0055ED5B7FDADA76B176C7888448
data/derived/e3/nonzero/e1_qwen25vl-72b-awq_aitod_permit.csv,5402,493061823097B1238ABF072862CC5909
data/derived/e3/nonzero/e1_qwen25vl-72b-awq_st_a_base.csv,4486,ABCD03A1AFEF00C67BA40B5A27026C66
data/derived/e3/nonzero/e1_qwen25vl-72b-awq_st_a_channel.csv,4402,0E279AB85B45EFB434F8949ADBF235AD
data/derived/e3/nonzero/e1_qwen25vl-72b-awq_st_a_permit.csv,3774,9113F577C3278A15BF81996E4692FC55
data/derived/e3/nonzero/e1_qwen25vl-72b-awq_ucf_base.csv,8892,A70FDA5C7E88EACFCD65CF778C4AF600
data/derived/e3/nonzero/e1_qwen25vl-72b-awq_ucf_channel.csv,8945,E08FD349D57251A5AFF7D17509FD7466
data/derived/e3/nonzero/e1_qwen25vl-72b-awq_ucf_permit.csv,7718,BA26B99377D33BF80B609634C7F8706D
data/derived/e3/nonzero/e1_qwen25vl-72b-awq_visdrone_base.csv,8764,E9020D00068DEBC7E784BD973ECE4E80
data/derived/e3/nonzero/e1_qwen25vl-72b-awq_visdrone_channel.csv,9052,7600E93AA3E7A2D7C59EA206AAA10B0A
data/derived/e3/nonzero/e1_qwen25vl-72b-awq_visdrone_permit.csv,8749,D98B93E068301FDBB22E33C697F47122
data/derived/e3/nonzero/e1_qwen3-vl-32b-awq_aitod_base.csv,4476,3B781F605B23476C953D6F14FFB7B87D
data/derived/e3/nonzero/e1_qwen3-vl-32b-awq_aitod_channel.csv,5329,663A6566595DA1D93AE1E302713C1A00
data/derived/e3/nonzero/e1_qwen3-vl-32b-awq_aitod_permit.csv,4777,BD8FE7299E55605716B16855D79EDCB9
data/derived/e3/nonzero/e1_qwen3-vl-32b-awq_countbench_base.csv,20924,326536F77F91B6FD97883234A80F3E7C
data/derived/e3/nonzero/e1_qwen3-vl-32b-awq_countbench_channel.csv,26361,68B7E068A5E553457CAFD9D27FC18219
data/derived/e3/nonzero/e1_qwen3-vl-32b-awq_countbench_permit.csv,21057,6CDF22D8ECA1E57A0628A638C4BEE0F3
data/derived/e3/nonzero/e1_qwen3-vl-32b-awq_st_a_base.csv,3360,1E08C85502FD76981B87D260692CF6CC
data/derived/e3/nonzero/e1_qwen3-vl-32b-awq_st_a_channel.csv,4390,2FD6AD70CEF46C1927BDB27929AA773F
data/derived/e3/nonzero/e1_qwen3-vl-32b-awq_st_a_permit.csv,3766,17D115A31185053578149AAAB61E507D
data/derived/e3/nonzero/e1_qwen3-vl-32b-awq_ucf_base.csv,6766,3990D84867867A723FDC0E88E726DBEC
data/derived/e3/nonzero/e1_qwen3-vl-32b-awq_ucf_channel.csv,8798,B6281FB8617947180EA2ED73701B4F87
data/derived/e3/nonzero/e1_qwen3-vl-32b-awq_ucf_permit.csv,7562,4E945AFCD1568444BE38299CD7DAA4FD
data/derived/e3/nonzero/e1_qwen3-vl-32b-awq_visdrone_base.csv,7018,35B499C4C6BAD1EE26CBD064A8575C2C
data/derived/e3/nonzero/e1_qwen3-vl-32b-awq_visdrone_channel.csv,8603,B825CAA12BF4EA04AEEDD9715FF49092
data/derived/e3/nonzero/e1_qwen3-vl-32b-awq_visdrone_permit.csv,7624,B2325DA120E92227D1E528822C6961AC
data/derived/e3/reps/e1_gemma3-12b_st_a_base_native.csv,10365,B5A639BE1F206D42B5C795C0A3771E6D
data/derived/e3/reps/e1_gemma3-12b_st_a_permit_native.csv,9056,CFBCD007073274B1CC02EE6CC023B21C
data/derived/e3/zero/e1_InternVL3_5-8B_aitod_base.csv,9073,539FAC52A3B19B75F2E690C0FE84A97E
data/derived/e3/zero/e1_InternVL3_5-8B_aitod_bestA.csv,20787,62549149BA9AD2E03B073324EB12FDD2
data/derived/e3/zero/e1_InternVL3_5-8B_aitod_bestB.csv,9136,786E5F89DB5C921F5DEE5EC05AA4E459
data/derived/e3/zero/e1_InternVL3_5-8B_aitod_bestC.csv,9297,2EF9F7451D09D423AF905696FB24A7DD
data/derived/e3/zero/e1_InternVL3_5-8B_aitod_channel.csv,11140,CBD7936A82C6D7BECC0F6AF1BC78A061
data/derived/e3/zero/e1_InternVL3_5-8B_aitod_permit.csv,10253,FD82C4CCFA33EDF958A53CF05C4A1F2A
data/derived/e3/zero/e1_InternVL3_5-8B_st_a_base.csv,4432,826534C3E343C7B12450F78D9BB8898E
data/derived/e3/zero/e1_InternVL3_5-8B_st_a_bestA.csv,12552,7C8DD40905F63A3E1F1706721588E416
data/derived/e3/zero/e1_InternVL3_5-8B_st_a_bestB.csv,4482,018A2498D10012AFCE5DA7AF024E32BE
data/derived/e3/zero/e1_InternVL3_5-8B_st_a_bestC.csv,4534,00A5D59537C5A1AAB9EF2758A0A2057E
data/derived/e3/zero/e1_InternVL3_5-8B_st_a_channel.csv,5745,81CAA32F40F1B3846E3A348385A32B8D
data/derived/e3/zero/e1_InternVL3_5-8B_st_a_enum.csv,4466,9406906943CFCC991FDE26D0D99BD015
data/derived/e3/zero/e1_InternVL3_5-8B_st_a_enumAbstain.csv,4911,16A2984210CEDC8682E255709137E4F1
data/derived/e3/zero/e1_InternVL3_5-8B_st_a_locate.csv,5247,710201E2BDC56D3FE969A0F94DE774F8
data/derived/e3/zero/e1_InternVL3_5-8B_st_a_permit.csv,4920,C8E854B1288A4A4759B2EA0EE98D2EED
data/derived/e3/zero/e1_InternVL3_5-8B_ucf_base.csv,6760,51D6C9FE7A13036A51E4384EE00550B0
data/derived/e3/zero/e1_InternVL3_5-8B_ucf_bestA.csv,18533,86B5F6D84DA0F3B5A2B15854838AE3BA
data/derived/e3/zero/e1_InternVL3_5-8B_ucf_bestB.csv,6811,06B7CFEBF10D75557DA9C2D809E8509F
data/derived/e3/zero/e1_InternVL3_5-8B_ucf_bestC.csv,6854,EB806C39FD3B1A0CC7209578ABB68A5C
data/derived/e3/zero/e1_InternVL3_5-8B_ucf_channel.csv,8612,E26205BEFB4195B8293C4200C56CB794
data/derived/e3/zero/e1_InternVL3_5-8B_ucf_enum.csv,6901,1A60901BF0469F86AB3AAA531DDE6870
data/derived/e3/zero/e1_InternVL3_5-8B_ucf_enumAbstain.csv,7413,7F75D314A6D50F90B6E5D56DF68EA38B
data/derived/e3/zero/e1_InternVL3_5-8B_ucf_locate.csv,8652,316948BF494FA1AF514D12977AABF106
data/derived/e3/zero/e1_InternVL3_5-8B_ucf_permit.csv,7407,2956BB40FE45BD5FED9854E127FD97AA
data/derived/e3/zero/e1_InternVL3_5-8B_visdrone_base.csv,7990,DF025E07BF5B11BA397E454671FBA04E
data/derived/e3/zero/e1_InternVL3_5-8B_visdrone_bestA.csv,20268,542D93774F1F707CD6A5383A972396D6
data/derived/e3/zero/e1_InternVL3_5-8B_visdrone_bestB.csv,8028,2CF20A88A3A4A8F2997C54189EE6F199
data/derived/e3/zero/e1_InternVL3_5-8B_visdrone_bestC.csv,8184,680250144DBE8E753281D357231D3E45
data/derived/e3/zero/e1_InternVL3_5-8B_visdrone_channel.csv,10073,187067A04C35CE3750BF58045C0D8802
data/derived/e3/zero/e1_InternVL3_5-8B_visdrone_enum.csv,8047,02CE675544ADBF030E3822312FE83371
data/derived/e3/zero/e1_InternVL3_5-8B_visdrone_enumAbstain.csv,9200,573120A097ED96E0475856BC0E36CF1E
data/derived/e3/zero/e1_InternVL3_5-8B_visdrone_locate.csv,9786,DD643ED841369B84DD55B01AB4A2A8FF
data/derived/e3/zero/e1_InternVL3_5-8B_visdrone_permit.csv,9285,95A3E48E4F1CAEB979573D765556F2EC
data/derived/e3/zero/e1_Phi-3.5-vision-instruct_aitod_base.csv,22077,A4396A31C39A618D17F0B709A3FA335B
data/derived/e3/zero/e1_Phi-3.5-vision-instruct_aitod_bestA.csv,26547,BE7BF26395D7948C5BFE1FA6A31FE860
data/derived/e3/zero/e1_Phi-3.5-vision-instruct_aitod_bestB.csv,11008,88FFFA73DA05C02A8F6E3F51A52BB6CA
data/derived/e3/zero/e1_Phi-3.5-vision-instruct_aitod_bestC.csv,13689,42D6DD12D6EC4538736B4C2BC596FB05
data/derived/e3/zero/e1_Phi-3.5-vision-instruct_aitod_channel.csv,14256,FE1AB4AA2FF973EAD2ADC7324314510D
data/derived/e3/zero/e1_Phi-3.5-vision-instruct_aitod_permit.csv,12774,5E33AF93E12E3A32589942D998A8A083
data/derived/e3/zero/e1_Phi-3.5-vision-instruct_st_a_base.csv,10480,4EAB08184887957CCDADC28798646C89
data/derived/e3/zero/e1_Phi-3.5-vision-instruct_st_a_bestA.csv,17304,F3924EA9782BDDADE82D5B6C4A374D83
data/derived/e3/zero/e1_Phi-3.5-vision-instruct_st_a_bestB.csv,5677,684DC682F5F11268A3A8CEFCB72E07DB
data/derived/e3/zero/e1_Phi-3.5-vision-instruct_st_a_bestC.csv,6908,4D74B48C06B8520510D34074F5440E94
data/derived/e3/zero/e1_Phi-3.5-vision-instruct_st_a_channel.csv,7761,461F7403BE28DF90917DCC9C1A2970D7
data/derived/e3/zero/e1_Phi-3.5-vision-instruct_st_a_enum.csv,9074,66C2FCA9E8E225E329C7025FED30D64D
data/derived/e3/zero/e1_Phi-3.5-vision-instruct_st_a_enumAbstain.csv,9172,D28DD8144F736B571D8AC45A624889DA
data/derived/e3/zero/e1_Phi-3.5-vision-instruct_st_a_locate.csv,19352,879C8CEE1D7509A8F4B02D0382858AF3
data/derived/e3/zero/e1_Phi-3.5-vision-instruct_st_a_permit.csv,6576,9593C23C037CAF9843AEDB0F831BCA1C
data/derived/e3/zero/e1_Phi-3.5-vision-instruct_ucf_base.csv,14472,BB27B7C73726BD4109C35042B15564CD
data/derived/e3/zero/e1_Phi-3.5-vision-instruct_ucf_bestA.csv,25587,48C574237E8D15080C2381F843ED12C5
data/derived/e3/zero/e1_Phi-3.5-vision-instruct_ucf_bestB.csv,8206,FF553EF404AA3E62B798693C0D130ECC
data/derived/e3/zero/e1_Phi-3.5-vision-instruct_ucf_bestC.csv,9941,36D616F4E430F5BEBDF3C9EECDFC619B
data/derived/e3/zero/e1_Phi-3.5-vision-instruct_ucf_channel.csv,11222,34213E6EE15D59FA2305747B35E4CA8D
data/derived/e3/zero/e1_Phi-3.5-vision-instruct_ucf_enum.csv,11812,A7477FACD17B9E47105147434B1D5339
data/derived/e3/zero/e1_Phi-3.5-vision-instruct_ucf_enumAbstain.csv,12578,6C79D79DC42F77EAA4DC39BACA01FD39
data/derived/e3/zero/e1_Phi-3.5-vision-instruct_ucf_locate.csv,28629,7F330BD763EDA7AC7CAD3DD5B238079F
data/derived/e3/zero/e1_Phi-3.5-vision-instruct_ucf_permit.csv,9803,316D61C8316F592AFE10187B0A4F5CF8
data/derived/e3/zero/e1_Phi-3.5-vision-instruct_visdrone_base.csv,15232,D0729B231D205B3959E2558500A5A330
data/derived/e3/zero/e1_Phi-3.5-vision-instruct_visdrone_bestA.csv,25599,1494FFC6C9A5F274E49A0D1DC2E37949
data/derived/e3/zero/e1_Phi-3.5-vision-instruct_visdrone_bestB.csv,9345,B00493D1FC2B58EE66CFF90D8F55BC6B
data/derived/e3/zero/e1_Phi-3.5-vision-instruct_visdrone_bestC.csv,11748,DBE2F8B08E1414832275915E06F1F635
data/derived/e3/zero/e1_Phi-3.5-vision-instruct_visdrone_channel.csv,13041,6F6C69CCE43431DF5BEA56F061AC6754
data/derived/e3/zero/e1_Phi-3.5-vision-instruct_visdrone_enum.csv,10747,7397D2AEDD646C4F98D3B8CFB1EE6235
data/derived/e3/zero/e1_Phi-3.5-vision-instruct_visdrone_enumAbstain.csv,10166,10FA88FCE17ED623ED2C5B49C4724A1D
data/derived/e3/zero/e1_Phi-3.5-vision-instruct_visdrone_locate.csv,23744,4A59D4A309A19CC6A04873A9B7D83669
data/derived/e3/zero/e1_Phi-3.5-vision-instruct_visdrone_permit.csv,11718,C29D2C856902F7381A5916DD58674503
data/derived/e3/zero/e1_gemma3-12b_aitod_base.csv,11082,029EC5B06246F7C0935B48D1B562406A
data/derived/e3/zero/e1_gemma3-12b_aitod_bestA.csv,29620,FEBDD7AA0B227A715559C0D1666D9D52
data/derived/e3/zero/e1_gemma3-12b_aitod_bestB.csv,9297,C9AA40AC7C54B903F111AE0FAA58782C
data/derived/e3/zero/e1_gemma3-12b_aitod_bestC.csv,18316,3E0CC5BDAB476F2C106BFB950DBCADCF
data/derived/e3/zero/e1_gemma3-12b_aitod_channel.csv,13323,4D4AD609D9D6979B21321BA4F285E7FC
data/derived/e3/zero/e1_gemma3-12b_aitod_permit.csv,10218,08EC7B710E99CD64694F0FFAA06451FF
data/derived/e3/zero/e1_gemma3-12b_st_a_base.csv,5698,3D3239756931718B0B6D5D4CB471A92B
data/derived/e3/zero/e1_gemma3-12b_st_a_bestA.csv,22797,B8C9090ABB9A8FAB3A557507555B09BF
data/derived/e3/zero/e1_gemma3-12b_st_a_bestB.csv,4909,B9D1A9D8D7F7A1EE51F654D291B1E7CD
data/derived/e3/zero/e1_gemma3-12b_st_a_bestC.csv,9052,3B0C7A3860B6E8561A6955A78EB9B519
data/derived/e3/zero/e1_gemma3-12b_st_a_channel.csv,6992,D346E4A9DEF6180E232D9E54D8A73A3E
data/derived/e3/zero/e1_gemma3-12b_st_a_enum.csv,14002,690C5B892A015897D0910BD0C4D78ED6
data/derived/e3/zero/e1_gemma3-12b_st_a_enumAbstain.csv,5417,9A2B874E065EBC6E98E46F785F520764
data/derived/e3/zero/e1_gemma3-12b_st_a_locate.csv,33092,4E62B055DDFD62BE17B3A7CE0C454E19
data/derived/e3/zero/e1_gemma3-12b_st_a_permit.csv,4930,91854C8D456D5CA97C83EDC990F6BA32
data/derived/e3/zero/e1_gemma3-12b_ucf_base.csv,8593,A79014F2FF92BE83EFC58560B7438453
data/derived/e3/zero/e1_gemma3-12b_ucf_bestA.csv,33743,DCBD65590E304C1F28F3BA509B092754
data/derived/e3/zero/e1_gemma3-12b_ucf_bestB.csv,7050,64C58D1AA2B4943A4A4352C2EDFF40D8
data/derived/e3/zero/e1_gemma3-12b_ucf_bestC.csv,11303,03BD5D1C27C9D0DF2261273605A475FA
data/derived/e3/zero/e1_gemma3-12b_ucf_channel.csv,10408,2FC4F6A668DEC5F7AFD96A6F144B492F
data/derived/e3/zero/e1_gemma3-12b_ucf_enum.csv,18586,CFA909F4A59A13F4DEB9CC079EA505CB
data/derived/e3/zero/e1_gemma3-12b_ucf_enumAbstain.csv,8043,B1FD631E15738DD832E9471EF2C80FC5
data/derived/e3/zero/e1_gemma3-12b_ucf_locate.csv,44316,0D1BCBFB22E3C13A014A487CB29544B7
data/derived/e3/zero/e1_gemma3-12b_ucf_permit.csv,7407,FF432B7FFCF4B8FC3850E0FB1A563D9F
data/derived/e3/zero/e1_gemma3-12b_visdrone_base.csv,10592,0AE51DCC1DCFB8FEB07F238C0E9E5DD4
data/derived/e3/zero/e1_gemma3-12b_visdrone_bestA.csv,29225,D0E4DEB2521A80A0ACC62E332664D0CF
data/derived/e3/zero/e1_gemma3-12b_visdrone_bestB.csv,8248,0959CDEB1DAC36C78FF058F70961B259
data/derived/e3/zero/e1_gemma3-12b_visdrone_bestC.csv,11105,9A1E509600FC5593F26732BE1D0DE7C6
data/derived/e3/zero/e1_gemma3-12b_visdrone_channel.csv,12936,7D0C62A4444525BB5FFE0119B6A7D97A
data/derived/e3/zero/e1_gemma3-12b_visdrone_enum.csv,10516,3BDC153DE048F8432CB3D824F7843897
data/derived/e3/zero/e1_gemma3-12b_visdrone_enumAbstain.csv,10174,F3C458792D8CC64D56BDF9DCCD3B5349
data/derived/e3/zero/e1_gemma3-12b_visdrone_locate.csv,10236,A71534968EBF335459D7B7A7B25EDF59
data/derived/e3/zero/e1_gemma3-12b_visdrone_permit.csv,9685,884D07CE8C10309D2BEDE0416CBC53A5
data/derived/e3/zero/e1_llava-onevision-qwen2-7b-ov_aitod_base.csv,11592,A7DFEB92C0E316E58EA7A302F911671D
data/derived/e3/zero/e1_llava-onevision-qwen2-7b-ov_aitod_bestA.csv,28280,8393070EEDF58FEF97BEBF959A5DA955
data/derived/e3/zero/e1_llava-onevision-qwen2-7b-ov_aitod_bestB.csv,11467,07F307F790DA469119585F4988DFDCCF
data/derived/e3/zero/e1_llava-onevision-qwen2-7b-ov_aitod_bestC.csv,11923,9D7A86A46A3B7E519C76E4A5CC56436D
data/derived/e3/zero/e1_llava-onevision-qwen2-7b-ov_aitod_channel.csv,13467,89A6FB954743DFF117A05020D98CE27D
data/derived/e3/zero/e1_llava-onevision-qwen2-7b-ov_aitod_permit.csv,12013,6A310661000C53A9D32DA9BC3D784D25
data/derived/e3/zero/e1_llava-onevision-qwen2-7b-ov_st_a_base.csv,23703,774433AD3DDC13EE7D22E52C4FB46B6B
data/derived/e3/zero/e1_llava-onevision-qwen2-7b-ov_st_a_bestA.csv,17648,C5740F0A5B674EE0F92547C334CA0F29
data/derived/e3/zero/e1_llava-onevision-qwen2-7b-ov_st_a_bestB.csv,6165,DCBFD521AD627365F43D8331FD3AB506
data/derived/e3/zero/e1_llava-onevision-qwen2-7b-ov_st_a_bestC.csv,6249,0E5D7C8717B08D8411094CE18427FD85
data/derived/e3/zero/e1_llava-onevision-qwen2-7b-ov_st_a_channel.csv,6806,35294E710BA7567CE7C7270B9F6EFEC9
data/derived/e3/zero/e1_llava-onevision-qwen2-7b-ov_st_a_permit.csv,14000,3F40E82FBFCFB1F0F4C0F33EC8179B6D
data/derived/e3/zero/e1_llava-onevision-qwen2-7b-ov_ucf_base.csv,19502,C65E5AFB9E120124522B72F4A4553673
data/derived/e3/zero/e1_llava-onevision-qwen2-7b-ov_ucf_bestA.csv,25810,43A8AC575D4C0E5BA1DBCD6F09D722BC
data/derived/e3/zero/e1_llava-onevision-qwen2-7b-ov_ucf_bestB.csv,9012,CE5D350B7C91230861D35B2306A3F71B
data/derived/e3/zero/e1_llava-onevision-qwen2-7b-ov_ucf_bestC.csv,9314,A975E755CA8C32BAF48052E9719C9714
data/derived/e3/zero/e1_llava-onevision-qwen2-7b-ov_ucf_channel.csv,9259,115C63034E62C792F12976E9B4DEB152
data/derived/e3/zero/e1_llava-onevision-qwen2-7b-ov_ucf_permit.csv,12165,A8E8349802AFBE9D922EA271533D598D
data/derived/e3/zero/e1_llava-onevision-qwen2-7b-ov_visdrone_base.csv,10519,C8ECE6FB5BB98672998922D590AA195F
data/derived/e3/zero/e1_llava-onevision-qwen2-7b-ov_visdrone_bestA.csv,26666,BAF2E75310CBEED18632C233ECB6320B
data/derived/e3/zero/e1_llava-onevision-qwen2-7b-ov_visdrone_bestB.csv,10461,C9A6B22167C6B7C2CDC94820BEC31AFB
data/derived/e3/zero/e1_llava-onevision-qwen2-7b-ov_visdrone_bestC.csv,10413,A21D4CEBC6ED0039C129B6E4A49F3AAB
data/derived/e3/zero/e1_llava-onevision-qwen2-7b-ov_visdrone_channel.csv,12471,F9CA0F708082F17E1688CF00945ACB94
data/derived/e3/zero/e1_llava-onevision-qwen2-7b-ov_visdrone_permit.csv,11779,0E01B69A88CD0B736B2C41D0DAA7E4EB
data/derived/e4_results/E4L_8b_vlm_base_results.csv,228325,B78CBBE96E165A791E8DBFD1D38D9636
data/derived/e4_results/E4L_8b_vlm_over_results.csv,228349,DBFF0EF7FF6CACA9DA7AFC2E52FDCB5E
data/derived/e4_results/E4L_8b_vlm_under_results.csv,228325,7D6078CAABB40F27550A4DD9960E4711
data/derived/e4_results/E4L_vlm_base_results.csv,916601,4575F08E66D73380E57B55AE83CBC148
data/derived/e4_results/E4L_vlm_over_results.csv,916601,E99C931EC33557B1FCB166DC5C782EFF
data/derived/e4_results/E4L_vlm_under_results.csv,916589,F1809FE84255C7C35A8AAED703A3EA78
data/derived/e8b_results/vlm_st_a_base_whole.csv,8406,2E7168C90B9E7D8896BEDF5B047D331D
data/derived/e8b_results/vlm_st_a_over_whole.csv,8564,0FE5E481CB40BBDF5491298306B6EC75
data/derived/e8b_results/vlm_st_a_under_whole.csv,8248,9FA2E18029E16EB6B8E66247A709CA8E
data/derived/e8b_results/vlm_st_b_base_whole.csv,14141,CBE853BF9DA86F534646913373AAD808
data/derived/e8b_results/vlm_st_b_over_whole.csv,14135,E410E10097BE3EB6937CFF943C81DE05
data/derived/e8b_results/vlm_st_b_under_whole.csv,14035,39A678B90CCACB97E7FB0D6E8DC4AF80
data/derived/e8b_results/vlm_ucf_base_whole.csv,15926,8F65EEAE99E467B68CBB8F877FF9BE6D
data/derived/e8b_results/vlm_ucf_over_whole.csv,16308,66029EE2CC74D68A12056BC939F1CF50
data/derived/e8b_results/vlm_ucf_under_whole.csv,15678,BDA86FB3ED7D6DCE69464AB38B4CE017
data/derived/ea2/cn_gemma12b_s1/e1_gemma3-12b_z0easy_base_native.csv,8330,3155FFA205F53756DD4B15B55B7B11E5
data/derived/ea2/cn_gemma12b_s1/e1_gemma3-12b_z0easy_channel_native.csv,11038,63120D6082B48F1C51B4E749F11C2122
data/derived/ea2/cn_gemma12b_s1/e1_gemma3-12b_z0easy_permit_native.csv,8200,779DCD94A019A1CAB06EB6F390190FB3
data/derived/ea2/cn_gemma12b_s1/e1_gemma3-12b_z0hard_base_native.csv,8452,132FBE9374C5AD032A28ECAC876C4F08
data/derived/ea2/cn_gemma12b_s1/e1_gemma3-12b_z0hard_channel_native.csv,11038,3EEF62B5FF3EF9914C908567A6241F29
data/derived/ea2/cn_gemma12b_s1/e1_gemma3-12b_z0hard_permit_native.csv,8137,6712BC28FCD6AE77B50C17F75F5A6D85
data/derived/ea2/cn_gemma12b_s2/e1_gemma3-12b_z0easy_base_native.csv,8282,9B92FC1F361B7EB478DE1C421A5FC05D
data/derived/ea2/cn_gemma12b_s2/e1_gemma3-12b_z0easy_channel_native.csv,11035,8B1C601ADEC96ADE8978F8779EBF90A0
data/derived/ea2/cn_gemma12b_s2/e1_gemma3-12b_z0easy_permit_native.csv,8209,FD39D98A45397706C448A823D0F77251
data/derived/ea2/cn_gemma12b_s2/e1_gemma3-12b_z0hard_base_native.csv,8476,784B88DC5625A6B5092A648FB3727AF1
data/derived/ea2/cn_gemma12b_s2/e1_gemma3-12b_z0hard_channel_native.csv,11038,0AEB6F03CC95F6E431D713989D587AF9
data/derived/ea2/cn_gemma12b_s2/e1_gemma3-12b_z0hard_permit_native.csv,8149,E748A32804634A0B14E5373737240859
data/derived/ea2/cn_gemma12b_s3/e1_gemma3-12b_z0easy_base_native.csv,8304,671A27CF8BE8D713ECBD2F0923A813C5
data/derived/ea2/cn_gemma12b_s3/e1_gemma3-12b_z0easy_channel_native.csv,11050,CB1ECF215BE224BFD2444A79B08A4A45
data/derived/ea2/cn_gemma12b_s3/e1_gemma3-12b_z0easy_permit_native.csv,8200,4C0ABEA0CA421F782F4DF18218621B86
data/derived/ea2/cn_gemma12b_s3/e1_gemma3-12b_z0hard_base_native.csv,8476,B77C77500D883526F40A1422C934860D
data/derived/ea2/cn_gemma12b_s3/e1_gemma3-12b_z0hard_channel_native.csv,11035,CDB3C5F0DCAE117BCD69D53E74359510
data/derived/ea2/cn_gemma12b_s3/e1_gemma3-12b_z0hard_permit_native.csv,8149,3D5DC8C2E52CEE2E3E4B371D284F477C
data/derived/ea2/cn_ivl8b_s1/e1_InternVL3_5-8B_z0easy_base_native.csv,6966,AB081FB698E1E9DE8A52E02EF4994793
data/derived/ea2/cn_ivl8b_s1/e1_InternVL3_5-8B_z0easy_channel_native.csv,9026,9B2E566F96D02173B4CC71BA24D2E167
data/derived/ea2/cn_ivl8b_s1/e1_InternVL3_5-8B_z0easy_permit_native.csv,8238,CEBC91F89AC8C8D49FE5796543CD5BC9
data/derived/ea2/cn_ivl8b_s1/e1_InternVL3_5-8B_z0hard_base_native.csv,6922,B86C8B108A3292D7C77B7917A215EFBC
data/derived/ea2/cn_ivl8b_s1/e1_InternVL3_5-8B_z0hard_channel_native.csv,8993,220E72653B3556E855ABFF86F86A02AC
data/derived/ea2/cn_ivl8b_s1/e1_InternVL3_5-8B_z0hard_permit_native.csv,8110,25F6B7B10A06CFA9C06D4435CDBA916D
data/derived/ea2/cn_ivl8b_s2/e1_InternVL3_5-8B_z0easy_base_native.csv,6966,077E167979ED49BB8A8EF71E7D6ADCF1
data/derived/ea2/cn_ivl8b_s2/e1_InternVL3_5-8B_z0easy_channel_native.csv,9040,9351548FBD8D71B42681CB9C6C8BCC69
data/derived/ea2/cn_ivl8b_s2/e1_InternVL3_5-8B_z0easy_permit_native.csv,8238,0C33F6F4C053CA417710DDE5F0EBF554
data/derived/ea2/cn_ivl8b_s2/e1_InternVL3_5-8B_z0hard_base_native.csv,6922,436A48E5FE96A8191A50A8406BC257D0
data/derived/ea2/cn_ivl8b_s2/e1_InternVL3_5-8B_z0hard_channel_native.csv,8979,A4E0E2BC177B347EFB8DF84C567AD4DC
data/derived/ea2/cn_ivl8b_s2/e1_InternVL3_5-8B_z0hard_permit_native.csv,8110,997DFAB168FA02E389F6C198521732D6
data/derived/ea2/cn_ivl8b_s3/e1_InternVL3_5-8B_z0easy_base_native.csv,6966,3B0080D2591F2D9A9484A70C4EB3C213
data/derived/ea2/cn_ivl8b_s3/e1_InternVL3_5-8B_z0easy_channel_native.csv,9026,A12C1F4D1057247C9F728D730066095B
data/derived/ea2/cn_ivl8b_s3/e1_InternVL3_5-8B_z0easy_permit_native.csv,8238,4D206CDD15C09BB5B572F45760B056EE
data/derived/ea2/cn_ivl8b_s3/e1_InternVL3_5-8B_z0hard_base_native.csv,6922,1FFFDEEE32F0728F76C7B431B701144A
data/derived/ea2/cn_ivl8b_s3/e1_InternVL3_5-8B_z0hard_channel_native.csv,8965,24EA4F2ED6D7972AD8946332DC724526
data/derived/ea2/cn_ivl8b_s3/e1_InternVL3_5-8B_z0hard_permit_native.csv,8119,5B24CAFF8E30F983EBC75D9DDF3DB123
data/derived/ea2/cn_llavaov_s1/e1_llava-onevision-qwen2-7b-ov_z0easy_base_native.csv,9992,CDA2A277BF43C9E7D24A2429B209F92A
data/derived/ea2/cn_llavaov_s1/e1_llava-onevision-qwen2-7b-ov_z0easy_channel_native.csv,8333,88BAD4EC5FDEF538DE6C75F4692E29AC
data/derived/ea2/cn_llavaov_s1/e1_llava-onevision-qwen2-7b-ov_z0easy_permit_native.csv,7174,9A29A885415BDA5184AF79999FFF84EE
data/derived/ea2/cn_llavaov_s1/e1_llava-onevision-qwen2-7b-ov_z0hard_base_native.csv,9183,D644AD14E5D9D036908F72D9ABEDAA22
data/derived/ea2/cn_llavaov_s1/e1_llava-onevision-qwen2-7b-ov_z0hard_channel_native.csv,7309,E19C945F56C3D9612522ABD83FC7B0ED
data/derived/ea2/cn_llavaov_s1/e1_llava-onevision-qwen2-7b-ov_z0hard_permit_native.csv,6156,0D8B9829F487389ECBF2713AC27952CF
data/derived/ea2/cn_llavaov_s2/e1_llava-onevision-qwen2-7b-ov_z0easy_base_native.csv,9992,D50097DF55F1D02A88DA7C59D55112E8
data/derived/ea2/cn_llavaov_s2/e1_llava-onevision-qwen2-7b-ov_z0easy_channel_native.csv,8333,F7018F970402102FABD334411EA17A7D
data/derived/ea2/cn_llavaov_s2/e1_llava-onevision-qwen2-7b-ov_z0easy_permit_native.csv,7155,401B6C2A662EB3D72DFCEF7059B795AF
data/derived/ea2/cn_llavaov_s2/e1_llava-onevision-qwen2-7b-ov_z0hard_base_native.csv,9187,B8E0884E0484BA938C52F23B6EDA9B71
data/derived/ea2/cn_llavaov_s2/e1_llava-onevision-qwen2-7b-ov_z0hard_channel_native.csv,7309,8222CBF5F591D9CD710DF2B5348F9E66
data/derived/ea2/cn_llavaov_s2/e1_llava-onevision-qwen2-7b-ov_z0hard_permit_native.csv,6156,76DA2F50A1BC2CB541F4A384919570BE
data/derived/ea2/cn_llavaov_s3/e1_llava-onevision-qwen2-7b-ov_z0easy_base_native.csv,9992,221E31A1ECAD195833EFC4A6CDEA3E86
data/derived/ea2/cn_llavaov_s3/e1_llava-onevision-qwen2-7b-ov_z0easy_channel_native.csv,8333,8FF1C354C08CD42A545CA518CEE2E6E2
data/derived/ea2/cn_llavaov_s3/e1_llava-onevision-qwen2-7b-ov_z0easy_permit_native.csv,7174,DA1E3C6E64B0960EF2F17C9672641AFA
data/derived/ea2/cn_llavaov_s3/e1_llava-onevision-qwen2-7b-ov_z0hard_base_native.csv,9187,86684870D247118B56F5EE123FF93F8B
data/derived/ea2/cn_llavaov_s3/e1_llava-onevision-qwen2-7b-ov_z0hard_channel_native.csv,7309,F2F309731B9AB95BAF0881163EFC4537
data/derived/ea2/cn_llavaov_s3/e1_llava-onevision-qwen2-7b-ov_z0hard_permit_native.csv,6137,2165A222F92504DEC0BA87B73D916FC7
data/derived/ea2/cn_phi35_s1/e1_Phi-3.5-vision-instruct_z0easy_base_native.csv,19688,E83E7136595BE6A29B3079C14F8CB2DF
data/derived/ea2/cn_phi35_s1/e1_Phi-3.5-vision-instruct_z0easy_channel_native.csv,17948,0937D9DE2DDDDBFA5CD59DAB41611E37
data/derived/ea2/cn_phi35_s1/e1_Phi-3.5-vision-instruct_z0easy_permit_native.csv,13379,32F0BE80F22B6940A289C938A15877E8
data/derived/ea2/cn_phi35_s1/e1_Phi-3.5-vision-instruct_z0hard_base_native.csv,20382,73A48E8C6B5B9092A71A171E6F67CCDC
data/derived/ea2/cn_phi35_s1/e1_Phi-3.5-vision-instruct_z0hard_channel_native.csv,13509,2DD2A2DAF5C57D0D158C5578194BC622
data/derived/ea2/cn_phi35_s1/e1_Phi-3.5-vision-instruct_z0hard_permit_native.csv,11244,718D1AA61E8BEB7FB16878964A1F99D9
data/derived/ea2/cn_phi35_s2/e1_Phi-3.5-vision-instruct_z0easy_base_native.csv,19677,20965D370BD48704A94422AAF94B7870
data/derived/ea2/cn_phi35_s2/e1_Phi-3.5-vision-instruct_z0easy_channel_native.csv,17820,53572D3FADA3DA416A131DDB0F62294C
data/derived/ea2/cn_phi35_s2/e1_Phi-3.5-vision-instruct_z0easy_permit_native.csv,13379,51EA1F224E1EC5A06ADB3E16AC025F35
data/derived/ea2/cn_phi35_s2/e1_Phi-3.5-vision-instruct_z0hard_base_native.csv,20589,BDE0C24E41B72EEEB7D141A4DAAA933B
data/derived/ea2/cn_phi35_s2/e1_Phi-3.5-vision-instruct_z0hard_channel_native.csv,13412,8F6E0753B609816F91C06E6647D32B75
data/derived/ea2/cn_phi35_s2/e1_Phi-3.5-vision-instruct_z0hard_permit_native.csv,11347,8FF36FAC2E45F7360F65BC29D5B2EDF8
data/derived/ea2/cn_phi35_s3/e1_Phi-3.5-vision-instruct_z0easy_base_native.csv,19567,6C2F467FE8D947861F733F8B3627DA5B
data/derived/ea2/cn_phi35_s3/e1_Phi-3.5-vision-instruct_z0easy_channel_native.csv,17846,0C92577D7CCD40D2607AD18C00F30518
data/derived/ea2/cn_phi35_s3/e1_Phi-3.5-vision-instruct_z0easy_permit_native.csv,13609,3030B6CE55AFBDBCD79D458C5DE8154C
data/derived/ea2/cn_phi35_s3/e1_Phi-3.5-vision-instruct_z0hard_base_native.csv,20436,C2A625FF3F3B7C3583B28090EA82FA8D
data/derived/ea2/cn_phi35_s3/e1_Phi-3.5-vision-instruct_z0hard_channel_native.csv,13312,1014B503636A090F41E8853168D95D8B
data/derived/ea2/cn_phi35_s3/e1_Phi-3.5-vision-instruct_z0hard_permit_native.csv,11347,96B090DED02883D053AD1D34FE3F1E32
data/derived/ea2/cn_q32_s1/e1_Qwen3-VL-32B-Instruct_z0easy_base_native.csv,6926,23D4F64D145C81F0F83088F3D2A6C9EC
data/derived/ea2/cn_q32_s1/e1_Qwen3-VL-32B-Instruct_z0easy_channel_native.csv,8992,650003468F50457337C97ECE2CC1B355
data/derived/ea2/cn_q32_s1/e1_Qwen3-VL-32B-Instruct_z0easy_permit_native.csv,7993,CDC72E544F77D5538115ACF7447ED1CC
data/derived/ea2/cn_q32_s1/e1_Qwen3-VL-32B-Instruct_z0hard_base_native.csv,6922,F3BD825855B1FE5980A891497DABB5D5
data/derived/ea2/cn_q32_s1/e1_Qwen3-VL-32B-Instruct_z0hard_channel_native.csv,8929,BAC9EBAF9B36587E675EEA15BB7346E9
data/derived/ea2/cn_q32_s1/e1_Qwen3-VL-32B-Instruct_z0hard_permit_native.csv,7678,BA8B2E79EFD2DBB4E264B5526D805579
data/derived/ea2/cn_q32_s2/e1_Qwen3-VL-32B-Instruct_z0easy_base_native.csv,6926,EAB78025EE4C3E29444B8A5E3421BBCE
data/derived/ea2/cn_q32_s2/e1_Qwen3-VL-32B-Instruct_z0easy_channel_native.csv,8992,9DFF7731240533AEC1A8BFB56CCF6E11
data/derived/ea2/cn_q32_s2/e1_Qwen3-VL-32B-Instruct_z0easy_permit_native.csv,8002,B2D19BC09C9190BF752DA8621B623388
data/derived/ea2/cn_q32_s2/e1_Qwen3-VL-32B-Instruct_z0hard_base_native.csv,6922,1C68A62A110FBE3C01B3293CC2377985
data/derived/ea2/cn_q32_s2/e1_Qwen3-VL-32B-Instruct_z0hard_channel_native.csv,8943,8A4C07B570B9C07BE216E9B449FEA818
data/derived/ea2/cn_q32_s2/e1_Qwen3-VL-32B-Instruct_z0hard_permit_native.csv,7660,85A2B36769306BA62CD7D3135B42226C
data/derived/ea2/cn_q32_s3/e1_Qwen3-VL-32B-Instruct_z0easy_base_native.csv,6926,AB4EA2537B2664CB30BD6272AECFBA90
data/derived/ea2/cn_q32_s3/e1_Qwen3-VL-32B-Instruct_z0easy_channel_native.csv,8992,17CD5C9D186205469280314BF3C1804A
data/derived/ea2/cn_q32_s3/e1_Qwen3-VL-32B-Instruct_z0easy_permit_native.csv,7993,8F31FF535C1B1EA4B53B2B3164801E06
data/derived/ea2/cn_q32_s3/e1_Qwen3-VL-32B-Instruct_z0hard_base_native.csv,6922,32954E08EF412DF65F6E7C78A5344164
data/derived/ea2/cn_q32_s3/e1_Qwen3-VL-32B-Instruct_z0hard_channel_native.csv,8929,6A7F5098C5831AAF2A2F971607F0930B
data/derived/ea2/cn_q32_s3/e1_Qwen3-VL-32B-Instruct_z0hard_permit_native.csv,7687,FD59D560DFFF0494155BC4760B57CA2F
data/derived/ea2/en_gemma12b_s1/e1_gemma3-12b_z0easy_base_en.csv,8178,1B31C619EE1D4861C0D7E8985672A0D7
data/derived/ea2/en_gemma12b_s1/e1_gemma3-12b_z0easy_channel_en.csv,9799,6C8E2B9D9CAB105A0D84BC2842F184F1
data/derived/ea2/en_gemma12b_s1/e1_gemma3-12b_z0easy_permit_en.csv,8254,B383AF05CE6E8EFD4D1115EC2596D9EB
data/derived/ea2/en_gemma12b_s1/e1_gemma3-12b_z0hard_base_en.csv,8204,7A0EAA57688B0B9BC3F4994538C8DD88
data/derived/ea2/en_gemma12b_s1/e1_gemma3-12b_z0hard_channel_en.csv,9846,59CCC63A20C1184023B061685EEF7016
data/derived/ea2/en_gemma12b_s1/e1_gemma3-12b_z0hard_permit_en.csv,8200,0BEAA8AED4C3037B9DF2464C9A2B0946
data/derived/ea2/en_gemma12b_s2/e1_gemma3-12b_z0easy_base_en.csv,8154,438F5BE2019937EA9E64C54D1ADBC793
data/derived/ea2/en_gemma12b_s2/e1_gemma3-12b_z0easy_channel_en.csv,9822,6B58A51B4559846D9592EF19ADAA4263
data/derived/ea2/en_gemma12b_s2/e1_gemma3-12b_z0easy_permit_en.csv,8254,EEADC2E8D29B997188465B154295FD14
data/derived/ea2/en_gemma12b_s2/e1_gemma3-12b_z0hard_base_en.csv,8180,D2B03B7841E21C39A8A2FB0724427859
data/derived/ea2/en_gemma12b_s2/e1_gemma3-12b_z0hard_channel_en.csv,9834,F44079C94927C3EC1308CDF25F804EED
data/derived/ea2/en_gemma12b_s2/e1_gemma3-12b_z0hard_permit_en.csv,8191,640769B80C2EC00ACF403DA65DCFF5BA
data/derived/ea2/en_gemma12b_s3/e1_gemma3-12b_z0easy_base_en.csv,8178,456BCA23D5C72A08BF3496FABFC8BF94
data/derived/ea2/en_gemma12b_s3/e1_gemma3-12b_z0easy_channel_en.csv,9765,63B9BC26EC333053C112C2120C1E412A
data/derived/ea2/en_gemma12b_s3/e1_gemma3-12b_z0easy_permit_en.csv,8254,79F2202528A6A24CF96092F92430D8E5
data/derived/ea2/en_gemma12b_s3/e1_gemma3-12b_z0hard_base_en.csv,8156,72105E8A018EDB1CBAA5730BAEC85C09
data/derived/ea2/en_gemma12b_s3/e1_gemma3-12b_z0hard_channel_en.csv,9855,5F449133C027229F484B179DA3B065BF
data/derived/ea2/en_gemma12b_s3/e1_gemma3-12b_z0hard_permit_en.csv,8191,21A3E1EFEABFD1D2DAE366D45844052D
data/derived/ea2/en_ivl8b_s1/e1_InternVL3_5-8B_z0easy_base_en.csv,7136,7E5044715AE15D7B853EE316C5B1E93C
data/derived/ea2/en_ivl8b_s1/e1_InternVL3_5-8B_z0easy_channel_en.csv,8973,EA0175E502A03294B81FC584C6739D20
data/derived/ea2/en_ivl8b_s1/e1_InternVL3_5-8B_z0easy_permit_en.csv,8200,D10CAF953E38E14C8BA0FE87FDCF67DF
data/derived/ea2/en_ivl8b_s1/e1_InternVL3_5-8B_z0hard_base_en.csv,6982,C7547993221E53072E17AE7DB07DC74A
data/derived/ea2/en_ivl8b_s1/e1_InternVL3_5-8B_z0hard_channel_en.csv,8906,44FF4E2D866D99207BBD58E031DFB60C
data/derived/ea2/en_ivl8b_s1/e1_InternVL3_5-8B_z0hard_permit_en.csv,8146,C03C13E5ECB2539816F6E806B4708C24
data/derived/ea2/en_ivl8b_s2/e1_InternVL3_5-8B_z0easy_base_en.csv,7100,A17659887A8FB7CD6C8CAFDF1894A454
data/derived/ea2/en_ivl8b_s2/e1_InternVL3_5-8B_z0easy_channel_en.csv,8973,5AE954580084BF08305EADC78DFBED29
data/derived/ea2/en_ivl8b_s2/e1_InternVL3_5-8B_z0easy_permit_en.csv,8200,E483E26C99A66E34D0686D40D04CCCBB
data/derived/ea2/en_ivl8b_s2/e1_InternVL3_5-8B_z0hard_base_en.csv,6982,442078D611C1B0105D6688D74D742467
data/derived/ea2/en_ivl8b_s2/e1_InternVL3_5-8B_z0hard_channel_en.csv,8906,19CF77F9B204BC272523535DA88AF43D
data/derived/ea2/en_ivl8b_s2/e1_InternVL3_5-8B_z0hard_permit_en.csv,8146,5BBD53EE1A294468FD5B3B6F1DF491A7
data/derived/ea2/en_ivl8b_s3/e1_InternVL3_5-8B_z0easy_base_en.csv,7124,15027FB70B6A4056C8A94EBA7FE28EAC
data/derived/ea2/en_ivl8b_s3/e1_InternVL3_5-8B_z0easy_channel_en.csv,8973,31FE3167129CDF93C78445178C05B432
data/derived/ea2/en_ivl8b_s3/e1_InternVL3_5-8B_z0easy_permit_en.csv,8200,9BA8C08807F75B3B66D2661D2364DD34
data/derived/ea2/en_ivl8b_s3/e1_InternVL3_5-8B_z0hard_base_en.csv,6982,F7C7E7BE215DF01EEDE3FFF654EA89DA
data/derived/ea2/en_ivl8b_s3/e1_InternVL3_5-8B_z0hard_channel_en.csv,8906,A126A3E8BA35E9A368013F4E9FA69048
data/derived/ea2/en_ivl8b_s3/e1_InternVL3_5-8B_z0hard_permit_en.csv,8146,A2B9B2A181CF12204DAC61314B0AF35A
data/derived/ea2/en_llavaov_s1/e1_llava-onevision-qwen2-7b-ov_z0easy_base_en.csv,8652,A0752B71AEC2A95A22F4CDB69AFA8377
data/derived/ea2/en_llavaov_s1/e1_llava-onevision-qwen2-7b-ov_z0easy_channel_en.csv,9151,ED651FA4A5E8C791D6C973A26AC168A8
data/derived/ea2/en_llavaov_s1/e1_llava-onevision-qwen2-7b-ov_z0easy_permit_en.csv,8326,F53662EC83137D9C6E9D7B4B35DAAF62
data/derived/ea2/en_llavaov_s1/e1_llava-onevision-qwen2-7b-ov_z0hard_base_en.csv,8730,96B78FBC2E62B65A11501C3A081FD408
data/derived/ea2/en_llavaov_s1/e1_llava-onevision-qwen2-7b-ov_z0hard_channel_en.csv,9107,1452FFE2A252A98689051BFB196757ED
data/derived/ea2/en_llavaov_s1/e1_llava-onevision-qwen2-7b-ov_z0hard_permit_en.csv,8422,D01AECB814DBD26103CDC372015DF029
data/derived/ea2/en_llavaov_s2/e1_llava-onevision-qwen2-7b-ov_z0easy_base_en.csv,8640,ACA1AEFEC26B2D46687E58277682583F
data/derived/ea2/en_llavaov_s2/e1_llava-onevision-qwen2-7b-ov_z0easy_channel_en.csv,9151,DE1A68000DCC786E98008F50D3010EC2
data/derived/ea2/en_llavaov_s2/e1_llava-onevision-qwen2-7b-ov_z0easy_permit_en.csv,8326,5CEAA0901F609B0D659F86FC7B667F26
data/derived/ea2/en_llavaov_s2/e1_llava-onevision-qwen2-7b-ov_z0hard_base_en.csv,8734,7B866BBDC3C747DEBFE406E6B99BD26C
data/derived/ea2/en_llavaov_s2/e1_llava-onevision-qwen2-7b-ov_z0hard_channel_en.csv,9107,47DAA5F624493065EF11BD6A43AB17FA
data/derived/ea2/en_llavaov_s2/e1_llava-onevision-qwen2-7b-ov_z0hard_permit_en.csv,8422,6992EF09CDB9BD8EE5C2C4384A151406
data/derived/ea2/en_llavaov_s3/e1_llava-onevision-qwen2-7b-ov_z0easy_base_en.csv,8648,7152F3C2B6FF116A25C05C95CF9E1EEE
data/derived/ea2/en_llavaov_s3/e1_llava-onevision-qwen2-7b-ov_z0easy_channel_en.csv,9151,39DD7E8A219B0D54FDBCE59BB11F55A7
data/derived/ea2/en_llavaov_s3/e1_llava-onevision-qwen2-7b-ov_z0easy_permit_en.csv,8326,83795C0B58F073A5C6B8B74375FA702C
data/derived/ea2/en_llavaov_s3/e1_llava-onevision-qwen2-7b-ov_z0hard_base_en.csv,8730,546E9186396EC97DFE6DED41C343FA08
data/derived/ea2/en_llavaov_s3/e1_llava-onevision-qwen2-7b-ov_z0hard_channel_en.csv,9107,60CE5519F1989E2995B97B38BB94C994
data/derived/ea2/en_llavaov_s3/e1_llava-onevision-qwen2-7b-ov_z0hard_permit_en.csv,8422,46EF10EDCAEDFEC880B88CCAFE8363F4
data/derived/ea2/en_phi35_s1/e1_Phi-3.5-vision-instruct_z0easy_base_en.csv,9312,04563648CC0F3BE421E8A3A44E6AE71A
data/derived/ea2/en_phi35_s1/e1_Phi-3.5-vision-instruct_z0easy_channel_en.csv,10130,D26427FFAFD53C44F680AD52C3B7345D
data/derived/ea2/en_phi35_s1/e1_Phi-3.5-vision-instruct_z0easy_permit_en.csv,8452,004E9348AADA1F5F34DC15ECF47A692E
data/derived/ea2/en_phi35_s1/e1_Phi-3.5-vision-instruct_z0hard_base_en.csv,9032,14D7EBA9677F701251E0BEBFDEB4F232
data/derived/ea2/en_phi35_s1/e1_Phi-3.5-vision-instruct_z0hard_channel_en.csv,9965,67C874FF537D5DF3FDE3AF42D2123A36
data/derived/ea2/en_phi35_s1/e1_Phi-3.5-vision-instruct_z0hard_permit_en.csv,8452,3BE79DF7691E2F79013E421ED078D3D7
data/derived/ea2/en_phi35_s2/e1_Phi-3.5-vision-instruct_z0easy_base_en.csv,8952,522A38BCAE178874D6C42781563647D2
data/derived/ea2/en_phi35_s2/e1_Phi-3.5-vision-instruct_z0easy_channel_en.csv,10119,674155BC99345FDC5B7E3CD0844F4973
data/derived/ea2/en_phi35_s2/e1_Phi-3.5-vision-instruct_z0easy_permit_en.csv,8452,6F5AF7205F3A4B29FFD08E23CD9B2CE4
data/derived/ea2/en_phi35_s2/e1_Phi-3.5-vision-instruct_z0hard_base_en.csv,9162,24A4A320B581D459CCED247993F83D06
data/derived/ea2/en_phi35_s2/e1_Phi-3.5-vision-instruct_z0hard_channel_en.csv,9982,90D03B886DF53D95806FD2FC84FDEFAA
data/derived/ea2/en_phi35_s2/e1_Phi-3.5-vision-instruct_z0hard_permit_en.csv,8452,76A3DE57E73E4033C8A8F51A8B76256F
data/derived/ea2/en_phi35_s3/e1_Phi-3.5-vision-instruct_z0easy_base_en.csv,9346,2FB1E35D840F442AD5F37A6FD3B65A67
data/derived/ea2/en_phi35_s3/e1_Phi-3.5-vision-instruct_z0easy_channel_en.csv,10133,3567A2D416A605B304F63EF4CC00AB81
data/derived/ea2/en_phi35_s3/e1_Phi-3.5-vision-instruct_z0easy_permit_en.csv,8452,4B7C156436BBEAA6DD023CE8077DC87F
data/derived/ea2/en_phi35_s3/e1_Phi-3.5-vision-instruct_z0hard_base_en.csv,9162,BFD3281C5EDE796CB4F84D252BB493D9
data/derived/ea2/en_phi35_s3/e1_Phi-3.5-vision-instruct_z0hard_channel_en.csv,9965,891F6D93F309C6C8DC009D3F409DBA9C
data/derived/ea2/en_phi35_s3/e1_Phi-3.5-vision-instruct_z0hard_permit_en.csv,8452,3F7A4F7365F115C41984711FB6B70E10
data/derived/ea2/en_q32_s1/e1_Qwen3-VL-32B-Instruct_z0easy_base_en.csv,6928,04BEA2CE907CD69B0608F1CECA889F6B
data/derived/ea2/en_q32_s1/e1_Qwen3-VL-32B-Instruct_z0easy_channel_en.csv,9115,32AAE83DE41F4521F0F7A6082F06667E
data/derived/ea2/en_q32_s1/e1_Qwen3-VL-32B-Instruct_z0easy_permit_en.csv,8146,272A5F067DE87B41F4B266436AACA8B5
data/derived/ea2/en_q32_s1/e1_Qwen3-VL-32B-Instruct_z0hard_base_en.csv,6922,4A8BFCAEDF4BFFC03C729DEEF52C2FEA
data/derived/ea2/en_q32_s1/e1_Qwen3-VL-32B-Instruct_z0hard_channel_en.csv,8991,3DD8A57CA70A4A3D81664BEF392EBED8
data/derived/ea2/en_q32_s1/e1_Qwen3-VL-32B-Instruct_z0hard_permit_en.csv,8056,2A626B115907BD18AA37BC1A59FFF00B
data/derived/ea2/en_q32_s2/e1_Qwen3-VL-32B-Instruct_z0easy_base_en.csv,6928,F3A598F720D4590EA2C602E523AD3715
data/derived/ea2/en_q32_s2/e1_Qwen3-VL-32B-Instruct_z0easy_channel_en.csv,9115,10E786DE90F95EBCB8364D4BFB4C341F
data/derived/ea2/en_q32_s2/e1_Qwen3-VL-32B-Instruct_z0easy_permit_en.csv,8137,79838289371C9EAAD952737753658B9B
data/derived/ea2/en_q32_s2/e1_Qwen3-VL-32B-Instruct_z0hard_base_en.csv,6922,17E5990DF599E9CCC15AE47CF5E2B38A
data/derived/ea2/en_q32_s2/e1_Qwen3-VL-32B-Instruct_z0hard_channel_en.csv,8991,8FE22E4A828719582A7C62CB5EDC89BD
data/derived/ea2/en_q32_s2/e1_Qwen3-VL-32B-Instruct_z0hard_permit_en.csv,8056,539659D69EA27A6B1DD598BE74655212
data/derived/ea2/en_q32_s3/e1_Qwen3-VL-32B-Instruct_z0easy_base_en.csv,6928,8D11A3F7440FF65337CD4B0CC6833684
data/derived/ea2/en_q32_s3/e1_Qwen3-VL-32B-Instruct_z0easy_channel_en.csv,9101,2F63F18CB384F93102F45DC93717C2E2
data/derived/ea2/en_q32_s3/e1_Qwen3-VL-32B-Instruct_z0easy_permit_en.csv,8146,8F81B0422001FDAB531AF6A8516D7EAA
data/derived/ea2/en_q32_s3/e1_Qwen3-VL-32B-Instruct_z0hard_base_en.csv,6922,430B90EED2FDA7CD7714C73E784CA81D
data/derived/ea2/en_q32_s3/e1_Qwen3-VL-32B-Instruct_z0hard_channel_en.csv,8991,F01BA2B3C9709C75D18C808F1973616B
data/derived/ea2/en_q32_s3/e1_Qwen3-VL-32B-Instruct_z0hard_permit_en.csv,8056,91EFB833F48D792232D3294CA0568E1B
data/derived/ext_results/ext_countbench_base.csv,22307,103BD5C6CE8156D8EB894CE039541CEC
data/derived/ext_results/ext_countbench_over.csv,22313,7C9CEA5625AEAD68B6F1E5527B19BDA4
data/derived/ext_results/ext_countbench_under.csv,22299,10BC689C53CC5640568503C8DAF9A06A
data/derived/ext_results/ext_fsc147_base.csv,25594,96D60EB0111D9C417E34F8B56B6B6ADB
data/derived/ext_results/ext_fsc147_over.csv,25932,4A071D0750243F6304FC817E9CEE7006
data/derived/ext_results/ext_fsc147_under.csv,25374,F19E0051FCCEA8B14DD15414727E424E
data/derived/ext_results/ext_tallyqa_base.csv,15392,42618A75B9865479B35EE605DC6EAA2D
data/derived/ext_results/ext_tallyqa_over.csv,15534,8A5A1BEDE13EF13D40D6FFD050DD4749
data/derived/ext_results/ext_tallyqa_under.csv,15356,162256A3D694500D3C53003F7197C3CA
data/derived/fsc_res/256/fsc_InternVL3_5-8B_base.csv,11727,68AA958014C4D1C58C6AFC86D79072ED
data/derived/fsc_res/256/fsc_InternVL3_5-8B_channel.csv,15774,17642382E7929653FF040861931A923E
data/derived/fsc_res/256/fsc_InternVL3_5-8B_enumAbstain.csv,14223,874124E5239258F9AD4D7CA7B974D5CC
data/derived/fsc_res/256/fsc_InternVL3_5-8B_exemplar3.csv,12560,6F0F17EB84FB7A263C271A530B456CBB
data/derived/fsc_res/256/fsc_InternVL3_5-8B_exemplar3permit.csv,12871,BE7A4F253F29CDB61E5DFAA6473663DD
data/derived/fsc_res/256/fsc_InternVL3_5-8B_permit.csv,14237,B6AB7E748793E4B1DEE715E7DF94F462
data/derived/fsc_res/256/fsc_Phi-3.5-vision-instruct_base.csv,45040,6CDA9F02CDA271B918185B3C7007C128
data/derived/fsc_res/256/fsc_Phi-3.5-vision-instruct_channel.csv,26029,3B90F5A1710AB972BE15AD0C3B8BDCA7
data/derived/fsc_res/256/fsc_Phi-3.5-vision-instruct_enumAbstain.csv,16889,47A9C7DECCA5AA777DC86F83C86F890E
data/derived/fsc_res/256/fsc_Phi-3.5-vision-instruct_exemplar3.csv,65961,7B71715AE16B93DC135D0B16398BEC7F
data/derived/fsc_res/256/fsc_Phi-3.5-vision-instruct_exemplar3permit.csv,11009,847643543F5CBE3BDD0F7745FED269B6
data/derived/fsc_res/256/fsc_Phi-3.5-vision-instruct_permit.csv,19054,9E18E87336D8879D9FB78F4983990EF1
data/derived/fsc_res/256/fsc_gemma3-12b_base.csv,13533,F29953C4E5170F29B416CDD8456154F9
data/derived/fsc_res/256/fsc_gemma3-12b_channel.csv,19517,7E813B6AFF860DF16CAA824A3CC45057
data/derived/fsc_res/256/fsc_gemma3-12b_enumAbstain.csv,14275,3403F09A9CDF408B50A434A5588E8620
data/derived/fsc_res/256/fsc_gemma3-12b_exemplar3.csv,15672,0BF7D27A2443BF30ABBBF72F977DF417
data/derived/fsc_res/256/fsc_gemma3-12b_exemplar3permit.csv,14476,FC7F576EE1236339403EC287AADF839B
data/derived/fsc_res/256/fsc_gemma3-12b_permit.csv,14308,BE934966DB0B6FDC0399C0E8AC441D36
data/derived/fsc_res/384/fsc_InternVL3_5-8B_base.csv,11740,CD49DC99228DD6B1AF1546107C57CF7F
data/derived/fsc_res/384/fsc_InternVL3_5-8B_channel.csv,15766,FCFAD9D05C0F2650C2291E6B8CFF2A43
data/derived/fsc_res/384/fsc_InternVL3_5-8B_enumAbstain.csv,14177,82EF2B032085688B0FBE27B74DD2EAB2
data/derived/fsc_res/384/fsc_InternVL3_5-8B_exemplar3.csv,12527,E39C78760F160A7BDC80EDFE088671F9
data/derived/fsc_res/384/fsc_InternVL3_5-8B_exemplar3permit.csv,12657,520AF5B5C520431E8360430BF0CAD441
data/derived/fsc_res/384/fsc_InternVL3_5-8B_permit.csv,14242,A244C14ECC884A50F8843586FFE4151B
data/derived/fsc_res/384/fsc_Phi-3.5-vision-instruct_base.csv,45225,46A8C9654855EF96A2F4D36CD0F7CDCD
data/derived/fsc_res/384/fsc_Phi-3.5-vision-instruct_channel.csv,26160,78ED762007EB7BADCE7CAB6690347453
data/derived/fsc_res/384/fsc_Phi-3.5-vision-instruct_enumAbstain.csv,16845,7C1EC418E1A29CCFC2B6E0B4AFE03D33
data/derived/fsc_res/384/fsc_Phi-3.5-vision-instruct_exemplar3.csv,51557,1073DDCDF2E6834F5890156D260FC72E
data/derived/fsc_res/384/fsc_Phi-3.5-vision-instruct_exemplar3permit.csv,12836,5C3E80CA38C7B670B703FC5350A508EB
data/derived/fsc_res/384/fsc_Phi-3.5-vision-instruct_permit.csv,19008,A8AD8712A617AE246737E3B7A851A299
data/derived/fsc_res/384/fsc_gemma3-12b_base.csv,13025,89C02A8C15945A468BA9771675BEBE51
data/derived/fsc_res/384/fsc_gemma3-12b_channel.csv,19464,CF45A472967EE2AE0B01A65F905EECC4
data/derived/fsc_res/384/fsc_gemma3-12b_enumAbstain.csv,14331,AE8D7826D496EEAD05993A7137D2CEE0
data/derived/fsc_res/384/fsc_gemma3-12b_exemplar3.csv,15746,266E6568B226F10859044E12F362B977
data/derived/fsc_res/384/fsc_gemma3-12b_exemplar3permit.csv,14749,617890507848C0D7C410FE050EFC9B8E
data/derived/fsc_res/384/fsc_gemma3-12b_permit.csv,14274,58FB40911220EEFEDA99A7A869234422
data/derived/fsc_res/768up/fsc_InternVL3_5-8B_base.csv,11715,97ABA0321CA88F13A4A859A7735A16EC
data/derived/fsc_res/768up/fsc_InternVL3_5-8B_channel.csv,15766,6AC41C73DC64AF2068FCF4C481D6924B
data/derived/fsc_res/768up/fsc_InternVL3_5-8B_enumAbstain.csv,14158,50DF1BAC93B870AF4CC5D908D7C7845E
data/derived/fsc_res/768up/fsc_InternVL3_5-8B_exemplar3.csv,12633,18378B83A18185C871FEEE3ED83202C3
data/derived/fsc_res/768up/fsc_InternVL3_5-8B_exemplar3permit.csv,12760,B10544D9671F78B8D135134AD7305F08
data/derived/fsc_res/768up/fsc_InternVL3_5-8B_permit.csv,14233,2E2A359B5D85FF67C3B4B21A6AC45FAF
data/derived/fsc_res/768up/fsc_Phi-3.5-vision-instruct_base.csv,45555,F9D83B733868A3C95291DD1C20705BD1
data/derived/fsc_res/768up/fsc_Phi-3.5-vision-instruct_channel.csv,26519,F7F0D13D4315F3B0347972209E27757C
data/derived/fsc_res/768up/fsc_Phi-3.5-vision-instruct_enumAbstain.csv,16818,DF1A0B9191EFED00838E70B1462E036A
data/derived/fsc_res/768up/fsc_Phi-3.5-vision-instruct_exemplar3.csv,52730,04E6E54A762A2142DC55224CE5B07F65
data/derived/fsc_res/768up/fsc_Phi-3.5-vision-instruct_exemplar3permit.csv,14916,9F56EE4A3B238F52743B450DAD3960EA
data/derived/fsc_res/768up/fsc_Phi-3.5-vision-instruct_permit.csv,19018,067A2B41706D390D39764C876F69038A
data/derived/fsc_res/768up/fsc_gemma3-12b_base.csv,13060,162E6BC2F7EF5662B24E0ABFBC796F67
data/derived/fsc_res/768up/fsc_gemma3-12b_channel.csv,19475,76219436A9E2B0A82DAEEC4CC06A738F
data/derived/fsc_res/768up/fsc_gemma3-12b_enumAbstain.csv,14331,273FD0E8589AC96C356625460B7BB8ED
data/derived/fsc_res/768up/fsc_gemma3-12b_exemplar3.csv,15872,6EFA8776325960A1A565F662DBFD0EB0
data/derived/fsc_res/768up/fsc_gemma3-12b_exemplar3permit.csv,15241,03A0C0B8AF0A29E708A945700263A69B
data/derived/fsc_res/768up/fsc_gemma3-12b_permit.csv,14246,6C089A41DE1ED8543C45F1676A91B867
data/derived/fsc_res/e1_qc.json,12180,1768D7F9A5DC9E702C1D9B175C334364
data/derived/fsc_res/ea2_contrast_result.json,20357,7BFCD6B86264B3AEEDAFBA198598C0DA
data/derived/fsc_res/ea2_z0_result.json,90974,7F15A3A25F7A62DCA5BCF369492EB4B0
data/derived/fsc_res/frozen384/fsc_InternVL3_5-8B_base.csv,11748,F74C913D1E54D28453DE4A78917205D0
data/derived/fsc_res/frozen384/fsc_InternVL3_5-8B_channel.csv,15776,56CA2EA3980A09A75FA23BD6D2BCF6CD
data/derived/fsc_res/frozen384/fsc_InternVL3_5-8B_enumAbstain.csv,14193,94C4FA0985A3A7F61C03479E00DD385C
data/derived/fsc_res/frozen384/fsc_InternVL3_5-8B_permit.csv,14251,D21FC801BFE5906D034A47D2CF8FD87A
data/derived/fsc_res/frozen384/fsc_Phi-3.5-vision-instruct_base.csv,42503,086C9EFD3D1883894A565644F14917D8
data/derived/fsc_res/frozen384/fsc_Phi-3.5-vision-instruct_channel.csv,19817,15282B7D04F75D7BDFB313C2EE49A69A
data/derived/fsc_res/frozen384/fsc_Phi-3.5-vision-instruct_enumAbstain.csv,13593,AAF233B1F494AA183D79050C54978C78
data/derived/fsc_res/frozen384/fsc_Phi-3.5-vision-instruct_permit.csv,30355,B19EA5EF7CD97197AF80C20A86FEAD84
data/derived/fsc_res/frozen384/fsc_Qwen2.5-VL-3B-Instruct_base.csv,16180,93AD083A95D3E1D56D0ED4AFC87217B6
data/derived/fsc_res/frozen384/fsc_Qwen2.5-VL-3B-Instruct_permit.csv,15553,71856F8708993B5D84AB336A9A22830A
data/derived/fsc_res/frozen384/fsc_Qwen3-VL-30B-A3B-Instruct_base.csv,15557,9A5F04F5D0E1806EDAE7039ED845D743
data/derived/fsc_res/frozen384/fsc_Qwen3-VL-30B-A3B-Instruct_permit.csv,17754,3355DAC67ADEFEDB4899E8B948D8543F
data/derived/fsc_res/frozen384/fsc_Qwen3-VL-32B-Instruct_base.csv,11720,D7A0359F2CE9300F7F0304DF3BD2FA98
data/derived/fsc_res/frozen384/fsc_Qwen3-VL-32B-Instruct_channel.csv,15774,9ED6CAF209CD861C084868B322613D31
data/derived/fsc_res/frozen384/fsc_Qwen3-VL-32B-Instruct_enumAbstain.csv,11948,122F9CE16BCF1274AF5AC62126547698
data/derived/fsc_res/frozen384/fsc_Qwen3-VL-32B-Instruct_permit.csv,12001,4D7A1CFED384033C18ACCAB51C2A501F
data/derived/fsc_res/frozen384/fsc_Qwen3-VL-4B-Instruct_base.csv,11666,7BAC6E385A8BC9B40D20A70C7B5AEA91
data/derived/fsc_res/frozen384/fsc_Qwen3-VL-4B-Instruct_permit.csv,14222,F67225818B48738C56A6A5D6190094A1
data/derived/fsc_res/frozen384/fsc_Qwen3-VL-8B-Instruct_base.csv,11709,B925A218DA75783647E9DD92748BAFC9
data/derived/fsc_res/frozen384/fsc_Qwen3-VL-8B-Instruct_permit.csv,14313,B17CFBB5BD300B173DBB9205B2C98FE8
data/derived/fsc_res/frozen384/fsc_gemma3-12b_base.csv,13018,57919835F127D3AA90AF3547AB731DD9
data/derived/fsc_res/frozen384/fsc_gemma3-12b_channel.csv,19431,B4BACC7A2BE0E0D7B72837D9D0B61680
data/derived/fsc_res/frozen384/fsc_gemma3-12b_enumAbstain.csv,14353,A1F1FE2B70D26BF08A242D2FBEA8CB93
data/derived/fsc_res/frozen384/fsc_gemma3-12b_permit.csv,14279,3498D83D38E59FB329E1BD8D6D3051D3
data/derived/fsc_res/frozen384/fsc_llava-onevision-qwen2-7b-ov_base.csv,19877,AB0ACF3F153068D116D20F66DEE3B0E9
data/derived/fsc_res/frozen384/fsc_llava-onevision-qwen2-7b-ov_channel.csv,10903,DD46E36E090E11AAC3AD7942EE318EB8
data/derived/fsc_res/frozen384/fsc_llava-onevision-qwen2-7b-ov_enumAbstain.csv,29251,A128C206C09DD83D598D345932AB75B2
data/derived/fsc_res/frozen384/fsc_llava-onevision-qwen2-7b-ov_permit.csv,10790,CE6DF6133F9ECE92367F497C57453CD5
data/derived/fsc_res/fsc_res_result.json,27363,05A4F7A4159BA8B66FB296EDF998FB04
data/derived/fsc_res/fsc_res_result.json.md5,76,43DD3DBC80E51A56B009A4E4341F4678
data/derived/g2_neutral0/_g2_result.json,10796,54CB7C3E054591111118F5879EA8B1C9
data/derived/g2_neutral0/aitod__cn-base.csv,14757,4F42FEA63075888D0E7D1D7FAD89A964
data/derived/g2_neutral0/aitod__cn-neutral0.csv,15623,3B7AA91F85BF3D160A0F8F016585BBBC
data/derived/g2_neutral0/aitod__en-base.csv,14755,4438A49773FBD0F141C9131A24943884
data/derived/g2_neutral0/aitod__en-neutral0.csv,15625,08CBCDA57ADBC9FCAA056B8605117F68
data/derived/g2_neutral0/aitod__en-neutral0em.csv,16075,CE4F6C5B686749703EFD2E550F092C48
data/derived/g2_neutral0/ec3en/aitod_base_en.csv,12943,D4D89EA096DBB02C12884921637FC4B0
data/derived/g2_neutral0/ec3en/st_a_base_en.csv,6864,510AA1198836EFA42208694E2D06202F
data/derived/g2_neutral0/ec3en/ucf_base_en.csv,15066,86C39B5A7E69500C876AC0373DDA0232
data/derived/g2_neutral0/ec3en/visdrone_base_en.csv,20232,FB53AD1E487E13FAAD552A8D96C5929C
data/derived/g2_neutral0/pool/vlm_aitod_base_whole.csv,14181,B346E576CF8ED0819BD2273DCF52E470
data/derived/g2_neutral0/pool/vlm_st_a_base_whole.csv,7714,FF69ABB8457CBA31D0FDF6D3702EC432
data/derived/g2_neutral0/pool/vlm_ucf_base_whole.csv,14748,4FE5246CA1603625EF158EB3F5C99901
data/derived/g2_neutral0/pool/vlm_visdrone_base_whole.csv,22816,6621897EDFF850551C63F2D2A67160E4
data/derived/g2_neutral0/st_a__cn-base.csv,8094,41974D81718C3C82C4E2B2BCAB788191
data/derived/g2_neutral0/st_a__cn-neutral0.csv,8344,FD343336EE487EDF5698097053307540
data/derived/g2_neutral0/st_a__en-base.csv,8312,B46A8D87A815416C41330A0C5FA70CD7
data/derived/g2_neutral0/st_a__en-neutral0.csv,8364,AC325961A2A2E3ADCE5B3E81847123EF
data/derived/g2_neutral0/st_a__en-neutral0em.csv,8712,324F7A0C411833A60C3619568A2EF53E
data/derived/g2_neutral0/ucf__cn-base.csv,16838,532B9A461F094E00A41DEE0202F07681
data/derived/g2_neutral0/ucf__cn-neutral0.csv,17562,164E6A22E3D3213B8160007F84EA99EF
data/derived/g2_neutral0/ucf__en-base.csv,17064,98161B87FE1256D8436B822AA2ABE986
data/derived/g2_neutral0/ucf__en-neutral0.csv,17562,C44A500EE4821BEEAF8F133FCF36A09E
data/derived/g2_neutral0/ucf__en-neutral0em.csv,18230,A4825F8430D2810911C94176E9C05E08
data/derived/g2_neutral0/visdrone__cn-base.csv,23436,CE25E78FF38997A56E624A3DCAB5883E
data/derived/g2_neutral0/visdrone__cn-neutral0.csv,24934,437395C322F066F22B86BB46DF4EAC7A
data/derived/g2_neutral0/visdrone__en-base.csv,23436,0BE4F5AC281D400DA5156D32EF060103
data/derived/g2_neutral0/visdrone__en-neutral0.csv,24948,2FA5BD2E31637B6A01AE0F6CA3D86351
data/derived/g2_neutral0/visdrone__en-neutral0em.csv,25738,50920BF4ABB5E81013AD6A71D2A57F25
data/derived/g3_res/_g3_result.json,2719,3AAA379DAA41304AA49D3920A5FA8D43
data/derived/g3_res/g3_InternVL3_5-8B.csv,122596,CDD172DA286C59F37E2C7D7CDE075CC7
data/derived/g3_res/g3_Qwen2.5-VL-3B-Instruct.csv,166031,0DE41F68B8A4F69DFF7370E98139E5C8
data/derived/g3_res/g3_Qwen3-VL-32B-Instruct.csv,134351,1F3215EEB5457BD77673F4A834F3081A
data/derived/g3_res/g3_Qwen3-VL-4B-Instruct.csv,133975,8A405E534C7254CD27D75A86CC0795AC
data/derived/g3_res/res_ctrl_matched_visdrone.csv,1128991,3BF850319B8594B6570F3790E6959C46
data/derived/g56_res/g56_arms.csv,217559,E87DA562B043BB31D757F7B652DAA281
data/derived/g56_res/g56_budget.csv,84521,D39085242BEEF0603BA38AE85BF470DD
data/derived/g56_res/g56_noise.csv,34390,71BD85B56508049886FDA28CFEE3666D
data/derived/g56_res/g56_tile.csv,230743,3F2449BF8260D24942E86A685A528B1B
data/derived/g7_res/g7_F2_16384.csv,48559,FB803B736502D0522C20AEF624B636FC
data/derived/g7_res/g7_F2_4096.csv,47980,A30F1B3BAB9A413D0AC2FCEC407AD4A7
data/derived/g7_res/g7_F3_sys.csv,47281,C2A8FCCEBB730711C8F551A9C3CDC28D
data/derived/g7_res/g7_F4_w1.csv,46753,7D8B0DB57EFE7A051F2CA0954CE6AC5A
data/derived/g7_res/g7_R_s1.csv,46175,0C32F59CAF204FB03CB6C732FF6158F6
data/derived/g7_res/g7_R_s2.csv,46168,151959524FE094E74BB77247785E6D80
data/derived/g7_res/g7_R_s3.csv,46168,402402FD68AC6BECFE92382FC97C87CA
data/derived/g8_res/g8.csv,56334,6F94973DB40E2EFBFDD4D1298B4E8ABB
data/derived/g9_res/g9_guard.json,173,5C192C669D393AE07A00482699B8D4F4
data/derived/g9_res/g9_hidden.csv,249087,40F866935D4610A465CDD92EF1EEB2F5
data/derived/gx_res/gx_g10mix_InternVL.csv,44273,A679D4BFADBC9CD2531146DE91E70AE8
data/derived/gx_res/gx_g10mix_gemma.csv,48177,6013FE1E2E26DC8D400FCB30CBF1976C
data/derived/gx_res/gx_g8b.csv,147727,B6DB6609D5E10A91B9E8FFF0C19037D3
data/derived/gx_res/gx_placebo.csv,47951,D476A73FCF4C33239DB62356E9C40886
data/derived/ivl_abstain_results/blur_base.csv,43619,BD552AD107CE0E7D41ACF9868110A423
data/derived/ivl_abstain_results/blur_over.csv,43689,442598F4FC49A994D60FCF34A6155655
data/derived/ivl_abstain_results/blur_under.csv,43371,E0CE097F37AD54ABB577610F564D0D89
data/derived/ivl_abstain_results/causal_base.csv,26229,2433F1F2CBB1EEA057D8BDC20AFA8638
data/derived/ivl_abstain_results/causal_over.csv,26267,933ABFEC4CF195594B3889E105CE512E
data/derived/ivl_abstain_results/causal_under.csv,26236,F3DFE616360B0BE876C1FA8840F593B5
data/derived/ivl_abstain_results/scalestep_st_a.csv,61377,FDBCF0426FBAE91EED6E3117DD45376E
data/derived/ivl_abstain_results/scalestep_ucf.csv,121849,454BCE9B86A71B2D99910DD73376BD69
data/derived/ivl_aerial_results/aer_aitod_base.csv,16893,22D11B94AF3A23756CD60B2C99137AD9
data/derived/ivl_aerial_results/aer_aitod_over.csv,16917,AD3848267DC93DA227C9042CDE540E2E
data/derived/ivl_aerial_results/aer_aitod_under.csv,16875,669313FA3CEC6F0D6873CED36565EF68
data/derived/ivl_aerial_results/aer_visdrone_base.csv,27261,7B4B809556DFF010E101A7929B7EB733
data/derived/ivl_aerial_results/aer_visdrone_over.csv,27321,BF784BF6ED315D0B809888D01FE8D1F9
data/derived/ivl_aerial_results/aer_visdrone_under.csv,27241,8A45BCF6CE92B9EE35013A4D04CB225E
data/derived/ivl_aerial_tile_results/aer_aitod_base_tile2.csv,35316,41F79562FA90DAE19E71DFC7870D2C29
data/derived/ivl_aerial_tile_results/aer_aitod_base_tile3.csv,39353,ABB18DC25B4CF652F012F926199BE716
data/derived/ivl_aerial_tile_results/aer_aitod_over_tile2.csv,35893,E79B1FB11854CBFDEC82E488D8396E35
data/derived/ivl_aerial_tile_results/aer_aitod_over_tile3.csv,39524,81E9BBD886B5AC20DBC0573E46FAAEA8
data/derived/ivl_aerial_tile_results/aer_aitod_under_tile2.csv,35857,B86FEEF382357B05BB1440B0219352CF
data/derived/ivl_aerial_tile_results/aer_aitod_under_tile3.csv,39493,39E170FF1807D44C7CFB5B76C9EC87FE
data/derived/ivl_aerial_tile_results/aer_visdrone_base_tile2.csv,60778,D55F95B3B2192E5D456C336C4286F631
data/derived/ivl_aerial_tile_results/aer_visdrone_base_tile3.csv,67246,DE2C3E377B05447972F542A3E711F1E4
data/derived/ivl_aerial_tile_results/aer_visdrone_over_tile2.csv,60829,279CDFE8645342D9A07E60D34B1907FB
data/derived/ivl_aerial_tile_results/aer_visdrone_over_tile3.csv,67290,E149C5AE8738390B967F289398218043
data/derived/ivl_aerial_tile_results/aer_visdrone_under_tile2.csv,60766,B9941D13F22537DBBFDC03854F3FF1D4
data/derived/ivl_aerial_tile_results/aer_visdrone_under_tile3.csv,67211,9193CB5BB3E09372791E1BB2EC3B3A01
data/derived/ivl_dense_prompt_results/st_a_base_V1_json.csv,9529,3FDF5931F5772B0A64D9F35C0750C628
data/derived/ivl_dense_prompt_results/st_a_base_V2_number.csv,6199,AE4E6E5667FB27DCD7A52A0E2BA9C919
data/derived/ivl_dense_prompt_results/st_a_base_V3_locate.csv,9641,04641254DBCE6AC6B95F70B944E7FD2B
data/derived/ivl_dense_prompt_results/st_a_base_V4_estimate.csv,9887,7F11B20DB4AB6C76E3565A6CC58C6194
data/derived/ivl_dense_prompt_results/st_a_base_V5_region.csv,11175,3CAD5EDB00F1B3042C0A1F9A6AE9035B
data/derived/ivl_dense_prompt_results/st_a_over_V1_json.csv,9522,4D59AC0096DE8C18F632B36D3C96F7ED
data/derived/ivl_dense_prompt_results/st_a_over_V2_number.csv,5930,B0D2B33A4B366A10941DBC9AFD6D8176
data/derived/ivl_dense_prompt_results/st_a_over_V3_locate.csv,8987,55E88DEEF5A49DDE61459259D27D115B
data/derived/ivl_dense_prompt_results/st_a_over_V4_estimate.csv,9855,64A774EE83CF1B79EE89778A00F5A315
data/derived/ivl_dense_prompt_results/st_a_over_V5_region.csv,11103,739495E031F4093FE6C1962C045A6885
data/derived/ivl_dense_prompt_results/st_a_under_V1_json.csv,9993,8D34530760130D385ECFD598E6CE1027
data/derived/ivl_dense_prompt_results/st_a_under_V2_number.csv,6792,56668752C67501BE82E1BF9E72BDAD26
data/derived/ivl_dense_prompt_results/st_a_under_V3_locate.csv,9823,59B89945EA1C1988E9AF41A426B2A529
data/derived/ivl_dense_prompt_results/st_a_under_V4_estimate.csv,10061,313C8A3B478BEFC66DF6E4E99EDF6CC8
data/derived/ivl_dense_prompt_results/st_a_under_V5_region.csv,11011,13D3CE7CC447D1D9C020F404825DBDBD
data/derived/ivl_dense_prompt_results/st_b_base_V1_json.csv,17482,928AE50C13F36BFF9A1484E588593D56
data/derived/ivl_dense_prompt_results/st_b_base_V2_number.csv,10834,7730E51B79B2C4A6260F8E0880118420
data/derived/ivl_dense_prompt_results/st_b_base_V3_locate.csv,18375,30A61899B6C3E1A875AE76527F42DA3C
data/derived/ivl_dense_prompt_results/st_b_base_V4_estimate.csv,17700,050F1FF1A2166C7486A3E15A72396708
data/derived/ivl_dense_prompt_results/st_b_base_V5_region.csv,19158,8A7ED294129B66648246FF84CF445E2D
data/derived/ivl_dense_prompt_results/st_b_over_V1_json.csv,17497,868A7D05B5D03637ADF56BBE0B89ED19
data/derived/ivl_dense_prompt_results/st_b_over_V2_number.csv,10352,485DC47B0F80719DFCA3E8343D7363C8
data/derived/ivl_dense_prompt_results/st_b_over_V3_locate.csv,18655,F4F5F4CEA2B55E782C6B8A7FB8B31C23
data/derived/ivl_dense_prompt_results/st_b_over_V4_estimate.csv,17696,2CE3B70AC7A0A49377C26BF7A7CAA6FC
data/derived/ivl_dense_prompt_results/st_b_over_V5_region.csv,19066,DCC70B0EB8177697BA442A6CDED6E13C
data/derived/ivl_dense_prompt_results/st_b_under_V1_json.csv,17441,0FC4B8B7409E9098FA3D6E3DCA97BE23
data/derived/ivl_dense_prompt_results/st_b_under_V2_number.csv,9855,E56EC827DDFE16611ACA61D0A00F4126
data/derived/ivl_dense_prompt_results/st_b_under_V3_locate.csv,18101,EB288B48C60910D8473EA6A59EE35E12
data/derived/ivl_dense_prompt_results/st_b_under_V4_estimate.csv,17620,6D7ABF084C7E4D9383E00E71706A09EA
data/derived/ivl_dense_prompt_results/st_b_under_V5_region.csv,18915,C85CB229BDA6B9CD00FC7F4E6F71D5CC
data/derived/ivl_dense_prompt_results/ucf_base_V1_json.csv,18610,4A89F6ACDCC0D4FFB9F09D535F7F08BD
data/derived/ivl_dense_prompt_results/ucf_base_V2_number.csv,12583,7BA2DFF7719529F356BDF1CD51543B15
data/derived/ivl_dense_prompt_results/ucf_base_V3_locate.csv,18825,CE710E5F49BF0B5D7CC6778E7DA0AC71
data/derived/ivl_dense_prompt_results/ucf_base_V4_estimate.csv,18829,D03F97C643E5FB03B6B2CBA324425DBC
data/derived/ivl_dense_prompt_results/ucf_base_V5_region.csv,21065,C28CC1055D3CF0F427EB87592A38BFEE
data/derived/ivl_dense_prompt_results/ucf_over_V1_json.csv,18226,3BE0663531968B69E10D0040ED1ECAE7
data/derived/ivl_dense_prompt_results/ucf_over_V2_number.csv,11877,02B1EE1A7633AF9318443C551CE2DA9F
data/derived/ivl_dense_prompt_results/ucf_over_V3_locate.csv,18009,23F7DF0FBAAF477D895063BFA42E5744
data/derived/ivl_dense_prompt_results/ucf_over_V4_estimate.csv,19049,5A41F8B36C4B7F0D06CBE86D7FEE50ED
data/derived/ivl_dense_prompt_results/ucf_over_V5_region.csv,20993,377A5D52204B1EDFC0382903E3377142
data/derived/ivl_dense_prompt_results/ucf_under_V1_json.csv,18833,1509203A511C6BBA8C8337202EEB144B
data/derived/ivl_dense_prompt_results/ucf_under_V2_number.csv,13779,25421525E821161566F2D57AC2205CC4
data/derived/ivl_dense_prompt_results/ucf_under_V3_locate.csv,18425,8FA03786BFF7B4507ABE944406686046
data/derived/ivl_dense_prompt_results/ucf_under_V4_estimate.csv,19290,70B0D8D97FB2674BC8CEDB14B6FD2592
data/derived/ivl_dense_prompt_results/ucf_under_V5_region.csv,20927,BFC41F31245C1323E7A527DB50DF04E1
data/derived/ivl_dense_results/vlm_st_a_base_whole.csv,9911,4F9EB2600096777E6C16B728CC0749C9
data/derived/ivl_dense_results/vlm_st_a_over_whole.csv,9893,C8633C36A2B39CFF143175874FD67679
data/derived/ivl_dense_results/vlm_st_a_under_whole.csv,10370,A49CCB4E264D31524ABBD94C7FF44CD7
data/derived/ivl_dense_results/vlm_st_b_base_whole.csv,17833,B3E22ABC8DEADB4A0343E5664E82B461
data/derived/ivl_dense_results/vlm_st_b_over_whole.csv,17847,76002964D9AAFBA6687FA168810DF095
data/derived/ivl_dense_results/vlm_st_b_under_whole.csv,17791,A9ED27E88DDC5F72054C738DF83F2ED1
data/derived/ivl_dense_results/vlm_ucf_base_whole.csv,19289,A9AE76B91A8CA4A9C1E5F67DFBFFC544
data/derived/ivl_dense_results/vlm_ucf_over_whole.csv,18915,AD367AA2719E9DD4DE06A463B75101C8
data/derived/ivl_dense_results/vlm_ucf_under_whole.csv,19520,7176F480384FEC9B9A743065359D237D
data/derived/ivl_dose_results/dose_st_a.csv,76463,E624FA90E427138A144D94997120E9A3
data/derived/ivl_dose_results/dose_ucf.csv,146933,87A81529307498CDC22D2F46DA0D28C6
data/derived/ivl_dose_results/dose_visdrone.csv,215413,3F352A3F6BF0750C4FAE36B13D382238
data/derived/ivl_dose_tile_results/dose_tile3_st_a.csv,94196,0DC19BDF5CD902708A876F77C2BCA6E5
data/derived/ivl_dose_tile_results/dose_tile3_ucf.csv,174625,329E606CB63A235810F1240B6620611F
data/derived/ivl_e4_results/E4L_ivl_vlm_base_results.csv,1049363,84BF4CFF01D0D0D9F6516460A4E558A9
data/derived/ivl_e4_results/E4L_ivl_vlm_over_results.csv,1049351,857C150395416E775494CBD5C03EE6E5
data/derived/ivl_e4_results/E4L_ivl_vlm_under_results.csv,1049351,E0D0F64BC64A8C5034C2073D65B96014
data/derived/ivl_ext_results/ext_countbench_base.csv,28221,39B0252BE8D8108A138D56D7B5A8B00E
data/derived/ivl_ext_results/ext_countbench_over.csv,28289,2CF9FF74C343D768CF71B1746EB6DAD5
data/derived/ivl_ext_results/ext_countbench_under.csv,28229,FB901217AFA6453575BC72471706E568
data/derived/ivl_ext_results/ext_fsc147_base.csv,336951,584B1F375C71C2668239496168FF4AAE
data/derived/ivl_ext_results/ext_fsc147_over.csv,337473,0125C05E52E4DCDE298391AA1BB8271C
data/derived/ivl_ext_results/ext_fsc147_under.csv,336631,4A947B63B1D6E50017AABD08EACF35C8
data/derived/ivl_ext_results/ext_tallyqa_base.csv,15579,375682E9102AAD21B55D11CEF0BB635D
data/derived/ivl_ext_results/ext_tallyqa_over.csv,15526,8EBDC414ECAF82F9D45215E5301517CE
data/derived/ivl_ext_results/ext_tallyqa_under.csv,15386,82F9E5622D2A7759615F72CFEF97B488
data/derived/ivl_occl_results/occl_blur.csv,14205,FA48FA908757AAA1AC53CCE51AB94DBB
data/derived/ivl_person_results/person_base.csv,841178,EDF1D9A4FE0136F00889AB16D71CED13
data/derived/ivl_person_results/person_over.csv,841178,B7E97352351D5E6B33ADBC7AD10EEA8B
data/derived/ivl_person_results/person_under.csv,841178,3AE1EEC7C5744D7CBB7130A5BFB23561
data/derived/ivl_ref_results/consistency_local_base.csv,25481,F203486B0C2674CBEE81B9251003F213
data/derived/ivl_ref_results/consistency_local_over.csv,25481,DFF183CB698B9811C9676931BBD61110
data/derived/ivl_ref_results/consistency_local_under.csv,25481,9B068662DA8ED25AC23B7A00A2584CA5
data/derived/ivl_ref_results/consistency_report.md,1516,35BE4298FEFDCB5288FF7AB2D13A85FC
data/derived/ivl_selfconsist_results/sc_st_a_k5_t0.7.csv,11680,428081B61DB266044DACF8D052534D30
data/derived/ivl_selfconsist_results/sc_st_b_k5_t0.7.csv,20183,D2E712B96A2F436DFB246449B032E42C
data/derived/ivl_selfconsist_results/sc_ucf_k5_t0.7.csv,21083,472AC5162BAF61E54AE65D3421C61546
data/derived/legigap_results/legigap_base.csv,22368,01E4AAD44FAAF35D3C027C8B98BABE98
data/derived/legigap_results/legigap_over.csv,22368,D79480D33466A29EC7FA1CDC838403DC
data/derived/legigap_results/legigap_under.csv,21641,F803E47DC32B76315660549598E9ADEA
data/derived/occl_results/occl_blur.csv,12327,86FBA744A0369C23A25038BCBD81E0E4
data/derived/occl_results_8b/occl_blur.csv,12473,CAF1C1A5D229688A6BAA188747E699C1
data/derived/p1/csv/p1_InternVL3_5-8B_base.csv,40192,1E776310048C0917466606BB366C90BC
data/derived/p1/csv/p1_InternVL3_5-8B_permit.csv,42991,71A34450A2ADDEA875E1BE2397E04928
data/derived/p1/csv/p1_Phi-3.5-vision-instruct_base.csv,51892,37B18BECF570C5CA00362ECA085A7A72
data/derived/p1/csv/p1_Phi-3.5-vision-instruct_permit.csv,57251,4DA23F34F88A5F81BD76EE0EDCE90796
data/derived/p1/csv/p1_Qwen3-VL-32B-Instruct_base.csv,39942,64E71D89A5D24D93D602B6AB2CB26564
data/derived/p1/csv/p1_Qwen3-VL-32B-Instruct_permit.csv,43559,E8593E878E993E1D6D6ADF235B0F8C25
data/derived/p1/csv/p1_Qwen3-VL-8B-Instruct_base.csv,42058,D35ED56B71DC60BACBCA26D91B5A458B
data/derived/p1/csv/p1_Qwen3-VL-8B-Instruct_permit.csv,43937,EAC812A59A3DBCF94BB9625AEEDCEE6D
data/derived/p1/csv/p1_gemma3-12b_base.csv,48560,6DB02E5028B7C399AB5708A3FCE4C1D3
data/derived/p1/csv/p1_gemma3-12b_permit.csv,42588,2BE284BAA5F19440F998DE24F18B2B06
data/derived/p1/csv/p1_llava-onevision-qwen2-7b-ov_base.csv,52206,8D78FE6EC1CF886A0739A981AC1DDDFA
data/derived/p1/csv/p1_llava-onevision-qwen2-7b-ov_permit.csv,41603,270D0D079FAECF5B6DD2E43BF944FB66
data/derived/p1/grid_manifest.csv,63135,9EEF8A074CF1BDFCC3380E87EECD0925
data/derived/p1/grid_manifest.md5,73,F492D480129CDFE00CED36C8EF4098EA
data/derived/p1b/csv/p1b_native_Phi-3.5-vision-instruct_base.csv,11720,5624F7B3F718FDFE0626F3DED80D888F
data/derived/p1b/csv/p1b_native_Phi-3.5-vision-instruct_permit.csv,12233,049E95E891230A85316FF4C919AD18FE
data/derived/p1b/csv/p1b_native_Qwen3-VL-8B-Instruct_base.csv,7928,19B1B88E7912125792E2684696CBBE56
data/derived/p1b/csv/p1b_native_Qwen3-VL-8B-Instruct_permit.csv,8837,ACF5D3B39C4D604B59937E76F2100173
data/derived/p1b/csv/p1b_native_llava-onevision-qwen2-7b-ov_base.csv,13695,21FBC5DE1CF395C59A4B27A311AC921B
data/derived/p1b/csv/p1b_native_llava-onevision-qwen2-7b-ov_permit.csv,8856,75551B0C62AB039774FEB73736DD3FC1
data/derived/p1b/csv/p1b_sys_Phi-3.5-vision-instruct_base.csv,14326,19BF300F8CD47B0430563410CB7F19C9
data/derived/p1b/csv/p1b_sys_Phi-3.5-vision-instruct_permit.csv,14791,555016EAF3B07002AFA2636712FCB469
data/derived/p1b/csv/p1b_sys_Qwen3-VL-8B-Instruct_base.csv,7948,C076C428C772BC3733B17F8D54EB7440
data/derived/p1b/csv/p1b_sys_Qwen3-VL-8B-Instruct_permit.csv,8837,785A19319D99268076D1ECE2739E3C8B
data/derived/p1b/csv/p1b_sys_llava-onevision-qwen2-7b-ov_base.csv,14192,64901645837EF2180062D26A782341A7
data/derived/p1b/csv/p1b_sys_llava-onevision-qwen2-7b-ov_permit.csv,8861,522EC7BF9309886088D02FEEEC59C799
data/derived/p1c/csv/p1b_blur4_Phi-3.5-vision-instruct_base.csv,46945,0C308C54AD982AA159E1F0775EC0FD46
data/derived/p1c/csv/p1b_blur4_Phi-3.5-vision-instruct_permit.csv,26460,65C9C60ADE51AC23F8B61196674B07FC
data/derived/p1c/csv/p1b_blur4_Qwen3-VL-8B-Instruct_base.csv,18982,048CFEE0EC1222EE4261B1D0A19A7614
data/derived/p1c/csv/p1b_blur4_Qwen3-VL-8B-Instruct_permit.csv,21663,5C0471DE19AA998A169833BE2D1CC04E
data/derived/p1c/csv/p1b_blur4_llava-onevision-qwen2-7b-ov_base.csv,34592,FFE614401273BE30869E721910D1211D
data/derived/p1c/csv/p1b_blur4_llava-onevision-qwen2-7b-ov_permit.csv,41398,22CD826DC694412D65D69DEA0AC89B14
data/derived/p1c/csv/p1b_clean_Phi-3.5-vision-instruct_base.csv,32364,BC09978328309D7F3D23831FF38D4274
data/derived/p1c/csv/p1b_clean_Phi-3.5-vision-instruct_permit.csv,26434,79D9754290C613A080114AD3B45DEBE5
data/derived/p1c/csv/p1b_clean_Qwen3-VL-8B-Instruct_base.csv,19444,3F37370A5A205280570F0C4703F7BB9E
data/derived/p1c/csv/p1b_clean_Qwen3-VL-8B-Instruct_permit.csv,21591,2DE2136E7DCFFD066D38A86BBFF2EE62
data/derived/p1c/csv/p1b_clean_llava-onevision-qwen2-7b-ov_base.csv,44066,678C8919578D0D3F264B0D88E4260F55
data/derived/p1c/csv/p1b_clean_llava-onevision-qwen2-7b-ov_permit.csv,35874,80A9A0C8CF68282EE2290CA5F98A84EA
data/derived/p1c/csv/p1b_down15_Phi-3.5-vision-instruct_base.csv,35586,F78C57B2C338AEFC1AC3BC5AF50563C3
data/derived/p1c/csv/p1b_down15_Phi-3.5-vision-instruct_permit.csv,26439,D0D0DCE558E53F0D2FDEFE98C4E52F03
data/derived/p1c/csv/p1b_down15_Qwen3-VL-8B-Instruct_base.csv,19273,8E5416B71C06519EF1925B35963F0444
data/derived/p1c/csv/p1b_down15_Qwen3-VL-8B-Instruct_permit.csv,21660,CA127B2DE72E23C28F9CB78EC09AEA07
data/derived/p1c/csv/p1b_down15_llava-onevision-qwen2-7b-ov_base.csv,45595,E7E927974A2A0F7E35494D2ACAF5B1C0
data/derived/p1c/csv/p1b_down15_llava-onevision-qwen2-7b-ov_permit.csv,47375,FB05ADDF4FC28452D6F1C3F96FAA775C
data/derived/p1c/manifest_blur4.csv,34123,911F5970DBF7563CBA6F371A12B328B2
data/derived/p1c/manifest_clean.csv,34123,7789D98A9AFBE8346329857425CDDF15
data/derived/p1c/manifest_down15.csv,33841,8F9E5D373FA0E98F8715B1F12DC003BE
data/derived/p1df/csv/p1d_InternVL3_5-8B_base.csv,40192,1B3CE64783CAF8271B052DF8DBCFD204
data/derived/p1df/csv/p1d_InternVL3_5-8B_forbid0.csv,40294,B5370531ED1AE22D0AE78D701C0AE3F6
data/derived/p1df/csv/p1d_InternVL3_5-8B_neutral0.csv,40172,1600AD0D4A02577AF84BEA2AD7A93912
data/derived/p1df/csv/p1d_InternVL3_5-8B_placebo100.csv,40514,5406BC87EF92FA87B05876A54F56F916
data/derived/p1df/csv/p1d_Phi-3.5-vision-instruct_base.csv,52320,929EEBBFF5BDDD8370D85F169C4BBD33
data/derived/p1df/csv/p1d_Phi-3.5-vision-instruct_forbid0.csv,52704,EE295864C2AFF43BABB2AF5ADA1B90D3
data/derived/p1df/csv/p1d_Phi-3.5-vision-instruct_mention5.csv,47616,FDEFA960DA23AED7BA94C70F9AF44209
data/derived/p1df/csv/p1d_Phi-3.5-vision-instruct_mention50.csv,48828,B9CAC9F7027EEF0CD5E39A6CFDECF671
data/derived/p1df/csv/p1d_Phi-3.5-vision-instruct_mention800.csv,50396,FB56CD9DFE3BC04B80431936471D99DB
data/derived/p1df/csv/p1d_Phi-3.5-vision-instruct_neutral0.csv,49222,B6D396740460B4218A2BBE9F7893D01D
data/derived/p1df/csv/p1d_Phi-3.5-vision-instruct_placebo100.csv,50862,C403DEBFA490525431B130598EC6FEC8
data/derived/p1df/csv/p1d_Qwen3-VL-32B-Instruct_base.csv,39940,CB2DBDEB740A1F3A834E1C32FEC71940
data/derived/p1df/csv/p1d_Qwen3-VL-32B-Instruct_forbid0.csv,40552,9709D7DCDA68984224CF9BC186092E8E
data/derived/p1df/csv/p1d_Qwen3-VL-32B-Instruct_neutral0.csv,38570,A51DCA36A5258D694CF6BC498F0BDBA0
data/derived/p1df/csv/p1d_Qwen3-VL-32B-Instruct_placebo100.csv,40562,651752821DE1BCDC809A56D47CDF949C
data/derived/p1df/csv/p1d_Qwen3-VL-8B-Instruct_base.csv,42010,41E727A6EA91899B56875FF1C93BFD85
data/derived/p1df/csv/p1d_Qwen3-VL-8B-Instruct_forbid0.csv,40652,56022DE5262393948C965B44ADB0C448
data/derived/p1df/csv/p1d_Qwen3-VL-8B-Instruct_mention5.csv,37862,59C173395CDE5BEC2AB6D7137DDC4942
data/derived/p1df/csv/p1d_Qwen3-VL-8B-Instruct_mention50.csv,39212,5C50B231EAAD689C4FA5D4C46076AA61
data/derived/p1df/csv/p1d_Qwen3-VL-8B-Instruct_mention800.csv,40562,7003EDAA9D49A301E618448260FEDE12
data/derived/p1df/csv/p1d_Qwen3-VL-8B-Instruct_neutral0.csv,38438,95E98B4FD5543AE90F435565294AA278
data/derived/p1df/csv/p1d_Qwen3-VL-8B-Instruct_placebo100.csv,40562,A25E46F39E56ABABDF8FD0C5169DB9C6
data/derived/p1df/csv/p1d_gemma3-12b_base.csv,48540,EE6546A62AB22D392FC5B76CFC8067AB
data/derived/p1df/csv/p1d_gemma3-12b_forbid0.csv,48394,447AEBD157B1DAC8F4FFBFED6303EC88
data/derived/p1df/csv/p1d_gemma3-12b_mention5.csv,38688,DDED2A16D4A8C9AC80E5D71E0E543DF2
data/derived/p1df/csv/p1d_gemma3-12b_mention50.csv,39272,4D8B79F52176AE98F1272D95F1D83451
data/derived/p1df/csv/p1d_gemma3-12b_mention800.csv,44390,1D4D8742125CA3FD57F3136F0FF1857B
data/derived/p1df/csv/p1d_gemma3-12b_neutral0.csv,44976,9832093E601868D6592639ADB6C248EF
data/derived/p1df/csv/p1d_gemma3-12b_placebo100.csv,43586,4AE832F019D415A351FF781D3AEDDA63
data/derived/p1df/csv/p1d_llava-onevision-qwen2-7b-ov_base.csv,52295,FD926069B86D027939A39803B7BF5409
data/derived/p1df/csv/p1d_llava-onevision-qwen2-7b-ov_forbid0.csv,55493,76C68CB3E6349CB7D0B65AE6AD6B4FF1
data/derived/p1df/csv/p1d_llava-onevision-qwen2-7b-ov_mention5.csv,60882,778BD560BB06CF945A25CFCB14A5537F
data/derived/p1df/csv/p1d_llava-onevision-qwen2-7b-ov_mention50.csv,53133,8FC0A845FC7706C18EF38E9D2488223F
data/derived/p1df/csv/p1d_llava-onevision-qwen2-7b-ov_mention800.csv,57530,B9D47EA755E233CF78ECFB50726E4394
data/derived/p1df/csv/p1d_llava-onevision-qwen2-7b-ov_neutral0.csv,47287,2228E1E4E3E2D9B6AAF6C11B3AF4564D
data/derived/p1df/csv/p1d_llava-onevision-qwen2-7b-ov_placebo100.csv,55406,E7E1042F4DCFCB760230C71B22695D64
data/derived/p1df/csv/p1d_rep1_Qwen3-VL-8B-Instruct_base.csv,42018,724F1535B5EF23C5E6487BD595411B27
data/derived/p1df/csv/p1d_rep2_Qwen3-VL-8B-Instruct_base.csv,42018,C6D34291B351F4C99BEB6D048D99B595
data/derived/p1df/csv/p1d_rep3_Qwen3-VL-8B-Instruct_base.csv,42022,4403FDA8EFD8526A631D4DD75DBDBFA0
data/derived/p2_noise4/ec3_en/aitod_base_en.csv,12943,D4D89EA096DBB02C12884921637FC4B0
data/derived/p2_noise4/ec3_en/st_a_base_en.csv,6864,510AA1198836EFA42208694E2D06202F
data/derived/p2_noise4/ec3_en/ucf_base_en.csv,15066,86C39B5A7E69500C876AC0373DDA0232
data/derived/p2_noise4/ec3_en/visdrone_base_en.csv,20232,FB53AD1E487E13FAAD552A8D96C5929C
data/derived/p2_noise4/logs/a5_ablation.log,3109,FADBBB82FFA1E193F8DDBD8072F8A2BA
data/derived/p2_noise4/logs/a5_extra.log,2932,B7C015D6D55981E255DA4E4F6BBF724E
data/derived/p2_noise4/logs/a5_extra2.log,7148,DBED6E7A2186544A9E581EE9D8F6FB4A
data/derived/p2_noise4/logs/a5_extra3.log,4956,97ED4BCEA38CF63CBFBC887FEE8E5A84
data/derived/p2_noise4/logs/a5_extra4.log,2998,6EB0AADBBC3C0BDC54B61908B6DE52F7
data/derived/p2_noise4/logs/a5_fsc.log,2064,656EF5D3DEAF821D6A98C1AA2245CDC7
data/derived/p2_noise4/logs/a5_fsc2.log,2107,267FB479516B3C1592ABE3303C34E549
data/derived/p2_noise4/logs/a5_fsc3.log,1604,756D816F27CE0E3212EBAE0881FE685E
data/derived/p2_noise4/logs/a5_gemma3-12b.log,5774,EFF949F8AB658339F5B4E03BA2E5DE4C
data/derived/p2_noise4/logs/a5_internvl3.5-8b.log,5132,37BE40D698479844CE03DA8B35055287
data/derived/p2_noise4/logs/a5_internvl3.5-8b.log.failed1,84,13B88ED14DA3C75E8A54174D8155CAF5
data/derived/p2_noise4/logs/a5_llava-ov-7b.log,7132,0F19DCF1AC02004B55BCD013F1075F75
data/derived/p2_noise4/logs/a5_phi-3.5-vision.log,5537,AB4E5E1B3D1EB6151D9DC32463CBAE53
data/derived/p2_noise4/logs/after_ea2.log,3179,3339C8EB659D811BE59F30FF82501590
data/derived/p2_noise4/logs/after_ea2_launch.log,282,3675C01D3A708FA9995FBCD3EC8AA2B5
data/derived/p2_noise4/logs/ctxctrl_launch.log,9385,F01E3206472B35720C1242E6BC763298
data/derived/p2_noise4/logs/ctxctrl_run.log,17645,4622E2FDC125998C42E76DBAC7CA58B2
data/derived/p2_noise4/logs/ea2_launch.log,9884,14C00CBFCFA697285ECCB32DC24C2F4A
data/derived/p2_noise4/logs/ea2_run.log,31281,8C0B4042CA114D8FD606C26E0E8AE1B5
data/derived/p2_noise4/logs/ea_lang.log,7331,F80E0AF277AB9C9E3178A29DFEEB5797
data/derived/p2_noise4/logs/ea_lang_stdout.log,2381,953F01C9F37910264299DF7E31A135A7
data/derived/p2_noise4/logs/ea_run.log,5252,501F76B89865E220E16DEF496AFB1A97
data/derived/p2_noise4/logs/ea_run_stdout.log,2799,C2EF8FC8578A0F7EF7765FD47D23F456
data/derived/p2_noise4/logs/fsc_dl.log,59985,7FBCDEF288AA529FFD55D820D99B06E9
data/derived/p2_noise4/logs/fscres_run.log,11291,D3697624E42F76C94411E54287AF56FC
data/derived/p2_noise4/logs/p1_launch.out,1859,D071AC01C1BE4C6656AB69B4AC038D90
data/derived/p2_noise4/logs/p1_launch_wave1.out,2597,0E6A39F05D0CF578E7BED7BC848721EE
data/derived/p2_noise4/logs/p1_launch_wave2.out,1433,3DB8890BCE2F5CC0FE75992EE372B3F6
data/derived/p2_noise4/logs/p1_launch_wave3.out,1621,54FA2AE0F7E17A81EA8A8FE985159B24
data/derived/p2_noise4/logs/p1_launch_wave4.out,2039,2196401D4F9790D2C39D8D44CD242CFF
data/derived/p2_noise4/logs/p1_launch_wave5.out,1450,EFAE464179C6B0D5864DEE284CE143B0
data/derived/p2_noise4/logs/p1_probe_InternVL3_5-8B_base.log,473,C4065F903BB23AD5AA33F67690C84DA6
data/derived/p2_noise4/logs/p1_probe_InternVL3_5-8B_permit.log,493,5708CE8DDF723CAE2EEC5009865506DB
data/derived/p2_noise4/logs/p1_probe_Phi-3.5-vision-instruct_base.log,739,BEC73BA3FD81FB561CCCB249B9BE3C06
data/derived/p2_noise4/logs/p1_probe_Phi-3.5-vision-instruct_permit.log,759,5C369B3AF26380AA30FFC773901E95C8
data/derived/p2_noise4/logs/p1_probe_Qwen3-VL-32B-Instruct_base.log,506,174983B273A9BD1373A0379B891AA0AD
data/derived/p2_noise4/logs/p1_probe_Qwen3-VL-32B-Instruct_permit.log,523,9BB545BB3F86294F0F13DDF97FB67A89
data/derived/p2_noise4/logs/p1_probe_Qwen3-VL-8B-Instruct_base.log,500,3485CF8EFFDFF28AAE726D99497E1348
data/derived/p2_noise4/logs/p1_probe_Qwen3-VL-8B-Instruct_permit.log,519,34D6AEF9A84A0F818E8536CCD268DFE6
data/derived/p2_noise4/logs/p1_probe_gemma3-12b_base.log,657,6CEA2F6B9DFDE0BE953152A6AB40611B
data/derived/p2_noise4/logs/p1_probe_gemma3-12b_permit.log,679,85FB4704CE723CC7475A3506B09A5FE2
data/derived/p2_noise4/logs/p1_probe_llava-onevision-qwen2-7b-ov_base.log,533,886970F5235041615FF1D4F8A471BBFC
data/derived/p2_noise4/logs/p1_probe_llava-onevision-qwen2-7b-ov_permit.log,545,BB9774E5313B081EBB14E16FA64B02DD
data/derived/p2_noise4/logs/p1_run_parallel.log,2858,983BBF08B75F3A0E6AF5912187B1673E
data/derived/p2_noise4/logs/p1_run_wave2.log,1404,1376DB66819BC21C9990BE8286A48816
data/derived/p2_noise4/logs/p1_run_wave3.log,1592,B64812673918CCF61D5DF2E5B2501803
data/derived/p2_noise4/logs/p1_run_wave4.log,1551,C198C037A6E9569D09739F23167FC5F7
data/derived/p2_noise4/logs/p1_run_wave5.log,772,6945A67E4C216CB89ED1FCCDA9C5E43D
data/derived/p2_noise4/logs/p1b_Phi-3.5-vision-instruct_native_base.log,783,86CA59450568FC30504D24B7DC30B2BB
data/derived/p2_noise4/logs/p1b_Phi-3.5-vision-instruct_native_permit.log,798,F90719ADE71F448DA9B92BC8A24C3794
data/derived/p2_noise4/logs/p1b_Phi-3.5-vision-instruct_sys_base.log,919,58F9F177132BEAB2EDE17E11BEE4EF46
data/derived/p2_noise4/logs/p1b_Phi-3.5-vision-instruct_sys_permit.log,938,A1FF083276A20829E92ECB786257AE78
data/derived/p2_noise4/logs/p1b_Qwen3-VL-8B-Instruct_native_base.log,759,F4DAF705EF95598799BCB0D0D75A7FCC
data/derived/p2_noise4/logs/p1b_Qwen3-VL-8B-Instruct_native_permit.log,774,F92FC0158919937CBAF2CC1F44CE4008
data/derived/p2_noise4/logs/p1b_Qwen3-VL-8B-Instruct_sys_base.log,889,A4C7C82D2EF464EBDC51DE433AABAC7D
data/derived/p2_noise4/logs/p1b_Qwen3-VL-8B-Instruct_sys_permit.log,908,53F29AC2AF30BE9F1BDC9C8844D69148
data/derived/p2_noise4/logs/p1b_launch.out,895,F25EFF963283127D49E86A6E9D6EC2F0
data/derived/p2_noise4/logs/p1b_launch2.out,894,20322A25DAFFB696D909369120099C31
data/derived/p2_noise4/logs/p1b_llava-onevision-qwen2-7b-ov_native_base.log,817,FE9BF691CAA4B6E7B653E374E049A6BC
data/derived/p2_noise4/logs/p1b_llava-onevision-qwen2-7b-ov_native_permit.log,830,A9FFC8E65A5852B2CA6CB1627A726723
data/derived/p2_noise4/logs/p1b_llava-onevision-qwen2-7b-ov_sys_base.log,961,617B30D9122C356DF25E019AAB6EB9A6
data/derived/p2_noise4/logs/p1b_llava-onevision-qwen2-7b-ov_sys_permit.log,978,2492AF2FE1E1FF425B0D152FF9407D72
data/derived/p2_noise4/logs/p1b_run.log,1723,7D83224BB849D5797DCE6ED03C1839F8
data/derived/p2_noise4/logs/p1c_Phi-3.5-vision-instruct_blur4_base.log,454,02A0358B3689AFA8FDEB7117DF4AFBEF
data/derived/p2_noise4/logs/p1c_Phi-3.5-vision-instruct_blur4_permit.log,462,FC67CE02A3CA42095AEAA12E760EE7F5
data/derived/p2_noise4/logs/p1c_Phi-3.5-vision-instruct_clean_base.log,449,C8BF1AFCFCF7CE431F8C5B298BA1CB8C
data/derived/p2_noise4/logs/p1c_Phi-3.5-vision-instruct_clean_permit.log,462,AE4CD04301D1918940AA916007BA64C9
data/derived/p2_noise4/logs/p1c_Phi-3.5-vision-instruct_down15_base.log,452,A6407BEDBA5DE8A7AE9B1FFF074CFD37
data/derived/p2_noise4/logs/p1c_Phi-3.5-vision-instruct_down15_permit.log,464,C21031D86E0EFE9D7968C2686BC7F22A
data/derived/p2_noise4/logs/p1c_Qwen3-VL-8B-Instruct_blur4_base.log,440,C2D12B4E6511E412CECC74417121453C
data/derived/p2_noise4/logs/p1c_Qwen3-VL-8B-Instruct_blur4_permit.log,450,36F9AED6E137BB85363B5FA9FED4DB9F
data/derived/p2_noise4/logs/p1c_Qwen3-VL-8B-Instruct_clean_base.log,438,7BFCD31E0B57F55E0E3D915F096B172A
data/derived/p2_noise4/logs/p1c_Qwen3-VL-8B-Instruct_clean_permit.log,450,AD65363D166264EED8AF623D90A8D3E7
data/derived/p2_noise4/logs/p1c_Qwen3-VL-8B-Instruct_down15_base.log,441,C5DFF4B3C3B620AF25DA31C71C35F965
data/derived/p2_noise4/logs/p1c_Qwen3-VL-8B-Instruct_down15_permit.log,452,BFB51ACBF4274CB6CAC55FE7DAE5A826
data/derived/p2_noise4/logs/p1c_launch.out,2010,DA57F4B74EDC0C9522E76C95D218EF8B
data/derived/p2_noise4/logs/p1c_llava-onevision-qwen2-7b-ov_blur4_base.log,473,4373B1DB98BB35206581EF33B4877F0D
data/derived/p2_noise4/logs/p1c_llava-onevision-qwen2-7b-ov_blur4_permit.log,478,2A3D0E07F7BEC6B62CD2C057FA570CD5
data/derived/p2_noise4/logs/p1c_llava-onevision-qwen2-7b-ov_clean_base.log,470,8360BEF0126AD95BE43AEA81298AEEFC
data/derived/p2_noise4/logs/p1c_llava-onevision-qwen2-7b-ov_clean_permit.log,478,44A5DC6641A56E5F9A18620653A69419
data/derived/p2_noise4/logs/p1c_llava-onevision-qwen2-7b-ov_down15_base.log,473,070D2D6A91F56FCCF376C1B660E63A7B
data/derived/p2_noise4/logs/p1c_llava-onevision-qwen2-7b-ov_down15_permit.log,480,495C8A9D03D1785B8FFFE27F825B2015
data/derived/p2_noise4/logs/p1c_prep.log,292,16FD1F3369C1BE9A6CE745E26B6C9625
data/derived/p2_noise4/logs/p1c_run.log,1977,DE9B9D4F7D819000C68F9FF236599549
data/derived/p2_noise4/logs/p1d2_gpu0.log,760,E3D47227E7D91A8E724E2688F224F243
data/derived/p2_noise4/logs/p1d2_gpu1.log,1641,ECE82CD3370B967E6386382B6CD8D32A
data/derived/p2_noise4/logs/p1d2_launch_gpu0.log,1054,378D2D530E5D82E60837CC6075AF4C1B
data/derived/p2_noise4/logs/p1d2_launch_gpu1.log,2523,18CBF93AB645A74F5DC17629815FD1F7
data/derived/p2_noise4/logs/p1d_gpu0.log,713,E8C843581FC6BC5AA8D6A6B254A52822
data/derived/p2_noise4/logs/p1d_gpu1.log,1275,CD7132444CFA4EF63FC992E95AD1F71F
data/derived/p2_noise4/logs/p1d_launch_gpu0.log,846,56650FE6AC08FD529DCCFF6045FC1A3F
data/derived/p2_noise4/logs/p1d_launch_gpu1.log,2726,7757059494043AD55EBE375E432678A8
data/derived/p2_noise4/logs/p1d_probe_InternVL3_5-8B_base.log,644,BF769715938482AE5AAB637591638DA4
data/derived/p2_noise4/logs/p1d_probe_InternVL3_5-8B_forbid0.log,653,58E82FC59D06DF419840B104952D4875
data/derived/p2_noise4/logs/p1d_probe_InternVL3_5-8B_neutral0.log,658,B1040F90EBCAF4BB61D8A08E71FA46DE
data/derived/p2_noise4/logs/p1d_probe_Phi-3.5-vision-instruct_base.log,687,91ECEA6BFF359C0996C4F69B965674D1
data/derived/p2_noise4/logs/p1d_probe_Phi-3.5-vision-instruct_forbid0.log,696,5C4A21CF5BD0F0A110F45143643A7B79
data/derived/p2_noise4/logs/p1d_probe_Phi-3.5-vision-instruct_neutral0.log,703,53B8B543ADE36A3CBB88877E3246DA95
data/derived/p2_noise4/logs/p1d_probe_Qwen3-VL-32B-Instruct_base.log,677,13F5DA52F3D1B155F1834E16DA42F9CD
data/derived/p2_noise4/logs/p1d_probe_Qwen3-VL-32B-Instruct_forbid0.log,684,3C0581464E4ADEEB362FDDC89E8E065A
data/derived/p2_noise4/logs/p1d_probe_Qwen3-VL-32B-Instruct_neutral0.log,691,91DBEAFCE4D4E89AB4AB94389637A4F2
data/derived/p2_noise4/logs/p1d_probe_Qwen3-VL-8B-Instruct_base.log,671,BD76B809652DAE394F7CB63174A76F6B
data/derived/p2_noise4/logs/p1d_probe_Qwen3-VL-8B-Instruct_forbid0.log,680,5C5F80E3B31160B6B0F0550F3D7E9BE5
data/derived/p2_noise4/logs/p1d_probe_Qwen3-VL-8B-Instruct_neutral0.log,687,E1D079EFA63BC9AEB307BF0105B6C1AF
data/derived/p2_noise4/logs/p1d_probe_gemma3-12b_base.log,628,D54AAE2BDD9649EB658151E56A9C21DD
data/derived/p2_noise4/logs/p1d_probe_gemma3-12b_forbid0.log,637,E7108C440A9AC980B71C80AEA8A1DD36
data/derived/p2_noise4/logs/p1d_probe_gemma3-12b_neutral0.log,640,58921B4B441FD54C4E4E9D27FB8D2092
data/derived/p2_noise4/logs/p1d_probe_llava-onevision-qwen2-7b-ov_base.log,704,D6D468ACE93A93D18B5559A9B5DA624F
data/derived/p2_noise4/logs/p1d_probe_llava-onevision-qwen2-7b-ov_forbid0.log,709,D4807FCD434CB544BDE644D4FA002BE6
data/derived/p2_noise4/logs/p1d_probe_llava-onevision-qwen2-7b-ov_neutral0.log,715,2D43EF1BFAA572DCCB09AA0E0097BECB
data/derived/p2_noise4/logs/p1d_reaper.log,724,1C191F12521B0DE5963157E6CECB2364
data/derived/p2_noise4/logs/p1d_reaper_launch.log,0,D41D8CD98F00B204E9800998ECF8427E
data/derived/p2_noise4/logs/p1d_serve_InternVL3_5-8B.log,214660,4E3838307E6CD3B0F325BE4906B3D881
data/derived/p2_noise4/logs/p1d_serve_Phi-3.5-vision-instruct.log,211849,F3E540B99DFC323499F97C73651C5AF7
data/derived/p2_noise4/logs/p1d_serve_Qwen3-VL-32B-Instruct.log,221757,D9A4BC9F061196FEACCCE3462042CDC1
data/derived/p2_noise4/logs/p1d_serve_Qwen3-VL-8B-Instruct.log,211297,5B3DB38E0C7504A3C7A60AF83B4FC118
data/derived/p2_noise4/logs/p1d_serve_gemma3-12b.log,211786,D2A398A6C6A24ABAB3F364D523EBBA71
data/derived/p2_noise4/logs/p1d_serve_llava-onevision-qwen2-7b-ov.log,225438,4C0CAF1E5E002B95550A2537FE176154
data/derived/p2_noise4/logs/p1e2_launch.log,1373,96DFA6D13B904239A05FB77B7DB627C2
data/derived/p2_noise4/logs/p1e2_probe_InternVL3_5-8B_placebo100.log,738,EF4C00F979180A505BB1AF1116096717
data/derived/p2_noise4/logs/p1e2_probe_Phi-3.5-vision-instruct_placebo100.log,777,57CA69259AF470B14BA4A00031CFA606
data/derived/p2_noise4/logs/p1e2_run.log,785,E9DB7C4870DA5AC7839FC4F05A8ADEE9
data/derived/p2_noise4/logs/p1e2_serve_InternVL3_5-8B.log,86092,E0B6DCB7FBD8E84FC350F91CF6A2CF24
data/derived/p2_noise4/logs/p1e2_serve_Phi-3.5-vision-instruct.log,84660,718369A766CBB7968C8D398178CB8454
data/derived/p2_noise4/logs/p1e_launch.log,2601,7866238D5EEFCD3C5A58452A8A24D00E
data/derived/p2_noise4/logs/p1e_probe_Qwen3-VL-32B-Instruct_placebo100.log,766,141F6187B148845416F5CF8611B4899B
data/derived/p2_noise4/logs/p1e_probe_Qwen3-VL-8B-Instruct_placebo100.log,762,C0714E774D2B19AF3208CBBCEC6E948A
data/derived/p2_noise4/logs/p1e_probe_gemma3-12b_placebo100.log,724,32085842B6845C7D745041D49F453787
data/derived/p2_noise4/logs/p1e_probe_llava-onevision-qwen2-7b-ov_placebo100.log,794,3DBBD22F7E212F8CDDCDE8E501296297
data/derived/p2_noise4/logs/p1e_run.log,1429,B7415B81B07EEFAF904566EA6F586C34
data/derived/p2_noise4/logs/p1e_serve_Qwen3-VL-32B-Instruct.log,90299,077783D97CF5C6296997C32190DD443D
data/derived/p2_noise4/logs/p1e_serve_Qwen3-VL-8B-Instruct.log,84085,71E634863FF0AEBE620DA8AA568675C3
data/derived/p2_noise4/logs/p1e_serve_gemma3-12b.log,83449,8B1861FBC21AEFC04B1282D7CE5C40B6
data/derived/p2_noise4/logs/p1e_serve_llava-onevision-qwen2-7b-ov.log,90842,EEBF3A2FAD5FDABDAEB6DAD00D3D1C4E
data/derived/p2_noise4/logs/p1q0_launch.log,3234,8429746E577A2ADB2FEAEE8F1433041D
data/derived/p2_noise4/logs/p1q1_launch.log,2792,6CE06C190ECBBBF63447FBE7628B9140
data/derived/p2_noise4/logs/p1q_gpu0.log,201,1993AC978B0D65592F7553899C16534E
data/derived/p2_noise4/logs/p1q_gpu1.log,196,D27D0EE584A2499C7136BD2067181C05
data/derived/p2_noise4/logs/p1q_p5c.log,233,9119DFEB4482B4A0CC1ADBE23DA47124
data/derived/p2_noise4/logs/p1q_p5c_launch.log,898,1A12D1C2FBDA8119D2A6F0615A7EA974
data/derived/p2_noise4/logs/p1x_Phi-3.5-vision-instruct.log,898,AFDC8416DC43FA4D38C3AA4AB9D3299A
data/derived/p2_noise4/logs/p1x_Qwen3-VL-8B-Instruct.log,1163,FD716D63B63BA66AB0A81ACD82D41C70
data/derived/p2_noise4/logs/p1x_gemma3-12b.log,429,6F0DFA4D32AD29A30E0AE434841B484E
data/derived/p2_noise4/logs/p1x_llava-onevision-qwen2-7b-ov.log,706,BF09BE3EBC0E9F834E48348B45267AFE
data/derived/p2_noise4/logs/p1x_probe_Phi-3.5-vision-instruct_mention5.log,796,3A2EBD800C6435233B244C176DBB469C
data/derived/p2_noise4/logs/p1x_probe_Phi-3.5-vision-instruct_mention50.log,799,9A1AFF7881C314B6B5B475B7B717ADE1
data/derived/p2_noise4/logs/p1x_probe_Phi-3.5-vision-instruct_mention800.log,802,7559C28F37B15FE5B1E61D4403B4F302
data/derived/p2_noise4/logs/p1x_probe_Qwen3-VL-8B-Instruct_base_rep1.log,681,7EEB56BAEE0AF3B9A3439E5E7491EBC2
data/derived/p2_noise4/logs/p1x_probe_Qwen3-VL-8B-Instruct_base_rep2.log,681,033B91EDA6D823F13E19DFFEBEEBE9DC
data/derived/p2_noise4/logs/p1x_probe_Qwen3-VL-8B-Instruct_base_rep3.log,681,3DCB2B2FFA927CA99F105DCF02C327AA
data/derived/p2_noise4/logs/p1x_probe_Qwen3-VL-8B-Instruct_mention5.log,781,4174C290F9DF1F28EBE06691288BE762
data/derived/p2_noise4/logs/p1x_probe_Qwen3-VL-8B-Instruct_mention50.log,784,939E59C4C041652F0F75AFE1CB0C8394
data/derived/p2_noise4/logs/p1x_probe_Qwen3-VL-8B-Instruct_mention800.log,787,205FA2B307A13755C0D1202C8CC245C2
data/derived/p2_noise4/logs/p1x_probe_gemma3-12b_mention5.log,741,B84FFA8C4A45DF359FAF827088150653
data/derived/p2_noise4/logs/p1x_probe_gemma3-12b_mention50.log,744,EA0814F87C98FBD0D608FF5ABCD8822A
data/derived/p2_noise4/logs/p1x_probe_gemma3-12b_mention800.log,747,1B5312D8F8203A091CD5DFE2A0A69333
data/derived/p2_noise4/logs/p1x_probe_llava-onevision-qwen2-7b-ov_mention5.log,816,8EC7930F367D235D1E2918C36391B429
data/derived/p2_noise4/logs/p1x_probe_llava-onevision-qwen2-7b-ov_mention50.log,816,2B736DF41446FBF97D3847354CFB6766
data/derived/p2_noise4/logs/p1x_probe_llava-onevision-qwen2-7b-ov_mention800.log,817,43EE2651D61360FB85EBD74537009D06
data/derived/p2_noise4/logs/p1x_serve_Phi-3.5-vision-instruct.log,211578,87782163680946264E9EA78ECFED9DDA
data/derived/p2_noise4/logs/p1x_serve_Qwen3-VL-8B-Instruct.log,211021,F75EAFECF9B052491D313BD334188269
data/derived/p2_noise4/logs/p1x_serve_gemma3-12b.log,211720,1134C8AD68674A0443ADA1962670B747
data/derived/p2_noise4/logs/p1x_serve_llava-onevision-qwen2-7b-ov.log,228965,A274A003A76D6D305C4F561BC3D130EA
data/derived/p2_noise4/logs/p2_all_outer.log,2030,8A42079410BBE4607BD4AA8A4003E4B0
data/derived/p2_noise4/logs/p2_gemma12b.log,154,EE8C1E11B611BEDC3223F8676807BE4D
data/derived/p2_noise4/logs/p2_gemma12b_serve.log,115858,DC69019A30C997A675541E3A41CCCD26
data/derived/p2_noise4/logs/p2_gemma_probe.log,701,FC5C44138E414669F21A1521C4A69DDD
data/derived/p2_noise4/logs/p2_internvl.log,1403,6937E3175B1D5A1B750FD48A98C51A5A
data/derived/p2_noise4/logs/p2_internvl_outer.log,179,CF3D9EAF3D0DD7882A16A90E50387786
data/derived/p2_noise4/logs/p2_internvl_serve.log,117590,EA72295816556FC7451240F71C867F93
data/derived/p2_noise4/logs/p2_noise.log,1795,6EA1437949EF9F29E827E25F8DDAF149
data/derived/p2_noise4/logs/p2_noise_outer.log,1795,6EA1437949EF9F29E827E25F8DDAF149
data/derived/p2_noise4/logs/p2_noise_serve.log,38887,DDC09F6D357BDA2D779B6C1A886FF120
data/derived/p2_noise4/logs/p2_phi35.log,2429,52A518A88F93A526E255893A8C82EB5C
data/derived/p2_noise4/logs/p2_phi35_outer.log,1083,209D71D7E79A7B7236358485F34213E0
data/derived/p2_noise4/logs/p2_phi35_serve.log,112963,CFB4C2B5DCC9673675A2F67D2A8313C5
data/derived/p2_noise4/logs/p2_qwen32b.log,2559,7779CFEC84F7F6E637C2F4099058170E
data/derived/p2_noise4/logs/p2_qwen32b_retry.log,148,A24DD009FF0A318140D9D8CB7E4A13D0
data/derived/p2_noise4/logs/p2_qwen32b_serve.log,125329,690042F1F48DB642675336CBCF10C92A
data/derived/p2_noise4/logs/p2_rest_outer.log,3568,CE8B4CF5407B0F0F33860814196B1E7F
data/derived/p2_noise4/logs/p2_retry_outer.log,74,D6745E27F2FB596F62FB0385949A71A1
data/derived/p2_noise4/logs/p4_Qwen2.5-VL-3B-Instruct_256.log,833,E6FF87921D3FB40FE546203FDC04029C
data/derived/p2_noise4/logs/p4_Qwen2.5-VL-3B-Instruct_768.log,833,E728DA63FE997EFEBC09231348D17624
data/derived/p2_noise4/logs/p4_Qwen3-VL-30B-A3B-Instruct_256.log,286,570036EA640B6594C21B340A4B42C102
data/derived/p2_noise4/logs/p4_Qwen3-VL-30B-A3B-Instruct_768.log,285,59C4B826EABBC47E86A49D3B79105D29
data/derived/p2_noise4/logs/p4_Qwen3-VL-32B-Instruct_256.log,558,69BF81292D6DC94AE302AD0FC1645D9D
data/derived/p2_noise4/logs/p4_Qwen3-VL-32B-Instruct_768.log,558,EF07AF398FC3CFED2F60AA87256C4E98
data/derived/p2_noise4/logs/p4_Qwen3-VL-4B-Instruct_256.log,946,1EB146B61DF387C7AAA86A7A132893E6
data/derived/p2_noise4/logs/p4_Qwen3-VL-4B-Instruct_768.log,946,9A6EECEDE682843596EB387910E35D32
data/derived/p2_noise4/logs/p4_Qwen3-VL-8B-Instruct_256.log,821,3DACCEBFD0EAEA3FAC65A4E46126DFF6
data/derived/p2_noise4/logs/p4_Qwen3-VL-8B-Instruct_768.log,821,47C627A5FE52B3E1CDD5C89300DED766
data/derived/p2_noise4/logs/p4_build_.log,170,BD7099EFE792E17D77DD01DA53E9B905
data/derived/p2_noise4/logs/p4_finish.out,1584,D8AA8A6BE984C2E9C9A2CB3C4D65878C
data/derived/p2_noise4/logs/p4_launch_big.out,1354,0FE392CF75538A7966BAD03844B95340
data/derived/p2_noise4/logs/p4_launch_llava_fix.out,762,2AD156278287E1EA9AD2293E40452839
data/derived/p2_noise4/logs/p4_launch_smalls.out,2543,0CD1E17D8280CC70A6F7FD87377ADEBA
data/derived/p2_noise4/logs/p4_llava-onevision-qwen2-7b-ov_256.log,1238,7847C1E596C2BF31E3E51C336A46B9F5
data/derived/p2_noise4/logs/p4_llava-onevision-qwen2-7b-ov_768.log,1402,AA654D5EAFDAC313CBC0640AE1DACFCA
data/derived/p2_noise4/logs/p4_llava2.out,761,F84D6E414A1D3D2BACB2BE8E7AB712EF
data/derived/p2_noise4/logs/p4_run.log,8960,60F88FA8AB513D0A26701F6C627FB4B4
data/derived/p2_noise4/logs/p5a_Qwen3-VL-32B-Instruct_base.log,405,FD4E543D70C9856B6904DCFC13E9C5FF
data/derived/p2_noise4/logs/p5a_Qwen3-VL-32B-Instruct_forbid0.log,417,D999A6BF7CEE33684A5BA8A6CD8A196D
data/derived/p2_noise4/logs/p5a_Qwen3-VL-32B-Instruct_permit.log,413,E57FE7DF3298A80AEEC3D599398704A6
data/derived/p2_noise4/logs/p5a_Qwen3-VL-8B-Instruct_base.log,686,E70B43460B552BDF52DEC720E1EC9463
data/derived/p2_noise4/logs/p5a_Qwen3-VL-8B-Instruct_forbid0.log,698,B8518A19BBCCCD4FF4B52B313F88EC67
data/derived/p2_noise4/logs/p5a_Qwen3-VL-8B-Instruct_permit.log,694,A5DA077C7D4242BA691B7C8F511528AD
data/derived/p2_noise4/logs/p5a_fix.log,164,4C70EE00C54B8CD51063A18439017372
data/derived/p2_noise4/logs/p5a_fix.out,1323,89AD27E8F263F158B1E77E8AB5843877
data/derived/p2_noise4/logs/p5a_launch.out,855,0B7295FC5DDCC16A8D5FA4699427C8CA
data/derived/p2_noise4/logs/p5a_launch32.out,732,F42504782E8499EDFAF83B4B94AB1474
data/derived/p2_noise4/logs/p5a_run.log,1411,CC30C99AE40A97C611E1CFF3B417F579
data/derived/p2_noise4/logs/p5b_32b.log,497,B71E55E3A4AF93AAD4C0659336927D0A
data/derived/p2_noise4/logs/p5b_8b.log,432,570C8C0D56BE10FB299FF40F48073EEA
data/derived/p2_noise4/logs/p5b_launch_8b.log,748,591788EE00CFF0A97261F1BA1D3CED62
data/derived/p2_noise4/logs/p5b_probe_32b_base.log,351,56FA625D2BDC42A3480064B7BC0213A7
data/derived/p2_noise4/logs/p5b_probe_32b_forbid0.log,363,1E72359DD7138A4567664FA21D01CBD9
data/derived/p2_noise4/logs/p5b_probe_32b_permit.log,359,4BCE759D00D944252A1276DDC45DACD8
data/derived/p2_noise4/logs/p5b_probe_8b_base.log,349,5959518C3FA84C1F8F0656A769D1E181
data/derived/p2_noise4/logs/p5b_probe_8b_forbid0.log,361,68E2A491BF30D08FF41F21573DE00F86
data/derived/p2_noise4/logs/p5b_probe_8b_permit.log,357,CA4F82E03FC50AD1090EC5779AADEB35
data/derived/p2_noise4/logs/p5b_serve_32b.log,95629,788C0FEBBF1A860023F835F81EE78F0B
data/derived/p2_noise4/logs/p5b_serve_8b.log,81186,069EBDA98239B0D729BA75E940647D7D
data/derived/p2_noise4/logs/p5c_full.log,2454,26253E36FD2189FB5E80238DDF46BF43
data/derived/p2_noise4/logs/p5c_full2.log,2577,DB8E788E407A2AC54BF3AB6AFF2AEF63
data/derived/p2_noise4/logs/p5c_smoke.log,4648,4A171A1F15036792DEF8AC3B3D229A11
data/derived/p2_noise4/logs/serve_ablation.log,458538,058E8E688036864658111ABA71E6584D
data/derived/p2_noise4/logs/serve_ctxctrl_gemma12b_ml4096.log,131539,0D6E5A17378AC778ED1282F6698AF419
data/derived/p2_noise4/logs/serve_ctxctrl_gemma12b_ml8192.log,131628,A2D5A5C87E2DFAFEDE90729412AD196A
data/derived/p2_noise4/logs/serve_ctxctrl_ivl8b_ml4096.log,135235,2AE7BADB05DA8D6E767CA8E6EE164149
data/derived/p2_noise4/logs/serve_ctxctrl_ivl8b_ml8192.log,135231,DB34A6C9E4A76FDF6D8B6C73DA0E75FC
data/derived/p2_noise4/logs/serve_ctxctrl_phi35_ml4096.log,134023,9236E17FDAB9ED00F0143FA990901278
data/derived/p2_noise4/logs/serve_ctxctrl_phi35_ml8192.log,134073,706B89C432B818CC3D07D018CDC7B545
data/derived/p2_noise4/logs/serve_ea2_gemma12b_s1.log,191761,83CCF435D9CEAD1B9C5A723B5F34AA06
data/derived/p2_noise4/logs/serve_ea2_gemma12b_s2.log,191760,4772A5B6838A6EE78D8635D7F2DB5E3F
data/derived/p2_noise4/logs/serve_ea2_gemma12b_s3.log,191759,222FAEF05564D9F263DB2581308B6C34
data/derived/p2_noise4/logs/serve_ea2_ivl8b_s1.log,189168,332987B63F31CBA1AB83DA68E7CE946F
data/derived/p2_noise4/logs/serve_ea2_ivl8b_s2.log,189023,4C2B45421F93DDCEB154E0AB060F918E
data/derived/p2_noise4/logs/serve_ea2_ivl8b_s3.log,190922,2334CEE8616FD0197CEA0F2C8CEEF647
data/derived/p2_noise4/logs/serve_ea2_llavaov_s1.log,194305,86F203640B0437CD73D81BCE0DCA6CF9
data/derived/p2_noise4/logs/serve_ea2_llavaov_s2.log,194315,664C5EB130EECB37027A50C1567875B4
data/derived/p2_noise4/logs/serve_ea2_llavaov_s3.log,194315,2860DBC1AAB2C287BFEC9CCF6AED0296
data/derived/p2_noise4/logs/serve_ea2_phi35_s1.log,192958,52EB874CF3623F87B262B7FE41EEC4DE
data/derived/p2_noise4/logs/serve_ea2_phi35_s2.log,192863,BA8006B4C8B481A728B9F3D5CF6C9BA6
data/derived/p2_noise4/logs/serve_ea2_phi35_s3.log,192956,E73F501515CE7E2DFF416E42B12DDEA8
data/derived/p2_noise4/logs/serve_ea2_q32_s1.log,201584,DD01C50792DA430C8EA83AB179473E9B
data/derived/p2_noise4/logs/serve_ea2_q32_s2.log,201322,9A0DE8BB376F48347DCA47B3C6EAB27D
data/derived/p2_noise4/logs/serve_ea2_q32_s3.log,201581,16791E45E311FA3F2B8700F4CEC41281
data/derived/p2_noise4/logs/serve_ea_gemma12b.log,105048,27BA23E3F316758C6A2E35F1C833AC65
data/derived/p2_noise4/logs/serve_ea_ivl8b.log,104743,57EC644B4A4BB190E7BBFF242C5D994C
data/derived/p2_noise4/logs/serve_ea_llavaov.log,106894,8CDECCFCAEBC346F1829CB35C44511EA
data/derived/p2_noise4/logs/serve_ea_phi35.log,107046,4886D19A89CE2D1953C3DA95D277FB2F
data/derived/p2_noise4/logs/serve_ea_qwen32b.log,110599,10002C66AA7D465219F6DFAD58EA1080
data/derived/p2_noise4/logs/serve_extra2_gemma_fp16.log,6644,6867A95279645B7C8EE5E613A9454413
data/derived/p2_noise4/logs/serve_extra2_gemma_fp8.log,47867,92B9D9341B4E679BBDCD0B55B1CA0F89
data/derived/p2_noise4/logs/serve_extra2_ivl.log,207745,5CAB4BC1CBBB76803CE1487CC45854C4
data/derived/p2_noise4/logs/serve_extra2_lov.log,95056,5A967D7E3DD1C17DAD692D6661AB2600
data/derived/p2_noise4/logs/serve_extra2_phi.log,134552,AA33B5615E9D52BE59150E92D8BB1015
data/derived/p2_noise4/logs/serve_extra3_ivl.log,149026,8383F91FA989864C5C83B480A6173142
data/derived/p2_noise4/logs/serve_extra3_phi.log,148024,614D2A0CAC25F3E6FFE9FAFFD3F0AD3D
data/derived/p2_noise4/logs/serve_extra3_q32.log,111987,B588ED454B6F926C2D58C8EA844FCA06
data/derived/p2_noise4/logs/serve_extra4_bnb.log,7131,DD43168A6633388C970269B95E494F96
data/derived/p2_noise4/logs/serve_extra4_i8.log,136112,E77983B04A041C62D773EDB2E616680A
data/derived/p2_noise4/logs/serve_fsc2_fsc2_gemma.log,75299,428381A6D200F5AB6E93DA01399BDFBC
data/derived/p2_noise4/logs/serve_fsc2_fsc2_ivl.log,76764,2DD72E13FBF6EBAB833601DFC36EEC0B
data/derived/p2_noise4/logs/serve_fsc2_fsc2_lov.log,74017,2D47C022709E6731E2D11E3B7BCE765C
data/derived/p2_noise4/logs/serve_fsc2_fsc2_phi.log,75993,433688B452B86EAC36072F4A8BF6DAC6
data/derived/p2_noise4/logs/serve_fsc2_fsc2_q32.log,78514,4BC9E152FC3CBAC441469671BABFE9C1
data/derived/p2_noise4/logs/serve_fsc3_fsc3_q253.log,76239,CFF4AEC0FC8B49533BEA620653E804D0
data/derived/p2_noise4/logs/serve_fsc3_fsc3_q30m.log,78844,A9318C5220ABF554304358D1EF946C9E
data/derived/p2_noise4/logs/serve_fsc3_fsc3_q4.log,74712,497B8741743B4C62D3D512E289D2E9EB
data/derived/p2_noise4/logs/serve_fsc3_fsc3_q8.log,75195,C3E6329D8B53AC9347C7E130829F6717
data/derived/p2_noise4/logs/serve_fsc_fsc_gemma.log,75310,9F63E61A7B163A7B85D5E44D0D0CB376
data/derived/p2_noise4/logs/serve_fsc_fsc_ivl.log,77040,44839F0EC9B366C6B77CCB6B5C0EB669
data/derived/p2_noise4/logs/serve_fsc_fsc_lov.log,74381,FAE686729468819D89D0594024C4C233
data/derived/p2_noise4/logs/serve_fsc_fsc_phi.log,77512,A92C78858FA26C825B49C1B200E024D3
data/derived/p2_noise4/logs/serve_fsc_fsc_q32.log,78613,0A6905BB0D4C81DFF12A6B268CB17E72
data/derived/p2_noise4/logs/serve_fscres_gemma12b.log,536801,E2A9C0CBBF7828B9D4642560AF90A707
data/derived/p2_noise4/logs/serve_fscres_ivl8b.log,552380,DCEA8D68DFF8FFA10B3F6FDDB7B2A53F
data/derived/p2_noise4/logs/serve_fscres_phi35.log,540582,B1A3083BFEEB9F905ED5A670ADEEDCB3
data/derived/p2_noise4/logs/serve_gemma3-12b.log,450324,78A84587A548E2E86D55107436BF7305
data/derived/p2_noise4/logs/serve_internvl3.5-8b.log,461272,54142A3C48048DE2957FBD19EB7D4313
data/derived/p2_noise4/logs/serve_lang_gemma12b.log,124984,32D4CC4657400FFDD02856F3DADADCF1
data/derived/p2_noise4/logs/serve_lang_ivl8b.log,125215,5D07EC25F7970911A535E6B11C6E56E7
data/derived/p2_noise4/logs/serve_lang_llavaov.log,130277,05B12B806193CE952CDD566DD0880FEB
data/derived/p2_noise4/logs/serve_lang_phi35.log,125018,4A458E1FD94C2E57FF94A44E5D4666B6
data/derived/p2_noise4/logs/serve_lang_qwen32b.log,100772,881A7F9B711615AC9BFD787FA725D5E1
data/derived/p2_noise4/logs/serve_llava-ov-7b.log,498848,F6BE3A9796DF2E7554D90B020F6C16A2
data/derived/p2_noise4/logs/serve_p1_InternVL3_5-8B.log,147136,A8D0FE0E5726FAC0028A2BB9A90C7086
data/derived/p2_noise4/logs/serve_p1_Phi-3.5-vision-instruct.log,19552,3557EDD1BD028CE49F7446A72EDD247C
data/derived/p2_noise4/logs/serve_p1_Qwen3-VL-32B-Instruct.log,153545,7150DF278155978E638CA5B912D95471
data/derived/p2_noise4/logs/serve_p1_Qwen3-VL-8B-Instruct.log,146786,FB1962EB88E39CF656945D1838B543DE
data/derived/p2_noise4/logs/serve_p1_gemma3-12b.log,17839,CA0F1EE28D68D60454E526BBF4093887
data/derived/p2_noise4/logs/serve_p1_llava-onevision-qwen2-7b-ov.log,157439,A2C71491D63D95342CDAA216024F78ED
data/derived/p2_noise4/logs/serve_p1b_Phi-3.5-vision-instruct.log,46882,735F147B55D81D792032D489102688A0
data/derived/p2_noise4/logs/serve_p1b_Qwen3-VL-8B-Instruct.log,45340,05918A53E7D76A600325EB155839A6D6
data/derived/p2_noise4/logs/serve_p1b_llava-onevision-qwen2-7b-ov.log,47439,5898803135CCBD92EFFE307C5EB4129F
data/derived/p2_noise4/logs/serve_p1c_Phi-3.5-vision-instruct.log,198580,90C5AD68E25DFBBD7D535532788FCF83
data/derived/p2_noise4/logs/serve_p1c_Qwen3-VL-8B-Instruct.log,196402,76452112448AFF7618EF9AFDD721EC0F
data/derived/p2_noise4/logs/serve_p1c_llava-onevision-qwen2-7b-ov.log,209394,067A0E3C62508AE60422902683585C2B
data/derived/p2_noise4/logs/serve_p4_Qwen2.5-VL-3B-Instruct.log,133952,F27AC3FBD4F576BEAD8AD11662B34DA6
data/derived/p2_noise4/logs/serve_p4_Qwen3-VL-30B-A3B-Instruct.log,136947,4F06512829413B676C2027C79EDCE156
data/derived/p2_noise4/logs/serve_p4_Qwen3-VL-32B-Instruct.log,227402,321C17D7196B777FB4389F543EDA81B1
data/derived/p2_noise4/logs/serve_p4_Qwen3-VL-4B-Instruct.log,133902,A3AEAD134C12F8D7D116DB02EA9295C5
data/derived/p2_noise4/logs/serve_p4_Qwen3-VL-8B-Instruct.log,134991,EFF6192C75C020E79C651D607A9672A6
data/derived/p2_noise4/logs/serve_p4_llava-onevision-qwen2-7b-ov.log,21063,375BDB4B76A667E6E746743217EBFD54
data/derived/p2_noise4/logs/serve_p5a_Qwen3-VL-32B-Instruct.log,104295,B8241E7718B80A0EC137B6452B712FC8
data/derived/p2_noise4/logs/serve_p5a_Qwen3-VL-8B-Instruct.log,103054,70F41DD72AB64E97FE3913908C9C8BE6
data/derived/p2_noise4/logs/serve_p5a_Qwen3-VL-8B-Instruct_ml16384.log,1185,C907AD8FB0F4733D80EE83B8A325D3F2
data/derived/p2_noise4/logs/serve_phi-3.5-vision.log,456705,5D415691EF4307646789E0B38D2336E8
data/derived/p2_noise4/logs/serve_w1_dsvl2_tiny.log,27600,EF1D5A846C2104344D0DEC945D9FAB53
data/derived/p2_noise4/logs/serve_w1_gemma4_31b.log,364469,A59E1DFEE09681E234BF13B8B95F9217
data/derived/p2_noise4/logs/serve_w1_idefics3_8b.log,357386,49C6A66FDE8FED86415853E3F93062E6
data/derived/p2_noise4/logs/serve_w1_minicpmv26.log,19365,6222E22D580073EF7872608617E5A43B
data/derived/p2_noise4/logs/serve_w1_molmo7b.log,7936,C788E2B219B2690E9FC541CAB78512F2
data/derived/p2_noise4/logs/serve_w1_step3vl10b.log,8143,2C32DF4DDFB018348B14597879BB7B4F
data/derived/p2_noise4/logs/serve_w1fl_idefics3_8b.log,137450,DF562F54E2A03D3B672F9AD34074781C
data/derived/p2_noise4/logs/serve_w1fsc_dsvl2_tiny.log,130741,D4E2EF54C371B565338D43FE553D9BC8
data/derived/p2_noise4/logs/serve_w1fsc_gemma4_31b.log,136763,7C1CF8A5EA886E40AB0977E2FBC6D28C
data/derived/p2_noise4/logs/serve_w1fsc_minicpmv45.log,131657,EF5C0600AF9BC19B18B2E4086CC4F2B0
data/derived/p2_noise4/logs/serve_w1fsc_molmo7b.log,8025,D1D672220B2E75BD7F485E31EEE25C83
data/derived/p2_noise4/logs/serve_w1fsc_step3vl10b.log,182843,12A7CEDAA1DE7A0A014E758FF3128E74
data/derived/p2_noise4/logs/serve_w1r2_dsvl2_tiny.log,352796,2A6004F6B4964810FBAFF640AF15E3A3
data/derived/p2_noise4/logs/serve_w1r2_phi4mm_retry.log,13152,F2275F6B309BF1840B49EF4B5FA1A054
data/derived/p2_noise4/logs/serve_w1r3_molmo7b_retry.log,13629,01EE761C9C2AB549BF24465F1DB5D129
data/derived/p2_noise4/logs/serve_w1r4_molmo.log,469771,58F0B470FB7F2C953CCD9311869BC048
data/derived/p2_noise4/logs/serve_w1r_minicpmv45.log,352329,7633ADA89701EEFC034E86FE05B064FC
data/derived/p2_noise4/logs/serve_w1r_step3vl10b_retry.log,662237,2FEE69999209809ADF1124035273FB0A
data/derived/p2_noise4/logs/smoke_gemma.log,23034,E2C0268463EEEEB0B015CA673470CEA8
data/derived/p2_noise4/logs/smoke_gemma2.log,22997,DFBACC0FBF588B43DD73803972B7C27E
data/derived/p2_noise4/logs/smoke_gemma3.log,25819,ADACA2C5AE6BD86A03A3B5821FD04834
data/derived/p2_noise4/logs/smoke_q8b.log,19634,2F8983C1D5B7EC806F45C95B15625AA4
data/derived/p2_noise4/logs/w1_close_main.log,805,FBF6667CBD395ADE8CF24614622A6C75
data/derived/p2_noise4/logs/w1_dl.log,11968,8FBCC8E99078422B5C8E06667516E647
data/derived/p2_noise4/logs/w1_dl2.log,2238,7AA3EDC11ED5FBC9EE67801AAC662439
data/derived/p2_noise4/logs/w1_dl2_stdout.log,0,D41D8CD98F00B204E9800998ECF8427E
data/derived/p2_noise4/logs/w1_dl_stdout.log,11,84E559479BFB1704DA971389BD7C48A4
data/derived/p2_noise4/logs/w1_fsc.log,2853,B8026E42B618E7F2A54345CA3F190C01
data/derived/p2_noise4/logs/w1_fsc_late.log,2196,8937E2DED7E701A8A603B3695D29B076
data/derived/p2_noise4/logs/w1_fsc_late_stdout.log,559,4071A5F4C2DE821206A99B0A2EC77A6F
data/derived/p2_noise4/logs/w1_fsc_stdout.log,2163,A019FD3F08B562EC98B0B0E9AC5E3219
data/derived/p2_noise4/logs/w1_guard.log,280,D13AAA0AF9315987D1198BE0B3B8ADCE
data/derived/p2_noise4/logs/w1_guard_stdout.log,266,36AA898FA135EEDE960CF6E47E732604
data/derived/p2_noise4/logs/w1_hosted.log,4427,23DF90D1B93F2556AA20A32D757E93A1
data/derived/p2_noise4/logs/w1_hosted_stdout.log,490,D95C0E86988527D76F7EF638C5FA7D32
data/derived/p2_noise4/logs/w1_pack.log,276,8AFCB6EAB367A209E57B7E2D163B0570
data/derived/p2_noise4/logs/w1_pack_stdout.log,263,FBCDC1990DF9D478378E28CE4E9E1DD0
data/derived/p2_noise4/logs/w1_phi4_gate.log,1611,2AE80263DBD714D964010D89EAD9A297
data/derived/p2_noise4/logs/w1_phi4_gate_stdout.log,227,60F8F4E7895A5884ED4267445009B079
data/derived/p2_noise4/logs/w1_recover.log,10909,842E7DBF605AAC7065B08CCCF42ED803
data/derived/p2_noise4/logs/w1_recover2.log,6330,F056F8BE84F8BA3208C1ED1C594C6EB0
data/derived/p2_noise4/logs/w1_recover2_stdout.log,1210,A9CFBBEC7F0FBCF888E2C6617D9288A1
data/derived/p2_noise4/logs/w1_recover3.log,523,64E358219306D2447C2F753D9D40744F
data/derived/p2_noise4/logs/w1_recover3_stdout.log,281,674DA50B19193FF6651CF41E261D73D3
data/derived/p2_noise4/logs/w1_recover4.log,5410,1255F2B1012221ACAC3F4FD23AC9EB18
data/derived/p2_noise4/logs/w1_recover4_stdout.log,830,8CE9CEC454187E1C2ECDC91B52CF9978
data/derived/p2_noise4/logs/w1_recover_stdout.log,2809,9ACDCB884686BFF3162E0B7790FC32FD
data/derived/p2_noise4/logs/w1_run.log,15199,CFCDA7D7FE594E41F5D12AB3AC49099B
data/derived/p2_noise4/logs/w1_run_stdout.log,4309,3E924C3E4182252006A04D51C2DE604F
data/derived/p2_noise4/p2_noise4_rep1/p2_Qwen3-VL-32B-Instruct_base.csv,24595,E1FFEFD5BE53CC527946C9FF435FE8BC
data/derived/p2_noise4/p2_noise4_rep1/p2_probe_manifest.json,546,499611A331D17E1BE0AAA6926DBD680C
data/derived/p2_noise4/p2_noise4_rep2/p2_Qwen3-VL-32B-Instruct_base.csv,24599,F4291CCAD5DC1B6DBE6729D1BF6E81F3
data/derived/p2_noise4/p2_noise4_rep2/p2_probe_manifest.json,546,7EE2A7A00ECF5B953C6773A09905005B
data/derived/p2_noise4/p2_noise4_rep3/p2_Qwen3-VL-32B-Instruct_base.csv,24599,CFDD5E2CDF2D0A1E44EA457AE6FFB7E2
data/derived/p2_noise4/p2_noise4_rep3/p2_probe_manifest.json,546,7EE2A7A00ECF5B953C6773A09905005B
data/derived/p2_noise4/p2_noise_rep1/p2_Qwen3-VL-32B-Instruct_base.csv,1690,AC790BB729474CA11874307F87AE2D7F
data/derived/p2_noise4/p2_noise_rep1/p2_probe_manifest.json,544,F7A334FBA13592B91B435B42A45447C5
data/derived/p2_noise4/p2_noise_rep2/p2_Qwen3-VL-32B-Instruct_base.csv,1691,0B6FAD55D38911A3778680B9E2871122
data/derived/p2_noise4/p2_noise_rep2/p2_probe_manifest.json,544,D8ED619484026BD164FB8D50D510A73E
data/derived/p2_noise4/p2_probe_results/p2_InternVL3_5-8B_base.csv,22612,FB0C830804FF36C4A69E745325B1919B
data/derived/p2_noise4/p2_probe_results/p2_InternVL3_5-8B_channel.csv,27593,837F5982E8DBB14E36B9D6ECE854211D
data/derived/p2_noise4/p2_probe_results/p2_InternVL3_5-8B_permit.csv,25774,0826A55DE59CFD86FE33C5FF5B3A9306
data/derived/p2_noise4/p2_probe_results/p2_Phi-3.5-vision-instruct_base.csv,56866,134F206E852F9C3E73B92FF32CB9FAA4
data/derived/p2_noise4/p2_probe_results/p2_Phi-3.5-vision-instruct_channel.csv,40494,17288442C64E7748FFB54BBA78FE321C
data/derived/p2_noise4/p2_probe_results/p2_Phi-3.5-vision-instruct_permit.csv,34564,1C52FE3D0FE4B4F1FD854179D087D354
data/derived/p2_noise4/p2_probe_results/p2_Qwen3-VL-32B-Instruct_base.csv,24559,D0399FECC23BBCE242A30BCE6CCCA225
data/derived/p2_noise4/p2_probe_results/p2_Qwen3-VL-32B-Instruct_channel.csv,29720,1F09391C4CDEB8B485B6FA01D0980D4B
data/derived/p2_noise4/p2_probe_results/p2_Qwen3-VL-32B-Instruct_permit.csv,26549,8307F4A747328C020901A4630C681766
data/derived/p2_noise4/p2_probe_results/p2_analysis.json,8190,89A15A68A5C0F0D7527EA3EDB4D407A3
data/derived/p2_noise4/p2_probe_results/p2_gemma-3-12b-it_base.csv,25221,ECDE9868F77E532E876FE2B1FCB9752A
data/derived/p2_noise4/p2_probe_results/p2_gemma-3-12b-it_channel.csv,31353,4DE122445451693C6CCD5C40512D90A0
data/derived/p2_noise4/p2_probe_results/p2_gemma-3-12b-it_permit.csv,25758,E25ECC9A58E5444E13B14200DFF30FF5
data/derived/p2_noise4/p2_probe_results/p2_probe_manifest.json,871,11758D5932870A7BDE7B6166CEA57F5F
data/derived/p2_noise4/p2_probe_results_reparsed/p2_InternVL3_5-8B_base.csv,24135,12F8F659E07BEC43AC4F5DDA71F04632
data/derived/p2_noise4/p2_probe_results_reparsed/p2_InternVL3_5-8B_channel.csv,31531,5100CA3C7B017B87602DC033C864572C
data/derived/p2_noise4/p2_probe_results_reparsed/p2_InternVL3_5-8B_permit.csv,29097,81A9D8CC39D329CBE76A9531839A0679
data/derived/p2_noise4/p2_probe_results_reparsed/p2_Phi-3.5-vision-instruct_base.csv,58392,5F04F4A57853132BD8A114191EC02497
data/derived/p2_noise4/p2_probe_results_reparsed/p2_Phi-3.5-vision-instruct_channel.csv,44633,CD2150182381AF7C0DF30C4D6EAF156A
data/derived/p2_noise4/p2_probe_results_reparsed/p2_Phi-3.5-vision-instruct_permit.csv,37871,2C59B4AF884AB701AF3261C45FA50ACC
data/derived/p2_noise4/p2_probe_results_reparsed/p2_Qwen3-VL-32B-Instruct_base.csv,26082,C38036519A66EE323CADA3429EC3ED9A
data/derived/p2_noise4/p2_probe_results_reparsed/p2_Qwen3-VL-32B-Instruct_channel.csv,33691,768F313FE3AA0869A58597FFD84A2844
data/derived/p2_noise4/p2_probe_results_reparsed/p2_Qwen3-VL-32B-Instruct_permit.csv,28978,0B16C99A0057EA0B331FF01296B69728
data/derived/p2_noise4/p2_probe_results_reparsed/p2_analysis.json,10248,601CA12CC25562F180D725A582750529
data/derived/p2_noise4/p2_probe_results_reparsed/p2_gemma-3-12b-it_base.csv,26862,DC19BDAB06A06BEF334E1C0D5896D7A8
data/derived/p2_noise4/p2_probe_results_reparsed/p2_gemma-3-12b-it_channel.csv,35634,0EFC99D4BA46F36C8A1DB2E575884B0C
data/derived/p2_noise4/p2_probe_results_reparsed/p2_gemma-3-12b-it_permit.csv,29051,05A86DFAD717DA30EEEF43DD415B138F
data/derived/p2_noise4/p2_probe_results_reparsed/p2_qa.json,4267,BDE44293FB8EC4D233CC8B4340042634
data/derived/p2_noise4/p2_probe_results_reparsed/reparse_manifest.json,1971,20BEE4450DF961CC77DC626A61A81568
data/derived/p2_noise4/pool_all/pool_frozen.csv,35368,432212B6A3FB16646E4B3A5C00816161
data/derived/p2_noise4/pool_all/pool_frozen_a800.csv,32217,25EE5C02109937753AA52C433FD8876A
data/derived/p2_noise4/pool_all/pool_frozen_a800.csv.manifest.json,360,631BEE79EF086A3E77836D694065E841
data/derived/p5b/csv/p5a_Qwen3-VL-32B-Instruct_ml16384_base.csv,80990,460879F37B64C069A4C6A983FF9D4360
data/derived/p5b/csv/p5a_Qwen3-VL-32B-Instruct_ml16384_forbid0.csv,83349,A12EF16D1156B65757F98B0F77F250D1
data/derived/p5b/csv/p5a_Qwen3-VL-32B-Instruct_ml16384_permit.csv,15615,B7763D29E1F995BB5BE33BC0AB93E775
data/derived/p5b/csv/p5a_Qwen3-VL-8B-Instruct_ml16384_base.csv,79008,6C7127F031E5A326CC8304E04BA1668C
data/derived/p5b/csv/p5a_Qwen3-VL-8B-Instruct_ml16384_forbid0.csv,81216,70FE1835DB86BD989AF3B31CCB03F85E
data/derived/p5b/csv/p5a_Qwen3-VL-8B-Instruct_ml16384_permit.csv,15567,473206858B773928C127A062EA706B45
data/derived/p5c/p5c_results.jsonl,606920,82D1920F9FEF1409D5C34265E16D324B
data/derived/p5c/p5c_results2.jsonl,606920,82D1920F9FEF1409D5C34265E16D324B
data/derived/pA/b2__out_32b_blurct/blur_base.csv,35209,1312FA0E6BAF29ED4DB332B9902669DA
data/derived/pA/b2__out_32b_blurct/blur_choice.csv,39276,E48ACD52BD31BCD3A2FB92130A3F2898
data/derived/pA/b2__out_32b_blurct/blur_forbid0.csv,35467,B19C4887EC6E7DBBAE4DAF2639A7E3DA
data/derived/pA/b2__out_32b_blurct/blur_range.csv,44670,3F516388BAEC2B7F8B52B4385BF1586A
data/derived/pA/b2__out_32b_occlct/occl_base.csv,12327,6E69E41BF70F67DC92403D871E0D85F2
data/derived/pA/b2__out_32b_occlct/occl_choice.csv,13203,9298D9D55E2D3ABF388BFFC08087D02C
data/derived/pA/b2__out_32b_occlct/occl_forbid0.csv,12329,2584706CBA3FA09DD69D6F70E61DC8BB
data/derived/pA/b2__out_32b_occlct/occl_range.csv,14341,2432E126214FC6B8BEB112765AE99A29
data/derived/pA/b2__out_8b_blurct/blur_base.csv,34827,D89950F8F651FBC8E58737E333B08B07
data/derived/pA/b2__out_8b_blurct/blur_choice.csv,39346,663B103CC99E2A011A99CA0419DEFAD6
data/derived/pA/b2__out_8b_blurct/blur_forbid0.csv,35257,B1C5BEF9955C1017A88E2CF605E19F17
data/derived/pA/b2__out_8b_blurct/blur_range.csv,43763,8249572D925D4ACFCBB1A965CAFB6E02
data/derived/pA/b2__out_8b_occlct/occl_base.csv,12439,43F878610EC8EDFA244529ED389552ED
data/derived/pA/b2__out_8b_occlct/occl_choice.csv,13387,E866F686941C779AA65CA72089D72AF0
data/derived/pA/b2__out_8b_occlct/occl_forbid0.csv,12265,352D738106C5981DFB7693B59E146D24
data/derived/pA/b2__out_8b_occlct/occl_range.csv,14528,5E8F00CD62B081FE0F14FBEDBED9C839
data/derived/pA/ivl_blurct/blur_base.csv,43713,F2426BB2CB7244BB2FFAD17C4CCE70F3
data/derived/pA/ivl_blurct/blur_choice.csv,42686,0A02ED5121A1047DE84F5183ED8910D9
data/derived/pA/ivl_blurct/blur_forbid0.csv,42805,ACDAC17E3A3BF7873247C4351BB8E55E
data/derived/pA/ivl_blurct/blur_range.csv,53160,AE354DE513B71132F92F0A556CB91D11
data/derived/person_results/person_base.csv,705058,8148B23E986B2AFEBDB2AE6E610C24DD
data/derived/person_results/person_over.csv,705060,B72B4FBE9E0A3FA3141351E4D5EDD561
data/derived/person_results/person_under.csv,705060,9CEA482DC0EEA2D7DFAC0DBBF2279159
data/derived/q25_aerial_results/aer_aitod_base.csv,16569,7D322D5D3273516D4637DF466640C785
data/derived/q25_aerial_results/aer_aitod_over.csv,16803,44D6B8C32A536AA045F5E9C65DE4B202
data/derived/q25_aerial_results/aer_aitod_under.csv,16866,B98737BC627A2F7CE4AD5F10F4182A70
data/derived/q25_aerial_results/aer_visdrone_base.csv,26559,CF590A5EF5679A7719914FBD402C18B4
data/derived/q25_aerial_results/aer_visdrone_over.csv,27053,803AA64B4CA17240A9BF0F3097EA8842
data/derived/q25_aerial_results/aer_visdrone_under.csv,27227,0E93B43CEE809A74A22CAE177B21298C
data/derived/q25_dense_results/vlm_st_a_base_whole.csv,10818,62C7FE98AA329A76192699A1EC0803BA
data/derived/q25_dense_results/vlm_st_a_over_whole.csv,8748,7DFC756123A24E961AA974D902DC795F
data/derived/q25_dense_results/vlm_st_a_under_whole.csv,9866,7DDC056153E0F0796CB21F5A9DEF68CE
data/derived/q25_dense_results/vlm_st_b_base_whole.csv,18235,583F51DE92FCB911413A09C92546714F
data/derived/q25_dense_results/vlm_st_b_over_whole.csv,14683,9F55204E048A3415555F3B132988BFA5
data/derived/q25_dense_results/vlm_st_b_under_whole.csv,17759,85124E774FD5D72CDFAE43949B7B52A7
data/derived/q25_dense_results/vlm_ucf_base_whole.csv,19874,19F7C32018EEC8AC5768A923A0FDC304
data/derived/q25_dense_results/vlm_ucf_over_whole.csv,16690,4B99D408E7DFFCF09B951CDC391ADD6A
data/derived/q25_dense_results/vlm_ucf_under_whole.csv,19198,8120263050D65DF1EC0B11A7ABE90143
data/derived/selfconsist_results/sc_st_a_k5_t0.7.csv,10160,D99A1B886A8828E1392BB58D29FCA192
data/derived/selfconsist_results/sc_st_a_k5_t0.csv,9016,66BF3CA70617C1770E864DD25CED2BDB
data/derived/selfconsist_results/sc_st_b_k5_t0.7.csv,19950,8DA5DC7004B3D02D32AF11D99A2F36E0
data/derived/selfconsist_results/sc_st_b_k5_t0.csv,16829,D89718B68748063E21A33D10B41E90A6
data/derived/selfconsist_results/sc_ucf_k5_t0.7.csv,18991,197355CB61085B35ED21FF9ABFB2E6E6
data/derived/selfconsist_results/sc_ucf_k5_t0.csv,17106,9A98CF880AC7A42795DCB338F32AF9C4
data/derived/selfconsist_results_8b/sc_st_a_k5_t0.7.csv,12302,79D8AFE2C9D712EE4AB1148B834DD8CF
data/derived/selfconsist_results_8b/sc_ucf_k5_t0.7.csv,22721,2FA9846874BC26A4F3A9BDB9425BA097
data/derived/t2_results/entknob_base.csv,4812,8055C4B099641A0A28B7E9DF5404C46E
data/derived/t2_results/entknob_over.csv,4812,7A6964196F7D316A59498913E67AB7E2
data/derived/t2_results/entknob_under.csv,4812,8319C43F805461EB9995B795376D73D2
data/derived/t2_results/legigrid_base.csv,16692,E1DCC64A257412D2953F3FA0234503E2
data/derived/t2_results/legigrid_over.csv,16684,35F31B85B528D24A681CBB4C715670F2
data/derived/t2_results/legigrid_under.csv,16550,D637F88D900B256C1107F96E2249094D
data/derived/t2_results/occlkind_base.csv,6432,A08FD699C2DC1B0AA7399351C4E2F373
data/derived/t2_results/occlkind_over.csv,6426,505B96F9A9B64A18B8B1A6C65EF61556
data/derived/t2_results/occlkind_under.csv,6424,7FEDA77558608BF7B999BD9428BE60DC
data/derived/t2_results_32b/entknob_base.csv,4095,52544556A22B0EE9C58F06B8B9C4361D
data/derived/t2_results_32b/entknob_over.csv,4096,19AFB622885F1BE60A983D415028D8F5
data/derived/t2_results_32b/entknob_under.csv,3913,B5BEA54D02298663C79881C8B88B26B1
data/derived/t2_results_32b/legigrid_base.csv,14301,AA618E37530F26CEFDFE623F0A207377
data/derived/t2_results_32b/legigrid_over.csv,14322,059F385866A570C5B841EDFDC37E01FE
data/derived/t2_results_32b/legigrid_under.csv,13848,814C62072099C4D49804C6C6874B7841
data/derived/t2_results_32b/occlkind_base.csv,5728,2941EC33114DC426AB88A54BEE75491E
data/derived/t2_results_32b/occlkind_over.csv,5734,67AE8F828B9AC35E2FF4DCE61EC0301A
data/derived/t2_results_32b/occlkind_under.csv,5674,67253873D2A229F7A430E1DC544827D1
data/derived/tile_results/vlm_st_a_base_tile2.csv,18273,875B75C9C4D470D458B198CC2E2C497C
data/derived/tile_results/vlm_st_a_base_tile3.csv,34369,C92DEFDFCA29FB2B7F1C8F7884A1343E
data/derived/tile_results/vlm_st_a_base_tile4.csv,36834,EAFD698159F1877DE79FBADCE93C8808
data/derived/tile_results/vlm_st_a_base_tile5.csv,36863,96FFF076CD53CC36BD4B9B1DBCE88BE0
data/derived/tile_results/vlm_st_a_base_tile6.csv,37040,4089ADAA5BBBAC6AD3CE6CF81AE7E19D
data/derived/tile_results/vlm_st_a_over_tile2.csv,18936,53CC12A170E1D5FF603392B9567AB1C6
data/derived/tile_results/vlm_st_a_over_tile3.csv,35125,9375C9841BFCBF5E50D946EBF2D79788
data/derived/tile_results/vlm_st_a_under_tile2.csv,17553,FA2582279C5DB6ACABDE57CBFE6BEC51
data/derived/tile_results/vlm_st_a_under_tile3.csv,33445,08DD2BF6607C21BCE26F0F98B48CB0B4
data/derived/tile_results/vlm_st_b_base_tile2.csv,31147,DD7559CED3876F18208E6519EDF7D5D3
data/derived/tile_results/vlm_st_b_base_tile3.csv,116295,0179889643B358101D2BBB7BDB61A261
data/derived/tile_results/vlm_st_b_over_tile2.csv,31281,97C4F90587D7F7171A1C61B45BE36A58
data/derived/tile_results/vlm_st_b_over_tile3.csv,116557,6482B81B62A36E55C9B06E70E379377C
data/derived/tile_results/vlm_st_b_under_tile2.csv,30876,D073F75FDA7ADA9FE58699D0A8588859
data/derived/tile_results/vlm_st_b_under_tile3.csv,115563,C3544A8EF66D10C6C0A7F72AABABE5FD
data/derived/tile_results/vlm_ucf_base_tile2.csv,34060,2794C09D70B01CE1DDDBD4E085AA9519
data/derived/tile_results/vlm_ucf_base_tile3.csv,63663,E95CCEE9F7D23DBF011919BB2AAA3F6F
data/derived/tile_results/vlm_ucf_base_tile4.csv,68411,251696F6A0029A5E4AB24E567F2B967C
data/derived/tile_results/vlm_ucf_base_tile5.csv,68515,A7A1A68D556982D6A35E63B3F2E067B1
data/derived/tile_results/vlm_ucf_base_tile6.csv,68560,F41B4EB0117E3F46E396D0DEB6CE9964
data/derived/tile_results/vlm_ucf_over_tile2.csv,35536,7040E333292A855FF2802EB48950AF67
data/derived/tile_results/vlm_ucf_over_tile3.csv,65120,AF04025A9F15ACC878F2F382DA17BE57
data/derived/tile_results/vlm_ucf_under_tile2.csv,32720,113AB1A8C0CB9BDB4EA35C1B44006AD7
data/derived/tile_results/vlm_ucf_under_tile3.csv,61841,859836B90CA267F12F905C6C5BF66EF9
data/derived/w1_a800_bundle.tar.gz,631411,25308F6FBBBB7B8E1A780DE501B36E0C
data/gold/shanghaitech_counts.csv,56956,632BFBD650234C02DCF9CCE8ABB0E2B0
data/gold/ucf_qnrf_counts.csv,44163,6979CEBCF2B1C6A6F2BD21CB48C6825B
data/w1_bundle.tar.gz,631411,25308F6FBBBB7B8E1A780DE501B36E0C
env/a800_logs_20260927/A800交接说明_给P3_20260926.md,10914,7AE554772095669FBE556F79F5601F89
env/a800_logs_20260927/A800交接说明_给P3_20260927.md,7778,F50892F0674467E4007E3044D325752B
env/a800_logs_20260927/RUNNING.md,32308,3E7519B9FB9DF0739453ED9561333812
env/a800_logs_20260927/_FETCH_MANIFEST.txt,1149,A7289C3A1C1F28C4CFD6364C32A638FB
env/a800_logs_20260927/_RUNNING_a800.md,3736,ABCB0E4A45E9451AAC433A46DBC01579
env/a800_logs_20260927/_p3_running_done.md,1761,F601A10A514A146EC7ABE7B73BBCD74B
env/a800_logs_20260927/g3.log,2413,9A09FF0ED3AA964339507D050F52D025
env/a800_logs_20260927/g3_fetch.log,74392,09EE074737925D6AC695481B1E2492C6
env/a800_logs_20260927/g3_outer.log,3361,A8942D8F50638E705D6E433A59CC0DC3
env/a800_logs_20260927/g3_serve_InternVL3_5-8B.log,197385,03F093C6416D44E92CCFDF733638B7E8
env/a800_logs_20260927/g3_serve_Qwen2.5-VL-3B-Instruct.log,195748,699529C48F5612488062A635AF18502D
env/a800_logs_20260927/g3_serve_Qwen3-VL-32B-Instruct.log,207014,79D1220490A94271CD5A836E0CE8A27E
env/a800_logs_20260927/g3_serve_Qwen3-VL-4B-Instruct.log,195264,6E82F93265627AB959F8896D64AA3779
env/a800_logs_20260927/g56.log,1577,06B3FD12C4D667649B9BB0975959083C
env/a800_logs_20260927/g7.log,790,C5CF66E3EA09D0ECFE711B37759059E4
env/a800_logs_20260927/g7_outer.log,5544,3D920C629154F67A2B7B57B8D696E228
env/a800_logs_20260927/g7_serve_F2_16384.log,91598,B9245ABDDAA1AED7D8C5D87787D3F316
env/a800_logs_20260927/g7_serve_F2_4096.log,91592,B13992EB97406A05C8EB5374BC88762C
env/a800_logs_20260927/g7_serve_R_s1.log,214564,ACE688A40049168BB2B1BC3305281379
env/a800_logs_20260927/g7_serve_R_s2.log,91333,CC72CB6E1844E76EC438E545FB6859F5
env/a800_logs_20260927/g7_serve_R_s3.log,91594,712D8F60AB23C7FE6A43AFF5A18AAC22
env/a800_logs_20260927/g8.log,2384,D1FD6F7C3E944427B36E32910DB8E447
env/a800_logs_20260927/g8_outer.log,1303,414A1C8CC7ADAE41B199C76C940ABF18
env/a800_logs_20260927/g8_serve_16384.log,136964,20B73A7BB1C5436272D81F53C88B5F79
env/a800_logs_20260927/g8_serve_32768.log,33829,A0E06193677D57EA4B63CDBA561CE9D3
env/a800_logs_20260927/g8_serve_65536.log,34198,647DB74294CFE9D798AB1DB6C8C1C2EF
env/a800_logs_20260927/g9.log,34192,782250043BFC7D3740F78F011A69522F
env/a800_logs_20260927/g9_outer.log,253,0333BC25659E3EC6196198EA3AB4475D
env/a800_logs_20260927/gx.log,77948,31C42FD527CED8B66DA631F108A8F7DF
env/a800_logs_20260927/gx_outer.log,3277,AACA18BDD40C0AF23D7AEB45E10B69C0
env/a800_logs_20260927/gx_serve_InternVL3_5-8B.log,79581,F2EBD689DCB898EC2F9E7B84C535197F
env/a800_logs_20260927/gx_serve_Qwen3-VL-32B-Instruct.log,91082,D4323EBB017424FDFF9127CDFD1E7D20
env/a800_logs_20260927/gx_serve_gemma3-12b.log,78793,5127C87600FCF1A3090E6DAC4E2C24CC
env/a800_missing_20260927/Train_Test_Val_FSC_147.json,133002,A0FEE887EBC7EF892EB4ECEFC8C30588
env/a800_missing_20260927/_FETCH_MANIFEST.txt,10751,060920439D38AB48267A8B43D3762444
env/a800_missing_20260927/ec3_serve.log,155250,6D69B853855C586246769E11B0CE688C
env/a800_missing_20260927/g2_run.log,4568,B984E497A6A4AFE8190B4B043D76F6DF
env/a800_missing_20260927/g2_serve.log,640538,8B4FA75E759013C4DBA5AA6FB7813E2E
env/a800_missing_20260927/g3_run.log,4180,54D7B53BD3C6FE5A634F244397BC4303
env/a800_missing_20260927/g3_serve.log,2404029,D923337DBDB2C20431B2BF523567F46B
env/a800_missing_20260927/image_labels.txt,34723,ED0A050D63B3791F1B85C0BB69FD7AC0
env/a800_missing_20260927/image_list.txt,25999,85960C73A10B3FD54D66A1D6BC9F0219
env/a800_missing_20260927/p2_noise4.log,3624,28365898373270BE0A979D613DCE82B8
env/a800_missing_20260927/p2_noise4_outer.log,3624,28365898373270BE0A979D613DCE82B8
env/a800_missing_20260927/p2_noise4_serve.log,125067,649DA16B2522EA9141340015FF249595
env/a800_missing_20260927/sample_test_ids.txt,2656,D7D30474DC8357E2C67B39D0C23B5516
env/h20_rescue_logs/dl_extra.log,50,776CAAE4B046CE8953D587010598CC2A
env/h20_rescue_logs/dl_extra2.log,2489,62D92D8B02733C430798729AE5E2233F
env/h20_rescue_logs/dl_extra2_stdout.log,186,D4D9CB4C48695FA26A1CD017A0855335
env/h20_rescue_logs/dl_extra3.log,2602,84F047151816AB0CF168D38F99EE5F73
env/h20_rescue_logs/dl_extra3_stdout.log,264,19E454D62EBC9E51D121399107F931B7
env/h20_rescue_logs/dl_extra_stdout.log,50,776CAAE4B046CE8953D587010598CC2A
env/h20_rescue_logs/dl_fp8.log,1606,ED49EFF66413CF43C23BD8EA60AC7DBE
env/h20_rescue_logs/dl_repair72b.log,190,77757ED4B6FE71D698F2F08A25C85B49
env/h20_rescue_logs/dl_v5.log,7933,C0CF65382F49FBA94A6861FCFA569CD2
env/h20_rescue_logs/dl_v5_stdout.log,677,7260EF9A3CC0572C3C06486C094A95E9
env/h20_rescue_logs/exp.log,19106,4FF221562D7EFB16128B4279DCF91080
env/h20_rescue_logs/exp_extra.log,29,BDDBB4DAE2E22ACA8A1AA94A4624EEA6
env/h20_rescue_logs/exp_extra2.log,814,5FE91B3C0A9D4B12917B35E048FF58AA
env/h20_rescue_logs/exp_extra2_stdout.log,623,269158DF7BA736725565AD362F6170D2
env/h20_rescue_logs/exp_extra3.log,63,512FD28C32EBE76C9B409353F18AA65F
env/h20_rescue_logs/exp_extra3_stdout.log,63,512FD28C32EBE76C9B409353F18AA65F
env/h20_rescue_logs/exp_extra_stdout.log,29,BDDBB4DAE2E22ACA8A1AA94A4624EEA6
env/h20_rescue_logs/exp_v4.log,8394,1489876D4E846DA0C7329A2E3DEB2F9D
env/h20_rescue_logs/exp_v4_stdout.log,7081,4E8C201DC4ADB8DDA62BB2BB619A18AB
env/h20_rescue_logs/exp_v6.log,11625,FBF36175ADCDAC4BE49FAE6E6270EAAA
env/h20_rescue_logs/exp_v6_stdout.log,13539,00906315603FB5104CBD74BCE603F63E
env/h20_rescue_logs/exp_v7.log,413,9C458D16013BEE80BE6F85F6C703B909
env/h20_rescue_logs/exp_v7_stdout.log,413,9C458D16013BEE80BE6F85F6C703B909
env/h20_rescue_logs/exp_v7b.log,966,83B4C877A8D3604E73F11637079E65ED
env/h20_rescue_logs/exp_v7b_stdout.log,966,83B4C877A8D3604E73F11637079E65ED
env/h20_rescue_logs/exp_v7c.log,4982,BC2B51A0D96675988295D9180F740E0F
env/h20_rescue_logs/exp_v7c_stdout.log,6558,0FB154E6940E4427256768A727409E57
env/h20_rescue_logs/probe_awq32_census_st_a.log,661,D85CD865D30C2777AD827CEB0EB0B231
env/h20_rescue_logs/probe_awq32_census_ucf.log,655,38D6824B1C7B962602896C7860EB04F9
env/h20_rescue_logs/probe_awq32_nz_st_a.log,391,5A6ABC81D34CA225AC606F1639FEC776
env/h20_rescue_logs/probe_awq32_nz_ucf.log,394,11F7FDF32347718972B6AA33E34CCDC9
env/h20_rescue_logs/probe_awq32_para_st_a.log,384,715F2294F582C9FFC87A40E7B8D253A2
env/h20_rescue_logs/probe_awq32_para_ucf.log,381,09A4A250BE285B4085BCDD4538D01C3E
env/h20_rescue_logs/probe_awq32_reps3_st_a.log,376,A7F4BAAE4AF003ED338CFA81A0C5B065
env/h20_rescue_logs/probe_awq32_reps3_ucf.log,373,90C2E6364A52651FD02389E258D3B587
env/h20_rescue_logs/probe_awq8_census_st_a.log,653,E1D0463FC2091C60FFE40B2ED9664280
env/h20_rescue_logs/probe_awq8_census_ucf.log,647,7E805F9314D376504D22B9C51FB92D57
env/h20_rescue_logs/probe_awq8_nz_st_a.log,388,5842ED3927397B9FEC76AB64780C8D75
env/h20_rescue_logs/probe_awq8_nz_ucf.log,391,4587FF2D54C0743FA536D3726DA26A84
env/h20_rescue_logs/probe_awq8_para_st_a.log,381,0A3147F052700C26ACB75033689E5DE4
env/h20_rescue_logs/probe_awq8_para_ucf.log,378,B022723387ED27041BC0C97EB6224AD1
env/h20_rescue_logs/probe_awq8_reps3_st_a.log,371,1E3483808A09C0CCD49EFD6EE06AFBC1
env/h20_rescue_logs/probe_bf32_census_st_a.log,666,417E30210031F92CDF1A8245FA62B062
env/h20_rescue_logs/probe_bf32_census_ucf.log,661,CF5A098530E606FB609683B2BAC4BE03
env/h20_rescue_logs/probe_bf32_nz_st_a.log,394,4E492E4088E210B9F3C2AEE09DDCB798
env/h20_rescue_logs/probe_bf32_nz_st_b.log,398,1EAEB6A069A9BA7BF6B072D9F1013F01
env/h20_rescue_logs/probe_bf32_nz_ucf.log,397,EE8DD49759383ABD9248AAFB880752FB
env/h20_rescue_logs/probe_bf32_para_st_a.log,387,2978642952DA9DECF05A7999572ED15F
env/h20_rescue_logs/probe_bf32_para_ucf.log,384,E62F7FBA5FD170EB2133F02E1CDFFBAF
env/h20_rescue_logs/probe_bf32_reps3_st_a.log,379,9EF111AEE99C5213A14BDD7AD52895B5
env/h20_rescue_logs/probe_bf8_census_st_a.log,659,C6BD3D7E6585D45AB820FC31D7C22052
env/h20_rescue_logs/probe_bf8_census_ucf.log,653,C2D077C5D1EBCEB686ADFEA99A38AC87
env/h20_rescue_logs/probe_bf8_nz_st_a.log,391,20B268002FD09D7285FE99F12D885229
env/h20_rescue_logs/probe_bf8_nz_ucf.log,394,C088FC827CD92DDF53897C373054D838
env/h20_rescue_logs/probe_fp8_st_a.log,660,A9330ECBFAEFF147E38C033D34C44CAB
env/h20_rescue_logs/probe_fp8_ucf.log,655,F63C878F2A78A71E193A14BD15B70E9A
env/h20_rescue_logs/probe_fp8nz_st_a.log,391,4EDEE6965750DAAB077A01E07677330C
env/h20_rescue_logs/probe_fp8nz_ucf.log,395,D561CBA6A39741742142CBFEF7D50AF2
env/h20_rescue_logs/probe_fp8para_st_a.log,384,977CA3F839AA6D24272DA1032AECD6E9
env/h20_rescue_logs/probe_fp8para_ucf.log,381,417EB4B0EC0CAEF5CEA1AF30A6758246
env/h20_rescue_logs/probe_gptq_st_a.log,665,6D2DCCD4ADD40AD039C379FF417E6386
env/h20_rescue_logs/probe_gptq_ucf.log,660,FF7450C1962371BDD0BE799166B6D31C
env/h20_rescue_logs/probe_gptqnz_st_a.log,394,0C7DBAE5E62B19CC59471E46B11D8593
env/h20_rescue_logs/probe_gptqnz_ucf.log,397,6C1647A86A8B52FB73D7A100C7B5B776
env/h20_rescue_logs/probe_ivl_st_a.log,665,8115C788941EE1393B6366A3B1E200E7
env/h20_rescue_logs/probe_ivl_ucf.log,659,5F0807E1DCEF07BA4D3F27A257D7163B
env/h20_rescue_logs/probe_ivlnz_st_a.log,394,C80D0157C6439CD0DA62C9E2DB23F652
env/h20_rescue_logs/probe_ivlnz_st_b.log,398,C8E70C40F4DC2B6D1D750A991A4C40FE
env/h20_rescue_logs/probe_ivlnz_ucf.log,397,DC7D02E832706D12D8529EC8854C30EB
env/h20_rescue_logs/probe_q25_census_st_a.log,653,C5FB2D021BD670177421E730E229B331
env/h20_rescue_logs/probe_q25_census_ucf.log,648,B688175FECDD754DC70A1057FCA80DDE
env/h20_rescue_logs/probe_q25_nz_st_a.log,388,7B58992FB82334D7FB037FDE56109421
env/h20_rescue_logs/probe_q25_nz_ucf.log,391,7E6D2B8941D3BB74E5BCC4A3762EFA55
env/h20_rescue_logs/probe_q25vl72b_st_a.log,659,39768B823F92B026333C1BBBAEF56049
env/h20_rescue_logs/probe_q25vl72b_ucf.log,653,7C618AF7E2F45450CC76C6EC8FA1100E
env/h20_rescue_logs/probe_q25vl72bnz_st_a.log,391,99E780E75F39CD3523C54C480BC0F86A
env/h20_rescue_logs/probe_q25vl72bnz_ucf.log,394,500C1832F14FA167CC2C2461085C941C
env/h20_rescue_logs/probe_q25vl72bpara_st_a.log,384,44DE128CEB65397C148220C57C2FDFA0
env/h20_rescue_logs/probe_q25vl72bpara_ucf.log,381,CFAB9326521A92FCFF0BB0033CD09EFA
env/h20_rescue_logs/probe_v6_awq8bit_newdom_aitod.log,673,F83CEA2BF4DD0C6D97544E078BE8706E
env/h20_rescue_logs/probe_v6_awq8bit_newdom_countbench.log,680,BAB35B3024C01C2D58958688D2999272
env/h20_rescue_logs/probe_v6_awq8bit_newdom_visdrone.log,692,6C0DB601A190906FB972C95168EFD269
env/h20_rescue_logs/probe_v6_awq8bit_nz_st_a.log,394,E0F9925AAA1AE47B4DCFF09FEF13754C
env/h20_rescue_logs/probe_v6_awq8bit_nz_ucf.log,397,D167CC25E8623ECAE204CF0AEB331823
env/h20_rescue_logs/probe_v6_awq8bit_st_a.log,666,7D27D000B220E93F421B5593B5719DBD
env/h20_rescue_logs/probe_v6_awq8bit_ucf.log,661,671276F12EE2DF5DA12F3275CEF9B49F
env/h20_rescue_logs/probe_v6_internvl35-38b-fp8_newdom_aitod.log,677,1A06D54D98F88DBAE0E1985A3A56A2FB
env/h20_rescue_logs/probe_v6_internvl35-38b-fp8_newdom_countbench.log,686,10442270A96EE81591A5A773EAB679BB
env/h20_rescue_logs/probe_v6_internvl35-38b-fp8_newdom_visdrone.log,696,1BF9687C11B288B34FD2AEDF1013E3B9
env/h20_rescue_logs/probe_v6_internvl35-38b-fp8_nz_st_a.log,397,34A82F72F06457AD9BF926DE18D1D702
env/h20_rescue_logs/probe_v6_internvl35-38b-fp8_nz_ucf.log,400,B0FF05C4DDDD586AF2AF9EBDB39EE757
env/h20_rescue_logs/probe_v6_internvl35-38b-fp8_st_a.log,671,5D9F9BEABB36BE6FA9A4D216AC6A3C27
env/h20_rescue_logs/probe_v6_internvl35-38b-fp8_ucf.log,666,7665812082D916C98DCC9A592AD6A263
env/h20_rescue_logs/probe_v6_qwen3-vl-2b_newdom_aitod.log,636,0259C264C1275ABED30FD38235D8C076
env/h20_rescue_logs/probe_v6_qwen3-vl-2b_newdom_countbench.log,644,BD45D65D2F884169A36CE2AC6BE63EAC
env/h20_rescue_logs/probe_v6_qwen3-vl-2b_newdom_visdrone.log,655,A9181C7A383B96767EE5EE70F576B6CA
env/h20_rescue_logs/probe_v6_qwen3-vl-2b_nz_st_a.log,376,AEA1A742902FAE224AD8AC4CDDC8640A
env/h20_rescue_logs/probe_v6_qwen3-vl-2b_nz_ucf.log,379,E687D526272513806DE6C31C5D0EE049
env/h20_rescue_logs/probe_v6_qwen3-vl-2b_st_a.log,629,2FDD16F6FD2953DFEC47F49E1EB1B0D2
env/h20_rescue_logs/probe_v6_qwen3-vl-2b_ucf.log,623,BD7B8EC8824B9B5E4EE930C7D90C8872
env/h20_rescue_logs/probe_v6_qwen3-vl-30b-a3b-fp8_newdom_aitod.log,688,FFC1DFD177474092AE5584ED22725DF9
env/h20_rescue_logs/probe_v6_qwen3-vl-30b-a3b-fp8_newdom_countbench.log,698,7AE090394769FA09273B3A0113F6745F
env/h20_rescue_logs/probe_v6_qwen3-vl-30b-a3b-fp8_newdom_visdrone.log,706,6E8A8F937980FF158AADE23F8218B78F
env/h20_rescue_logs/probe_v6_qwen3-vl-30b-a3b-fp8_nz_st_a.log,403,B246237AC4A79ED045A67AC505D76CB9
env/h20_rescue_logs/probe_v6_qwen3-vl-30b-a3b-fp8_nz_ucf.log,406,3419C961752215D8670247990B4C9C1F
env/h20_rescue_logs/probe_v6_qwen3-vl-30b-a3b-fp8_st_a.log,683,2D1392914F57E2A93C578276BE78F322
env/h20_rescue_logs/probe_v6_qwen3-vl-30b-a3b-fp8_ucf.log,677,7BA0DBF4CBF187C1A1420E7235ABCBB5
env/h20_rescue_logs/probe_v6_qwen3-vl-4b_newdom_aitod.log,637,17AA514FB7E97AA1F9B01AE8ADEA4831
env/h20_rescue_logs/probe_v6_qwen3-vl-4b_newdom_countbench.log,644,D272D08A82BB6D441A43BCAD0C2E3514
env/h20_rescue_logs/probe_v6_qwen3-vl-4b_newdom_visdrone.log,655,4950EAEF04DEADE2B34DACFFB71F7283
env/h20_rescue_logs/probe_v6_qwen3-vl-4b_nz_st_a.log,376,050E5FE50CA53C09B60BD6E405C87B5A
env/h20_rescue_logs/probe_v6_qwen3-vl-4b_nz_ucf.log,379,2A5FC9FF08C3E092F5C47441D1D08F8E
env/h20_rescue_logs/probe_v6_qwen3-vl-4b_st_a.log,630,24F71CC7F534787E9D2B06F1DE424F48
env/h20_rescue_logs/probe_v6_qwen3-vl-4b_ucf.log,624,EA33F590D5F5DF8AF8E7589D48EF5174
env/h20_rescue_logs/probe_v6a_awq32_dense_st_a.log,560,C302906FF8BE308CECA21725CFE5C8B3
env/h20_rescue_logs/probe_v6a_awq32_dense_ucf.log,559,4F78A3FCBE338CD3BF0F4000F817350B
env/h20_rescue_logs/probe_v6a_awq32_newdom_aitod.log,972,363F1DB5CCB79953E5AB41B3B6E512B1
env/h20_rescue_logs/probe_v6a_awq32_newdom_countbench.log,983,D15120646C0AD2403339C3BD45152DA4
env/h20_rescue_logs/probe_v6a_awq32_newdom_nz_aitod.log,393,D0438B2A52D64097FF68D889400A1F05
env/h20_rescue_logs/probe_v6a_awq32_newdom_nz_countbench.log,416,005EC4A6D25827A9540D110FFE45816D
env/h20_rescue_logs/probe_v6a_awq32_newdom_nz_visdrone.log,407,C9FF14A0E91185A9C92A19AFD4769554
env/h20_rescue_logs/probe_v6a_awq32_newdom_visdrone.log,1000,506B388D7132FE786733C4C8B0B81554
env/h20_rescue_logs/probe_v6b_bf32_dense_st_a.log,564,D04044568079A8AB316D1F5AE57D7C38
env/h20_rescue_logs/probe_v6b_bf32_dense_ucf.log,562,C17E521944382EDC95FBB6C35D12F747
env/h20_rescue_logs/probe_v6b_bf32_newdom_aitod.log,981,6658F19540644FAB1041F75646C4C976
env/h20_rescue_logs/probe_v6b_bf32_newdom_countbench.log,992,D3F11537C39D704975BDF9D3FE8EDB05
env/h20_rescue_logs/probe_v6b_bf32_newdom_nz_aitod.log,396,51A2E9562A71212D5A46F1EACB3A6381
env/h20_rescue_logs/probe_v6b_bf32_newdom_nz_countbench.log,419,6802341384A45FFD95DEE997A687CCE4
env/h20_rescue_logs/probe_v6b_bf32_newdom_nz_visdrone.log,410,3B0F4A7B44B2723059509DB585DCAEAE
env/h20_rescue_logs/probe_v6b_bf32_newdom_visdrone.log,1008,3BA4497E0AAADF0D4580D5BA61CE13C9
env/h20_rescue_logs/probe_v7c_internvl25-8b-awq_new_aitod.log,672,FB07425A770E0DC4CA5CEE32ECF5507C
env/h20_rescue_logs/probe_v7c_internvl25-8b-awq_new_nz_aitod.log,396,18B8F0C10C7A187354113D853AAEF8B9
env/h20_rescue_logs/probe_v7c_internvl25-8b-awq_new_nz_visdrone.log,410,1DA059BB2B454A01110ED7C10E083DEB
env/h20_rescue_logs/probe_v7c_internvl25-8b-awq_new_visdrone.log,687,BB380F599C76B5AA7DB842E5835B5F00
env/h20_rescue_logs/probe_v7c_qwen25vl-72b-awq_new_aitod.log,663,14A316972E5296CDE1BFC9C5E0A1AECF
env/h20_rescue_logs/probe_v7c_qwen25vl-72b-awq_new_nz_aitod.log,393,25B4A1BEDBADC69913022D5D753F68CA
env/h20_rescue_logs/probe_v7c_qwen25vl-72b-awq_new_nz_visdrone.log,407,64C36968497C549B02EB4A65AE1F60AE
env/h20_rescue_logs/probe_v7c_qwen25vl-72b-awq_new_visdrone.log,682,F16FD81A88D3AF772585D9A54817ABC9
env/h20_rescue_logs/probe_v7c_qwen3-vl-32b-awq8_new_aitod.log,257,85E95E429E0134D8D285371C00E6FDFF
env/h20_rescue_logs/probe_v7c_qwen3-vl-32b-awq8_new_nz_aitod.log,396,E9D7D663406BB4C29270A7A4E2A3FAF1
env/h20_rescue_logs/probe_v7c_qwen3-vl-32b-awq8_new_nz_visdrone.log,410,D2FD7E0DEE716D6126C234FD8686DA1B
env/h20_rescue_logs/probe_v7c_qwen3-vl-32b-awq8_new_visdrone.log,256,27E1A9D7A9E2C17615492C521551BA0B
env/h20_rescue_logs/probe_v7c_qwen3-vl-32b-fp8_new_aitod.log,666,36FA300007D64D31B16B418FDB4AC5EE
env/h20_rescue_logs/probe_v7c_qwen3-vl-32b-fp8_new_nz_aitod.log,393,4D2EF4A150EC2F3F406BFFE3B7EC43C7
env/h20_rescue_logs/probe_v7c_qwen3-vl-32b-fp8_new_nz_visdrone.log,407,0FF14EDD1530B4FF74867D45E3A7144C
env/h20_rescue_logs/probe_v7c_qwen3-vl-32b-fp8_new_visdrone.log,684,329325BEF74D74C808D41CCB918F4E9F
env/h20_rescue_logs/probe_v7c_qwen3-vl-32b-gptq_new_aitod.log,671,78E3B5B76F6917B9B9DE766BFFF2DDB0
env/h20_rescue_logs/probe_v7c_qwen3-vl-32b-gptq_new_nz_aitod.log,396,412F55603882C4AB25D91DD0E0B6EA49
env/h20_rescue_logs/probe_v7c_qwen3-vl-32b-gptq_new_nz_visdrone.log,410,9F1FC60BAC2E66A3ACA2BA6DE02635DE
env/h20_rescue_logs/probe_v7c_qwen3-vl-32b-gptq_new_visdrone.log,690,66D52C0C40458FAC6F598C6AED1210B7
env/h20_rescue_logs/probe_v7c_qwen3-vl-8b-awq_new_aitod.log,660,5A41669050AD6ADA9BFE57CFCBCBA4D7
env/h20_rescue_logs/probe_v7c_qwen3-vl-8b-awq_new_nz_aitod.log,390,930E077341B7F6413190AB30CF4B22C2
env/h20_rescue_logs/probe_v7c_qwen3-vl-8b-awq_new_nz_visdrone.log,404,12F9A03CB64293565600A5A086DD7283
env/h20_rescue_logs/probe_v7c_qwen3-vl-8b-awq_new_visdrone.log,676,F58E5A52CD89D55916D2D0A79375F0B7
env/h20_rescue_logs/pull_domains.log,1410,4F21AD988300DCE434D8606FBC9647D9
env/h20_rescue_logs/push_final.log,48592,29FE9DF42DAF8ADC691A4CF696982412
env/h20_rescue_logs/repair72b_stdout.log,38,146CEC984395E262DD1A55D531587783
env/h20_rescue_logs/repair_all.log,708,ECF9FC706DB08D5EB4384D431175D456
env/h20_rescue_logs/repair_all2.log,2409,FAA8EE52356AC70390C2D333C856E1D9
env/h20_rescue_logs/repair_all2_stdout.log,1438,D3D4189D96E5036CB613FC62A33F471D
env/h20_rescue_logs/repair_all_stdout.log,692,1D0494F7386A33B420BDBD0BB8AF1EA0
env/h20_rescue_logs/v6_2b.log,495504,4097A937F08DC66631E006C8DE5D6602
env/h20_rescue_logs/v6_30b.log,504467,37351D73E162EE5D2413437471586738
env/h20_rescue_logs/v6_4b.log,496838,6559D76CCFFC54AACB4B4DAC86F5AA11
env/h20_rescue_logs/v6_awq32.log,736939,CE6A8ADBC5C37D9ADF7F5557FB66B739
env/h20_rescue_logs/v6_awq8bit.log,553988,B43C50C52A9A3E1B763D424B14143BB5
env/h20_rescue_logs/v6_bf32.log,737071,207B0E2639CE1D77FFFCC85EF25EAC0D
env/h20_rescue_logs/v6_ivl35.log,679478,9C6131AEF7064231C95A3C0A248D1364
env/h20_rescue_logs/v7c_72b.log,313963,87D16B879B069EF637958DBA10691EFB
env/h20_rescue_logs/v7c_8bawq.log,247239,D8711501903D0F3300C016B03317F605
env/h20_rescue_logs/v7c_awq8.log,80465,691E01AEC2B9BA4A8140C9BC22ADC2B1
env/h20_rescue_logs/v7c_fp8.log,253600,EA30333110263799B79966D936759CA2
env/h20_rescue_logs/v7c_gptq.log,255095,8270F551728FB2F0A29151EF1463E2FF
env/h20_rescue_logs/v7c_ivl.log,250031,DB6EA8DCDDE0A99BBB6A52703AC15AE6
env/h20_rescue_logs/v_72b.log,419683,0EEA75376264C7B948DE16ABDD0113C7
env/h20_rescue_logs/v_awq32.log,589971,39FA96DCE52A22490B2726865EDFC9FE
env/h20_rescue_logs/v_awq8.log,416865,E28A8A42072087162C38FA8819E4B5A7
env/h20_rescue_logs/v_awq8bit.log,47682,6638A480A270230008C6A1F22A700274
env/h20_rescue_logs/v_bf32.log,546492,D1B5FFBB129315C8D1939BBEBDD79A1B
env/h20_rescue_logs/v_bf8.log,247788,1F7639BF07F52E5F225A6E127DBE6352
env/h20_rescue_logs/v_fp8.log,342344,9C9132D99CC6F48CF59E8BAA9BFC3CFB
env/h20_rescue_logs/v_gptq.log,259618,723670136BE1C000BA6DEEC671FE1163
env/h20_rescue_logs/v_ivl.log,353085,638E23DE22F0E825C9B8676F895DCC77
env/h20_rescue_logs/v_q25.log,249058,248CF87CF478B5E0899235A8CE47A236
env/h20_v7c_logs/exp_v6.log,11625,FBF36175ADCDAC4BE49FAE6E6270EAAA
env/h20_v7c_logs/exp_v7c.log,4982,BC2B51A0D96675988295D9180F740E0F
env/h20_v7c_logs/probe_v6_awq8bit_newdom_aitod.log,673,F83CEA2BF4DD0C6D97544E078BE8706E
env/h20_v7c_logs/probe_v6_awq8bit_newdom_countbench.log,680,BAB35B3024C01C2D58958688D2999272
env/h20_v7c_logs/probe_v6_awq8bit_newdom_visdrone.log,692,6C0DB601A190906FB972C95168EFD269
env/h20_v7c_logs/probe_v6_awq8bit_nz_st_a.log,394,E0F9925AAA1AE47B4DCFF09FEF13754C
env/h20_v7c_logs/probe_v6_awq8bit_nz_ucf.log,397,D167CC25E8623ECAE204CF0AEB331823
env/h20_v7c_logs/probe_v6_awq8bit_st_a.log,666,7D27D000B220E93F421B5593B5719DBD
env/h20_v7c_logs/probe_v6_awq8bit_ucf.log,661,671276F12EE2DF5DA12F3275CEF9B49F
env/h20_v7c_logs/probe_v6_internvl35-38b-fp8_newdom_aitod.log,677,1A06D54D98F88DBAE0E1985A3A56A2FB
env/h20_v7c_logs/probe_v6_internvl35-38b-fp8_newdom_countbench.log,686,10442270A96EE81591A5A773EAB679BB
env/h20_v7c_logs/probe_v6_internvl35-38b-fp8_newdom_visdrone.log,696,1BF9687C11B288B34FD2AEDF1013E3B9
env/h20_v7c_logs/probe_v6_internvl35-38b-fp8_nz_st_a.log,397,34A82F72F06457AD9BF926DE18D1D702
env/h20_v7c_logs/probe_v6_internvl35-38b-fp8_nz_ucf.log,400,B0FF05C4DDDD586AF2AF9EBDB39EE757
env/h20_v7c_logs/probe_v6_internvl35-38b-fp8_st_a.log,671,5D9F9BEABB36BE6FA9A4D216AC6A3C27
env/h20_v7c_logs/probe_v6_internvl35-38b-fp8_ucf.log,666,7665812082D916C98DCC9A592AD6A263
env/h20_v7c_logs/probe_v6_qwen3-vl-2b_newdom_aitod.log,636,0259C264C1275ABED30FD38235D8C076
env/h20_v7c_logs/probe_v6_qwen3-vl-2b_newdom_countbench.log,644,BD45D65D2F884169A36CE2AC6BE63EAC
env/h20_v7c_logs/probe_v6_qwen3-vl-2b_newdom_visdrone.log,655,A9181C7A383B96767EE5EE70F576B6CA
env/h20_v7c_logs/probe_v6_qwen3-vl-2b_nz_st_a.log,376,AEA1A742902FAE224AD8AC4CDDC8640A
env/h20_v7c_logs/probe_v6_qwen3-vl-2b_nz_ucf.log,379,E687D526272513806DE6C31C5D0EE049
env/h20_v7c_logs/probe_v6_qwen3-vl-2b_st_a.log,629,2FDD16F6FD2953DFEC47F49E1EB1B0D2
env/h20_v7c_logs/probe_v6_qwen3-vl-2b_ucf.log,623,BD7B8EC8824B9B5E4EE930C7D90C8872
env/h20_v7c_logs/probe_v6_qwen3-vl-30b-a3b-fp8_newdom_aitod.log,688,FFC1DFD177474092AE5584ED22725DF9
env/h20_v7c_logs/probe_v6_qwen3-vl-30b-a3b-fp8_newdom_countbench.log,698,7AE090394769FA09273B3A0113F6745F
env/h20_v7c_logs/probe_v6_qwen3-vl-30b-a3b-fp8_newdom_visdrone.log,706,6E8A8F937980FF158AADE23F8218B78F
env/h20_v7c_logs/probe_v6_qwen3-vl-30b-a3b-fp8_nz_st_a.log,403,B246237AC4A79ED045A67AC505D76CB9
env/h20_v7c_logs/probe_v6_qwen3-vl-30b-a3b-fp8_nz_ucf.log,406,3419C961752215D8670247990B4C9C1F
env/h20_v7c_logs/probe_v6_qwen3-vl-30b-a3b-fp8_st_a.log,683,2D1392914F57E2A93C578276BE78F322
env/h20_v7c_logs/probe_v6_qwen3-vl-30b-a3b-fp8_ucf.log,677,7BA0DBF4CBF187C1A1420E7235ABCBB5
env/h20_v7c_logs/probe_v6_qwen3-vl-4b_newdom_aitod.log,637,17AA514FB7E97AA1F9B01AE8ADEA4831
env/h20_v7c_logs/probe_v6_qwen3-vl-4b_newdom_countbench.log,644,D272D08A82BB6D441A43BCAD0C2E3514
env/h20_v7c_logs/probe_v6_qwen3-vl-4b_newdom_visdrone.log,655,4950EAEF04DEADE2B34DACFFB71F7283
env/h20_v7c_logs/probe_v6_qwen3-vl-4b_nz_st_a.log,376,050E5FE50CA53C09B60BD6E405C87B5A
env/h20_v7c_logs/probe_v6_qwen3-vl-4b_nz_ucf.log,379,2A5FC9FF08C3E092F5C47441D1D08F8E
env/h20_v7c_logs/probe_v6_qwen3-vl-4b_st_a.log,630,24F71CC7F534787E9D2B06F1DE424F48
env/h20_v7c_logs/probe_v6_qwen3-vl-4b_ucf.log,624,EA33F590D5F5DF8AF8E7589D48EF5174
env/h20_v7c_logs/probe_v6a_awq32_dense_st_a.log,560,C302906FF8BE308CECA21725CFE5C8B3
env/h20_v7c_logs/probe_v6a_awq32_dense_ucf.log,559,4F78A3FCBE338CD3BF0F4000F817350B
env/h20_v7c_logs/probe_v6a_awq32_newdom_aitod.log,972,363F1DB5CCB79953E5AB41B3B6E512B1
env/h20_v7c_logs/probe_v6a_awq32_newdom_countbench.log,983,D15120646C0AD2403339C3BD45152DA4
env/h20_v7c_logs/probe_v6a_awq32_newdom_nz_aitod.log,393,D0438B2A52D64097FF68D889400A1F05
env/h20_v7c_logs/probe_v6a_awq32_newdom_nz_countbench.log,416,005EC4A6D25827A9540D110FFE45816D
env/h20_v7c_logs/probe_v6a_awq32_newdom_nz_visdrone.log,407,C9FF14A0E91185A9C92A19AFD4769554
env/h20_v7c_logs/probe_v6a_awq32_newdom_visdrone.log,1000,506B388D7132FE786733C4C8B0B81554
env/h20_v7c_logs/probe_v6b_bf32_dense_st_a.log,564,D04044568079A8AB316D1F5AE57D7C38
env/h20_v7c_logs/probe_v6b_bf32_dense_ucf.log,562,C17E521944382EDC95FBB6C35D12F747
env/h20_v7c_logs/probe_v6b_bf32_newdom_aitod.log,981,6658F19540644FAB1041F75646C4C976
env/h20_v7c_logs/probe_v6b_bf32_newdom_countbench.log,992,D3F11537C39D704975BDF9D3FE8EDB05
env/h20_v7c_logs/probe_v6b_bf32_newdom_nz_aitod.log,396,51A2E9562A71212D5A46F1EACB3A6381
env/h20_v7c_logs/probe_v6b_bf32_newdom_nz_countbench.log,419,6802341384A45FFD95DEE997A687CCE4
env/h20_v7c_logs/probe_v6b_bf32_newdom_nz_visdrone.log,410,3B0F4A7B44B2723059509DB585DCAEAE
env/h20_v7c_logs/probe_v6b_bf32_newdom_visdrone.log,1008,3BA4497E0AAADF0D4580D5BA61CE13C9
env/h20_v7c_logs/probe_v7c_internvl25-8b-awq_new_aitod.log,672,FB07425A770E0DC4CA5CEE32ECF5507C
env/h20_v7c_logs/probe_v7c_internvl25-8b-awq_new_nz_aitod.log,396,18B8F0C10C7A187354113D853AAEF8B9
env/h20_v7c_logs/probe_v7c_internvl25-8b-awq_new_nz_visdrone.log,410,1DA059BB2B454A01110ED7C10E083DEB
env/h20_v7c_logs/probe_v7c_internvl25-8b-awq_new_visdrone.log,687,BB380F599C76B5AA7DB842E5835B5F00
env/h20_v7c_logs/probe_v7c_qwen25vl-72b-awq_new_aitod.log,663,14A316972E5296CDE1BFC9C5E0A1AECF
env/h20_v7c_logs/probe_v7c_qwen25vl-72b-awq_new_nz_aitod.log,393,25B4A1BEDBADC69913022D5D753F68CA
env/h20_v7c_logs/probe_v7c_qwen25vl-72b-awq_new_nz_visdrone.log,407,64C36968497C549B02EB4A65AE1F60AE
env/h20_v7c_logs/probe_v7c_qwen25vl-72b-awq_new_visdrone.log,682,F16FD81A88D3AF772585D9A54817ABC9
env/h20_v7c_logs/probe_v7c_qwen3-vl-32b-awq8_new_aitod.log,257,85E95E429E0134D8D285371C00E6FDFF
env/h20_v7c_logs/probe_v7c_qwen3-vl-32b-awq8_new_nz_aitod.log,396,E9D7D663406BB4C29270A7A4E2A3FAF1
env/h20_v7c_logs/probe_v7c_qwen3-vl-32b-awq8_new_nz_visdrone.log,410,D2FD7E0DEE716D6126C234FD8686DA1B
env/h20_v7c_logs/probe_v7c_qwen3-vl-32b-awq8_new_visdrone.log,256,27E1A9D7A9E2C17615492C521551BA0B
env/h20_v7c_logs/probe_v7c_qwen3-vl-32b-fp8_new_aitod.log,666,36FA300007D64D31B16B418FDB4AC5EE
env/h20_v7c_logs/probe_v7c_qwen3-vl-32b-fp8_new_nz_aitod.log,393,4D2EF4A150EC2F3F406BFFE3B7EC43C7
env/h20_v7c_logs/probe_v7c_qwen3-vl-32b-fp8_new_nz_visdrone.log,407,0FF14EDD1530B4FF74867D45E3A7144C
env/h20_v7c_logs/probe_v7c_qwen3-vl-32b-fp8_new_visdrone.log,684,329325BEF74D74C808D41CCB918F4E9F
env/h20_v7c_logs/probe_v7c_qwen3-vl-32b-gptq_new_aitod.log,671,78E3B5B76F6917B9B9DE766BFFF2DDB0
env/h20_v7c_logs/probe_v7c_qwen3-vl-32b-gptq_new_nz_aitod.log,396,412F55603882C4AB25D91DD0E0B6EA49
env/h20_v7c_logs/probe_v7c_qwen3-vl-32b-gptq_new_nz_visdrone.log,410,9F1FC60BAC2E66A3ACA2BA6DE02635DE
env/h20_v7c_logs/probe_v7c_qwen3-vl-32b-gptq_new_visdrone.log,690,66D52C0C40458FAC6F598C6AED1210B7
env/h20_v7c_logs/probe_v7c_qwen3-vl-8b-awq_new_aitod.log,660,5A41669050AD6ADA9BFE57CFCBCBA4D7
env/h20_v7c_logs/probe_v7c_qwen3-vl-8b-awq_new_nz_aitod.log,390,930E077341B7F6413190AB30CF4B22C2
env/h20_v7c_logs/probe_v7c_qwen3-vl-8b-awq_new_nz_visdrone.log,404,12F9A03CB64293565600A5A086DD7283
env/h20_v7c_logs/probe_v7c_qwen3-vl-8b-awq_new_visdrone.log,676,F58E5A52CD89D55916D2D0A79375F0B7
env/h20_v7c_logs/push_final.log,48592,29FE9DF42DAF8ADC691A4CF696982412
env/rescue_h20_20260922.tar.gz,1483758,0FADFE9E4FE0528DBCC2CA71DEF3D78D
env/vllm_qwen3-vl-32b-awq.log,216884,2981C21C5EA1E59731AAEFD1B445EF37
figures/F10_prompt_family.png,139517,26D58BBFD250DF9A14CDD3AF10B11202
figures/F11_abstention_vs_undercount.png,347739,303444E6D6D8A6C610AADE76E288F83E
figures/F12_prompt_dose.png,436079,C58A5FCA2FC757144999CA4E528BACCC
figures/F13_saturation_curves.png,336493,EC947D82989CC36EDFCA696EC4051DFA
figures/F13_saturation_curves_v2.png,377091,75A2546A9E183FDFE054579C31715C23
figures/F14_contract_prediction_distribution.png,148391,A3DE2342B93BD6AFE51886BC80F1BEA0
figures/F15_threeway_knob_curves.png,390907,01ED254D4AEBC2BDC68C2D675DE7B34B
figures/F16_scale_invariance_8B_vs_32B.png,260413,44CD8C1ECEAEE086835941C0659515C4
figures/F17_span_forest.png,223048,7A830F2ED2786B1BB6EB936E073D985C
figures/F6_paradigm_boundary.png,71561,EA32A22AFC306C235B22807F52BE9772
figures/F6b_abstention_vs_tile.png,145033,369858B30F3A98085CCD9A6DAADC99BA
figures/F8_tau_cleaning.png,37714,D189AAA2E61134DC4130B08055612447
figures/F9_abstention_vs_resolution.png,97011,FD1D50213D80B1C149299244F64E4B46
figures/F9_density_positions.png,41852,0EF9F2287AA31036303FD2B98904B4CF
manuscript/E1_evidence_record.md,8932,380F3C55B77CBA84B93C519B2ABE0C26
manuscript/E2_evidence_record.md,37204,2D27C099EA0CD30BED981FB9823622CD
manuscript/E3_evidence_record.md,26106,5AB7F364DEEB8A8C7D3D7257D059F77C
manuscript/PaperB_Highlights.docx,36888,98A398EE2C0BD423799328E2BE794227
manuscript/PaperB_cover_letter.md,6663,7A2C50564C45E1377E6866F7B94C6D05
manuscript/PaperB_manuscript_EN.md,80648,575A270341670EBE577B295B468EFAF0
manuscript/PaperB_manuscript_PR_layout.docx,979873,3FE6FE413039F6C710ED297C06AB36AA
manuscript/PaperB_supplementary_EN.md,390435,3947086E0EABC9E08E261A64D8D32B1A
manuscript/pagination_measurement.json,866,6B12FFA49319EF15613C65591345217D
manuscript/pagination_measurement_rtf_proxy.json,1409,DC1DB023B8575A68D3805307C7FE6CC2
manuscript/review_control_evidence.md,7282,C648AA81B75985825523170E44B8945F
