item,level,gt,pred,ntiles,parse_ok,zero,refuse,raw
img_0003,L7_不确定就0,350,0,9,1,1,0,"{""count"": 0} | {""count"": 0} | {""count"": 0} | {""count"": 0} | {""count"": 0} | {""cou"
img_0006,L7_不确定就0,436,0,9,1,1,0,"{""count"": 0} | {""count"": 0} | {""count"": 0} | {""count"": 0} | {""count"": 0} | {""cou"
img_0007,L7_不确定就0,77,6,9,1,0,0,"{""count"": 0} | {""count"": 0} | {""count"": 1} | {""count"": 0} | {""count"": 0} | {""cou"
img_0006,L4_中性,436,178,9,1,0,0,"{""count"": 0} | {""count"": 0} | {""count"": 40} | {""count"": 0} | {""count"": 0} | {""co"
img_0007,L1_随便给,77,127,9,1,0,0,"{""count"": 30} | {""count"": 10} | {""count"": 3} | {""count"": 50} | {""count"": 10} | {"
img_0007,L3_可近似,77,127,9,1,0,0,"{""count"": 30} | {""count"": 10} | {""count"": 3} | {""count"": 50} | {""count"": 10} | {"
img_0007,L4_中性,77,99,9,1,0,0,"{""count"": 25} | {""count"": 10} | {""count"": 3} | {""count"": 30} | {""count"": 10} | {"
img_0006,L1_随便给,436,1275,9,1,0,0,"{""count"": 0} | {""count"": 500} | {""count"": 50} | {""count"": 0} | {""count"": 500} | "
img_0001,L7_不确定就0,977,0,9,1,1,0,"{""count"": 0} | {""count"": 0} | {""count"": 0} | {""count"": 0} | {""count"": 0} | {""cou"
img_0006,L3_可近似,436,1275,9,1,0,0,"{""count"": 0} | {""count"": 500} | {""count"": 50} | {""count"": 0} | {""count"": 500} | "
img_0005,L7_不确定就0,103,0,9,1,1,0,"{""count"": 0} | {""count"": 0} | {""count"": 0} | {""count"": 0} | {""count"": 0} | {""cou"
img_0002,L7_不确定就0,923,0,9,1,1,0,"{""count"": 0} | {""count"": 0} | {""count"": 0} | {""count"": 0} | {""count"": 0} | {""cou"
img_0003,L4_中性,350,433,9,1,0,0,"{""count"": 100} | {""count"": 100} | {""count"": 8} | {""count"": 100} | {""count"": 50} "
img_0002,L4_中性,923,90,9,1,0,0,"{""count"": 0} | {""count"": 0} | {""count"": 50} | {""count"": 0} | {""count"": 0} | {""co"
img_0008,L7_不确定就0,92,7,9,1,0,0,"{""count"": 0} | {""count"": 0} | {""count"": 2} | {""count"": 2} | {""count"": 0} | {""cou"
img_0008,L3_可近似,92,110,9,1,0,0,"{""count"": 0} | {""count"": 30} | {""count"": 10} | {""count"": 2} | {""count"": 30} | {"""
img_0008,L1_随便给,92,115,9,1,0,0,"{""count"": 0} | {""count"": 30} | {""count"": 10} | {""count"": 2} | {""count"": 30} | {"""
img_0008,L4_中性,92,101,9,1,0,0,"{""count"": 0} | {""count"": 25} | {""count"": 9} | {""count"": 2} | {""count"": 28} | {""c"
img_0003,L3_可近似,350,858,9,1,0,0,"{""count"": 200} | {""count"": 200} | {""count"": 8} | {""count"": 200} | {""count"": 150}"
img_0003,L1_随便给,350,908,9,1,0,0,"{""count"": 200} | {""count"": 200} | {""count"": 8} | {""count"": 200} | {""count"": 200}"
img_0005,L4_中性,103,88,9,1,0,0,"{""count"": 0} | {""count"": 0} | {""count"": 30} | {""count"": 0} | {""count"": 0} | {""co"
img_0005,L3_可近似,103,115,9,1,0,0,"{""count"": 0} | {""count"": 0} | {""count"": 50} | {""count"": 0} | {""count"": 0} | {""co"
img_0005,L1_随便给,103,120,9,1,0,0,"{""count"": 0} | {""count"": 0} | {""count"": 50} | {""count"": 0} | {""count"": 0} | {""co"
img_0004,L7_不确定就0,183,1,9,1,0,0,"{""count"": 0} | {""count"": 0} | {""count"": 0} | {""count"": 0} | {""count"": 0} | {""cou"
img_0002,L3_可近似,923,2245,9,1,0,0,"{""count"": 0} | {""count"": 500} | {""count"": 200} | {""count"": 0} | {""count"": 500} |"
img_0002,L1_随便给,923,8245,9,1,0,0,"{""count"": 0} | {""count"": 1000} | {""count"": 200} | {""count"": 0} | {""count"": 5000}"
img_0004,L1_随便给,183,311,9,1,0,0,"{""count"": 0} | {""count"": 100} | {""count"": 50} | {""count"": 0} | {""count"": 50} | {"
img_0004,L3_可近似,183,291,9,1,0,0,"{""count"": 0} | {""count"": 100} | {""count"": 30} | {""count"": 0} | {""count"": 50} | {"
img_0004,L4_中性,183,201,9,1,0,0,"{""count"": 0} | {""count"": 50} | {""count"": 25} | {""count"": 0} | {""count"": 45} | {"""
img_0001,L4_中性,977,908,9,1,0,0,"{""count"": 100} | {""count"": 100} | {""count"": 100} | {""count"": 100} | {""count"": 10"
img_0001,L1_随便给,977,2750,9,1,0,0,"{""count"": 200} | {""count"": 500} | {""count"": 200} | {""count"": 250} | {""count"": 50"
img_0001,L3_可近似,977,2800,9,1,0,0,"{""count"": 250} | {""count"": 500} | {""count"": 250} | {""count"": 250} | {""count"": 50"
img_0010,L7_不确定就0,566,0,9,1,1,0,"{""count"": 0} | {""count"": 0} | {""count"": 0} | {""count"": 0} | {""count"": 0} | {""cou"
img_0011,L7_不确定就0,540,0,9,1,1,0,"{""count"": 0} | {""count"": 0} | {""count"": 0} | {""count"": 0} | {""count"": 0} | {""cou"
img_0009,L7_不确定就0,237,4,9,1,0,0,"{""count"": 2} | {""count"": 0} | {""count"": 0} | {""count"": 2} | {""count"": 0} | {""cou"
img_0012,L7_不确定就0,434,0,9,1,1,0,"{""count"": 0} | {""count"": 0} | {""count"": 0} | {""count"": 0} | {""count"": 0} | {""cou"
img_0009,L3_可近似,237,541,9,1,0,0,"{""count"": 2} | {""count"": 50} | {""count"": 10} | {""count"": 2} | {""count"": 300} | {"
img_0009,L1_随便给,237,544,9,1,0,0,"{""count"": 2} | {""count"": 50} | {""count"": 10} | {""count"": 2} | {""count"": 300} | {"
img_0013,L7_不确定就0,1528,0,9,1,1,0,"{""count"": 0} | {""count"": 0} | {""count"": 0} | {""count"": 0} | {""count"": 0} | {""cou"
img_0011,L4_中性,540,385,9,1,0,0,"{""count"": 0} | {""count"": 100} | {""count"": 30} | {""count"": 0} | {""count"": 100} | "
img_0010,L1_随便给,566,1830,9,1,0,0,"{""count"": 500} | {""count"": 100} | {""count"": 30} | {""count"": 500} | {""count"": 100"
img_0010,L3_可近似,566,1825,9,1,0,0,"{""count"": 500} | {""count"": 100} | {""count"": 25} | {""count"": 500} | {""count"": 100"
img_0010,L4_中性,566,307,9,1,0,0,"{""count"": 0} | {""count"": 50} | {""count"": 25} | {""count"": 0} | {""count"": 50} | {"""
img_0009,L4_中性,237,221,9,1,0,0,"{""count"": 2} | {""count"": 30} | {""count"": 10} | {""count"": 2} | {""count"": 100} | {"
img_0013,L4_中性,1528,230,9,1,0,0,"{""count"": 0} | {""count"": 0} | {""count"": 40} | {""count"": 0} | {""count"": 0} | {""co"
img_0012,L1_随便给,434,2230,9,1,0,0,"{""count"": 500} | {""count"": 200} | {""count"": 30} | {""count"": 500} | {""count"": 200"
img_0011,L3_可近似,540,3610,9,1,0,0,"{""count"": 500} | {""count"": 500} | {""count"": 35} | {""count"": 1000} | {""count"": 50"
img_0011,L1_随便给,540,12115,9,1,0,0,"{""count"": 5000} | {""count"": 500} | {""count"": 35} | {""count"": 5000} | {""count"": 5"
img_0012,L4_中性,434,420,9,1,0,0,"{""count"": 0} | {""count"": 50} | {""count"": 20} | {""count"": 100} | {""count"": 50} | "
img_0014,L7_不确定就0,225,5,9,1,0,0,"{""count"": 0} | {""count"": 0} | {""count"": 0} | {""count"": 0} | {""count"": 0} | {""cou"
img_0014,L3_可近似,225,476,9,1,0,0,"{""count"": 150} | {""count"": 20} | {""count"": 6} | {""count"": 200} | {""count"": 25} |"
img_0014,L4_中性,225,308,9,1,0,0,"{""count"": 100} | {""count"": 17} | {""count"": 6} | {""count"": 100} | {""count"": 20} |"
img_0014,L1_随便给,225,541,9,1,0,0,"{""count"": 200} | {""count"": 20} | {""count"": 6} | {""count"": 200} | {""count"": 25} |"
img_0015,L7_不确定就0,413,13,9,1,0,0,"{""count"": 0} | {""count"": 0} | {""count"": 8} | {""count"": 0} | {""count"": 0} | {""cou"
img_0012,L3_可近似,434,1880,9,1,0,0,"{""count"": 500} | {""count"": 200} | {""count"": 30} | {""count"": 500} | {""count"": 150"
img_0013,L1_随便给,1528,12150,9,1,0,0,"{""count"": 5000} | {""count"": 500} | {""count"": 50} | {""count"": 5000} | {""count"": 5"
img_0013,L3_可近似,1528,7150,9,1,0,0,"{""count"": 2000} | {""count"": 500} | {""count"": 50} | {""count"": 2000} | {""count"": 5"
img_0016,L7_不确定就0,853,0,9,1,1,0,"{""count"": 0} | {""count"": 0} | {""count"": 0} | {""count"": 0} | {""count"": 0} | {""cou"
img_0015,L3_可近似,413,996,9,1,0,0,"{""count"": 150} | {""count"": 150} | {""count"": 9} | {""count"": 80} | {""count"": 250} "
img_0016,L4_中性,853,89,9,1,0,0,"{""count"": 1} | {""count"": 0} | {""count"": 30} | {""count"": 0} | {""count"": 0} | {""co"
img_0016,L1_随便给,853,2611,9,1,0,0,"{""count"": 1} | {""count"": 500} | {""count"": 50} | {""count"": 0} | {""count"": 1000} |"
img_0016,L3_可近似,853,2101,9,1,0,0,"{""count"": 1} | {""count"": 500} | {""count"": 40} | {""count"": 0} | {""count"": 500} | "
img_0015,L1_随便给,413,1036,9,1,0,0,"{""count"": 150} | {""count"": 200} | {""count"": 10} | {""count"": 100} | {""count"": 250"
img_0015,L4_中性,413,553,9,1,0,0,"{""count"": 100} | {""count"": 100} | {""count"": 10} | {""count"": 58} | {""count"": 100}"
img_0017,L7_不确定就0,191,0,9,1,1,0,"{""count"": 0} | {""count"": 0} | {""count"": 0} | {""count"": 0} | {""count"": 0} | {""cou"
img_0017,L4_中性,191,244,9,1,0,0,"{""count"": 25} | {""count"": 30} | {""count"": 22} | {""count"": 30} | {""count"": 30} | "
img_0017,L3_可近似,191,260,9,1,0,0,"{""count"": 25} | {""count"": 30} | {""count"": 25} | {""count"": 30} | {""count"": 35} | "
img_0017,L1_随便给,191,280,9,1,0,0,"{""count"": 25} | {""count"": 30} | {""count"": 25} | {""count"": 30} | {""count"": 45} | "
img_0018,L1_随便给,141,361,9,1,0,0,"{""count"": 2} | {""count"": 8} | {""count"": 50} | {""count"": 1} | {""count"": 50} | {""c"
img_0018,L7_不确定就0,141,5,9,1,0,0,"{""count"": 2} | {""count"": 3} | {""count"": 0} | {""count"": 0} | {""count"": 0} | {""cou"
img_0018,L4_中性,141,177,9,1,0,0,"{""count"": 2} | {""count"": 9} | {""count"": 25} | {""count"": 1} | {""count"": 30} | {""c"
img_0018,L3_可近似,141,341,9,1,0,0,"{""count"": 2} | {""count"": 8} | {""count"": 30} | {""count"": 1} | {""count"": 50} | {""c"
img_0019,L7_不确定就0,137,1,9,1,0,0,"{""count"": 1} | {""count"": 0} | {""count"": 0} | {""count"": 0} | {""count"": 0} | {""cou"
img_0019,L3_可近似,137,221,9,1,0,0,"{""count"": 1} | {""count"": 30} | {""count"": 30} | {""count"": 0} | {""count"": 50} | {"""
img_0019,L4_中性,137,151,9,1,0,0,"{""count"": 1} | {""count"": 25} | {""count"": 20} | {""count"": 0} | {""count"": 25} | {"""
img_0019,L1_随便给,137,361,9,1,0,0,"{""count"": 1} | {""count"": 50} | {""count"": 50} | {""count"": 0} | {""count"": 100} | {"
img_0020,L7_不确定就0,133,0,9,1,1,0,"{""count"": 0} | {""count"": 0} | {""count"": 0} | {""count"": 0} | {""count"": 0} | {""cou"
img_0020,L3_可近似,133,227,9,1,0,0,"{""count"": 25} | {""count"": 45} | {""count"": 12} | {""count"": 15} | {""count"": 50} | "
img_0021,L4_中性,127,156,9,1,0,0,"{""count"": 18} | {""count"": 19} | {""count"": 7} | {""count"": 25} | {""count"": 22} | {"
img_0021,L7_不确定就0,127,0,9,1,1,0,"{""count"": 0} | {""count"": 0} | {""count"": 0} | {""count"": 0} | {""count"": 0} | {""cou"
img_0020,L1_随便给,133,242,9,1,0,0,"{""count"": 30} | {""count"": 50} | {""count"": 12} | {""count"": 20} | {""count"": 50} | "
img_0020,L4_中性,133,161,9,1,0,0,"{""count"": 18} | {""count"": 30} | {""count"": 11} | {""count"": 14} | {""count"": 35} | "
img_0022,L7_不确定就0,479,0,9,1,1,0,"{""count"": 0} | {""count"": 0} | {""count"": 0} | {""count"": 0} | {""count"": 0} | {""cou"
img_0021,L3_可近似,127,216,9,1,0,0,"{""count"": 20} | {""count"": 20} | {""count"": 7} | {""count"": 50} | {""count"": 25} | {"
img_0021,L1_随便给,127,221,9,1,0,0,"{""count"": 25} | {""count"": 20} | {""count"": 7} | {""count"": 50} | {""count"": 25} | {"
img_0022,L4_中性,479,251,9,1,0,0,"{""count"": 0} | {""count"": 0} | {""count"": 50} | {""count"": 0} | {""count"": 0} | {""co"
img_0022,L3_可近似,479,1751,9,1,0,0,"{""count"": 0} | {""count"": 200} | {""count"": 150} | {""count"": 0} | {""count"": 500} |"
img_0022,L1_随便给,479,2006,9,1,0,0,"{""count"": 0} | {""count"": 500} | {""count"": 100} | {""count"": 5} | {""count"": 500} |"
img_0023,L7_不确定就0,274,5,9,1,0,0,"{""count"": 0} | {""count"": 0} | {""count"": 0} | {""count"": 0} | {""count"": 3} | {""cou"
img_0023,L4_中性,274,255,9,1,0,0,"{""count"": 0} | {""count"": 0} | {""count"": 100} | {""count"": 0} | {""count"": 3} | {""c"
img_0023,L1_随便给,274,805,9,1,0,0,"{""count"": 0} | {""count"": 0} | {""count"": 300} | {""count"": 0} | {""count"": 3} | {""c"
img_0023,L3_可近似,274,605,9,1,0,0,"{""count"": 0} | {""count"": 0} | {""count"": 200} | {""count"": 0} | {""count"": 3} | {""c"
img_0024,L7_不确定就0,385,0,9,1,1,0,"{""count"": 0} | {""count"": 0} | {""count"": 0} | {""count"": 0} | {""count"": 0} | {""cou"
img_0024,L4_中性,385,308,9,1,0,0,"{""count"": 30} | {""count"": 75} | {""count"": 17} | {""count"": 0} | {""count"": 100} | "
img_0024,L3_可近似,385,1773,9,1,0,0,"{""count"": 50} | {""count"": 100} | {""count"": 15} | {""count"": 1000} | {""count"": 500"
img_0024,L1_随便给,385,1795,9,1,0,0,"{""count"": 50} | {""count"": 100} | {""count"": 15} | {""count"": 1000} | {""count"": 500"
img_0026,L7_不确定就0,113,0,9,1,1,0,"{""count"": 0} | {""count"": 0} | {""count"": 0} | {""count"": 0} | {""count"": 0} | {""cou"
img_0026,L4_中性,113,110,9,1,0,0,"{""count"": 0} | {""count"": 25} | {""count"": 9} | {""count"": 0} | {""count"": 28} | {""c"
img_0026,L3_可近似,113,137,9,1,0,0,"{""count"": 0} | {""count"": 30} | {""count"": 9} | {""count"": 0} | {""count"": 50} | {""c"
img_0026,L1_随便给,113,160,9,1,0,0,"{""count"": 0} | {""count"": 30} | {""count"": 10} | {""count"": 0} | {""count"": 50} | {"""
img_0025,L7_不确定就0,319,16,9,1,0,0,"{""count"": 0} | {""count"": 0} | {""count"": 0} | {""count"": 0} | {""count"": 0} | {""cou"
img_0027,L7_不确定就0,181,7,9,1,0,0,"{""count"": 0} | {""count"": 0} | {""count"": 0} | {""count"": 0} | {""count"": 0} | {""cou"
img_0025,L1_随便给,319,782,9,1,0,0,"{""count"": 0} | {""count"": 500} | {""count"": 10} | {""count"": 0} | {""count"": 200} | "
img_0025,L4_中性,319,211,9,1,0,0,"{""count"": 0} | {""count"": 100} | {""count"": 10} | {""count"": 0} | {""count"": 50} | {"
img_0025,L3_可近似,319,780,9,1,0,0,"{""count"": 0} | {""count"": 500} | {""count"": 10} | {""count"": 0} | {""count"": 200} | "
img_0027,L1_随便给,181,329,9,1,0,0,"{""count"": 0} | {""count"": 30} | {""count"": 30} | {""count"": 0} | {""count"": 150} | {"
img_0027,L3_可近似,181,308,9,1,0,0,"{""count"": 0} | {""count"": 30} | {""count"": 30} | {""count"": 1} | {""count"": 150} | {"
img_0027,L4_中性,181,231,9,1,0,0,"{""count"": 0} | {""count"": 25} | {""count"": 25} | {""count"": 0} | {""count"": 100} | {"
img_0028,L7_不确定就0,405,0,9,1,1,0,"{""count"": 0} | {""count"": 0} | {""count"": 0} | {""count"": 0} | {""count"": 0} | {""cou"
img_0030,L7_不确定就0,367,20,9,1,0,0,"{""count"": 0} | {""count"": 0} | {""count"": 3} | {""count"": 0} | {""count"": 10} | {""co"
img_0028,L4_中性,405,165,9,1,0,0,"{""count"": 0} | {""count"": 100} | {""count"": 25} | {""count"": 0} | {""count"": 0} | {"""
img_0028,L1_随便给,405,1630,9,1,0,0,"{""count"": 0} | {""count"": 500} | {""count"": 30} | {""count"": 0} | {""count"": 500} | "
img_0030,L1_随便给,367,610,9,1,0,0,"{""count"": 200} | {""count"": 15} | {""count"": 5} | {""count"": 150} | {""count"": 15} |"
img_0030,L3_可近似,367,557,9,1,0,0,"{""count"": 150} | {""count"": 13} | {""count"": 5} | {""count"": 150} | {""count"": 15} |"
img_0028,L3_可近似,405,1385,9,1,0,0,"{""count"": 0} | {""count"": 300} | {""count"": 25} | {""count"": 0} | {""count"": 500} | "
img_0030,L4_中性,367,356,9,1,0,0,"{""count"": 100} | {""count"": 13} | {""count"": 5} | {""count"": 100} | {""count"": 14} |"
img_0031,L7_不确定就0,394,0,9,1,1,0,"{""count"": 0} | {""count"": 0} | {""count"": 0} | {""count"": 0} | {""count"": 0} | {""cou"
img_0031,L4_中性,394,170,9,1,0,0,"{""count"": 0} | {""count"": 100} | {""count"": 20} | {""count"": 0} | {""count"": 0} | {"""
img_0029,L1_随便给,450,1218,9,1,0,0,"{""count"": 15} | {""count"": 150} | {""count"": 25} | {""count"": 200} | {""count"": 500}"
img_0031,L3_可近似,394,1280,9,1,0,0,"{""count"": 0} | {""count"": 200} | {""count"": 25} | {""count"": 0} | {""count"": 500} | "
img_0029,L4_中性,450,510,9,1,0,0,"{""count"": 15} | {""count"": 100} | {""count"": 20} | {""count"": 100} | {""count"": 100}"
img_0029,L7_不确定就0,450,39,9,1,0,0,"{""count"": 0} | {""count"": 0} | {""count"": 18} | {""count"": 0} | {""count"": 0} | {""co"
img_0029,L3_可近似,450,1160,9,1,0,0,"{""count"": 15} | {""count"": 150} | {""count"": 20} | {""count"": 200} | {""count"": 500}"
img_0031,L1_随便给,394,1590,9,1,0,0,"{""count"": 0} | {""count"": 500} | {""count"": 30} | {""count"": 0} | {""count"": 500} | "
img_0032,L7_不确定就0,674,9,9,1,0,0,"{""count"": 0} | {""count"": 0} | {""count"": 0} | {""count"": 0} | {""count"": 0} | {""cou"
img_0032,L4_中性,674,141,9,1,0,0,"{""count"": 0} | {""count"": 0} | {""count"": 30} | {""count"": 0} | {""count"": 10} | {""c"
img_0032,L1_随便给,674,2696,9,1,0,0,"{""count"": 1} | {""count"": 2000} | {""count"": 50} | {""count"": 0} | {""count"": 500} |"
img_0032,L3_可近似,674,2676,9,1,0,0,"{""count"": 1} | {""count"": 2000} | {""count"": 40} | {""count"": 0} | {""count"": 500} |"
img_0037,L4_中性,2530,150,9,1,0,0,"{""count"": 0} | {""count"": 0} | {""count"": 50} | {""count"": 0} | {""count"": 0} | {""co"
img_0033,L7_不确定就0,129,17,9,1,0,0,"{""count"": 0} | {""count"": 7} | {""count"": 5} | {""count"": 0} | {""count"": 0} | {""cou"
img_0033,L4_中性,129,127,9,1,0,0,"{""count"": 1} | {""count"": 9} | {""count"": 6} | {""count"": 15} | {""count"": 28} | {""c"
img_0033,L1_随便给,129,156,9,1,0,0,"{""count"": 1} | {""count"": 9} | {""count"": 7} | {""count"": 20} | {""count"": 30} | {""c"
img_0033,L3_可近似,129,150,9,1,0,0,"{""count"": 1} | {""count"": 9} | {""count"": 6} | {""count"": 15} | {""count"": 30} | {""c"
img_0034,L7_不确定就0,221,0,9,1,1,0,"{""count"": 0} | {""count"": 0} | {""count"": 0} | {""count"": 0} | {""count"": 0} | {""cou"
img_0035,L7_不确定就0,1018,0,9,1,1,0,"{""count"": 0} | {""count"": 0} | {""count"": 0} | {""count"": 0} | {""count"": 0} | {""cou"
img_0037,L7_不确定就0,2530,0,9,1,1,0,"{""count"": 0} | {""count"": 0} | {""count"": 0} | {""count"": 0} | {""count"": 0} | {""cou"
img_0035,L4_中性,1018,85,9,1,0,0,"{""count"": 0} | {""count"": 0} | {""count"": 25} | {""count"": 0} | {""count"": 0} | {""co"
img_0034,L4_中性,221,235,9,1,0,0,"{""count"": 25} | {""count"": 15} | {""count"": 2} | {""count"": 100} | {""count"": 25} | "
img_0034,L1_随便给,221,879,9,1,0,0,"{""count"": 100} | {""count"": 20} | {""count"": 2} | {""count"": 500} | {""count"": 50} |"
img_0034,L3_可近似,221,754,9,1,0,0,"{""count"": 50} | {""count"": 15} | {""count"": 2} | {""count"": 500} | {""count"": 30} | "
img_0036,L7_不确定就0,302,8,9,1,0,0,"{""count"": 0} | {""count"": 0} | {""count"": 5} | {""count"": 0} | {""count"": 0} | {""cou"
img_0036,L4_中性,302,227,9,1,0,0,"{""count"": 0} | {""count"": 28} | {""count"": 7} | {""count"": 0} | {""count"": 30} | {""c"
img_0038,L7_不确定就0,297,8,9,1,0,0,"{""count"": 0} | {""count"": 0} | {""count"": 0} | {""count"": 0} | {""count"": 0} | {""cou"
img_0035,L1_随便给,1018,5100,9,1,0,0,"{""count"": 0} | {""count"": 2000} | {""count"": 30} | {""count"": 0} | {""count"": 1500} "
img_0035,L3_可近似,1018,3595,9,1,0,0,"{""count"": 0} | {""count"": 1500} | {""count"": 30} | {""count"": 0} | {""count"": 1000} "
img_0036,L1_随便给,302,1519,9,1,0,0,"{""count"": 50} | {""count"": 50} | {""count"": 7} | {""count"": 500} | {""count"": 200} |"
img_0036,L3_可近似,302,839,9,1,0,0,"{""count"": 20} | {""count"": 50} | {""count"": 7} | {""count"": 200} | {""count"": 200} |"
img_0039,L4_中性,88,130,9,1,0,0,"{""count"": 24} | {""count"": 10} | {""count"": 3} | {""count"": 28} | {""count"": 13} | {"
img_0039,L7_不确定就0,88,30,9,1,0,0,"{""count"": 0} | {""count"": 0} | {""count"": 2} | {""count"": 0} | {""count"": 10} | {""co"
img_0039,L3_可近似,88,134,9,1,0,0,"{""count"": 25} | {""count"": 11} | {""count"": 3} | {""count"": 30} | {""count"": 12} | {"
img_0039,L1_随便给,88,132,9,1,0,0,"{""count"": 25} | {""count"": 12} | {""count"": 3} | {""count"": 30} | {""count"": 12} | {"
img_0037,L1_随便给,2530,10800,9,1,0,0,"{""count"": 2000} | {""count"": 500} | {""count"": 100} | {""count"": 5000} | {""count"": "
img_0037,L3_可近似,2530,9760,9,1,0,0,"{""count"": 1500} | {""count"": 500} | {""count"": 80} | {""count"": 5000} | {""count"": 5"
img_0038,L3_可近似,297,728,9,1,0,0,"{""count"": 150} | {""count"": 75} | {""count"": 1} | {""count"": 250} | {""count"": 150} "
img_0040,L7_不确定就0,201,0,9,1,1,0,"{""count"": 0} | {""count"": 0} | {""count"": 0} | {""count"": 0} | {""count"": 0} | {""cou"
img_0040,L1_随便给,201,275,9,1,0,0,"{""count"": 8} | {""count"": 50} | {""count"": 15} | {""count"": 30} | {""count"": 50} | {"
img_0040,L4_中性,201,253,9,1,0,0,"{""count"": 8} | {""count"": 48} | {""count"": 13} | {""count"": 28} | {""count"": 50} | {"
img_0040,L3_可近似,201,264,9,1,0,0,"{""count"": 8} | {""count"": 50} | {""count"": 14} | {""count"": 30} | {""count"": 50} | {"
img_0038,L4_中性,297,424,9,1,0,0,"{""count"": 78} | {""count"": 50} | {""count"": 1} | {""count"": 100} | {""count"": 100} |"
img_0038,L1_随便给,297,803,9,1,0,0,"{""count"": 150} | {""count"": 100} | {""count"": 1} | {""count"": 300} | {""count"": 150}"
img_0041,L7_不确定就0,960,0,9,1,1,0,"{""count"": 0} | {""count"": 0} | {""count"": 0} | {""count"": 0} | {""count"": 0} | {""cou"
img_0041,L4_中性,960,364,9,1,0,0,"{""count"": 100} | {""count"": 75} | {""count"": 15} | {""count"": 0} | {""count"": 100} |"
img_0044,L7_不确定就0,169,8,9,1,0,0,"{""count"": 0} | {""count"": 0} | {""count"": 0} | {""count"": 0} | {""count"": 0} | {""cou"
img_0041,L1_随便给,960,3955,9,1,0,0,"{""count"": 500} | {""count"": 150} | {""count"": 20} | {""count"": 2000} | {""count"": 15"
img_0041,L3_可近似,960,3445,9,1,0,0,"{""count"": 500} | {""count"": 150} | {""count"": 15} | {""count"": 1500} | {""count"": 15"
img_0044,L4_中性,169,230,9,1,0,0,"{""count"": 20} | {""count"": 50} | {""count"": 9} | {""count"": 28} | {""count"": 40} | {"
img_0044,L3_可近似,169,253,9,1,0,0,"{""count"": 25} | {""count"": 50} | {""count"": 9} | {""count"": 30} | {""count"": 50} | {"
img_0044,L1_随便给,169,268,9,1,0,0,"{""count"": 30} | {""count"": 50} | {""count"": 9} | {""count"": 30} | {""count"": 50} | {"
img_0046,L7_不确定就0,177,6,9,1,0,0,"{""count"": 0} | {""count"": 0} | {""count"": 0} | {""count"": 0} | {""count"": 0} | {""cou"
img_0047,L1_随便给,100,133,9,1,0,0,"{""count"": 0} | {""count"": 40} | {""count"": 12} | {""count"": 0} | {""count"": 50} | {"""
img_0046,L4_中性,177,223,9,1,0,0,"{""count"": 50} | {""count"": 40} | {""count"": 13} | {""count"": 30} | {""count"": 28} | "
img_0046,L3_可近似,177,289,9,1,0,0,"{""count"": 100} | {""count"": 50} | {""count"": 12} | {""count"": 35} | {""count"": 30} |"
img_0043,L7_不确定就0,155,0,9,1,1,0,"{""count"": 0} | {""count"": 0} | {""count"": 0} | {""count"": 0} | {""count"": 0} | {""cou"
img_0042,L7_不确定就0,130,11,9,1,0,0,"{""count"": 0} | {""count"": 0} | {""count"": 4} | {""count"": 0} | {""count"": 0} | {""cou"
img_0046,L1_随便给,177,302,9,1,0,0,"{""count"": 100} | {""count"": 50} | {""count"": 15} | {""count"": 40} | {""count"": 30} |"
img_0042,L4_中性,130,150,9,1,0,0,"{""count"": 30} | {""count"": 25} | {""count"": 5} | {""count"": 20} | {""count"": 25} | {"
img_0047,L3_可近似,100,122,9,1,0,0,"{""count"": 0} | {""count"": 35} | {""count"": 12} | {""count"": 0} | {""count"": 45} | {"""
img_0047,L7_不确定就0,100,34,9,1,0,0,"{""count"": 0} | {""count"": 0} | {""count"": 10} | {""count"": 0} | {""count"": 0} | {""co"
img_0047,L4_中性,100,103,9,1,0,0,"{""count"": 0} | {""count"": 30} | {""count"": 12} | {""count"": 0} | {""count"": 30} | {"""
img_0043,L1_随便给,155,250,9,1,0,0,"{""count"": 30} | {""count"": 25} | {""count"": 15} | {""count"": 40} | {""count"": 30} | "
img_0043,L3_可近似,155,240,9,1,0,0,"{""count"": 30} | {""count"": 25} | {""count"": 15} | {""count"": 35} | {""count"": 30} | "
img_0045,L7_不确定就0,153,5,9,1,0,0,"{""count"": 0} | {""count"": 0} | {""count"": 1} | {""count"": 0} | {""count"": 0} | {""cou"
img_0045,L4_中性,153,120,9,1,0,0,"{""count"": 0} | {""count"": 30} | {""count"": 1} | {""count"": 25} | {""count"": 30} | {"""
img_0045,L1_随便给,153,336,9,1,0,0,"{""count"": 50} | {""count"": 100} | {""count"": 1} | {""count"": 30} | {""count"": 50} | "
img_0045,L3_可近似,153,285,9,1,0,0,"{""count"": 50} | {""count"": 50} | {""count"": 1} | {""count"": 30} | {""count"": 50} | {"
img_0048,L7_不确定就0,1211,0,9,1,1,0,"{""count"": 0} | {""count"": 0} | {""count"": 0} | {""count"": 0} | {""count"": 0} | {""cou"
img_0042,L3_可近似,130,445,9,1,0,0,"{""count"": 200} | {""count"": 50} | {""count"": 5} | {""count"": 100} | {""count"": 30} |"
img_0042,L1_随便给,130,520,9,1,0,0,"{""count"": 200} | {""count"": 50} | {""count"": 5} | {""count"": 150} | {""count"": 30} |"
img_0043,L4_中性,155,217,9,1,0,0,"{""count"": 28} | {""count"": 25} | {""count"": 16} | {""count"": 30} | {""count"": 25} | "
img_0048,L1_随便给,1211,3805,9,1,0,0,"{""count"": 2} | {""count"": 300} | {""count"": 500} | {""count"": 0} | {""count"": 800} |"
img_0048,L4_中性,1211,904,9,1,0,0,"{""count"": 2} | {""count"": 150} | {""count"": 250} | {""count"": 0} | {""count"": 100} |"
img_0048,L3_可近似,1211,3855,9,1,0,0,"{""count"": 2} | {""count"": 300} | {""count"": 500} | {""count"": 0} | {""count"": 500} |"
img_0049,L7_不确定就0,2494,0,9,1,1,0,"{""count"": 0} | {""count"": 0} | {""count"": 0} | {""count"": 0} | {""count"": 0} | {""cou"
img_0049,L1_随便给,2494,19300,9,1,0,0,"{""count"": 0} | {""count"": 5000} | {""count"": 500} | {""count"": 0} | {""count"": 2000}"
img_0049,L4_中性,2494,350,9,1,0,0,"{""count"": 0} | {""count"": 0} | {""count"": 250} | {""count"": 0} | {""count"": 0} | {""c"
img_0051,L7_不确定就0,187,10,9,1,0,0,"{""count"": 0} | {""count"": 0} | {""count"": 0} | {""count"": 0} | {""count"": 0} | {""cou"
img_0050,L7_不确定就0,425,1,9,1,0,0,"{""count"": 0} | {""count"": 0} | {""count"": 0} | {""count"": 0} | {""count"": 0} | {""cou"
img_0050,L3_可近似,425,680,9,1,0,0,"{""count"": 50} | {""count"": 150} | {""count"": 30} | {""count"": 25} | {""count"": 150} "
img_0049,L3_可近似,2494,11100,9,1,0,0,"{""count"": 0} | {""count"": 2500} | {""count"": 500} | {""count"": 0} | {""count"": 1500}"
img_0051,L3_可近似,187,296,9,1,0,0,"{""count"": 70} | {""count"": 30} | {""count"": 7} | {""count"": 50} | {""count"": 45} | {"
img_0051,L4_中性,187,261,9,1,0,0,"{""count"": 50} | {""count"": 30} | {""count"": 7} | {""count"": 48} | {""count"": 40} | {"
img_0050,L1_随便给,425,715,9,1,0,0,"{""count"": 50} | {""count"": 150} | {""count"": 30} | {""count"": 30} | {""count"": 150} "
img_0053,L7_不确定就0,954,0,9,1,1,0,"{""count"": 0} | {""count"": 0} | {""count"": 0} | {""count"": 0} | {""count"": 0} | {""cou"
img_0051,L1_随便给,187,307,9,1,0,0,"{""count"": 70} | {""count"": 30} | {""count"": 7} | {""count"": 50} | {""count"": 50} | {"
img_0054,L7_不确定就0,597,0,9,1,1,0,"{""count"": 0} | {""count"": 0} | {""count"": 0} | {""count"": 0} | {""count"": 0} | {""cou"
img_0050,L4_中性,425,523,9,1,0,0,"{""count"": 45} | {""count"": 100} | {""count"": 30} | {""count"": 24} | {""count"": 100} "
img_0054,L4_中性,597,230,9,1,0,0,"{""count"": 100} | {""count"": 30} | {""count"": 15} | {""count"": 0} | {""count"": 25} | "
img_0052,L7_不确定就0,139,3,9,1,0,0,"{""count"": 0} | {""count"": 0} | {""count"": 2} | {""count"": 0} | {""count"": 0} | {""cou"
img_0052,L4_中性,139,83,9,1,0,0,"{""count"": 0} | {""count"": 20} | {""count"": 3} | {""count"": 0} | {""count"": 25} | {""c"
img_0053,L1_随便给,954,3465,9,1,0,0,"{""count"": 1500} | {""count"": 1000} | {""count"": 50} | {""count"": 200} | {""count"": 5"
img_0054,L1_随便给,597,1810,9,1,0,0,"{""count"": 500} | {""count"": 100} | {""count"": 20} | {""count"": 500} | {""count"": 50}"
img_0054,L3_可近似,597,1760,9,1,0,0,"{""count"": 500} | {""count"": 50} | {""count"": 20} | {""count"": 500} | {""count"": 50} "
img_0053,L3_可近似,954,2910,9,1,0,0,"{""count"": 1000} | {""count"": 1000} | {""count"": 50} | {""count"": 200} | {""count"": 5"
img_0053,L4_中性,954,1578,9,1,0,0,"{""count"": 0} | {""count"": 999} | {""count"": 45} | {""count"": 100} | {""count"": 300} "
img_0052,L1_随便给,139,488,9,1,0,0,"{""count"": 50} | {""count"": 30} | {""count"": 3} | {""count"": 100} | {""count"": 50} | "
img_0052,L3_可近似,139,488,9,1,0,0,"{""count"": 50} | {""count"": 30} | {""count"": 3} | {""count"": 100} | {""count"": 50} | "
img_0055,L7_不确定就0,361,7,9,1,0,0,"{""count"": 0} | {""count"": 0} | {""count"": 0} | {""count"": 0} | {""count"": 0} | {""cou"
img_0055,L4_中性,361,306,9,1,0,0,"{""count"": 0} | {""count"": 100} | {""count"": 12} | {""count"": 0} | {""count"": 100} | "
img_0055,L3_可近似,361,1181,9,1,0,0,"{""count"": 0} | {""count"": 500} | {""count"": 12} | {""count"": 0} | {""count"": 500} | "
img_0055,L1_随便给,361,1235,9,1,0,0,"{""count"": 0} | {""count"": 500} | {""count"": 15} | {""count"": 0} | {""count"": 500} | "
img_0056,L7_不确定就0,194,0,9,1,1,0,"{""count"": 0} | {""count"": 0} | {""count"": 0} | {""count"": 0} | {""count"": 0} | {""cou"
img_0056,L4_中性,194,180,9,1,0,0,"{""count"": 0} | {""count"": 45} | {""count"": 15} | {""count"": 0} | {""count"": 50} | {"""
img_0056,L1_随便给,194,575,9,1,0,0,"{""count"": 0} | {""count"": 200} | {""count"": 20} | {""count"": 0} | {""count"": 200} | "
img_0056,L3_可近似,194,515,9,1,0,0,"{""count"": 0} | {""count"": 150} | {""count"": 15} | {""count"": 0} | {""count"": 200} | "
img_0057,L7_不确定就0,687,0,9,1,1,0,"{""count"": 0} | {""count"": 0} | {""count"": 0} | {""count"": 0} | {""count"": 0} | {""cou"
img_0057,L1_随便给,687,3965,9,1,0,0,"{""count"": 200} | {""count"": 200} | {""count"": 15} | {""count"": 500} | {""count"": 500"
img_0058,L7_不确定就0,4535,0,9,1,1,0,"{""count"": 0} | {""count"": 0} | {""count"": 0} | {""count"": 0} | {""count"": 0} | {""cou"
img_0057,L4_中性,687,487,9,1,0,0,"{""count"": 100} | {""count"": 50} | {""count"": 12} | {""count"": 0} | {""count"": 100} |"
img_0058,L4_中性,4535,686,9,1,0,0,"{""count"": 0} | {""count"": 100} | {""count"": 78} | {""count"": 0} | {""count"": 0} | {"""
img_0057,L3_可近似,687,3060,9,1,0,0,"{""count"": 150} | {""count"": 200} | {""count"": 10} | {""count"": 200} | {""count"": 500"
img_0060,L3_可近似,227,286,9,1,0,0,"{""count"": 0} | {""count"": 30} | {""count"": 7} | {""count"": 0} | {""count"": 200} | {"""
img_0060,L4_中性,227,179,9,1,0,0,"{""count"": 0} | {""count"": 28} | {""count"": 7} | {""count"": 0} | {""count"": 100} | {"""
img_0060,L1_随便给,227,421,9,1,0,0,"{""count"": 0} | {""count"": 50} | {""count"": 7} | {""count"": 0} | {""count"": 300} | {"""
img_0060,L7_不确定就0,227,17,9,1,0,0,"{""count"": 0} | {""count"": 0} | {""count"": 6} | {""count"": 0} | {""count"": 0} | {""cou"
img_0059,L7_不确定就0,452,0,9,1,1,0,"{""count"": 0} | {""count"": 0} | {""count"": 0} | {""count"": 0} | {""count"": 0} | {""cou"
img_0061,L7_不确定就0,236,0,9,1,1,0,"{""count"": 0} | {""count"": 0} | {""count"": 0} | {""count"": 0} | {""count"": 0} | {""cou"
img_0059,L4_中性,452,474,9,1,0,0,"{""count"": 72} | {""count"": 50} | {""count"": 50} | {""count"": 72} | {""count"": 50} | "
img_0059,L1_随便给,452,875,9,1,0,0,"{""count"": 100} | {""count"": 150} | {""count"": 100} | {""count"": 150} | {""count"": 80"
img_0059,L3_可近似,452,795,9,1,0,0,"{""count"": 100} | {""count"": 150} | {""count"": 80} | {""count"": 100} | {""count"": 75}"
img_0061,L3_可近似,236,285,9,1,0,0,"{""count"": 30} | {""count"": 30} | {""count"": 25} | {""count"": 30} | {""count"": 30} | "
img_0061,L1_随便给,236,310,9,1,0,0,"{""count"": 30} | {""count"": 30} | {""count"": 30} | {""count"": 50} | {""count"": 30} | "
img_0061,L4_中性,236,233,9,1,0,0,"{""count"": 25} | {""count"": 25} | {""count"": 25} | {""count"": 25} | {""count"": 25} | "
img_0062,L7_不确定就0,2638,0,9,1,1,0,"{""count"": 0} | {""count"": 0} | {""count"": 0} | {""count"": 0} | {""count"": 0} | {""cou"
img_0062,L4_中性,2638,200,9,1,0,0,"{""count"": 0} | {""count"": 0} | {""count"": 100} | {""count"": 0} | {""count"": 0} | {""c"
img_0063,L7_不确定就0,1149,0,9,1,1,0,"{""count"": 0} | {""count"": 0} | {""count"": 0} | {""count"": 0} | {""count"": 0} | {""cou"
img_0063,L4_中性,1149,103,9,1,0,0,"{""count"": 0} | {""count"": 30} | {""count"": 3} | {""count"": 0} | {""count"": 30} | {""c"
img_0063,L1_随便给,1149,5593,9,1,0,0,"{""count"": 200} | {""count"": 100} | {""count"": 3} | {""count"": 5000} | {""count"": 50}"
img_0058,L1_随便给,4535,24290,9,1,0,0,"{""count"": 5000} | {""count"": 300} | {""count"": 120} | {""count"": 10000} | {""count"":"
img_0058,L3_可近似,4535,24275,9,1,0,0,"{""count"": 5000} | {""count"": 300} | {""count"": 100} | {""count"": 10000} | {""count"":"
img_0063,L3_可近似,1149,5593,9,1,0,0,"{""count"": 200} | {""count"": 100} | {""count"": 3} | {""count"": 5000} | {""count"": 50}"
img_0064,L7_不确定就0,1357,10,9,1,0,0,"{""count"": 0} | {""count"": 0} | {""count"": 2} | {""count"": 0} | {""count"": 0} | {""cou"
img_0062,L1_随便给,2638,17100,9,1,0,0,"{""count"": 5000} | {""count"": 500} | {""count"": 200} | {""count"": 5000} | {""count"": "
img_0062,L3_可近似,2638,17650,9,1,0,0,"{""count"": 5000} | {""count"": 500} | {""count"": 200} | {""count"": 5000} | {""count"": "
img_0064,L4_中性,1357,1522,9,1,0,0,"{""count"": 300} | {""count"": 300} | {""count"": 2} | {""count"": 300} | {""count"": 200}"
img_0064,L3_可近似,1357,4722,9,1,0,0,"{""count"": 850} | {""count"": 500} | {""count"": 2} | {""count"": 850} | {""count"": 500}"
img_0064,L1_随便给,1357,4522,9,1,0,0,"{""count"": 500} | {""count"": 1000} | {""count"": 2} | {""count"": 500} | {""count"": 500"
img_0065,L7_不确定就0,490,0,9,1,1,0,"{""count"": 0} | {""count"": 0} | {""count"": 0} | {""count"": 0} | {""count"": 0} | {""cou"
img_0066,L7_不确定就0,2980,45,9,1,0,0,"{""count"": 0} | {""count"": 0} | {""count"": 10} | {""count"": 0} | {""count"": 0} | {""co"
img_0065,L4_中性,490,248,9,1,0,0,"{""count"": 0} | {""count"": 0} | {""count"": 100} | {""count"": 0} | {""count"": 0} | {""c"
img_0068,L4_中性,363,200,9,1,0,0,"{""count"": 0} | {""count"": 100} | {""count"": 9} | {""count"": 0} | {""count"": 50} | {"""
img_0068,L3_可近似,363,752,9,1,0,0,"{""count"": 0} | {""count"": 500} | {""count"": 8} | {""count"": 0} | {""count"": 200} | {"
img_0068,L1_随便给,363,752,9,1,0,0,"{""count"": 0} | {""count"": 500} | {""count"": 8} | {""count"": 0} | {""count"": 200} | {"
img_0068,L7_不确定就0,363,20,9,1,0,0,"{""count"": 0} | {""count"": 0} | {""count"": 6} | {""count"": 0} | {""count"": 0} | {""cou"
img_0067,L7_不确定就0,255,15,9,1,0,0,"{""count"": 0} | {""count"": 0} | {""count"": 7} | {""count"": 0} | {""count"": 0} | {""cou"
img_0070,L7_不确定就0,233,0,9,1,1,0,"{""count"": 0} | {""count"": 0} | {""count"": 0} | {""count"": 0} | {""count"": 0} | {""cou"
img_0065,L1_随便给,490,11080,9,1,0,0,"{""count"": 0} | {""count"": 5000} | {""count"": 500} | {""count"": 0} | {""count"": 5000}"
img_0065,L3_可近似,490,10780,9,1,0,0,"{""count"": 0} | {""count"": 5000} | {""count"": 200} | {""count"": 0} | {""count"": 5000}"
img_0066,L4_中性,2980,2053,9,1,0,0,"{""count"": 0} | {""count"": 0} | {""count"": 10} | {""count"": 0} | {""count"": 1000} | {"
img_0067,L3_可近似,255,521,9,1,0,0,"{""count"": 150} | {""count"": 45} | {""count"": 9} | {""count"": 150} | {""count"": 50} |"
img_0067,L4_中性,255,327,9,1,0,0,"{""count"": 78} | {""count"": 30} | {""count"": 9} | {""count"": 78} | {""count"": 40} | {"
img_0070,L4_中性,233,295,9,1,0,0,"{""count"": 45} | {""count"": 35} | {""count"": 22} | {""count"": 50} | {""count"": 30} | "
img_0070,L3_可近似,233,303,9,1,0,0,"{""count"": 45} | {""count"": 35} | {""count"": 25} | {""count"": 50} | {""count"": 35} | "
img_0070,L1_随便给,233,315,9,1,0,0,"{""count"": 50} | {""count"": 35} | {""count"": 25} | {""count"": 50} | {""count"": 35} | "
img_0069,L4_中性,547,277,9,1,0,0,"{""count"": 8} | {""count"": 20} | {""count"": 17} | {""count"": 0} | {""count"": 100} | {"
img_0069,L7_不确定就0,547,45,9,1,0,0,"{""count"": 6} | {""count"": 15} | {""count"": 0} | {""count"": 0} | {""count"": 0} | {""co"
img_0071,L7_不确定就0,1236,0,9,1,1,0,"{""count"": 0} | {""count"": 0} | {""count"": 0} | {""count"": 0} | {""count"": 0} | {""cou"
img_0066,L3_可近似,2980,15050,9,1,0,0,"{""count"": 5000} | {""count"": 1000} | {""count"": 10} | {""count"": 5000} | {""count"": "
img_0066,L1_随便给,2980,18555,9,1,0,0,"{""count"": 5000} | {""count"": 1000} | {""count"": 10} | {""count"": 5000} | {""count"": "
img_0072,L7_不确定就0,241,0,9,1,1,0,"{""count"": 0} | {""count"": 0} | {""count"": 0} | {""count"": 0} | {""count"": 0} | {""cou"
img_0067,L1_随便给,255,537,9,1,0,0,"{""count"": 150} | {""count"": 50} | {""count"": 10} | {""count"": 150} | {""count"": 50} "
img_0069,L3_可近似,547,1338,9,1,0,0,"{""count"": 8} | {""count"": 20} | {""count"": 18} | {""count"": 1000} | {""count"": 150} "
img_0069,L1_随便给,547,1875,9,1,0,0,"{""count"": 8} | {""count"": 25} | {""count"": 15} | {""count"": 1500} | {""count"": 150} "
img_0072,L4_中性,241,114,9,1,0,0,"{""count"": 20} | {""count"": 30} | {""count"": 8} | {""count"": 0} | {""count"": 0} | {""c"
img_0072,L1_随便给,241,5874,9,1,0,0,"{""count"": 50} | {""count"": 50} | {""count"": 8} | {""count"": 5000} | {""count"": 500} "
img_0072,L3_可近似,241,1803,9,1,0,0,"{""count"": 30} | {""count"": 50} | {""count"": 8} | {""count"": 1000} | {""count"": 500} "
img_0071,L3_可近似,1236,4700,9,1,0,0,"{""count"": 200} | {""count"": 1000} | {""count"": 300} | {""count"": 250} | {""count"": 1"
img_0071,L1_随便给,1236,4850,9,1,0,0,"{""count"": 200} | {""count"": 1000} | {""count"": 500} | {""count"": 250} | {""count"": 1"
img_0071,L4_中性,1236,2648,9,1,0,0,"{""count"": 100} | {""count"": 1024} | {""count"": 100} | {""count"": 150} | {""count"": 1"
img_0073,L7_不确定就0,481,10,9,1,0,0,"{""count"": 0} | {""count"": 0} | {""count"": 0} | {""count"": 0} | {""count"": 0} | {""cou"
img_0073,L4_中性,481,370,9,1,0,0,"{""count"": 45} | {""count"": 100} | {""count"": 10} | {""count"": 0} | {""count"": 100} |"
img_0073,L3_可近似,481,2075,9,1,0,0,"{""count"": 100} | {""count"": 250} | {""count"": 10} | {""count"": 500} | {""count"": 500"
img_0073,L1_随便给,481,3077,9,1,0,0,"{""count"": 150} | {""count"": 200} | {""count"": 12} | {""count"": 1500} | {""count"": 50"
img_0074,L7_不确定就0,704,0,9,1,1,0,"{""count"": 0} | {""count"": 0} | {""count"": 0} | {""count"": 0} | {""count"": 0} | {""cou"
img_0074,L3_可近似,704,1625,9,1,0,0,"{""count"": 250} | {""count"": 150} | {""count"": 30} | {""count"": 500} | {""count"": 150"
img_0074,L4_中性,704,595,9,1,0,0,"{""count"": 100} | {""count"": 100} | {""count"": 30} | {""count"": 0} | {""count"": 100} "
img_0074,L1_随便给,704,1680,9,1,0,0,"{""count"": 200} | {""count"": 150} | {""count"": 30} | {""count"": 500} | {""count"": 200"
img_0076,L7_不确定就0,489,0,9,1,1,0,"{""count"": 0} | {""count"": 0} | {""count"": 0} | {""count"": 0} | {""count"": 0} | {""cou"
img_0075,L7_不确定就0,253,26,9,1,0,0,"{""count"": 0} | {""count"": 0} | {""count"": 2} | {""count"": 0} | {""count"": 0} | {""cou"
img_0075,L4_中性,253,247,9,1,0,0,"{""count"": 100} | {""count"": 25} | {""count"": 2} | {""count"": 40} | {""count"": 35} | "
img_0077,L7_不确定就0,203,0,9,1,1,0,"{""count"": 0} | {""count"": 0} | {""count"": 0} | {""count"": 0} | {""count"": 0} | {""cou"
img_0075,L1_随便给,253,383,9,1,0,0,"{""count"": 200} | {""count"": 30} | {""count"": 3} | {""count"": 50} | {""count"": 50} | "
img_0076,L4_中性,489,245,9,1,0,0,"{""count"": 0} | {""count"": 100} | {""count"": 50} | {""count"": 0} | {""count"": 0} | {"""
img_0075,L3_可近似,253,479,9,1,0,0,"{""count"": 300} | {""count"": 30} | {""count"": 3} | {""count"": 50} | {""count"": 50} | "
img_0078,L7_不确定就0,1116,20,9,1,0,0,"{""count"": 0} | {""count"": 0} | {""count"": 10} | {""count"": 0} | {""count"": 0} | {""co"
img_0077,L1_随便给,203,335,9,1,0,0,"{""count"": 30} | {""count"": 50} | {""count"": 30} | {""count"": 30} | {""count"": 50} | "
img_0077,L4_中性,203,257,9,1,0,0,"{""count"": 28} | {""count"": 30} | {""count"": 28} | {""count"": 28} | {""count"": 25} | "
img_0077,L3_可近似,203,295,9,1,0,0,"{""count"": 30} | {""count"": 50} | {""count"": 30} | {""count"": 30} | {""count"": 30} | "
img_0079,L7_不确定就0,1974,17,9,1,0,0,"{""count"": 0} | {""count"": 0} | {""count"": 5} | {""count"": 0} | {""count"": 0} | {""cou"
img_0076,L3_可近似,489,1650,9,1,0,0,"{""count"": 0} | {""count"": 500} | {""count"": 200} | {""count"": 0} | {""count"": 500} |"
img_0078,L4_中性,1116,45,9,1,0,0,"{""count"": 0} | {""count"": 0} | {""count"": 13} | {""count"": 0} | {""count"": 0} | {""co"
img_0079,L4_中性,1974,322,9,1,0,0,"{""count"": 0} | {""count"": 100} | {""count"": 7} | {""count"": 0} | {""count"": 100} | {"
img_0076,L1_随便给,489,2960,9,1,0,0,"{""count"": 0} | {""count"": 500} | {""count"": 200} | {""count"": 10} | {""count"": 1500}"
img_0080,L7_不确定就0,347,0,9,1,1,0,"{""count"": 0} | {""count"": 0} | {""count"": 0} | {""count"": 0} | {""count"": 0} | {""cou"
img_0079,L3_可近似,1974,9723,9,1,0,0,"{""count"": 2000} | {""count"": 500} | {""count"": 7} | {""count"": 5000} | {""count"": 50"
img_0079,L1_随便给,1974,10223,9,1,0,0,"{""count"": 2000} | {""count"": 500} | {""count"": 7} | {""count"": 5000} | {""count"": 50"
img_0078,L3_可近似,1116,4606,9,1,0,0,"{""count"": 10} | {""count"": 1500} | {""count"": 13} | {""count"": 50} | {""count"": 2500"
img_0078,L1_随便给,1116,7608,9,1,0,0,"{""count"": 10} | {""count"": 2000} | {""count"": 15} | {""count"": 50} | {""count"": 5000"
img_0080,L4_中性,347,318,9,1,0,0,"{""count"": 0} | {""count"": 100} | {""count"": 25} | {""count"": 0} | {""count"": 100} | "
img_0080,L1_随便给,347,635,9,1,0,0,"{""count"": 0} | {""count"": 200} | {""count"": 30} | {""count"": 0} | {""count"": 300} | "
img_0080,L3_可近似,347,575,9,1,0,0,"{""count"": 0} | {""count"": 200} | {""count"": 25} | {""count"": 0} | {""count"": 250} | "
img_0081,L7_不确定就0,121,10,9,1,0,0,"{""count"": 0} | {""count"": 0} | {""count"": 3} | {""count"": 0} | {""count"": 0} | {""cou"
img_0081,L4_中性,121,155,9,1,0,0,"{""count"": 20} | {""count"": 20} | {""count"": 4} | {""count"": 30} | {""count"": 25} | {"
img_0081,L3_可近似,121,340,9,1,0,0,"{""count"": 50} | {""count"": 25} | {""count"": 4} | {""count"": 100} | {""count"": 50} | "
img_0081,L1_随便给,121,395,9,1,0,0,"{""count"": 50} | {""count"": 30} | {""count"": 4} | {""count"": 100} | {""count"": 50} | "
img_0084,L7_不确定就0,322,0,9,1,1,0,"{""count"": 0} | {""count"": 0} | {""count"": 0} | {""count"": 0} | {""count"": 0} | {""cou"
img_0082,L7_不确定就0,337,0,9,1,1,0,"{""count"": 0} | {""count"": 0} | {""count"": 0} | {""count"": 0} | {""count"": 0} | {""cou"
img_0082,L4_中性,337,142,9,1,0,0,"{""count"": 0} | {""count"": 0} | {""count"": 100} | {""count"": 1} | {""count"": 0} | {""c"
img_0082,L3_可近似,337,1222,9,1,0,0,"{""count"": 0} | {""count"": 500} | {""count"": 500} | {""count"": 1} | {""count"": 100} |"
img_0082,L1_随便给,337,6230,9,1,0,0,"{""count"": 0} | {""count"": 5000} | {""count"": 500} | {""count"": 0} | {""count"": 500} "
img_0084,L4_中性,322,291,9,1,0,0,"{""count"": 30} | {""count"": 30} | {""count"": 25} | {""count"": 50} | {""count"": 20} | "
img_0084,L1_随便给,322,415,9,1,0,0,"{""count"": 50} | {""count"": 50} | {""count"": 30} | {""count"": 100} | {""count"": 30} |"
img_0084,L3_可近似,322,405,9,1,0,0,"{""count"": 50} | {""count"": 50} | {""count"": 30} | {""count"": 100} | {""count"": 25} |"
img_0083,L7_不确定就0,693,0,9,1,1,0,"{""count"": 0} | {""count"": 0} | {""count"": 0} | {""count"": 0} | {""count"": 0} | {""cou"
img_0083,L4_中性,693,172,9,1,0,0,"{""count"": 0} | {""count"": 0} | {""count"": 25} | {""count"": 0} | {""count"": 0} | {""co"
img_0083,L3_可近似,693,1180,9,1,0,0,"{""count"": 0} | {""count"": 500} | {""count"": 30} | {""count"": 0} | {""count"": 300} | "
img_0083,L1_随便给,693,1185,9,1,0,0,"{""count"": 0} | {""count"": 500} | {""count"": 30} | {""count"": 0} | {""count"": 300} | "
img_0085,L7_不确定就0,283,20,9,1,0,0,"{""count"": 0} | {""count"": 0} | {""count"": 0} | {""count"": 0} | {""count"": 0} | {""cou"
img_0085,L1_随便给,283,410,9,1,0,0,"{""count"": 75} | {""count"": 50} | {""count"": 25} | {""count"": 70} | {""count"": 50} | "
img_0086,L7_不确定就0,176,16,9,1,0,0,"{""count"": 0} | {""count"": 0} | {""count"": 6} | {""count"": 0} | {""count"": 0} | {""cou"
img_0085,L4_中性,283,340,9,1,0,0,"{""count"": 50} | {""count"": 50} | {""count"": 25} | {""count"": 50} | {""count"": 45} | "
img_0086,L1_随便给,176,269,9,1,0,0,"{""count"": 45} | {""count"": 25} | {""count"": 8} | {""count"": 40} | {""count"": 25} | {"
img_0086,L4_中性,176,224,9,1,0,0,"{""count"": 38} | {""count"": 25} | {""count"": 7} | {""count"": 35} | {""count"": 25} | {"
img_0085,L3_可近似,283,405,9,1,0,0,"{""count"": 75} | {""count"": 50} | {""count"": 25} | {""count"": 75} | {""count"": 50} | "
img_0086,L3_可近似,176,269,9,1,0,0,"{""count"": 45} | {""count"": 25} | {""count"": 8} | {""count"": 40} | {""count"": 25} | {"
img_0087,L7_不确定就0,626,0,9,1,1,0,"{""count"": 0} | {""count"": 0} | {""count"": 0} | {""count"": 0} | {""count"": 0} | {""cou"
img_0088,L7_不确定就0,197,0,9,1,1,0,"{""count"": 0} | {""count"": 0} | {""count"": 0} | {""count"": 0} | {""count"": 0} | {""cou"
img_0088,L4_中性,197,266,9,1,0,0,"{""count"": 4} | {""count"": 25} | {""count"": 18} | {""count"": 14} | {""count"": 30} | {"
img_0087,L4_中性,626,618,9,1,0,0,"{""count"": 100} | {""count"": 100} | {""count"": 15} | {""count"": 50} | {""count"": 100}"
img_0088,L1_随便给,197,705,9,1,0,0,"{""count"": 5} | {""count"": 200} | {""count"": 25} | {""count"": 15} | {""count"": 150} |"
img_0088,L3_可近似,197,693,9,1,0,0,"{""count"": 3} | {""count"": 200} | {""count"": 20} | {""count"": 15} | {""count"": 150} |"
img_0087,L3_可近似,626,1225,9,1,0,0,"{""count"": 200} | {""count"": 250} | {""count"": 15} | {""count"": 150} | {""count"": 200"
img_0087,L1_随便给,626,1180,9,1,0,0,"{""count"": 200} | {""count"": 200} | {""count"": 20} | {""count"": 150} | {""count"": 200"
img_0091,L7_不确定就0,636,0,9,1,1,0,"{""count"": 0} | {""count"": 0} | {""count"": 0} | {""count"": 0} | {""count"": 0} | {""cou"
img_0089,L7_不确定就0,1557,0,9,1,1,0,"{""count"": 0} | {""count"": 0} | {""count"": 0} | {""count"": 0} | {""count"": 0} | {""cou"
img_0090,L7_不确定就0,792,0,9,1,1,0,"{""count"": 0} | {""count"": 0} | {""count"": 0} | {""count"": 0} | {""count"": 0} | {""cou"
img_0089,L1_随便给,1557,16530,9,1,0,0,"{""count"": 200} | {""count"": 200} | {""count"": 300} | {""count"": 5000} | {""count"": 5"
img_0090,L3_可近似,792,3295,9,1,0,0,"{""count"": 20} | {""count"": 300} | {""count"": 50} | {""count"": 500} | {""count"": 2000"
img_0090,L4_中性,792,400,9,1,0,0,"{""count"": 10} | {""count"": 100} | {""count"": 40} | {""count"": 0} | {""count"": 0} | {"
img_0089,L4_中性,1557,1727,9,1,0,0,"{""count"": 100} | {""count"": 100} | {""count"": 100} | {""count"": 0} | {""count"": 1000"
img_0092,L3_可近似,645,983,9,1,0,0,"{""count"": 200} | {""count"": 300} | {""count"": 150} | {""count"": 70} | {""count"": 150"
img_0091,L4_中性,636,534,9,1,0,0,"{""count"": 100} | {""count"": 50} | {""count"": 25} | {""count"": 100} | {""count"": 50} "
img_0092,L1_随便给,645,1043,9,1,0,0,"{""count"": 200} | {""count"": 300} | {""count"": 150} | {""count"": 80} | {""count"": 200"
img_0091,L1_随便给,636,1565,9,1,0,0,"{""count"": 500} | {""count"": 100} | {""count"": 25} | {""count"": 300} | {""count"": 150"
img_0091,L3_可近似,636,1065,9,1,0,0,"{""count"": 200} | {""count"": 100} | {""count"": 25} | {""count"": 250} | {""count"": 100"
img_0090,L1_随便给,792,3510,9,1,0,0,"{""count"": 20} | {""count"": 300} | {""count"": 50} | {""count"": 500} | {""count"": 2000"
img_0092,L7_不确定就0,645,3,9,1,0,0,"{""count"": 0} | {""count"": 0} | {""count"": 0} | {""count"": 0} | {""count"": 0} | {""cou"
img_0093,L7_不确定就0,1929,0,9,1,1,0,"{""count"": 0} | {""count"": 0} | {""count"": 0} | {""count"": 0} | {""count"": 0} | {""cou"
img_0093,L4_中性,1929,170,9,1,0,0,"{""count"": 0} | {""count"": 0} | {""count"": 0} | {""count"": 0} | {""count"": 50} | {""co"
img_0089,L3_可近似,1557,12475,9,1,0,0,"{""count"": 150} | {""count"": 200} | {""count"": 300} | {""count"": 5000} | {""count"": 5"
img_0096,L7_不确定就0,107,28,9,1,0,0,"{""count"": 0} | {""count"": 5} | {""count"": 2} | {""count"": 0} | {""count"": 9} | {""cou"
img_0093,L1_随便给,1929,15376,9,1,0,0,"{""count"": 5000} | {""count"": 0} | {""count"": 0} | {""count"": 5000} | {""count"": 150}"
img_0092,L4_中性,645,519,9,1,0,0,"{""count"": 100} | {""count"": 100} | {""count"": 100} | {""count"": 58} | {""count"": 78}"
img_0093,L3_可近似,1929,9326,9,1,0,0,"{""count"": 5000} | {""count"": 0} | {""count"": 0} | {""count"": 2000} | {""count"": 100}"
img_0094,L7_不确定就0,146,0,9,1,1,0,"{""count"": 0} | {""count"": 0} | {""count"": 0} | {""count"": 0} | {""count"": 0} | {""cou"
img_0096,L3_可近似,107,138,9,1,0,0,"{""count"": 30} | {""count"": 6} | {""count"": 3} | {""count"": 45} | {""count"": 10} | {"""
img_0096,L1_随便给,107,144,9,1,0,0,"{""count"": 35} | {""count"": 6} | {""count"": 3} | {""count"": 45} | {""count"": 10} | {"""
img_0096,L4_中性,107,129,9,1,0,0,"{""count"": 30} | {""count"": 6} | {""count"": 3} | {""count"": 38} | {""count"": 10} | {"""
img_0094,L3_可近似,146,245,9,1,0,0,"{""count"": 30} | {""count"": 25} | {""count"": 15} | {""count"": 35} | {""count"": 30} | "
img_0094,L4_中性,146,221,9,1,0,0,"{""count"": 28} | {""count"": 25} | {""count"": 15} | {""count"": 30} | {""count"": 25} | "
img_0095,L7_不确定就0,370,18,9,1,0,0,"{""count"": 0} | {""count"": 0} | {""count"": 0} | {""count"": 0} | {""count"": 0} | {""cou"
img_0094,L1_随便给,146,260,9,1,0,0,"{""count"": 30} | {""count"": 30} | {""count"": 15} | {""count"": 40} | {""count"": 30} | "
img_0095,L4_中性,370,312,9,1,0,0,"{""count"": 2} | {""count"": 50} | {""count"": 13} | {""count"": 15} | {""count"": 100} | "
img_0095,L3_可近似,370,609,9,1,0,0,"{""count"": 2} | {""count"": 150} | {""count"": 12} | {""count"": 20} | {""count"": 200} |"
img_0095,L1_随便给,370,622,9,1,0,0,"{""count"": 2} | {""count"": 150} | {""count"": 15} | {""count"": 30} | {""count"": 200} |"
img_0099,L7_不确定就0,304,0,9,1,1,0,"{""count"": 0} | {""count"": 0} | {""count"": 0} | {""count"": 0} | {""count"": 0} | {""cou"
img_0097,L4_中性,431,114,9,1,0,0,"{""count"": 0} | {""count"": 0} | {""count"": 1} | {""count"": 30} | {""count"": 50} | {""c"
img_0097,L7_不确定就0,431,1,9,1,0,0,"{""count"": 0} | {""count"": 0} | {""count"": 0} | {""count"": 0} | {""count"": 0} | {""cou"
img_0098,L7_不确定就0,249,0,9,1,1,0,"{""count"": 0} | {""count"": 0} | {""count"": 0} | {""count"": 0} | {""count"": 0} | {""cou"
img_0100,L7_不确定就0,232,3,9,1,0,0,"{""count"": 0} | {""count"": 0} | {""count"": 0} | {""count"": 0} | {""count"": 0} | {""cou"
img_0100,L4_中性,232,111,9,1,0,0,"{""count"": 0} | {""count"": 20} | {""count"": 5} | {""count"": 0} | {""count"": 25} | {""c"
img_0100,L1_随便给,232,554,9,1,0,0,"{""count"": 200} | {""count"": 30} | {""count"": 5} | {""count"": 200} | {""count"": 30} |"
img_0101,L7_不确定就0,175,5,9,1,0,0,"{""count"": 0} | {""count"": 0} | {""count"": 0} | {""count"": 3} | {""count"": 0} | {""cou"
img_0099,L3_可近似,304,398,9,1,0,0,"{""count"": 10} | {""count"": 50} | {""count"": 25} | {""count"": 10} | {""count"": 100} |"
img_0099,L4_中性,304,189,9,1,0,0,"{""count"": 10} | {""count"": 25} | {""count"": 20} | {""count"": 10} | {""count"": 30} | "
img_0099,L1_随便给,304,463,9,1,0,0,"{""count"": 10} | {""count"": 50} | {""count"": 25} | {""count"": 15} | {""count"": 100} |"
img_0097,L1_随便给,431,10656,9,1,0,0,"{""count"": 5000} | {""count"": 5000} | {""count"": 500} | {""count"": 50} | {""count"": 5"
img_0097,L3_可近似,431,11156,9,1,0,0,"{""count"": 5000} | {""count"": 5000} | {""count"": 1000} | {""count"": 50} | {""count"": "
img_0098,L4_中性,249,253,9,1,0,0,"{""count"": 20} | {""count"": 30} | {""count"": 25} | {""count"": 30} | {""count"": 40} | "
img_0098,L3_可近似,249,325,9,1,0,0,"{""count"": 20} | {""count"": 50} | {""count"": 30} | {""count"": 35} | {""count"": 50} | "
img_0098,L1_随便给,249,355,9,1,0,0,"{""count"": 25} | {""count"": 50} | {""count"": 30} | {""count"": 40} | {""count"": 50} | "
img_0100,L3_可近似,232,554,9,1,0,0,"{""count"": 200} | {""count"": 30} | {""count"": 5} | {""count"": 200} | {""count"": 30} |"
img_0102,L7_不确定就0,264,7,9,1,0,0,"{""count"": 0} | {""count"": 0} | {""count"": 3} | {""count"": 0} | {""count"": 0} | {""cou"
img_0101,L3_可近似,175,214,9,1,0,0,"{""count"": 0} | {""count"": 50} | {""count"": 12} | {""count"": 3} | {""count"": 50} | {"""
img_0101,L4_中性,175,191,9,1,0,0,"{""count"": 0} | {""count"": 50} | {""count"": 13} | {""count"": 3} | {""count"": 48} | {"""
img_0101,L1_随便给,175,227,9,1,0,0,"{""count"": 0} | {""count"": 50} | {""count"": 15} | {""count"": 3} | {""count"": 50} | {"""
img_0102,L4_中性,264,99,9,1,0,0,"{""count"": 0} | {""count"": 30} | {""count"": 5} | {""count"": 0} | {""count"": 25} | {""c"
img_0103,L7_不确定就0,505,0,9,1,1,0,"{""count"": 0} | {""count"": 0} | {""count"": 0} | {""count"": 0} | {""count"": 0} | {""cou"
img_0102,L3_可近似,264,1514,9,1,0,0,"{""count"": 500} | {""count"": 150} | {""count"": 5} | {""count"": 500} | {""count"": 50} "
img_0103,L4_中性,505,375,9,1,0,0,"{""count"": 0} | {""count"": 100} | {""count"": 30} | {""count"": 0} | {""count"": 100} | "
img_0104,L7_不确定就0,1387,49,9,1,0,0,"{""count"": 0} | {""count"": 0} | {""count"": 14} | {""count"": 0} | {""count"": 0} | {""co"
img_0102,L1_随便给,264,6015,9,1,0,0,"{""count"": 500} | {""count"": 150} | {""count"": 6} | {""count"": 5000} | {""count"": 50}"
img_0103,L1_随便给,505,1550,9,1,0,0,"{""count"": 200} | {""count"": 150} | {""count"": 50} | {""count"": 500} | {""count"": 150"
img_0103,L3_可近似,505,1250,9,1,0,0,"{""count"": 200} | {""count"": 150} | {""count"": 50} | {""count"": 200} | {""count"": 150"
img_0104,L4_中性,1387,2065,9,1,0,0,"{""count"": 0} | {""count"": 1000} | {""count"": 20} | {""count"": 0} | {""count"": 1000} "
img_0104,L3_可近似,1387,26765,9,1,0,0,"{""count"": 200} | {""count"": 1500} | {""count"": 20} | {""count"": 5000} | {""count"": 5"
img_0104,L1_随便给,1387,22565,9,1,0,0,"{""count"": 500} | {""count"": 2000} | {""count"": 20} | {""count"": 5000} | {""count"": 5"
img_0106,L7_不确定就0,1443,0,9,1,1,0,"{""count"": 0} | {""count"": 0} | {""count"": 0} | {""count"": 0} | {""count"": 0} | {""cou"
img_0106,L4_中性,1443,224,9,1,0,0,"{""count"": 0} | {""count"": 0} | {""count"": 80} | {""count"": 0} | {""count"": 0} | {""co"
img_0105,L7_不确定就0,166,16,9,1,0,0,"{""count"": 0} | {""count"": 0} | {""count"": 6} | {""count"": 0} | {""count"": 0} | {""cou"
img_0105,L4_中性,166,243,9,1,0,0,"{""count"": 15} | {""count"": 24} | {""count"": 8} | {""count"": 50} | {""count"": 50} | {"
img_0105,L1_随便给,166,403,9,1,0,0,"{""count"": 20} | {""count"": 25} | {""count"": 8} | {""count"": 80} | {""count"": 70} | {"
img_0105,L3_可近似,166,348,9,1,0,0,"{""count"": 15} | {""count"": 25} | {""count"": 8} | {""count"": 80} | {""count"": 70} | {"
img_0110,L7_不确定就0,460,0,9,1,1,0,"{""count"": 0} | {""count"": 0} | {""count"": 0} | {""count"": 0} | {""count"": 0} | {""cou"
img_0109,L7_不确定就0,441,12,9,1,0,0,"{""count"": 0} | {""count"": 0} | {""count"": 2} | {""count"": 0} | {""count"": 0} | {""cou"
img_0109,L3_可近似,441,447,9,1,0,0,"{""count"": 0} | {""count"": 200} | {""count"": 6} | {""count"": 0} | {""count"": 200} | {"
img_0106,L3_可近似,1443,7800,9,1,0,0,"{""count"": 500} | {""count"": 500} | {""count"": 100} | {""count"": 5000} | {""count"": 1"
img_0110,L1_随便给,460,610,9,1,0,0,"{""count"": 100} | {""count"": 50} | {""count"": 50} | {""count"": 100} | {""count"": 50} "
img_0107,L4_中性,335,405,9,1,0,0,"{""count"": 50} | {""count"": 35} | {""count"": 12} | {""count"": 88} | {""count"": 38} | "
img_0109,L1_随便给,441,452,9,1,0,0,"{""count"": 0} | {""count"": 200} | {""count"": 6} | {""count"": 0} | {""count"": 200} | {"
img_0109,L4_中性,441,242,9,1,0,0,"{""count"": 0} | {""count"": 100} | {""count"": 6} | {""count"": 0} | {""count"": 100} | {"
img_0110,L3_可近似,460,560,9,1,0,0,"{""count"": 80} | {""count"": 50} | {""count"": 45} | {""count"": 85} | {""count"": 50} | "
img_0111,L7_不确定就0,157,0,9,1,1,0,"{""count"": 0} | {""count"": 0} | {""count"": 0} | {""count"": 0} | {""count"": 0} | {""cou"
img_0111,L1_随便给,157,322,9,1,0,0,"{""count"": 0} | {""count"": 20} | {""count"": 12} | {""count"": 0} | {""count"": 50} | {"""
img_0106,L1_随便给,1443,17300,9,1,0,0,"{""count"": 500} | {""count"": 500} | {""count"": 100} | {""count"": 5000} | {""count"": 5"
img_0107,L7_不确定就0,335,0,9,1,1,0,"{""count"": 0} | {""count"": 0} | {""count"": 0} | {""count"": 0} | {""count"": 0} | {""cou"
img_0110,L4_中性,460,489,9,1,0,0,"{""count"": 72} | {""count"": 40} | {""count"": 45} | {""count"": 78} | {""count"": 48} | "
img_0107,L1_随便给,335,510,9,1,0,0,"{""count"": 80} | {""count"": 40} | {""count"": 12} | {""count"": 100} | {""count"": 40} |"
img_0111,L3_可近似,157,217,9,1,0,0,"{""count"": 0} | {""count"": 15} | {""count"": 12} | {""count"": 0} | {""count"": 50} | {"""
img_0107,L3_可近似,335,460,9,1,0,0,"{""count"": 75} | {""count"": 40} | {""count"": 12} | {""count"": 100} | {""count"": 45} |"
img_0111,L4_中性,157,118,9,1,0,0,"{""count"": 0} | {""count"": 15} | {""count"": 12} | {""count"": 0} | {""count"": 30} | {"""
img_0108,L7_不确定就0,188,0,9,1,1,0,"{""count"": 0} | {""count"": 0} | {""count"": 0} | {""count"": 0} | {""count"": 0} | {""cou"
img_0108,L1_随便给,188,260,9,1,0,0,"{""count"": 0} | {""count"": 50} | {""count"": 50} | {""count"": 0} | {""count"": 50} | {"""
img_0108,L4_中性,188,168,9,1,0,0,"{""count"": 0} | {""count"": 30} | {""count"": 25} | {""count"": 0} | {""count"": 30} | {"""
img_0108,L3_可近似,188,220,9,1,0,0,"{""count"": 0} | {""count"": 50} | {""count"": 30} | {""count"": 0} | {""count"": 50} | {"""
img_0112,L7_不确定就0,1166,0,9,1,1,0,"{""count"": 0} | {""count"": 0} | {""count"": 0} | {""count"": 0} | {""count"": 0} | {""cou"
img_0112,L4_中性,1166,300,9,1,0,0,"{""count"": 0} | {""count"": 0} | {""count"": 100} | {""count"": 0} | {""count"": 0} | {""c"
img_0112,L3_可近似,1166,4700,9,1,0,0,"{""count"": 0} | {""count"": 1000} | {""count"": 500} | {""count"": 0} | {""count"": 1500}"
img_0112,L1_随便给,1166,5900,9,1,0,0,"{""count"": 0} | {""count"": 1500} | {""count"": 200} | {""count"": 0} | {""count"": 2000}"
img_0113,L4_中性,1278,2,9,1,0,0,"{""count"": 2} | {""count"": 0} | {""count"": 0} | {""count"": 0} | {""count"": 0} | {""cou"
img_0113,L7_不确定就0,1278,0,9,1,1,0,"{""count"": 0} | {""count"": 0} | {""count"": 0} | {""count"": 0} | {""count"": 0} | {""cou"
img_0115,L7_不确定就0,291,24,9,1,0,0,"{""count"": 0} | {""count"": 0} | {""count"": 5} | {""count"": 0} | {""count"": 0} | {""cou"
img_0113,L1_随便给,1278,6903,9,1,0,0,"{""count"": 3} | {""count"": 2000} | {""count"": 200} | {""count"": 0} | {""count"": 2000}"
img_0115,L4_中性,291,373,9,1,0,0,"{""count"": 78} | {""count"": 38} | {""count"": 6} | {""count"": 98} | {""count"": 45} | {"
img_0113,L3_可近似,1278,5552,9,1,0,0,"{""count"": 2} | {""count"": 2000} | {""count"": 150} | {""count"": 0} | {""count"": 2000}"
img_0115,L1_随便给,291,387,9,1,0,0,"{""count"": 80} | {""count"": 50} | {""count"": 6} | {""count"": 100} | {""count"": 50} | "
img_0115,L3_可近似,291,417,9,1,0,0,"{""count"": 85} | {""count"": 45} | {""count"": 6} | {""count"": 120} | {""count"": 45} | "
img_0114,L7_不确定就0,800,0,9,1,1,0,"{""count"": 0} | {""count"": 0} | {""count"": 0} | {""count"": 0} | {""count"": 0} | {""cou"
img_0116,L7_不确定就0,760,0,9,1,1,0,"{""count"": 0} | {""count"": 0} | {""count"": 0} | {""count"": 0} | {""count"": 0} | {""cou"
img_0114,L4_中性,800,1057,9,1,0,0,"{""count"": 250} | {""count"": 100} | {""count"": 30} | {""count"": 200} | {""count"": 100"
img_0114,L3_可近似,800,3195,9,1,0,0,"{""count"": 1000} | {""count"": 200} | {""count"": 40} | {""count"": 500} | {""count"": 20"
img_0119,L1_随便给,723,4700,9,1,0,0,"{""count"": 0} | {""count"": 500} | {""count"": 50} | {""count"": 0} | {""count"": 2000} |"
img_0114,L1_随便给,800,2705,9,1,0,0,"{""count"": 500} | {""count"": 200} | {""count"": 50} | {""count"": 500} | {""count"": 200"
img_0117,L7_不确定就0,737,0,9,1,1,0,"{""count"": 0} | {""count"": 0} | {""count"": 0} | {""count"": 0} | {""count"": 0} | {""cou"
img_0116,L4_中性,760,278,9,1,0,0,"{""count"": 0} | {""count"": 0} | {""count"": 48} | {""count"": 0} | {""count"": 0} | {""co"
img_0119,L7_不确定就0,723,0,9,1,1,0,"{""count"": 0} | {""count"": 0} | {""count"": 0} | {""count"": 0} | {""count"": 0} | {""cou"
img_0119,L4_中性,723,225,9,1,0,0,"{""count"": 0} | {""count"": 100} | {""count"": 40} | {""count"": 0} | {""count"": 0} | {"""
img_0116,L3_可近似,760,2795,9,1,0,0,"{""count"": 500} | {""count"": 500} | {""count"": 75} | {""count"": 500} | {""count"": 500"
img_0118,L7_不确定就0,964,0,9,1,1,0,"{""count"": 0} | {""count"": 0} | {""count"": 0} | {""count"": 0} | {""count"": 0} | {""cou"
img_0116,L1_随便给,760,2830,9,1,0,0,"{""count"": 500} | {""count"": 500} | {""count"": 100} | {""count"": 500} | {""count"": 50"
img_0117,L1_随便给,737,1355,9,1,0,0,"{""count"": 200} | {""count"": 200} | {""count"": 80} | {""count"": 200} | {""count"": 150"
img_0117,L4_中性,737,780,9,1,0,0,"{""count"": 100} | {""count"": 100} | {""count"": 58} | {""count"": 100} | {""count"": 100"
img_0117,L3_可近似,737,1325,9,1,0,0,"{""count"": 200} | {""count"": 150} | {""count"": 75} | {""count"": 250} | {""count"": 150"
img_0119,L3_可近似,723,3700,9,1,0,0,"{""count"": 0} | {""count"": 500} | {""count"": 50} | {""count"": 0} | {""count"": 1500} |"
img_0120,L7_不确定就0,763,0,9,1,1,0,"{""count"": 0} | {""count"": 0} | {""count"": 0} | {""count"": 0} | {""count"": 0} | {""cou"
img_0118,L1_随便给,964,2050,9,1,0,0,"{""count"": 150} | {""count"": 300} | {""count"": 200} | {""count"": 200} | {""count"": 50"
img_0120,L3_可近似,763,1675,9,1,0,0,"{""count"": 150} | {""count"": 200} | {""count"": 40} | {""count"": 300} | {""count"": 500"
img_0120,L1_随便给,763,1725,9,1,0,0,"{""count"": 200} | {""count"": 200} | {""count"": 40} | {""count"": 300} | {""count"": 500"
img_0118,L3_可近似,964,2100,9,1,0,0,"{""count"": 150} | {""count"": 300} | {""count"": 200} | {""count"": 200} | {""count"": 50"
img_0118,L4_中性,964,1128,9,1,0,0,"{""count"": 100} | {""count"": 200} | {""count"": 100} | {""count"": 100} | {""count"": 25"
img_0120,L4_中性,763,713,9,1,0,0,"{""count"": 100} | {""count"": 100} | {""count"": 30} | {""count"": 200} | {""count"": 0} "
img_0121,L7_不确定就0,150,0,9,1,1,0,"{""count"": 0} | {""count"": 0} | {""count"": 0} | {""count"": 0} | {""count"": 0} | {""cou"
img_0121,L3_可近似,150,267,9,1,0,0,"{""count"": 10} | {""count"": 50} | {""count"": 8} | {""count"": 50} | {""count"": 100} | "
img_0121,L1_随便给,150,382,9,1,0,0,"{""count"": 10} | {""count"": 50} | {""count"": 8} | {""count"": 50} | {""count"": 150} | "
img_0121,L4_中性,150,194,9,1,0,0,"{""count"": 10} | {""count"": 45} | {""count"": 8} | {""count"": 40} | {""count"": 50} | {"
img_0122,L7_不确定就0,499,0,9,1,1,0,"{""count"": 0} | {""count"": 0} | {""count"": 0} | {""count"": 0} | {""count"": 0} | {""cou"
img_0122,L4_中性,499,446,9,1,0,0,"{""count"": 28} | {""count"": 48} | {""count"": 50} | {""count"": 40} | {""count"": 100} |"
img_0124,L7_不确定就0,757,12,9,1,0,0,"{""count"": 0} | {""count"": 0} | {""count"": 3} | {""count"": 0} | {""count"": 0} | {""cou"
img_0122,L1_随便给,499,1050,9,1,0,0,"{""count"": 50} | {""count"": 70} | {""count"": 100} | {""count"": 100} | {""count"": 200}"
img_0122,L3_可近似,499,1025,9,1,0,0,"{""count"": 50} | {""count"": 70} | {""count"": 75} | {""count"": 100} | {""count"": 200} "
img_0124,L1_随便给,757,2022,9,1,0,0,"{""count"": 0} | {""count"": 500} | {""count"": 8} | {""count"": 0} | {""count"": 1000} | "
img_0124,L3_可近似,757,2022,9,1,0,0,"{""count"": 0} | {""count"": 500} | {""count"": 8} | {""count"": 0} | {""count"": 1000} | "
img_0124,L4_中性,757,322,9,1,0,0,"{""count"": 0} | {""count"": 100} | {""count"": 8} | {""count"": 0} | {""count"": 100} | {"
img_0125,L7_不确定就0,1256,10,9,1,0,0,"{""count"": 0} | {""count"": 0} | {""count"": 0} | {""count"": 0} | {""count"": 0} | {""cou"
img_0123,L7_不确定就0,485,0,9,1,1,0,"{""count"": 0} | {""count"": 0} | {""count"": 0} | {""count"": 0} | {""count"": 0} | {""cou"
img_0125,L4_中性,1256,471,9,1,0,0,"{""count"": 0} | {""count"": 100} | {""count"": 50} | {""count"": 0} | {""count"": 100} | "
img_0125,L3_可近似,1256,4350,9,1,0,0,"{""count"": 2000} | {""count"": 250} | {""count"": 50} | {""count"": 1500} | {""count"": 2"
img_0125,L1_随便给,1256,3800,9,1,0,0,"{""count"": 2000} | {""count"": 200} | {""count"": 50} | {""count"": 1000} | {""count"": 2"
img_0123,L1_随便给,485,585,9,1,0,0,"{""count"": 70} | {""count"": 40} | {""count"": 30} | {""count"": 150} | {""count"": 100} "
img_0123,L4_中性,485,500,9,1,0,0,"{""count"": 58} | {""count"": 35} | {""count"": 30} | {""count"": 100} | {""count"": 100} "
img_0123,L3_可近似,485,590,9,1,0,0,"{""count"": 75} | {""count"": 35} | {""count"": 30} | {""count"": 150} | {""count"": 100} "
img_0126,L7_不确定就0,305,0,9,1,1,0,"{""count"": 0} | {""count"": 0} | {""count"": 0} | {""count"": 0} | {""count"": 0} | {""cou"
img_0126,L4_中性,305,265,9,1,0,0,"{""count"": 0} | {""count"": 100} | {""count"": 13} | {""count"": 0} | {""count"": 100} | "
img_0126,L1_随便给,305,737,9,1,0,0,"{""count"": 0} | {""count"": 200} | {""count"": 12} | {""count"": 0} | {""count"": 300} | "
img_0126,L3_可近似,305,684,9,1,0,0,"{""count"": 0} | {""count"": 200} | {""count"": 12} | {""count"": 0} | {""count"": 300} | "
img_0128,L4_中性,811,0,9,1,1,0,"{""count"": 0} | {""count"": 0} | {""count"": 0} | {""count"": 0} | {""count"": 0} | {""cou"
img_0128,L7_不确定就0,811,0,9,1,1,0,"{""count"": 0} | {""count"": 0} | {""count"": 0} | {""count"": 0} | {""count"": 0} | {""cou"
img_0127,L7_不确定就0,408,0,9,1,1,0,"{""count"": 0} | {""count"": 0} | {""count"": 0} | {""count"": 0} | {""count"": 0} | {""cou"
img_0127,L4_中性,408,581,9,1,0,0,"{""count"": 78} | {""count"": 78} | {""count"": 30} | {""count"": 150} | {""count"": 100} "
img_0127,L3_可近似,408,890,9,1,0,0,"{""count"": 100} | {""count"": 100} | {""count"": 30} | {""count"": 300} | {""count"": 150"
img_0128,L1_随便给,811,6600,9,1,0,0,"{""count"": 0} | {""count"": 500} | {""count"": 200} | {""count"": 0} | {""count"": 5000} "
img_0127,L1_随便给,408,945,9,1,0,0,"{""count"": 150} | {""count"": 100} | {""count"": 30} | {""count"": 300} | {""count"": 150"
img_0128,L3_可近似,811,2750,9,1,0,0,"{""count"": 0} | {""count"": 1000} | {""count"": 200} | {""count"": 0} | {""count"": 1000}"
img_0129,L7_不确定就0,311,0,9,1,1,0,"{""count"": 0} | {""count"": 0} | {""count"": 0} | {""count"": 0} | {""count"": 0} | {""cou"
img_0129,L1_随便给,311,600,9,1,0,0,"{""count"": 100} | {""count"": 150} | {""count"": 8} | {""count"": 100} | {""count"": 100}"
img_0129,L4_中性,311,370,9,1,0,0,"{""count"": 50} | {""count"": 78} | {""count"": 7} | {""count"": 58} | {""count"": 58} | {"
img_0129,L3_可近似,311,570,9,1,0,0,"{""count"": 70} | {""count"": 150} | {""count"": 8} | {""count"": 100} | {""count"": 100} "
img_0130,L7_不确定就0,456,35,9,1,0,0,"{""count"": 0} | {""count"": 0} | {""count"": 8} | {""count"": 0} | {""count"": 0} | {""cou"
img_0130,L1_随便给,456,10452,9,1,0,0,"{""count"": 5000} | {""count"": 200} | {""count"": 10} | {""count"": 5000} | {""count"": 2"
img_0130,L4_中性,456,251,9,1,0,0,"{""count"": 0} | {""count"": 100} | {""count"": 9} | {""count"": 0} | {""count"": 100} | {"
img_0131,L7_不确定就0,475,0,9,1,1,0,"{""count"": 0} | {""count"": 0} | {""count"": 0} | {""count"": 0} | {""count"": 0} | {""cou"
img_0131,L1_随便给,475,2036,9,1,0,0,"{""count"": 0} | {""count"": 500} | {""count"": 8} | {""count"": 8} | {""count"": 1000} | "
img_0131,L4_中性,475,238,9,1,0,0,"{""count"": 0} | {""count"": 10} | {""count"": 9} | {""count"": 0} | {""count"": 100} | {"""
img_0131,L3_可近似,475,1535,9,1,0,0,"{""count"": 0} | {""count"": 500} | {""count"": 8} | {""count"": 8} | {""count"": 500} | {"
img_0134,L7_不确定就0,152,0,9,1,1,0,"{""count"": 0} | {""count"": 0} | {""count"": 0} | {""count"": 0} | {""count"": 0} | {""cou"
img_0130,L3_可近似,456,2452,9,1,0,0,"{""count"": 1000} | {""count"": 200} | {""count"": 10} | {""count"": 1000} | {""count"": 2"
img_0132,L7_不确定就0,294,42,9,1,0,0,"{""count"": 0} | {""count"": 0} | {""count"": 14} | {""count"": 0} | {""count"": 0} | {""co"
img_0134,L3_可近似,152,217,9,1,0,0,"{""count"": 25} | {""count"": 20} | {""count"": 12} | {""count"": 30} | {""count"": 30} | "
img_0134,L4_中性,152,203,9,1,0,0,"{""count"": 22} | {""count"": 20} | {""count"": 12} | {""count"": 30} | {""count"": 28} | "
img_0132,L3_可近似,294,415,9,1,0,0,"{""count"": 150} | {""count"": 50} | {""count"": 15} | {""count"": 80} | {""count"": 35} |"
img_0134,L1_随便给,152,227,9,1,0,0,"{""count"": 25} | {""count"": 25} | {""count"": 12} | {""count"": 30} | {""count"": 30} | "
img_0132,L1_随便给,294,450,9,1,0,0,"{""count"": 150} | {""count"": 50} | {""count"": 15} | {""count"": 100} | {""count"": 40} "
img_0133,L7_不确定就0,944,11,9,1,0,0,"{""count"": 0} | {""count"": 0} | {""count"": 5} | {""count"": 0} | {""count"": 0} | {""cou"
img_0133,L4_中性,944,328,9,1,0,0,"{""count"": 0} | {""count"": 100} | {""count"": 8} | {""count"": 0} | {""count"": 100} | {"
img_0135,L3_可近似,314,1077,9,1,0,0,"{""count"": 2} | {""count"": 500} | {""count"": 15} | {""count"": 0} | {""count"": 500} | "
img_0132,L4_中性,294,352,9,1,0,0,"{""count"": 100} | {""count"": 45} | {""count"": 17} | {""count"": 72} | {""count"": 32} |"
img_0135,L4_中性,314,268,9,1,0,0,"{""count"": 0} | {""count"": 100} | {""count"": 14} | {""count"": 0} | {""count"": 100} | "
img_0135,L1_随便给,314,1082,9,1,0,0,"{""count"": 2} | {""count"": 500} | {""count"": 15} | {""count"": 0} | {""count"": 500} | "
img_0133,L3_可近似,944,4528,9,1,0,0,"{""count"": 1000} | {""count"": 500} | {""count"": 8} | {""count"": 1000} | {""count"": 50"
img_0133,L1_随便给,944,5529,9,1,0,0,"{""count"": 2000} | {""count"": 500} | {""count"": 8} | {""count"": 1500} | {""count"": 50"
img_0135,L7_不确定就0,314,0,9,1,1,0,"{""count"": 0} | {""count"": 0} | {""count"": 0} | {""count"": 0} | {""count"": 0} | {""cou"
img_0136,L7_不确定就0,652,0,9,1,1,0,"{""count"": 0} | {""count"": 0} | {""count"": 0} | {""count"": 0} | {""count"": 0} | {""cou"
img_0136,L3_可近似,652,2050,9,1,0,0,"{""count"": 250} | {""count"": 150} | {""count"": 150} | {""count"": 200} | {""count"": 25"
img_0136,L1_随便给,652,1950,9,1,0,0,"{""count"": 200} | {""count"": 150} | {""count"": 150} | {""count"": 200} | {""count"": 20"
img_0136,L4_中性,652,872,9,1,0,0,"{""count"": 100} | {""count"": 72} | {""count"": 100} | {""count"": 100} | {""count"": 100"
img_0137,L7_不确定就0,751,0,9,1,1,0,"{""count"": 0} | {""count"": 0} | {""count"": 0} | {""count"": 0} | {""count"": 0} | {""cou"
img_0137,L4_中性,751,78,9,1,0,0,"{""count"": 0} | {""count"": 0} | {""count"": 30} | {""count"": 0} | {""count"": 0} | {""co"
img_0137,L3_可近似,751,5095,9,1,0,0,"{""count"": 0} | {""count"": 1500} | {""count"": 40} | {""count"": 0} | {""count"": 2000} "
img_0137,L1_随便给,751,9105,9,1,0,0,"{""count"": 0} | {""count"": 2000} | {""count"": 50} | {""count"": 0} | {""count"": 5000} "
img_0138,L7_不确定就0,632,0,9,1,1,0,"{""count"": 0} | {""count"": 0} | {""count"": 0} | {""count"": 0} | {""count"": 0} | {""cou"
img_0138,L4_中性,632,849,9,1,0,0,"{""count"": 78} | {""count"": 120} | {""count"": 100} | {""count"": 78} | {""count"": 150}"
img_0138,L3_可近似,632,1500,9,1,0,0,"{""count"": 150} | {""count"": 200} | {""count"": 200} | {""count"": 150} | {""count"": 25"
img_0138,L1_随便给,632,1450,9,1,0,0,"{""count"": 150} | {""count"": 200} | {""count"": 200} | {""count"": 150} | {""count"": 20"
img_0141,L7_不确定就0,171,16,9,1,0,0,"{""count"": 0} | {""count"": 0} | {""count"": 0} | {""count"": 0} | {""count"": 0} | {""cou"
img_0141,L1_随便给,171,345,9,1,0,0,"{""count"": 100} | {""count"": 100} | {""count"": 12} | {""count"": 30} | {""count"": 50} "
img_0141,L3_可近似,171,314,9,1,0,0,"{""count"": 100} | {""count"": 70} | {""count"": 12} | {""count"": 30} | {""count"": 50} |"
img_0141,L4_中性,171,236,9,1,0,0,"{""count"": 50} | {""count"": 50} | {""count"": 13} | {""count"": 30} | {""count"": 38} | "
img_0139,L7_不确定就0,428,14,9,1,0,0,"{""count"": 0} | {""count"": 0} | {""count"": 0} | {""count"": 0} | {""count"": 0} | {""cou"
img_0139,L4_中性,428,274,9,1,0,0,"{""count"": 0} | {""count"": 50} | {""count"": 8} | {""count"": 0} | {""count"": 100} | {"""
img_0139,L1_随便给,428,906,9,1,0,0,"{""count"": 200} | {""count"": 80} | {""count"": 8} | {""count"": 50} | {""count"": 200} |"
img_0139,L3_可近似,428,721,9,1,0,0,"{""count"": 100} | {""count"": 75} | {""count"": 8} | {""count"": 20} | {""count"": 250} |"
img_0140,L7_不确定就0,398,0,9,1,1,0,"{""count"": 0} | {""count"": 0} | {""count"": 0} | {""count"": 0} | {""count"": 0} | {""cou"
img_0142,L7_不确定就0,353,0,9,1,1,0,"{""count"": 0} | {""count"": 0} | {""count"": 0} | {""count"": 0} | {""count"": 0} | {""cou"
img_0143,L7_不确定就0,810,0,9,1,1,0,"{""count"": 0} | {""count"": 0} | {""count"": 0} | {""count"": 0} | {""count"": 0} | {""cou"
img_0142,L1_随便给,353,595,9,1,0,0,"{""count"": 50} | {""count"": 50} | {""count"": 30} | {""count"": 100} | {""count"": 75} |"
img_0142,L4_中性,353,424,9,1,0,0,"{""count"": 45} | {""count"": 40} | {""count"": 30} | {""count"": 50} | {""count"": 50} | "
img_0142,L3_可近似,353,590,9,1,0,0,"{""count"": 50} | {""count"": 50} | {""count"": 30} | {""count"": 100} | {""count"": 75} |"
img_0143,L1_随便给,810,1550,9,1,0,0,"{""count"": 200} | {""count"": 200} | {""count"": 100} | {""count"": 200} | {""count"": 20"
img_0143,L3_可近似,810,1650,9,1,0,0,"{""count"": 200} | {""count"": 200} | {""count"": 100} | {""count"": 250} | {""count"": 20"
img_0143,L4_中性,810,800,9,1,0,0,"{""count"": 100} | {""count"": 100} | {""count"": 50} | {""count"": 100} | {""count"": 100"
img_0140,L3_可近似,398,685,9,1,0,0,"{""count"": 20} | {""count"": 200} | {""count"": 8} | {""count"": 25} | {""count"": 250} |"
img_0140,L4_中性,398,392,9,1,0,0,"{""count"": 20} | {""count"": 100} | {""count"": 9} | {""count"": 28} | {""count"": 100} |"
img_0140,L1_随便给,398,795,9,1,0,0,"{""count"": 20} | {""count"": 200} | {""count"": 8} | {""count"": 30} | {""count"": 300} |"
img_0144,L7_不确定就0,446,10,9,1,0,0,"{""count"": 0} | {""count"": 0} | {""count"": 10} | {""count"": 0} | {""count"": 0} | {""co"
img_0144,L4_中性,446,279,9,1,0,0,"{""count"": 0} | {""count"": 78} | {""count"": 15} | {""count"": 0} | {""count"": 50} | {"""
img_0144,L3_可近似,446,900,9,1,0,0,"{""count"": 0} | {""count"": 200} | {""count"": 15} | {""count"": 0} | {""count"": 150} | "
img_0144,L1_随便给,446,905,9,1,0,0,"{""count"": 0} | {""count"": 200} | {""count"": 15} | {""count"": 0} | {""count"": 150} | "
img_0145,L1_随便给,161,260,9,1,0,0,"{""count"": 50} | {""count"": 30} | {""count"": 7} | {""count"": 50} | {""count"": 30} | {"
img_0145,L7_不确定就0,161,0,9,1,1,0,"{""count"": 0} | {""count"": 0} | {""count"": 0} | {""count"": 0} | {""count"": 0} | {""cou"
img_0145,L4_中性,161,212,9,1,0,0,"{""count"": 38} | {""count"": 25} | {""count"": 7} | {""count"": 40} | {""count"": 25} | {"
img_0145,L3_可近似,161,260,9,1,0,0,"{""count"": 50} | {""count"": 30} | {""count"": 7} | {""count"": 50} | {""count"": 30} | {"
img_0146,L7_不确定就0,387,12,9,1,0,0,"{""count"": 0} | {""count"": 0} | {""count"": 6} | {""count"": 0} | {""count"": 0} | {""cou"
img_0146,L4_中性,387,445,9,1,0,0,"{""count"": 50} | {""count"": 75} | {""count"": 8} | {""count"": 0} | {""count"": 100} | {"
img_0146,L1_随便给,387,1170,9,1,0,0,"{""count"": 150} | {""count"": 100} | {""count"": 8} | {""count"": 300} | {""count"": 200}"
img_0146,L3_可近似,387,921,9,1,0,0,"{""count"": 100} | {""count"": 100} | {""count"": 9} | {""count"": 200} | {""count"": 200}"
img_0147,L1_随便给,135,207,9,1,0,0,"{""count"": 40} | {""count"": 25} | {""count"": 6} | {""count"": 40} | {""count"": 25} | {"
img_0147,L7_不确定就0,135,10,9,1,0,0,"{""count"": 0} | {""count"": 0} | {""count"": 4} | {""count"": 0} | {""count"": 0} | {""cou"
img_0147,L3_可近似,135,197,9,1,0,0,"{""count"": 35} | {""count"": 25} | {""count"": 6} | {""count"": 40} | {""count"": 20} | {"
img_0147,L4_中性,135,189,9,1,0,0,"{""count"": 35} | {""count"": 24} | {""count"": 6} | {""count"": 38} | {""count"": 20} | {"
img_0148,L7_不确定就0,819,0,9,1,1,0,"{""count"": 0} | {""count"": 0} | {""count"": 0} | {""count"": 0} | {""count"": 0} | {""cou"
img_0148,L4_中性,819,26,9,1,0,0,"{""count"": 0} | {""count"": 0} | {""count"": 10} | {""count"": 0} | {""count"": 0} | {""co"
img_0148,L1_随便给,819,4526,9,1,0,0,"{""count"": 0} | {""count"": 1000} | {""count"": 10} | {""count"": 0} | {""count"": 2000} "
img_0148,L3_可近似,819,3026,9,1,0,0,"{""count"": 0} | {""count"": 1000} | {""count"": 10} | {""count"": 0} | {""count"": 1000} "
img_0149,L7_不确定就0,390,25,9,1,0,0,"{""count"": 0} | {""count"": 0} | {""count"": 0} | {""count"": 0} | {""count"": 0} | {""cou"
img_0149,L4_中性,390,323,9,1,0,0,"{""count"": 5} | {""count"": 45} | {""count"": 13} | {""count"": 0} | {""count"": 100} | {"
img_0150,L7_不确定就0,396,14,9,1,0,0,"{""count"": 0} | {""count"": 0} | {""count"": 14} | {""count"": 0} | {""count"": 0} | {""co"
img_0149,L1_随便给,390,480,9,1,0,0,"{""count"": 5} | {""count"": 50} | {""count"": 15} | {""count"": 0} | {""count"": 200} | {"
img_0149,L3_可近似,390,430,9,1,0,0,"{""count"": 5} | {""count"": 50} | {""count"": 15} | {""count"": 0} | {""count"": 150} | {"
img_0150,L4_中性,396,350,9,1,0,0,"{""count"": 0} | {""count"": 100} | {""count"": 17} | {""count"": 40} | {""count"": 100} |"
img_0150,L3_可近似,396,626,9,1,0,0,"{""count"": 50} | {""count"": 200} | {""count"": 18} | {""count"": 40} | {""count"": 200} "
img_0151,L7_不确定就0,648,0,9,1,1,0,"{""count"": 0} | {""count"": 0} | {""count"": 0} | {""count"": 0} | {""count"": 0} | {""cou"
img_0150,L1_随便给,396,655,9,1,0,0,"{""count"": 50} | {""count"": 200} | {""count"": 20} | {""count"": 40} | {""count"": 200} "
img_0151,L4_中性,648,139,9,1,0,0,"{""count"": 0} | {""count"": 0} | {""count"": 45} | {""count"": 0} | {""count"": 0} | {""co"
img_0151,L1_随便给,648,7650,9,1,0,0,"{""count"": 0} | {""count"": 5000} | {""count"": 100} | {""count"": 0} | {""count"": 2000}"
img_0151,L3_可近似,648,7645,9,1,0,0,"{""count"": 0} | {""count"": 5000} | {""count"": 100} | {""count"": 0} | {""count"": 2000}"
img_0152,L7_不确定就0,901,0,9,1,1,0,"{""count"": 0} | {""count"": 0} | {""count"": 0} | {""count"": 0} | {""count"": 0} | {""cou"
img_0152,L3_可近似,901,2447,9,1,0,0,"{""count"": 500} | {""count"": 500} | {""count"": 25} | {""count"": 500} | {""count"": 300"
img_0152,L4_中性,901,348,9,1,0,0,"{""count"": 0} | {""count"": 100} | {""count"": 25} | {""count"": 0} | {""count"": 100} | "
img_0152,L1_随便给,901,2352,9,1,0,0,"{""count"": 500} | {""count"": 500} | {""count"": 30} | {""count"": 500} | {""count"": 300"
img_0153,L4_中性,641,42,9,1,0,0,"{""count"": 0} | {""count"": 0} | {""count"": 15} | {""count"": 0} | {""count"": 0} | {""co"
img_0153,L7_不确定就0,641,0,9,1,1,0,"{""count"": 0} | {""count"": 0} | {""count"": 0} | {""count"": 0} | {""count"": 0} | {""cou"
img_0153,L1_随便给,641,5545,9,1,0,0,"{""count"": 0} | {""count"": 1500} | {""count"": 15} | {""count"": 0} | {""count"": 2000} "
img_0154,L7_不确定就0,354,0,9,1,1,0,"{""count"": 0} | {""count"": 0} | {""count"": 0} | {""count"": 0} | {""count"": 0} | {""cou"
img_0153,L3_可近似,641,2540,9,1,0,0,"{""count"": 0} | {""count"": 500} | {""count"": 15} | {""count"": 0} | {""count"": 1000} |"
img_0154,L1_随便给,354,1292,9,1,0,0,"{""count"": 2} | {""count"": 500} | {""count"": 50} | {""count"": 0} | {""count"": 500} | "
img_0154,L4_中性,354,74,9,1,0,0,"{""count"": 2} | {""count"": 0} | {""count"": 25} | {""count"": 0} | {""count"": 0} | {""co"
img_0154,L3_可近似,354,1242,9,1,0,0,"{""count"": 2} | {""count"": 500} | {""count"": 50} | {""count"": 0} | {""count"": 500} | "
img_0155,L7_不确定就0,845,0,9,1,1,0,"{""count"": 0} | {""count"": 0} | {""count"": 0} | {""count"": 0} | {""count"": 0} | {""cou"
img_0155,L4_中性,845,798,9,1,0,0,"{""count"": 200} | {""count"": 100} | {""count"": 50} | {""count"": 100} | {""count"": 100"
img_0155,L3_可近似,845,1580,9,1,0,0,"{""count"": 500} | {""count"": 200} | {""count"": 100} | {""count"": 250} | {""count"": 15"
img_0155,L1_随便给,845,1530,9,1,0,0,"{""count"": 500} | {""count"": 200} | {""count"": 100} | {""count"": 200} | {""count"": 15"
img_0156,L7_不确定就0,2075,0,9,1,1,0,"{""count"": 0} | {""count"": 0} | {""count"": 0} | {""count"": 0} | {""count"": 0} | {""cou"
img_0158,L7_不确定就0,247,10,9,1,0,0,"{""count"": 0} | {""count"": 0} | {""count"": 0} | {""count"": 0} | {""count"": 0} | {""cou"
img_0156,L4_中性,2075,1409,9,1,0,0,"{""count"": 0} | {""count"": 0} | {""count"": 50} | {""count"": 100} | {""count"": 1024} |"
img_0158,L4_中性,247,367,9,1,0,0,"{""count"": 25} | {""count"": 35} | {""count"": 7} | {""count"": 100} | {""count"": 100} |"
img_0158,L1_随便给,247,628,9,1,0,0,"{""count"": 30} | {""count"": 50} | {""count"": 8} | {""count"": 200} | {""count"": 200} |"
img_0158,L3_可近似,247,627,9,1,0,0,"{""count"": 30} | {""count"": 50} | {""count"": 7} | {""count"": 200} | {""count"": 200} |"
img_0157,L7_不确定就0,471,0,9,1,1,0,"{""count"": 0} | {""count"": 0} | {""count"": 0} | {""count"": 0} | {""count"": 0} | {""cou"
img_0156,L3_可近似,2075,6440,9,1,0,0,"{""count"": 1000} | {""count"": 1000} | {""count"": 100} | {""count"": 300} | {""count"": "
img_0156,L1_随便给,2075,6440,9,1,0,0,"{""count"": 1000} | {""count"": 1000} | {""count"": 100} | {""count"": 300} | {""count"": "
img_0157,L1_随便给,471,685,9,1,0,0,"{""count"": 150} | {""count"": 50} | {""count"": 30} | {""count"": 150} | {""count"": 50} "
img_0157,L4_中性,471,491,9,1,0,0,"{""count"": 100} | {""count"": 40} | {""count"": 30} | {""count"": 100} | {""count"": 50} "
img_0157,L3_可近似,471,635,9,1,0,0,"{""count"": 150} | {""count"": 50} | {""count"": 30} | {""count"": 150} | {""count"": 50} "
img_0159,L7_不确定就0,469,0,9,1,1,0,"{""count"": 0} | {""count"": 0} | {""count"": 0} | {""count"": 0} | {""count"": 0} | {""cou"
img_0159,L3_可近似,469,2377,9,1,0,0,"{""count"": 500} | {""count"": 150} | {""count"": 10} | {""count"": 1500} | {""count"": 15"
img_0159,L4_中性,469,262,9,1,0,0,"{""count"": 100} | {""count"": 50} | {""count"": 10} | {""count"": 0} | {""count"": 40} | "
img_0159,L1_随便给,469,2877,9,1,0,0,"{""count"": 500} | {""count"": 150} | {""count"": 10} | {""count"": 2000} | {""count"": 15"
img_0160,L7_不确定就0,1063,0,9,1,1,0,"{""count"": 0} | {""count"": 0} | {""count"": 0} | {""count"": 0} | {""count"": 0} | {""cou"
img_0160,L1_随便给,1063,3286,9,1,0,0,"{""count"": 500} | {""count"": 1500} | {""count"": 30} | {""count"": 200} | {""count"": 50"
img_0160,L4_中性,1063,373,9,1,0,0,"{""count"": 0} | {""count"": 100} | {""count"": 25} | {""count"": 0} | {""count"": 100} | "
img_0160,L3_可近似,1063,3226,9,1,0,0,"{""count"": 500} | {""count"": 1000} | {""count"": 25} | {""count"": 150} | {""count"": 10"
img_0161,L7_不确定就0,313,12,9,1,0,0,"{""count"": 0} | {""count"": 0} | {""count"": 0} | {""count"": 0} | {""count"": 0} | {""cou"
img_0161,L3_可近似,313,528,9,1,0,0,"{""count"": 50} | {""count"": 150} | {""count"": 15} | {""count"": 30} | {""count"": 100} "
img_0161,L4_中性,313,352,9,1,0,0,"{""count"": 30} | {""count"": 100} | {""count"": 16} | {""count"": 25} | {""count"": 50} |"
img_0161,L1_随便给,313,551,9,1,0,0,"{""count"": 50} | {""count"": 150} | {""count"": 18} | {""count"": 50} | {""count"": 100} "
img_0162,L1_随便给,279,495,9,1,0,0,"{""count"": 0} | {""count"": 100} | {""count"": 50} | {""count"": 0} | {""count"": 150} | "
img_0162,L7_不确定就0,279,0,9,1,1,0,"{""count"": 0} | {""count"": 0} | {""count"": 0} | {""count"": 0} | {""count"": 0} | {""cou"
img_0162,L3_可近似,279,485,9,1,0,0,"{""count"": 0} | {""count"": 100} | {""count"": 40} | {""count"": 0} | {""count"": 150} | "
img_0163,L7_不确定就0,372,0,9,1,1,0,"{""count"": 0} | {""count"": 0} | {""count"": 0} | {""count"": 0} | {""count"": 0} | {""cou"
img_0162,L4_中性,279,320,9,1,0,0,"{""count"": 0} | {""count"": 72} | {""count"": 30} | {""count"": 0} | {""count"": 100} | {"
img_0163,L1_随便给,372,650,9,1,0,0,"{""count"": 0} | {""count"": 200} | {""count"": 30} | {""count"": 0} | {""count"": 200} | "
img_0163,L4_中性,372,380,9,1,0,0,"{""count"": 0} | {""count"": 100} | {""count"": 25} | {""count"": 0} | {""count"": 100} | "
img_0163,L3_可近似,372,640,9,1,0,0,"{""count"": 0} | {""count"": 200} | {""count"": 25} | {""count"": 0} | {""count"": 200} | "
img_0164,L7_不确定就0,1586,0,9,1,1,0,"{""count"": 0} | {""count"": 0} | {""count"": 0} | {""count"": 0} | {""count"": 0} | {""cou"
img_0165,L7_不确定就0,198,68,9,1,0,0,"{""count"": 0} | {""count"": 0} | {""count"": 0} | {""count"": 18} | {""count"": 0} | {""co"
img_0165,L3_可近似,198,320,9,1,0,0,"{""count"": 25} | {""count"": 50} | {""count"": 40} | {""count"": 25} | {""count"": 45} | "
img_0165,L4_中性,198,286,9,1,0,0,"{""count"": 28} | {""count"": 45} | {""count"": 30} | {""count"": 23} | {""count"": 38} | "
img_0165,L1_随便给,198,345,9,1,0,0,"{""count"": 30} | {""count"": 50} | {""count"": 50} | {""count"": 25} | {""count"": 45} | "
img_0166,L7_不确定就0,2315,0,9,1,1,0,"{""count"": 0} | {""count"": 0} | {""count"": 0} | {""count"": 0} | {""count"": 0} | {""cou"
img_0164,L4_中性,1586,678,9,1,0,0,"{""count"": 0} | {""count"": 100} | {""count"": 100} | {""count"": 0} | {""count"": 200} |"
img_0164,L3_可近似,1586,6750,9,1,0,0,"{""count"": 1500} | {""count"": 500} | {""count"": 150} | {""count"": 2000} | {""count"": "
img_0164,L1_随便给,1586,6750,9,1,0,0,"{""count"": 1500} | {""count"": 500} | {""count"": 150} | {""count"": 2000} | {""count"": "
img_0166,L4_中性,2315,347,9,1,0,0,"{""count"": 0} | {""count"": 0} | {""count"": 87} | {""count"": 0} | {""count"": 0} | {""co"
img_0167,L7_不确定就0,4195,0,9,1,1,0,"{""count"": 0} | {""count"": 0} | {""count"": 0} | {""count"": 0} | {""count"": 0} | {""cou"
img_0167,L4_中性,4195,570,9,1,0,0,"{""count"": 0} | {""count"": 0} | {""count"": 100} | {""count"": 0} | {""count"": 0} | {""c"
img_0166,L1_随便给,2315,8600,9,1,0,0,"{""count"": 1500} | {""count"": 1500} | {""count"": 150} | {""count"": 2000} | {""count"":"
img_0166,L3_可近似,2315,8500,9,1,0,0,"{""count"": 1000} | {""count"": 1500} | {""count"": 100} | {""count"": 2500} | {""count"":"
img_0167,L1_随便给,4195,18430,9,1,0,0,"{""count"": 500} | {""count"": 1500} | {""count"": 200} | {""count"": 5000} | {""count"": "
img_0167,L3_可近似,4195,13250,9,1,0,0,"{""count"": 300} | {""count"": 1500} | {""count"": 250} | {""count"": 2500} | {""count"": "
img_0168,L7_不确定就0,138,8,9,1,0,0,"{""count"": 0} | {""count"": 0} | {""count"": 0} | {""count"": 0} | {""count"": 0} | {""cou"
img_0168,L1_随便给,138,240,9,1,0,0,"{""count"": 50} | {""count"": 25} | {""count"": 15} | {""count"": 50} | {""count"": 20} | "
img_0168,L3_可近似,138,235,9,1,0,0,"{""count"": 45} | {""count"": 25} | {""count"": 15} | {""count"": 50} | {""count"": 20} | "
img_0168,L4_中性,138,208,9,1,0,0,"{""count"": 38} | {""count"": 25} | {""count"": 13} | {""count"": 40} | {""count"": 19} | "
img_0170,L7_不确定就0,148,13,9,1,0,0,"{""count"": 0} | {""count"": 0} | {""count"": 0} | {""count"": 0} | {""count"": 0} | {""cou"
img_0169,L7_不确定就0,174,13,9,1,0,0,"{""count"": 0} | {""count"": 0} | {""count"": 0} | {""count"": 0} | {""count"": 0} | {""cou"
img_0169,L4_中性,174,120,9,1,0,0,"{""count"": 0} | {""count"": 30} | {""count"": 7} | {""count"": 0} | {""count"": 30} | {""c"
img_0169,L3_可近似,174,376,9,1,0,0,"{""count"": 0} | {""count"": 150} | {""count"": 7} | {""count"": 0} | {""count"": 150} | {"
img_0169,L1_随便给,174,478,9,1,0,0,"{""count"": 0} | {""count"": 200} | {""count"": 8} | {""count"": 0} | {""count"": 200} | {"
img_0170,L4_中性,148,211,9,1,0,0,"{""count"": 25} | {""count"": 25} | {""count"": 15} | {""count"": 30} | {""count"": 25} | "
img_0170,L1_随便给,148,225,9,1,0,0,"{""count"": 25} | {""count"": 30} | {""count"": 15} | {""count"": 35} | {""count"": 25} | "
img_0170,L3_可近似,148,220,9,1,0,0,"{""count"": 25} | {""count"": 25} | {""count"": 15} | {""count"": 35} | {""count"": 25} | "
img_0171,L7_不确定就0,608,0,9,1,1,0,"{""count"": 0} | {""count"": 0} | {""count"": 0} | {""count"": 0} | {""count"": 0} | {""cou"
img_0171,L4_中性,608,81,9,1,0,0,"{""count"": 0} | {""count"": 0} | {""count"": 25} | {""count"": 0} | {""count"": 0} | {""co"
img_0171,L3_可近似,608,4345,9,1,0,0,"{""count"": 50} | {""count"": 1000} | {""count"": 30} | {""count"": 200} | {""count"": 150"
img_0171,L1_随便给,608,4660,9,1,0,0,"{""count"": 50} | {""count"": 500} | {""count"": 30} | {""count"": 500} | {""count"": 1500"
img_0174,L7_不确定就0,259,2,9,1,0,0,"{""count"": 2} | {""count"": 0} | {""count"": 0} | {""count"": 0} | {""count"": 0} | {""cou"
img_0174,L4_中性,259,90,9,1,0,0,"{""count"": 3} | {""count"": 20} | {""count"": 17} | {""count"": 0} | {""count"": 20} | {"""
img_0174,L3_可近似,259,614,9,1,0,0,"{""count"": 3} | {""count"": 30} | {""count"": 20} | {""count"": 1} | {""count"": 30} | {"""
img_0174,L1_随便给,259,623,9,1,0,0,"{""count"": 3} | {""count"": 30} | {""count"": 20} | {""count"": 5} | {""count"": 30} | {"""
img_0172,L7_不确定就0,110,0,9,1,1,0,"{""count"": 0} | {""count"": 0} | {""count"": 0} | {""count"": 0} | {""count"": 0} | {""cou"
img_0172,L3_可近似,110,340,9,1,0,0,"{""count"": 0} | {""count"": 50} | {""count"": 30} | {""count"": 0} | {""count"": 150} | {"
img_0172,L4_中性,110,120,9,1,0,0,"{""count"": 0} | {""count"": 25} | {""count"": 25} | {""count"": 0} | {""count"": 15} | {"""
img_0172,L1_随便给,110,400,9,1,0,0,"{""count"": 0} | {""count"": 50} | {""count"": 30} | {""count"": 0} | {""count"": 200} | {"
img_0173,L7_不确定就0,883,16,9,1,0,0,"{""count"": 1} | {""count"": 0} | {""count"": 0} | {""count"": 5} | {""count"": 0} | {""cou"
img_0173,L4_中性,883,732,9,1,0,0,"{""count"": 4} | {""count"": 100} | {""count"": 50} | {""count"": 8} | {""count"": 200} | "
img_0173,L1_随便给,883,1686,9,1,0,0,"{""count"": 3} | {""count"": 200} | {""count"": 150} | {""count"": 8} | {""count"": 500} |"
img_0175,L7_不确定就0,117,11,9,1,0,0,"{""count"": 0} | {""count"": 0} | {""count"": 0} | {""count"": 0} | {""count"": 0} | {""cou"
img_0175,L1_随便给,117,141,9,1,0,0,"{""count"": 0} | {""count"": 25} | {""count"": 25} | {""count"": 0} | {""count"": 35} | {"""
img_0175,L3_可近似,117,141,9,1,0,0,"{""count"": 0} | {""count"": 25} | {""count"": 25} | {""count"": 0} | {""count"": 35} | {"""
img_0173,L3_可近似,883,1680,9,1,0,0,"{""count"": 3} | {""count"": 200} | {""count"": 150} | {""count"": 7} | {""count"": 500} |"
img_0175,L4_中性,117,129,9,1,0,0,"{""count"": 0} | {""count"": 20} | {""count"": 23} | {""count"": 0} | {""count"": 30} | {"""
img_0176,L7_不确定就0,326,0,9,1,1,0,"{""count"": 0} | {""count"": 0} | {""count"": 0} | {""count"": 0} | {""count"": 0} | {""cou"
img_0176,L4_中性,326,34,9,1,0,0,"{""count"": 0} | {""count"": 0} | {""count"": 10} | {""count"": 0} | {""count"": 0} | {""co"
img_0176,L1_随便给,326,2534,9,1,0,0,"{""count"": 0} | {""count"": 1500} | {""count"": 10} | {""count"": 0} | {""count"": 500} |"
img_0176,L3_可近似,326,2034,9,1,0,0,"{""count"": 0} | {""count"": 1000} | {""count"": 10} | {""count"": 0} | {""count"": 500} |"
img_0177,L4_中性,272,189,9,1,0,0,"{""count"": 0} | {""count"": 30} | {""count"": 6} | {""count"": 15} | {""count"": 25} | {"""
img_0177,L7_不确定就0,272,3,9,1,0,0,"{""count"": 0} | {""count"": 0} | {""count"": 0} | {""count"": 0} | {""count"": 0} | {""cou"
img_0177,L1_随便给,272,1120,9,1,0,0,"{""count"": 500} | {""count"": 100} | {""count"": 6} | {""count"": 50} | {""count"": 50} |"
img_0177,L3_可近似,272,1100,9,1,0,0,"{""count"": 500} | {""count"": 100} | {""count"": 6} | {""count"": 50} | {""count"": 30} |"
img_0178,L7_不确定就0,400,0,9,1,1,0,"{""count"": 0} | {""count"": 0} | {""count"": 0} | {""count"": 0} | {""count"": 0} | {""cou"
img_0178,L4_中性,400,160,9,1,0,0,"{""count"": 0} | {""count"": 0} | {""count"": 30} | {""count"": 0} | {""count"": 0} | {""co"
img_0179,L7_不确定就0,2021,0,9,1,1,0,"{""count"": 0} | {""count"": 0} | {""count"": 0} | {""count"": 0} | {""count"": 0} | {""cou"
img_0179,L4_中性,2021,100,9,1,0,0,"{""count"": 0} | {""count"": 0} | {""count"": 100} | {""count"": 0} | {""count"": 0} | {""c"
img_0178,L1_随便给,400,8000,9,1,0,0,"{""count"": 0} | {""count"": 500} | {""count"": 100} | {""count"": 0} | {""count"": 5000} "
img_0178,L3_可近似,400,3475,9,1,0,0,"{""count"": 0} | {""count"": 100} | {""count"": 75} | {""count"": 0} | {""count"": 2000} |"
img_0180,L7_不确定就0,1315,25,9,1,0,0,"{""count"": 0} | {""count"": 0} | {""count"": 25} | {""count"": 0} | {""count"": 0} | {""co"
img_0180,L4_中性,1315,400,9,1,0,0,"{""count"": 0} | {""count"": 0} | {""count"": 30} | {""count"": 100} | {""count"": 0} | {"""
img_0179,L1_随便给,2021,17500,9,1,0,0,"{""count"": 0} | {""count"": 5000} | {""count"": 500} | {""count"": 0} | {""count"": 5000}"
img_0180,L3_可近似,1315,8490,9,1,0,0,"{""count"": 5000} | {""count"": 2000} | {""count"": 30} | {""count"": 200} | {""count"": 8"
img_0179,L3_可近似,2021,17500,9,1,0,0,"{""count"": 0} | {""count"": 5000} | {""count"": 500} | {""count"": 0} | {""count"": 5000}"
img_0180,L1_随便给,1315,12490,9,1,0,0,"{""count"": 5000} | {""count"": 5000} | {""count"": 30} | {""count"": 500} | {""count"": 1"
img_0181,L7_不确定就0,466,9,9,1,0,0,"{""count"": 3} | {""count"": 2} | {""count"": 2} | {""count"": 2} | {""count"": 0} | {""cou"
img_0181,L4_中性,466,60,9,1,0,0,"{""count"": 4} | {""count"": 2} | {""count"": 2} | {""count"": 2} | {""count"": 0} | {""cou"
img_0182,L7_不确定就0,269,16,9,1,0,0,"{""count"": 0} | {""count"": 0} | {""count"": 5} | {""count"": 0} | {""count"": 0} | {""cou"
img_0181,L1_随便给,466,6590,9,1,0,0,"{""count"": 4} | {""count"": 2} | {""count"": 2} | {""count"": 2} | {""count"": 5000} | {"""
img_0181,L3_可近似,466,2085,9,1,0,0,"{""count"": 4} | {""count"": 2} | {""count"": 2} | {""count"": 2} | {""count"": 500} | {""c"
img_0182,L3_可近似,269,515,9,1,0,0,"{""count"": 200} | {""count"": 50} | {""count"": 6} | {""count"": 200} | {""count"": 14} |"
img_0182,L4_中性,269,293,9,1,0,0,"{""count"": 100} | {""count"": 30} | {""count"": 5} | {""count"": 100} | {""count"": 13} |"
img_0182,L1_随便给,269,517,9,1,0,0,"{""count"": 200} | {""count"": 50} | {""count"": 6} | {""count"": 200} | {""count"": 15} |"
img_0183,L7_不确定就0,1758,22,9,1,0,0,"{""count"": 0} | {""count"": 0} | {""count"": 7} | {""count"": 0} | {""count"": 0} | {""cou"
img_0183,L4_中性,1758,301,9,1,0,0,"{""count"": 0} | {""count"": 100} | {""count"": 9} | {""count"": 0} | {""count"": 100} | {"
img_0183,L3_可近似,1758,9429,9,1,0,0,"{""count"": 2000} | {""count"": 150} | {""count"": 9} | {""count"": 5000} | {""count"": 15"
img_0183,L1_随便给,1758,9430,9,1,0,0,"{""count"": 2000} | {""count"": 150} | {""count"": 10} | {""count"": 5000} | {""count"": 1"
img_0184,L7_不确定就0,2166,1,9,1,0,0,"{""count"": 0} | {""count"": 0} | {""count"": 0} | {""count"": 0} | {""count"": 0} | {""cou"
img_0184,L3_可近似,2166,7310,9,1,0,0,"{""count"": 1500} | {""count"": 1000} | {""count"": 500} | {""count"": 1500} | {""count"":"
img_0184,L1_随便给,2166,7015,9,1,0,0,"{""count"": 1500} | {""count"": 1000} | {""count"": 500} | {""count"": 1500} | {""count"":"
img_0184,L4_中性,2166,5559,9,1,0,0,"{""count"": 1000} | {""count"": 1000} | {""count"": 250} | {""count"": 1024} | {""count"":"
img_0185,L7_不确定就0,507,0,9,1,1,0,"{""count"": 0} | {""count"": 0} | {""count"": 0} | {""count"": 0} | {""count"": 0} | {""cou"
img_0185,L4_中性,507,58,9,1,0,0,"{""count"": 0} | {""count"": 20} | {""count"": 12} | {""count"": 0} | {""count"": 0} | {""c"
img_0185,L3_可近似,507,1536,9,1,0,0,"{""count"": 0} | {""count"": 500} | {""count"": 12} | {""count"": 0} | {""count"": 500} | "
img_0185,L1_随便给,507,1542,9,1,0,0,"{""count"": 0} | {""count"": 500} | {""count"": 15} | {""count"": 0} | {""count"": 500} | "
img_0186,L7_不确定就0,158,7,9,1,0,0,"{""count"": 0} | {""count"": 0} | {""count"": 0} | {""count"": 0} | {""count"": 0} | {""cou"
img_0186,L3_可近似,158,496,9,1,0,0,"{""count"": 30} | {""count"": 50} | {""count"": 6} | {""count"": 50} | {""count"": 100} | "
img_0186,L4_中性,158,168,9,1,0,0,"{""count"": 18} | {""count"": 30} | {""count"": 5} | {""count"": 20} | {""count"": 30} | {"
img_0186,L1_随便给,158,616,9,1,0,0,"{""count"": 50} | {""count"": 50} | {""count"": 6} | {""count"": 50} | {""count"": 100} | "
img_0188,L7_不确定就0,275,0,9,1,1,0,"{""count"": 0} | {""count"": 0} | {""count"": 0} | {""count"": 0} | {""count"": 0} | {""cou"
img_0187,L7_不确定就0,403,0,9,1,1,0,"{""count"": 0} | {""count"": 0} | {""count"": 0} | {""count"": 0} | {""count"": 0} | {""cou"
img_0188,L1_随便给,275,385,9,1,0,0,"{""count"": 100} | {""count"": 35} | {""count"": 15} | {""count"": 80} | {""count"": 25} |"
img_0188,L4_中性,275,328,9,1,0,0,"{""count"": 75} | {""count"": 30} | {""count"": 15} | {""count"": 70} | {""count"": 20} | "
img_0188,L3_可近似,275,345,9,1,0,0,"{""count"": 80} | {""count"": 30} | {""count"": 15} | {""count"": 75} | {""count"": 20} | "
img_0187,L4_中性,403,201,9,1,0,0,"{""count"": 0} | {""count"": 0} | {""count"": 100} | {""count"": 0} | {""count"": 0} | {""c"
img_0189,L4_中性,122,127,9,1,0,0,"{""count"": 0} | {""count"": 0} | {""count"": 1} | {""count"": 11} | {""count"": 14} | {""c"
img_0189,L7_不确定就0,122,45,9,1,0,0,"{""count"": 0} | {""count"": 0} | {""count"": 1} | {""count"": 10} | {""count"": 12} | {""c"
img_0189,L3_可近似,122,154,9,1,0,0,"{""count"": 0} | {""count"": 0} | {""count"": 1} | {""count"": 11} | {""count"": 15} | {""c"
img_0189,L1_随便给,122,155,9,1,0,0,"{""count"": 0} | {""count"": 0} | {""count"": 1} | {""count"": 12} | {""count"": 15} | {""c"
img_0187,L3_可近似,403,901,9,1,0,0,"{""count"": 0} | {""count"": 0} | {""count"": 200} | {""count"": 0} | {""count"": 0} | {""c"
img_0187,L1_随便给,403,903,9,1,0,0,"{""count"": 0} | {""count"": 0} | {""count"": 200} | {""count"": 0} | {""count"": 2} | {""c"
img_0190,L7_不确定就0,732,0,9,1,1,0,"{""count"": 0} | {""count"": 0} | {""count"": 0} | {""count"": 0} | {""count"": 0} | {""cou"
img_0190,L4_中性,732,690,9,1,0,0,"{""count"": 50} | {""count"": 72} | {""count"": 150} | {""count"": 30} | {""count"": 60} |"
img_0190,L1_随便给,732,940,9,1,0,0,"{""count"": 50} | {""count"": 100} | {""count"": 200} | {""count"": 30} | {""count"": 80} "
img_0191,L7_不确定就0,532,0,9,1,1,0,"{""count"": 0} | {""count"": 0} | {""count"": 0} | {""count"": 0} | {""count"": 0} | {""cou"
img_0190,L3_可近似,732,1010,9,1,0,0,"{""count"": 50} | {""count"": 80} | {""count"": 250} | {""count"": 30} | {""count"": 70} |"
img_0191,L1_随便给,532,6088,9,1,0,0,"{""count"": 5000} | {""count"": 30} | {""count"": 8} | {""count"": 500} | {""count"": 20} "
img_0191,L3_可近似,532,6083,9,1,0,0,"{""count"": 5000} | {""count"": 25} | {""count"": 8} | {""count"": 500} | {""count"": 20} "
img_0191,L4_中性,532,172,9,1,0,0,"{""count"": 0} | {""count"": 20} | {""count"": 8} | {""count"": 0} | {""count"": 15} | {""c"
img_0192,L7_不确定就0,195,20,9,1,0,0,"{""count"": 0} | {""count"": 0} | {""count"": 5} | {""count"": 0} | {""count"": 0} | {""cou"
img_0192,L1_随便给,195,311,9,1,0,0,"{""count"": 50} | {""count"": 25} | {""count"": 7} | {""count"": 70} | {""count"": 40} | {"
img_0192,L3_可近似,195,286,9,1,0,0,"{""count"": 45} | {""count"": 25} | {""count"": 7} | {""count"": 60} | {""count"": 35} | {"
img_0192,L4_中性,195,274,9,1,0,0,"{""count"": 45} | {""count"": 25} | {""count"": 7} | {""count"": 58} | {""count"": 30} | {"
img_0193,L7_不确定就0,210,0,9,1,1,0,"{""count"": 0} | {""count"": 0} | {""count"": 0} | {""count"": 0} | {""count"": 0} | {""cou"
img_0194,L7_不确定就0,159,0,9,1,1,0,"{""count"": 0} | {""count"": 0} | {""count"": 0} | {""count"": 0} | {""count"": 0} | {""cou"
img_0193,L4_中性,210,248,9,1,0,0,"{""count"": 45} | {""count"": 25} | {""count"": 9} | {""count"": 50} | {""count"": 25} | {"
img_0193,L3_可近似,210,411,9,1,0,0,"{""count"": 100} | {""count"": 30} | {""count"": 8} | {""count"": 100} | {""count"": 30} |"
img_0193,L1_随便给,210,412,9,1,0,0,"{""count"": 100} | {""count"": 30} | {""count"": 8} | {""count"": 100} | {""count"": 30} |"
img_0195,L7_不确定就0,211,0,9,1,1,0,"{""count"": 0} | {""count"": 0} | {""count"": 0} | {""count"": 0} | {""count"": 0} | {""cou"
img_0194,L1_随便给,159,258,9,1,0,0,"{""count"": 30} | {""count"": 50} | {""count"": 10} | {""count"": 30} | {""count"": 50} | "
img_0194,L4_中性,159,198,9,1,0,0,"{""count"": 25} | {""count"": 40} | {""count"": 10} | {""count"": 20} | {""count"": 40} | "
img_0194,L3_可近似,159,238,9,1,0,0,"{""count"": 30} | {""count"": 50} | {""count"": 10} | {""count"": 25} | {""count"": 50} | "
img_0195,L1_随便给,211,405,9,1,0,0,"{""count"": 30} | {""count"": 50} | {""count"": 15} | {""count"": 30} | {""count"": 100} |"
img_0195,L3_可近似,211,337,9,1,0,0,"{""count"": 30} | {""count"": 50} | {""count"": 10} | {""count"": 30} | {""count"": 75} | "
img_0197,L7_不确定就0,165,14,9,1,0,0,"{""count"": 0} | {""count"": 0} | {""count"": 4} | {""count"": 0} | {""count"": 0} | {""cou"
img_0197,L4_中性,165,208,9,1,0,0,"{""count"": 25} | {""count"": 25} | {""count"": 7} | {""count"": 0} | {""count"": 100} | {"
img_0197,L3_可近似,165,900,9,1,0,0,"{""count"": 100} | {""count"": 30} | {""count"": 7} | {""count"": 500} | {""count"": 200} "
img_0197,L1_随便给,165,920,9,1,0,0,"{""count"": 100} | {""count"": 50} | {""count"": 7} | {""count"": 500} | {""count"": 200} "
img_0195,L4_中性,211,270,9,1,0,0,"{""count"": 28} | {""count"": 45} | {""count"": 11} | {""count"": 30} | {""count"": 50} | "
img_0196,L7_不确定就0,287,0,9,1,1,0,"{""count"": 0} | {""count"": 0} | {""count"": 0} | {""count"": 0} | {""count"": 0} | {""cou"
img_0196,L1_随便给,287,1170,9,1,0,0,"{""count"": 0} | {""count"": 500} | {""count"": 25} | {""count"": 0} | {""count"": 500} | "
img_0196,L4_中性,287,82,9,1,0,0,"{""count"": 0} | {""count"": 0} | {""count"": 17} | {""count"": 0} | {""count"": 0} | {""co"
img_0196,L3_可近似,287,1160,9,1,0,0,"{""count"": 0} | {""count"": 500} | {""count"": 20} | {""count"": 0} | {""count"": 500} | "
img_0198,L7_不确定就0,104,61,9,1,0,0,"{""count"": 9} | {""count"": 18} | {""count"": 4} | {""count"": 0} | {""count"": 0} | {""co"
img_0198,L3_可近似,104,182,9,1,0,0,"{""count"": 10} | {""count"": 25} | {""count"": 6} | {""count"": 35} | {""count"": 40} | {"
img_0198,L1_随便给,104,184,9,1,0,0,"{""count"": 10} | {""count"": 25} | {""count"": 6} | {""count"": 35} | {""count"": 40} | {"
img_0198,L4_中性,104,165,9,1,0,0,"{""count"": 11} | {""count"": 25} | {""count"": 5} | {""count"": 30} | {""count"": 30} | {"
img_0199,L1_随便给,263,350,9,1,0,0,"{""count"": 30} | {""count"": 100} | {""count"": 50} | {""count"": 15} | {""count"": 50} |"
img_0199,L7_不确定就0,263,20,9,1,0,0,"{""count"": 0} | {""count"": 0} | {""count"": 0} | {""count"": 10} | {""count"": 0} | {""co"
img_0199,L3_可近似,263,320,9,1,0,0,"{""count"": 30} | {""count"": 75} | {""count"": 50} | {""count"": 15} | {""count"": 50} | "
img_0199,L4_中性,263,253,9,1,0,0,"{""count"": 25} | {""count"": 50} | {""count"": 40} | {""count"": 15} | {""count"": 35} | "
img_0200,L7_不确定就0,299,16,9,1,0,0,"{""count"": 0} | {""count"": 0} | {""count"": 6} | {""count"": 0} | {""count"": 0} | {""cou"
img_0200,L4_中性,299,145,9,1,0,0,"{""count"": 30} | {""count"": 30} | {""count"": 8} | {""count"": 0} | {""count"": 30} | {"""
img_0200,L1_随便给,299,1632,9,1,0,0,"{""count"": 200} | {""count"": 100} | {""count"": 8} | {""count"": 500} | {""count"": 150}"
img_0200,L3_可近似,299,1580,9,1,0,0,"{""count"": 200} | {""count"": 100} | {""count"": 8} | {""count"": 500} | {""count"": 100}"
img_0201,L7_不确定就0,719,0,9,1,1,0,"{""count"": 0} | {""count"": 0} | {""count"": 0} | {""count"": 0} | {""count"": 0} | {""cou"
img_0201,L4_中性,719,171,9,1,0,0,"{""count"": 0} | {""count"": 40} | {""count"": 9} | {""count"": 0} | {""count"": 50} | {""c"
img_0201,L1_随便给,719,1780,9,1,0,0,"{""count"": 500} | {""count"": 50} | {""count"": 8} | {""count"": 500} | {""count"": 100} "
img_0202,L7_不确定就0,864,0,9,1,1,0,"{""count"": 0} | {""count"": 0} | {""count"": 0} | {""count"": 0} | {""count"": 0} | {""cou"
img_0201,L3_可近似,719,1781,9,1,0,0,"{""count"": 500} | {""count"": 50} | {""count"": 9} | {""count"": 500} | {""count"": 100} "
img_0202,L4_中性,864,156,9,1,0,0,"{""count"": 0} | {""count"": 0} | {""count"": 48} | {""count"": 10} | {""count"": 0} | {""c"
img_0202,L1_随便给,864,10910,9,1,0,0,"{""count"": 10} | {""count"": 500} | {""count"": 50} | {""count"": 50} | {""count"": 5000}"
img_0202,L3_可近似,864,2300,9,1,0,0,"{""count"": 5} | {""count"": 500} | {""count"": 50} | {""count"": 20} | {""count"": 1000} "
img_0203,L4_中性,368,76,9,1,0,0,"{""count"": 0} | {""count"": 30} | {""count"": 4} | {""count"": 0} | {""count"": 0} | {""co"
img_0203,L1_随便给,368,1217,9,1,0,0,"{""count"": 0} | {""count"": 500} | {""count"": 4} | {""count"": 0} | {""count"": 500} | {"
img_0203,L7_不确定就0,368,3,9,1,0,0,"{""count"": 0} | {""count"": 0} | {""count"": 0} | {""count"": 0} | {""count"": 0} | {""cou"
img_0203,L3_可近似,368,1217,9,1,0,0,"{""count"": 0} | {""count"": 500} | {""count"": 4} | {""count"": 0} | {""count"": 500} | {"
img_0204,L7_不确定就0,522,0,9,1,1,0,"{""count"": 0} | {""count"": 0} | {""count"": 0} | {""count"": 0} | {""count"": 0} | {""cou"
img_0204,L4_中性,522,265,9,1,0,0,"{""count"": 0} | {""count"": 30} | {""count"": 12} | {""count"": 0} | {""count"": 100} | {"
img_0204,L3_可近似,522,1186,9,1,0,0,"{""count"": 0} | {""count"": 150} | {""count"": 12} | {""count"": 0} | {""count"": 500} | "
img_0205,L7_不确定就0,778,0,9,1,1,0,"{""count"": 0} | {""count"": 0} | {""count"": 0} | {""count"": 0} | {""count"": 0} | {""cou"
img_0204,L1_随便给,522,5686,9,1,0,0,"{""count"": 0} | {""count"": 150} | {""count"": 12} | {""count"": 0} | {""count"": 500} | "
img_0205,L4_中性,778,51,9,1,0,0,"{""count"": 0} | {""count"": 0} | {""count"": 13} | {""count"": 0} | {""count"": 0} | {""co"
img_0206,L7_不确定就0,2870,0,9,1,1,0,"{""count"": 0} | {""count"": 0} | {""count"": 0} | {""count"": 0} | {""count"": 0} | {""cou"
img_0206,L4_中性,2870,140,9,1,0,0,"{""count"": 0} | {""count"": 0} | {""count"": 50} | {""count"": 0} | {""count"": 0} | {""co"
img_0205,L1_随便给,778,7565,9,1,0,0,"{""count"": 0} | {""count"": 5000} | {""count"": 15} | {""count"": 0} | {""count"": 2000} "
img_0205,L3_可近似,778,2557,9,1,0,0,"{""count"": 0} | {""count"": 1000} | {""count"": 12} | {""count"": 0} | {""count"": 1000} "
img_0207,L7_不确定就0,463,0,9,1,1,0,"{""count"": 0} | {""count"": 0} | {""count"": 0} | {""count"": 0} | {""count"": 0} | {""cou"
img_0207,L4_中性,463,201,9,1,0,0,"{""count"": 0} | {""count"": 100} | {""count"": 10} | {""count"": 2} | {""count"": 30} | {"
img_0207,L3_可近似,463,2249,9,1,0,0,"{""count"": 1000} | {""count"": 500} | {""count"": 10} | {""count"": 2} | {""count"": 500}"
img_0206,L3_可近似,2870,15225,9,1,0,0,"{""count"": 0} | {""count"": 5000} | {""count"": 100} | {""count"": 0} | {""count"": 5000}"
img_0206,L1_随便给,2870,15250,9,1,0,0,"{""count"": 0} | {""count"": 5000} | {""count"": 100} | {""count"": 0} | {""count"": 5000}"
img_0207,L1_随便给,463,2752,9,1,0,0,"{""count"": 1500} | {""count"": 500} | {""count"": 10} | {""count"": 2} | {""count"": 500}"
img_0208,L1_随便给,204,335,9,1,0,0,"{""count"": 30} | {""count"": 35} | {""count"": 15} | {""count"": 50} | {""count"": 45} | "
img_0208,L3_可近似,204,321,9,1,0,0,"{""count"": 30} | {""count"": 35} | {""count"": 15} | {""count"": 50} | {""count"": 45} | "
img_0208,L7_不确定就0,204,15,9,1,0,0,"{""count"": 0} | {""count"": 0} | {""count"": 0} | {""count"": 0} | {""count"": 0} | {""cou"
img_0208,L4_中性,204,294,9,1,0,0,"{""count"": 30} | {""count"": 30} | {""count"": 15} | {""count"": 48} | {""count"": 38} | "
img_0209,L1_随便给,143,945,9,1,0,0,"{""count"": 0} | {""count"": 200} | {""count"": 15} | {""count"": 0} | {""count"": 200} | "
img_0209,L7_不确定就0,143,0,9,1,1,0,"{""count"": 0} | {""count"": 0} | {""count"": 0} | {""count"": 0} | {""count"": 0} | {""cou"
img_0209,L4_中性,143,55,9,1,0,0,"{""count"": 0} | {""count"": 0} | {""count"": 12} | {""count"": 0} | {""count"": 15} | {""c"
img_0209,L3_可近似,143,842,9,1,0,0,"{""count"": 0} | {""count"": 200} | {""count"": 12} | {""count"": 0} | {""count"": 100} | "
img_0210,L4_中性,421,110,9,1,0,0,"{""count"": 0} | {""count"": 0} | {""count"": 50} | {""count"": 0} | {""count"": 0} | {""co"
img_0210,L1_随便给,421,6300,9,1,0,0,"{""count"": 0} | {""count"": 5000} | {""count"": 150} | {""count"": 0} | {""count"": 500} "
img_0210,L7_不确定就0,421,0,9,1,1,0,"{""count"": 0} | {""count"": 0} | {""count"": 0} | {""count"": 0} | {""count"": 0} | {""cou"
img_0210,L3_可近似,421,2200,9,1,0,0,"{""count"": 0} | {""count"": 1000} | {""count"": 100} | {""count"": 0} | {""count"": 500} "
img_0211,L7_不确定就0,434,12,9,1,0,0,"{""count"": 0} | {""count"": 0} | {""count"": 3} | {""count"": 0} | {""count"": 0} | {""cou"
img_0211,L1_随便给,434,1550,9,1,0,0,"{""count"": 0} | {""count"": 30} | {""count"": 5} | {""count"": 1} | {""count"": 500} | {"""
img_0211,L3_可近似,434,2049,9,1,0,0,"{""count"": 0} | {""count"": 30} | {""count"": 4} | {""count"": 1} | {""count"": 1000} | {"
img_0211,L4_中性,434,246,9,1,0,0,"{""count"": 0} | {""count"": 28} | {""count"": 4} | {""count"": 0} | {""count"": 100} | {"""
img_0212,L7_不确定就0,218,0,9,1,1,0,"{""count"": 0} | {""count"": 0} | {""count"": 0} | {""count"": 0} | {""count"": 0} | {""cou"
img_0212,L4_中性,218,266,9,1,0,0,"{""count"": 35} | {""count"": 25} | {""count"": 13} | {""count"": 50} | {""count"": 40} | "
img_0212,L3_可近似,218,290,9,1,0,0,"{""count"": 40} | {""count"": 25} | {""count"": 13} | {""count"": 50} | {""count"": 45} | "
img_0212,L1_随便给,218,297,9,1,0,0,"{""count"": 40} | {""count"": 25} | {""count"": 15} | {""count"": 50} | {""count"": 50} | "
img_0213,L7_不确定就0,266,0,9,1,1,0,"{""count"": 0} | {""count"": 0} | {""count"": 0} | {""count"": 0} | {""count"": 0} | {""cou"
img_0213,L3_可近似,266,990,9,1,0,0,"{""count"": 500} | {""count"": 100} | {""count"": 10} | {""count"": 200} | {""count"": 100"
img_0213,L4_中性,266,178,9,1,0,0,"{""count"": 0} | {""count"": 50} | {""count"": 10} | {""count"": 0} | {""count"": 50} | {"""
img_0213,L1_随便给,266,990,9,1,0,0,"{""count"": 500} | {""count"": 100} | {""count"": 10} | {""count"": 200} | {""count"": 100"
img_0214,L7_不确定就0,514,0,9,1,1,0,"{""count"": 0} | {""count"": 0} | {""count"": 0} | {""count"": 0} | {""count"": 0} | {""cou"
img_0214,L4_中性,514,340,9,1,0,0,"{""count"": 0} | {""count"": 100} | {""count"": 11} | {""count"": 0} | {""count"": 100} | "
img_0214,L3_可近似,514,1490,9,1,0,0,"{""count"": 150} | {""count"": 500} | {""count"": 10} | {""count"": 100} | {""count"": 500"
img_0214,L1_随便给,514,1392,9,1,0,0,"{""count"": 200} | {""count"": 300} | {""count"": 12} | {""count"": 150} | {""count"": 500"
img_0215,L7_不确定就0,1048,0,9,1,1,0,"{""count"": 0} | {""count"": 0} | {""count"": 0} | {""count"": 0} | {""count"": 0} | {""cou"
img_0215,L4_中性,1048,56,9,1,0,0,"{""count"": 18} | {""count"": 0} | {""count"": 0} | {""count"": 0} | {""count"": 0} | {""co"
img_0215,L1_随便给,1048,10630,9,1,0,0,"{""count"": 30} | {""count"": 50} | {""count"": 5000} | {""count"": 0} | {""count"": 0} | "
img_0215,L3_可近似,1048,4080,9,1,0,0,"{""count"": 20} | {""count"": 20} | {""count"": 1500} | {""count"": 0} | {""count"": 0} | "
img_0216,L7_不确定就0,593,0,9,1,1,0,"{""count"": 0} | {""count"": 0} | {""count"": 0} | {""count"": 0} | {""count"": 0} | {""cou"
img_0216,L3_可近似,593,1398,9,1,0,0,"{""count"": 50} | {""count"": 500} | {""count"": 10} | {""count"": 100} | {""count"": 500}"
img_0216,L4_中性,593,323,9,1,0,0,"{""count"": 30} | {""count"": 100} | {""count"": 10} | {""count"": 50} | {""count"": 0} | "
img_0216,L1_随便给,593,1455,9,1,0,0,"{""count"": 50} | {""count"": 500} | {""count"": 10} | {""count"": 150} | {""count"": 500}"
img_0217,L7_不确定就0,1775,7,9,1,0,0,"{""count"": 0} | {""count"": 0} | {""count"": 0} | {""count"": 0} | {""count"": 0} | {""cou"
img_0217,L4_中性,1775,162,9,1,0,0,"{""count"": 100} | {""count"": 17} | {""count"": 5} | {""count"": 0} | {""count"": 17} | {"
img_0217,L1_随便给,1775,7569,9,1,0,0,"{""count"": 500} | {""count"": 20} | {""count"": 5} | {""count"": 5000} | {""count"": 20} "
img_0217,L3_可近似,1775,5059,9,1,0,0,"{""count"": 1000} | {""count"": 15} | {""count"": 5} | {""count"": 2000} | {""count"": 15}"
img_0219,L7_不确定就0,535,0,9,1,1,0,"{""count"": 0} | {""count"": 0} | {""count"": 0} | {""count"": 0} | {""count"": 0} | {""cou"
img_0218,L7_不确定就0,712,34,9,1,0,0,"{""count"": 0} | {""count"": 0} | {""count"": 14} | {""count"": 0} | {""count"": 0} | {""co"
img_0219,L4_中性,535,568,9,1,0,0,"{""count"": 100} | {""count"": 70} | {""count"": 8} | {""count"": 100} | {""count"": 100} "
img_0218,L3_可近似,712,1493,9,1,0,0,"{""count"": 200} | {""count"": 300} | {""count"": 15} | {""count"": 100} | {""count"": 500"
img_0218,L1_随便给,712,1745,9,1,0,0,"{""count"": 200} | {""count"": 500} | {""count"": 15} | {""count"": 150} | {""count"": 500"
img_0218,L4_中性,712,671,9,1,0,0,"{""count"": 100} | {""count"": 100} | {""count"": 15} | {""count"": 78} | {""count"": 200}"
img_0219,L3_可近似,535,1179,9,1,0,0,"{""count"": 250} | {""count"": 150} | {""count"": 9} | {""count"": 250} | {""count"": 150}"
img_0219,L1_随便给,535,1080,9,1,0,0,"{""count"": 200} | {""count"": 150} | {""count"": 10} | {""count"": 200} | {""count"": 150"
img_0220,L7_不确定就0,2746,0,9,1,1,0,"{""count"": 0} | {""count"": 0} | {""count"": 0} | {""count"": 0} | {""count"": 0} | {""cou"
img_0220,L4_中性,2746,725,9,1,0,0,"{""count"": 0} | {""count"": 100} | {""count"": 45} | {""count"": 0} | {""count"": 250} | "
img_0221,L7_不确定就0,1709,0,9,1,1,0,"{""count"": 0} | {""count"": 0} | {""count"": 0} | {""count"": 0} | {""count"": 0} | {""cou"
img_0220,L1_随便给,2746,6640,9,1,0,0,"{""count"": 1000} | {""count"": 500} | {""count"": 50} | {""count"": 2000} | {""count"": 5"
img_0221,L4_中性,1709,465,9,1,0,0,"{""count"": 0} | {""count"": 0} | {""count"": 50} | {""count"": 0} | {""count"": 250} | {"""
img_0220,L3_可近似,2746,6740,9,1,0,0,"{""count"": 800} | {""count"": 500} | {""count"": 50} | {""count"": 2000} | {""count"": 50"
img_0221,L3_可近似,1709,4100,9,1,0,0,"{""count"": 1500} | {""count"": 500} | {""count"": 75} | {""count"": 1000} | {""count"": 3"
img_0221,L1_随便给,1709,4630,9,1,0,0,"{""count"": 1500} | {""count"": 500} | {""count"": 50} | {""count"": 1500} | {""count"": 3"
img_0222,L7_不确定就0,1890,0,9,1,1,0,"{""count"": 0} | {""count"": 0} | {""count"": 0} | {""count"": 0} | {""count"": 0} | {""cou"
img_0222,L4_中性,1890,445,9,1,0,0,"{""count"": 0} | {""count"": 100} | {""count"": 50} | {""count"": 0} | {""count"": 100} | "
img_0222,L1_随便给,1890,2750,9,1,0,0,"{""count"": 500} | {""count"": 200} | {""count"": 50} | {""count"": 1000} | {""count"": 20"
img_0222,L3_可近似,1890,3500,9,1,0,0,"{""count"": 800} | {""count"": 250} | {""count"": 50} | {""count"": 1000} | {""count"": 25"
img_0223,L4_中性,1826,10,9,1,0,0,"{""count"": 10} | {""count"": 0} | {""count"": 0} | {""count"": 0} | {""count"": 0} | {""co"
img_0223,L7_不确定就0,1826,0,9,1,1,0,"{""count"": 0} | {""count"": 0} | {""count"": 0} | {""count"": 0} | {""count"": 0} | {""cou"
img_0223,L1_随便给,1826,10515,9,1,0,0,"{""count"": 10} | {""count"": 2000} | {""count"": 500} | {""count"": 5} | {""count"": 5000"
img_0223,L3_可近似,1826,6510,9,1,0,0,"{""count"": 10} | {""count"": 2000} | {""count"": 500} | {""count"": 0} | {""count"": 2000"
img_0224,L7_不确定就0,379,0,9,1,1,0,"{""count"": 0} | {""count"": 0} | {""count"": 0} | {""count"": 0} | {""count"": 0} | {""cou"
img_0224,L1_随便给,379,770,9,1,0,0,"{""count"": 150} | {""count"": 100} | {""count"": 20} | {""count"": 150} | {""count"": 100"
img_0224,L3_可近似,379,745,9,1,0,0,"{""count"": 150} | {""count"": 75} | {""count"": 20} | {""count"": 150} | {""count"": 100}"
img_0224,L4_中性,379,290,9,1,0,0,"{""count"": 0} | {""count"": 50} | {""count"": 20} | {""count"": 75} | {""count"": 50} | {"
img_0225,L7_不确定就0,1191,0,9,1,1,0,"{""count"": 0} | {""count"": 0} | {""count"": 0} | {""count"": 0} | {""count"": 0} | {""cou"
img_0225,L4_中性,1191,200,9,1,0,0,"{""count"": 0} | {""count"": 0} | {""count"": 40} | {""count"": 0} | {""count"": 0} | {""co"
img_0225,L1_随便给,1191,2300,9,1,0,0,"{""count"": 500} | {""count"": 500} | {""count"": 50} | {""count"": 500} | {""count"": 200"
img_0225,L3_可近似,1191,2300,9,1,0,0,"{""count"": 500} | {""count"": 500} | {""count"": 50} | {""count"": 500} | {""count"": 200"
img_0226,L7_不确定就0,1665,0,9,1,1,0,"{""count"": 0} | {""count"": 0} | {""count"": 0} | {""count"": 0} | {""count"": 0} | {""cou"
img_0226,L4_中性,1665,150,9,1,0,0,"{""count"": 0} | {""count"": 0} | {""count"": 0} | {""count"": 0} | {""count"": 0} | {""cou"
img_0227,L7_不确定就0,612,0,9,1,1,0,"{""count"": 0} | {""count"": 0} | {""count"": 0} | {""count"": 0} | {""count"": 0} | {""cou"
img_0227,L3_可近似,612,1263,9,1,0,0,"{""count"": 500} | {""count"": 100} | {""count"": 18} | {""count"": 200} | {""count"": 100"
img_0227,L1_随便给,612,1270,9,1,0,0,"{""count"": 500} | {""count"": 100} | {""count"": 20} | {""count"": 200} | {""count"": 100"
img_0227,L4_中性,612,478,9,1,0,0,"{""count"": 0} | {""count"": 72} | {""count"": 17} | {""count"": 100} | {""count"": 72} | "
img_0226,L1_随便给,1665,5450,9,1,0,0,"{""count"": 1000} | {""count"": 500} | {""count"": 200} | {""count"": 1000} | {""count"": "
img_0226,L3_可近似,1665,4900,9,1,0,0,"{""count"": 1000} | {""count"": 500} | {""count"": 200} | {""count"": 1000} | {""count"": "
img_0228,L7_不确定就0,172,28,9,1,0,0,"{""count"": 0} | {""count"": 0} | {""count"": 9} | {""count"": 0} | {""count"": 0} | {""cou"
img_0228,L1_随便给,172,289,9,1,0,0,"{""count"": 50} | {""count"": 25} | {""count"": 10} | {""count"": 70} | {""count"": 30} | "
img_0228,L3_可近似,172,277,9,1,0,0,"{""count"": 50} | {""count"": 25} | {""count"": 10} | {""count"": 75} | {""count"": 25} | "
img_0228,L4_中性,172,247,9,1,0,0,"{""count"": 50} | {""count"": 25} | {""count"": 10} | {""count"": 50} | {""count"": 25} | "
img_0229,L4_中性,699,243,9,1,0,0,"{""count"": 0} | {""count"": 200} | {""count"": 14} | {""count"": 0} | {""count"": 0} | {"""
img_0229,L7_不确定就0,699,34,9,1,0,0,"{""count"": 0} | {""count"": 0} | {""count"": 12} | {""count"": 0} | {""count"": 0} | {""co"
img_0229,L1_随便给,699,4545,9,1,0,0,"{""count"": 0} | {""count"": 500} | {""count"": 15} | {""count"": 0} | {""count"": 2000} |"
img_0230,L7_不确定就0,1454,0,9,1,1,0,"{""count"": 0} | {""count"": 0} | {""count"": 0} | {""count"": 0} | {""count"": 0} | {""cou"
img_0229,L3_可近似,699,4545,9,1,0,0,"{""count"": 0} | {""count"": 500} | {""count"": 15} | {""count"": 0} | {""count"": 2000} |"
img_0230,L4_中性,1454,151,9,1,0,0,"{""count"": 15} | {""count"": 100} | {""count"": 0} | {""count"": 6} | {""count"": 0} | {"""
img_0230,L1_随便给,1454,15420,9,1,0,0,"{""count"": 15} | {""count"": 300} | {""count"": 1500} | {""count"": 5} | {""count"": 5000"
img_0230,L3_可近似,1454,8770,9,1,0,0,"{""count"": 15} | {""count"": 200} | {""count"": 1000} | {""count"": 5} | {""count"": 2000"
img_0231,L7_不确定就0,682,0,9,1,1,0,"{""count"": 0} | {""count"": 0} | {""count"": 0} | {""count"": 0} | {""count"": 0} | {""cou"
img_0231,L4_中性,682,247,9,1,0,0,"{""count"": 0} | {""count"": 100} | {""count"": 15} | {""count"": 0} | {""count"": 0} | {"""
img_0231,L3_可近似,682,18050,9,1,0,0,"{""count"": 5000} | {""count"": 1000} | {""count"": 15} | {""count"": 10000} | {""count"":"
img_0231,L1_随便给,682,17050,9,1,0,0,"{""count"": 5000} | {""count"": 1000} | {""count"": 15} | {""count"": 5000} | {""count"": "
img_0232,L7_不确定就0,419,7,9,1,0,0,"{""count"": 0} | {""count"": 0} | {""count"": 0} | {""count"": 0} | {""count"": 0} | {""cou"
img_0232,L4_中性,419,357,9,1,0,0,"{""count"": 0} | {""count"": 100} | {""count"": 9} | {""count"": 0} | {""count"": 100} | {"
img_0232,L1_随便给,419,960,9,1,0,0,"{""count"": 0} | {""count"": 200} | {""count"": 10} | {""count"": 0} | {""count"": 500} | "
img_0232,L3_可近似,419,959,9,1,0,0,"{""count"": 0} | {""count"": 200} | {""count"": 10} | {""count"": 0} | {""count"": 500} | "
img_0233,L7_不确定就0,332,0,9,1,1,0,"{""count"": 0} | {""count"": 0} | {""count"": 0} | {""count"": 0} | {""count"": 0} | {""cou"
img_0233,L4_中性,332,250,9,1,0,0,"{""count"": 0} | {""count"": 30} | {""count"": 25} | {""count"": 0} | {""count"": 100} | {"
img_0233,L1_随便给,332,535,9,1,0,0,"{""count"": 0} | {""count"": 150} | {""count"": 30} | {""count"": 0} | {""count"": 200} | "
img_0233,L3_可近似,332,425,9,1,0,0,"{""count"": 0} | {""count"": 50} | {""count"": 25} | {""count"": 0} | {""count"": 200} | {"
img_0235,L7_不确定就0,125,0,9,1,1,0,"{""count"": 0} | {""count"": 0} | {""count"": 0} | {""count"": 0} | {""count"": 0} | {""cou"
img_0234,L7_不确定就0,244,0,9,1,1,0,"{""count"": 0} | {""count"": 0} | {""count"": 0} | {""count"": 0} | {""count"": 0} | {""cou"
img_0235,L3_可近似,125,257,9,1,0,0,"{""count"": 30} | {""count"": 75} | {""count"": 6} | {""count"": 50} | {""count"": 50} | {"
img_0234,L3_可近似,244,319,9,1,0,0,"{""count"": 50} | {""count"": 40} | {""count"": 10} | {""count"": 80} | {""count"": 30} | "
img_0235,L4_中性,125,173,9,1,0,0,"{""count"": 20} | {""count"": 50} | {""count"": 6} | {""count"": 20} | {""count"": 35} | {"
img_0235,L1_随便给,125,284,9,1,0,0,"{""count"": 50} | {""count"": 80} | {""count"": 6} | {""count"": 50} | {""count"": 50} | {"
img_0234,L4_中性,244,294,9,1,0,0,"{""count"": 50} | {""count"": 38} | {""count"": 10} | {""count"": 72} | {""count"": 30} | "
img_0234,L1_随便给,244,339,9,1,0,0,"{""count"": 50} | {""count"": 50} | {""count"": 10} | {""count"": 80} | {""count"": 30} | "
img_0236,L7_不确定就0,267,0,9,1,1,0,"{""count"": 0} | {""count"": 0} | {""count"": 0} | {""count"": 0} | {""count"": 0} | {""cou"
img_0236,L1_随便给,267,898,9,1,0,0,"{""count"": 3} | {""count"": 150} | {""count"": 10} | {""count"": 0} | {""count"": 500} | "
img_0236,L4_中性,267,126,9,1,0,0,"{""count"": 3} | {""count"": 30} | {""count"": 10} | {""count"": 0} | {""count"": 0} | {""c"
img_0236,L3_可近似,267,843,9,1,0,0,"{""count"": 3} | {""count"": 100} | {""count"": 10} | {""count"": 0} | {""count"": 500} | "
img_0238,L7_不确定就0,170,4,9,1,0,0,"{""count"": 0} | {""count"": 0} | {""count"": 0} | {""count"": 0} | {""count"": 0} | {""cou"
img_0237,L3_可近似,178,255,9,1,0,0,"{""count"": 20} | {""count"": 25} | {""count"": 12} | {""count"": 35} | {""count"": 30} | "
img_0237,L4_中性,178,255,9,1,0,0,"{""count"": 22} | {""count"": 28} | {""count"": 12} | {""count"": 37} | {""count"": 30} | "
img_0238,L3_可近似,170,333,9,1,0,0,"{""count"": 30} | {""count"": 100} | {""count"": 15} | {""count"": 50} | {""count"": 50} |"
img_0238,L1_随便给,170,333,9,1,0,0,"{""count"": 30} | {""count"": 100} | {""count"": 15} | {""count"": 50} | {""count"": 50} |"
img_0237,L1_随便给,178,279,9,1,0,0,"{""count"": 20} | {""count"": 30} | {""count"": 12} | {""count"": 40} | {""count"": 30} | "
img_0238,L4_中性,170,229,9,1,0,0,"{""count"": 25} | {""count"": 50} | {""count"": 15} | {""count"": 38} | {""count"": 30} | "
img_0239,L7_不确定就0,306,0,9,1,1,0,"{""count"": 0} | {""count"": 0} | {""count"": 0} | {""count"": 0} | {""count"": 0} | {""cou"
img_0237,L7_不确定就0,178,104,9,1,0,0,"{""count"": 18} | {""count"": 20} | {""count"": 10} | {""count"": 30} | {""count"": 0} | {"
img_0239,L1_随便给,306,1123,9,1,0,0,"{""count"": 150} | {""count"": 100} | {""count"": 8} | {""count"": 20} | {""count"": 300} "
img_0239,L4_中性,306,240,9,1,0,0,"{""count"": 50} | {""count"": 40} | {""count"": 8} | {""count"": 10} | {""count"": 100} | "
img_0239,L3_可近似,306,1008,9,1,0,0,"{""count"": 100} | {""count"": 100} | {""count"": 8} | {""count"": 10} | {""count"": 250} "
img_0240,L7_不确定就0,329,2,9,1,0,0,"{""count"": 0} | {""count"": 2} | {""count"": 0} | {""count"": 0} | {""count"": 0} | {""cou"
img_0240,L4_中性,329,172,9,1,0,0,"{""count"": 11} | {""count"": 9} | {""count"": 2} | {""count"": 0} | {""count"": 25} | {""c"
img_0240,L1_随便给,329,1082,9,1,0,0,"{""count"": 10} | {""count"": 10} | {""count"": 2} | {""count"": 500} | {""count"": 30} | "
img_0240,L3_可近似,329,1078,9,1,0,0,"{""count"": 10} | {""count"": 8} | {""count"": 2} | {""count"": 500} | {""count"": 30} | {"
img_0242,L7_不确定就0,238,0,9,1,1,0,"{""count"": 0} | {""count"": 0} | {""count"": 0} | {""count"": 0} | {""count"": 0} | {""cou"
img_0243,L7_不确定就0,289,14,9,1,0,0,"{""count"": 0} | {""count"": 0} | {""count"": 5} | {""count"": 0} | {""count"": 0} | {""cou"
img_0242,L4_中性,238,139,9,1,0,0,"{""count"": 0} | {""count"": 100} | {""count"": 10} | {""count"": 0} | {""count"": 0} | {"""
img_0241,L7_不确定就0,207,0,9,1,1,0,"{""count"": 0} | {""count"": 0} | {""count"": 0} | {""count"": 0} | {""count"": 0} | {""cou"
img_0242,L1_随便给,238,1545,9,1,0,0,"{""count"": 0} | {""count"": 500} | {""count"": 10} | {""count"": 0} | {""count"": 500} | "
img_0241,L4_中性,207,107,9,1,0,0,"{""count"": 0} | {""count"": 10} | {""count"": 25} | {""count"": 0} | {""count"": 0} | {""c"
img_0241,L3_可近似,207,712,9,1,0,0,"{""count"": 0} | {""count"": 50} | {""count"": 50} | {""count"": 0} | {""count"": 500} | {"
img_0241,L1_随便给,207,712,9,1,0,0,"{""count"": 0} | {""count"": 50} | {""count"": 50} | {""count"": 0} | {""count"": 500} | {"
img_0242,L3_可近似,238,1540,9,1,0,0,"{""count"": 0} | {""count"": 500} | {""count"": 10} | {""count"": 0} | {""count"": 500} | "
img_0243,L4_中性,289,185,9,1,0,0,"{""count"": 20} | {""count"": 50} | {""count"": 8} | {""count"": 15} | {""count"": 30} | {"
img_0243,L3_可近似,289,545,9,1,0,0,"{""count"": 100} | {""count"": 150} | {""count"": 8} | {""count"": 50} | {""count"": 150} "
img_0243,L1_随便给,289,700,9,1,0,0,"{""count"": 100} | {""count"": 150} | {""count"": 8} | {""count"": 150} | {""count"": 200}"
img_0244,L7_不确定就0,228,0,9,1,1,0,"{""count"": 0} | {""count"": 0} | {""count"": 0} | {""count"": 0} | {""count"": 0} | {""cou"
img_0244,L4_中性,228,299,9,1,0,0,"{""count"": 50} | {""count"": 30} | {""count"": 14} | {""count"": 72} | {""count"": 30} | "
img_0244,L3_可近似,228,412,9,1,0,0,"{""count"": 100} | {""count"": 45} | {""count"": 15} | {""count"": 100} | {""count"": 45} "
img_0244,L1_随便给,228,415,9,1,0,0,"{""count"": 100} | {""count"": 50} | {""count"": 15} | {""count"": 100} | {""count"": 40} "
img_0245,L4_中性,308,195,9,1,0,0,"{""count"": 28} | {""count"": 28} | {""count"": 5} | {""count"": 0} | {""count"": 100} | {"
img_0245,L3_可近似,308,809,9,1,0,0,"{""count"": 30} | {""count"": 30} | {""count"": 5} | {""count"": 500} | {""count"": 200} |"
img_0245,L7_不确定就0,308,9,9,1,0,0,"{""count"": 0} | {""count"": 0} | {""count"": 5} | {""count"": 0} | {""count"": 0} | {""cou"
img_0245,L1_随便给,308,2314,9,1,0,0,"{""count"": 30} | {""count"": 30} | {""count"": 5} | {""count"": 2000} | {""count"": 200} "
img_0246,L4_中性,1036,33,9,1,0,0,"{""count"": 0} | {""count"": 7} | {""count"": 3} | {""count"": 0} | {""count"": 8} | {""cou"
img_0246,L1_随便给,1036,1533,9,1,0,0,"{""count"": 500} | {""count"": 7} | {""count"": 3} | {""count"": 500} | {""count"": 8} | {"
img_0246,L7_不确定就0,1036,27,9,1,0,0,"{""count"": 0} | {""count"": 6} | {""count"": 3} | {""count"": 0} | {""count"": 7} | {""cou"
img_0246,L3_可近似,1036,1533,9,1,0,0,"{""count"": 500} | {""count"": 7} | {""count"": 3} | {""count"": 500} | {""count"": 8} | {"
img_0247,L3_可近似,214,485,9,1,0,0,"{""count"": 3} | {""count"": 200} | {""count"": 10} | {""count"": 3} | {""count"": 150} | "
img_0247,L7_不确定就0,214,0,9,1,1,0,"{""count"": 0} | {""count"": 0} | {""count"": 0} | {""count"": 0} | {""count"": 0} | {""cou"
img_0247,L1_随便给,214,534,9,1,0,0,"{""count"": 3} | {""count"": 200} | {""count"": 10} | {""count"": 3} | {""count"": 150} | "
img_0247,L4_中性,214,209,9,1,0,0,"{""count"": 3} | {""count"": 100} | {""count"": 10} | {""count"": 3} | {""count"": 50} | {"
img_0248,L3_可近似,205,718,9,1,0,0,"{""count"": 50} | {""count"": 50} | {""count"": 6} | {""count"": 200} | {""count"": 200} |"
img_0248,L1_随便给,205,1018,9,1,0,0,"{""count"": 50} | {""count"": 50} | {""count"": 7} | {""count"": 500} | {""count"": 200} |"
img_0248,L4_中性,205,132,9,1,0,0,"{""count"": 20} | {""count"": 30} | {""count"": 6} | {""count"": 0} | {""count"": 30} | {"""
img_0248,L7_不确定就0,205,0,9,1,1,0,"{""count"": 0} | {""count"": 0} | {""count"": 0} | {""count"": 0} | {""count"": 0} | {""cou"
img_0250,L7_不确定就0,65,28,9,1,0,0,"{""count"": 8} | {""count"": 0} | {""count"": 4} | {""count"": 10} | {""count"": 0} | {""co"
img_0250,L1_随便给,65,127,9,1,0,0,"{""count"": 10} | {""count"": 30} | {""count"": 5} | {""count"": 15} | {""count"": 30} | {"
img_0250,L4_中性,65,115,9,1,0,0,"{""count"": 9} | {""count"": 25} | {""count"": 5} | {""count"": 14} | {""count"": 25} | {"""
img_0250,L3_可近似,65,116,9,1,0,0,"{""count"": 9} | {""count"": 25} | {""count"": 5} | {""count"": 15} | {""count"": 25} | {"""
img_0249,L7_不确定就0,83,11,9,1,0,0,"{""count"": 1} | {""count"": 0} | {""count"": 0} | {""count"": 0} | {""count"": 0} | {""cou"
img_0249,L4_中性,83,109,9,1,0,0,"{""count"": 1} | {""count"": 20} | {""count"": 11} | {""count"": 3} | {""count"": 25} | {"""
img_0249,L3_可近似,83,124,9,1,0,0,"{""count"": 1} | {""count"": 25} | {""count"": 10} | {""count"": 3} | {""count"": 30} | {"""
img_0249,L1_随便给,83,132,9,1,0,0,"{""count"": 1} | {""count"": 30} | {""count"": 12} | {""count"": 3} | {""count"": 30} | {"""
img_0251,L3_可近似,184,748,9,1,0,0,"{""count"": 100} | {""count"": 500} | {""count"": 30} | {""count"": 0} | {""count"": 50} |"
img_0251,L7_不确定就0,184,0,9,1,1,0,"{""count"": 0} | {""count"": 0} | {""count"": 0} | {""count"": 0} | {""count"": 0} | {""cou"
img_0251,L1_随便给,184,1251,9,1,0,0,"{""count"": 50} | {""count"": 1000} | {""count"": 30} | {""count"": 0} | {""count"": 100} "
img_0251,L4_中性,184,104,9,1,0,0,"{""count"": 0} | {""count"": 0} | {""count"": 25} | {""count"": 0} | {""count"": 30} | {""c"
img_0252,L7_不确定就0,340,0,9,1,1,0,"{""count"": 0} | {""count"": 0} | {""count"": 0} | {""count"": 0} | {""count"": 0} | {""cou"
img_0252,L4_中性,340,42,9,1,0,0,"{""count"": 0} | {""count"": 0} | {""count"": 14} | {""count"": 0} | {""count"": 0} | {""co"
img_0253,L7_不确定就0,163,9,9,1,0,0,"{""count"": 0} | {""count"": 0} | {""count"": 2} | {""count"": 0} | {""count"": 0} | {""cou"
img_0252,L3_可近似,340,1545,9,1,0,0,"{""count"": 0} | {""count"": 500} | {""count"": 15} | {""count"": 0} | {""count"": 500} | "
img_0252,L1_随便给,340,1545,9,1,0,0,"{""count"": 0} | {""count"": 500} | {""count"": 15} | {""count"": 0} | {""count"": 500} | "
img_0253,L1_随便给,163,609,9,1,0,0,"{""count"": 200} | {""count"": 20} | {""count"": 3} | {""count"": 200} | {""count"": 15} |"
img_0253,L3_可近似,163,549,9,1,0,0,"{""count"": 200} | {""count"": 15} | {""count"": 3} | {""count"": 200} | {""count"": 15} |"
img_0253,L4_中性,163,135,9,1,0,0,"{""count"": 25} | {""count"": 15} | {""count"": 3} | {""count"": 30} | {""count"": 14} | {"
img_0254,L7_不确定就0,829,0,9,1,1,0,"{""count"": 0} | {""count"": 0} | {""count"": 0} | {""count"": 0} | {""count"": 0} | {""cou"
img_0254,L4_中性,829,400,9,1,0,0,"{""count"": 0} | {""count"": 0} | {""count"": 100} | {""count"": 0} | {""count"": 0} | {""c"
img_0254,L1_随便给,829,3500,9,1,0,0,"{""count"": 0} | {""count"": 500} | {""count"": 200} | {""count"": 0} | {""count"": 1500} "
img_0254,L3_可近似,829,2700,9,1,0,0,"{""count"": 0} | {""count"": 500} | {""count"": 200} | {""count"": 0} | {""count"": 800} |"
img_0255,L7_不确定就0,3970,0,9,1,1,0,"{""count"": 0} | {""count"": 0} | {""count"": 0} | {""count"": 0} | {""count"": 0} | {""cou"
img_0255,L4_中性,3970,4598,9,1,0,0,"{""count"": 0} | {""count"": 999} | {""count"": 100} | {""count"": 1000} | {""count"": 300"
img_0255,L1_随便给,3970,12450,9,1,0,0,"{""count"": 2000} | {""count"": 1000} | {""count"": 150} | {""count"": 5000} | {""count"":"
img_0255,L3_可近似,3970,10850,9,1,0,0,"{""count"": 2500} | {""count"": 1000} | {""count"": 100} | {""count"": 2500} | {""count"":"
img_0256,L4_中性,2240,488,9,1,0,0,"{""count"": 0} | {""count"": 0} | {""count"": 88} | {""count"": 0} | {""count"": 0} | {""co"
img_0256,L7_不确定就0,2240,0,9,1,1,0,"{""count"": 0} | {""count"": 0} | {""count"": 0} | {""count"": 0} | {""count"": 0} | {""cou"
img_0256,L3_可近似,2240,5200,9,1,0,0,"{""count"": 1000} | {""count"": 500} | {""count"": 150} | {""count"": 2000} | {""count"": "
img_0256,L1_随便给,2240,5950,9,1,0,0,"{""count"": 1500} | {""count"": 500} | {""count"": 150} | {""count"": 2000} | {""count"": "
img_0257,L7_不确定就0,2371,0,9,1,1,0,"{""count"": 0} | {""count"": 0} | {""count"": 0} | {""count"": 0} | {""count"": 0} | {""cou"
img_0257,L4_中性,2371,200,9,1,0,0,"{""count"": 0} | {""count"": 0} | {""count"": 0} | {""count"": 0} | {""count"": 0} | {""cou"
img_0258,L7_不确定就0,994,5,9,1,0,0,"{""count"": 0} | {""count"": 0} | {""count"": 0} | {""count"": 0} | {""count"": 0} | {""cou"
img_0257,L1_随便给,2371,22500,9,1,0,0,"{""count"": 0} | {""count"": 5000} | {""count"": 5000} | {""count"": 0} | {""count"": 5000"
img_0257,L3_可近似,2371,14500,9,1,0,0,"{""count"": 0} | {""count"": 5000} | {""count"": 1500} | {""count"": 0} | {""count"": 5000"
img_0258,L4_中性,994,192,9,1,0,0,"{""count"": 0} | {""count"": 100} | {""count"": 15} | {""count"": 30} | {""count"": 0} | {"
img_0258,L1_随便给,994,3621,9,1,0,0,"{""count"": 0} | {""count"": 500} | {""count"": 15} | {""count"": 50} | {""count"": 1500} "
img_0258,L3_可近似,994,3096,9,1,0,0,"{""count"": 0} | {""count"": 500} | {""count"": 15} | {""count"": 30} | {""count"": 1500} "
img_0259,L7_不确定就0,338,18,9,1,0,0,"{""count"": 0} | {""count"": 8} | {""count"": 3} | {""count"": 0} | {""count"": 0} | {""cou"
img_0259,L4_中性,338,350,9,1,0,0,"{""count"": 100} | {""count"": 10} | {""count"": 3} | {""count"": 100} | {""count"": 13} |"
img_0259,L1_随便给,338,652,9,1,0,0,"{""count"": 200} | {""count"": 10} | {""count"": 3} | {""count"": 200} | {""count"": 15} |"
img_0259,L3_可近似,338,649,9,1,0,0,"{""count"": 200} | {""count"": 10} | {""count"": 3} | {""count"": 200} | {""count"": 12} |"
img_0260,L7_不确定就0,2116,0,9,1,1,0,"{""count"": 0} | {""count"": 0} | {""count"": 0} | {""count"": 0} | {""count"": 0} | {""cou"
img_0260,L4_中性,2116,900,9,1,0,0,"{""count"": 0} | {""count"": 300} | {""count"": 100} | {""count"": 0} | {""count"": 300} |"
img_0261,L7_不确定就0,343,0,9,1,1,0,"{""count"": 0} | {""count"": 0} | {""count"": 0} | {""count"": 0} | {""count"": 0} | {""cou"
img_0261,L1_随便给,343,530,9,1,0,0,"{""count"": 75} | {""count"": 50} | {""count"": 40} | {""count"": 100} | {""count"": 70} |"
img_0261,L3_可近似,343,505,9,1,0,0,"{""count"": 75} | {""count"": 50} | {""count"": 35} | {""count"": 80} | {""count"": 75} | "
img_0261,L4_中性,343,395,9,1,0,0,"{""count"": 50} | {""count"": 45} | {""count"": 30} | {""count"": 60} | {""count"": 50} | "
img_0260,L1_随便给,2116,5850,9,1,0,0,"{""count"": 800} | {""count"": 500} | {""count"": 150} | {""count"": 500} | {""count"": 50"
img_0260,L3_可近似,2116,5250,9,1,0,0,"{""count"": 800} | {""count"": 500} | {""count"": 150} | {""count"": 500} | {""count"": 50"
img_0263,L1_随便给,258,602,9,1,0,0,"{""count"": 100} | {""count"": 30} | {""count"": 8} | {""count"": 150} | {""count"": 50} |"
img_0262,L7_不确定就0,550,13,9,1,0,0,"{""count"": 0} | {""count"": 0} | {""count"": 5} | {""count"": 0} | {""count"": 0} | {""cou"
img_0263,L7_不确定就0,258,0,9,1,1,0,"{""count"": 0} | {""count"": 0} | {""count"": 0} | {""count"": 0} | {""count"": 0} | {""cou"
img_0262,L3_可近似,550,2094,9,1,0,0,"{""count"": 500} | {""count"": 30} | {""count"": 8} | {""count"": 1000} | {""count"": 25} "
img_0262,L1_随便给,550,1604,9,1,0,0,"{""count"": 500} | {""count"": 30} | {""count"": 8} | {""count"": 500} | {""count"": 30} |"
img_0262,L4_中性,550,281,9,1,0,0,"{""count"": 100} | {""count"": 25} | {""count"": 8} | {""count"": 0} | {""count"": 20} | {"
img_0263,L4_中性,258,309,9,1,0,0,"{""count"": 50} | {""count"": 25} | {""count"": 7} | {""count"": 78} | {""count"": 30} | {"
img_0263,L3_可近似,258,481,9,1,0,0,"{""count"": 80} | {""count"": 30} | {""count"": 7} | {""count"": 100} | {""count"": 50} | "
img_0264,L7_不确定就0,225,4,9,1,0,0,"{""count"": 0} | {""count"": 0} | {""count"": 0} | {""count"": 0} | {""count"": 0} | {""cou"
img_0264,L4_中性,225,103,9,1,0,0,"{""count"": 0} | {""count"": 30} | {""count"": 8} | {""count"": 0} | {""count"": 50} | {""c"
img_0264,L1_随便给,225,924,9,1,0,0,"{""count"": 0} | {""count"": 200} | {""count"": 8} | {""count"": 0} | {""count"": 200} | {"
img_0264,L3_可近似,225,923,9,1,0,0,"{""count"": 0} | {""count"": 200} | {""count"": 8} | {""count"": 0} | {""count"": 200} | {"
img_0265,L4_中性,245,238,9,1,0,0,"{""count"": 50} | {""count"": 20} | {""count"": 3} | {""count"": 70} | {""count"": 20} | {"
img_0265,L1_随便给,245,352,9,1,0,0,"{""count"": 75} | {""count"": 20} | {""count"": 3} | {""count"": 100} | {""count"": 25} | "
img_0265,L3_可近似,245,320,9,1,0,0,"{""count"": 75} | {""count"": 20} | {""count"": 3} | {""count"": 100} | {""count"": 20} | "
img_0265,L7_不确定就0,245,9,9,1,0,0,"{""count"": 0} | {""count"": 0} | {""count"": 3} | {""count"": 0} | {""count"": 0} | {""cou"
img_0266,L7_不确定就0,3653,0,9,1,1,0,"{""count"": 0} | {""count"": 0} | {""count"": 0} | {""count"": 0} | {""count"": 0} | {""cou"
img_0266,L4_中性,3653,0,9,1,1,0,"{""count"": 0} | {""count"": 0} | {""count"": 0} | {""count"": 0} | {""count"": 0} | {""cou"
img_0267,L7_不确定就0,1103,0,9,1,1,0,"{""count"": 0} | {""count"": 0} | {""count"": 0} | {""count"": 0} | {""count"": 0} | {""cou"
img_0267,L4_中性,1103,270,9,1,0,0,"{""count"": 0} | {""count"": 0} | {""count"": 100} | {""count"": 0} | {""count"": 0} | {""c"
img_0267,L1_随便给,1103,8050,9,1,0,0,"{""count"": 500} | {""count"": 500} | {""count"": 200} | {""count"": 500} | {""count"": 50"
img_0266,L1_随便给,3653,227000,9,1,0,0,"{""count"": 5000} | {""count"": 50000} | {""count"": 5000} | {""count"": 100000} | {""cou"
img_0267,L3_可近似,1103,4000,9,1,0,0,"{""count"": 500} | {""count"": 500} | {""count"": 200} | {""count"": 500} | {""count"": 10"
img_0266,L3_可近似,3653,128500,9,1,0,0,"{""count"": 5000} | {""count"": 5000} | {""count"": 5000} | {""count"": 50000} | {""count"
img_0268,L7_不确定就0,1400,0,9,1,1,0,"{""count"": 0} | {""count"": 0} | {""count"": 0} | {""count"": 0} | {""count"": 0} | {""cou"
img_0268,L4_中性,1400,150,9,1,0,0,"{""count"": 100} | {""count"": 50} | {""count"": 0} | {""count"": 0} | {""count"": 0} | {"""
img_0269,L7_不确定就0,3304,0,9,1,1,0,"{""count"": 0} | {""count"": 0} | {""count"": 0} | {""count"": 0} | {""count"": 0} | {""cou"
img_0269,L4_中性,3304,150,9,1,0,0,"{""count"": 0} | {""count"": 0} | {""count"": 0} | {""count"": 0} | {""count"": 100} | {""c"
img_0270,L7_不确定就0,276,0,9,1,1,0,"{""count"": 0} | {""count"": 0} | {""count"": 0} | {""count"": 0} | {""count"": 0} | {""cou"
img_0270,L1_随便给,276,500,9,1,0,0,"{""count"": 50} | {""count"": 50} | {""count"": 50} | {""count"": 100} | {""count"": 50} |"
img_0270,L4_中性,276,310,9,1,0,0,"{""count"": 30} | {""count"": 30} | {""count"": 30} | {""count"": 50} | {""count"": 40} | "
img_0268,L1_随便给,1400,67200,9,1,0,0,"{""count"": 500} | {""count"": 200} | {""count"": 500} | {""count"": 50000} | {""count"": "
img_0271,L7_不确定就0,916,2,9,1,0,0,"{""count"": 0} | {""count"": 0} | {""count"": 0} | {""count"": 0} | {""count"": 0} | {""cou"
img_0268,L3_可近似,1400,23650,9,1,0,0,"{""count"": 500} | {""count"": 150} | {""count"": 500} | {""count"": 5000} | {""count"": 1"
img_0269,L3_可近似,3304,18100,9,1,0,0,"{""count"": 5000} | {""count"": 5000} | {""count"": 2500} | {""count"": 1500} | {""count"""
img_0270,L3_可近似,276,480,9,1,0,0,"{""count"": 50} | {""count"": 50} | {""count"": 50} | {""count"": 100} | {""count"": 50} |"
img_0271,L4_中性,916,225,9,1,0,0,"{""count"": 0} | {""count"": 0} | {""count"": 5} | {""count"": 0} | {""count"": 100} | {""c"
img_0269,L1_随便给,3304,64350,9,1,0,0,"{""count"": 50000} | {""count"": 5000} | {""count"": 2000} | {""count"": 2000} | {""count"
img_0271,L3_可近似,916,3735,9,1,0,0,"{""count"": 0} | {""count"": 2500} | {""count"": 5} | {""count"": 10} | {""count"": 500} |"
img_0271,L1_随便给,916,6382,9,1,0,0,"{""count"": 5} | {""count"": 5000} | {""count"": 5} | {""count"": 50} | {""count"": 500} |"
img_0272,L7_不确定就0,1798,0,9,1,1,0,"{""count"": 0} | {""count"": 0} | {""count"": 0} | {""count"": 0} | {""count"": 0} | {""cou"
img_0272,L4_中性,1798,400,9,1,0,0,"{""count"": 0} | {""count"": 0} | {""count"": 200} | {""count"": 0} | {""count"": 200} | {"
img_0272,L3_可近似,1798,5600,9,1,0,0,"{""count"": 1500} | {""count"": 500} | {""count"": 500} | {""count"": 500} | {""count"": 5"
img_0272,L1_随便给,1798,13300,9,1,0,0,"{""count"": 5000} | {""count"": 500} | {""count"": 500} | {""count"": 500} | {""count"": 5"
img_0273,L7_不确定就0,948,0,9,1,1,0,"{""count"": 0} | {""count"": 0} | {""count"": 0} | {""count"": 0} | {""count"": 0} | {""cou"
img_0274,L3_可近似,457,630,9,1,0,0,"{""count"": 100} | {""count"": 100} | {""count"": 50} | {""count"": 80} | {""count"": 100}"
img_0274,L7_不确定就0,457,0,9,1,1,0,"{""count"": 0} | {""count"": 0} | {""count"": 0} | {""count"": 0} | {""count"": 0} | {""cou"
img_0274,L1_随便给,457,735,9,1,0,0,"{""count"": 150} | {""count"": 100} | {""count"": 50} | {""count"": 100} | {""count"": 100"
img_0273,L3_可近似,948,2760,9,1,0,0,"{""count"": 30} | {""count"": 300} | {""count"": 150} | {""count"": 30} | {""count"": 1000"
img_0273,L1_随便给,948,3480,9,1,0,0,"{""count"": 30} | {""count"": 500} | {""count"": 150} | {""count"": 50} | {""count"": 1500"
img_0273,L4_中性,948,2428,9,1,0,0,"{""count"": 28} | {""count"": 100} | {""count"": 100} | {""count"": 30} | {""count"": 1000"
img_0274,L4_中性,457,532,9,1,0,0,"{""count"": 100} | {""count"": 100} | {""count"": 45} | {""count"": 72} | {""count"": 50} "
img_0275,L7_不确定就0,1070,0,9,1,1,0,"{""count"": 0} | {""count"": 0} | {""count"": 0} | {""count"": 0} | {""count"": 0} | {""cou"
img_0275,L4_中性,1070,556,9,1,0,0,"{""count"": 0} | {""count"": 28} | {""count"": 38} | {""count"": 0} | {""count"": 200} | {"
img_0275,L1_随便给,1070,5675,9,1,0,0,"{""count"": 500} | {""count"": 30} | {""count"": 45} | {""count"": 2000} | {""count"": 500"
img_0275,L3_可近似,1070,4370,9,1,0,0,"{""count"": 200} | {""count"": 30} | {""count"": 40} | {""count"": 1500} | {""count"": 500"
img_0276,L7_不确定就0,302,0,9,1,1,0,"{""count"": 0} | {""count"": 0} | {""count"": 0} | {""count"": 0} | {""count"": 0} | {""cou"
img_0276,L3_可近似,302,588,9,1,0,0,"{""count"": 150} | {""count"": 50} | {""count"": 20} | {""count"": 100} | {""count"": 50} "
img_0276,L1_随便给,302,595,9,1,0,0,"{""count"": 150} | {""count"": 50} | {""count"": 20} | {""count"": 100} | {""count"": 50} "
img_0276,L4_中性,302,392,9,1,0,0,"{""count"": 100} | {""count"": 45} | {""count"": 20} | {""count"": 72} | {""count"": 38} |"
img_0278,L7_不确定就0,518,0,9,1,1,0,"{""count"": 0} | {""count"": 0} | {""count"": 0} | {""count"": 0} | {""count"": 0} | {""cou"
img_0277,L7_不确定就0,259,0,9,1,1,0,"{""count"": 0} | {""count"": 0} | {""count"": 0} | {""count"": 0} | {""count"": 0} | {""cou"
img_0279,L7_不确定就0,560,0,9,1,1,0,"{""count"": 0} | {""count"": 0} | {""count"": 0} | {""count"": 0} | {""count"": 0} | {""cou"
img_0278,L4_中性,518,387,9,1,0,0,"{""count"": 72} | {""count"": 40} | {""count"": 25} | {""count"": 100} | {""count"": 50} |"
img_0278,L3_可近似,518,1195,9,1,0,0,"{""count"": 80} | {""count"": 100} | {""count"": 30} | {""count"": 250} | {""count"": 80} "
img_0277,L3_可近似,259,1192,9,1,0,0,"{""count"": 0} | {""count"": 100} | {""count"": 15} | {""count"": 0} | {""count"": 1000} |"
img_0277,L4_中性,259,197,9,1,0,0,"{""count"": 0} | {""count"": 25} | {""count"": 15} | {""count"": 0} | {""count"": 100} | {"
img_0278,L1_随便给,518,1190,9,1,0,0,"{""count"": 100} | {""count"": 100} | {""count"": 30} | {""count"": 200} | {""count"": 100"
img_0277,L1_随便给,259,1802,9,1,0,0,"{""count"": 0} | {""count"": 150} | {""count"": 20} | {""count"": 0} | {""count"": 1500} |"
img_0279,L4_中性,560,462,9,1,0,0,"{""count"": 0} | {""count"": 100} | {""count"": 30} | {""count"": 0} | {""count"": 100} | "
img_0279,L3_可近似,560,1765,9,1,0,0,"{""count"": 500} | {""count"": 150} | {""count"": 35} | {""count"": 500} | {""count"": 150"
img_0279,L1_随便给,560,1770,9,1,0,0,"{""count"": 500} | {""count"": 150} | {""count"": 40} | {""count"": 500} | {""count"": 150"
img_0280,L7_不确定就0,558,0,9,1,1,0,"{""count"": 0} | {""count"": 0} | {""count"": 0} | {""count"": 0} | {""count"": 0} | {""cou"
img_0280,L3_可近似,558,1392,9,1,0,0,"{""count"": 300} | {""count"": 200} | {""count"": 15} | {""count"": 200} | {""count"": 150"
img_0280,L1_随便给,558,1642,9,1,0,0,"{""count"": 500} | {""count"": 200} | {""count"": 15} | {""count"": 200} | {""count"": 200"
img_0281,L7_不确定就0,871,0,9,1,1,0,"{""count"": 0} | {""count"": 0} | {""count"": 0} | {""count"": 0} | {""count"": 0} | {""cou"
img_0280,L4_中性,558,591,9,1,0,0,"{""count"": 150} | {""count"": 100} | {""count"": 14} | {""count"": 100} | {""count"": 100"
img_0282,L7_不确定就0,574,0,9,1,1,0,"{""count"": 0} | {""count"": 0} | {""count"": 0} | {""count"": 0} | {""count"": 0} | {""cou"
img_0282,L4_中性,574,474,9,1,0,0,"{""count"": 100} | {""count"": 50} | {""count"": 25} | {""count"": 50} | {""count"": 40} |"
img_0281,L1_随便给,871,2700,9,1,0,0,"{""count"": 500} | {""count"": 200} | {""count"": 200} | {""count"": 500} | {""count"": 50"
img_0282,L1_随便给,574,750,9,1,0,0,"{""count"": 150} | {""count"": 100} | {""count"": 50} | {""count"": 100} | {""count"": 50}"
img_0282,L3_可近似,574,730,9,1,0,0,"{""count"": 150} | {""count"": 100} | {""count"": 30} | {""count"": 100} | {""count"": 50}"
img_0281,L4_中性,871,1150,9,1,0,0,"{""count"": 200} | {""count"": 100} | {""count"": 100} | {""count"": 250} | {""count"": 10"
img_0281,L3_可近似,871,2750,9,1,0,0,"{""count"": 500} | {""count"": 200} | {""count"": 200} | {""count"": 500} | {""count"": 50"
img_0283,L7_不确定就0,241,0,9,1,1,0,"{""count"": 0} | {""count"": 0} | {""count"": 0} | {""count"": 0} | {""count"": 0} | {""cou"
img_0283,L3_可近似,241,347,9,1,0,0,"{""count"": 50} | {""count"": 50} | {""count"": 12} | {""count"": 75} | {""count"": 50} | "
img_0283,L1_随便给,241,372,9,1,0,0,"{""count"": 50} | {""count"": 50} | {""count"": 12} | {""count"": 80} | {""count"": 50} | "
img_0283,L4_中性,241,253,9,1,0,0,"{""count"": 30} | {""count"": 35} | {""count"": 13} | {""count"": 50} | {""count"": 45} | "
img_0284,L7_不确定就0,376,22,9,1,0,0,"{""count"": 0} | {""count"": 0} | {""count"": 0} | {""count"": 0} | {""count"": 0} | {""cou"
img_0284,L1_随便给,376,1050,9,1,0,0,"{""count"": 100} | {""count"": 150} | {""count"": 20} | {""count"": 200} | {""count"": 200"
img_0285,L7_不确定就0,582,0,9,1,1,0,"{""count"": 0} | {""count"": 0} | {""count"": 0} | {""count"": 0} | {""count"": 0} | {""cou"
img_0286,L7_不确定就0,937,0,9,1,1,0,"{""count"": 0} | {""count"": 0} | {""count"": 0} | {""count"": 0} | {""count"": 0} | {""cou"
img_0285,L1_随便给,582,1165,9,1,0,0,"{""count"": 100} | {""count"": 80} | {""count"": 25} | {""count"": 300} | {""count"": 150}"
img_0284,L4_中性,376,665,9,1,0,0,"{""count"": 72} | {""count"": 100} | {""count"": 15} | {""count"": 150} | {""count"": 100}"
img_0284,L3_可近似,376,1042,9,1,0,0,"{""count"": 100} | {""count"": 150} | {""count"": 15} | {""count"": 200} | {""count"": 200"
img_0287,L7_不确定就0,229,0,9,1,1,0,"{""count"": 0} | {""count"": 0} | {""count"": 0} | {""count"": 0} | {""count"": 0} | {""cou"
img_0286,L4_中性,937,305,9,1,0,0,"{""count"": 0} | {""count"": 70} | {""count"": 45} | {""count"": 0} | {""count"": 100} | {"
img_0285,L3_可近似,582,1085,9,1,0,0,"{""count"": 80} | {""count"": 75} | {""count"": 25} | {""count"": 300} | {""count"": 150} "
img_0285,L4_中性,582,573,9,1,0,0,"{""count"": 40} | {""count"": 50} | {""count"": 25} | {""count"": 100} | {""count"": 100} "
img_0287,L1_随便给,229,420,9,1,0,0,"{""count"": 50} | {""count"": 100} | {""count"": 20} | {""count"": 50} | {""count"": 50} |"
img_0287,L4_中性,229,213,9,1,0,0,"{""count"": 30} | {""count"": 30} | {""count"": 15} | {""count"": 30} | {""count"": 25} | "
img_0287,L3_可近似,229,400,9,1,0,0,"{""count"": 50} | {""count"": 100} | {""count"": 20} | {""count"": 30} | {""count"": 50} |"
img_0286,L1_随便给,937,16300,9,1,0,0,"{""count"": 5000} | {""count"": 200} | {""count"": 100} | {""count"": 5000} | {""count"": "
img_0286,L3_可近似,937,4750,9,1,0,0,"{""count"": 1000} | {""count"": 150} | {""count"": 100} | {""count"": 1000} | {""count"": "
img_0289,L1_随便给,251,339,9,1,0,0,"{""count"": 100} | {""count"": 50} | {""count"": 7} | {""count"": 50} | {""count"": 30} | "
img_0289,L7_不确定就0,251,0,9,1,1,0,"{""count"": 0} | {""count"": 0} | {""count"": 0} | {""count"": 0} | {""count"": 0} | {""cou"
img_0288,L7_不确定就0,216,0,9,1,1,0,"{""count"": 0} | {""count"": 0} | {""count"": 0} | {""count"": 0} | {""count"": 0} | {""cou"
img_0288,L1_随便给,216,412,9,1,0,0,"{""count"": 15} | {""count"": 100} | {""count"": 25} | {""count"": 10} | {""count"": 100} "
img_0288,L4_中性,216,241,9,1,0,0,"{""count"": 13} | {""count"": 50} | {""count"": 25} | {""count"": 8} | {""count"": 45} | {"
img_0289,L3_可近似,251,281,9,1,0,0,"{""count"": 50} | {""count"": 50} | {""count"": 6} | {""count"": 50} | {""count"": 30} | {"
img_0288,L3_可近似,216,368,9,1,0,0,"{""count"": 10} | {""count"": 75} | {""count"": 25} | {""count"": 8} | {""count"": 100} | "
img_0290,L7_不确定就0,556,0,9,1,1,0,"{""count"": 0} | {""count"": 0} | {""count"": 0} | {""count"": 0} | {""count"": 0} | {""cou"
img_0290,L4_中性,556,65,9,1,0,0,"{""count"": 0} | {""count"": 0} | {""count"": 20} | {""count"": 0} | {""count"": 0} | {""co"
img_0289,L4_中性,251,215,9,1,0,0,"{""count"": 50} | {""count"": 30} | {""count"": 6} | {""count"": 40} | {""count"": 20} | {"
img_0291,L7_不确定就0,357,3,9,1,0,0,"{""count"": 3} | {""count"": 0} | {""count"": 0} | {""count"": 0} | {""count"": 0} | {""cou"
img_0290,L3_可近似,556,2230,9,1,0,0,"{""count"": 500} | {""count"": 200} | {""count"": 30} | {""count"": 500} | {""count"": 200"
img_0290,L1_随便给,556,2230,9,1,0,0,"{""count"": 500} | {""count"": 200} | {""count"": 30} | {""count"": 500} | {""count"": 200"
img_0291,L4_中性,357,155,9,1,0,0,"{""count"": 5} | {""count"": 0} | {""count"": 30} | {""count"": 10} | {""count"": 50} | {"""
img_0291,L1_随便给,357,1060,9,1,0,0,"{""count"": 5} | {""count"": 200} | {""count"": 50} | {""count"": 10} | {""count"": 200} |"
img_0291,L3_可近似,357,1015,9,1,0,0,"{""count"": 5} | {""count"": 200} | {""count"": 30} | {""count"": 10} | {""count"": 200} |"
img_0292,L7_不确定就0,260,0,9,1,1,0,"{""count"": 0} | {""count"": 0} | {""count"": 0} | {""count"": 0} | {""count"": 0} | {""cou"
img_0292,L1_随便给,260,1410,9,1,0,0,"{""count"": 500} | {""count"": 150} | {""count"": 30} | {""count"": 500} | {""count"": 100"
img_0292,L3_可近似,260,1200,9,1,0,0,"{""count"": 300} | {""count"": 150} | {""count"": 25} | {""count"": 500} | {""count"": 100"
img_0292,L4_中性,260,163,9,1,0,0,"{""count"": 0} | {""count"": 0} | {""count"": 20} | {""count"": 0} | {""count"": 50} | {""c"
img_0293,L4_中性,1433,275,9,1,0,0,"{""count"": 0} | {""count"": 0} | {""count"": 75} | {""count"": 0} | {""count"": 0} | {""co"
img_0293,L7_不确定就0,1433,0,9,1,1,0,"{""count"": 0} | {""count"": 0} | {""count"": 0} | {""count"": 0} | {""count"": 0} | {""cou"
img_0293,L3_可近似,1433,12500,9,1,0,0,"{""count"": 0} | {""count"": 5000} | {""count"": 100} | {""count"": 0} | {""count"": 5000}"
img_0293,L1_随便给,1433,15500,9,1,0,0,"{""count"": 0} | {""count"": 5000} | {""count"": 100} | {""count"": 0} | {""count"": 5000}"
img_0294,L7_不确定就0,791,0,9,1,1,0,"{""count"": 0} | {""count"": 0} | {""count"": 0} | {""count"": 0} | {""count"": 0} | {""cou"
img_0294,L4_中性,791,428,9,1,0,0,"{""count"": 100} | {""count"": 100} | {""count"": 30} | {""count"": 0} | {""count"": 0} | "
img_0294,L3_可近似,791,2115,9,1,0,0,"{""count"": 150} | {""count"": 200} | {""count"": 40} | {""count"": 300} | {""count"": 500"
img_0294,L1_随便给,791,2520,9,1,0,0,"{""count"": 150} | {""count"": 200} | {""count"": 40} | {""count"": 500} | {""count"": 500"
img_0295,L7_不确定就0,1477,5,9,1,0,0,"{""count"": 0} | {""count"": 0} | {""count"": 0} | {""count"": 0} | {""count"": 0} | {""cou"
img_0295,L4_中性,1477,235,9,1,0,0,"{""count"": 0} | {""count"": 0} | {""count"": 78} | {""count"": 0} | {""count"": 0} | {""co"
img_0295,L3_可近似,1477,4657,9,1,0,0,"{""count"": 300} | {""count"": 1000} | {""count"": 100} | {""count"": 1000} | {""count"": "
img_0295,L1_随便给,1477,6388,9,1,0,0,"{""count"": 500} | {""count"": 1500} | {""count"": 100} | {""count"": 1500} | {""count"": "
img_0296,L7_不确定就0,1341,0,9,1,1,0,"{""count"": 0} | {""count"": 0} | {""count"": 0} | {""count"": 0} | {""count"": 0} | {""cou"
img_0296,L4_中性,1341,167,9,1,0,0,"{""count"": 0} | {""count"": 50} | {""count"": 10} | {""count"": 0} | {""count"": 40} | {"""
img_0297,L7_不确定就0,429,0,9,1,1,0,"{""count"": 0} | {""count"": 0} | {""count"": 0} | {""count"": 0} | {""count"": 0} | {""cou"
img_0297,L4_中性,429,181,9,1,0,0,"{""count"": 0} | {""count"": 45} | {""count"": 14} | {""count"": 0} | {""count"": 100} | {"
img_0297,L1_随便给,429,840,9,1,0,0,"{""count"": 0} | {""count"": 100} | {""count"": 15} | {""count"": 0} | {""count"": 200} | "
img_0297,L3_可近似,429,1637,9,1,0,0,"{""count"": 0} | {""count"": 100} | {""count"": 15} | {""count"": 0} | {""count"": 500} | "
img_0296,L3_可近似,1341,3285,9,1,0,0,"{""count"": 1000} | {""count"": 100} | {""count"": 10} | {""count"": 1000} | {""count"": 5"
img_0296,L1_随便给,1341,3292,9,1,0,0,"{""count"": 1000} | {""count"": 100} | {""count"": 10} | {""count"": 1000} | {""count"": 5"
img_0298,L7_不确定就0,284,0,9,1,1,0,"{""count"": 0} | {""count"": 0} | {""count"": 0} | {""count"": 0} | {""count"": 0} | {""cou"
img_0298,L1_随便给,284,805,9,1,0,0,"{""count"": 25} | {""count"": 200} | {""count"": 30} | {""count"": 50} | {""count"": 200} "
img_0299,L7_不确定就0,165,0,9,1,1,0,"{""count"": 0} | {""count"": 0} | {""count"": 0} | {""count"": 0} | {""count"": 0} | {""cou"
img_0298,L3_可近似,284,780,9,1,0,0,"{""count"": 25} | {""count"": 200} | {""count"": 30} | {""count"": 30} | {""count"": 200} "
img_0299,L3_可近似,165,220,9,1,0,0,"{""count"": 30} | {""count"": 25} | {""count"": 20} | {""count"": 30} | {""count"": 25} | "
img_0299,L4_中性,165,193,9,1,0,0,"{""count"": 25} | {""count"": 20} | {""count"": 18} | {""count"": 25} | {""count"": 20} | "
img_0299,L1_随便给,165,230,9,1,0,0,"{""count"": 30} | {""count"": 25} | {""count"": 20} | {""count"": 30} | {""count"": 25} | "
img_0298,L4_中性,284,449,9,1,0,0,"{""count"": 20} | {""count"": 100} | {""count"": 28} | {""count"": 27} | {""count"": 100} "
img_0300,L7_不确定就0,236,0,9,1,1,0,"{""count"": 0} | {""count"": 0} | {""count"": 0} | {""count"": 0} | {""count"": 0} | {""cou"
img_0300,L3_可近似,236,360,9,1,0,0,"{""count"": 30} | {""count"": 40} | {""count"": 50} | {""count"": 45} | {""count"": 50} | "
img_0300,L1_随便给,236,395,9,1,0,0,"{""count"": 35} | {""count"": 50} | {""count"": 50} | {""count"": 50} | {""count"": 50} | "
img_0300,L4_中性,236,346,9,1,0,0,"{""count"": 35} | {""count"": 40} | {""count"": 40} | {""count"": 45} | {""count"": 48} | "
img_0301,L7_不确定就0,207,0,9,1,1,0,"{""count"": 0} | {""count"": 0} | {""count"": 0} | {""count"": 0} | {""count"": 0} | {""cou"
img_0301,L1_随便给,207,345,9,1,0,0,"{""count"": 3} | {""count"": 100} | {""count"": 30} | {""count"": 0} | {""count"": 100} | "
img_0301,L3_可近似,207,344,9,1,0,0,"{""count"": 2} | {""count"": 100} | {""count"": 30} | {""count"": 0} | {""count"": 100} | "
img_0301,L4_中性,207,167,9,1,0,0,"{""count"": 0} | {""count"": 30} | {""count"": 20} | {""count"": 0} | {""count"": 40} | {"""
img_0302,L7_不确定就0,315,0,9,1,1,0,"{""count"": 0} | {""count"": 0} | {""count"": 0} | {""count"": 0} | {""count"": 0} | {""cou"
img_0302,L4_中性,315,375,9,1,0,0,"{""count"": 50} | {""count"": 40} | {""count"": 20} | {""count"": 72} | {""count"": 40} | "
img_0302,L3_可近似,315,455,9,1,0,0,"{""count"": 75} | {""count"": 50} | {""count"": 20} | {""count"": 80} | {""count"": 50} | "
img_0302,L1_随便给,315,475,9,1,0,0,"{""count"": 75} | {""count"": 50} | {""count"": 20} | {""count"": 100} | {""count"": 50} |"
img_0303,L7_不确定就0,2154,0,9,1,1,0,"{""count"": 0} | {""count"": 0} | {""count"": 0} | {""count"": 0} | {""count"": 0} | {""cou"
img_0303,L4_中性,2154,210,9,1,0,0,"{""count"": 0} | {""count"": 100} | {""count"": 20} | {""count"": 0} | {""count"": 0} | {"""
img_0303,L3_可近似,2154,12125,9,1,0,0,"{""count"": 2000} | {""count"": 500} | {""count"": 25} | {""count"": 5000} | {""count"": 1"
img_0303,L1_随便给,2154,17625,9,1,0,0,"{""count"": 5000} | {""count"": 500} | {""count"": 25} | {""count"": 5000} | {""count"": 1"
img_0304,L4_中性,2593,0,9,1,1,0,"{""count"": 0} | {""count"": 0} | {""count"": 0} | {""count"": 0} | {""count"": 0} | {""cou"
img_0304,L7_不确定就0,2593,0,9,1,1,0,"{""count"": 0} | {""count"": 0} | {""count"": 0} | {""count"": 0} | {""count"": 0} | {""cou"
img_0305,L7_不确定就0,654,0,9,1,1,0,"{""count"": 0} | {""count"": 0} | {""count"": 0} | {""count"": 0} | {""count"": 0} | {""cou"
img_0305,L4_中性,654,506,9,1,0,0,"{""count"": 30} | {""count"": 100} | {""count"": 30} | {""count"": 0} | {""count"": 256} |"
img_0305,L1_随便给,654,1890,9,1,0,0,"{""count"": 100} | {""count"": 200} | {""count"": 40} | {""count"": 200} | {""count"": 500"
img_0305,L3_可近似,654,1685,9,1,0,0,"{""count"": 50} | {""count"": 200} | {""count"": 35} | {""count"": 200} | {""count"": 500}"
img_0306,L7_不确定就0,2702,0,9,1,1,0,"{""count"": 0} | {""count"": 0} | {""count"": 0} | {""count"": 0} | {""count"": 0} | {""cou"
img_0307,L7_不确定就0,1077,0,9,1,1,0,"{""count"": 0} | {""count"": 0} | {""count"": 0} | {""count"": 0} | {""count"": 0} | {""cou"
img_0306,L4_中性,2702,51,9,1,0,0,"{""count"": 0} | {""count"": 0} | {""count"": 11} | {""count"": 0} | {""count"": 0} | {""co"
img_0304,L1_随便给,2593,7000,9,1,0,0,"{""count"": 1000} | {""count"": 1000} | {""count"": 500} | {""count"": 1000} | {""count"":"
img_0304,L3_可近似,2593,8500,9,1,0,0,"{""count"": 1000} | {""count"": 1000} | {""count"": 1000} | {""count"": 1000} | {""count"""
img_0307,L4_中性,1077,1390,9,1,0,0,"{""count"": 0} | {""count"": 100} | {""count"": 300} | {""count"": 0} | {""count"": 300} |"
img_0307,L3_可近似,1077,2285,9,1,0,0,"{""count"": 5} | {""count"": 150} | {""count"": 500} | {""count"": 50} | {""count"": 500} "
img_0307,L1_随便给,1077,2360,9,1,0,0,"{""count"": 10} | {""count"": 200} | {""count"": 500} | {""count"": 50} | {""count"": 500}"
img_0306,L3_可近似,2702,45055,9,1,0,0,"{""count"": 5000} | {""count"": 5000} | {""count"": 10} | {""count"": 10000} | {""count"":"
img_0306,L1_随便给,2702,50062,9,1,0,0,"{""count"": 10000} | {""count"": 5000} | {""count"": 12} | {""count"": 10000} | {""count"""
img_0309,L7_不确定就0,663,0,9,1,1,0,"{""count"": 0} | {""count"": 0} | {""count"": 0} | {""count"": 0} | {""count"": 0} | {""cou"
img_0309,L4_中性,663,287,9,1,0,0,"{""count"": 0} | {""count"": 0} | {""count"": 40} | {""count"": 0} | {""count"": 100} | {"""
img_0308,L7_不确定就0,3568,0,9,1,1,0,"{""count"": 0} | {""count"": 0} | {""count"": 0} | {""count"": 0} | {""count"": 0} | {""cou"
img_0308,L4_中性,3568,57,9,1,0,0,"{""count"": 0} | {""count"": 0} | {""count"": 17} | {""count"": 0} | {""count"": 0} | {""co"
img_0310,L7_不确定就0,642,0,9,1,1,0,"{""count"": 0} | {""count"": 0} | {""count"": 0} | {""count"": 0} | {""count"": 0} | {""cou"
img_0310,L4_中性,642,153,9,1,0,0,"{""count"": 0} | {""count"": 50} | {""count"": 8} | {""count"": 0} | {""count"": 50} | {""c"
img_0309,L1_随便给,663,2200,9,1,0,0,"{""count"": 500} | {""count"": 200} | {""count"": 50} | {""count"": 500} | {""count"": 200"
img_0309,L3_可近似,663,1900,9,1,0,0,"{""count"": 500} | {""count"": 200} | {""count"": 50} | {""count"": 500} | {""count"": 200"
img_0308,L1_随便给,3568,45080,9,1,0,0,"{""count"": 10000} | {""count"": 5000} | {""count"": 20} | {""count"": 10000} | {""count"""
img_0308,L3_可近似,3568,35070,9,1,0,0,"{""count"": 10000} | {""count"": 5000} | {""count"": 15} | {""count"": 5000} | {""count"":"
img_0310,L3_可近似,642,3739,9,1,0,0,"{""count"": 500} | {""count"": 75} | {""count"": 8} | {""count"": 2000} | {""count"": 100}"
img_0310,L1_随便给,642,7774,9,1,0,0,"{""count"": 500} | {""count"": 100} | {""count"": 8} | {""count"": 5000} | {""count"": 100"
img_0311,L1_随便给,909,2650,9,1,0,0,"{""count"": 300} | {""count"": 300} | {""count"": 200} | {""count"": 500} | {""count"": 50"
img_0311,L3_可近似,909,2450,9,1,0,0,"{""count"": 300} | {""count"": 300} | {""count"": 150} | {""count"": 500} | {""count"": 50"
img_0311,L7_不确定就0,909,0,9,1,1,0,"{""count"": 0} | {""count"": 0} | {""count"": 0} | {""count"": 0} | {""count"": 0} | {""cou"
img_0312,L4_中性,270,275,9,1,0,0,"{""count"": 50} | {""count"": 28} | {""count"": 15} | {""count"": 50} | {""count"": 28} | "
img_0312,L1_随便给,270,310,9,1,0,0,"{""count"": 50} | {""count"": 30} | {""count"": 15} | {""count"": 75} | {""count"": 30} | "
img_0311,L4_中性,909,1198,9,1,0,0,"{""count"": 100} | {""count"": 200} | {""count"": 100} | {""count"": 100} | {""count"": 25"
img_0312,L3_可近似,270,310,9,1,0,0,"{""count"": 50} | {""count"": 30} | {""count"": 15} | {""count"": 75} | {""count"": 30} | "
img_0312,L7_不确定就0,270,0,9,1,1,0,"{""count"": 0} | {""count"": 0} | {""count"": 0} | {""count"": 0} | {""count"": 0} | {""cou"
img_0313,L7_不确定就0,465,12,9,1,0,0,"{""count"": 0} | {""count"": 0} | {""count"": 6} | {""count"": 0} | {""count"": 0} | {""cou"
img_0313,L1_随便给,465,1528,9,1,0,0,"{""count"": 0} | {""count"": 500} | {""count"": 8} | {""count"": 0} | {""count"": 500} | {"
img_0313,L4_中性,465,226,9,1,0,0,"{""count"": 0} | {""count"": 100} | {""count"": 7} | {""count"": 0} | {""count"": 100} | {"
img_0313,L3_可近似,465,2526,9,1,0,0,"{""count"": 0} | {""count"": 500} | {""count"": 7} | {""count"": 0} | {""count"": 1000} | "
img_0314,L7_不确定就0,820,16,9,1,0,0,"{""count"": 0} | {""count"": 0} | {""count"": 5} | {""count"": 0} | {""count"": 0} | {""cou"
img_0314,L1_随便给,820,15526,9,1,0,0,"{""count"": 2000} | {""count"": 5000} | {""count"": 10} | {""count"": 2000} | {""count"": "
img_0314,L4_中性,820,2125,9,1,0,0,"{""count"": 0} | {""count"": 1000} | {""count"": 9} | {""count"": 0} | {""count"": 1000} |"
img_0314,L3_可近似,820,8525,9,1,0,0,"{""count"": 1500} | {""count"": 1000} | {""count"": 9} | {""count"": 2000} | {""count"": 1"
img_0315,L1_随便给,383,985,9,1,0,0,"{""count"": 0} | {""count"": 10} | {""count"": 15} | {""count"": 50} | {""count"": 300} | "
img_0315,L3_可近似,383,785,9,1,0,0,"{""count"": 0} | {""count"": 10} | {""count"": 15} | {""count"": 50} | {""count"": 300} | "
img_0315,L7_不确定就0,383,0,9,1,1,0,"{""count"": 0} | {""count"": 0} | {""count"": 0} | {""count"": 0} | {""count"": 0} | {""cou"
img_0315,L4_中性,383,308,9,1,0,0,"{""count"": 0} | {""count"": 10} | {""count"": 15} | {""count"": 0} | {""count"": 100} | {"
img_0316,L3_可近似,973,2250,9,1,0,0,"{""count"": 500} | {""count"": 200} | {""count"": 75} | {""count"": 500} | {""count"": 200"
img_0316,L1_随便给,973,2230,9,1,0,0,"{""count"": 500} | {""count"": 200} | {""count"": 80} | {""count"": 500} | {""count"": 200"
img_0316,L7_不确定就0,973,0,9,1,1,0,"{""count"": 0} | {""count"": 0} | {""count"": 0} | {""count"": 0} | {""count"": 0} | {""cou"
img_0317,L7_不确定就0,811,0,9,1,1,0,"{""count"": 0} | {""count"": 0} | {""count"": 0} | {""count"": 0} | {""count"": 0} | {""cou"
img_0317,L4_中性,811,300,9,1,0,0,"{""count"": 0} | {""count"": 0} | {""count"": 100} | {""count"": 0} | {""count"": 0} | {""c"
img_0316,L4_中性,973,450,9,1,0,0,"{""count"": 0} | {""count"": 100} | {""count"": 50} | {""count"": 0} | {""count"": 100} | "
img_0317,L1_随便给,811,3500,9,1,0,0,"{""count"": 0} | {""count"": 500} | {""count"": 200} | {""count"": 0} | {""count"": 500} |"
img_0317,L3_可近似,811,3500,9,1,0,0,"{""count"": 0} | {""count"": 500} | {""count"": 200} | {""count"": 0} | {""count"": 500} |"
img_0318,L7_不确定就0,1616,0,9,1,1,0,"{""count"": 0} | {""count"": 0} | {""count"": 0} | {""count"": 0} | {""count"": 0} | {""cou"
img_0318,L1_随便给,1616,13610,9,1,0,0,"{""count"": 5000} | {""count"": 500} | {""count"": 50} | {""count"": 5000} | {""count"": 5"
img_0318,L4_中性,1616,385,9,1,0,0,"{""count"": 0} | {""count"": 0} | {""count"": 35} | {""count"": 0} | {""count"": 100} | {"""
img_0318,L3_可近似,1616,10900,9,1,0,0,"{""count"": 2000} | {""count"": 1000} | {""count"": 45} | {""count"": 5000} | {""count"": "
img_0319,L7_不确定就0,922,0,9,1,1,0,"{""count"": 0} | {""count"": 0} | {""count"": 0} | {""count"": 0} | {""count"": 0} | {""cou"
img_0319,L4_中性,922,300,9,1,0,0,"{""count"": 0} | {""count"": 0} | {""count"": 100} | {""count"": 0} | {""count"": 0} | {""c"
img_0319,L3_可近似,922,5800,9,1,0,0,"{""count"": 0} | {""count"": 800} | {""count"": 500} | {""count"": 0} | {""count"": 1500} "
img_0320,L7_不确定就0,2414,0,9,1,1,0,"{""count"": 0} | {""count"": 0} | {""count"": 0} | {""count"": 0} | {""count"": 0} | {""cou"
img_0319,L1_随便给,922,10000,9,1,0,0,"{""count"": 0} | {""count"": 1500} | {""count"": 500} | {""count"": 0} | {""count"": 2000}"
img_0320,L4_中性,2414,300,9,1,0,0,"{""count"": 0} | {""count"": 0} | {""count"": 300} | {""count"": 0} | {""count"": 0} | {""c"
img_0320,L3_可近似,2414,14500,9,1,0,0,"{""count"": 0} | {""count"": 1000} | {""count"": 500} | {""count"": 1000} | {""count"": 25"
img_0320,L1_随便给,2414,20500,9,1,0,0,"{""count"": 0} | {""count"": 1500} | {""count"": 500} | {""count"": 2000} | {""count"": 50"
img_0321,L4_中性,2472,0,9,1,1,0,"{""count"": 0} | {""count"": 0} | {""count"": 0} | {""count"": 0} | {""count"": 0} | {""cou"
img_0321,L7_不确定就0,2472,0,9,1,1,0,"{""count"": 0} | {""count"": 0} | {""count"": 0} | {""count"": 0} | {""count"": 0} | {""cou"
img_0322,L7_不确定就0,1613,0,9,1,1,0,"{""count"": 0} | {""count"": 0} | {""count"": 0} | {""count"": 0} | {""count"": 0} | {""cou"
img_0321,L1_随便给,2472,11000,9,1,0,0,"{""count"": 1000} | {""count"": 500} | {""count"": 500} | {""count"": 1000} | {""count"": "
img_0321,L3_可近似,2472,7500,9,1,0,0,"{""count"": 1000} | {""count"": 1000} | {""count"": 500} | {""count"": 1000} | {""count"":"
img_0322,L4_中性,1613,300,9,1,0,0,"{""count"": 0} | {""count"": 100} | {""count"": 100} | {""count"": 0} | {""count"": 0} | {"
img_0323,L7_不确定就0,2033,0,9,1,1,0,"{""count"": 0} | {""count"": 0} | {""count"": 0} | {""count"": 0} | {""count"": 0} | {""cou"
img_0324,L7_不确定就0,650,0,9,1,1,0,"{""count"": 0} | {""count"": 0} | {""count"": 0} | {""count"": 0} | {""count"": 0} | {""cou"
img_0324,L4_中性,650,247,9,1,0,0,"{""count"": 0} | {""count"": 35} | {""count"": 15} | {""count"": 0} | {""count"": 35} | {"""
img_0322,L3_可近似,1613,6350,9,1,0,0,"{""count"": 1000} | {""count"": 500} | {""count"": 150} | {""count"": 1000} | {""count"": "
img_0322,L1_随便给,1613,5850,9,1,0,0,"{""count"": 1000} | {""count"": 500} | {""count"": 150} | {""count"": 1000} | {""count"": "
img_0323,L4_中性,2033,2875,9,1,0,0,"{""count"": 0} | {""count"": 0} | {""count"": 100} | {""count"": 300} | {""count"": 1000} "
img_0323,L1_随便给,2033,10450,9,1,0,0,"{""count"": 1500} | {""count"": 5000} | {""count"": 200} | {""count"": 500} | {""count"": "
img_0325,L7_不确定就0,1659,0,9,1,1,0,"{""count"": 0} | {""count"": 0} | {""count"": 0} | {""count"": 0} | {""count"": 0} | {""cou"
img_0324,L3_可近似,650,1927,9,1,0,0,"{""count"": 1000} | {""count"": 50} | {""count"": 15} | {""count"": 500} | {""count"": 50}"
img_0324,L1_随便给,650,5885,9,1,0,0,"{""count"": 5000} | {""count"": 50} | {""count"": 15} | {""count"": 500} | {""count"": 50}"
img_0323,L3_可近似,2033,7425,9,1,0,0,"{""count"": 1000} | {""count"": 2500} | {""count"": 200} | {""count"": 500} | {""count"": "
img_0325,L4_中性,1659,300,9,1,0,0,"{""count"": 0} | {""count"": 0} | {""count"": 100} | {""count"": 0} | {""count"": 0} | {""c"
img_0326,L7_不确定就0,165,0,9,1,1,0,"{""count"": 0} | {""count"": 0} | {""count"": 0} | {""count"": 0} | {""count"": 0} | {""cou"
img_0325,L1_随便给,1659,21600,9,1,0,0,"{""count"": 500} | {""count"": 5000} | {""count"": 200} | {""count"": 500} | {""count"": 5"
img_0325,L3_可近似,1659,11050,9,1,0,0,"{""count"": 500} | {""count"": 2500} | {""count"": 200} | {""count"": 500} | {""count"": 2"
img_0326,L1_随便给,165,275,9,1,0,0,"{""count"": 30} | {""count"": 30} | {""count"": 30} | {""count"": 30} | {""count"": 30} | "
img_0326,L4_中性,165,257,9,1,0,0,"{""count"": 28} | {""count"": 28} | {""count"": 30} | {""count"": 30} | {""count"": 25} | "
img_0326,L3_可近似,165,265,9,1,0,0,"{""count"": 30} | {""count"": 25} | {""count"": 30} | {""count"": 30} | {""count"": 25} | "
img_0327,L7_不确定就0,1408,0,9,1,1,0,"{""count"": 0} | {""count"": 0} | {""count"": 0} | {""count"": 0} | {""count"": 0} | {""cou"
img_0328,L7_不确定就0,426,0,9,1,1,0,"{""count"": 0} | {""count"": 0} | {""count"": 0} | {""count"": 0} | {""count"": 0} | {""cou"
img_0327,L4_中性,1408,350,9,1,0,0,"{""count"": 0} | {""count"": 0} | {""count"": 50} | {""count"": 0} | {""count"": 100} | {"""
img_0328,L1_随便给,426,780,9,1,0,0,"{""count"": 150} | {""count"": 50} | {""count"": 25} | {""count"": 200} | {""count"": 50} "
img_0328,L3_可近似,426,675,9,1,0,0,"{""count"": 150} | {""count"": 50} | {""count"": 25} | {""count"": 150} | {""count"": 50} "
img_0327,L1_随便给,1408,6480,9,1,0,0,"{""count"": 2000} | {""count"": 1000} | {""count"": 100} | {""count"": 2000} | {""count"":"
img_0328,L4_中性,426,505,9,1,0,0,"{""count"": 100} | {""count"": 40} | {""count"": 25} | {""count"": 100} | {""count"": 45} "
img_0327,L3_可近似,1408,6475,9,1,0,0,"{""count"": 2000} | {""count"": 1000} | {""count"": 100} | {""count"": 1500} | {""count"":"
img_0329,L7_不确定就0,962,0,9,1,1,0,"{""count"": 0} | {""count"": 0} | {""count"": 0} | {""count"": 0} | {""count"": 0} | {""cou"
img_0329,L3_可近似,962,1655,9,1,0,0,"{""count"": 30} | {""count"": 150} | {""count"": 150} | {""count"": 60} | {""count"": 500}"
img_0329,L1_随便给,962,1800,9,1,0,0,"{""count"": 30} | {""count"": 200} | {""count"": 200} | {""count"": 50} | {""count"": 500}"
img_0329,L4_中性,962,1049,9,1,0,0,"{""count"": 28} | {""count"": 100} | {""count"": 100} | {""count"": 58} | {""count"": 300}"
img_0330,L7_不确定就0,1668,0,9,1,1,0,"{""count"": 0} | {""count"": 0} | {""count"": 0} | {""count"": 0} | {""count"": 0} | {""cou"
img_0332,L7_不确定就0,770,0,9,1,1,0,"{""count"": 0} | {""count"": 0} | {""count"": 0} | {""count"": 0} | {""count"": 0} | {""cou"
img_0331,L7_不确定就0,2607,0,9,1,1,0,"{""count"": 0} | {""count"": 0} | {""count"": 0} | {""count"": 0} | {""count"": 0} | {""cou"
img_0332,L4_中性,770,310,9,1,0,0,"{""count"": 0} | {""count"": 0} | {""count"": 30} | {""count"": 0} | {""count"": 100} | {"""
img_0330,L4_中性,1668,1050,9,1,0,0,"{""count"": 0} | {""count"": 250} | {""count"": 100} | {""count"": 0} | {""count"": 300} |"
img_0332,L1_随便给,770,2250,9,1,0,0,"{""count"": 500} | {""count"": 200} | {""count"": 50} | {""count"": 500} | {""count"": 200"
img_0331,L4_中性,2607,1150,9,1,0,0,"{""count"": 0} | {""count"": 250} | {""count"": 100} | {""count"": 0} | {""count"": 300} |"
img_0332,L3_可近似,770,2250,9,1,0,0,"{""count"": 500} | {""count"": 200} | {""count"": 50} | {""count"": 500} | {""count"": 200"
img_0330,L3_可近似,1668,4050,9,1,0,0,"{""count"": 1000} | {""count"": 300} | {""count"": 150} | {""count"": 1000} | {""count"": "
img_0330,L1_随便给,1668,3950,9,1,0,0,"{""count"": 1000} | {""count"": 300} | {""count"": 150} | {""count"": 1000} | {""count"": "
img_0331,L1_随便给,2607,8000,9,1,0,0,"{""count"": 2000} | {""count"": 500} | {""count"": 100} | {""count"": 2000} | {""count"": "
img_0333,L7_不确定就0,601,0,9,1,1,0,"{""count"": 0} | {""count"": 0} | {""count"": 0} | {""count"": 0} | {""count"": 0} | {""cou"
img_0333,L1_随便给,601,1500,9,1,0,0,"{""count"": 500} | {""count"": 150} | {""count"": 50} | {""count"": 200} | {""count"": 150"
img_0331,L3_可近似,2607,8000,9,1,0,0,"{""count"": 2000} | {""count"": 500} | {""count"": 100} | {""count"": 1500} | {""count"": "
img_0333,L3_可近似,601,1530,9,1,0,0,"{""count"": 500} | {""count"": 150} | {""count"": 50} | {""count"": 250} | {""count"": 150"
img_0334,L7_不确定就0,1508,0,9,1,1,0,"{""count"": 0} | {""count"": 0} | {""count"": 0} | {""count"": 0} | {""count"": 0} | {""cou"
img_0333,L4_中性,601,740,9,1,0,0,"{""count"": 100} | {""count"": 100} | {""count"": 50} | {""count"": 100} | {""count"": 100"
img_0334,L4_中性,1508,1200,9,1,0,0,"{""count"": 0} | {""count"": 250} | {""count"": 0} | {""count"": 300} | {""count"": 250} |"
img_0334,L1_随便给,1508,5000,9,1,0,0,"{""count"": 500} | {""count"": 500} | {""count"": 500} | {""count"": 500} | {""count"": 50"
img_0334,L3_可近似,1508,4800,9,1,0,0,"{""count"": 500} | {""count"": 300} | {""count"": 500} | {""count"": 500} | {""count"": 50"
