item,level,gt,pred,ntiles,parse_ok,zero,refuse,raw
0000011_08299_d_0000012,L1_随便给,10,22,9,1,0,0,"{""count"": 2} | {""count"": 2} | {""count"": 2} | {""count"": 0} | {""count"": 3} | {""cou"
0000006_01275_d_0000004,L4_中性,1,2,9,1,0,0,"{""count"": 0} | {""count"": 0} | {""count"": 0} | {""count"": 1} | {""count"": 0} | {""cou"
0000063_07000_d_0000008,L4_中性,55,114,9,1,0,0,"{""count"": 58} | {""count"": 9} | {""count"": 3} | {""count"": 38} | {""count"": 4} | {""c"
0000063_03139_d_0000004,L4_中性,42,63,9,1,0,0,"{""count"": 18} | {""count"": 3} | {""count"": 2} | {""count"": 13} | {""count"": 13} | {"""
0000063_07000_d_0000008,L1_随便给,55,168,9,1,0,0,"{""count"": 100} | {""count"": 9} | {""count"": 3} | {""count"": 50} | {""count"": 4} | {"""
0000006_01275_d_0000004,L1_随便给,1,2,9,1,0,0,"{""count"": 0} | {""count"": 0} | {""count"": 0} | {""count"": 1} | {""count"": 0} | {""cou"
0000011_02800_d_0000005,L4_中性,34,29,9,1,0,0,"{""count"": 3} | {""count"": 0} | {""count"": 0} | {""count"": 9} | {""count"": 6} | {""cou"
0000011_01955_d_0000004,L4_中性,38,54,9,1,0,0,"{""count"": 4} | {""count"": 3} | {""count"": 0} | {""count"": 24} | {""count"": 8} | {""co"
0000074_03738_d_0000007,L4_中性,82,164,9,1,0,0,"{""count"": 0} | {""count"": 28} | {""count"": 20} | {""count"": 0} | {""count"": 100} | {"
0000074_03738_d_0000007,L1_随便给,82,267,9,1,0,0,"{""count"": 0} | {""count"": 30} | {""count"": 20} | {""count"": 0} | {""count"": 200} | {"
0000011_06000_d_0000009,L1_随便给,56,60,9,1,0,0,"{""count"": 20} | {""count"": 4} | {""count"": 4} | {""count"": 15} | {""count"": 7} | {""c"
0000011_06000_d_0000009,L4_中性,56,45,9,1,0,0,"{""count"": 10} | {""count"": 4} | {""count"": 4} | {""count"": 10} | {""count"": 8} | {""c"
0000063_12500_d_0000014,L1_随便给,163,757,9,1,0,0,"{""count"": 500} | {""count"": 200} | {""count"": 7} | {""count"": 0} | {""count"": 35} | "
0000063_12500_d_0000014,L4_中性,163,200,9,1,0,0,"{""count"": 0} | {""count"": 150} | {""count"": 6} | {""count"": 0} | {""count"": 30} | {"""
0000011_05068_d_0000008,L4_中性,27,53,9,1,0,0,"{""count"": 10} | {""count"": 3} | {""count"": 2} | {""count"": 20} | {""count"": 5} | {""c"
0000063_03139_d_0000004,L1_随便给,42,60,9,1,0,0,"{""count"": 18} | {""count"": 3} | {""count"": 2} | {""count"": 12} | {""count"": 12} | {"""
0000011_02800_d_0000005,L1_随便给,34,31,9,1,0,0,"{""count"": 3} | {""count"": 0} | {""count"": 0} | {""count"": 10} | {""count"": 6} | {""co"
0000011_00234_d_0000001,L4_中性,67,79,9,1,0,0,"{""count"": 10} | {""count"": 2} | {""count"": 0} | {""count"": 28} | {""count"": 5} | {""c"
0000011_01955_d_0000004,L1_随便给,38,55,9,1,0,0,"{""count"": 4} | {""count"": 3} | {""count"": 0} | {""count"": 25} | {""count"": 8} | {""co"
0000011_08299_d_0000012,L4_中性,10,18,9,1,0,0,"{""count"": 0} | {""count"": 1} | {""count"": 2} | {""count"": 0} | {""count"": 3} | {""cou"
0000011_00234_d_0000001,L1_随便给,67,118,9,1,0,0,"{""count"": 20} | {""count"": 2} | {""count"": 0} | {""count"": 50} | {""count"": 5} | {""c"
0000011_05068_d_0000008,L1_随便给,27,57,9,1,0,0,"{""count"": 10} | {""count"": 5} | {""count"": 2} | {""count"": 20} | {""count"": 5} | {""c"
0000073_01275_d_0000002,L4_中性,115,173,9,1,0,0,"{""count"": 0} | {""count"": 15} | {""count"": 20} | {""count"": 0} | {""count"": 100} | {"
0000074_08202_d_0000016,L4_中性,77,200,9,1,0,0,"{""count"": 0} | {""count"": 50} | {""count"": 28} | {""count"": 0} | {""count"": 100} | {"
0000074_06746_d_0000013,L4_中性,73,166,9,1,0,0,"{""count"": 0} | {""count"": 30} | {""count"": 17} | {""count"": 0} | {""count"": 100} | {"
0000074_06746_d_0000013,L1_随便给,73,585,9,1,0,0,"{""count"": 0} | {""count"": 50} | {""count"": 15} | {""count"": 0} | {""count"": 500} | {"
0000074_08202_d_0000016,L1_随便给,77,707,9,1,0,0,"{""count"": 0} | {""count"": 150} | {""count"": 30} | {""count"": 0} | {""count"": 500} | "
0000073_01275_d_0000002,L1_随便给,115,578,9,1,0,0,"{""count"": 0} | {""count"": 15} | {""count"": 20} | {""count"": 0} | {""count"": 500} | {"
0000074_09738_d_0000019,L4_中性,86,191,9,1,0,0,"{""count"": 0} | {""count"": 8} | {""count"": 25} | {""count"": 0} | {""count"": 100} | {"""
0000074_09738_d_0000019,L1_随便给,86,393,9,1,0,0,"{""count"": 0} | {""count"": 8} | {""count"": 25} | {""count"": 0} | {""count"": 300} | {"""
0000066_01097_d_0000002,L4_中性,262,514,9,1,0,0,"{""count"": 78} | {""count"": 70} | {""count"": 20} | {""count"": 100} | {""count"": 100} "
0000066_01097_d_0000002,L1_随便给,262,767,9,1,0,0,"{""count"": 100} | {""count"": 80} | {""count"": 20} | {""count"": 200} | {""count"": 150}"
0000078_03171_d_0000009,L1_随便给,28,32,9,1,0,0,"{""count"": 8} | {""count"": 1} | {""count"": 1} | {""count"": 10} | {""count"": 4} | {""co"
0000105_02539_d_0000072,L1_随便给,12,16,9,1,0,0,"{""count"": 6} | {""count"": 3} | {""count"": 0} | {""count"": 5} | {""count"": 1} | {""cou"
0000078_03171_d_0000009,L4_中性,28,33,9,1,0,0,"{""count"": 8} | {""count"": 1} | {""count"": 1} | {""count"": 10} | {""count"": 5} | {""co"
0000074_11362_d_0000022,L1_随便给,101,399,9,1,0,0,"{""count"": 0} | {""count"": 50} | {""count"": 20} | {""count"": 0} | {""count"": 300} | {"
0000078_01314_d_0000004,L4_中性,2,6,9,1,0,0,"{""count"": 2} | {""count"": 2} | {""count"": 0} | {""count"": 2} | {""count"": 0} | {""cou"
0000105_02539_d_0000072,L4_中性,12,13,9,1,0,0,"{""count"": 5} | {""count"": 3} | {""count"": 0} | {""count"": 3} | {""count"": 0} | {""cou"
0000078_02778_d_0000008,L1_随便给,17,24,9,1,0,0,"{""count"": 0} | {""count"": 15} | {""count"": 0} | {""count"": 0} | {""count"": 5} | {""co"
0000078_01314_d_0000004,L1_随便给,2,8,9,1,0,0,"{""count"": 3} | {""count"": 2} | {""count"": 0} | {""count"": 2} | {""count"": 1} | {""cou"
0000078_02778_d_0000008,L4_中性,17,19,9,1,0,0,"{""count"": 0} | {""count"": 14} | {""count"": 0} | {""count"": 0} | {""count"": 0} | {""co"
0000074_11827_d_0000023,L1_随便给,112,329,9,1,0,0,"{""count"": 0} | {""count"": 80} | {""count"": 20} | {""count"": 0} | {""count"": 200} | {"
0000083_00803_d_0000003,L1_随便给,33,54,9,1,0,0,"{""count"": 20} | {""count"": 8} | {""count"": 0} | {""count"": 15} | {""count"": 10} | {"""
0000074_12322_d_0000024,L1_随便给,74,300,9,1,0,0,"{""count"": 0} | {""count"": 50} | {""count"": 20} | {""count"": 0} | {""count"": 200} | {"
0000074_12322_d_0000024,L4_中性,74,176,9,1,0,0,"{""count"": 0} | {""count"": 30} | {""count"": 17} | {""count"": 0} | {""count"": 100} | {"
0000074_11362_d_0000022,L4_中性,101,174,9,1,0,0,"{""count"": 0} | {""count"": 30} | {""count"": 17} | {""count"": 0} | {""count"": 100} | {"
0000074_11827_d_0000023,L4_中性,112,196,9,1,0,0,"{""count"": 0} | {""count"": 48} | {""count"": 20} | {""count"": 0} | {""count"": 100} | {"
0000083_00803_d_0000003,L4_中性,33,53,9,1,0,0,"{""count"": 20} | {""count"": 8} | {""count"": 0} | {""count"": 14} | {""count"": 10} | {"""
0000120_02946_d_0000098,L1_随便给,12,49,9,1,0,0,"{""count"": 15} | {""count"": 15} | {""count"": 3} | {""count"": 8} | {""count"": 1} | {""c"
0000120_02946_d_0000098,L4_中性,12,45,9,1,0,0,"{""count"": 12} | {""count"": 14} | {""count"": 3} | {""count"": 8} | {""count"": 1} | {""c"
0000120_00559_d_0000092,L4_中性,31,57,9,1,0,0,"{""count"": 0} | {""count"": 18} | {""count"": 0} | {""count"": 10} | {""count"": 18} | {"""
0000074_14850_d_0000029,L1_随便给,96,391,9,1,0,0,"{""count"": 0} | {""count"": 50} | {""count"": 20} | {""count"": 0} | {""count"": 300} | {"
0000074_14850_d_0000029,L4_中性,96,187,9,1,0,0,"{""count"": 6} | {""count"": 40} | {""count"": 20} | {""count"": 0} | {""count"": 100} | {"
0000074_15793_d_0000031,L4_中性,64,154,9,1,0,0,"{""count"": 0} | {""count"": 20} | {""count"": 12} | {""count"": 0} | {""count"": 100} | {"
0000120_00559_d_0000092,L1_随便给,31,101,9,1,0,0,"{""count"": 20} | {""count"": 30} | {""count"": 0} | {""count"": 20} | {""count"": 20} | {"
0000074_15793_d_0000031,L1_随便给,64,253,9,1,0,0,"{""count"": 0} | {""count"": 20} | {""count"": 12} | {""count"": 0} | {""count"": 200} | {"
0000152_00599_d_0000146,L4_中性,19,13,9,1,0,0,"{""count"": 0} | {""count"": 0} | {""count"": 0} | {""count"": 0} | {""count"": 10} | {""co"
0000127_01002_d_0000123,L1_随便给,45,48,9,1,0,0,"{""count"": 0} | {""count"": 2} | {""count"": 0} | {""count"": 3} | {""count"": 2} | {""cou"
0000127_01002_d_0000123,L4_中性,45,46,9,1,0,0,"{""count"": 0} | {""count"": 2} | {""count"": 0} | {""count"": 3} | {""count"": 2} | {""cou"
0000152_00599_d_0000146,L1_随便给,19,74,9,1,0,0,"{""count"": 0} | {""count"": 0} | {""count"": 0} | {""count"": 50} | {""count"": 20} | {""c"
0000127_00002_d_0000119,L1_随便给,52,87,9,1,0,0,"{""count"": 10} | {""count"": 8} | {""count"": 3} | {""count"": 30} | {""count"": 10} | {"""
0000127_00002_d_0000119,L4_中性,52,70,9,1,0,0,"{""count"": 10} | {""count"": 8} | {""count"": 3} | {""count"": 10} | {""count"": 10} | {"""
0000152_02214_d_0000150,L4_中性,26,32,9,1,0,0,"{""count"": 0} | {""count"": 0} | {""count"": 4} | {""count"": 0} | {""count"": 18} | {""co"
0000152_02214_d_0000150,L1_随便给,26,75,9,1,0,0,"{""count"": 0} | {""count"": 0} | {""count"": 5} | {""count"": 10} | {""count"": 50} | {""c"
0000250_02350_d_0000001,L1_随便给,1,1,9,1,0,0,"{""count"": 0} | {""count"": 0} | {""count"": 0} | {""count"": 0} | {""count"": 0} | {""cou"
0000250_02350_d_0000001,L4_中性,1,1,9,1,0,0,"{""count"": 0} | {""count"": 0} | {""count"": 0} | {""count"": 0} | {""count"": 0} | {""cou"
0000259_03000_d_0000007,L1_随便给,17,25,9,1,0,0,"{""count"": 6} | {""count"": 0} | {""count"": 0} | {""count"": 8} | {""count"": 3} | {""cou"
0000299_03500_d_0000104,L1_随便给,21,25,9,1,0,0,"{""count"": 3} | {""count"": 3} | {""count"": 0} | {""count"": 10} | {""count"": 5} | {""co"
0000265_03500_d_0000008,L4_中性,61,19,9,1,0,0,"{""count"": 0} | {""count"": 0} | {""count"": 2} | {""count"": 0} | {""count"": 4} | {""cou"
0000299_03500_d_0000104,L4_中性,21,13,9,1,0,0,"{""count"": 2} | {""count"": 3} | {""count"": 0} | {""count"": 0} | {""count"": 5} | {""cou"
0000278_02251_d_0000001,L1_随便给,7,10,9,1,0,0,"{""count"": 0} | {""count"": 0} | {""count"": 2} | {""count"": 1} | {""count"": 3} | {""cou"
0000278_02251_d_0000001,L4_中性,7,10,9,1,0,0,"{""count"": 0} | {""count"": 0} | {""count"": 2} | {""count"": 1} | {""count"": 3} | {""cou"
0000207_00500_d_0000006,L1_随便给,12,1026,9,1,0,0,"{""count"": 0} | {""count"": 0} | {""count"": 15} | {""count"": 1000} | {""count"": 10} | "
0000259_03000_d_0000007,L4_中性,17,25,9,1,0,0,"{""count"": 6} | {""count"": 0} | {""count"": 0} | {""count"": 8} | {""count"": 3} | {""cou"
0000207_00500_d_0000006,L4_中性,12,1,9,1,0,0,"{""count"": 0} | {""count"": 0} | {""count"": 0} | {""count"": 0} | {""count"": 0} | {""cou"
0000265_03500_d_0000008,L1_随便给,61,131,9,1,0,0,"{""count"": 0} | {""count"": 0} | {""count"": 3} | {""count"": 50} | {""count"": 5} | {""co"
0000259_03500_d_0000008,L1_随便给,7,16,9,1,0,0,"{""count"": 5} | {""count"": 1} | {""count"": 2} | {""count"": 3} | {""count"": 0} | {""cou"
0000259_03500_d_0000008,L4_中性,7,13,9,1,0,0,"{""count"": 5} | {""count"": 1} | {""count"": 2} | {""count"": 2} | {""count"": 0} | {""cou"
0000272_02000_d_0000005,L1_随便给,13,15,9,1,0,0,"{""count"": 5} | {""count"": 0} | {""count"": 0} | {""count"": 5} | {""count"": 1} | {""cou"
0000272_02000_d_0000005,L4_中性,13,6,9,1,0,0,"{""count"": 0} | {""count"": 0} | {""count"": 0} | {""count"": 2} | {""count"": 1} | {""cou"
0000299_01800_d_0000100,L4_中性,20,18,9,1,0,0,"{""count"": 0} | {""count"": 0} | {""count"": 0} | {""count"": 5} | {""count"": 1} | {""cou"
0000299_00000_d_0000088,L4_中性,15,17,9,1,0,0,"{""count"": 0} | {""count"": 2} | {""count"": 1} | {""count"": 0} | {""count"": 2} | {""cou"
0000299_01800_d_0000100,L1_随便给,20,29,9,1,0,0,"{""count"": 0} | {""count"": 0} | {""count"": 0} | {""count"": 10} | {""count"": 1} | {""co"
0000299_00000_d_0000088,L1_随便给,15,539,9,1,0,0,"{""count"": 5} | {""count"": 3} | {""count"": 1} | {""count"": 10} | {""count"": 3} | {""co"
0000265_05000_d_0000011,L1_随便给,33,99,9,1,0,0,"{""count"": 20} | {""count"": 5} | {""count"": 5} | {""count"": 50} | {""count"": 10} | {"""
0000152_03226_d_0000153,L1_随便给,24,45,9,1,0,0,"{""count"": 0} | {""count"": 0} | {""count"": 1} | {""count"": 20} | {""count"": 10} | {""c"
0000278_02451_d_0000003,L1_随便给,5,7,9,1,0,0,"{""count"": 0} | {""count"": 2} | {""count"": 1} | {""count"": 2} | {""count"": 1} | {""cou"
0000265_05000_d_0000011,L4_中性,33,47,9,1,0,0,"{""count"": 10} | {""count"": 5} | {""count"": 5} | {""count"": 10} | {""count"": 10} | {"""
0000299_04000_d_0000105,L1_随便给,8,30,9,1,0,0,"{""count"": 0} | {""count"": 0} | {""count"": 2} | {""count"": 10} | {""count"": 4} | {""co"
0000299_04000_d_0000105,L4_中性,8,7,9,1,0,0,"{""count"": 0} | {""count"": 0} | {""count"": 0} | {""count"": 0} | {""count"": 3} | {""cou"
0000278_02451_d_0000003,L4_中性,5,7,9,1,0,0,"{""count"": 0} | {""count"": 2} | {""count"": 1} | {""count"": 2} | {""count"": 1} | {""cou"
0000152_03226_d_0000153,L4_中性,24,14,9,1,0,0,"{""count"": 0} | {""count"": 0} | {""count"": 1} | {""count"": 0} | {""count"": 10} | {""co"
0000265_04500_d_0000010,L1_随便给,43,123,9,1,0,0,"{""count"": 10} | {""count"": 15} | {""count"": 1} | {""count"": 30} | {""count"": 15} | {"
0000265_04500_d_0000010,L4_中性,43,66,9,1,0,0,"{""count"": 0} | {""count"": 0} | {""count"": 1} | {""count"": 18} | {""count"": 10} | {""c"
0000299_05500_d_0000108,L4_中性,35,26,9,1,0,0,"{""count"": 0} | {""count"": 10} | {""count"": 9} | {""count"": 0} | {""count"": 3} | {""co"
0000299_05500_d_0000108,L1_随便给,35,38,9,1,0,0,"{""count"": 5} | {""count"": 10} | {""count"": 10} | {""count"": 5} | {""count"": 3} | {""c"
0000310_02500_d_0000123,L1_随便给,22,36,9,1,0,0,"{""count"": 4} | {""count"": 1} | {""count"": 0} | {""count"": 10} | {""count"": 2} | {""co"
0000314_00000_d_0000142,L1_随便给,14,44,9,1,0,0,"{""count"": 10} | {""count"": 1} | {""count"": 2} | {""count"": 8} | {""count"": 6} | {""co"
0000320_04375_d_0000014,L1_随便给,11,126,9,1,0,0,"{""count"": 5} | {""count"": 1} | {""count"": 100} | {""count"": 8} | {""count"": 0} | {""c"
0000320_00450_d_0000005,L1_随便给,4,19,9,1,0,0,"{""count"": 3} | {""count"": 2} | {""count"": 0} | {""count"": 10} | {""count"": 2} | {""co"
0000314_00000_d_0000142,L4_中性,14,35,9,1,0,0,"{""count"": 5} | {""count"": 1} | {""count"": 2} | {""count"": 6} | {""count"": 5} | {""cou"
0000314_01000_d_0000144,L1_随便给,9,24,9,1,0,0,"{""count"": 0} | {""count"": 3} | {""count"": 7} | {""count"": 0} | {""count"": 5} | {""cou"
0000314_01000_d_0000144,L4_中性,9,22,9,1,0,0,"{""count"": 0} | {""count"": 3} | {""count"": 7} | {""count"": 0} | {""count"": 4} | {""cou"
0000328_00300_d_0000020,L1_随便给,21,42,9,1,0,0,"{""count"": 0} | {""count"": 5} | {""count"": 2} | {""count"": 30} | {""count"": 3} | {""co"
0000337_03000_d_0000042,L1_随便给,15,14,9,1,0,0,"{""count"": 0} | {""count"": 0} | {""count"": 0} | {""count"": 1} | {""count"": 0} | {""cou"
0000337_03000_d_0000042,L4_中性,15,14,9,1,0,0,"{""count"": 0} | {""count"": 0} | {""count"": 0} | {""count"": 1} | {""count"": 0} | {""cou"
0000328_00600_d_0000022,L4_中性,23,25,9,1,0,0,"{""count"": 2} | {""count"": 3} | {""count"": 2} | {""count"": 10} | {""count"": 7} | {""co"
0000320_00450_d_0000005,L4_中性,4,18,9,1,0,0,"{""count"": 3} | {""count"": 2} | {""count"": 0} | {""count"": 10} | {""count"": 2} | {""co"
0000320_04375_d_0000014,L4_中性,11,26,9,1,0,0,"{""count"": 5} | {""count"": 1} | {""count"": 0} | {""count"": 8} | {""count"": 0} | {""cou"
0000328_00600_d_0000022,L1_随便给,23,36,9,1,0,0,"{""count"": 2} | {""count"": 3} | {""count"": 2} | {""count"": 20} | {""count"": 8} | {""co"
0000328_00300_d_0000020,L4_中性,21,8,9,1,0,0,"{""count"": 0} | {""count"": 4} | {""count"": 0} | {""count"": 0} | {""count"": 3} | {""cou"
0000328_01050_d_0000025,L4_中性,18,20,9,1,0,0,"{""count"": 0} | {""count"": 2} | {""count"": 2} | {""count"": 10} | {""count"": 5} | {""co"
0000328_01050_d_0000025,L1_随便给,18,30,9,1,0,0,"{""count"": 0} | {""count"": 2} | {""count"": 2} | {""count"": 20} | {""count"": 5} | {""co"
0000310_02500_d_0000123,L4_中性,22,29,9,1,0,0,"{""count"": 4} | {""count"": 1} | {""count"": 0} | {""count"": 10} | {""count"": 1} | {""co"
0000310_04000_d_0000126,L1_随便给,33,38,9,1,0,0,"{""count"": 1} | {""count"": 3} | {""count"": 3} | {""count"": 10} | {""count"": 6} | {""co"
0000310_04000_d_0000126,L4_中性,33,36,9,1,0,0,"{""count"": 0} | {""count"": 3} | {""count"": 3} | {""count"": 11} | {""count"": 5} | {""co"
0000320_01200_d_0000010,L1_随便给,40,54,9,1,0,0,"{""count"": 6} | {""count"": 6} | {""count"": 3} | {""count"": 15} | {""count"": 10} | {""c"
0000337_02500_d_0000041,L1_随便给,13,22,9,1,0,0,"{""count"": 1} | {""count"": 0} | {""count"": 1} | {""count"": 0} | {""count"": 4} | {""cou"
0000337_01500_d_0000039,L4_中性,18,24,9,1,0,0,"{""count"": 1} | {""count"": 2} | {""count"": 0} | {""count"": 0} | {""count"": 1} | {""cou"
0000320_01200_d_0000010,L4_中性,40,51,9,1,0,0,"{""count"": 5} | {""count"": 6} | {""count"": 2} | {""count"": 14} | {""count"": 10} | {""c"
0000337_01000_d_0000038,L1_随便给,8,23,9,1,0,0,"{""count"": 2} | {""count"": 1} | {""count"": 3} | {""count"": 0} | {""count"": 5} | {""cou"
0000337_01000_d_0000038,L4_中性,8,12,9,1,0,0,"{""count"": 3} | {""count"": 1} | {""count"": 3} | {""count"": 0} | {""count"": 0} | {""cou"
0000337_02500_d_0000041,L4_中性,13,19,9,1,0,0,"{""count"": 0} | {""count"": 0} | {""count"": 0} | {""count"": 0} | {""count"": 4} | {""cou"
0000337_01500_d_0000039,L1_随便给,18,22,9,1,0,0,"{""count"": 1} | {""count"": 2} | {""count"": 0} | {""count"": 0} | {""count"": 1} | {""cou"
0000337_00500_d_0000037,L1_随便给,5,24,9,1,0,0,"{""count"": 2} | {""count"": 2} | {""count"": 0} | {""count"": 5} | {""count"": 1} | {""cou"
0000337_00500_d_0000037,L4_中性,5,15,9,1,0,0,"{""count"": 2} | {""count"": 2} | {""count"": 0} | {""count"": 0} | {""count"": 1} | {""cou"
0000337_03500_d_0000043,L1_随便给,6,16,9,1,0,0,"{""count"": 0} | {""count"": 0} | {""count"": 0} | {""count"": 1} | {""count"": 2} | {""cou"
0000337_03500_d_0000043,L4_中性,6,5,9,1,0,0,"{""count"": 0} | {""count"": 0} | {""count"": 0} | {""count"": 0} | {""count"": 0} | {""cou"
0000337_04000_d_0000044,L1_随便给,2,7,9,1,0,0,"{""count"": 0} | {""count"": 0} | {""count"": 0} | {""count"": 0} | {""count"": 1} | {""cou"
0000337_04000_d_0000044,L4_中性,2,2,9,1,0,0,"{""count"": 0} | {""count"": 0} | {""count"": 0} | {""count"": 0} | {""count"": 1} | {""cou"
0000355_02500_d_0000211,L1_随便给,1,1,9,1,0,0,"{""count"": 0} | {""count"": 0} | {""count"": 0} | {""count"": 0} | {""count"": 0} | {""cou"
0000353_05500_d_0000199,L4_中性,8,5,9,1,0,0,"{""count"": 0} | {""count"": 0} | {""count"": 0} | {""count"": 0} | {""count"": 3} | {""cou"
0000347_00800_d_0000049,L1_随便给,18,33,9,1,0,0,"{""count"": 10} | {""count"": 6} | {""count"": 0} | {""count"": 10} | {""count"": 0} | {""c"
0000353_00500_d_0000189,L4_中性,17,31,9,1,0,0,"{""count"": 5} | {""count"": 7} | {""count"": 0} | {""count"": 10} | {""count"": 3} | {""co"
0000353_01000_d_0000190,L4_中性,30,28,9,1,0,0,"{""count"": 3} | {""count"": 2} | {""count"": 1} | {""count"": 10} | {""count"": 2} | {""co"
0000365_00000_d_0000223,L4_中性,38,15,9,1,0,0,"{""count"": 0} | {""count"": 0} | {""count"": 6} | {""count"": 0} | {""count"": 0} | {""cou"
0000355_00000_d_0000206,L1_随便给,8,17,9,1,0,0,"{""count"": 5} | {""count"": 2} | {""count"": 0} | {""count"": 5} | {""count"": 0} | {""cou"
0000353_00500_d_0000189,L1_随便给,17,30,9,1,0,0,"{""count"": 5} | {""count"": 6} | {""count"": 0} | {""count"": 10} | {""count"": 3} | {""co"
0000353_05500_d_0000199,L1_随便给,8,5,9,1,0,0,"{""count"": 0} | {""count"": 0} | {""count"": 0} | {""count"": 0} | {""count"": 3} | {""cou"
0000355_00000_d_0000206,L4_中性,8,3,9,1,0,0,"{""count"": 0} | {""count"": 1} | {""count"": 0} | {""count"": 0} | {""count"": 0} | {""cou"
0000347_00800_d_0000049,L4_中性,18,9,9,1,0,0,"{""count"": 3} | {""count"": 5} | {""count"": 0} | {""count"": 0} | {""count"": 0} | {""cou"
0000355_02500_d_0000211,L4_中性,1,1,9,1,0,0,"{""count"": 0} | {""count"": 0} | {""count"": 0} | {""count"": 0} | {""count"": 0} | {""cou"
9999938_00000_d_0000003,L1_随便给,11,7,9,1,0,0,"{""count"": 0} | {""count"": 0} | {""count"": 0} | {""count"": 0} | {""count"": 0} | {""cou"
0000353_01000_d_0000190,L1_随便给,30,30,9,1,0,0,"{""count"": 5} | {""count"": 3} | {""count"": 1} | {""count"": 10} | {""count"": 2} | {""co"
0000365_00000_d_0000223,L1_随便给,38,680,9,1,0,0,"{""count"": 0} | {""count"": 10} | {""count"": 6} | {""count"": 500} | {""count"": 150} | "
9999938_00000_d_0000003,L4_中性,11,5,9,1,0,0,"{""count"": 0} | {""count"": 0} | {""count"": 0} | {""count"": 0} | {""count"": 0} | {""cou"
9999938_00000_d_0000002,L4_中性,26,15,9,1,0,0,"{""count"": 0} | {""count"": 10} | {""count"": 0} | {""count"": 0} | {""count"": 5} | {""co"
9999938_00000_d_0000018,L4_中性,6,2,9,1,0,0,"{""count"": 1} | {""count"": 0} | {""count"": 0} | {""count"": 0} | {""count"": 0} | {""cou"
9999938_00000_d_0000031,L4_中性,8,0,9,1,1,0,"{""count"": 0} | {""count"": 0} | {""count"": 0} | {""count"": 0} | {""count"": 0} | {""cou"
9999938_00000_d_0000018,L1_随便给,6,3,9,1,0,0,"{""count"": 1} | {""count"": 0} | {""count"": 0} | {""count"": 0} | {""count"": 0} | {""cou"
0000353_01500_d_0000191,L1_随便给,24,30,9,1,0,0,"{""count"": 5} | {""count"": 2} | {""count"": 1} | {""count"": 10} | {""count"": 2} | {""co"
9999938_00000_d_0000002,L1_随便给,26,25,9,1,0,0,"{""count"": 1} | {""count"": 10} | {""count"": 3} | {""count"": 0} | {""count"": 5} | {""co"
9999938_00000_d_0000010,L4_中性,7,0,9,1,1,0,"{""count"": 0} | {""count"": 0} | {""count"": 0} | {""count"": 0} | {""count"": 0} | {""cou"
9999938_00000_d_0000030,L4_中性,4,4,9,1,0,0,"{""count"": 0} | {""count"": 4} | {""count"": 0} | {""count"": 0} | {""count"": 0} | {""cou"
9999938_00000_d_0000010,L1_随便给,7,20,9,1,0,0,"{""count"": 0} | {""count"": 0} | {""count"": 0} | {""count"": 0} | {""count"": 0} | {""cou"
0000353_01500_d_0000191,L4_中性,24,27,9,1,0,0,"{""count"": 4} | {""count"": 1} | {""count"": 1} | {""count"": 10} | {""count"": 2} | {""co"
9999938_00000_d_0000031,L1_随便给,8,26,9,1,0,0,"{""count"": 10} | {""count"": 5} | {""count"": 0} | {""count"": 5} | {""count"": 5} | {""co"
9999938_00000_d_0000030,L1_随便给,4,17,9,1,0,0,"{""count"": 2} | {""count"": 5} | {""count"": 0} | {""count"": 5} | {""count"": 5} | {""cou"
9999938_00000_d_0000032,L4_中性,12,13,9,1,0,0,"{""count"": 0} | {""count"": 7} | {""count"": 6} | {""count"": 0} | {""count"": 0} | {""cou"
9999938_00000_d_0000032,L1_随便给,12,20,9,1,0,0,"{""count"": 2} | {""count"": 10} | {""count"": 5} | {""count"": 0} | {""count"": 3} | {""co"
9999938_00000_d_0000070,L1_随便给,4,9,9,1,0,0,"{""count"": 5} | {""count"": 2} | {""count"": 0} | {""count"": 1} | {""count"": 1} | {""cou"
9999938_00000_d_0000083,L4_中性,27,28,9,1,0,0,"{""count"": 8} | {""count"": 9} | {""count"": 1} | {""count"": 0} | {""count"": 2} | {""cou"
9999938_00000_d_0000050,L1_随便给,6,6,9,1,0,0,"{""count"": 0} | {""count"": 0} | {""count"": 0} | {""count"": 1} | {""count"": 2} | {""cou"
9999938_00000_d_0000034,L1_随便给,9,19,9,1,0,0,"{""count"": 5} | {""count"": 0} | {""count"": 2} | {""count"": 10} | {""count"": 0} | {""co"
9999938_00000_d_0000083,L1_随便给,27,28,9,1,0,0,"{""count"": 8} | {""count"": 8} | {""count"": 1} | {""count"": 0} | {""count"": 2} | {""cou"
9999938_00000_d_0000055,L4_中性,5,5,9,1,0,0,"{""count"": 0} | {""count"": 0} | {""count"": 0} | {""count"": 0} | {""count"": 0} | {""cou"
9999938_00000_d_0000048,L1_随便给,10,19,9,1,0,0,"{""count"": 0} | {""count"": 5} | {""count"": 5} | {""count"": 0} | {""count"": 0} | {""cou"
9999938_00000_d_0000053,L1_随便给,18,10,9,1,0,0,"{""count"": 0} | {""count"": 0} | {""count"": 0} | {""count"": 10} | {""count"": 0} | {""co"
9999938_00000_d_0000040,L1_随便给,12,6,9,1,0,0,"{""count"": 0} | {""count"": 0} | {""count"": 0} | {""count"": 5} | {""count"": 1} | {""cou"
9999938_00000_d_0000050,L4_中性,6,3,9,1,0,0,"{""count"": 0} | {""count"": 0} | {""count"": 0} | {""count"": 1} | {""count"": 0} | {""cou"
9999938_00000_d_0000053,L4_中性,18,0,9,1,1,0,"{""count"": 0} | {""count"": 0} | {""count"": 0} | {""count"": 0} | {""count"": 0} | {""cou"
9999938_00000_d_0000070,L4_中性,4,4,9,1,0,0,"{""count"": 0} | {""count"": 2} | {""count"": 0} | {""count"": 1} | {""count"": 1} | {""cou"
9999938_00000_d_0000040,L4_中性,12,0,9,1,1,0,"{""count"": 0} | {""count"": 0} | {""count"": 0} | {""count"": 0} | {""count"": 0} | {""cou"
9999938_00000_d_0000055,L1_随便给,5,5,9,1,0,0,"{""count"": 0} | {""count"": 0} | {""count"": 0} | {""count"": 0} | {""count"": 0} | {""cou"
9999938_00000_d_0000036,L1_随便给,13,26,9,1,0,0,"{""count"": 5} | {""count"": 0} | {""count"": 0} | {""count"": 10} | {""count"": 1} | {""co"
9999938_00000_d_0000036,L4_中性,13,10,9,1,0,0,"{""count"": 0} | {""count"": 0} | {""count"": 0} | {""count"": 10} | {""count"": 0} | {""co"
9999938_00000_d_0000034,L4_中性,9,10,9,1,0,0,"{""count"": 0} | {""count"": 0} | {""count"": 0} | {""count"": 10} | {""count"": 0} | {""co"
9999938_00000_d_0000048,L4_中性,10,1,9,1,0,0,"{""count"": 0} | {""count"": 0} | {""count"": 0} | {""count"": 0} | {""count"": 0} | {""cou"
9999938_00000_d_0000082,L1_随便给,53,33,9,1,0,0,"{""count"": 0} | {""count"": 8} | {""count"": 3} | {""count"": 10} | {""count"": 10} | {""c"
9999938_00000_d_0000059,L4_中性,15,14,9,1,0,0,"{""count"": 0} | {""count"": 0} | {""count"": 4} | {""count"": 10} | {""count"": 0} | {""co"
9999938_00000_d_0000082,L4_中性,53,15,9,1,0,0,"{""count"": 0} | {""count"": 6} | {""count"": 3} | {""count"": 0} | {""count"": 6} | {""cou"
9999938_00000_d_0000059,L1_随便给,15,28,9,1,0,0,"{""count"": 8} | {""count"": 2} | {""count"": 5} | {""count"": 10} | {""count"": 0} | {""co"
9999938_00000_d_0000074,L1_随便给,40,66,9,1,0,0,"{""count"": 2} | {""count"": 15} | {""count"": 6} | {""count"": 10} | {""count"": 15} | {"""
9999938_00000_d_0000074,L4_中性,40,48,9,1,0,0,"{""count"": 2} | {""count"": 10} | {""count"": 5} | {""count"": 0} | {""count"": 15} | {""c"
9999938_00000_d_0000089,L4_中性,42,30,9,1,0,0,"{""count"": 6} | {""count"": 2} | {""count"": 5} | {""count"": 0} | {""count"": 0} | {""cou"
9999938_00000_d_0000073,L4_中性,54,59,9,1,0,0,"{""count"": 0} | {""count"": 15} | {""count"": 10} | {""count"": 0} | {""count"": 18} | {"""
9999938_00000_d_0000089,L1_随便给,42,59,9,1,0,0,"{""count"": 10} | {""count"": 5} | {""count"": 6} | {""count"": 10} | {""count"": 5} | {""c"
9999938_00000_d_0000080,L4_中性,89,10,9,1,0,0,"{""count"": 0} | {""count"": 0} | {""count"": 0} | {""count"": 0} | {""count"": 0} | {""cou"
9999938_00000_d_0000073,L1_随便给,54,87,9,1,0,0,"{""count"": 0} | {""count"": 15} | {""count"": 10} | {""count"": 20} | {""count"": 20} | {"
9999938_00000_d_0000080,L1_随便给,89,72,9,1,0,0,"{""count"": 0} | {""count"": 2} | {""count"": 5} | {""count"": 20} | {""count"": 10} | {""c"
9999938_00000_d_0000093,L1_随便给,13,29,9,1,0,0,"{""count"": 10} | {""count"": 0} | {""count"": 1} | {""count"": 10} | {""count"": 1} | {""c"
9999938_00000_d_0000093,L4_中性,13,27,9,1,0,0,"{""count"": 10} | {""count"": 0} | {""count"": 1} | {""count"": 10} | {""count"": 1} | {""c"
9999938_00000_d_0000125,L4_中性,117,51,9,1,0,0,"{""count"": 14} | {""count"": 10} | {""count"": 15} | {""count"": 10} | {""count"": 2} | {"
9999938_00000_d_0000113,L1_随便给,13,10,9,1,0,0,"{""count"": 0} | {""count"": 0} | {""count"": 2} | {""count"": 0} | {""count"": 0} | {""cou"
9999938_00000_d_0000148,L1_随便给,18,0,9,1,1,0,"{""count"": 0} | {""count"": 0} | {""count"": 0} | {""count"": 0} | {""count"": 0} | {""cou"
9999938_00000_d_0000102,L4_中性,12,5,9,1,0,0,"{""count"": 3} | {""count"": 0} | {""count"": 0} | {""count"": 0} | {""count"": 0} | {""cou"
9999938_00000_d_0000102,L1_随便给,12,10,9,1,0,0,"{""count"": 3} | {""count"": 5} | {""count"": 0} | {""count"": 0} | {""count"": 0} | {""cou"
9999938_00000_d_0000125,L1_随便给,117,67,9,1,0,0,"{""count"": 20} | {""count"": 10} | {""count"": 15} | {""count"": 20} | {""count"": 2} | {"
9999938_00000_d_0000100,L4_中性,64,40,9,1,0,0,"{""count"": 15} | {""count"": 0} | {""count"": 3} | {""count"": 5} | {""count"": 0} | {""co"
9999938_00000_d_0000148,L4_中性,18,0,9,1,1,0,"{""count"": 0} | {""count"": 0} | {""count"": 0} | {""count"": 0} | {""count"": 0} | {""cou"
9999938_00000_d_0000156,L4_中性,11,16,9,1,0,0,"{""count"": 0} | {""count"": 2} | {""count"": 0} | {""count"": 2} | {""count"": 2} | {""cou"
9999938_00000_d_0000113,L4_中性,13,9,9,1,0,0,"{""count"": 0} | {""count"": 0} | {""count"": 2} | {""count"": 0} | {""count"": 0} | {""cou"
9999938_00000_d_0000156,L1_随便给,11,17,9,1,0,0,"{""count"": 0} | {""count"": 2} | {""count"": 0} | {""count"": 3} | {""count"": 2} | {""cou"
9999938_00000_d_0000130,L1_随便给,68,44,9,1,0,0,"{""count"": 5} | {""count"": 5} | {""count"": 3} | {""count"": 5} | {""count"": 0} | {""cou"
9999938_00000_d_0000100,L1_随便给,64,48,9,1,0,0,"{""count"": 20} | {""count"": 3} | {""count"": 3} | {""count"": 5} | {""count"": 0} | {""co"
9999938_00000_d_0000122,L4_中性,89,85,9,1,0,0,"{""count"": 20} | {""count"": 3} | {""count"": 0} | {""count"": 10} | {""count"": 10} | {"""
9999938_00000_d_0000130,L4_中性,68,32,9,1,0,0,"{""count"": 6} | {""count"": 0} | {""count"": 0} | {""count"": 0} | {""count"": 0} | {""cou"
9999938_00000_d_0000144,L4_中性,19,7,9,1,0,0,"{""count"": 0} | {""count"": 2} | {""count"": 2} | {""count"": 0} | {""count"": 0} | {""cou"
9999938_00000_d_0000122,L1_随便给,89,87,9,1,0,0,"{""count"": 20} | {""count"": 4} | {""count"": 0} | {""count"": 10} | {""count"": 10} | {"""
9999938_00000_d_0000144,L1_随便给,19,7,9,1,0,0,"{""count"": 0} | {""count"": 2} | {""count"": 2} | {""count"": 0} | {""count"": 0} | {""cou"
9999938_00000_d_0000157,L4_中性,6,8,9,1,0,0,"{""count"": 5} | {""count"": 0} | {""count"": 1} | {""count"": 2} | {""count"": 0} | {""cou"
9999938_00000_d_0000107,L4_中性,146,139,9,1,0,0,"{""count"": 10} | {""count"": 9} | {""count"": 8} | {""count"": 78} | {""count"": 30} | {"""
9999938_00000_d_0000135,L1_随便给,30,22,9,1,0,0,"{""count"": 2} | {""count"": 3} | {""count"": 1} | {""count"": 5} | {""count"": 5} | {""cou"
9999938_00000_d_0000099,L1_随便给,85,106,9,1,0,0,"{""count"": 20} | {""count"": 30} | {""count"": 8} | {""count"": 20} | {""count"": 5} | {"""
9999938_00000_d_0000107,L1_随便给,146,219,9,1,0,0,"{""count"": 15} | {""count"": 10} | {""count"": 8} | {""count"": 150} | {""count"": 30} | "
9999938_00000_d_0000099,L4_中性,85,66,9,1,0,0,"{""count"": 10} | {""count"": 10} | {""count"": 9} | {""count"": 14} | {""count"": 5} | {"""
9999938_00000_d_0000135,L4_中性,30,9,9,1,0,0,"{""count"": 0} | {""count"": 3} | {""count"": 1} | {""count"": 0} | {""count"": 0} | {""cou"
9999938_00000_d_0000157,L1_随便给,6,8,9,1,0,0,"{""count"": 5} | {""count"": 0} | {""count"": 1} | {""count"": 2} | {""count"": 0} | {""cou"
9999938_00000_d_0000121,L4_中性,176,135,9,1,0,0,"{""count"": 10} | {""count"": 12} | {""count"": 0} | {""count"": 58} | {""count"": 20} | {"
9999938_00000_d_0000121,L1_随便给,176,162,9,1,0,0,"{""count"": 10} | {""count"": 15} | {""count"": 0} | {""count"": 80} | {""count"": 20} | {"
9999938_00000_d_0000105,L4_中性,112,109,9,1,0,0,"{""count"": 7} | {""count"": 5} | {""count"": 20} | {""count"": 5} | {""count"": 10} | {""c"
9999938_00000_d_0000105,L1_随便给,112,120,9,1,0,0,"{""count"": 10} | {""count"": 5} | {""count"": 20} | {""count"": 10} | {""count"": 10} | {"
9999938_00000_d_0000164,L4_中性,15,1,9,1,0,0,"{""count"": 0} | {""count"": 0} | {""count"": 0} | {""count"": 0} | {""count"": 0} | {""cou"
9999938_00000_d_0000164,L1_随便给,15,3,9,1,0,0,"{""count"": 0} | {""count"": 2} | {""count"": 0} | {""count"": 0} | {""count"": 0} | {""cou"
9999938_00000_d_0000184,L1_随便给,15,11,9,1,0,0,"{""count"": 0} | {""count"": 0} | {""count"": 0} | {""count"": 5} | {""count"": 5} | {""cou"
9999938_00000_d_0000167,L4_中性,16,9,9,1,0,0,"{""count"": 1} | {""count"": 0} | {""count"": 0} | {""count"": 8} | {""count"": 0} | {""cou"
9999938_00000_d_0000167,L1_随便给,16,15,9,1,0,0,"{""count"": 1} | {""count"": 0} | {""count"": 0} | {""count"": 8} | {""count"": 0} | {""cou"
9999938_00000_d_0000184,L4_中性,15,6,9,1,0,0,"{""count"": 0} | {""count"": 0} | {""count"": 0} | {""count"": 0} | {""count"": 6} | {""cou"
9999938_00000_d_0000177,L1_随便给,35,6,9,1,0,0,"{""count"": 0} | {""count"": 0} | {""count"": 0} | {""count"": 0} | {""count"": 0} | {""cou"
9999938_00000_d_0000188,L4_中性,129,0,9,1,1,0,"{""count"": 0} | {""count"": 0} | {""count"": 0} | {""count"": 0} | {""count"": 0} | {""cou"
9999938_00000_d_0000187,L4_中性,7,0,9,1,1,0,"{""count"": 0} | {""count"": 0} | {""count"": 0} | {""count"": 0} | {""count"": 0} | {""cou"
9999938_00000_d_0000196,L4_中性,9,0,9,1,1,0,"{""count"": 0} | {""count"": 0} | {""count"": 0} | {""count"": 0} | {""count"": 0} | {""cou"
9999938_00000_d_0000177,L4_中性,35,1,9,1,0,0,"{""count"": 0} | {""count"": 0} | {""count"": 0} | {""count"": 0} | {""count"": 0} | {""cou"
9999938_00000_d_0000174,L1_随便给,15,12,9,1,0,0,"{""count"": 0} | {""count"": 0} | {""count"": 0} | {""count"": 10} | {""count"": 0} | {""co"
9999938_00000_d_0000180,L1_随便给,62,16,9,1,0,0,"{""count"": 0} | {""count"": 0} | {""count"": 1} | {""count"": 0} | {""count"": 10} | {""co"
9999938_00000_d_0000174,L4_中性,15,0,9,1,1,0,"{""count"": 0} | {""count"": 0} | {""count"": 0} | {""count"": 0} | {""count"": 0} | {""cou"
9999938_00000_d_0000191,L4_中性,12,0,9,1,1,0,"{""count"": 0} | {""count"": 0} | {""count"": 0} | {""count"": 0} | {""count"": 0} | {""cou"
9999938_00000_d_0000196,L1_随便给,9,2,9,1,0,0,"{""count"": 0} | {""count"": 0} | {""count"": 0} | {""count"": 2} | {""count"": 0} | {""cou"
9999938_00000_d_0000187,L1_随便给,7,5,9,1,0,0,"{""count"": 5} | {""count"": 0} | {""count"": 0} | {""count"": 0} | {""count"": 0} | {""cou"
9999938_00000_d_0000191,L1_随便给,12,7,9,1,0,0,"{""count"": 0} | {""count"": 0} | {""count"": 2} | {""count"": 0} | {""count"": 0} | {""cou"
9999938_00000_d_0000180,L4_中性,62,11,9,1,0,0,"{""count"": 0} | {""count"": 0} | {""count"": 1} | {""count"": 0} | {""count"": 10} | {""co"
9999938_00000_d_0000188,L1_随便给,129,60,9,1,0,0,"{""count"": 0} | {""count"": 0} | {""count"": 0} | {""count"": 0} | {""count"": 0} | {""cou"
9999938_00000_d_0000169,L4_中性,53,25,9,1,0,0,"{""count"": 8} | {""count"": 0} | {""count"": 0} | {""count"": 14} | {""count"": 0} | {""co"
9999938_00000_d_0000169,L1_随便给,53,28,9,1,0,0,"{""count"": 10} | {""count"": 0} | {""count"": 0} | {""count"": 15} | {""count"": 0} | {""c"
9999938_00000_d_0000197,L4_中性,12,1,9,1,0,0,"{""count"": 0} | {""count"": 0} | {""count"": 0} | {""count"": 0} | {""count"": 0} | {""cou"
9999938_00000_d_0000197,L1_随便给,12,1,9,1,0,0,"{""count"": 0} | {""count"": 0} | {""count"": 0} | {""count"": 0} | {""count"": 0} | {""cou"
9999938_00000_d_0000206,L4_中性,174,10,9,1,0,0,"{""count"": 0} | {""count"": 0} | {""count"": 0} | {""count"": 0} | {""count"": 0} | {""cou"
9999938_00000_d_0000212,L4_中性,224,73,9,1,0,0,"{""count"": 0} | {""count"": 0} | {""count"": 0} | {""count"": 0} | {""count"": 0} | {""cou"
9999938_00000_d_0000212,L1_随便给,224,135,9,1,0,0,"{""count"": 0} | {""count"": 0} | {""count"": 0} | {""count"": 50} | {""count"": 0} | {""co"
9999938_00000_d_0000208,L4_中性,286,110,9,1,0,0,"{""count"": 0} | {""count"": 0} | {""count"": 0} | {""count"": 0} | {""count"": 20} | {""co"
9999938_00000_d_0000210,L4_中性,270,45,9,1,0,0,"{""count"": 0} | {""count"": 0} | {""count"": 0} | {""count"": 0} | {""count"": 10} | {""co"
9999938_00000_d_0000210,L1_随便给,270,315,9,1,0,0,"{""count"": 50} | {""count"": 0} | {""count"": 0} | {""count"": 150} | {""count"": 15} | {"
9999938_00000_d_0000206,L1_随便给,174,195,9,1,0,0,"{""count"": 10} | {""count"": 0} | {""count"": 0} | {""count"": 10} | {""count"": 10} | {"""
9999938_00000_d_0000208,L1_随便给,286,350,9,1,0,0,"{""count"": 30} | {""count"": 0} | {""count"": 0} | {""count"": 150} | {""count"": 20} | {"
9999938_00000_d_0000219,L4_中性,135,0,9,1,1,0,"{""count"": 0} | {""count"": 0} | {""count"": 0} | {""count"": 0} | {""count"": 0} | {""cou"
9999938_00000_d_0000219,L1_随便给,135,5085,9,1,0,0,"{""count"": 50} | {""count"": 0} | {""count"": 20} | {""count"": 5000} | {""count"": 0} | "
9999938_00000_d_0000240,L4_中性,6,0,9,1,1,0,"{""count"": 0} | {""count"": 0} | {""count"": 0} | {""count"": 0} | {""count"": 0} | {""cou"
9999938_00000_d_0000240,L1_随便给,6,0,9,1,1,0,"{""count"": 0} | {""count"": 0} | {""count"": 0} | {""count"": 0} | {""count"": 0} | {""cou"
9999938_00000_d_0000229,L1_随便给,10,0,9,1,1,0,"{""count"": 0} | {""count"": 0} | {""count"": 0} | {""count"": 0} | {""count"": 0} | {""cou"
9999938_00000_d_0000257,L4_中性,38,29,9,1,0,0,"{""count"": 0} | {""count"": 0} | {""count"": 1} | {""count"": 10} | {""count"": 8} | {""co"
9999938_00000_d_0000243,L1_随便给,5,9,9,1,0,0,"{""count"": 3} | {""count"": 5} | {""count"": 1} | {""count"": 0} | {""count"": 0} | {""cou"
9999938_00000_d_0000245,L1_随便给,5,0,9,1,1,0,"{""count"": 0} | {""count"": 0} | {""count"": 0} | {""count"": 0} | {""count"": 0} | {""cou"
9999938_00000_d_0000253,L4_中性,36,45,9,1,0,0,"{""count"": 15} | {""count"": 30} | {""count"": 0} | {""count"": 0} | {""count"": 0} | {""c"
9999938_00000_d_0000226,L1_随便给,16,2,9,1,0,0,"{""count"": 2} | {""count"": 0} | {""count"": 0} | {""count"": 0} | {""count"": 0} | {""cou"
9999938_00000_d_0000233,L1_随便给,7,0,9,1,1,0,"{""count"": 0} | {""count"": 0} | {""count"": 0} | {""count"": 0} | {""count"": 0} | {""cou"
9999938_00000_d_0000243,L4_中性,5,1,9,1,0,0,"{""count"": 0} | {""count"": 0} | {""count"": 1} | {""count"": 0} | {""count"": 0} | {""cou"
9999938_00000_d_0000253,L1_随便给,36,81,9,1,0,0,"{""count"": 20} | {""count"": 50} | {""count"": 0} | {""count"": 10} | {""count"": 1} | {"""
9999938_00000_d_0000245,L4_中性,5,0,9,1,1,0,"{""count"": 0} | {""count"": 0} | {""count"": 0} | {""count"": 0} | {""count"": 0} | {""cou"
9999938_00000_d_0000229,L4_中性,10,0,9,1,1,0,"{""count"": 0} | {""count"": 0} | {""count"": 0} | {""count"": 0} | {""count"": 0} | {""cou"
9999938_00000_d_0000233,L4_中性,7,0,9,1,1,0,"{""count"": 0} | {""count"": 0} | {""count"": 0} | {""count"": 0} | {""count"": 0} | {""cou"
9999938_00000_d_0000258,L4_中性,46,21,9,1,0,0,"{""count"": 0} | {""count"": 1} | {""count"": 2} | {""count"": 0} | {""count"": 0} | {""cou"
9999938_00000_d_0000226,L4_中性,16,0,9,1,1,0,"{""count"": 0} | {""count"": 0} | {""count"": 0} | {""count"": 0} | {""count"": 0} | {""cou"
9999938_00000_d_0000257,L1_随便给,38,39,9,1,0,0,"{""count"": 0} | {""count"": 0} | {""count"": 1} | {""count"": 20} | {""count"": 8} | {""co"
9999938_00000_d_0000258,L1_随便给,46,22,9,1,0,0,"{""count"": 0} | {""count"": 1} | {""count"": 2} | {""count"": 1} | {""count"": 0} | {""cou"
9999938_00000_d_0000259,L1_随便给,8,22,9,1,0,0,"{""count"": 5} | {""count"": 0} | {""count"": 2} | {""count"": 0} | {""count"": 2} | {""cou"
9999938_00000_d_0000276,L1_随便给,3,1,9,1,0,0,"{""count"": 0} | {""count"": 0} | {""count"": 0} | {""count"": 0} | {""count"": 0} | {""cou"
9999938_00000_d_0000261,L4_中性,7,0,9,1,1,0,"{""count"": 0} | {""count"": 0} | {""count"": 0} | {""count"": 0} | {""count"": 0} | {""cou"
9999938_00000_d_0000263,L4_中性,19,5,9,1,0,0,"{""count"": 0} | {""count"": 0} | {""count"": 0} | {""count"": 0} | {""count"": 0} | {""cou"
9999938_00000_d_0000263,L1_随便给,19,10,9,1,0,0,"{""count"": 0} | {""count"": 0} | {""count"": 0} | {""count"": 0} | {""count"": 0} | {""cou"
9999938_00000_d_0000261,L1_随便给,7,31,9,1,0,0,"{""count"": 5} | {""count"": 5} | {""count"": 0} | {""count"": 20} | {""count"": 0} | {""co"
9999938_00000_d_0000271,L4_中性,2,0,9,1,1,0,"{""count"": 0} | {""count"": 0} | {""count"": 0} | {""count"": 0} | {""count"": 0} | {""cou"
9999938_00000_d_0000259,L4_中性,8,2,9,1,0,0,"{""count"": 0} | {""count"": 0} | {""count"": 0} | {""count"": 0} | {""count"": 0} | {""cou"
9999938_00000_d_0000276,L4_中性,3,0,9,1,1,0,"{""count"": 0} | {""count"": 0} | {""count"": 0} | {""count"": 0} | {""count"": 0} | {""cou"
9999938_00000_d_0000271,L1_随便给,2,0,9,1,1,0,"{""count"": 0} | {""count"": 0} | {""count"": 0} | {""count"": 0} | {""count"": 0} | {""cou"
9999938_00000_d_0000254,L4_中性,51,98,9,1,0,0,"{""count"": 14} | {""count"": 0} | {""count"": 0} | {""count"": 50} | {""count"": 10} | {"""
9999938_00000_d_0000254,L1_随便给,51,129,9,1,0,0,"{""count"": 15} | {""count"": 20} | {""count"": 5} | {""count"": 50} | {""count"": 15} | {"
9999938_00000_d_0000278,L1_随便给,4,0,9,1,1,0,"{""count"": 0} | {""count"": 0} | {""count"": 0} | {""count"": 0} | {""count"": 0} | {""cou"
9999938_00000_d_0000278,L4_中性,4,0,9,1,1,0,"{""count"": 0} | {""count"": 0} | {""count"": 0} | {""count"": 0} | {""count"": 0} | {""cou"
9999938_00000_d_0000283,L4_中性,2,0,9,1,1,0,"{""count"": 0} | {""count"": 0} | {""count"": 0} | {""count"": 0} | {""count"": 0} | {""cou"
9999938_00000_d_0000283,L1_随便给,2,0,9,1,1,0,"{""count"": 0} | {""count"": 0} | {""count"": 0} | {""count"": 0} | {""count"": 0} | {""cou"
9999938_00000_d_0000312,L4_中性,44,0,9,1,1,0,"{""count"": 0} | {""count"": 0} | {""count"": 0} | {""count"": 0} | {""count"": 0} | {""cou"
9999938_00000_d_0000298,L4_中性,6,2,9,1,0,0,"{""count"": 0} | {""count"": 0} | {""count"": 0} | {""count"": 0} | {""count"": 0} | {""cou"
9999938_00000_d_0000298,L1_随便给,6,10,9,1,0,0,"{""count"": 0} | {""count"": 0} | {""count"": 0} | {""count"": 0} | {""count"": 0} | {""cou"
9999938_00000_d_0000323,L4_中性,24,12,9,1,0,0,"{""count"": 10} | {""count"": 2} | {""count"": 0} | {""count"": 0} | {""count"": 0} | {""co"
9999938_00000_d_0000319,L1_随便给,12,15,9,1,0,0,"{""count"": 5} | {""count"": 3} | {""count"": 0} | {""count"": 5} | {""count"": 0} | {""cou"
9999938_00000_d_0000319,L4_中性,12,3,9,1,0,0,"{""count"": 0} | {""count"": 0} | {""count"": 0} | {""count"": 3} | {""count"": 0} | {""cou"
9999938_00000_d_0000300,L1_随便给,31,20,9,1,0,0,"{""count"": 0} | {""count"": 0} | {""count"": 0} | {""count"": 0} | {""count"": 5} | {""cou"
9999938_00000_d_0000304,L4_中性,1,10,9,1,0,0,"{""count"": 0} | {""count"": 10} | {""count"": 0} | {""count"": 0} | {""count"": 0} | {""co"
9999938_00000_d_0000300,L4_中性,31,14,9,1,0,0,"{""count"": 0} | {""count"": 0} | {""count"": 0} | {""count"": 0} | {""count"": 0} | {""cou"
9999938_00000_d_0000315,L4_中性,12,0,9,1,1,0,"{""count"": 0} | {""count"": 0} | {""count"": 0} | {""count"": 0} | {""count"": 0} | {""cou"
9999938_00000_d_0000285,L1_随便给,2,0,9,1,1,0,"{""count"": 0} | {""count"": 0} | {""count"": 0} | {""count"": 0} | {""count"": 0} | {""cou"
9999938_00000_d_0000315,L1_随便给,12,3,9,1,0,0,"{""count"": 0} | {""count"": 0} | {""count"": 0} | {""count"": 0} | {""count"": 0} | {""cou"
9999938_00000_d_0000312,L1_随便给,44,45,9,1,0,0,"{""count"": 0} | {""count"": 20} | {""count"": 5} | {""count"": 10} | {""count"": 10} | {"""
9999938_00000_d_0000323,L1_随便给,24,23,9,1,0,0,"{""count"": 10} | {""count"": 3} | {""count"": 0} | {""count"": 5} | {""count"": 0} | {""co"
9999938_00000_d_0000304,L1_随便给,1,11,9,1,0,0,"{""count"": 0} | {""count"": 10} | {""count"": 1} | {""count"": 0} | {""count"": 0} | {""co"
9999938_00000_d_0000285,L4_中性,2,0,9,1,1,0,"{""count"": 0} | {""count"": 0} | {""count"": 0} | {""count"": 0} | {""count"": 0} | {""cou"
9999938_00000_d_0000299,L1_随便给,2,5,9,1,0,0,"{""count"": 0} | {""count"": 0} | {""count"": 0} | {""count"": 0} | {""count"": 0} | {""cou"
9999938_00000_d_0000299,L4_中性,2,0,9,1,1,0,"{""count"": 0} | {""count"": 0} | {""count"": 0} | {""count"": 0} | {""count"": 0} | {""cou"
9999938_00000_d_0000326,L4_中性,28,10,9,1,0,0,"{""count"": 0} | {""count"": 0} | {""count"": 0} | {""count"": 0} | {""count"": 0} | {""cou"
9999938_00000_d_0000316,L4_中性,17,0,9,1,1,0,"{""count"": 0} | {""count"": 0} | {""count"": 0} | {""count"": 0} | {""count"": 0} | {""cou"
9999938_00000_d_0000295,L1_随便给,7,0,9,1,1,0,"{""count"": 0} | {""count"": 0} | {""count"": 0} | {""count"": 0} | {""count"": 0} | {""cou"
9999938_00000_d_0000327,L4_中性,38,15,9,1,0,0,"{""count"": 0} | {""count"": 0} | {""count"": 10} | {""count"": 0} | {""count"": 0} | {""co"
9999938_00000_d_0000327,L1_随便给,38,25,9,1,0,0,"{""count"": 5} | {""count"": 0} | {""count"": 10} | {""count"": 0} | {""count"": 5} | {""co"
9999938_00000_d_0000316,L1_随便给,17,15,9,1,0,0,"{""count"": 0} | {""count"": 0} | {""count"": 5} | {""count"": 0} | {""count"": 0} | {""cou"
9999938_00000_d_0000313,L4_中性,32,20,9,1,0,0,"{""count"": 0} | {""count"": 0} | {""count"": 0} | {""count"": 0} | {""count"": 10} | {""co"
9999938_00000_d_0000295,L4_中性,7,0,9,1,1,0,"{""count"": 0} | {""count"": 0} | {""count"": 0} | {""count"": 0} | {""count"": 0} | {""cou"
9999938_00000_d_0000313,L1_随便给,32,55,9,1,0,0,"{""count"": 0} | {""count"": 0} | {""count"": 0} | {""count"": 10} | {""count"": 10} | {""c"
9999938_00000_d_0000326,L1_随便给,28,42,9,1,0,0,"{""count"": 0} | {""count"": 0} | {""count"": 0} | {""count"": 0} | {""count"": 2} | {""cou"
9999938_00000_d_0000331,L4_中性,36,0,9,1,1,0,"{""count"": 0} | {""count"": 0} | {""count"": 0} | {""count"": 0} | {""count"": 0} | {""cou"
9999938_00000_d_0000331,L1_随便给,36,30,9,1,0,0,"{""count"": 0} | {""count"": 10} | {""count"": 10} | {""count"": 0} | {""count"": 0} | {""c"
9999938_00000_d_0000336,L4_中性,4,0,9,1,1,0,"{""count"": 0} | {""count"": 0} | {""count"": 0} | {""count"": 0} | {""count"": 0} | {""cou"
9999938_00000_d_0000336,L1_随便给,4,4,9,1,0,0,"{""count"": 2} | {""count"": 0} | {""count"": 0} | {""count"": 2} | {""count"": 0} | {""cou"
9999938_00000_d_0000342,L4_中性,9,1,9,1,0,0,"{""count"": 0} | {""count"": 0} | {""count"": 0} | {""count"": 0} | {""count"": 0} | {""cou"
9999938_00000_d_0000335,L1_随便给,24,17,9,1,0,0,"{""count"": 10} | {""count"": 0} | {""count"": 0} | {""count"": 3} | {""count"": 0} | {""co"
9999938_00000_d_0000359,L4_中性,3,0,9,1,1,0,"{""count"": 0} | {""count"": 0} | {""count"": 0} | {""count"": 0} | {""count"": 0} | {""cou"
9999938_00000_d_0000340,L1_随便给,3,3,9,1,0,0,"{""count"": 0} | {""count"": 0} | {""count"": 0} | {""count"": 2} | {""count"": 0} | {""cou"
9999938_00000_d_0000337,L4_中性,3,0,9,1,1,0,"{""count"": 0} | {""count"": 0} | {""count"": 0} | {""count"": 0} | {""count"": 0} | {""cou"
9999938_00000_d_0000340,L4_中性,3,0,9,1,1,0,"{""count"": 0} | {""count"": 0} | {""count"": 0} | {""count"": 0} | {""count"": 0} | {""cou"
9999941_00000_d_0000005,L4_中性,30,0,9,1,1,0,"{""count"": 0} | {""count"": 0} | {""count"": 0} | {""count"": 0} | {""count"": 0} | {""cou"
9999938_00000_d_0000339,L1_随便给,3,4,9,1,0,0,"{""count"": 0} | {""count"": 3} | {""count"": 0} | {""count"": 0} | {""count"": 0} | {""cou"
9999938_00000_d_0000346,L4_中性,2,5,9,1,0,0,"{""count"": 1} | {""count"": 0} | {""count"": 0} | {""count"": 1} | {""count"": 2} | {""cou"
9999938_00000_d_0000359,L1_随便给,3,0,9,1,1,0,"{""count"": 0} | {""count"": 0} | {""count"": 0} | {""count"": 0} | {""count"": 0} | {""cou"
9999938_00000_d_0000342,L1_随便给,9,3,9,1,0,0,"{""count"": 0} | {""count"": 2} | {""count"": 0} | {""count"": 0} | {""count"": 0} | {""cou"
9999938_00000_d_0000337,L1_随便给,3,2,9,1,0,0,"{""count"": 0} | {""count"": 0} | {""count"": 0} | {""count"": 0} | {""count"": 0} | {""cou"
9999938_00000_d_0000335,L4_中性,24,10,9,1,0,0,"{""count"": 10} | {""count"": 0} | {""count"": 0} | {""count"": 0} | {""count"": 0} | {""co"
9999938_00000_d_0000349,L4_中性,9,0,9,1,1,0,"{""count"": 0} | {""count"": 0} | {""count"": 0} | {""count"": 0} | {""count"": 0} | {""cou"
9999938_00000_d_0000346,L1_随便给,2,7,9,1,0,0,"{""count"": 1} | {""count"": 0} | {""count"": 0} | {""count"": 2} | {""count"": 3} | {""cou"
9999938_00000_d_0000339,L4_中性,3,1,9,1,0,0,"{""count"": 0} | {""count"": 0} | {""count"": 0} | {""count"": 0} | {""count"": 0} | {""cou"
9999941_00000_d_0000005,L1_随便给,30,15,9,1,0,0,"{""count"": 0} | {""count"": 0} | {""count"": 0} | {""count"": 0} | {""count"": 0} | {""cou"
9999938_00000_d_0000349,L1_随便给,9,15,9,1,0,0,"{""count"": 0} | {""count"": 0} | {""count"": 0} | {""count"": 0} | {""count"": 0} | {""cou"
9999938_00000_d_0000347,L1_随便给,1,1,9,1,0,0,"{""count"": 0} | {""count"": 0} | {""count"": 0} | {""count"": 1} | {""count"": 0} | {""cou"
9999941_00000_d_0000007,L4_中性,34,0,9,1,1,0,"{""count"": 0} | {""count"": 0} | {""count"": 0} | {""count"": 0} | {""count"": 0} | {""cou"
9999938_00000_d_0000343,L1_随便给,2,4,9,1,0,0,"{""count"": 1} | {""count"": 0} | {""count"": 0} | {""count"": 1} | {""count"": 0} | {""cou"
9999941_00000_d_0000007,L1_随便给,34,18,9,1,0,0,"{""count"": 0} | {""count"": 0} | {""count"": 0} | {""count"": 10} | {""count"": 2} | {""co"
9999938_00000_d_0000343,L4_中性,2,3,9,1,0,0,"{""count"": 1} | {""count"": 0} | {""count"": 0} | {""count"": 1} | {""count"": 0} | {""cou"
9999941_00000_d_0000002,L4_中性,4,1,9,1,0,0,"{""count"": 0} | {""count"": 0} | {""count"": 0} | {""count"": 1} | {""count"": 0} | {""cou"
9999938_00000_d_0000372,L1_随便给,2,0,9,1,1,0,"{""count"": 0} | {""count"": 0} | {""count"": 0} | {""count"": 0} | {""count"": 0} | {""cou"
9999938_00000_d_0000347,L4_中性,1,1,9,1,0,0,"{""count"": 0} | {""count"": 0} | {""count"": 0} | {""count"": 1} | {""count"": 0} | {""cou"
9999941_00000_d_0000002,L1_随便给,4,1,9,1,0,0,"{""count"": 0} | {""count"": 0} | {""count"": 0} | {""count"": 1} | {""count"": 0} | {""cou"
9999938_00000_d_0000372,L4_中性,2,0,9,1,1,0,"{""count"": 0} | {""count"": 0} | {""count"": 0} | {""count"": 0} | {""count"": 0} | {""cou"
9999941_00000_d_0000008,L1_随便给,39,25,9,1,0,0,"{""count"": 0} | {""count"": 0} | {""count"": 0} | {""count"": 5} | {""count"": 5} | {""cou"
9999941_00000_d_0000008,L4_中性,39,3,9,1,0,0,"{""count"": 0} | {""count"": 0} | {""count"": 0} | {""count"": 0} | {""count"": 0} | {""cou"
9999941_00000_d_0000009,L4_中性,20,0,9,1,1,0,"{""count"": 0} | {""count"": 0} | {""count"": 0} | {""count"": 0} | {""count"": 0} | {""cou"
9999941_00000_d_0000009,L1_随便给,20,2,9,1,0,0,"{""count"": 0} | {""count"": 0} | {""count"": 0} | {""count"": 0} | {""count"": 0} | {""cou"
9999941_00000_d_0000012,L4_中性,20,0,9,1,1,0,"{""count"": 0} | {""count"": 0} | {""count"": 0} | {""count"": 0} | {""count"": 0} | {""cou"
9999941_00000_d_0000017,L4_中性,8,11,9,1,0,0,"{""count"": 0} | {""count"": 0} | {""count"": 0} | {""count"": 0} | {""count"": 2} | {""cou"
9999941_00000_d_0000012,L1_随便给,20,10,9,1,0,0,"{""count"": 0} | {""count"": 0} | {""count"": 5} | {""count"": 5} | {""count"": 0} | {""cou"
9999941_00000_d_0000018,L4_中性,12,0,9,1,1,0,"{""count"": 0} | {""count"": 0} | {""count"": 0} | {""count"": 0} | {""count"": 0} | {""cou"
9999941_00000_d_0000014,L4_中性,39,14,9,1,0,0,"{""count"": 3} | {""count"": 0} | {""count"": 0} | {""count"": 10} | {""count"": 0} | {""co"
9999941_00000_d_0000021,L4_中性,6,0,9,1,1,0,"{""count"": 0} | {""count"": 0} | {""count"": 0} | {""count"": 0} | {""count"": 0} | {""cou"
9999941_00000_d_0000023,L1_随便给,41,19,9,1,0,0,"{""count"": 10} | {""count"": 5} | {""count"": 3} | {""count"": 1} | {""count"": 0} | {""co"
9999941_00000_d_0000020,L1_随便给,39,1,9,1,0,0,"{""count"": 0} | {""count"": 1} | {""count"": 0} | {""count"": 0} | {""count"": 0} | {""cou"
9999941_00000_d_0000014,L1_随便给,39,33,9,1,0,0,"{""count"": 5} | {""count"": 0} | {""count"": 0} | {""count"": 15} | {""count"": 10} | {""c"
9999941_00000_d_0000015,L1_随便给,30,41,9,1,0,0,"{""count"": 10} | {""count"": 0} | {""count"": 2} | {""count"": 10} | {""count"": 6} | {""c"
9999941_00000_d_0000021,L1_随便给,6,0,9,1,1,0,"{""count"": 0} | {""count"": 0} | {""count"": 0} | {""count"": 0} | {""count"": 0} | {""cou"
9999941_00000_d_0000020,L4_中性,39,1,9,1,0,0,"{""count"": 0} | {""count"": 1} | {""count"": 0} | {""count"": 0} | {""count"": 0} | {""cou"
9999941_00000_d_0000018,L1_随便给,12,5,9,1,0,0,"{""count"": 0} | {""count"": 0} | {""count"": 0} | {""count"": 2} | {""count"": 0} | {""cou"
9999941_00000_d_0000023,L4_中性,41,0,9,1,1,0,"{""count"": 0} | {""count"": 0} | {""count"": 0} | {""count"": 0} | {""count"": 0} | {""cou"
9999941_00000_d_0000015,L4_中性,30,26,9,1,0,0,"{""count"": 8} | {""count"": 0} | {""count"": 0} | {""count"": 10} | {""count"": 6} | {""co"
9999941_00000_d_0000022,L4_中性,34,14,9,1,0,0,"{""count"": 0} | {""count"": 0} | {""count"": 0} | {""count"": 0} | {""count"": 14} | {""co"
9999941_00000_d_0000017,L1_随便给,8,12,9,1,0,0,"{""count"": 0} | {""count"": 0} | {""count"": 0} | {""count"": 0} | {""count"": 2} | {""cou"
9999941_00000_d_0000022,L1_随便给,34,23,9,1,0,0,"{""count"": 0} | {""count"": 0} | {""count"": 0} | {""count"": 3} | {""count"": 20} | {""co"
9999941_00000_d_0000029,L1_随便给,27,17,9,1,0,0,"{""count"": 0} | {""count"": 5} | {""count"": 10} | {""count"": 0} | {""count"": 0} | {""co"
9999941_00000_d_0000029,L4_中性,27,0,9,1,1,0,"{""count"": 0} | {""count"": 0} | {""count"": 0} | {""count"": 0} | {""count"": 0} | {""cou"
9999941_00000_d_0000024,L1_随便给,13,8,9,1,0,0,"{""count"": 5} | {""count"": 0} | {""count"": 0} | {""count"": 0} | {""count"": 1} | {""cou"
9999941_00000_d_0000025,L1_随便给,27,22,9,1,0,0,"{""count"": 2} | {""count"": 6} | {""count"": 2} | {""count"": 0} | {""count"": 10} | {""co"
9999941_00000_d_0000032,L4_中性,1,2,9,1,0,0,"{""count"": 1} | {""count"": 1} | {""count"": 0} | {""count"": 0} | {""count"": 0} | {""cou"
9999941_00000_d_0000025,L4_中性,27,3,9,1,0,0,"{""count"": 0} | {""count"": 0} | {""count"": 1} | {""count"": 0} | {""count"": 0} | {""cou"
9999941_00000_d_0000032,L1_随便给,1,4,9,1,0,0,"{""count"": 1} | {""count"": 1} | {""count"": 0} | {""count"": 0} | {""count"": 0} | {""cou"
9999941_00000_d_0000024,L4_中性,13,2,9,1,0,0,"{""count"": 0} | {""count"": 0} | {""count"": 0} | {""count"": 0} | {""count"": 0} | {""cou"
9999947_00000_d_0000005,L1_随便给,44,59,9,1,0,0,"{""count"": 5} | {""count"": 3} | {""count"": 2} | {""count"": 20} | {""count"": 15} | {""c"
9999947_00000_d_0000005,L4_中性,44,30,9,1,0,0,"{""count"": 1} | {""count"": 3} | {""count"": 2} | {""count"": 0} | {""count"": 10} | {""co"
9999947_00000_d_0000013,L1_随便给,48,57,9,1,0,0,"{""count"": 2} | {""count"": 15} | {""count"": 2} | {""count"": 10} | {""count"": 10} | {"""
9999947_00000_d_0000013,L4_中性,48,45,9,1,0,0,"{""count"": 0} | {""count"": 10} | {""count"": 2} | {""count"": 10} | {""count"": 10} | {"""
9999952_00000_d_0000015,L4_中性,10,15,9,1,0,0,"{""count"": 0} | {""count"": 0} | {""count"": 0} | {""count"": 2} | {""count"": 6} | {""cou"
9999952_00000_d_0000002,L4_中性,15,10,9,1,0,0,"{""count"": 0} | {""count"": 0} | {""count"": 0} | {""count"": 0} | {""count"": 0} | {""cou"
9999952_00000_d_0000004,L4_中性,9,0,9,1,1,0,"{""count"": 0} | {""count"": 0} | {""count"": 0} | {""count"": 0} | {""count"": 0} | {""cou"
9999952_00000_d_0000030,L4_中性,2,0,9,1,1,0,"{""count"": 0} | {""count"": 0} | {""count"": 0} | {""count"": 0} | {""count"": 0} | {""cou"
9999952_00000_d_0000041,L4_中性,1,0,9,1,1,0,"{""count"": 0} | {""count"": 0} | {""count"": 0} | {""count"": 0} | {""count"": 0} | {""cou"
9999952_00000_d_0000041,L1_随便给,1,0,9,1,1,0,"{""count"": 0} | {""count"": 0} | {""count"": 0} | {""count"": 0} | {""count"": 0} | {""cou"
9999952_00000_d_0000016,L4_中性,3,0,9,1,1,0,"{""count"": 0} | {""count"": 0} | {""count"": 0} | {""count"": 0} | {""count"": 0} | {""cou"
9999952_00000_d_0000019,L1_随便给,5,2,9,1,0,0,"{""count"": 0} | {""count"": 0} | {""count"": 0} | {""count"": 0} | {""count"": 0} | {""cou"
9999952_00000_d_0000019,L4_中性,5,2,9,1,0,0,"{""count"": 0} | {""count"": 0} | {""count"": 0} | {""count"": 0} | {""count"": 0} | {""cou"
9999952_00000_d_0000016,L1_随便给,3,0,9,1,1,0,"{""count"": 0} | {""count"": 0} | {""count"": 0} | {""count"": 0} | {""count"": 0} | {""cou"
9999947_00000_d_0000017,L4_中性,30,40,9,1,0,0,"{""count"": 0} | {""count"": 1} | {""count"": 6} | {""count"": 4} | {""count"": 8} | {""cou"
9999947_00000_d_0000017,L1_随便给,30,39,9,1,0,0,"{""count"": 0} | {""count"": 1} | {""count"": 6} | {""count"": 3} | {""count"": 8} | {""cou"
9999952_00000_d_0000015,L1_随便给,10,16,9,1,0,0,"{""count"": 0} | {""count"": 0} | {""count"": 0} | {""count"": 2} | {""count"": 6} | {""cou"
9999952_00000_d_0000004,L1_随便给,9,5,9,1,0,0,"{""count"": 0} | {""count"": 0} | {""count"": 0} | {""count"": 0} | {""count"": 0} | {""cou"
9999952_00000_d_0000030,L1_随便给,2,1,9,1,0,0,"{""count"": 0} | {""count"": 0} | {""count"": 0} | {""count"": 0} | {""count"": 0} | {""cou"
9999947_00000_d_0000014,L1_随便给,57,52,9,1,0,0,"{""count"": 0} | {""count"": 2} | {""count"": 20} | {""count"": 0} | {""count"": 10} | {""c"
9999952_00000_d_0000033,L1_随便给,1,0,9,1,1,0,"{""count"": 0} | {""count"": 0} | {""count"": 0} | {""count"": 0} | {""count"": 0} | {""cou"
9999952_00000_d_0000033,L4_中性,1,0,9,1,1,0,"{""count"": 0} | {""count"": 0} | {""count"": 0} | {""count"": 0} | {""count"": 0} | {""cou"
9999952_00000_d_0000050,L4_中性,2,11,9,1,0,0,"{""count"": 0} | {""count"": 0} | {""count"": 0} | {""count"": 0} | {""count"": 0} | {""cou"
9999947_00000_d_0000026,L4_中性,57,83,9,1,0,0,"{""count"": 2} | {""count"": 22} | {""count"": 15} | {""count"": 4} | {""count"": 20} | {"""
9999947_00000_d_0000026,L1_随便给,57,82,9,1,0,0,"{""count"": 2} | {""count"": 20} | {""count"": 15} | {""count"": 4} | {""count"": 20} | {"""
9999947_00000_d_0000020,L1_随便给,94,90,9,1,0,0,"{""count"": 5} | {""count"": 2} | {""count"": 0} | {""count"": 20} | {""count"": 5} | {""co"
9999952_00000_d_0000017,L1_随便给,1,1,9,1,0,0,"{""count"": 0} | {""count"": 0} | {""count"": 0} | {""count"": 0} | {""count"": 0} | {""cou"
9999952_00000_d_0000017,L4_中性,1,0,9,1,1,0,"{""count"": 0} | {""count"": 0} | {""count"": 0} | {""count"": 0} | {""count"": 0} | {""cou"
9999952_00000_d_0000050,L1_随便给,2,11,9,1,0,0,"{""count"": 0} | {""count"": 0} | {""count"": 0} | {""count"": 0} | {""count"": 0} | {""cou"
9999947_00000_d_0000014,L4_中性,57,37,9,1,0,0,"{""count"": 0} | {""count"": 0} | {""count"": 18} | {""count"": 0} | {""count"": 0} | {""co"
9999952_00000_d_0000002,L1_随便给,15,10,9,1,0,0,"{""count"": 0} | {""count"": 0} | {""count"": 0} | {""count"": 0} | {""count"": 0} | {""cou"
9999947_00000_d_0000020,L4_中性,94,58,9,1,0,0,"{""count"": 0} | {""count"": 0} | {""count"": 0} | {""count"": 10} | {""count"": 5} | {""co"
9999947_00000_d_0000021,L4_中性,97,42,9,1,0,0,"{""count"": 0} | {""count"": 0} | {""count"": 2} | {""count"": 0} | {""count"": 0} | {""cou"
9999947_00000_d_0000021,L1_随便给,97,90,9,1,0,0,"{""count"": 0} | {""count"": 10} | {""count"": 5} | {""count"": 0} | {""count"": 30} | {""c"
9999952_00000_d_0000051,L4_中性,3,1,9,1,0,0,"{""count"": 0} | {""count"": 0} | {""count"": 0} | {""count"": 0} | {""count"": 0} | {""cou"
9999952_00000_d_0000051,L1_随便给,3,1,9,1,0,0,"{""count"": 0} | {""count"": 0} | {""count"": 0} | {""count"": 0} | {""count"": 0} | {""cou"
9999952_00000_d_0000064,L1_随便给,1,1,9,1,0,0,"{""count"": 0} | {""count"": 0} | {""count"": 1} | {""count"": 0} | {""count"": 0} | {""cou"
9999952_00000_d_0000056,L4_中性,1,0,9,1,1,0,"{""count"": 0} | {""count"": 0} | {""count"": 0} | {""count"": 0} | {""count"": 0} | {""cou"
9999952_00000_d_0000079,L4_中性,1,0,9,1,1,0,"{""count"": 0} | {""count"": 0} | {""count"": 0} | {""count"": 0} | {""count"": 0} | {""cou"
9999952_00000_d_0000079,L1_随便给,1,0,9,1,1,0,"{""count"": 0} | {""count"": 0} | {""count"": 0} | {""count"": 0} | {""count"": 0} | {""cou"
9999952_00000_d_0000069,L4_中性,1,0,9,1,1,0,"{""count"": 0} | {""count"": 0} | {""count"": 0} | {""count"": 0} | {""count"": 0} | {""cou"
9999952_00000_d_0000073,L4_中性,2,0,9,1,1,0,"{""count"": 0} | {""count"": 0} | {""count"": 0} | {""count"": 0} | {""count"": 0} | {""cou"
9999952_00000_d_0000104,L4_中性,1,0,9,1,1,0,"{""count"": 0} | {""count"": 0} | {""count"": 0} | {""count"": 0} | {""count"": 0} | {""cou"
9999952_00000_d_0000069,L1_随便给,1,0,9,1,1,0,"{""count"": 0} | {""count"": 0} | {""count"": 0} | {""count"": 0} | {""count"": 0} | {""cou"
9999952_00000_d_0000080,L4_中性,1,0,9,1,1,0,"{""count"": 0} | {""count"": 0} | {""count"": 0} | {""count"": 0} | {""count"": 0} | {""cou"
9999952_00000_d_0000073,L1_随便给,2,0,9,1,1,0,"{""count"": 0} | {""count"": 0} | {""count"": 0} | {""count"": 0} | {""count"": 0} | {""cou"
9999952_00000_d_0000072,L4_中性,9,5,9,1,0,0,"{""count"": 0} | {""count"": 0} | {""count"": 0} | {""count"": 0} | {""count"": 0} | {""cou"
9999952_00000_d_0000072,L1_随便给,9,12,9,1,0,0,"{""count"": 0} | {""count"": 0} | {""count"": 0} | {""count"": 0} | {""count"": 0} | {""cou"
9999952_00000_d_0000104,L1_随便给,1,5,9,1,0,0,"{""count"": 0} | {""count"": 0} | {""count"": 0} | {""count"": 0} | {""count"": 0} | {""cou"
9999952_00000_d_0000064,L4_中性,1,0,9,1,1,0,"{""count"": 0} | {""count"": 0} | {""count"": 0} | {""count"": 0} | {""count"": 0} | {""cou"
9999952_00000_d_0000056,L1_随便给,1,0,9,1,1,0,"{""count"": 0} | {""count"": 0} | {""count"": 0} | {""count"": 0} | {""count"": 0} | {""cou"
9999952_00000_d_0000080,L1_随便给,1,0,9,1,1,0,"{""count"": 0} | {""count"": 0} | {""count"": 0} | {""count"": 0} | {""count"": 0} | {""cou"
9999952_00000_d_0000092,L4_中性,1,0,9,1,1,0,"{""count"": 0} | {""count"": 0} | {""count"": 0} | {""count"": 0} | {""count"": 0} | {""cou"
9999952_00000_d_0000101,L4_中性,8,0,9,1,1,0,"{""count"": 0} | {""count"": 0} | {""count"": 0} | {""count"": 0} | {""count"": 0} | {""cou"
9999952_00000_d_0000112,L4_中性,8,2,9,1,0,0,"{""count"": 0} | {""count"": 0} | {""count"": 2} | {""count"": 0} | {""count"": 0} | {""cou"
9999952_00000_d_0000101,L1_随便给,8,1,9,1,0,0,"{""count"": 0} | {""count"": 0} | {""count"": 0} | {""count"": 0} | {""count"": 1} | {""cou"
9999952_00000_d_0000116,L4_中性,2,0,9,1,1,0,"{""count"": 0} | {""count"": 0} | {""count"": 0} | {""count"": 0} | {""count"": 0} | {""cou"
9999952_00000_d_0000068,L1_随便给,1,0,9,1,1,0,"{""count"": 0} | {""count"": 0} | {""count"": 0} | {""count"": 0} | {""count"": 0} | {""cou"
9999952_00000_d_0000117,L4_中性,1,0,9,1,1,0,"{""count"": 0} | {""count"": 0} | {""count"": 0} | {""count"": 0} | {""count"": 0} | {""cou"
9999952_00000_d_0000068,L4_中性,1,0,9,1,1,0,"{""count"": 0} | {""count"": 0} | {""count"": 0} | {""count"": 0} | {""count"": 0} | {""cou"
9999952_00000_d_0000103,L1_随便给,26,12,9,1,0,0,"{""count"": 0} | {""count"": 2} | {""count"": 0} | {""count"": 0} | {""count"": 5} | {""cou"
9999952_00000_d_0000103,L4_中性,26,0,9,1,1,0,"{""count"": 0} | {""count"": 0} | {""count"": 0} | {""count"": 0} | {""count"": 0} | {""cou"
9999952_00000_d_0000092,L1_随便给,1,0,9,1,1,0,"{""count"": 0} | {""count"": 0} | {""count"": 0} | {""count"": 0} | {""count"": 0} | {""cou"
9999952_00000_d_0000117,L1_随便给,1,0,9,1,1,0,"{""count"": 0} | {""count"": 0} | {""count"": 0} | {""count"": 0} | {""count"": 0} | {""cou"
9999952_00000_d_0000112,L1_随便给,8,2,9,1,0,0,"{""count"": 0} | {""count"": 0} | {""count"": 2} | {""count"": 0} | {""count"": 0} | {""cou"
9999952_00000_d_0000116,L1_随便给,2,0,9,1,1,0,"{""count"": 0} | {""count"": 0} | {""count"": 0} | {""count"": 0} | {""count"": 0} | {""cou"
9999952_00000_d_0000118,L1_随便给,3,0,9,1,1,0,"{""count"": 0} | {""count"": 0} | {""count"": 0} | {""count"": 0} | {""count"": 0} | {""cou"
9999952_00000_d_0000118,L4_中性,3,0,9,1,1,0,"{""count"": 0} | {""count"": 0} | {""count"": 0} | {""count"": 0} | {""count"": 0} | {""cou"
9999952_00000_d_0000119,L1_随便给,3,0,9,1,1,0,"{""count"": 0} | {""count"": 0} | {""count"": 0} | {""count"": 0} | {""count"": 0} | {""cou"
9999952_00000_d_0000121,L1_随便给,2,0,9,1,1,0,"{""count"": 0} | {""count"": 0} | {""count"": 0} | {""count"": 0} | {""count"": 0} | {""cou"
9999952_00000_d_0000121,L4_中性,2,0,9,1,1,0,"{""count"": 0} | {""count"": 0} | {""count"": 0} | {""count"": 0} | {""count"": 0} | {""cou"
9999952_00000_d_0000132,L4_中性,2,0,9,1,1,0,"{""count"": 0} | {""count"": 0} | {""count"": 0} | {""count"": 0} | {""count"": 0} | {""cou"
9999952_00000_d_0000119,L4_中性,3,0,9,1,1,0,"{""count"": 0} | {""count"": 0} | {""count"": 0} | {""count"": 0} | {""count"": 0} | {""cou"
9999952_00000_d_0000148,L4_中性,2,0,9,1,1,0,"{""count"": 0} | {""count"": 0} | {""count"": 0} | {""count"": 0} | {""count"": 0} | {""cou"
9999952_00000_d_0000141,L4_中性,7,0,9,1,1,0,"{""count"": 0} | {""count"": 0} | {""count"": 0} | {""count"": 0} | {""count"": 0} | {""cou"
9999952_00000_d_0000135,L1_随便给,4,3,9,1,0,0,"{""count"": 0} | {""count"": 0} | {""count"": 0} | {""count"": 0} | {""count"": 0} | {""cou"
9999952_00000_d_0000149,L4_中性,3,0,9,1,1,0,"{""count"": 0} | {""count"": 0} | {""count"": 0} | {""count"": 0} | {""count"": 0} | {""cou"
9999952_00000_d_0000132,L1_随便给,2,2,9,1,0,0,"{""count"": 0} | {""count"": 0} | {""count"": 0} | {""count"": 0} | {""count"": 0} | {""cou"
9999952_00000_d_0000142,L1_随便给,2,2,9,1,0,0,"{""count"": 2} | {""count"": 0} | {""count"": 0} | {""count"": 0} | {""count"": 0} | {""cou"
9999952_00000_d_0000149,L1_随便给,3,0,9,1,1,0,"{""count"": 0} | {""count"": 0} | {""count"": 0} | {""count"": 0} | {""count"": 0} | {""cou"
9999952_00000_d_0000135,L4_中性,4,1,9,1,0,0,"{""count"": 0} | {""count"": 0} | {""count"": 0} | {""count"": 0} | {""count"": 0} | {""cou"
9999952_00000_d_0000142,L4_中性,2,0,9,1,1,0,"{""count"": 0} | {""count"": 0} | {""count"": 0} | {""count"": 0} | {""count"": 0} | {""cou"
9999952_00000_d_0000148,L1_随便给,2,0,9,1,1,0,"{""count"": 0} | {""count"": 0} | {""count"": 0} | {""count"": 0} | {""count"": 0} | {""cou"
9999952_00000_d_0000141,L1_随便给,7,2,9,1,0,0,"{""count"": 0} | {""count"": 0} | {""count"": 0} | {""count"": 2} | {""count"": 0} | {""cou"
9999952_00000_d_0000197,L4_中性,4,0,9,1,1,0,"{""count"": 0} | {""count"": 0} | {""count"": 0} | {""count"": 0} | {""count"": 0} | {""cou"
9999952_00000_d_0000197,L1_随便给,4,2,9,1,0,0,"{""count"": 0} | {""count"": 0} | {""count"": 0} | {""count"": 0} | {""count"": 2} | {""cou"
9999952_00000_d_0000161,L4_中性,3,0,9,1,1,0,"{""count"": 0} | {""count"": 0} | {""count"": 0} | {""count"": 0} | {""count"": 0} | {""cou"
9999952_00000_d_0000161,L1_随便给,3,2,9,1,0,0,"{""count"": 2} | {""count"": 0} | {""count"": 0} | {""count"": 0} | {""count"": 0} | {""cou"
9999952_00000_d_0000151,L4_中性,1,0,9,1,1,0,"{""count"": 0} | {""count"": 0} | {""count"": 0} | {""count"": 0} | {""count"": 0} | {""cou"
9999952_00000_d_0000162,L1_随便给,1,0,9,1,1,0,"{""count"": 0} | {""count"": 0} | {""count"": 0} | {""count"": 0} | {""count"": 0} | {""cou"
9999952_00000_d_0000162,L4_中性,1,0,9,1,1,0,"{""count"": 0} | {""count"": 0} | {""count"": 0} | {""count"": 0} | {""count"": 0} | {""cou"
9999952_00000_d_0000177,L4_中性,1,0,9,1,1,0,"{""count"": 0} | {""count"": 0} | {""count"": 0} | {""count"": 0} | {""count"": 0} | {""cou"
9999952_00000_d_0000193,L1_随便给,6,0,9,1,1,0,"{""count"": 0} | {""count"": 0} | {""count"": 0} | {""count"": 0} | {""count"": 0} | {""cou"
9999952_00000_d_0000177,L1_随便给,1,0,9,1,1,0,"{""count"": 0} | {""count"": 0} | {""count"": 0} | {""count"": 0} | {""count"": 0} | {""cou"
9999952_00000_d_0000168,L4_中性,7,0,9,1,1,0,"{""count"": 0} | {""count"": 0} | {""count"": 0} | {""count"": 0} | {""count"": 0} | {""cou"
9999952_00000_d_0000193,L4_中性,6,0,9,1,1,0,"{""count"": 0} | {""count"": 0} | {""count"": 0} | {""count"": 0} | {""count"": 0} | {""cou"
9999952_00000_d_0000151,L1_随便给,1,0,9,1,1,0,"{""count"": 0} | {""count"": 0} | {""count"": 0} | {""count"": 0} | {""count"": 0} | {""cou"
9999952_00000_d_0000168,L1_随便给,7,102,9,1,0,0,"{""count"": 0} | {""count"": 2} | {""count"": 0} | {""count"": 0} | {""count"": 0} | {""cou"
9999952_00000_d_0000214,L4_中性,9,0,9,1,1,0,"{""count"": 0} | {""count"": 0} | {""count"": 0} | {""count"": 0} | {""count"": 0} | {""cou"
9999952_00000_d_0000214,L1_随便给,9,0,9,1,1,0,"{""count"": 0} | {""count"": 0} | {""count"": 0} | {""count"": 0} | {""count"": 0} | {""cou"
9999952_00000_d_0000216,L1_随便给,1,0,9,1,1,0,"{""count"": 0} | {""count"": 0} | {""count"": 0} | {""count"": 0} | {""count"": 0} | {""cou"
9999952_00000_d_0000216,L4_中性,1,0,9,1,1,0,"{""count"": 0} | {""count"": 0} | {""count"": 0} | {""count"": 0} | {""count"": 0} | {""cou"
9999952_00000_d_0000217,L4_中性,7,0,9,1,1,0,"{""count"": 0} | {""count"": 0} | {""count"": 0} | {""count"": 0} | {""count"": 0} | {""cou"
9999952_00000_d_0000251,L1_随便给,4,0,9,1,1,0,"{""count"": 0} | {""count"": 0} | {""count"": 0} | {""count"": 0} | {""count"": 0} | {""cou"
9999952_00000_d_0000229,L1_随便给,2,0,9,1,1,0,"{""count"": 0} | {""count"": 0} | {""count"": 0} | {""count"": 0} | {""count"": 0} | {""cou"
9999952_00000_d_0000238,L1_随便给,3,0,9,1,1,0,"{""count"": 0} | {""count"": 0} | {""count"": 0} | {""count"": 0} | {""count"": 0} | {""cou"
9999952_00000_d_0000233,L4_中性,3,0,9,1,1,0,"{""count"": 0} | {""count"": 0} | {""count"": 0} | {""count"": 0} | {""count"": 0} | {""cou"
9999952_00000_d_0000223,L1_随便给,2,1,9,1,0,0,"{""count"": 0} | {""count"": 0} | {""count"": 0} | {""count"": 0} | {""count"": 0} | {""cou"
9999952_00000_d_0000217,L1_随便给,7,5,9,1,0,0,"{""count"": 0} | {""count"": 0} | {""count"": 0} | {""count"": 0} | {""count"": 0} | {""cou"
9999952_00000_d_0000233,L1_随便给,3,0,9,1,1,0,"{""count"": 0} | {""count"": 0} | {""count"": 0} | {""count"": 0} | {""count"": 0} | {""cou"
9999952_00000_d_0000218,L1_随便给,1,0,9,1,1,0,"{""count"": 0} | {""count"": 0} | {""count"": 0} | {""count"": 0} | {""count"": 0} | {""cou"
9999952_00000_d_0000251,L4_中性,4,0,9,1,1,0,"{""count"": 0} | {""count"": 0} | {""count"": 0} | {""count"": 0} | {""count"": 0} | {""cou"
9999952_00000_d_0000218,L4_中性,1,0,9,1,1,0,"{""count"": 0} | {""count"": 0} | {""count"": 0} | {""count"": 0} | {""count"": 0} | {""cou"
9999952_00000_d_0000258,L1_随便给,4,0,9,1,1,0,"{""count"": 0} | {""count"": 0} | {""count"": 0} | {""count"": 0} | {""count"": 0} | {""cou"
9999952_00000_d_0000223,L4_中性,2,0,9,1,1,0,"{""count"": 0} | {""count"": 0} | {""count"": 0} | {""count"": 0} | {""count"": 0} | {""cou"
9999952_00000_d_0000238,L4_中性,3,0,9,1,1,0,"{""count"": 0} | {""count"": 0} | {""count"": 0} | {""count"": 0} | {""count"": 0} | {""cou"
9999952_00000_d_0000229,L4_中性,2,0,9,1,1,0,"{""count"": 0} | {""count"": 0} | {""count"": 0} | {""count"": 0} | {""count"": 0} | {""cou"
9999952_00000_d_0000258,L4_中性,4,0,9,1,1,0,"{""count"": 0} | {""count"": 0} | {""count"": 0} | {""count"": 0} | {""count"": 0} | {""cou"
9999952_00000_d_0000274,L4_中性,2,0,9,1,1,0,"{""count"": 0} | {""count"": 0} | {""count"": 0} | {""count"": 0} | {""count"": 0} | {""cou"
9999952_00000_d_0000284,L4_中性,6,0,9,1,1,0,"{""count"": 0} | {""count"": 0} | {""count"": 0} | {""count"": 0} | {""count"": 0} | {""cou"
9999952_00000_d_0000276,L4_中性,3,0,9,1,1,0,"{""count"": 0} | {""count"": 0} | {""count"": 0} | {""count"": 0} | {""count"": 0} | {""cou"
9999952_00000_d_0000274,L1_随便给,2,0,9,1,1,0,"{""count"": 0} | {""count"": 0} | {""count"": 0} | {""count"": 0} | {""count"": 0} | {""cou"
9999952_00000_d_0000256,L4_中性,5,0,9,1,1,0,"{""count"": 0} | {""count"": 0} | {""count"": 0} | {""count"": 0} | {""count"": 0} | {""cou"
9999952_00000_d_0000256,L1_随便给,5,0,9,1,1,0,"{""count"": 0} | {""count"": 0} | {""count"": 0} | {""count"": 0} | {""count"": 0} | {""cou"
9999952_00000_d_0000276,L1_随便给,3,0,9,1,1,0,"{""count"": 0} | {""count"": 0} | {""count"": 0} | {""count"": 0} | {""count"": 0} | {""cou"
9999952_00000_d_0000264,L4_中性,4,0,9,1,1,0,"{""count"": 0} | {""count"": 0} | {""count"": 0} | {""count"": 0} | {""count"": 0} | {""cou"
9999952_00000_d_0000270,L4_中性,7,0,9,1,1,0,"{""count"": 0} | {""count"": 0} | {""count"": 0} | {""count"": 0} | {""count"": 0} | {""cou"
9999952_00000_d_0000264,L1_随便给,4,0,9,1,1,0,"{""count"": 0} | {""count"": 0} | {""count"": 0} | {""count"": 0} | {""count"": 0} | {""cou"
9999952_00000_d_0000284,L1_随便给,6,8,9,1,0,0,"{""count"": 0} | {""count"": 0} | {""count"": 3} | {""count"": 0} | {""count"": 0} | {""cou"
9999952_00000_d_0000270,L1_随便给,7,3,9,1,0,0,"{""count"": 0} | {""count"": 0} | {""count"": 0} | {""count"": 0} | {""count"": 0} | {""cou"
9999952_00000_d_0000289,L1_随便给,1,0,9,1,1,0,"{""count"": 0} | {""count"": 0} | {""count"": 0} | {""count"": 0} | {""count"": 0} | {""cou"
9999952_00000_d_0000289,L4_中性,1,0,9,1,1,0,"{""count"": 0} | {""count"": 0} | {""count"": 0} | {""count"": 0} | {""count"": 0} | {""cou"
9999952_00000_d_0000296,L4_中性,4,0,9,1,1,0,"{""count"": 0} | {""count"": 0} | {""count"": 0} | {""count"": 0} | {""count"": 0} | {""cou"
9999952_00000_d_0000296,L1_随便给,4,1,9,1,0,0,"{""count"": 0} | {""count"": 0} | {""count"": 0} | {""count"": 0} | {""count"": 0} | {""cou"
9999952_00000_d_0000303,L4_中性,2,0,9,1,1,0,"{""count"": 0} | {""count"": 0} | {""count"": 0} | {""count"": 0} | {""count"": 0} | {""cou"
9999952_00000_d_0000303,L1_随便给,2,0,9,1,1,0,"{""count"": 0} | {""count"": 0} | {""count"": 0} | {""count"": 0} | {""count"": 0} | {""cou"
9999952_00000_d_0000308,L1_随便给,3,0,9,1,1,0,"{""count"": 0} | {""count"": 0} | {""count"": 0} | {""count"": 0} | {""count"": 0} | {""cou"
9999952_00000_d_0000308,L4_中性,3,0,9,1,1,0,"{""count"": 0} | {""count"": 0} | {""count"": 0} | {""count"": 0} | {""count"": 0} | {""cou"
9999952_00000_d_0000312,L4_中性,3,3,9,1,0,0,"{""count"": 0} | {""count"": 0} | {""count"": 0} | {""count"": 0} | {""count"": 0} | {""cou"
9999952_00000_d_0000318,L4_中性,3,0,9,1,1,0,"{""count"": 0} | {""count"": 0} | {""count"": 0} | {""count"": 0} | {""count"": 0} | {""cou"
9999952_00000_d_0000312,L1_随便给,3,5,9,1,0,0,"{""count"": 0} | {""count"": 0} | {""count"": 0} | {""count"": 0} | {""count"": 1} | {""cou"
9999952_00000_d_0000322,L4_中性,16,10,9,1,0,0,"{""count"": 0} | {""count"": 0} | {""count"": 0} | {""count"": 0} | {""count"": 0} | {""cou"
9999952_00000_d_0000317,L4_中性,3,0,9,1,1,0,"{""count"": 0} | {""count"": 0} | {""count"": 0} | {""count"": 0} | {""count"": 0} | {""cou"
9999952_00000_d_0000325,L4_中性,6,6,9,1,0,0,"{""count"": 2} | {""count"": 0} | {""count"": 0} | {""count"": 2} | {""count"": 0} | {""cou"
9999952_00000_d_0000325,L1_随便给,6,11,9,1,0,0,"{""count"": 2} | {""count"": 2} | {""count"": 0} | {""count"": 2} | {""count"": 3} | {""cou"
9999952_00000_d_0000317,L1_随便给,3,0,9,1,1,0,"{""count"": 0} | {""count"": 0} | {""count"": 0} | {""count"": 0} | {""count"": 0} | {""cou"
9999952_00000_d_0000318,L1_随便给,3,3,9,1,0,0,"{""count"": 0} | {""count"": 0} | {""count"": 0} | {""count"": 2} | {""count"": 1} | {""cou"
9999952_00000_d_0000323,L4_中性,6,3,9,1,0,0,"{""count"": 0} | {""count"": 0} | {""count"": 0} | {""count"": 2} | {""count"": 0} | {""cou"
9999952_00000_d_0000323,L1_随便给,6,3,9,1,0,0,"{""count"": 0} | {""count"": 0} | {""count"": 0} | {""count"": 2} | {""count"": 0} | {""cou"
9999963_00000_d_0000001,L1_随便给,5,7,9,1,0,0,"{""count"": 0} | {""count"": 0} | {""count"": 0} | {""count"": 2} | {""count"": 0} | {""cou"
9999952_00000_d_0000322,L1_随便给,16,20,9,1,0,0,"{""count"": 0} | {""count"": 0} | {""count"": 0} | {""count"": 0} | {""count"": 5} | {""cou"
9999963_00000_d_0000001,L4_中性,5,7,9,1,0,0,"{""count"": 0} | {""count"": 0} | {""count"": 0} | {""count"": 2} | {""count"": 0} | {""cou"
9999952_00000_d_0000343,L4_中性,8,1,9,1,0,0,"{""count"": 0} | {""count"": 1} | {""count"": 0} | {""count"": 0} | {""count"": 0} | {""cou"
9999952_00000_d_0000343,L1_随便给,8,3,9,1,0,0,"{""count"": 0} | {""count"": 1} | {""count"": 0} | {""count"": 0} | {""count"": 2} | {""cou"
9999952_00000_d_0000332,L4_中性,14,0,9,1,1,0,"{""count"": 0} | {""count"": 0} | {""count"": 0} | {""count"": 0} | {""count"": 0} | {""cou"
9999952_00000_d_0000344,L4_中性,8,6,9,1,0,0,"{""count"": 0} | {""count"": 0} | {""count"": 0} | {""count"": 0} | {""count"": 6} | {""cou"
9999952_00000_d_0000332,L1_随便给,14,10,9,1,0,0,"{""count"": 0} | {""count"": 0} | {""count"": 0} | {""count"": 5} | {""count"": 5} | {""cou"
9999952_00000_d_0000333,L4_中性,17,4,9,1,0,0,"{""count"": 0} | {""count"": 1} | {""count"": 0} | {""count"": 0} | {""count"": 3} | {""cou"
9999952_00000_d_0000341,L4_中性,19,0,9,1,1,0,"{""count"": 0} | {""count"": 0} | {""count"": 0} | {""count"": 0} | {""count"": 0} | {""cou"
9999952_00000_d_0000344,L1_随便给,8,7,9,1,0,0,"{""count"": 0} | {""count"": 0} | {""count"": 0} | {""count"": 0} | {""count"": 6} | {""cou"
9999952_00000_d_0000333,L1_随便给,17,5,9,1,0,0,"{""count"": 0} | {""count"": 1} | {""count"": 0} | {""count"": 0} | {""count"": 3} | {""cou"
9999952_00000_d_0000341,L1_随便给,19,22,9,1,0,0,"{""count"": 0} | {""count"": 0} | {""count"": 0} | {""count"": 10} | {""count"": 2} | {""co"
9999963_00000_d_0000004,L4_中性,3,2,9,1,0,0,"{""count"": 0} | {""count"": 0} | {""count"": 1} | {""count"": 0} | {""count"": 0} | {""cou"
9999963_00000_d_0000004,L1_随便给,3,3,9,1,0,0,"{""count"": 0} | {""count"": 0} | {""count"": 1} | {""count"": 0} | {""count"": 0} | {""cou"
9999963_00000_d_0000006,L1_随便给,26,25,9,1,0,0,"{""count"": 2} | {""count"": 3} | {""count"": 0} | {""count"": 10} | {""count"": 1} | {""co"
9999963_00000_d_0000006,L4_中性,26,26,9,1,0,0,"{""count"": 2} | {""count"": 4} | {""count"": 0} | {""count"": 10} | {""count"": 1} | {""co"
9999963_00000_d_0000007,L1_随便给,20,31,9,1,0,0,"{""count"": 5} | {""count"": 0} | {""count"": 0} | {""count"": 8} | {""count"": 5} | {""cou"
9999963_00000_d_0000029,L1_随便给,5,7,9,1,0,0,"{""count"": 2} | {""count"": 0} | {""count"": 0} | {""count"": 3} | {""count"": 2} | {""cou"
9999963_00000_d_0000013,L1_随便给,18,24,9,1,0,0,"{""count"": 8} | {""count"": 2} | {""count"": 0} | {""count"": 3} | {""count"": 0} | {""cou"
9999963_00000_d_0000034,L4_中性,7,3,9,1,0,0,"{""count"": 2} | {""count"": 1} | {""count"": 0} | {""count"": 0} | {""count"": 0} | {""cou"
9999963_00000_d_0000007,L4_中性,20,32,9,1,0,0,"{""count"": 6} | {""count"": 0} | {""count"": 0} | {""count"": 9} | {""count"": 5} | {""cou"
9999963_00000_d_0000023,L4_中性,18,18,9,1,0,0,"{""count"": 2} | {""count"": 5} | {""count"": 1} | {""count"": 3} | {""count"": 4} | {""cou"
9999963_00000_d_0000010,L4_中性,22,17,9,1,0,0,"{""count"": 5} | {""count"": 5} | {""count"": 0} | {""count"": 0} | {""count"": 2} | {""cou"
9999963_00000_d_0000029,L4_中性,5,5,9,1,0,0,"{""count"": 1} | {""count"": 0} | {""count"": 0} | {""count"": 2} | {""count"": 2} | {""cou"
9999963_00000_d_0000023,L1_随便给,18,18,9,1,0,0,"{""count"": 2} | {""count"": 5} | {""count"": 1} | {""count"": 3} | {""count"": 4} | {""cou"
9999963_00000_d_0000011,L1_随便给,20,36,9,1,0,0,"{""count"": 4} | {""count"": 6} | {""count"": 3} | {""count"": 5} | {""count"": 8} | {""cou"
9999963_00000_d_0000011,L4_中性,20,36,9,1,0,0,"{""count"": 4} | {""count"": 7} | {""count"": 2} | {""count"": 6} | {""count"": 10} | {""co"
9999963_00000_d_0000010,L1_随便给,22,21,9,1,0,0,"{""count"": 5} | {""count"": 5} | {""count"": 0} | {""count"": 2} | {""count"": 3} | {""cou"
9999963_00000_d_0000013,L4_中性,18,24,9,1,0,0,"{""count"": 8} | {""count"": 2} | {""count"": 0} | {""count"": 4} | {""count"": 0} | {""cou"
9999963_00000_d_0000034,L1_随便给,7,5,9,1,0,0,"{""count"": 2} | {""count"": 1} | {""count"": 0} | {""count"": 0} | {""count"": 0} | {""cou"
9999963_00000_d_0000020,L4_中性,3,11,9,1,0,0,"{""count"": 0} | {""count"": 1} | {""count"": 0} | {""count"": 0} | {""count"": 0} | {""cou"
9999963_00000_d_0000030,L4_中性,5,6,9,1,0,0,"{""count"": 0} | {""count"": 1} | {""count"": 0} | {""count"": 3} | {""count"": 0} | {""cou"
9999963_00000_d_0000020,L1_随便给,3,21,9,1,0,0,"{""count"": 3} | {""count"": 2} | {""count"": 1} | {""count"": 0} | {""count"": 0} | {""cou"
9999963_00000_d_0000039,L1_随便给,17,15,9,1,0,0,"{""count"": 0} | {""count"": 2} | {""count"": 0} | {""count"": 0} | {""count"": 0} | {""cou"
9999963_00000_d_0000030,L1_随便给,5,9,9,1,0,0,"{""count"": 1} | {""count"": 1} | {""count"": 0} | {""count"": 3} | {""count"": 1} | {""cou"
9999963_00000_d_0000016,L1_随便给,3,9,9,1,0,0,"{""count"": 3} | {""count"": 0} | {""count"": 0} | {""count"": 2} | {""count"": 0} | {""cou"
9999963_00000_d_0000035,L4_中性,21,21,9,1,0,0,"{""count"": 0} | {""count"": 0} | {""count"": 1} | {""count"": 10} | {""count"": 0} | {""co"
9999963_00000_d_0000016,L4_中性,3,6,9,1,0,0,"{""count"": 0} | {""count"": 0} | {""count"": 0} | {""count"": 3} | {""count"": 0} | {""cou"
9999963_00000_d_0000025,L4_中性,20,16,9,1,0,0,"{""count"": 3} | {""count"": 0} | {""count"": 1} | {""count"": 5} | {""count"": 0} | {""cou"
9999963_00000_d_0000025,L1_随便给,20,18,9,1,0,0,"{""count"": 3} | {""count"": 1} | {""count"": 1} | {""count"": 5} | {""count"": 0} | {""cou"
9999963_00000_d_0000035,L1_随便给,21,21,9,1,0,0,"{""count"": 0} | {""count"": 0} | {""count"": 1} | {""count"": 10} | {""count"": 0} | {""co"
9999963_00000_d_0000036,L1_随便给,43,44,9,1,0,0,"{""count"": 3} | {""count"": 0} | {""count"": 0} | {""count"": 20} | {""count"": 0} | {""co"
9999963_00000_d_0000039,L4_中性,17,13,9,1,0,0,"{""count"": 0} | {""count"": 2} | {""count"": 0} | {""count"": 0} | {""count"": 0} | {""cou"
9999963_00000_d_0000036,L4_中性,43,40,9,1,0,0,"{""count"": 2} | {""count"": 0} | {""count"": 0} | {""count"": 18} | {""count"": 0} | {""co"
9999963_00000_d_0000040,L4_中性,27,34,9,1,0,0,"{""count"": 2} | {""count"": 3} | {""count"": 5} | {""count"": 8} | {""count"": 5} | {""cou"
9999963_00000_d_0000040,L1_随便给,27,36,9,1,0,0,"{""count"": 3} | {""count"": 3} | {""count"": 5} | {""count"": 8} | {""count"": 5} | {""cou"
9999963_00000_d_0000042,L1_随便给,8,16,9,1,0,0,"{""count"": 0} | {""count"": 0} | {""count"": 0} | {""count"": 5} | {""count"": 2} | {""cou"
9999963_00000_d_0000042,L4_中性,8,14,9,1,0,0,"{""count"": 0} | {""count"": 0} | {""count"": 0} | {""count"": 5} | {""count"": 2} | {""cou"
9999963_00000_d_0000049,L1_随便给,3,0,9,1,1,0,"{""count"": 0} | {""count"": 0} | {""count"": 0} | {""count"": 0} | {""count"": 0} | {""cou"
9999963_00000_d_0000043,L1_随便给,7,6,9,1,0,0,"{""count"": 0} | {""count"": 1} | {""count"": 0} | {""count"": 0} | {""count"": 1} | {""cou"
9999963_00000_d_0000049,L4_中性,3,0,9,1,1,0,"{""count"": 0} | {""count"": 0} | {""count"": 0} | {""count"": 0} | {""count"": 0} | {""cou"
9999963_00000_d_0000047,L1_随便给,16,17,9,1,0,0,"{""count"": 0} | {""count"": 2} | {""count"": 2} | {""count"": 3} | {""count"": 5} | {""cou"
9999963_00000_d_0000043,L4_中性,7,5,9,1,0,0,"{""count"": 0} | {""count"": 1} | {""count"": 0} | {""count"": 0} | {""count"": 1} | {""cou"
9999963_00000_d_0000060,L4_中性,5,4,9,1,0,0,"{""count"": 2} | {""count"": 0} | {""count"": 0} | {""count"": 1} | {""count"": 1} | {""cou"
9999963_00000_d_0000047,L4_中性,16,13,9,1,0,0,"{""count"": 0} | {""count"": 2} | {""count"": 1} | {""count"": 2} | {""count"": 5} | {""cou"
9999963_00000_d_0000061,L1_随便给,3,2,9,1,0,0,"{""count"": 0} | {""count"": 0} | {""count"": 0} | {""count"": 0} | {""count"": 0} | {""cou"
9999963_00000_d_0000064,L1_随便给,5,4,9,1,0,0,"{""count"": 3} | {""count"": 0} | {""count"": 0} | {""count"": 1} | {""count"": 0} | {""cou"
9999963_00000_d_0000064,L4_中性,5,4,9,1,0,0,"{""count"": 3} | {""count"": 0} | {""count"": 0} | {""count"": 1} | {""count"": 0} | {""cou"
9999963_00000_d_0000057,L1_随便给,5,2,9,1,0,0,"{""count"": 0} | {""count"": 0} | {""count"": 0} | {""count"": 0} | {""count"": 0} | {""cou"
9999963_00000_d_0000057,L4_中性,5,2,9,1,0,0,"{""count"": 0} | {""count"": 0} | {""count"": 0} | {""count"": 0} | {""count"": 0} | {""cou"
9999963_00000_d_0000061,L4_中性,3,2,9,1,0,0,"{""count"": 0} | {""count"": 0} | {""count"": 0} | {""count"": 0} | {""count"": 0} | {""cou"
9999963_00000_d_0000052,L1_随便给,29,19,9,1,0,0,"{""count"": 5} | {""count"": 3} | {""count"": 3} | {""count"": 3} | {""count"": 1} | {""cou"
9999963_00000_d_0000052,L4_中性,29,18,9,1,0,0,"{""count"": 5} | {""count"": 3} | {""count"": 3} | {""count"": 3} | {""count"": 1} | {""cou"
9999963_00000_d_0000060,L1_随便给,5,5,9,1,0,0,"{""count"": 2} | {""count"": 0} | {""count"": 1} | {""count"": 1} | {""count"": 1} | {""cou"
9999963_00000_d_0000067,L1_随便给,5,5,9,1,0,0,"{""count"": 0} | {""count"": 0} | {""count"": 0} | {""count"": 2} | {""count"": 0} | {""cou"
9999963_00000_d_0000071,L1_随便给,3,6,9,1,0,0,"{""count"": 0} | {""count"": 1} | {""count"": 0} | {""count"": 0} | {""count"": 0} | {""cou"
9999963_00000_d_0000070,L4_中性,4,4,9,1,0,0,"{""count"": 1} | {""count"": 0} | {""count"": 0} | {""count"": 0} | {""count"": 0} | {""cou"
9999963_00000_d_0000071,L4_中性,3,3,9,1,0,0,"{""count"": 0} | {""count"": 1} | {""count"": 0} | {""count"": 0} | {""count"": 0} | {""cou"
9999973_00000_d_0000001,L1_随便给,7,5,9,1,0,0,"{""count"": 0} | {""count"": 0} | {""count"": 3} | {""count"": 0} | {""count"": 0} | {""cou"
9999963_00000_d_0000067,L4_中性,5,5,9,1,0,0,"{""count"": 0} | {""count"": 0} | {""count"": 0} | {""count"": 2} | {""count"": 0} | {""cou"
9999973_00000_d_0000001,L4_中性,7,4,9,1,0,0,"{""count"": 0} | {""count"": 0} | {""count"": 2} | {""count"": 0} | {""count"": 0} | {""cou"
9999963_00000_d_0000070,L1_随便给,4,4,9,1,0,0,"{""count"": 1} | {""count"": 0} | {""count"": 0} | {""count"": 0} | {""count"": 0} | {""cou"
9999973_00000_d_0000005,L4_中性,8,0,9,1,1,0,"{""count"": 0} | {""count"": 0} | {""count"": 0} | {""count"": 0} | {""count"": 0} | {""cou"
9999973_00000_d_0000005,L1_随便给,8,1,9,1,0,0,"{""count"": 0} | {""count"": 0} | {""count"": 0} | {""count"": 0} | {""count"": 0} | {""cou"
9999973_00000_d_0000002,L1_随便给,3,3,9,1,0,0,"{""count"": 0} | {""count"": 0} | {""count"": 1} | {""count"": 0} | {""count"": 0} | {""cou"
9999973_00000_d_0000002,L4_中性,3,3,9,1,0,0,"{""count"": 0} | {""count"": 0} | {""count"": 1} | {""count"": 0} | {""count"": 0} | {""cou"
9999973_00000_d_0000011,L1_随便给,4,4,9,1,0,0,"{""count"": 1} | {""count"": 0} | {""count"": 3} | {""count"": 0} | {""count"": 0} | {""cou"
9999973_00000_d_0000011,L4_中性,4,4,9,1,0,0,"{""count"": 1} | {""count"": 0} | {""count"": 3} | {""count"": 0} | {""count"": 0} | {""cou"
9999973_00000_d_0000013,L1_随便给,12,22,9,1,0,0,"{""count"": 5} | {""count"": 1} | {""count"": 0} | {""count"": 5} | {""count"": 3} | {""cou"
9999973_00000_d_0000031,L1_随便给,1,6,9,1,0,0,"{""count"": 0} | {""count"": 0} | {""count"": 0} | {""count"": 0} | {""count"": 0} | {""cou"
9999973_00000_d_0000013,L4_中性,12,11,9,1,0,0,"{""count"": 4} | {""count"": 1} | {""count"": 0} | {""count"": 3} | {""count"": 3} | {""cou"
9999973_00000_d_0000014,L1_随便给,1,4,9,1,0,0,"{""count"": 0} | {""count"": 0} | {""count"": 2} | {""count"": 0} | {""count"": 0} | {""cou"
9999973_00000_d_0000031,L4_中性,1,0,9,1,1,0,"{""count"": 0} | {""count"": 0} | {""count"": 0} | {""count"": 0} | {""count"": 0} | {""cou"
9999973_00000_d_0000021,L4_中性,3,1,9,1,0,0,"{""count"": 0} | {""count"": 0} | {""count"": 0} | {""count"": 1} | {""count"": 0} | {""cou"
9999973_00000_d_0000014,L4_中性,1,2,9,1,0,0,"{""count"": 0} | {""count"": 0} | {""count"": 0} | {""count"": 0} | {""count"": 0} | {""cou"
9999973_00000_d_0000021,L1_随便给,3,2,9,1,0,0,"{""count"": 0} | {""count"": 0} | {""count"": 0} | {""count"": 1} | {""count"": 1} | {""cou"
9999973_00000_d_0000040,L1_随便给,6,2,9,1,0,0,"{""count"": 0} | {""count"": 0} | {""count"": 0} | {""count"": 0} | {""count"": 0} | {""cou"
9999973_00000_d_0000027,L4_中性,5,4,9,1,0,0,"{""count"": 0} | {""count"": 0} | {""count"": 2} | {""count"": 1} | {""count"": 1} | {""cou"
9999973_00000_d_0000027,L1_随便给,5,5,9,1,0,0,"{""count"": 0} | {""count"": 0} | {""count"": 2} | {""count"": 1} | {""count"": 2} | {""cou"
9999973_00000_d_0000040,L4_中性,6,0,9,1,1,0,"{""count"": 0} | {""count"": 0} | {""count"": 0} | {""count"": 0} | {""count"": 0} | {""cou"
9999973_00000_d_0000045,L4_中性,3,2,9,1,0,0,"{""count"": 0} | {""count"": 1} | {""count"": 0} | {""count"": 0} | {""count"": 0} | {""cou"
9999973_00000_d_0000044,L1_随便给,4,2,9,1,0,0,"{""count"": 0} | {""count"": 0} | {""count"": 1} | {""count"": 0} | {""count"": 0} | {""cou"
9999973_00000_d_0000045,L1_随便给,3,3,9,1,0,0,"{""count"": 0} | {""count"": 1} | {""count"": 0} | {""count"": 0} | {""count"": 1} | {""cou"
9999973_00000_d_0000044,L4_中性,4,1,9,1,0,0,"{""count"": 0} | {""count"": 0} | {""count"": 1} | {""count"": 0} | {""count"": 0} | {""cou"
9999973_00000_d_0000047,L4_中性,6,1,9,1,0,0,"{""count"": 0} | {""count"": 0} | {""count"": 0} | {""count"": 0} | {""count"": 1} | {""cou"
9999973_00000_d_0000068,L1_随便给,3,6,9,1,0,0,"{""count"": 0} | {""count"": 3} | {""count"": 0} | {""count"": 0} | {""count"": 0} | {""cou"
9999973_00000_d_0000060,L1_随便给,2,3,9,1,0,0,"{""count"": 0} | {""count"": 0} | {""count"": 0} | {""count"": 0} | {""count"": 0} | {""cou"
9999973_00000_d_0000050,L4_中性,14,3,9,1,0,0,"{""count"": 0} | {""count"": 0} | {""count"": 1} | {""count"": 0} | {""count"": 1} | {""cou"
9999973_00000_d_0000061,L4_中性,12,1,9,1,0,0,"{""count"": 0} | {""count"": 0} | {""count"": 0} | {""count"": 0} | {""count"": 0} | {""cou"
9999973_00000_d_0000047,L1_随便给,6,17,9,1,0,0,"{""count"": 10} | {""count"": 5} | {""count"": 0} | {""count"": 0} | {""count"": 2} | {""co"
9999973_00000_d_0000060,L4_中性,2,2,9,1,0,0,"{""count"": 0} | {""count"": 0} | {""count"": 0} | {""count"": 0} | {""count"": 0} | {""cou"
9999973_00000_d_0000068,L4_中性,3,4,9,1,0,0,"{""count"": 0} | {""count"": 3} | {""count"": 0} | {""count"": 0} | {""count"": 0} | {""cou"
9999973_00000_d_0000050,L1_随便给,14,10,9,1,0,0,"{""count"": 0} | {""count"": 0} | {""count"": 1} | {""count"": 0} | {""count"": 1} | {""cou"
9999973_00000_d_0000061,L1_随便给,12,8,9,1,0,0,"{""count"": 0} | {""count"": 5} | {""count"": 0} | {""count"": 0} | {""count"": 2} | {""cou"
9999973_00000_d_0000057,L4_中性,8,2,9,1,0,0,"{""count"": 0} | {""count"": 2} | {""count"": 0} | {""count"": 0} | {""count"": 0} | {""cou"
9999973_00000_d_0000057,L1_随便给,8,5,9,1,0,0,"{""count"": 0} | {""count"": 2} | {""count"": 0} | {""count"": 2} | {""count"": 0} | {""cou"
9999973_00000_d_0000067,L4_中性,6,6,9,1,0,0,"{""count"": 2} | {""count"": 0} | {""count"": 0} | {""count"": 0} | {""count"": 0} | {""cou"
9999973_00000_d_0000067,L1_随便给,6,10,9,1,0,0,"{""count"": 5} | {""count"": 0} | {""count"": 0} | {""count"": 0} | {""count"": 0} | {""cou"
9999973_00000_d_0000071,L1_随便给,2,8,9,1,0,0,"{""count"": 0} | {""count"": 2} | {""count"": 0} | {""count"": 0} | {""count"": 0} | {""cou"
9999973_00000_d_0000071,L4_中性,2,4,9,1,0,0,"{""count"": 0} | {""count"": 0} | {""count"": 0} | {""count"": 0} | {""count"": 0} | {""cou"
9999973_00000_d_0000072,L1_随便给,1,17,9,1,0,0,"{""count"": 0} | {""count"": 5} | {""count"": 0} | {""count"": 0} | {""count"": 10} | {""co"
9999973_00000_d_0000075,L4_中性,6,0,9,1,1,0,"{""count"": 0} | {""count"": 0} | {""count"": 0} | {""count"": 0} | {""count"": 0} | {""cou"
9999973_00000_d_0000081,L4_中性,5,2,9,1,0,0,"{""count"": 0} | {""count"": 0} | {""count"": 0} | {""count"": 0} | {""count"": 2} | {""cou"
9999973_00000_d_0000093,L1_随便给,2,5,9,1,0,0,"{""count"": 0} | {""count"": 0} | {""count"": 0} | {""count"": 0} | {""count"": 3} | {""cou"
9999973_00000_d_0000076,L4_中性,5,4,9,1,0,0,"{""count"": 0} | {""count"": 0} | {""count"": 0} | {""count"": 2} | {""count"": 0} | {""cou"
9999973_00000_d_0000072,L4_中性,1,0,9,1,1,0,"{""count"": 0} | {""count"": 0} | {""count"": 0} | {""count"": 0} | {""count"": 0} | {""cou"
9999973_00000_d_0000076,L1_随便给,5,11,9,1,0,0,"{""count"": 0} | {""count"": 0} | {""count"": 0} | {""count"": 5} | {""count"": 1} | {""cou"
9999973_00000_d_0000081,L1_随便给,5,7,9,1,0,0,"{""count"": 0} | {""count"": 0} | {""count"": 0} | {""count"": 5} | {""count"": 2} | {""cou"
9999973_00000_d_0000075,L1_随便给,6,5,9,1,0,0,"{""count"": 0} | {""count"": 0} | {""count"": 0} | {""count"": 0} | {""count"": 5} | {""cou"
9999973_00000_d_0000093,L4_中性,2,4,9,1,0,0,"{""count"": 0} | {""count"": 0} | {""count"": 0} | {""count"": 0} | {""count"": 2} | {""cou"
9999973_00000_d_0000084,L4_中性,10,6,9,1,0,0,"{""count"": 0} | {""count"": 0} | {""count"": 1} | {""count"": 0} | {""count"": 0} | {""cou"
9999973_00000_d_0000098,L1_随便给,1,3,9,1,0,0,"{""count"": 0} | {""count"": 1} | {""count"": 2} | {""count"": 0} | {""count"": 0} | {""cou"
9999973_00000_d_0000084,L1_随便给,10,9,9,1,0,0,"{""count"": 0} | {""count"": 0} | {""count"": 1} | {""count"": 2} | {""count"": 1} | {""cou"
9999973_00000_d_0000098,L4_中性,1,0,9,1,1,0,"{""count"": 0} | {""count"": 0} | {""count"": 0} | {""count"": 0} | {""count"": 0} | {""cou"
9999973_00000_d_0000095,L4_中性,3,0,9,1,1,0,"{""count"": 0} | {""count"": 0} | {""count"": 0} | {""count"": 0} | {""count"": 0} | {""cou"
9999973_00000_d_0000100,L4_中性,4,1,9,1,0,0,"{""count"": 0} | {""count"": 0} | {""count"": 0} | {""count"": 1} | {""count"": 0} | {""cou"
9999973_00000_d_0000100,L1_随便给,4,2,9,1,0,0,"{""count"": 0} | {""count"": 0} | {""count"": 0} | {""count"": 2} | {""count"": 0} | {""cou"
9999973_00000_d_0000095,L1_随便给,3,16,9,1,0,0,"{""count"": 10} | {""count"": 0} | {""count"": 0} | {""count"": 3} | {""count"": 0} | {""co"
9999973_00000_d_0000103,L4_中性,1,0,9,1,1,0,"{""count"": 0} | {""count"": 0} | {""count"": 0} | {""count"": 0} | {""count"": 0} | {""cou"
9999973_00000_d_0000110,L4_中性,8,3,9,1,0,0,"{""count"": 1} | {""count"": 0} | {""count"": 0} | {""count"": 2} | {""count"": 0} | {""cou"
9999973_00000_d_0000103,L1_随便给,1,0,9,1,1,0,"{""count"": 0} | {""count"": 0} | {""count"": 0} | {""count"": 0} | {""count"": 0} | {""cou"
9999973_00000_d_0000109,L4_中性,2,1,9,1,0,0,"{""count"": 0} | {""count"": 0} | {""count"": 1} | {""count"": 0} | {""count"": 0} | {""cou"
9999973_00000_d_0000104,L4_中性,1,0,9,1,1,0,"{""count"": 0} | {""count"": 0} | {""count"": 0} | {""count"": 0} | {""count"": 0} | {""cou"
9999973_00000_d_0000114,L1_随便给,3,3,9,1,0,0,"{""count"": 0} | {""count"": 3} | {""count"": 0} | {""count"": 0} | {""count"": 0} | {""cou"
9999973_00000_d_0000109,L1_随便给,2,1,9,1,0,0,"{""count"": 0} | {""count"": 0} | {""count"": 0} | {""count"": 0} | {""count"": 0} | {""cou"
9999973_00000_d_0000104,L1_随便给,1,1,9,1,0,0,"{""count"": 0} | {""count"": 0} | {""count"": 0} | {""count"": 0} | {""count"": 1} | {""cou"
9999973_00000_d_0000110,L1_随便给,8,3,9,1,0,0,"{""count"": 1} | {""count"": 0} | {""count"": 0} | {""count"": 2} | {""count"": 0} | {""cou"
9999973_00000_d_0000114,L4_中性,3,3,9,1,0,0,"{""count"": 0} | {""count"": 3} | {""count"": 0} | {""count"": 0} | {""count"": 0} | {""cou"
9999973_00000_d_0000116,L4_中性,2,0,9,1,1,0,"{""count"": 0} | {""count"": 0} | {""count"": 0} | {""count"": 0} | {""count"": 0} | {""cou"
9999973_00000_d_0000116,L1_随便给,2,2,9,1,0,0,"{""count"": 0} | {""count"": 0} | {""count"": 0} | {""count"": 0} | {""count"": 2} | {""cou"
9999973_00000_d_0000131,L4_中性,6,0,9,1,1,0,"{""count"": 0} | {""count"": 0} | {""count"": 0} | {""count"": 0} | {""count"": 0} | {""cou"
9999973_00000_d_0000131,L1_随便给,6,5,9,1,0,0,"{""count"": 2} | {""count"": 0} | {""count"": 0} | {""count"": 0} | {""count"": 1} | {""cou"
9999976_00000_d_0000008,L1_随便给,5,5,9,1,0,0,"{""count"": 0} | {""count"": 0} | {""count"": 0} | {""count"": 0} | {""count"": 5} | {""cou"
9999976_00000_d_0000016,L4_中性,6,2,9,1,0,0,"{""count"": 0} | {""count"": 0} | {""count"": 0} | {""count"": 0} | {""count"": 0} | {""cou"
9999973_00000_d_0000142,L4_中性,9,4,9,1,0,0,"{""count"": 0} | {""count"": 0} | {""count"": 0} | {""count"": 0} | {""count"": 0} | {""cou"
9999973_00000_d_0000142,L1_随便给,9,15,9,1,0,0,"{""count"": 10} | {""count"": 0} | {""count"": 0} | {""count"": 0} | {""count"": 0} | {""co"
9999976_00000_d_0000005,L4_中性,9,0,9,1,1,0,"{""count"": 0} | {""count"": 0} | {""count"": 0} | {""count"": 0} | {""count"": 0} | {""cou"
9999976_00000_d_0000016,L1_随便给,6,6,9,1,0,0,"{""count"": 0} | {""count"": 1} | {""count"": 0} | {""count"": 0} | {""count"": 3} | {""cou"
9999976_00000_d_0000008,L4_中性,5,5,9,1,0,0,"{""count"": 0} | {""count"": 0} | {""count"": 0} | {""count"": 0} | {""count"": 5} | {""cou"
9999976_00000_d_0000023,L1_随便给,2,10,9,1,0,0,"{""count"": 1} | {""count"": 2} | {""count"": 0} | {""count"": 5} | {""count"": 1} | {""cou"
9999976_00000_d_0000017,L4_中性,3,0,9,1,1,0,"{""count"": 0} | {""count"": 0} | {""count"": 0} | {""count"": 0} | {""count"": 0} | {""cou"
9999976_00000_d_0000011,L4_中性,3,1,9,1,0,0,"{""count"": 0} | {""count"": 1} | {""count"": 0} | {""count"": 0} | {""count"": 0} | {""cou"
9999976_00000_d_0000012,L1_随便给,14,26,9,1,0,0,"{""count"": 0} | {""count"": 4} | {""count"": 2} | {""count"": 5} | {""count"": 10} | {""co"
9999976_00000_d_0000017,L1_随便给,3,2,9,1,0,0,"{""count"": 0} | {""count"": 0} | {""count"": 0} | {""count"": 0} | {""count"": 0} | {""cou"
9999976_00000_d_0000012,L4_中性,14,22,9,1,0,0,"{""count"": 0} | {""count"": 3} | {""count"": 2} | {""count"": 4} | {""count"": 10} | {""co"
9999976_00000_d_0000005,L1_随便给,9,21,9,1,0,0,"{""count"": 0} | {""count"": 0} | {""count"": 0} | {""count"": 0} | {""count"": 0} | {""cou"
9999976_00000_d_0000011,L1_随便给,3,6,9,1,0,0,"{""count"": 0} | {""count"": 1} | {""count"": 0} | {""count"": 0} | {""count"": 0} | {""cou"
9999976_00000_d_0000010,L1_随便给,12,10,9,1,0,0,"{""count"": 0} | {""count"": 3} | {""count"": 0} | {""count"": 5} | {""count"": 2} | {""cou"
9999976_00000_d_0000023,L4_中性,2,3,9,1,0,0,"{""count"": 1} | {""count"": 2} | {""count"": 0} | {""count"": 0} | {""count"": 0} | {""cou"
9999976_00000_d_0000010,L4_中性,12,2,9,1,0,0,"{""count"": 0} | {""count"": 2} | {""count"": 0} | {""count"": 0} | {""count"": 0} | {""cou"
9999976_00000_d_0000033,L4_中性,7,20,9,1,0,0,"{""count"": 6} | {""count"": 5} | {""count"": 1} | {""count"": 3} | {""count"": 5} | {""cou"
9999976_00000_d_0000033,L1_随便给,7,26,9,1,0,0,"{""count"": 10} | {""count"": 5} | {""count"": 1} | {""count"": 5} | {""count"": 5} | {""co"
9999976_00000_d_0000029,L1_随便给,6,8,9,1,0,0,"{""count"": 0} | {""count"": 3} | {""count"": 0} | {""count"": 0} | {""count"": 3} | {""cou"
9999976_00000_d_0000024,L4_中性,5,6,9,1,0,0,"{""count"": 5} | {""count"": 0} | {""count"": 0} | {""count"": 1} | {""count"": 0} | {""cou"
9999976_00000_d_0000029,L4_中性,6,6,9,1,0,0,"{""count"": 0} | {""count"": 3} | {""count"": 0} | {""count"": 0} | {""count"": 3} | {""cou"
9999976_00000_d_0000024,L1_随便给,5,8,9,1,0,0,"{""count"": 5} | {""count"": 1} | {""count"": 0} | {""count"": 2} | {""count"": 0} | {""cou"
9999973_00000_d_0000148,L4_中性,12,3,9,1,0,0,"{""count"": 0} | {""count"": 0} | {""count"": 1} | {""count"": 0} | {""count"": 1} | {""cou"
9999976_00000_d_0000019,L1_随便给,6,11,9,1,0,0,"{""count"": 0} | {""count"": 0} | {""count"": 0} | {""count"": 0} | {""count"": 1} | {""cou"
9999979_00000_d_0000002,L4_中性,16,7,9,1,0,0,"{""count"": 0} | {""count"": 0} | {""count"": 0} | {""count"": 0} | {""count"": 0} | {""cou"
9999973_00000_d_0000148,L1_随便给,12,4,9,1,0,0,"{""count"": 0} | {""count"": 0} | {""count"": 1} | {""count"": 0} | {""count"": 1} | {""cou"
9999979_00000_d_0000002,L1_随便给,16,28,9,1,0,0,"{""count"": 0} | {""count"": 10} | {""count"": 0} | {""count"": 0} | {""count"": 10} | {""c"
9999976_00000_d_0000019,L4_中性,6,10,9,1,0,0,"{""count"": 0} | {""count"": 0} | {""count"": 0} | {""count"": 0} | {""count"": 0} | {""cou"
9999979_00000_d_0000004,L4_中性,14,0,9,1,1,0,"{""count"": 0} | {""count"": 0} | {""count"": 0} | {""count"": 0} | {""count"": 0} | {""cou"
9999979_00000_d_0000004,L1_随便给,14,21,9,1,0,0,"{""count"": 0} | {""count"": 0} | {""count"": 0} | {""count"": 0} | {""count"": 20} | {""co"
9999979_00000_d_0000007,L4_中性,2,0,9,1,1,0,"{""count"": 0} | {""count"": 0} | {""count"": 0} | {""count"": 0} | {""count"": 0} | {""cou"
9999979_00000_d_0000036,L1_随便给,30,45,9,1,0,0,"{""count"": 0} | {""count"": 5} | {""count"": 5} | {""count"": 15} | {""count"": 3} | {""co"
9999979_00000_d_0000031,L4_中性,2,0,9,1,1,0,"{""count"": 0} | {""count"": 0} | {""count"": 0} | {""count"": 0} | {""count"": 0} | {""cou"
9999979_00000_d_0000025,L1_随便给,58,71,9,1,0,0,"{""count"": 0} | {""count"": 20} | {""count"": 50} | {""count"": 0} | {""count"": 0} | {""c"
9999979_00000_d_0000025,L4_中性,58,0,9,1,1,0,"{""count"": 0} | {""count"": 0} | {""count"": 0} | {""count"": 0} | {""count"": 0} | {""cou"
9999979_00000_d_0000047,L4_中性,42,0,9,1,1,0,"{""count"": 0} | {""count"": 0} | {""count"": 0} | {""count"": 0} | {""count"": 0} | {""cou"
9999979_00000_d_0000007,L1_随便给,2,0,9,1,1,0,"{""count"": 0} | {""count"": 0} | {""count"": 0} | {""count"": 0} | {""count"": 0} | {""cou"
9999979_00000_d_0000027,L4_中性,4,0,9,1,1,0,"{""count"": 0} | {""count"": 0} | {""count"": 0} | {""count"": 0} | {""count"": 0} | {""cou"
9999979_00000_d_0000023,L1_随便给,63,115,9,1,0,0,"{""count"": 0} | {""count"": 50} | {""count"": 50} | {""count"": 0} | {""count"": 10} | {"""
9999979_00000_d_0000027,L1_随便给,4,15,9,1,0,0,"{""count"": 0} | {""count"": 0} | {""count"": 0} | {""count"": 0} | {""count"": 10} | {""co"
9999979_00000_d_0000031,L1_随便给,2,10,9,1,0,0,"{""count"": 0} | {""count"": 0} | {""count"": 0} | {""count"": 0} | {""count"": 10} | {""co"
9999979_00000_d_0000047,L1_随便给,42,63,9,1,0,0,"{""count"": 0} | {""count"": 0} | {""count"": 30} | {""count"": 0} | {""count"": 5} | {""co"
9999979_00000_d_0000023,L4_中性,63,3,9,1,0,0,"{""count"": 0} | {""count"": 0} | {""count"": 0} | {""count"": 0} | {""count"": 0} | {""cou"
9999979_00000_d_0000033,L1_随便给,61,102,9,1,0,0,"{""count"": 0} | {""count"": 20} | {""count"": 30} | {""count"": 20} | {""count"": 15} | {"
9999979_00000_d_0000033,L4_中性,61,42,9,1,0,0,"{""count"": 0} | {""count"": 10} | {""count"": 0} | {""count"": 10} | {""count"": 10} | {"""
9999979_00000_d_0000036,L4_中性,30,26,9,1,0,0,"{""count"": 0} | {""count"": 5} | {""count"": 5} | {""count"": 10} | {""count"": 0} | {""co"
9999979_00000_d_0000030,L4_中性,74,55,9,1,0,0,"{""count"": 0} | {""count"": 5} | {""count"": 0} | {""count"": 0} | {""count"": 0} | {""cou"
9999979_00000_d_0000043,L1_随便给,24,47,9,1,0,0,"{""count"": 5} | {""count"": 5} | {""count"": 0} | {""count"": 30} | {""count"": 0} | {""co"
9999979_00000_d_0000051,L1_随便给,3,5,9,1,0,0,"{""count"": 0} | {""count"": 0} | {""count"": 5} | {""count"": 0} | {""count"": 0} | {""cou"
9999979_00000_d_0000030,L1_随便给,74,95,9,1,0,0,"{""count"": 0} | {""count"": 10} | {""count"": 5} | {""count"": 0} | {""count"": 10} | {""c"
9999979_00000_d_0000044,L1_随便给,9,120,9,1,0,0,"{""count"": 10} | {""count"": 50} | {""count"": 0} | {""count"": 0} | {""count"": 50} | {"""
9999979_00000_d_0000034,L4_中性,36,25,9,1,0,0,"{""count"": 0} | {""count"": 0} | {""count"": 0} | {""count"": 0} | {""count"": 0} | {""cou"
9999979_00000_d_0000053,L4_中性,24,5,9,1,0,0,"{""count"": 0} | {""count"": 0} | {""count"": 0} | {""count"": 0} | {""count"": 0} | {""cou"
9999979_00000_d_0000044,L4_中性,9,0,9,1,1,0,"{""count"": 0} | {""count"": 0} | {""count"": 0} | {""count"": 0} | {""count"": 0} | {""cou"
9999979_00000_d_0000051,L4_中性,3,0,9,1,1,0,"{""count"": 0} | {""count"": 0} | {""count"": 0} | {""count"": 0} | {""count"": 0} | {""cou"
9999979_00000_d_0000043,L4_中性,24,0,9,1,1,0,"{""count"": 0} | {""count"": 0} | {""count"": 0} | {""count"": 0} | {""count"": 0} | {""cou"
9999979_00000_d_0000034,L1_随便给,36,1071,9,1,0,0,"{""count"": 0} | {""count"": 1} | {""count"": 0} | {""count"": 0} | {""count"": 5} | {""cou"
9999980_00000_d_0000005,L1_随便给,3,44,9,1,0,0,"{""count"": 0} | {""count"": 5} | {""count"": 2} | {""count"": 0} | {""count"": 10} | {""co"
9999980_00000_d_0000005,L4_中性,3,12,9,1,0,0,"{""count"": 0} | {""count"": 0} | {""count"": 2} | {""count"": 0} | {""count"": 10} | {""co"
9999979_00000_d_0000053,L1_随便给,24,100025,9,1,0,0,"{""count"": 100000} | {""count"": 0} | {""count"": 0} | {""count"": 0} | {""count"": 20} |"
9999986_00000_d_0000002,L1_随便给,30,27,9,1,0,0,"{""count"": 0} | {""count"": 2} | {""count"": 0} | {""count"": 5} | {""count"": 8} | {""cou"
9999986_00000_d_0000002,L4_中性,30,27,9,1,0,0,"{""count"": 0} | {""count"": 2} | {""count"": 0} | {""count"": 5} | {""count"": 8} | {""cou"
9999986_00000_d_0000005,L1_随便给,24,23,9,1,0,0,"{""count"": 5} | {""count"": 1} | {""count"": 0} | {""count"": 6} | {""count"": 7} | {""cou"
9999986_00000_d_0000005,L4_中性,24,18,9,1,0,0,"{""count"": 0} | {""count"": 1} | {""count"": 0} | {""count"": 6} | {""count"": 7} | {""cou"
9999986_00000_d_0000017,L1_随便给,10,13,9,1,0,0,"{""count"": 0} | {""count"": 0} | {""count"": 3} | {""count"": 5} | {""count"": 2} | {""cou"
9999986_00000_d_0000013,L4_中性,14,21,9,1,0,0,"{""count"": 5} | {""count"": 7} | {""count"": 0} | {""count"": 3} | {""count"": 5} | {""cou"
9999986_00000_d_0000008,L4_中性,23,35,9,1,0,0,"{""count"": 0} | {""count"": 9} | {""count"": 6} | {""count"": 0} | {""count"": 7} | {""cou"
9999986_00000_d_0000013,L1_随便给,14,22,9,1,0,0,"{""count"": 4} | {""count"": 7} | {""count"": 0} | {""count"": 5} | {""count"": 5} | {""cou"
9999986_00000_d_0000027,L1_随便给,5,7,9,1,0,0,"{""count"": 0} | {""count"": 0} | {""count"": 0} | {""count"": 0} | {""count"": 2} | {""cou"
9999986_00000_d_0000027,L4_中性,5,0,9,1,1,0,"{""count"": 0} | {""count"": 0} | {""count"": 0} | {""count"": 0} | {""count"": 0} | {""cou"
9999986_00000_d_0000017,L4_中性,10,11,9,1,0,0,"{""count"": 0} | {""count"": 0} | {""count"": 3} | {""count"": 5} | {""count"": 0} | {""cou"
9999986_00000_d_0000029,L4_中性,8,6,9,1,0,0,"{""count"": 0} | {""count"": 0} | {""count"": 0} | {""count"": 0} | {""count"": 0} | {""cou"
9999986_00000_d_0000008,L1_随便给,23,36,9,1,0,0,"{""count"": 0} | {""count"": 8} | {""count"": 6} | {""count"": 2} | {""count"": 6} | {""cou"
9999986_00000_d_0000022,L4_中性,2,4,9,1,0,0,"{""count"": 0} | {""count"": 2} | {""count"": 0} | {""count"": 0} | {""count"": 2} | {""cou"
9999986_00000_d_0000029,L1_随便给,8,8,9,1,0,0,"{""count"": 0} | {""count"": 0} | {""count"": 0} | {""count"": 0} | {""count"": 0} | {""cou"
9999986_00000_d_0000003,L4_中性,32,16,9,1,0,0,"{""count"": 0} | {""count"": 0} | {""count"": 0} | {""count"": 0} | {""count"": 5} | {""cou"
9999986_00000_d_0000006,L4_中性,28,25,9,1,0,0,"{""count"": 0} | {""count"": 1} | {""count"": 0} | {""count"": 10} | {""count"": 14} | {""c"
9999986_00000_d_0000022,L1_随便给,2,4,9,1,0,0,"{""count"": 0} | {""count"": 2} | {""count"": 0} | {""count"": 0} | {""count"": 2} | {""cou"
9999986_00000_d_0000003,L1_随便给,32,38,9,1,0,0,"{""count"": 10} | {""count"": 0} | {""count"": 0} | {""count"": 10} | {""count"": 5} | {""c"
9999986_00000_d_0000007,L4_中性,28,38,9,1,0,0,"{""count"": 4} | {""count"": 10} | {""count"": 1} | {""count"": 0} | {""count"": 13} | {""c"
9999986_00000_d_0000042,L4_中性,11,14,9,1,0,0,"{""count"": 0} | {""count"": 0} | {""count"": 0} | {""count"": 1} | {""count"": 0} | {""cou"
9999986_00000_d_0000052,L4_中性,3,6,9,1,0,0,"{""count"": 2} | {""count"": 2} | {""count"": 0} | {""count"": 1} | {""count"": 1} | {""cou"
9999986_00000_d_0000052,L1_随便给,3,6,9,1,0,0,"{""count"": 2} | {""count"": 2} | {""count"": 0} | {""count"": 1} | {""count"": 1} | {""cou"
9999986_00000_d_0000042,L1_随便给,11,14,9,1,0,0,"{""count"": 0} | {""count"": 0} | {""count"": 0} | {""count"": 1} | {""count"": 0} | {""cou"
9999986_00000_d_0000037,L1_随便给,8,12,9,1,0,0,"{""count"": 0} | {""count"": 0} | {""count"": 0} | {""count"": 1} | {""count"": 5} | {""cou"
9999986_00000_d_0000035,L1_随便给,8,8,9,1,0,0,"{""count"": 0} | {""count"": 0} | {""count"": 2} | {""count"": 0} | {""count"": 2} | {""cou"
9999986_00000_d_0000037,L4_中性,8,11,9,1,0,0,"{""count"": 0} | {""count"": 0} | {""count"": 0} | {""count"": 0} | {""count"": 5} | {""cou"
9999986_00000_d_0000006,L1_随便给,28,46,9,1,0,0,"{""count"": 10} | {""count"": 1} | {""count"": 0} | {""count"": 20} | {""count"": 10} | {"""
9999986_00000_d_0000007,L1_随便给,28,43,9,1,0,0,"{""count"": 5} | {""count"": 10} | {""count"": 1} | {""count"": 0} | {""count"": 15} | {""c"
9999986_00000_d_0000035,L4_中性,8,7,9,1,0,0,"{""count"": 0} | {""count"": 0} | {""count"": 2} | {""count"": 0} | {""count"": 1} | {""cou"
9999993_00000_d_0000001,L1_随便给,43,39,9,1,0,0,"{""count"": 3} | {""count"": 0} | {""count"": 2} | {""count"": 5} | {""count"": 3} | {""cou"
9999993_00000_d_0000001,L4_中性,43,26,9,1,0,0,"{""count"": 3} | {""count"": 0} | {""count"": 2} | {""count"": 0} | {""count"": 0} | {""cou"
9999993_00000_d_0000002,L1_随便给,13,16,9,1,0,0,"{""count"": 0} | {""count"": 0} | {""count"": 6} | {""count"": 1} | {""count"": 1} | {""cou"
9999993_00000_d_0000002,L4_中性,13,15,9,1,0,0,"{""count"": 0} | {""count"": 0} | {""count"": 6} | {""count"": 1} | {""count"": 0} | {""cou"
9999993_00000_d_0000006,L4_中性,22,13,9,1,0,0,"{""count"": 0} | {""count"": 0} | {""count"": 0} | {""count"": 0} | {""count"": 10} | {""co"
9999993_00000_d_0000009,L1_随便给,11,3,9,1,0,0,"{""count"": 0} | {""count"": 0} | {""count"": 0} | {""count"": 0} | {""count"": 3} | {""cou"
9999993_00000_d_0000008,L1_随便给,4,4,9,1,0,0,"{""count"": 0} | {""count"": 0} | {""count"": 1} | {""count"": 2} | {""count"": 0} | {""cou"
9999993_00000_d_0000009,L4_中性,11,0,9,1,1,0,"{""count"": 0} | {""count"": 0} | {""count"": 0} | {""count"": 0} | {""count"": 0} | {""cou"
9999993_00000_d_0000008,L4_中性,4,2,9,1,0,0,"{""count"": 0} | {""count"": 0} | {""count"": 1} | {""count"": 0} | {""count"": 0} | {""cou"
9999993_00000_d_0000006,L1_随便给,22,34,9,1,0,0,"{""count"": 10} | {""count"": 5} | {""count"": 1} | {""count"": 5} | {""count"": 10} | {""c"
9999993_00000_d_0000010,L1_随便给,3,5,9,1,0,0,"{""count"": 0} | {""count"": 0} | {""count"": 0} | {""count"": 0} | {""count"": 0} | {""cou"
9999993_00000_d_0000013,L1_随便给,12,19,9,1,0,0,"{""count"": 0} | {""count"": 0} | {""count"": 0} | {""count"": 5} | {""count"": 8} | {""cou"
9999993_00000_d_0000018,L4_中性,7,9,9,1,0,0,"{""count"": 0} | {""count"": 0} | {""count"": 1} | {""count"": 0} | {""count"": 6} | {""cou"
9999993_00000_d_0000011,L4_中性,19,10,9,1,0,0,"{""count"": 0} | {""count"": 0} | {""count"": 0} | {""count"": 0} | {""count"": 0} | {""cou"
9999993_00000_d_0000013,L4_中性,12,12,9,1,0,0,"{""count"": 0} | {""count"": 0} | {""count"": 0} | {""count"": 2} | {""count"": 8} | {""cou"
9999993_00000_d_0000018,L1_随便给,7,11,9,1,0,0,"{""count"": 0} | {""count"": 0} | {""count"": 1} | {""count"": 0} | {""count"": 5} | {""cou"
9999993_00000_d_0000010,L4_中性,3,2,9,1,0,0,"{""count"": 0} | {""count"": 0} | {""count"": 0} | {""count"": 0} | {""count"": 0} | {""cou"
9999996_00000_d_0000001,L1_随便给,2,5,9,1,0,0,"{""count"": 0} | {""count"": 0} | {""count"": 0} | {""count"": 0} | {""count"": 0} | {""cou"
9999996_00000_d_0000006,L4_中性,3,5,9,1,0,0,"{""count"": 0} | {""count"": 0} | {""count"": 1} | {""count"": 0} | {""count"": 0} | {""cou"
9999993_00000_d_0000011,L1_随便给,19,20,9,1,0,0,"{""count"": 0} | {""count"": 0} | {""count"": 0} | {""count"": 0} | {""count"": 10} | {""co"
9999996_00000_d_0000001,L4_中性,2,0,9,1,1,0,"{""count"": 0} | {""count"": 0} | {""count"": 0} | {""count"": 0} | {""count"": 0} | {""cou"
9999996_00000_d_0000006,L1_随便给,3,5,9,1,0,0,"{""count"": 0} | {""count"": 0} | {""count"": 1} | {""count"": 0} | {""count"": 0} | {""cou"
9999996_00000_d_0000015,L1_随便给,2,6,9,1,0,0,"{""count"": 0} | {""count"": 3} | {""count"": 3} | {""count"": 0} | {""count"": 0} | {""cou"
9999996_00000_d_0000016,L4_中性,2,2,9,1,0,0,"{""count"": 0} | {""count"": 0} | {""count"": 2} | {""count"": 0} | {""count"": 0} | {""cou"
9999996_00000_d_0000018,L1_随便给,16,8,9,1,0,0,"{""count"": 0} | {""count"": 0} | {""count"": 3} | {""count"": 0} | {""count"": 0} | {""cou"
9999996_00000_d_0000016,L1_随便给,2,2,9,1,0,0,"{""count"": 0} | {""count"": 0} | {""count"": 2} | {""count"": 0} | {""count"": 0} | {""cou"
9999996_00000_d_0000015,L4_中性,2,5,9,1,0,0,"{""count"": 0} | {""count"": 3} | {""count"": 2} | {""count"": 0} | {""count"": 0} | {""cou"
9999996_00000_d_0000018,L4_中性,16,5,9,1,0,0,"{""count"": 0} | {""count"": 0} | {""count"": 2} | {""count"": 0} | {""count"": 0} | {""cou"
9999993_00000_d_0000023,L4_中性,42,38,9,1,0,0,"{""count"": 10} | {""count"": 10} | {""count"": 10} | {""count"": 0} | {""count"": 0} | {"""
9999996_00000_d_0000024,L1_随便给,4,0,9,1,1,0,"{""count"": 0} | {""count"": 0} | {""count"": 0} | {""count"": 0} | {""count"": 0} | {""cou"
9999996_00000_d_0000014,L1_随便给,20,35,9,1,0,0,"{""count"": 0} | {""count"": 15} | {""count"": 10} | {""count"": 0} | {""count"": 5} | {""c"
9999996_00000_d_0000014,L4_中性,20,30,9,1,0,0,"{""count"": 0} | {""count"": 10} | {""count"": 10} | {""count"": 0} | {""count"": 5} | {""c"
9999993_00000_d_0000023,L1_随便给,42,94,9,1,0,0,"{""count"": 10} | {""count"": 10} | {""count"": 10} | {""count"": 50} | {""count"": 5} | {"
9999996_00000_d_0000024,L4_中性,4,0,9,1,1,0,"{""count"": 0} | {""count"": 0} | {""count"": 0} | {""count"": 0} | {""count"": 0} | {""cou"
9999996_00000_d_0000027,L4_中性,3,3,9,1,0,0,"{""count"": 0} | {""count"": 0} | {""count"": 2} | {""count"": 0} | {""count"": 0} | {""cou"
9999996_00000_d_0000027,L1_随便给,3,3,9,1,0,0,"{""count"": 0} | {""count"": 0} | {""count"": 2} | {""count"": 0} | {""count"": 0} | {""cou"
