item,weights,tau,imgsz,gt,n_det,n_det_person
0000006_01275_d_0000004,visdrone_det.pt,0.05,640,1,43,2
0000006_01275_d_0000004,visdrone_det.pt,0.1,640,1,26,2
0000006_01275_d_0000004,visdrone_det.pt,0.15,640,1,21,2
0000006_01275_d_0000004,visdrone_det.pt,0.2,640,1,20,1
0000006_01275_d_0000004,visdrone_det.pt,0.25,640,1,19,1
0000006_01275_d_0000004,visdrone_det.pt,0.3,640,1,19,1
0000006_01275_d_0000004,visdrone_det.pt,0.4,640,1,18,1
0000006_01275_d_0000004,visdrone_det.pt,0.5,640,1,12,1
0000006_01275_d_0000004,visdrone_det.pt,0.05,1024,1,60,1
0000006_01275_d_0000004,visdrone_det.pt,0.1,1024,1,38,1
0000006_01275_d_0000004,visdrone_det.pt,0.15,1024,1,32,1
0000006_01275_d_0000004,visdrone_det.pt,0.2,1024,1,28,1
0000006_01275_d_0000004,visdrone_det.pt,0.25,1024,1,24,1
0000006_01275_d_0000004,visdrone_det.pt,0.3,1024,1,24,1
0000006_01275_d_0000004,visdrone_det.pt,0.4,1024,1,19,1
0000006_01275_d_0000004,visdrone_det.pt,0.5,1024,1,16,1
0000006_01275_d_0000004,visdrone_det.pt,0.05,1536,1,61,4
0000006_01275_d_0000004,visdrone_det.pt,0.1,1536,1,35,1
0000006_01275_d_0000004,visdrone_det.pt,0.15,1536,1,30,1
0000006_01275_d_0000004,visdrone_det.pt,0.2,1536,1,29,1
0000006_01275_d_0000004,visdrone_det.pt,0.25,1536,1,26,1
0000006_01275_d_0000004,visdrone_det.pt,0.3,1536,1,23,1
0000006_01275_d_0000004,visdrone_det.pt,0.4,1536,1,17,1
0000006_01275_d_0000004,visdrone_det.pt,0.5,1536,1,16,1
0000011_00234_d_0000001,visdrone_det.pt,0.05,640,67,249,127
0000011_00234_d_0000001,visdrone_det.pt,0.1,640,67,123,69
0000011_00234_d_0000001,visdrone_det.pt,0.15,640,67,69,39
0000011_00234_d_0000001,visdrone_det.pt,0.2,640,67,45,24
0000011_00234_d_0000001,visdrone_det.pt,0.25,640,67,33,20
0000011_00234_d_0000001,visdrone_det.pt,0.3,640,67,17,12
0000011_00234_d_0000001,visdrone_det.pt,0.4,640,67,8,5
0000011_00234_d_0000001,visdrone_det.pt,0.5,640,67,3,2
0000011_00234_d_0000001,visdrone_det.pt,0.05,1024,67,292,176
0000011_00234_d_0000001,visdrone_det.pt,0.1,1024,67,147,99
0000011_00234_d_0000001,visdrone_det.pt,0.15,1024,67,89,64
0000011_00234_d_0000001,visdrone_det.pt,0.2,1024,67,60,44
0000011_00234_d_0000001,visdrone_det.pt,0.25,1024,67,45,34
0000011_00234_d_0000001,visdrone_det.pt,0.3,1024,67,33,27
0000011_00234_d_0000001,visdrone_det.pt,0.4,1024,67,19,16
0000011_00234_d_0000001,visdrone_det.pt,0.5,1024,67,6,5
0000011_00234_d_0000001,visdrone_det.pt,0.05,1536,67,377,219
0000011_00234_d_0000001,visdrone_det.pt,0.1,1536,67,222,137
0000011_00234_d_0000001,visdrone_det.pt,0.15,1536,67,145,96
0000011_00234_d_0000001,visdrone_det.pt,0.2,1536,67,102,73
0000011_00234_d_0000001,visdrone_det.pt,0.25,1536,67,77,56
0000011_00234_d_0000001,visdrone_det.pt,0.3,1536,67,58,45
0000011_00234_d_0000001,visdrone_det.pt,0.4,1536,67,30,24
0000011_00234_d_0000001,visdrone_det.pt,0.5,1536,67,14,13
0000011_01955_d_0000004,visdrone_det.pt,0.05,640,38,210,64
0000011_01955_d_0000004,visdrone_det.pt,0.1,640,38,133,41
0000011_01955_d_0000004,visdrone_det.pt,0.15,640,38,87,30
0000011_01955_d_0000004,visdrone_det.pt,0.2,640,38,66,25
0000011_01955_d_0000004,visdrone_det.pt,0.25,640,38,53,21
0000011_01955_d_0000004,visdrone_det.pt,0.3,640,38,44,19
0000011_01955_d_0000004,visdrone_det.pt,0.4,640,38,25,10
0000011_01955_d_0000004,visdrone_det.pt,0.5,640,38,13,7
0000011_01955_d_0000004,visdrone_det.pt,0.05,1024,38,285,103
0000011_01955_d_0000004,visdrone_det.pt,0.1,1024,38,170,67
0000011_01955_d_0000004,visdrone_det.pt,0.15,1024,38,115,46
0000011_01955_d_0000004,visdrone_det.pt,0.2,1024,38,89,36
0000011_01955_d_0000004,visdrone_det.pt,0.25,1024,38,72,32
0000011_01955_d_0000004,visdrone_det.pt,0.3,1024,38,62,28
0000011_01955_d_0000004,visdrone_det.pt,0.4,1024,38,43,22
0000011_01955_d_0000004,visdrone_det.pt,0.5,1024,38,23,15
0000011_01955_d_0000004,visdrone_det.pt,0.05,1536,38,313,114
0000011_01955_d_0000004,visdrone_det.pt,0.1,1536,38,183,74
0000011_01955_d_0000004,visdrone_det.pt,0.15,1536,38,132,55
0000011_01955_d_0000004,visdrone_det.pt,0.2,1536,38,98,42
0000011_01955_d_0000004,visdrone_det.pt,0.25,1536,38,77,37
0000011_01955_d_0000004,visdrone_det.pt,0.3,1536,38,64,30
0000011_01955_d_0000004,visdrone_det.pt,0.4,1536,38,47,23
0000011_01955_d_0000004,visdrone_det.pt,0.5,1536,38,27,15
0000011_02800_d_0000005,visdrone_det.pt,0.05,640,34,87,40
0000011_02800_d_0000005,visdrone_det.pt,0.1,640,34,55,28
0000011_02800_d_0000005,visdrone_det.pt,0.15,640,34,44,23
0000011_02800_d_0000005,visdrone_det.pt,0.2,640,34,38,22
0000011_02800_d_0000005,visdrone_det.pt,0.25,640,34,32,19
0000011_02800_d_0000005,visdrone_det.pt,0.3,640,34,29,18
0000011_02800_d_0000005,visdrone_det.pt,0.4,640,34,21,12
0000011_02800_d_0000005,visdrone_det.pt,0.5,640,34,14,9
0000011_02800_d_0000005,visdrone_det.pt,0.05,1024,34,118,62
0000011_02800_d_0000005,visdrone_det.pt,0.1,1024,34,69,38
0000011_02800_d_0000005,visdrone_det.pt,0.15,1024,34,52,30
0000011_02800_d_0000005,visdrone_det.pt,0.2,1024,34,43,26
0000011_02800_d_0000005,visdrone_det.pt,0.25,1024,34,33,23
0000011_02800_d_0000005,visdrone_det.pt,0.3,1024,34,29,20
0000011_02800_d_0000005,visdrone_det.pt,0.4,1024,34,24,17
0000011_02800_d_0000005,visdrone_det.pt,0.5,1024,34,15,13
0000011_02800_d_0000005,visdrone_det.pt,0.05,1536,34,149,80
0000011_02800_d_0000005,visdrone_det.pt,0.1,1536,34,84,52
0000011_02800_d_0000005,visdrone_det.pt,0.15,1536,34,59,38
0000011_02800_d_0000005,visdrone_det.pt,0.2,1536,34,45,31
0000011_02800_d_0000005,visdrone_det.pt,0.25,1536,34,38,25
0000011_02800_d_0000005,visdrone_det.pt,0.3,1536,34,36,24
0000011_02800_d_0000005,visdrone_det.pt,0.4,1536,34,28,20
0000011_02800_d_0000005,visdrone_det.pt,0.5,1536,34,20,14
0000011_05068_d_0000008,visdrone_det.pt,0.05,640,27,205,90
0000011_05068_d_0000008,visdrone_det.pt,0.1,640,27,121,54
0000011_05068_d_0000008,visdrone_det.pt,0.15,640,27,73,36
0000011_05068_d_0000008,visdrone_det.pt,0.2,640,27,51,26
0000011_05068_d_0000008,visdrone_det.pt,0.25,640,27,36,20
0000011_05068_d_0000008,visdrone_det.pt,0.3,640,27,24,12
0000011_05068_d_0000008,visdrone_det.pt,0.4,640,27,9,4
0000011_05068_d_0000008,visdrone_det.pt,0.5,640,27,5,2
0000011_05068_d_0000008,visdrone_det.pt,0.05,1024,27,203,91
0000011_05068_d_0000008,visdrone_det.pt,0.1,1024,27,101,48
0000011_05068_d_0000008,visdrone_det.pt,0.15,1024,27,61,30
0000011_05068_d_0000008,visdrone_det.pt,0.2,1024,27,37,21
0000011_05068_d_0000008,visdrone_det.pt,0.25,1024,27,32,18
0000011_05068_d_0000008,visdrone_det.pt,0.3,1024,27,25,14
0000011_05068_d_0000008,visdrone_det.pt,0.4,1024,27,12,8
0000011_05068_d_0000008,visdrone_det.pt,0.5,1024,27,9,6
0000011_05068_d_0000008,visdrone_det.pt,0.05,1536,27,255,124
0000011_05068_d_0000008,visdrone_det.pt,0.1,1536,27,143,84
0000011_05068_d_0000008,visdrone_det.pt,0.15,1536,27,90,55
0000011_05068_d_0000008,visdrone_det.pt,0.2,1536,27,60,41
0000011_05068_d_0000008,visdrone_det.pt,0.25,1536,27,47,31
0000011_05068_d_0000008,visdrone_det.pt,0.3,1536,27,33,23
0000011_05068_d_0000008,visdrone_det.pt,0.4,1536,27,19,14
0000011_05068_d_0000008,visdrone_det.pt,0.5,1536,27,12,8
0000011_06000_d_0000009,visdrone_det.pt,0.05,640,56,132,86
0000011_06000_d_0000009,visdrone_det.pt,0.1,640,56,52,38
0000011_06000_d_0000009,visdrone_det.pt,0.15,640,56,37,28
0000011_06000_d_0000009,visdrone_det.pt,0.2,640,56,28,21
0000011_06000_d_0000009,visdrone_det.pt,0.25,640,56,20,16
0000011_06000_d_0000009,visdrone_det.pt,0.3,640,56,19,16
0000011_06000_d_0000009,visdrone_det.pt,0.4,640,56,12,10
0000011_06000_d_0000009,visdrone_det.pt,0.5,640,56,11,9
0000011_06000_d_0000009,visdrone_det.pt,0.05,1024,56,183,140
0000011_06000_d_0000009,visdrone_det.pt,0.1,1024,56,91,71
0000011_06000_d_0000009,visdrone_det.pt,0.15,1024,56,57,47
0000011_06000_d_0000009,visdrone_det.pt,0.2,1024,56,43,34
0000011_06000_d_0000009,visdrone_det.pt,0.25,1024,56,29,23
0000011_06000_d_0000009,visdrone_det.pt,0.3,1024,56,25,21
0000011_06000_d_0000009,visdrone_det.pt,0.4,1024,56,14,12
0000011_06000_d_0000009,visdrone_det.pt,0.5,1024,56,12,10
0000011_06000_d_0000009,visdrone_det.pt,0.05,1536,56,246,188
0000011_06000_d_0000009,visdrone_det.pt,0.1,1536,56,137,106
0000011_06000_d_0000009,visdrone_det.pt,0.15,1536,56,88,69
0000011_06000_d_0000009,visdrone_det.pt,0.2,1536,56,63,52
0000011_06000_d_0000009,visdrone_det.pt,0.25,1536,56,47,39
0000011_06000_d_0000009,visdrone_det.pt,0.3,1536,56,33,27
0000011_06000_d_0000009,visdrone_det.pt,0.4,1536,56,18,15
0000011_06000_d_0000009,visdrone_det.pt,0.5,1536,56,16,14
0000011_08299_d_0000012,visdrone_det.pt,0.05,640,10,34,13
0000011_08299_d_0000012,visdrone_det.pt,0.1,640,10,21,10
0000011_08299_d_0000012,visdrone_det.pt,0.15,640,10,17,10
0000011_08299_d_0000012,visdrone_det.pt,0.2,640,10,13,9
0000011_08299_d_0000012,visdrone_det.pt,0.25,640,10,9,7
0000011_08299_d_0000012,visdrone_det.pt,0.3,640,10,9,7
0000011_08299_d_0000012,visdrone_det.pt,0.4,640,10,9,7
0000011_08299_d_0000012,visdrone_det.pt,0.5,640,10,8,7
0000011_08299_d_0000012,visdrone_det.pt,0.05,1024,10,74,28
0000011_08299_d_0000012,visdrone_det.pt,0.1,1024,10,34,16
0000011_08299_d_0000012,visdrone_det.pt,0.15,1024,10,22,11
0000011_08299_d_0000012,visdrone_det.pt,0.2,1024,10,16,9
0000011_08299_d_0000012,visdrone_det.pt,0.25,1024,10,13,7
0000011_08299_d_0000012,visdrone_det.pt,0.3,1024,10,11,7
0000011_08299_d_0000012,visdrone_det.pt,0.4,1024,10,8,5
0000011_08299_d_0000012,visdrone_det.pt,0.5,1024,10,7,4
0000011_08299_d_0000012,visdrone_det.pt,0.05,1536,10,122,60
0000011_08299_d_0000012,visdrone_det.pt,0.1,1536,10,47,25
0000011_08299_d_0000012,visdrone_det.pt,0.15,1536,10,24,13
0000011_08299_d_0000012,visdrone_det.pt,0.2,1536,10,14,10
0000011_08299_d_0000012,visdrone_det.pt,0.25,1536,10,10,7
0000011_08299_d_0000012,visdrone_det.pt,0.3,1536,10,6,4
0000011_08299_d_0000012,visdrone_det.pt,0.4,1536,10,3,3
0000011_08299_d_0000012,visdrone_det.pt,0.5,1536,10,1,1
0000063_03139_d_0000004,visdrone_det.pt,0.05,640,42,84,70
0000063_03139_d_0000004,visdrone_det.pt,0.1,640,42,60,51
0000063_03139_d_0000004,visdrone_det.pt,0.15,640,42,53,46
0000063_03139_d_0000004,visdrone_det.pt,0.2,640,42,50,44
0000063_03139_d_0000004,visdrone_det.pt,0.25,640,42,44,40
0000063_03139_d_0000004,visdrone_det.pt,0.3,640,42,35,34
0000063_03139_d_0000004,visdrone_det.pt,0.4,640,42,30,29
0000063_03139_d_0000004,visdrone_det.pt,0.5,640,42,24,23
0000063_03139_d_0000004,visdrone_det.pt,0.05,1024,42,102,89
0000063_03139_d_0000004,visdrone_det.pt,0.1,1024,42,70,62
0000063_03139_d_0000004,visdrone_det.pt,0.15,1024,42,62,56
0000063_03139_d_0000004,visdrone_det.pt,0.2,1024,42,52,48
0000063_03139_d_0000004,visdrone_det.pt,0.25,1024,42,50,47
0000063_03139_d_0000004,visdrone_det.pt,0.3,1024,42,45,43
0000063_03139_d_0000004,visdrone_det.pt,0.4,1024,42,39,38
0000063_03139_d_0000004,visdrone_det.pt,0.5,1024,42,30,29
0000063_03139_d_0000004,visdrone_det.pt,0.05,1536,42,120,111
0000063_03139_d_0000004,visdrone_det.pt,0.1,1536,42,70,69
0000063_03139_d_0000004,visdrone_det.pt,0.15,1536,42,57,57
0000063_03139_d_0000004,visdrone_det.pt,0.2,1536,42,49,49
0000063_03139_d_0000004,visdrone_det.pt,0.25,1536,42,47,47
0000063_03139_d_0000004,visdrone_det.pt,0.3,1536,42,43,43
0000063_03139_d_0000004,visdrone_det.pt,0.4,1536,42,38,38
0000063_03139_d_0000004,visdrone_det.pt,0.5,1536,42,27,27
0000063_07000_d_0000008,visdrone_det.pt,0.05,640,55,193,187
0000063_07000_d_0000008,visdrone_det.pt,0.1,640,55,154,151
0000063_07000_d_0000008,visdrone_det.pt,0.15,640,55,122,119
0000063_07000_d_0000008,visdrone_det.pt,0.2,640,55,92,90
0000063_07000_d_0000008,visdrone_det.pt,0.25,640,55,74,73
0000063_07000_d_0000008,visdrone_det.pt,0.3,640,55,59,58
0000063_07000_d_0000008,visdrone_det.pt,0.4,640,55,40,39
0000063_07000_d_0000008,visdrone_det.pt,0.5,640,55,25,24
0000063_07000_d_0000008,visdrone_det.pt,0.05,1024,55,286,281
0000063_07000_d_0000008,visdrone_det.pt,0.1,1024,55,235,233
0000063_07000_d_0000008,visdrone_det.pt,0.15,1024,55,194,192
0000063_07000_d_0000008,visdrone_det.pt,0.2,1024,55,159,158
0000063_07000_d_0000008,visdrone_det.pt,0.25,1024,55,133,133
0000063_07000_d_0000008,visdrone_det.pt,0.3,1024,55,107,107
0000063_07000_d_0000008,visdrone_det.pt,0.4,1024,55,65,65
0000063_07000_d_0000008,visdrone_det.pt,0.5,1024,55,42,42
0000063_07000_d_0000008,visdrone_det.pt,0.05,1536,55,373,365
0000063_07000_d_0000008,visdrone_det.pt,0.1,1536,55,281,278
0000063_07000_d_0000008,visdrone_det.pt,0.15,1536,55,223,222
0000063_07000_d_0000008,visdrone_det.pt,0.2,1536,55,180,180
0000063_07000_d_0000008,visdrone_det.pt,0.25,1536,55,140,140
0000063_07000_d_0000008,visdrone_det.pt,0.3,1536,55,112,112
0000063_07000_d_0000008,visdrone_det.pt,0.4,1536,55,73,73
0000063_07000_d_0000008,visdrone_det.pt,0.5,1536,55,49,49
0000063_12500_d_0000014,visdrone_det.pt,0.05,640,163,380,362
0000063_12500_d_0000014,visdrone_det.pt,0.1,640,163,285,275
0000063_12500_d_0000014,visdrone_det.pt,0.15,640,163,221,215
0000063_12500_d_0000014,visdrone_det.pt,0.2,640,163,156,151
0000063_12500_d_0000014,visdrone_det.pt,0.25,640,163,118,115
0000063_12500_d_0000014,visdrone_det.pt,0.3,640,163,81,79
0000063_12500_d_0000014,visdrone_det.pt,0.4,640,163,42,40
0000063_12500_d_0000014,visdrone_det.pt,0.5,640,163,21,20
0000063_12500_d_0000014,visdrone_det.pt,0.05,1024,163,594,580
0000063_12500_d_0000014,visdrone_det.pt,0.1,1024,163,460,454
0000063_12500_d_0000014,visdrone_det.pt,0.15,1024,163,364,362
0000063_12500_d_0000014,visdrone_det.pt,0.2,1024,163,282,281
0000063_12500_d_0000014,visdrone_det.pt,0.25,1024,163,190,189
0000063_12500_d_0000014,visdrone_det.pt,0.3,1024,163,135,135
0000063_12500_d_0000014,visdrone_det.pt,0.4,1024,163,72,72
0000063_12500_d_0000014,visdrone_det.pt,0.5,1024,163,40,40
0000063_12500_d_0000014,visdrone_det.pt,0.05,1536,163,721,705
0000063_12500_d_0000014,visdrone_det.pt,0.1,1536,163,527,523
0000063_12500_d_0000014,visdrone_det.pt,0.15,1536,163,402,401
0000063_12500_d_0000014,visdrone_det.pt,0.2,1536,163,304,304
0000063_12500_d_0000014,visdrone_det.pt,0.25,1536,163,220,220
0000063_12500_d_0000014,visdrone_det.pt,0.3,1536,163,177,177
0000063_12500_d_0000014,visdrone_det.pt,0.4,1536,163,116,116
0000063_12500_d_0000014,visdrone_det.pt,0.5,1536,163,76,76
0000066_01097_d_0000002,visdrone_det.pt,0.05,640,262,858,832
0000066_01097_d_0000002,visdrone_det.pt,0.1,640,262,663,647
0000066_01097_d_0000002,visdrone_det.pt,0.15,640,262,495,483
0000066_01097_d_0000002,visdrone_det.pt,0.2,640,262,358,350
0000066_01097_d_0000002,visdrone_det.pt,0.25,640,262,259,252
0000066_01097_d_0000002,visdrone_det.pt,0.3,640,262,180,174
0000066_01097_d_0000002,visdrone_det.pt,0.4,640,262,103,97
0000066_01097_d_0000002,visdrone_det.pt,0.5,640,262,53,48
0000066_01097_d_0000002,visdrone_det.pt,0.05,1024,262,1000,945
0000066_01097_d_0000002,visdrone_det.pt,0.1,1024,262,913,863
0000066_01097_d_0000002,visdrone_det.pt,0.15,1024,262,665,633
0000066_01097_d_0000002,visdrone_det.pt,0.2,1024,262,476,455
0000066_01097_d_0000002,visdrone_det.pt,0.25,1024,262,353,339
0000066_01097_d_0000002,visdrone_det.pt,0.3,1024,262,256,244
0000066_01097_d_0000002,visdrone_det.pt,0.4,1024,262,160,150
0000066_01097_d_0000002,visdrone_det.pt,0.5,1024,262,92,87
0000066_01097_d_0000002,visdrone_det.pt,0.05,1536,262,1000,951
0000066_01097_d_0000002,visdrone_det.pt,0.1,1536,262,1000,951
0000066_01097_d_0000002,visdrone_det.pt,0.15,1536,262,746,716
0000066_01097_d_0000002,visdrone_det.pt,0.2,1536,262,555,539
0000066_01097_d_0000002,visdrone_det.pt,0.25,1536,262,396,385
0000066_01097_d_0000002,visdrone_det.pt,0.3,1536,262,306,299
0000066_01097_d_0000002,visdrone_det.pt,0.4,1536,262,198,191
0000066_01097_d_0000002,visdrone_det.pt,0.5,1536,262,134,129
0000073_01275_d_0000002,visdrone_det.pt,0.05,640,115,254,248
0000073_01275_d_0000002,visdrone_det.pt,0.1,640,115,181,178
0000073_01275_d_0000002,visdrone_det.pt,0.15,640,115,139,138
0000073_01275_d_0000002,visdrone_det.pt,0.2,640,115,106,106
0000073_01275_d_0000002,visdrone_det.pt,0.25,640,115,66,66
0000073_01275_d_0000002,visdrone_det.pt,0.3,640,115,46,46
0000073_01275_d_0000002,visdrone_det.pt,0.4,640,115,27,27
0000073_01275_d_0000002,visdrone_det.pt,0.5,640,115,18,18
0000073_01275_d_0000002,visdrone_det.pt,0.05,1024,115,360,357
0000073_01275_d_0000002,visdrone_det.pt,0.1,1024,115,272,271
0000073_01275_d_0000002,visdrone_det.pt,0.15,1024,115,209,209
0000073_01275_d_0000002,visdrone_det.pt,0.2,1024,115,165,165
0000073_01275_d_0000002,visdrone_det.pt,0.25,1024,115,118,118
0000073_01275_d_0000002,visdrone_det.pt,0.3,1024,115,93,93
0000073_01275_d_0000002,visdrone_det.pt,0.4,1024,115,51,51
0000073_01275_d_0000002,visdrone_det.pt,0.5,1024,115,29,29
0000073_01275_d_0000002,visdrone_det.pt,0.05,1536,115,478,469
0000073_01275_d_0000002,visdrone_det.pt,0.1,1536,115,345,343
0000073_01275_d_0000002,visdrone_det.pt,0.15,1536,115,261,259
0000073_01275_d_0000002,visdrone_det.pt,0.2,1536,115,199,199
0000073_01275_d_0000002,visdrone_det.pt,0.25,1536,115,154,154
0000073_01275_d_0000002,visdrone_det.pt,0.3,1536,115,114,114
0000073_01275_d_0000002,visdrone_det.pt,0.4,1536,115,67,67
0000073_01275_d_0000002,visdrone_det.pt,0.5,1536,115,43,43
0000074_03738_d_0000007,visdrone_det.pt,0.05,640,82,182,162
0000074_03738_d_0000007,visdrone_det.pt,0.1,640,82,124,114
0000074_03738_d_0000007,visdrone_det.pt,0.15,640,82,83,80
0000074_03738_d_0000007,visdrone_det.pt,0.2,640,82,64,63
0000074_03738_d_0000007,visdrone_det.pt,0.25,640,82,51,50
0000074_03738_d_0000007,visdrone_det.pt,0.3,640,82,35,34
0000074_03738_d_0000007,visdrone_det.pt,0.4,640,82,26,25
0000074_03738_d_0000007,visdrone_det.pt,0.5,640,82,14,14
0000074_03738_d_0000007,visdrone_det.pt,0.05,1024,82,231,202
0000074_03738_d_0000007,visdrone_det.pt,0.1,1024,82,147,139
0000074_03738_d_0000007,visdrone_det.pt,0.15,1024,82,115,113
0000074_03738_d_0000007,visdrone_det.pt,0.2,1024,82,89,87
0000074_03738_d_0000007,visdrone_det.pt,0.25,1024,82,69,67
0000074_03738_d_0000007,visdrone_det.pt,0.3,1024,82,58,56
0000074_03738_d_0000007,visdrone_det.pt,0.4,1024,82,41,40
0000074_03738_d_0000007,visdrone_det.pt,0.5,1024,82,31,31
0000074_03738_d_0000007,visdrone_det.pt,0.05,1536,82,299,264
0000074_03738_d_0000007,visdrone_det.pt,0.1,1536,82,185,169
0000074_03738_d_0000007,visdrone_det.pt,0.15,1536,82,129,120
0000074_03738_d_0000007,visdrone_det.pt,0.2,1536,82,92,88
0000074_03738_d_0000007,visdrone_det.pt,0.25,1536,82,69,69
0000074_03738_d_0000007,visdrone_det.pt,0.3,1536,82,56,56
0000074_03738_d_0000007,visdrone_det.pt,0.4,1536,82,42,42
0000074_03738_d_0000007,visdrone_det.pt,0.5,1536,82,31,31
0000074_06746_d_0000013,visdrone_det.pt,0.05,640,73,148,119
0000074_06746_d_0000013,visdrone_det.pt,0.1,640,73,84,71
0000074_06746_d_0000013,visdrone_det.pt,0.15,640,73,52,47
0000074_06746_d_0000013,visdrone_det.pt,0.2,640,73,36,33
0000074_06746_d_0000013,visdrone_det.pt,0.25,640,73,27,26
0000074_06746_d_0000013,visdrone_det.pt,0.3,640,73,18,18
0000074_06746_d_0000013,visdrone_det.pt,0.4,640,73,5,5
0000074_06746_d_0000013,visdrone_det.pt,0.5,640,73,4,4
0000074_06746_d_0000013,visdrone_det.pt,0.05,1024,73,308,249
0000074_06746_d_0000013,visdrone_det.pt,0.1,1024,73,194,163
0000074_06746_d_0000013,visdrone_det.pt,0.15,1024,73,131,116
0000074_06746_d_0000013,visdrone_det.pt,0.2,1024,73,86,75
0000074_06746_d_0000013,visdrone_det.pt,0.25,1024,73,61,52
0000074_06746_d_0000013,visdrone_det.pt,0.3,1024,73,43,37
0000074_06746_d_0000013,visdrone_det.pt,0.4,1024,73,23,21
0000074_06746_d_0000013,visdrone_det.pt,0.5,1024,73,14,13
0000074_06746_d_0000013,visdrone_det.pt,0.05,1536,73,468,409
0000074_06746_d_0000013,visdrone_det.pt,0.1,1536,73,312,278
0000074_06746_d_0000013,visdrone_det.pt,0.15,1536,73,237,215
0000074_06746_d_0000013,visdrone_det.pt,0.2,1536,73,166,153
0000074_06746_d_0000013,visdrone_det.pt,0.25,1536,73,125,115
0000074_06746_d_0000013,visdrone_det.pt,0.3,1536,73,87,80
0000074_06746_d_0000013,visdrone_det.pt,0.4,1536,73,48,45
0000074_06746_d_0000013,visdrone_det.pt,0.5,1536,73,32,30
0000074_08202_d_0000016,visdrone_det.pt,0.05,640,77,276,263
0000074_08202_d_0000016,visdrone_det.pt,0.1,640,77,190,184
0000074_08202_d_0000016,visdrone_det.pt,0.15,640,77,129,127
0000074_08202_d_0000016,visdrone_det.pt,0.2,640,77,94,92
0000074_08202_d_0000016,visdrone_det.pt,0.25,640,77,54,53
0000074_08202_d_0000016,visdrone_det.pt,0.3,640,77,39,38
0000074_08202_d_0000016,visdrone_det.pt,0.4,640,77,22,21
0000074_08202_d_0000016,visdrone_det.pt,0.5,640,77,12,11
0000074_08202_d_0000016,visdrone_det.pt,0.05,1024,77,375,334
0000074_08202_d_0000016,visdrone_det.pt,0.1,1024,77,261,239
0000074_08202_d_0000016,visdrone_det.pt,0.15,1024,77,197,181
0000074_08202_d_0000016,visdrone_det.pt,0.2,1024,77,140,128
0000074_08202_d_0000016,visdrone_det.pt,0.25,1024,77,108,96
0000074_08202_d_0000016,visdrone_det.pt,0.3,1024,77,78,68
0000074_08202_d_0000016,visdrone_det.pt,0.4,1024,77,52,43
0000074_08202_d_0000016,visdrone_det.pt,0.5,1024,77,37,29
0000074_08202_d_0000016,visdrone_det.pt,0.05,1536,77,458,421
0000074_08202_d_0000016,visdrone_det.pt,0.1,1536,77,317,296
0000074_08202_d_0000016,visdrone_det.pt,0.15,1536,77,224,209
0000074_08202_d_0000016,visdrone_det.pt,0.2,1536,77,165,152
0000074_08202_d_0000016,visdrone_det.pt,0.25,1536,77,127,116
0000074_08202_d_0000016,visdrone_det.pt,0.3,1536,77,93,83
0000074_08202_d_0000016,visdrone_det.pt,0.4,1536,77,70,63
0000074_08202_d_0000016,visdrone_det.pt,0.5,1536,77,46,40
0000074_09738_d_0000019,visdrone_det.pt,0.05,640,86,254,228
0000074_09738_d_0000019,visdrone_det.pt,0.1,640,86,174,156
0000074_09738_d_0000019,visdrone_det.pt,0.15,640,86,138,124
0000074_09738_d_0000019,visdrone_det.pt,0.2,640,86,106,96
0000074_09738_d_0000019,visdrone_det.pt,0.25,640,86,82,77
0000074_09738_d_0000019,visdrone_det.pt,0.3,640,86,63,59
0000074_09738_d_0000019,visdrone_det.pt,0.4,640,86,41,39
0000074_09738_d_0000019,visdrone_det.pt,0.5,640,86,28,28
0000074_09738_d_0000019,visdrone_det.pt,0.05,1024,86,332,300
0000074_09738_d_0000019,visdrone_det.pt,0.1,1024,86,225,205
0000074_09738_d_0000019,visdrone_det.pt,0.15,1024,86,173,163
0000074_09738_d_0000019,visdrone_det.pt,0.2,1024,86,134,126
0000074_09738_d_0000019,visdrone_det.pt,0.25,1024,86,108,102
0000074_09738_d_0000019,visdrone_det.pt,0.3,1024,86,84,80
0000074_09738_d_0000019,visdrone_det.pt,0.4,1024,86,58,56
0000074_09738_d_0000019,visdrone_det.pt,0.5,1024,86,42,41
0000074_09738_d_0000019,visdrone_det.pt,0.05,1536,86,372,339
0000074_09738_d_0000019,visdrone_det.pt,0.1,1536,86,235,224
0000074_09738_d_0000019,visdrone_det.pt,0.15,1536,86,160,155
0000074_09738_d_0000019,visdrone_det.pt,0.2,1536,86,123,118
0000074_09738_d_0000019,visdrone_det.pt,0.25,1536,86,90,86
0000074_09738_d_0000019,visdrone_det.pt,0.3,1536,86,75,72
0000074_09738_d_0000019,visdrone_det.pt,0.4,1536,86,54,53
0000074_09738_d_0000019,visdrone_det.pt,0.5,1536,86,36,35
0000074_11362_d_0000022,visdrone_det.pt,0.05,640,101,211,191
0000074_11362_d_0000022,visdrone_det.pt,0.1,640,101,133,129
0000074_11362_d_0000022,visdrone_det.pt,0.15,640,101,86,82
0000074_11362_d_0000022,visdrone_det.pt,0.2,640,101,64,61
0000074_11362_d_0000022,visdrone_det.pt,0.25,640,101,48,47
0000074_11362_d_0000022,visdrone_det.pt,0.3,640,101,34,33
0000074_11362_d_0000022,visdrone_det.pt,0.4,640,101,20,19
0000074_11362_d_0000022,visdrone_det.pt,0.5,640,101,16,15
0000074_11362_d_0000022,visdrone_det.pt,0.05,1024,101,325,319
0000074_11362_d_0000022,visdrone_det.pt,0.1,1024,101,228,223
0000074_11362_d_0000022,visdrone_det.pt,0.15,1024,101,172,168
0000074_11362_d_0000022,visdrone_det.pt,0.2,1024,101,124,120
0000074_11362_d_0000022,visdrone_det.pt,0.25,1024,101,86,83
0000074_11362_d_0000022,visdrone_det.pt,0.3,1024,101,64,62
0000074_11362_d_0000022,visdrone_det.pt,0.4,1024,101,37,36
0000074_11362_d_0000022,visdrone_det.pt,0.5,1024,101,24,23
0000074_11362_d_0000022,visdrone_det.pt,0.05,1536,101,416,400
0000074_11362_d_0000022,visdrone_det.pt,0.1,1536,101,278,269
0000074_11362_d_0000022,visdrone_det.pt,0.15,1536,101,197,193
0000074_11362_d_0000022,visdrone_det.pt,0.2,1536,101,149,147
0000074_11362_d_0000022,visdrone_det.pt,0.25,1536,101,107,106
0000074_11362_d_0000022,visdrone_det.pt,0.3,1536,101,79,79
0000074_11362_d_0000022,visdrone_det.pt,0.4,1536,101,51,51
0000074_11362_d_0000022,visdrone_det.pt,0.5,1536,101,35,35
0000074_11827_d_0000023,visdrone_det.pt,0.05,640,112,218,198
0000074_11827_d_0000023,visdrone_det.pt,0.1,640,112,126,117
0000074_11827_d_0000023,visdrone_det.pt,0.15,640,112,82,76
0000074_11827_d_0000023,visdrone_det.pt,0.2,640,112,59,56
0000074_11827_d_0000023,visdrone_det.pt,0.25,640,112,34,31
0000074_11827_d_0000023,visdrone_det.pt,0.3,640,112,25,23
0000074_11827_d_0000023,visdrone_det.pt,0.4,640,112,15,14
0000074_11827_d_0000023,visdrone_det.pt,0.5,640,112,11,10
0000074_11827_d_0000023,visdrone_det.pt,0.05,1024,112,316,296
0000074_11827_d_0000023,visdrone_det.pt,0.1,1024,112,207,200
0000074_11827_d_0000023,visdrone_det.pt,0.15,1024,112,145,142
0000074_11827_d_0000023,visdrone_det.pt,0.2,1024,112,94,92
0000074_11827_d_0000023,visdrone_det.pt,0.25,1024,112,70,68
0000074_11827_d_0000023,visdrone_det.pt,0.3,1024,112,55,53
0000074_11827_d_0000023,visdrone_det.pt,0.4,1024,112,34,33
0000074_11827_d_0000023,visdrone_det.pt,0.5,1024,112,28,27
0000074_11827_d_0000023,visdrone_det.pt,0.05,1536,112,417,403
0000074_11827_d_0000023,visdrone_det.pt,0.1,1536,112,270,263
0000074_11827_d_0000023,visdrone_det.pt,0.15,1536,112,192,189
0000074_11827_d_0000023,visdrone_det.pt,0.2,1536,112,128,126
0000074_11827_d_0000023,visdrone_det.pt,0.25,1536,112,90,88
0000074_11827_d_0000023,visdrone_det.pt,0.3,1536,112,68,66
0000074_11827_d_0000023,visdrone_det.pt,0.4,1536,112,48,47
0000074_11827_d_0000023,visdrone_det.pt,0.5,1536,112,33,32
0000074_12322_d_0000024,visdrone_det.pt,0.05,640,74,247,216
0000074_12322_d_0000024,visdrone_det.pt,0.1,640,74,153,143
0000074_12322_d_0000024,visdrone_det.pt,0.15,640,74,99,96
0000074_12322_d_0000024,visdrone_det.pt,0.2,640,74,69,69
0000074_12322_d_0000024,visdrone_det.pt,0.25,640,74,50,50
0000074_12322_d_0000024,visdrone_det.pt,0.3,640,74,28,28
0000074_12322_d_0000024,visdrone_det.pt,0.4,640,74,19,19
0000074_12322_d_0000024,visdrone_det.pt,0.5,640,74,12,12
0000074_12322_d_0000024,visdrone_det.pt,0.05,1024,74,350,339
0000074_12322_d_0000024,visdrone_det.pt,0.1,1024,74,241,235
0000074_12322_d_0000024,visdrone_det.pt,0.15,1024,74,175,172
0000074_12322_d_0000024,visdrone_det.pt,0.2,1024,74,131,130
0000074_12322_d_0000024,visdrone_det.pt,0.25,1024,74,94,93
0000074_12322_d_0000024,visdrone_det.pt,0.3,1024,74,65,64
0000074_12322_d_0000024,visdrone_det.pt,0.4,1024,74,41,41
0000074_12322_d_0000024,visdrone_det.pt,0.5,1024,74,27,27
0000074_12322_d_0000024,visdrone_det.pt,0.05,1536,74,488,478
0000074_12322_d_0000024,visdrone_det.pt,0.1,1536,74,336,334
0000074_12322_d_0000024,visdrone_det.pt,0.15,1536,74,233,231
0000074_12322_d_0000024,visdrone_det.pt,0.2,1536,74,165,163
0000074_12322_d_0000024,visdrone_det.pt,0.25,1536,74,123,122
0000074_12322_d_0000024,visdrone_det.pt,0.3,1536,74,86,85
0000074_12322_d_0000024,visdrone_det.pt,0.4,1536,74,46,45
0000074_12322_d_0000024,visdrone_det.pt,0.5,1536,74,28,28
0000074_14850_d_0000029,visdrone_det.pt,0.05,640,96,258,249
0000074_14850_d_0000029,visdrone_det.pt,0.1,640,96,175,171
0000074_14850_d_0000029,visdrone_det.pt,0.15,640,96,133,132
0000074_14850_d_0000029,visdrone_det.pt,0.2,640,96,91,90
0000074_14850_d_0000029,visdrone_det.pt,0.25,640,96,65,64
0000074_14850_d_0000029,visdrone_det.pt,0.3,640,96,47,46
0000074_14850_d_0000029,visdrone_det.pt,0.4,640,96,28,28
0000074_14850_d_0000029,visdrone_det.pt,0.5,640,96,17,17
0000074_14850_d_0000029,visdrone_det.pt,0.05,1024,96,373,366
0000074_14850_d_0000029,visdrone_det.pt,0.1,1024,96,262,261
0000074_14850_d_0000029,visdrone_det.pt,0.15,1024,96,178,177
0000074_14850_d_0000029,visdrone_det.pt,0.2,1024,96,126,125
0000074_14850_d_0000029,visdrone_det.pt,0.25,1024,96,90,89
0000074_14850_d_0000029,visdrone_det.pt,0.3,1024,96,70,69
0000074_14850_d_0000029,visdrone_det.pt,0.4,1024,96,45,45
0000074_14850_d_0000029,visdrone_det.pt,0.5,1024,96,27,27
0000074_14850_d_0000029,visdrone_det.pt,0.05,1536,96,443,432
0000074_14850_d_0000029,visdrone_det.pt,0.1,1536,96,284,278
0000074_14850_d_0000029,visdrone_det.pt,0.15,1536,96,211,208
0000074_14850_d_0000029,visdrone_det.pt,0.2,1536,96,153,151
0000074_14850_d_0000029,visdrone_det.pt,0.25,1536,96,110,108
0000074_14850_d_0000029,visdrone_det.pt,0.3,1536,96,79,78
0000074_14850_d_0000029,visdrone_det.pt,0.4,1536,96,49,49
0000074_14850_d_0000029,visdrone_det.pt,0.5,1536,96,33,33
0000074_15793_d_0000031,visdrone_det.pt,0.05,640,64,165,157
0000074_15793_d_0000031,visdrone_det.pt,0.1,640,64,107,106
0000074_15793_d_0000031,visdrone_det.pt,0.15,640,64,83,82
0000074_15793_d_0000031,visdrone_det.pt,0.2,640,64,61,60
0000074_15793_d_0000031,visdrone_det.pt,0.25,640,64,41,41
0000074_15793_d_0000031,visdrone_det.pt,0.3,640,64,34,34
0000074_15793_d_0000031,visdrone_det.pt,0.4,640,64,24,24
0000074_15793_d_0000031,visdrone_det.pt,0.5,640,64,17,17
0000074_15793_d_0000031,visdrone_det.pt,0.05,1024,64,260,254
0000074_15793_d_0000031,visdrone_det.pt,0.1,1024,64,180,180
0000074_15793_d_0000031,visdrone_det.pt,0.15,1024,64,126,126
0000074_15793_d_0000031,visdrone_det.pt,0.2,1024,64,95,95
0000074_15793_d_0000031,visdrone_det.pt,0.25,1024,64,75,75
0000074_15793_d_0000031,visdrone_det.pt,0.3,1024,64,61,61
0000074_15793_d_0000031,visdrone_det.pt,0.4,1024,64,41,41
0000074_15793_d_0000031,visdrone_det.pt,0.5,1024,64,34,34
0000074_15793_d_0000031,visdrone_det.pt,0.05,1536,64,332,327
0000074_15793_d_0000031,visdrone_det.pt,0.1,1536,64,223,220
0000074_15793_d_0000031,visdrone_det.pt,0.15,1536,64,168,167
0000074_15793_d_0000031,visdrone_det.pt,0.2,1536,64,133,132
0000074_15793_d_0000031,visdrone_det.pt,0.25,1536,64,93,93
0000074_15793_d_0000031,visdrone_det.pt,0.3,1536,64,71,71
0000074_15793_d_0000031,visdrone_det.pt,0.4,1536,64,47,47
0000074_15793_d_0000031,visdrone_det.pt,0.5,1536,64,33,33
0000078_01314_d_0000004,visdrone_det.pt,0.05,640,2,8,0
0000078_01314_d_0000004,visdrone_det.pt,0.1,640,2,3,0
0000078_01314_d_0000004,visdrone_det.pt,0.15,640,2,2,0
0000078_01314_d_0000004,visdrone_det.pt,0.2,640,2,2,0
0000078_01314_d_0000004,visdrone_det.pt,0.25,640,2,2,0
0000078_01314_d_0000004,visdrone_det.pt,0.3,640,2,1,0
0000078_01314_d_0000004,visdrone_det.pt,0.4,640,2,1,0
0000078_01314_d_0000004,visdrone_det.pt,0.5,640,2,0,0
0000078_01314_d_0000004,visdrone_det.pt,0.05,1024,2,7,0
0000078_01314_d_0000004,visdrone_det.pt,0.1,1024,2,3,0
0000078_01314_d_0000004,visdrone_det.pt,0.15,1024,2,2,0
0000078_01314_d_0000004,visdrone_det.pt,0.2,1024,2,2,0
0000078_01314_d_0000004,visdrone_det.pt,0.25,1024,2,2,0
0000078_01314_d_0000004,visdrone_det.pt,0.3,1024,2,2,0
0000078_01314_d_0000004,visdrone_det.pt,0.4,1024,2,2,0
0000078_01314_d_0000004,visdrone_det.pt,0.5,1024,2,1,0
0000078_01314_d_0000004,visdrone_det.pt,0.05,1536,2,9,0
0000078_01314_d_0000004,visdrone_det.pt,0.1,1536,2,4,0
0000078_01314_d_0000004,visdrone_det.pt,0.15,1536,2,2,0
0000078_01314_d_0000004,visdrone_det.pt,0.2,1536,2,2,0
0000078_01314_d_0000004,visdrone_det.pt,0.25,1536,2,2,0
0000078_01314_d_0000004,visdrone_det.pt,0.3,1536,2,2,0
0000078_01314_d_0000004,visdrone_det.pt,0.4,1536,2,2,0
0000078_01314_d_0000004,visdrone_det.pt,0.5,1536,2,2,0
0000078_02778_d_0000008,visdrone_det.pt,0.05,640,17,105,8
0000078_02778_d_0000008,visdrone_det.pt,0.1,640,17,58,3
0000078_02778_d_0000008,visdrone_det.pt,0.15,640,17,40,0
0000078_02778_d_0000008,visdrone_det.pt,0.2,640,17,29,0
0000078_02778_d_0000008,visdrone_det.pt,0.25,640,17,24,0
0000078_02778_d_0000008,visdrone_det.pt,0.3,640,17,17,0
0000078_02778_d_0000008,visdrone_det.pt,0.4,640,17,13,0
0000078_02778_d_0000008,visdrone_det.pt,0.5,640,17,10,0
0000078_02778_d_0000008,visdrone_det.pt,0.05,1024,17,188,31
0000078_02778_d_0000008,visdrone_det.pt,0.1,1024,17,128,19
0000078_02778_d_0000008,visdrone_det.pt,0.15,1024,17,92,11
0000078_02778_d_0000008,visdrone_det.pt,0.2,1024,17,76,6
0000078_02778_d_0000008,visdrone_det.pt,0.25,1024,17,61,4
0000078_02778_d_0000008,visdrone_det.pt,0.3,1024,17,48,2
0000078_02778_d_0000008,visdrone_det.pt,0.4,1024,17,30,0
0000078_02778_d_0000008,visdrone_det.pt,0.5,1024,17,26,0
0000078_02778_d_0000008,visdrone_det.pt,0.05,1536,17,142,29
0000078_02778_d_0000008,visdrone_det.pt,0.1,1536,17,95,19
0000078_02778_d_0000008,visdrone_det.pt,0.15,1536,17,65,14
0000078_02778_d_0000008,visdrone_det.pt,0.2,1536,17,53,11
0000078_02778_d_0000008,visdrone_det.pt,0.25,1536,17,48,9
0000078_02778_d_0000008,visdrone_det.pt,0.3,1536,17,42,8
0000078_02778_d_0000008,visdrone_det.pt,0.4,1536,17,30,5
0000078_02778_d_0000008,visdrone_det.pt,0.5,1536,17,22,2
0000078_03171_d_0000009,visdrone_det.pt,0.05,640,28,146,15
0000078_03171_d_0000009,visdrone_det.pt,0.1,640,28,98,10
0000078_03171_d_0000009,visdrone_det.pt,0.15,640,28,79,7
0000078_03171_d_0000009,visdrone_det.pt,0.2,640,28,69,4
0000078_03171_d_0000009,visdrone_det.pt,0.25,640,28,56,3
0000078_03171_d_0000009,visdrone_det.pt,0.3,640,28,53,3
0000078_03171_d_0000009,visdrone_det.pt,0.4,640,28,46,1
0000078_03171_d_0000009,visdrone_det.pt,0.5,640,28,36,1
0000078_03171_d_0000009,visdrone_det.pt,0.05,1024,28,183,34
0000078_03171_d_0000009,visdrone_det.pt,0.1,1024,28,132,22
0000078_03171_d_0000009,visdrone_det.pt,0.15,1024,28,104,19
0000078_03171_d_0000009,visdrone_det.pt,0.2,1024,28,83,15
0000078_03171_d_0000009,visdrone_det.pt,0.25,1024,28,73,9
0000078_03171_d_0000009,visdrone_det.pt,0.3,1024,28,65,8
0000078_03171_d_0000009,visdrone_det.pt,0.4,1024,28,54,7
0000078_03171_d_0000009,visdrone_det.pt,0.5,1024,28,39,1
0000078_03171_d_0000009,visdrone_det.pt,0.05,1536,28,217,48
0000078_03171_d_0000009,visdrone_det.pt,0.1,1536,28,154,33
0000078_03171_d_0000009,visdrone_det.pt,0.15,1536,28,119,24
0000078_03171_d_0000009,visdrone_det.pt,0.2,1536,28,96,21
0000078_03171_d_0000009,visdrone_det.pt,0.25,1536,28,77,11
0000078_03171_d_0000009,visdrone_det.pt,0.3,1536,28,70,11
0000078_03171_d_0000009,visdrone_det.pt,0.4,1536,28,61,8
0000078_03171_d_0000009,visdrone_det.pt,0.5,1536,28,48,5
0000083_00803_d_0000003,visdrone_det.pt,0.05,640,33,115,71
0000083_00803_d_0000003,visdrone_det.pt,0.1,640,33,63,41
0000083_00803_d_0000003,visdrone_det.pt,0.15,640,33,48,34
0000083_00803_d_0000003,visdrone_det.pt,0.2,640,33,35,27
0000083_00803_d_0000003,visdrone_det.pt,0.25,640,33,26,21
0000083_00803_d_0000003,visdrone_det.pt,0.3,640,33,22,19
0000083_00803_d_0000003,visdrone_det.pt,0.4,640,33,14,13
0000083_00803_d_0000003,visdrone_det.pt,0.5,640,33,12,12
0000083_00803_d_0000003,visdrone_det.pt,0.05,1024,33,106,83
0000083_00803_d_0000003,visdrone_det.pt,0.1,1024,33,67,56
0000083_00803_d_0000003,visdrone_det.pt,0.15,1024,33,50,46
0000083_00803_d_0000003,visdrone_det.pt,0.2,1024,33,42,40
0000083_00803_d_0000003,visdrone_det.pt,0.25,1024,33,32,30
0000083_00803_d_0000003,visdrone_det.pt,0.3,1024,33,26,26
0000083_00803_d_0000003,visdrone_det.pt,0.4,1024,33,20,20
0000083_00803_d_0000003,visdrone_det.pt,0.5,1024,33,18,18
0000083_00803_d_0000003,visdrone_det.pt,0.05,1536,33,105,99
0000083_00803_d_0000003,visdrone_det.pt,0.1,1536,33,63,61
0000083_00803_d_0000003,visdrone_det.pt,0.15,1536,33,47,46
0000083_00803_d_0000003,visdrone_det.pt,0.2,1536,33,41,41
0000083_00803_d_0000003,visdrone_det.pt,0.25,1536,33,34,34
0000083_00803_d_0000003,visdrone_det.pt,0.3,1536,33,30,30
0000083_00803_d_0000003,visdrone_det.pt,0.4,1536,33,20,20
0000083_00803_d_0000003,visdrone_det.pt,0.5,1536,33,11,11
0000105_02539_d_0000072,visdrone_det.pt,0.05,640,12,113,12
0000105_02539_d_0000072,visdrone_det.pt,0.1,640,12,92,9
0000105_02539_d_0000072,visdrone_det.pt,0.15,640,12,82,6
0000105_02539_d_0000072,visdrone_det.pt,0.2,640,12,63,4
0000105_02539_d_0000072,visdrone_det.pt,0.25,640,12,56,2
0000105_02539_d_0000072,visdrone_det.pt,0.3,640,12,53,2
0000105_02539_d_0000072,visdrone_det.pt,0.4,640,12,49,1
0000105_02539_d_0000072,visdrone_det.pt,0.5,640,12,42,1
0000105_02539_d_0000072,visdrone_det.pt,0.05,1024,12,122,17
0000105_02539_d_0000072,visdrone_det.pt,0.1,1024,12,86,11
0000105_02539_d_0000072,visdrone_det.pt,0.15,1024,12,74,9
0000105_02539_d_0000072,visdrone_det.pt,0.2,1024,12,70,9
0000105_02539_d_0000072,visdrone_det.pt,0.25,1024,12,63,5
0000105_02539_d_0000072,visdrone_det.pt,0.3,1024,12,57,4
0000105_02539_d_0000072,visdrone_det.pt,0.4,1024,12,51,3
0000105_02539_d_0000072,visdrone_det.pt,0.5,1024,12,45,3
0000105_02539_d_0000072,visdrone_det.pt,0.05,1536,12,142,14
0000105_02539_d_0000072,visdrone_det.pt,0.1,1536,12,106,9
0000105_02539_d_0000072,visdrone_det.pt,0.15,1536,12,91,8
0000105_02539_d_0000072,visdrone_det.pt,0.2,1536,12,82,8
0000105_02539_d_0000072,visdrone_det.pt,0.25,1536,12,73,7
0000105_02539_d_0000072,visdrone_det.pt,0.3,1536,12,70,7
0000105_02539_d_0000072,visdrone_det.pt,0.4,1536,12,61,6
0000105_02539_d_0000072,visdrone_det.pt,0.5,1536,12,50,3
0000120_00559_d_0000092,visdrone_det.pt,0.05,640,31,202,94
0000120_00559_d_0000092,visdrone_det.pt,0.1,640,31,111,52
0000120_00559_d_0000092,visdrone_det.pt,0.15,640,31,62,26
0000120_00559_d_0000092,visdrone_det.pt,0.2,640,31,43,17
0000120_00559_d_0000092,visdrone_det.pt,0.25,640,31,31,10
0000120_00559_d_0000092,visdrone_det.pt,0.3,640,31,23,4
0000120_00559_d_0000092,visdrone_det.pt,0.4,640,31,14,4
0000120_00559_d_0000092,visdrone_det.pt,0.5,640,31,11,3
0000120_00559_d_0000092,visdrone_det.pt,0.05,1024,31,237,114
0000120_00559_d_0000092,visdrone_det.pt,0.1,1024,31,133,60
0000120_00559_d_0000092,visdrone_det.pt,0.15,1024,31,87,45
0000120_00559_d_0000092,visdrone_det.pt,0.2,1024,31,68,37
0000120_00559_d_0000092,visdrone_det.pt,0.25,1024,31,49,25
0000120_00559_d_0000092,visdrone_det.pt,0.3,1024,31,39,17
0000120_00559_d_0000092,visdrone_det.pt,0.4,1024,31,32,13
0000120_00559_d_0000092,visdrone_det.pt,0.5,1024,31,22,7
0000120_00559_d_0000092,visdrone_det.pt,0.05,1536,31,288,109
0000120_00559_d_0000092,visdrone_det.pt,0.1,1536,31,163,60
0000120_00559_d_0000092,visdrone_det.pt,0.15,1536,31,99,39
0000120_00559_d_0000092,visdrone_det.pt,0.2,1536,31,72,31
0000120_00559_d_0000092,visdrone_det.pt,0.25,1536,31,59,28
0000120_00559_d_0000092,visdrone_det.pt,0.3,1536,31,52,25
0000120_00559_d_0000092,visdrone_det.pt,0.4,1536,31,31,15
0000120_00559_d_0000092,visdrone_det.pt,0.5,1536,31,23,9
0000120_02946_d_0000098,visdrone_det.pt,0.05,640,12,114,38
0000120_02946_d_0000098,visdrone_det.pt,0.1,640,12,78,24
0000120_02946_d_0000098,visdrone_det.pt,0.15,640,12,56,20
0000120_02946_d_0000098,visdrone_det.pt,0.2,640,12,45,14
0000120_02946_d_0000098,visdrone_det.pt,0.25,640,12,39,14
0000120_02946_d_0000098,visdrone_det.pt,0.3,640,12,33,13
0000120_02946_d_0000098,visdrone_det.pt,0.4,640,12,23,10
0000120_02946_d_0000098,visdrone_det.pt,0.5,640,12,15,6
0000120_02946_d_0000098,visdrone_det.pt,0.05,1024,12,128,42
0000120_02946_d_0000098,visdrone_det.pt,0.1,1024,12,93,34
0000120_02946_d_0000098,visdrone_det.pt,0.15,1024,12,70,31
0000120_02946_d_0000098,visdrone_det.pt,0.2,1024,12,57,25
0000120_02946_d_0000098,visdrone_det.pt,0.25,1024,12,49,24
0000120_02946_d_0000098,visdrone_det.pt,0.3,1024,12,40,20
0000120_02946_d_0000098,visdrone_det.pt,0.4,1024,12,30,14
0000120_02946_d_0000098,visdrone_det.pt,0.5,1024,12,21,10
0000120_02946_d_0000098,visdrone_det.pt,0.05,1536,12,158,72
0000120_02946_d_0000098,visdrone_det.pt,0.1,1536,12,101,47
0000120_02946_d_0000098,visdrone_det.pt,0.15,1536,12,75,35
0000120_02946_d_0000098,visdrone_det.pt,0.2,1536,12,57,28
0000120_02946_d_0000098,visdrone_det.pt,0.25,1536,12,45,23
0000120_02946_d_0000098,visdrone_det.pt,0.3,1536,12,40,19
0000120_02946_d_0000098,visdrone_det.pt,0.4,1536,12,32,16
0000120_02946_d_0000098,visdrone_det.pt,0.5,1536,12,24,12
0000127_00002_d_0000119,visdrone_det.pt,0.05,640,52,359,44
0000127_00002_d_0000119,visdrone_det.pt,0.1,640,52,219,27
0000127_00002_d_0000119,visdrone_det.pt,0.15,640,52,158,15
0000127_00002_d_0000119,visdrone_det.pt,0.2,640,52,133,9
0000127_00002_d_0000119,visdrone_det.pt,0.25,640,52,115,6
0000127_00002_d_0000119,visdrone_det.pt,0.3,640,52,99,6
0000127_00002_d_0000119,visdrone_det.pt,0.4,640,52,74,3
0000127_00002_d_0000119,visdrone_det.pt,0.5,640,52,55,0
0000127_00002_d_0000119,visdrone_det.pt,0.05,1024,52,472,77
0000127_00002_d_0000119,visdrone_det.pt,0.1,1024,52,321,48
0000127_00002_d_0000119,visdrone_det.pt,0.15,1024,52,230,35
0000127_00002_d_0000119,visdrone_det.pt,0.2,1024,52,181,30
0000127_00002_d_0000119,visdrone_det.pt,0.25,1024,52,153,21
0000127_00002_d_0000119,visdrone_det.pt,0.3,1024,52,136,18
0000127_00002_d_0000119,visdrone_det.pt,0.4,1024,52,100,12
0000127_00002_d_0000119,visdrone_det.pt,0.5,1024,52,78,8
0000127_00002_d_0000119,visdrone_det.pt,0.05,1536,52,637,118
0000127_00002_d_0000119,visdrone_det.pt,0.1,1536,52,416,72
0000127_00002_d_0000119,visdrone_det.pt,0.15,1536,52,308,49
0000127_00002_d_0000119,visdrone_det.pt,0.2,1536,52,238,37
0000127_00002_d_0000119,visdrone_det.pt,0.25,1536,52,196,30
0000127_00002_d_0000119,visdrone_det.pt,0.3,1536,52,169,22
0000127_00002_d_0000119,visdrone_det.pt,0.4,1536,52,124,16
0000127_00002_d_0000119,visdrone_det.pt,0.5,1536,52,97,9
0000127_01002_d_0000123,visdrone_det.pt,0.05,640,45,180,31
0000127_01002_d_0000123,visdrone_det.pt,0.1,640,45,120,14
0000127_01002_d_0000123,visdrone_det.pt,0.15,640,45,98,9
0000127_01002_d_0000123,visdrone_det.pt,0.2,640,45,86,5
0000127_01002_d_0000123,visdrone_det.pt,0.25,640,45,79,4
0000127_01002_d_0000123,visdrone_det.pt,0.3,640,45,74,2
0000127_01002_d_0000123,visdrone_det.pt,0.4,640,45,61,1
0000127_01002_d_0000123,visdrone_det.pt,0.5,640,45,51,0
0000127_01002_d_0000123,visdrone_det.pt,0.05,1024,45,191,58
0000127_01002_d_0000123,visdrone_det.pt,0.1,1024,45,138,32
0000127_01002_d_0000123,visdrone_det.pt,0.15,1024,45,110,21
0000127_01002_d_0000123,visdrone_det.pt,0.2,1024,45,99,14
0000127_01002_d_0000123,visdrone_det.pt,0.25,1024,45,87,9
0000127_01002_d_0000123,visdrone_det.pt,0.3,1024,45,77,6
0000127_01002_d_0000123,visdrone_det.pt,0.4,1024,45,68,3
0000127_01002_d_0000123,visdrone_det.pt,0.5,1024,45,61,2
0000127_01002_d_0000123,visdrone_det.pt,0.05,1536,45,196,68
0000127_01002_d_0000123,visdrone_det.pt,0.1,1536,45,159,50
0000127_01002_d_0000123,visdrone_det.pt,0.15,1536,45,126,35
0000127_01002_d_0000123,visdrone_det.pt,0.2,1536,45,114,28
0000127_01002_d_0000123,visdrone_det.pt,0.25,1536,45,99,21
0000127_01002_d_0000123,visdrone_det.pt,0.3,1536,45,86,16
0000127_01002_d_0000123,visdrone_det.pt,0.4,1536,45,77,12
0000127_01002_d_0000123,visdrone_det.pt,0.5,1536,45,69,9
0000152_00599_d_0000146,visdrone_det.pt,0.05,640,19,74,10
0000152_00599_d_0000146,visdrone_det.pt,0.1,640,19,41,6
0000152_00599_d_0000146,visdrone_det.pt,0.15,640,19,22,2
0000152_00599_d_0000146,visdrone_det.pt,0.2,640,19,15,0
0000152_00599_d_0000146,visdrone_det.pt,0.25,640,19,11,0
0000152_00599_d_0000146,visdrone_det.pt,0.3,640,19,8,0
0000152_00599_d_0000146,visdrone_det.pt,0.4,640,19,5,0
0000152_00599_d_0000146,visdrone_det.pt,0.5,640,19,5,0
0000152_00599_d_0000146,visdrone_det.pt,0.05,1024,19,79,10
0000152_00599_d_0000146,visdrone_det.pt,0.1,1024,19,44,1
0000152_00599_d_0000146,visdrone_det.pt,0.15,1024,19,27,0
0000152_00599_d_0000146,visdrone_det.pt,0.2,1024,19,19,0
0000152_00599_d_0000146,visdrone_det.pt,0.25,1024,19,12,0
0000152_00599_d_0000146,visdrone_det.pt,0.3,1024,19,11,0
0000152_00599_d_0000146,visdrone_det.pt,0.4,1024,19,8,0
0000152_00599_d_0000146,visdrone_det.pt,0.5,1024,19,6,0
0000152_00599_d_0000146,visdrone_det.pt,0.05,1536,19,123,19
0000152_00599_d_0000146,visdrone_det.pt,0.1,1536,19,76,8
0000152_00599_d_0000146,visdrone_det.pt,0.15,1536,19,47,3
0000152_00599_d_0000146,visdrone_det.pt,0.2,1536,19,31,1
0000152_00599_d_0000146,visdrone_det.pt,0.25,1536,19,22,1
0000152_00599_d_0000146,visdrone_det.pt,0.3,1536,19,18,1
0000152_00599_d_0000146,visdrone_det.pt,0.4,1536,19,10,0
0000152_00599_d_0000146,visdrone_det.pt,0.5,1536,19,10,0
0000152_02214_d_0000150,visdrone_det.pt,0.05,640,26,97,8
0000152_02214_d_0000150,visdrone_det.pt,0.1,640,26,47,3
0000152_02214_d_0000150,visdrone_det.pt,0.15,640,26,25,1
0000152_02214_d_0000150,visdrone_det.pt,0.2,640,26,17,1
0000152_02214_d_0000150,visdrone_det.pt,0.25,640,26,11,1
0000152_02214_d_0000150,visdrone_det.pt,0.3,640,26,9,1
0000152_02214_d_0000150,visdrone_det.pt,0.4,640,26,6,1
0000152_02214_d_0000150,visdrone_det.pt,0.5,640,26,5,1
0000152_02214_d_0000150,visdrone_det.pt,0.05,1024,26,139,28
0000152_02214_d_0000150,visdrone_det.pt,0.1,1024,26,61,11
0000152_02214_d_0000150,visdrone_det.pt,0.15,1024,26,41,8
0000152_02214_d_0000150,visdrone_det.pt,0.2,1024,26,25,5
0000152_02214_d_0000150,visdrone_det.pt,0.25,1024,26,18,4
0000152_02214_d_0000150,visdrone_det.pt,0.3,1024,26,14,4
0000152_02214_d_0000150,visdrone_det.pt,0.4,1024,26,9,2
0000152_02214_d_0000150,visdrone_det.pt,0.5,1024,26,7,1
0000152_02214_d_0000150,visdrone_det.pt,0.05,1536,26,177,39
0000152_02214_d_0000150,visdrone_det.pt,0.1,1536,26,101,20
0000152_02214_d_0000150,visdrone_det.pt,0.15,1536,26,59,10
0000152_02214_d_0000150,visdrone_det.pt,0.2,1536,26,39,7
0000152_02214_d_0000150,visdrone_det.pt,0.25,1536,26,31,7
0000152_02214_d_0000150,visdrone_det.pt,0.3,1536,26,22,5
0000152_02214_d_0000150,visdrone_det.pt,0.4,1536,26,11,1
0000152_02214_d_0000150,visdrone_det.pt,0.5,1536,26,8,1
0000152_03226_d_0000153,visdrone_det.pt,0.05,640,24,75,2
0000152_03226_d_0000153,visdrone_det.pt,0.1,640,24,51,2
0000152_03226_d_0000153,visdrone_det.pt,0.15,640,24,34,0
0000152_03226_d_0000153,visdrone_det.pt,0.2,640,24,26,0
0000152_03226_d_0000153,visdrone_det.pt,0.25,640,24,18,0
0000152_03226_d_0000153,visdrone_det.pt,0.3,640,24,14,0
0000152_03226_d_0000153,visdrone_det.pt,0.4,640,24,10,0
0000152_03226_d_0000153,visdrone_det.pt,0.5,640,24,6,0
0000152_03226_d_0000153,visdrone_det.pt,0.05,1024,24,107,4
0000152_03226_d_0000153,visdrone_det.pt,0.1,1024,24,71,1
0000152_03226_d_0000153,visdrone_det.pt,0.15,1024,24,50,1
0000152_03226_d_0000153,visdrone_det.pt,0.2,1024,24,39,0
0000152_03226_d_0000153,visdrone_det.pt,0.25,1024,24,30,0
0000152_03226_d_0000153,visdrone_det.pt,0.3,1024,24,22,0
0000152_03226_d_0000153,visdrone_det.pt,0.4,1024,24,11,0
0000152_03226_d_0000153,visdrone_det.pt,0.5,1024,24,7,0
0000152_03226_d_0000153,visdrone_det.pt,0.05,1536,24,125,11
0000152_03226_d_0000153,visdrone_det.pt,0.1,1536,24,80,2
0000152_03226_d_0000153,visdrone_det.pt,0.15,1536,24,54,0
0000152_03226_d_0000153,visdrone_det.pt,0.2,1536,24,39,0
0000152_03226_d_0000153,visdrone_det.pt,0.25,1536,24,32,0
0000152_03226_d_0000153,visdrone_det.pt,0.3,1536,24,23,0
0000152_03226_d_0000153,visdrone_det.pt,0.4,1536,24,13,0
0000152_03226_d_0000153,visdrone_det.pt,0.5,1536,24,7,0
0000207_00500_d_0000006,visdrone_det.pt,0.05,640,12,163,1
0000207_00500_d_0000006,visdrone_det.pt,0.1,640,12,98,1
0000207_00500_d_0000006,visdrone_det.pt,0.15,640,12,62,1
0000207_00500_d_0000006,visdrone_det.pt,0.2,640,12,49,1
0000207_00500_d_0000006,visdrone_det.pt,0.25,640,12,33,1
0000207_00500_d_0000006,visdrone_det.pt,0.3,640,12,23,1
0000207_00500_d_0000006,visdrone_det.pt,0.4,640,12,15,1
0000207_00500_d_0000006,visdrone_det.pt,0.5,640,12,5,1
0000207_00500_d_0000006,visdrone_det.pt,0.05,1024,12,235,8
0000207_00500_d_0000006,visdrone_det.pt,0.1,1024,12,124,4
0000207_00500_d_0000006,visdrone_det.pt,0.15,1024,12,94,2
0000207_00500_d_0000006,visdrone_det.pt,0.2,1024,12,73,2
0000207_00500_d_0000006,visdrone_det.pt,0.25,1024,12,56,2
0000207_00500_d_0000006,visdrone_det.pt,0.3,1024,12,43,2
0000207_00500_d_0000006,visdrone_det.pt,0.4,1024,12,33,1
0000207_00500_d_0000006,visdrone_det.pt,0.5,1024,12,22,0
0000207_00500_d_0000006,visdrone_det.pt,0.05,1536,12,310,34
0000207_00500_d_0000006,visdrone_det.pt,0.1,1536,12,210,23
0000207_00500_d_0000006,visdrone_det.pt,0.15,1536,12,146,15
0000207_00500_d_0000006,visdrone_det.pt,0.2,1536,12,111,11
0000207_00500_d_0000006,visdrone_det.pt,0.25,1536,12,87,6
0000207_00500_d_0000006,visdrone_det.pt,0.3,1536,12,65,4
0000207_00500_d_0000006,visdrone_det.pt,0.4,1536,12,42,3
0000207_00500_d_0000006,visdrone_det.pt,0.5,1536,12,29,1
0000250_02350_d_0000001,visdrone_det.pt,0.05,640,1,72,1
0000250_02350_d_0000001,visdrone_det.pt,0.1,640,1,43,0
0000250_02350_d_0000001,visdrone_det.pt,0.15,640,1,30,0
0000250_02350_d_0000001,visdrone_det.pt,0.2,640,1,26,0
0000250_02350_d_0000001,visdrone_det.pt,0.25,640,1,21,0
0000250_02350_d_0000001,visdrone_det.pt,0.3,640,1,18,0
0000250_02350_d_0000001,visdrone_det.pt,0.4,640,1,15,0
0000250_02350_d_0000001,visdrone_det.pt,0.5,640,1,13,0
0000250_02350_d_0000001,visdrone_det.pt,0.05,1024,1,91,2
0000250_02350_d_0000001,visdrone_det.pt,0.1,1024,1,59,1
0000250_02350_d_0000001,visdrone_det.pt,0.15,1024,1,43,1
0000250_02350_d_0000001,visdrone_det.pt,0.2,1024,1,37,1
0000250_02350_d_0000001,visdrone_det.pt,0.25,1024,1,32,1
0000250_02350_d_0000001,visdrone_det.pt,0.3,1024,1,26,1
0000250_02350_d_0000001,visdrone_det.pt,0.4,1024,1,23,0
0000250_02350_d_0000001,visdrone_det.pt,0.5,1024,1,17,0
0000250_02350_d_0000001,visdrone_det.pt,0.05,1536,1,66,1
0000250_02350_d_0000001,visdrone_det.pt,0.1,1536,1,49,1
0000250_02350_d_0000001,visdrone_det.pt,0.15,1536,1,41,1
0000250_02350_d_0000001,visdrone_det.pt,0.2,1536,1,38,1
0000250_02350_d_0000001,visdrone_det.pt,0.25,1536,1,37,1
0000250_02350_d_0000001,visdrone_det.pt,0.3,1536,1,33,0
0000250_02350_d_0000001,visdrone_det.pt,0.4,1536,1,26,0
0000250_02350_d_0000001,visdrone_det.pt,0.5,1536,1,23,0
0000259_03000_d_0000007,visdrone_det.pt,0.05,640,17,47,11
0000259_03000_d_0000007,visdrone_det.pt,0.1,640,17,36,6
0000259_03000_d_0000007,visdrone_det.pt,0.15,640,17,30,3
0000259_03000_d_0000007,visdrone_det.pt,0.2,640,17,27,1
0000259_03000_d_0000007,visdrone_det.pt,0.25,640,17,23,1
0000259_03000_d_0000007,visdrone_det.pt,0.3,640,17,19,1
0000259_03000_d_0000007,visdrone_det.pt,0.4,640,17,17,0
0000259_03000_d_0000007,visdrone_det.pt,0.5,640,17,15,0
0000259_03000_d_0000007,visdrone_det.pt,0.05,1024,17,70,20
0000259_03000_d_0000007,visdrone_det.pt,0.1,1024,17,45,7
0000259_03000_d_0000007,visdrone_det.pt,0.15,1024,17,40,4
0000259_03000_d_0000007,visdrone_det.pt,0.2,1024,17,31,3
0000259_03000_d_0000007,visdrone_det.pt,0.25,1024,17,29,3
0000259_03000_d_0000007,visdrone_det.pt,0.3,1024,17,26,2
0000259_03000_d_0000007,visdrone_det.pt,0.4,1024,17,25,2
0000259_03000_d_0000007,visdrone_det.pt,0.5,1024,17,22,1
0000259_03000_d_0000007,visdrone_det.pt,0.05,1536,17,65,22
0000259_03000_d_0000007,visdrone_det.pt,0.1,1536,17,47,14
0000259_03000_d_0000007,visdrone_det.pt,0.15,1536,17,39,10
0000259_03000_d_0000007,visdrone_det.pt,0.2,1536,17,36,8
0000259_03000_d_0000007,visdrone_det.pt,0.25,1536,17,35,7
0000259_03000_d_0000007,visdrone_det.pt,0.3,1536,17,33,7
0000259_03000_d_0000007,visdrone_det.pt,0.4,1536,17,27,5
0000259_03000_d_0000007,visdrone_det.pt,0.5,1536,17,22,2
0000259_03500_d_0000008,visdrone_det.pt,0.05,640,7,56,12
0000259_03500_d_0000008,visdrone_det.pt,0.1,640,7,34,5
0000259_03500_d_0000008,visdrone_det.pt,0.15,640,7,28,4
0000259_03500_d_0000008,visdrone_det.pt,0.2,640,7,26,3
0000259_03500_d_0000008,visdrone_det.pt,0.25,640,7,26,3
0000259_03500_d_0000008,visdrone_det.pt,0.3,640,7,24,2
0000259_03500_d_0000008,visdrone_det.pt,0.4,640,7,19,1
0000259_03500_d_0000008,visdrone_det.pt,0.5,640,7,15,0
0000259_03500_d_0000008,visdrone_det.pt,0.05,1024,7,55,11
0000259_03500_d_0000008,visdrone_det.pt,0.1,1024,7,41,8
0000259_03500_d_0000008,visdrone_det.pt,0.15,1024,7,33,5
0000259_03500_d_0000008,visdrone_det.pt,0.2,1024,7,25,4
0000259_03500_d_0000008,visdrone_det.pt,0.25,1024,7,22,2
0000259_03500_d_0000008,visdrone_det.pt,0.3,1024,7,22,2
0000259_03500_d_0000008,visdrone_det.pt,0.4,1024,7,22,2
0000259_03500_d_0000008,visdrone_det.pt,0.5,1024,7,22,2
0000259_03500_d_0000008,visdrone_det.pt,0.05,1536,7,65,17
0000259_03500_d_0000008,visdrone_det.pt,0.1,1536,7,43,8
0000259_03500_d_0000008,visdrone_det.pt,0.15,1536,7,35,5
0000259_03500_d_0000008,visdrone_det.pt,0.2,1536,7,31,5
0000259_03500_d_0000008,visdrone_det.pt,0.25,1536,7,29,4
0000259_03500_d_0000008,visdrone_det.pt,0.3,1536,7,27,2
0000259_03500_d_0000008,visdrone_det.pt,0.4,1536,7,22,1
0000259_03500_d_0000008,visdrone_det.pt,0.5,1536,7,20,1
0000265_03500_d_0000008,visdrone_det.pt,0.05,640,61,200,24
0000265_03500_d_0000008,visdrone_det.pt,0.1,640,61,129,13
0000265_03500_d_0000008,visdrone_det.pt,0.15,640,61,91,4
0000265_03500_d_0000008,visdrone_det.pt,0.2,640,61,67,2
0000265_03500_d_0000008,visdrone_det.pt,0.25,640,61,57,2
0000265_03500_d_0000008,visdrone_det.pt,0.3,640,61,45,1
0000265_03500_d_0000008,visdrone_det.pt,0.4,640,61,28,0
0000265_03500_d_0000008,visdrone_det.pt,0.5,640,61,21,0
0000265_03500_d_0000008,visdrone_det.pt,0.05,1024,61,291,72
0000265_03500_d_0000008,visdrone_det.pt,0.1,1024,61,184,35
0000265_03500_d_0000008,visdrone_det.pt,0.15,1024,61,127,16
0000265_03500_d_0000008,visdrone_det.pt,0.2,1024,61,100,13
0000265_03500_d_0000008,visdrone_det.pt,0.25,1024,61,78,8
0000265_03500_d_0000008,visdrone_det.pt,0.3,1024,61,73,7
0000265_03500_d_0000008,visdrone_det.pt,0.4,1024,61,54,2
0000265_03500_d_0000008,visdrone_det.pt,0.5,1024,61,37,2
0000265_03500_d_0000008,visdrone_det.pt,0.05,1536,61,350,90
0000265_03500_d_0000008,visdrone_det.pt,0.1,1536,61,216,49
0000265_03500_d_0000008,visdrone_det.pt,0.15,1536,61,156,31
0000265_03500_d_0000008,visdrone_det.pt,0.2,1536,61,128,26
0000265_03500_d_0000008,visdrone_det.pt,0.25,1536,61,103,17
0000265_03500_d_0000008,visdrone_det.pt,0.3,1536,61,92,14
0000265_03500_d_0000008,visdrone_det.pt,0.4,1536,61,70,7
0000265_03500_d_0000008,visdrone_det.pt,0.5,1536,61,50,4
0000265_04500_d_0000010,visdrone_det.pt,0.05,640,43,276,49
0000265_04500_d_0000010,visdrone_det.pt,0.1,640,43,160,22
0000265_04500_d_0000010,visdrone_det.pt,0.15,640,43,112,12
0000265_04500_d_0000010,visdrone_det.pt,0.2,640,43,86,9
0000265_04500_d_0000010,visdrone_det.pt,0.25,640,43,69,9
0000265_04500_d_0000010,visdrone_det.pt,0.3,640,43,51,5
0000265_04500_d_0000010,visdrone_det.pt,0.4,640,43,40,3
0000265_04500_d_0000010,visdrone_det.pt,0.5,640,43,31,1
0000265_04500_d_0000010,visdrone_det.pt,0.05,1024,43,390,88
0000265_04500_d_0000010,visdrone_det.pt,0.1,1024,43,244,61
0000265_04500_d_0000010,visdrone_det.pt,0.15,1024,43,166,40
0000265_04500_d_0000010,visdrone_det.pt,0.2,1024,43,133,28
0000265_04500_d_0000010,visdrone_det.pt,0.25,1024,43,102,24
0000265_04500_d_0000010,visdrone_det.pt,0.3,1024,43,81,20
0000265_04500_d_0000010,visdrone_det.pt,0.4,1024,43,58,14
0000265_04500_d_0000010,visdrone_det.pt,0.5,1024,43,46,10
0000265_04500_d_0000010,visdrone_det.pt,0.05,1536,43,463,120
0000265_04500_d_0000010,visdrone_det.pt,0.1,1536,43,296,70
0000265_04500_d_0000010,visdrone_det.pt,0.15,1536,43,215,52
0000265_04500_d_0000010,visdrone_det.pt,0.2,1536,43,166,40
0000265_04500_d_0000010,visdrone_det.pt,0.25,1536,43,135,34
0000265_04500_d_0000010,visdrone_det.pt,0.3,1536,43,107,27
0000265_04500_d_0000010,visdrone_det.pt,0.4,1536,43,75,15
0000265_04500_d_0000010,visdrone_det.pt,0.5,1536,43,60,10
0000265_05000_d_0000011,visdrone_det.pt,0.05,640,33,274,27
0000265_05000_d_0000011,visdrone_det.pt,0.1,640,33,164,11
0000265_05000_d_0000011,visdrone_det.pt,0.15,640,33,108,7
0000265_05000_d_0000011,visdrone_det.pt,0.2,640,33,70,3
0000265_05000_d_0000011,visdrone_det.pt,0.25,640,33,49,2
0000265_05000_d_0000011,visdrone_det.pt,0.3,640,33,40,1
0000265_05000_d_0000011,visdrone_det.pt,0.4,640,33,20,0
0000265_05000_d_0000011,visdrone_det.pt,0.5,640,33,11,0
0000265_05000_d_0000011,visdrone_det.pt,0.05,1024,33,374,62
0000265_05000_d_0000011,visdrone_det.pt,0.1,1024,33,224,30
0000265_05000_d_0000011,visdrone_det.pt,0.15,1024,33,154,17
0000265_05000_d_0000011,visdrone_det.pt,0.2,1024,33,112,13
0000265_05000_d_0000011,visdrone_det.pt,0.25,1024,33,87,11
0000265_05000_d_0000011,visdrone_det.pt,0.3,1024,33,67,9
0000265_05000_d_0000011,visdrone_det.pt,0.4,1024,33,39,6
0000265_05000_d_0000011,visdrone_det.pt,0.5,1024,33,24,1
0000265_05000_d_0000011,visdrone_det.pt,0.05,1536,33,468,53
0000265_05000_d_0000011,visdrone_det.pt,0.1,1536,33,272,30
0000265_05000_d_0000011,visdrone_det.pt,0.15,1536,33,207,26
0000265_05000_d_0000011,visdrone_det.pt,0.2,1536,33,162,22
0000265_05000_d_0000011,visdrone_det.pt,0.25,1536,33,131,20
0000265_05000_d_0000011,visdrone_det.pt,0.3,1536,33,114,19
0000265_05000_d_0000011,visdrone_det.pt,0.4,1536,33,69,14
0000265_05000_d_0000011,visdrone_det.pt,0.5,1536,33,47,10
0000272_02000_d_0000005,visdrone_det.pt,0.05,640,13,181,9
0000272_02000_d_0000005,visdrone_det.pt,0.1,640,13,136,3
0000272_02000_d_0000005,visdrone_det.pt,0.15,640,13,114,2
0000272_02000_d_0000005,visdrone_det.pt,0.2,640,13,99,1
0000272_02000_d_0000005,visdrone_det.pt,0.25,640,13,83,1
0000272_02000_d_0000005,visdrone_det.pt,0.3,640,13,72,1
0000272_02000_d_0000005,visdrone_det.pt,0.4,640,13,60,1
0000272_02000_d_0000005,visdrone_det.pt,0.5,640,13,45,1
0000272_02000_d_0000005,visdrone_det.pt,0.05,1024,13,194,9
0000272_02000_d_0000005,visdrone_det.pt,0.1,1024,13,151,8
0000272_02000_d_0000005,visdrone_det.pt,0.15,1024,13,125,4
0000272_02000_d_0000005,visdrone_det.pt,0.2,1024,13,114,3
0000272_02000_d_0000005,visdrone_det.pt,0.25,1024,13,103,2
0000272_02000_d_0000005,visdrone_det.pt,0.3,1024,13,98,2
0000272_02000_d_0000005,visdrone_det.pt,0.4,1024,13,77,2
0000272_02000_d_0000005,visdrone_det.pt,0.5,1024,13,64,2
0000272_02000_d_0000005,visdrone_det.pt,0.05,1536,13,209,22
0000272_02000_d_0000005,visdrone_det.pt,0.1,1536,13,167,12
0000272_02000_d_0000005,visdrone_det.pt,0.15,1536,13,144,9
0000272_02000_d_0000005,visdrone_det.pt,0.2,1536,13,123,7
0000272_02000_d_0000005,visdrone_det.pt,0.25,1536,13,111,6
0000272_02000_d_0000005,visdrone_det.pt,0.3,1536,13,97,3
0000272_02000_d_0000005,visdrone_det.pt,0.4,1536,13,80,2
0000272_02000_d_0000005,visdrone_det.pt,0.5,1536,13,67,2
0000278_02251_d_0000001,visdrone_det.pt,0.05,640,7,125,8
0000278_02251_d_0000001,visdrone_det.pt,0.1,640,7,100,5
0000278_02251_d_0000001,visdrone_det.pt,0.15,640,7,84,3
0000278_02251_d_0000001,visdrone_det.pt,0.2,640,7,72,2
0000278_02251_d_0000001,visdrone_det.pt,0.25,640,7,68,2
0000278_02251_d_0000001,visdrone_det.pt,0.3,640,7,57,2
0000278_02251_d_0000001,visdrone_det.pt,0.4,640,7,52,2
0000278_02251_d_0000001,visdrone_det.pt,0.5,640,7,45,2
0000278_02251_d_0000001,visdrone_det.pt,0.05,1024,7,111,12
0000278_02251_d_0000001,visdrone_det.pt,0.1,1024,7,91,7
0000278_02251_d_0000001,visdrone_det.pt,0.15,1024,7,77,4
0000278_02251_d_0000001,visdrone_det.pt,0.2,1024,7,67,3
0000278_02251_d_0000001,visdrone_det.pt,0.25,1024,7,65,3
0000278_02251_d_0000001,visdrone_det.pt,0.3,1024,7,56,3
0000278_02251_d_0000001,visdrone_det.pt,0.4,1024,7,50,2
0000278_02251_d_0000001,visdrone_det.pt,0.5,1024,7,47,2
0000278_02251_d_0000001,visdrone_det.pt,0.05,1536,7,95,10
0000278_02251_d_0000001,visdrone_det.pt,0.1,1536,7,79,9
0000278_02251_d_0000001,visdrone_det.pt,0.15,1536,7,73,7
0000278_02251_d_0000001,visdrone_det.pt,0.2,1536,7,65,4
0000278_02251_d_0000001,visdrone_det.pt,0.25,1536,7,63,4
0000278_02251_d_0000001,visdrone_det.pt,0.3,1536,7,60,3
0000278_02251_d_0000001,visdrone_det.pt,0.4,1536,7,50,2
0000278_02251_d_0000001,visdrone_det.pt,0.5,1536,7,47,2
0000278_02451_d_0000003,visdrone_det.pt,0.05,640,5,126,7
0000278_02451_d_0000003,visdrone_det.pt,0.1,640,5,97,3
0000278_02451_d_0000003,visdrone_det.pt,0.15,640,5,82,3
0000278_02451_d_0000003,visdrone_det.pt,0.2,640,5,75,2
0000278_02451_d_0000003,visdrone_det.pt,0.25,640,5,67,2
0000278_02451_d_0000003,visdrone_det.pt,0.3,640,5,57,1
0000278_02451_d_0000003,visdrone_det.pt,0.4,640,5,49,1
0000278_02451_d_0000003,visdrone_det.pt,0.5,640,5,43,1
0000278_02451_d_0000003,visdrone_det.pt,0.05,1024,5,134,13
0000278_02451_d_0000003,visdrone_det.pt,0.1,1024,5,99,8
0000278_02451_d_0000003,visdrone_det.pt,0.15,1024,5,89,8
0000278_02451_d_0000003,visdrone_det.pt,0.2,1024,5,78,5
0000278_02451_d_0000003,visdrone_det.pt,0.25,1024,5,71,5
0000278_02451_d_0000003,visdrone_det.pt,0.3,1024,5,65,5
0000278_02451_d_0000003,visdrone_det.pt,0.4,1024,5,56,2
0000278_02451_d_0000003,visdrone_det.pt,0.5,1024,5,53,1
0000278_02451_d_0000003,visdrone_det.pt,0.05,1536,5,148,16
0000278_02451_d_0000003,visdrone_det.pt,0.1,1536,5,112,9
0000278_02451_d_0000003,visdrone_det.pt,0.15,1536,5,96,6
0000278_02451_d_0000003,visdrone_det.pt,0.2,1536,5,85,5
0000278_02451_d_0000003,visdrone_det.pt,0.25,1536,5,78,4
0000278_02451_d_0000003,visdrone_det.pt,0.3,1536,5,70,2
0000278_02451_d_0000003,visdrone_det.pt,0.4,1536,5,63,2
0000278_02451_d_0000003,visdrone_det.pt,0.5,1536,5,48,2
0000299_00000_d_0000088,visdrone_det.pt,0.05,640,15,177,13
0000299_00000_d_0000088,visdrone_det.pt,0.1,640,15,127,10
0000299_00000_d_0000088,visdrone_det.pt,0.15,640,15,89,5
0000299_00000_d_0000088,visdrone_det.pt,0.2,640,15,64,4
0000299_00000_d_0000088,visdrone_det.pt,0.25,640,15,53,3
0000299_00000_d_0000088,visdrone_det.pt,0.3,640,15,44,3
0000299_00000_d_0000088,visdrone_det.pt,0.4,640,15,35,2
0000299_00000_d_0000088,visdrone_det.pt,0.5,640,15,26,0
0000299_00000_d_0000088,visdrone_det.pt,0.05,1024,15,270,29
0000299_00000_d_0000088,visdrone_det.pt,0.1,1024,15,163,12
0000299_00000_d_0000088,visdrone_det.pt,0.15,1024,15,120,4
0000299_00000_d_0000088,visdrone_det.pt,0.2,1024,15,92,3
0000299_00000_d_0000088,visdrone_det.pt,0.25,1024,15,72,3
0000299_00000_d_0000088,visdrone_det.pt,0.3,1024,15,55,3
0000299_00000_d_0000088,visdrone_det.pt,0.4,1024,15,45,2
0000299_00000_d_0000088,visdrone_det.pt,0.5,1024,15,31,1
0000299_00000_d_0000088,visdrone_det.pt,0.05,1536,15,311,65
0000299_00000_d_0000088,visdrone_det.pt,0.1,1536,15,186,22
0000299_00000_d_0000088,visdrone_det.pt,0.15,1536,15,137,9
0000299_00000_d_0000088,visdrone_det.pt,0.2,1536,15,102,6
0000299_00000_d_0000088,visdrone_det.pt,0.25,1536,15,79,3
0000299_00000_d_0000088,visdrone_det.pt,0.3,1536,15,70,2
0000299_00000_d_0000088,visdrone_det.pt,0.4,1536,15,48,1
0000299_00000_d_0000088,visdrone_det.pt,0.5,1536,15,33,1
0000299_01800_d_0000100,visdrone_det.pt,0.05,640,20,82,2
0000299_01800_d_0000100,visdrone_det.pt,0.1,640,20,56,2
0000299_01800_d_0000100,visdrone_det.pt,0.15,640,20,42,1
0000299_01800_d_0000100,visdrone_det.pt,0.2,640,20,35,1
0000299_01800_d_0000100,visdrone_det.pt,0.25,640,20,30,1
0000299_01800_d_0000100,visdrone_det.pt,0.3,640,20,26,1
0000299_01800_d_0000100,visdrone_det.pt,0.4,640,20,21,1
0000299_01800_d_0000100,visdrone_det.pt,0.5,640,20,18,0
0000299_01800_d_0000100,visdrone_det.pt,0.05,1024,20,111,13
0000299_01800_d_0000100,visdrone_det.pt,0.1,1024,20,78,7
0000299_01800_d_0000100,visdrone_det.pt,0.15,1024,20,63,5
0000299_01800_d_0000100,visdrone_det.pt,0.2,1024,20,47,1
0000299_01800_d_0000100,visdrone_det.pt,0.25,1024,20,38,1
0000299_01800_d_0000100,visdrone_det.pt,0.3,1024,20,31,1
0000299_01800_d_0000100,visdrone_det.pt,0.4,1024,20,24,1
0000299_01800_d_0000100,visdrone_det.pt,0.5,1024,20,19,0
0000299_01800_d_0000100,visdrone_det.pt,0.05,1536,20,114,12
0000299_01800_d_0000100,visdrone_det.pt,0.1,1536,20,74,7
0000299_01800_d_0000100,visdrone_det.pt,0.15,1536,20,54,7
0000299_01800_d_0000100,visdrone_det.pt,0.2,1536,20,44,5
0000299_01800_d_0000100,visdrone_det.pt,0.25,1536,20,37,1
0000299_01800_d_0000100,visdrone_det.pt,0.3,1536,20,33,1
0000299_01800_d_0000100,visdrone_det.pt,0.4,1536,20,21,0
0000299_01800_d_0000100,visdrone_det.pt,0.5,1536,20,19,0
0000299_03500_d_0000104,visdrone_det.pt,0.05,640,21,91,0
0000299_03500_d_0000104,visdrone_det.pt,0.1,640,21,61,0
0000299_03500_d_0000104,visdrone_det.pt,0.15,640,21,40,0
0000299_03500_d_0000104,visdrone_det.pt,0.2,640,21,27,0
0000299_03500_d_0000104,visdrone_det.pt,0.25,640,21,23,0
0000299_03500_d_0000104,visdrone_det.pt,0.3,640,21,18,0
0000299_03500_d_0000104,visdrone_det.pt,0.4,640,21,12,0
0000299_03500_d_0000104,visdrone_det.pt,0.5,640,21,6,0
0000299_03500_d_0000104,visdrone_det.pt,0.05,1024,21,99,11
0000299_03500_d_0000104,visdrone_det.pt,0.1,1024,21,65,3
0000299_03500_d_0000104,visdrone_det.pt,0.15,1024,21,49,1
0000299_03500_d_0000104,visdrone_det.pt,0.2,1024,21,43,0
0000299_03500_d_0000104,visdrone_det.pt,0.25,1024,21,33,0
0000299_03500_d_0000104,visdrone_det.pt,0.3,1024,21,28,0
0000299_03500_d_0000104,visdrone_det.pt,0.4,1024,21,21,0
0000299_03500_d_0000104,visdrone_det.pt,0.5,1024,21,14,0
0000299_03500_d_0000104,visdrone_det.pt,0.05,1536,21,150,26
0000299_03500_d_0000104,visdrone_det.pt,0.1,1536,21,97,16
0000299_03500_d_0000104,visdrone_det.pt,0.15,1536,21,73,10
0000299_03500_d_0000104,visdrone_det.pt,0.2,1536,21,57,5
0000299_03500_d_0000104,visdrone_det.pt,0.25,1536,21,46,4
0000299_03500_d_0000104,visdrone_det.pt,0.3,1536,21,37,2
0000299_03500_d_0000104,visdrone_det.pt,0.4,1536,21,26,1
0000299_03500_d_0000104,visdrone_det.pt,0.5,1536,21,18,0
0000299_04000_d_0000105,visdrone_det.pt,0.05,640,8,93,5
0000299_04000_d_0000105,visdrone_det.pt,0.1,640,8,59,1
0000299_04000_d_0000105,visdrone_det.pt,0.15,640,8,46,0
0000299_04000_d_0000105,visdrone_det.pt,0.2,640,8,35,0
0000299_04000_d_0000105,visdrone_det.pt,0.25,640,8,29,0
0000299_04000_d_0000105,visdrone_det.pt,0.3,640,8,27,0
0000299_04000_d_0000105,visdrone_det.pt,0.4,640,8,21,0
0000299_04000_d_0000105,visdrone_det.pt,0.5,640,8,13,0
0000299_04000_d_0000105,visdrone_det.pt,0.05,1024,8,137,8
0000299_04000_d_0000105,visdrone_det.pt,0.1,1024,8,92,5
0000299_04000_d_0000105,visdrone_det.pt,0.15,1024,8,72,4
0000299_04000_d_0000105,visdrone_det.pt,0.2,1024,8,60,3
0000299_04000_d_0000105,visdrone_det.pt,0.25,1024,8,39,1
0000299_04000_d_0000105,visdrone_det.pt,0.3,1024,8,33,1
0000299_04000_d_0000105,visdrone_det.pt,0.4,1024,8,24,1
0000299_04000_d_0000105,visdrone_det.pt,0.5,1024,8,18,0
0000299_04000_d_0000105,visdrone_det.pt,0.05,1536,8,163,22
0000299_04000_d_0000105,visdrone_det.pt,0.1,1536,8,116,13
0000299_04000_d_0000105,visdrone_det.pt,0.15,1536,8,82,3
0000299_04000_d_0000105,visdrone_det.pt,0.2,1536,8,70,2
0000299_04000_d_0000105,visdrone_det.pt,0.25,1536,8,57,1
0000299_04000_d_0000105,visdrone_det.pt,0.3,1536,8,49,1
0000299_04000_d_0000105,visdrone_det.pt,0.4,1536,8,38,1
0000299_04000_d_0000105,visdrone_det.pt,0.5,1536,8,23,0
0000299_05500_d_0000108,visdrone_det.pt,0.05,640,35,220,11
0000299_05500_d_0000108,visdrone_det.pt,0.1,640,35,144,7
0000299_05500_d_0000108,visdrone_det.pt,0.15,640,35,102,4
0000299_05500_d_0000108,visdrone_det.pt,0.2,640,35,73,4
0000299_05500_d_0000108,visdrone_det.pt,0.25,640,35,61,2
0000299_05500_d_0000108,visdrone_det.pt,0.3,640,35,49,1
0000299_05500_d_0000108,visdrone_det.pt,0.4,640,35,31,0
0000299_05500_d_0000108,visdrone_det.pt,0.5,640,35,24,0
0000299_05500_d_0000108,visdrone_det.pt,0.05,1024,35,309,29
0000299_05500_d_0000108,visdrone_det.pt,0.1,1024,35,192,14
0000299_05500_d_0000108,visdrone_det.pt,0.15,1024,35,146,10
0000299_05500_d_0000108,visdrone_det.pt,0.2,1024,35,114,8
0000299_05500_d_0000108,visdrone_det.pt,0.25,1024,35,92,7
0000299_05500_d_0000108,visdrone_det.pt,0.3,1024,35,75,6
0000299_05500_d_0000108,visdrone_det.pt,0.4,1024,35,53,3
0000299_05500_d_0000108,visdrone_det.pt,0.5,1024,35,41,3
0000299_05500_d_0000108,visdrone_det.pt,0.05,1536,35,397,43
0000299_05500_d_0000108,visdrone_det.pt,0.1,1536,35,265,21
0000299_05500_d_0000108,visdrone_det.pt,0.15,1536,35,196,19
0000299_05500_d_0000108,visdrone_det.pt,0.2,1536,35,149,15
0000299_05500_d_0000108,visdrone_det.pt,0.25,1536,35,122,12
0000299_05500_d_0000108,visdrone_det.pt,0.3,1536,35,101,11
0000299_05500_d_0000108,visdrone_det.pt,0.4,1536,35,74,7
0000299_05500_d_0000108,visdrone_det.pt,0.5,1536,35,57,7
0000310_02500_d_0000123,visdrone_det.pt,0.05,640,22,144,23
0000310_02500_d_0000123,visdrone_det.pt,0.1,640,22,94,13
0000310_02500_d_0000123,visdrone_det.pt,0.15,640,22,67,7
0000310_02500_d_0000123,visdrone_det.pt,0.2,640,22,51,5
0000310_02500_d_0000123,visdrone_det.pt,0.25,640,22,44,4
0000310_02500_d_0000123,visdrone_det.pt,0.3,640,22,37,2
0000310_02500_d_0000123,visdrone_det.pt,0.4,640,22,32,2
0000310_02500_d_0000123,visdrone_det.pt,0.5,640,22,28,0
0000310_02500_d_0000123,visdrone_det.pt,0.05,1024,22,175,32
0000310_02500_d_0000123,visdrone_det.pt,0.1,1024,22,109,16
0000310_02500_d_0000123,visdrone_det.pt,0.15,1024,22,78,9
0000310_02500_d_0000123,visdrone_det.pt,0.2,1024,22,62,9
0000310_02500_d_0000123,visdrone_det.pt,0.25,1024,22,52,7
0000310_02500_d_0000123,visdrone_det.pt,0.3,1024,22,45,5
0000310_02500_d_0000123,visdrone_det.pt,0.4,1024,22,37,4
0000310_02500_d_0000123,visdrone_det.pt,0.5,1024,22,31,3
0000310_02500_d_0000123,visdrone_det.pt,0.05,1536,22,188,34
0000310_02500_d_0000123,visdrone_det.pt,0.1,1536,22,123,18
0000310_02500_d_0000123,visdrone_det.pt,0.15,1536,22,97,13
0000310_02500_d_0000123,visdrone_det.pt,0.2,1536,22,70,8
0000310_02500_d_0000123,visdrone_det.pt,0.25,1536,22,58,8
0000310_02500_d_0000123,visdrone_det.pt,0.3,1536,22,51,6
0000310_02500_d_0000123,visdrone_det.pt,0.4,1536,22,40,4
0000310_02500_d_0000123,visdrone_det.pt,0.5,1536,22,36,4
0000310_04000_d_0000126,visdrone_det.pt,0.05,640,33,164,49
0000310_04000_d_0000126,visdrone_det.pt,0.1,640,33,111,25
0000310_04000_d_0000126,visdrone_det.pt,0.15,640,33,85,15
0000310_04000_d_0000126,visdrone_det.pt,0.2,640,33,74,12
0000310_04000_d_0000126,visdrone_det.pt,0.25,640,33,55,5
0000310_04000_d_0000126,visdrone_det.pt,0.3,640,33,48,4
0000310_04000_d_0000126,visdrone_det.pt,0.4,640,33,32,2
0000310_04000_d_0000126,visdrone_det.pt,0.5,640,33,27,1
0000310_04000_d_0000126,visdrone_det.pt,0.05,1024,33,162,37
0000310_04000_d_0000126,visdrone_det.pt,0.1,1024,33,118,23
0000310_04000_d_0000126,visdrone_det.pt,0.15,1024,33,92,16
0000310_04000_d_0000126,visdrone_det.pt,0.2,1024,33,76,14
0000310_04000_d_0000126,visdrone_det.pt,0.25,1024,33,69,13
0000310_04000_d_0000126,visdrone_det.pt,0.3,1024,33,57,10
0000310_04000_d_0000126,visdrone_det.pt,0.4,1024,33,46,8
0000310_04000_d_0000126,visdrone_det.pt,0.5,1024,33,37,5
0000310_04000_d_0000126,visdrone_det.pt,0.05,1536,33,181,52
0000310_04000_d_0000126,visdrone_det.pt,0.1,1536,33,130,33
0000310_04000_d_0000126,visdrone_det.pt,0.15,1536,33,106,28
0000310_04000_d_0000126,visdrone_det.pt,0.2,1536,33,88,22
0000310_04000_d_0000126,visdrone_det.pt,0.25,1536,33,74,18
0000310_04000_d_0000126,visdrone_det.pt,0.3,1536,33,67,15
0000310_04000_d_0000126,visdrone_det.pt,0.4,1536,33,52,11
0000310_04000_d_0000126,visdrone_det.pt,0.5,1536,33,47,9
0000314_00000_d_0000142,visdrone_det.pt,0.05,640,14,123,12
0000314_00000_d_0000142,visdrone_det.pt,0.1,640,14,79,5
0000314_00000_d_0000142,visdrone_det.pt,0.15,640,14,62,3
0000314_00000_d_0000142,visdrone_det.pt,0.2,640,14,50,2
0000314_00000_d_0000142,visdrone_det.pt,0.25,640,14,43,1
0000314_00000_d_0000142,visdrone_det.pt,0.3,640,14,36,1
0000314_00000_d_0000142,visdrone_det.pt,0.4,640,14,24,0
0000314_00000_d_0000142,visdrone_det.pt,0.5,640,14,18,0
0000314_00000_d_0000142,visdrone_det.pt,0.05,1024,14,144,19
0000314_00000_d_0000142,visdrone_det.pt,0.1,1024,14,95,8
0000314_00000_d_0000142,visdrone_det.pt,0.15,1024,14,69,6
0000314_00000_d_0000142,visdrone_det.pt,0.2,1024,14,54,5
0000314_00000_d_0000142,visdrone_det.pt,0.25,1024,14,47,3
0000314_00000_d_0000142,visdrone_det.pt,0.3,1024,14,42,3
0000314_00000_d_0000142,visdrone_det.pt,0.4,1024,14,34,3
0000314_00000_d_0000142,visdrone_det.pt,0.5,1024,14,27,2
0000314_00000_d_0000142,visdrone_det.pt,0.05,1536,14,157,24
0000314_00000_d_0000142,visdrone_det.pt,0.1,1536,14,107,16
0000314_00000_d_0000142,visdrone_det.pt,0.15,1536,14,81,11
0000314_00000_d_0000142,visdrone_det.pt,0.2,1536,14,63,6
0000314_00000_d_0000142,visdrone_det.pt,0.25,1536,14,55,5
0000314_00000_d_0000142,visdrone_det.pt,0.3,1536,14,50,5
0000314_00000_d_0000142,visdrone_det.pt,0.4,1536,14,37,4
0000314_00000_d_0000142,visdrone_det.pt,0.5,1536,14,31,2
0000314_01000_d_0000144,visdrone_det.pt,0.05,640,9,36,15
0000314_01000_d_0000144,visdrone_det.pt,0.1,640,9,28,8
0000314_01000_d_0000144,visdrone_det.pt,0.15,640,9,22,5
0000314_01000_d_0000144,visdrone_det.pt,0.2,640,9,18,4
0000314_01000_d_0000144,visdrone_det.pt,0.25,640,9,17,3
0000314_01000_d_0000144,visdrone_det.pt,0.3,640,9,15,1
0000314_01000_d_0000144,visdrone_det.pt,0.4,640,9,13,0
0000314_01000_d_0000144,visdrone_det.pt,0.5,640,9,12,0
0000314_01000_d_0000144,visdrone_det.pt,0.05,1024,9,42,10
0000314_01000_d_0000144,visdrone_det.pt,0.1,1024,9,32,8
0000314_01000_d_0000144,visdrone_det.pt,0.15,1024,9,26,6
0000314_01000_d_0000144,visdrone_det.pt,0.2,1024,9,22,4
0000314_01000_d_0000144,visdrone_det.pt,0.25,1024,9,21,4
0000314_01000_d_0000144,visdrone_det.pt,0.3,1024,9,17,3
0000314_01000_d_0000144,visdrone_det.pt,0.4,1024,9,17,3
0000314_01000_d_0000144,visdrone_det.pt,0.5,1024,9,16,3
0000314_01000_d_0000144,visdrone_det.pt,0.05,1536,9,50,9
0000314_01000_d_0000144,visdrone_det.pt,0.1,1536,9,35,6
0000314_01000_d_0000144,visdrone_det.pt,0.15,1536,9,26,4
0000314_01000_d_0000144,visdrone_det.pt,0.2,1536,9,20,4
0000314_01000_d_0000144,visdrone_det.pt,0.25,1536,9,19,3
0000314_01000_d_0000144,visdrone_det.pt,0.3,1536,9,19,3
0000314_01000_d_0000144,visdrone_det.pt,0.4,1536,9,16,2
0000314_01000_d_0000144,visdrone_det.pt,0.5,1536,9,11,1
0000320_00450_d_0000005,visdrone_det.pt,0.05,640,4,71,9
0000320_00450_d_0000005,visdrone_det.pt,0.1,640,4,44,4
0000320_00450_d_0000005,visdrone_det.pt,0.15,640,4,37,2
0000320_00450_d_0000005,visdrone_det.pt,0.2,640,4,32,0
0000320_00450_d_0000005,visdrone_det.pt,0.25,640,4,30,0
0000320_00450_d_0000005,visdrone_det.pt,0.3,640,4,29,0
0000320_00450_d_0000005,visdrone_det.pt,0.4,640,4,25,0
0000320_00450_d_0000005,visdrone_det.pt,0.5,640,4,22,0
0000320_00450_d_0000005,visdrone_det.pt,0.05,1024,4,80,13
0000320_00450_d_0000005,visdrone_det.pt,0.1,1024,4,60,9
0000320_00450_d_0000005,visdrone_det.pt,0.15,1024,4,52,6
0000320_00450_d_0000005,visdrone_det.pt,0.2,1024,4,41,5
0000320_00450_d_0000005,visdrone_det.pt,0.25,1024,4,35,5
0000320_00450_d_0000005,visdrone_det.pt,0.3,1024,4,32,2
0000320_00450_d_0000005,visdrone_det.pt,0.4,1024,4,26,1
0000320_00450_d_0000005,visdrone_det.pt,0.5,1024,4,25,0
0000320_00450_d_0000005,visdrone_det.pt,0.05,1536,4,114,13
0000320_00450_d_0000005,visdrone_det.pt,0.1,1536,4,74,10
0000320_00450_d_0000005,visdrone_det.pt,0.15,1536,4,50,9
0000320_00450_d_0000005,visdrone_det.pt,0.2,1536,4,40,7
0000320_00450_d_0000005,visdrone_det.pt,0.25,1536,4,34,4
0000320_00450_d_0000005,visdrone_det.pt,0.3,1536,4,29,3
0000320_00450_d_0000005,visdrone_det.pt,0.4,1536,4,25,3
0000320_00450_d_0000005,visdrone_det.pt,0.5,1536,4,19,1
0000320_01200_d_0000010,visdrone_det.pt,0.05,640,40,162,43
0000320_01200_d_0000010,visdrone_det.pt,0.1,640,40,104,34
0000320_01200_d_0000010,visdrone_det.pt,0.15,640,40,84,28
0000320_01200_d_0000010,visdrone_det.pt,0.2,640,40,68,23
0000320_01200_d_0000010,visdrone_det.pt,0.25,640,40,58,17
0000320_01200_d_0000010,visdrone_det.pt,0.3,640,40,48,14
0000320_01200_d_0000010,visdrone_det.pt,0.4,640,40,35,10
0000320_01200_d_0000010,visdrone_det.pt,0.5,640,40,27,7
0000320_01200_d_0000010,visdrone_det.pt,0.05,1024,40,188,63
0000320_01200_d_0000010,visdrone_det.pt,0.1,1024,40,121,40
0000320_01200_d_0000010,visdrone_det.pt,0.15,1024,40,91,33
0000320_01200_d_0000010,visdrone_det.pt,0.2,1024,40,78,30
0000320_01200_d_0000010,visdrone_det.pt,0.25,1024,40,60,22
0000320_01200_d_0000010,visdrone_det.pt,0.3,1024,40,51,17
0000320_01200_d_0000010,visdrone_det.pt,0.4,1024,40,42,16
0000320_01200_d_0000010,visdrone_det.pt,0.5,1024,40,36,11
0000320_01200_d_0000010,visdrone_det.pt,0.05,1536,40,174,75
0000320_01200_d_0000010,visdrone_det.pt,0.1,1536,40,118,53
0000320_01200_d_0000010,visdrone_det.pt,0.15,1536,40,93,46
0000320_01200_d_0000010,visdrone_det.pt,0.2,1536,40,70,36
0000320_01200_d_0000010,visdrone_det.pt,0.25,1536,40,61,32
0000320_01200_d_0000010,visdrone_det.pt,0.3,1536,40,55,28
0000320_01200_d_0000010,visdrone_det.pt,0.4,1536,40,43,20
0000320_01200_d_0000010,visdrone_det.pt,0.5,1536,40,38,18
0000320_04375_d_0000014,visdrone_det.pt,0.05,640,11,135,19
0000320_04375_d_0000014,visdrone_det.pt,0.1,640,11,84,9
0000320_04375_d_0000014,visdrone_det.pt,0.15,640,11,65,6
0000320_04375_d_0000014,visdrone_det.pt,0.2,640,11,53,3
0000320_04375_d_0000014,visdrone_det.pt,0.25,640,11,45,3
0000320_04375_d_0000014,visdrone_det.pt,0.3,640,11,39,3
0000320_04375_d_0000014,visdrone_det.pt,0.4,640,11,29,1
0000320_04375_d_0000014,visdrone_det.pt,0.5,640,11,22,0
0000320_04375_d_0000014,visdrone_det.pt,0.05,1024,11,144,19
0000320_04375_d_0000014,visdrone_det.pt,0.1,1024,11,102,12
0000320_04375_d_0000014,visdrone_det.pt,0.15,1024,11,83,11
0000320_04375_d_0000014,visdrone_det.pt,0.2,1024,11,63,8
0000320_04375_d_0000014,visdrone_det.pt,0.25,1024,11,48,4
0000320_04375_d_0000014,visdrone_det.pt,0.3,1024,11,44,4
0000320_04375_d_0000014,visdrone_det.pt,0.4,1024,11,39,4
0000320_04375_d_0000014,visdrone_det.pt,0.5,1024,11,32,3
0000320_04375_d_0000014,visdrone_det.pt,0.05,1536,11,179,30
0000320_04375_d_0000014,visdrone_det.pt,0.1,1536,11,109,20
0000320_04375_d_0000014,visdrone_det.pt,0.15,1536,11,84,19
0000320_04375_d_0000014,visdrone_det.pt,0.2,1536,11,69,14
0000320_04375_d_0000014,visdrone_det.pt,0.25,1536,11,58,11
0000320_04375_d_0000014,visdrone_det.pt,0.3,1536,11,50,9
0000320_04375_d_0000014,visdrone_det.pt,0.4,1536,11,38,6
0000320_04375_d_0000014,visdrone_det.pt,0.5,1536,11,26,3
0000328_00300_d_0000020,visdrone_det.pt,0.05,640,21,112,8
0000328_00300_d_0000020,visdrone_det.pt,0.1,640,21,71,5
0000328_00300_d_0000020,visdrone_det.pt,0.15,640,21,52,4
0000328_00300_d_0000020,visdrone_det.pt,0.2,640,21,34,2
0000328_00300_d_0000020,visdrone_det.pt,0.25,640,21,31,2
0000328_00300_d_0000020,visdrone_det.pt,0.3,640,21,27,2
0000328_00300_d_0000020,visdrone_det.pt,0.4,640,21,18,0
0000328_00300_d_0000020,visdrone_det.pt,0.5,640,21,13,0
0000328_00300_d_0000020,visdrone_det.pt,0.05,1024,21,164,28
0000328_00300_d_0000020,visdrone_det.pt,0.1,1024,21,103,16
0000328_00300_d_0000020,visdrone_det.pt,0.15,1024,21,77,11
0000328_00300_d_0000020,visdrone_det.pt,0.2,1024,21,59,10
0000328_00300_d_0000020,visdrone_det.pt,0.25,1024,21,50,8
0000328_00300_d_0000020,visdrone_det.pt,0.3,1024,21,34,2
0000328_00300_d_0000020,visdrone_det.pt,0.4,1024,21,25,1
0000328_00300_d_0000020,visdrone_det.pt,0.5,1024,21,20,1
0000328_00300_d_0000020,visdrone_det.pt,0.05,1536,21,223,47
0000328_00300_d_0000020,visdrone_det.pt,0.1,1536,21,152,31
0000328_00300_d_0000020,visdrone_det.pt,0.15,1536,21,111,20
0000328_00300_d_0000020,visdrone_det.pt,0.2,1536,21,86,16
0000328_00300_d_0000020,visdrone_det.pt,0.25,1536,21,68,12
0000328_00300_d_0000020,visdrone_det.pt,0.3,1536,21,54,7
0000328_00300_d_0000020,visdrone_det.pt,0.4,1536,21,35,2
0000328_00300_d_0000020,visdrone_det.pt,0.5,1536,21,27,1
0000328_00600_d_0000022,visdrone_det.pt,0.05,640,23,112,18
0000328_00600_d_0000022,visdrone_det.pt,0.1,640,23,76,12
0000328_00600_d_0000022,visdrone_det.pt,0.15,640,23,55,9
0000328_00600_d_0000022,visdrone_det.pt,0.2,640,23,43,6
0000328_00600_d_0000022,visdrone_det.pt,0.25,640,23,33,4
0000328_00600_d_0000022,visdrone_det.pt,0.3,640,23,30,4
0000328_00600_d_0000022,visdrone_det.pt,0.4,640,23,19,2
0000328_00600_d_0000022,visdrone_det.pt,0.5,640,23,15,0
0000328_00600_d_0000022,visdrone_det.pt,0.05,1024,23,170,26
0000328_00600_d_0000022,visdrone_det.pt,0.1,1024,23,113,18
0000328_00600_d_0000022,visdrone_det.pt,0.15,1024,23,85,15
0000328_00600_d_0000022,visdrone_det.pt,0.2,1024,23,64,10
0000328_00600_d_0000022,visdrone_det.pt,0.25,1024,23,49,7
0000328_00600_d_0000022,visdrone_det.pt,0.3,1024,23,41,6
0000328_00600_d_0000022,visdrone_det.pt,0.4,1024,23,32,4
0000328_00600_d_0000022,visdrone_det.pt,0.5,1024,23,23,4
0000328_00600_d_0000022,visdrone_det.pt,0.05,1536,23,209,45
0000328_00600_d_0000022,visdrone_det.pt,0.1,1536,23,124,29
0000328_00600_d_0000022,visdrone_det.pt,0.15,1536,23,93,19
0000328_00600_d_0000022,visdrone_det.pt,0.2,1536,23,81,17
0000328_00600_d_0000022,visdrone_det.pt,0.25,1536,23,71,13
0000328_00600_d_0000022,visdrone_det.pt,0.3,1536,23,57,12
0000328_00600_d_0000022,visdrone_det.pt,0.4,1536,23,41,8
0000328_00600_d_0000022,visdrone_det.pt,0.5,1536,23,28,7
0000328_01050_d_0000025,visdrone_det.pt,0.05,640,18,102,6
0000328_01050_d_0000025,visdrone_det.pt,0.1,640,18,71,6
0000328_01050_d_0000025,visdrone_det.pt,0.15,640,18,52,4
0000328_01050_d_0000025,visdrone_det.pt,0.2,640,18,46,4
0000328_01050_d_0000025,visdrone_det.pt,0.25,640,18,36,4
0000328_01050_d_0000025,visdrone_det.pt,0.3,640,18,31,3
0000328_01050_d_0000025,visdrone_det.pt,0.4,640,18,21,1
0000328_01050_d_0000025,visdrone_det.pt,0.5,640,18,14,0
0000328_01050_d_0000025,visdrone_det.pt,0.05,1024,18,167,19
0000328_01050_d_0000025,visdrone_det.pt,0.1,1024,18,101,14
0000328_01050_d_0000025,visdrone_det.pt,0.15,1024,18,77,12
0000328_01050_d_0000025,visdrone_det.pt,0.2,1024,18,65,11
0000328_01050_d_0000025,visdrone_det.pt,0.25,1024,18,47,9
0000328_01050_d_0000025,visdrone_det.pt,0.3,1024,18,41,7
0000328_01050_d_0000025,visdrone_det.pt,0.4,1024,18,32,6
0000328_01050_d_0000025,visdrone_det.pt,0.5,1024,18,23,4
0000328_01050_d_0000025,visdrone_det.pt,0.05,1536,18,208,51
0000328_01050_d_0000025,visdrone_det.pt,0.1,1536,18,148,39
0000328_01050_d_0000025,visdrone_det.pt,0.15,1536,18,112,29
0000328_01050_d_0000025,visdrone_det.pt,0.2,1536,18,92,25
0000328_01050_d_0000025,visdrone_det.pt,0.25,1536,18,74,18
0000328_01050_d_0000025,visdrone_det.pt,0.3,1536,18,64,16
0000328_01050_d_0000025,visdrone_det.pt,0.4,1536,18,47,8
0000328_01050_d_0000025,visdrone_det.pt,0.5,1536,18,34,6
0000337_00500_d_0000037,visdrone_det.pt,0.05,640,5,125,14
0000337_00500_d_0000037,visdrone_det.pt,0.1,640,5,89,8
0000337_00500_d_0000037,visdrone_det.pt,0.15,640,5,66,4
0000337_00500_d_0000037,visdrone_det.pt,0.2,640,5,49,2
0000337_00500_d_0000037,visdrone_det.pt,0.25,640,5,42,1
0000337_00500_d_0000037,visdrone_det.pt,0.3,640,5,39,1
0000337_00500_d_0000037,visdrone_det.pt,0.4,640,5,34,0
0000337_00500_d_0000037,visdrone_det.pt,0.5,640,5,27,0
0000337_00500_d_0000037,visdrone_det.pt,0.05,1024,5,144,12
0000337_00500_d_0000037,visdrone_det.pt,0.1,1024,5,106,7
0000337_00500_d_0000037,visdrone_det.pt,0.15,1024,5,91,7
0000337_00500_d_0000037,visdrone_det.pt,0.2,1024,5,77,5
0000337_00500_d_0000037,visdrone_det.pt,0.25,1024,5,69,4
0000337_00500_d_0000037,visdrone_det.pt,0.3,1024,5,62,3
0000337_00500_d_0000037,visdrone_det.pt,0.4,1024,5,51,1
0000337_00500_d_0000037,visdrone_det.pt,0.5,1024,5,43,1
0000337_00500_d_0000037,visdrone_det.pt,0.05,1536,5,139,20
0000337_00500_d_0000037,visdrone_det.pt,0.1,1536,5,102,10
0000337_00500_d_0000037,visdrone_det.pt,0.15,1536,5,88,8
0000337_00500_d_0000037,visdrone_det.pt,0.2,1536,5,77,8
0000337_00500_d_0000037,visdrone_det.pt,0.25,1536,5,68,7
0000337_00500_d_0000037,visdrone_det.pt,0.3,1536,5,64,6
0000337_00500_d_0000037,visdrone_det.pt,0.4,1536,5,52,3
0000337_00500_d_0000037,visdrone_det.pt,0.5,1536,5,46,2
0000337_01000_d_0000038,visdrone_det.pt,0.05,640,8,117,14
0000337_01000_d_0000038,visdrone_det.pt,0.1,640,8,88,6
0000337_01000_d_0000038,visdrone_det.pt,0.15,640,8,62,3
0000337_01000_d_0000038,visdrone_det.pt,0.2,640,8,51,2
0000337_01000_d_0000038,visdrone_det.pt,0.25,640,8,47,2
0000337_01000_d_0000038,visdrone_det.pt,0.3,640,8,44,2
0000337_01000_d_0000038,visdrone_det.pt,0.4,640,8,40,0
0000337_01000_d_0000038,visdrone_det.pt,0.5,640,8,33,0
0000337_01000_d_0000038,visdrone_det.pt,0.05,1024,8,146,13
0000337_01000_d_0000038,visdrone_det.pt,0.1,1024,8,109,10
0000337_01000_d_0000038,visdrone_det.pt,0.15,1024,8,87,8
0000337_01000_d_0000038,visdrone_det.pt,0.2,1024,8,76,6
0000337_01000_d_0000038,visdrone_det.pt,0.25,1024,8,70,6
0000337_01000_d_0000038,visdrone_det.pt,0.3,1024,8,65,3
0000337_01000_d_0000038,visdrone_det.pt,0.4,1024,8,53,2
0000337_01000_d_0000038,visdrone_det.pt,0.5,1024,8,43,1
0000337_01000_d_0000038,visdrone_det.pt,0.05,1536,8,183,19
0000337_01000_d_0000038,visdrone_det.pt,0.1,1536,8,144,12
0000337_01000_d_0000038,visdrone_det.pt,0.15,1536,8,130,11
0000337_01000_d_0000038,visdrone_det.pt,0.2,1536,8,109,8
0000337_01000_d_0000038,visdrone_det.pt,0.25,1536,8,97,7
0000337_01000_d_0000038,visdrone_det.pt,0.3,1536,8,87,6
0000337_01000_d_0000038,visdrone_det.pt,0.4,1536,8,71,2
0000337_01000_d_0000038,visdrone_det.pt,0.5,1536,8,52,1
0000337_01500_d_0000039,visdrone_det.pt,0.05,640,18,87,19
0000337_01500_d_0000039,visdrone_det.pt,0.1,640,18,66,12
0000337_01500_d_0000039,visdrone_det.pt,0.15,640,18,57,11
0000337_01500_d_0000039,visdrone_det.pt,0.2,640,18,45,5
0000337_01500_d_0000039,visdrone_det.pt,0.25,640,18,43,5
0000337_01500_d_0000039,visdrone_det.pt,0.3,640,18,40,2
0000337_01500_d_0000039,visdrone_det.pt,0.4,640,18,36,1
0000337_01500_d_0000039,visdrone_det.pt,0.5,640,18,35,1
0000337_01500_d_0000039,visdrone_det.pt,0.05,1024,18,96,19
0000337_01500_d_0000039,visdrone_det.pt,0.1,1024,18,77,13
0000337_01500_d_0000039,visdrone_det.pt,0.15,1024,18,71,12
0000337_01500_d_0000039,visdrone_det.pt,0.2,1024,18,66,9
0000337_01500_d_0000039,visdrone_det.pt,0.25,1024,18,62,9
0000337_01500_d_0000039,visdrone_det.pt,0.3,1024,18,59,7
0000337_01500_d_0000039,visdrone_det.pt,0.4,1024,18,49,3
0000337_01500_d_0000039,visdrone_det.pt,0.5,1024,18,44,2
0000337_01500_d_0000039,visdrone_det.pt,0.05,1536,18,127,25
0000337_01500_d_0000039,visdrone_det.pt,0.1,1536,18,101,18
0000337_01500_d_0000039,visdrone_det.pt,0.15,1536,18,84,13
0000337_01500_d_0000039,visdrone_det.pt,0.2,1536,18,76,13
0000337_01500_d_0000039,visdrone_det.pt,0.25,1536,18,69,10
0000337_01500_d_0000039,visdrone_det.pt,0.3,1536,18,64,9
0000337_01500_d_0000039,visdrone_det.pt,0.4,1536,18,56,6
0000337_01500_d_0000039,visdrone_det.pt,0.5,1536,18,46,4
0000337_02500_d_0000041,visdrone_det.pt,0.05,640,13,64,11
0000337_02500_d_0000041,visdrone_det.pt,0.1,640,13,50,7
0000337_02500_d_0000041,visdrone_det.pt,0.15,640,13,45,5
0000337_02500_d_0000041,visdrone_det.pt,0.2,640,13,42,5
0000337_02500_d_0000041,visdrone_det.pt,0.25,640,13,36,5
0000337_02500_d_0000041,visdrone_det.pt,0.3,640,13,35,5
0000337_02500_d_0000041,visdrone_det.pt,0.4,640,13,25,2
0000337_02500_d_0000041,visdrone_det.pt,0.5,640,13,20,1
0000337_02500_d_0000041,visdrone_det.pt,0.05,1024,13,85,17
0000337_02500_d_0000041,visdrone_det.pt,0.1,1024,13,69,12
0000337_02500_d_0000041,visdrone_det.pt,0.15,1024,13,60,9
0000337_02500_d_0000041,visdrone_det.pt,0.2,1024,13,51,5
0000337_02500_d_0000041,visdrone_det.pt,0.25,1024,13,45,4
0000337_02500_d_0000041,visdrone_det.pt,0.3,1024,13,42,3
0000337_02500_d_0000041,visdrone_det.pt,0.4,1024,13,39,2
0000337_02500_d_0000041,visdrone_det.pt,0.5,1024,13,33,0
0000337_02500_d_0000041,visdrone_det.pt,0.05,1536,13,105,25
0000337_02500_d_0000041,visdrone_det.pt,0.1,1536,13,81,16
0000337_02500_d_0000041,visdrone_det.pt,0.15,1536,13,67,10
0000337_02500_d_0000041,visdrone_det.pt,0.2,1536,13,55,8
0000337_02500_d_0000041,visdrone_det.pt,0.25,1536,13,52,6
0000337_02500_d_0000041,visdrone_det.pt,0.3,1536,13,45,5
0000337_02500_d_0000041,visdrone_det.pt,0.4,1536,13,39,3
0000337_02500_d_0000041,visdrone_det.pt,0.5,1536,13,34,2
0000337_03000_d_0000042,visdrone_det.pt,0.05,640,15,38,10
0000337_03000_d_0000042,visdrone_det.pt,0.1,640,15,30,8
0000337_03000_d_0000042,visdrone_det.pt,0.15,640,15,29,8
0000337_03000_d_0000042,visdrone_det.pt,0.2,640,15,24,5
0000337_03000_d_0000042,visdrone_det.pt,0.25,640,15,22,3
0000337_03000_d_0000042,visdrone_det.pt,0.3,640,15,21,2
0000337_03000_d_0000042,visdrone_det.pt,0.4,640,15,19,2
0000337_03000_d_0000042,visdrone_det.pt,0.5,640,15,15,0
0000337_03000_d_0000042,visdrone_det.pt,0.05,1024,15,45,13
0000337_03000_d_0000042,visdrone_det.pt,0.1,1024,15,40,12
0000337_03000_d_0000042,visdrone_det.pt,0.15,1024,15,34,10
0000337_03000_d_0000042,visdrone_det.pt,0.2,1024,15,30,9
0000337_03000_d_0000042,visdrone_det.pt,0.25,1024,15,26,6
0000337_03000_d_0000042,visdrone_det.pt,0.3,1024,15,24,5
0000337_03000_d_0000042,visdrone_det.pt,0.4,1024,15,22,3
0000337_03000_d_0000042,visdrone_det.pt,0.5,1024,15,19,2
0000337_03000_d_0000042,visdrone_det.pt,0.05,1536,15,57,18
0000337_03000_d_0000042,visdrone_det.pt,0.1,1536,15,41,12
0000337_03000_d_0000042,visdrone_det.pt,0.15,1536,15,39,11
0000337_03000_d_0000042,visdrone_det.pt,0.2,1536,15,32,7
0000337_03000_d_0000042,visdrone_det.pt,0.25,1536,15,30,7
0000337_03000_d_0000042,visdrone_det.pt,0.3,1536,15,27,6
0000337_03000_d_0000042,visdrone_det.pt,0.4,1536,15,23,4
0000337_03000_d_0000042,visdrone_det.pt,0.5,1536,15,20,3
0000337_03500_d_0000043,visdrone_det.pt,0.05,640,6,52,17
0000337_03500_d_0000043,visdrone_det.pt,0.1,640,6,31,5
0000337_03500_d_0000043,visdrone_det.pt,0.15,640,6,26,3
0000337_03500_d_0000043,visdrone_det.pt,0.2,640,6,24,3
0000337_03500_d_0000043,visdrone_det.pt,0.25,640,6,19,2
0000337_03500_d_0000043,visdrone_det.pt,0.3,640,6,19,2
0000337_03500_d_0000043,visdrone_det.pt,0.4,640,6,12,0
0000337_03500_d_0000043,visdrone_det.pt,0.5,640,6,11,0
0000337_03500_d_0000043,visdrone_det.pt,0.05,1024,6,64,20
0000337_03500_d_0000043,visdrone_det.pt,0.1,1024,6,36,7
0000337_03500_d_0000043,visdrone_det.pt,0.15,1024,6,28,4
0000337_03500_d_0000043,visdrone_det.pt,0.2,1024,6,27,3
0000337_03500_d_0000043,visdrone_det.pt,0.25,1024,6,26,2
0000337_03500_d_0000043,visdrone_det.pt,0.3,1024,6,25,2
0000337_03500_d_0000043,visdrone_det.pt,0.4,1024,6,22,2
0000337_03500_d_0000043,visdrone_det.pt,0.5,1024,6,17,0
0000337_03500_d_0000043,visdrone_det.pt,0.05,1536,6,56,11
0000337_03500_d_0000043,visdrone_det.pt,0.1,1536,6,32,5
0000337_03500_d_0000043,visdrone_det.pt,0.15,1536,6,29,4
0000337_03500_d_0000043,visdrone_det.pt,0.2,1536,6,25,3
0000337_03500_d_0000043,visdrone_det.pt,0.25,1536,6,24,3
0000337_03500_d_0000043,visdrone_det.pt,0.3,1536,6,21,2
0000337_03500_d_0000043,visdrone_det.pt,0.4,1536,6,18,0
0000337_03500_d_0000043,visdrone_det.pt,0.5,1536,6,15,0
0000337_04000_d_0000044,visdrone_det.pt,0.05,640,2,33,3
0000337_04000_d_0000044,visdrone_det.pt,0.1,640,2,24,1
0000337_04000_d_0000044,visdrone_det.pt,0.15,640,2,22,1
0000337_04000_d_0000044,visdrone_det.pt,0.2,640,2,20,1
0000337_04000_d_0000044,visdrone_det.pt,0.25,640,2,16,0
0000337_04000_d_0000044,visdrone_det.pt,0.3,640,2,13,0
0000337_04000_d_0000044,visdrone_det.pt,0.4,640,2,11,0
0000337_04000_d_0000044,visdrone_det.pt,0.5,640,2,10,0
0000337_04000_d_0000044,visdrone_det.pt,0.05,1024,2,57,29
0000337_04000_d_0000044,visdrone_det.pt,0.1,1024,2,29,8
0000337_04000_d_0000044,visdrone_det.pt,0.15,1024,2,24,3
0000337_04000_d_0000044,visdrone_det.pt,0.2,1024,2,22,2
0000337_04000_d_0000044,visdrone_det.pt,0.25,1024,2,19,1
0000337_04000_d_0000044,visdrone_det.pt,0.3,1024,2,17,0
0000337_04000_d_0000044,visdrone_det.pt,0.4,1024,2,14,0
0000337_04000_d_0000044,visdrone_det.pt,0.5,1024,2,13,0
0000337_04000_d_0000044,visdrone_det.pt,0.05,1536,2,43,11
0000337_04000_d_0000044,visdrone_det.pt,0.1,1536,2,30,5
0000337_04000_d_0000044,visdrone_det.pt,0.15,1536,2,24,3
0000337_04000_d_0000044,visdrone_det.pt,0.2,1536,2,22,3
0000337_04000_d_0000044,visdrone_det.pt,0.25,1536,2,21,2
0000337_04000_d_0000044,visdrone_det.pt,0.3,1536,2,19,2
0000337_04000_d_0000044,visdrone_det.pt,0.4,1536,2,16,1
0000337_04000_d_0000044,visdrone_det.pt,0.5,1536,2,12,0
0000347_00800_d_0000049,visdrone_det.pt,0.05,640,18,150,17
0000347_00800_d_0000049,visdrone_det.pt,0.1,640,18,94,8
0000347_00800_d_0000049,visdrone_det.pt,0.15,640,18,71,6
0000347_00800_d_0000049,visdrone_det.pt,0.2,640,18,63,5
0000347_00800_d_0000049,visdrone_det.pt,0.25,640,18,52,3
0000347_00800_d_0000049,visdrone_det.pt,0.3,640,18,43,3
0000347_00800_d_0000049,visdrone_det.pt,0.4,640,18,36,2
0000347_00800_d_0000049,visdrone_det.pt,0.5,640,18,30,2
0000347_00800_d_0000049,visdrone_det.pt,0.05,1024,18,175,16
0000347_00800_d_0000049,visdrone_det.pt,0.1,1024,18,125,10
0000347_00800_d_0000049,visdrone_det.pt,0.15,1024,18,105,10
0000347_00800_d_0000049,visdrone_det.pt,0.2,1024,18,94,8
0000347_00800_d_0000049,visdrone_det.pt,0.25,1024,18,82,7
0000347_00800_d_0000049,visdrone_det.pt,0.3,1024,18,73,7
0000347_00800_d_0000049,visdrone_det.pt,0.4,1024,18,55,4
0000347_00800_d_0000049,visdrone_det.pt,0.5,1024,18,38,4
0000347_00800_d_0000049,visdrone_det.pt,0.05,1536,18,237,33
0000347_00800_d_0000049,visdrone_det.pt,0.1,1536,18,171,20
0000347_00800_d_0000049,visdrone_det.pt,0.15,1536,18,130,16
0000347_00800_d_0000049,visdrone_det.pt,0.2,1536,18,109,13
0000347_00800_d_0000049,visdrone_det.pt,0.25,1536,18,96,9
0000347_00800_d_0000049,visdrone_det.pt,0.3,1536,18,81,9
0000347_00800_d_0000049,visdrone_det.pt,0.4,1536,18,60,6
0000347_00800_d_0000049,visdrone_det.pt,0.5,1536,18,49,5
0000353_00500_d_0000189,visdrone_det.pt,0.05,640,17,90,9
0000353_00500_d_0000189,visdrone_det.pt,0.1,640,17,55,4
0000353_00500_d_0000189,visdrone_det.pt,0.15,640,17,48,3
0000353_00500_d_0000189,visdrone_det.pt,0.2,640,17,40,3
0000353_00500_d_0000189,visdrone_det.pt,0.25,640,17,37,1
0000353_00500_d_0000189,visdrone_det.pt,0.3,640,17,32,1
0000353_00500_d_0000189,visdrone_det.pt,0.4,640,17,27,0
0000353_00500_d_0000189,visdrone_det.pt,0.5,640,17,20,0
0000353_00500_d_0000189,visdrone_det.pt,0.05,1024,17,96,19
0000353_00500_d_0000189,visdrone_det.pt,0.1,1024,17,70,11
0000353_00500_d_0000189,visdrone_det.pt,0.15,1024,17,58,9
0000353_00500_d_0000189,visdrone_det.pt,0.2,1024,17,55,8
0000353_00500_d_0000189,visdrone_det.pt,0.25,1024,17,45,6
0000353_00500_d_0000189,visdrone_det.pt,0.3,1024,17,40,4
0000353_00500_d_0000189,visdrone_det.pt,0.4,1024,17,33,1
0000353_00500_d_0000189,visdrone_det.pt,0.5,1024,17,29,1
0000353_00500_d_0000189,visdrone_det.pt,0.05,1536,17,116,26
0000353_00500_d_0000189,visdrone_det.pt,0.1,1536,17,85,20
0000353_00500_d_0000189,visdrone_det.pt,0.15,1536,17,73,14
0000353_00500_d_0000189,visdrone_det.pt,0.2,1536,17,64,12
0000353_00500_d_0000189,visdrone_det.pt,0.25,1536,17,61,11
0000353_00500_d_0000189,visdrone_det.pt,0.3,1536,17,53,8
0000353_00500_d_0000189,visdrone_det.pt,0.4,1536,17,42,4
0000353_00500_d_0000189,visdrone_det.pt,0.5,1536,17,38,3
0000353_01000_d_0000190,visdrone_det.pt,0.05,640,30,95,16
0000353_01000_d_0000190,visdrone_det.pt,0.1,640,30,71,12
0000353_01000_d_0000190,visdrone_det.pt,0.15,640,30,58,11
0000353_01000_d_0000190,visdrone_det.pt,0.2,640,30,46,8
0000353_01000_d_0000190,visdrone_det.pt,0.25,640,30,41,7
0000353_01000_d_0000190,visdrone_det.pt,0.3,640,30,37,7
0000353_01000_d_0000190,visdrone_det.pt,0.4,640,30,28,5
0000353_01000_d_0000190,visdrone_det.pt,0.5,640,30,21,3
0000353_01000_d_0000190,visdrone_det.pt,0.05,1024,30,113,26
0000353_01000_d_0000190,visdrone_det.pt,0.1,1024,30,85,20
0000353_01000_d_0000190,visdrone_det.pt,0.15,1024,30,68,17
0000353_01000_d_0000190,visdrone_det.pt,0.2,1024,30,60,15
0000353_01000_d_0000190,visdrone_det.pt,0.25,1024,30,51,12
0000353_01000_d_0000190,visdrone_det.pt,0.3,1024,30,46,9
0000353_01000_d_0000190,visdrone_det.pt,0.4,1024,30,37,8
0000353_01000_d_0000190,visdrone_det.pt,0.5,1024,30,31,6
0000353_01000_d_0000190,visdrone_det.pt,0.05,1536,30,145,33
0000353_01000_d_0000190,visdrone_det.pt,0.1,1536,30,100,21
0000353_01000_d_0000190,visdrone_det.pt,0.15,1536,30,82,18
0000353_01000_d_0000190,visdrone_det.pt,0.2,1536,30,68,16
0000353_01000_d_0000190,visdrone_det.pt,0.25,1536,30,57,13
0000353_01000_d_0000190,visdrone_det.pt,0.3,1536,30,50,10
0000353_01000_d_0000190,visdrone_det.pt,0.4,1536,30,41,8
0000353_01000_d_0000190,visdrone_det.pt,0.5,1536,30,36,6
0000353_01500_d_0000191,visdrone_det.pt,0.05,640,24,71,16
0000353_01500_d_0000191,visdrone_det.pt,0.1,640,24,45,7
0000353_01500_d_0000191,visdrone_det.pt,0.15,640,24,37,5
0000353_01500_d_0000191,visdrone_det.pt,0.2,640,24,29,3
0000353_01500_d_0000191,visdrone_det.pt,0.25,640,24,28,3
0000353_01500_d_0000191,visdrone_det.pt,0.3,640,24,25,3
0000353_01500_d_0000191,visdrone_det.pt,0.4,640,24,21,2
0000353_01500_d_0000191,visdrone_det.pt,0.5,640,24,13,0
0000353_01500_d_0000191,visdrone_det.pt,0.05,1024,24,78,28
0000353_01500_d_0000191,visdrone_det.pt,0.1,1024,24,60,18
0000353_01500_d_0000191,visdrone_det.pt,0.15,1024,24,51,13
0000353_01500_d_0000191,visdrone_det.pt,0.2,1024,24,43,10
0000353_01500_d_0000191,visdrone_det.pt,0.25,1024,24,37,8
0000353_01500_d_0000191,visdrone_det.pt,0.3,1024,24,32,6
0000353_01500_d_0000191,visdrone_det.pt,0.4,1024,24,25,4
0000353_01500_d_0000191,visdrone_det.pt,0.5,1024,24,21,2
0000353_01500_d_0000191,visdrone_det.pt,0.05,1536,24,103,35
0000353_01500_d_0000191,visdrone_det.pt,0.1,1536,24,69,24
0000353_01500_d_0000191,visdrone_det.pt,0.15,1536,24,52,14
0000353_01500_d_0000191,visdrone_det.pt,0.2,1536,24,46,11
0000353_01500_d_0000191,visdrone_det.pt,0.25,1536,24,42,11
0000353_01500_d_0000191,visdrone_det.pt,0.3,1536,24,39,11
0000353_01500_d_0000191,visdrone_det.pt,0.4,1536,24,31,9
0000353_01500_d_0000191,visdrone_det.pt,0.5,1536,24,24,7
0000353_05500_d_0000199,visdrone_det.pt,0.05,640,8,41,4
0000353_05500_d_0000199,visdrone_det.pt,0.1,640,8,27,2
0000353_05500_d_0000199,visdrone_det.pt,0.15,640,8,24,1
0000353_05500_d_0000199,visdrone_det.pt,0.2,640,8,20,0
0000353_05500_d_0000199,visdrone_det.pt,0.25,640,8,19,0
0000353_05500_d_0000199,visdrone_det.pt,0.3,640,8,17,0
0000353_05500_d_0000199,visdrone_det.pt,0.4,640,8,15,0
0000353_05500_d_0000199,visdrone_det.pt,0.5,640,8,12,0
0000353_05500_d_0000199,visdrone_det.pt,0.05,1024,8,61,3
0000353_05500_d_0000199,visdrone_det.pt,0.1,1024,8,40,2
0000353_05500_d_0000199,visdrone_det.pt,0.15,1024,8,35,1
0000353_05500_d_0000199,visdrone_det.pt,0.2,1024,8,28,0
0000353_05500_d_0000199,visdrone_det.pt,0.25,1024,8,28,0
0000353_05500_d_0000199,visdrone_det.pt,0.3,1024,8,27,0
0000353_05500_d_0000199,visdrone_det.pt,0.4,1024,8,23,0
0000353_05500_d_0000199,visdrone_det.pt,0.5,1024,8,16,0
0000353_05500_d_0000199,visdrone_det.pt,0.05,1536,8,73,4
0000353_05500_d_0000199,visdrone_det.pt,0.1,1536,8,56,3
0000353_05500_d_0000199,visdrone_det.pt,0.15,1536,8,48,2
0000353_05500_d_0000199,visdrone_det.pt,0.2,1536,8,43,1
0000353_05500_d_0000199,visdrone_det.pt,0.25,1536,8,37,1
0000353_05500_d_0000199,visdrone_det.pt,0.3,1536,8,36,1
0000353_05500_d_0000199,visdrone_det.pt,0.4,1536,8,29,0
0000353_05500_d_0000199,visdrone_det.pt,0.5,1536,8,21,0
0000355_00000_d_0000206,visdrone_det.pt,0.05,640,8,105,0
0000355_00000_d_0000206,visdrone_det.pt,0.1,640,8,56,0
0000355_00000_d_0000206,visdrone_det.pt,0.15,640,8,38,0
0000355_00000_d_0000206,visdrone_det.pt,0.2,640,8,31,0
0000355_00000_d_0000206,visdrone_det.pt,0.25,640,8,23,0
0000355_00000_d_0000206,visdrone_det.pt,0.3,640,8,16,0
0000355_00000_d_0000206,visdrone_det.pt,0.4,640,8,13,0
0000355_00000_d_0000206,visdrone_det.pt,0.5,640,8,8,0
0000355_00000_d_0000206,visdrone_det.pt,0.05,1024,8,150,5
0000355_00000_d_0000206,visdrone_det.pt,0.1,1024,8,82,1
0000355_00000_d_0000206,visdrone_det.pt,0.15,1024,8,62,1
0000355_00000_d_0000206,visdrone_det.pt,0.2,1024,8,46,1
0000355_00000_d_0000206,visdrone_det.pt,0.25,1024,8,38,1
0000355_00000_d_0000206,visdrone_det.pt,0.3,1024,8,29,0
0000355_00000_d_0000206,visdrone_det.pt,0.4,1024,8,20,0
0000355_00000_d_0000206,visdrone_det.pt,0.5,1024,8,16,0
0000355_00000_d_0000206,visdrone_det.pt,0.05,1536,8,147,15
0000355_00000_d_0000206,visdrone_det.pt,0.1,1536,8,79,9
0000355_00000_d_0000206,visdrone_det.pt,0.15,1536,8,54,6
0000355_00000_d_0000206,visdrone_det.pt,0.2,1536,8,45,4
0000355_00000_d_0000206,visdrone_det.pt,0.25,1536,8,37,2
0000355_00000_d_0000206,visdrone_det.pt,0.3,1536,8,31,1
0000355_00000_d_0000206,visdrone_det.pt,0.4,1536,8,17,0
0000355_00000_d_0000206,visdrone_det.pt,0.5,1536,8,15,0
0000355_02500_d_0000211,visdrone_det.pt,0.05,640,1,55,1
0000355_02500_d_0000211,visdrone_det.pt,0.1,640,1,25,1
0000355_02500_d_0000211,visdrone_det.pt,0.15,640,1,9,0
0000355_02500_d_0000211,visdrone_det.pt,0.2,640,1,7,0
0000355_02500_d_0000211,visdrone_det.pt,0.25,640,1,6,0
0000355_02500_d_0000211,visdrone_det.pt,0.3,640,1,6,0
0000355_02500_d_0000211,visdrone_det.pt,0.4,640,1,4,0
0000355_02500_d_0000211,visdrone_det.pt,0.5,640,1,2,0
0000355_02500_d_0000211,visdrone_det.pt,0.05,1024,1,91,0
0000355_02500_d_0000211,visdrone_det.pt,0.1,1024,1,44,0
0000355_02500_d_0000211,visdrone_det.pt,0.15,1024,1,27,0
0000355_02500_d_0000211,visdrone_det.pt,0.2,1024,1,16,0
0000355_02500_d_0000211,visdrone_det.pt,0.25,1024,1,13,0
0000355_02500_d_0000211,visdrone_det.pt,0.3,1024,1,6,0
0000355_02500_d_0000211,visdrone_det.pt,0.4,1024,1,4,0
0000355_02500_d_0000211,visdrone_det.pt,0.5,1024,1,1,0
0000355_02500_d_0000211,visdrone_det.pt,0.05,1536,1,88,3
0000355_02500_d_0000211,visdrone_det.pt,0.1,1536,1,45,1
0000355_02500_d_0000211,visdrone_det.pt,0.15,1536,1,29,0
0000355_02500_d_0000211,visdrone_det.pt,0.2,1536,1,23,0
0000355_02500_d_0000211,visdrone_det.pt,0.25,1536,1,17,0
0000355_02500_d_0000211,visdrone_det.pt,0.3,1536,1,13,0
0000355_02500_d_0000211,visdrone_det.pt,0.4,1536,1,7,0
0000355_02500_d_0000211,visdrone_det.pt,0.5,1536,1,5,0
0000365_00000_d_0000223,visdrone_det.pt,0.05,640,38,204,10
0000365_00000_d_0000223,visdrone_det.pt,0.1,640,38,109,7
0000365_00000_d_0000223,visdrone_det.pt,0.15,640,38,68,3
0000365_00000_d_0000223,visdrone_det.pt,0.2,640,38,50,1
0000365_00000_d_0000223,visdrone_det.pt,0.25,640,38,36,1
0000365_00000_d_0000223,visdrone_det.pt,0.3,640,38,26,1
0000365_00000_d_0000223,visdrone_det.pt,0.4,640,38,16,1
0000365_00000_d_0000223,visdrone_det.pt,0.5,640,38,12,1
0000365_00000_d_0000223,visdrone_det.pt,0.05,1024,38,275,29
0000365_00000_d_0000223,visdrone_det.pt,0.1,1024,38,142,15
0000365_00000_d_0000223,visdrone_det.pt,0.15,1024,38,88,7
0000365_00000_d_0000223,visdrone_det.pt,0.2,1024,38,59,3
0000365_00000_d_0000223,visdrone_det.pt,0.25,1024,38,43,1
0000365_00000_d_0000223,visdrone_det.pt,0.3,1024,38,35,1
0000365_00000_d_0000223,visdrone_det.pt,0.4,1024,38,22,1
0000365_00000_d_0000223,visdrone_det.pt,0.5,1024,38,13,1
0000365_00000_d_0000223,visdrone_det.pt,0.05,1536,38,326,57
0000365_00000_d_0000223,visdrone_det.pt,0.1,1536,38,169,32
0000365_00000_d_0000223,visdrone_det.pt,0.15,1536,38,106,23
0000365_00000_d_0000223,visdrone_det.pt,0.2,1536,38,73,15
0000365_00000_d_0000223,visdrone_det.pt,0.25,1536,38,48,9
0000365_00000_d_0000223,visdrone_det.pt,0.3,1536,38,35,5
0000365_00000_d_0000223,visdrone_det.pt,0.4,1536,38,24,4
0000365_00000_d_0000223,visdrone_det.pt,0.5,1536,38,17,2
9999938_00000_d_0000002,visdrone_det.pt,0.05,640,26,59,38
9999938_00000_d_0000002,visdrone_det.pt,0.1,640,26,35,22
9999938_00000_d_0000002,visdrone_det.pt,0.15,640,26,27,15
9999938_00000_d_0000002,visdrone_det.pt,0.2,640,26,20,10
9999938_00000_d_0000002,visdrone_det.pt,0.25,640,26,16,6
9999938_00000_d_0000002,visdrone_det.pt,0.3,640,26,12,3
9999938_00000_d_0000002,visdrone_det.pt,0.4,640,26,10,1
9999938_00000_d_0000002,visdrone_det.pt,0.5,640,26,9,0
9999938_00000_d_0000002,visdrone_det.pt,0.05,1024,26,149,95
9999938_00000_d_0000002,visdrone_det.pt,0.1,1024,26,94,58
9999938_00000_d_0000002,visdrone_det.pt,0.15,1024,26,64,41
9999938_00000_d_0000002,visdrone_det.pt,0.2,1024,26,42,29
9999938_00000_d_0000002,visdrone_det.pt,0.25,1024,26,26,16
9999938_00000_d_0000002,visdrone_det.pt,0.3,1024,26,16,8
9999938_00000_d_0000002,visdrone_det.pt,0.4,1024,26,8,1
9999938_00000_d_0000002,visdrone_det.pt,0.5,1024,26,7,0
9999938_00000_d_0000002,visdrone_det.pt,0.05,1536,26,78,53
9999938_00000_d_0000002,visdrone_det.pt,0.1,1536,26,46,29
9999938_00000_d_0000002,visdrone_det.pt,0.15,1536,26,30,20
9999938_00000_d_0000002,visdrone_det.pt,0.2,1536,26,22,14
9999938_00000_d_0000002,visdrone_det.pt,0.25,1536,26,16,8
9999938_00000_d_0000002,visdrone_det.pt,0.3,1536,26,13,5
9999938_00000_d_0000002,visdrone_det.pt,0.4,1536,26,12,5
9999938_00000_d_0000002,visdrone_det.pt,0.5,1536,26,10,3
9999938_00000_d_0000003,visdrone_det.pt,0.05,640,11,20,0
9999938_00000_d_0000003,visdrone_det.pt,0.1,640,11,10,0
9999938_00000_d_0000003,visdrone_det.pt,0.15,640,11,5,0
9999938_00000_d_0000003,visdrone_det.pt,0.2,640,11,4,0
9999938_00000_d_0000003,visdrone_det.pt,0.25,640,11,4,0
9999938_00000_d_0000003,visdrone_det.pt,0.3,640,11,3,0
9999938_00000_d_0000003,visdrone_det.pt,0.4,640,11,3,0
9999938_00000_d_0000003,visdrone_det.pt,0.5,640,11,3,0
9999938_00000_d_0000003,visdrone_det.pt,0.05,1024,11,40,8
9999938_00000_d_0000003,visdrone_det.pt,0.1,1024,11,16,2
9999938_00000_d_0000003,visdrone_det.pt,0.15,1024,11,12,1
9999938_00000_d_0000003,visdrone_det.pt,0.2,1024,11,8,1
9999938_00000_d_0000003,visdrone_det.pt,0.25,1024,11,8,1
9999938_00000_d_0000003,visdrone_det.pt,0.3,1024,11,7,1
9999938_00000_d_0000003,visdrone_det.pt,0.4,1024,11,6,1
9999938_00000_d_0000003,visdrone_det.pt,0.5,1024,11,3,0
9999938_00000_d_0000003,visdrone_det.pt,0.05,1536,11,33,9
9999938_00000_d_0000003,visdrone_det.pt,0.1,1536,11,18,5
9999938_00000_d_0000003,visdrone_det.pt,0.15,1536,11,13,3
9999938_00000_d_0000003,visdrone_det.pt,0.2,1536,11,11,2
9999938_00000_d_0000003,visdrone_det.pt,0.25,1536,11,9,1
9999938_00000_d_0000003,visdrone_det.pt,0.3,1536,11,8,1
9999938_00000_d_0000003,visdrone_det.pt,0.4,1536,11,8,1
9999938_00000_d_0000003,visdrone_det.pt,0.5,1536,11,6,0
9999938_00000_d_0000010,visdrone_det.pt,0.05,640,7,47,0
9999938_00000_d_0000010,visdrone_det.pt,0.1,640,7,33,0
9999938_00000_d_0000010,visdrone_det.pt,0.15,640,7,26,0
9999938_00000_d_0000010,visdrone_det.pt,0.2,640,7,26,0
9999938_00000_d_0000010,visdrone_det.pt,0.25,640,7,24,0
9999938_00000_d_0000010,visdrone_det.pt,0.3,640,7,22,0
9999938_00000_d_0000010,visdrone_det.pt,0.4,640,7,21,0
9999938_00000_d_0000010,visdrone_det.pt,0.5,640,7,15,0
9999938_00000_d_0000010,visdrone_det.pt,0.05,1024,7,67,6
9999938_00000_d_0000010,visdrone_det.pt,0.1,1024,7,46,4
9999938_00000_d_0000010,visdrone_det.pt,0.15,1024,7,37,2
9999938_00000_d_0000010,visdrone_det.pt,0.2,1024,7,32,1
9999938_00000_d_0000010,visdrone_det.pt,0.25,1024,7,28,0
9999938_00000_d_0000010,visdrone_det.pt,0.3,1024,7,26,0
9999938_00000_d_0000010,visdrone_det.pt,0.4,1024,7,23,0
9999938_00000_d_0000010,visdrone_det.pt,0.5,1024,7,20,0
9999938_00000_d_0000010,visdrone_det.pt,0.05,1536,7,91,9
9999938_00000_d_0000010,visdrone_det.pt,0.1,1536,7,60,3
9999938_00000_d_0000010,visdrone_det.pt,0.15,1536,7,47,1
9999938_00000_d_0000010,visdrone_det.pt,0.2,1536,7,37,0
9999938_00000_d_0000010,visdrone_det.pt,0.25,1536,7,35,0
9999938_00000_d_0000010,visdrone_det.pt,0.3,1536,7,30,0
9999938_00000_d_0000010,visdrone_det.pt,0.4,1536,7,27,0
9999938_00000_d_0000010,visdrone_det.pt,0.5,1536,7,22,0
9999938_00000_d_0000018,visdrone_det.pt,0.05,640,6,103,1
9999938_00000_d_0000018,visdrone_det.pt,0.1,640,6,78,0
9999938_00000_d_0000018,visdrone_det.pt,0.15,640,6,63,0
9999938_00000_d_0000018,visdrone_det.pt,0.2,640,6,57,0
9999938_00000_d_0000018,visdrone_det.pt,0.25,640,6,50,0
9999938_00000_d_0000018,visdrone_det.pt,0.3,640,6,45,0
9999938_00000_d_0000018,visdrone_det.pt,0.4,640,6,42,0
9999938_00000_d_0000018,visdrone_det.pt,0.5,640,6,32,0
9999938_00000_d_0000018,visdrone_det.pt,0.05,1024,6,80,1
9999938_00000_d_0000018,visdrone_det.pt,0.1,1024,6,70,1
9999938_00000_d_0000018,visdrone_det.pt,0.15,1024,6,63,1
9999938_00000_d_0000018,visdrone_det.pt,0.2,1024,6,60,1
9999938_00000_d_0000018,visdrone_det.pt,0.25,1024,6,57,0
9999938_00000_d_0000018,visdrone_det.pt,0.3,1024,6,52,0
9999938_00000_d_0000018,visdrone_det.pt,0.4,1024,6,47,0
9999938_00000_d_0000018,visdrone_det.pt,0.5,1024,6,41,0
9999938_00000_d_0000018,visdrone_det.pt,0.05,1536,6,73,2
9999938_00000_d_0000018,visdrone_det.pt,0.1,1536,6,65,2
9999938_00000_d_0000018,visdrone_det.pt,0.15,1536,6,57,2
9999938_00000_d_0000018,visdrone_det.pt,0.2,1536,6,54,2
9999938_00000_d_0000018,visdrone_det.pt,0.25,1536,6,54,2
9999938_00000_d_0000018,visdrone_det.pt,0.3,1536,6,51,1
9999938_00000_d_0000018,visdrone_det.pt,0.4,1536,6,46,0
9999938_00000_d_0000018,visdrone_det.pt,0.5,1536,6,44,0
9999938_00000_d_0000030,visdrone_det.pt,0.05,640,4,42,0
9999938_00000_d_0000030,visdrone_det.pt,0.1,640,4,27,0
9999938_00000_d_0000030,visdrone_det.pt,0.15,640,4,21,0
9999938_00000_d_0000030,visdrone_det.pt,0.2,640,4,18,0
9999938_00000_d_0000030,visdrone_det.pt,0.25,640,4,16,0
9999938_00000_d_0000030,visdrone_det.pt,0.3,640,4,15,0
9999938_00000_d_0000030,visdrone_det.pt,0.4,640,4,14,0
9999938_00000_d_0000030,visdrone_det.pt,0.5,640,4,11,0
9999938_00000_d_0000030,visdrone_det.pt,0.05,1024,4,52,7
9999938_00000_d_0000030,visdrone_det.pt,0.1,1024,4,42,4
9999938_00000_d_0000030,visdrone_det.pt,0.15,1024,4,32,1
9999938_00000_d_0000030,visdrone_det.pt,0.2,1024,4,27,1
9999938_00000_d_0000030,visdrone_det.pt,0.25,1024,4,26,1
9999938_00000_d_0000030,visdrone_det.pt,0.3,1024,4,22,1
9999938_00000_d_0000030,visdrone_det.pt,0.4,1024,4,14,0
9999938_00000_d_0000030,visdrone_det.pt,0.5,1024,4,12,0
9999938_00000_d_0000030,visdrone_det.pt,0.05,1536,4,51,13
9999938_00000_d_0000030,visdrone_det.pt,0.1,1536,4,38,7
9999938_00000_d_0000030,visdrone_det.pt,0.15,1536,4,30,2
9999938_00000_d_0000030,visdrone_det.pt,0.2,1536,4,24,0
9999938_00000_d_0000030,visdrone_det.pt,0.25,1536,4,24,0
9999938_00000_d_0000030,visdrone_det.pt,0.3,1536,4,21,0
9999938_00000_d_0000030,visdrone_det.pt,0.4,1536,4,18,0
9999938_00000_d_0000030,visdrone_det.pt,0.5,1536,4,15,0
9999938_00000_d_0000031,visdrone_det.pt,0.05,640,8,88,0
9999938_00000_d_0000031,visdrone_det.pt,0.1,640,8,52,0
9999938_00000_d_0000031,visdrone_det.pt,0.15,640,8,41,0
9999938_00000_d_0000031,visdrone_det.pt,0.2,640,8,34,0
9999938_00000_d_0000031,visdrone_det.pt,0.25,640,8,28,0
9999938_00000_d_0000031,visdrone_det.pt,0.3,640,8,22,0
9999938_00000_d_0000031,visdrone_det.pt,0.4,640,8,16,0
9999938_00000_d_0000031,visdrone_det.pt,0.5,640,8,11,0
9999938_00000_d_0000031,visdrone_det.pt,0.05,1024,8,74,7
9999938_00000_d_0000031,visdrone_det.pt,0.1,1024,8,50,3
9999938_00000_d_0000031,visdrone_det.pt,0.15,1024,8,44,2
9999938_00000_d_0000031,visdrone_det.pt,0.2,1024,8,39,2
9999938_00000_d_0000031,visdrone_det.pt,0.25,1024,8,34,1
9999938_00000_d_0000031,visdrone_det.pt,0.3,1024,8,31,0
9999938_00000_d_0000031,visdrone_det.pt,0.4,1024,8,27,0
9999938_00000_d_0000031,visdrone_det.pt,0.5,1024,8,21,0
9999938_00000_d_0000031,visdrone_det.pt,0.05,1536,8,88,27
9999938_00000_d_0000031,visdrone_det.pt,0.1,1536,8,69,18
9999938_00000_d_0000031,visdrone_det.pt,0.15,1536,8,50,11
9999938_00000_d_0000031,visdrone_det.pt,0.2,1536,8,45,8
9999938_00000_d_0000031,visdrone_det.pt,0.25,1536,8,40,4
9999938_00000_d_0000031,visdrone_det.pt,0.3,1536,8,36,1
9999938_00000_d_0000031,visdrone_det.pt,0.4,1536,8,29,0
9999938_00000_d_0000031,visdrone_det.pt,0.5,1536,8,24,0
9999938_00000_d_0000032,visdrone_det.pt,0.05,640,12,32,11
9999938_00000_d_0000032,visdrone_det.pt,0.1,640,12,25,6
9999938_00000_d_0000032,visdrone_det.pt,0.15,640,12,19,3
9999938_00000_d_0000032,visdrone_det.pt,0.2,640,12,15,0
9999938_00000_d_0000032,visdrone_det.pt,0.25,640,12,15,0
9999938_00000_d_0000032,visdrone_det.pt,0.3,640,12,14,0
9999938_00000_d_0000032,visdrone_det.pt,0.4,640,12,12,0
9999938_00000_d_0000032,visdrone_det.pt,0.5,640,12,10,0
9999938_00000_d_0000032,visdrone_det.pt,0.05,1024,12,61,38
9999938_00000_d_0000032,visdrone_det.pt,0.1,1024,12,40,22
9999938_00000_d_0000032,visdrone_det.pt,0.15,1024,12,27,12
9999938_00000_d_0000032,visdrone_det.pt,0.2,1024,12,22,7
9999938_00000_d_0000032,visdrone_det.pt,0.25,1024,12,17,2
9999938_00000_d_0000032,visdrone_det.pt,0.3,1024,12,14,1
9999938_00000_d_0000032,visdrone_det.pt,0.4,1024,12,12,0
9999938_00000_d_0000032,visdrone_det.pt,0.5,1024,12,12,0
9999938_00000_d_0000032,visdrone_det.pt,0.05,1536,12,58,32
9999938_00000_d_0000032,visdrone_det.pt,0.1,1536,12,44,21
9999938_00000_d_0000032,visdrone_det.pt,0.15,1536,12,28,11
9999938_00000_d_0000032,visdrone_det.pt,0.2,1536,12,20,5
9999938_00000_d_0000032,visdrone_det.pt,0.25,1536,12,15,0
9999938_00000_d_0000032,visdrone_det.pt,0.3,1536,12,13,0
9999938_00000_d_0000032,visdrone_det.pt,0.4,1536,12,13,0
9999938_00000_d_0000032,visdrone_det.pt,0.5,1536,12,13,0
9999938_00000_d_0000034,visdrone_det.pt,0.05,640,9,59,2
9999938_00000_d_0000034,visdrone_det.pt,0.1,640,9,38,0
9999938_00000_d_0000034,visdrone_det.pt,0.15,640,9,27,0
9999938_00000_d_0000034,visdrone_det.pt,0.2,640,9,22,0
9999938_00000_d_0000034,visdrone_det.pt,0.25,640,9,20,0
9999938_00000_d_0000034,visdrone_det.pt,0.3,640,9,16,0
9999938_00000_d_0000034,visdrone_det.pt,0.4,640,9,13,0
9999938_00000_d_0000034,visdrone_det.pt,0.5,640,9,13,0
9999938_00000_d_0000034,visdrone_det.pt,0.05,1024,9,82,33
9999938_00000_d_0000034,visdrone_det.pt,0.1,1024,9,55,16
9999938_00000_d_0000034,visdrone_det.pt,0.15,1024,9,42,9
9999938_00000_d_0000034,visdrone_det.pt,0.2,1024,9,34,4
9999938_00000_d_0000034,visdrone_det.pt,0.25,1024,9,31,3
9999938_00000_d_0000034,visdrone_det.pt,0.3,1024,9,26,3
9999938_00000_d_0000034,visdrone_det.pt,0.4,1024,9,20,0
9999938_00000_d_0000034,visdrone_det.pt,0.5,1024,9,18,0
9999938_00000_d_0000034,visdrone_det.pt,0.05,1536,9,109,54
9999938_00000_d_0000034,visdrone_det.pt,0.1,1536,9,67,23
9999938_00000_d_0000034,visdrone_det.pt,0.15,1536,9,49,11
9999938_00000_d_0000034,visdrone_det.pt,0.2,1536,9,42,7
9999938_00000_d_0000034,visdrone_det.pt,0.25,1536,9,39,5
9999938_00000_d_0000034,visdrone_det.pt,0.3,1536,9,34,3
9999938_00000_d_0000034,visdrone_det.pt,0.4,1536,9,26,0
9999938_00000_d_0000034,visdrone_det.pt,0.5,1536,9,19,0
9999938_00000_d_0000036,visdrone_det.pt,0.05,640,13,54,5
9999938_00000_d_0000036,visdrone_det.pt,0.1,640,13,35,1
9999938_00000_d_0000036,visdrone_det.pt,0.15,640,13,29,0
9999938_00000_d_0000036,visdrone_det.pt,0.2,640,13,26,0
9999938_00000_d_0000036,visdrone_det.pt,0.25,640,13,23,0
9999938_00000_d_0000036,visdrone_det.pt,0.3,640,13,20,0
9999938_00000_d_0000036,visdrone_det.pt,0.4,640,13,16,0
9999938_00000_d_0000036,visdrone_det.pt,0.5,640,13,12,0
9999938_00000_d_0000036,visdrone_det.pt,0.05,1024,13,124,88
9999938_00000_d_0000036,visdrone_det.pt,0.1,1024,13,91,62
9999938_00000_d_0000036,visdrone_det.pt,0.15,1024,13,64,37
9999938_00000_d_0000036,visdrone_det.pt,0.2,1024,13,46,22
9999938_00000_d_0000036,visdrone_det.pt,0.25,1024,13,39,17
9999938_00000_d_0000036,visdrone_det.pt,0.3,1024,13,32,11
9999938_00000_d_0000036,visdrone_det.pt,0.4,1024,13,20,2
9999938_00000_d_0000036,visdrone_det.pt,0.5,1024,13,17,0
9999938_00000_d_0000036,visdrone_det.pt,0.05,1536,13,148,89
9999938_00000_d_0000036,visdrone_det.pt,0.1,1536,13,91,56
9999938_00000_d_0000036,visdrone_det.pt,0.15,1536,13,61,40
9999938_00000_d_0000036,visdrone_det.pt,0.2,1536,13,47,27
9999938_00000_d_0000036,visdrone_det.pt,0.25,1536,13,38,19
9999938_00000_d_0000036,visdrone_det.pt,0.3,1536,13,28,9
9999938_00000_d_0000036,visdrone_det.pt,0.4,1536,13,21,3
9999938_00000_d_0000036,visdrone_det.pt,0.5,1536,13,17,0
9999938_00000_d_0000040,visdrone_det.pt,0.05,640,12,24,2
9999938_00000_d_0000040,visdrone_det.pt,0.1,640,12,15,1
9999938_00000_d_0000040,visdrone_det.pt,0.15,640,12,11,0
9999938_00000_d_0000040,visdrone_det.pt,0.2,640,12,9,0
9999938_00000_d_0000040,visdrone_det.pt,0.25,640,12,7,0
9999938_00000_d_0000040,visdrone_det.pt,0.3,640,12,7,0
9999938_00000_d_0000040,visdrone_det.pt,0.4,640,12,7,0
9999938_00000_d_0000040,visdrone_det.pt,0.5,640,12,7,0
9999938_00000_d_0000040,visdrone_det.pt,0.05,1024,12,37,17
9999938_00000_d_0000040,visdrone_det.pt,0.1,1024,12,22,7
9999938_00000_d_0000040,visdrone_det.pt,0.15,1024,12,17,5
9999938_00000_d_0000040,visdrone_det.pt,0.2,1024,12,12,3
9999938_00000_d_0000040,visdrone_det.pt,0.25,1024,12,10,2
9999938_00000_d_0000040,visdrone_det.pt,0.3,1024,12,8,0
9999938_00000_d_0000040,visdrone_det.pt,0.4,1024,12,8,0
9999938_00000_d_0000040,visdrone_det.pt,0.5,1024,12,8,0
9999938_00000_d_0000040,visdrone_det.pt,0.05,1536,12,59,34
9999938_00000_d_0000040,visdrone_det.pt,0.1,1536,12,36,18
9999938_00000_d_0000040,visdrone_det.pt,0.15,1536,12,24,10
9999938_00000_d_0000040,visdrone_det.pt,0.2,1536,12,18,6
9999938_00000_d_0000040,visdrone_det.pt,0.25,1536,12,14,3
9999938_00000_d_0000040,visdrone_det.pt,0.3,1536,12,12,2
9999938_00000_d_0000040,visdrone_det.pt,0.4,1536,12,10,0
9999938_00000_d_0000040,visdrone_det.pt,0.5,1536,12,10,0
9999938_00000_d_0000048,visdrone_det.pt,0.05,640,10,42,28
9999938_00000_d_0000048,visdrone_det.pt,0.1,640,10,23,13
9999938_00000_d_0000048,visdrone_det.pt,0.15,640,10,16,6
9999938_00000_d_0000048,visdrone_det.pt,0.2,640,10,11,3
9999938_00000_d_0000048,visdrone_det.pt,0.25,640,10,9,2
9999938_00000_d_0000048,visdrone_det.pt,0.3,640,10,9,2
9999938_00000_d_0000048,visdrone_det.pt,0.4,640,10,6,0
9999938_00000_d_0000048,visdrone_det.pt,0.5,640,10,6,0
9999938_00000_d_0000048,visdrone_det.pt,0.05,1024,10,46,30
9999938_00000_d_0000048,visdrone_det.pt,0.1,1024,10,38,22
9999938_00000_d_0000048,visdrone_det.pt,0.15,1024,10,31,17
9999938_00000_d_0000048,visdrone_det.pt,0.2,1024,10,22,10
9999938_00000_d_0000048,visdrone_det.pt,0.25,1024,10,16,5
9999938_00000_d_0000048,visdrone_det.pt,0.3,1024,10,13,3
9999938_00000_d_0000048,visdrone_det.pt,0.4,1024,10,11,2
9999938_00000_d_0000048,visdrone_det.pt,0.5,1024,10,9,0
9999938_00000_d_0000048,visdrone_det.pt,0.05,1536,10,52,33
9999938_00000_d_0000048,visdrone_det.pt,0.1,1536,10,32,20
9999938_00000_d_0000048,visdrone_det.pt,0.15,1536,10,25,13
9999938_00000_d_0000048,visdrone_det.pt,0.2,1536,10,19,8
9999938_00000_d_0000048,visdrone_det.pt,0.25,1536,10,15,4
9999938_00000_d_0000048,visdrone_det.pt,0.3,1536,10,14,3
9999938_00000_d_0000048,visdrone_det.pt,0.4,1536,10,11,1
9999938_00000_d_0000048,visdrone_det.pt,0.5,1536,10,9,0
9999938_00000_d_0000050,visdrone_det.pt,0.05,640,6,32,1
9999938_00000_d_0000050,visdrone_det.pt,0.1,640,6,23,0
9999938_00000_d_0000050,visdrone_det.pt,0.15,640,6,16,0
9999938_00000_d_0000050,visdrone_det.pt,0.2,640,6,15,0
9999938_00000_d_0000050,visdrone_det.pt,0.25,640,6,13,0
9999938_00000_d_0000050,visdrone_det.pt,0.3,640,6,13,0
9999938_00000_d_0000050,visdrone_det.pt,0.4,640,6,11,0
9999938_00000_d_0000050,visdrone_det.pt,0.5,640,6,10,0
9999938_00000_d_0000050,visdrone_det.pt,0.05,1024,6,33,5
9999938_00000_d_0000050,visdrone_det.pt,0.1,1024,6,17,3
9999938_00000_d_0000050,visdrone_det.pt,0.15,1024,6,14,1
9999938_00000_d_0000050,visdrone_det.pt,0.2,1024,6,11,0
9999938_00000_d_0000050,visdrone_det.pt,0.25,1024,6,11,0
9999938_00000_d_0000050,visdrone_det.pt,0.3,1024,6,10,0
9999938_00000_d_0000050,visdrone_det.pt,0.4,1024,6,9,0
9999938_00000_d_0000050,visdrone_det.pt,0.5,1024,6,9,0
9999938_00000_d_0000050,visdrone_det.pt,0.05,1536,6,30,4
9999938_00000_d_0000050,visdrone_det.pt,0.1,1536,6,21,2
9999938_00000_d_0000050,visdrone_det.pt,0.15,1536,6,13,0
9999938_00000_d_0000050,visdrone_det.pt,0.2,1536,6,13,0
9999938_00000_d_0000050,visdrone_det.pt,0.25,1536,6,11,0
9999938_00000_d_0000050,visdrone_det.pt,0.3,1536,6,8,0
9999938_00000_d_0000050,visdrone_det.pt,0.4,1536,6,8,0
9999938_00000_d_0000050,visdrone_det.pt,0.5,1536,6,8,0
9999938_00000_d_0000053,visdrone_det.pt,0.05,640,18,73,2
9999938_00000_d_0000053,visdrone_det.pt,0.1,640,18,45,0
9999938_00000_d_0000053,visdrone_det.pt,0.15,640,18,35,0
9999938_00000_d_0000053,visdrone_det.pt,0.2,640,18,29,0
9999938_00000_d_0000053,visdrone_det.pt,0.25,640,18,23,0
9999938_00000_d_0000053,visdrone_det.pt,0.3,640,18,19,0
9999938_00000_d_0000053,visdrone_det.pt,0.4,640,18,14,0
9999938_00000_d_0000053,visdrone_det.pt,0.5,640,18,7,0
9999938_00000_d_0000053,visdrone_det.pt,0.05,1024,18,81,24
9999938_00000_d_0000053,visdrone_det.pt,0.1,1024,18,54,11
9999938_00000_d_0000053,visdrone_det.pt,0.15,1024,18,40,6
9999938_00000_d_0000053,visdrone_det.pt,0.2,1024,18,38,6
9999938_00000_d_0000053,visdrone_det.pt,0.25,1024,18,33,4
9999938_00000_d_0000053,visdrone_det.pt,0.3,1024,18,28,3
9999938_00000_d_0000053,visdrone_det.pt,0.4,1024,18,20,0
9999938_00000_d_0000053,visdrone_det.pt,0.5,1024,18,17,0
9999938_00000_d_0000053,visdrone_det.pt,0.05,1536,18,87,32
9999938_00000_d_0000053,visdrone_det.pt,0.1,1536,18,61,21
9999938_00000_d_0000053,visdrone_det.pt,0.15,1536,18,48,13
9999938_00000_d_0000053,visdrone_det.pt,0.2,1536,18,40,8
9999938_00000_d_0000053,visdrone_det.pt,0.25,1536,18,37,7
9999938_00000_d_0000053,visdrone_det.pt,0.3,1536,18,30,3
9999938_00000_d_0000053,visdrone_det.pt,0.4,1536,18,28,2
9999938_00000_d_0000053,visdrone_det.pt,0.5,1536,18,22,0
9999938_00000_d_0000055,visdrone_det.pt,0.05,640,5,43,0
9999938_00000_d_0000055,visdrone_det.pt,0.1,640,5,33,0
9999938_00000_d_0000055,visdrone_det.pt,0.15,640,5,32,0
9999938_00000_d_0000055,visdrone_det.pt,0.2,640,5,29,0
9999938_00000_d_0000055,visdrone_det.pt,0.25,640,5,28,0
9999938_00000_d_0000055,visdrone_det.pt,0.3,640,5,27,0
9999938_00000_d_0000055,visdrone_det.pt,0.4,640,5,22,0
9999938_00000_d_0000055,visdrone_det.pt,0.5,640,5,17,0
9999938_00000_d_0000055,visdrone_det.pt,0.05,1024,5,52,0
9999938_00000_d_0000055,visdrone_det.pt,0.1,1024,5,44,0
9999938_00000_d_0000055,visdrone_det.pt,0.15,1024,5,35,0
9999938_00000_d_0000055,visdrone_det.pt,0.2,1024,5,31,0
9999938_00000_d_0000055,visdrone_det.pt,0.25,1024,5,30,0
9999938_00000_d_0000055,visdrone_det.pt,0.3,1024,5,27,0
9999938_00000_d_0000055,visdrone_det.pt,0.4,1024,5,24,0
9999938_00000_d_0000055,visdrone_det.pt,0.5,1024,5,20,0
9999938_00000_d_0000055,visdrone_det.pt,0.05,1536,5,64,5
9999938_00000_d_0000055,visdrone_det.pt,0.1,1536,5,45,2
9999938_00000_d_0000055,visdrone_det.pt,0.15,1536,5,39,1
9999938_00000_d_0000055,visdrone_det.pt,0.2,1536,5,34,1
9999938_00000_d_0000055,visdrone_det.pt,0.25,1536,5,27,1
9999938_00000_d_0000055,visdrone_det.pt,0.3,1536,5,24,0
9999938_00000_d_0000055,visdrone_det.pt,0.4,1536,5,22,0
9999938_00000_d_0000055,visdrone_det.pt,0.5,1536,5,18,0
9999938_00000_d_0000059,visdrone_det.pt,0.05,640,15,20,5
9999938_00000_d_0000059,visdrone_det.pt,0.1,640,15,18,4
9999938_00000_d_0000059,visdrone_det.pt,0.15,640,15,16,2
9999938_00000_d_0000059,visdrone_det.pt,0.2,640,15,14,1
9999938_00000_d_0000059,visdrone_det.pt,0.25,640,15,14,1
9999938_00000_d_0000059,visdrone_det.pt,0.3,640,15,13,1
9999938_00000_d_0000059,visdrone_det.pt,0.4,640,15,11,0
9999938_00000_d_0000059,visdrone_det.pt,0.5,640,15,9,0
9999938_00000_d_0000059,visdrone_det.pt,0.05,1024,15,71,45
9999938_00000_d_0000059,visdrone_det.pt,0.1,1024,15,45,24
9999938_00000_d_0000059,visdrone_det.pt,0.15,1024,15,35,15
9999938_00000_d_0000059,visdrone_det.pt,0.2,1024,15,22,6
9999938_00000_d_0000059,visdrone_det.pt,0.25,1024,15,18,3
9999938_00000_d_0000059,visdrone_det.pt,0.3,1024,15,15,0
9999938_00000_d_0000059,visdrone_det.pt,0.4,1024,15,14,0
9999938_00000_d_0000059,visdrone_det.pt,0.5,1024,15,13,0
9999938_00000_d_0000059,visdrone_det.pt,0.05,1536,15,68,26
9999938_00000_d_0000059,visdrone_det.pt,0.1,1536,15,41,12
9999938_00000_d_0000059,visdrone_det.pt,0.15,1536,15,29,5
9999938_00000_d_0000059,visdrone_det.pt,0.2,1536,15,26,4
9999938_00000_d_0000059,visdrone_det.pt,0.25,1536,15,21,2
9999938_00000_d_0000059,visdrone_det.pt,0.3,1536,15,18,1
9999938_00000_d_0000059,visdrone_det.pt,0.4,1536,15,15,0
9999938_00000_d_0000059,visdrone_det.pt,0.5,1536,15,13,0
9999938_00000_d_0000070,visdrone_det.pt,0.05,640,4,24,14
9999938_00000_d_0000070,visdrone_det.pt,0.1,640,4,20,10
9999938_00000_d_0000070,visdrone_det.pt,0.15,640,4,16,7
9999938_00000_d_0000070,visdrone_det.pt,0.2,640,4,10,2
9999938_00000_d_0000070,visdrone_det.pt,0.25,640,4,10,2
9999938_00000_d_0000070,visdrone_det.pt,0.3,640,4,9,1
9999938_00000_d_0000070,visdrone_det.pt,0.4,640,4,8,0
9999938_00000_d_0000070,visdrone_det.pt,0.5,640,4,8,0
9999938_00000_d_0000070,visdrone_det.pt,0.05,1024,4,37,22
9999938_00000_d_0000070,visdrone_det.pt,0.1,1024,4,22,11
9999938_00000_d_0000070,visdrone_det.pt,0.15,1024,4,14,5
9999938_00000_d_0000070,visdrone_det.pt,0.2,1024,4,14,5
9999938_00000_d_0000070,visdrone_det.pt,0.25,1024,4,11,2
9999938_00000_d_0000070,visdrone_det.pt,0.3,1024,4,11,2
9999938_00000_d_0000070,visdrone_det.pt,0.4,1024,4,11,2
9999938_00000_d_0000070,visdrone_det.pt,0.5,1024,4,10,1
9999938_00000_d_0000070,visdrone_det.pt,0.05,1536,4,36,14
9999938_00000_d_0000070,visdrone_det.pt,0.1,1536,4,24,8
9999938_00000_d_0000070,visdrone_det.pt,0.15,1536,4,19,5
9999938_00000_d_0000070,visdrone_det.pt,0.2,1536,4,16,4
9999938_00000_d_0000070,visdrone_det.pt,0.25,1536,4,14,4
9999938_00000_d_0000070,visdrone_det.pt,0.3,1536,4,12,3
9999938_00000_d_0000070,visdrone_det.pt,0.4,1536,4,9,2
9999938_00000_d_0000070,visdrone_det.pt,0.5,1536,4,9,2
9999938_00000_d_0000073,visdrone_det.pt,0.05,640,54,103,72
9999938_00000_d_0000073,visdrone_det.pt,0.1,640,54,62,46
9999938_00000_d_0000073,visdrone_det.pt,0.15,640,54,40,30
9999938_00000_d_0000073,visdrone_det.pt,0.2,640,54,32,22
9999938_00000_d_0000073,visdrone_det.pt,0.25,640,54,22,12
9999938_00000_d_0000073,visdrone_det.pt,0.3,640,54,19,10
9999938_00000_d_0000073,visdrone_det.pt,0.4,640,54,10,2
9999938_00000_d_0000073,visdrone_det.pt,0.5,640,54,5,0
9999938_00000_d_0000073,visdrone_det.pt,0.05,1024,54,161,127
9999938_00000_d_0000073,visdrone_det.pt,0.1,1024,54,108,89
9999938_00000_d_0000073,visdrone_det.pt,0.15,1024,54,69,54
9999938_00000_d_0000073,visdrone_det.pt,0.2,1024,54,52,40
9999938_00000_d_0000073,visdrone_det.pt,0.25,1024,54,34,24
9999938_00000_d_0000073,visdrone_det.pt,0.3,1024,54,25,16
9999938_00000_d_0000073,visdrone_det.pt,0.4,1024,54,13,6
9999938_00000_d_0000073,visdrone_det.pt,0.5,1024,54,10,3
9999938_00000_d_0000073,visdrone_det.pt,0.05,1536,54,176,150
9999938_00000_d_0000073,visdrone_det.pt,0.1,1536,54,112,88
9999938_00000_d_0000073,visdrone_det.pt,0.15,1536,54,83,66
9999938_00000_d_0000073,visdrone_det.pt,0.2,1536,54,66,52
9999938_00000_d_0000073,visdrone_det.pt,0.25,1536,54,47,36
9999938_00000_d_0000073,visdrone_det.pt,0.3,1536,54,37,26
9999938_00000_d_0000073,visdrone_det.pt,0.4,1536,54,21,13
9999938_00000_d_0000073,visdrone_det.pt,0.5,1536,54,12,5
9999938_00000_d_0000074,visdrone_det.pt,0.05,640,40,118,87
9999938_00000_d_0000074,visdrone_det.pt,0.1,640,40,72,52
9999938_00000_d_0000074,visdrone_det.pt,0.15,640,40,58,42
9999938_00000_d_0000074,visdrone_det.pt,0.2,640,40,42,27
9999938_00000_d_0000074,visdrone_det.pt,0.25,640,40,27,16
9999938_00000_d_0000074,visdrone_det.pt,0.3,640,40,19,11
9999938_00000_d_0000074,visdrone_det.pt,0.4,640,40,7,2
9999938_00000_d_0000074,visdrone_det.pt,0.5,640,40,5,1
9999938_00000_d_0000074,visdrone_det.pt,0.05,1024,40,144,118
9999938_00000_d_0000074,visdrone_det.pt,0.1,1024,40,90,74
9999938_00000_d_0000074,visdrone_det.pt,0.15,1024,40,72,58
9999938_00000_d_0000074,visdrone_det.pt,0.2,1024,40,54,43
9999938_00000_d_0000074,visdrone_det.pt,0.25,1024,40,43,34
9999938_00000_d_0000074,visdrone_det.pt,0.3,1024,40,31,22
9999938_00000_d_0000074,visdrone_det.pt,0.4,1024,40,23,15
9999938_00000_d_0000074,visdrone_det.pt,0.5,1024,40,10,3
9999938_00000_d_0000074,visdrone_det.pt,0.05,1536,40,160,115
9999938_00000_d_0000074,visdrone_det.pt,0.1,1536,40,95,67
9999938_00000_d_0000074,visdrone_det.pt,0.15,1536,40,69,47
9999938_00000_d_0000074,visdrone_det.pt,0.2,1536,40,53,36
9999938_00000_d_0000074,visdrone_det.pt,0.25,1536,40,40,30
9999938_00000_d_0000074,visdrone_det.pt,0.3,1536,40,33,26
9999938_00000_d_0000074,visdrone_det.pt,0.4,1536,40,23,16
9999938_00000_d_0000074,visdrone_det.pt,0.5,1536,40,14,9
9999938_00000_d_0000080,visdrone_det.pt,0.05,640,89,74,25
9999938_00000_d_0000080,visdrone_det.pt,0.1,640,89,46,12
9999938_00000_d_0000080,visdrone_det.pt,0.15,640,89,29,8
9999938_00000_d_0000080,visdrone_det.pt,0.2,640,89,23,3
9999938_00000_d_0000080,visdrone_det.pt,0.25,640,89,19,1
9999938_00000_d_0000080,visdrone_det.pt,0.3,640,89,16,1
9999938_00000_d_0000080,visdrone_det.pt,0.4,640,89,15,1
9999938_00000_d_0000080,visdrone_det.pt,0.5,640,89,13,0
9999938_00000_d_0000080,visdrone_det.pt,0.05,1024,89,129,97
9999938_00000_d_0000080,visdrone_det.pt,0.1,1024,89,79,51
9999938_00000_d_0000080,visdrone_det.pt,0.15,1024,89,57,33
9999938_00000_d_0000080,visdrone_det.pt,0.2,1024,89,39,18
9999938_00000_d_0000080,visdrone_det.pt,0.25,1024,89,27,10
9999938_00000_d_0000080,visdrone_det.pt,0.3,1024,89,23,6
9999938_00000_d_0000080,visdrone_det.pt,0.4,1024,89,17,1
9999938_00000_d_0000080,visdrone_det.pt,0.5,1024,89,15,0
9999938_00000_d_0000080,visdrone_det.pt,0.05,1536,89,177,145
9999938_00000_d_0000080,visdrone_det.pt,0.1,1536,89,114,90
9999938_00000_d_0000080,visdrone_det.pt,0.15,1536,89,75,53
9999938_00000_d_0000080,visdrone_det.pt,0.2,1536,89,52,32
9999938_00000_d_0000080,visdrone_det.pt,0.25,1536,89,42,24
9999938_00000_d_0000080,visdrone_det.pt,0.3,1536,89,34,16
9999938_00000_d_0000080,visdrone_det.pt,0.4,1536,89,23,8
9999938_00000_d_0000080,visdrone_det.pt,0.5,1536,89,16,1
9999938_00000_d_0000082,visdrone_det.pt,0.05,640,53,55,36
9999938_00000_d_0000082,visdrone_det.pt,0.1,640,53,33,18
9999938_00000_d_0000082,visdrone_det.pt,0.15,640,53,25,11
9999938_00000_d_0000082,visdrone_det.pt,0.2,640,53,22,8
9999938_00000_d_0000082,visdrone_det.pt,0.25,640,53,15,4
9999938_00000_d_0000082,visdrone_det.pt,0.3,640,53,15,4
9999938_00000_d_0000082,visdrone_det.pt,0.4,640,53,13,3
9999938_00000_d_0000082,visdrone_det.pt,0.5,640,53,10,1
9999938_00000_d_0000082,visdrone_det.pt,0.05,1024,53,77,63
9999938_00000_d_0000082,visdrone_det.pt,0.1,1024,53,44,33
9999938_00000_d_0000082,visdrone_det.pt,0.15,1024,53,26,16
9999938_00000_d_0000082,visdrone_det.pt,0.2,1024,53,20,10
9999938_00000_d_0000082,visdrone_det.pt,0.25,1024,53,17,8
9999938_00000_d_0000082,visdrone_det.pt,0.3,1024,53,13,4
9999938_00000_d_0000082,visdrone_det.pt,0.4,1024,53,10,1
9999938_00000_d_0000082,visdrone_det.pt,0.5,1024,53,10,1
9999938_00000_d_0000082,visdrone_det.pt,0.05,1536,53,114,99
9999938_00000_d_0000082,visdrone_det.pt,0.1,1536,53,74,64
9999938_00000_d_0000082,visdrone_det.pt,0.15,1536,53,51,42
9999938_00000_d_0000082,visdrone_det.pt,0.2,1536,53,34,25
9999938_00000_d_0000082,visdrone_det.pt,0.25,1536,53,25,16
9999938_00000_d_0000082,visdrone_det.pt,0.3,1536,53,19,11
9999938_00000_d_0000082,visdrone_det.pt,0.4,1536,53,15,7
9999938_00000_d_0000082,visdrone_det.pt,0.5,1536,53,10,2
9999938_00000_d_0000083,visdrone_det.pt,0.05,640,27,73,58
9999938_00000_d_0000083,visdrone_det.pt,0.1,640,27,53,42
9999938_00000_d_0000083,visdrone_det.pt,0.15,640,27,43,33
9999938_00000_d_0000083,visdrone_det.pt,0.2,640,27,35,26
9999938_00000_d_0000083,visdrone_det.pt,0.25,640,27,29,22
9999938_00000_d_0000083,visdrone_det.pt,0.3,640,27,21,14
9999938_00000_d_0000083,visdrone_det.pt,0.4,640,27,11,4
9999938_00000_d_0000083,visdrone_det.pt,0.5,640,27,7,2
9999938_00000_d_0000083,visdrone_det.pt,0.05,1024,27,67,46
9999938_00000_d_0000083,visdrone_det.pt,0.1,1024,27,55,36
9999938_00000_d_0000083,visdrone_det.pt,0.15,1024,27,43,28
9999938_00000_d_0000083,visdrone_det.pt,0.2,1024,27,33,19
9999938_00000_d_0000083,visdrone_det.pt,0.25,1024,27,27,14
9999938_00000_d_0000083,visdrone_det.pt,0.3,1024,27,22,10
9999938_00000_d_0000083,visdrone_det.pt,0.4,1024,27,16,6
9999938_00000_d_0000083,visdrone_det.pt,0.5,1024,27,8,2
9999938_00000_d_0000083,visdrone_det.pt,0.05,1536,27,72,35
9999938_00000_d_0000083,visdrone_det.pt,0.1,1536,27,45,20
9999938_00000_d_0000083,visdrone_det.pt,0.15,1536,27,34,13
9999938_00000_d_0000083,visdrone_det.pt,0.2,1536,27,23,8
9999938_00000_d_0000083,visdrone_det.pt,0.25,1536,27,21,8
9999938_00000_d_0000083,visdrone_det.pt,0.3,1536,27,19,7
9999938_00000_d_0000083,visdrone_det.pt,0.4,1536,27,12,3
9999938_00000_d_0000083,visdrone_det.pt,0.5,1536,27,9,2
9999938_00000_d_0000089,visdrone_det.pt,0.05,640,42,81,61
9999938_00000_d_0000089,visdrone_det.pt,0.1,640,42,39,27
9999938_00000_d_0000089,visdrone_det.pt,0.15,640,42,30,19
9999938_00000_d_0000089,visdrone_det.pt,0.2,640,42,21,13
9999938_00000_d_0000089,visdrone_det.pt,0.25,640,42,16,9
9999938_00000_d_0000089,visdrone_det.pt,0.3,640,42,9,3
9999938_00000_d_0000089,visdrone_det.pt,0.4,640,42,8,3
9999938_00000_d_0000089,visdrone_det.pt,0.5,640,42,4,0
9999938_00000_d_0000089,visdrone_det.pt,0.05,1024,42,100,75
9999938_00000_d_0000089,visdrone_det.pt,0.1,1024,42,65,46
9999938_00000_d_0000089,visdrone_det.pt,0.15,1024,42,39,27
9999938_00000_d_0000089,visdrone_det.pt,0.2,1024,42,33,23
9999938_00000_d_0000089,visdrone_det.pt,0.25,1024,42,28,19
9999938_00000_d_0000089,visdrone_det.pt,0.3,1024,42,19,11
9999938_00000_d_0000089,visdrone_det.pt,0.4,1024,42,13,6
9999938_00000_d_0000089,visdrone_det.pt,0.5,1024,42,8,2
9999938_00000_d_0000089,visdrone_det.pt,0.05,1536,42,122,94
9999938_00000_d_0000089,visdrone_det.pt,0.1,1536,42,75,56
9999938_00000_d_0000089,visdrone_det.pt,0.15,1536,42,49,34
9999938_00000_d_0000089,visdrone_det.pt,0.2,1536,42,37,24
9999938_00000_d_0000089,visdrone_det.pt,0.25,1536,42,26,16
9999938_00000_d_0000089,visdrone_det.pt,0.3,1536,42,22,14
9999938_00000_d_0000089,visdrone_det.pt,0.4,1536,42,11,6
9999938_00000_d_0000089,visdrone_det.pt,0.5,1536,42,6,2
9999938_00000_d_0000093,visdrone_det.pt,0.05,640,13,41,13
9999938_00000_d_0000093,visdrone_det.pt,0.1,640,13,30,10
9999938_00000_d_0000093,visdrone_det.pt,0.15,640,13,23,7
9999938_00000_d_0000093,visdrone_det.pt,0.2,640,13,21,6
9999938_00000_d_0000093,visdrone_det.pt,0.25,640,13,20,6
9999938_00000_d_0000093,visdrone_det.pt,0.3,640,13,13,3
9999938_00000_d_0000093,visdrone_det.pt,0.4,640,13,9,0
9999938_00000_d_0000093,visdrone_det.pt,0.5,640,13,8,0
9999938_00000_d_0000093,visdrone_det.pt,0.05,1024,13,71,51
9999938_00000_d_0000093,visdrone_det.pt,0.1,1024,13,53,35
9999938_00000_d_0000093,visdrone_det.pt,0.15,1024,13,42,26
9999938_00000_d_0000093,visdrone_det.pt,0.2,1024,13,34,18
9999938_00000_d_0000093,visdrone_det.pt,0.25,1024,13,28,13
9999938_00000_d_0000093,visdrone_det.pt,0.3,1024,13,20,7
9999938_00000_d_0000093,visdrone_det.pt,0.4,1024,13,16,3
9999938_00000_d_0000093,visdrone_det.pt,0.5,1024,13,11,0
9999938_00000_d_0000093,visdrone_det.pt,0.05,1536,13,62,37
9999938_00000_d_0000093,visdrone_det.pt,0.1,1536,13,50,29
9999938_00000_d_0000093,visdrone_det.pt,0.15,1536,13,40,21
9999938_00000_d_0000093,visdrone_det.pt,0.2,1536,13,34,16
9999938_00000_d_0000093,visdrone_det.pt,0.25,1536,13,31,13
9999938_00000_d_0000093,visdrone_det.pt,0.3,1536,13,29,12
9999938_00000_d_0000093,visdrone_det.pt,0.4,1536,13,23,7
9999938_00000_d_0000093,visdrone_det.pt,0.5,1536,13,15,3
9999938_00000_d_0000099,visdrone_det.pt,0.05,640,85,83,66
9999938_00000_d_0000099,visdrone_det.pt,0.1,640,85,53,43
9999938_00000_d_0000099,visdrone_det.pt,0.15,640,85,36,28
9999938_00000_d_0000099,visdrone_det.pt,0.2,640,85,25,17
9999938_00000_d_0000099,visdrone_det.pt,0.25,640,85,17,10
9999938_00000_d_0000099,visdrone_det.pt,0.3,640,85,11,4
9999938_00000_d_0000099,visdrone_det.pt,0.4,640,85,6,0
9999938_00000_d_0000099,visdrone_det.pt,0.5,640,85,4,0
9999938_00000_d_0000099,visdrone_det.pt,0.05,1024,85,184,168
9999938_00000_d_0000099,visdrone_det.pt,0.1,1024,85,109,97
9999938_00000_d_0000099,visdrone_det.pt,0.15,1024,85,66,56
9999938_00000_d_0000099,visdrone_det.pt,0.2,1024,85,49,39
9999938_00000_d_0000099,visdrone_det.pt,0.25,1024,85,29,20
9999938_00000_d_0000099,visdrone_det.pt,0.3,1024,85,20,12
9999938_00000_d_0000099,visdrone_det.pt,0.4,1024,85,14,7
9999938_00000_d_0000099,visdrone_det.pt,0.5,1024,85,9,4
9999938_00000_d_0000099,visdrone_det.pt,0.05,1536,85,256,233
9999938_00000_d_0000099,visdrone_det.pt,0.1,1536,85,145,134
9999938_00000_d_0000099,visdrone_det.pt,0.15,1536,85,102,91
9999938_00000_d_0000099,visdrone_det.pt,0.2,1536,85,73,63
9999938_00000_d_0000099,visdrone_det.pt,0.25,1536,85,58,48
9999938_00000_d_0000099,visdrone_det.pt,0.3,1536,85,45,35
9999938_00000_d_0000099,visdrone_det.pt,0.4,1536,85,24,15
9999938_00000_d_0000099,visdrone_det.pt,0.5,1536,85,14,7
9999938_00000_d_0000100,visdrone_det.pt,0.05,640,64,76,58
9999938_00000_d_0000100,visdrone_det.pt,0.1,640,64,43,30
9999938_00000_d_0000100,visdrone_det.pt,0.15,640,64,32,20
9999938_00000_d_0000100,visdrone_det.pt,0.2,640,64,25,13
9999938_00000_d_0000100,visdrone_det.pt,0.25,640,64,21,11
9999938_00000_d_0000100,visdrone_det.pt,0.3,640,64,16,7
9999938_00000_d_0000100,visdrone_det.pt,0.4,640,64,9,0
9999938_00000_d_0000100,visdrone_det.pt,0.5,640,64,9,0
9999938_00000_d_0000100,visdrone_det.pt,0.05,1024,64,111,87
9999938_00000_d_0000100,visdrone_det.pt,0.1,1024,64,80,62
9999938_00000_d_0000100,visdrone_det.pt,0.15,1024,64,58,43
9999938_00000_d_0000100,visdrone_det.pt,0.2,1024,64,42,27
9999938_00000_d_0000100,visdrone_det.pt,0.25,1024,64,38,24
9999938_00000_d_0000100,visdrone_det.pt,0.3,1024,64,31,17
9999938_00000_d_0000100,visdrone_det.pt,0.4,1024,64,16,4
9999938_00000_d_0000100,visdrone_det.pt,0.5,1024,64,11,2
9999938_00000_d_0000100,visdrone_det.pt,0.05,1536,64,147,120
9999938_00000_d_0000100,visdrone_det.pt,0.1,1536,64,105,86
9999938_00000_d_0000100,visdrone_det.pt,0.15,1536,64,78,64
9999938_00000_d_0000100,visdrone_det.pt,0.2,1536,64,62,50
9999938_00000_d_0000100,visdrone_det.pt,0.25,1536,64,48,37
9999938_00000_d_0000100,visdrone_det.pt,0.3,1536,64,45,34
9999938_00000_d_0000100,visdrone_det.pt,0.4,1536,64,27,17
9999938_00000_d_0000100,visdrone_det.pt,0.5,1536,64,19,9
9999938_00000_d_0000102,visdrone_det.pt,0.05,640,12,31,22
9999938_00000_d_0000102,visdrone_det.pt,0.1,640,12,19,12
9999938_00000_d_0000102,visdrone_det.pt,0.15,640,12,14,9
9999938_00000_d_0000102,visdrone_det.pt,0.2,640,12,10,5
9999938_00000_d_0000102,visdrone_det.pt,0.25,640,12,6,1
9999938_00000_d_0000102,visdrone_det.pt,0.3,640,12,4,1
9999938_00000_d_0000102,visdrone_det.pt,0.4,640,12,4,1
9999938_00000_d_0000102,visdrone_det.pt,0.5,640,12,3,0
9999938_00000_d_0000102,visdrone_det.pt,0.05,1024,12,24,14
9999938_00000_d_0000102,visdrone_det.pt,0.1,1024,12,17,10
9999938_00000_d_0000102,visdrone_det.pt,0.15,1024,12,11,6
9999938_00000_d_0000102,visdrone_det.pt,0.2,1024,12,8,3
9999938_00000_d_0000102,visdrone_det.pt,0.25,1024,12,8,3
9999938_00000_d_0000102,visdrone_det.pt,0.3,1024,12,8,3
9999938_00000_d_0000102,visdrone_det.pt,0.4,1024,12,5,1
9999938_00000_d_0000102,visdrone_det.pt,0.5,1024,12,4,0
9999938_00000_d_0000102,visdrone_det.pt,0.05,1536,12,37,22
9999938_00000_d_0000102,visdrone_det.pt,0.1,1536,12,26,17
9999938_00000_d_0000102,visdrone_det.pt,0.15,1536,12,19,11
9999938_00000_d_0000102,visdrone_det.pt,0.2,1536,12,13,5
9999938_00000_d_0000102,visdrone_det.pt,0.25,1536,12,11,4
9999938_00000_d_0000102,visdrone_det.pt,0.3,1536,12,7,3
9999938_00000_d_0000102,visdrone_det.pt,0.4,1536,12,4,0
9999938_00000_d_0000102,visdrone_det.pt,0.5,1536,12,4,0
9999938_00000_d_0000105,visdrone_det.pt,0.05,640,112,162,131
9999938_00000_d_0000105,visdrone_det.pt,0.1,640,112,104,83
9999938_00000_d_0000105,visdrone_det.pt,0.15,640,112,72,56
9999938_00000_d_0000105,visdrone_det.pt,0.2,640,112,47,36
9999938_00000_d_0000105,visdrone_det.pt,0.25,640,112,34,24
9999938_00000_d_0000105,visdrone_det.pt,0.3,640,112,31,22
9999938_00000_d_0000105,visdrone_det.pt,0.4,640,112,17,8
9999938_00000_d_0000105,visdrone_det.pt,0.5,640,112,12,4
9999938_00000_d_0000105,visdrone_det.pt,0.05,1024,112,216,199
9999938_00000_d_0000105,visdrone_det.pt,0.1,1024,112,154,140
9999938_00000_d_0000105,visdrone_det.pt,0.15,1024,112,115,101
9999938_00000_d_0000105,visdrone_det.pt,0.2,1024,112,87,74
9999938_00000_d_0000105,visdrone_det.pt,0.25,1024,112,61,48
9999938_00000_d_0000105,visdrone_det.pt,0.3,1024,112,46,34
9999938_00000_d_0000105,visdrone_det.pt,0.4,1024,112,27,15
9999938_00000_d_0000105,visdrone_det.pt,0.5,1024,112,18,9
9999938_00000_d_0000105,visdrone_det.pt,0.05,1536,112,225,195
9999938_00000_d_0000105,visdrone_det.pt,0.1,1536,112,158,134
9999938_00000_d_0000105,visdrone_det.pt,0.15,1536,112,125,106
9999938_00000_d_0000105,visdrone_det.pt,0.2,1536,112,95,78
9999938_00000_d_0000105,visdrone_det.pt,0.25,1536,112,79,64
9999938_00000_d_0000105,visdrone_det.pt,0.3,1536,112,64,50
9999938_00000_d_0000105,visdrone_det.pt,0.4,1536,112,48,37
9999938_00000_d_0000105,visdrone_det.pt,0.5,1536,112,36,26
9999938_00000_d_0000107,visdrone_det.pt,0.05,640,146,156,148
9999938_00000_d_0000107,visdrone_det.pt,0.1,640,146,98,92
9999938_00000_d_0000107,visdrone_det.pt,0.15,640,146,69,66
9999938_00000_d_0000107,visdrone_det.pt,0.2,640,146,46,43
9999938_00000_d_0000107,visdrone_det.pt,0.25,640,146,30,28
9999938_00000_d_0000107,visdrone_det.pt,0.3,640,146,16,15
9999938_00000_d_0000107,visdrone_det.pt,0.4,640,146,5,4
9999938_00000_d_0000107,visdrone_det.pt,0.5,640,146,2,1
9999938_00000_d_0000107,visdrone_det.pt,0.05,1024,146,305,285
9999938_00000_d_0000107,visdrone_det.pt,0.1,1024,146,176,162
9999938_00000_d_0000107,visdrone_det.pt,0.15,1024,146,124,115
9999938_00000_d_0000107,visdrone_det.pt,0.2,1024,146,79,72
9999938_00000_d_0000107,visdrone_det.pt,0.25,1024,146,54,51
9999938_00000_d_0000107,visdrone_det.pt,0.3,1024,146,38,36
9999938_00000_d_0000107,visdrone_det.pt,0.4,1024,146,21,20
9999938_00000_d_0000107,visdrone_det.pt,0.5,1024,146,10,9
9999938_00000_d_0000107,visdrone_det.pt,0.05,1536,146,342,306
9999938_00000_d_0000107,visdrone_det.pt,0.1,1536,146,206,189
9999938_00000_d_0000107,visdrone_det.pt,0.15,1536,146,132,123
9999938_00000_d_0000107,visdrone_det.pt,0.2,1536,146,99,93
9999938_00000_d_0000107,visdrone_det.pt,0.25,1536,146,79,74
9999938_00000_d_0000107,visdrone_det.pt,0.3,1536,146,60,55
9999938_00000_d_0000107,visdrone_det.pt,0.4,1536,146,43,42
9999938_00000_d_0000107,visdrone_det.pt,0.5,1536,146,29,28
9999938_00000_d_0000113,visdrone_det.pt,0.05,640,13,42,12
9999938_00000_d_0000113,visdrone_det.pt,0.1,640,13,27,3
9999938_00000_d_0000113,visdrone_det.pt,0.15,640,13,21,1
9999938_00000_d_0000113,visdrone_det.pt,0.2,640,13,17,1
9999938_00000_d_0000113,visdrone_det.pt,0.25,640,13,14,1
9999938_00000_d_0000113,visdrone_det.pt,0.3,640,13,13,1
9999938_00000_d_0000113,visdrone_det.pt,0.4,640,13,12,0
9999938_00000_d_0000113,visdrone_det.pt,0.5,640,13,8,0
9999938_00000_d_0000113,visdrone_det.pt,0.05,1024,13,47,15
9999938_00000_d_0000113,visdrone_det.pt,0.1,1024,13,30,9
9999938_00000_d_0000113,visdrone_det.pt,0.15,1024,13,21,2
9999938_00000_d_0000113,visdrone_det.pt,0.2,1024,13,19,2
9999938_00000_d_0000113,visdrone_det.pt,0.25,1024,13,15,2
9999938_00000_d_0000113,visdrone_det.pt,0.3,1024,13,14,2
9999938_00000_d_0000113,visdrone_det.pt,0.4,1024,13,12,2
9999938_00000_d_0000113,visdrone_det.pt,0.5,1024,13,8,1
9999938_00000_d_0000113,visdrone_det.pt,0.05,1536,13,44,15
9999938_00000_d_0000113,visdrone_det.pt,0.1,1536,13,29,10
9999938_00000_d_0000113,visdrone_det.pt,0.15,1536,13,24,9
9999938_00000_d_0000113,visdrone_det.pt,0.2,1536,13,20,7
9999938_00000_d_0000113,visdrone_det.pt,0.25,1536,13,20,7
9999938_00000_d_0000113,visdrone_det.pt,0.3,1536,13,16,4
9999938_00000_d_0000113,visdrone_det.pt,0.4,1536,13,11,2
9999938_00000_d_0000113,visdrone_det.pt,0.5,1536,13,10,1
9999938_00000_d_0000121,visdrone_det.pt,0.05,640,176,174,166
9999938_00000_d_0000121,visdrone_det.pt,0.1,640,176,100,95
9999938_00000_d_0000121,visdrone_det.pt,0.15,640,176,66,65
9999938_00000_d_0000121,visdrone_det.pt,0.2,640,176,34,33
9999938_00000_d_0000121,visdrone_det.pt,0.25,640,176,22,21
9999938_00000_d_0000121,visdrone_det.pt,0.3,640,176,14,13
9999938_00000_d_0000121,visdrone_det.pt,0.4,640,176,7,6
9999938_00000_d_0000121,visdrone_det.pt,0.5,640,176,0,0
9999938_00000_d_0000121,visdrone_det.pt,0.05,1024,176,277,269
9999938_00000_d_0000121,visdrone_det.pt,0.1,1024,176,189,181
9999938_00000_d_0000121,visdrone_det.pt,0.15,1024,176,131,128
9999938_00000_d_0000121,visdrone_det.pt,0.2,1024,176,89,89
9999938_00000_d_0000121,visdrone_det.pt,0.25,1024,176,63,63
9999938_00000_d_0000121,visdrone_det.pt,0.3,1024,176,44,44
9999938_00000_d_0000121,visdrone_det.pt,0.4,1024,176,23,23
9999938_00000_d_0000121,visdrone_det.pt,0.5,1024,176,14,14
9999938_00000_d_0000121,visdrone_det.pt,0.05,1536,176,337,281
9999938_00000_d_0000121,visdrone_det.pt,0.1,1536,176,226,193
9999938_00000_d_0000121,visdrone_det.pt,0.15,1536,176,161,142
9999938_00000_d_0000121,visdrone_det.pt,0.2,1536,176,113,103
9999938_00000_d_0000121,visdrone_det.pt,0.25,1536,176,82,74
9999938_00000_d_0000121,visdrone_det.pt,0.3,1536,176,61,56
9999938_00000_d_0000121,visdrone_det.pt,0.4,1536,176,32,31
9999938_00000_d_0000121,visdrone_det.pt,0.5,1536,176,15,15
9999938_00000_d_0000122,visdrone_det.pt,0.05,640,89,82,63
9999938_00000_d_0000122,visdrone_det.pt,0.1,640,89,50,38
9999938_00000_d_0000122,visdrone_det.pt,0.15,640,89,28,20
9999938_00000_d_0000122,visdrone_det.pt,0.2,640,89,15,10
9999938_00000_d_0000122,visdrone_det.pt,0.25,640,89,9,5
9999938_00000_d_0000122,visdrone_det.pt,0.3,640,89,5,2
9999938_00000_d_0000122,visdrone_det.pt,0.4,640,89,3,1
9999938_00000_d_0000122,visdrone_det.pt,0.5,640,89,2,1
9999938_00000_d_0000122,visdrone_det.pt,0.05,1024,89,126,72
9999938_00000_d_0000122,visdrone_det.pt,0.1,1024,89,70,47
9999938_00000_d_0000122,visdrone_det.pt,0.15,1024,89,49,34
9999938_00000_d_0000122,visdrone_det.pt,0.2,1024,89,29,20
9999938_00000_d_0000122,visdrone_det.pt,0.25,1024,89,18,12
9999938_00000_d_0000122,visdrone_det.pt,0.3,1024,89,15,11
9999938_00000_d_0000122,visdrone_det.pt,0.4,1024,89,8,4
9999938_00000_d_0000122,visdrone_det.pt,0.5,1024,89,7,3
9999938_00000_d_0000122,visdrone_det.pt,0.05,1536,89,132,53
9999938_00000_d_0000122,visdrone_det.pt,0.1,1536,89,77,34
9999938_00000_d_0000122,visdrone_det.pt,0.15,1536,89,51,24
9999938_00000_d_0000122,visdrone_det.pt,0.2,1536,89,37,20
9999938_00000_d_0000122,visdrone_det.pt,0.25,1536,89,25,16
9999938_00000_d_0000122,visdrone_det.pt,0.3,1536,89,22,13
9999938_00000_d_0000122,visdrone_det.pt,0.4,1536,89,15,11
9999938_00000_d_0000122,visdrone_det.pt,0.5,1536,89,10,8
9999938_00000_d_0000125,visdrone_det.pt,0.05,640,117,64,50
9999938_00000_d_0000125,visdrone_det.pt,0.1,640,117,39,27
9999938_00000_d_0000125,visdrone_det.pt,0.15,640,117,22,10
9999938_00000_d_0000125,visdrone_det.pt,0.2,640,117,17,5
9999938_00000_d_0000125,visdrone_det.pt,0.25,640,117,16,4
9999938_00000_d_0000125,visdrone_det.pt,0.3,640,117,13,2
9999938_00000_d_0000125,visdrone_det.pt,0.4,640,117,10,0
9999938_00000_d_0000125,visdrone_det.pt,0.5,640,117,9,0
9999938_00000_d_0000125,visdrone_det.pt,0.05,1024,117,139,122
9999938_00000_d_0000125,visdrone_det.pt,0.1,1024,117,88,73
9999938_00000_d_0000125,visdrone_det.pt,0.15,1024,117,62,49
9999938_00000_d_0000125,visdrone_det.pt,0.2,1024,117,40,27
9999938_00000_d_0000125,visdrone_det.pt,0.25,1024,117,34,21
9999938_00000_d_0000125,visdrone_det.pt,0.3,1024,117,24,13
9999938_00000_d_0000125,visdrone_det.pt,0.4,1024,117,18,7
9999938_00000_d_0000125,visdrone_det.pt,0.5,1024,117,13,2
9999938_00000_d_0000125,visdrone_det.pt,0.05,1536,117,179,146
9999938_00000_d_0000125,visdrone_det.pt,0.1,1536,117,91,73
9999938_00000_d_0000125,visdrone_det.pt,0.15,1536,117,61,47
9999938_00000_d_0000125,visdrone_det.pt,0.2,1536,117,44,32
9999938_00000_d_0000125,visdrone_det.pt,0.25,1536,117,30,19
9999938_00000_d_0000125,visdrone_det.pt,0.3,1536,117,25,14
9999938_00000_d_0000125,visdrone_det.pt,0.4,1536,117,14,3
9999938_00000_d_0000125,visdrone_det.pt,0.5,1536,117,12,2
9999938_00000_d_0000130,visdrone_det.pt,0.05,640,68,59,31
9999938_00000_d_0000130,visdrone_det.pt,0.1,640,68,38,17
9999938_00000_d_0000130,visdrone_det.pt,0.15,640,68,22,5
9999938_00000_d_0000130,visdrone_det.pt,0.2,640,68,17,3
9999938_00000_d_0000130,visdrone_det.pt,0.25,640,68,13,1
9999938_00000_d_0000130,visdrone_det.pt,0.3,640,68,13,1
9999938_00000_d_0000130,visdrone_det.pt,0.4,640,68,12,0
9999938_00000_d_0000130,visdrone_det.pt,0.5,640,68,11,0
9999938_00000_d_0000130,visdrone_det.pt,0.05,1024,68,89,46
9999938_00000_d_0000130,visdrone_det.pt,0.1,1024,68,53,24
9999938_00000_d_0000130,visdrone_det.pt,0.15,1024,68,36,12
9999938_00000_d_0000130,visdrone_det.pt,0.2,1024,68,28,8
9999938_00000_d_0000130,visdrone_det.pt,0.25,1024,68,22,5
9999938_00000_d_0000130,visdrone_det.pt,0.3,1024,68,20,5
9999938_00000_d_0000130,visdrone_det.pt,0.4,1024,68,14,0
9999938_00000_d_0000130,visdrone_det.pt,0.5,1024,68,12,0
9999938_00000_d_0000130,visdrone_det.pt,0.05,1536,68,138,62
9999938_00000_d_0000130,visdrone_det.pt,0.1,1536,68,71,30
9999938_00000_d_0000130,visdrone_det.pt,0.15,1536,68,42,17
9999938_00000_d_0000130,visdrone_det.pt,0.2,1536,68,34,12
9999938_00000_d_0000130,visdrone_det.pt,0.25,1536,68,30,10
9999938_00000_d_0000130,visdrone_det.pt,0.3,1536,68,24,7
9999938_00000_d_0000130,visdrone_det.pt,0.4,1536,68,17,2
9999938_00000_d_0000130,visdrone_det.pt,0.5,1536,68,13,1
9999938_00000_d_0000135,visdrone_det.pt,0.05,640,30,57,23
9999938_00000_d_0000135,visdrone_det.pt,0.1,640,30,40,19
9999938_00000_d_0000135,visdrone_det.pt,0.15,640,30,28,10
9999938_00000_d_0000135,visdrone_det.pt,0.2,640,30,26,8
9999938_00000_d_0000135,visdrone_det.pt,0.25,640,30,23,6
9999938_00000_d_0000135,visdrone_det.pt,0.3,640,30,17,4
9999938_00000_d_0000135,visdrone_det.pt,0.4,640,30,13,2
9999938_00000_d_0000135,visdrone_det.pt,0.5,640,30,9,1
9999938_00000_d_0000135,visdrone_det.pt,0.05,1024,30,80,44
9999938_00000_d_0000135,visdrone_det.pt,0.1,1024,30,45,22
9999938_00000_d_0000135,visdrone_det.pt,0.15,1024,30,35,14
9999938_00000_d_0000135,visdrone_det.pt,0.2,1024,30,27,7
9999938_00000_d_0000135,visdrone_det.pt,0.25,1024,30,21,3
9999938_00000_d_0000135,visdrone_det.pt,0.3,1024,30,19,3
9999938_00000_d_0000135,visdrone_det.pt,0.4,1024,30,15,2
9999938_00000_d_0000135,visdrone_det.pt,0.5,1024,30,14,1
9999938_00000_d_0000135,visdrone_det.pt,0.05,1536,30,69,23
9999938_00000_d_0000135,visdrone_det.pt,0.1,1536,30,45,14
9999938_00000_d_0000135,visdrone_det.pt,0.15,1536,30,34,9
9999938_00000_d_0000135,visdrone_det.pt,0.2,1536,30,28,6
9999938_00000_d_0000135,visdrone_det.pt,0.25,1536,30,26,6
9999938_00000_d_0000135,visdrone_det.pt,0.3,1536,30,21,4
9999938_00000_d_0000135,visdrone_det.pt,0.4,1536,30,16,1
9999938_00000_d_0000135,visdrone_det.pt,0.5,1536,30,14,1
9999938_00000_d_0000144,visdrone_det.pt,0.05,640,19,45,10
9999938_00000_d_0000144,visdrone_det.pt,0.1,640,19,34,5
9999938_00000_d_0000144,visdrone_det.pt,0.15,640,19,31,4
9999938_00000_d_0000144,visdrone_det.pt,0.2,640,19,31,4
9999938_00000_d_0000144,visdrone_det.pt,0.25,640,19,30,3
9999938_00000_d_0000144,visdrone_det.pt,0.3,640,19,28,2
9999938_00000_d_0000144,visdrone_det.pt,0.4,640,19,25,1
9999938_00000_d_0000144,visdrone_det.pt,0.5,640,19,23,0
9999938_00000_d_0000144,visdrone_det.pt,0.05,1024,19,60,21
9999938_00000_d_0000144,visdrone_det.pt,0.1,1024,19,42,12
9999938_00000_d_0000144,visdrone_det.pt,0.15,1024,19,35,8
9999938_00000_d_0000144,visdrone_det.pt,0.2,1024,19,28,3
9999938_00000_d_0000144,visdrone_det.pt,0.25,1024,19,27,3
9999938_00000_d_0000144,visdrone_det.pt,0.3,1024,19,25,1
9999938_00000_d_0000144,visdrone_det.pt,0.4,1024,19,24,0
9999938_00000_d_0000144,visdrone_det.pt,0.5,1024,19,23,0
9999938_00000_d_0000144,visdrone_det.pt,0.05,1536,19,61,16
9999938_00000_d_0000144,visdrone_det.pt,0.1,1536,19,43,7
9999938_00000_d_0000144,visdrone_det.pt,0.15,1536,19,35,4
9999938_00000_d_0000144,visdrone_det.pt,0.2,1536,19,30,1
9999938_00000_d_0000144,visdrone_det.pt,0.25,1536,19,28,1
9999938_00000_d_0000144,visdrone_det.pt,0.3,1536,19,27,1
9999938_00000_d_0000144,visdrone_det.pt,0.4,1536,19,26,1
9999938_00000_d_0000144,visdrone_det.pt,0.5,1536,19,24,0
9999938_00000_d_0000148,visdrone_det.pt,0.05,640,18,5,0
9999938_00000_d_0000148,visdrone_det.pt,0.1,640,18,2,0
9999938_00000_d_0000148,visdrone_det.pt,0.15,640,18,1,0
9999938_00000_d_0000148,visdrone_det.pt,0.2,640,18,1,0
9999938_00000_d_0000148,visdrone_det.pt,0.25,640,18,1,0
9999938_00000_d_0000148,visdrone_det.pt,0.3,640,18,1,0
9999938_00000_d_0000148,visdrone_det.pt,0.4,640,18,0,0
9999938_00000_d_0000148,visdrone_det.pt,0.5,640,18,0,0
9999938_00000_d_0000148,visdrone_det.pt,0.05,1024,18,3,0
9999938_00000_d_0000148,visdrone_det.pt,0.1,1024,18,2,0
9999938_00000_d_0000148,visdrone_det.pt,0.15,1024,18,1,0
9999938_00000_d_0000148,visdrone_det.pt,0.2,1024,18,1,0
9999938_00000_d_0000148,visdrone_det.pt,0.25,1024,18,0,0
9999938_00000_d_0000148,visdrone_det.pt,0.3,1024,18,0,0
9999938_00000_d_0000148,visdrone_det.pt,0.4,1024,18,0,0
9999938_00000_d_0000148,visdrone_det.pt,0.5,1024,18,0,0
9999938_00000_d_0000148,visdrone_det.pt,0.05,1536,18,0,0
9999938_00000_d_0000148,visdrone_det.pt,0.1,1536,18,0,0
9999938_00000_d_0000148,visdrone_det.pt,0.15,1536,18,0,0
9999938_00000_d_0000148,visdrone_det.pt,0.2,1536,18,0,0
9999938_00000_d_0000148,visdrone_det.pt,0.25,1536,18,0,0
9999938_00000_d_0000148,visdrone_det.pt,0.3,1536,18,0,0
9999938_00000_d_0000148,visdrone_det.pt,0.4,1536,18,0,0
9999938_00000_d_0000148,visdrone_det.pt,0.5,1536,18,0,0
9999938_00000_d_0000156,visdrone_det.pt,0.05,640,11,44,26
9999938_00000_d_0000156,visdrone_det.pt,0.1,640,11,29,14
9999938_00000_d_0000156,visdrone_det.pt,0.15,640,11,21,9
9999938_00000_d_0000156,visdrone_det.pt,0.2,640,11,16,4
9999938_00000_d_0000156,visdrone_det.pt,0.25,640,11,12,1
9999938_00000_d_0000156,visdrone_det.pt,0.3,640,11,11,0
9999938_00000_d_0000156,visdrone_det.pt,0.4,640,11,10,0
9999938_00000_d_0000156,visdrone_det.pt,0.5,640,11,9,0
9999938_00000_d_0000156,visdrone_det.pt,0.05,1024,11,40,22
9999938_00000_d_0000156,visdrone_det.pt,0.1,1024,11,27,13
9999938_00000_d_0000156,visdrone_det.pt,0.15,1024,11,22,9
9999938_00000_d_0000156,visdrone_det.pt,0.2,1024,11,19,6
9999938_00000_d_0000156,visdrone_det.pt,0.25,1024,11,18,5
9999938_00000_d_0000156,visdrone_det.pt,0.3,1024,11,17,5
9999938_00000_d_0000156,visdrone_det.pt,0.4,1024,11,10,1
9999938_00000_d_0000156,visdrone_det.pt,0.5,1024,11,8,0
9999938_00000_d_0000156,visdrone_det.pt,0.05,1536,11,40,19
9999938_00000_d_0000156,visdrone_det.pt,0.1,1536,11,32,15
9999938_00000_d_0000156,visdrone_det.pt,0.15,1536,11,24,11
9999938_00000_d_0000156,visdrone_det.pt,0.2,1536,11,20,7
9999938_00000_d_0000156,visdrone_det.pt,0.25,1536,11,16,6
9999938_00000_d_0000156,visdrone_det.pt,0.3,1536,11,13,4
9999938_00000_d_0000156,visdrone_det.pt,0.4,1536,11,12,4
9999938_00000_d_0000156,visdrone_det.pt,0.5,1536,11,10,2
9999938_00000_d_0000157,visdrone_det.pt,0.05,640,6,42,10
9999938_00000_d_0000157,visdrone_det.pt,0.1,640,6,24,3
9999938_00000_d_0000157,visdrone_det.pt,0.15,640,6,22,2
9999938_00000_d_0000157,visdrone_det.pt,0.2,640,6,15,1
9999938_00000_d_0000157,visdrone_det.pt,0.25,640,6,12,0
9999938_00000_d_0000157,visdrone_det.pt,0.3,640,6,12,0
9999938_00000_d_0000157,visdrone_det.pt,0.4,640,6,10,0
9999938_00000_d_0000157,visdrone_det.pt,0.5,640,6,8,0
9999938_00000_d_0000157,visdrone_det.pt,0.05,1024,6,35,11
9999938_00000_d_0000157,visdrone_det.pt,0.1,1024,6,23,6
9999938_00000_d_0000157,visdrone_det.pt,0.15,1024,6,19,5
9999938_00000_d_0000157,visdrone_det.pt,0.2,1024,6,15,3
9999938_00000_d_0000157,visdrone_det.pt,0.25,1024,6,15,3
9999938_00000_d_0000157,visdrone_det.pt,0.3,1024,6,13,2
9999938_00000_d_0000157,visdrone_det.pt,0.4,1024,6,11,1
9999938_00000_d_0000157,visdrone_det.pt,0.5,1024,6,9,0
9999938_00000_d_0000157,visdrone_det.pt,0.05,1536,6,43,11
9999938_00000_d_0000157,visdrone_det.pt,0.1,1536,6,26,4
9999938_00000_d_0000157,visdrone_det.pt,0.15,1536,6,23,4
9999938_00000_d_0000157,visdrone_det.pt,0.2,1536,6,21,3
9999938_00000_d_0000157,visdrone_det.pt,0.25,1536,6,18,2
9999938_00000_d_0000157,visdrone_det.pt,0.3,1536,6,17,2
9999938_00000_d_0000157,visdrone_det.pt,0.4,1536,6,15,2
9999938_00000_d_0000157,visdrone_det.pt,0.5,1536,6,10,1
9999938_00000_d_0000164,visdrone_det.pt,0.05,640,15,71,6
9999938_00000_d_0000164,visdrone_det.pt,0.1,640,15,44,1
9999938_00000_d_0000164,visdrone_det.pt,0.15,640,15,36,1
9999938_00000_d_0000164,visdrone_det.pt,0.2,640,15,32,0
9999938_00000_d_0000164,visdrone_det.pt,0.25,640,15,27,0
9999938_00000_d_0000164,visdrone_det.pt,0.3,640,15,20,0
9999938_00000_d_0000164,visdrone_det.pt,0.4,640,15,17,0
9999938_00000_d_0000164,visdrone_det.pt,0.5,640,15,15,0
9999938_00000_d_0000164,visdrone_det.pt,0.05,1024,15,79,17
9999938_00000_d_0000164,visdrone_det.pt,0.1,1024,15,59,8
9999938_00000_d_0000164,visdrone_det.pt,0.15,1024,15,48,4
9999938_00000_d_0000164,visdrone_det.pt,0.2,1024,15,38,1
9999938_00000_d_0000164,visdrone_det.pt,0.25,1024,15,33,1
9999938_00000_d_0000164,visdrone_det.pt,0.3,1024,15,31,1
9999938_00000_d_0000164,visdrone_det.pt,0.4,1024,15,24,0
9999938_00000_d_0000164,visdrone_det.pt,0.5,1024,15,19,0
9999938_00000_d_0000164,visdrone_det.pt,0.05,1536,15,108,31
9999938_00000_d_0000164,visdrone_det.pt,0.1,1536,15,74,16
9999938_00000_d_0000164,visdrone_det.pt,0.15,1536,15,55,8
9999938_00000_d_0000164,visdrone_det.pt,0.2,1536,15,45,7
9999938_00000_d_0000164,visdrone_det.pt,0.25,1536,15,39,6
9999938_00000_d_0000164,visdrone_det.pt,0.3,1536,15,35,4
9999938_00000_d_0000164,visdrone_det.pt,0.4,1536,15,33,3
9999938_00000_d_0000164,visdrone_det.pt,0.5,1536,15,26,0
9999938_00000_d_0000167,visdrone_det.pt,0.05,640,16,16,7
9999938_00000_d_0000167,visdrone_det.pt,0.1,640,16,10,4
9999938_00000_d_0000167,visdrone_det.pt,0.15,640,16,8,2
9999938_00000_d_0000167,visdrone_det.pt,0.2,640,16,5,0
9999938_00000_d_0000167,visdrone_det.pt,0.25,640,16,4,0
9999938_00000_d_0000167,visdrone_det.pt,0.3,640,16,4,0
9999938_00000_d_0000167,visdrone_det.pt,0.4,640,16,4,0
9999938_00000_d_0000167,visdrone_det.pt,0.5,640,16,4,0
9999938_00000_d_0000167,visdrone_det.pt,0.05,1024,16,26,13
9999938_00000_d_0000167,visdrone_det.pt,0.1,1024,16,22,12
9999938_00000_d_0000167,visdrone_det.pt,0.15,1024,16,19,12
9999938_00000_d_0000167,visdrone_det.pt,0.2,1024,16,16,10
9999938_00000_d_0000167,visdrone_det.pt,0.25,1024,16,13,7
9999938_00000_d_0000167,visdrone_det.pt,0.3,1024,16,9,4
9999938_00000_d_0000167,visdrone_det.pt,0.4,1024,16,6,1
9999938_00000_d_0000167,visdrone_det.pt,0.5,1024,16,5,0
9999938_00000_d_0000167,visdrone_det.pt,0.05,1536,16,33,26
9999938_00000_d_0000167,visdrone_det.pt,0.1,1536,16,22,16
9999938_00000_d_0000167,visdrone_det.pt,0.15,1536,16,17,11
9999938_00000_d_0000167,visdrone_det.pt,0.2,1536,16,16,10
9999938_00000_d_0000167,visdrone_det.pt,0.25,1536,16,12,7
9999938_00000_d_0000167,visdrone_det.pt,0.3,1536,16,12,7
9999938_00000_d_0000167,visdrone_det.pt,0.4,1536,16,11,7
9999938_00000_d_0000167,visdrone_det.pt,0.5,1536,16,8,4
9999938_00000_d_0000169,visdrone_det.pt,0.05,640,53,57,34
9999938_00000_d_0000169,visdrone_det.pt,0.1,640,53,36,23
9999938_00000_d_0000169,visdrone_det.pt,0.15,640,53,27,18
9999938_00000_d_0000169,visdrone_det.pt,0.2,640,53,19,10
9999938_00000_d_0000169,visdrone_det.pt,0.25,640,53,14,5
9999938_00000_d_0000169,visdrone_det.pt,0.3,640,53,12,3
9999938_00000_d_0000169,visdrone_det.pt,0.4,640,53,8,0
9999938_00000_d_0000169,visdrone_det.pt,0.5,640,53,8,0
9999938_00000_d_0000169,visdrone_det.pt,0.05,1024,53,62,48
9999938_00000_d_0000169,visdrone_det.pt,0.1,1024,53,45,35
9999938_00000_d_0000169,visdrone_det.pt,0.15,1024,53,40,32
9999938_00000_d_0000169,visdrone_det.pt,0.2,1024,53,35,27
9999938_00000_d_0000169,visdrone_det.pt,0.25,1024,53,27,19
9999938_00000_d_0000169,visdrone_det.pt,0.3,1024,53,22,14
9999938_00000_d_0000169,visdrone_det.pt,0.4,1024,53,20,12
9999938_00000_d_0000169,visdrone_det.pt,0.5,1024,53,11,4
9999938_00000_d_0000169,visdrone_det.pt,0.05,1536,53,73,58
9999938_00000_d_0000169,visdrone_det.pt,0.1,1536,53,49,38
9999938_00000_d_0000169,visdrone_det.pt,0.15,1536,53,37,27
9999938_00000_d_0000169,visdrone_det.pt,0.2,1536,53,34,24
9999938_00000_d_0000169,visdrone_det.pt,0.25,1536,53,28,19
9999938_00000_d_0000169,visdrone_det.pt,0.3,1536,53,23,14
9999938_00000_d_0000169,visdrone_det.pt,0.4,1536,53,17,8
9999938_00000_d_0000169,visdrone_det.pt,0.5,1536,53,12,4
9999938_00000_d_0000174,visdrone_det.pt,0.05,640,15,113,2
9999938_00000_d_0000174,visdrone_det.pt,0.1,640,15,75,2
9999938_00000_d_0000174,visdrone_det.pt,0.15,640,15,61,1
9999938_00000_d_0000174,visdrone_det.pt,0.2,640,15,53,0
9999938_00000_d_0000174,visdrone_det.pt,0.25,640,15,43,0
9999938_00000_d_0000174,visdrone_det.pt,0.3,640,15,41,0
9999938_00000_d_0000174,visdrone_det.pt,0.4,640,15,28,0
9999938_00000_d_0000174,visdrone_det.pt,0.5,640,15,23,0
9999938_00000_d_0000174,visdrone_det.pt,0.05,1024,15,93,11
9999938_00000_d_0000174,visdrone_det.pt,0.1,1024,15,63,5
9999938_00000_d_0000174,visdrone_det.pt,0.15,1024,15,53,1
9999938_00000_d_0000174,visdrone_det.pt,0.2,1024,15,53,1
9999938_00000_d_0000174,visdrone_det.pt,0.25,1024,15,46,0
9999938_00000_d_0000174,visdrone_det.pt,0.3,1024,15,45,0
9999938_00000_d_0000174,visdrone_det.pt,0.4,1024,15,40,0
9999938_00000_d_0000174,visdrone_det.pt,0.5,1024,15,35,0
9999938_00000_d_0000174,visdrone_det.pt,0.05,1536,15,114,24
9999938_00000_d_0000174,visdrone_det.pt,0.1,1536,15,84,11
9999938_00000_d_0000174,visdrone_det.pt,0.15,1536,15,67,5
9999938_00000_d_0000174,visdrone_det.pt,0.2,1536,15,58,3
9999938_00000_d_0000174,visdrone_det.pt,0.25,1536,15,55,3
9999938_00000_d_0000174,visdrone_det.pt,0.3,1536,15,48,0
9999938_00000_d_0000174,visdrone_det.pt,0.4,1536,15,45,0
9999938_00000_d_0000174,visdrone_det.pt,0.5,1536,15,44,0
9999938_00000_d_0000177,visdrone_det.pt,0.05,640,35,129,3
9999938_00000_d_0000177,visdrone_det.pt,0.1,640,35,92,1
9999938_00000_d_0000177,visdrone_det.pt,0.15,640,35,76,0
9999938_00000_d_0000177,visdrone_det.pt,0.2,640,35,60,0
9999938_00000_d_0000177,visdrone_det.pt,0.25,640,35,55,0
9999938_00000_d_0000177,visdrone_det.pt,0.3,640,35,50,0
9999938_00000_d_0000177,visdrone_det.pt,0.4,640,35,43,0
9999938_00000_d_0000177,visdrone_det.pt,0.5,640,35,32,0
9999938_00000_d_0000177,visdrone_det.pt,0.05,1024,35,115,7
9999938_00000_d_0000177,visdrone_det.pt,0.1,1024,35,93,2
9999938_00000_d_0000177,visdrone_det.pt,0.15,1024,35,81,0
9999938_00000_d_0000177,visdrone_det.pt,0.2,1024,35,71,0
9999938_00000_d_0000177,visdrone_det.pt,0.25,1024,35,63,0
9999938_00000_d_0000177,visdrone_det.pt,0.3,1024,35,59,0
9999938_00000_d_0000177,visdrone_det.pt,0.4,1024,35,52,0
9999938_00000_d_0000177,visdrone_det.pt,0.5,1024,35,45,0
9999938_00000_d_0000177,visdrone_det.pt,0.05,1536,35,95,4
9999938_00000_d_0000177,visdrone_det.pt,0.1,1536,35,80,0
9999938_00000_d_0000177,visdrone_det.pt,0.15,1536,35,73,0
9999938_00000_d_0000177,visdrone_det.pt,0.2,1536,35,70,0
9999938_00000_d_0000177,visdrone_det.pt,0.25,1536,35,68,0
9999938_00000_d_0000177,visdrone_det.pt,0.3,1536,35,62,0
9999938_00000_d_0000177,visdrone_det.pt,0.4,1536,35,57,0
9999938_00000_d_0000177,visdrone_det.pt,0.5,1536,35,49,0
9999938_00000_d_0000180,visdrone_det.pt,0.05,640,62,214,1
9999938_00000_d_0000180,visdrone_det.pt,0.1,640,62,113,0
9999938_00000_d_0000180,visdrone_det.pt,0.15,640,62,83,0
9999938_00000_d_0000180,visdrone_det.pt,0.2,640,62,71,0
9999938_00000_d_0000180,visdrone_det.pt,0.25,640,62,59,0
9999938_00000_d_0000180,visdrone_det.pt,0.3,640,62,49,0
9999938_00000_d_0000180,visdrone_det.pt,0.4,640,62,36,0
9999938_00000_d_0000180,visdrone_det.pt,0.5,640,62,24,0
9999938_00000_d_0000180,visdrone_det.pt,0.05,1024,62,200,9
9999938_00000_d_0000180,visdrone_det.pt,0.1,1024,62,122,3
9999938_00000_d_0000180,visdrone_det.pt,0.15,1024,62,99,2
9999938_00000_d_0000180,visdrone_det.pt,0.2,1024,62,85,1
9999938_00000_d_0000180,visdrone_det.pt,0.25,1024,62,76,1
9999938_00000_d_0000180,visdrone_det.pt,0.3,1024,62,68,1
9999938_00000_d_0000180,visdrone_det.pt,0.4,1024,62,58,0
9999938_00000_d_0000180,visdrone_det.pt,0.5,1024,62,46,0
9999938_00000_d_0000180,visdrone_det.pt,0.05,1536,62,214,17
9999938_00000_d_0000180,visdrone_det.pt,0.1,1536,62,142,6
9999938_00000_d_0000180,visdrone_det.pt,0.15,1536,62,108,1
9999938_00000_d_0000180,visdrone_det.pt,0.2,1536,62,91,1
9999938_00000_d_0000180,visdrone_det.pt,0.25,1536,62,85,1
9999938_00000_d_0000180,visdrone_det.pt,0.3,1536,62,80,1
9999938_00000_d_0000180,visdrone_det.pt,0.4,1536,62,66,0
9999938_00000_d_0000180,visdrone_det.pt,0.5,1536,62,56,0
9999938_00000_d_0000184,visdrone_det.pt,0.05,640,15,66,2
9999938_00000_d_0000184,visdrone_det.pt,0.1,640,15,54,1
9999938_00000_d_0000184,visdrone_det.pt,0.15,640,15,44,1
9999938_00000_d_0000184,visdrone_det.pt,0.2,640,15,37,0
9999938_00000_d_0000184,visdrone_det.pt,0.25,640,15,32,0
9999938_00000_d_0000184,visdrone_det.pt,0.3,640,15,30,0
9999938_00000_d_0000184,visdrone_det.pt,0.4,640,15,22,0
9999938_00000_d_0000184,visdrone_det.pt,0.5,640,15,21,0
9999938_00000_d_0000184,visdrone_det.pt,0.05,1024,15,91,27
9999938_00000_d_0000184,visdrone_det.pt,0.1,1024,15,71,16
9999938_00000_d_0000184,visdrone_det.pt,0.15,1024,15,53,8
9999938_00000_d_0000184,visdrone_det.pt,0.2,1024,15,42,6
9999938_00000_d_0000184,visdrone_det.pt,0.25,1024,15,38,5
9999938_00000_d_0000184,visdrone_det.pt,0.3,1024,15,34,3
9999938_00000_d_0000184,visdrone_det.pt,0.4,1024,15,29,2
9999938_00000_d_0000184,visdrone_det.pt,0.5,1024,15,24,0
9999938_00000_d_0000184,visdrone_det.pt,0.05,1536,15,89,31
9999938_00000_d_0000184,visdrone_det.pt,0.1,1536,15,62,17
9999938_00000_d_0000184,visdrone_det.pt,0.15,1536,15,50,10
9999938_00000_d_0000184,visdrone_det.pt,0.2,1536,15,44,6
9999938_00000_d_0000184,visdrone_det.pt,0.25,1536,15,39,2
9999938_00000_d_0000184,visdrone_det.pt,0.3,1536,15,36,0
9999938_00000_d_0000184,visdrone_det.pt,0.4,1536,15,31,0
9999938_00000_d_0000184,visdrone_det.pt,0.5,1536,15,27,0
9999938_00000_d_0000187,visdrone_det.pt,0.05,640,7,43,0
9999938_00000_d_0000187,visdrone_det.pt,0.1,640,7,32,0
9999938_00000_d_0000187,visdrone_det.pt,0.15,640,7,30,0
9999938_00000_d_0000187,visdrone_det.pt,0.2,640,7,27,0
9999938_00000_d_0000187,visdrone_det.pt,0.25,640,7,23,0
9999938_00000_d_0000187,visdrone_det.pt,0.3,640,7,20,0
9999938_00000_d_0000187,visdrone_det.pt,0.4,640,7,13,0
9999938_00000_d_0000187,visdrone_det.pt,0.5,640,7,10,0
9999938_00000_d_0000187,visdrone_det.pt,0.05,1024,7,54,9
9999938_00000_d_0000187,visdrone_det.pt,0.1,1024,7,39,3
9999938_00000_d_0000187,visdrone_det.pt,0.15,1024,7,32,2
9999938_00000_d_0000187,visdrone_det.pt,0.2,1024,7,27,1
9999938_00000_d_0000187,visdrone_det.pt,0.25,1024,7,26,0
9999938_00000_d_0000187,visdrone_det.pt,0.3,1024,7,25,0
9999938_00000_d_0000187,visdrone_det.pt,0.4,1024,7,23,0
9999938_00000_d_0000187,visdrone_det.pt,0.5,1024,7,19,0
9999938_00000_d_0000187,visdrone_det.pt,0.05,1536,7,63,15
9999938_00000_d_0000187,visdrone_det.pt,0.1,1536,7,42,7
9999938_00000_d_0000187,visdrone_det.pt,0.15,1536,7,36,5
9999938_00000_d_0000187,visdrone_det.pt,0.2,1536,7,32,4
9999938_00000_d_0000187,visdrone_det.pt,0.25,1536,7,25,0
9999938_00000_d_0000187,visdrone_det.pt,0.3,1536,7,25,0
9999938_00000_d_0000187,visdrone_det.pt,0.4,1536,7,23,0
9999938_00000_d_0000187,visdrone_det.pt,0.5,1536,7,23,0
9999938_00000_d_0000188,visdrone_det.pt,0.05,640,129,112,0
9999938_00000_d_0000188,visdrone_det.pt,0.1,640,129,68,0
9999938_00000_d_0000188,visdrone_det.pt,0.15,640,129,51,0
9999938_00000_d_0000188,visdrone_det.pt,0.2,640,129,43,0
9999938_00000_d_0000188,visdrone_det.pt,0.25,640,129,38,0
9999938_00000_d_0000188,visdrone_det.pt,0.3,640,129,33,0
9999938_00000_d_0000188,visdrone_det.pt,0.4,640,129,19,0
9999938_00000_d_0000188,visdrone_det.pt,0.5,640,129,9,0
9999938_00000_d_0000188,visdrone_det.pt,0.05,1024,129,181,16
9999938_00000_d_0000188,visdrone_det.pt,0.1,1024,129,121,8
9999938_00000_d_0000188,visdrone_det.pt,0.15,1024,129,96,3
9999938_00000_d_0000188,visdrone_det.pt,0.2,1024,129,67,0
9999938_00000_d_0000188,visdrone_det.pt,0.25,1024,129,55,0
9999938_00000_d_0000188,visdrone_det.pt,0.3,1024,129,51,0
9999938_00000_d_0000188,visdrone_det.pt,0.4,1024,129,38,0
9999938_00000_d_0000188,visdrone_det.pt,0.5,1024,129,30,0
9999938_00000_d_0000188,visdrone_det.pt,0.05,1536,129,248,94
9999938_00000_d_0000188,visdrone_det.pt,0.1,1536,129,156,45
9999938_00000_d_0000188,visdrone_det.pt,0.15,1536,129,127,31
9999938_00000_d_0000188,visdrone_det.pt,0.2,1536,129,100,19
9999938_00000_d_0000188,visdrone_det.pt,0.25,1536,129,78,10
9999938_00000_d_0000188,visdrone_det.pt,0.3,1536,129,68,5
9999938_00000_d_0000188,visdrone_det.pt,0.4,1536,129,49,1
9999938_00000_d_0000188,visdrone_det.pt,0.5,1536,129,38,1
9999938_00000_d_0000191,visdrone_det.pt,0.05,640,12,82,5
9999938_00000_d_0000191,visdrone_det.pt,0.1,640,12,61,2
9999938_00000_d_0000191,visdrone_det.pt,0.15,640,12,50,1
9999938_00000_d_0000191,visdrone_det.pt,0.2,640,12,43,0
9999938_00000_d_0000191,visdrone_det.pt,0.25,640,12,33,0
9999938_00000_d_0000191,visdrone_det.pt,0.3,640,12,29,0
9999938_00000_d_0000191,visdrone_det.pt,0.4,640,12,20,0
9999938_00000_d_0000191,visdrone_det.pt,0.5,640,12,13,0
9999938_00000_d_0000191,visdrone_det.pt,0.05,1024,12,97,10
9999938_00000_d_0000191,visdrone_det.pt,0.1,1024,12,68,4
9999938_00000_d_0000191,visdrone_det.pt,0.15,1024,12,51,2
9999938_00000_d_0000191,visdrone_det.pt,0.2,1024,12,44,0
9999938_00000_d_0000191,visdrone_det.pt,0.25,1024,12,43,0
9999938_00000_d_0000191,visdrone_det.pt,0.3,1024,12,40,0
9999938_00000_d_0000191,visdrone_det.pt,0.4,1024,12,34,0
9999938_00000_d_0000191,visdrone_det.pt,0.5,1024,12,30,0
9999938_00000_d_0000191,visdrone_det.pt,0.05,1536,12,109,33
9999938_00000_d_0000191,visdrone_det.pt,0.1,1536,12,71,16
9999938_00000_d_0000191,visdrone_det.pt,0.15,1536,12,54,7
9999938_00000_d_0000191,visdrone_det.pt,0.2,1536,12,51,5
9999938_00000_d_0000191,visdrone_det.pt,0.25,1536,12,42,0
9999938_00000_d_0000191,visdrone_det.pt,0.3,1536,12,42,0
9999938_00000_d_0000191,visdrone_det.pt,0.4,1536,12,39,0
9999938_00000_d_0000191,visdrone_det.pt,0.5,1536,12,35,0
9999938_00000_d_0000196,visdrone_det.pt,0.05,640,9,51,0
9999938_00000_d_0000196,visdrone_det.pt,0.1,640,9,43,0
9999938_00000_d_0000196,visdrone_det.pt,0.15,640,9,35,0
9999938_00000_d_0000196,visdrone_det.pt,0.2,640,9,31,0
9999938_00000_d_0000196,visdrone_det.pt,0.25,640,9,27,0
9999938_00000_d_0000196,visdrone_det.pt,0.3,640,9,22,0
9999938_00000_d_0000196,visdrone_det.pt,0.4,640,9,19,0
9999938_00000_d_0000196,visdrone_det.pt,0.5,640,9,15,0
9999938_00000_d_0000196,visdrone_det.pt,0.05,1024,9,68,11
9999938_00000_d_0000196,visdrone_det.pt,0.1,1024,9,44,3
9999938_00000_d_0000196,visdrone_det.pt,0.15,1024,9,36,2
9999938_00000_d_0000196,visdrone_det.pt,0.2,1024,9,30,1
9999938_00000_d_0000196,visdrone_det.pt,0.25,1024,9,29,1
9999938_00000_d_0000196,visdrone_det.pt,0.3,1024,9,27,1
9999938_00000_d_0000196,visdrone_det.pt,0.4,1024,9,23,0
9999938_00000_d_0000196,visdrone_det.pt,0.5,1024,9,22,0
9999938_00000_d_0000196,visdrone_det.pt,0.05,1536,9,142,10
9999938_00000_d_0000196,visdrone_det.pt,0.1,1536,9,89,5
9999938_00000_d_0000196,visdrone_det.pt,0.15,1536,9,52,2
9999938_00000_d_0000196,visdrone_det.pt,0.2,1536,9,37,1
9999938_00000_d_0000196,visdrone_det.pt,0.25,1536,9,26,0
9999938_00000_d_0000196,visdrone_det.pt,0.3,1536,9,25,0
9999938_00000_d_0000196,visdrone_det.pt,0.4,1536,9,22,0
9999938_00000_d_0000196,visdrone_det.pt,0.5,1536,9,18,0
9999938_00000_d_0000197,visdrone_det.pt,0.05,640,12,78,2
9999938_00000_d_0000197,visdrone_det.pt,0.1,640,12,60,0
9999938_00000_d_0000197,visdrone_det.pt,0.15,640,12,55,0
9999938_00000_d_0000197,visdrone_det.pt,0.2,640,12,51,0
9999938_00000_d_0000197,visdrone_det.pt,0.25,640,12,44,0
9999938_00000_d_0000197,visdrone_det.pt,0.3,640,12,39,0
9999938_00000_d_0000197,visdrone_det.pt,0.4,640,12,30,0
9999938_00000_d_0000197,visdrone_det.pt,0.5,640,12,25,0
9999938_00000_d_0000197,visdrone_det.pt,0.05,1024,12,70,4
9999938_00000_d_0000197,visdrone_det.pt,0.1,1024,12,59,3
9999938_00000_d_0000197,visdrone_det.pt,0.15,1024,12,54,2
9999938_00000_d_0000197,visdrone_det.pt,0.2,1024,12,49,0
9999938_00000_d_0000197,visdrone_det.pt,0.25,1024,12,45,0
9999938_00000_d_0000197,visdrone_det.pt,0.3,1024,12,44,0
9999938_00000_d_0000197,visdrone_det.pt,0.4,1024,12,38,0
9999938_00000_d_0000197,visdrone_det.pt,0.5,1024,12,36,0
9999938_00000_d_0000197,visdrone_det.pt,0.05,1536,12,72,2
9999938_00000_d_0000197,visdrone_det.pt,0.1,1536,12,55,1
9999938_00000_d_0000197,visdrone_det.pt,0.15,1536,12,48,1
9999938_00000_d_0000197,visdrone_det.pt,0.2,1536,12,48,1
9999938_00000_d_0000197,visdrone_det.pt,0.25,1536,12,44,1
9999938_00000_d_0000197,visdrone_det.pt,0.3,1536,12,42,0
9999938_00000_d_0000197,visdrone_det.pt,0.4,1536,12,41,0
9999938_00000_d_0000197,visdrone_det.pt,0.5,1536,12,39,0
9999938_00000_d_0000206,visdrone_det.pt,0.05,640,174,109,58
9999938_00000_d_0000206,visdrone_det.pt,0.1,640,174,59,25
9999938_00000_d_0000206,visdrone_det.pt,0.15,640,174,31,10
9999938_00000_d_0000206,visdrone_det.pt,0.2,640,174,20,4
9999938_00000_d_0000206,visdrone_det.pt,0.25,640,174,15,0
9999938_00000_d_0000206,visdrone_det.pt,0.3,640,174,14,0
9999938_00000_d_0000206,visdrone_det.pt,0.4,640,174,11,0
9999938_00000_d_0000206,visdrone_det.pt,0.5,640,174,9,0
9999938_00000_d_0000206,visdrone_det.pt,0.05,1024,174,228,152
9999938_00000_d_0000206,visdrone_det.pt,0.1,1024,174,120,68
9999938_00000_d_0000206,visdrone_det.pt,0.15,1024,174,68,27
9999938_00000_d_0000206,visdrone_det.pt,0.2,1024,174,46,10
9999938_00000_d_0000206,visdrone_det.pt,0.25,1024,174,38,5
9999938_00000_d_0000206,visdrone_det.pt,0.3,1024,174,34,2
9999938_00000_d_0000206,visdrone_det.pt,0.4,1024,174,27,0
9999938_00000_d_0000206,visdrone_det.pt,0.5,1024,174,18,0
9999938_00000_d_0000206,visdrone_det.pt,0.05,1536,174,272,136
9999938_00000_d_0000206,visdrone_det.pt,0.1,1536,174,109,43
9999938_00000_d_0000206,visdrone_det.pt,0.15,1536,174,66,20
9999938_00000_d_0000206,visdrone_det.pt,0.2,1536,174,44,8
9999938_00000_d_0000206,visdrone_det.pt,0.25,1536,174,37,4
9999938_00000_d_0000206,visdrone_det.pt,0.3,1536,174,33,2
9999938_00000_d_0000206,visdrone_det.pt,0.4,1536,174,29,1
9999938_00000_d_0000206,visdrone_det.pt,0.5,1536,174,24,0
9999938_00000_d_0000208,visdrone_det.pt,0.05,640,286,143,46
9999938_00000_d_0000208,visdrone_det.pt,0.1,640,286,64,20
9999938_00000_d_0000208,visdrone_det.pt,0.15,640,286,41,8
9999938_00000_d_0000208,visdrone_det.pt,0.2,640,286,28,2
9999938_00000_d_0000208,visdrone_det.pt,0.25,640,286,24,1
9999938_00000_d_0000208,visdrone_det.pt,0.3,640,286,22,0
9999938_00000_d_0000208,visdrone_det.pt,0.4,640,286,12,0
9999938_00000_d_0000208,visdrone_det.pt,0.5,640,286,8,0
9999938_00000_d_0000208,visdrone_det.pt,0.05,1024,286,563,402
9999938_00000_d_0000208,visdrone_det.pt,0.1,1024,286,321,204
9999938_00000_d_0000208,visdrone_det.pt,0.15,1024,286,225,126
9999938_00000_d_0000208,visdrone_det.pt,0.2,1024,286,165,77
9999938_00000_d_0000208,visdrone_det.pt,0.25,1024,286,127,48
9999938_00000_d_0000208,visdrone_det.pt,0.3,1024,286,96,23
9999938_00000_d_0000208,visdrone_det.pt,0.4,1024,286,69,9
9999938_00000_d_0000208,visdrone_det.pt,0.5,1024,286,41,0
9999938_00000_d_0000208,visdrone_det.pt,0.05,1536,286,832,550
9999938_00000_d_0000208,visdrone_det.pt,0.1,1536,286,468,304
9999938_00000_d_0000208,visdrone_det.pt,0.15,1536,286,320,194
9999938_00000_d_0000208,visdrone_det.pt,0.2,1536,286,237,129
9999938_00000_d_0000208,visdrone_det.pt,0.25,1536,286,186,89
9999938_00000_d_0000208,visdrone_det.pt,0.3,1536,286,144,57
9999938_00000_d_0000208,visdrone_det.pt,0.4,1536,286,98,23
9999938_00000_d_0000208,visdrone_det.pt,0.5,1536,286,76,6
9999938_00000_d_0000210,visdrone_det.pt,0.05,640,270,202,78
9999938_00000_d_0000210,visdrone_det.pt,0.1,640,270,109,26
9999938_00000_d_0000210,visdrone_det.pt,0.15,640,270,75,13
9999938_00000_d_0000210,visdrone_det.pt,0.2,640,270,54,6
9999938_00000_d_0000210,visdrone_det.pt,0.25,640,270,41,2
9999938_00000_d_0000210,visdrone_det.pt,0.3,640,270,30,0
9999938_00000_d_0000210,visdrone_det.pt,0.4,640,270,17,0
9999938_00000_d_0000210,visdrone_det.pt,0.5,640,270,8,0
9999938_00000_d_0000210,visdrone_det.pt,0.05,1024,270,544,334
9999938_00000_d_0000210,visdrone_det.pt,0.1,1024,270,323,187
9999938_00000_d_0000210,visdrone_det.pt,0.15,1024,270,228,117
9999938_00000_d_0000210,visdrone_det.pt,0.2,1024,270,173,78
9999938_00000_d_0000210,visdrone_det.pt,0.25,1024,270,142,55
9999938_00000_d_0000210,visdrone_det.pt,0.3,1024,270,117,38
9999938_00000_d_0000210,visdrone_det.pt,0.4,1024,270,81,17
9999938_00000_d_0000210,visdrone_det.pt,0.5,1024,270,58,2
9999938_00000_d_0000210,visdrone_det.pt,0.05,1536,270,782,384
9999938_00000_d_0000210,visdrone_det.pt,0.1,1536,270,449,216
9999938_00000_d_0000210,visdrone_det.pt,0.15,1536,270,301,139
9999938_00000_d_0000210,visdrone_det.pt,0.2,1536,270,227,101
9999938_00000_d_0000210,visdrone_det.pt,0.25,1536,270,172,66
9999938_00000_d_0000210,visdrone_det.pt,0.3,1536,270,131,42
9999938_00000_d_0000210,visdrone_det.pt,0.4,1536,270,90,14
9999938_00000_d_0000210,visdrone_det.pt,0.5,1536,270,75,6
9999938_00000_d_0000212,visdrone_det.pt,0.05,640,224,232,80
9999938_00000_d_0000212,visdrone_det.pt,0.1,640,224,154,46
9999938_00000_d_0000212,visdrone_det.pt,0.15,640,224,116,27
9999938_00000_d_0000212,visdrone_det.pt,0.2,640,224,81,15
9999938_00000_d_0000212,visdrone_det.pt,0.25,640,224,64,11
9999938_00000_d_0000212,visdrone_det.pt,0.3,640,224,47,5
9999938_00000_d_0000212,visdrone_det.pt,0.4,640,224,29,1
9999938_00000_d_0000212,visdrone_det.pt,0.5,640,224,17,0
9999938_00000_d_0000212,visdrone_det.pt,0.05,1024,224,407,252
9999938_00000_d_0000212,visdrone_det.pt,0.1,1024,224,264,137
9999938_00000_d_0000212,visdrone_det.pt,0.15,1024,224,206,96
9999938_00000_d_0000212,visdrone_det.pt,0.2,1024,224,159,55
9999938_00000_d_0000212,visdrone_det.pt,0.25,1024,224,131,33
9999938_00000_d_0000212,visdrone_det.pt,0.3,1024,224,105,15
9999938_00000_d_0000212,visdrone_det.pt,0.4,1024,224,86,3
9999938_00000_d_0000212,visdrone_det.pt,0.5,1024,224,69,0
9999938_00000_d_0000212,visdrone_det.pt,0.05,1536,224,456,230
9999938_00000_d_0000212,visdrone_det.pt,0.1,1536,224,258,112
9999938_00000_d_0000212,visdrone_det.pt,0.15,1536,224,197,74
9999938_00000_d_0000212,visdrone_det.pt,0.2,1536,224,161,51
9999938_00000_d_0000212,visdrone_det.pt,0.25,1536,224,134,31
9999938_00000_d_0000212,visdrone_det.pt,0.3,1536,224,112,14
9999938_00000_d_0000212,visdrone_det.pt,0.4,1536,224,99,6
9999938_00000_d_0000212,visdrone_det.pt,0.5,1536,224,81,1
9999938_00000_d_0000219,visdrone_det.pt,0.05,640,135,138,6
9999938_00000_d_0000219,visdrone_det.pt,0.1,640,135,87,3
9999938_00000_d_0000219,visdrone_det.pt,0.15,640,135,71,1
9999938_00000_d_0000219,visdrone_det.pt,0.2,640,135,53,0
9999938_00000_d_0000219,visdrone_det.pt,0.25,640,135,45,0
9999938_00000_d_0000219,visdrone_det.pt,0.3,640,135,35,0
9999938_00000_d_0000219,visdrone_det.pt,0.4,640,135,23,0
9999938_00000_d_0000219,visdrone_det.pt,0.5,640,135,15,0
9999938_00000_d_0000219,visdrone_det.pt,0.05,1024,135,199,75
9999938_00000_d_0000219,visdrone_det.pt,0.1,1024,135,109,30
9999938_00000_d_0000219,visdrone_det.pt,0.15,1024,135,78,13
9999938_00000_d_0000219,visdrone_det.pt,0.2,1024,135,66,6
9999938_00000_d_0000219,visdrone_det.pt,0.25,1024,135,59,2
9999938_00000_d_0000219,visdrone_det.pt,0.3,1024,135,55,0
9999938_00000_d_0000219,visdrone_det.pt,0.4,1024,135,48,0
9999938_00000_d_0000219,visdrone_det.pt,0.5,1024,135,40,0
9999938_00000_d_0000219,visdrone_det.pt,0.05,1536,135,414,245
9999938_00000_d_0000219,visdrone_det.pt,0.1,1536,135,183,87
9999938_00000_d_0000219,visdrone_det.pt,0.15,1536,135,114,43
9999938_00000_d_0000219,visdrone_det.pt,0.2,1536,135,84,21
9999938_00000_d_0000219,visdrone_det.pt,0.25,1536,135,69,9
9999938_00000_d_0000219,visdrone_det.pt,0.3,1536,135,62,4
9999938_00000_d_0000219,visdrone_det.pt,0.4,1536,135,52,1
9999938_00000_d_0000219,visdrone_det.pt,0.5,1536,135,47,0
9999938_00000_d_0000226,visdrone_det.pt,0.05,640,16,64,0
9999938_00000_d_0000226,visdrone_det.pt,0.1,640,16,41,0
9999938_00000_d_0000226,visdrone_det.pt,0.15,640,16,33,0
9999938_00000_d_0000226,visdrone_det.pt,0.2,640,16,29,0
9999938_00000_d_0000226,visdrone_det.pt,0.25,640,16,22,0
9999938_00000_d_0000226,visdrone_det.pt,0.3,640,16,21,0
9999938_00000_d_0000226,visdrone_det.pt,0.4,640,16,17,0
9999938_00000_d_0000226,visdrone_det.pt,0.5,640,16,15,0
9999938_00000_d_0000226,visdrone_det.pt,0.05,1024,16,70,4
9999938_00000_d_0000226,visdrone_det.pt,0.1,1024,16,51,0
9999938_00000_d_0000226,visdrone_det.pt,0.15,1024,16,42,0
9999938_00000_d_0000226,visdrone_det.pt,0.2,1024,16,33,0
9999938_00000_d_0000226,visdrone_det.pt,0.25,1024,16,31,0
9999938_00000_d_0000226,visdrone_det.pt,0.3,1024,16,27,0
9999938_00000_d_0000226,visdrone_det.pt,0.4,1024,16,24,0
9999938_00000_d_0000226,visdrone_det.pt,0.5,1024,16,21,0
9999938_00000_d_0000226,visdrone_det.pt,0.05,1536,16,55,4
9999938_00000_d_0000226,visdrone_det.pt,0.1,1536,16,45,0
9999938_00000_d_0000226,visdrone_det.pt,0.15,1536,16,40,0
9999938_00000_d_0000226,visdrone_det.pt,0.2,1536,16,37,0
9999938_00000_d_0000226,visdrone_det.pt,0.25,1536,16,34,0
9999938_00000_d_0000226,visdrone_det.pt,0.3,1536,16,32,0
9999938_00000_d_0000226,visdrone_det.pt,0.4,1536,16,29,0
9999938_00000_d_0000226,visdrone_det.pt,0.5,1536,16,24,0
9999938_00000_d_0000229,visdrone_det.pt,0.05,640,10,42,0
9999938_00000_d_0000229,visdrone_det.pt,0.1,640,10,36,0
9999938_00000_d_0000229,visdrone_det.pt,0.15,640,10,30,0
9999938_00000_d_0000229,visdrone_det.pt,0.2,640,10,28,0
9999938_00000_d_0000229,visdrone_det.pt,0.25,640,10,27,0
9999938_00000_d_0000229,visdrone_det.pt,0.3,640,10,25,0
9999938_00000_d_0000229,visdrone_det.pt,0.4,640,10,20,0
9999938_00000_d_0000229,visdrone_det.pt,0.5,640,10,16,0
9999938_00000_d_0000229,visdrone_det.pt,0.05,1024,10,36,0
9999938_00000_d_0000229,visdrone_det.pt,0.1,1024,10,31,0
9999938_00000_d_0000229,visdrone_det.pt,0.15,1024,10,26,0
9999938_00000_d_0000229,visdrone_det.pt,0.2,1024,10,26,0
9999938_00000_d_0000229,visdrone_det.pt,0.25,1024,10,26,0
9999938_00000_d_0000229,visdrone_det.pt,0.3,1024,10,26,0
9999938_00000_d_0000229,visdrone_det.pt,0.4,1024,10,24,0
9999938_00000_d_0000229,visdrone_det.pt,0.5,1024,10,24,0
9999938_00000_d_0000229,visdrone_det.pt,0.05,1536,10,44,7
9999938_00000_d_0000229,visdrone_det.pt,0.1,1536,10,31,2
9999938_00000_d_0000229,visdrone_det.pt,0.15,1536,10,29,2
9999938_00000_d_0000229,visdrone_det.pt,0.2,1536,10,27,1
9999938_00000_d_0000229,visdrone_det.pt,0.25,1536,10,26,0
9999938_00000_d_0000229,visdrone_det.pt,0.3,1536,10,26,0
9999938_00000_d_0000229,visdrone_det.pt,0.4,1536,10,24,0
9999938_00000_d_0000229,visdrone_det.pt,0.5,1536,10,21,0
9999938_00000_d_0000233,visdrone_det.pt,0.05,640,7,56,1
9999938_00000_d_0000233,visdrone_det.pt,0.1,640,7,47,0
9999938_00000_d_0000233,visdrone_det.pt,0.15,640,7,41,0
9999938_00000_d_0000233,visdrone_det.pt,0.2,640,7,40,0
9999938_00000_d_0000233,visdrone_det.pt,0.25,640,7,39,0
9999938_00000_d_0000233,visdrone_det.pt,0.3,640,7,38,0
9999938_00000_d_0000233,visdrone_det.pt,0.4,640,7,34,0
9999938_00000_d_0000233,visdrone_det.pt,0.5,640,7,28,0
9999938_00000_d_0000233,visdrone_det.pt,0.05,1024,7,61,3
9999938_00000_d_0000233,visdrone_det.pt,0.1,1024,7,55,0
9999938_00000_d_0000233,visdrone_det.pt,0.15,1024,7,53,0
9999938_00000_d_0000233,visdrone_det.pt,0.2,1024,7,49,0
9999938_00000_d_0000233,visdrone_det.pt,0.25,1024,7,48,0
9999938_00000_d_0000233,visdrone_det.pt,0.3,1024,7,47,0
9999938_00000_d_0000233,visdrone_det.pt,0.4,1024,7,43,0
9999938_00000_d_0000233,visdrone_det.pt,0.5,1024,7,42,0
9999938_00000_d_0000233,visdrone_det.pt,0.05,1536,7,56,0
9999938_00000_d_0000233,visdrone_det.pt,0.1,1536,7,50,0
9999938_00000_d_0000233,visdrone_det.pt,0.15,1536,7,46,0
9999938_00000_d_0000233,visdrone_det.pt,0.2,1536,7,46,0
9999938_00000_d_0000233,visdrone_det.pt,0.25,1536,7,44,0
9999938_00000_d_0000233,visdrone_det.pt,0.3,1536,7,44,0
9999938_00000_d_0000233,visdrone_det.pt,0.4,1536,7,43,0
9999938_00000_d_0000233,visdrone_det.pt,0.5,1536,7,41,0
9999938_00000_d_0000240,visdrone_det.pt,0.05,640,6,57,1
9999938_00000_d_0000240,visdrone_det.pt,0.1,640,6,39,0
9999938_00000_d_0000240,visdrone_det.pt,0.15,640,6,38,0
9999938_00000_d_0000240,visdrone_det.pt,0.2,640,6,34,0
9999938_00000_d_0000240,visdrone_det.pt,0.25,640,6,31,0
9999938_00000_d_0000240,visdrone_det.pt,0.3,640,6,29,0
9999938_00000_d_0000240,visdrone_det.pt,0.4,640,6,22,0
9999938_00000_d_0000240,visdrone_det.pt,0.5,640,6,18,0
9999938_00000_d_0000240,visdrone_det.pt,0.05,1024,6,65,3
9999938_00000_d_0000240,visdrone_det.pt,0.1,1024,6,51,1
9999938_00000_d_0000240,visdrone_det.pt,0.15,1024,6,43,0
9999938_00000_d_0000240,visdrone_det.pt,0.2,1024,6,43,0
9999938_00000_d_0000240,visdrone_det.pt,0.25,1024,6,40,0
9999938_00000_d_0000240,visdrone_det.pt,0.3,1024,6,35,0
9999938_00000_d_0000240,visdrone_det.pt,0.4,1024,6,30,0
9999938_00000_d_0000240,visdrone_det.pt,0.5,1024,6,28,0
9999938_00000_d_0000240,visdrone_det.pt,0.05,1536,6,60,7
9999938_00000_d_0000240,visdrone_det.pt,0.1,1536,6,49,3
9999938_00000_d_0000240,visdrone_det.pt,0.15,1536,6,43,1
9999938_00000_d_0000240,visdrone_det.pt,0.2,1536,6,39,0
9999938_00000_d_0000240,visdrone_det.pt,0.25,1536,6,39,0
9999938_00000_d_0000240,visdrone_det.pt,0.3,1536,6,36,0
9999938_00000_d_0000240,visdrone_det.pt,0.4,1536,6,34,0
9999938_00000_d_0000240,visdrone_det.pt,0.5,1536,6,30,0
9999938_00000_d_0000243,visdrone_det.pt,0.05,640,5,114,0
9999938_00000_d_0000243,visdrone_det.pt,0.1,640,5,71,0
9999938_00000_d_0000243,visdrone_det.pt,0.15,640,5,52,0
9999938_00000_d_0000243,visdrone_det.pt,0.2,640,5,44,0
9999938_00000_d_0000243,visdrone_det.pt,0.25,640,5,37,0
9999938_00000_d_0000243,visdrone_det.pt,0.3,640,5,30,0
9999938_00000_d_0000243,visdrone_det.pt,0.4,640,5,20,0
9999938_00000_d_0000243,visdrone_det.pt,0.5,640,5,17,0
9999938_00000_d_0000243,visdrone_det.pt,0.05,1024,5,57,1
9999938_00000_d_0000243,visdrone_det.pt,0.1,1024,5,39,0
9999938_00000_d_0000243,visdrone_det.pt,0.15,1024,5,34,0
9999938_00000_d_0000243,visdrone_det.pt,0.2,1024,5,29,0
9999938_00000_d_0000243,visdrone_det.pt,0.25,1024,5,29,0
9999938_00000_d_0000243,visdrone_det.pt,0.3,1024,5,29,0
9999938_00000_d_0000243,visdrone_det.pt,0.4,1024,5,27,0
9999938_00000_d_0000243,visdrone_det.pt,0.5,1024,5,22,0
9999938_00000_d_0000243,visdrone_det.pt,0.05,1536,5,59,5
9999938_00000_d_0000243,visdrone_det.pt,0.1,1536,5,46,2
9999938_00000_d_0000243,visdrone_det.pt,0.15,1536,5,38,0
9999938_00000_d_0000243,visdrone_det.pt,0.2,1536,5,37,0
9999938_00000_d_0000243,visdrone_det.pt,0.25,1536,5,34,0
9999938_00000_d_0000243,visdrone_det.pt,0.3,1536,5,32,0
9999938_00000_d_0000243,visdrone_det.pt,0.4,1536,5,28,0
9999938_00000_d_0000243,visdrone_det.pt,0.5,1536,5,27,0
9999938_00000_d_0000245,visdrone_det.pt,0.05,640,5,104,0
9999938_00000_d_0000245,visdrone_det.pt,0.1,640,5,80,0
9999938_00000_d_0000245,visdrone_det.pt,0.15,640,5,63,0
9999938_00000_d_0000245,visdrone_det.pt,0.2,640,5,58,0
9999938_00000_d_0000245,visdrone_det.pt,0.25,640,5,54,0
9999938_00000_d_0000245,visdrone_det.pt,0.3,640,5,46,0
9999938_00000_d_0000245,visdrone_det.pt,0.4,640,5,34,0
9999938_00000_d_0000245,visdrone_det.pt,0.5,640,5,25,0
9999938_00000_d_0000245,visdrone_det.pt,0.05,1024,5,89,6
9999938_00000_d_0000245,visdrone_det.pt,0.1,1024,5,79,3
9999938_00000_d_0000245,visdrone_det.pt,0.15,1024,5,68,0
9999938_00000_d_0000245,visdrone_det.pt,0.2,1024,5,64,0
9999938_00000_d_0000245,visdrone_det.pt,0.25,1024,5,62,0
9999938_00000_d_0000245,visdrone_det.pt,0.3,1024,5,58,0
9999938_00000_d_0000245,visdrone_det.pt,0.4,1024,5,49,0
9999938_00000_d_0000245,visdrone_det.pt,0.5,1024,5,40,0
9999938_00000_d_0000245,visdrone_det.pt,0.05,1536,5,83,2
9999938_00000_d_0000245,visdrone_det.pt,0.1,1536,5,72,0
9999938_00000_d_0000245,visdrone_det.pt,0.15,1536,5,67,0
9999938_00000_d_0000245,visdrone_det.pt,0.2,1536,5,61,0
9999938_00000_d_0000245,visdrone_det.pt,0.25,1536,5,58,0
9999938_00000_d_0000245,visdrone_det.pt,0.3,1536,5,55,0
9999938_00000_d_0000245,visdrone_det.pt,0.4,1536,5,53,0
9999938_00000_d_0000245,visdrone_det.pt,0.5,1536,5,48,0
9999938_00000_d_0000253,visdrone_det.pt,0.05,640,36,55,1
9999938_00000_d_0000253,visdrone_det.pt,0.1,640,36,31,0
9999938_00000_d_0000253,visdrone_det.pt,0.15,640,36,30,0
9999938_00000_d_0000253,visdrone_det.pt,0.2,640,36,25,0
9999938_00000_d_0000253,visdrone_det.pt,0.25,640,36,22,0
9999938_00000_d_0000253,visdrone_det.pt,0.3,640,36,19,0
9999938_00000_d_0000253,visdrone_det.pt,0.4,640,36,13,0
9999938_00000_d_0000253,visdrone_det.pt,0.5,640,36,12,0
9999938_00000_d_0000253,visdrone_det.pt,0.05,1024,36,81,25
9999938_00000_d_0000253,visdrone_det.pt,0.1,1024,36,46,11
9999938_00000_d_0000253,visdrone_det.pt,0.15,1024,36,27,5
9999938_00000_d_0000253,visdrone_det.pt,0.2,1024,36,22,2
9999938_00000_d_0000253,visdrone_det.pt,0.25,1024,36,18,0
9999938_00000_d_0000253,visdrone_det.pt,0.3,1024,36,18,0
9999938_00000_d_0000253,visdrone_det.pt,0.4,1024,36,17,0
9999938_00000_d_0000253,visdrone_det.pt,0.5,1024,36,15,0
9999938_00000_d_0000253,visdrone_det.pt,0.05,1536,36,116,23
9999938_00000_d_0000253,visdrone_det.pt,0.1,1536,36,60,10
9999938_00000_d_0000253,visdrone_det.pt,0.15,1536,36,44,7
9999938_00000_d_0000253,visdrone_det.pt,0.2,1536,36,32,4
9999938_00000_d_0000253,visdrone_det.pt,0.25,1536,36,23,1
9999938_00000_d_0000253,visdrone_det.pt,0.3,1536,36,21,0
9999938_00000_d_0000253,visdrone_det.pt,0.4,1536,36,17,0
9999938_00000_d_0000253,visdrone_det.pt,0.5,1536,36,15,0
9999938_00000_d_0000254,visdrone_det.pt,0.05,640,51,260,258
9999938_00000_d_0000254,visdrone_det.pt,0.1,640,51,156,156
9999938_00000_d_0000254,visdrone_det.pt,0.15,640,51,88,88
9999938_00000_d_0000254,visdrone_det.pt,0.2,640,51,57,57
9999938_00000_d_0000254,visdrone_det.pt,0.25,640,51,38,38
9999938_00000_d_0000254,visdrone_det.pt,0.3,640,51,17,17
9999938_00000_d_0000254,visdrone_det.pt,0.4,640,51,7,7
9999938_00000_d_0000254,visdrone_det.pt,0.5,640,51,1,1
9999938_00000_d_0000254,visdrone_det.pt,0.05,1024,51,397,388
9999938_00000_d_0000254,visdrone_det.pt,0.1,1024,51,240,238
9999938_00000_d_0000254,visdrone_det.pt,0.15,1024,51,123,123
9999938_00000_d_0000254,visdrone_det.pt,0.2,1024,51,73,73
9999938_00000_d_0000254,visdrone_det.pt,0.25,1024,51,39,39
9999938_00000_d_0000254,visdrone_det.pt,0.3,1024,51,26,26
9999938_00000_d_0000254,visdrone_det.pt,0.4,1024,51,7,7
9999938_00000_d_0000254,visdrone_det.pt,0.5,1024,51,2,2
9999938_00000_d_0000254,visdrone_det.pt,0.05,1536,51,485,431
9999938_00000_d_0000254,visdrone_det.pt,0.1,1536,51,262,238
9999938_00000_d_0000254,visdrone_det.pt,0.15,1536,51,145,136
9999938_00000_d_0000254,visdrone_det.pt,0.2,1536,51,79,75
9999938_00000_d_0000254,visdrone_det.pt,0.25,1536,51,53,52
9999938_00000_d_0000254,visdrone_det.pt,0.3,1536,51,27,27
9999938_00000_d_0000254,visdrone_det.pt,0.4,1536,51,10,10
9999938_00000_d_0000254,visdrone_det.pt,0.5,1536,51,4,4
9999938_00000_d_0000257,visdrone_det.pt,0.05,640,38,51,4
9999938_00000_d_0000257,visdrone_det.pt,0.1,640,38,37,1
9999938_00000_d_0000257,visdrone_det.pt,0.15,640,38,31,0
9999938_00000_d_0000257,visdrone_det.pt,0.2,640,38,26,0
9999938_00000_d_0000257,visdrone_det.pt,0.25,640,38,24,0
9999938_00000_d_0000257,visdrone_det.pt,0.3,640,38,24,0
9999938_00000_d_0000257,visdrone_det.pt,0.4,640,38,19,0
9999938_00000_d_0000257,visdrone_det.pt,0.5,640,38,18,0
9999938_00000_d_0000257,visdrone_det.pt,0.05,1024,38,106,38
9999938_00000_d_0000257,visdrone_det.pt,0.1,1024,38,56,15
9999938_00000_d_0000257,visdrone_det.pt,0.15,1024,38,34,2
9999938_00000_d_0000257,visdrone_det.pt,0.2,1024,38,26,0
9999938_00000_d_0000257,visdrone_det.pt,0.25,1024,38,24,0
9999938_00000_d_0000257,visdrone_det.pt,0.3,1024,38,22,0
9999938_00000_d_0000257,visdrone_det.pt,0.4,1024,38,20,0
9999938_00000_d_0000257,visdrone_det.pt,0.5,1024,38,19,0
9999938_00000_d_0000257,visdrone_det.pt,0.05,1536,38,81,28
9999938_00000_d_0000257,visdrone_det.pt,0.1,1536,38,39,10
9999938_00000_d_0000257,visdrone_det.pt,0.15,1536,38,32,6
9999938_00000_d_0000257,visdrone_det.pt,0.2,1536,38,25,2
9999938_00000_d_0000257,visdrone_det.pt,0.25,1536,38,21,0
9999938_00000_d_0000257,visdrone_det.pt,0.3,1536,38,20,0
9999938_00000_d_0000257,visdrone_det.pt,0.4,1536,38,19,0
9999938_00000_d_0000257,visdrone_det.pt,0.5,1536,38,17,0
9999938_00000_d_0000258,visdrone_det.pt,0.05,640,46,73,22
9999938_00000_d_0000258,visdrone_det.pt,0.1,640,46,41,13
9999938_00000_d_0000258,visdrone_det.pt,0.15,640,46,33,10
9999938_00000_d_0000258,visdrone_det.pt,0.2,640,46,24,4
9999938_00000_d_0000258,visdrone_det.pt,0.25,640,46,21,1
9999938_00000_d_0000258,visdrone_det.pt,0.3,640,46,20,0
9999938_00000_d_0000258,visdrone_det.pt,0.4,640,46,17,0
9999938_00000_d_0000258,visdrone_det.pt,0.5,640,46,14,0
9999938_00000_d_0000258,visdrone_det.pt,0.05,1024,46,116,70
9999938_00000_d_0000258,visdrone_det.pt,0.1,1024,46,86,47
9999938_00000_d_0000258,visdrone_det.pt,0.15,1024,46,60,29
9999938_00000_d_0000258,visdrone_det.pt,0.2,1024,46,48,20
9999938_00000_d_0000258,visdrone_det.pt,0.25,1024,46,35,12
9999938_00000_d_0000258,visdrone_det.pt,0.3,1024,46,31,10
9999938_00000_d_0000258,visdrone_det.pt,0.4,1024,46,22,2
9999938_00000_d_0000258,visdrone_det.pt,0.5,1024,46,19,0
9999938_00000_d_0000258,visdrone_det.pt,0.05,1536,46,101,53
9999938_00000_d_0000258,visdrone_det.pt,0.1,1536,46,56,24
9999938_00000_d_0000258,visdrone_det.pt,0.15,1536,46,40,15
9999938_00000_d_0000258,visdrone_det.pt,0.2,1536,46,31,7
9999938_00000_d_0000258,visdrone_det.pt,0.25,1536,46,29,5
9999938_00000_d_0000258,visdrone_det.pt,0.3,1536,46,27,4
9999938_00000_d_0000258,visdrone_det.pt,0.4,1536,46,23,1
9999938_00000_d_0000258,visdrone_det.pt,0.5,1536,46,21,0
9999938_00000_d_0000259,visdrone_det.pt,0.05,640,8,56,3
9999938_00000_d_0000259,visdrone_det.pt,0.1,640,8,42,2
9999938_00000_d_0000259,visdrone_det.pt,0.15,640,8,31,1
9999938_00000_d_0000259,visdrone_det.pt,0.2,640,8,25,0
9999938_00000_d_0000259,visdrone_det.pt,0.25,640,8,22,0
9999938_00000_d_0000259,visdrone_det.pt,0.3,640,8,21,0
9999938_00000_d_0000259,visdrone_det.pt,0.4,640,8,18,0
9999938_00000_d_0000259,visdrone_det.pt,0.5,640,8,16,0
9999938_00000_d_0000259,visdrone_det.pt,0.05,1024,8,105,32
9999938_00000_d_0000259,visdrone_det.pt,0.1,1024,8,59,12
9999938_00000_d_0000259,visdrone_det.pt,0.15,1024,8,44,9
9999938_00000_d_0000259,visdrone_det.pt,0.2,1024,8,38,4
9999938_00000_d_0000259,visdrone_det.pt,0.25,1024,8,33,2
9999938_00000_d_0000259,visdrone_det.pt,0.3,1024,8,32,2
9999938_00000_d_0000259,visdrone_det.pt,0.4,1024,8,28,0
9999938_00000_d_0000259,visdrone_det.pt,0.5,1024,8,19,0
9999938_00000_d_0000259,visdrone_det.pt,0.05,1536,8,76,13
9999938_00000_d_0000259,visdrone_det.pt,0.1,1536,8,53,6
9999938_00000_d_0000259,visdrone_det.pt,0.15,1536,8,41,1
9999938_00000_d_0000259,visdrone_det.pt,0.2,1536,8,37,1
9999938_00000_d_0000259,visdrone_det.pt,0.25,1536,8,33,1
9999938_00000_d_0000259,visdrone_det.pt,0.3,1536,8,29,1
9999938_00000_d_0000259,visdrone_det.pt,0.4,1536,8,28,1
9999938_00000_d_0000259,visdrone_det.pt,0.5,1536,8,24,0
9999938_00000_d_0000261,visdrone_det.pt,0.05,640,7,35,0
9999938_00000_d_0000261,visdrone_det.pt,0.1,640,7,22,0
9999938_00000_d_0000261,visdrone_det.pt,0.15,640,7,19,0
9999938_00000_d_0000261,visdrone_det.pt,0.2,640,7,16,0
9999938_00000_d_0000261,visdrone_det.pt,0.25,640,7,14,0
9999938_00000_d_0000261,visdrone_det.pt,0.3,640,7,12,0
9999938_00000_d_0000261,visdrone_det.pt,0.4,640,7,11,0
9999938_00000_d_0000261,visdrone_det.pt,0.5,640,7,11,0
9999938_00000_d_0000261,visdrone_det.pt,0.05,1024,7,45,2
9999938_00000_d_0000261,visdrone_det.pt,0.1,1024,7,29,2
9999938_00000_d_0000261,visdrone_det.pt,0.15,1024,7,21,2
9999938_00000_d_0000261,visdrone_det.pt,0.2,1024,7,21,2
9999938_00000_d_0000261,visdrone_det.pt,0.25,1024,7,18,1
9999938_00000_d_0000261,visdrone_det.pt,0.3,1024,7,16,0
9999938_00000_d_0000261,visdrone_det.pt,0.4,1024,7,12,0
9999938_00000_d_0000261,visdrone_det.pt,0.5,1024,7,12,0
9999938_00000_d_0000261,visdrone_det.pt,0.05,1536,7,53,17
9999938_00000_d_0000261,visdrone_det.pt,0.1,1536,7,27,4
9999938_00000_d_0000261,visdrone_det.pt,0.15,1536,7,23,3
9999938_00000_d_0000261,visdrone_det.pt,0.2,1536,7,20,1
9999938_00000_d_0000261,visdrone_det.pt,0.25,1536,7,17,0
9999938_00000_d_0000261,visdrone_det.pt,0.3,1536,7,17,0
9999938_00000_d_0000261,visdrone_det.pt,0.4,1536,7,16,0
9999938_00000_d_0000261,visdrone_det.pt,0.5,1536,7,15,0
9999938_00000_d_0000263,visdrone_det.pt,0.05,640,19,18,3
9999938_00000_d_0000263,visdrone_det.pt,0.1,640,19,15,2
9999938_00000_d_0000263,visdrone_det.pt,0.15,640,19,13,1
9999938_00000_d_0000263,visdrone_det.pt,0.2,640,19,11,0
9999938_00000_d_0000263,visdrone_det.pt,0.25,640,19,11,0
9999938_00000_d_0000263,visdrone_det.pt,0.3,640,19,11,0
9999938_00000_d_0000263,visdrone_det.pt,0.4,640,19,11,0
9999938_00000_d_0000263,visdrone_det.pt,0.5,640,19,11,0
9999938_00000_d_0000263,visdrone_det.pt,0.05,1024,19,25,5
9999938_00000_d_0000263,visdrone_det.pt,0.1,1024,19,20,4
9999938_00000_d_0000263,visdrone_det.pt,0.15,1024,19,18,4
9999938_00000_d_0000263,visdrone_det.pt,0.2,1024,19,15,3
9999938_00000_d_0000263,visdrone_det.pt,0.25,1024,19,13,2
9999938_00000_d_0000263,visdrone_det.pt,0.3,1024,19,11,1
9999938_00000_d_0000263,visdrone_det.pt,0.4,1024,19,11,1
9999938_00000_d_0000263,visdrone_det.pt,0.5,1024,19,10,0
9999938_00000_d_0000263,visdrone_det.pt,0.05,1536,19,36,1
9999938_00000_d_0000263,visdrone_det.pt,0.1,1536,19,27,0
9999938_00000_d_0000263,visdrone_det.pt,0.15,1536,19,21,0
9999938_00000_d_0000263,visdrone_det.pt,0.2,1536,19,17,0
9999938_00000_d_0000263,visdrone_det.pt,0.25,1536,19,16,0
9999938_00000_d_0000263,visdrone_det.pt,0.3,1536,19,15,0
9999938_00000_d_0000263,visdrone_det.pt,0.4,1536,19,13,0
9999938_00000_d_0000263,visdrone_det.pt,0.5,1536,19,10,0
9999938_00000_d_0000271,visdrone_det.pt,0.05,640,2,76,0
9999938_00000_d_0000271,visdrone_det.pt,0.1,640,2,57,0
9999938_00000_d_0000271,visdrone_det.pt,0.15,640,2,49,0
9999938_00000_d_0000271,visdrone_det.pt,0.2,640,2,41,0
9999938_00000_d_0000271,visdrone_det.pt,0.25,640,2,36,0
9999938_00000_d_0000271,visdrone_det.pt,0.3,640,2,31,0
9999938_00000_d_0000271,visdrone_det.pt,0.4,640,2,26,0
9999938_00000_d_0000271,visdrone_det.pt,0.5,640,2,23,0
9999938_00000_d_0000271,visdrone_det.pt,0.05,1024,2,55,0
9999938_00000_d_0000271,visdrone_det.pt,0.1,1024,2,47,0
9999938_00000_d_0000271,visdrone_det.pt,0.15,1024,2,42,0
9999938_00000_d_0000271,visdrone_det.pt,0.2,1024,2,36,0
9999938_00000_d_0000271,visdrone_det.pt,0.25,1024,2,35,0
9999938_00000_d_0000271,visdrone_det.pt,0.3,1024,2,34,0
9999938_00000_d_0000271,visdrone_det.pt,0.4,1024,2,32,0
9999938_00000_d_0000271,visdrone_det.pt,0.5,1024,2,29,0
9999938_00000_d_0000271,visdrone_det.pt,0.05,1536,2,69,1
9999938_00000_d_0000271,visdrone_det.pt,0.1,1536,2,53,1
9999938_00000_d_0000271,visdrone_det.pt,0.15,1536,2,45,1
9999938_00000_d_0000271,visdrone_det.pt,0.2,1536,2,41,1
9999938_00000_d_0000271,visdrone_det.pt,0.25,1536,2,35,0
9999938_00000_d_0000271,visdrone_det.pt,0.3,1536,2,33,0
9999938_00000_d_0000271,visdrone_det.pt,0.4,1536,2,29,0
9999938_00000_d_0000271,visdrone_det.pt,0.5,1536,2,29,0
9999938_00000_d_0000276,visdrone_det.pt,0.05,640,3,47,0
9999938_00000_d_0000276,visdrone_det.pt,0.1,640,3,34,0
9999938_00000_d_0000276,visdrone_det.pt,0.15,640,3,27,0
9999938_00000_d_0000276,visdrone_det.pt,0.2,640,3,24,0
9999938_00000_d_0000276,visdrone_det.pt,0.25,640,3,21,0
9999938_00000_d_0000276,visdrone_det.pt,0.3,640,3,18,0
9999938_00000_d_0000276,visdrone_det.pt,0.4,640,3,16,0
9999938_00000_d_0000276,visdrone_det.pt,0.5,640,3,9,0
9999938_00000_d_0000276,visdrone_det.pt,0.05,1024,3,46,6
9999938_00000_d_0000276,visdrone_det.pt,0.1,1024,3,34,1
9999938_00000_d_0000276,visdrone_det.pt,0.15,1024,3,32,0
9999938_00000_d_0000276,visdrone_det.pt,0.2,1024,3,29,0
9999938_00000_d_0000276,visdrone_det.pt,0.25,1024,3,27,0
9999938_00000_d_0000276,visdrone_det.pt,0.3,1024,3,25,0
9999938_00000_d_0000276,visdrone_det.pt,0.4,1024,3,20,0
9999938_00000_d_0000276,visdrone_det.pt,0.5,1024,3,15,0
9999938_00000_d_0000276,visdrone_det.pt,0.05,1536,3,41,3
9999938_00000_d_0000276,visdrone_det.pt,0.1,1536,3,35,2
9999938_00000_d_0000276,visdrone_det.pt,0.15,1536,3,31,1
9999938_00000_d_0000276,visdrone_det.pt,0.2,1536,3,30,0
9999938_00000_d_0000276,visdrone_det.pt,0.25,1536,3,28,0
9999938_00000_d_0000276,visdrone_det.pt,0.3,1536,3,27,0
9999938_00000_d_0000276,visdrone_det.pt,0.4,1536,3,25,0
9999938_00000_d_0000276,visdrone_det.pt,0.5,1536,3,21,0
9999938_00000_d_0000278,visdrone_det.pt,0.05,640,4,74,0
9999938_00000_d_0000278,visdrone_det.pt,0.1,640,4,52,0
9999938_00000_d_0000278,visdrone_det.pt,0.15,640,4,39,0
9999938_00000_d_0000278,visdrone_det.pt,0.2,640,4,29,0
9999938_00000_d_0000278,visdrone_det.pt,0.25,640,4,22,0
9999938_00000_d_0000278,visdrone_det.pt,0.3,640,4,18,0
9999938_00000_d_0000278,visdrone_det.pt,0.4,640,4,16,0
9999938_00000_d_0000278,visdrone_det.pt,0.5,640,4,11,0
9999938_00000_d_0000278,visdrone_det.pt,0.05,1024,4,77,0
9999938_00000_d_0000278,visdrone_det.pt,0.1,1024,4,56,0
9999938_00000_d_0000278,visdrone_det.pt,0.15,1024,4,50,0
9999938_00000_d_0000278,visdrone_det.pt,0.2,1024,4,47,0
9999938_00000_d_0000278,visdrone_det.pt,0.25,1024,4,43,0
9999938_00000_d_0000278,visdrone_det.pt,0.3,1024,4,39,0
9999938_00000_d_0000278,visdrone_det.pt,0.4,1024,4,31,0
9999938_00000_d_0000278,visdrone_det.pt,0.5,1024,4,25,0
9999938_00000_d_0000278,visdrone_det.pt,0.05,1536,4,81,4
9999938_00000_d_0000278,visdrone_det.pt,0.1,1536,4,63,0
9999938_00000_d_0000278,visdrone_det.pt,0.15,1536,4,55,0
9999938_00000_d_0000278,visdrone_det.pt,0.2,1536,4,46,0
9999938_00000_d_0000278,visdrone_det.pt,0.25,1536,4,43,0
9999938_00000_d_0000278,visdrone_det.pt,0.3,1536,4,41,0
9999938_00000_d_0000278,visdrone_det.pt,0.4,1536,4,34,0
9999938_00000_d_0000278,visdrone_det.pt,0.5,1536,4,31,0
9999938_00000_d_0000283,visdrone_det.pt,0.05,640,2,105,2
9999938_00000_d_0000283,visdrone_det.pt,0.1,640,2,65,1
9999938_00000_d_0000283,visdrone_det.pt,0.15,640,2,55,0
9999938_00000_d_0000283,visdrone_det.pt,0.2,640,2,46,0
9999938_00000_d_0000283,visdrone_det.pt,0.25,640,2,37,0
9999938_00000_d_0000283,visdrone_det.pt,0.3,640,2,33,0
9999938_00000_d_0000283,visdrone_det.pt,0.4,640,2,22,0
9999938_00000_d_0000283,visdrone_det.pt,0.5,640,2,15,0
9999938_00000_d_0000283,visdrone_det.pt,0.05,1024,2,79,2
9999938_00000_d_0000283,visdrone_det.pt,0.1,1024,2,60,0
9999938_00000_d_0000283,visdrone_det.pt,0.15,1024,2,51,0
9999938_00000_d_0000283,visdrone_det.pt,0.2,1024,2,47,0
9999938_00000_d_0000283,visdrone_det.pt,0.25,1024,2,40,0
9999938_00000_d_0000283,visdrone_det.pt,0.3,1024,2,38,0
9999938_00000_d_0000283,visdrone_det.pt,0.4,1024,2,34,0
9999938_00000_d_0000283,visdrone_det.pt,0.5,1024,2,31,0
9999938_00000_d_0000283,visdrone_det.pt,0.05,1536,2,82,6
9999938_00000_d_0000283,visdrone_det.pt,0.1,1536,2,66,4
9999938_00000_d_0000283,visdrone_det.pt,0.15,1536,2,55,3
9999938_00000_d_0000283,visdrone_det.pt,0.2,1536,2,51,2
9999938_00000_d_0000283,visdrone_det.pt,0.25,1536,2,50,2
9999938_00000_d_0000283,visdrone_det.pt,0.3,1536,2,42,0
9999938_00000_d_0000283,visdrone_det.pt,0.4,1536,2,36,0
9999938_00000_d_0000283,visdrone_det.pt,0.5,1536,2,32,0
9999938_00000_d_0000285,visdrone_det.pt,0.05,640,2,77,0
9999938_00000_d_0000285,visdrone_det.pt,0.1,640,2,47,0
9999938_00000_d_0000285,visdrone_det.pt,0.15,640,2,32,0
9999938_00000_d_0000285,visdrone_det.pt,0.2,640,2,24,0
9999938_00000_d_0000285,visdrone_det.pt,0.25,640,2,22,0
9999938_00000_d_0000285,visdrone_det.pt,0.3,640,2,18,0
9999938_00000_d_0000285,visdrone_det.pt,0.4,640,2,14,0
9999938_00000_d_0000285,visdrone_det.pt,0.5,640,2,7,0
9999938_00000_d_0000285,visdrone_det.pt,0.05,1024,2,54,5
9999938_00000_d_0000285,visdrone_det.pt,0.1,1024,2,43,1
9999938_00000_d_0000285,visdrone_det.pt,0.15,1024,2,36,0
9999938_00000_d_0000285,visdrone_det.pt,0.2,1024,2,35,0
9999938_00000_d_0000285,visdrone_det.pt,0.25,1024,2,30,0
9999938_00000_d_0000285,visdrone_det.pt,0.3,1024,2,28,0
9999938_00000_d_0000285,visdrone_det.pt,0.4,1024,2,25,0
9999938_00000_d_0000285,visdrone_det.pt,0.5,1024,2,20,0
9999938_00000_d_0000285,visdrone_det.pt,0.05,1536,2,54,5
9999938_00000_d_0000285,visdrone_det.pt,0.1,1536,2,37,0
9999938_00000_d_0000285,visdrone_det.pt,0.15,1536,2,33,0
9999938_00000_d_0000285,visdrone_det.pt,0.2,1536,2,30,0
9999938_00000_d_0000285,visdrone_det.pt,0.25,1536,2,27,0
9999938_00000_d_0000285,visdrone_det.pt,0.3,1536,2,27,0
9999938_00000_d_0000285,visdrone_det.pt,0.4,1536,2,26,0
9999938_00000_d_0000285,visdrone_det.pt,0.5,1536,2,21,0
9999938_00000_d_0000295,visdrone_det.pt,0.05,640,7,43,0
9999938_00000_d_0000295,visdrone_det.pt,0.1,640,7,34,0
9999938_00000_d_0000295,visdrone_det.pt,0.15,640,7,27,0
9999938_00000_d_0000295,visdrone_det.pt,0.2,640,7,23,0
9999938_00000_d_0000295,visdrone_det.pt,0.25,640,7,20,0
9999938_00000_d_0000295,visdrone_det.pt,0.3,640,7,20,0
9999938_00000_d_0000295,visdrone_det.pt,0.4,640,7,15,0
9999938_00000_d_0000295,visdrone_det.pt,0.5,640,7,10,0
9999938_00000_d_0000295,visdrone_det.pt,0.05,1024,7,45,0
9999938_00000_d_0000295,visdrone_det.pt,0.1,1024,7,28,0
9999938_00000_d_0000295,visdrone_det.pt,0.15,1024,7,23,0
9999938_00000_d_0000295,visdrone_det.pt,0.2,1024,7,20,0
9999938_00000_d_0000295,visdrone_det.pt,0.25,1024,7,19,0
9999938_00000_d_0000295,visdrone_det.pt,0.3,1024,7,16,0
9999938_00000_d_0000295,visdrone_det.pt,0.4,1024,7,13,0
9999938_00000_d_0000295,visdrone_det.pt,0.5,1024,7,13,0
9999938_00000_d_0000295,visdrone_det.pt,0.05,1536,7,50,1
9999938_00000_d_0000295,visdrone_det.pt,0.1,1536,7,32,0
9999938_00000_d_0000295,visdrone_det.pt,0.15,1536,7,26,0
9999938_00000_d_0000295,visdrone_det.pt,0.2,1536,7,25,0
9999938_00000_d_0000295,visdrone_det.pt,0.25,1536,7,22,0
9999938_00000_d_0000295,visdrone_det.pt,0.3,1536,7,22,0
9999938_00000_d_0000295,visdrone_det.pt,0.4,1536,7,18,0
9999938_00000_d_0000295,visdrone_det.pt,0.5,1536,7,14,0
9999938_00000_d_0000298,visdrone_det.pt,0.05,640,6,74,1
9999938_00000_d_0000298,visdrone_det.pt,0.1,640,6,47,0
9999938_00000_d_0000298,visdrone_det.pt,0.15,640,6,34,0
9999938_00000_d_0000298,visdrone_det.pt,0.2,640,6,24,0
9999938_00000_d_0000298,visdrone_det.pt,0.25,640,6,19,0
9999938_00000_d_0000298,visdrone_det.pt,0.3,640,6,18,0
9999938_00000_d_0000298,visdrone_det.pt,0.4,640,6,13,0
9999938_00000_d_0000298,visdrone_det.pt,0.5,640,6,11,0
9999938_00000_d_0000298,visdrone_det.pt,0.05,1024,6,93,1
9999938_00000_d_0000298,visdrone_det.pt,0.1,1024,6,68,1
9999938_00000_d_0000298,visdrone_det.pt,0.15,1024,6,49,1
9999938_00000_d_0000298,visdrone_det.pt,0.2,1024,6,42,0
9999938_00000_d_0000298,visdrone_det.pt,0.25,1024,6,34,0
9999938_00000_d_0000298,visdrone_det.pt,0.3,1024,6,30,0
9999938_00000_d_0000298,visdrone_det.pt,0.4,1024,6,25,0
9999938_00000_d_0000298,visdrone_det.pt,0.5,1024,6,22,0
9999938_00000_d_0000298,visdrone_det.pt,0.05,1536,6,107,3
9999938_00000_d_0000298,visdrone_det.pt,0.1,1536,6,73,0
9999938_00000_d_0000298,visdrone_det.pt,0.15,1536,6,57,0
9999938_00000_d_0000298,visdrone_det.pt,0.2,1536,6,44,0
9999938_00000_d_0000298,visdrone_det.pt,0.25,1536,6,38,0
9999938_00000_d_0000298,visdrone_det.pt,0.3,1536,6,36,0
9999938_00000_d_0000298,visdrone_det.pt,0.4,1536,6,33,0
9999938_00000_d_0000298,visdrone_det.pt,0.5,1536,6,25,0
9999938_00000_d_0000299,visdrone_det.pt,0.05,640,2,53,0
9999938_00000_d_0000299,visdrone_det.pt,0.1,640,2,34,0
9999938_00000_d_0000299,visdrone_det.pt,0.15,640,2,28,0
9999938_00000_d_0000299,visdrone_det.pt,0.2,640,2,28,0
9999938_00000_d_0000299,visdrone_det.pt,0.25,640,2,26,0
9999938_00000_d_0000299,visdrone_det.pt,0.3,640,2,24,0
9999938_00000_d_0000299,visdrone_det.pt,0.4,640,2,24,0
9999938_00000_d_0000299,visdrone_det.pt,0.5,640,2,16,0
9999938_00000_d_0000299,visdrone_det.pt,0.05,1024,2,65,3
9999938_00000_d_0000299,visdrone_det.pt,0.1,1024,2,40,0
9999938_00000_d_0000299,visdrone_det.pt,0.15,1024,2,39,0
9999938_00000_d_0000299,visdrone_det.pt,0.2,1024,2,34,0
9999938_00000_d_0000299,visdrone_det.pt,0.25,1024,2,30,0
9999938_00000_d_0000299,visdrone_det.pt,0.3,1024,2,30,0
9999938_00000_d_0000299,visdrone_det.pt,0.4,1024,2,27,0
9999938_00000_d_0000299,visdrone_det.pt,0.5,1024,2,25,0
9999938_00000_d_0000299,visdrone_det.pt,0.05,1536,2,72,1
9999938_00000_d_0000299,visdrone_det.pt,0.1,1536,2,59,1
9999938_00000_d_0000299,visdrone_det.pt,0.15,1536,2,54,1
9999938_00000_d_0000299,visdrone_det.pt,0.2,1536,2,46,1
9999938_00000_d_0000299,visdrone_det.pt,0.25,1536,2,36,0
9999938_00000_d_0000299,visdrone_det.pt,0.3,1536,2,35,0
9999938_00000_d_0000299,visdrone_det.pt,0.4,1536,2,29,0
9999938_00000_d_0000299,visdrone_det.pt,0.5,1536,2,25,0
9999938_00000_d_0000300,visdrone_det.pt,0.05,640,31,154,2
9999938_00000_d_0000300,visdrone_det.pt,0.1,640,31,88,0
9999938_00000_d_0000300,visdrone_det.pt,0.15,640,31,59,0
9999938_00000_d_0000300,visdrone_det.pt,0.2,640,31,39,0
9999938_00000_d_0000300,visdrone_det.pt,0.25,640,31,30,0
9999938_00000_d_0000300,visdrone_det.pt,0.3,640,31,25,0
9999938_00000_d_0000300,visdrone_det.pt,0.4,640,31,13,0
9999938_00000_d_0000300,visdrone_det.pt,0.5,640,31,11,0
9999938_00000_d_0000300,visdrone_det.pt,0.05,1024,31,213,18
9999938_00000_d_0000300,visdrone_det.pt,0.1,1024,31,143,13
9999938_00000_d_0000300,visdrone_det.pt,0.15,1024,31,103,8
9999938_00000_d_0000300,visdrone_det.pt,0.2,1024,31,83,4
9999938_00000_d_0000300,visdrone_det.pt,0.25,1024,31,64,4
9999938_00000_d_0000300,visdrone_det.pt,0.3,1024,31,58,4
9999938_00000_d_0000300,visdrone_det.pt,0.4,1024,31,32,0
9999938_00000_d_0000300,visdrone_det.pt,0.5,1024,31,23,0
9999938_00000_d_0000300,visdrone_det.pt,0.05,1536,31,196,25
9999938_00000_d_0000300,visdrone_det.pt,0.1,1536,31,128,15
9999938_00000_d_0000300,visdrone_det.pt,0.15,1536,31,104,11
9999938_00000_d_0000300,visdrone_det.pt,0.2,1536,31,85,7
9999938_00000_d_0000300,visdrone_det.pt,0.25,1536,31,75,5
9999938_00000_d_0000300,visdrone_det.pt,0.3,1536,31,66,4
9999938_00000_d_0000300,visdrone_det.pt,0.4,1536,31,42,0
9999938_00000_d_0000300,visdrone_det.pt,0.5,1536,31,31,0
9999938_00000_d_0000304,visdrone_det.pt,0.05,640,1,28,8
9999938_00000_d_0000304,visdrone_det.pt,0.1,640,1,25,5
9999938_00000_d_0000304,visdrone_det.pt,0.15,640,1,16,1
9999938_00000_d_0000304,visdrone_det.pt,0.2,640,1,14,0
9999938_00000_d_0000304,visdrone_det.pt,0.25,640,1,10,0
9999938_00000_d_0000304,visdrone_det.pt,0.3,640,1,8,0
9999938_00000_d_0000304,visdrone_det.pt,0.4,640,1,8,0
9999938_00000_d_0000304,visdrone_det.pt,0.5,640,1,5,0
9999938_00000_d_0000304,visdrone_det.pt,0.05,1024,1,35,2
9999938_00000_d_0000304,visdrone_det.pt,0.1,1024,1,28,2
9999938_00000_d_0000304,visdrone_det.pt,0.15,1024,1,23,2
9999938_00000_d_0000304,visdrone_det.pt,0.2,1024,1,19,1
9999938_00000_d_0000304,visdrone_det.pt,0.25,1024,1,17,1
9999938_00000_d_0000304,visdrone_det.pt,0.3,1024,1,15,0
9999938_00000_d_0000304,visdrone_det.pt,0.4,1024,1,11,0
9999938_00000_d_0000304,visdrone_det.pt,0.5,1024,1,10,0
9999938_00000_d_0000304,visdrone_det.pt,0.05,1536,1,55,7
9999938_00000_d_0000304,visdrone_det.pt,0.1,1536,1,37,2
9999938_00000_d_0000304,visdrone_det.pt,0.15,1536,1,29,1
9999938_00000_d_0000304,visdrone_det.pt,0.2,1536,1,25,1
9999938_00000_d_0000304,visdrone_det.pt,0.25,1536,1,21,1
9999938_00000_d_0000304,visdrone_det.pt,0.3,1536,1,17,1
9999938_00000_d_0000304,visdrone_det.pt,0.4,1536,1,13,0
9999938_00000_d_0000304,visdrone_det.pt,0.5,1536,1,11,0
9999938_00000_d_0000312,visdrone_det.pt,0.05,640,44,45,6
9999938_00000_d_0000312,visdrone_det.pt,0.1,640,44,29,3
9999938_00000_d_0000312,visdrone_det.pt,0.15,640,44,27,2
9999938_00000_d_0000312,visdrone_det.pt,0.2,640,44,22,1
9999938_00000_d_0000312,visdrone_det.pt,0.25,640,44,19,0
9999938_00000_d_0000312,visdrone_det.pt,0.3,640,44,19,0
9999938_00000_d_0000312,visdrone_det.pt,0.4,640,44,15,0
9999938_00000_d_0000312,visdrone_det.pt,0.5,640,44,11,0
9999938_00000_d_0000312,visdrone_det.pt,0.05,1024,44,79,25
9999938_00000_d_0000312,visdrone_det.pt,0.1,1024,44,53,14
9999938_00000_d_0000312,visdrone_det.pt,0.15,1024,44,41,10
9999938_00000_d_0000312,visdrone_det.pt,0.2,1024,44,33,6
9999938_00000_d_0000312,visdrone_det.pt,0.25,1024,44,26,4
9999938_00000_d_0000312,visdrone_det.pt,0.3,1024,44,23,2
9999938_00000_d_0000312,visdrone_det.pt,0.4,1024,44,19,0
9999938_00000_d_0000312,visdrone_det.pt,0.5,1024,44,12,0
9999938_00000_d_0000312,visdrone_det.pt,0.05,1536,44,111,58
9999938_00000_d_0000312,visdrone_det.pt,0.1,1536,44,64,24
9999938_00000_d_0000312,visdrone_det.pt,0.15,1536,44,42,11
9999938_00000_d_0000312,visdrone_det.pt,0.2,1536,44,35,6
9999938_00000_d_0000312,visdrone_det.pt,0.25,1536,44,31,4
9999938_00000_d_0000312,visdrone_det.pt,0.3,1536,44,27,3
9999938_00000_d_0000312,visdrone_det.pt,0.4,1536,44,22,1
9999938_00000_d_0000312,visdrone_det.pt,0.5,1536,44,19,0
9999938_00000_d_0000313,visdrone_det.pt,0.05,640,32,78,11
9999938_00000_d_0000313,visdrone_det.pt,0.1,640,32,44,5
9999938_00000_d_0000313,visdrone_det.pt,0.15,640,32,31,1
9999938_00000_d_0000313,visdrone_det.pt,0.2,640,32,23,0
9999938_00000_d_0000313,visdrone_det.pt,0.25,640,32,20,0
9999938_00000_d_0000313,visdrone_det.pt,0.3,640,32,20,0
9999938_00000_d_0000313,visdrone_det.pt,0.4,640,32,18,0
9999938_00000_d_0000313,visdrone_det.pt,0.5,640,32,16,0
9999938_00000_d_0000313,visdrone_det.pt,0.05,1024,32,144,58
9999938_00000_d_0000313,visdrone_det.pt,0.1,1024,32,83,34
9999938_00000_d_0000313,visdrone_det.pt,0.15,1024,32,56,23
9999938_00000_d_0000313,visdrone_det.pt,0.2,1024,32,45,15
9999938_00000_d_0000313,visdrone_det.pt,0.25,1024,32,38,10
9999938_00000_d_0000313,visdrone_det.pt,0.3,1024,32,32,7
9999938_00000_d_0000313,visdrone_det.pt,0.4,1024,32,26,3
9999938_00000_d_0000313,visdrone_det.pt,0.5,1024,32,23,1
9999938_00000_d_0000313,visdrone_det.pt,0.05,1536,32,147,81
9999938_00000_d_0000313,visdrone_det.pt,0.1,1536,32,88,46
9999938_00000_d_0000313,visdrone_det.pt,0.15,1536,32,65,28
9999938_00000_d_0000313,visdrone_det.pt,0.2,1536,32,47,17
9999938_00000_d_0000313,visdrone_det.pt,0.25,1536,32,34,7
9999938_00000_d_0000313,visdrone_det.pt,0.3,1536,32,32,6
9999938_00000_d_0000313,visdrone_det.pt,0.4,1536,32,27,4
9999938_00000_d_0000313,visdrone_det.pt,0.5,1536,32,24,1
9999938_00000_d_0000315,visdrone_det.pt,0.05,640,12,27,2
9999938_00000_d_0000315,visdrone_det.pt,0.1,640,12,19,2
9999938_00000_d_0000315,visdrone_det.pt,0.15,640,12,14,0
9999938_00000_d_0000315,visdrone_det.pt,0.2,640,12,12,0
9999938_00000_d_0000315,visdrone_det.pt,0.25,640,12,11,0
9999938_00000_d_0000315,visdrone_det.pt,0.3,640,12,8,0
9999938_00000_d_0000315,visdrone_det.pt,0.4,640,12,5,0
9999938_00000_d_0000315,visdrone_det.pt,0.5,640,12,4,0
9999938_00000_d_0000315,visdrone_det.pt,0.05,1024,12,53,30
9999938_00000_d_0000315,visdrone_det.pt,0.1,1024,12,33,13
9999938_00000_d_0000315,visdrone_det.pt,0.15,1024,12,25,10
9999938_00000_d_0000315,visdrone_det.pt,0.2,1024,12,16,2
9999938_00000_d_0000315,visdrone_det.pt,0.25,1024,12,13,1
9999938_00000_d_0000315,visdrone_det.pt,0.3,1024,12,9,0
9999938_00000_d_0000315,visdrone_det.pt,0.4,1024,12,7,0
9999938_00000_d_0000315,visdrone_det.pt,0.5,1024,12,5,0
9999938_00000_d_0000315,visdrone_det.pt,0.05,1536,12,48,22
9999938_00000_d_0000315,visdrone_det.pt,0.1,1536,12,28,9
9999938_00000_d_0000315,visdrone_det.pt,0.15,1536,12,19,4
9999938_00000_d_0000315,visdrone_det.pt,0.2,1536,12,13,2
9999938_00000_d_0000315,visdrone_det.pt,0.25,1536,12,9,1
9999938_00000_d_0000315,visdrone_det.pt,0.3,1536,12,8,0
9999938_00000_d_0000315,visdrone_det.pt,0.4,1536,12,6,0
9999938_00000_d_0000315,visdrone_det.pt,0.5,1536,12,6,0
9999938_00000_d_0000316,visdrone_det.pt,0.05,640,17,22,0
9999938_00000_d_0000316,visdrone_det.pt,0.1,640,17,15,0
9999938_00000_d_0000316,visdrone_det.pt,0.15,640,17,10,0
9999938_00000_d_0000316,visdrone_det.pt,0.2,640,17,10,0
9999938_00000_d_0000316,visdrone_det.pt,0.25,640,17,9,0
9999938_00000_d_0000316,visdrone_det.pt,0.3,640,17,9,0
9999938_00000_d_0000316,visdrone_det.pt,0.4,640,17,5,0
9999938_00000_d_0000316,visdrone_det.pt,0.5,640,17,5,0
9999938_00000_d_0000316,visdrone_det.pt,0.05,1024,17,40,10
9999938_00000_d_0000316,visdrone_det.pt,0.1,1024,17,22,3
9999938_00000_d_0000316,visdrone_det.pt,0.15,1024,17,19,3
9999938_00000_d_0000316,visdrone_det.pt,0.2,1024,17,15,0
9999938_00000_d_0000316,visdrone_det.pt,0.25,1024,17,14,0
9999938_00000_d_0000316,visdrone_det.pt,0.3,1024,17,11,0
9999938_00000_d_0000316,visdrone_det.pt,0.4,1024,17,11,0
9999938_00000_d_0000316,visdrone_det.pt,0.5,1024,17,9,0
9999938_00000_d_0000316,visdrone_det.pt,0.05,1536,17,43,7
9999938_00000_d_0000316,visdrone_det.pt,0.1,1536,17,30,3
9999938_00000_d_0000316,visdrone_det.pt,0.15,1536,17,20,0
9999938_00000_d_0000316,visdrone_det.pt,0.2,1536,17,17,0
9999938_00000_d_0000316,visdrone_det.pt,0.25,1536,17,15,0
9999938_00000_d_0000316,visdrone_det.pt,0.3,1536,17,12,0
9999938_00000_d_0000316,visdrone_det.pt,0.4,1536,17,9,0
9999938_00000_d_0000316,visdrone_det.pt,0.5,1536,17,7,0
9999938_00000_d_0000319,visdrone_det.pt,0.05,640,12,30,2
9999938_00000_d_0000319,visdrone_det.pt,0.1,640,12,16,0
9999938_00000_d_0000319,visdrone_det.pt,0.15,640,12,14,0
9999938_00000_d_0000319,visdrone_det.pt,0.2,640,12,13,0
9999938_00000_d_0000319,visdrone_det.pt,0.25,640,12,10,0
9999938_00000_d_0000319,visdrone_det.pt,0.3,640,12,8,0
9999938_00000_d_0000319,visdrone_det.pt,0.4,640,12,8,0
9999938_00000_d_0000319,visdrone_det.pt,0.5,640,12,6,0
9999938_00000_d_0000319,visdrone_det.pt,0.05,1024,12,62,37
9999938_00000_d_0000319,visdrone_det.pt,0.1,1024,12,42,20
9999938_00000_d_0000319,visdrone_det.pt,0.15,1024,12,26,10
9999938_00000_d_0000319,visdrone_det.pt,0.2,1024,12,18,4
9999938_00000_d_0000319,visdrone_det.pt,0.25,1024,12,16,3
9999938_00000_d_0000319,visdrone_det.pt,0.3,1024,12,11,1
9999938_00000_d_0000319,visdrone_det.pt,0.4,1024,12,8,0
9999938_00000_d_0000319,visdrone_det.pt,0.5,1024,12,7,0
9999938_00000_d_0000319,visdrone_det.pt,0.05,1536,12,94,65
9999938_00000_d_0000319,visdrone_det.pt,0.1,1536,12,56,33
9999938_00000_d_0000319,visdrone_det.pt,0.15,1536,12,39,19
9999938_00000_d_0000319,visdrone_det.pt,0.2,1536,12,28,10
9999938_00000_d_0000319,visdrone_det.pt,0.25,1536,12,20,4
9999938_00000_d_0000319,visdrone_det.pt,0.3,1536,12,18,2
9999938_00000_d_0000319,visdrone_det.pt,0.4,1536,12,14,0
9999938_00000_d_0000319,visdrone_det.pt,0.5,1536,12,9,0
9999938_00000_d_0000323,visdrone_det.pt,0.05,640,24,51,25
9999938_00000_d_0000323,visdrone_det.pt,0.1,640,24,28,8
9999938_00000_d_0000323,visdrone_det.pt,0.15,640,24,24,6
9999938_00000_d_0000323,visdrone_det.pt,0.2,640,24,20,5
9999938_00000_d_0000323,visdrone_det.pt,0.25,640,24,18,4
9999938_00000_d_0000323,visdrone_det.pt,0.3,640,24,13,2
9999938_00000_d_0000323,visdrone_det.pt,0.4,640,24,10,0
9999938_00000_d_0000323,visdrone_det.pt,0.5,640,24,9,0
9999938_00000_d_0000323,visdrone_det.pt,0.05,1024,24,110,79
9999938_00000_d_0000323,visdrone_det.pt,0.1,1024,24,67,42
9999938_00000_d_0000323,visdrone_det.pt,0.15,1024,24,49,29
9999938_00000_d_0000323,visdrone_det.pt,0.2,1024,24,36,18
9999938_00000_d_0000323,visdrone_det.pt,0.25,1024,24,27,11
9999938_00000_d_0000323,visdrone_det.pt,0.3,1024,24,21,6
9999938_00000_d_0000323,visdrone_det.pt,0.4,1024,24,18,3
9999938_00000_d_0000323,visdrone_det.pt,0.5,1024,24,13,0
9999938_00000_d_0000323,visdrone_det.pt,0.05,1536,24,86,54
9999938_00000_d_0000323,visdrone_det.pt,0.1,1536,24,52,30
9999938_00000_d_0000323,visdrone_det.pt,0.15,1536,24,37,19
9999938_00000_d_0000323,visdrone_det.pt,0.2,1536,24,24,11
9999938_00000_d_0000323,visdrone_det.pt,0.25,1536,24,18,6
9999938_00000_d_0000323,visdrone_det.pt,0.3,1536,24,17,5
9999938_00000_d_0000323,visdrone_det.pt,0.4,1536,24,12,1
9999938_00000_d_0000323,visdrone_det.pt,0.5,1536,24,10,0
9999938_00000_d_0000326,visdrone_det.pt,0.05,640,28,68,13
9999938_00000_d_0000326,visdrone_det.pt,0.1,640,28,48,8
9999938_00000_d_0000326,visdrone_det.pt,0.15,640,28,36,2
9999938_00000_d_0000326,visdrone_det.pt,0.2,640,28,31,2
9999938_00000_d_0000326,visdrone_det.pt,0.25,640,28,29,1
9999938_00000_d_0000326,visdrone_det.pt,0.3,640,28,28,1
9999938_00000_d_0000326,visdrone_det.pt,0.4,640,28,25,0
9999938_00000_d_0000326,visdrone_det.pt,0.5,640,28,21,0
9999938_00000_d_0000326,visdrone_det.pt,0.05,1024,28,84,13
9999938_00000_d_0000326,visdrone_det.pt,0.1,1024,28,53,6
9999938_00000_d_0000326,visdrone_det.pt,0.15,1024,28,44,3
9999938_00000_d_0000326,visdrone_det.pt,0.2,1024,28,38,3
9999938_00000_d_0000326,visdrone_det.pt,0.25,1024,28,32,2
9999938_00000_d_0000326,visdrone_det.pt,0.3,1024,28,28,0
9999938_00000_d_0000326,visdrone_det.pt,0.4,1024,28,27,0
9999938_00000_d_0000326,visdrone_det.pt,0.5,1024,28,23,0
9999938_00000_d_0000326,visdrone_det.pt,0.05,1536,28,103,21
9999938_00000_d_0000326,visdrone_det.pt,0.1,1536,28,59,10
9999938_00000_d_0000326,visdrone_det.pt,0.15,1536,28,44,6
9999938_00000_d_0000326,visdrone_det.pt,0.2,1536,28,36,4
9999938_00000_d_0000326,visdrone_det.pt,0.25,1536,28,31,2
9999938_00000_d_0000326,visdrone_det.pt,0.3,1536,28,30,1
9999938_00000_d_0000326,visdrone_det.pt,0.4,1536,28,26,0
9999938_00000_d_0000326,visdrone_det.pt,0.5,1536,28,25,0
9999938_00000_d_0000327,visdrone_det.pt,0.05,640,38,74,44
9999938_00000_d_0000327,visdrone_det.pt,0.1,640,38,51,22
9999938_00000_d_0000327,visdrone_det.pt,0.15,640,38,41,15
9999938_00000_d_0000327,visdrone_det.pt,0.2,640,38,32,7
9999938_00000_d_0000327,visdrone_det.pt,0.25,640,38,28,5
9999938_00000_d_0000327,visdrone_det.pt,0.3,640,38,24,3
9999938_00000_d_0000327,visdrone_det.pt,0.4,640,38,20,0
9999938_00000_d_0000327,visdrone_det.pt,0.5,640,38,20,0
9999938_00000_d_0000327,visdrone_det.pt,0.05,1024,38,151,120
9999938_00000_d_0000327,visdrone_det.pt,0.1,1024,38,93,65
9999938_00000_d_0000327,visdrone_det.pt,0.15,1024,38,68,43
9999938_00000_d_0000327,visdrone_det.pt,0.2,1024,38,46,22
9999938_00000_d_0000327,visdrone_det.pt,0.25,1024,38,37,14
9999938_00000_d_0000327,visdrone_det.pt,0.3,1024,38,34,11
9999938_00000_d_0000327,visdrone_det.pt,0.4,1024,38,25,3
9999938_00000_d_0000327,visdrone_det.pt,0.5,1024,38,22,1
9999938_00000_d_0000327,visdrone_det.pt,0.05,1536,38,121,77
9999938_00000_d_0000327,visdrone_det.pt,0.1,1536,38,72,39
9999938_00000_d_0000327,visdrone_det.pt,0.15,1536,38,52,24
9999938_00000_d_0000327,visdrone_det.pt,0.2,1536,38,42,17
9999938_00000_d_0000327,visdrone_det.pt,0.25,1536,38,36,11
9999938_00000_d_0000327,visdrone_det.pt,0.3,1536,38,31,6
9999938_00000_d_0000327,visdrone_det.pt,0.4,1536,38,26,4
9999938_00000_d_0000327,visdrone_det.pt,0.5,1536,38,20,1
9999938_00000_d_0000331,visdrone_det.pt,0.05,640,36,22,0
9999938_00000_d_0000331,visdrone_det.pt,0.1,640,36,18,0
9999938_00000_d_0000331,visdrone_det.pt,0.15,640,36,12,0
9999938_00000_d_0000331,visdrone_det.pt,0.2,640,36,11,0
9999938_00000_d_0000331,visdrone_det.pt,0.25,640,36,9,0
9999938_00000_d_0000331,visdrone_det.pt,0.3,640,36,8,0
9999938_00000_d_0000331,visdrone_det.pt,0.4,640,36,6,0
9999938_00000_d_0000331,visdrone_det.pt,0.5,640,36,3,0
9999938_00000_d_0000331,visdrone_det.pt,0.05,1024,36,37,14
9999938_00000_d_0000331,visdrone_det.pt,0.1,1024,36,18,3
9999938_00000_d_0000331,visdrone_det.pt,0.15,1024,36,13,2
9999938_00000_d_0000331,visdrone_det.pt,0.2,1024,36,11,1
9999938_00000_d_0000331,visdrone_det.pt,0.25,1024,36,10,0
9999938_00000_d_0000331,visdrone_det.pt,0.3,1024,36,9,0
9999938_00000_d_0000331,visdrone_det.pt,0.4,1024,36,8,0
9999938_00000_d_0000331,visdrone_det.pt,0.5,1024,36,7,0
9999938_00000_d_0000331,visdrone_det.pt,0.05,1536,36,61,24
9999938_00000_d_0000331,visdrone_det.pt,0.1,1536,36,26,7
9999938_00000_d_0000331,visdrone_det.pt,0.15,1536,36,17,2
9999938_00000_d_0000331,visdrone_det.pt,0.2,1536,36,16,1
9999938_00000_d_0000331,visdrone_det.pt,0.25,1536,36,12,0
9999938_00000_d_0000331,visdrone_det.pt,0.3,1536,36,12,0
9999938_00000_d_0000331,visdrone_det.pt,0.4,1536,36,12,0
9999938_00000_d_0000331,visdrone_det.pt,0.5,1536,36,10,0
9999938_00000_d_0000335,visdrone_det.pt,0.05,640,24,43,0
9999938_00000_d_0000335,visdrone_det.pt,0.1,640,24,31,0
9999938_00000_d_0000335,visdrone_det.pt,0.15,640,24,24,0
9999938_00000_d_0000335,visdrone_det.pt,0.2,640,24,20,0
9999938_00000_d_0000335,visdrone_det.pt,0.25,640,24,18,0
9999938_00000_d_0000335,visdrone_det.pt,0.3,640,24,16,0
9999938_00000_d_0000335,visdrone_det.pt,0.4,640,24,14,0
9999938_00000_d_0000335,visdrone_det.pt,0.5,640,24,11,0
9999938_00000_d_0000335,visdrone_det.pt,0.05,1024,24,54,4
9999938_00000_d_0000335,visdrone_det.pt,0.1,1024,24,38,1
9999938_00000_d_0000335,visdrone_det.pt,0.15,1024,24,29,0
9999938_00000_d_0000335,visdrone_det.pt,0.2,1024,24,24,0
9999938_00000_d_0000335,visdrone_det.pt,0.25,1024,24,24,0
9999938_00000_d_0000335,visdrone_det.pt,0.3,1024,24,18,0
9999938_00000_d_0000335,visdrone_det.pt,0.4,1024,24,13,0
9999938_00000_d_0000335,visdrone_det.pt,0.5,1024,24,13,0
9999938_00000_d_0000335,visdrone_det.pt,0.05,1536,24,53,11
9999938_00000_d_0000335,visdrone_det.pt,0.1,1536,24,42,8
9999938_00000_d_0000335,visdrone_det.pt,0.15,1536,24,35,5
9999938_00000_d_0000335,visdrone_det.pt,0.2,1536,24,30,1
9999938_00000_d_0000335,visdrone_det.pt,0.25,1536,24,25,1
9999938_00000_d_0000335,visdrone_det.pt,0.3,1536,24,24,1
9999938_00000_d_0000335,visdrone_det.pt,0.4,1536,24,20,0
9999938_00000_d_0000335,visdrone_det.pt,0.5,1536,24,18,0
9999938_00000_d_0000336,visdrone_det.pt,0.05,640,4,53,4
9999938_00000_d_0000336,visdrone_det.pt,0.1,640,4,29,1
9999938_00000_d_0000336,visdrone_det.pt,0.15,640,4,22,0
9999938_00000_d_0000336,visdrone_det.pt,0.2,640,4,21,0
9999938_00000_d_0000336,visdrone_det.pt,0.25,640,4,16,0
9999938_00000_d_0000336,visdrone_det.pt,0.3,640,4,13,0
9999938_00000_d_0000336,visdrone_det.pt,0.4,640,4,10,0
9999938_00000_d_0000336,visdrone_det.pt,0.5,640,4,8,0
9999938_00000_d_0000336,visdrone_det.pt,0.05,1024,4,82,5
9999938_00000_d_0000336,visdrone_det.pt,0.1,1024,4,51,4
9999938_00000_d_0000336,visdrone_det.pt,0.15,1024,4,40,2
9999938_00000_d_0000336,visdrone_det.pt,0.2,1024,4,34,1
9999938_00000_d_0000336,visdrone_det.pt,0.25,1024,4,31,1
9999938_00000_d_0000336,visdrone_det.pt,0.3,1024,4,24,1
9999938_00000_d_0000336,visdrone_det.pt,0.4,1024,4,16,0
9999938_00000_d_0000336,visdrone_det.pt,0.5,1024,4,14,0
9999938_00000_d_0000336,visdrone_det.pt,0.05,1536,4,54,10
9999938_00000_d_0000336,visdrone_det.pt,0.1,1536,4,35,2
9999938_00000_d_0000336,visdrone_det.pt,0.15,1536,4,28,1
9999938_00000_d_0000336,visdrone_det.pt,0.2,1536,4,25,0
9999938_00000_d_0000336,visdrone_det.pt,0.25,1536,4,24,0
9999938_00000_d_0000336,visdrone_det.pt,0.3,1536,4,23,0
9999938_00000_d_0000336,visdrone_det.pt,0.4,1536,4,19,0
9999938_00000_d_0000336,visdrone_det.pt,0.5,1536,4,17,0
9999938_00000_d_0000337,visdrone_det.pt,0.05,640,3,129,3
9999938_00000_d_0000337,visdrone_det.pt,0.1,640,3,83,1
9999938_00000_d_0000337,visdrone_det.pt,0.15,640,3,59,0
9999938_00000_d_0000337,visdrone_det.pt,0.2,640,3,44,0
9999938_00000_d_0000337,visdrone_det.pt,0.25,640,3,38,0
9999938_00000_d_0000337,visdrone_det.pt,0.3,640,3,31,0
9999938_00000_d_0000337,visdrone_det.pt,0.4,640,3,19,0
9999938_00000_d_0000337,visdrone_det.pt,0.5,640,3,13,0
9999938_00000_d_0000337,visdrone_det.pt,0.05,1024,3,143,12
9999938_00000_d_0000337,visdrone_det.pt,0.1,1024,3,82,5
9999938_00000_d_0000337,visdrone_det.pt,0.15,1024,3,61,3
9999938_00000_d_0000337,visdrone_det.pt,0.2,1024,3,46,0
9999938_00000_d_0000337,visdrone_det.pt,0.25,1024,3,40,0
9999938_00000_d_0000337,visdrone_det.pt,0.3,1024,3,37,0
9999938_00000_d_0000337,visdrone_det.pt,0.4,1024,3,29,0
9999938_00000_d_0000337,visdrone_det.pt,0.5,1024,3,23,0
9999938_00000_d_0000337,visdrone_det.pt,0.05,1536,3,123,17
9999938_00000_d_0000337,visdrone_det.pt,0.1,1536,3,88,11
9999938_00000_d_0000337,visdrone_det.pt,0.15,1536,3,69,3
9999938_00000_d_0000337,visdrone_det.pt,0.2,1536,3,56,1
9999938_00000_d_0000337,visdrone_det.pt,0.25,1536,3,47,1
9999938_00000_d_0000337,visdrone_det.pt,0.3,1536,3,41,0
9999938_00000_d_0000337,visdrone_det.pt,0.4,1536,3,35,0
9999938_00000_d_0000337,visdrone_det.pt,0.5,1536,3,33,0
9999938_00000_d_0000339,visdrone_det.pt,0.05,640,3,15,4
9999938_00000_d_0000339,visdrone_det.pt,0.1,640,3,12,1
9999938_00000_d_0000339,visdrone_det.pt,0.15,640,3,12,1
9999938_00000_d_0000339,visdrone_det.pt,0.2,640,3,11,0
9999938_00000_d_0000339,visdrone_det.pt,0.25,640,3,11,0
9999938_00000_d_0000339,visdrone_det.pt,0.3,640,3,10,0
9999938_00000_d_0000339,visdrone_det.pt,0.4,640,3,9,0
9999938_00000_d_0000339,visdrone_det.pt,0.5,640,3,8,0
9999938_00000_d_0000339,visdrone_det.pt,0.05,1024,3,23,6
9999938_00000_d_0000339,visdrone_det.pt,0.1,1024,3,17,2
9999938_00000_d_0000339,visdrone_det.pt,0.15,1024,3,15,2
9999938_00000_d_0000339,visdrone_det.pt,0.2,1024,3,13,2
9999938_00000_d_0000339,visdrone_det.pt,0.25,1024,3,12,1
9999938_00000_d_0000339,visdrone_det.pt,0.3,1024,3,12,1
9999938_00000_d_0000339,visdrone_det.pt,0.4,1024,3,11,1
9999938_00000_d_0000339,visdrone_det.pt,0.5,1024,3,10,1
9999938_00000_d_0000339,visdrone_det.pt,0.05,1536,3,29,8
9999938_00000_d_0000339,visdrone_det.pt,0.1,1536,3,22,5
9999938_00000_d_0000339,visdrone_det.pt,0.15,1536,3,18,4
9999938_00000_d_0000339,visdrone_det.pt,0.2,1536,3,15,3
9999938_00000_d_0000339,visdrone_det.pt,0.25,1536,3,14,3
9999938_00000_d_0000339,visdrone_det.pt,0.3,1536,3,14,3
9999938_00000_d_0000339,visdrone_det.pt,0.4,1536,3,12,2
9999938_00000_d_0000339,visdrone_det.pt,0.5,1536,3,10,1
9999938_00000_d_0000340,visdrone_det.pt,0.05,640,3,22,0
9999938_00000_d_0000340,visdrone_det.pt,0.1,640,3,19,0
9999938_00000_d_0000340,visdrone_det.pt,0.15,640,3,16,0
9999938_00000_d_0000340,visdrone_det.pt,0.2,640,3,15,0
9999938_00000_d_0000340,visdrone_det.pt,0.25,640,3,15,0
9999938_00000_d_0000340,visdrone_det.pt,0.3,640,3,13,0
9999938_00000_d_0000340,visdrone_det.pt,0.4,640,3,13,0
9999938_00000_d_0000340,visdrone_det.pt,0.5,640,3,10,0
9999938_00000_d_0000340,visdrone_det.pt,0.05,1024,3,28,4
9999938_00000_d_0000340,visdrone_det.pt,0.1,1024,3,19,1
9999938_00000_d_0000340,visdrone_det.pt,0.15,1024,3,15,1
9999938_00000_d_0000340,visdrone_det.pt,0.2,1024,3,14,0
9999938_00000_d_0000340,visdrone_det.pt,0.25,1024,3,13,0
9999938_00000_d_0000340,visdrone_det.pt,0.3,1024,3,13,0
9999938_00000_d_0000340,visdrone_det.pt,0.4,1024,3,12,0
9999938_00000_d_0000340,visdrone_det.pt,0.5,1024,3,11,0
9999938_00000_d_0000340,visdrone_det.pt,0.05,1536,3,20,3
9999938_00000_d_0000340,visdrone_det.pt,0.1,1536,3,18,3
9999938_00000_d_0000340,visdrone_det.pt,0.15,1536,3,16,1
9999938_00000_d_0000340,visdrone_det.pt,0.2,1536,3,12,0
9999938_00000_d_0000340,visdrone_det.pt,0.25,1536,3,12,0
9999938_00000_d_0000340,visdrone_det.pt,0.3,1536,3,12,0
9999938_00000_d_0000340,visdrone_det.pt,0.4,1536,3,12,0
9999938_00000_d_0000340,visdrone_det.pt,0.5,1536,3,10,0
9999938_00000_d_0000342,visdrone_det.pt,0.05,640,9,30,7
9999938_00000_d_0000342,visdrone_det.pt,0.1,640,9,17,1
9999938_00000_d_0000342,visdrone_det.pt,0.15,640,9,15,1
9999938_00000_d_0000342,visdrone_det.pt,0.2,640,9,14,0
9999938_00000_d_0000342,visdrone_det.pt,0.25,640,9,14,0
9999938_00000_d_0000342,visdrone_det.pt,0.3,640,9,14,0
9999938_00000_d_0000342,visdrone_det.pt,0.4,640,9,13,0
9999938_00000_d_0000342,visdrone_det.pt,0.5,640,9,13,0
9999938_00000_d_0000342,visdrone_det.pt,0.05,1024,9,31,7
9999938_00000_d_0000342,visdrone_det.pt,0.1,1024,9,22,3
9999938_00000_d_0000342,visdrone_det.pt,0.15,1024,9,19,1
9999938_00000_d_0000342,visdrone_det.pt,0.2,1024,9,16,0
9999938_00000_d_0000342,visdrone_det.pt,0.25,1024,9,16,0
9999938_00000_d_0000342,visdrone_det.pt,0.3,1024,9,16,0
9999938_00000_d_0000342,visdrone_det.pt,0.4,1024,9,16,0
9999938_00000_d_0000342,visdrone_det.pt,0.5,1024,9,14,0
9999938_00000_d_0000342,visdrone_det.pt,0.05,1536,9,36,8
9999938_00000_d_0000342,visdrone_det.pt,0.1,1536,9,26,4
9999938_00000_d_0000342,visdrone_det.pt,0.15,1536,9,20,0
9999938_00000_d_0000342,visdrone_det.pt,0.2,1536,9,18,0
9999938_00000_d_0000342,visdrone_det.pt,0.25,1536,9,16,0
9999938_00000_d_0000342,visdrone_det.pt,0.3,1536,9,16,0
9999938_00000_d_0000342,visdrone_det.pt,0.4,1536,9,16,0
9999938_00000_d_0000342,visdrone_det.pt,0.5,1536,9,15,0
9999938_00000_d_0000343,visdrone_det.pt,0.05,640,2,20,5
9999938_00000_d_0000343,visdrone_det.pt,0.1,640,2,14,2
9999938_00000_d_0000343,visdrone_det.pt,0.15,640,2,11,0
9999938_00000_d_0000343,visdrone_det.pt,0.2,640,2,11,0
9999938_00000_d_0000343,visdrone_det.pt,0.25,640,2,10,0
9999938_00000_d_0000343,visdrone_det.pt,0.3,640,2,10,0
9999938_00000_d_0000343,visdrone_det.pt,0.4,640,2,9,0
9999938_00000_d_0000343,visdrone_det.pt,0.5,640,2,7,0
9999938_00000_d_0000343,visdrone_det.pt,0.05,1024,2,39,9
9999938_00000_d_0000343,visdrone_det.pt,0.1,1024,2,29,6
9999938_00000_d_0000343,visdrone_det.pt,0.15,1024,2,24,4
9999938_00000_d_0000343,visdrone_det.pt,0.2,1024,2,19,3
9999938_00000_d_0000343,visdrone_det.pt,0.25,1024,2,17,2
9999938_00000_d_0000343,visdrone_det.pt,0.3,1024,2,16,1
9999938_00000_d_0000343,visdrone_det.pt,0.4,1024,2,14,1
9999938_00000_d_0000343,visdrone_det.pt,0.5,1024,2,11,1
9999938_00000_d_0000343,visdrone_det.pt,0.05,1536,2,35,11
9999938_00000_d_0000343,visdrone_det.pt,0.1,1536,2,21,6
9999938_00000_d_0000343,visdrone_det.pt,0.15,1536,2,16,3
9999938_00000_d_0000343,visdrone_det.pt,0.2,1536,2,12,1
9999938_00000_d_0000343,visdrone_det.pt,0.25,1536,2,12,1
9999938_00000_d_0000343,visdrone_det.pt,0.3,1536,2,12,1
9999938_00000_d_0000343,visdrone_det.pt,0.4,1536,2,10,1
9999938_00000_d_0000343,visdrone_det.pt,0.5,1536,2,9,1
9999938_00000_d_0000346,visdrone_det.pt,0.05,640,2,24,6
9999938_00000_d_0000346,visdrone_det.pt,0.1,640,2,19,2
9999938_00000_d_0000346,visdrone_det.pt,0.15,640,2,18,2
9999938_00000_d_0000346,visdrone_det.pt,0.2,640,2,18,2
9999938_00000_d_0000346,visdrone_det.pt,0.25,640,2,17,1
9999938_00000_d_0000346,visdrone_det.pt,0.3,640,2,16,1
9999938_00000_d_0000346,visdrone_det.pt,0.4,640,2,15,1
9999938_00000_d_0000346,visdrone_det.pt,0.5,640,2,14,0
9999938_00000_d_0000346,visdrone_det.pt,0.05,1024,2,22,4
9999938_00000_d_0000346,visdrone_det.pt,0.1,1024,2,20,3
9999938_00000_d_0000346,visdrone_det.pt,0.15,1024,2,18,3
9999938_00000_d_0000346,visdrone_det.pt,0.2,1024,2,17,2
9999938_00000_d_0000346,visdrone_det.pt,0.25,1024,2,16,2
9999938_00000_d_0000346,visdrone_det.pt,0.3,1024,2,14,1
9999938_00000_d_0000346,visdrone_det.pt,0.4,1024,2,12,0
9999938_00000_d_0000346,visdrone_det.pt,0.5,1024,2,12,0
9999938_00000_d_0000346,visdrone_det.pt,0.05,1536,2,30,3
9999938_00000_d_0000346,visdrone_det.pt,0.1,1536,2,25,2
9999938_00000_d_0000346,visdrone_det.pt,0.15,1536,2,21,2
9999938_00000_d_0000346,visdrone_det.pt,0.2,1536,2,18,2
9999938_00000_d_0000346,visdrone_det.pt,0.25,1536,2,14,0
9999938_00000_d_0000346,visdrone_det.pt,0.3,1536,2,14,0
9999938_00000_d_0000346,visdrone_det.pt,0.4,1536,2,12,0
9999938_00000_d_0000346,visdrone_det.pt,0.5,1536,2,12,0
9999938_00000_d_0000347,visdrone_det.pt,0.05,640,1,6,1
9999938_00000_d_0000347,visdrone_det.pt,0.1,640,1,6,1
9999938_00000_d_0000347,visdrone_det.pt,0.15,640,1,6,1
9999938_00000_d_0000347,visdrone_det.pt,0.2,640,1,5,0
9999938_00000_d_0000347,visdrone_det.pt,0.25,640,1,5,0
9999938_00000_d_0000347,visdrone_det.pt,0.3,640,1,4,0
9999938_00000_d_0000347,visdrone_det.pt,0.4,640,1,4,0
9999938_00000_d_0000347,visdrone_det.pt,0.5,640,1,4,0
9999938_00000_d_0000347,visdrone_det.pt,0.05,1024,1,12,0
9999938_00000_d_0000347,visdrone_det.pt,0.1,1024,1,7,0
9999938_00000_d_0000347,visdrone_det.pt,0.15,1024,1,5,0
9999938_00000_d_0000347,visdrone_det.pt,0.2,1024,1,5,0
9999938_00000_d_0000347,visdrone_det.pt,0.25,1024,1,5,0
9999938_00000_d_0000347,visdrone_det.pt,0.3,1024,1,5,0
9999938_00000_d_0000347,visdrone_det.pt,0.4,1024,1,4,0
9999938_00000_d_0000347,visdrone_det.pt,0.5,1024,1,4,0
9999938_00000_d_0000347,visdrone_det.pt,0.05,1536,1,22,0
9999938_00000_d_0000347,visdrone_det.pt,0.1,1536,1,16,0
9999938_00000_d_0000347,visdrone_det.pt,0.15,1536,1,10,0
9999938_00000_d_0000347,visdrone_det.pt,0.2,1536,1,9,0
9999938_00000_d_0000347,visdrone_det.pt,0.25,1536,1,7,0
9999938_00000_d_0000347,visdrone_det.pt,0.3,1536,1,5,0
9999938_00000_d_0000347,visdrone_det.pt,0.4,1536,1,4,0
9999938_00000_d_0000347,visdrone_det.pt,0.5,1536,1,0,0
9999938_00000_d_0000349,visdrone_det.pt,0.05,640,9,86,0
9999938_00000_d_0000349,visdrone_det.pt,0.1,640,9,44,0
9999938_00000_d_0000349,visdrone_det.pt,0.15,640,9,28,0
9999938_00000_d_0000349,visdrone_det.pt,0.2,640,9,23,0
9999938_00000_d_0000349,visdrone_det.pt,0.25,640,9,17,0
9999938_00000_d_0000349,visdrone_det.pt,0.3,640,9,17,0
9999938_00000_d_0000349,visdrone_det.pt,0.4,640,9,14,0
9999938_00000_d_0000349,visdrone_det.pt,0.5,640,9,10,0
9999938_00000_d_0000349,visdrone_det.pt,0.05,1024,9,80,9
9999938_00000_d_0000349,visdrone_det.pt,0.1,1024,9,51,5
9999938_00000_d_0000349,visdrone_det.pt,0.15,1024,9,41,3
9999938_00000_d_0000349,visdrone_det.pt,0.2,1024,9,31,1
9999938_00000_d_0000349,visdrone_det.pt,0.25,1024,9,24,0
9999938_00000_d_0000349,visdrone_det.pt,0.3,1024,9,21,0
9999938_00000_d_0000349,visdrone_det.pt,0.4,1024,9,14,0
9999938_00000_d_0000349,visdrone_det.pt,0.5,1024,9,13,0
9999938_00000_d_0000349,visdrone_det.pt,0.05,1536,9,87,9
9999938_00000_d_0000349,visdrone_det.pt,0.1,1536,9,54,2
9999938_00000_d_0000349,visdrone_det.pt,0.15,1536,9,43,1
9999938_00000_d_0000349,visdrone_det.pt,0.2,1536,9,35,0
9999938_00000_d_0000349,visdrone_det.pt,0.25,1536,9,28,0
9999938_00000_d_0000349,visdrone_det.pt,0.3,1536,9,25,0
9999938_00000_d_0000349,visdrone_det.pt,0.4,1536,9,18,0
9999938_00000_d_0000349,visdrone_det.pt,0.5,1536,9,16,0
9999938_00000_d_0000359,visdrone_det.pt,0.05,640,3,54,0
9999938_00000_d_0000359,visdrone_det.pt,0.1,640,3,35,0
9999938_00000_d_0000359,visdrone_det.pt,0.15,640,3,29,0
9999938_00000_d_0000359,visdrone_det.pt,0.2,640,3,24,0
9999938_00000_d_0000359,visdrone_det.pt,0.25,640,3,18,0
9999938_00000_d_0000359,visdrone_det.pt,0.3,640,3,15,0
9999938_00000_d_0000359,visdrone_det.pt,0.4,640,3,6,0
9999938_00000_d_0000359,visdrone_det.pt,0.5,640,3,3,0
9999938_00000_d_0000359,visdrone_det.pt,0.05,1024,3,42,3
9999938_00000_d_0000359,visdrone_det.pt,0.1,1024,3,31,0
9999938_00000_d_0000359,visdrone_det.pt,0.15,1024,3,27,0
9999938_00000_d_0000359,visdrone_det.pt,0.2,1024,3,21,0
9999938_00000_d_0000359,visdrone_det.pt,0.25,1024,3,18,0
9999938_00000_d_0000359,visdrone_det.pt,0.3,1024,3,16,0
9999938_00000_d_0000359,visdrone_det.pt,0.4,1024,3,14,0
9999938_00000_d_0000359,visdrone_det.pt,0.5,1024,3,12,0
9999938_00000_d_0000359,visdrone_det.pt,0.05,1536,3,46,6
9999938_00000_d_0000359,visdrone_det.pt,0.1,1536,3,32,2
9999938_00000_d_0000359,visdrone_det.pt,0.15,1536,3,27,1
9999938_00000_d_0000359,visdrone_det.pt,0.2,1536,3,26,0
9999938_00000_d_0000359,visdrone_det.pt,0.25,1536,3,24,0
9999938_00000_d_0000359,visdrone_det.pt,0.3,1536,3,23,0
9999938_00000_d_0000359,visdrone_det.pt,0.4,1536,3,16,0
9999938_00000_d_0000359,visdrone_det.pt,0.5,1536,3,11,0
9999938_00000_d_0000372,visdrone_det.pt,0.05,640,2,101,1
9999938_00000_d_0000372,visdrone_det.pt,0.1,640,2,66,0
9999938_00000_d_0000372,visdrone_det.pt,0.15,640,2,52,0
9999938_00000_d_0000372,visdrone_det.pt,0.2,640,2,45,0
9999938_00000_d_0000372,visdrone_det.pt,0.25,640,2,35,0
9999938_00000_d_0000372,visdrone_det.pt,0.3,640,2,29,0
9999938_00000_d_0000372,visdrone_det.pt,0.4,640,2,17,0
9999938_00000_d_0000372,visdrone_det.pt,0.5,640,2,12,0
9999938_00000_d_0000372,visdrone_det.pt,0.05,1024,2,76,4
9999938_00000_d_0000372,visdrone_det.pt,0.1,1024,2,67,4
9999938_00000_d_0000372,visdrone_det.pt,0.15,1024,2,60,2
9999938_00000_d_0000372,visdrone_det.pt,0.2,1024,2,54,2
9999938_00000_d_0000372,visdrone_det.pt,0.25,1024,2,51,1
9999938_00000_d_0000372,visdrone_det.pt,0.3,1024,2,43,1
9999938_00000_d_0000372,visdrone_det.pt,0.4,1024,2,37,0
9999938_00000_d_0000372,visdrone_det.pt,0.5,1024,2,30,0
9999938_00000_d_0000372,visdrone_det.pt,0.05,1536,2,91,6
9999938_00000_d_0000372,visdrone_det.pt,0.1,1536,2,71,2
9999938_00000_d_0000372,visdrone_det.pt,0.15,1536,2,65,0
9999938_00000_d_0000372,visdrone_det.pt,0.2,1536,2,58,0
9999938_00000_d_0000372,visdrone_det.pt,0.25,1536,2,55,0
9999938_00000_d_0000372,visdrone_det.pt,0.3,1536,2,46,0
9999938_00000_d_0000372,visdrone_det.pt,0.4,1536,2,38,0
9999938_00000_d_0000372,visdrone_det.pt,0.5,1536,2,32,0
9999941_00000_d_0000002,visdrone_det.pt,0.05,640,4,78,0
9999941_00000_d_0000002,visdrone_det.pt,0.1,640,4,46,0
9999941_00000_d_0000002,visdrone_det.pt,0.15,640,4,36,0
9999941_00000_d_0000002,visdrone_det.pt,0.2,640,4,29,0
9999941_00000_d_0000002,visdrone_det.pt,0.25,640,4,27,0
9999941_00000_d_0000002,visdrone_det.pt,0.3,640,4,25,0
9999941_00000_d_0000002,visdrone_det.pt,0.4,640,4,21,0
9999941_00000_d_0000002,visdrone_det.pt,0.5,640,4,19,0
9999941_00000_d_0000002,visdrone_det.pt,0.05,1024,4,108,1
9999941_00000_d_0000002,visdrone_det.pt,0.1,1024,4,76,1
9999941_00000_d_0000002,visdrone_det.pt,0.15,1024,4,61,0
9999941_00000_d_0000002,visdrone_det.pt,0.2,1024,4,53,0
9999941_00000_d_0000002,visdrone_det.pt,0.25,1024,4,47,0
9999941_00000_d_0000002,visdrone_det.pt,0.3,1024,4,41,0
9999941_00000_d_0000002,visdrone_det.pt,0.4,1024,4,30,0
9999941_00000_d_0000002,visdrone_det.pt,0.5,1024,4,25,0
9999941_00000_d_0000002,visdrone_det.pt,0.05,1536,4,88,2
9999941_00000_d_0000002,visdrone_det.pt,0.1,1536,4,65,1
9999941_00000_d_0000002,visdrone_det.pt,0.15,1536,4,53,1
9999941_00000_d_0000002,visdrone_det.pt,0.2,1536,4,47,0
9999941_00000_d_0000002,visdrone_det.pt,0.25,1536,4,38,0
9999941_00000_d_0000002,visdrone_det.pt,0.3,1536,4,35,0
9999941_00000_d_0000002,visdrone_det.pt,0.4,1536,4,31,0
9999941_00000_d_0000002,visdrone_det.pt,0.5,1536,4,27,0
9999941_00000_d_0000005,visdrone_det.pt,0.05,640,30,34,0
9999941_00000_d_0000005,visdrone_det.pt,0.1,640,30,24,0
9999941_00000_d_0000005,visdrone_det.pt,0.15,640,30,18,0
9999941_00000_d_0000005,visdrone_det.pt,0.2,640,30,17,0
9999941_00000_d_0000005,visdrone_det.pt,0.25,640,30,12,0
9999941_00000_d_0000005,visdrone_det.pt,0.3,640,30,10,0
9999941_00000_d_0000005,visdrone_det.pt,0.4,640,30,6,0
9999941_00000_d_0000005,visdrone_det.pt,0.5,640,30,4,0
9999941_00000_d_0000005,visdrone_det.pt,0.05,1024,30,47,4
9999941_00000_d_0000005,visdrone_det.pt,0.1,1024,30,23,0
9999941_00000_d_0000005,visdrone_det.pt,0.15,1024,30,18,0
9999941_00000_d_0000005,visdrone_det.pt,0.2,1024,30,15,0
9999941_00000_d_0000005,visdrone_det.pt,0.25,1024,30,15,0
9999941_00000_d_0000005,visdrone_det.pt,0.3,1024,30,15,0
9999941_00000_d_0000005,visdrone_det.pt,0.4,1024,30,13,0
9999941_00000_d_0000005,visdrone_det.pt,0.5,1024,30,9,0
9999941_00000_d_0000005,visdrone_det.pt,0.05,1536,30,48,17
9999941_00000_d_0000005,visdrone_det.pt,0.1,1536,30,30,10
9999941_00000_d_0000005,visdrone_det.pt,0.15,1536,30,26,6
9999941_00000_d_0000005,visdrone_det.pt,0.2,1536,30,20,3
9999941_00000_d_0000005,visdrone_det.pt,0.25,1536,30,17,2
9999941_00000_d_0000005,visdrone_det.pt,0.3,1536,30,14,0
9999941_00000_d_0000005,visdrone_det.pt,0.4,1536,30,11,0
9999941_00000_d_0000005,visdrone_det.pt,0.5,1536,30,11,0
9999941_00000_d_0000007,visdrone_det.pt,0.05,640,34,47,0
9999941_00000_d_0000007,visdrone_det.pt,0.1,640,34,37,0
9999941_00000_d_0000007,visdrone_det.pt,0.15,640,34,31,0
9999941_00000_d_0000007,visdrone_det.pt,0.2,640,34,28,0
9999941_00000_d_0000007,visdrone_det.pt,0.25,640,34,24,0
9999941_00000_d_0000007,visdrone_det.pt,0.3,640,34,21,0
9999941_00000_d_0000007,visdrone_det.pt,0.4,640,34,14,0
9999941_00000_d_0000007,visdrone_det.pt,0.5,640,34,10,0
9999941_00000_d_0000007,visdrone_det.pt,0.05,1024,34,83,50
9999941_00000_d_0000007,visdrone_det.pt,0.1,1024,34,52,26
9999941_00000_d_0000007,visdrone_det.pt,0.15,1024,34,40,15
9999941_00000_d_0000007,visdrone_det.pt,0.2,1024,34,30,6
9999941_00000_d_0000007,visdrone_det.pt,0.25,1024,34,25,3
9999941_00000_d_0000007,visdrone_det.pt,0.3,1024,34,19,1
9999941_00000_d_0000007,visdrone_det.pt,0.4,1024,34,17,1
9999941_00000_d_0000007,visdrone_det.pt,0.5,1024,34,14,0
9999941_00000_d_0000007,visdrone_det.pt,0.05,1536,34,107,75
9999941_00000_d_0000007,visdrone_det.pt,0.1,1536,34,62,36
9999941_00000_d_0000007,visdrone_det.pt,0.15,1536,34,44,23
9999941_00000_d_0000007,visdrone_det.pt,0.2,1536,34,32,12
9999941_00000_d_0000007,visdrone_det.pt,0.25,1536,34,26,7
9999941_00000_d_0000007,visdrone_det.pt,0.3,1536,34,21,3
9999941_00000_d_0000007,visdrone_det.pt,0.4,1536,34,18,1
9999941_00000_d_0000007,visdrone_det.pt,0.5,1536,34,15,1
9999941_00000_d_0000008,visdrone_det.pt,0.05,640,39,34,2
9999941_00000_d_0000008,visdrone_det.pt,0.1,640,39,21,0
9999941_00000_d_0000008,visdrone_det.pt,0.15,640,39,12,0
9999941_00000_d_0000008,visdrone_det.pt,0.2,640,39,11,0
9999941_00000_d_0000008,visdrone_det.pt,0.25,640,39,9,0
9999941_00000_d_0000008,visdrone_det.pt,0.3,640,39,9,0
9999941_00000_d_0000008,visdrone_det.pt,0.4,640,39,8,0
9999941_00000_d_0000008,visdrone_det.pt,0.5,640,39,7,0
9999941_00000_d_0000008,visdrone_det.pt,0.05,1024,39,51,25
9999941_00000_d_0000008,visdrone_det.pt,0.1,1024,39,23,8
9999941_00000_d_0000008,visdrone_det.pt,0.15,1024,39,16,3
9999941_00000_d_0000008,visdrone_det.pt,0.2,1024,39,13,2
9999941_00000_d_0000008,visdrone_det.pt,0.25,1024,39,11,1
9999941_00000_d_0000008,visdrone_det.pt,0.3,1024,39,10,0
9999941_00000_d_0000008,visdrone_det.pt,0.4,1024,39,8,0
9999941_00000_d_0000008,visdrone_det.pt,0.5,1024,39,8,0
9999941_00000_d_0000008,visdrone_det.pt,0.05,1536,39,117,80
9999941_00000_d_0000008,visdrone_det.pt,0.1,1536,39,63,36
9999941_00000_d_0000008,visdrone_det.pt,0.15,1536,39,35,16
9999941_00000_d_0000008,visdrone_det.pt,0.2,1536,39,25,8
9999941_00000_d_0000008,visdrone_det.pt,0.25,1536,39,16,2
9999941_00000_d_0000008,visdrone_det.pt,0.3,1536,39,13,2
9999941_00000_d_0000008,visdrone_det.pt,0.4,1536,39,9,0
9999941_00000_d_0000008,visdrone_det.pt,0.5,1536,39,9,0
9999941_00000_d_0000009,visdrone_det.pt,0.05,640,20,24,15
9999941_00000_d_0000009,visdrone_det.pt,0.1,640,20,10,6
9999941_00000_d_0000009,visdrone_det.pt,0.15,640,20,5,1
9999941_00000_d_0000009,visdrone_det.pt,0.2,640,20,3,0
9999941_00000_d_0000009,visdrone_det.pt,0.25,640,20,3,0
9999941_00000_d_0000009,visdrone_det.pt,0.3,640,20,3,0
9999941_00000_d_0000009,visdrone_det.pt,0.4,640,20,3,0
9999941_00000_d_0000009,visdrone_det.pt,0.5,640,20,3,0
9999941_00000_d_0000009,visdrone_det.pt,0.05,1024,20,49,41
9999941_00000_d_0000009,visdrone_det.pt,0.1,1024,20,18,14
9999941_00000_d_0000009,visdrone_det.pt,0.15,1024,20,12,9
9999941_00000_d_0000009,visdrone_det.pt,0.2,1024,20,8,5
9999941_00000_d_0000009,visdrone_det.pt,0.25,1024,20,5,2
9999941_00000_d_0000009,visdrone_det.pt,0.3,1024,20,4,1
9999941_00000_d_0000009,visdrone_det.pt,0.4,1024,20,3,0
9999941_00000_d_0000009,visdrone_det.pt,0.5,1024,20,3,0
9999941_00000_d_0000009,visdrone_det.pt,0.05,1536,20,46,34
9999941_00000_d_0000009,visdrone_det.pt,0.1,1536,20,18,11
9999941_00000_d_0000009,visdrone_det.pt,0.15,1536,20,9,5
9999941_00000_d_0000009,visdrone_det.pt,0.2,1536,20,4,0
9999941_00000_d_0000009,visdrone_det.pt,0.25,1536,20,3,0
9999941_00000_d_0000009,visdrone_det.pt,0.3,1536,20,3,0
9999941_00000_d_0000009,visdrone_det.pt,0.4,1536,20,3,0
9999941_00000_d_0000009,visdrone_det.pt,0.5,1536,20,3,0
9999941_00000_d_0000012,visdrone_det.pt,0.05,640,20,20,5
9999941_00000_d_0000012,visdrone_det.pt,0.1,640,20,11,2
9999941_00000_d_0000012,visdrone_det.pt,0.15,640,20,8,0
9999941_00000_d_0000012,visdrone_det.pt,0.2,640,20,5,0
9999941_00000_d_0000012,visdrone_det.pt,0.25,640,20,5,0
9999941_00000_d_0000012,visdrone_det.pt,0.3,640,20,5,0
9999941_00000_d_0000012,visdrone_det.pt,0.4,640,20,5,0
9999941_00000_d_0000012,visdrone_det.pt,0.5,640,20,5,0
9999941_00000_d_0000012,visdrone_det.pt,0.05,1024,20,44,21
9999941_00000_d_0000012,visdrone_det.pt,0.1,1024,20,24,8
9999941_00000_d_0000012,visdrone_det.pt,0.15,1024,20,18,4
9999941_00000_d_0000012,visdrone_det.pt,0.2,1024,20,16,2
9999941_00000_d_0000012,visdrone_det.pt,0.25,1024,20,15,2
9999941_00000_d_0000012,visdrone_det.pt,0.3,1024,20,10,0
9999941_00000_d_0000012,visdrone_det.pt,0.4,1024,20,8,0
9999941_00000_d_0000012,visdrone_det.pt,0.5,1024,20,8,0
9999941_00000_d_0000012,visdrone_det.pt,0.05,1536,20,46,23
9999941_00000_d_0000012,visdrone_det.pt,0.1,1536,20,24,10
9999941_00000_d_0000012,visdrone_det.pt,0.15,1536,20,20,7
9999941_00000_d_0000012,visdrone_det.pt,0.2,1536,20,17,4
9999941_00000_d_0000012,visdrone_det.pt,0.25,1536,20,12,2
9999941_00000_d_0000012,visdrone_det.pt,0.3,1536,20,10,1
9999941_00000_d_0000012,visdrone_det.pt,0.4,1536,20,8,0
9999941_00000_d_0000012,visdrone_det.pt,0.5,1536,20,5,0
9999941_00000_d_0000014,visdrone_det.pt,0.05,640,39,45,3
9999941_00000_d_0000014,visdrone_det.pt,0.1,640,39,25,1
9999941_00000_d_0000014,visdrone_det.pt,0.15,640,39,20,0
9999941_00000_d_0000014,visdrone_det.pt,0.2,640,39,19,0
9999941_00000_d_0000014,visdrone_det.pt,0.25,640,39,17,0
9999941_00000_d_0000014,visdrone_det.pt,0.3,640,39,16,0
9999941_00000_d_0000014,visdrone_det.pt,0.4,640,39,12,0
9999941_00000_d_0000014,visdrone_det.pt,0.5,640,39,8,0
9999941_00000_d_0000014,visdrone_det.pt,0.05,1024,39,52,19
9999941_00000_d_0000014,visdrone_det.pt,0.1,1024,39,33,10
9999941_00000_d_0000014,visdrone_det.pt,0.15,1024,39,23,3
9999941_00000_d_0000014,visdrone_det.pt,0.2,1024,39,19,1
9999941_00000_d_0000014,visdrone_det.pt,0.25,1024,39,16,0
9999941_00000_d_0000014,visdrone_det.pt,0.3,1024,39,14,0
9999941_00000_d_0000014,visdrone_det.pt,0.4,1024,39,11,0
9999941_00000_d_0000014,visdrone_det.pt,0.5,1024,39,11,0
9999941_00000_d_0000014,visdrone_det.pt,0.05,1536,39,104,77
9999941_00000_d_0000014,visdrone_det.pt,0.1,1536,39,49,30
9999941_00000_d_0000014,visdrone_det.pt,0.15,1536,39,27,12
9999941_00000_d_0000014,visdrone_det.pt,0.2,1536,39,21,6
9999941_00000_d_0000014,visdrone_det.pt,0.25,1536,39,12,1
9999941_00000_d_0000014,visdrone_det.pt,0.3,1536,39,11,0
9999941_00000_d_0000014,visdrone_det.pt,0.4,1536,39,9,0
9999941_00000_d_0000014,visdrone_det.pt,0.5,1536,39,9,0
9999941_00000_d_0000015,visdrone_det.pt,0.05,640,30,47,19
9999941_00000_d_0000015,visdrone_det.pt,0.1,640,30,27,6
9999941_00000_d_0000015,visdrone_det.pt,0.15,640,30,17,2
9999941_00000_d_0000015,visdrone_det.pt,0.2,640,30,13,0
9999941_00000_d_0000015,visdrone_det.pt,0.25,640,30,13,0
9999941_00000_d_0000015,visdrone_det.pt,0.3,640,30,11,0
9999941_00000_d_0000015,visdrone_det.pt,0.4,640,30,8,0
9999941_00000_d_0000015,visdrone_det.pt,0.5,640,30,6,0
9999941_00000_d_0000015,visdrone_det.pt,0.05,1024,30,75,44
9999941_00000_d_0000015,visdrone_det.pt,0.1,1024,30,36,20
9999941_00000_d_0000015,visdrone_det.pt,0.15,1024,30,16,5
9999941_00000_d_0000015,visdrone_det.pt,0.2,1024,30,13,2
9999941_00000_d_0000015,visdrone_det.pt,0.25,1024,30,11,0
9999941_00000_d_0000015,visdrone_det.pt,0.3,1024,30,9,0
9999941_00000_d_0000015,visdrone_det.pt,0.4,1024,30,7,0
9999941_00000_d_0000015,visdrone_det.pt,0.5,1024,30,6,0
9999941_00000_d_0000015,visdrone_det.pt,0.05,1536,30,111,62
9999941_00000_d_0000015,visdrone_det.pt,0.1,1536,30,60,28
9999941_00000_d_0000015,visdrone_det.pt,0.15,1536,30,35,15
9999941_00000_d_0000015,visdrone_det.pt,0.2,1536,30,23,5
9999941_00000_d_0000015,visdrone_det.pt,0.25,1536,30,15,1
9999941_00000_d_0000015,visdrone_det.pt,0.3,1536,30,13,0
9999941_00000_d_0000015,visdrone_det.pt,0.4,1536,30,7,0
9999941_00000_d_0000015,visdrone_det.pt,0.5,1536,30,7,0
9999941_00000_d_0000017,visdrone_det.pt,0.05,640,8,22,21
9999941_00000_d_0000017,visdrone_det.pt,0.1,640,8,12,11
9999941_00000_d_0000017,visdrone_det.pt,0.15,640,8,9,8
9999941_00000_d_0000017,visdrone_det.pt,0.2,640,8,7,6
9999941_00000_d_0000017,visdrone_det.pt,0.25,640,8,7,6
9999941_00000_d_0000017,visdrone_det.pt,0.3,640,8,5,4
9999941_00000_d_0000017,visdrone_det.pt,0.4,640,8,1,0
9999941_00000_d_0000017,visdrone_det.pt,0.5,640,8,1,0
9999941_00000_d_0000017,visdrone_det.pt,0.05,1024,8,15,14
9999941_00000_d_0000017,visdrone_det.pt,0.1,1024,8,8,7
9999941_00000_d_0000017,visdrone_det.pt,0.15,1024,8,8,7
9999941_00000_d_0000017,visdrone_det.pt,0.2,1024,8,6,5
9999941_00000_d_0000017,visdrone_det.pt,0.25,1024,8,6,5
9999941_00000_d_0000017,visdrone_det.pt,0.3,1024,8,5,4
9999941_00000_d_0000017,visdrone_det.pt,0.4,1024,8,3,2
9999941_00000_d_0000017,visdrone_det.pt,0.5,1024,8,2,1
9999941_00000_d_0000017,visdrone_det.pt,0.05,1536,8,14,12
9999941_00000_d_0000017,visdrone_det.pt,0.1,1536,8,13,12
9999941_00000_d_0000017,visdrone_det.pt,0.15,1536,8,11,10
9999941_00000_d_0000017,visdrone_det.pt,0.2,1536,8,10,9
9999941_00000_d_0000017,visdrone_det.pt,0.25,1536,8,9,8
9999941_00000_d_0000017,visdrone_det.pt,0.3,1536,8,8,7
9999941_00000_d_0000017,visdrone_det.pt,0.4,1536,8,5,4
9999941_00000_d_0000017,visdrone_det.pt,0.5,1536,8,3,2
9999941_00000_d_0000018,visdrone_det.pt,0.05,640,12,36,29
9999941_00000_d_0000018,visdrone_det.pt,0.1,640,12,15,9
9999941_00000_d_0000018,visdrone_det.pt,0.15,640,12,8,3
9999941_00000_d_0000018,visdrone_det.pt,0.2,640,12,5,0
9999941_00000_d_0000018,visdrone_det.pt,0.25,640,12,5,0
9999941_00000_d_0000018,visdrone_det.pt,0.3,640,12,5,0
9999941_00000_d_0000018,visdrone_det.pt,0.4,640,12,5,0
9999941_00000_d_0000018,visdrone_det.pt,0.5,640,12,5,0
9999941_00000_d_0000018,visdrone_det.pt,0.05,1024,12,43,29
9999941_00000_d_0000018,visdrone_det.pt,0.1,1024,12,22,13
9999941_00000_d_0000018,visdrone_det.pt,0.15,1024,12,14,7
9999941_00000_d_0000018,visdrone_det.pt,0.2,1024,12,10,4
9999941_00000_d_0000018,visdrone_det.pt,0.25,1024,12,8,3
9999941_00000_d_0000018,visdrone_det.pt,0.3,1024,12,8,3
9999941_00000_d_0000018,visdrone_det.pt,0.4,1024,12,4,0
9999941_00000_d_0000018,visdrone_det.pt,0.5,1024,12,4,0
9999941_00000_d_0000018,visdrone_det.pt,0.05,1536,12,48,25
9999941_00000_d_0000018,visdrone_det.pt,0.1,1536,12,28,14
9999941_00000_d_0000018,visdrone_det.pt,0.15,1536,12,19,8
9999941_00000_d_0000018,visdrone_det.pt,0.2,1536,12,13,5
9999941_00000_d_0000018,visdrone_det.pt,0.25,1536,12,11,4
9999941_00000_d_0000018,visdrone_det.pt,0.3,1536,12,8,2
9999941_00000_d_0000018,visdrone_det.pt,0.4,1536,12,6,2
9999941_00000_d_0000018,visdrone_det.pt,0.5,1536,12,3,0
9999941_00000_d_0000020,visdrone_det.pt,0.05,640,39,28,0
9999941_00000_d_0000020,visdrone_det.pt,0.1,640,39,16,0
9999941_00000_d_0000020,visdrone_det.pt,0.15,640,39,12,0
9999941_00000_d_0000020,visdrone_det.pt,0.2,640,39,11,0
9999941_00000_d_0000020,visdrone_det.pt,0.25,640,39,10,0
9999941_00000_d_0000020,visdrone_det.pt,0.3,640,39,9,0
9999941_00000_d_0000020,visdrone_det.pt,0.4,640,39,5,0
9999941_00000_d_0000020,visdrone_det.pt,0.5,640,39,3,0
9999941_00000_d_0000020,visdrone_det.pt,0.05,1024,39,38,5
9999941_00000_d_0000020,visdrone_det.pt,0.1,1024,39,22,2
9999941_00000_d_0000020,visdrone_det.pt,0.15,1024,39,18,1
9999941_00000_d_0000020,visdrone_det.pt,0.2,1024,39,13,1
9999941_00000_d_0000020,visdrone_det.pt,0.25,1024,39,13,1
9999941_00000_d_0000020,visdrone_det.pt,0.3,1024,39,12,0
9999941_00000_d_0000020,visdrone_det.pt,0.4,1024,39,11,0
9999941_00000_d_0000020,visdrone_det.pt,0.5,1024,39,10,0
9999941_00000_d_0000020,visdrone_det.pt,0.05,1536,39,42,17
9999941_00000_d_0000020,visdrone_det.pt,0.1,1536,39,18,4
9999941_00000_d_0000020,visdrone_det.pt,0.15,1536,39,13,1
9999941_00000_d_0000020,visdrone_det.pt,0.2,1536,39,12,1
9999941_00000_d_0000020,visdrone_det.pt,0.25,1536,39,10,0
9999941_00000_d_0000020,visdrone_det.pt,0.3,1536,39,9,0
9999941_00000_d_0000020,visdrone_det.pt,0.4,1536,39,7,0
9999941_00000_d_0000020,visdrone_det.pt,0.5,1536,39,5,0
9999941_00000_d_0000021,visdrone_det.pt,0.05,640,6,109,0
9999941_00000_d_0000021,visdrone_det.pt,0.1,640,6,74,0
9999941_00000_d_0000021,visdrone_det.pt,0.15,640,6,62,0
9999941_00000_d_0000021,visdrone_det.pt,0.2,640,6,50,0
9999941_00000_d_0000021,visdrone_det.pt,0.25,640,6,43,0
9999941_00000_d_0000021,visdrone_det.pt,0.3,640,6,38,0
9999941_00000_d_0000021,visdrone_det.pt,0.4,640,6,24,0
9999941_00000_d_0000021,visdrone_det.pt,0.5,640,6,18,0
9999941_00000_d_0000021,visdrone_det.pt,0.05,1024,6,91,1
9999941_00000_d_0000021,visdrone_det.pt,0.1,1024,6,62,0
9999941_00000_d_0000021,visdrone_det.pt,0.15,1024,6,52,0
9999941_00000_d_0000021,visdrone_det.pt,0.2,1024,6,46,0
9999941_00000_d_0000021,visdrone_det.pt,0.25,1024,6,41,0
9999941_00000_d_0000021,visdrone_det.pt,0.3,1024,6,38,0
9999941_00000_d_0000021,visdrone_det.pt,0.4,1024,6,34,0
9999941_00000_d_0000021,visdrone_det.pt,0.5,1024,6,31,0
9999941_00000_d_0000021,visdrone_det.pt,0.05,1536,6,107,3
9999941_00000_d_0000021,visdrone_det.pt,0.1,1536,6,52,1
9999941_00000_d_0000021,visdrone_det.pt,0.15,1536,6,40,0
9999941_00000_d_0000021,visdrone_det.pt,0.2,1536,6,40,0
9999941_00000_d_0000021,visdrone_det.pt,0.25,1536,6,38,0
9999941_00000_d_0000021,visdrone_det.pt,0.3,1536,6,37,0
9999941_00000_d_0000021,visdrone_det.pt,0.4,1536,6,36,0
9999941_00000_d_0000021,visdrone_det.pt,0.5,1536,6,33,0
9999941_00000_d_0000022,visdrone_det.pt,0.05,640,34,26,26
9999941_00000_d_0000022,visdrone_det.pt,0.1,640,34,7,7
9999941_00000_d_0000022,visdrone_det.pt,0.15,640,34,1,1
9999941_00000_d_0000022,visdrone_det.pt,0.2,640,34,0,0
9999941_00000_d_0000022,visdrone_det.pt,0.25,640,34,0,0
9999941_00000_d_0000022,visdrone_det.pt,0.3,640,34,0,0
9999941_00000_d_0000022,visdrone_det.pt,0.4,640,34,0,0
9999941_00000_d_0000022,visdrone_det.pt,0.5,640,34,0,0
9999941_00000_d_0000022,visdrone_det.pt,0.05,1024,34,31,25
9999941_00000_d_0000022,visdrone_det.pt,0.1,1024,34,9,8
9999941_00000_d_0000022,visdrone_det.pt,0.15,1024,34,4,4
9999941_00000_d_0000022,visdrone_det.pt,0.2,1024,34,3,3
9999941_00000_d_0000022,visdrone_det.pt,0.25,1024,34,1,1
9999941_00000_d_0000022,visdrone_det.pt,0.3,1024,34,0,0
9999941_00000_d_0000022,visdrone_det.pt,0.4,1024,34,0,0
9999941_00000_d_0000022,visdrone_det.pt,0.5,1024,34,0,0
9999941_00000_d_0000022,visdrone_det.pt,0.05,1536,34,59,59
9999941_00000_d_0000022,visdrone_det.pt,0.1,1536,34,37,37
9999941_00000_d_0000022,visdrone_det.pt,0.15,1536,34,25,25
9999941_00000_d_0000022,visdrone_det.pt,0.2,1536,34,19,19
9999941_00000_d_0000022,visdrone_det.pt,0.25,1536,34,15,15
9999941_00000_d_0000022,visdrone_det.pt,0.3,1536,34,12,12
9999941_00000_d_0000022,visdrone_det.pt,0.4,1536,34,5,5
9999941_00000_d_0000022,visdrone_det.pt,0.5,1536,34,0,0
9999941_00000_d_0000023,visdrone_det.pt,0.05,640,41,108,0
9999941_00000_d_0000023,visdrone_det.pt,0.1,640,41,83,0
9999941_00000_d_0000023,visdrone_det.pt,0.15,640,41,73,0
9999941_00000_d_0000023,visdrone_det.pt,0.2,640,41,58,0
9999941_00000_d_0000023,visdrone_det.pt,0.25,640,41,47,0
9999941_00000_d_0000023,visdrone_det.pt,0.3,640,41,41,0
9999941_00000_d_0000023,visdrone_det.pt,0.4,640,41,30,0
9999941_00000_d_0000023,visdrone_det.pt,0.5,640,41,17,0
9999941_00000_d_0000023,visdrone_det.pt,0.05,1024,41,136,24
9999941_00000_d_0000023,visdrone_det.pt,0.1,1024,41,87,7
9999941_00000_d_0000023,visdrone_det.pt,0.15,1024,41,68,6
9999941_00000_d_0000023,visdrone_det.pt,0.2,1024,41,58,2
9999941_00000_d_0000023,visdrone_det.pt,0.25,1024,41,45,0
9999941_00000_d_0000023,visdrone_det.pt,0.3,1024,41,38,0
9999941_00000_d_0000023,visdrone_det.pt,0.4,1024,41,34,0
9999941_00000_d_0000023,visdrone_det.pt,0.5,1024,41,24,0
9999941_00000_d_0000023,visdrone_det.pt,0.05,1536,41,148,66
9999941_00000_d_0000023,visdrone_det.pt,0.1,1536,41,100,33
9999941_00000_d_0000023,visdrone_det.pt,0.15,1536,41,72,17
9999941_00000_d_0000023,visdrone_det.pt,0.2,1536,41,63,11
9999941_00000_d_0000023,visdrone_det.pt,0.25,1536,41,59,8
9999941_00000_d_0000023,visdrone_det.pt,0.3,1536,41,53,4
9999941_00000_d_0000023,visdrone_det.pt,0.4,1536,41,44,0
9999941_00000_d_0000023,visdrone_det.pt,0.5,1536,41,41,0
9999941_00000_d_0000024,visdrone_det.pt,0.05,640,13,21,0
9999941_00000_d_0000024,visdrone_det.pt,0.1,640,13,17,0
9999941_00000_d_0000024,visdrone_det.pt,0.15,640,13,14,0
9999941_00000_d_0000024,visdrone_det.pt,0.2,640,13,13,0
9999941_00000_d_0000024,visdrone_det.pt,0.25,640,13,13,0
9999941_00000_d_0000024,visdrone_det.pt,0.3,640,13,12,0
9999941_00000_d_0000024,visdrone_det.pt,0.4,640,13,11,0
9999941_00000_d_0000024,visdrone_det.pt,0.5,640,13,10,0
9999941_00000_d_0000024,visdrone_det.pt,0.05,1024,13,37,4
9999941_00000_d_0000024,visdrone_det.pt,0.1,1024,13,25,1
9999941_00000_d_0000024,visdrone_det.pt,0.15,1024,13,19,0
9999941_00000_d_0000024,visdrone_det.pt,0.2,1024,13,16,0
9999941_00000_d_0000024,visdrone_det.pt,0.25,1024,13,14,0
9999941_00000_d_0000024,visdrone_det.pt,0.3,1024,13,13,0
9999941_00000_d_0000024,visdrone_det.pt,0.4,1024,13,10,0
9999941_00000_d_0000024,visdrone_det.pt,0.5,1024,13,9,0
9999941_00000_d_0000024,visdrone_det.pt,0.05,1536,13,51,18
9999941_00000_d_0000024,visdrone_det.pt,0.1,1536,13,28,6
9999941_00000_d_0000024,visdrone_det.pt,0.15,1536,13,21,4
9999941_00000_d_0000024,visdrone_det.pt,0.2,1536,13,16,1
9999941_00000_d_0000024,visdrone_det.pt,0.25,1536,13,13,0
9999941_00000_d_0000024,visdrone_det.pt,0.3,1536,13,13,0
9999941_00000_d_0000024,visdrone_det.pt,0.4,1536,13,12,0
9999941_00000_d_0000024,visdrone_det.pt,0.5,1536,13,9,0
9999941_00000_d_0000025,visdrone_det.pt,0.05,640,27,30,7
9999941_00000_d_0000025,visdrone_det.pt,0.1,640,27,20,3
9999941_00000_d_0000025,visdrone_det.pt,0.15,640,27,16,2
9999941_00000_d_0000025,visdrone_det.pt,0.2,640,27,14,2
9999941_00000_d_0000025,visdrone_det.pt,0.25,640,27,12,1
9999941_00000_d_0000025,visdrone_det.pt,0.3,640,27,11,0
9999941_00000_d_0000025,visdrone_det.pt,0.4,640,27,10,0
9999941_00000_d_0000025,visdrone_det.pt,0.5,640,27,9,0
9999941_00000_d_0000025,visdrone_det.pt,0.05,1024,27,65,48
9999941_00000_d_0000025,visdrone_det.pt,0.1,1024,27,33,20
9999941_00000_d_0000025,visdrone_det.pt,0.15,1024,27,25,12
9999941_00000_d_0000025,visdrone_det.pt,0.2,1024,27,21,8
9999941_00000_d_0000025,visdrone_det.pt,0.25,1024,27,14,1
9999941_00000_d_0000025,visdrone_det.pt,0.3,1024,27,14,1
9999941_00000_d_0000025,visdrone_det.pt,0.4,1024,27,9,0
9999941_00000_d_0000025,visdrone_det.pt,0.5,1024,27,9,0
9999941_00000_d_0000025,visdrone_det.pt,0.05,1536,27,76,49
9999941_00000_d_0000025,visdrone_det.pt,0.1,1536,27,40,21
9999941_00000_d_0000025,visdrone_det.pt,0.15,1536,27,27,11
9999941_00000_d_0000025,visdrone_det.pt,0.2,1536,27,20,5
9999941_00000_d_0000025,visdrone_det.pt,0.25,1536,27,18,4
9999941_00000_d_0000025,visdrone_det.pt,0.3,1536,27,14,2
9999941_00000_d_0000025,visdrone_det.pt,0.4,1536,27,11,0
9999941_00000_d_0000025,visdrone_det.pt,0.5,1536,27,10,0
9999941_00000_d_0000029,visdrone_det.pt,0.05,640,27,16,3
9999941_00000_d_0000029,visdrone_det.pt,0.1,640,27,6,1
9999941_00000_d_0000029,visdrone_det.pt,0.15,640,27,3,0
9999941_00000_d_0000029,visdrone_det.pt,0.2,640,27,2,0
9999941_00000_d_0000029,visdrone_det.pt,0.25,640,27,2,0
9999941_00000_d_0000029,visdrone_det.pt,0.3,640,27,2,0
9999941_00000_d_0000029,visdrone_det.pt,0.4,640,27,2,0
9999941_00000_d_0000029,visdrone_det.pt,0.5,640,27,2,0
9999941_00000_d_0000029,visdrone_det.pt,0.05,1024,27,39,17
9999941_00000_d_0000029,visdrone_det.pt,0.1,1024,27,17,5
9999941_00000_d_0000029,visdrone_det.pt,0.15,1024,27,16,5
9999941_00000_d_0000029,visdrone_det.pt,0.2,1024,27,10,3
9999941_00000_d_0000029,visdrone_det.pt,0.25,1024,27,7,1
9999941_00000_d_0000029,visdrone_det.pt,0.3,1024,27,7,1
9999941_00000_d_0000029,visdrone_det.pt,0.4,1024,27,5,0
9999941_00000_d_0000029,visdrone_det.pt,0.5,1024,27,3,0
9999941_00000_d_0000029,visdrone_det.pt,0.05,1536,27,41,11
9999941_00000_d_0000029,visdrone_det.pt,0.1,1536,27,25,4
9999941_00000_d_0000029,visdrone_det.pt,0.15,1536,27,14,2
9999941_00000_d_0000029,visdrone_det.pt,0.2,1536,27,11,0
9999941_00000_d_0000029,visdrone_det.pt,0.25,1536,27,11,0
9999941_00000_d_0000029,visdrone_det.pt,0.3,1536,27,9,0
9999941_00000_d_0000029,visdrone_det.pt,0.4,1536,27,6,0
9999941_00000_d_0000029,visdrone_det.pt,0.5,1536,27,4,0
9999941_00000_d_0000032,visdrone_det.pt,0.05,640,1,45,2
9999941_00000_d_0000032,visdrone_det.pt,0.1,640,1,33,2
9999941_00000_d_0000032,visdrone_det.pt,0.15,640,1,27,1
9999941_00000_d_0000032,visdrone_det.pt,0.2,640,1,21,1
9999941_00000_d_0000032,visdrone_det.pt,0.25,640,1,16,0
9999941_00000_d_0000032,visdrone_det.pt,0.3,640,1,15,0
9999941_00000_d_0000032,visdrone_det.pt,0.4,640,1,9,0
9999941_00000_d_0000032,visdrone_det.pt,0.5,640,1,7,0
9999941_00000_d_0000032,visdrone_det.pt,0.05,1024,1,25,1
9999941_00000_d_0000032,visdrone_det.pt,0.1,1024,1,19,1
9999941_00000_d_0000032,visdrone_det.pt,0.15,1024,1,15,1
9999941_00000_d_0000032,visdrone_det.pt,0.2,1024,1,13,1
9999941_00000_d_0000032,visdrone_det.pt,0.25,1024,1,12,1
9999941_00000_d_0000032,visdrone_det.pt,0.3,1024,1,12,1
9999941_00000_d_0000032,visdrone_det.pt,0.4,1024,1,12,1
9999941_00000_d_0000032,visdrone_det.pt,0.5,1024,1,12,1
9999941_00000_d_0000032,visdrone_det.pt,0.05,1536,1,37,1
9999941_00000_d_0000032,visdrone_det.pt,0.1,1536,1,23,1
9999941_00000_d_0000032,visdrone_det.pt,0.15,1536,1,19,1
9999941_00000_d_0000032,visdrone_det.pt,0.2,1536,1,17,1
9999941_00000_d_0000032,visdrone_det.pt,0.25,1536,1,16,1
9999941_00000_d_0000032,visdrone_det.pt,0.3,1536,1,14,1
9999941_00000_d_0000032,visdrone_det.pt,0.4,1536,1,12,1
9999941_00000_d_0000032,visdrone_det.pt,0.5,1536,1,11,1
9999947_00000_d_0000005,visdrone_det.pt,0.05,640,44,137,35
9999947_00000_d_0000005,visdrone_det.pt,0.1,640,44,89,15
9999947_00000_d_0000005,visdrone_det.pt,0.15,640,44,70,9
9999947_00000_d_0000005,visdrone_det.pt,0.2,640,44,56,6
9999947_00000_d_0000005,visdrone_det.pt,0.25,640,44,44,5
9999947_00000_d_0000005,visdrone_det.pt,0.3,640,44,37,3
9999947_00000_d_0000005,visdrone_det.pt,0.4,640,44,29,3
9999947_00000_d_0000005,visdrone_det.pt,0.5,640,44,20,1
9999947_00000_d_0000005,visdrone_det.pt,0.05,1024,44,166,34
9999947_00000_d_0000005,visdrone_det.pt,0.1,1024,44,104,17
9999947_00000_d_0000005,visdrone_det.pt,0.15,1024,44,77,9
9999947_00000_d_0000005,visdrone_det.pt,0.2,1024,44,54,6
9999947_00000_d_0000005,visdrone_det.pt,0.25,1024,44,47,5
9999947_00000_d_0000005,visdrone_det.pt,0.3,1024,44,40,4
9999947_00000_d_0000005,visdrone_det.pt,0.4,1024,44,27,2
9999947_00000_d_0000005,visdrone_det.pt,0.5,1024,44,21,1
9999947_00000_d_0000005,visdrone_det.pt,0.05,1536,44,207,23
9999947_00000_d_0000005,visdrone_det.pt,0.1,1536,44,120,11
9999947_00000_d_0000005,visdrone_det.pt,0.15,1536,44,89,9
9999947_00000_d_0000005,visdrone_det.pt,0.2,1536,44,72,7
9999947_00000_d_0000005,visdrone_det.pt,0.25,1536,44,58,6
9999947_00000_d_0000005,visdrone_det.pt,0.3,1536,44,48,5
9999947_00000_d_0000005,visdrone_det.pt,0.4,1536,44,33,5
9999947_00000_d_0000005,visdrone_det.pt,0.5,1536,44,25,4
9999947_00000_d_0000013,visdrone_det.pt,0.05,640,48,155,83
9999947_00000_d_0000013,visdrone_det.pt,0.1,640,48,100,39
9999947_00000_d_0000013,visdrone_det.pt,0.15,640,48,66,16
9999947_00000_d_0000013,visdrone_det.pt,0.2,640,48,55,12
9999947_00000_d_0000013,visdrone_det.pt,0.25,640,48,46,7
9999947_00000_d_0000013,visdrone_det.pt,0.3,640,48,37,2
9999947_00000_d_0000013,visdrone_det.pt,0.4,640,48,31,0
9999947_00000_d_0000013,visdrone_det.pt,0.5,640,48,30,0
9999947_00000_d_0000013,visdrone_det.pt,0.05,1024,48,160,44
9999947_00000_d_0000013,visdrone_det.pt,0.1,1024,48,98,18
9999947_00000_d_0000013,visdrone_det.pt,0.15,1024,48,80,13
9999947_00000_d_0000013,visdrone_det.pt,0.2,1024,48,62,7
9999947_00000_d_0000013,visdrone_det.pt,0.25,1024,48,51,4
9999947_00000_d_0000013,visdrone_det.pt,0.3,1024,48,46,3
9999947_00000_d_0000013,visdrone_det.pt,0.4,1024,48,37,1
9999947_00000_d_0000013,visdrone_det.pt,0.5,1024,48,35,1
9999947_00000_d_0000013,visdrone_det.pt,0.05,1536,48,192,23
9999947_00000_d_0000013,visdrone_det.pt,0.1,1536,48,124,7
9999947_00000_d_0000013,visdrone_det.pt,0.15,1536,48,95,4
9999947_00000_d_0000013,visdrone_det.pt,0.2,1536,48,78,3
9999947_00000_d_0000013,visdrone_det.pt,0.25,1536,48,65,3
9999947_00000_d_0000013,visdrone_det.pt,0.3,1536,48,62,3
9999947_00000_d_0000013,visdrone_det.pt,0.4,1536,48,44,1
9999947_00000_d_0000013,visdrone_det.pt,0.5,1536,48,38,1
9999947_00000_d_0000014,visdrone_det.pt,0.05,640,57,209,19
9999947_00000_d_0000014,visdrone_det.pt,0.1,640,57,149,11
9999947_00000_d_0000014,visdrone_det.pt,0.15,640,57,113,4
9999947_00000_d_0000014,visdrone_det.pt,0.2,640,57,86,1
9999947_00000_d_0000014,visdrone_det.pt,0.25,640,57,71,1
9999947_00000_d_0000014,visdrone_det.pt,0.3,640,57,54,0
9999947_00000_d_0000014,visdrone_det.pt,0.4,640,57,33,0
9999947_00000_d_0000014,visdrone_det.pt,0.5,640,57,23,0
9999947_00000_d_0000014,visdrone_det.pt,0.05,1024,57,294,14
9999947_00000_d_0000014,visdrone_det.pt,0.1,1024,57,196,4
9999947_00000_d_0000014,visdrone_det.pt,0.15,1024,57,151,1
9999947_00000_d_0000014,visdrone_det.pt,0.2,1024,57,128,0
9999947_00000_d_0000014,visdrone_det.pt,0.25,1024,57,109,0
9999947_00000_d_0000014,visdrone_det.pt,0.3,1024,57,91,0
9999947_00000_d_0000014,visdrone_det.pt,0.4,1024,57,66,0
9999947_00000_d_0000014,visdrone_det.pt,0.5,1024,57,46,0
9999947_00000_d_0000014,visdrone_det.pt,0.05,1536,57,325,16
9999947_00000_d_0000014,visdrone_det.pt,0.1,1536,57,236,3
9999947_00000_d_0000014,visdrone_det.pt,0.15,1536,57,187,2
9999947_00000_d_0000014,visdrone_det.pt,0.2,1536,57,155,1
9999947_00000_d_0000014,visdrone_det.pt,0.25,1536,57,133,0
9999947_00000_d_0000014,visdrone_det.pt,0.3,1536,57,120,0
9999947_00000_d_0000014,visdrone_det.pt,0.4,1536,57,78,0
9999947_00000_d_0000014,visdrone_det.pt,0.5,1536,57,59,0
9999947_00000_d_0000017,visdrone_det.pt,0.05,640,30,66,32
9999947_00000_d_0000017,visdrone_det.pt,0.1,640,30,49,19
9999947_00000_d_0000017,visdrone_det.pt,0.15,640,30,40,16
9999947_00000_d_0000017,visdrone_det.pt,0.2,640,30,32,10
9999947_00000_d_0000017,visdrone_det.pt,0.25,640,30,25,6
9999947_00000_d_0000017,visdrone_det.pt,0.3,640,30,22,5
9999947_00000_d_0000017,visdrone_det.pt,0.4,640,30,16,2
9999947_00000_d_0000017,visdrone_det.pt,0.5,640,30,11,0
9999947_00000_d_0000017,visdrone_det.pt,0.05,1024,30,70,22
9999947_00000_d_0000017,visdrone_det.pt,0.1,1024,30,51,13
9999947_00000_d_0000017,visdrone_det.pt,0.15,1024,30,43,9
9999947_00000_d_0000017,visdrone_det.pt,0.2,1024,30,34,4
9999947_00000_d_0000017,visdrone_det.pt,0.25,1024,30,28,2
9999947_00000_d_0000017,visdrone_det.pt,0.3,1024,30,25,1
9999947_00000_d_0000017,visdrone_det.pt,0.4,1024,30,20,1
9999947_00000_d_0000017,visdrone_det.pt,0.5,1024,30,17,1
9999947_00000_d_0000017,visdrone_det.pt,0.05,1536,30,78,21
9999947_00000_d_0000017,visdrone_det.pt,0.1,1536,30,62,16
9999947_00000_d_0000017,visdrone_det.pt,0.15,1536,30,52,12
9999947_00000_d_0000017,visdrone_det.pt,0.2,1536,30,45,10
9999947_00000_d_0000017,visdrone_det.pt,0.25,1536,30,39,8
9999947_00000_d_0000017,visdrone_det.pt,0.3,1536,30,34,6
9999947_00000_d_0000017,visdrone_det.pt,0.4,1536,30,29,2
9999947_00000_d_0000017,visdrone_det.pt,0.5,1536,30,26,1
9999947_00000_d_0000020,visdrone_det.pt,0.05,640,94,197,38
9999947_00000_d_0000020,visdrone_det.pt,0.1,640,94,133,25
9999947_00000_d_0000020,visdrone_det.pt,0.15,640,94,97,11
9999947_00000_d_0000020,visdrone_det.pt,0.2,640,94,78,6
9999947_00000_d_0000020,visdrone_det.pt,0.25,640,94,68,3
9999947_00000_d_0000020,visdrone_det.pt,0.3,640,94,55,2
9999947_00000_d_0000020,visdrone_det.pt,0.4,640,94,33,1
9999947_00000_d_0000020,visdrone_det.pt,0.5,640,94,28,0
9999947_00000_d_0000020,visdrone_det.pt,0.05,1024,94,268,66
9999947_00000_d_0000020,visdrone_det.pt,0.1,1024,94,181,37
9999947_00000_d_0000020,visdrone_det.pt,0.15,1024,94,131,19
9999947_00000_d_0000020,visdrone_det.pt,0.2,1024,94,105,11
9999947_00000_d_0000020,visdrone_det.pt,0.25,1024,94,90,10
9999947_00000_d_0000020,visdrone_det.pt,0.3,1024,94,72,3
9999947_00000_d_0000020,visdrone_det.pt,0.4,1024,94,49,0
9999947_00000_d_0000020,visdrone_det.pt,0.5,1024,94,43,0
9999947_00000_d_0000020,visdrone_det.pt,0.05,1536,94,309,53
9999947_00000_d_0000020,visdrone_det.pt,0.1,1536,94,211,27
9999947_00000_d_0000020,visdrone_det.pt,0.15,1536,94,156,14
9999947_00000_d_0000020,visdrone_det.pt,0.2,1536,94,122,9
9999947_00000_d_0000020,visdrone_det.pt,0.25,1536,94,101,6
9999947_00000_d_0000020,visdrone_det.pt,0.3,1536,94,90,5
9999947_00000_d_0000020,visdrone_det.pt,0.4,1536,94,71,3
9999947_00000_d_0000020,visdrone_det.pt,0.5,1536,94,52,2
9999947_00000_d_0000021,visdrone_det.pt,0.05,640,97,229,44
9999947_00000_d_0000021,visdrone_det.pt,0.1,640,97,145,21
9999947_00000_d_0000021,visdrone_det.pt,0.15,640,97,111,13
9999947_00000_d_0000021,visdrone_det.pt,0.2,640,97,84,8
9999947_00000_d_0000021,visdrone_det.pt,0.25,640,97,71,4
9999947_00000_d_0000021,visdrone_det.pt,0.3,640,97,56,1
9999947_00000_d_0000021,visdrone_det.pt,0.4,640,97,38,0
9999947_00000_d_0000021,visdrone_det.pt,0.5,640,97,31,0
9999947_00000_d_0000021,visdrone_det.pt,0.05,1024,97,249,49
9999947_00000_d_0000021,visdrone_det.pt,0.1,1024,97,171,27
9999947_00000_d_0000021,visdrone_det.pt,0.15,1024,97,134,16
9999947_00000_d_0000021,visdrone_det.pt,0.2,1024,97,106,12
9999947_00000_d_0000021,visdrone_det.pt,0.25,1024,97,89,8
9999947_00000_d_0000021,visdrone_det.pt,0.3,1024,97,77,5
9999947_00000_d_0000021,visdrone_det.pt,0.4,1024,97,61,1
9999947_00000_d_0000021,visdrone_det.pt,0.5,1024,97,48,1
9999947_00000_d_0000021,visdrone_det.pt,0.05,1536,97,313,50
9999947_00000_d_0000021,visdrone_det.pt,0.1,1536,97,216,32
9999947_00000_d_0000021,visdrone_det.pt,0.15,1536,97,161,19
9999947_00000_d_0000021,visdrone_det.pt,0.2,1536,97,132,14
9999947_00000_d_0000021,visdrone_det.pt,0.25,1536,97,107,11
9999947_00000_d_0000021,visdrone_det.pt,0.3,1536,97,91,9
9999947_00000_d_0000021,visdrone_det.pt,0.4,1536,97,69,4
9999947_00000_d_0000021,visdrone_det.pt,0.5,1536,97,56,2
9999947_00000_d_0000026,visdrone_det.pt,0.05,640,57,116,71
9999947_00000_d_0000026,visdrone_det.pt,0.1,640,57,69,47
9999947_00000_d_0000026,visdrone_det.pt,0.15,640,57,48,33
9999947_00000_d_0000026,visdrone_det.pt,0.2,640,57,30,18
9999947_00000_d_0000026,visdrone_det.pt,0.25,640,57,19,10
9999947_00000_d_0000026,visdrone_det.pt,0.3,640,57,10,4
9999947_00000_d_0000026,visdrone_det.pt,0.4,640,57,5,0
9999947_00000_d_0000026,visdrone_det.pt,0.5,640,57,4,0
9999947_00000_d_0000026,visdrone_det.pt,0.05,1024,57,115,70
9999947_00000_d_0000026,visdrone_det.pt,0.1,1024,57,69,44
9999947_00000_d_0000026,visdrone_det.pt,0.15,1024,57,52,33
9999947_00000_d_0000026,visdrone_det.pt,0.2,1024,57,34,20
9999947_00000_d_0000026,visdrone_det.pt,0.25,1024,57,22,13
9999947_00000_d_0000026,visdrone_det.pt,0.3,1024,57,10,1
9999947_00000_d_0000026,visdrone_det.pt,0.4,1024,57,5,0
9999947_00000_d_0000026,visdrone_det.pt,0.5,1024,57,5,0
9999947_00000_d_0000026,visdrone_det.pt,0.05,1536,57,119,70
9999947_00000_d_0000026,visdrone_det.pt,0.1,1536,57,71,41
9999947_00000_d_0000026,visdrone_det.pt,0.15,1536,57,43,23
9999947_00000_d_0000026,visdrone_det.pt,0.2,1536,57,30,12
9999947_00000_d_0000026,visdrone_det.pt,0.25,1536,57,15,4
9999947_00000_d_0000026,visdrone_det.pt,0.3,1536,57,10,2
9999947_00000_d_0000026,visdrone_det.pt,0.4,1536,57,6,0
9999947_00000_d_0000026,visdrone_det.pt,0.5,1536,57,6,0
9999952_00000_d_0000002,visdrone_det.pt,0.05,640,15,183,20
9999952_00000_d_0000002,visdrone_det.pt,0.1,640,15,101,9
9999952_00000_d_0000002,visdrone_det.pt,0.15,640,15,68,4
9999952_00000_d_0000002,visdrone_det.pt,0.2,640,15,47,1
9999952_00000_d_0000002,visdrone_det.pt,0.25,640,15,32,0
9999952_00000_d_0000002,visdrone_det.pt,0.3,640,15,27,0
9999952_00000_d_0000002,visdrone_det.pt,0.4,640,15,16,0
9999952_00000_d_0000002,visdrone_det.pt,0.5,640,15,9,0
9999952_00000_d_0000002,visdrone_det.pt,0.05,1024,15,208,40
9999952_00000_d_0000002,visdrone_det.pt,0.1,1024,15,117,22
9999952_00000_d_0000002,visdrone_det.pt,0.15,1024,15,90,11
9999952_00000_d_0000002,visdrone_det.pt,0.2,1024,15,72,4
9999952_00000_d_0000002,visdrone_det.pt,0.25,1024,15,62,2
9999952_00000_d_0000002,visdrone_det.pt,0.3,1024,15,52,0
9999952_00000_d_0000002,visdrone_det.pt,0.4,1024,15,39,0
9999952_00000_d_0000002,visdrone_det.pt,0.5,1024,15,24,0
9999952_00000_d_0000002,visdrone_det.pt,0.05,1536,15,217,50
9999952_00000_d_0000002,visdrone_det.pt,0.1,1536,15,137,23
9999952_00000_d_0000002,visdrone_det.pt,0.15,1536,15,100,15
9999952_00000_d_0000002,visdrone_det.pt,0.2,1536,15,83,7
9999952_00000_d_0000002,visdrone_det.pt,0.25,1536,15,68,3
9999952_00000_d_0000002,visdrone_det.pt,0.3,1536,15,58,1
9999952_00000_d_0000002,visdrone_det.pt,0.4,1536,15,42,0
9999952_00000_d_0000002,visdrone_det.pt,0.5,1536,15,26,0
9999952_00000_d_0000004,visdrone_det.pt,0.05,640,9,98,10
9999952_00000_d_0000004,visdrone_det.pt,0.1,640,9,57,3
9999952_00000_d_0000004,visdrone_det.pt,0.15,640,9,44,3
9999952_00000_d_0000004,visdrone_det.pt,0.2,640,9,32,0
9999952_00000_d_0000004,visdrone_det.pt,0.25,640,9,27,0
9999952_00000_d_0000004,visdrone_det.pt,0.3,640,9,21,0
9999952_00000_d_0000004,visdrone_det.pt,0.4,640,9,13,0
9999952_00000_d_0000004,visdrone_det.pt,0.5,640,9,10,0
9999952_00000_d_0000004,visdrone_det.pt,0.05,1024,9,99,15
9999952_00000_d_0000004,visdrone_det.pt,0.1,1024,9,62,2
9999952_00000_d_0000004,visdrone_det.pt,0.15,1024,9,38,0
9999952_00000_d_0000004,visdrone_det.pt,0.2,1024,9,33,0
9999952_00000_d_0000004,visdrone_det.pt,0.25,1024,9,29,0
9999952_00000_d_0000004,visdrone_det.pt,0.3,1024,9,24,0
9999952_00000_d_0000004,visdrone_det.pt,0.4,1024,9,19,0
9999952_00000_d_0000004,visdrone_det.pt,0.5,1024,9,13,0
9999952_00000_d_0000004,visdrone_det.pt,0.05,1536,9,135,20
9999952_00000_d_0000004,visdrone_det.pt,0.1,1536,9,80,5
9999952_00000_d_0000004,visdrone_det.pt,0.15,1536,9,62,3
9999952_00000_d_0000004,visdrone_det.pt,0.2,1536,9,48,0
9999952_00000_d_0000004,visdrone_det.pt,0.25,1536,9,41,0
9999952_00000_d_0000004,visdrone_det.pt,0.3,1536,9,37,0
9999952_00000_d_0000004,visdrone_det.pt,0.4,1536,9,32,0
9999952_00000_d_0000004,visdrone_det.pt,0.5,1536,9,21,0
9999952_00000_d_0000015,visdrone_det.pt,0.05,640,10,54,25
9999952_00000_d_0000015,visdrone_det.pt,0.1,640,10,33,13
9999952_00000_d_0000015,visdrone_det.pt,0.15,640,10,23,8
9999952_00000_d_0000015,visdrone_det.pt,0.2,640,10,18,6
9999952_00000_d_0000015,visdrone_det.pt,0.25,640,10,14,2
9999952_00000_d_0000015,visdrone_det.pt,0.3,640,10,12,2
9999952_00000_d_0000015,visdrone_det.pt,0.4,640,10,10,0
9999952_00000_d_0000015,visdrone_det.pt,0.5,640,10,8,0
9999952_00000_d_0000015,visdrone_det.pt,0.05,1024,10,62,24
9999952_00000_d_0000015,visdrone_det.pt,0.1,1024,10,37,13
9999952_00000_d_0000015,visdrone_det.pt,0.15,1024,10,29,8
9999952_00000_d_0000015,visdrone_det.pt,0.2,1024,10,26,7
9999952_00000_d_0000015,visdrone_det.pt,0.25,1024,10,26,7
9999952_00000_d_0000015,visdrone_det.pt,0.3,1024,10,19,4
9999952_00000_d_0000015,visdrone_det.pt,0.4,1024,10,15,3
9999952_00000_d_0000015,visdrone_det.pt,0.5,1024,10,10,1
9999952_00000_d_0000015,visdrone_det.pt,0.05,1536,10,61,33
9999952_00000_d_0000015,visdrone_det.pt,0.1,1536,10,43,23
9999952_00000_d_0000015,visdrone_det.pt,0.15,1536,10,35,18
9999952_00000_d_0000015,visdrone_det.pt,0.2,1536,10,28,14
9999952_00000_d_0000015,visdrone_det.pt,0.25,1536,10,22,10
9999952_00000_d_0000015,visdrone_det.pt,0.3,1536,10,19,9
9999952_00000_d_0000015,visdrone_det.pt,0.4,1536,10,12,4
9999952_00000_d_0000015,visdrone_det.pt,0.5,1536,10,11,3
9999952_00000_d_0000016,visdrone_det.pt,0.05,640,3,54,0
9999952_00000_d_0000016,visdrone_det.pt,0.1,640,3,27,0
9999952_00000_d_0000016,visdrone_det.pt,0.15,640,3,17,0
9999952_00000_d_0000016,visdrone_det.pt,0.2,640,3,16,0
9999952_00000_d_0000016,visdrone_det.pt,0.25,640,3,13,0
9999952_00000_d_0000016,visdrone_det.pt,0.3,640,3,9,0
9999952_00000_d_0000016,visdrone_det.pt,0.4,640,3,7,0
9999952_00000_d_0000016,visdrone_det.pt,0.5,640,3,7,0
9999952_00000_d_0000016,visdrone_det.pt,0.05,1024,3,31,1
9999952_00000_d_0000016,visdrone_det.pt,0.1,1024,3,22,0
9999952_00000_d_0000016,visdrone_det.pt,0.15,1024,3,15,0
9999952_00000_d_0000016,visdrone_det.pt,0.2,1024,3,13,0
9999952_00000_d_0000016,visdrone_det.pt,0.25,1024,3,11,0
9999952_00000_d_0000016,visdrone_det.pt,0.3,1024,3,10,0
9999952_00000_d_0000016,visdrone_det.pt,0.4,1024,3,8,0
9999952_00000_d_0000016,visdrone_det.pt,0.5,1024,3,7,0
9999952_00000_d_0000016,visdrone_det.pt,0.05,1536,3,28,2
9999952_00000_d_0000016,visdrone_det.pt,0.1,1536,3,21,1
9999952_00000_d_0000016,visdrone_det.pt,0.15,1536,3,12,0
9999952_00000_d_0000016,visdrone_det.pt,0.2,1536,3,11,0
9999952_00000_d_0000016,visdrone_det.pt,0.25,1536,3,10,0
9999952_00000_d_0000016,visdrone_det.pt,0.3,1536,3,10,0
9999952_00000_d_0000016,visdrone_det.pt,0.4,1536,3,7,0
9999952_00000_d_0000016,visdrone_det.pt,0.5,1536,3,6,0
9999952_00000_d_0000017,visdrone_det.pt,0.05,640,1,29,0
9999952_00000_d_0000017,visdrone_det.pt,0.1,640,1,15,0
9999952_00000_d_0000017,visdrone_det.pt,0.15,640,1,9,0
9999952_00000_d_0000017,visdrone_det.pt,0.2,640,1,9,0
9999952_00000_d_0000017,visdrone_det.pt,0.25,640,1,9,0
9999952_00000_d_0000017,visdrone_det.pt,0.3,640,1,7,0
9999952_00000_d_0000017,visdrone_det.pt,0.4,640,1,6,0
9999952_00000_d_0000017,visdrone_det.pt,0.5,640,1,4,0
9999952_00000_d_0000017,visdrone_det.pt,0.05,1024,1,33,0
9999952_00000_d_0000017,visdrone_det.pt,0.1,1024,1,19,0
9999952_00000_d_0000017,visdrone_det.pt,0.15,1024,1,15,0
9999952_00000_d_0000017,visdrone_det.pt,0.2,1024,1,12,0
9999952_00000_d_0000017,visdrone_det.pt,0.25,1024,1,9,0
9999952_00000_d_0000017,visdrone_det.pt,0.3,1024,1,9,0
9999952_00000_d_0000017,visdrone_det.pt,0.4,1024,1,7,0
9999952_00000_d_0000017,visdrone_det.pt,0.5,1024,1,7,0
9999952_00000_d_0000017,visdrone_det.pt,0.05,1536,1,32,0
9999952_00000_d_0000017,visdrone_det.pt,0.1,1536,1,17,0
9999952_00000_d_0000017,visdrone_det.pt,0.15,1536,1,16,0
9999952_00000_d_0000017,visdrone_det.pt,0.2,1536,1,14,0
9999952_00000_d_0000017,visdrone_det.pt,0.25,1536,1,12,0
9999952_00000_d_0000017,visdrone_det.pt,0.3,1536,1,9,0
9999952_00000_d_0000017,visdrone_det.pt,0.4,1536,1,6,0
9999952_00000_d_0000017,visdrone_det.pt,0.5,1536,1,6,0
9999952_00000_d_0000019,visdrone_det.pt,0.05,640,5,89,2
9999952_00000_d_0000019,visdrone_det.pt,0.1,640,5,52,0
9999952_00000_d_0000019,visdrone_det.pt,0.15,640,5,32,0
9999952_00000_d_0000019,visdrone_det.pt,0.2,640,5,25,0
9999952_00000_d_0000019,visdrone_det.pt,0.25,640,5,19,0
9999952_00000_d_0000019,visdrone_det.pt,0.3,640,5,13,0
9999952_00000_d_0000019,visdrone_det.pt,0.4,640,5,9,0
9999952_00000_d_0000019,visdrone_det.pt,0.5,640,5,9,0
9999952_00000_d_0000019,visdrone_det.pt,0.05,1024,5,71,0
9999952_00000_d_0000019,visdrone_det.pt,0.1,1024,5,49,0
9999952_00000_d_0000019,visdrone_det.pt,0.15,1024,5,32,0
9999952_00000_d_0000019,visdrone_det.pt,0.2,1024,5,28,0
9999952_00000_d_0000019,visdrone_det.pt,0.25,1024,5,22,0
9999952_00000_d_0000019,visdrone_det.pt,0.3,1024,5,16,0
9999952_00000_d_0000019,visdrone_det.pt,0.4,1024,5,13,0
9999952_00000_d_0000019,visdrone_det.pt,0.5,1024,5,10,0
9999952_00000_d_0000019,visdrone_det.pt,0.05,1536,5,56,1
9999952_00000_d_0000019,visdrone_det.pt,0.1,1536,5,33,0
9999952_00000_d_0000019,visdrone_det.pt,0.15,1536,5,27,0
9999952_00000_d_0000019,visdrone_det.pt,0.2,1536,5,25,0
9999952_00000_d_0000019,visdrone_det.pt,0.25,1536,5,24,0
9999952_00000_d_0000019,visdrone_det.pt,0.3,1536,5,23,0
9999952_00000_d_0000019,visdrone_det.pt,0.4,1536,5,20,0
9999952_00000_d_0000019,visdrone_det.pt,0.5,1536,5,16,0
9999952_00000_d_0000030,visdrone_det.pt,0.05,640,2,32,1
9999952_00000_d_0000030,visdrone_det.pt,0.1,640,2,21,1
9999952_00000_d_0000030,visdrone_det.pt,0.15,640,2,16,1
9999952_00000_d_0000030,visdrone_det.pt,0.2,640,2,13,0
9999952_00000_d_0000030,visdrone_det.pt,0.25,640,2,13,0
9999952_00000_d_0000030,visdrone_det.pt,0.3,640,2,13,0
9999952_00000_d_0000030,visdrone_det.pt,0.4,640,2,10,0
9999952_00000_d_0000030,visdrone_det.pt,0.5,640,2,9,0
9999952_00000_d_0000030,visdrone_det.pt,0.05,1024,2,55,1
9999952_00000_d_0000030,visdrone_det.pt,0.1,1024,2,37,1
9999952_00000_d_0000030,visdrone_det.pt,0.15,1024,2,28,1
9999952_00000_d_0000030,visdrone_det.pt,0.2,1024,2,22,1
9999952_00000_d_0000030,visdrone_det.pt,0.25,1024,2,20,1
9999952_00000_d_0000030,visdrone_det.pt,0.3,1024,2,17,1
9999952_00000_d_0000030,visdrone_det.pt,0.4,1024,2,14,0
9999952_00000_d_0000030,visdrone_det.pt,0.5,1024,2,12,0
9999952_00000_d_0000030,visdrone_det.pt,0.05,1536,2,32,1
9999952_00000_d_0000030,visdrone_det.pt,0.1,1536,2,27,1
9999952_00000_d_0000030,visdrone_det.pt,0.15,1536,2,20,1
9999952_00000_d_0000030,visdrone_det.pt,0.2,1536,2,18,0
9999952_00000_d_0000030,visdrone_det.pt,0.25,1536,2,18,0
9999952_00000_d_0000030,visdrone_det.pt,0.3,1536,2,17,0
9999952_00000_d_0000030,visdrone_det.pt,0.4,1536,2,13,0
9999952_00000_d_0000030,visdrone_det.pt,0.5,1536,2,13,0
9999952_00000_d_0000033,visdrone_det.pt,0.05,640,1,89,0
9999952_00000_d_0000033,visdrone_det.pt,0.1,640,1,40,0
9999952_00000_d_0000033,visdrone_det.pt,0.15,640,1,26,0
9999952_00000_d_0000033,visdrone_det.pt,0.2,640,1,16,0
9999952_00000_d_0000033,visdrone_det.pt,0.25,640,1,12,0
9999952_00000_d_0000033,visdrone_det.pt,0.3,640,1,9,0
9999952_00000_d_0000033,visdrone_det.pt,0.4,640,1,4,0
9999952_00000_d_0000033,visdrone_det.pt,0.5,640,1,2,0
9999952_00000_d_0000033,visdrone_det.pt,0.05,1024,1,69,0
9999952_00000_d_0000033,visdrone_det.pt,0.1,1024,1,36,0
9999952_00000_d_0000033,visdrone_det.pt,0.15,1024,1,24,0
9999952_00000_d_0000033,visdrone_det.pt,0.2,1024,1,16,0
9999952_00000_d_0000033,visdrone_det.pt,0.25,1024,1,15,0
9999952_00000_d_0000033,visdrone_det.pt,0.3,1024,1,15,0
9999952_00000_d_0000033,visdrone_det.pt,0.4,1024,1,12,0
9999952_00000_d_0000033,visdrone_det.pt,0.5,1024,1,6,0
9999952_00000_d_0000033,visdrone_det.pt,0.05,1536,1,69,0
9999952_00000_d_0000033,visdrone_det.pt,0.1,1536,1,39,0
9999952_00000_d_0000033,visdrone_det.pt,0.15,1536,1,23,0
9999952_00000_d_0000033,visdrone_det.pt,0.2,1536,1,21,0
9999952_00000_d_0000033,visdrone_det.pt,0.25,1536,1,19,0
9999952_00000_d_0000033,visdrone_det.pt,0.3,1536,1,16,0
9999952_00000_d_0000033,visdrone_det.pt,0.4,1536,1,11,0
9999952_00000_d_0000033,visdrone_det.pt,0.5,1536,1,9,0
9999952_00000_d_0000041,visdrone_det.pt,0.05,640,1,88,1
9999952_00000_d_0000041,visdrone_det.pt,0.1,640,1,43,0
9999952_00000_d_0000041,visdrone_det.pt,0.15,640,1,31,0
9999952_00000_d_0000041,visdrone_det.pt,0.2,640,1,24,0
9999952_00000_d_0000041,visdrone_det.pt,0.25,640,1,19,0
9999952_00000_d_0000041,visdrone_det.pt,0.3,640,1,15,0
9999952_00000_d_0000041,visdrone_det.pt,0.4,640,1,12,0
9999952_00000_d_0000041,visdrone_det.pt,0.5,640,1,11,0
9999952_00000_d_0000041,visdrone_det.pt,0.05,1024,1,103,0
9999952_00000_d_0000041,visdrone_det.pt,0.1,1024,1,64,0
9999952_00000_d_0000041,visdrone_det.pt,0.15,1024,1,45,0
9999952_00000_d_0000041,visdrone_det.pt,0.2,1024,1,37,0
9999952_00000_d_0000041,visdrone_det.pt,0.25,1024,1,30,0
9999952_00000_d_0000041,visdrone_det.pt,0.3,1024,1,27,0
9999952_00000_d_0000041,visdrone_det.pt,0.4,1024,1,23,0
9999952_00000_d_0000041,visdrone_det.pt,0.5,1024,1,19,0
9999952_00000_d_0000041,visdrone_det.pt,0.05,1536,1,156,2
9999952_00000_d_0000041,visdrone_det.pt,0.1,1536,1,105,0
9999952_00000_d_0000041,visdrone_det.pt,0.15,1536,1,80,0
9999952_00000_d_0000041,visdrone_det.pt,0.2,1536,1,60,0
9999952_00000_d_0000041,visdrone_det.pt,0.25,1536,1,53,0
9999952_00000_d_0000041,visdrone_det.pt,0.3,1536,1,40,0
9999952_00000_d_0000041,visdrone_det.pt,0.4,1536,1,28,0
9999952_00000_d_0000041,visdrone_det.pt,0.5,1536,1,20,0
9999952_00000_d_0000050,visdrone_det.pt,0.05,640,2,28,1
9999952_00000_d_0000050,visdrone_det.pt,0.1,640,2,23,1
9999952_00000_d_0000050,visdrone_det.pt,0.15,640,2,21,1
9999952_00000_d_0000050,visdrone_det.pt,0.2,640,2,19,1
9999952_00000_d_0000050,visdrone_det.pt,0.25,640,2,15,1
9999952_00000_d_0000050,visdrone_det.pt,0.3,640,2,12,0
9999952_00000_d_0000050,visdrone_det.pt,0.4,640,2,12,0
9999952_00000_d_0000050,visdrone_det.pt,0.5,640,2,11,0
9999952_00000_d_0000050,visdrone_det.pt,0.05,1024,2,33,8
9999952_00000_d_0000050,visdrone_det.pt,0.1,1024,2,23,6
9999952_00000_d_0000050,visdrone_det.pt,0.15,1024,2,19,3
9999952_00000_d_0000050,visdrone_det.pt,0.2,1024,2,15,0
9999952_00000_d_0000050,visdrone_det.pt,0.25,1024,2,14,0
9999952_00000_d_0000050,visdrone_det.pt,0.3,1024,2,14,0
9999952_00000_d_0000050,visdrone_det.pt,0.4,1024,2,14,0
9999952_00000_d_0000050,visdrone_det.pt,0.5,1024,2,13,0
9999952_00000_d_0000050,visdrone_det.pt,0.05,1536,2,41,16
9999952_00000_d_0000050,visdrone_det.pt,0.1,1536,2,32,10
9999952_00000_d_0000050,visdrone_det.pt,0.15,1536,2,29,8
9999952_00000_d_0000050,visdrone_det.pt,0.2,1536,2,26,7
9999952_00000_d_0000050,visdrone_det.pt,0.25,1536,2,23,7
9999952_00000_d_0000050,visdrone_det.pt,0.3,1536,2,21,6
9999952_00000_d_0000050,visdrone_det.pt,0.4,1536,2,15,2
9999952_00000_d_0000050,visdrone_det.pt,0.5,1536,2,13,1
9999952_00000_d_0000051,visdrone_det.pt,0.05,640,3,62,2
9999952_00000_d_0000051,visdrone_det.pt,0.1,640,3,49,0
9999952_00000_d_0000051,visdrone_det.pt,0.15,640,3,38,0
9999952_00000_d_0000051,visdrone_det.pt,0.2,640,3,36,0
9999952_00000_d_0000051,visdrone_det.pt,0.25,640,3,33,0
9999952_00000_d_0000051,visdrone_det.pt,0.3,640,3,31,0
9999952_00000_d_0000051,visdrone_det.pt,0.4,640,3,27,0
9999952_00000_d_0000051,visdrone_det.pt,0.5,640,3,23,0
9999952_00000_d_0000051,visdrone_det.pt,0.05,1024,3,59,3
9999952_00000_d_0000051,visdrone_det.pt,0.1,1024,3,48,3
9999952_00000_d_0000051,visdrone_det.pt,0.15,1024,3,39,1
9999952_00000_d_0000051,visdrone_det.pt,0.2,1024,3,34,0
9999952_00000_d_0000051,visdrone_det.pt,0.25,1024,3,33,0
9999952_00000_d_0000051,visdrone_det.pt,0.3,1024,3,30,0
9999952_00000_d_0000051,visdrone_det.pt,0.4,1024,3,29,0
9999952_00000_d_0000051,visdrone_det.pt,0.5,1024,3,27,0
9999952_00000_d_0000051,visdrone_det.pt,0.05,1536,3,49,1
9999952_00000_d_0000051,visdrone_det.pt,0.1,1536,3,38,0
9999952_00000_d_0000051,visdrone_det.pt,0.15,1536,3,33,0
9999952_00000_d_0000051,visdrone_det.pt,0.2,1536,3,32,0
9999952_00000_d_0000051,visdrone_det.pt,0.25,1536,3,31,0
9999952_00000_d_0000051,visdrone_det.pt,0.3,1536,3,29,0
9999952_00000_d_0000051,visdrone_det.pt,0.4,1536,3,28,0
9999952_00000_d_0000051,visdrone_det.pt,0.5,1536,3,26,0
9999952_00000_d_0000056,visdrone_det.pt,0.05,640,1,54,0
9999952_00000_d_0000056,visdrone_det.pt,0.1,640,1,31,0
9999952_00000_d_0000056,visdrone_det.pt,0.15,640,1,21,0
9999952_00000_d_0000056,visdrone_det.pt,0.2,640,1,14,0
9999952_00000_d_0000056,visdrone_det.pt,0.25,640,1,11,0
9999952_00000_d_0000056,visdrone_det.pt,0.3,640,1,9,0
9999952_00000_d_0000056,visdrone_det.pt,0.4,640,1,6,0
9999952_00000_d_0000056,visdrone_det.pt,0.5,640,1,4,0
9999952_00000_d_0000056,visdrone_det.pt,0.05,1024,1,44,0
9999952_00000_d_0000056,visdrone_det.pt,0.1,1024,1,21,0
9999952_00000_d_0000056,visdrone_det.pt,0.15,1024,1,13,0
9999952_00000_d_0000056,visdrone_det.pt,0.2,1024,1,13,0
9999952_00000_d_0000056,visdrone_det.pt,0.25,1024,1,13,0
9999952_00000_d_0000056,visdrone_det.pt,0.3,1024,1,12,0
9999952_00000_d_0000056,visdrone_det.pt,0.4,1024,1,10,0
9999952_00000_d_0000056,visdrone_det.pt,0.5,1024,1,9,0
9999952_00000_d_0000056,visdrone_det.pt,0.05,1536,1,56,0
9999952_00000_d_0000056,visdrone_det.pt,0.1,1536,1,33,0
9999952_00000_d_0000056,visdrone_det.pt,0.15,1536,1,26,0
9999952_00000_d_0000056,visdrone_det.pt,0.2,1536,1,21,0
9999952_00000_d_0000056,visdrone_det.pt,0.25,1536,1,20,0
9999952_00000_d_0000056,visdrone_det.pt,0.3,1536,1,16,0
9999952_00000_d_0000056,visdrone_det.pt,0.4,1536,1,11,0
9999952_00000_d_0000056,visdrone_det.pt,0.5,1536,1,9,0
9999952_00000_d_0000064,visdrone_det.pt,0.05,640,1,44,0
9999952_00000_d_0000064,visdrone_det.pt,0.1,640,1,37,0
9999952_00000_d_0000064,visdrone_det.pt,0.15,640,1,27,0
9999952_00000_d_0000064,visdrone_det.pt,0.2,640,1,25,0
9999952_00000_d_0000064,visdrone_det.pt,0.25,640,1,23,0
9999952_00000_d_0000064,visdrone_det.pt,0.3,640,1,21,0
9999952_00000_d_0000064,visdrone_det.pt,0.4,640,1,16,0
9999952_00000_d_0000064,visdrone_det.pt,0.5,640,1,13,0
9999952_00000_d_0000064,visdrone_det.pt,0.05,1024,1,53,0
9999952_00000_d_0000064,visdrone_det.pt,0.1,1024,1,30,0
9999952_00000_d_0000064,visdrone_det.pt,0.15,1024,1,25,0
9999952_00000_d_0000064,visdrone_det.pt,0.2,1024,1,23,0
9999952_00000_d_0000064,visdrone_det.pt,0.25,1024,1,23,0
9999952_00000_d_0000064,visdrone_det.pt,0.3,1024,1,23,0
9999952_00000_d_0000064,visdrone_det.pt,0.4,1024,1,22,0
9999952_00000_d_0000064,visdrone_det.pt,0.5,1024,1,22,0
9999952_00000_d_0000064,visdrone_det.pt,0.05,1536,1,37,0
9999952_00000_d_0000064,visdrone_det.pt,0.1,1536,1,29,0
9999952_00000_d_0000064,visdrone_det.pt,0.15,1536,1,27,0
9999952_00000_d_0000064,visdrone_det.pt,0.2,1536,1,24,0
9999952_00000_d_0000064,visdrone_det.pt,0.25,1536,1,24,0
9999952_00000_d_0000064,visdrone_det.pt,0.3,1536,1,24,0
9999952_00000_d_0000064,visdrone_det.pt,0.4,1536,1,19,0
9999952_00000_d_0000064,visdrone_det.pt,0.5,1536,1,19,0
9999952_00000_d_0000068,visdrone_det.pt,0.05,640,1,36,0
9999952_00000_d_0000068,visdrone_det.pt,0.1,640,1,23,0
9999952_00000_d_0000068,visdrone_det.pt,0.15,640,1,15,0
9999952_00000_d_0000068,visdrone_det.pt,0.2,640,1,13,0
9999952_00000_d_0000068,visdrone_det.pt,0.25,640,1,13,0
9999952_00000_d_0000068,visdrone_det.pt,0.3,640,1,11,0
9999952_00000_d_0000068,visdrone_det.pt,0.4,640,1,7,0
9999952_00000_d_0000068,visdrone_det.pt,0.5,640,1,7,0
9999952_00000_d_0000068,visdrone_det.pt,0.05,1024,1,59,0
9999952_00000_d_0000068,visdrone_det.pt,0.1,1024,1,33,0
9999952_00000_d_0000068,visdrone_det.pt,0.15,1024,1,22,0
9999952_00000_d_0000068,visdrone_det.pt,0.2,1024,1,17,0
9999952_00000_d_0000068,visdrone_det.pt,0.25,1024,1,13,0
9999952_00000_d_0000068,visdrone_det.pt,0.3,1024,1,11,0
9999952_00000_d_0000068,visdrone_det.pt,0.4,1024,1,10,0
9999952_00000_d_0000068,visdrone_det.pt,0.5,1024,1,9,0
9999952_00000_d_0000068,visdrone_det.pt,0.05,1536,1,72,2
9999952_00000_d_0000068,visdrone_det.pt,0.1,1536,1,45,0
9999952_00000_d_0000068,visdrone_det.pt,0.15,1536,1,30,0
9999952_00000_d_0000068,visdrone_det.pt,0.2,1536,1,21,0
9999952_00000_d_0000068,visdrone_det.pt,0.25,1536,1,16,0
9999952_00000_d_0000068,visdrone_det.pt,0.3,1536,1,14,0
9999952_00000_d_0000068,visdrone_det.pt,0.4,1536,1,10,0
9999952_00000_d_0000068,visdrone_det.pt,0.5,1536,1,8,0
9999952_00000_d_0000069,visdrone_det.pt,0.05,640,1,117,0
9999952_00000_d_0000069,visdrone_det.pt,0.1,640,1,72,0
9999952_00000_d_0000069,visdrone_det.pt,0.15,640,1,51,0
9999952_00000_d_0000069,visdrone_det.pt,0.2,640,1,35,0
9999952_00000_d_0000069,visdrone_det.pt,0.25,640,1,25,0
9999952_00000_d_0000069,visdrone_det.pt,0.3,640,1,18,0
9999952_00000_d_0000069,visdrone_det.pt,0.4,640,1,8,0
9999952_00000_d_0000069,visdrone_det.pt,0.5,640,1,5,0
9999952_00000_d_0000069,visdrone_det.pt,0.05,1024,1,130,3
9999952_00000_d_0000069,visdrone_det.pt,0.1,1024,1,77,1
9999952_00000_d_0000069,visdrone_det.pt,0.15,1024,1,50,0
9999952_00000_d_0000069,visdrone_det.pt,0.2,1024,1,40,0
9999952_00000_d_0000069,visdrone_det.pt,0.25,1024,1,34,0
9999952_00000_d_0000069,visdrone_det.pt,0.3,1024,1,25,0
9999952_00000_d_0000069,visdrone_det.pt,0.4,1024,1,16,0
9999952_00000_d_0000069,visdrone_det.pt,0.5,1024,1,9,0
9999952_00000_d_0000069,visdrone_det.pt,0.05,1536,1,102,1
9999952_00000_d_0000069,visdrone_det.pt,0.1,1536,1,64,0
9999952_00000_d_0000069,visdrone_det.pt,0.15,1536,1,45,0
9999952_00000_d_0000069,visdrone_det.pt,0.2,1536,1,34,0
9999952_00000_d_0000069,visdrone_det.pt,0.25,1536,1,30,0
9999952_00000_d_0000069,visdrone_det.pt,0.3,1536,1,27,0
9999952_00000_d_0000069,visdrone_det.pt,0.4,1536,1,17,0
9999952_00000_d_0000069,visdrone_det.pt,0.5,1536,1,11,0
9999952_00000_d_0000072,visdrone_det.pt,0.05,640,9,229,9
9999952_00000_d_0000072,visdrone_det.pt,0.1,640,9,158,2
9999952_00000_d_0000072,visdrone_det.pt,0.15,640,9,131,1
9999952_00000_d_0000072,visdrone_det.pt,0.2,640,9,112,0
9999952_00000_d_0000072,visdrone_det.pt,0.25,640,9,96,0
9999952_00000_d_0000072,visdrone_det.pt,0.3,640,9,77,0
9999952_00000_d_0000072,visdrone_det.pt,0.4,640,9,48,0
9999952_00000_d_0000072,visdrone_det.pt,0.5,640,9,30,0
9999952_00000_d_0000072,visdrone_det.pt,0.05,1024,9,219,12
9999952_00000_d_0000072,visdrone_det.pt,0.1,1024,9,158,8
9999952_00000_d_0000072,visdrone_det.pt,0.15,1024,9,119,5
9999952_00000_d_0000072,visdrone_det.pt,0.2,1024,9,102,3
9999952_00000_d_0000072,visdrone_det.pt,0.25,1024,9,88,3
9999952_00000_d_0000072,visdrone_det.pt,0.3,1024,9,75,2
9999952_00000_d_0000072,visdrone_det.pt,0.4,1024,9,55,0
9999952_00000_d_0000072,visdrone_det.pt,0.5,1024,9,45,0
9999952_00000_d_0000072,visdrone_det.pt,0.05,1536,9,289,13
9999952_00000_d_0000072,visdrone_det.pt,0.1,1536,9,194,5
9999952_00000_d_0000072,visdrone_det.pt,0.15,1536,9,153,2
9999952_00000_d_0000072,visdrone_det.pt,0.2,1536,9,123,0
9999952_00000_d_0000072,visdrone_det.pt,0.25,1536,9,101,0
9999952_00000_d_0000072,visdrone_det.pt,0.3,1536,9,91,0
9999952_00000_d_0000072,visdrone_det.pt,0.4,1536,9,64,0
9999952_00000_d_0000072,visdrone_det.pt,0.5,1536,9,51,0
9999952_00000_d_0000073,visdrone_det.pt,0.05,640,2,99,18
9999952_00000_d_0000073,visdrone_det.pt,0.1,640,2,71,7
9999952_00000_d_0000073,visdrone_det.pt,0.15,640,2,58,3
9999952_00000_d_0000073,visdrone_det.pt,0.2,640,2,49,2
9999952_00000_d_0000073,visdrone_det.pt,0.25,640,2,42,0
9999952_00000_d_0000073,visdrone_det.pt,0.3,640,2,41,0
9999952_00000_d_0000073,visdrone_det.pt,0.4,640,2,29,0
9999952_00000_d_0000073,visdrone_det.pt,0.5,640,2,20,0
9999952_00000_d_0000073,visdrone_det.pt,0.05,1024,2,84,14
9999952_00000_d_0000073,visdrone_det.pt,0.1,1024,2,63,7
9999952_00000_d_0000073,visdrone_det.pt,0.15,1024,2,52,4
9999952_00000_d_0000073,visdrone_det.pt,0.2,1024,2,43,1
9999952_00000_d_0000073,visdrone_det.pt,0.25,1024,2,41,1
9999952_00000_d_0000073,visdrone_det.pt,0.3,1024,2,35,0
9999952_00000_d_0000073,visdrone_det.pt,0.4,1024,2,33,0
9999952_00000_d_0000073,visdrone_det.pt,0.5,1024,2,30,0
9999952_00000_d_0000073,visdrone_det.pt,0.05,1536,2,105,38
9999952_00000_d_0000073,visdrone_det.pt,0.1,1536,2,70,16
9999952_00000_d_0000073,visdrone_det.pt,0.15,1536,2,52,7
9999952_00000_d_0000073,visdrone_det.pt,0.2,1536,2,45,3
9999952_00000_d_0000073,visdrone_det.pt,0.25,1536,2,42,2
9999952_00000_d_0000073,visdrone_det.pt,0.3,1536,2,37,1
9999952_00000_d_0000073,visdrone_det.pt,0.4,1536,2,33,1
9999952_00000_d_0000073,visdrone_det.pt,0.5,1536,2,30,1
9999952_00000_d_0000079,visdrone_det.pt,0.05,640,1,28,0
9999952_00000_d_0000079,visdrone_det.pt,0.1,640,1,20,0
9999952_00000_d_0000079,visdrone_det.pt,0.15,640,1,20,0
9999952_00000_d_0000079,visdrone_det.pt,0.2,640,1,16,0
9999952_00000_d_0000079,visdrone_det.pt,0.25,640,1,16,0
9999952_00000_d_0000079,visdrone_det.pt,0.3,640,1,15,0
9999952_00000_d_0000079,visdrone_det.pt,0.4,640,1,14,0
9999952_00000_d_0000079,visdrone_det.pt,0.5,640,1,11,0
9999952_00000_d_0000079,visdrone_det.pt,0.05,1024,1,26,1
9999952_00000_d_0000079,visdrone_det.pt,0.1,1024,1,19,0
9999952_00000_d_0000079,visdrone_det.pt,0.15,1024,1,18,0
9999952_00000_d_0000079,visdrone_det.pt,0.2,1024,1,16,0
9999952_00000_d_0000079,visdrone_det.pt,0.25,1024,1,15,0
9999952_00000_d_0000079,visdrone_det.pt,0.3,1024,1,14,0
9999952_00000_d_0000079,visdrone_det.pt,0.4,1024,1,14,0
9999952_00000_d_0000079,visdrone_det.pt,0.5,1024,1,13,0
9999952_00000_d_0000079,visdrone_det.pt,0.05,1536,1,34,2
9999952_00000_d_0000079,visdrone_det.pt,0.1,1536,1,21,0
9999952_00000_d_0000079,visdrone_det.pt,0.15,1536,1,18,0
9999952_00000_d_0000079,visdrone_det.pt,0.2,1536,1,16,0
9999952_00000_d_0000079,visdrone_det.pt,0.25,1536,1,16,0
9999952_00000_d_0000079,visdrone_det.pt,0.3,1536,1,15,0
9999952_00000_d_0000079,visdrone_det.pt,0.4,1536,1,15,0
9999952_00000_d_0000079,visdrone_det.pt,0.5,1536,1,14,0
9999952_00000_d_0000080,visdrone_det.pt,0.05,640,1,62,0
9999952_00000_d_0000080,visdrone_det.pt,0.1,640,1,37,0
9999952_00000_d_0000080,visdrone_det.pt,0.15,640,1,26,0
9999952_00000_d_0000080,visdrone_det.pt,0.2,640,1,18,0
9999952_00000_d_0000080,visdrone_det.pt,0.25,640,1,15,0
9999952_00000_d_0000080,visdrone_det.pt,0.3,640,1,13,0
9999952_00000_d_0000080,visdrone_det.pt,0.4,640,1,10,0
9999952_00000_d_0000080,visdrone_det.pt,0.5,640,1,9,0
9999952_00000_d_0000080,visdrone_det.pt,0.05,1024,1,79,1
9999952_00000_d_0000080,visdrone_det.pt,0.1,1024,1,37,0
9999952_00000_d_0000080,visdrone_det.pt,0.15,1024,1,26,0
9999952_00000_d_0000080,visdrone_det.pt,0.2,1024,1,23,0
9999952_00000_d_0000080,visdrone_det.pt,0.25,1024,1,22,0
9999952_00000_d_0000080,visdrone_det.pt,0.3,1024,1,21,0
9999952_00000_d_0000080,visdrone_det.pt,0.4,1024,1,18,0
9999952_00000_d_0000080,visdrone_det.pt,0.5,1024,1,11,0
9999952_00000_d_0000080,visdrone_det.pt,0.05,1536,1,52,1
9999952_00000_d_0000080,visdrone_det.pt,0.1,1536,1,28,0
9999952_00000_d_0000080,visdrone_det.pt,0.15,1536,1,23,0
9999952_00000_d_0000080,visdrone_det.pt,0.2,1536,1,23,0
9999952_00000_d_0000080,visdrone_det.pt,0.25,1536,1,23,0
9999952_00000_d_0000080,visdrone_det.pt,0.3,1536,1,22,0
9999952_00000_d_0000080,visdrone_det.pt,0.4,1536,1,20,0
9999952_00000_d_0000080,visdrone_det.pt,0.5,1536,1,19,0
9999952_00000_d_0000092,visdrone_det.pt,0.05,640,1,101,0
9999952_00000_d_0000092,visdrone_det.pt,0.1,640,1,62,0
9999952_00000_d_0000092,visdrone_det.pt,0.15,640,1,42,0
9999952_00000_d_0000092,visdrone_det.pt,0.2,640,1,28,0
9999952_00000_d_0000092,visdrone_det.pt,0.25,640,1,23,0
9999952_00000_d_0000092,visdrone_det.pt,0.3,640,1,17,0
9999952_00000_d_0000092,visdrone_det.pt,0.4,640,1,12,0
9999952_00000_d_0000092,visdrone_det.pt,0.5,640,1,9,0
9999952_00000_d_0000092,visdrone_det.pt,0.05,1024,1,118,0
9999952_00000_d_0000092,visdrone_det.pt,0.1,1024,1,60,0
9999952_00000_d_0000092,visdrone_det.pt,0.15,1024,1,46,0
9999952_00000_d_0000092,visdrone_det.pt,0.2,1024,1,39,0
9999952_00000_d_0000092,visdrone_det.pt,0.25,1024,1,28,0
9999952_00000_d_0000092,visdrone_det.pt,0.3,1024,1,27,0
9999952_00000_d_0000092,visdrone_det.pt,0.4,1024,1,18,0
9999952_00000_d_0000092,visdrone_det.pt,0.5,1024,1,14,0
9999952_00000_d_0000092,visdrone_det.pt,0.05,1536,1,120,0
9999952_00000_d_0000092,visdrone_det.pt,0.1,1536,1,68,0
9999952_00000_d_0000092,visdrone_det.pt,0.15,1536,1,52,0
9999952_00000_d_0000092,visdrone_det.pt,0.2,1536,1,38,0
9999952_00000_d_0000092,visdrone_det.pt,0.25,1536,1,31,0
9999952_00000_d_0000092,visdrone_det.pt,0.3,1536,1,29,0
9999952_00000_d_0000092,visdrone_det.pt,0.4,1536,1,22,0
9999952_00000_d_0000092,visdrone_det.pt,0.5,1536,1,13,0
9999952_00000_d_0000101,visdrone_det.pt,0.05,640,8,214,0
9999952_00000_d_0000101,visdrone_det.pt,0.1,640,8,130,0
9999952_00000_d_0000101,visdrone_det.pt,0.15,640,8,74,0
9999952_00000_d_0000101,visdrone_det.pt,0.2,640,8,53,0
9999952_00000_d_0000101,visdrone_det.pt,0.25,640,8,36,0
9999952_00000_d_0000101,visdrone_det.pt,0.3,640,8,26,0
9999952_00000_d_0000101,visdrone_det.pt,0.4,640,8,16,0
9999952_00000_d_0000101,visdrone_det.pt,0.5,640,8,10,0
9999952_00000_d_0000101,visdrone_det.pt,0.05,1024,8,269,3
9999952_00000_d_0000101,visdrone_det.pt,0.1,1024,8,161,0
9999952_00000_d_0000101,visdrone_det.pt,0.15,1024,8,110,0
9999952_00000_d_0000101,visdrone_det.pt,0.2,1024,8,86,0
9999952_00000_d_0000101,visdrone_det.pt,0.25,1024,8,59,0
9999952_00000_d_0000101,visdrone_det.pt,0.3,1024,8,41,0
9999952_00000_d_0000101,visdrone_det.pt,0.4,1024,8,24,0
9999952_00000_d_0000101,visdrone_det.pt,0.5,1024,8,15,0
9999952_00000_d_0000101,visdrone_det.pt,0.05,1536,8,360,3
9999952_00000_d_0000101,visdrone_det.pt,0.1,1536,8,223,1
9999952_00000_d_0000101,visdrone_det.pt,0.15,1536,8,152,0
9999952_00000_d_0000101,visdrone_det.pt,0.2,1536,8,116,0
9999952_00000_d_0000101,visdrone_det.pt,0.25,1536,8,91,0
9999952_00000_d_0000101,visdrone_det.pt,0.3,1536,8,66,0
9999952_00000_d_0000101,visdrone_det.pt,0.4,1536,8,38,0
9999952_00000_d_0000101,visdrone_det.pt,0.5,1536,8,28,0
9999952_00000_d_0000103,visdrone_det.pt,0.05,640,26,61,6
9999952_00000_d_0000103,visdrone_det.pt,0.1,640,26,37,1
9999952_00000_d_0000103,visdrone_det.pt,0.15,640,26,24,1
9999952_00000_d_0000103,visdrone_det.pt,0.2,640,26,18,1
9999952_00000_d_0000103,visdrone_det.pt,0.25,640,26,14,1
9999952_00000_d_0000103,visdrone_det.pt,0.3,640,26,11,1
9999952_00000_d_0000103,visdrone_det.pt,0.4,640,26,7,0
9999952_00000_d_0000103,visdrone_det.pt,0.5,640,26,5,0
9999952_00000_d_0000103,visdrone_det.pt,0.05,1024,26,89,9
9999952_00000_d_0000103,visdrone_det.pt,0.1,1024,26,53,6
9999952_00000_d_0000103,visdrone_det.pt,0.15,1024,26,44,5
9999952_00000_d_0000103,visdrone_det.pt,0.2,1024,26,39,5
9999952_00000_d_0000103,visdrone_det.pt,0.25,1024,26,31,2
9999952_00000_d_0000103,visdrone_det.pt,0.3,1024,26,24,1
9999952_00000_d_0000103,visdrone_det.pt,0.4,1024,26,22,0
9999952_00000_d_0000103,visdrone_det.pt,0.5,1024,26,19,0
9999952_00000_d_0000103,visdrone_det.pt,0.05,1536,26,88,18
9999952_00000_d_0000103,visdrone_det.pt,0.1,1536,26,63,12
9999952_00000_d_0000103,visdrone_det.pt,0.15,1536,26,46,7
9999952_00000_d_0000103,visdrone_det.pt,0.2,1536,26,27,1
9999952_00000_d_0000103,visdrone_det.pt,0.25,1536,26,22,0
9999952_00000_d_0000103,visdrone_det.pt,0.3,1536,26,20,0
9999952_00000_d_0000103,visdrone_det.pt,0.4,1536,26,14,0
9999952_00000_d_0000103,visdrone_det.pt,0.5,1536,26,11,0
9999952_00000_d_0000104,visdrone_det.pt,0.05,640,1,27,0
9999952_00000_d_0000104,visdrone_det.pt,0.1,640,1,17,0
9999952_00000_d_0000104,visdrone_det.pt,0.15,640,1,11,0
9999952_00000_d_0000104,visdrone_det.pt,0.2,640,1,9,0
9999952_00000_d_0000104,visdrone_det.pt,0.25,640,1,7,0
9999952_00000_d_0000104,visdrone_det.pt,0.3,640,1,6,0
9999952_00000_d_0000104,visdrone_det.pt,0.4,640,1,4,0
9999952_00000_d_0000104,visdrone_det.pt,0.5,640,1,3,0
9999952_00000_d_0000104,visdrone_det.pt,0.05,1024,1,28,3
9999952_00000_d_0000104,visdrone_det.pt,0.1,1024,1,17,0
9999952_00000_d_0000104,visdrone_det.pt,0.15,1024,1,15,0
9999952_00000_d_0000104,visdrone_det.pt,0.2,1024,1,13,0
9999952_00000_d_0000104,visdrone_det.pt,0.25,1024,1,10,0
9999952_00000_d_0000104,visdrone_det.pt,0.3,1024,1,10,0
9999952_00000_d_0000104,visdrone_det.pt,0.4,1024,1,7,0
9999952_00000_d_0000104,visdrone_det.pt,0.5,1024,1,5,0
9999952_00000_d_0000104,visdrone_det.pt,0.05,1536,1,38,1
9999952_00000_d_0000104,visdrone_det.pt,0.1,1536,1,25,0
9999952_00000_d_0000104,visdrone_det.pt,0.15,1536,1,17,0
9999952_00000_d_0000104,visdrone_det.pt,0.2,1536,1,12,0
9999952_00000_d_0000104,visdrone_det.pt,0.25,1536,1,9,0
9999952_00000_d_0000104,visdrone_det.pt,0.3,1536,1,9,0
9999952_00000_d_0000104,visdrone_det.pt,0.4,1536,1,6,0
9999952_00000_d_0000104,visdrone_det.pt,0.5,1536,1,4,0
9999952_00000_d_0000112,visdrone_det.pt,0.05,640,8,143,0
9999952_00000_d_0000112,visdrone_det.pt,0.1,640,8,91,0
9999952_00000_d_0000112,visdrone_det.pt,0.15,640,8,65,0
9999952_00000_d_0000112,visdrone_det.pt,0.2,640,8,54,0
9999952_00000_d_0000112,visdrone_det.pt,0.25,640,8,49,0
9999952_00000_d_0000112,visdrone_det.pt,0.3,640,8,41,0
9999952_00000_d_0000112,visdrone_det.pt,0.4,640,8,27,0
9999952_00000_d_0000112,visdrone_det.pt,0.5,640,8,20,0
9999952_00000_d_0000112,visdrone_det.pt,0.05,1024,8,201,2
9999952_00000_d_0000112,visdrone_det.pt,0.1,1024,8,141,2
9999952_00000_d_0000112,visdrone_det.pt,0.15,1024,8,112,0
9999952_00000_d_0000112,visdrone_det.pt,0.2,1024,8,86,0
9999952_00000_d_0000112,visdrone_det.pt,0.25,1024,8,74,0
9999952_00000_d_0000112,visdrone_det.pt,0.3,1024,8,59,0
9999952_00000_d_0000112,visdrone_det.pt,0.4,1024,8,44,0
9999952_00000_d_0000112,visdrone_det.pt,0.5,1024,8,33,0
9999952_00000_d_0000112,visdrone_det.pt,0.05,1536,8,200,7
9999952_00000_d_0000112,visdrone_det.pt,0.1,1536,8,121,2
9999952_00000_d_0000112,visdrone_det.pt,0.15,1536,8,94,0
9999952_00000_d_0000112,visdrone_det.pt,0.2,1536,8,76,0
9999952_00000_d_0000112,visdrone_det.pt,0.25,1536,8,64,0
9999952_00000_d_0000112,visdrone_det.pt,0.3,1536,8,58,0
9999952_00000_d_0000112,visdrone_det.pt,0.4,1536,8,38,0
9999952_00000_d_0000112,visdrone_det.pt,0.5,1536,8,23,0
9999952_00000_d_0000116,visdrone_det.pt,0.05,640,2,46,2
9999952_00000_d_0000116,visdrone_det.pt,0.1,640,2,25,2
9999952_00000_d_0000116,visdrone_det.pt,0.15,640,2,13,0
9999952_00000_d_0000116,visdrone_det.pt,0.2,640,2,10,0
9999952_00000_d_0000116,visdrone_det.pt,0.25,640,2,7,0
9999952_00000_d_0000116,visdrone_det.pt,0.3,640,2,7,0
9999952_00000_d_0000116,visdrone_det.pt,0.4,640,2,5,0
9999952_00000_d_0000116,visdrone_det.pt,0.5,640,2,4,0
9999952_00000_d_0000116,visdrone_det.pt,0.05,1024,2,49,4
9999952_00000_d_0000116,visdrone_det.pt,0.1,1024,2,27,2
9999952_00000_d_0000116,visdrone_det.pt,0.15,1024,2,18,1
9999952_00000_d_0000116,visdrone_det.pt,0.2,1024,2,13,1
9999952_00000_d_0000116,visdrone_det.pt,0.25,1024,2,11,1
9999952_00000_d_0000116,visdrone_det.pt,0.3,1024,2,10,0
9999952_00000_d_0000116,visdrone_det.pt,0.4,1024,2,7,0
9999952_00000_d_0000116,visdrone_det.pt,0.5,1024,2,6,0
9999952_00000_d_0000116,visdrone_det.pt,0.05,1536,2,77,5
9999952_00000_d_0000116,visdrone_det.pt,0.1,1536,2,41,2
9999952_00000_d_0000116,visdrone_det.pt,0.15,1536,2,27,2
9999952_00000_d_0000116,visdrone_det.pt,0.2,1536,2,21,0
9999952_00000_d_0000116,visdrone_det.pt,0.25,1536,2,18,0
9999952_00000_d_0000116,visdrone_det.pt,0.3,1536,2,12,0
9999952_00000_d_0000116,visdrone_det.pt,0.4,1536,2,9,0
9999952_00000_d_0000116,visdrone_det.pt,0.5,1536,2,6,0
9999952_00000_d_0000117,visdrone_det.pt,0.05,640,1,39,0
9999952_00000_d_0000117,visdrone_det.pt,0.1,640,1,19,0
9999952_00000_d_0000117,visdrone_det.pt,0.15,640,1,11,0
9999952_00000_d_0000117,visdrone_det.pt,0.2,640,1,10,0
9999952_00000_d_0000117,visdrone_det.pt,0.25,640,1,8,0
9999952_00000_d_0000117,visdrone_det.pt,0.3,640,1,6,0
9999952_00000_d_0000117,visdrone_det.pt,0.4,640,1,4,0
9999952_00000_d_0000117,visdrone_det.pt,0.5,640,1,4,0
9999952_00000_d_0000117,visdrone_det.pt,0.05,1024,1,40,0
9999952_00000_d_0000117,visdrone_det.pt,0.1,1024,1,19,0
9999952_00000_d_0000117,visdrone_det.pt,0.15,1024,1,13,0
9999952_00000_d_0000117,visdrone_det.pt,0.2,1024,1,10,0
9999952_00000_d_0000117,visdrone_det.pt,0.25,1024,1,9,0
9999952_00000_d_0000117,visdrone_det.pt,0.3,1024,1,9,0
9999952_00000_d_0000117,visdrone_det.pt,0.4,1024,1,8,0
9999952_00000_d_0000117,visdrone_det.pt,0.5,1024,1,5,0
9999952_00000_d_0000117,visdrone_det.pt,0.05,1536,1,53,0
9999952_00000_d_0000117,visdrone_det.pt,0.1,1536,1,25,0
9999952_00000_d_0000117,visdrone_det.pt,0.15,1536,1,19,0
9999952_00000_d_0000117,visdrone_det.pt,0.2,1536,1,14,0
9999952_00000_d_0000117,visdrone_det.pt,0.25,1536,1,12,0
9999952_00000_d_0000117,visdrone_det.pt,0.3,1536,1,10,0
9999952_00000_d_0000117,visdrone_det.pt,0.4,1536,1,7,0
9999952_00000_d_0000117,visdrone_det.pt,0.5,1536,1,6,0
9999952_00000_d_0000118,visdrone_det.pt,0.05,640,3,41,0
9999952_00000_d_0000118,visdrone_det.pt,0.1,640,3,20,0
9999952_00000_d_0000118,visdrone_det.pt,0.15,640,3,11,0
9999952_00000_d_0000118,visdrone_det.pt,0.2,640,3,8,0
9999952_00000_d_0000118,visdrone_det.pt,0.25,640,3,6,0
9999952_00000_d_0000118,visdrone_det.pt,0.3,640,3,4,0
9999952_00000_d_0000118,visdrone_det.pt,0.4,640,3,4,0
9999952_00000_d_0000118,visdrone_det.pt,0.5,640,3,2,0
9999952_00000_d_0000118,visdrone_det.pt,0.05,1024,3,110,0
9999952_00000_d_0000118,visdrone_det.pt,0.1,1024,3,58,0
9999952_00000_d_0000118,visdrone_det.pt,0.15,1024,3,36,0
9999952_00000_d_0000118,visdrone_det.pt,0.2,1024,3,24,0
9999952_00000_d_0000118,visdrone_det.pt,0.25,1024,3,15,0
9999952_00000_d_0000118,visdrone_det.pt,0.3,1024,3,11,0
9999952_00000_d_0000118,visdrone_det.pt,0.4,1024,3,7,0
9999952_00000_d_0000118,visdrone_det.pt,0.5,1024,3,4,0
9999952_00000_d_0000118,visdrone_det.pt,0.05,1536,3,102,10
9999952_00000_d_0000118,visdrone_det.pt,0.1,1536,3,52,1
9999952_00000_d_0000118,visdrone_det.pt,0.15,1536,3,33,0
9999952_00000_d_0000118,visdrone_det.pt,0.2,1536,3,27,0
9999952_00000_d_0000118,visdrone_det.pt,0.25,1536,3,23,0
9999952_00000_d_0000118,visdrone_det.pt,0.3,1536,3,18,0
9999952_00000_d_0000118,visdrone_det.pt,0.4,1536,3,13,0
9999952_00000_d_0000118,visdrone_det.pt,0.5,1536,3,7,0
9999952_00000_d_0000119,visdrone_det.pt,0.05,640,3,116,1
9999952_00000_d_0000119,visdrone_det.pt,0.1,640,3,72,1
9999952_00000_d_0000119,visdrone_det.pt,0.15,640,3,58,0
9999952_00000_d_0000119,visdrone_det.pt,0.2,640,3,38,0
9999952_00000_d_0000119,visdrone_det.pt,0.25,640,3,30,0
9999952_00000_d_0000119,visdrone_det.pt,0.3,640,3,26,0
9999952_00000_d_0000119,visdrone_det.pt,0.4,640,3,13,0
9999952_00000_d_0000119,visdrone_det.pt,0.5,640,3,10,0
9999952_00000_d_0000119,visdrone_det.pt,0.05,1024,3,179,0
9999952_00000_d_0000119,visdrone_det.pt,0.1,1024,3,102,0
9999952_00000_d_0000119,visdrone_det.pt,0.15,1024,3,76,0
9999952_00000_d_0000119,visdrone_det.pt,0.2,1024,3,56,0
9999952_00000_d_0000119,visdrone_det.pt,0.25,1024,3,43,0
9999952_00000_d_0000119,visdrone_det.pt,0.3,1024,3,34,0
9999952_00000_d_0000119,visdrone_det.pt,0.4,1024,3,27,0
9999952_00000_d_0000119,visdrone_det.pt,0.5,1024,3,20,0
9999952_00000_d_0000119,visdrone_det.pt,0.05,1536,3,271,0
9999952_00000_d_0000119,visdrone_det.pt,0.1,1536,3,161,0
9999952_00000_d_0000119,visdrone_det.pt,0.15,1536,3,113,0
9999952_00000_d_0000119,visdrone_det.pt,0.2,1536,3,90,0
9999952_00000_d_0000119,visdrone_det.pt,0.25,1536,3,68,0
9999952_00000_d_0000119,visdrone_det.pt,0.3,1536,3,57,0
9999952_00000_d_0000119,visdrone_det.pt,0.4,1536,3,41,0
9999952_00000_d_0000119,visdrone_det.pt,0.5,1536,3,32,0
9999952_00000_d_0000121,visdrone_det.pt,0.05,640,2,20,0
9999952_00000_d_0000121,visdrone_det.pt,0.1,640,2,16,0
9999952_00000_d_0000121,visdrone_det.pt,0.15,640,2,16,0
9999952_00000_d_0000121,visdrone_det.pt,0.2,640,2,16,0
9999952_00000_d_0000121,visdrone_det.pt,0.25,640,2,16,0
9999952_00000_d_0000121,visdrone_det.pt,0.3,640,2,12,0
9999952_00000_d_0000121,visdrone_det.pt,0.4,640,2,11,0
9999952_00000_d_0000121,visdrone_det.pt,0.5,640,2,6,0
9999952_00000_d_0000121,visdrone_det.pt,0.05,1024,2,28,1
9999952_00000_d_0000121,visdrone_det.pt,0.1,1024,2,21,0
9999952_00000_d_0000121,visdrone_det.pt,0.15,1024,2,17,0
9999952_00000_d_0000121,visdrone_det.pt,0.2,1024,2,15,0
9999952_00000_d_0000121,visdrone_det.pt,0.25,1024,2,13,0
9999952_00000_d_0000121,visdrone_det.pt,0.3,1024,2,12,0
9999952_00000_d_0000121,visdrone_det.pt,0.4,1024,2,11,0
9999952_00000_d_0000121,visdrone_det.pt,0.5,1024,2,9,0
9999952_00000_d_0000121,visdrone_det.pt,0.05,1536,2,32,2
9999952_00000_d_0000121,visdrone_det.pt,0.1,1536,2,20,0
9999952_00000_d_0000121,visdrone_det.pt,0.15,1536,2,16,0
9999952_00000_d_0000121,visdrone_det.pt,0.2,1536,2,15,0
9999952_00000_d_0000121,visdrone_det.pt,0.25,1536,2,15,0
9999952_00000_d_0000121,visdrone_det.pt,0.3,1536,2,15,0
9999952_00000_d_0000121,visdrone_det.pt,0.4,1536,2,13,0
9999952_00000_d_0000121,visdrone_det.pt,0.5,1536,2,13,0
9999952_00000_d_0000132,visdrone_det.pt,0.05,640,2,86,0
9999952_00000_d_0000132,visdrone_det.pt,0.1,640,2,45,0
9999952_00000_d_0000132,visdrone_det.pt,0.15,640,2,29,0
9999952_00000_d_0000132,visdrone_det.pt,0.2,640,2,17,0
9999952_00000_d_0000132,visdrone_det.pt,0.25,640,2,14,0
9999952_00000_d_0000132,visdrone_det.pt,0.3,640,2,11,0
9999952_00000_d_0000132,visdrone_det.pt,0.4,640,2,7,0
9999952_00000_d_0000132,visdrone_det.pt,0.5,640,2,5,0
9999952_00000_d_0000132,visdrone_det.pt,0.05,1024,2,272,0
9999952_00000_d_0000132,visdrone_det.pt,0.1,1024,2,177,0
9999952_00000_d_0000132,visdrone_det.pt,0.15,1024,2,132,0
9999952_00000_d_0000132,visdrone_det.pt,0.2,1024,2,106,0
9999952_00000_d_0000132,visdrone_det.pt,0.25,1024,2,89,0
9999952_00000_d_0000132,visdrone_det.pt,0.3,1024,2,69,0
9999952_00000_d_0000132,visdrone_det.pt,0.4,1024,2,43,0
9999952_00000_d_0000132,visdrone_det.pt,0.5,1024,2,25,0
9999952_00000_d_0000132,visdrone_det.pt,0.05,1536,2,304,7
9999952_00000_d_0000132,visdrone_det.pt,0.1,1536,2,186,1
9999952_00000_d_0000132,visdrone_det.pt,0.15,1536,2,147,0
9999952_00000_d_0000132,visdrone_det.pt,0.2,1536,2,114,0
9999952_00000_d_0000132,visdrone_det.pt,0.25,1536,2,97,0
9999952_00000_d_0000132,visdrone_det.pt,0.3,1536,2,84,0
9999952_00000_d_0000132,visdrone_det.pt,0.4,1536,2,59,0
9999952_00000_d_0000132,visdrone_det.pt,0.5,1536,2,41,0
9999952_00000_d_0000135,visdrone_det.pt,0.05,640,4,100,3
9999952_00000_d_0000135,visdrone_det.pt,0.1,640,4,51,0
9999952_00000_d_0000135,visdrone_det.pt,0.15,640,4,35,0
9999952_00000_d_0000135,visdrone_det.pt,0.2,640,4,28,0
9999952_00000_d_0000135,visdrone_det.pt,0.25,640,4,24,0
9999952_00000_d_0000135,visdrone_det.pt,0.3,640,4,16,0
9999952_00000_d_0000135,visdrone_det.pt,0.4,640,4,12,0
9999952_00000_d_0000135,visdrone_det.pt,0.5,640,4,8,0
9999952_00000_d_0000135,visdrone_det.pt,0.05,1024,4,120,6
9999952_00000_d_0000135,visdrone_det.pt,0.1,1024,4,71,5
9999952_00000_d_0000135,visdrone_det.pt,0.15,1024,4,50,2
9999952_00000_d_0000135,visdrone_det.pt,0.2,1024,4,37,0
9999952_00000_d_0000135,visdrone_det.pt,0.25,1024,4,34,0
9999952_00000_d_0000135,visdrone_det.pt,0.3,1024,4,28,0
9999952_00000_d_0000135,visdrone_det.pt,0.4,1024,4,20,0
9999952_00000_d_0000135,visdrone_det.pt,0.5,1024,4,16,0
9999952_00000_d_0000135,visdrone_det.pt,0.05,1536,4,128,9
9999952_00000_d_0000135,visdrone_det.pt,0.1,1536,4,87,4
9999952_00000_d_0000135,visdrone_det.pt,0.15,1536,4,65,2
9999952_00000_d_0000135,visdrone_det.pt,0.2,1536,4,49,1
9999952_00000_d_0000135,visdrone_det.pt,0.25,1536,4,42,0
9999952_00000_d_0000135,visdrone_det.pt,0.3,1536,4,35,0
9999952_00000_d_0000135,visdrone_det.pt,0.4,1536,4,26,0
9999952_00000_d_0000135,visdrone_det.pt,0.5,1536,4,21,0
9999952_00000_d_0000141,visdrone_det.pt,0.05,640,7,171,0
9999952_00000_d_0000141,visdrone_det.pt,0.1,640,7,121,0
9999952_00000_d_0000141,visdrone_det.pt,0.15,640,7,94,0
9999952_00000_d_0000141,visdrone_det.pt,0.2,640,7,76,0
9999952_00000_d_0000141,visdrone_det.pt,0.25,640,7,64,0
9999952_00000_d_0000141,visdrone_det.pt,0.3,640,7,54,0
9999952_00000_d_0000141,visdrone_det.pt,0.4,640,7,42,0
9999952_00000_d_0000141,visdrone_det.pt,0.5,640,7,25,0
9999952_00000_d_0000141,visdrone_det.pt,0.05,1024,7,157,1
9999952_00000_d_0000141,visdrone_det.pt,0.1,1024,7,112,1
9999952_00000_d_0000141,visdrone_det.pt,0.15,1024,7,86,0
9999952_00000_d_0000141,visdrone_det.pt,0.2,1024,7,70,0
9999952_00000_d_0000141,visdrone_det.pt,0.25,1024,7,60,0
9999952_00000_d_0000141,visdrone_det.pt,0.3,1024,7,53,0
9999952_00000_d_0000141,visdrone_det.pt,0.4,1024,7,41,0
9999952_00000_d_0000141,visdrone_det.pt,0.5,1024,7,32,0
9999952_00000_d_0000141,visdrone_det.pt,0.05,1536,7,144,7
9999952_00000_d_0000141,visdrone_det.pt,0.1,1536,7,96,3
9999952_00000_d_0000141,visdrone_det.pt,0.15,1536,7,80,2
9999952_00000_d_0000141,visdrone_det.pt,0.2,1536,7,71,2
9999952_00000_d_0000141,visdrone_det.pt,0.25,1536,7,58,0
9999952_00000_d_0000141,visdrone_det.pt,0.3,1536,7,52,0
9999952_00000_d_0000141,visdrone_det.pt,0.4,1536,7,40,0
9999952_00000_d_0000141,visdrone_det.pt,0.5,1536,7,30,0
9999952_00000_d_0000142,visdrone_det.pt,0.05,640,2,47,0
9999952_00000_d_0000142,visdrone_det.pt,0.1,640,2,32,0
9999952_00000_d_0000142,visdrone_det.pt,0.15,640,2,25,0
9999952_00000_d_0000142,visdrone_det.pt,0.2,640,2,23,0
9999952_00000_d_0000142,visdrone_det.pt,0.25,640,2,21,0
9999952_00000_d_0000142,visdrone_det.pt,0.3,640,2,16,0
9999952_00000_d_0000142,visdrone_det.pt,0.4,640,2,10,0
9999952_00000_d_0000142,visdrone_det.pt,0.5,640,2,8,0
9999952_00000_d_0000142,visdrone_det.pt,0.05,1024,2,33,3
9999952_00000_d_0000142,visdrone_det.pt,0.1,1024,2,29,2
9999952_00000_d_0000142,visdrone_det.pt,0.15,1024,2,22,0
9999952_00000_d_0000142,visdrone_det.pt,0.2,1024,2,19,0
9999952_00000_d_0000142,visdrone_det.pt,0.25,1024,2,17,0
9999952_00000_d_0000142,visdrone_det.pt,0.3,1024,2,14,0
9999952_00000_d_0000142,visdrone_det.pt,0.4,1024,2,12,0
9999952_00000_d_0000142,visdrone_det.pt,0.5,1024,2,10,0
9999952_00000_d_0000142,visdrone_det.pt,0.05,1536,2,35,3
9999952_00000_d_0000142,visdrone_det.pt,0.1,1536,2,24,2
9999952_00000_d_0000142,visdrone_det.pt,0.15,1536,2,19,0
9999952_00000_d_0000142,visdrone_det.pt,0.2,1536,2,16,0
9999952_00000_d_0000142,visdrone_det.pt,0.25,1536,2,14,0
9999952_00000_d_0000142,visdrone_det.pt,0.3,1536,2,14,0
9999952_00000_d_0000142,visdrone_det.pt,0.4,1536,2,9,0
9999952_00000_d_0000142,visdrone_det.pt,0.5,1536,2,9,0
9999952_00000_d_0000148,visdrone_det.pt,0.05,640,2,109,0
9999952_00000_d_0000148,visdrone_det.pt,0.1,640,2,83,0
9999952_00000_d_0000148,visdrone_det.pt,0.15,640,2,68,0
9999952_00000_d_0000148,visdrone_det.pt,0.2,640,2,58,0
9999952_00000_d_0000148,visdrone_det.pt,0.25,640,2,48,0
9999952_00000_d_0000148,visdrone_det.pt,0.3,640,2,43,0
9999952_00000_d_0000148,visdrone_det.pt,0.4,640,2,41,0
9999952_00000_d_0000148,visdrone_det.pt,0.5,640,2,34,0
9999952_00000_d_0000148,visdrone_det.pt,0.05,1024,2,85,1
9999952_00000_d_0000148,visdrone_det.pt,0.1,1024,2,70,1
9999952_00000_d_0000148,visdrone_det.pt,0.15,1024,2,63,1
9999952_00000_d_0000148,visdrone_det.pt,0.2,1024,2,59,1
9999952_00000_d_0000148,visdrone_det.pt,0.25,1024,2,54,0
9999952_00000_d_0000148,visdrone_det.pt,0.3,1024,2,50,0
9999952_00000_d_0000148,visdrone_det.pt,0.4,1024,2,45,0
9999952_00000_d_0000148,visdrone_det.pt,0.5,1024,2,44,0
9999952_00000_d_0000148,visdrone_det.pt,0.05,1536,2,95,4
9999952_00000_d_0000148,visdrone_det.pt,0.1,1536,2,75,2
9999952_00000_d_0000148,visdrone_det.pt,0.15,1536,2,69,2
9999952_00000_d_0000148,visdrone_det.pt,0.2,1536,2,63,2
9999952_00000_d_0000148,visdrone_det.pt,0.25,1536,2,62,2
9999952_00000_d_0000148,visdrone_det.pt,0.3,1536,2,60,2
9999952_00000_d_0000148,visdrone_det.pt,0.4,1536,2,53,1
9999952_00000_d_0000148,visdrone_det.pt,0.5,1536,2,48,0
9999952_00000_d_0000149,visdrone_det.pt,0.05,640,3,124,3
9999952_00000_d_0000149,visdrone_det.pt,0.1,640,3,99,2
9999952_00000_d_0000149,visdrone_det.pt,0.15,640,3,87,1
9999952_00000_d_0000149,visdrone_det.pt,0.2,640,3,81,1
9999952_00000_d_0000149,visdrone_det.pt,0.25,640,3,66,0
9999952_00000_d_0000149,visdrone_det.pt,0.3,640,3,56,0
9999952_00000_d_0000149,visdrone_det.pt,0.4,640,3,49,0
9999952_00000_d_0000149,visdrone_det.pt,0.5,640,3,41,0
9999952_00000_d_0000149,visdrone_det.pt,0.05,1024,3,125,1
9999952_00000_d_0000149,visdrone_det.pt,0.1,1024,3,96,0
9999952_00000_d_0000149,visdrone_det.pt,0.15,1024,3,84,0
9999952_00000_d_0000149,visdrone_det.pt,0.2,1024,3,74,0
9999952_00000_d_0000149,visdrone_det.pt,0.25,1024,3,73,0
9999952_00000_d_0000149,visdrone_det.pt,0.3,1024,3,69,0
9999952_00000_d_0000149,visdrone_det.pt,0.4,1024,3,64,0
9999952_00000_d_0000149,visdrone_det.pt,0.5,1024,3,56,0
9999952_00000_d_0000149,visdrone_det.pt,0.05,1536,3,125,2
9999952_00000_d_0000149,visdrone_det.pt,0.1,1536,3,99,2
9999952_00000_d_0000149,visdrone_det.pt,0.15,1536,3,85,1
9999952_00000_d_0000149,visdrone_det.pt,0.2,1536,3,77,0
9999952_00000_d_0000149,visdrone_det.pt,0.25,1536,3,71,0
9999952_00000_d_0000149,visdrone_det.pt,0.3,1536,3,68,0
9999952_00000_d_0000149,visdrone_det.pt,0.4,1536,3,59,0
9999952_00000_d_0000149,visdrone_det.pt,0.5,1536,3,51,0
9999952_00000_d_0000151,visdrone_det.pt,0.05,640,1,152,0
9999952_00000_d_0000151,visdrone_det.pt,0.1,640,1,117,0
9999952_00000_d_0000151,visdrone_det.pt,0.15,640,1,96,0
9999952_00000_d_0000151,visdrone_det.pt,0.2,640,1,77,0
9999952_00000_d_0000151,visdrone_det.pt,0.25,640,1,65,0
9999952_00000_d_0000151,visdrone_det.pt,0.3,640,1,52,0
9999952_00000_d_0000151,visdrone_det.pt,0.4,640,1,38,0
9999952_00000_d_0000151,visdrone_det.pt,0.5,640,1,34,0
9999952_00000_d_0000151,visdrone_det.pt,0.05,1024,1,131,1
9999952_00000_d_0000151,visdrone_det.pt,0.1,1024,1,91,0
9999952_00000_d_0000151,visdrone_det.pt,0.15,1024,1,78,0
9999952_00000_d_0000151,visdrone_det.pt,0.2,1024,1,64,0
9999952_00000_d_0000151,visdrone_det.pt,0.25,1024,1,53,0
9999952_00000_d_0000151,visdrone_det.pt,0.3,1024,1,48,0
9999952_00000_d_0000151,visdrone_det.pt,0.4,1024,1,39,0
9999952_00000_d_0000151,visdrone_det.pt,0.5,1024,1,34,0
9999952_00000_d_0000151,visdrone_det.pt,0.05,1536,1,138,9
9999952_00000_d_0000151,visdrone_det.pt,0.1,1536,1,99,4
9999952_00000_d_0000151,visdrone_det.pt,0.15,1536,1,76,2
9999952_00000_d_0000151,visdrone_det.pt,0.2,1536,1,64,2
9999952_00000_d_0000151,visdrone_det.pt,0.25,1536,1,57,1
9999952_00000_d_0000151,visdrone_det.pt,0.3,1536,1,51,0
9999952_00000_d_0000151,visdrone_det.pt,0.4,1536,1,38,0
9999952_00000_d_0000151,visdrone_det.pt,0.5,1536,1,34,0
9999952_00000_d_0000161,visdrone_det.pt,0.05,640,3,70,1
9999952_00000_d_0000161,visdrone_det.pt,0.1,640,3,47,0
9999952_00000_d_0000161,visdrone_det.pt,0.15,640,3,38,0
9999952_00000_d_0000161,visdrone_det.pt,0.2,640,3,36,0
9999952_00000_d_0000161,visdrone_det.pt,0.25,640,3,30,0
9999952_00000_d_0000161,visdrone_det.pt,0.3,640,3,25,0
9999952_00000_d_0000161,visdrone_det.pt,0.4,640,3,21,0
9999952_00000_d_0000161,visdrone_det.pt,0.5,640,3,19,0
9999952_00000_d_0000161,visdrone_det.pt,0.05,1024,3,74,0
9999952_00000_d_0000161,visdrone_det.pt,0.1,1024,3,54,0
9999952_00000_d_0000161,visdrone_det.pt,0.15,1024,3,43,0
9999952_00000_d_0000161,visdrone_det.pt,0.2,1024,3,37,0
9999952_00000_d_0000161,visdrone_det.pt,0.25,1024,3,31,0
9999952_00000_d_0000161,visdrone_det.pt,0.3,1024,3,29,0
9999952_00000_d_0000161,visdrone_det.pt,0.4,1024,3,23,0
9999952_00000_d_0000161,visdrone_det.pt,0.5,1024,3,20,0
9999952_00000_d_0000161,visdrone_det.pt,0.05,1536,3,68,1
9999952_00000_d_0000161,visdrone_det.pt,0.1,1536,3,45,0
9999952_00000_d_0000161,visdrone_det.pt,0.15,1536,3,37,0
9999952_00000_d_0000161,visdrone_det.pt,0.2,1536,3,32,0
9999952_00000_d_0000161,visdrone_det.pt,0.25,1536,3,32,0
9999952_00000_d_0000161,visdrone_det.pt,0.3,1536,3,30,0
9999952_00000_d_0000161,visdrone_det.pt,0.4,1536,3,28,0
9999952_00000_d_0000161,visdrone_det.pt,0.5,1536,3,24,0
9999952_00000_d_0000162,visdrone_det.pt,0.05,640,1,50,0
9999952_00000_d_0000162,visdrone_det.pt,0.1,640,1,43,0
9999952_00000_d_0000162,visdrone_det.pt,0.15,640,1,40,0
9999952_00000_d_0000162,visdrone_det.pt,0.2,640,1,38,0
9999952_00000_d_0000162,visdrone_det.pt,0.25,640,1,35,0
9999952_00000_d_0000162,visdrone_det.pt,0.3,640,1,32,0
9999952_00000_d_0000162,visdrone_det.pt,0.4,640,1,29,0
9999952_00000_d_0000162,visdrone_det.pt,0.5,640,1,20,0
9999952_00000_d_0000162,visdrone_det.pt,0.05,1024,1,54,0
9999952_00000_d_0000162,visdrone_det.pt,0.1,1024,1,44,0
9999952_00000_d_0000162,visdrone_det.pt,0.15,1024,1,36,0
9999952_00000_d_0000162,visdrone_det.pt,0.2,1024,1,32,0
9999952_00000_d_0000162,visdrone_det.pt,0.25,1024,1,31,0
9999952_00000_d_0000162,visdrone_det.pt,0.3,1024,1,26,0
9999952_00000_d_0000162,visdrone_det.pt,0.4,1024,1,20,0
9999952_00000_d_0000162,visdrone_det.pt,0.5,1024,1,18,0
9999952_00000_d_0000162,visdrone_det.pt,0.05,1536,1,58,0
9999952_00000_d_0000162,visdrone_det.pt,0.1,1536,1,45,0
9999952_00000_d_0000162,visdrone_det.pt,0.15,1536,1,40,0
9999952_00000_d_0000162,visdrone_det.pt,0.2,1536,1,35,0
9999952_00000_d_0000162,visdrone_det.pt,0.25,1536,1,32,0
9999952_00000_d_0000162,visdrone_det.pt,0.3,1536,1,28,0
9999952_00000_d_0000162,visdrone_det.pt,0.4,1536,1,27,0
9999952_00000_d_0000162,visdrone_det.pt,0.5,1536,1,27,0
9999952_00000_d_0000168,visdrone_det.pt,0.05,640,7,16,0
9999952_00000_d_0000168,visdrone_det.pt,0.1,640,7,7,0
9999952_00000_d_0000168,visdrone_det.pt,0.15,640,7,6,0
9999952_00000_d_0000168,visdrone_det.pt,0.2,640,7,4,0
9999952_00000_d_0000168,visdrone_det.pt,0.25,640,7,4,0
9999952_00000_d_0000168,visdrone_det.pt,0.3,640,7,3,0
9999952_00000_d_0000168,visdrone_det.pt,0.4,640,7,2,0
9999952_00000_d_0000168,visdrone_det.pt,0.5,640,7,2,0
9999952_00000_d_0000168,visdrone_det.pt,0.05,1024,7,41,7
9999952_00000_d_0000168,visdrone_det.pt,0.1,1024,7,20,1
9999952_00000_d_0000168,visdrone_det.pt,0.15,1024,7,13,0
9999952_00000_d_0000168,visdrone_det.pt,0.2,1024,7,11,0
9999952_00000_d_0000168,visdrone_det.pt,0.25,1024,7,10,0
9999952_00000_d_0000168,visdrone_det.pt,0.3,1024,7,7,0
9999952_00000_d_0000168,visdrone_det.pt,0.4,1024,7,6,0
9999952_00000_d_0000168,visdrone_det.pt,0.5,1024,7,5,0
9999952_00000_d_0000168,visdrone_det.pt,0.05,1536,7,37,3
9999952_00000_d_0000168,visdrone_det.pt,0.1,1536,7,18,1
9999952_00000_d_0000168,visdrone_det.pt,0.15,1536,7,15,0
9999952_00000_d_0000168,visdrone_det.pt,0.2,1536,7,14,0
9999952_00000_d_0000168,visdrone_det.pt,0.25,1536,7,14,0
9999952_00000_d_0000168,visdrone_det.pt,0.3,1536,7,13,0
9999952_00000_d_0000168,visdrone_det.pt,0.4,1536,7,10,0
9999952_00000_d_0000168,visdrone_det.pt,0.5,1536,7,8,0
9999952_00000_d_0000177,visdrone_det.pt,0.05,640,1,32,0
9999952_00000_d_0000177,visdrone_det.pt,0.1,640,1,22,0
9999952_00000_d_0000177,visdrone_det.pt,0.15,640,1,14,0
9999952_00000_d_0000177,visdrone_det.pt,0.2,640,1,9,0
9999952_00000_d_0000177,visdrone_det.pt,0.25,640,1,9,0
9999952_00000_d_0000177,visdrone_det.pt,0.3,640,1,8,0
9999952_00000_d_0000177,visdrone_det.pt,0.4,640,1,8,0
9999952_00000_d_0000177,visdrone_det.pt,0.5,640,1,7,0
9999952_00000_d_0000177,visdrone_det.pt,0.05,1024,1,39,3
9999952_00000_d_0000177,visdrone_det.pt,0.1,1024,1,25,1
9999952_00000_d_0000177,visdrone_det.pt,0.15,1024,1,16,1
9999952_00000_d_0000177,visdrone_det.pt,0.2,1024,1,12,0
9999952_00000_d_0000177,visdrone_det.pt,0.25,1024,1,12,0
9999952_00000_d_0000177,visdrone_det.pt,0.3,1024,1,11,0
9999952_00000_d_0000177,visdrone_det.pt,0.4,1024,1,11,0
9999952_00000_d_0000177,visdrone_det.pt,0.5,1024,1,10,0
9999952_00000_d_0000177,visdrone_det.pt,0.05,1536,1,39,6
9999952_00000_d_0000177,visdrone_det.pt,0.1,1536,1,24,2
9999952_00000_d_0000177,visdrone_det.pt,0.15,1536,1,20,1
9999952_00000_d_0000177,visdrone_det.pt,0.2,1536,1,14,0
9999952_00000_d_0000177,visdrone_det.pt,0.25,1536,1,14,0
9999952_00000_d_0000177,visdrone_det.pt,0.3,1536,1,12,0
9999952_00000_d_0000177,visdrone_det.pt,0.4,1536,1,9,0
9999952_00000_d_0000177,visdrone_det.pt,0.5,1536,1,8,0
9999952_00000_d_0000193,visdrone_det.pt,0.05,640,6,119,1
9999952_00000_d_0000193,visdrone_det.pt,0.1,640,6,70,0
9999952_00000_d_0000193,visdrone_det.pt,0.15,640,6,46,0
9999952_00000_d_0000193,visdrone_det.pt,0.2,640,6,36,0
9999952_00000_d_0000193,visdrone_det.pt,0.25,640,6,28,0
9999952_00000_d_0000193,visdrone_det.pt,0.3,640,6,23,0
9999952_00000_d_0000193,visdrone_det.pt,0.4,640,6,12,0
9999952_00000_d_0000193,visdrone_det.pt,0.5,640,6,9,0
9999952_00000_d_0000193,visdrone_det.pt,0.05,1024,6,140,2
9999952_00000_d_0000193,visdrone_det.pt,0.1,1024,6,85,1
9999952_00000_d_0000193,visdrone_det.pt,0.15,1024,6,59,0
9999952_00000_d_0000193,visdrone_det.pt,0.2,1024,6,48,0
9999952_00000_d_0000193,visdrone_det.pt,0.25,1024,6,38,0
9999952_00000_d_0000193,visdrone_det.pt,0.3,1024,6,31,0
9999952_00000_d_0000193,visdrone_det.pt,0.4,1024,6,23,0
9999952_00000_d_0000193,visdrone_det.pt,0.5,1024,6,16,0
9999952_00000_d_0000193,visdrone_det.pt,0.05,1536,6,144,4
9999952_00000_d_0000193,visdrone_det.pt,0.1,1536,6,75,0
9999952_00000_d_0000193,visdrone_det.pt,0.15,1536,6,54,0
9999952_00000_d_0000193,visdrone_det.pt,0.2,1536,6,45,0
9999952_00000_d_0000193,visdrone_det.pt,0.25,1536,6,39,0
9999952_00000_d_0000193,visdrone_det.pt,0.3,1536,6,33,0
9999952_00000_d_0000193,visdrone_det.pt,0.4,1536,6,22,0
9999952_00000_d_0000193,visdrone_det.pt,0.5,1536,6,14,0
9999952_00000_d_0000197,visdrone_det.pt,0.05,640,4,62,0
9999952_00000_d_0000197,visdrone_det.pt,0.1,640,4,41,0
9999952_00000_d_0000197,visdrone_det.pt,0.15,640,4,38,0
9999952_00000_d_0000197,visdrone_det.pt,0.2,640,4,35,0
9999952_00000_d_0000197,visdrone_det.pt,0.25,640,4,33,0
9999952_00000_d_0000197,visdrone_det.pt,0.3,640,4,31,0
9999952_00000_d_0000197,visdrone_det.pt,0.4,640,4,27,0
9999952_00000_d_0000197,visdrone_det.pt,0.5,640,4,21,0
9999952_00000_d_0000197,visdrone_det.pt,0.05,1024,4,67,2
9999952_00000_d_0000197,visdrone_det.pt,0.1,1024,4,50,0
9999952_00000_d_0000197,visdrone_det.pt,0.15,1024,4,43,0
9999952_00000_d_0000197,visdrone_det.pt,0.2,1024,4,41,0
9999952_00000_d_0000197,visdrone_det.pt,0.25,1024,4,37,0
9999952_00000_d_0000197,visdrone_det.pt,0.3,1024,4,35,0
9999952_00000_d_0000197,visdrone_det.pt,0.4,1024,4,31,0
9999952_00000_d_0000197,visdrone_det.pt,0.5,1024,4,26,0
9999952_00000_d_0000197,visdrone_det.pt,0.05,1536,4,76,9
9999952_00000_d_0000197,visdrone_det.pt,0.1,1536,4,57,2
9999952_00000_d_0000197,visdrone_det.pt,0.15,1536,4,50,1
9999952_00000_d_0000197,visdrone_det.pt,0.2,1536,4,44,0
9999952_00000_d_0000197,visdrone_det.pt,0.25,1536,4,39,0
9999952_00000_d_0000197,visdrone_det.pt,0.3,1536,4,31,0
9999952_00000_d_0000197,visdrone_det.pt,0.4,1536,4,27,0
9999952_00000_d_0000197,visdrone_det.pt,0.5,1536,4,23,0
9999952_00000_d_0000214,visdrone_det.pt,0.05,640,9,109,0
9999952_00000_d_0000214,visdrone_det.pt,0.1,640,9,52,0
9999952_00000_d_0000214,visdrone_det.pt,0.15,640,9,34,0
9999952_00000_d_0000214,visdrone_det.pt,0.2,640,9,26,0
9999952_00000_d_0000214,visdrone_det.pt,0.25,640,9,18,0
9999952_00000_d_0000214,visdrone_det.pt,0.3,640,9,15,0
9999952_00000_d_0000214,visdrone_det.pt,0.4,640,9,8,0
9999952_00000_d_0000214,visdrone_det.pt,0.5,640,9,7,0
9999952_00000_d_0000214,visdrone_det.pt,0.05,1024,9,120,0
9999952_00000_d_0000214,visdrone_det.pt,0.1,1024,9,79,0
9999952_00000_d_0000214,visdrone_det.pt,0.15,1024,9,59,0
9999952_00000_d_0000214,visdrone_det.pt,0.2,1024,9,51,0
9999952_00000_d_0000214,visdrone_det.pt,0.25,1024,9,42,0
9999952_00000_d_0000214,visdrone_det.pt,0.3,1024,9,34,0
9999952_00000_d_0000214,visdrone_det.pt,0.4,1024,9,15,0
9999952_00000_d_0000214,visdrone_det.pt,0.5,1024,9,9,0
9999952_00000_d_0000214,visdrone_det.pt,0.05,1536,9,131,13
9999952_00000_d_0000214,visdrone_det.pt,0.1,1536,9,83,2
9999952_00000_d_0000214,visdrone_det.pt,0.15,1536,9,66,1
9999952_00000_d_0000214,visdrone_det.pt,0.2,1536,9,50,0
9999952_00000_d_0000214,visdrone_det.pt,0.25,1536,9,40,0
9999952_00000_d_0000214,visdrone_det.pt,0.3,1536,9,35,0
9999952_00000_d_0000214,visdrone_det.pt,0.4,1536,9,22,0
9999952_00000_d_0000214,visdrone_det.pt,0.5,1536,9,14,0
9999952_00000_d_0000216,visdrone_det.pt,0.05,640,1,31,2
9999952_00000_d_0000216,visdrone_det.pt,0.1,640,1,25,2
9999952_00000_d_0000216,visdrone_det.pt,0.15,640,1,24,2
9999952_00000_d_0000216,visdrone_det.pt,0.2,640,1,22,2
9999952_00000_d_0000216,visdrone_det.pt,0.25,640,1,21,1
9999952_00000_d_0000216,visdrone_det.pt,0.3,640,1,17,0
9999952_00000_d_0000216,visdrone_det.pt,0.4,640,1,15,0
9999952_00000_d_0000216,visdrone_det.pt,0.5,640,1,12,0
9999952_00000_d_0000216,visdrone_det.pt,0.05,1024,1,36,3
9999952_00000_d_0000216,visdrone_det.pt,0.1,1024,1,27,3
9999952_00000_d_0000216,visdrone_det.pt,0.15,1024,1,25,2
9999952_00000_d_0000216,visdrone_det.pt,0.2,1024,1,23,2
9999952_00000_d_0000216,visdrone_det.pt,0.25,1024,1,21,2
9999952_00000_d_0000216,visdrone_det.pt,0.3,1024,1,19,2
9999952_00000_d_0000216,visdrone_det.pt,0.4,1024,1,15,2
9999952_00000_d_0000216,visdrone_det.pt,0.5,1024,1,14,1
9999952_00000_d_0000216,visdrone_det.pt,0.05,1536,1,44,7
9999952_00000_d_0000216,visdrone_det.pt,0.1,1536,1,33,6
9999952_00000_d_0000216,visdrone_det.pt,0.15,1536,1,24,3
9999952_00000_d_0000216,visdrone_det.pt,0.2,1536,1,21,3
9999952_00000_d_0000216,visdrone_det.pt,0.25,1536,1,21,3
9999952_00000_d_0000216,visdrone_det.pt,0.3,1536,1,17,3
9999952_00000_d_0000216,visdrone_det.pt,0.4,1536,1,13,2
9999952_00000_d_0000216,visdrone_det.pt,0.5,1536,1,11,1
9999952_00000_d_0000217,visdrone_det.pt,0.05,640,7,147,1
9999952_00000_d_0000217,visdrone_det.pt,0.1,640,7,77,0
9999952_00000_d_0000217,visdrone_det.pt,0.15,640,7,47,0
9999952_00000_d_0000217,visdrone_det.pt,0.2,640,7,38,0
9999952_00000_d_0000217,visdrone_det.pt,0.25,640,7,28,0
9999952_00000_d_0000217,visdrone_det.pt,0.3,640,7,21,0
9999952_00000_d_0000217,visdrone_det.pt,0.4,640,7,14,0
9999952_00000_d_0000217,visdrone_det.pt,0.5,640,7,10,0
9999952_00000_d_0000217,visdrone_det.pt,0.05,1024,7,191,16
9999952_00000_d_0000217,visdrone_det.pt,0.1,1024,7,115,6
9999952_00000_d_0000217,visdrone_det.pt,0.15,1024,7,80,0
9999952_00000_d_0000217,visdrone_det.pt,0.2,1024,7,69,0
9999952_00000_d_0000217,visdrone_det.pt,0.25,1024,7,60,0
9999952_00000_d_0000217,visdrone_det.pt,0.3,1024,7,49,0
9999952_00000_d_0000217,visdrone_det.pt,0.4,1024,7,31,0
9999952_00000_d_0000217,visdrone_det.pt,0.5,1024,7,17,0
9999952_00000_d_0000217,visdrone_det.pt,0.05,1536,7,220,22
9999952_00000_d_0000217,visdrone_det.pt,0.1,1536,7,143,8
9999952_00000_d_0000217,visdrone_det.pt,0.15,1536,7,109,3
9999952_00000_d_0000217,visdrone_det.pt,0.2,1536,7,89,1
9999952_00000_d_0000217,visdrone_det.pt,0.25,1536,7,76,0
9999952_00000_d_0000217,visdrone_det.pt,0.3,1536,7,64,0
9999952_00000_d_0000217,visdrone_det.pt,0.4,1536,7,43,0
9999952_00000_d_0000217,visdrone_det.pt,0.5,1536,7,31,0
9999952_00000_d_0000218,visdrone_det.pt,0.05,640,1,20,0
9999952_00000_d_0000218,visdrone_det.pt,0.1,640,1,17,0
9999952_00000_d_0000218,visdrone_det.pt,0.15,640,1,13,0
9999952_00000_d_0000218,visdrone_det.pt,0.2,640,1,13,0
9999952_00000_d_0000218,visdrone_det.pt,0.25,640,1,12,0
9999952_00000_d_0000218,visdrone_det.pt,0.3,640,1,9,0
9999952_00000_d_0000218,visdrone_det.pt,0.4,640,1,9,0
9999952_00000_d_0000218,visdrone_det.pt,0.5,640,1,6,0
9999952_00000_d_0000218,visdrone_det.pt,0.05,1024,1,32,0
9999952_00000_d_0000218,visdrone_det.pt,0.1,1024,1,22,0
9999952_00000_d_0000218,visdrone_det.pt,0.15,1024,1,19,0
9999952_00000_d_0000218,visdrone_det.pt,0.2,1024,1,16,0
9999952_00000_d_0000218,visdrone_det.pt,0.25,1024,1,16,0
9999952_00000_d_0000218,visdrone_det.pt,0.3,1024,1,15,0
9999952_00000_d_0000218,visdrone_det.pt,0.4,1024,1,13,0
9999952_00000_d_0000218,visdrone_det.pt,0.5,1024,1,11,0
9999952_00000_d_0000218,visdrone_det.pt,0.05,1536,1,48,6
9999952_00000_d_0000218,visdrone_det.pt,0.1,1536,1,32,4
9999952_00000_d_0000218,visdrone_det.pt,0.15,1536,1,23,0
9999952_00000_d_0000218,visdrone_det.pt,0.2,1536,1,17,0
9999952_00000_d_0000218,visdrone_det.pt,0.25,1536,1,15,0
9999952_00000_d_0000218,visdrone_det.pt,0.3,1536,1,14,0
9999952_00000_d_0000218,visdrone_det.pt,0.4,1536,1,9,0
9999952_00000_d_0000218,visdrone_det.pt,0.5,1536,1,6,0
9999952_00000_d_0000223,visdrone_det.pt,0.05,640,2,164,1
9999952_00000_d_0000223,visdrone_det.pt,0.1,640,2,102,0
9999952_00000_d_0000223,visdrone_det.pt,0.15,640,2,67,0
9999952_00000_d_0000223,visdrone_det.pt,0.2,640,2,48,0
9999952_00000_d_0000223,visdrone_det.pt,0.25,640,2,43,0
9999952_00000_d_0000223,visdrone_det.pt,0.3,640,2,37,0
9999952_00000_d_0000223,visdrone_det.pt,0.4,640,2,29,0
9999952_00000_d_0000223,visdrone_det.pt,0.5,640,2,21,0
9999952_00000_d_0000223,visdrone_det.pt,0.05,1024,2,166,3
9999952_00000_d_0000223,visdrone_det.pt,0.1,1024,2,118,2
9999952_00000_d_0000223,visdrone_det.pt,0.15,1024,2,96,1
9999952_00000_d_0000223,visdrone_det.pt,0.2,1024,2,81,0
9999952_00000_d_0000223,visdrone_det.pt,0.25,1024,2,69,0
9999952_00000_d_0000223,visdrone_det.pt,0.3,1024,2,64,0
9999952_00000_d_0000223,visdrone_det.pt,0.4,1024,2,48,0
9999952_00000_d_0000223,visdrone_det.pt,0.5,1024,2,36,0
9999952_00000_d_0000223,visdrone_det.pt,0.05,1536,2,207,15
9999952_00000_d_0000223,visdrone_det.pt,0.1,1536,2,149,6
9999952_00000_d_0000223,visdrone_det.pt,0.15,1536,2,117,4
9999952_00000_d_0000223,visdrone_det.pt,0.2,1536,2,98,2
9999952_00000_d_0000223,visdrone_det.pt,0.25,1536,2,87,1
9999952_00000_d_0000223,visdrone_det.pt,0.3,1536,2,72,0
9999952_00000_d_0000223,visdrone_det.pt,0.4,1536,2,55,0
9999952_00000_d_0000223,visdrone_det.pt,0.5,1536,2,44,0
9999952_00000_d_0000229,visdrone_det.pt,0.05,640,2,132,0
9999952_00000_d_0000229,visdrone_det.pt,0.1,640,2,91,0
9999952_00000_d_0000229,visdrone_det.pt,0.15,640,2,78,0
9999952_00000_d_0000229,visdrone_det.pt,0.2,640,2,61,0
9999952_00000_d_0000229,visdrone_det.pt,0.25,640,2,52,0
9999952_00000_d_0000229,visdrone_det.pt,0.3,640,2,43,0
9999952_00000_d_0000229,visdrone_det.pt,0.4,640,2,30,0
9999952_00000_d_0000229,visdrone_det.pt,0.5,640,2,22,0
9999952_00000_d_0000229,visdrone_det.pt,0.05,1024,2,101,0
9999952_00000_d_0000229,visdrone_det.pt,0.1,1024,2,77,0
9999952_00000_d_0000229,visdrone_det.pt,0.15,1024,2,60,0
9999952_00000_d_0000229,visdrone_det.pt,0.2,1024,2,48,0
9999952_00000_d_0000229,visdrone_det.pt,0.25,1024,2,39,0
9999952_00000_d_0000229,visdrone_det.pt,0.3,1024,2,35,0
9999952_00000_d_0000229,visdrone_det.pt,0.4,1024,2,25,0
9999952_00000_d_0000229,visdrone_det.pt,0.5,1024,2,20,0
9999952_00000_d_0000229,visdrone_det.pt,0.05,1536,2,94,4
9999952_00000_d_0000229,visdrone_det.pt,0.1,1536,2,65,3
9999952_00000_d_0000229,visdrone_det.pt,0.15,1536,2,52,2
9999952_00000_d_0000229,visdrone_det.pt,0.2,1536,2,46,1
9999952_00000_d_0000229,visdrone_det.pt,0.25,1536,2,42,1
9999952_00000_d_0000229,visdrone_det.pt,0.3,1536,2,32,1
9999952_00000_d_0000229,visdrone_det.pt,0.4,1536,2,21,0
9999952_00000_d_0000229,visdrone_det.pt,0.5,1536,2,19,0
9999952_00000_d_0000233,visdrone_det.pt,0.05,640,3,251,0
9999952_00000_d_0000233,visdrone_det.pt,0.1,640,3,173,0
9999952_00000_d_0000233,visdrone_det.pt,0.15,640,3,133,0
9999952_00000_d_0000233,visdrone_det.pt,0.2,640,3,104,0
9999952_00000_d_0000233,visdrone_det.pt,0.25,640,3,83,0
9999952_00000_d_0000233,visdrone_det.pt,0.3,640,3,66,0
9999952_00000_d_0000233,visdrone_det.pt,0.4,640,3,45,0
9999952_00000_d_0000233,visdrone_det.pt,0.5,640,3,31,0
9999952_00000_d_0000233,visdrone_det.pt,0.05,1024,3,268,1
9999952_00000_d_0000233,visdrone_det.pt,0.1,1024,3,181,0
9999952_00000_d_0000233,visdrone_det.pt,0.15,1024,3,142,0
9999952_00000_d_0000233,visdrone_det.pt,0.2,1024,3,122,0
9999952_00000_d_0000233,visdrone_det.pt,0.25,1024,3,106,0
9999952_00000_d_0000233,visdrone_det.pt,0.3,1024,3,89,0
9999952_00000_d_0000233,visdrone_det.pt,0.4,1024,3,59,0
9999952_00000_d_0000233,visdrone_det.pt,0.5,1024,3,36,0
9999952_00000_d_0000233,visdrone_det.pt,0.05,1536,3,252,5
9999952_00000_d_0000233,visdrone_det.pt,0.1,1536,3,160,3
9999952_00000_d_0000233,visdrone_det.pt,0.15,1536,3,122,0
9999952_00000_d_0000233,visdrone_det.pt,0.2,1536,3,97,0
9999952_00000_d_0000233,visdrone_det.pt,0.25,1536,3,85,0
9999952_00000_d_0000233,visdrone_det.pt,0.3,1536,3,73,0
9999952_00000_d_0000233,visdrone_det.pt,0.4,1536,3,54,0
9999952_00000_d_0000233,visdrone_det.pt,0.5,1536,3,39,0
9999952_00000_d_0000238,visdrone_det.pt,0.05,640,3,97,0
9999952_00000_d_0000238,visdrone_det.pt,0.1,640,3,62,0
9999952_00000_d_0000238,visdrone_det.pt,0.15,640,3,46,0
9999952_00000_d_0000238,visdrone_det.pt,0.2,640,3,36,0
9999952_00000_d_0000238,visdrone_det.pt,0.25,640,3,33,0
9999952_00000_d_0000238,visdrone_det.pt,0.3,640,3,27,0
9999952_00000_d_0000238,visdrone_det.pt,0.4,640,3,18,0
9999952_00000_d_0000238,visdrone_det.pt,0.5,640,3,16,0
9999952_00000_d_0000238,visdrone_det.pt,0.05,1024,3,119,0
9999952_00000_d_0000238,visdrone_det.pt,0.1,1024,3,67,0
9999952_00000_d_0000238,visdrone_det.pt,0.15,1024,3,50,0
9999952_00000_d_0000238,visdrone_det.pt,0.2,1024,3,45,0
9999952_00000_d_0000238,visdrone_det.pt,0.25,1024,3,39,0
9999952_00000_d_0000238,visdrone_det.pt,0.3,1024,3,33,0
9999952_00000_d_0000238,visdrone_det.pt,0.4,1024,3,28,0
9999952_00000_d_0000238,visdrone_det.pt,0.5,1024,3,20,0
9999952_00000_d_0000238,visdrone_det.pt,0.05,1536,3,147,1
9999952_00000_d_0000238,visdrone_det.pt,0.1,1536,3,84,1
9999952_00000_d_0000238,visdrone_det.pt,0.15,1536,3,64,0
9999952_00000_d_0000238,visdrone_det.pt,0.2,1536,3,53,0
9999952_00000_d_0000238,visdrone_det.pt,0.25,1536,3,42,0
9999952_00000_d_0000238,visdrone_det.pt,0.3,1536,3,37,0
9999952_00000_d_0000238,visdrone_det.pt,0.4,1536,3,27,0
9999952_00000_d_0000238,visdrone_det.pt,0.5,1536,3,24,0
9999952_00000_d_0000251,visdrone_det.pt,0.05,640,4,106,0
9999952_00000_d_0000251,visdrone_det.pt,0.1,640,4,65,0
9999952_00000_d_0000251,visdrone_det.pt,0.15,640,4,51,0
9999952_00000_d_0000251,visdrone_det.pt,0.2,640,4,37,0
9999952_00000_d_0000251,visdrone_det.pt,0.25,640,4,31,0
9999952_00000_d_0000251,visdrone_det.pt,0.3,640,4,18,0
9999952_00000_d_0000251,visdrone_det.pt,0.4,640,4,17,0
9999952_00000_d_0000251,visdrone_det.pt,0.5,640,4,14,0
9999952_00000_d_0000251,visdrone_det.pt,0.05,1024,4,201,0
9999952_00000_d_0000251,visdrone_det.pt,0.1,1024,4,127,0
9999952_00000_d_0000251,visdrone_det.pt,0.15,1024,4,91,0
9999952_00000_d_0000251,visdrone_det.pt,0.2,1024,4,71,0
9999952_00000_d_0000251,visdrone_det.pt,0.25,1024,4,55,0
9999952_00000_d_0000251,visdrone_det.pt,0.3,1024,4,39,0
9999952_00000_d_0000251,visdrone_det.pt,0.4,1024,4,27,0
9999952_00000_d_0000251,visdrone_det.pt,0.5,1024,4,17,0
9999952_00000_d_0000251,visdrone_det.pt,0.05,1536,4,234,1
9999952_00000_d_0000251,visdrone_det.pt,0.1,1536,4,150,0
9999952_00000_d_0000251,visdrone_det.pt,0.15,1536,4,102,0
9999952_00000_d_0000251,visdrone_det.pt,0.2,1536,4,85,0
9999952_00000_d_0000251,visdrone_det.pt,0.25,1536,4,73,0
9999952_00000_d_0000251,visdrone_det.pt,0.3,1536,4,61,0
9999952_00000_d_0000251,visdrone_det.pt,0.4,1536,4,41,0
9999952_00000_d_0000251,visdrone_det.pt,0.5,1536,4,32,0
9999952_00000_d_0000256,visdrone_det.pt,0.05,640,5,112,0
9999952_00000_d_0000256,visdrone_det.pt,0.1,640,5,62,0
9999952_00000_d_0000256,visdrone_det.pt,0.15,640,5,41,0
9999952_00000_d_0000256,visdrone_det.pt,0.2,640,5,33,0
9999952_00000_d_0000256,visdrone_det.pt,0.25,640,5,25,0
9999952_00000_d_0000256,visdrone_det.pt,0.3,640,5,18,0
9999952_00000_d_0000256,visdrone_det.pt,0.4,640,5,13,0
9999952_00000_d_0000256,visdrone_det.pt,0.5,640,5,10,0
9999952_00000_d_0000256,visdrone_det.pt,0.05,1024,5,162,0
9999952_00000_d_0000256,visdrone_det.pt,0.1,1024,5,104,0
9999952_00000_d_0000256,visdrone_det.pt,0.15,1024,5,84,0
9999952_00000_d_0000256,visdrone_det.pt,0.2,1024,5,64,0
9999952_00000_d_0000256,visdrone_det.pt,0.25,1024,5,47,0
9999952_00000_d_0000256,visdrone_det.pt,0.3,1024,5,39,0
9999952_00000_d_0000256,visdrone_det.pt,0.4,1024,5,28,0
9999952_00000_d_0000256,visdrone_det.pt,0.5,1024,5,18,0
9999952_00000_d_0000256,visdrone_det.pt,0.05,1536,5,213,9
9999952_00000_d_0000256,visdrone_det.pt,0.1,1536,5,126,2
9999952_00000_d_0000256,visdrone_det.pt,0.15,1536,5,93,0
9999952_00000_d_0000256,visdrone_det.pt,0.2,1536,5,77,0
9999952_00000_d_0000256,visdrone_det.pt,0.25,1536,5,63,0
9999952_00000_d_0000256,visdrone_det.pt,0.3,1536,5,54,0
9999952_00000_d_0000256,visdrone_det.pt,0.4,1536,5,41,0
9999952_00000_d_0000256,visdrone_det.pt,0.5,1536,5,26,0
9999952_00000_d_0000258,visdrone_det.pt,0.05,640,4,108,0
9999952_00000_d_0000258,visdrone_det.pt,0.1,640,4,56,0
9999952_00000_d_0000258,visdrone_det.pt,0.15,640,4,36,0
9999952_00000_d_0000258,visdrone_det.pt,0.2,640,4,27,0
9999952_00000_d_0000258,visdrone_det.pt,0.25,640,4,19,0
9999952_00000_d_0000258,visdrone_det.pt,0.3,640,4,16,0
9999952_00000_d_0000258,visdrone_det.pt,0.4,640,4,8,0
9999952_00000_d_0000258,visdrone_det.pt,0.5,640,4,4,0
9999952_00000_d_0000258,visdrone_det.pt,0.05,1024,4,99,2
9999952_00000_d_0000258,visdrone_det.pt,0.1,1024,4,67,0
9999952_00000_d_0000258,visdrone_det.pt,0.15,1024,4,49,0
9999952_00000_d_0000258,visdrone_det.pt,0.2,1024,4,39,0
9999952_00000_d_0000258,visdrone_det.pt,0.25,1024,4,33,0
9999952_00000_d_0000258,visdrone_det.pt,0.3,1024,4,26,0
9999952_00000_d_0000258,visdrone_det.pt,0.4,1024,4,18,0
9999952_00000_d_0000258,visdrone_det.pt,0.5,1024,4,11,0
9999952_00000_d_0000258,visdrone_det.pt,0.05,1536,4,101,2
9999952_00000_d_0000258,visdrone_det.pt,0.1,1536,4,74,2
9999952_00000_d_0000258,visdrone_det.pt,0.15,1536,4,51,1
9999952_00000_d_0000258,visdrone_det.pt,0.2,1536,4,47,1
9999952_00000_d_0000258,visdrone_det.pt,0.25,1536,4,37,0
9999952_00000_d_0000258,visdrone_det.pt,0.3,1536,4,34,0
9999952_00000_d_0000258,visdrone_det.pt,0.4,1536,4,26,0
9999952_00000_d_0000258,visdrone_det.pt,0.5,1536,4,16,0
9999952_00000_d_0000264,visdrone_det.pt,0.05,640,4,79,0
9999952_00000_d_0000264,visdrone_det.pt,0.1,640,4,43,0
9999952_00000_d_0000264,visdrone_det.pt,0.15,640,4,31,0
9999952_00000_d_0000264,visdrone_det.pt,0.2,640,4,19,0
9999952_00000_d_0000264,visdrone_det.pt,0.25,640,4,13,0
9999952_00000_d_0000264,visdrone_det.pt,0.3,640,4,9,0
9999952_00000_d_0000264,visdrone_det.pt,0.4,640,4,4,0
9999952_00000_d_0000264,visdrone_det.pt,0.5,640,4,1,0
9999952_00000_d_0000264,visdrone_det.pt,0.05,1024,4,75,1
9999952_00000_d_0000264,visdrone_det.pt,0.1,1024,4,47,1
9999952_00000_d_0000264,visdrone_det.pt,0.15,1024,4,36,0
9999952_00000_d_0000264,visdrone_det.pt,0.2,1024,4,28,0
9999952_00000_d_0000264,visdrone_det.pt,0.25,1024,4,21,0
9999952_00000_d_0000264,visdrone_det.pt,0.3,1024,4,20,0
9999952_00000_d_0000264,visdrone_det.pt,0.4,1024,4,14,0
9999952_00000_d_0000264,visdrone_det.pt,0.5,1024,4,11,0
9999952_00000_d_0000264,visdrone_det.pt,0.05,1536,4,60,3
9999952_00000_d_0000264,visdrone_det.pt,0.1,1536,4,48,2
9999952_00000_d_0000264,visdrone_det.pt,0.15,1536,4,41,1
9999952_00000_d_0000264,visdrone_det.pt,0.2,1536,4,36,1
9999952_00000_d_0000264,visdrone_det.pt,0.25,1536,4,32,0
9999952_00000_d_0000264,visdrone_det.pt,0.3,1536,4,27,0
9999952_00000_d_0000264,visdrone_det.pt,0.4,1536,4,19,0
9999952_00000_d_0000264,visdrone_det.pt,0.5,1536,4,16,0
9999952_00000_d_0000270,visdrone_det.pt,0.05,640,7,119,1
9999952_00000_d_0000270,visdrone_det.pt,0.1,640,7,66,0
9999952_00000_d_0000270,visdrone_det.pt,0.15,640,7,45,0
9999952_00000_d_0000270,visdrone_det.pt,0.2,640,7,34,0
9999952_00000_d_0000270,visdrone_det.pt,0.25,640,7,24,0
9999952_00000_d_0000270,visdrone_det.pt,0.3,640,7,22,0
9999952_00000_d_0000270,visdrone_det.pt,0.4,640,7,12,0
9999952_00000_d_0000270,visdrone_det.pt,0.5,640,7,5,0
9999952_00000_d_0000270,visdrone_det.pt,0.05,1024,7,131,0
9999952_00000_d_0000270,visdrone_det.pt,0.1,1024,7,81,0
9999952_00000_d_0000270,visdrone_det.pt,0.15,1024,7,61,0
9999952_00000_d_0000270,visdrone_det.pt,0.2,1024,7,51,0
9999952_00000_d_0000270,visdrone_det.pt,0.25,1024,7,43,0
9999952_00000_d_0000270,visdrone_det.pt,0.3,1024,7,35,0
9999952_00000_d_0000270,visdrone_det.pt,0.4,1024,7,28,0
9999952_00000_d_0000270,visdrone_det.pt,0.5,1024,7,19,0
9999952_00000_d_0000270,visdrone_det.pt,0.05,1536,7,152,5
9999952_00000_d_0000270,visdrone_det.pt,0.1,1536,7,95,2
9999952_00000_d_0000270,visdrone_det.pt,0.15,1536,7,83,1
9999952_00000_d_0000270,visdrone_det.pt,0.2,1536,7,71,0
9999952_00000_d_0000270,visdrone_det.pt,0.25,1536,7,62,0
9999952_00000_d_0000270,visdrone_det.pt,0.3,1536,7,54,0
9999952_00000_d_0000270,visdrone_det.pt,0.4,1536,7,40,0
9999952_00000_d_0000270,visdrone_det.pt,0.5,1536,7,27,0
9999952_00000_d_0000274,visdrone_det.pt,0.05,640,2,71,0
9999952_00000_d_0000274,visdrone_det.pt,0.1,640,2,41,0
9999952_00000_d_0000274,visdrone_det.pt,0.15,640,2,28,0
9999952_00000_d_0000274,visdrone_det.pt,0.2,640,2,22,0
9999952_00000_d_0000274,visdrone_det.pt,0.25,640,2,17,0
9999952_00000_d_0000274,visdrone_det.pt,0.3,640,2,12,0
9999952_00000_d_0000274,visdrone_det.pt,0.4,640,2,11,0
9999952_00000_d_0000274,visdrone_det.pt,0.5,640,2,9,0
9999952_00000_d_0000274,visdrone_det.pt,0.05,1024,2,73,0
9999952_00000_d_0000274,visdrone_det.pt,0.1,1024,2,58,0
9999952_00000_d_0000274,visdrone_det.pt,0.15,1024,2,47,0
9999952_00000_d_0000274,visdrone_det.pt,0.2,1024,2,36,0
9999952_00000_d_0000274,visdrone_det.pt,0.25,1024,2,33,0
9999952_00000_d_0000274,visdrone_det.pt,0.3,1024,2,28,0
9999952_00000_d_0000274,visdrone_det.pt,0.4,1024,2,12,0
9999952_00000_d_0000274,visdrone_det.pt,0.5,1024,2,5,0
9999952_00000_d_0000274,visdrone_det.pt,0.05,1536,2,98,0
9999952_00000_d_0000274,visdrone_det.pt,0.1,1536,2,70,0
9999952_00000_d_0000274,visdrone_det.pt,0.15,1536,2,63,0
9999952_00000_d_0000274,visdrone_det.pt,0.2,1536,2,56,0
9999952_00000_d_0000274,visdrone_det.pt,0.25,1536,2,51,0
9999952_00000_d_0000274,visdrone_det.pt,0.3,1536,2,44,0
9999952_00000_d_0000274,visdrone_det.pt,0.4,1536,2,31,0
9999952_00000_d_0000274,visdrone_det.pt,0.5,1536,2,21,0
9999952_00000_d_0000276,visdrone_det.pt,0.05,640,3,105,1
9999952_00000_d_0000276,visdrone_det.pt,0.1,640,3,72,1
9999952_00000_d_0000276,visdrone_det.pt,0.15,640,3,50,0
9999952_00000_d_0000276,visdrone_det.pt,0.2,640,3,34,0
9999952_00000_d_0000276,visdrone_det.pt,0.25,640,3,27,0
9999952_00000_d_0000276,visdrone_det.pt,0.3,640,3,20,0
9999952_00000_d_0000276,visdrone_det.pt,0.4,640,3,15,0
9999952_00000_d_0000276,visdrone_det.pt,0.5,640,3,13,0
9999952_00000_d_0000276,visdrone_det.pt,0.05,1024,3,131,0
9999952_00000_d_0000276,visdrone_det.pt,0.1,1024,3,80,0
9999952_00000_d_0000276,visdrone_det.pt,0.15,1024,3,53,0
9999952_00000_d_0000276,visdrone_det.pt,0.2,1024,3,41,0
9999952_00000_d_0000276,visdrone_det.pt,0.25,1024,3,33,0
9999952_00000_d_0000276,visdrone_det.pt,0.3,1024,3,28,0
9999952_00000_d_0000276,visdrone_det.pt,0.4,1024,3,19,0
9999952_00000_d_0000276,visdrone_det.pt,0.5,1024,3,11,0
9999952_00000_d_0000276,visdrone_det.pt,0.05,1536,3,151,2
9999952_00000_d_0000276,visdrone_det.pt,0.1,1536,3,86,0
9999952_00000_d_0000276,visdrone_det.pt,0.15,1536,3,63,0
9999952_00000_d_0000276,visdrone_det.pt,0.2,1536,3,49,0
9999952_00000_d_0000276,visdrone_det.pt,0.25,1536,3,41,0
9999952_00000_d_0000276,visdrone_det.pt,0.3,1536,3,30,0
9999952_00000_d_0000276,visdrone_det.pt,0.4,1536,3,25,0
9999952_00000_d_0000276,visdrone_det.pt,0.5,1536,3,16,0
9999952_00000_d_0000284,visdrone_det.pt,0.05,640,6,33,0
9999952_00000_d_0000284,visdrone_det.pt,0.1,640,6,24,0
9999952_00000_d_0000284,visdrone_det.pt,0.15,640,6,19,0
9999952_00000_d_0000284,visdrone_det.pt,0.2,640,6,16,0
9999952_00000_d_0000284,visdrone_det.pt,0.25,640,6,14,0
9999952_00000_d_0000284,visdrone_det.pt,0.3,640,6,11,0
9999952_00000_d_0000284,visdrone_det.pt,0.4,640,6,8,0
9999952_00000_d_0000284,visdrone_det.pt,0.5,640,6,8,0
9999952_00000_d_0000284,visdrone_det.pt,0.05,1024,6,41,10
9999952_00000_d_0000284,visdrone_det.pt,0.1,1024,6,25,3
9999952_00000_d_0000284,visdrone_det.pt,0.15,1024,6,17,1
9999952_00000_d_0000284,visdrone_det.pt,0.2,1024,6,15,0
9999952_00000_d_0000284,visdrone_det.pt,0.25,1024,6,14,0
9999952_00000_d_0000284,visdrone_det.pt,0.3,1024,6,14,0
9999952_00000_d_0000284,visdrone_det.pt,0.4,1024,6,14,0
9999952_00000_d_0000284,visdrone_det.pt,0.5,1024,6,10,0
9999952_00000_d_0000284,visdrone_det.pt,0.05,1536,6,31,2
9999952_00000_d_0000284,visdrone_det.pt,0.1,1536,6,23,1
9999952_00000_d_0000284,visdrone_det.pt,0.15,1536,6,21,0
9999952_00000_d_0000284,visdrone_det.pt,0.2,1536,6,17,0
9999952_00000_d_0000284,visdrone_det.pt,0.25,1536,6,14,0
9999952_00000_d_0000284,visdrone_det.pt,0.3,1536,6,12,0
9999952_00000_d_0000284,visdrone_det.pt,0.4,1536,6,11,0
9999952_00000_d_0000284,visdrone_det.pt,0.5,1536,6,10,0
9999952_00000_d_0000289,visdrone_det.pt,0.05,640,1,88,0
9999952_00000_d_0000289,visdrone_det.pt,0.1,640,1,54,0
9999952_00000_d_0000289,visdrone_det.pt,0.15,640,1,42,0
9999952_00000_d_0000289,visdrone_det.pt,0.2,640,1,28,0
9999952_00000_d_0000289,visdrone_det.pt,0.25,640,1,18,0
9999952_00000_d_0000289,visdrone_det.pt,0.3,640,1,15,0
9999952_00000_d_0000289,visdrone_det.pt,0.4,640,1,10,0
9999952_00000_d_0000289,visdrone_det.pt,0.5,640,1,8,0
9999952_00000_d_0000289,visdrone_det.pt,0.05,1024,1,106,0
9999952_00000_d_0000289,visdrone_det.pt,0.1,1024,1,68,0
9999952_00000_d_0000289,visdrone_det.pt,0.15,1024,1,51,0
9999952_00000_d_0000289,visdrone_det.pt,0.2,1024,1,42,0
9999952_00000_d_0000289,visdrone_det.pt,0.25,1024,1,32,0
9999952_00000_d_0000289,visdrone_det.pt,0.3,1024,1,29,0
9999952_00000_d_0000289,visdrone_det.pt,0.4,1024,1,22,0
9999952_00000_d_0000289,visdrone_det.pt,0.5,1024,1,17,0
9999952_00000_d_0000289,visdrone_det.pt,0.05,1536,1,133,3
9999952_00000_d_0000289,visdrone_det.pt,0.1,1536,1,85,0
9999952_00000_d_0000289,visdrone_det.pt,0.15,1536,1,62,0
9999952_00000_d_0000289,visdrone_det.pt,0.2,1536,1,43,0
9999952_00000_d_0000289,visdrone_det.pt,0.25,1536,1,36,0
9999952_00000_d_0000289,visdrone_det.pt,0.3,1536,1,33,0
9999952_00000_d_0000289,visdrone_det.pt,0.4,1536,1,21,0
9999952_00000_d_0000289,visdrone_det.pt,0.5,1536,1,17,0
9999952_00000_d_0000296,visdrone_det.pt,0.05,640,4,89,0
9999952_00000_d_0000296,visdrone_det.pt,0.1,640,4,55,0
9999952_00000_d_0000296,visdrone_det.pt,0.15,640,4,40,0
9999952_00000_d_0000296,visdrone_det.pt,0.2,640,4,35,0
9999952_00000_d_0000296,visdrone_det.pt,0.25,640,4,26,0
9999952_00000_d_0000296,visdrone_det.pt,0.3,640,4,18,0
9999952_00000_d_0000296,visdrone_det.pt,0.4,640,4,15,0
9999952_00000_d_0000296,visdrone_det.pt,0.5,640,4,12,0
9999952_00000_d_0000296,visdrone_det.pt,0.05,1024,4,131,2
9999952_00000_d_0000296,visdrone_det.pt,0.1,1024,4,80,1
9999952_00000_d_0000296,visdrone_det.pt,0.15,1024,4,61,0
9999952_00000_d_0000296,visdrone_det.pt,0.2,1024,4,48,0
9999952_00000_d_0000296,visdrone_det.pt,0.25,1024,4,42,0
9999952_00000_d_0000296,visdrone_det.pt,0.3,1024,4,38,0
9999952_00000_d_0000296,visdrone_det.pt,0.4,1024,4,24,0
9999952_00000_d_0000296,visdrone_det.pt,0.5,1024,4,16,0
9999952_00000_d_0000296,visdrone_det.pt,0.05,1536,4,124,1
9999952_00000_d_0000296,visdrone_det.pt,0.1,1536,4,79,1
9999952_00000_d_0000296,visdrone_det.pt,0.15,1536,4,59,1
9999952_00000_d_0000296,visdrone_det.pt,0.2,1536,4,52,1
9999952_00000_d_0000296,visdrone_det.pt,0.25,1536,4,42,1
9999952_00000_d_0000296,visdrone_det.pt,0.3,1536,4,36,0
9999952_00000_d_0000296,visdrone_det.pt,0.4,1536,4,31,0
9999952_00000_d_0000296,visdrone_det.pt,0.5,1536,4,23,0
9999952_00000_d_0000303,visdrone_det.pt,0.05,640,2,66,4
9999952_00000_d_0000303,visdrone_det.pt,0.1,640,2,28,0
9999952_00000_d_0000303,visdrone_det.pt,0.15,640,2,18,0
9999952_00000_d_0000303,visdrone_det.pt,0.2,640,2,15,0
9999952_00000_d_0000303,visdrone_det.pt,0.25,640,2,13,0
9999952_00000_d_0000303,visdrone_det.pt,0.3,640,2,10,0
9999952_00000_d_0000303,visdrone_det.pt,0.4,640,2,8,0
9999952_00000_d_0000303,visdrone_det.pt,0.5,640,2,5,0
9999952_00000_d_0000303,visdrone_det.pt,0.05,1024,2,148,11
9999952_00000_d_0000303,visdrone_det.pt,0.1,1024,2,90,4
9999952_00000_d_0000303,visdrone_det.pt,0.15,1024,2,72,2
9999952_00000_d_0000303,visdrone_det.pt,0.2,1024,2,60,1
9999952_00000_d_0000303,visdrone_det.pt,0.25,1024,2,54,0
9999952_00000_d_0000303,visdrone_det.pt,0.3,1024,2,46,0
9999952_00000_d_0000303,visdrone_det.pt,0.4,1024,2,28,0
9999952_00000_d_0000303,visdrone_det.pt,0.5,1024,2,19,0
9999952_00000_d_0000303,visdrone_det.pt,0.05,1536,2,159,16
9999952_00000_d_0000303,visdrone_det.pt,0.1,1536,2,101,3
9999952_00000_d_0000303,visdrone_det.pt,0.15,1536,2,76,2
9999952_00000_d_0000303,visdrone_det.pt,0.2,1536,2,62,0
9999952_00000_d_0000303,visdrone_det.pt,0.25,1536,2,55,0
9999952_00000_d_0000303,visdrone_det.pt,0.3,1536,2,48,0
9999952_00000_d_0000303,visdrone_det.pt,0.4,1536,2,30,0
9999952_00000_d_0000303,visdrone_det.pt,0.5,1536,2,19,0
9999952_00000_d_0000308,visdrone_det.pt,0.05,640,3,56,0
9999952_00000_d_0000308,visdrone_det.pt,0.1,640,3,41,0
9999952_00000_d_0000308,visdrone_det.pt,0.15,640,3,36,0
9999952_00000_d_0000308,visdrone_det.pt,0.2,640,3,33,0
9999952_00000_d_0000308,visdrone_det.pt,0.25,640,3,23,0
9999952_00000_d_0000308,visdrone_det.pt,0.3,640,3,22,0
9999952_00000_d_0000308,visdrone_det.pt,0.4,640,3,13,0
9999952_00000_d_0000308,visdrone_det.pt,0.5,640,3,12,0
9999952_00000_d_0000308,visdrone_det.pt,0.05,1024,3,33,3
9999952_00000_d_0000308,visdrone_det.pt,0.1,1024,3,25,0
9999952_00000_d_0000308,visdrone_det.pt,0.15,1024,3,22,0
9999952_00000_d_0000308,visdrone_det.pt,0.2,1024,3,22,0
9999952_00000_d_0000308,visdrone_det.pt,0.25,1024,3,21,0
9999952_00000_d_0000308,visdrone_det.pt,0.3,1024,3,19,0
9999952_00000_d_0000308,visdrone_det.pt,0.4,1024,3,17,0
9999952_00000_d_0000308,visdrone_det.pt,0.5,1024,3,13,0
9999952_00000_d_0000308,visdrone_det.pt,0.05,1536,3,61,10
9999952_00000_d_0000308,visdrone_det.pt,0.1,1536,3,41,2
9999952_00000_d_0000308,visdrone_det.pt,0.15,1536,3,36,1
9999952_00000_d_0000308,visdrone_det.pt,0.2,1536,3,30,0
9999952_00000_d_0000308,visdrone_det.pt,0.25,1536,3,25,0
9999952_00000_d_0000308,visdrone_det.pt,0.3,1536,3,21,0
9999952_00000_d_0000308,visdrone_det.pt,0.4,1536,3,17,0
9999952_00000_d_0000308,visdrone_det.pt,0.5,1536,3,16,0
9999952_00000_d_0000312,visdrone_det.pt,0.05,640,3,30,5
9999952_00000_d_0000312,visdrone_det.pt,0.1,640,3,20,0
9999952_00000_d_0000312,visdrone_det.pt,0.15,640,3,18,0
9999952_00000_d_0000312,visdrone_det.pt,0.2,640,3,13,0
9999952_00000_d_0000312,visdrone_det.pt,0.25,640,3,13,0
9999952_00000_d_0000312,visdrone_det.pt,0.3,640,3,12,0
9999952_00000_d_0000312,visdrone_det.pt,0.4,640,3,10,0
9999952_00000_d_0000312,visdrone_det.pt,0.5,640,3,8,0
9999952_00000_d_0000312,visdrone_det.pt,0.05,1024,3,29,5
9999952_00000_d_0000312,visdrone_det.pt,0.1,1024,3,25,4
9999952_00000_d_0000312,visdrone_det.pt,0.15,1024,3,18,3
9999952_00000_d_0000312,visdrone_det.pt,0.2,1024,3,15,0
9999952_00000_d_0000312,visdrone_det.pt,0.25,1024,3,13,0
9999952_00000_d_0000312,visdrone_det.pt,0.3,1024,3,12,0
9999952_00000_d_0000312,visdrone_det.pt,0.4,1024,3,9,0
9999952_00000_d_0000312,visdrone_det.pt,0.5,1024,3,8,0
9999952_00000_d_0000312,visdrone_det.pt,0.05,1536,3,31,4
9999952_00000_d_0000312,visdrone_det.pt,0.1,1536,3,25,3
9999952_00000_d_0000312,visdrone_det.pt,0.15,1536,3,18,2
9999952_00000_d_0000312,visdrone_det.pt,0.2,1536,3,16,1
9999952_00000_d_0000312,visdrone_det.pt,0.25,1536,3,16,1
9999952_00000_d_0000312,visdrone_det.pt,0.3,1536,3,14,0
9999952_00000_d_0000312,visdrone_det.pt,0.4,1536,3,10,0
9999952_00000_d_0000312,visdrone_det.pt,0.5,1536,3,6,0
9999952_00000_d_0000317,visdrone_det.pt,0.05,640,3,44,1
9999952_00000_d_0000317,visdrone_det.pt,0.1,640,3,32,0
9999952_00000_d_0000317,visdrone_det.pt,0.15,640,3,26,0
9999952_00000_d_0000317,visdrone_det.pt,0.2,640,3,22,0
9999952_00000_d_0000317,visdrone_det.pt,0.25,640,3,21,0
9999952_00000_d_0000317,visdrone_det.pt,0.3,640,3,18,0
9999952_00000_d_0000317,visdrone_det.pt,0.4,640,3,12,0
9999952_00000_d_0000317,visdrone_det.pt,0.5,640,3,8,0
9999952_00000_d_0000317,visdrone_det.pt,0.05,1024,3,49,3
9999952_00000_d_0000317,visdrone_det.pt,0.1,1024,3,34,2
9999952_00000_d_0000317,visdrone_det.pt,0.15,1024,3,26,1
9999952_00000_d_0000317,visdrone_det.pt,0.2,1024,3,23,1
9999952_00000_d_0000317,visdrone_det.pt,0.25,1024,3,22,0
9999952_00000_d_0000317,visdrone_det.pt,0.3,1024,3,19,0
9999952_00000_d_0000317,visdrone_det.pt,0.4,1024,3,15,0
9999952_00000_d_0000317,visdrone_det.pt,0.5,1024,3,13,0
9999952_00000_d_0000317,visdrone_det.pt,0.05,1536,3,47,0
9999952_00000_d_0000317,visdrone_det.pt,0.1,1536,3,34,0
9999952_00000_d_0000317,visdrone_det.pt,0.15,1536,3,27,0
9999952_00000_d_0000317,visdrone_det.pt,0.2,1536,3,24,0
9999952_00000_d_0000317,visdrone_det.pt,0.25,1536,3,23,0
9999952_00000_d_0000317,visdrone_det.pt,0.3,1536,3,22,0
9999952_00000_d_0000317,visdrone_det.pt,0.4,1536,3,17,0
9999952_00000_d_0000317,visdrone_det.pt,0.5,1536,3,14,0
9999952_00000_d_0000318,visdrone_det.pt,0.05,640,3,41,3
9999952_00000_d_0000318,visdrone_det.pt,0.1,640,3,24,0
9999952_00000_d_0000318,visdrone_det.pt,0.15,640,3,19,0
9999952_00000_d_0000318,visdrone_det.pt,0.2,640,3,16,0
9999952_00000_d_0000318,visdrone_det.pt,0.25,640,3,13,0
9999952_00000_d_0000318,visdrone_det.pt,0.3,640,3,13,0
9999952_00000_d_0000318,visdrone_det.pt,0.4,640,3,12,0
9999952_00000_d_0000318,visdrone_det.pt,0.5,640,3,10,0
9999952_00000_d_0000318,visdrone_det.pt,0.05,1024,3,28,6
9999952_00000_d_0000318,visdrone_det.pt,0.1,1024,3,21,5
9999952_00000_d_0000318,visdrone_det.pt,0.15,1024,3,18,3
9999952_00000_d_0000318,visdrone_det.pt,0.2,1024,3,15,2
9999952_00000_d_0000318,visdrone_det.pt,0.25,1024,3,13,1
9999952_00000_d_0000318,visdrone_det.pt,0.3,1024,3,13,1
9999952_00000_d_0000318,visdrone_det.pt,0.4,1024,3,12,0
9999952_00000_d_0000318,visdrone_det.pt,0.5,1024,3,11,0
9999952_00000_d_0000318,visdrone_det.pt,0.05,1536,3,41,14
9999952_00000_d_0000318,visdrone_det.pt,0.1,1536,3,26,7
9999952_00000_d_0000318,visdrone_det.pt,0.15,1536,3,21,4
9999952_00000_d_0000318,visdrone_det.pt,0.2,1536,3,18,3
9999952_00000_d_0000318,visdrone_det.pt,0.25,1536,3,17,2
9999952_00000_d_0000318,visdrone_det.pt,0.3,1536,3,15,1
9999952_00000_d_0000318,visdrone_det.pt,0.4,1536,3,13,0
9999952_00000_d_0000318,visdrone_det.pt,0.5,1536,3,13,0
9999952_00000_d_0000322,visdrone_det.pt,0.05,640,16,51,16
9999952_00000_d_0000322,visdrone_det.pt,0.1,640,16,24,5
9999952_00000_d_0000322,visdrone_det.pt,0.15,640,16,19,3
9999952_00000_d_0000322,visdrone_det.pt,0.2,640,16,15,1
9999952_00000_d_0000322,visdrone_det.pt,0.25,640,16,12,0
9999952_00000_d_0000322,visdrone_det.pt,0.3,640,16,11,0
9999952_00000_d_0000322,visdrone_det.pt,0.4,640,16,8,0
9999952_00000_d_0000322,visdrone_det.pt,0.5,640,16,8,0
9999952_00000_d_0000322,visdrone_det.pt,0.05,1024,16,120,36
9999952_00000_d_0000322,visdrone_det.pt,0.1,1024,16,76,21
9999952_00000_d_0000322,visdrone_det.pt,0.15,1024,16,48,8
9999952_00000_d_0000322,visdrone_det.pt,0.2,1024,16,33,2
9999952_00000_d_0000322,visdrone_det.pt,0.25,1024,16,26,1
9999952_00000_d_0000322,visdrone_det.pt,0.3,1024,16,21,0
9999952_00000_d_0000322,visdrone_det.pt,0.4,1024,16,19,0
9999952_00000_d_0000322,visdrone_det.pt,0.5,1024,16,14,0
9999952_00000_d_0000322,visdrone_det.pt,0.05,1536,16,157,48
9999952_00000_d_0000322,visdrone_det.pt,0.1,1536,16,90,20
9999952_00000_d_0000322,visdrone_det.pt,0.15,1536,16,53,6
9999952_00000_d_0000322,visdrone_det.pt,0.2,1536,16,37,3
9999952_00000_d_0000322,visdrone_det.pt,0.25,1536,16,29,2
9999952_00000_d_0000322,visdrone_det.pt,0.3,1536,16,21,2
9999952_00000_d_0000322,visdrone_det.pt,0.4,1536,16,16,0
9999952_00000_d_0000322,visdrone_det.pt,0.5,1536,16,12,0
9999952_00000_d_0000323,visdrone_det.pt,0.05,640,6,44,2
9999952_00000_d_0000323,visdrone_det.pt,0.1,640,6,25,0
9999952_00000_d_0000323,visdrone_det.pt,0.15,640,6,21,0
9999952_00000_d_0000323,visdrone_det.pt,0.2,640,6,12,0
9999952_00000_d_0000323,visdrone_det.pt,0.25,640,6,9,0
9999952_00000_d_0000323,visdrone_det.pt,0.3,640,6,8,0
9999952_00000_d_0000323,visdrone_det.pt,0.4,640,6,4,0
9999952_00000_d_0000323,visdrone_det.pt,0.5,640,6,2,0
9999952_00000_d_0000323,visdrone_det.pt,0.05,1024,6,43,3
9999952_00000_d_0000323,visdrone_det.pt,0.1,1024,6,27,2
9999952_00000_d_0000323,visdrone_det.pt,0.15,1024,6,15,0
9999952_00000_d_0000323,visdrone_det.pt,0.2,1024,6,13,0
9999952_00000_d_0000323,visdrone_det.pt,0.25,1024,6,11,0
9999952_00000_d_0000323,visdrone_det.pt,0.3,1024,6,8,0
9999952_00000_d_0000323,visdrone_det.pt,0.4,1024,6,6,0
9999952_00000_d_0000323,visdrone_det.pt,0.5,1024,6,3,0
9999952_00000_d_0000323,visdrone_det.pt,0.05,1536,6,44,10
9999952_00000_d_0000323,visdrone_det.pt,0.1,1536,6,24,3
9999952_00000_d_0000323,visdrone_det.pt,0.15,1536,6,18,1
9999952_00000_d_0000323,visdrone_det.pt,0.2,1536,6,13,1
9999952_00000_d_0000323,visdrone_det.pt,0.25,1536,6,11,0
9999952_00000_d_0000323,visdrone_det.pt,0.3,1536,6,9,0
9999952_00000_d_0000323,visdrone_det.pt,0.4,1536,6,7,0
9999952_00000_d_0000323,visdrone_det.pt,0.5,1536,6,2,0
9999952_00000_d_0000325,visdrone_det.pt,0.05,640,6,36,17
9999952_00000_d_0000325,visdrone_det.pt,0.1,640,6,26,9
9999952_00000_d_0000325,visdrone_det.pt,0.15,640,6,23,8
9999952_00000_d_0000325,visdrone_det.pt,0.2,640,6,18,5
9999952_00000_d_0000325,visdrone_det.pt,0.25,640,6,16,4
9999952_00000_d_0000325,visdrone_det.pt,0.3,640,6,13,3
9999952_00000_d_0000325,visdrone_det.pt,0.4,640,6,9,1
9999952_00000_d_0000325,visdrone_det.pt,0.5,640,6,7,1
9999952_00000_d_0000325,visdrone_det.pt,0.05,1024,6,29,15
9999952_00000_d_0000325,visdrone_det.pt,0.1,1024,6,21,10
9999952_00000_d_0000325,visdrone_det.pt,0.15,1024,6,17,8
9999952_00000_d_0000325,visdrone_det.pt,0.2,1024,6,14,7
9999952_00000_d_0000325,visdrone_det.pt,0.25,1024,6,12,6
9999952_00000_d_0000325,visdrone_det.pt,0.3,1024,6,10,5
9999952_00000_d_0000325,visdrone_det.pt,0.4,1024,6,4,2
9999952_00000_d_0000325,visdrone_det.pt,0.5,1024,6,3,1
9999952_00000_d_0000325,visdrone_det.pt,0.05,1536,6,31,16
9999952_00000_d_0000325,visdrone_det.pt,0.1,1536,6,21,11
9999952_00000_d_0000325,visdrone_det.pt,0.15,1536,6,16,9
9999952_00000_d_0000325,visdrone_det.pt,0.2,1536,6,13,7
9999952_00000_d_0000325,visdrone_det.pt,0.25,1536,6,12,6
9999952_00000_d_0000325,visdrone_det.pt,0.3,1536,6,11,6
9999952_00000_d_0000325,visdrone_det.pt,0.4,1536,6,11,6
9999952_00000_d_0000325,visdrone_det.pt,0.5,1536,6,7,3
9999952_00000_d_0000332,visdrone_det.pt,0.05,640,14,68,0
9999952_00000_d_0000332,visdrone_det.pt,0.1,640,14,43,0
9999952_00000_d_0000332,visdrone_det.pt,0.15,640,14,33,0
9999952_00000_d_0000332,visdrone_det.pt,0.2,640,14,20,0
9999952_00000_d_0000332,visdrone_det.pt,0.25,640,14,20,0
9999952_00000_d_0000332,visdrone_det.pt,0.3,640,14,17,0
9999952_00000_d_0000332,visdrone_det.pt,0.4,640,14,12,0
9999952_00000_d_0000332,visdrone_det.pt,0.5,640,14,8,0
9999952_00000_d_0000332,visdrone_det.pt,0.05,1024,14,85,3
9999952_00000_d_0000332,visdrone_det.pt,0.1,1024,14,58,1
9999952_00000_d_0000332,visdrone_det.pt,0.15,1024,14,45,1
9999952_00000_d_0000332,visdrone_det.pt,0.2,1024,14,41,1
9999952_00000_d_0000332,visdrone_det.pt,0.25,1024,14,37,1
9999952_00000_d_0000332,visdrone_det.pt,0.3,1024,14,25,1
9999952_00000_d_0000332,visdrone_det.pt,0.4,1024,14,16,0
9999952_00000_d_0000332,visdrone_det.pt,0.5,1024,14,14,0
9999952_00000_d_0000332,visdrone_det.pt,0.05,1536,14,85,4
9999952_00000_d_0000332,visdrone_det.pt,0.1,1536,14,51,2
9999952_00000_d_0000332,visdrone_det.pt,0.15,1536,14,36,2
9999952_00000_d_0000332,visdrone_det.pt,0.2,1536,14,30,1
9999952_00000_d_0000332,visdrone_det.pt,0.25,1536,14,26,1
9999952_00000_d_0000332,visdrone_det.pt,0.3,1536,14,25,1
9999952_00000_d_0000332,visdrone_det.pt,0.4,1536,14,19,0
9999952_00000_d_0000332,visdrone_det.pt,0.5,1536,14,12,0
9999952_00000_d_0000333,visdrone_det.pt,0.05,640,17,75,5
9999952_00000_d_0000333,visdrone_det.pt,0.1,640,17,50,1
9999952_00000_d_0000333,visdrone_det.pt,0.15,640,17,33,1
9999952_00000_d_0000333,visdrone_det.pt,0.2,640,17,26,1
9999952_00000_d_0000333,visdrone_det.pt,0.25,640,17,20,1
9999952_00000_d_0000333,visdrone_det.pt,0.3,640,17,18,1
9999952_00000_d_0000333,visdrone_det.pt,0.4,640,17,14,0
9999952_00000_d_0000333,visdrone_det.pt,0.5,640,17,9,0
9999952_00000_d_0000333,visdrone_det.pt,0.05,1024,17,85,15
9999952_00000_d_0000333,visdrone_det.pt,0.1,1024,17,57,8
9999952_00000_d_0000333,visdrone_det.pt,0.15,1024,17,39,7
9999952_00000_d_0000333,visdrone_det.pt,0.2,1024,17,30,3
9999952_00000_d_0000333,visdrone_det.pt,0.25,1024,17,28,3
9999952_00000_d_0000333,visdrone_det.pt,0.3,1024,17,25,1
9999952_00000_d_0000333,visdrone_det.pt,0.4,1024,17,18,0
9999952_00000_d_0000333,visdrone_det.pt,0.5,1024,17,15,0
9999952_00000_d_0000333,visdrone_det.pt,0.05,1536,17,93,16
9999952_00000_d_0000333,visdrone_det.pt,0.1,1536,17,51,7
9999952_00000_d_0000333,visdrone_det.pt,0.15,1536,17,42,6
9999952_00000_d_0000333,visdrone_det.pt,0.2,1536,17,34,5
9999952_00000_d_0000333,visdrone_det.pt,0.25,1536,17,28,2
9999952_00000_d_0000333,visdrone_det.pt,0.3,1536,17,26,2
9999952_00000_d_0000333,visdrone_det.pt,0.4,1536,17,18,0
9999952_00000_d_0000333,visdrone_det.pt,0.5,1536,17,18,0
9999952_00000_d_0000341,visdrone_det.pt,0.05,640,19,35,2
9999952_00000_d_0000341,visdrone_det.pt,0.1,640,19,13,0
9999952_00000_d_0000341,visdrone_det.pt,0.15,640,19,7,0
9999952_00000_d_0000341,visdrone_det.pt,0.2,640,19,5,0
9999952_00000_d_0000341,visdrone_det.pt,0.25,640,19,5,0
9999952_00000_d_0000341,visdrone_det.pt,0.3,640,19,4,0
9999952_00000_d_0000341,visdrone_det.pt,0.4,640,19,2,0
9999952_00000_d_0000341,visdrone_det.pt,0.5,640,19,1,0
9999952_00000_d_0000341,visdrone_det.pt,0.05,1024,19,39,9
9999952_00000_d_0000341,visdrone_det.pt,0.1,1024,19,14,2
9999952_00000_d_0000341,visdrone_det.pt,0.15,1024,19,7,1
9999952_00000_d_0000341,visdrone_det.pt,0.2,1024,19,7,1
9999952_00000_d_0000341,visdrone_det.pt,0.25,1024,19,5,0
9999952_00000_d_0000341,visdrone_det.pt,0.3,1024,19,5,0
9999952_00000_d_0000341,visdrone_det.pt,0.4,1024,19,3,0
9999952_00000_d_0000341,visdrone_det.pt,0.5,1024,19,3,0
9999952_00000_d_0000341,visdrone_det.pt,0.05,1536,19,93,47
9999952_00000_d_0000341,visdrone_det.pt,0.1,1536,19,43,15
9999952_00000_d_0000341,visdrone_det.pt,0.15,1536,19,26,11
9999952_00000_d_0000341,visdrone_det.pt,0.2,1536,19,14,4
9999952_00000_d_0000341,visdrone_det.pt,0.25,1536,19,11,1
9999952_00000_d_0000341,visdrone_det.pt,0.3,1536,19,7,0
9999952_00000_d_0000341,visdrone_det.pt,0.4,1536,19,4,0
9999952_00000_d_0000341,visdrone_det.pt,0.5,1536,19,4,0
9999952_00000_d_0000343,visdrone_det.pt,0.05,640,8,54,1
9999952_00000_d_0000343,visdrone_det.pt,0.1,640,8,30,1
9999952_00000_d_0000343,visdrone_det.pt,0.15,640,8,23,0
9999952_00000_d_0000343,visdrone_det.pt,0.2,640,8,18,0
9999952_00000_d_0000343,visdrone_det.pt,0.25,640,8,14,0
9999952_00000_d_0000343,visdrone_det.pt,0.3,640,8,12,0
9999952_00000_d_0000343,visdrone_det.pt,0.4,640,8,9,0
9999952_00000_d_0000343,visdrone_det.pt,0.5,640,8,7,0
9999952_00000_d_0000343,visdrone_det.pt,0.05,1024,8,69,1
9999952_00000_d_0000343,visdrone_det.pt,0.1,1024,8,46,0
9999952_00000_d_0000343,visdrone_det.pt,0.15,1024,8,39,0
9999952_00000_d_0000343,visdrone_det.pt,0.2,1024,8,29,0
9999952_00000_d_0000343,visdrone_det.pt,0.25,1024,8,22,0
9999952_00000_d_0000343,visdrone_det.pt,0.3,1024,8,21,0
9999952_00000_d_0000343,visdrone_det.pt,0.4,1024,8,13,0
9999952_00000_d_0000343,visdrone_det.pt,0.5,1024,8,8,0
9999952_00000_d_0000343,visdrone_det.pt,0.05,1536,8,68,4
9999952_00000_d_0000343,visdrone_det.pt,0.1,1536,8,44,1
9999952_00000_d_0000343,visdrone_det.pt,0.15,1536,8,35,0
9999952_00000_d_0000343,visdrone_det.pt,0.2,1536,8,28,0
9999952_00000_d_0000343,visdrone_det.pt,0.25,1536,8,23,0
9999952_00000_d_0000343,visdrone_det.pt,0.3,1536,8,20,0
9999952_00000_d_0000343,visdrone_det.pt,0.4,1536,8,15,0
9999952_00000_d_0000343,visdrone_det.pt,0.5,1536,8,12,0
9999952_00000_d_0000344,visdrone_det.pt,0.05,640,8,43,6
9999952_00000_d_0000344,visdrone_det.pt,0.1,640,8,26,3
9999952_00000_d_0000344,visdrone_det.pt,0.15,640,8,21,2
9999952_00000_d_0000344,visdrone_det.pt,0.2,640,8,20,1
9999952_00000_d_0000344,visdrone_det.pt,0.25,640,8,16,1
9999952_00000_d_0000344,visdrone_det.pt,0.3,640,8,14,0
9999952_00000_d_0000344,visdrone_det.pt,0.4,640,8,12,0
9999952_00000_d_0000344,visdrone_det.pt,0.5,640,8,10,0
9999952_00000_d_0000344,visdrone_det.pt,0.05,1024,8,45,7
9999952_00000_d_0000344,visdrone_det.pt,0.1,1024,8,31,4
9999952_00000_d_0000344,visdrone_det.pt,0.15,1024,8,24,4
9999952_00000_d_0000344,visdrone_det.pt,0.2,1024,8,23,4
9999952_00000_d_0000344,visdrone_det.pt,0.25,1024,8,16,2
9999952_00000_d_0000344,visdrone_det.pt,0.3,1024,8,15,2
9999952_00000_d_0000344,visdrone_det.pt,0.4,1024,8,12,0
9999952_00000_d_0000344,visdrone_det.pt,0.5,1024,8,12,0
9999952_00000_d_0000344,visdrone_det.pt,0.05,1536,8,39,9
9999952_00000_d_0000344,visdrone_det.pt,0.1,1536,8,27,6
9999952_00000_d_0000344,visdrone_det.pt,0.15,1536,8,24,5
9999952_00000_d_0000344,visdrone_det.pt,0.2,1536,8,22,4
9999952_00000_d_0000344,visdrone_det.pt,0.25,1536,8,21,4
9999952_00000_d_0000344,visdrone_det.pt,0.3,1536,8,20,3
9999952_00000_d_0000344,visdrone_det.pt,0.4,1536,8,15,0
9999952_00000_d_0000344,visdrone_det.pt,0.5,1536,8,14,0
9999963_00000_d_0000001,visdrone_det.pt,0.05,640,5,64,17
9999963_00000_d_0000001,visdrone_det.pt,0.1,640,5,31,3
9999963_00000_d_0000001,visdrone_det.pt,0.15,640,5,27,3
9999963_00000_d_0000001,visdrone_det.pt,0.2,640,5,26,3
9999963_00000_d_0000001,visdrone_det.pt,0.25,640,5,24,3
9999963_00000_d_0000001,visdrone_det.pt,0.3,640,5,24,3
9999963_00000_d_0000001,visdrone_det.pt,0.4,640,5,22,3
9999963_00000_d_0000001,visdrone_det.pt,0.5,640,5,19,3
9999963_00000_d_0000001,visdrone_det.pt,0.05,1024,5,80,13
9999963_00000_d_0000001,visdrone_det.pt,0.1,1024,5,52,6
9999963_00000_d_0000001,visdrone_det.pt,0.15,1024,5,39,5
9999963_00000_d_0000001,visdrone_det.pt,0.2,1024,5,30,4
9999963_00000_d_0000001,visdrone_det.pt,0.25,1024,5,27,3
9999963_00000_d_0000001,visdrone_det.pt,0.3,1024,5,25,3
9999963_00000_d_0000001,visdrone_det.pt,0.4,1024,5,23,3
9999963_00000_d_0000001,visdrone_det.pt,0.5,1024,5,21,3
9999963_00000_d_0000001,visdrone_det.pt,0.05,1536,5,72,13
9999963_00000_d_0000001,visdrone_det.pt,0.1,1536,5,48,11
9999963_00000_d_0000001,visdrone_det.pt,0.15,1536,5,39,6
9999963_00000_d_0000001,visdrone_det.pt,0.2,1536,5,34,6
9999963_00000_d_0000001,visdrone_det.pt,0.25,1536,5,29,5
9999963_00000_d_0000001,visdrone_det.pt,0.3,1536,5,26,4
9999963_00000_d_0000001,visdrone_det.pt,0.4,1536,5,21,3
9999963_00000_d_0000001,visdrone_det.pt,0.5,1536,5,17,3
9999963_00000_d_0000004,visdrone_det.pt,0.05,640,3,58,9
9999963_00000_d_0000004,visdrone_det.pt,0.1,640,3,44,7
9999963_00000_d_0000004,visdrone_det.pt,0.15,640,3,40,6
9999963_00000_d_0000004,visdrone_det.pt,0.2,640,3,36,4
9999963_00000_d_0000004,visdrone_det.pt,0.25,640,3,29,2
9999963_00000_d_0000004,visdrone_det.pt,0.3,640,3,26,1
9999963_00000_d_0000004,visdrone_det.pt,0.4,640,3,23,0
9999963_00000_d_0000004,visdrone_det.pt,0.5,640,3,22,0
9999963_00000_d_0000004,visdrone_det.pt,0.05,1024,3,53,2
9999963_00000_d_0000004,visdrone_det.pt,0.1,1024,3,41,0
9999963_00000_d_0000004,visdrone_det.pt,0.15,1024,3,35,0
9999963_00000_d_0000004,visdrone_det.pt,0.2,1024,3,31,0
9999963_00000_d_0000004,visdrone_det.pt,0.25,1024,3,29,0
9999963_00000_d_0000004,visdrone_det.pt,0.3,1024,3,28,0
9999963_00000_d_0000004,visdrone_det.pt,0.4,1024,3,21,0
9999963_00000_d_0000004,visdrone_det.pt,0.5,1024,3,20,0
9999963_00000_d_0000004,visdrone_det.pt,0.05,1536,3,54,1
9999963_00000_d_0000004,visdrone_det.pt,0.1,1536,3,40,0
9999963_00000_d_0000004,visdrone_det.pt,0.15,1536,3,32,0
9999963_00000_d_0000004,visdrone_det.pt,0.2,1536,3,29,0
9999963_00000_d_0000004,visdrone_det.pt,0.25,1536,3,23,0
9999963_00000_d_0000004,visdrone_det.pt,0.3,1536,3,22,0
9999963_00000_d_0000004,visdrone_det.pt,0.4,1536,3,15,0
9999963_00000_d_0000004,visdrone_det.pt,0.5,1536,3,13,0
9999963_00000_d_0000006,visdrone_det.pt,0.05,640,26,114,32
9999963_00000_d_0000006,visdrone_det.pt,0.1,640,26,74,17
9999963_00000_d_0000006,visdrone_det.pt,0.15,640,26,58,11
9999963_00000_d_0000006,visdrone_det.pt,0.2,640,26,46,7
9999963_00000_d_0000006,visdrone_det.pt,0.25,640,26,40,5
9999963_00000_d_0000006,visdrone_det.pt,0.3,640,26,36,5
9999963_00000_d_0000006,visdrone_det.pt,0.4,640,26,28,2
9999963_00000_d_0000006,visdrone_det.pt,0.5,640,26,22,1
9999963_00000_d_0000006,visdrone_det.pt,0.05,1024,26,130,38
9999963_00000_d_0000006,visdrone_det.pt,0.1,1024,26,89,27
9999963_00000_d_0000006,visdrone_det.pt,0.15,1024,26,70,18
9999963_00000_d_0000006,visdrone_det.pt,0.2,1024,26,55,15
9999963_00000_d_0000006,visdrone_det.pt,0.25,1024,26,48,12
9999963_00000_d_0000006,visdrone_det.pt,0.3,1024,26,43,11
9999963_00000_d_0000006,visdrone_det.pt,0.4,1024,26,33,6
9999963_00000_d_0000006,visdrone_det.pt,0.5,1024,26,25,3
9999963_00000_d_0000006,visdrone_det.pt,0.05,1536,26,149,51
9999963_00000_d_0000006,visdrone_det.pt,0.1,1536,26,93,30
9999963_00000_d_0000006,visdrone_det.pt,0.15,1536,26,68,16
9999963_00000_d_0000006,visdrone_det.pt,0.2,1536,26,58,11
9999963_00000_d_0000006,visdrone_det.pt,0.25,1536,26,47,10
9999963_00000_d_0000006,visdrone_det.pt,0.3,1536,26,43,9
9999963_00000_d_0000006,visdrone_det.pt,0.4,1536,26,33,5
9999963_00000_d_0000006,visdrone_det.pt,0.5,1536,26,23,2
9999963_00000_d_0000007,visdrone_det.pt,0.05,640,20,76,18
9999963_00000_d_0000007,visdrone_det.pt,0.1,640,20,47,11
9999963_00000_d_0000007,visdrone_det.pt,0.15,640,20,40,7
9999963_00000_d_0000007,visdrone_det.pt,0.2,640,20,34,4
9999963_00000_d_0000007,visdrone_det.pt,0.25,640,20,31,4
9999963_00000_d_0000007,visdrone_det.pt,0.3,640,20,28,4
9999963_00000_d_0000007,visdrone_det.pt,0.4,640,20,23,2
9999963_00000_d_0000007,visdrone_det.pt,0.5,640,20,18,0
9999963_00000_d_0000007,visdrone_det.pt,0.05,1024,20,137,45
9999963_00000_d_0000007,visdrone_det.pt,0.1,1024,20,82,26
9999963_00000_d_0000007,visdrone_det.pt,0.15,1024,20,62,21
9999963_00000_d_0000007,visdrone_det.pt,0.2,1024,20,52,16
9999963_00000_d_0000007,visdrone_det.pt,0.25,1024,20,36,8
9999963_00000_d_0000007,visdrone_det.pt,0.3,1024,20,31,8
9999963_00000_d_0000007,visdrone_det.pt,0.4,1024,20,24,7
9999963_00000_d_0000007,visdrone_det.pt,0.5,1024,20,20,6
9999963_00000_d_0000007,visdrone_det.pt,0.05,1536,20,109,37
9999963_00000_d_0000007,visdrone_det.pt,0.1,1536,20,72,29
9999963_00000_d_0000007,visdrone_det.pt,0.15,1536,20,51,19
9999963_00000_d_0000007,visdrone_det.pt,0.2,1536,20,37,12
9999963_00000_d_0000007,visdrone_det.pt,0.25,1536,20,33,10
9999963_00000_d_0000007,visdrone_det.pt,0.3,1536,20,29,9
9999963_00000_d_0000007,visdrone_det.pt,0.4,1536,20,19,7
9999963_00000_d_0000007,visdrone_det.pt,0.5,1536,20,10,4
9999963_00000_d_0000010,visdrone_det.pt,0.05,640,22,61,4
9999963_00000_d_0000010,visdrone_det.pt,0.1,640,22,45,2
9999963_00000_d_0000010,visdrone_det.pt,0.15,640,22,40,2
9999963_00000_d_0000010,visdrone_det.pt,0.2,640,22,32,1
9999963_00000_d_0000010,visdrone_det.pt,0.25,640,22,26,0
9999963_00000_d_0000010,visdrone_det.pt,0.3,640,22,21,0
9999963_00000_d_0000010,visdrone_det.pt,0.4,640,22,18,0
9999963_00000_d_0000010,visdrone_det.pt,0.5,640,22,15,0
9999963_00000_d_0000010,visdrone_det.pt,0.05,1024,22,79,13
9999963_00000_d_0000010,visdrone_det.pt,0.1,1024,22,51,7
9999963_00000_d_0000010,visdrone_det.pt,0.15,1024,22,36,4
9999963_00000_d_0000010,visdrone_det.pt,0.2,1024,22,33,4
9999963_00000_d_0000010,visdrone_det.pt,0.25,1024,22,27,1
9999963_00000_d_0000010,visdrone_det.pt,0.3,1024,22,25,1
9999963_00000_d_0000010,visdrone_det.pt,0.4,1024,22,21,1
9999963_00000_d_0000010,visdrone_det.pt,0.5,1024,22,15,0
9999963_00000_d_0000010,visdrone_det.pt,0.05,1536,22,93,23
9999963_00000_d_0000010,visdrone_det.pt,0.1,1536,22,51,10
9999963_00000_d_0000010,visdrone_det.pt,0.15,1536,22,31,6
9999963_00000_d_0000010,visdrone_det.pt,0.2,1536,22,21,2
9999963_00000_d_0000010,visdrone_det.pt,0.25,1536,22,14,1
9999963_00000_d_0000010,visdrone_det.pt,0.3,1536,22,10,0
9999963_00000_d_0000010,visdrone_det.pt,0.4,1536,22,6,0
9999963_00000_d_0000010,visdrone_det.pt,0.5,1536,22,5,0
9999963_00000_d_0000011,visdrone_det.pt,0.05,640,20,71,17
9999963_00000_d_0000011,visdrone_det.pt,0.1,640,20,52,8
9999963_00000_d_0000011,visdrone_det.pt,0.15,640,20,45,5
9999963_00000_d_0000011,visdrone_det.pt,0.2,640,20,36,5
9999963_00000_d_0000011,visdrone_det.pt,0.25,640,20,30,4
9999963_00000_d_0000011,visdrone_det.pt,0.3,640,20,27,4
9999963_00000_d_0000011,visdrone_det.pt,0.4,640,20,25,4
9999963_00000_d_0000011,visdrone_det.pt,0.5,640,20,22,4
9999963_00000_d_0000011,visdrone_det.pt,0.05,1024,20,91,24
9999963_00000_d_0000011,visdrone_det.pt,0.1,1024,20,57,11
9999963_00000_d_0000011,visdrone_det.pt,0.15,1024,20,45,8
9999963_00000_d_0000011,visdrone_det.pt,0.2,1024,20,38,8
9999963_00000_d_0000011,visdrone_det.pt,0.25,1024,20,34,7
9999963_00000_d_0000011,visdrone_det.pt,0.3,1024,20,31,7
9999963_00000_d_0000011,visdrone_det.pt,0.4,1024,20,25,6
9999963_00000_d_0000011,visdrone_det.pt,0.5,1024,20,21,5
9999963_00000_d_0000011,visdrone_det.pt,0.05,1536,20,84,22
9999963_00000_d_0000011,visdrone_det.pt,0.1,1536,20,43,13
9999963_00000_d_0000011,visdrone_det.pt,0.15,1536,20,35,12
9999963_00000_d_0000011,visdrone_det.pt,0.2,1536,20,28,10
9999963_00000_d_0000011,visdrone_det.pt,0.25,1536,20,21,7
9999963_00000_d_0000011,visdrone_det.pt,0.3,1536,20,15,6
9999963_00000_d_0000011,visdrone_det.pt,0.4,1536,20,12,4
9999963_00000_d_0000011,visdrone_det.pt,0.5,1536,20,6,3
9999963_00000_d_0000013,visdrone_det.pt,0.05,640,18,74,17
9999963_00000_d_0000013,visdrone_det.pt,0.1,640,18,56,11
9999963_00000_d_0000013,visdrone_det.pt,0.15,640,18,51,10
9999963_00000_d_0000013,visdrone_det.pt,0.2,640,18,47,8
9999963_00000_d_0000013,visdrone_det.pt,0.25,640,18,42,7
9999963_00000_d_0000013,visdrone_det.pt,0.3,640,18,40,7
9999963_00000_d_0000013,visdrone_det.pt,0.4,640,18,35,4
9999963_00000_d_0000013,visdrone_det.pt,0.5,640,18,30,3
9999963_00000_d_0000013,visdrone_det.pt,0.05,1024,18,98,29
9999963_00000_d_0000013,visdrone_det.pt,0.1,1024,18,65,15
9999963_00000_d_0000013,visdrone_det.pt,0.15,1024,18,50,10
9999963_00000_d_0000013,visdrone_det.pt,0.2,1024,18,43,8
9999963_00000_d_0000013,visdrone_det.pt,0.25,1024,18,39,8
9999963_00000_d_0000013,visdrone_det.pt,0.3,1024,18,38,8
9999963_00000_d_0000013,visdrone_det.pt,0.4,1024,18,31,4
9999963_00000_d_0000013,visdrone_det.pt,0.5,1024,18,30,3
9999963_00000_d_0000013,visdrone_det.pt,0.05,1536,18,111,28
9999963_00000_d_0000013,visdrone_det.pt,0.1,1536,18,72,15
9999963_00000_d_0000013,visdrone_det.pt,0.15,1536,18,59,10
9999963_00000_d_0000013,visdrone_det.pt,0.2,1536,18,51,8
9999963_00000_d_0000013,visdrone_det.pt,0.25,1536,18,47,6
9999963_00000_d_0000013,visdrone_det.pt,0.3,1536,18,43,5
9999963_00000_d_0000013,visdrone_det.pt,0.4,1536,18,26,3
9999963_00000_d_0000013,visdrone_det.pt,0.5,1536,18,23,3
9999963_00000_d_0000016,visdrone_det.pt,0.05,640,3,47,10
9999963_00000_d_0000016,visdrone_det.pt,0.1,640,3,30,5
9999963_00000_d_0000016,visdrone_det.pt,0.15,640,3,24,4
9999963_00000_d_0000016,visdrone_det.pt,0.2,640,3,21,1
9999963_00000_d_0000016,visdrone_det.pt,0.25,640,3,19,0
9999963_00000_d_0000016,visdrone_det.pt,0.3,640,3,19,0
9999963_00000_d_0000016,visdrone_det.pt,0.4,640,3,16,0
9999963_00000_d_0000016,visdrone_det.pt,0.5,640,3,15,0
9999963_00000_d_0000016,visdrone_det.pt,0.05,1024,3,47,4
9999963_00000_d_0000016,visdrone_det.pt,0.1,1024,3,32,4
9999963_00000_d_0000016,visdrone_det.pt,0.15,1024,3,28,2
9999963_00000_d_0000016,visdrone_det.pt,0.2,1024,3,21,1
9999963_00000_d_0000016,visdrone_det.pt,0.25,1024,3,19,0
9999963_00000_d_0000016,visdrone_det.pt,0.3,1024,3,17,0
9999963_00000_d_0000016,visdrone_det.pt,0.4,1024,3,16,0
9999963_00000_d_0000016,visdrone_det.pt,0.5,1024,3,15,0
9999963_00000_d_0000016,visdrone_det.pt,0.05,1536,3,44,4
9999963_00000_d_0000016,visdrone_det.pt,0.1,1536,3,31,2
9999963_00000_d_0000016,visdrone_det.pt,0.15,1536,3,26,0
9999963_00000_d_0000016,visdrone_det.pt,0.2,1536,3,19,0
9999963_00000_d_0000016,visdrone_det.pt,0.25,1536,3,16,0
9999963_00000_d_0000016,visdrone_det.pt,0.3,1536,3,12,0
9999963_00000_d_0000016,visdrone_det.pt,0.4,1536,3,11,0
9999963_00000_d_0000016,visdrone_det.pt,0.5,1536,3,8,0
9999963_00000_d_0000020,visdrone_det.pt,0.05,640,3,53,12
9999963_00000_d_0000020,visdrone_det.pt,0.1,640,3,42,7
9999963_00000_d_0000020,visdrone_det.pt,0.15,640,3,35,5
9999963_00000_d_0000020,visdrone_det.pt,0.2,640,3,28,2
9999963_00000_d_0000020,visdrone_det.pt,0.25,640,3,25,2
9999963_00000_d_0000020,visdrone_det.pt,0.3,640,3,21,1
9999963_00000_d_0000020,visdrone_det.pt,0.4,640,3,16,0
9999963_00000_d_0000020,visdrone_det.pt,0.5,640,3,10,0
9999963_00000_d_0000020,visdrone_det.pt,0.05,1024,3,68,7
9999963_00000_d_0000020,visdrone_det.pt,0.1,1024,3,51,4
9999963_00000_d_0000020,visdrone_det.pt,0.15,1024,3,40,2
9999963_00000_d_0000020,visdrone_det.pt,0.2,1024,3,34,1
9999963_00000_d_0000020,visdrone_det.pt,0.25,1024,3,29,0
9999963_00000_d_0000020,visdrone_det.pt,0.3,1024,3,25,0
9999963_00000_d_0000020,visdrone_det.pt,0.4,1024,3,20,0
9999963_00000_d_0000020,visdrone_det.pt,0.5,1024,3,14,0
9999963_00000_d_0000020,visdrone_det.pt,0.05,1536,3,80,6
9999963_00000_d_0000020,visdrone_det.pt,0.1,1536,3,46,0
9999963_00000_d_0000020,visdrone_det.pt,0.15,1536,3,32,0
9999963_00000_d_0000020,visdrone_det.pt,0.2,1536,3,27,0
9999963_00000_d_0000020,visdrone_det.pt,0.25,1536,3,25,0
9999963_00000_d_0000020,visdrone_det.pt,0.3,1536,3,19,0
9999963_00000_d_0000020,visdrone_det.pt,0.4,1536,3,13,0
9999963_00000_d_0000020,visdrone_det.pt,0.5,1536,3,8,0
9999963_00000_d_0000023,visdrone_det.pt,0.05,640,18,68,9
9999963_00000_d_0000023,visdrone_det.pt,0.1,640,18,44,3
9999963_00000_d_0000023,visdrone_det.pt,0.15,640,18,33,2
9999963_00000_d_0000023,visdrone_det.pt,0.2,640,18,28,1
9999963_00000_d_0000023,visdrone_det.pt,0.25,640,18,28,1
9999963_00000_d_0000023,visdrone_det.pt,0.3,640,18,22,0
9999963_00000_d_0000023,visdrone_det.pt,0.4,640,18,21,0
9999963_00000_d_0000023,visdrone_det.pt,0.5,640,18,18,0
9999963_00000_d_0000023,visdrone_det.pt,0.05,1024,18,80,24
9999963_00000_d_0000023,visdrone_det.pt,0.1,1024,18,51,15
9999963_00000_d_0000023,visdrone_det.pt,0.15,1024,18,40,10
9999963_00000_d_0000023,visdrone_det.pt,0.2,1024,18,34,8
9999963_00000_d_0000023,visdrone_det.pt,0.25,1024,18,30,5
9999963_00000_d_0000023,visdrone_det.pt,0.3,1024,18,28,3
9999963_00000_d_0000023,visdrone_det.pt,0.4,1024,18,24,3
9999963_00000_d_0000023,visdrone_det.pt,0.5,1024,18,20,1
9999963_00000_d_0000023,visdrone_det.pt,0.05,1536,18,81,33
9999963_00000_d_0000023,visdrone_det.pt,0.1,1536,18,48,17
9999963_00000_d_0000023,visdrone_det.pt,0.15,1536,18,40,11
9999963_00000_d_0000023,visdrone_det.pt,0.2,1536,18,34,9
9999963_00000_d_0000023,visdrone_det.pt,0.25,1536,18,31,7
9999963_00000_d_0000023,visdrone_det.pt,0.3,1536,18,29,6
9999963_00000_d_0000023,visdrone_det.pt,0.4,1536,18,21,2
9999963_00000_d_0000023,visdrone_det.pt,0.5,1536,18,15,0
9999963_00000_d_0000025,visdrone_det.pt,0.05,640,20,116,53
9999963_00000_d_0000025,visdrone_det.pt,0.1,640,20,66,21
9999963_00000_d_0000025,visdrone_det.pt,0.15,640,20,46,12
9999963_00000_d_0000025,visdrone_det.pt,0.2,640,20,42,9
9999963_00000_d_0000025,visdrone_det.pt,0.25,640,20,31,6
9999963_00000_d_0000025,visdrone_det.pt,0.3,640,20,27,4
9999963_00000_d_0000025,visdrone_det.pt,0.4,640,20,21,2
9999963_00000_d_0000025,visdrone_det.pt,0.5,640,20,15,1
9999963_00000_d_0000025,visdrone_det.pt,0.05,1024,20,124,51
9999963_00000_d_0000025,visdrone_det.pt,0.1,1024,20,69,23
9999963_00000_d_0000025,visdrone_det.pt,0.15,1024,20,53,13
9999963_00000_d_0000025,visdrone_det.pt,0.2,1024,20,42,12
9999963_00000_d_0000025,visdrone_det.pt,0.25,1024,20,36,8
9999963_00000_d_0000025,visdrone_det.pt,0.3,1024,20,30,6
9999963_00000_d_0000025,visdrone_det.pt,0.4,1024,20,24,3
9999963_00000_d_0000025,visdrone_det.pt,0.5,1024,20,19,1
9999963_00000_d_0000025,visdrone_det.pt,0.05,1536,20,128,52
9999963_00000_d_0000025,visdrone_det.pt,0.1,1536,20,65,22
9999963_00000_d_0000025,visdrone_det.pt,0.15,1536,20,42,10
9999963_00000_d_0000025,visdrone_det.pt,0.2,1536,20,29,6
9999963_00000_d_0000025,visdrone_det.pt,0.25,1536,20,27,6
9999963_00000_d_0000025,visdrone_det.pt,0.3,1536,20,23,6
9999963_00000_d_0000025,visdrone_det.pt,0.4,1536,20,12,2
9999963_00000_d_0000025,visdrone_det.pt,0.5,1536,20,11,2
9999963_00000_d_0000029,visdrone_det.pt,0.05,640,5,56,6
9999963_00000_d_0000029,visdrone_det.pt,0.1,640,5,42,3
9999963_00000_d_0000029,visdrone_det.pt,0.15,640,5,30,3
9999963_00000_d_0000029,visdrone_det.pt,0.2,640,5,23,2
9999963_00000_d_0000029,visdrone_det.pt,0.25,640,5,21,2
9999963_00000_d_0000029,visdrone_det.pt,0.3,640,5,17,2
9999963_00000_d_0000029,visdrone_det.pt,0.4,640,5,10,2
9999963_00000_d_0000029,visdrone_det.pt,0.5,640,5,8,2
9999963_00000_d_0000029,visdrone_det.pt,0.05,1024,5,54,7
9999963_00000_d_0000029,visdrone_det.pt,0.1,1024,5,38,5
9999963_00000_d_0000029,visdrone_det.pt,0.15,1024,5,31,4
9999963_00000_d_0000029,visdrone_det.pt,0.2,1024,5,25,3
9999963_00000_d_0000029,visdrone_det.pt,0.25,1024,5,21,3
9999963_00000_d_0000029,visdrone_det.pt,0.3,1024,5,20,3
9999963_00000_d_0000029,visdrone_det.pt,0.4,1024,5,14,3
9999963_00000_d_0000029,visdrone_det.pt,0.5,1024,5,13,3
9999963_00000_d_0000029,visdrone_det.pt,0.05,1536,5,49,6
9999963_00000_d_0000029,visdrone_det.pt,0.1,1536,5,34,5
9999963_00000_d_0000029,visdrone_det.pt,0.15,1536,5,24,3
9999963_00000_d_0000029,visdrone_det.pt,0.2,1536,5,22,3
9999963_00000_d_0000029,visdrone_det.pt,0.25,1536,5,19,3
9999963_00000_d_0000029,visdrone_det.pt,0.3,1536,5,17,3
9999963_00000_d_0000029,visdrone_det.pt,0.4,1536,5,13,3
9999963_00000_d_0000029,visdrone_det.pt,0.5,1536,5,10,2
9999963_00000_d_0000030,visdrone_det.pt,0.05,640,5,35,5
9999963_00000_d_0000030,visdrone_det.pt,0.1,640,5,27,4
9999963_00000_d_0000030,visdrone_det.pt,0.15,640,5,25,4
9999963_00000_d_0000030,visdrone_det.pt,0.2,640,5,21,3
9999963_00000_d_0000030,visdrone_det.pt,0.25,640,5,17,2
9999963_00000_d_0000030,visdrone_det.pt,0.3,640,5,15,1
9999963_00000_d_0000030,visdrone_det.pt,0.4,640,5,14,1
9999963_00000_d_0000030,visdrone_det.pt,0.5,640,5,13,1
9999963_00000_d_0000030,visdrone_det.pt,0.05,1024,5,32,3
9999963_00000_d_0000030,visdrone_det.pt,0.1,1024,5,25,2
9999963_00000_d_0000030,visdrone_det.pt,0.15,1024,5,19,1
9999963_00000_d_0000030,visdrone_det.pt,0.2,1024,5,16,1
9999963_00000_d_0000030,visdrone_det.pt,0.25,1024,5,14,0
9999963_00000_d_0000030,visdrone_det.pt,0.3,1024,5,12,0
9999963_00000_d_0000030,visdrone_det.pt,0.4,1024,5,11,0
9999963_00000_d_0000030,visdrone_det.pt,0.5,1024,5,10,0
9999963_00000_d_0000030,visdrone_det.pt,0.05,1536,5,35,3
9999963_00000_d_0000030,visdrone_det.pt,0.1,1536,5,26,2
9999963_00000_d_0000030,visdrone_det.pt,0.15,1536,5,19,1
9999963_00000_d_0000030,visdrone_det.pt,0.2,1536,5,15,0
9999963_00000_d_0000030,visdrone_det.pt,0.25,1536,5,12,0
9999963_00000_d_0000030,visdrone_det.pt,0.3,1536,5,9,0
9999963_00000_d_0000030,visdrone_det.pt,0.4,1536,5,7,0
9999963_00000_d_0000030,visdrone_det.pt,0.5,1536,5,5,0
9999963_00000_d_0000034,visdrone_det.pt,0.05,640,7,77,12
9999963_00000_d_0000034,visdrone_det.pt,0.1,640,7,50,3
9999963_00000_d_0000034,visdrone_det.pt,0.15,640,7,43,3
9999963_00000_d_0000034,visdrone_det.pt,0.2,640,7,40,3
9999963_00000_d_0000034,visdrone_det.pt,0.25,640,7,37,3
9999963_00000_d_0000034,visdrone_det.pt,0.3,640,7,34,3
9999963_00000_d_0000034,visdrone_det.pt,0.4,640,7,30,3
9999963_00000_d_0000034,visdrone_det.pt,0.5,640,7,25,2
9999963_00000_d_0000034,visdrone_det.pt,0.05,1024,7,97,19
9999963_00000_d_0000034,visdrone_det.pt,0.1,1024,7,74,15
9999963_00000_d_0000034,visdrone_det.pt,0.15,1024,7,57,8
9999963_00000_d_0000034,visdrone_det.pt,0.2,1024,7,52,8
9999963_00000_d_0000034,visdrone_det.pt,0.25,1024,7,49,7
9999963_00000_d_0000034,visdrone_det.pt,0.3,1024,7,45,4
9999963_00000_d_0000034,visdrone_det.pt,0.4,1024,7,37,4
9999963_00000_d_0000034,visdrone_det.pt,0.5,1024,7,32,3
9999963_00000_d_0000034,visdrone_det.pt,0.05,1536,7,78,19
9999963_00000_d_0000034,visdrone_det.pt,0.1,1536,7,62,15
9999963_00000_d_0000034,visdrone_det.pt,0.15,1536,7,48,8
9999963_00000_d_0000034,visdrone_det.pt,0.2,1536,7,42,6
9999963_00000_d_0000034,visdrone_det.pt,0.25,1536,7,37,5
9999963_00000_d_0000034,visdrone_det.pt,0.3,1536,7,33,4
9999963_00000_d_0000034,visdrone_det.pt,0.4,1536,7,27,3
9999963_00000_d_0000034,visdrone_det.pt,0.5,1536,7,23,3
9999963_00000_d_0000035,visdrone_det.pt,0.05,640,21,131,41
9999963_00000_d_0000035,visdrone_det.pt,0.1,640,21,66,14
9999963_00000_d_0000035,visdrone_det.pt,0.15,640,21,43,8
9999963_00000_d_0000035,visdrone_det.pt,0.2,640,21,34,5
9999963_00000_d_0000035,visdrone_det.pt,0.25,640,21,27,3
9999963_00000_d_0000035,visdrone_det.pt,0.3,640,21,22,2
9999963_00000_d_0000035,visdrone_det.pt,0.4,640,21,20,1
9999963_00000_d_0000035,visdrone_det.pt,0.5,640,21,17,1
9999963_00000_d_0000035,visdrone_det.pt,0.05,1024,21,103,43
9999963_00000_d_0000035,visdrone_det.pt,0.1,1024,21,69,24
9999963_00000_d_0000035,visdrone_det.pt,0.15,1024,21,52,16
9999963_00000_d_0000035,visdrone_det.pt,0.2,1024,21,40,13
9999963_00000_d_0000035,visdrone_det.pt,0.25,1024,21,28,8
9999963_00000_d_0000035,visdrone_det.pt,0.3,1024,21,26,6
9999963_00000_d_0000035,visdrone_det.pt,0.4,1024,21,19,3
9999963_00000_d_0000035,visdrone_det.pt,0.5,1024,21,15,2
9999963_00000_d_0000035,visdrone_det.pt,0.05,1536,21,97,30
9999963_00000_d_0000035,visdrone_det.pt,0.1,1536,21,59,19
9999963_00000_d_0000035,visdrone_det.pt,0.15,1536,21,40,12
9999963_00000_d_0000035,visdrone_det.pt,0.2,1536,21,28,8
9999963_00000_d_0000035,visdrone_det.pt,0.25,1536,21,23,6
9999963_00000_d_0000035,visdrone_det.pt,0.3,1536,21,19,6
9999963_00000_d_0000035,visdrone_det.pt,0.4,1536,21,15,3
9999963_00000_d_0000035,visdrone_det.pt,0.5,1536,21,11,1
9999963_00000_d_0000036,visdrone_det.pt,0.05,640,43,174,51
9999963_00000_d_0000036,visdrone_det.pt,0.1,640,43,100,23
9999963_00000_d_0000036,visdrone_det.pt,0.15,640,43,77,21
9999963_00000_d_0000036,visdrone_det.pt,0.2,640,43,61,16
9999963_00000_d_0000036,visdrone_det.pt,0.25,640,43,48,12
9999963_00000_d_0000036,visdrone_det.pt,0.3,640,43,38,10
9999963_00000_d_0000036,visdrone_det.pt,0.4,640,43,21,5
9999963_00000_d_0000036,visdrone_det.pt,0.5,640,43,13,1
9999963_00000_d_0000036,visdrone_det.pt,0.05,1024,43,230,71
9999963_00000_d_0000036,visdrone_det.pt,0.1,1024,43,134,39
9999963_00000_d_0000036,visdrone_det.pt,0.15,1024,43,100,28
9999963_00000_d_0000036,visdrone_det.pt,0.2,1024,43,82,23
9999963_00000_d_0000036,visdrone_det.pt,0.25,1024,43,67,18
9999963_00000_d_0000036,visdrone_det.pt,0.3,1024,43,60,16
9999963_00000_d_0000036,visdrone_det.pt,0.4,1024,43,44,12
9999963_00000_d_0000036,visdrone_det.pt,0.5,1024,43,30,6
9999963_00000_d_0000036,visdrone_det.pt,0.05,1536,43,245,93
9999963_00000_d_0000036,visdrone_det.pt,0.1,1536,43,146,55
9999963_00000_d_0000036,visdrone_det.pt,0.15,1536,43,98,34
9999963_00000_d_0000036,visdrone_det.pt,0.2,1536,43,85,29
9999963_00000_d_0000036,visdrone_det.pt,0.25,1536,43,72,26
9999963_00000_d_0000036,visdrone_det.pt,0.3,1536,43,56,16
9999963_00000_d_0000036,visdrone_det.pt,0.4,1536,43,39,12
9999963_00000_d_0000036,visdrone_det.pt,0.5,1536,43,25,8
9999963_00000_d_0000039,visdrone_det.pt,0.05,640,17,100,39
9999963_00000_d_0000039,visdrone_det.pt,0.1,640,17,70,26
9999963_00000_d_0000039,visdrone_det.pt,0.15,640,17,54,15
9999963_00000_d_0000039,visdrone_det.pt,0.2,640,17,48,12
9999963_00000_d_0000039,visdrone_det.pt,0.25,640,17,41,9
9999963_00000_d_0000039,visdrone_det.pt,0.3,640,17,39,8
9999963_00000_d_0000039,visdrone_det.pt,0.4,640,17,29,6
9999963_00000_d_0000039,visdrone_det.pt,0.5,640,17,24,5
9999963_00000_d_0000039,visdrone_det.pt,0.05,1024,17,107,45
9999963_00000_d_0000039,visdrone_det.pt,0.1,1024,17,69,27
9999963_00000_d_0000039,visdrone_det.pt,0.15,1024,17,58,23
9999963_00000_d_0000039,visdrone_det.pt,0.2,1024,17,45,16
9999963_00000_d_0000039,visdrone_det.pt,0.25,1024,17,39,13
9999963_00000_d_0000039,visdrone_det.pt,0.3,1024,17,38,13
9999963_00000_d_0000039,visdrone_det.pt,0.4,1024,17,33,11
9999963_00000_d_0000039,visdrone_det.pt,0.5,1024,17,27,8
9999963_00000_d_0000039,visdrone_det.pt,0.05,1536,17,102,57
9999963_00000_d_0000039,visdrone_det.pt,0.1,1536,17,65,34
9999963_00000_d_0000039,visdrone_det.pt,0.15,1536,17,53,23
9999963_00000_d_0000039,visdrone_det.pt,0.2,1536,17,48,19
9999963_00000_d_0000039,visdrone_det.pt,0.25,1536,17,40,16
9999963_00000_d_0000039,visdrone_det.pt,0.3,1536,17,37,13
9999963_00000_d_0000039,visdrone_det.pt,0.4,1536,17,29,10
9999963_00000_d_0000039,visdrone_det.pt,0.5,1536,17,24,7
9999963_00000_d_0000040,visdrone_det.pt,0.05,640,27,161,70
9999963_00000_d_0000040,visdrone_det.pt,0.1,640,27,107,45
9999963_00000_d_0000040,visdrone_det.pt,0.15,640,27,73,26
9999963_00000_d_0000040,visdrone_det.pt,0.2,640,27,62,20
9999963_00000_d_0000040,visdrone_det.pt,0.25,640,27,52,17
9999963_00000_d_0000040,visdrone_det.pt,0.3,640,27,44,13
9999963_00000_d_0000040,visdrone_det.pt,0.4,640,27,37,8
9999963_00000_d_0000040,visdrone_det.pt,0.5,640,27,27,3
9999963_00000_d_0000040,visdrone_det.pt,0.05,1024,27,181,88
9999963_00000_d_0000040,visdrone_det.pt,0.1,1024,27,110,54
9999963_00000_d_0000040,visdrone_det.pt,0.15,1024,27,81,35
9999963_00000_d_0000040,visdrone_det.pt,0.2,1024,27,69,30
9999963_00000_d_0000040,visdrone_det.pt,0.25,1024,27,60,24
9999963_00000_d_0000040,visdrone_det.pt,0.3,1024,27,52,20
9999963_00000_d_0000040,visdrone_det.pt,0.4,1024,27,44,14
9999963_00000_d_0000040,visdrone_det.pt,0.5,1024,27,34,8
9999963_00000_d_0000040,visdrone_det.pt,0.05,1536,27,148,82
9999963_00000_d_0000040,visdrone_det.pt,0.1,1536,27,88,41
9999963_00000_d_0000040,visdrone_det.pt,0.15,1536,27,68,28
9999963_00000_d_0000040,visdrone_det.pt,0.2,1536,27,53,20
9999963_00000_d_0000040,visdrone_det.pt,0.25,1536,27,49,17
9999963_00000_d_0000040,visdrone_det.pt,0.3,1536,27,46,16
9999963_00000_d_0000040,visdrone_det.pt,0.4,1536,27,33,9
9999963_00000_d_0000040,visdrone_det.pt,0.5,1536,27,27,7
9999963_00000_d_0000042,visdrone_det.pt,0.05,640,8,83,28
9999963_00000_d_0000042,visdrone_det.pt,0.1,640,8,51,9
9999963_00000_d_0000042,visdrone_det.pt,0.15,640,8,44,7
9999963_00000_d_0000042,visdrone_det.pt,0.2,640,8,34,1
9999963_00000_d_0000042,visdrone_det.pt,0.25,640,8,31,1
9999963_00000_d_0000042,visdrone_det.pt,0.3,640,8,31,1
9999963_00000_d_0000042,visdrone_det.pt,0.4,640,8,30,1
9999963_00000_d_0000042,visdrone_det.pt,0.5,640,8,26,1
9999963_00000_d_0000042,visdrone_det.pt,0.05,1024,8,100,29
9999963_00000_d_0000042,visdrone_det.pt,0.1,1024,8,69,16
9999963_00000_d_0000042,visdrone_det.pt,0.15,1024,8,51,7
9999963_00000_d_0000042,visdrone_det.pt,0.2,1024,8,44,6
9999963_00000_d_0000042,visdrone_det.pt,0.25,1024,8,41,5
9999963_00000_d_0000042,visdrone_det.pt,0.3,1024,8,38,4
9999963_00000_d_0000042,visdrone_det.pt,0.4,1024,8,30,2
9999963_00000_d_0000042,visdrone_det.pt,0.5,1024,8,27,1
9999963_00000_d_0000042,visdrone_det.pt,0.05,1536,8,105,28
9999963_00000_d_0000042,visdrone_det.pt,0.1,1536,8,71,13
9999963_00000_d_0000042,visdrone_det.pt,0.15,1536,8,59,9
9999963_00000_d_0000042,visdrone_det.pt,0.2,1536,8,47,6
9999963_00000_d_0000042,visdrone_det.pt,0.25,1536,8,39,5
9999963_00000_d_0000042,visdrone_det.pt,0.3,1536,8,36,4
9999963_00000_d_0000042,visdrone_det.pt,0.4,1536,8,28,2
9999963_00000_d_0000042,visdrone_det.pt,0.5,1536,8,24,1
9999963_00000_d_0000043,visdrone_det.pt,0.05,640,7,27,13
9999963_00000_d_0000043,visdrone_det.pt,0.1,640,7,21,8
9999963_00000_d_0000043,visdrone_det.pt,0.15,640,7,20,7
9999963_00000_d_0000043,visdrone_det.pt,0.2,640,7,20,7
9999963_00000_d_0000043,visdrone_det.pt,0.25,640,7,20,7
9999963_00000_d_0000043,visdrone_det.pt,0.3,640,7,17,4
9999963_00000_d_0000043,visdrone_det.pt,0.4,640,7,14,1
9999963_00000_d_0000043,visdrone_det.pt,0.5,640,7,14,1
9999963_00000_d_0000043,visdrone_det.pt,0.05,1024,7,50,16
9999963_00000_d_0000043,visdrone_det.pt,0.1,1024,7,36,13
9999963_00000_d_0000043,visdrone_det.pt,0.15,1024,7,30,9
9999963_00000_d_0000043,visdrone_det.pt,0.2,1024,7,24,6
9999963_00000_d_0000043,visdrone_det.pt,0.25,1024,7,19,4
9999963_00000_d_0000043,visdrone_det.pt,0.3,1024,7,15,3
9999963_00000_d_0000043,visdrone_det.pt,0.4,1024,7,11,2
9999963_00000_d_0000043,visdrone_det.pt,0.5,1024,7,9,1
9999963_00000_d_0000043,visdrone_det.pt,0.05,1536,7,58,25
9999963_00000_d_0000043,visdrone_det.pt,0.1,1536,7,30,12
9999963_00000_d_0000043,visdrone_det.pt,0.15,1536,7,24,11
9999963_00000_d_0000043,visdrone_det.pt,0.2,1536,7,12,4
9999963_00000_d_0000043,visdrone_det.pt,0.25,1536,7,11,4
9999963_00000_d_0000043,visdrone_det.pt,0.3,1536,7,8,2
9999963_00000_d_0000043,visdrone_det.pt,0.4,1536,7,5,0
9999963_00000_d_0000043,visdrone_det.pt,0.5,1536,7,3,0
9999963_00000_d_0000047,visdrone_det.pt,0.05,640,16,81,12
9999963_00000_d_0000047,visdrone_det.pt,0.1,640,16,51,6
9999963_00000_d_0000047,visdrone_det.pt,0.15,640,16,38,6
9999963_00000_d_0000047,visdrone_det.pt,0.2,640,16,30,5
9999963_00000_d_0000047,visdrone_det.pt,0.25,640,16,25,5
9999963_00000_d_0000047,visdrone_det.pt,0.3,640,16,24,5
9999963_00000_d_0000047,visdrone_det.pt,0.4,640,16,19,3
9999963_00000_d_0000047,visdrone_det.pt,0.5,640,16,11,1
9999963_00000_d_0000047,visdrone_det.pt,0.05,1024,16,106,9
9999963_00000_d_0000047,visdrone_det.pt,0.1,1024,16,68,6
9999963_00000_d_0000047,visdrone_det.pt,0.15,1024,16,48,6
9999963_00000_d_0000047,visdrone_det.pt,0.2,1024,16,41,5
9999963_00000_d_0000047,visdrone_det.pt,0.25,1024,16,35,4
9999963_00000_d_0000047,visdrone_det.pt,0.3,1024,16,29,4
9999963_00000_d_0000047,visdrone_det.pt,0.4,1024,16,23,4
9999963_00000_d_0000047,visdrone_det.pt,0.5,1024,16,18,3
9999963_00000_d_0000047,visdrone_det.pt,0.05,1536,16,116,19
9999963_00000_d_0000047,visdrone_det.pt,0.1,1536,16,58,11
9999963_00000_d_0000047,visdrone_det.pt,0.15,1536,16,38,9
9999963_00000_d_0000047,visdrone_det.pt,0.2,1536,16,28,7
9999963_00000_d_0000047,visdrone_det.pt,0.25,1536,16,27,6
9999963_00000_d_0000047,visdrone_det.pt,0.3,1536,16,25,5
9999963_00000_d_0000047,visdrone_det.pt,0.4,1536,16,19,4
9999963_00000_d_0000047,visdrone_det.pt,0.5,1536,16,15,3
9999963_00000_d_0000049,visdrone_det.pt,0.05,640,3,55,8
9999963_00000_d_0000049,visdrone_det.pt,0.1,640,3,32,2
9999963_00000_d_0000049,visdrone_det.pt,0.15,640,3,30,2
9999963_00000_d_0000049,visdrone_det.pt,0.2,640,3,24,1
9999963_00000_d_0000049,visdrone_det.pt,0.25,640,3,21,1
9999963_00000_d_0000049,visdrone_det.pt,0.3,640,3,20,1
9999963_00000_d_0000049,visdrone_det.pt,0.4,640,3,16,0
9999963_00000_d_0000049,visdrone_det.pt,0.5,640,3,15,0
9999963_00000_d_0000049,visdrone_det.pt,0.05,1024,3,47,5
9999963_00000_d_0000049,visdrone_det.pt,0.1,1024,3,31,4
9999963_00000_d_0000049,visdrone_det.pt,0.15,1024,3,24,2
9999963_00000_d_0000049,visdrone_det.pt,0.2,1024,3,20,1
9999963_00000_d_0000049,visdrone_det.pt,0.25,1024,3,20,1
9999963_00000_d_0000049,visdrone_det.pt,0.3,1024,3,17,1
9999963_00000_d_0000049,visdrone_det.pt,0.4,1024,3,17,1
9999963_00000_d_0000049,visdrone_det.pt,0.5,1024,3,16,1
9999963_00000_d_0000049,visdrone_det.pt,0.05,1536,3,51,8
9999963_00000_d_0000049,visdrone_det.pt,0.1,1536,3,31,3
9999963_00000_d_0000049,visdrone_det.pt,0.15,1536,3,24,1
9999963_00000_d_0000049,visdrone_det.pt,0.2,1536,3,19,0
9999963_00000_d_0000049,visdrone_det.pt,0.25,1536,3,19,0
9999963_00000_d_0000049,visdrone_det.pt,0.3,1536,3,18,0
9999963_00000_d_0000049,visdrone_det.pt,0.4,1536,3,16,0
9999963_00000_d_0000049,visdrone_det.pt,0.5,1536,3,13,0
9999963_00000_d_0000052,visdrone_det.pt,0.05,640,29,114,55
9999963_00000_d_0000052,visdrone_det.pt,0.1,640,29,72,28
9999963_00000_d_0000052,visdrone_det.pt,0.15,640,29,53,17
9999963_00000_d_0000052,visdrone_det.pt,0.2,640,29,39,11
9999963_00000_d_0000052,visdrone_det.pt,0.25,640,29,32,7
9999963_00000_d_0000052,visdrone_det.pt,0.3,640,29,28,4
9999963_00000_d_0000052,visdrone_det.pt,0.4,640,29,22,2
9999963_00000_d_0000052,visdrone_det.pt,0.5,640,29,16,0
9999963_00000_d_0000052,visdrone_det.pt,0.05,1024,29,119,58
9999963_00000_d_0000052,visdrone_det.pt,0.1,1024,29,78,33
9999963_00000_d_0000052,visdrone_det.pt,0.15,1024,29,58,22
9999963_00000_d_0000052,visdrone_det.pt,0.2,1024,29,43,14
9999963_00000_d_0000052,visdrone_det.pt,0.25,1024,29,34,10
9999963_00000_d_0000052,visdrone_det.pt,0.3,1024,29,31,9
9999963_00000_d_0000052,visdrone_det.pt,0.4,1024,29,27,7
9999963_00000_d_0000052,visdrone_det.pt,0.5,1024,29,21,4
9999963_00000_d_0000052,visdrone_det.pt,0.05,1536,29,143,74
9999963_00000_d_0000052,visdrone_det.pt,0.1,1536,29,91,40
9999963_00000_d_0000052,visdrone_det.pt,0.15,1536,29,64,25
9999963_00000_d_0000052,visdrone_det.pt,0.2,1536,29,49,19
9999963_00000_d_0000052,visdrone_det.pt,0.25,1536,29,39,18
9999963_00000_d_0000052,visdrone_det.pt,0.3,1536,29,27,11
9999963_00000_d_0000052,visdrone_det.pt,0.4,1536,29,15,5
9999963_00000_d_0000052,visdrone_det.pt,0.5,1536,29,12,3
9999963_00000_d_0000057,visdrone_det.pt,0.05,640,5,103,6
9999963_00000_d_0000057,visdrone_det.pt,0.1,640,5,72,4
9999963_00000_d_0000057,visdrone_det.pt,0.15,640,5,52,3
9999963_00000_d_0000057,visdrone_det.pt,0.2,640,5,41,3
9999963_00000_d_0000057,visdrone_det.pt,0.25,640,5,37,3
9999963_00000_d_0000057,visdrone_det.pt,0.3,640,5,33,3
9999963_00000_d_0000057,visdrone_det.pt,0.4,640,5,24,3
9999963_00000_d_0000057,visdrone_det.pt,0.5,640,5,16,3
9999963_00000_d_0000057,visdrone_det.pt,0.05,1024,5,109,8
9999963_00000_d_0000057,visdrone_det.pt,0.1,1024,5,68,5
9999963_00000_d_0000057,visdrone_det.pt,0.15,1024,5,56,4
9999963_00000_d_0000057,visdrone_det.pt,0.2,1024,5,49,3
9999963_00000_d_0000057,visdrone_det.pt,0.25,1024,5,40,2
9999963_00000_d_0000057,visdrone_det.pt,0.3,1024,5,36,2
9999963_00000_d_0000057,visdrone_det.pt,0.4,1024,5,29,2
9999963_00000_d_0000057,visdrone_det.pt,0.5,1024,5,25,2
9999963_00000_d_0000057,visdrone_det.pt,0.05,1536,5,75,6
9999963_00000_d_0000057,visdrone_det.pt,0.1,1536,5,55,5
9999963_00000_d_0000057,visdrone_det.pt,0.15,1536,5,44,5
9999963_00000_d_0000057,visdrone_det.pt,0.2,1536,5,41,4
9999963_00000_d_0000057,visdrone_det.pt,0.25,1536,5,34,3
9999963_00000_d_0000057,visdrone_det.pt,0.3,1536,5,25,2
9999963_00000_d_0000057,visdrone_det.pt,0.4,1536,5,17,2
9999963_00000_d_0000057,visdrone_det.pt,0.5,1536,5,11,1
9999963_00000_d_0000060,visdrone_det.pt,0.05,640,5,164,4
9999963_00000_d_0000060,visdrone_det.pt,0.1,640,5,113,4
9999963_00000_d_0000060,visdrone_det.pt,0.15,640,5,90,3
9999963_00000_d_0000060,visdrone_det.pt,0.2,640,5,64,2
9999963_00000_d_0000060,visdrone_det.pt,0.25,640,5,54,0
9999963_00000_d_0000060,visdrone_det.pt,0.3,640,5,44,0
9999963_00000_d_0000060,visdrone_det.pt,0.4,640,5,28,0
9999963_00000_d_0000060,visdrone_det.pt,0.5,640,5,17,0
9999963_00000_d_0000060,visdrone_det.pt,0.05,1024,5,178,9
9999963_00000_d_0000060,visdrone_det.pt,0.1,1024,5,113,5
9999963_00000_d_0000060,visdrone_det.pt,0.15,1024,5,81,3
9999963_00000_d_0000060,visdrone_det.pt,0.2,1024,5,63,3
9999963_00000_d_0000060,visdrone_det.pt,0.25,1024,5,51,2
9999963_00000_d_0000060,visdrone_det.pt,0.3,1024,5,48,2
9999963_00000_d_0000060,visdrone_det.pt,0.4,1024,5,33,2
9999963_00000_d_0000060,visdrone_det.pt,0.5,1024,5,26,2
9999963_00000_d_0000060,visdrone_det.pt,0.05,1536,5,154,6
9999963_00000_d_0000060,visdrone_det.pt,0.1,1536,5,86,3
9999963_00000_d_0000060,visdrone_det.pt,0.15,1536,5,66,3
9999963_00000_d_0000060,visdrone_det.pt,0.2,1536,5,51,3
9999963_00000_d_0000060,visdrone_det.pt,0.25,1536,5,40,2
9999963_00000_d_0000060,visdrone_det.pt,0.3,1536,5,34,2
9999963_00000_d_0000060,visdrone_det.pt,0.4,1536,5,25,2
9999963_00000_d_0000060,visdrone_det.pt,0.5,1536,5,21,2
9999963_00000_d_0000061,visdrone_det.pt,0.05,640,3,27,2
9999963_00000_d_0000061,visdrone_det.pt,0.1,640,3,24,2
9999963_00000_d_0000061,visdrone_det.pt,0.15,640,3,20,2
9999963_00000_d_0000061,visdrone_det.pt,0.2,640,3,20,2
9999963_00000_d_0000061,visdrone_det.pt,0.25,640,3,17,1
9999963_00000_d_0000061,visdrone_det.pt,0.3,640,3,16,1
9999963_00000_d_0000061,visdrone_det.pt,0.4,640,3,15,1
9999963_00000_d_0000061,visdrone_det.pt,0.5,640,3,12,0
9999963_00000_d_0000061,visdrone_det.pt,0.05,1024,3,34,4
9999963_00000_d_0000061,visdrone_det.pt,0.1,1024,3,24,3
9999963_00000_d_0000061,visdrone_det.pt,0.15,1024,3,20,3
9999963_00000_d_0000061,visdrone_det.pt,0.2,1024,3,18,2
9999963_00000_d_0000061,visdrone_det.pt,0.25,1024,3,17,2
9999963_00000_d_0000061,visdrone_det.pt,0.3,1024,3,15,1
9999963_00000_d_0000061,visdrone_det.pt,0.4,1024,3,15,1
9999963_00000_d_0000061,visdrone_det.pt,0.5,1024,3,15,1
9999963_00000_d_0000061,visdrone_det.pt,0.05,1536,3,39,5
9999963_00000_d_0000061,visdrone_det.pt,0.1,1536,3,29,4
9999963_00000_d_0000061,visdrone_det.pt,0.15,1536,3,21,3
9999963_00000_d_0000061,visdrone_det.pt,0.2,1536,3,19,2
9999963_00000_d_0000061,visdrone_det.pt,0.25,1536,3,18,2
9999963_00000_d_0000061,visdrone_det.pt,0.3,1536,3,16,2
9999963_00000_d_0000061,visdrone_det.pt,0.4,1536,3,14,2
9999963_00000_d_0000061,visdrone_det.pt,0.5,1536,3,11,2
9999963_00000_d_0000064,visdrone_det.pt,0.05,640,5,34,4
9999963_00000_d_0000064,visdrone_det.pt,0.1,640,5,27,2
9999963_00000_d_0000064,visdrone_det.pt,0.15,640,5,22,1
9999963_00000_d_0000064,visdrone_det.pt,0.2,640,5,18,1
9999963_00000_d_0000064,visdrone_det.pt,0.25,640,5,17,1
9999963_00000_d_0000064,visdrone_det.pt,0.3,640,5,17,1
9999963_00000_d_0000064,visdrone_det.pt,0.4,640,5,15,1
9999963_00000_d_0000064,visdrone_det.pt,0.5,640,5,14,1
9999963_00000_d_0000064,visdrone_det.pt,0.05,1024,5,35,5
9999963_00000_d_0000064,visdrone_det.pt,0.1,1024,5,26,2
9999963_00000_d_0000064,visdrone_det.pt,0.15,1024,5,22,2
9999963_00000_d_0000064,visdrone_det.pt,0.2,1024,5,21,2
9999963_00000_d_0000064,visdrone_det.pt,0.25,1024,5,19,2
9999963_00000_d_0000064,visdrone_det.pt,0.3,1024,5,16,2
9999963_00000_d_0000064,visdrone_det.pt,0.4,1024,5,14,1
9999963_00000_d_0000064,visdrone_det.pt,0.5,1024,5,13,1
9999963_00000_d_0000064,visdrone_det.pt,0.05,1536,5,34,2
9999963_00000_d_0000064,visdrone_det.pt,0.1,1536,5,22,0
9999963_00000_d_0000064,visdrone_det.pt,0.15,1536,5,17,0
9999963_00000_d_0000064,visdrone_det.pt,0.2,1536,5,14,0
9999963_00000_d_0000064,visdrone_det.pt,0.25,1536,5,14,0
9999963_00000_d_0000064,visdrone_det.pt,0.3,1536,5,14,0
9999963_00000_d_0000064,visdrone_det.pt,0.4,1536,5,13,0
9999963_00000_d_0000064,visdrone_det.pt,0.5,1536,5,10,0
9999963_00000_d_0000067,visdrone_det.pt,0.05,640,5,45,8
9999963_00000_d_0000067,visdrone_det.pt,0.1,640,5,32,5
9999963_00000_d_0000067,visdrone_det.pt,0.15,640,5,27,2
9999963_00000_d_0000067,visdrone_det.pt,0.2,640,5,26,2
9999963_00000_d_0000067,visdrone_det.pt,0.25,640,5,23,0
9999963_00000_d_0000067,visdrone_det.pt,0.3,640,5,21,0
9999963_00000_d_0000067,visdrone_det.pt,0.4,640,5,19,0
9999963_00000_d_0000067,visdrone_det.pt,0.5,640,5,17,0
9999963_00000_d_0000067,visdrone_det.pt,0.05,1024,5,55,8
9999963_00000_d_0000067,visdrone_det.pt,0.1,1024,5,37,4
9999963_00000_d_0000067,visdrone_det.pt,0.15,1024,5,31,3
9999963_00000_d_0000067,visdrone_det.pt,0.2,1024,5,24,2
9999963_00000_d_0000067,visdrone_det.pt,0.25,1024,5,24,2
9999963_00000_d_0000067,visdrone_det.pt,0.3,1024,5,21,2
9999963_00000_d_0000067,visdrone_det.pt,0.4,1024,5,20,2
9999963_00000_d_0000067,visdrone_det.pt,0.5,1024,5,17,0
9999963_00000_d_0000067,visdrone_det.pt,0.05,1536,5,51,14
9999963_00000_d_0000067,visdrone_det.pt,0.1,1536,5,34,7
9999963_00000_d_0000067,visdrone_det.pt,0.15,1536,5,32,6
9999963_00000_d_0000067,visdrone_det.pt,0.2,1536,5,28,5
9999963_00000_d_0000067,visdrone_det.pt,0.25,1536,5,24,4
9999963_00000_d_0000067,visdrone_det.pt,0.3,1536,5,22,4
9999963_00000_d_0000067,visdrone_det.pt,0.4,1536,5,20,3
9999963_00000_d_0000067,visdrone_det.pt,0.5,1536,5,19,3
9999963_00000_d_0000070,visdrone_det.pt,0.05,640,4,63,9
9999963_00000_d_0000070,visdrone_det.pt,0.1,640,4,43,4
9999963_00000_d_0000070,visdrone_det.pt,0.15,640,4,39,4
9999963_00000_d_0000070,visdrone_det.pt,0.2,640,4,33,3
9999963_00000_d_0000070,visdrone_det.pt,0.25,640,4,30,3
9999963_00000_d_0000070,visdrone_det.pt,0.3,640,4,27,3
9999963_00000_d_0000070,visdrone_det.pt,0.4,640,4,27,3
9999963_00000_d_0000070,visdrone_det.pt,0.5,640,4,23,2
9999963_00000_d_0000070,visdrone_det.pt,0.05,1024,4,75,3
9999963_00000_d_0000070,visdrone_det.pt,0.1,1024,4,51,1
9999963_00000_d_0000070,visdrone_det.pt,0.15,1024,4,43,1
9999963_00000_d_0000070,visdrone_det.pt,0.2,1024,4,38,1
9999963_00000_d_0000070,visdrone_det.pt,0.25,1024,4,33,1
9999963_00000_d_0000070,visdrone_det.pt,0.3,1024,4,31,1
9999963_00000_d_0000070,visdrone_det.pt,0.4,1024,4,27,1
9999963_00000_d_0000070,visdrone_det.pt,0.5,1024,4,24,1
9999963_00000_d_0000070,visdrone_det.pt,0.05,1536,4,85,8
9999963_00000_d_0000070,visdrone_det.pt,0.1,1536,4,59,3
9999963_00000_d_0000070,visdrone_det.pt,0.15,1536,4,44,3
9999963_00000_d_0000070,visdrone_det.pt,0.2,1536,4,38,3
9999963_00000_d_0000070,visdrone_det.pt,0.25,1536,4,34,3
9999963_00000_d_0000070,visdrone_det.pt,0.3,1536,4,30,2
9999963_00000_d_0000070,visdrone_det.pt,0.4,1536,4,23,2
9999963_00000_d_0000070,visdrone_det.pt,0.5,1536,4,13,0
9999963_00000_d_0000071,visdrone_det.pt,0.05,640,3,50,4
9999963_00000_d_0000071,visdrone_det.pt,0.1,640,3,35,2
9999963_00000_d_0000071,visdrone_det.pt,0.15,640,3,25,1
9999963_00000_d_0000071,visdrone_det.pt,0.2,640,3,23,1
9999963_00000_d_0000071,visdrone_det.pt,0.25,640,3,21,0
9999963_00000_d_0000071,visdrone_det.pt,0.3,640,3,20,0
9999963_00000_d_0000071,visdrone_det.pt,0.4,640,3,18,0
9999963_00000_d_0000071,visdrone_det.pt,0.5,640,3,14,0
9999963_00000_d_0000071,visdrone_det.pt,0.05,1024,3,44,4
9999963_00000_d_0000071,visdrone_det.pt,0.1,1024,3,34,1
9999963_00000_d_0000071,visdrone_det.pt,0.15,1024,3,30,1
9999963_00000_d_0000071,visdrone_det.pt,0.2,1024,3,25,0
9999963_00000_d_0000071,visdrone_det.pt,0.25,1024,3,19,0
9999963_00000_d_0000071,visdrone_det.pt,0.3,1024,3,17,0
9999963_00000_d_0000071,visdrone_det.pt,0.4,1024,3,16,0
9999963_00000_d_0000071,visdrone_det.pt,0.5,1024,3,15,0
9999963_00000_d_0000071,visdrone_det.pt,0.05,1536,3,49,2
9999963_00000_d_0000071,visdrone_det.pt,0.1,1536,3,32,1
9999963_00000_d_0000071,visdrone_det.pt,0.15,1536,3,26,1
9999963_00000_d_0000071,visdrone_det.pt,0.2,1536,3,22,1
9999963_00000_d_0000071,visdrone_det.pt,0.25,1536,3,19,0
9999963_00000_d_0000071,visdrone_det.pt,0.3,1536,3,18,0
9999963_00000_d_0000071,visdrone_det.pt,0.4,1536,3,16,0
9999963_00000_d_0000071,visdrone_det.pt,0.5,1536,3,13,0
9999973_00000_d_0000001,visdrone_det.pt,0.05,640,7,50,9
9999973_00000_d_0000001,visdrone_det.pt,0.1,640,7,33,6
9999973_00000_d_0000001,visdrone_det.pt,0.15,640,7,27,3
9999973_00000_d_0000001,visdrone_det.pt,0.2,640,7,22,2
9999973_00000_d_0000001,visdrone_det.pt,0.25,640,7,21,1
9999973_00000_d_0000001,visdrone_det.pt,0.3,640,7,19,0
9999973_00000_d_0000001,visdrone_det.pt,0.4,640,7,16,0
9999973_00000_d_0000001,visdrone_det.pt,0.5,640,7,11,0
9999973_00000_d_0000001,visdrone_det.pt,0.05,1024,7,70,10
9999973_00000_d_0000001,visdrone_det.pt,0.1,1024,7,47,5
9999973_00000_d_0000001,visdrone_det.pt,0.15,1024,7,35,3
9999973_00000_d_0000001,visdrone_det.pt,0.2,1024,7,30,3
9999973_00000_d_0000001,visdrone_det.pt,0.25,1024,7,27,3
9999973_00000_d_0000001,visdrone_det.pt,0.3,1024,7,24,3
9999973_00000_d_0000001,visdrone_det.pt,0.4,1024,7,18,0
9999973_00000_d_0000001,visdrone_det.pt,0.5,1024,7,14,0
9999973_00000_d_0000001,visdrone_det.pt,0.05,1536,7,69,14
9999973_00000_d_0000001,visdrone_det.pt,0.1,1536,7,47,8
9999973_00000_d_0000001,visdrone_det.pt,0.15,1536,7,35,4
9999973_00000_d_0000001,visdrone_det.pt,0.2,1536,7,29,3
9999973_00000_d_0000001,visdrone_det.pt,0.25,1536,7,26,3
9999973_00000_d_0000001,visdrone_det.pt,0.3,1536,7,22,2
9999973_00000_d_0000001,visdrone_det.pt,0.4,1536,7,20,2
9999973_00000_d_0000001,visdrone_det.pt,0.5,1536,7,18,2
9999973_00000_d_0000002,visdrone_det.pt,0.05,640,3,39,4
9999973_00000_d_0000002,visdrone_det.pt,0.1,640,3,26,1
9999973_00000_d_0000002,visdrone_det.pt,0.15,640,3,22,1
9999973_00000_d_0000002,visdrone_det.pt,0.2,640,3,19,1
9999973_00000_d_0000002,visdrone_det.pt,0.25,640,3,16,1
9999973_00000_d_0000002,visdrone_det.pt,0.3,640,3,15,1
9999973_00000_d_0000002,visdrone_det.pt,0.4,640,3,14,1
9999973_00000_d_0000002,visdrone_det.pt,0.5,640,3,12,0
9999973_00000_d_0000002,visdrone_det.pt,0.05,1024,3,40,2
9999973_00000_d_0000002,visdrone_det.pt,0.1,1024,3,30,2
9999973_00000_d_0000002,visdrone_det.pt,0.15,1024,3,26,2
9999973_00000_d_0000002,visdrone_det.pt,0.2,1024,3,21,2
9999973_00000_d_0000002,visdrone_det.pt,0.25,1024,3,18,2
9999973_00000_d_0000002,visdrone_det.pt,0.3,1024,3,18,2
9999973_00000_d_0000002,visdrone_det.pt,0.4,1024,3,17,2
9999973_00000_d_0000002,visdrone_det.pt,0.5,1024,3,14,0
9999973_00000_d_0000002,visdrone_det.pt,0.05,1536,3,55,4
9999973_00000_d_0000002,visdrone_det.pt,0.1,1536,3,32,3
9999973_00000_d_0000002,visdrone_det.pt,0.15,1536,3,28,3
9999973_00000_d_0000002,visdrone_det.pt,0.2,1536,3,22,2
9999973_00000_d_0000002,visdrone_det.pt,0.25,1536,3,19,2
9999973_00000_d_0000002,visdrone_det.pt,0.3,1536,3,17,2
9999973_00000_d_0000002,visdrone_det.pt,0.4,1536,3,15,2
9999973_00000_d_0000002,visdrone_det.pt,0.5,1536,3,15,2
9999973_00000_d_0000005,visdrone_det.pt,0.05,640,8,56,1
9999973_00000_d_0000005,visdrone_det.pt,0.1,640,8,38,0
9999973_00000_d_0000005,visdrone_det.pt,0.15,640,8,26,0
9999973_00000_d_0000005,visdrone_det.pt,0.2,640,8,21,0
9999973_00000_d_0000005,visdrone_det.pt,0.25,640,8,19,0
9999973_00000_d_0000005,visdrone_det.pt,0.3,640,8,16,0
9999973_00000_d_0000005,visdrone_det.pt,0.4,640,8,10,0
9999973_00000_d_0000005,visdrone_det.pt,0.5,640,8,6,0
9999973_00000_d_0000005,visdrone_det.pt,0.05,1024,8,68,10
9999973_00000_d_0000005,visdrone_det.pt,0.1,1024,8,35,2
9999973_00000_d_0000005,visdrone_det.pt,0.15,1024,8,28,2
9999973_00000_d_0000005,visdrone_det.pt,0.2,1024,8,21,1
9999973_00000_d_0000005,visdrone_det.pt,0.25,1024,8,21,1
9999973_00000_d_0000005,visdrone_det.pt,0.3,1024,8,18,1
9999973_00000_d_0000005,visdrone_det.pt,0.4,1024,8,15,0
9999973_00000_d_0000005,visdrone_det.pt,0.5,1024,8,12,0
9999973_00000_d_0000005,visdrone_det.pt,0.05,1536,8,75,5
9999973_00000_d_0000005,visdrone_det.pt,0.1,1536,8,44,3
9999973_00000_d_0000005,visdrone_det.pt,0.15,1536,8,28,3
9999973_00000_d_0000005,visdrone_det.pt,0.2,1536,8,24,2
9999973_00000_d_0000005,visdrone_det.pt,0.25,1536,8,21,1
9999973_00000_d_0000005,visdrone_det.pt,0.3,1536,8,19,0
9999973_00000_d_0000005,visdrone_det.pt,0.4,1536,8,17,0
9999973_00000_d_0000005,visdrone_det.pt,0.5,1536,8,13,0
9999973_00000_d_0000011,visdrone_det.pt,0.05,640,4,47,0
9999973_00000_d_0000011,visdrone_det.pt,0.1,640,4,36,0
9999973_00000_d_0000011,visdrone_det.pt,0.15,640,4,27,0
9999973_00000_d_0000011,visdrone_det.pt,0.2,640,4,23,0
9999973_00000_d_0000011,visdrone_det.pt,0.25,640,4,23,0
9999973_00000_d_0000011,visdrone_det.pt,0.3,640,4,20,0
9999973_00000_d_0000011,visdrone_det.pt,0.4,640,4,19,0
9999973_00000_d_0000011,visdrone_det.pt,0.5,640,4,17,0
9999973_00000_d_0000011,visdrone_det.pt,0.05,1024,4,42,6
9999973_00000_d_0000011,visdrone_det.pt,0.1,1024,4,35,3
9999973_00000_d_0000011,visdrone_det.pt,0.15,1024,4,30,2
9999973_00000_d_0000011,visdrone_det.pt,0.2,1024,4,28,1
9999973_00000_d_0000011,visdrone_det.pt,0.25,1024,4,26,1
9999973_00000_d_0000011,visdrone_det.pt,0.3,1024,4,24,1
9999973_00000_d_0000011,visdrone_det.pt,0.4,1024,4,20,0
9999973_00000_d_0000011,visdrone_det.pt,0.5,1024,4,19,0
9999973_00000_d_0000011,visdrone_det.pt,0.05,1536,4,42,3
9999973_00000_d_0000011,visdrone_det.pt,0.1,1536,4,36,3
9999973_00000_d_0000011,visdrone_det.pt,0.15,1536,4,30,2
9999973_00000_d_0000011,visdrone_det.pt,0.2,1536,4,27,2
9999973_00000_d_0000011,visdrone_det.pt,0.25,1536,4,24,1
9999973_00000_d_0000011,visdrone_det.pt,0.3,1536,4,23,0
9999973_00000_d_0000011,visdrone_det.pt,0.4,1536,4,22,0
9999973_00000_d_0000011,visdrone_det.pt,0.5,1536,4,20,0
9999973_00000_d_0000013,visdrone_det.pt,0.05,640,12,121,6
9999973_00000_d_0000013,visdrone_det.pt,0.1,640,12,75,1
9999973_00000_d_0000013,visdrone_det.pt,0.15,640,12,55,0
9999973_00000_d_0000013,visdrone_det.pt,0.2,640,12,41,0
9999973_00000_d_0000013,visdrone_det.pt,0.25,640,12,33,0
9999973_00000_d_0000013,visdrone_det.pt,0.3,640,12,25,0
9999973_00000_d_0000013,visdrone_det.pt,0.4,640,12,20,0
9999973_00000_d_0000013,visdrone_det.pt,0.5,640,12,11,0
9999973_00000_d_0000013,visdrone_det.pt,0.05,1024,12,153,3
9999973_00000_d_0000013,visdrone_det.pt,0.1,1024,12,95,1
9999973_00000_d_0000013,visdrone_det.pt,0.15,1024,12,67,1
9999973_00000_d_0000013,visdrone_det.pt,0.2,1024,12,52,1
9999973_00000_d_0000013,visdrone_det.pt,0.25,1024,12,45,1
9999973_00000_d_0000013,visdrone_det.pt,0.3,1024,12,42,1
9999973_00000_d_0000013,visdrone_det.pt,0.4,1024,12,30,0
9999973_00000_d_0000013,visdrone_det.pt,0.5,1024,12,22,0
9999973_00000_d_0000013,visdrone_det.pt,0.05,1536,12,161,10
9999973_00000_d_0000013,visdrone_det.pt,0.1,1536,12,95,7
9999973_00000_d_0000013,visdrone_det.pt,0.15,1536,12,67,3
9999973_00000_d_0000013,visdrone_det.pt,0.2,1536,12,52,1
9999973_00000_d_0000013,visdrone_det.pt,0.25,1536,12,45,1
9999973_00000_d_0000013,visdrone_det.pt,0.3,1536,12,40,1
9999973_00000_d_0000013,visdrone_det.pt,0.4,1536,12,34,1
9999973_00000_d_0000013,visdrone_det.pt,0.5,1536,12,29,1
9999973_00000_d_0000014,visdrone_det.pt,0.05,640,1,34,1
9999973_00000_d_0000014,visdrone_det.pt,0.1,640,1,27,0
9999973_00000_d_0000014,visdrone_det.pt,0.15,640,1,22,0
9999973_00000_d_0000014,visdrone_det.pt,0.2,640,1,19,0
9999973_00000_d_0000014,visdrone_det.pt,0.25,640,1,15,0
9999973_00000_d_0000014,visdrone_det.pt,0.3,640,1,14,0
9999973_00000_d_0000014,visdrone_det.pt,0.4,640,1,13,0
9999973_00000_d_0000014,visdrone_det.pt,0.5,640,1,11,0
9999973_00000_d_0000014,visdrone_det.pt,0.05,1024,1,37,1
9999973_00000_d_0000014,visdrone_det.pt,0.1,1024,1,23,0
9999973_00000_d_0000014,visdrone_det.pt,0.15,1024,1,20,0
9999973_00000_d_0000014,visdrone_det.pt,0.2,1024,1,16,0
9999973_00000_d_0000014,visdrone_det.pt,0.25,1024,1,13,0
9999973_00000_d_0000014,visdrone_det.pt,0.3,1024,1,12,0
9999973_00000_d_0000014,visdrone_det.pt,0.4,1024,1,10,0
9999973_00000_d_0000014,visdrone_det.pt,0.5,1024,1,10,0
9999973_00000_d_0000014,visdrone_det.pt,0.05,1536,1,36,5
9999973_00000_d_0000014,visdrone_det.pt,0.1,1536,1,24,2
9999973_00000_d_0000014,visdrone_det.pt,0.15,1536,1,17,1
9999973_00000_d_0000014,visdrone_det.pt,0.2,1536,1,14,0
9999973_00000_d_0000014,visdrone_det.pt,0.25,1536,1,13,0
9999973_00000_d_0000014,visdrone_det.pt,0.3,1536,1,12,0
9999973_00000_d_0000014,visdrone_det.pt,0.4,1536,1,10,0
9999973_00000_d_0000014,visdrone_det.pt,0.5,1536,1,9,0
9999973_00000_d_0000021,visdrone_det.pt,0.05,640,3,71,0
9999973_00000_d_0000021,visdrone_det.pt,0.1,640,3,41,0
9999973_00000_d_0000021,visdrone_det.pt,0.15,640,3,31,0
9999973_00000_d_0000021,visdrone_det.pt,0.2,640,3,25,0
9999973_00000_d_0000021,visdrone_det.pt,0.25,640,3,21,0
9999973_00000_d_0000021,visdrone_det.pt,0.3,640,3,18,0
9999973_00000_d_0000021,visdrone_det.pt,0.4,640,3,12,0
9999973_00000_d_0000021,visdrone_det.pt,0.5,640,3,10,0
9999973_00000_d_0000021,visdrone_det.pt,0.05,1024,3,114,1
9999973_00000_d_0000021,visdrone_det.pt,0.1,1024,3,70,0
9999973_00000_d_0000021,visdrone_det.pt,0.15,1024,3,54,0
9999973_00000_d_0000021,visdrone_det.pt,0.2,1024,3,44,0
9999973_00000_d_0000021,visdrone_det.pt,0.25,1024,3,34,0
9999973_00000_d_0000021,visdrone_det.pt,0.3,1024,3,26,0
9999973_00000_d_0000021,visdrone_det.pt,0.4,1024,3,19,0
9999973_00000_d_0000021,visdrone_det.pt,0.5,1024,3,15,0
9999973_00000_d_0000021,visdrone_det.pt,0.05,1536,3,126,2
9999973_00000_d_0000021,visdrone_det.pt,0.1,1536,3,74,1
9999973_00000_d_0000021,visdrone_det.pt,0.15,1536,3,60,1
9999973_00000_d_0000021,visdrone_det.pt,0.2,1536,3,45,1
9999973_00000_d_0000021,visdrone_det.pt,0.25,1536,3,41,0
9999973_00000_d_0000021,visdrone_det.pt,0.3,1536,3,34,0
9999973_00000_d_0000021,visdrone_det.pt,0.4,1536,3,23,0
9999973_00000_d_0000021,visdrone_det.pt,0.5,1536,3,17,0
9999973_00000_d_0000027,visdrone_det.pt,0.05,640,5,66,9
9999973_00000_d_0000027,visdrone_det.pt,0.1,640,5,49,5
9999973_00000_d_0000027,visdrone_det.pt,0.15,640,5,40,2
9999973_00000_d_0000027,visdrone_det.pt,0.2,640,5,32,0
9999973_00000_d_0000027,visdrone_det.pt,0.25,640,5,30,0
9999973_00000_d_0000027,visdrone_det.pt,0.3,640,5,29,0
9999973_00000_d_0000027,visdrone_det.pt,0.4,640,5,21,0
9999973_00000_d_0000027,visdrone_det.pt,0.5,640,5,17,0
9999973_00000_d_0000027,visdrone_det.pt,0.05,1024,5,86,23
9999973_00000_d_0000027,visdrone_det.pt,0.1,1024,5,51,3
9999973_00000_d_0000027,visdrone_det.pt,0.15,1024,5,41,3
9999973_00000_d_0000027,visdrone_det.pt,0.2,1024,5,36,2
9999973_00000_d_0000027,visdrone_det.pt,0.25,1024,5,33,1
9999973_00000_d_0000027,visdrone_det.pt,0.3,1024,5,32,1
9999973_00000_d_0000027,visdrone_det.pt,0.4,1024,5,26,0
9999973_00000_d_0000027,visdrone_det.pt,0.5,1024,5,23,0
9999973_00000_d_0000027,visdrone_det.pt,0.05,1536,5,93,20
9999973_00000_d_0000027,visdrone_det.pt,0.1,1536,5,62,13
9999973_00000_d_0000027,visdrone_det.pt,0.15,1536,5,46,7
9999973_00000_d_0000027,visdrone_det.pt,0.2,1536,5,39,5
9999973_00000_d_0000027,visdrone_det.pt,0.25,1536,5,37,3
9999973_00000_d_0000027,visdrone_det.pt,0.3,1536,5,34,2
9999973_00000_d_0000027,visdrone_det.pt,0.4,1536,5,29,2
9999973_00000_d_0000027,visdrone_det.pt,0.5,1536,5,26,1
9999973_00000_d_0000031,visdrone_det.pt,0.05,640,1,53,1
9999973_00000_d_0000031,visdrone_det.pt,0.1,640,1,31,0
9999973_00000_d_0000031,visdrone_det.pt,0.15,640,1,25,0
9999973_00000_d_0000031,visdrone_det.pt,0.2,640,1,24,0
9999973_00000_d_0000031,visdrone_det.pt,0.25,640,1,21,0
9999973_00000_d_0000031,visdrone_det.pt,0.3,640,1,19,0
9999973_00000_d_0000031,visdrone_det.pt,0.4,640,1,17,0
9999973_00000_d_0000031,visdrone_det.pt,0.5,640,1,15,0
9999973_00000_d_0000031,visdrone_det.pt,0.05,1024,1,57,4
9999973_00000_d_0000031,visdrone_det.pt,0.1,1024,1,38,1
9999973_00000_d_0000031,visdrone_det.pt,0.15,1024,1,32,1
9999973_00000_d_0000031,visdrone_det.pt,0.2,1024,1,25,0
9999973_00000_d_0000031,visdrone_det.pt,0.25,1024,1,24,0
9999973_00000_d_0000031,visdrone_det.pt,0.3,1024,1,24,0
9999973_00000_d_0000031,visdrone_det.pt,0.4,1024,1,20,0
9999973_00000_d_0000031,visdrone_det.pt,0.5,1024,1,19,0
9999973_00000_d_0000031,visdrone_det.pt,0.05,1536,1,59,1
9999973_00000_d_0000031,visdrone_det.pt,0.1,1536,1,44,0
9999973_00000_d_0000031,visdrone_det.pt,0.15,1536,1,33,0
9999973_00000_d_0000031,visdrone_det.pt,0.2,1536,1,28,0
9999973_00000_d_0000031,visdrone_det.pt,0.25,1536,1,26,0
9999973_00000_d_0000031,visdrone_det.pt,0.3,1536,1,24,0
9999973_00000_d_0000031,visdrone_det.pt,0.4,1536,1,22,0
9999973_00000_d_0000031,visdrone_det.pt,0.5,1536,1,19,0
9999973_00000_d_0000040,visdrone_det.pt,0.05,640,6,62,2
9999973_00000_d_0000040,visdrone_det.pt,0.1,640,6,30,1
9999973_00000_d_0000040,visdrone_det.pt,0.15,640,6,20,1
9999973_00000_d_0000040,visdrone_det.pt,0.2,640,6,14,0
9999973_00000_d_0000040,visdrone_det.pt,0.25,640,6,12,0
9999973_00000_d_0000040,visdrone_det.pt,0.3,640,6,8,0
9999973_00000_d_0000040,visdrone_det.pt,0.4,640,6,5,0
9999973_00000_d_0000040,visdrone_det.pt,0.5,640,6,2,0
9999973_00000_d_0000040,visdrone_det.pt,0.05,1024,6,144,5
9999973_00000_d_0000040,visdrone_det.pt,0.1,1024,6,79,3
9999973_00000_d_0000040,visdrone_det.pt,0.15,1024,6,51,2
9999973_00000_d_0000040,visdrone_det.pt,0.2,1024,6,38,1
9999973_00000_d_0000040,visdrone_det.pt,0.25,1024,6,27,0
9999973_00000_d_0000040,visdrone_det.pt,0.3,1024,6,23,0
9999973_00000_d_0000040,visdrone_det.pt,0.4,1024,6,17,0
9999973_00000_d_0000040,visdrone_det.pt,0.5,1024,6,8,0
9999973_00000_d_0000040,visdrone_det.pt,0.05,1536,6,208,9
9999973_00000_d_0000040,visdrone_det.pt,0.1,1536,6,109,1
9999973_00000_d_0000040,visdrone_det.pt,0.15,1536,6,85,1
9999973_00000_d_0000040,visdrone_det.pt,0.2,1536,6,75,0
9999973_00000_d_0000040,visdrone_det.pt,0.25,1536,6,64,0
9999973_00000_d_0000040,visdrone_det.pt,0.3,1536,6,56,0
9999973_00000_d_0000040,visdrone_det.pt,0.4,1536,6,38,0
9999973_00000_d_0000040,visdrone_det.pt,0.5,1536,6,26,0
9999973_00000_d_0000044,visdrone_det.pt,0.05,640,4,81,2
9999973_00000_d_0000044,visdrone_det.pt,0.1,640,4,59,0
9999973_00000_d_0000044,visdrone_det.pt,0.15,640,4,37,0
9999973_00000_d_0000044,visdrone_det.pt,0.2,640,4,26,0
9999973_00000_d_0000044,visdrone_det.pt,0.25,640,4,18,0
9999973_00000_d_0000044,visdrone_det.pt,0.3,640,4,11,0
9999973_00000_d_0000044,visdrone_det.pt,0.4,640,4,3,0
9999973_00000_d_0000044,visdrone_det.pt,0.5,640,4,1,0
9999973_00000_d_0000044,visdrone_det.pt,0.05,1024,4,67,1
9999973_00000_d_0000044,visdrone_det.pt,0.1,1024,4,38,1
9999973_00000_d_0000044,visdrone_det.pt,0.15,1024,4,26,1
9999973_00000_d_0000044,visdrone_det.pt,0.2,1024,4,18,0
9999973_00000_d_0000044,visdrone_det.pt,0.25,1024,4,15,0
9999973_00000_d_0000044,visdrone_det.pt,0.3,1024,4,9,0
9999973_00000_d_0000044,visdrone_det.pt,0.4,1024,4,5,0
9999973_00000_d_0000044,visdrone_det.pt,0.5,1024,4,3,0
9999973_00000_d_0000044,visdrone_det.pt,0.05,1536,4,76,6
9999973_00000_d_0000044,visdrone_det.pt,0.1,1536,4,50,5
9999973_00000_d_0000044,visdrone_det.pt,0.15,1536,4,35,2
9999973_00000_d_0000044,visdrone_det.pt,0.2,1536,4,25,1
9999973_00000_d_0000044,visdrone_det.pt,0.25,1536,4,17,0
9999973_00000_d_0000044,visdrone_det.pt,0.3,1536,4,14,0
9999973_00000_d_0000044,visdrone_det.pt,0.4,1536,4,9,0
9999973_00000_d_0000044,visdrone_det.pt,0.5,1536,4,5,0
9999973_00000_d_0000045,visdrone_det.pt,0.05,640,3,69,2
9999973_00000_d_0000045,visdrone_det.pt,0.1,640,3,38,0
9999973_00000_d_0000045,visdrone_det.pt,0.15,640,3,27,0
9999973_00000_d_0000045,visdrone_det.pt,0.2,640,3,16,0
9999973_00000_d_0000045,visdrone_det.pt,0.25,640,3,9,0
9999973_00000_d_0000045,visdrone_det.pt,0.3,640,3,3,0
9999973_00000_d_0000045,visdrone_det.pt,0.4,640,3,2,0
9999973_00000_d_0000045,visdrone_det.pt,0.5,640,3,1,0
9999973_00000_d_0000045,visdrone_det.pt,0.05,1024,3,83,3
9999973_00000_d_0000045,visdrone_det.pt,0.1,1024,3,51,2
9999973_00000_d_0000045,visdrone_det.pt,0.15,1024,3,31,1
9999973_00000_d_0000045,visdrone_det.pt,0.2,1024,3,21,1
9999973_00000_d_0000045,visdrone_det.pt,0.25,1024,3,16,0
9999973_00000_d_0000045,visdrone_det.pt,0.3,1024,3,13,0
9999973_00000_d_0000045,visdrone_det.pt,0.4,1024,3,8,0
9999973_00000_d_0000045,visdrone_det.pt,0.5,1024,3,3,0
9999973_00000_d_0000045,visdrone_det.pt,0.05,1536,3,91,4
9999973_00000_d_0000045,visdrone_det.pt,0.1,1536,3,62,3
9999973_00000_d_0000045,visdrone_det.pt,0.15,1536,3,46,2
9999973_00000_d_0000045,visdrone_det.pt,0.2,1536,3,35,2
9999973_00000_d_0000045,visdrone_det.pt,0.25,1536,3,24,2
9999973_00000_d_0000045,visdrone_det.pt,0.3,1536,3,20,1
9999973_00000_d_0000045,visdrone_det.pt,0.4,1536,3,15,0
9999973_00000_d_0000045,visdrone_det.pt,0.5,1536,3,12,0
9999973_00000_d_0000047,visdrone_det.pt,0.05,640,6,109,0
9999973_00000_d_0000047,visdrone_det.pt,0.1,640,6,69,0
9999973_00000_d_0000047,visdrone_det.pt,0.15,640,6,48,0
9999973_00000_d_0000047,visdrone_det.pt,0.2,640,6,38,0
9999973_00000_d_0000047,visdrone_det.pt,0.25,640,6,29,0
9999973_00000_d_0000047,visdrone_det.pt,0.3,640,6,23,0
9999973_00000_d_0000047,visdrone_det.pt,0.4,640,6,13,0
9999973_00000_d_0000047,visdrone_det.pt,0.5,640,6,7,0
9999973_00000_d_0000047,visdrone_det.pt,0.05,1024,6,73,1
9999973_00000_d_0000047,visdrone_det.pt,0.1,1024,6,48,1
9999973_00000_d_0000047,visdrone_det.pt,0.15,1024,6,35,0
9999973_00000_d_0000047,visdrone_det.pt,0.2,1024,6,28,0
9999973_00000_d_0000047,visdrone_det.pt,0.25,1024,6,23,0
9999973_00000_d_0000047,visdrone_det.pt,0.3,1024,6,22,0
9999973_00000_d_0000047,visdrone_det.pt,0.4,1024,6,18,0
9999973_00000_d_0000047,visdrone_det.pt,0.5,1024,6,15,0
9999973_00000_d_0000047,visdrone_det.pt,0.05,1536,6,60,7
9999973_00000_d_0000047,visdrone_det.pt,0.1,1536,6,46,6
9999973_00000_d_0000047,visdrone_det.pt,0.15,1536,6,37,3
9999973_00000_d_0000047,visdrone_det.pt,0.2,1536,6,31,3
9999973_00000_d_0000047,visdrone_det.pt,0.25,1536,6,28,1
9999973_00000_d_0000047,visdrone_det.pt,0.3,1536,6,23,1
9999973_00000_d_0000047,visdrone_det.pt,0.4,1536,6,19,1
9999973_00000_d_0000047,visdrone_det.pt,0.5,1536,6,16,1
9999973_00000_d_0000050,visdrone_det.pt,0.05,640,14,124,0
9999973_00000_d_0000050,visdrone_det.pt,0.1,640,14,77,0
9999973_00000_d_0000050,visdrone_det.pt,0.15,640,14,64,0
9999973_00000_d_0000050,visdrone_det.pt,0.2,640,14,54,0
9999973_00000_d_0000050,visdrone_det.pt,0.25,640,14,43,0
9999973_00000_d_0000050,visdrone_det.pt,0.3,640,14,39,0
9999973_00000_d_0000050,visdrone_det.pt,0.4,640,14,26,0
9999973_00000_d_0000050,visdrone_det.pt,0.5,640,14,22,0
9999973_00000_d_0000050,visdrone_det.pt,0.05,1024,14,133,6
9999973_00000_d_0000050,visdrone_det.pt,0.1,1024,14,82,1
9999973_00000_d_0000050,visdrone_det.pt,0.15,1024,14,63,0
9999973_00000_d_0000050,visdrone_det.pt,0.2,1024,14,55,0
9999973_00000_d_0000050,visdrone_det.pt,0.25,1024,14,47,0
9999973_00000_d_0000050,visdrone_det.pt,0.3,1024,14,43,0
9999973_00000_d_0000050,visdrone_det.pt,0.4,1024,14,36,0
9999973_00000_d_0000050,visdrone_det.pt,0.5,1024,14,31,0
9999973_00000_d_0000050,visdrone_det.pt,0.05,1536,14,147,5
9999973_00000_d_0000050,visdrone_det.pt,0.1,1536,14,101,2
9999973_00000_d_0000050,visdrone_det.pt,0.15,1536,14,75,1
9999973_00000_d_0000050,visdrone_det.pt,0.2,1536,14,61,0
9999973_00000_d_0000050,visdrone_det.pt,0.25,1536,14,55,0
9999973_00000_d_0000050,visdrone_det.pt,0.3,1536,14,44,0
9999973_00000_d_0000050,visdrone_det.pt,0.4,1536,14,36,0
9999973_00000_d_0000050,visdrone_det.pt,0.5,1536,14,31,0
9999973_00000_d_0000057,visdrone_det.pt,0.05,640,8,95,0
9999973_00000_d_0000057,visdrone_det.pt,0.1,640,8,60,0
9999973_00000_d_0000057,visdrone_det.pt,0.15,640,8,49,0
9999973_00000_d_0000057,visdrone_det.pt,0.2,640,8,37,0
9999973_00000_d_0000057,visdrone_det.pt,0.25,640,8,33,0
9999973_00000_d_0000057,visdrone_det.pt,0.3,640,8,25,0
9999973_00000_d_0000057,visdrone_det.pt,0.4,640,8,16,0
9999973_00000_d_0000057,visdrone_det.pt,0.5,640,8,13,0
9999973_00000_d_0000057,visdrone_det.pt,0.05,1024,8,161,1
9999973_00000_d_0000057,visdrone_det.pt,0.1,1024,8,108,0
9999973_00000_d_0000057,visdrone_det.pt,0.15,1024,8,89,0
9999973_00000_d_0000057,visdrone_det.pt,0.2,1024,8,68,0
9999973_00000_d_0000057,visdrone_det.pt,0.25,1024,8,58,0
9999973_00000_d_0000057,visdrone_det.pt,0.3,1024,8,39,0
9999973_00000_d_0000057,visdrone_det.pt,0.4,1024,8,26,0
9999973_00000_d_0000057,visdrone_det.pt,0.5,1024,8,19,0
9999973_00000_d_0000057,visdrone_det.pt,0.05,1536,8,209,1
9999973_00000_d_0000057,visdrone_det.pt,0.1,1536,8,152,0
9999973_00000_d_0000057,visdrone_det.pt,0.15,1536,8,104,0
9999973_00000_d_0000057,visdrone_det.pt,0.2,1536,8,79,0
9999973_00000_d_0000057,visdrone_det.pt,0.25,1536,8,54,0
9999973_00000_d_0000057,visdrone_det.pt,0.3,1536,8,43,0
9999973_00000_d_0000057,visdrone_det.pt,0.4,1536,8,30,0
9999973_00000_d_0000057,visdrone_det.pt,0.5,1536,8,24,0
9999973_00000_d_0000060,visdrone_det.pt,0.05,640,2,46,5
9999973_00000_d_0000060,visdrone_det.pt,0.1,640,2,35,2
9999973_00000_d_0000060,visdrone_det.pt,0.15,640,2,29,0
9999973_00000_d_0000060,visdrone_det.pt,0.2,640,2,27,0
9999973_00000_d_0000060,visdrone_det.pt,0.25,640,2,22,0
9999973_00000_d_0000060,visdrone_det.pt,0.3,640,2,22,0
9999973_00000_d_0000060,visdrone_det.pt,0.4,640,2,19,0
9999973_00000_d_0000060,visdrone_det.pt,0.5,640,2,17,0
9999973_00000_d_0000060,visdrone_det.pt,0.05,1024,2,82,41
9999973_00000_d_0000060,visdrone_det.pt,0.1,1024,2,58,29
9999973_00000_d_0000060,visdrone_det.pt,0.15,1024,2,44,18
9999973_00000_d_0000060,visdrone_det.pt,0.2,1024,2,32,9
9999973_00000_d_0000060,visdrone_det.pt,0.25,1024,2,23,4
9999973_00000_d_0000060,visdrone_det.pt,0.3,1024,2,19,0
9999973_00000_d_0000060,visdrone_det.pt,0.4,1024,2,19,0
9999973_00000_d_0000060,visdrone_det.pt,0.5,1024,2,18,0
9999973_00000_d_0000060,visdrone_det.pt,0.05,1536,2,72,36
9999973_00000_d_0000060,visdrone_det.pt,0.1,1536,2,53,27
9999973_00000_d_0000060,visdrone_det.pt,0.15,1536,2,41,17
9999973_00000_d_0000060,visdrone_det.pt,0.2,1536,2,34,12
9999973_00000_d_0000060,visdrone_det.pt,0.25,1536,2,28,7
9999973_00000_d_0000060,visdrone_det.pt,0.3,1536,2,24,5
9999973_00000_d_0000060,visdrone_det.pt,0.4,1536,2,17,1
9999973_00000_d_0000060,visdrone_det.pt,0.5,1536,2,16,0
9999973_00000_d_0000061,visdrone_det.pt,0.05,640,12,95,2
9999973_00000_d_0000061,visdrone_det.pt,0.1,640,12,62,2
9999973_00000_d_0000061,visdrone_det.pt,0.15,640,12,53,1
9999973_00000_d_0000061,visdrone_det.pt,0.2,640,12,49,1
9999973_00000_d_0000061,visdrone_det.pt,0.25,640,12,45,1
9999973_00000_d_0000061,visdrone_det.pt,0.3,640,12,39,0
9999973_00000_d_0000061,visdrone_det.pt,0.4,640,12,30,0
9999973_00000_d_0000061,visdrone_det.pt,0.5,640,12,24,0
9999973_00000_d_0000061,visdrone_det.pt,0.05,1024,12,71,1
9999973_00000_d_0000061,visdrone_det.pt,0.1,1024,12,54,1
9999973_00000_d_0000061,visdrone_det.pt,0.15,1024,12,49,1
9999973_00000_d_0000061,visdrone_det.pt,0.2,1024,12,42,1
9999973_00000_d_0000061,visdrone_det.pt,0.25,1024,12,37,1
9999973_00000_d_0000061,visdrone_det.pt,0.3,1024,12,35,1
9999973_00000_d_0000061,visdrone_det.pt,0.4,1024,12,33,1
9999973_00000_d_0000061,visdrone_det.pt,0.5,1024,12,30,1
9999973_00000_d_0000061,visdrone_det.pt,0.05,1536,12,60,7
9999973_00000_d_0000061,visdrone_det.pt,0.1,1536,12,43,3
9999973_00000_d_0000061,visdrone_det.pt,0.15,1536,12,40,2
9999973_00000_d_0000061,visdrone_det.pt,0.2,1536,12,35,1
9999973_00000_d_0000061,visdrone_det.pt,0.25,1536,12,30,1
9999973_00000_d_0000061,visdrone_det.pt,0.3,1536,12,29,1
9999973_00000_d_0000061,visdrone_det.pt,0.4,1536,12,29,1
9999973_00000_d_0000061,visdrone_det.pt,0.5,1536,12,27,1
9999973_00000_d_0000067,visdrone_det.pt,0.05,640,6,96,2
9999973_00000_d_0000067,visdrone_det.pt,0.1,640,6,61,1
9999973_00000_d_0000067,visdrone_det.pt,0.15,640,6,42,1
9999973_00000_d_0000067,visdrone_det.pt,0.2,640,6,28,1
9999973_00000_d_0000067,visdrone_det.pt,0.25,640,6,23,1
9999973_00000_d_0000067,visdrone_det.pt,0.3,640,6,19,0
9999973_00000_d_0000067,visdrone_det.pt,0.4,640,6,11,0
9999973_00000_d_0000067,visdrone_det.pt,0.5,640,6,9,0
9999973_00000_d_0000067,visdrone_det.pt,0.05,1024,6,195,61
9999973_00000_d_0000067,visdrone_det.pt,0.1,1024,6,111,31
9999973_00000_d_0000067,visdrone_det.pt,0.15,1024,6,78,16
9999973_00000_d_0000067,visdrone_det.pt,0.2,1024,6,68,14
9999973_00000_d_0000067,visdrone_det.pt,0.25,1024,6,54,11
9999973_00000_d_0000067,visdrone_det.pt,0.3,1024,6,43,8
9999973_00000_d_0000067,visdrone_det.pt,0.4,1024,6,32,4
9999973_00000_d_0000067,visdrone_det.pt,0.5,1024,6,25,3
9999973_00000_d_0000067,visdrone_det.pt,0.05,1536,6,297,131
9999973_00000_d_0000067,visdrone_det.pt,0.1,1536,6,187,79
9999973_00000_d_0000067,visdrone_det.pt,0.15,1536,6,133,53
9999973_00000_d_0000067,visdrone_det.pt,0.2,1536,6,92,29
9999973_00000_d_0000067,visdrone_det.pt,0.25,1536,6,71,21
9999973_00000_d_0000067,visdrone_det.pt,0.3,1536,6,59,19
9999973_00000_d_0000067,visdrone_det.pt,0.4,1536,6,40,10
9999973_00000_d_0000067,visdrone_det.pt,0.5,1536,6,28,5
9999973_00000_d_0000068,visdrone_det.pt,0.05,640,3,53,0
9999973_00000_d_0000068,visdrone_det.pt,0.1,640,3,40,0
9999973_00000_d_0000068,visdrone_det.pt,0.15,640,3,28,0
9999973_00000_d_0000068,visdrone_det.pt,0.2,640,3,21,0
9999973_00000_d_0000068,visdrone_det.pt,0.25,640,3,20,0
9999973_00000_d_0000068,visdrone_det.pt,0.3,640,3,18,0
9999973_00000_d_0000068,visdrone_det.pt,0.4,640,3,18,0
9999973_00000_d_0000068,visdrone_det.pt,0.5,640,3,15,0
9999973_00000_d_0000068,visdrone_det.pt,0.05,1024,3,77,0
9999973_00000_d_0000068,visdrone_det.pt,0.1,1024,3,60,0
9999973_00000_d_0000068,visdrone_det.pt,0.15,1024,3,49,0
9999973_00000_d_0000068,visdrone_det.pt,0.2,1024,3,42,0
9999973_00000_d_0000068,visdrone_det.pt,0.25,1024,3,34,0
9999973_00000_d_0000068,visdrone_det.pt,0.3,1024,3,30,0
9999973_00000_d_0000068,visdrone_det.pt,0.4,1024,3,23,0
9999973_00000_d_0000068,visdrone_det.pt,0.5,1024,3,20,0
9999973_00000_d_0000068,visdrone_det.pt,0.05,1536,3,66,3
9999973_00000_d_0000068,visdrone_det.pt,0.1,1536,3,50,2
9999973_00000_d_0000068,visdrone_det.pt,0.15,1536,3,41,2
9999973_00000_d_0000068,visdrone_det.pt,0.2,1536,3,35,1
9999973_00000_d_0000068,visdrone_det.pt,0.25,1536,3,30,1
9999973_00000_d_0000068,visdrone_det.pt,0.3,1536,3,26,1
9999973_00000_d_0000068,visdrone_det.pt,0.4,1536,3,22,1
9999973_00000_d_0000068,visdrone_det.pt,0.5,1536,3,19,1
9999973_00000_d_0000071,visdrone_det.pt,0.05,640,2,81,3
9999973_00000_d_0000071,visdrone_det.pt,0.1,640,2,54,0
9999973_00000_d_0000071,visdrone_det.pt,0.15,640,2,46,0
9999973_00000_d_0000071,visdrone_det.pt,0.2,640,2,42,0
9999973_00000_d_0000071,visdrone_det.pt,0.25,640,2,39,0
9999973_00000_d_0000071,visdrone_det.pt,0.3,640,2,35,0
9999973_00000_d_0000071,visdrone_det.pt,0.4,640,2,26,0
9999973_00000_d_0000071,visdrone_det.pt,0.5,640,2,20,0
9999973_00000_d_0000071,visdrone_det.pt,0.05,1024,2,78,9
9999973_00000_d_0000071,visdrone_det.pt,0.1,1024,2,54,5
9999973_00000_d_0000071,visdrone_det.pt,0.15,1024,2,44,1
9999973_00000_d_0000071,visdrone_det.pt,0.2,1024,2,42,1
9999973_00000_d_0000071,visdrone_det.pt,0.25,1024,2,35,0
9999973_00000_d_0000071,visdrone_det.pt,0.3,1024,2,32,0
9999973_00000_d_0000071,visdrone_det.pt,0.4,1024,2,26,0
9999973_00000_d_0000071,visdrone_det.pt,0.5,1024,2,25,0
9999973_00000_d_0000071,visdrone_det.pt,0.05,1536,2,77,5
9999973_00000_d_0000071,visdrone_det.pt,0.1,1536,2,60,2
9999973_00000_d_0000071,visdrone_det.pt,0.15,1536,2,47,2
9999973_00000_d_0000071,visdrone_det.pt,0.2,1536,2,42,1
9999973_00000_d_0000071,visdrone_det.pt,0.25,1536,2,38,0
9999973_00000_d_0000071,visdrone_det.pt,0.3,1536,2,36,0
9999973_00000_d_0000071,visdrone_det.pt,0.4,1536,2,33,0
9999973_00000_d_0000071,visdrone_det.pt,0.5,1536,2,28,0
9999973_00000_d_0000072,visdrone_det.pt,0.05,640,1,107,15
9999973_00000_d_0000072,visdrone_det.pt,0.1,640,1,68,8
9999973_00000_d_0000072,visdrone_det.pt,0.15,640,1,50,3
9999973_00000_d_0000072,visdrone_det.pt,0.2,640,1,44,3
9999973_00000_d_0000072,visdrone_det.pt,0.25,640,1,40,2
9999973_00000_d_0000072,visdrone_det.pt,0.3,640,1,32,0
9999973_00000_d_0000072,visdrone_det.pt,0.4,640,1,30,0
9999973_00000_d_0000072,visdrone_det.pt,0.5,640,1,27,0
9999973_00000_d_0000072,visdrone_det.pt,0.05,1024,1,105,6
9999973_00000_d_0000072,visdrone_det.pt,0.1,1024,1,69,1
9999973_00000_d_0000072,visdrone_det.pt,0.15,1024,1,51,0
9999973_00000_d_0000072,visdrone_det.pt,0.2,1024,1,42,0
9999973_00000_d_0000072,visdrone_det.pt,0.25,1024,1,36,0
9999973_00000_d_0000072,visdrone_det.pt,0.3,1024,1,31,0
9999973_00000_d_0000072,visdrone_det.pt,0.4,1024,1,30,0
9999973_00000_d_0000072,visdrone_det.pt,0.5,1024,1,27,0
9999973_00000_d_0000072,visdrone_det.pt,0.05,1536,1,122,11
9999973_00000_d_0000072,visdrone_det.pt,0.1,1536,1,88,2
9999973_00000_d_0000072,visdrone_det.pt,0.15,1536,1,71,1
9999973_00000_d_0000072,visdrone_det.pt,0.2,1536,1,58,1
9999973_00000_d_0000072,visdrone_det.pt,0.25,1536,1,48,0
9999973_00000_d_0000072,visdrone_det.pt,0.3,1536,1,41,0
9999973_00000_d_0000072,visdrone_det.pt,0.4,1536,1,35,0
9999973_00000_d_0000072,visdrone_det.pt,0.5,1536,1,32,0
9999973_00000_d_0000075,visdrone_det.pt,0.05,640,6,103,0
9999973_00000_d_0000075,visdrone_det.pt,0.1,640,6,61,0
9999973_00000_d_0000075,visdrone_det.pt,0.15,640,6,39,0
9999973_00000_d_0000075,visdrone_det.pt,0.2,640,6,31,0
9999973_00000_d_0000075,visdrone_det.pt,0.25,640,6,23,0
9999973_00000_d_0000075,visdrone_det.pt,0.3,640,6,19,0
9999973_00000_d_0000075,visdrone_det.pt,0.4,640,6,13,0
9999973_00000_d_0000075,visdrone_det.pt,0.5,640,6,11,0
9999973_00000_d_0000075,visdrone_det.pt,0.05,1024,6,107,1
9999973_00000_d_0000075,visdrone_det.pt,0.1,1024,6,75,0
9999973_00000_d_0000075,visdrone_det.pt,0.15,1024,6,54,0
9999973_00000_d_0000075,visdrone_det.pt,0.2,1024,6,43,0
9999973_00000_d_0000075,visdrone_det.pt,0.25,1024,6,39,0
9999973_00000_d_0000075,visdrone_det.pt,0.3,1024,6,34,0
9999973_00000_d_0000075,visdrone_det.pt,0.4,1024,6,23,0
9999973_00000_d_0000075,visdrone_det.pt,0.5,1024,6,17,0
9999973_00000_d_0000075,visdrone_det.pt,0.05,1536,6,150,3
9999973_00000_d_0000075,visdrone_det.pt,0.1,1536,6,100,1
9999973_00000_d_0000075,visdrone_det.pt,0.15,1536,6,82,1
9999973_00000_d_0000075,visdrone_det.pt,0.2,1536,6,70,1
9999973_00000_d_0000075,visdrone_det.pt,0.25,1536,6,57,0
9999973_00000_d_0000075,visdrone_det.pt,0.3,1536,6,47,0
9999973_00000_d_0000075,visdrone_det.pt,0.4,1536,6,33,0
9999973_00000_d_0000075,visdrone_det.pt,0.5,1536,6,23,0
9999973_00000_d_0000076,visdrone_det.pt,0.05,640,5,95,2
9999973_00000_d_0000076,visdrone_det.pt,0.1,640,5,58,0
9999973_00000_d_0000076,visdrone_det.pt,0.15,640,5,44,0
9999973_00000_d_0000076,visdrone_det.pt,0.2,640,5,35,0
9999973_00000_d_0000076,visdrone_det.pt,0.25,640,5,30,0
9999973_00000_d_0000076,visdrone_det.pt,0.3,640,5,23,0
9999973_00000_d_0000076,visdrone_det.pt,0.4,640,5,16,0
9999973_00000_d_0000076,visdrone_det.pt,0.5,640,5,11,0
9999973_00000_d_0000076,visdrone_det.pt,0.05,1024,5,141,3
9999973_00000_d_0000076,visdrone_det.pt,0.1,1024,5,100,1
9999973_00000_d_0000076,visdrone_det.pt,0.15,1024,5,72,0
9999973_00000_d_0000076,visdrone_det.pt,0.2,1024,5,54,0
9999973_00000_d_0000076,visdrone_det.pt,0.25,1024,5,47,0
9999973_00000_d_0000076,visdrone_det.pt,0.3,1024,5,40,0
9999973_00000_d_0000076,visdrone_det.pt,0.4,1024,5,27,0
9999973_00000_d_0000076,visdrone_det.pt,0.5,1024,5,18,0
9999973_00000_d_0000076,visdrone_det.pt,0.05,1536,5,143,9
9999973_00000_d_0000076,visdrone_det.pt,0.1,1536,5,94,3
9999973_00000_d_0000076,visdrone_det.pt,0.15,1536,5,78,3
9999973_00000_d_0000076,visdrone_det.pt,0.2,1536,5,59,1
9999973_00000_d_0000076,visdrone_det.pt,0.25,1536,5,50,0
9999973_00000_d_0000076,visdrone_det.pt,0.3,1536,5,44,0
9999973_00000_d_0000076,visdrone_det.pt,0.4,1536,5,36,0
9999973_00000_d_0000076,visdrone_det.pt,0.5,1536,5,30,0
9999973_00000_d_0000081,visdrone_det.pt,0.05,640,5,96,4
9999973_00000_d_0000081,visdrone_det.pt,0.1,640,5,47,1
9999973_00000_d_0000081,visdrone_det.pt,0.15,640,5,32,0
9999973_00000_d_0000081,visdrone_det.pt,0.2,640,5,28,0
9999973_00000_d_0000081,visdrone_det.pt,0.25,640,5,24,0
9999973_00000_d_0000081,visdrone_det.pt,0.3,640,5,23,0
9999973_00000_d_0000081,visdrone_det.pt,0.4,640,5,22,0
9999973_00000_d_0000081,visdrone_det.pt,0.5,640,5,19,0
9999973_00000_d_0000081,visdrone_det.pt,0.05,1024,5,113,4
9999973_00000_d_0000081,visdrone_det.pt,0.1,1024,5,53,2
9999973_00000_d_0000081,visdrone_det.pt,0.15,1024,5,47,1
9999973_00000_d_0000081,visdrone_det.pt,0.2,1024,5,40,0
9999973_00000_d_0000081,visdrone_det.pt,0.25,1024,5,34,0
9999973_00000_d_0000081,visdrone_det.pt,0.3,1024,5,31,0
9999973_00000_d_0000081,visdrone_det.pt,0.4,1024,5,25,0
9999973_00000_d_0000081,visdrone_det.pt,0.5,1024,5,21,0
9999973_00000_d_0000081,visdrone_det.pt,0.05,1536,5,109,4
9999973_00000_d_0000081,visdrone_det.pt,0.1,1536,5,65,2
9999973_00000_d_0000081,visdrone_det.pt,0.15,1536,5,53,1
9999973_00000_d_0000081,visdrone_det.pt,0.2,1536,5,43,1
9999973_00000_d_0000081,visdrone_det.pt,0.25,1536,5,38,1
9999973_00000_d_0000081,visdrone_det.pt,0.3,1536,5,34,1
9999973_00000_d_0000081,visdrone_det.pt,0.4,1536,5,26,0
9999973_00000_d_0000081,visdrone_det.pt,0.5,1536,5,23,0
9999973_00000_d_0000084,visdrone_det.pt,0.05,640,10,108,2
9999973_00000_d_0000084,visdrone_det.pt,0.1,640,10,71,0
9999973_00000_d_0000084,visdrone_det.pt,0.15,640,10,56,0
9999973_00000_d_0000084,visdrone_det.pt,0.2,640,10,50,0
9999973_00000_d_0000084,visdrone_det.pt,0.25,640,10,42,0
9999973_00000_d_0000084,visdrone_det.pt,0.3,640,10,34,0
9999973_00000_d_0000084,visdrone_det.pt,0.4,640,10,25,0
9999973_00000_d_0000084,visdrone_det.pt,0.5,640,10,10,0
9999973_00000_d_0000084,visdrone_det.pt,0.05,1024,10,125,9
9999973_00000_d_0000084,visdrone_det.pt,0.1,1024,10,86,3
9999973_00000_d_0000084,visdrone_det.pt,0.15,1024,10,66,1
9999973_00000_d_0000084,visdrone_det.pt,0.2,1024,10,53,0
9999973_00000_d_0000084,visdrone_det.pt,0.25,1024,10,44,0
9999973_00000_d_0000084,visdrone_det.pt,0.3,1024,10,37,0
9999973_00000_d_0000084,visdrone_det.pt,0.4,1024,10,30,0
9999973_00000_d_0000084,visdrone_det.pt,0.5,1024,10,26,0
9999973_00000_d_0000084,visdrone_det.pt,0.05,1536,10,125,9
9999973_00000_d_0000084,visdrone_det.pt,0.1,1536,10,87,1
9999973_00000_d_0000084,visdrone_det.pt,0.15,1536,10,72,0
9999973_00000_d_0000084,visdrone_det.pt,0.2,1536,10,62,0
9999973_00000_d_0000084,visdrone_det.pt,0.25,1536,10,56,0
9999973_00000_d_0000084,visdrone_det.pt,0.3,1536,10,51,0
9999973_00000_d_0000084,visdrone_det.pt,0.4,1536,10,41,0
9999973_00000_d_0000084,visdrone_det.pt,0.5,1536,10,32,0
9999973_00000_d_0000093,visdrone_det.pt,0.05,640,2,28,4
9999973_00000_d_0000093,visdrone_det.pt,0.1,640,2,18,2
9999973_00000_d_0000093,visdrone_det.pt,0.15,640,2,11,1
9999973_00000_d_0000093,visdrone_det.pt,0.2,640,2,9,1
9999973_00000_d_0000093,visdrone_det.pt,0.25,640,2,7,1
9999973_00000_d_0000093,visdrone_det.pt,0.3,640,2,3,0
9999973_00000_d_0000093,visdrone_det.pt,0.4,640,2,3,0
9999973_00000_d_0000093,visdrone_det.pt,0.5,640,2,2,0
9999973_00000_d_0000093,visdrone_det.pt,0.05,1024,2,23,4
9999973_00000_d_0000093,visdrone_det.pt,0.1,1024,2,17,2
9999973_00000_d_0000093,visdrone_det.pt,0.15,1024,2,15,2
9999973_00000_d_0000093,visdrone_det.pt,0.2,1024,2,14,2
9999973_00000_d_0000093,visdrone_det.pt,0.25,1024,2,14,2
9999973_00000_d_0000093,visdrone_det.pt,0.3,1024,2,12,2
9999973_00000_d_0000093,visdrone_det.pt,0.4,1024,2,10,1
9999973_00000_d_0000093,visdrone_det.pt,0.5,1024,2,10,1
9999973_00000_d_0000093,visdrone_det.pt,0.05,1536,2,28,8
9999973_00000_d_0000093,visdrone_det.pt,0.1,1536,2,21,5
9999973_00000_d_0000093,visdrone_det.pt,0.15,1536,2,20,4
9999973_00000_d_0000093,visdrone_det.pt,0.2,1536,2,18,3
9999973_00000_d_0000093,visdrone_det.pt,0.25,1536,2,16,2
9999973_00000_d_0000093,visdrone_det.pt,0.3,1536,2,15,1
9999973_00000_d_0000093,visdrone_det.pt,0.4,1536,2,13,1
9999973_00000_d_0000093,visdrone_det.pt,0.5,1536,2,10,1
9999973_00000_d_0000095,visdrone_det.pt,0.05,640,3,108,3
9999973_00000_d_0000095,visdrone_det.pt,0.1,640,3,77,1
9999973_00000_d_0000095,visdrone_det.pt,0.15,640,3,61,1
9999973_00000_d_0000095,visdrone_det.pt,0.2,640,3,50,1
9999973_00000_d_0000095,visdrone_det.pt,0.25,640,3,43,0
9999973_00000_d_0000095,visdrone_det.pt,0.3,640,3,37,0
9999973_00000_d_0000095,visdrone_det.pt,0.4,640,3,26,0
9999973_00000_d_0000095,visdrone_det.pt,0.5,640,3,21,0
9999973_00000_d_0000095,visdrone_det.pt,0.05,1024,3,94,0
9999973_00000_d_0000095,visdrone_det.pt,0.1,1024,3,73,0
9999973_00000_d_0000095,visdrone_det.pt,0.15,1024,3,60,0
9999973_00000_d_0000095,visdrone_det.pt,0.2,1024,3,53,0
9999973_00000_d_0000095,visdrone_det.pt,0.25,1024,3,51,0
9999973_00000_d_0000095,visdrone_det.pt,0.3,1024,3,48,0
9999973_00000_d_0000095,visdrone_det.pt,0.4,1024,3,41,0
9999973_00000_d_0000095,visdrone_det.pt,0.5,1024,3,28,0
9999973_00000_d_0000095,visdrone_det.pt,0.05,1536,3,112,6
9999973_00000_d_0000095,visdrone_det.pt,0.1,1536,3,78,0
9999973_00000_d_0000095,visdrone_det.pt,0.15,1536,3,63,0
9999973_00000_d_0000095,visdrone_det.pt,0.2,1536,3,60,0
9999973_00000_d_0000095,visdrone_det.pt,0.25,1536,3,53,0
9999973_00000_d_0000095,visdrone_det.pt,0.3,1536,3,52,0
9999973_00000_d_0000095,visdrone_det.pt,0.4,1536,3,46,0
9999973_00000_d_0000095,visdrone_det.pt,0.5,1536,3,38,0
9999973_00000_d_0000098,visdrone_det.pt,0.05,640,1,16,2
9999973_00000_d_0000098,visdrone_det.pt,0.1,640,1,14,1
9999973_00000_d_0000098,visdrone_det.pt,0.15,640,1,13,0
9999973_00000_d_0000098,visdrone_det.pt,0.2,640,1,12,0
9999973_00000_d_0000098,visdrone_det.pt,0.25,640,1,12,0
9999973_00000_d_0000098,visdrone_det.pt,0.3,640,1,11,0
9999973_00000_d_0000098,visdrone_det.pt,0.4,640,1,9,0
9999973_00000_d_0000098,visdrone_det.pt,0.5,640,1,9,0
9999973_00000_d_0000098,visdrone_det.pt,0.05,1024,1,18,0
9999973_00000_d_0000098,visdrone_det.pt,0.1,1024,1,17,0
9999973_00000_d_0000098,visdrone_det.pt,0.15,1024,1,16,0
9999973_00000_d_0000098,visdrone_det.pt,0.2,1024,1,15,0
9999973_00000_d_0000098,visdrone_det.pt,0.25,1024,1,13,0
9999973_00000_d_0000098,visdrone_det.pt,0.3,1024,1,12,0
9999973_00000_d_0000098,visdrone_det.pt,0.4,1024,1,10,0
9999973_00000_d_0000098,visdrone_det.pt,0.5,1024,1,10,0
9999973_00000_d_0000098,visdrone_det.pt,0.05,1536,1,23,5
9999973_00000_d_0000098,visdrone_det.pt,0.1,1536,1,17,1
9999973_00000_d_0000098,visdrone_det.pt,0.15,1536,1,14,1
9999973_00000_d_0000098,visdrone_det.pt,0.2,1536,1,13,0
9999973_00000_d_0000098,visdrone_det.pt,0.25,1536,1,13,0
9999973_00000_d_0000098,visdrone_det.pt,0.3,1536,1,12,0
9999973_00000_d_0000098,visdrone_det.pt,0.4,1536,1,11,0
9999973_00000_d_0000098,visdrone_det.pt,0.5,1536,1,11,0
9999973_00000_d_0000100,visdrone_det.pt,0.05,640,4,29,0
9999973_00000_d_0000100,visdrone_det.pt,0.1,640,4,18,0
9999973_00000_d_0000100,visdrone_det.pt,0.15,640,4,14,0
9999973_00000_d_0000100,visdrone_det.pt,0.2,640,4,10,0
9999973_00000_d_0000100,visdrone_det.pt,0.25,640,4,9,0
9999973_00000_d_0000100,visdrone_det.pt,0.3,640,4,9,0
9999973_00000_d_0000100,visdrone_det.pt,0.4,640,4,7,0
9999973_00000_d_0000100,visdrone_det.pt,0.5,640,4,6,0
9999973_00000_d_0000100,visdrone_det.pt,0.05,1024,4,16,0
9999973_00000_d_0000100,visdrone_det.pt,0.1,1024,4,14,0
9999973_00000_d_0000100,visdrone_det.pt,0.15,1024,4,13,0
9999973_00000_d_0000100,visdrone_det.pt,0.2,1024,4,11,0
9999973_00000_d_0000100,visdrone_det.pt,0.25,1024,4,10,0
9999973_00000_d_0000100,visdrone_det.pt,0.3,1024,4,9,0
9999973_00000_d_0000100,visdrone_det.pt,0.4,1024,4,8,0
9999973_00000_d_0000100,visdrone_det.pt,0.5,1024,4,8,0
9999973_00000_d_0000100,visdrone_det.pt,0.05,1536,4,20,2
9999973_00000_d_0000100,visdrone_det.pt,0.1,1536,4,12,0
9999973_00000_d_0000100,visdrone_det.pt,0.15,1536,4,10,0
9999973_00000_d_0000100,visdrone_det.pt,0.2,1536,4,10,0
9999973_00000_d_0000100,visdrone_det.pt,0.25,1536,4,9,0
9999973_00000_d_0000100,visdrone_det.pt,0.3,1536,4,9,0
9999973_00000_d_0000100,visdrone_det.pt,0.4,1536,4,9,0
9999973_00000_d_0000100,visdrone_det.pt,0.5,1536,4,8,0
9999973_00000_d_0000103,visdrone_det.pt,0.05,640,1,97,0
9999973_00000_d_0000103,visdrone_det.pt,0.1,640,1,54,0
9999973_00000_d_0000103,visdrone_det.pt,0.15,640,1,36,0
9999973_00000_d_0000103,visdrone_det.pt,0.2,640,1,29,0
9999973_00000_d_0000103,visdrone_det.pt,0.25,640,1,25,0
9999973_00000_d_0000103,visdrone_det.pt,0.3,640,1,20,0
9999973_00000_d_0000103,visdrone_det.pt,0.4,640,1,15,0
9999973_00000_d_0000103,visdrone_det.pt,0.5,640,1,14,0
9999973_00000_d_0000103,visdrone_det.pt,0.05,1024,1,49,0
9999973_00000_d_0000103,visdrone_det.pt,0.1,1024,1,35,0
9999973_00000_d_0000103,visdrone_det.pt,0.15,1024,1,30,0
9999973_00000_d_0000103,visdrone_det.pt,0.2,1024,1,28,0
9999973_00000_d_0000103,visdrone_det.pt,0.25,1024,1,28,0
9999973_00000_d_0000103,visdrone_det.pt,0.3,1024,1,28,0
9999973_00000_d_0000103,visdrone_det.pt,0.4,1024,1,24,0
9999973_00000_d_0000103,visdrone_det.pt,0.5,1024,1,18,0
9999973_00000_d_0000103,visdrone_det.pt,0.05,1536,1,49,0
9999973_00000_d_0000103,visdrone_det.pt,0.1,1536,1,34,0
9999973_00000_d_0000103,visdrone_det.pt,0.15,1536,1,31,0
9999973_00000_d_0000103,visdrone_det.pt,0.2,1536,1,29,0
9999973_00000_d_0000103,visdrone_det.pt,0.25,1536,1,26,0
9999973_00000_d_0000103,visdrone_det.pt,0.3,1536,1,24,0
9999973_00000_d_0000103,visdrone_det.pt,0.4,1536,1,22,0
9999973_00000_d_0000103,visdrone_det.pt,0.5,1536,1,21,0
9999973_00000_d_0000104,visdrone_det.pt,0.05,640,1,28,0
9999973_00000_d_0000104,visdrone_det.pt,0.1,640,1,19,0
9999973_00000_d_0000104,visdrone_det.pt,0.15,640,1,18,0
9999973_00000_d_0000104,visdrone_det.pt,0.2,640,1,17,0
9999973_00000_d_0000104,visdrone_det.pt,0.25,640,1,15,0
9999973_00000_d_0000104,visdrone_det.pt,0.3,640,1,13,0
9999973_00000_d_0000104,visdrone_det.pt,0.4,640,1,12,0
9999973_00000_d_0000104,visdrone_det.pt,0.5,640,1,12,0
9999973_00000_d_0000104,visdrone_det.pt,0.05,1024,1,40,0
9999973_00000_d_0000104,visdrone_det.pt,0.1,1024,1,24,0
9999973_00000_d_0000104,visdrone_det.pt,0.15,1024,1,20,0
9999973_00000_d_0000104,visdrone_det.pt,0.2,1024,1,19,0
9999973_00000_d_0000104,visdrone_det.pt,0.25,1024,1,17,0
9999973_00000_d_0000104,visdrone_det.pt,0.3,1024,1,17,0
9999973_00000_d_0000104,visdrone_det.pt,0.4,1024,1,14,0
9999973_00000_d_0000104,visdrone_det.pt,0.5,1024,1,14,0
9999973_00000_d_0000104,visdrone_det.pt,0.05,1536,1,36,0
9999973_00000_d_0000104,visdrone_det.pt,0.1,1536,1,26,0
9999973_00000_d_0000104,visdrone_det.pt,0.15,1536,1,21,0
9999973_00000_d_0000104,visdrone_det.pt,0.2,1536,1,18,0
9999973_00000_d_0000104,visdrone_det.pt,0.25,1536,1,17,0
9999973_00000_d_0000104,visdrone_det.pt,0.3,1536,1,16,0
9999973_00000_d_0000104,visdrone_det.pt,0.4,1536,1,14,0
9999973_00000_d_0000104,visdrone_det.pt,0.5,1536,1,12,0
9999973_00000_d_0000109,visdrone_det.pt,0.05,640,2,99,0
9999973_00000_d_0000109,visdrone_det.pt,0.1,640,2,60,0
9999973_00000_d_0000109,visdrone_det.pt,0.15,640,2,40,0
9999973_00000_d_0000109,visdrone_det.pt,0.2,640,2,30,0
9999973_00000_d_0000109,visdrone_det.pt,0.25,640,2,27,0
9999973_00000_d_0000109,visdrone_det.pt,0.3,640,2,19,0
9999973_00000_d_0000109,visdrone_det.pt,0.4,640,2,13,0
9999973_00000_d_0000109,visdrone_det.pt,0.5,640,2,9,0
9999973_00000_d_0000109,visdrone_det.pt,0.05,1024,2,134,2
9999973_00000_d_0000109,visdrone_det.pt,0.1,1024,2,92,2
9999973_00000_d_0000109,visdrone_det.pt,0.15,1024,2,66,0
9999973_00000_d_0000109,visdrone_det.pt,0.2,1024,2,50,0
9999973_00000_d_0000109,visdrone_det.pt,0.25,1024,2,41,0
9999973_00000_d_0000109,visdrone_det.pt,0.3,1024,2,38,0
9999973_00000_d_0000109,visdrone_det.pt,0.4,1024,2,30,0
9999973_00000_d_0000109,visdrone_det.pt,0.5,1024,2,22,0
9999973_00000_d_0000109,visdrone_det.pt,0.05,1536,2,125,1
9999973_00000_d_0000109,visdrone_det.pt,0.1,1536,2,84,1
9999973_00000_d_0000109,visdrone_det.pt,0.15,1536,2,71,1
9999973_00000_d_0000109,visdrone_det.pt,0.2,1536,2,62,0
9999973_00000_d_0000109,visdrone_det.pt,0.25,1536,2,53,0
9999973_00000_d_0000109,visdrone_det.pt,0.3,1536,2,49,0
9999973_00000_d_0000109,visdrone_det.pt,0.4,1536,2,43,0
9999973_00000_d_0000109,visdrone_det.pt,0.5,1536,2,39,0
9999973_00000_d_0000110,visdrone_det.pt,0.05,640,8,83,0
9999973_00000_d_0000110,visdrone_det.pt,0.1,640,8,51,0
9999973_00000_d_0000110,visdrone_det.pt,0.15,640,8,39,0
9999973_00000_d_0000110,visdrone_det.pt,0.2,640,8,22,0
9999973_00000_d_0000110,visdrone_det.pt,0.25,640,8,19,0
9999973_00000_d_0000110,visdrone_det.pt,0.3,640,8,14,0
9999973_00000_d_0000110,visdrone_det.pt,0.4,640,8,9,0
9999973_00000_d_0000110,visdrone_det.pt,0.5,640,8,5,0
9999973_00000_d_0000110,visdrone_det.pt,0.05,1024,8,143,2
9999973_00000_d_0000110,visdrone_det.pt,0.1,1024,8,96,0
9999973_00000_d_0000110,visdrone_det.pt,0.15,1024,8,69,0
9999973_00000_d_0000110,visdrone_det.pt,0.2,1024,8,52,0
9999973_00000_d_0000110,visdrone_det.pt,0.25,1024,8,43,0
9999973_00000_d_0000110,visdrone_det.pt,0.3,1024,8,40,0
9999973_00000_d_0000110,visdrone_det.pt,0.4,1024,8,28,0
9999973_00000_d_0000110,visdrone_det.pt,0.5,1024,8,20,0
9999973_00000_d_0000110,visdrone_det.pt,0.05,1536,8,136,3
9999973_00000_d_0000110,visdrone_det.pt,0.1,1536,8,96,0
9999973_00000_d_0000110,visdrone_det.pt,0.15,1536,8,73,0
9999973_00000_d_0000110,visdrone_det.pt,0.2,1536,8,62,0
9999973_00000_d_0000110,visdrone_det.pt,0.25,1536,8,56,0
9999973_00000_d_0000110,visdrone_det.pt,0.3,1536,8,50,0
9999973_00000_d_0000110,visdrone_det.pt,0.4,1536,8,39,0
9999973_00000_d_0000110,visdrone_det.pt,0.5,1536,8,28,0
9999973_00000_d_0000114,visdrone_det.pt,0.05,640,3,17,0
9999973_00000_d_0000114,visdrone_det.pt,0.1,640,3,10,0
9999973_00000_d_0000114,visdrone_det.pt,0.15,640,3,9,0
9999973_00000_d_0000114,visdrone_det.pt,0.2,640,3,8,0
9999973_00000_d_0000114,visdrone_det.pt,0.25,640,3,7,0
9999973_00000_d_0000114,visdrone_det.pt,0.3,640,3,7,0
9999973_00000_d_0000114,visdrone_det.pt,0.4,640,3,7,0
9999973_00000_d_0000114,visdrone_det.pt,0.5,640,3,7,0
9999973_00000_d_0000114,visdrone_det.pt,0.05,1024,3,19,0
9999973_00000_d_0000114,visdrone_det.pt,0.1,1024,3,13,0
9999973_00000_d_0000114,visdrone_det.pt,0.15,1024,3,11,0
9999973_00000_d_0000114,visdrone_det.pt,0.2,1024,3,9,0
9999973_00000_d_0000114,visdrone_det.pt,0.25,1024,3,9,0
9999973_00000_d_0000114,visdrone_det.pt,0.3,1024,3,8,0
9999973_00000_d_0000114,visdrone_det.pt,0.4,1024,3,8,0
9999973_00000_d_0000114,visdrone_det.pt,0.5,1024,3,6,0
9999973_00000_d_0000114,visdrone_det.pt,0.05,1536,3,23,1
9999973_00000_d_0000114,visdrone_det.pt,0.1,1536,3,13,0
9999973_00000_d_0000114,visdrone_det.pt,0.15,1536,3,9,0
9999973_00000_d_0000114,visdrone_det.pt,0.2,1536,3,8,0
9999973_00000_d_0000114,visdrone_det.pt,0.25,1536,3,7,0
9999973_00000_d_0000114,visdrone_det.pt,0.3,1536,3,7,0
9999973_00000_d_0000114,visdrone_det.pt,0.4,1536,3,6,0
9999973_00000_d_0000114,visdrone_det.pt,0.5,1536,3,5,0
9999973_00000_d_0000116,visdrone_det.pt,0.05,640,2,24,0
9999973_00000_d_0000116,visdrone_det.pt,0.1,640,2,21,0
9999973_00000_d_0000116,visdrone_det.pt,0.15,640,2,18,0
9999973_00000_d_0000116,visdrone_det.pt,0.2,640,2,15,0
9999973_00000_d_0000116,visdrone_det.pt,0.25,640,2,15,0
9999973_00000_d_0000116,visdrone_det.pt,0.3,640,2,15,0
9999973_00000_d_0000116,visdrone_det.pt,0.4,640,2,15,0
9999973_00000_d_0000116,visdrone_det.pt,0.5,640,2,14,0
9999973_00000_d_0000116,visdrone_det.pt,0.05,1024,2,19,1
9999973_00000_d_0000116,visdrone_det.pt,0.1,1024,2,18,1
9999973_00000_d_0000116,visdrone_det.pt,0.15,1024,2,15,0
9999973_00000_d_0000116,visdrone_det.pt,0.2,1024,2,15,0
9999973_00000_d_0000116,visdrone_det.pt,0.25,1024,2,14,0
9999973_00000_d_0000116,visdrone_det.pt,0.3,1024,2,14,0
9999973_00000_d_0000116,visdrone_det.pt,0.4,1024,2,13,0
9999973_00000_d_0000116,visdrone_det.pt,0.5,1024,2,12,0
9999973_00000_d_0000116,visdrone_det.pt,0.05,1536,2,29,6
9999973_00000_d_0000116,visdrone_det.pt,0.1,1536,2,22,4
9999973_00000_d_0000116,visdrone_det.pt,0.15,1536,2,18,3
9999973_00000_d_0000116,visdrone_det.pt,0.2,1536,2,17,2
9999973_00000_d_0000116,visdrone_det.pt,0.25,1536,2,16,2
9999973_00000_d_0000116,visdrone_det.pt,0.3,1536,2,15,2
9999973_00000_d_0000116,visdrone_det.pt,0.4,1536,2,13,0
9999973_00000_d_0000116,visdrone_det.pt,0.5,1536,2,13,0
9999973_00000_d_0000131,visdrone_det.pt,0.05,640,6,114,0
9999973_00000_d_0000131,visdrone_det.pt,0.1,640,6,79,0
9999973_00000_d_0000131,visdrone_det.pt,0.15,640,6,65,0
9999973_00000_d_0000131,visdrone_det.pt,0.2,640,6,50,0
9999973_00000_d_0000131,visdrone_det.pt,0.25,640,6,44,0
9999973_00000_d_0000131,visdrone_det.pt,0.3,640,6,40,0
9999973_00000_d_0000131,visdrone_det.pt,0.4,640,6,24,0
9999973_00000_d_0000131,visdrone_det.pt,0.5,640,6,17,0
9999973_00000_d_0000131,visdrone_det.pt,0.05,1024,6,94,1
9999973_00000_d_0000131,visdrone_det.pt,0.1,1024,6,64,0
9999973_00000_d_0000131,visdrone_det.pt,0.15,1024,6,53,0
9999973_00000_d_0000131,visdrone_det.pt,0.2,1024,6,45,0
9999973_00000_d_0000131,visdrone_det.pt,0.25,1024,6,41,0
9999973_00000_d_0000131,visdrone_det.pt,0.3,1024,6,39,0
9999973_00000_d_0000131,visdrone_det.pt,0.4,1024,6,33,0
9999973_00000_d_0000131,visdrone_det.pt,0.5,1024,6,29,0
9999973_00000_d_0000131,visdrone_det.pt,0.05,1536,6,89,5
9999973_00000_d_0000131,visdrone_det.pt,0.1,1536,6,65,1
9999973_00000_d_0000131,visdrone_det.pt,0.15,1536,6,54,1
9999973_00000_d_0000131,visdrone_det.pt,0.2,1536,6,47,0
9999973_00000_d_0000131,visdrone_det.pt,0.25,1536,6,44,0
9999973_00000_d_0000131,visdrone_det.pt,0.3,1536,6,44,0
9999973_00000_d_0000131,visdrone_det.pt,0.4,1536,6,38,0
9999973_00000_d_0000131,visdrone_det.pt,0.5,1536,6,31,0
9999973_00000_d_0000142,visdrone_det.pt,0.05,640,9,89,1
9999973_00000_d_0000142,visdrone_det.pt,0.1,640,9,44,0
9999973_00000_d_0000142,visdrone_det.pt,0.15,640,9,34,0
9999973_00000_d_0000142,visdrone_det.pt,0.2,640,9,28,0
9999973_00000_d_0000142,visdrone_det.pt,0.25,640,9,24,0
9999973_00000_d_0000142,visdrone_det.pt,0.3,640,9,21,0
9999973_00000_d_0000142,visdrone_det.pt,0.4,640,9,17,0
9999973_00000_d_0000142,visdrone_det.pt,0.5,640,9,14,0
9999973_00000_d_0000142,visdrone_det.pt,0.05,1024,9,74,15
9999973_00000_d_0000142,visdrone_det.pt,0.1,1024,9,48,6
9999973_00000_d_0000142,visdrone_det.pt,0.15,1024,9,40,5
9999973_00000_d_0000142,visdrone_det.pt,0.2,1024,9,34,3
9999973_00000_d_0000142,visdrone_det.pt,0.25,1024,9,29,2
9999973_00000_d_0000142,visdrone_det.pt,0.3,1024,9,28,2
9999973_00000_d_0000142,visdrone_det.pt,0.4,1024,9,23,1
9999973_00000_d_0000142,visdrone_det.pt,0.5,1024,9,19,0
9999973_00000_d_0000142,visdrone_det.pt,0.05,1536,9,77,12
9999973_00000_d_0000142,visdrone_det.pt,0.1,1536,9,55,10
9999973_00000_d_0000142,visdrone_det.pt,0.15,1536,9,37,4
9999973_00000_d_0000142,visdrone_det.pt,0.2,1536,9,30,3
9999973_00000_d_0000142,visdrone_det.pt,0.25,1536,9,26,3
9999973_00000_d_0000142,visdrone_det.pt,0.3,1536,9,24,2
9999973_00000_d_0000142,visdrone_det.pt,0.4,1536,9,22,2
9999973_00000_d_0000142,visdrone_det.pt,0.5,1536,9,21,1
9999973_00000_d_0000148,visdrone_det.pt,0.05,640,12,106,2
9999973_00000_d_0000148,visdrone_det.pt,0.1,640,12,58,1
9999973_00000_d_0000148,visdrone_det.pt,0.15,640,12,45,0
9999973_00000_d_0000148,visdrone_det.pt,0.2,640,12,38,0
9999973_00000_d_0000148,visdrone_det.pt,0.25,640,12,32,0
9999973_00000_d_0000148,visdrone_det.pt,0.3,640,12,23,0
9999973_00000_d_0000148,visdrone_det.pt,0.4,640,12,17,0
9999973_00000_d_0000148,visdrone_det.pt,0.5,640,12,11,0
9999973_00000_d_0000148,visdrone_det.pt,0.05,1024,12,142,6
9999973_00000_d_0000148,visdrone_det.pt,0.1,1024,12,98,6
9999973_00000_d_0000148,visdrone_det.pt,0.15,1024,12,74,6
9999973_00000_d_0000148,visdrone_det.pt,0.2,1024,12,64,4
9999973_00000_d_0000148,visdrone_det.pt,0.25,1024,12,54,1
9999973_00000_d_0000148,visdrone_det.pt,0.3,1024,12,45,1
9999973_00000_d_0000148,visdrone_det.pt,0.4,1024,12,27,0
9999973_00000_d_0000148,visdrone_det.pt,0.5,1024,12,23,0
9999973_00000_d_0000148,visdrone_det.pt,0.05,1536,12,132,13
9999973_00000_d_0000148,visdrone_det.pt,0.1,1536,12,87,5
9999973_00000_d_0000148,visdrone_det.pt,0.15,1536,12,73,4
9999973_00000_d_0000148,visdrone_det.pt,0.2,1536,12,61,4
9999973_00000_d_0000148,visdrone_det.pt,0.25,1536,12,54,4
9999973_00000_d_0000148,visdrone_det.pt,0.3,1536,12,50,2
9999973_00000_d_0000148,visdrone_det.pt,0.4,1536,12,42,1
9999973_00000_d_0000148,visdrone_det.pt,0.5,1536,12,36,1
9999976_00000_d_0000005,visdrone_det.pt,0.05,640,9,89,1
9999976_00000_d_0000005,visdrone_det.pt,0.1,640,9,48,0
9999976_00000_d_0000005,visdrone_det.pt,0.15,640,9,35,0
9999976_00000_d_0000005,visdrone_det.pt,0.2,640,9,26,0
9999976_00000_d_0000005,visdrone_det.pt,0.25,640,9,21,0
9999976_00000_d_0000005,visdrone_det.pt,0.3,640,9,15,0
9999976_00000_d_0000005,visdrone_det.pt,0.4,640,9,11,0
9999976_00000_d_0000005,visdrone_det.pt,0.5,640,9,8,0
9999976_00000_d_0000005,visdrone_det.pt,0.05,1024,9,45,4
9999976_00000_d_0000005,visdrone_det.pt,0.1,1024,9,30,1
9999976_00000_d_0000005,visdrone_det.pt,0.15,1024,9,21,0
9999976_00000_d_0000005,visdrone_det.pt,0.2,1024,9,20,0
9999976_00000_d_0000005,visdrone_det.pt,0.25,1024,9,16,0
9999976_00000_d_0000005,visdrone_det.pt,0.3,1024,9,14,0
9999976_00000_d_0000005,visdrone_det.pt,0.4,1024,9,12,0
9999976_00000_d_0000005,visdrone_det.pt,0.5,1024,9,10,0
9999976_00000_d_0000005,visdrone_det.pt,0.05,1536,9,42,11
9999976_00000_d_0000005,visdrone_det.pt,0.1,1536,9,25,5
9999976_00000_d_0000005,visdrone_det.pt,0.15,1536,9,20,3
9999976_00000_d_0000005,visdrone_det.pt,0.2,1536,9,17,2
9999976_00000_d_0000005,visdrone_det.pt,0.25,1536,9,14,0
9999976_00000_d_0000005,visdrone_det.pt,0.3,1536,9,13,0
9999976_00000_d_0000005,visdrone_det.pt,0.4,1536,9,13,0
9999976_00000_d_0000005,visdrone_det.pt,0.5,1536,9,12,0
9999976_00000_d_0000008,visdrone_det.pt,0.05,640,5,29,10
9999976_00000_d_0000008,visdrone_det.pt,0.1,640,5,17,4
9999976_00000_d_0000008,visdrone_det.pt,0.15,640,5,15,3
9999976_00000_d_0000008,visdrone_det.pt,0.2,640,5,7,0
9999976_00000_d_0000008,visdrone_det.pt,0.25,640,5,7,0
9999976_00000_d_0000008,visdrone_det.pt,0.3,640,5,7,0
9999976_00000_d_0000008,visdrone_det.pt,0.4,640,5,7,0
9999976_00000_d_0000008,visdrone_det.pt,0.5,640,5,5,0
9999976_00000_d_0000008,visdrone_det.pt,0.05,1024,5,23,13
9999976_00000_d_0000008,visdrone_det.pt,0.1,1024,5,12,6
9999976_00000_d_0000008,visdrone_det.pt,0.15,1024,5,10,5
9999976_00000_d_0000008,visdrone_det.pt,0.2,1024,5,8,3
9999976_00000_d_0000008,visdrone_det.pt,0.25,1024,5,6,1
9999976_00000_d_0000008,visdrone_det.pt,0.3,1024,5,5,0
9999976_00000_d_0000008,visdrone_det.pt,0.4,1024,5,5,0
9999976_00000_d_0000008,visdrone_det.pt,0.5,1024,5,5,0
9999976_00000_d_0000008,visdrone_det.pt,0.05,1536,5,18,6
9999976_00000_d_0000008,visdrone_det.pt,0.1,1536,5,12,3
9999976_00000_d_0000008,visdrone_det.pt,0.15,1536,5,10,1
9999976_00000_d_0000008,visdrone_det.pt,0.2,1536,5,7,1
9999976_00000_d_0000008,visdrone_det.pt,0.25,1536,5,7,1
9999976_00000_d_0000008,visdrone_det.pt,0.3,1536,5,7,1
9999976_00000_d_0000008,visdrone_det.pt,0.4,1536,5,6,0
9999976_00000_d_0000008,visdrone_det.pt,0.5,1536,5,6,0
9999976_00000_d_0000010,visdrone_det.pt,0.05,640,12,51,1
9999976_00000_d_0000010,visdrone_det.pt,0.1,640,12,31,1
9999976_00000_d_0000010,visdrone_det.pt,0.15,640,12,22,1
9999976_00000_d_0000010,visdrone_det.pt,0.2,640,12,17,0
9999976_00000_d_0000010,visdrone_det.pt,0.25,640,12,14,0
9999976_00000_d_0000010,visdrone_det.pt,0.3,640,12,13,0
9999976_00000_d_0000010,visdrone_det.pt,0.4,640,12,10,0
9999976_00000_d_0000010,visdrone_det.pt,0.5,640,12,10,0
9999976_00000_d_0000010,visdrone_det.pt,0.05,1024,12,33,6
9999976_00000_d_0000010,visdrone_det.pt,0.1,1024,12,24,4
9999976_00000_d_0000010,visdrone_det.pt,0.15,1024,12,18,2
9999976_00000_d_0000010,visdrone_det.pt,0.2,1024,12,17,2
9999976_00000_d_0000010,visdrone_det.pt,0.25,1024,12,14,1
9999976_00000_d_0000010,visdrone_det.pt,0.3,1024,12,14,1
9999976_00000_d_0000010,visdrone_det.pt,0.4,1024,12,12,0
9999976_00000_d_0000010,visdrone_det.pt,0.5,1024,12,12,0
9999976_00000_d_0000010,visdrone_det.pt,0.05,1536,12,46,12
9999976_00000_d_0000010,visdrone_det.pt,0.1,1536,12,32,6
9999976_00000_d_0000010,visdrone_det.pt,0.15,1536,12,26,6
9999976_00000_d_0000010,visdrone_det.pt,0.2,1536,12,19,3
9999976_00000_d_0000010,visdrone_det.pt,0.25,1536,12,16,2
9999976_00000_d_0000010,visdrone_det.pt,0.3,1536,12,14,2
9999976_00000_d_0000010,visdrone_det.pt,0.4,1536,12,12,0
9999976_00000_d_0000010,visdrone_det.pt,0.5,1536,12,11,0
9999976_00000_d_0000011,visdrone_det.pt,0.05,640,3,9,1
9999976_00000_d_0000011,visdrone_det.pt,0.1,640,3,6,1
9999976_00000_d_0000011,visdrone_det.pt,0.15,640,3,5,0
9999976_00000_d_0000011,visdrone_det.pt,0.2,640,3,4,0
9999976_00000_d_0000011,visdrone_det.pt,0.25,640,3,4,0
9999976_00000_d_0000011,visdrone_det.pt,0.3,640,3,4,0
9999976_00000_d_0000011,visdrone_det.pt,0.4,640,3,4,0
9999976_00000_d_0000011,visdrone_det.pt,0.5,640,3,4,0
9999976_00000_d_0000011,visdrone_det.pt,0.05,1024,3,14,3
9999976_00000_d_0000011,visdrone_det.pt,0.1,1024,3,8,1
9999976_00000_d_0000011,visdrone_det.pt,0.15,1024,3,6,0
9999976_00000_d_0000011,visdrone_det.pt,0.2,1024,3,4,0
9999976_00000_d_0000011,visdrone_det.pt,0.25,1024,3,3,0
9999976_00000_d_0000011,visdrone_det.pt,0.3,1024,3,3,0
9999976_00000_d_0000011,visdrone_det.pt,0.4,1024,3,3,0
9999976_00000_d_0000011,visdrone_det.pt,0.5,1024,3,3,0
9999976_00000_d_0000011,visdrone_det.pt,0.05,1536,3,15,3
9999976_00000_d_0000011,visdrone_det.pt,0.1,1536,3,9,0
9999976_00000_d_0000011,visdrone_det.pt,0.15,1536,3,7,0
9999976_00000_d_0000011,visdrone_det.pt,0.2,1536,3,5,0
9999976_00000_d_0000011,visdrone_det.pt,0.25,1536,3,5,0
9999976_00000_d_0000011,visdrone_det.pt,0.3,1536,3,4,0
9999976_00000_d_0000011,visdrone_det.pt,0.4,1536,3,4,0
9999976_00000_d_0000011,visdrone_det.pt,0.5,1536,3,3,0
9999976_00000_d_0000012,visdrone_det.pt,0.05,640,14,45,25
9999976_00000_d_0000012,visdrone_det.pt,0.1,640,14,23,14
9999976_00000_d_0000012,visdrone_det.pt,0.15,640,14,12,7
9999976_00000_d_0000012,visdrone_det.pt,0.2,640,14,6,4
9999976_00000_d_0000012,visdrone_det.pt,0.25,640,14,2,1
9999976_00000_d_0000012,visdrone_det.pt,0.3,640,14,2,1
9999976_00000_d_0000012,visdrone_det.pt,0.4,640,14,1,0
9999976_00000_d_0000012,visdrone_det.pt,0.5,640,14,1,0
9999976_00000_d_0000012,visdrone_det.pt,0.05,1024,14,50,28
9999976_00000_d_0000012,visdrone_det.pt,0.1,1024,14,27,15
9999976_00000_d_0000012,visdrone_det.pt,0.15,1024,14,10,4
9999976_00000_d_0000012,visdrone_det.pt,0.2,1024,14,8,3
9999976_00000_d_0000012,visdrone_det.pt,0.25,1024,14,6,3
9999976_00000_d_0000012,visdrone_det.pt,0.3,1024,14,6,3
9999976_00000_d_0000012,visdrone_det.pt,0.4,1024,14,4,1
9999976_00000_d_0000012,visdrone_det.pt,0.5,1024,14,2,1
9999976_00000_d_0000012,visdrone_det.pt,0.05,1536,14,82,27
9999976_00000_d_0000012,visdrone_det.pt,0.1,1536,14,36,15
9999976_00000_d_0000012,visdrone_det.pt,0.15,1536,14,24,12
9999976_00000_d_0000012,visdrone_det.pt,0.2,1536,14,15,6
9999976_00000_d_0000012,visdrone_det.pt,0.25,1536,14,9,4
9999976_00000_d_0000012,visdrone_det.pt,0.3,1536,14,8,4
9999976_00000_d_0000012,visdrone_det.pt,0.4,1536,14,4,1
9999976_00000_d_0000012,visdrone_det.pt,0.5,1536,14,4,1
9999976_00000_d_0000016,visdrone_det.pt,0.05,640,6,97,6
9999976_00000_d_0000016,visdrone_det.pt,0.1,640,6,71,5
9999976_00000_d_0000016,visdrone_det.pt,0.15,640,6,44,1
9999976_00000_d_0000016,visdrone_det.pt,0.2,640,6,32,0
9999976_00000_d_0000016,visdrone_det.pt,0.25,640,6,26,0
9999976_00000_d_0000016,visdrone_det.pt,0.3,640,6,22,0
9999976_00000_d_0000016,visdrone_det.pt,0.4,640,6,16,0
9999976_00000_d_0000016,visdrone_det.pt,0.5,640,6,14,0
9999976_00000_d_0000016,visdrone_det.pt,0.05,1024,6,122,13
9999976_00000_d_0000016,visdrone_det.pt,0.1,1024,6,85,11
9999976_00000_d_0000016,visdrone_det.pt,0.15,1024,6,58,5
9999976_00000_d_0000016,visdrone_det.pt,0.2,1024,6,46,2
9999976_00000_d_0000016,visdrone_det.pt,0.25,1024,6,39,1
9999976_00000_d_0000016,visdrone_det.pt,0.3,1024,6,33,1
9999976_00000_d_0000016,visdrone_det.pt,0.4,1024,6,22,1
9999976_00000_d_0000016,visdrone_det.pt,0.5,1024,6,18,0
9999976_00000_d_0000016,visdrone_det.pt,0.05,1536,6,139,13
9999976_00000_d_0000016,visdrone_det.pt,0.1,1536,6,90,6
9999976_00000_d_0000016,visdrone_det.pt,0.15,1536,6,70,3
9999976_00000_d_0000016,visdrone_det.pt,0.2,1536,6,57,3
9999976_00000_d_0000016,visdrone_det.pt,0.25,1536,6,47,1
9999976_00000_d_0000016,visdrone_det.pt,0.3,1536,6,43,1
9999976_00000_d_0000016,visdrone_det.pt,0.4,1536,6,31,1
9999976_00000_d_0000016,visdrone_det.pt,0.5,1536,6,25,1
9999976_00000_d_0000017,visdrone_det.pt,0.05,640,3,105,3
9999976_00000_d_0000017,visdrone_det.pt,0.1,640,3,67,0
9999976_00000_d_0000017,visdrone_det.pt,0.15,640,3,46,0
9999976_00000_d_0000017,visdrone_det.pt,0.2,640,3,36,0
9999976_00000_d_0000017,visdrone_det.pt,0.25,640,3,28,0
9999976_00000_d_0000017,visdrone_det.pt,0.3,640,3,23,0
9999976_00000_d_0000017,visdrone_det.pt,0.4,640,3,19,0
9999976_00000_d_0000017,visdrone_det.pt,0.5,640,3,16,0
9999976_00000_d_0000017,visdrone_det.pt,0.05,1024,3,115,0
9999976_00000_d_0000017,visdrone_det.pt,0.1,1024,3,72,0
9999976_00000_d_0000017,visdrone_det.pt,0.15,1024,3,50,0
9999976_00000_d_0000017,visdrone_det.pt,0.2,1024,3,44,0
9999976_00000_d_0000017,visdrone_det.pt,0.25,1024,3,37,0
9999976_00000_d_0000017,visdrone_det.pt,0.3,1024,3,36,0
9999976_00000_d_0000017,visdrone_det.pt,0.4,1024,3,28,0
9999976_00000_d_0000017,visdrone_det.pt,0.5,1024,3,26,0
9999976_00000_d_0000017,visdrone_det.pt,0.05,1536,3,128,4
9999976_00000_d_0000017,visdrone_det.pt,0.1,1536,3,86,1
9999976_00000_d_0000017,visdrone_det.pt,0.15,1536,3,64,0
9999976_00000_d_0000017,visdrone_det.pt,0.2,1536,3,57,0
9999976_00000_d_0000017,visdrone_det.pt,0.25,1536,3,54,0
9999976_00000_d_0000017,visdrone_det.pt,0.3,1536,3,49,0
9999976_00000_d_0000017,visdrone_det.pt,0.4,1536,3,45,0
9999976_00000_d_0000017,visdrone_det.pt,0.5,1536,3,38,0
9999976_00000_d_0000019,visdrone_det.pt,0.05,640,6,8,0
9999976_00000_d_0000019,visdrone_det.pt,0.1,640,6,2,0
9999976_00000_d_0000019,visdrone_det.pt,0.15,640,6,1,0
9999976_00000_d_0000019,visdrone_det.pt,0.2,640,6,1,0
9999976_00000_d_0000019,visdrone_det.pt,0.25,640,6,1,0
9999976_00000_d_0000019,visdrone_det.pt,0.3,640,6,1,0
9999976_00000_d_0000019,visdrone_det.pt,0.4,640,6,1,0
9999976_00000_d_0000019,visdrone_det.pt,0.5,640,6,1,0
9999976_00000_d_0000019,visdrone_det.pt,0.05,1024,6,9,0
9999976_00000_d_0000019,visdrone_det.pt,0.1,1024,6,4,0
9999976_00000_d_0000019,visdrone_det.pt,0.15,1024,6,4,0
9999976_00000_d_0000019,visdrone_det.pt,0.2,1024,6,1,0
9999976_00000_d_0000019,visdrone_det.pt,0.25,1024,6,1,0
9999976_00000_d_0000019,visdrone_det.pt,0.3,1024,6,1,0
9999976_00000_d_0000019,visdrone_det.pt,0.4,1024,6,1,0
9999976_00000_d_0000019,visdrone_det.pt,0.5,1024,6,1,0
9999976_00000_d_0000019,visdrone_det.pt,0.05,1536,6,24,15
9999976_00000_d_0000019,visdrone_det.pt,0.1,1536,6,14,9
9999976_00000_d_0000019,visdrone_det.pt,0.15,1536,6,6,3
9999976_00000_d_0000019,visdrone_det.pt,0.2,1536,6,5,2
9999976_00000_d_0000019,visdrone_det.pt,0.25,1536,6,4,2
9999976_00000_d_0000019,visdrone_det.pt,0.3,1536,6,2,2
9999976_00000_d_0000019,visdrone_det.pt,0.4,1536,6,0,0
9999976_00000_d_0000019,visdrone_det.pt,0.5,1536,6,0,0
9999976_00000_d_0000023,visdrone_det.pt,0.05,640,2,33,12
9999976_00000_d_0000023,visdrone_det.pt,0.1,640,2,21,5
9999976_00000_d_0000023,visdrone_det.pt,0.15,640,2,16,2
9999976_00000_d_0000023,visdrone_det.pt,0.2,640,2,13,1
9999976_00000_d_0000023,visdrone_det.pt,0.25,640,2,13,1
9999976_00000_d_0000023,visdrone_det.pt,0.3,640,2,12,1
9999976_00000_d_0000023,visdrone_det.pt,0.4,640,2,8,0
9999976_00000_d_0000023,visdrone_det.pt,0.5,640,2,8,0
9999976_00000_d_0000023,visdrone_det.pt,0.05,1024,2,42,9
9999976_00000_d_0000023,visdrone_det.pt,0.1,1024,2,25,3
9999976_00000_d_0000023,visdrone_det.pt,0.15,1024,2,18,2
9999976_00000_d_0000023,visdrone_det.pt,0.2,1024,2,17,2
9999976_00000_d_0000023,visdrone_det.pt,0.25,1024,2,15,2
9999976_00000_d_0000023,visdrone_det.pt,0.3,1024,2,13,2
9999976_00000_d_0000023,visdrone_det.pt,0.4,1024,2,12,2
9999976_00000_d_0000023,visdrone_det.pt,0.5,1024,2,9,0
9999976_00000_d_0000023,visdrone_det.pt,0.05,1536,2,47,11
9999976_00000_d_0000023,visdrone_det.pt,0.1,1536,2,30,7
9999976_00000_d_0000023,visdrone_det.pt,0.15,1536,2,21,4
9999976_00000_d_0000023,visdrone_det.pt,0.2,1536,2,19,4
9999976_00000_d_0000023,visdrone_det.pt,0.25,1536,2,18,4
9999976_00000_d_0000023,visdrone_det.pt,0.3,1536,2,17,3
9999976_00000_d_0000023,visdrone_det.pt,0.4,1536,2,13,1
9999976_00000_d_0000023,visdrone_det.pt,0.5,1536,2,10,1
9999976_00000_d_0000024,visdrone_det.pt,0.05,640,5,31,6
9999976_00000_d_0000024,visdrone_det.pt,0.1,640,5,19,1
9999976_00000_d_0000024,visdrone_det.pt,0.15,640,5,13,0
9999976_00000_d_0000024,visdrone_det.pt,0.2,640,5,12,0
9999976_00000_d_0000024,visdrone_det.pt,0.25,640,5,11,0
9999976_00000_d_0000024,visdrone_det.pt,0.3,640,5,8,0
9999976_00000_d_0000024,visdrone_det.pt,0.4,640,5,8,0
9999976_00000_d_0000024,visdrone_det.pt,0.5,640,5,7,0
9999976_00000_d_0000024,visdrone_det.pt,0.05,1024,5,37,5
9999976_00000_d_0000024,visdrone_det.pt,0.1,1024,5,25,3
9999976_00000_d_0000024,visdrone_det.pt,0.15,1024,5,19,2
9999976_00000_d_0000024,visdrone_det.pt,0.2,1024,5,12,1
9999976_00000_d_0000024,visdrone_det.pt,0.25,1024,5,10,1
9999976_00000_d_0000024,visdrone_det.pt,0.3,1024,5,10,1
9999976_00000_d_0000024,visdrone_det.pt,0.4,1024,5,9,0
9999976_00000_d_0000024,visdrone_det.pt,0.5,1024,5,8,0
9999976_00000_d_0000024,visdrone_det.pt,0.05,1536,5,45,9
9999976_00000_d_0000024,visdrone_det.pt,0.1,1536,5,25,6
9999976_00000_d_0000024,visdrone_det.pt,0.15,1536,5,17,4
9999976_00000_d_0000024,visdrone_det.pt,0.2,1536,5,13,3
9999976_00000_d_0000024,visdrone_det.pt,0.25,1536,5,12,3
9999976_00000_d_0000024,visdrone_det.pt,0.3,1536,5,10,1
9999976_00000_d_0000024,visdrone_det.pt,0.4,1536,5,10,1
9999976_00000_d_0000024,visdrone_det.pt,0.5,1536,5,9,1
9999976_00000_d_0000029,visdrone_det.pt,0.05,640,6,8,4
9999976_00000_d_0000029,visdrone_det.pt,0.1,640,6,3,2
9999976_00000_d_0000029,visdrone_det.pt,0.15,640,6,2,1
9999976_00000_d_0000029,visdrone_det.pt,0.2,640,6,0,0
9999976_00000_d_0000029,visdrone_det.pt,0.25,640,6,0,0
9999976_00000_d_0000029,visdrone_det.pt,0.3,640,6,0,0
9999976_00000_d_0000029,visdrone_det.pt,0.4,640,6,0,0
9999976_00000_d_0000029,visdrone_det.pt,0.5,640,6,0,0
9999976_00000_d_0000029,visdrone_det.pt,0.05,1024,6,15,6
9999976_00000_d_0000029,visdrone_det.pt,0.1,1024,6,6,4
9999976_00000_d_0000029,visdrone_det.pt,0.15,1024,6,2,1
9999976_00000_d_0000029,visdrone_det.pt,0.2,1024,6,0,0
9999976_00000_d_0000029,visdrone_det.pt,0.25,1024,6,0,0
9999976_00000_d_0000029,visdrone_det.pt,0.3,1024,6,0,0
9999976_00000_d_0000029,visdrone_det.pt,0.4,1024,6,0,0
9999976_00000_d_0000029,visdrone_det.pt,0.5,1024,6,0,0
9999976_00000_d_0000029,visdrone_det.pt,0.05,1536,6,20,13
9999976_00000_d_0000029,visdrone_det.pt,0.1,1536,6,7,6
9999976_00000_d_0000029,visdrone_det.pt,0.15,1536,6,6,5
9999976_00000_d_0000029,visdrone_det.pt,0.2,1536,6,5,4
9999976_00000_d_0000029,visdrone_det.pt,0.25,1536,6,4,3
9999976_00000_d_0000029,visdrone_det.pt,0.3,1536,6,1,1
9999976_00000_d_0000029,visdrone_det.pt,0.4,1536,6,1,1
9999976_00000_d_0000029,visdrone_det.pt,0.5,1536,6,1,1
9999976_00000_d_0000033,visdrone_det.pt,0.05,640,7,15,15
9999976_00000_d_0000033,visdrone_det.pt,0.1,640,7,8,8
9999976_00000_d_0000033,visdrone_det.pt,0.15,640,7,7,7
9999976_00000_d_0000033,visdrone_det.pt,0.2,640,7,6,6
9999976_00000_d_0000033,visdrone_det.pt,0.25,640,7,3,3
9999976_00000_d_0000033,visdrone_det.pt,0.3,640,7,1,1
9999976_00000_d_0000033,visdrone_det.pt,0.4,640,7,1,1
9999976_00000_d_0000033,visdrone_det.pt,0.5,640,7,0,0
9999976_00000_d_0000033,visdrone_det.pt,0.05,1024,7,26,26
9999976_00000_d_0000033,visdrone_det.pt,0.1,1024,7,15,15
9999976_00000_d_0000033,visdrone_det.pt,0.15,1024,7,13,13
9999976_00000_d_0000033,visdrone_det.pt,0.2,1024,7,10,10
9999976_00000_d_0000033,visdrone_det.pt,0.25,1024,7,6,6
9999976_00000_d_0000033,visdrone_det.pt,0.3,1024,7,6,6
9999976_00000_d_0000033,visdrone_det.pt,0.4,1024,7,2,2
9999976_00000_d_0000033,visdrone_det.pt,0.5,1024,7,1,1
9999976_00000_d_0000033,visdrone_det.pt,0.05,1536,7,31,26
9999976_00000_d_0000033,visdrone_det.pt,0.1,1536,7,19,16
9999976_00000_d_0000033,visdrone_det.pt,0.15,1536,7,16,13
9999976_00000_d_0000033,visdrone_det.pt,0.2,1536,7,7,6
9999976_00000_d_0000033,visdrone_det.pt,0.25,1536,7,6,6
9999976_00000_d_0000033,visdrone_det.pt,0.3,1536,7,3,3
9999976_00000_d_0000033,visdrone_det.pt,0.4,1536,7,3,3
9999976_00000_d_0000033,visdrone_det.pt,0.5,1536,7,1,1
9999979_00000_d_0000002,visdrone_det.pt,0.05,640,16,59,7
9999979_00000_d_0000002,visdrone_det.pt,0.1,640,16,36,4
9999979_00000_d_0000002,visdrone_det.pt,0.15,640,16,21,2
9999979_00000_d_0000002,visdrone_det.pt,0.2,640,16,13,0
9999979_00000_d_0000002,visdrone_det.pt,0.25,640,16,9,0
9999979_00000_d_0000002,visdrone_det.pt,0.3,640,16,8,0
9999979_00000_d_0000002,visdrone_det.pt,0.4,640,16,4,0
9999979_00000_d_0000002,visdrone_det.pt,0.5,640,16,4,0
9999979_00000_d_0000002,visdrone_det.pt,0.05,1024,16,102,14
9999979_00000_d_0000002,visdrone_det.pt,0.1,1024,16,59,11
9999979_00000_d_0000002,visdrone_det.pt,0.15,1024,16,38,5
9999979_00000_d_0000002,visdrone_det.pt,0.2,1024,16,28,2
9999979_00000_d_0000002,visdrone_det.pt,0.25,1024,16,21,1
9999979_00000_d_0000002,visdrone_det.pt,0.3,1024,16,14,0
9999979_00000_d_0000002,visdrone_det.pt,0.4,1024,16,12,0
9999979_00000_d_0000002,visdrone_det.pt,0.5,1024,16,9,0
9999979_00000_d_0000002,visdrone_det.pt,0.05,1536,16,104,15
9999979_00000_d_0000002,visdrone_det.pt,0.1,1536,16,71,10
9999979_00000_d_0000002,visdrone_det.pt,0.15,1536,16,51,7
9999979_00000_d_0000002,visdrone_det.pt,0.2,1536,16,34,2
9999979_00000_d_0000002,visdrone_det.pt,0.25,1536,16,21,0
9999979_00000_d_0000002,visdrone_det.pt,0.3,1536,16,19,0
9999979_00000_d_0000002,visdrone_det.pt,0.4,1536,16,13,0
9999979_00000_d_0000002,visdrone_det.pt,0.5,1536,16,11,0
9999979_00000_d_0000004,visdrone_det.pt,0.05,640,14,30,4
9999979_00000_d_0000004,visdrone_det.pt,0.1,640,14,18,2
9999979_00000_d_0000004,visdrone_det.pt,0.15,640,14,9,0
9999979_00000_d_0000004,visdrone_det.pt,0.2,640,14,4,0
9999979_00000_d_0000004,visdrone_det.pt,0.25,640,14,2,0
9999979_00000_d_0000004,visdrone_det.pt,0.3,640,14,2,0
9999979_00000_d_0000004,visdrone_det.pt,0.4,640,14,1,0
9999979_00000_d_0000004,visdrone_det.pt,0.5,640,14,0,0
9999979_00000_d_0000004,visdrone_det.pt,0.05,1024,14,62,6
9999979_00000_d_0000004,visdrone_det.pt,0.1,1024,14,39,4
9999979_00000_d_0000004,visdrone_det.pt,0.15,1024,14,23,1
9999979_00000_d_0000004,visdrone_det.pt,0.2,1024,14,16,1
9999979_00000_d_0000004,visdrone_det.pt,0.25,1024,14,10,0
9999979_00000_d_0000004,visdrone_det.pt,0.3,1024,14,4,0
9999979_00000_d_0000004,visdrone_det.pt,0.4,1024,14,2,0
9999979_00000_d_0000004,visdrone_det.pt,0.5,1024,14,1,0
9999979_00000_d_0000004,visdrone_det.pt,0.05,1536,14,72,7
9999979_00000_d_0000004,visdrone_det.pt,0.1,1536,14,46,3
9999979_00000_d_0000004,visdrone_det.pt,0.15,1536,14,33,2
9999979_00000_d_0000004,visdrone_det.pt,0.2,1536,14,19,0
9999979_00000_d_0000004,visdrone_det.pt,0.25,1536,14,15,0
9999979_00000_d_0000004,visdrone_det.pt,0.3,1536,14,13,0
9999979_00000_d_0000004,visdrone_det.pt,0.4,1536,14,5,0
9999979_00000_d_0000004,visdrone_det.pt,0.5,1536,14,4,0
9999979_00000_d_0000007,visdrone_det.pt,0.05,640,2,104,0
9999979_00000_d_0000007,visdrone_det.pt,0.1,640,2,60,0
9999979_00000_d_0000007,visdrone_det.pt,0.15,640,2,38,0
9999979_00000_d_0000007,visdrone_det.pt,0.2,640,2,26,0
9999979_00000_d_0000007,visdrone_det.pt,0.25,640,2,17,0
9999979_00000_d_0000007,visdrone_det.pt,0.3,640,2,15,0
9999979_00000_d_0000007,visdrone_det.pt,0.4,640,2,9,0
9999979_00000_d_0000007,visdrone_det.pt,0.5,640,2,5,0
9999979_00000_d_0000007,visdrone_det.pt,0.05,1024,2,179,1
9999979_00000_d_0000007,visdrone_det.pt,0.1,1024,2,106,1
9999979_00000_d_0000007,visdrone_det.pt,0.15,1024,2,81,1
9999979_00000_d_0000007,visdrone_det.pt,0.2,1024,2,61,0
9999979_00000_d_0000007,visdrone_det.pt,0.25,1024,2,51,0
9999979_00000_d_0000007,visdrone_det.pt,0.3,1024,2,40,0
9999979_00000_d_0000007,visdrone_det.pt,0.4,1024,2,20,0
9999979_00000_d_0000007,visdrone_det.pt,0.5,1024,2,15,0
9999979_00000_d_0000007,visdrone_det.pt,0.05,1536,2,206,8
9999979_00000_d_0000007,visdrone_det.pt,0.1,1536,2,127,2
9999979_00000_d_0000007,visdrone_det.pt,0.15,1536,2,94,1
9999979_00000_d_0000007,visdrone_det.pt,0.2,1536,2,71,0
9999979_00000_d_0000007,visdrone_det.pt,0.25,1536,2,59,0
9999979_00000_d_0000007,visdrone_det.pt,0.3,1536,2,50,0
9999979_00000_d_0000007,visdrone_det.pt,0.4,1536,2,29,0
9999979_00000_d_0000007,visdrone_det.pt,0.5,1536,2,19,0
9999979_00000_d_0000023,visdrone_det.pt,0.05,640,63,387,33
9999979_00000_d_0000023,visdrone_det.pt,0.1,640,63,257,14
9999979_00000_d_0000023,visdrone_det.pt,0.15,640,63,196,9
9999979_00000_d_0000023,visdrone_det.pt,0.2,640,63,158,5
9999979_00000_d_0000023,visdrone_det.pt,0.25,640,63,127,3
9999979_00000_d_0000023,visdrone_det.pt,0.3,640,63,113,3
9999979_00000_d_0000023,visdrone_det.pt,0.4,640,63,78,1
9999979_00000_d_0000023,visdrone_det.pt,0.5,640,63,52,0
9999979_00000_d_0000023,visdrone_det.pt,0.05,1024,63,348,41
9999979_00000_d_0000023,visdrone_det.pt,0.1,1024,63,215,17
9999979_00000_d_0000023,visdrone_det.pt,0.15,1024,63,168,12
9999979_00000_d_0000023,visdrone_det.pt,0.2,1024,63,148,7
9999979_00000_d_0000023,visdrone_det.pt,0.25,1024,63,134,5
9999979_00000_d_0000023,visdrone_det.pt,0.3,1024,63,119,3
9999979_00000_d_0000023,visdrone_det.pt,0.4,1024,63,95,1
9999979_00000_d_0000023,visdrone_det.pt,0.5,1024,63,84,1
9999979_00000_d_0000023,visdrone_det.pt,0.05,1536,63,415,21
9999979_00000_d_0000023,visdrone_det.pt,0.1,1536,63,275,6
9999979_00000_d_0000023,visdrone_det.pt,0.15,1536,63,208,4
9999979_00000_d_0000023,visdrone_det.pt,0.2,1536,63,169,3
9999979_00000_d_0000023,visdrone_det.pt,0.25,1536,63,146,2
9999979_00000_d_0000023,visdrone_det.pt,0.3,1536,63,128,2
9999979_00000_d_0000023,visdrone_det.pt,0.4,1536,63,107,0
9999979_00000_d_0000023,visdrone_det.pt,0.5,1536,63,93,0
9999979_00000_d_0000025,visdrone_det.pt,0.05,640,58,304,83
9999979_00000_d_0000025,visdrone_det.pt,0.1,640,58,190,27
9999979_00000_d_0000025,visdrone_det.pt,0.15,640,58,136,6
9999979_00000_d_0000025,visdrone_det.pt,0.2,640,58,108,2
9999979_00000_d_0000025,visdrone_det.pt,0.25,640,58,82,0
9999979_00000_d_0000025,visdrone_det.pt,0.3,640,58,57,0
9999979_00000_d_0000025,visdrone_det.pt,0.4,640,58,30,0
9999979_00000_d_0000025,visdrone_det.pt,0.5,640,58,13,0
9999979_00000_d_0000025,visdrone_det.pt,0.05,1024,58,355,75
9999979_00000_d_0000025,visdrone_det.pt,0.1,1024,58,201,19
9999979_00000_d_0000025,visdrone_det.pt,0.15,1024,58,132,5
9999979_00000_d_0000025,visdrone_det.pt,0.2,1024,58,107,1
9999979_00000_d_0000025,visdrone_det.pt,0.25,1024,58,91,0
9999979_00000_d_0000025,visdrone_det.pt,0.3,1024,58,81,0
9999979_00000_d_0000025,visdrone_det.pt,0.4,1024,58,60,0
9999979_00000_d_0000025,visdrone_det.pt,0.5,1024,58,50,0
9999979_00000_d_0000025,visdrone_det.pt,0.05,1536,58,378,29
9999979_00000_d_0000025,visdrone_det.pt,0.1,1536,58,222,9
9999979_00000_d_0000025,visdrone_det.pt,0.15,1536,58,155,6
9999979_00000_d_0000025,visdrone_det.pt,0.2,1536,58,116,3
9999979_00000_d_0000025,visdrone_det.pt,0.25,1536,58,99,1
9999979_00000_d_0000025,visdrone_det.pt,0.3,1536,58,89,1
9999979_00000_d_0000025,visdrone_det.pt,0.4,1536,58,72,0
9999979_00000_d_0000025,visdrone_det.pt,0.5,1536,58,63,0
9999979_00000_d_0000027,visdrone_det.pt,0.05,640,4,97,2
9999979_00000_d_0000027,visdrone_det.pt,0.1,640,4,52,1
9999979_00000_d_0000027,visdrone_det.pt,0.15,640,4,31,0
9999979_00000_d_0000027,visdrone_det.pt,0.2,640,4,21,0
9999979_00000_d_0000027,visdrone_det.pt,0.25,640,4,17,0
9999979_00000_d_0000027,visdrone_det.pt,0.3,640,4,15,0
9999979_00000_d_0000027,visdrone_det.pt,0.4,640,4,12,0
9999979_00000_d_0000027,visdrone_det.pt,0.5,640,4,9,0
9999979_00000_d_0000027,visdrone_det.pt,0.05,1024,4,149,11
9999979_00000_d_0000027,visdrone_det.pt,0.1,1024,4,78,6
9999979_00000_d_0000027,visdrone_det.pt,0.15,1024,4,51,5
9999979_00000_d_0000027,visdrone_det.pt,0.2,1024,4,35,1
9999979_00000_d_0000027,visdrone_det.pt,0.25,1024,4,27,1
9999979_00000_d_0000027,visdrone_det.pt,0.3,1024,4,21,0
9999979_00000_d_0000027,visdrone_det.pt,0.4,1024,4,17,0
9999979_00000_d_0000027,visdrone_det.pt,0.5,1024,4,13,0
9999979_00000_d_0000027,visdrone_det.pt,0.05,1536,4,154,12
9999979_00000_d_0000027,visdrone_det.pt,0.1,1536,4,85,4
9999979_00000_d_0000027,visdrone_det.pt,0.15,1536,4,53,2
9999979_00000_d_0000027,visdrone_det.pt,0.2,1536,4,36,1
9999979_00000_d_0000027,visdrone_det.pt,0.25,1536,4,25,1
9999979_00000_d_0000027,visdrone_det.pt,0.3,1536,4,20,0
9999979_00000_d_0000027,visdrone_det.pt,0.4,1536,4,13,0
9999979_00000_d_0000027,visdrone_det.pt,0.5,1536,4,10,0
9999979_00000_d_0000030,visdrone_det.pt,0.05,640,74,395,52
9999979_00000_d_0000030,visdrone_det.pt,0.1,640,74,182,8
9999979_00000_d_0000030,visdrone_det.pt,0.15,640,74,107,4
9999979_00000_d_0000030,visdrone_det.pt,0.2,640,74,77,4
9999979_00000_d_0000030,visdrone_det.pt,0.25,640,74,44,2
9999979_00000_d_0000030,visdrone_det.pt,0.3,640,74,35,1
9999979_00000_d_0000030,visdrone_det.pt,0.4,640,74,16,0
9999979_00000_d_0000030,visdrone_det.pt,0.5,640,74,10,0
9999979_00000_d_0000030,visdrone_det.pt,0.05,1024,74,540,139
9999979_00000_d_0000030,visdrone_det.pt,0.1,1024,74,297,47
9999979_00000_d_0000030,visdrone_det.pt,0.15,1024,74,218,20
9999979_00000_d_0000030,visdrone_det.pt,0.2,1024,74,171,14
9999979_00000_d_0000030,visdrone_det.pt,0.25,1024,74,128,10
9999979_00000_d_0000030,visdrone_det.pt,0.3,1024,74,95,7
9999979_00000_d_0000030,visdrone_det.pt,0.4,1024,74,51,5
9999979_00000_d_0000030,visdrone_det.pt,0.5,1024,74,24,2
9999979_00000_d_0000030,visdrone_det.pt,0.05,1536,74,792,226
9999979_00000_d_0000030,visdrone_det.pt,0.1,1536,74,443,92
9999979_00000_d_0000030,visdrone_det.pt,0.15,1536,74,299,53
9999979_00000_d_0000030,visdrone_det.pt,0.2,1536,74,213,32
9999979_00000_d_0000030,visdrone_det.pt,0.25,1536,74,165,19
9999979_00000_d_0000030,visdrone_det.pt,0.3,1536,74,120,14
9999979_00000_d_0000030,visdrone_det.pt,0.4,1536,74,66,9
9999979_00000_d_0000030,visdrone_det.pt,0.5,1536,74,32,5
9999979_00000_d_0000031,visdrone_det.pt,0.05,640,2,34,0
9999979_00000_d_0000031,visdrone_det.pt,0.1,640,2,14,0
9999979_00000_d_0000031,visdrone_det.pt,0.15,640,2,8,0
9999979_00000_d_0000031,visdrone_det.pt,0.2,640,2,5,0
9999979_00000_d_0000031,visdrone_det.pt,0.25,640,2,4,0
9999979_00000_d_0000031,visdrone_det.pt,0.3,640,2,4,0
9999979_00000_d_0000031,visdrone_det.pt,0.4,640,2,3,0
9999979_00000_d_0000031,visdrone_det.pt,0.5,640,2,2,0
9999979_00000_d_0000031,visdrone_det.pt,0.05,1024,2,54,3
9999979_00000_d_0000031,visdrone_det.pt,0.1,1024,2,16,0
9999979_00000_d_0000031,visdrone_det.pt,0.15,1024,2,6,0
9999979_00000_d_0000031,visdrone_det.pt,0.2,1024,2,5,0
9999979_00000_d_0000031,visdrone_det.pt,0.25,1024,2,4,0
9999979_00000_d_0000031,visdrone_det.pt,0.3,1024,2,4,0
9999979_00000_d_0000031,visdrone_det.pt,0.4,1024,2,4,0
9999979_00000_d_0000031,visdrone_det.pt,0.5,1024,2,4,0
9999979_00000_d_0000031,visdrone_det.pt,0.05,1536,2,52,3
9999979_00000_d_0000031,visdrone_det.pt,0.1,1536,2,24,0
9999979_00000_d_0000031,visdrone_det.pt,0.15,1536,2,14,0
9999979_00000_d_0000031,visdrone_det.pt,0.2,1536,2,8,0
9999979_00000_d_0000031,visdrone_det.pt,0.25,1536,2,6,0
9999979_00000_d_0000031,visdrone_det.pt,0.3,1536,2,5,0
9999979_00000_d_0000031,visdrone_det.pt,0.4,1536,2,5,0
9999979_00000_d_0000031,visdrone_det.pt,0.5,1536,2,4,0
9999979_00000_d_0000033,visdrone_det.pt,0.05,640,61,182,68
9999979_00000_d_0000033,visdrone_det.pt,0.1,640,61,99,26
9999979_00000_d_0000033,visdrone_det.pt,0.15,640,61,73,9
9999979_00000_d_0000033,visdrone_det.pt,0.2,640,61,56,4
9999979_00000_d_0000033,visdrone_det.pt,0.25,640,61,52,2
9999979_00000_d_0000033,visdrone_det.pt,0.3,640,61,45,1
9999979_00000_d_0000033,visdrone_det.pt,0.4,640,61,36,1
9999979_00000_d_0000033,visdrone_det.pt,0.5,640,61,28,0
9999979_00000_d_0000033,visdrone_det.pt,0.05,1024,61,280,154
9999979_00000_d_0000033,visdrone_det.pt,0.1,1024,61,167,73
9999979_00000_d_0000033,visdrone_det.pt,0.15,1024,61,113,33
9999979_00000_d_0000033,visdrone_det.pt,0.2,1024,61,88,20
9999979_00000_d_0000033,visdrone_det.pt,0.25,1024,61,69,10
9999979_00000_d_0000033,visdrone_det.pt,0.3,1024,61,62,7
9999979_00000_d_0000033,visdrone_det.pt,0.4,1024,61,52,3
9999979_00000_d_0000033,visdrone_det.pt,0.5,1024,61,40,0
9999979_00000_d_0000033,visdrone_det.pt,0.05,1536,61,387,229
9999979_00000_d_0000033,visdrone_det.pt,0.1,1536,61,209,110
9999979_00000_d_0000033,visdrone_det.pt,0.15,1536,61,138,56
9999979_00000_d_0000033,visdrone_det.pt,0.2,1536,61,105,31
9999979_00000_d_0000033,visdrone_det.pt,0.25,1536,61,82,19
9999979_00000_d_0000033,visdrone_det.pt,0.3,1536,61,70,13
9999979_00000_d_0000033,visdrone_det.pt,0.4,1536,61,58,6
9999979_00000_d_0000033,visdrone_det.pt,0.5,1536,61,49,2
9999979_00000_d_0000034,visdrone_det.pt,0.05,640,36,218,36
9999979_00000_d_0000034,visdrone_det.pt,0.1,640,36,124,9
9999979_00000_d_0000034,visdrone_det.pt,0.15,640,36,93,1
9999979_00000_d_0000034,visdrone_det.pt,0.2,640,36,79,0
9999979_00000_d_0000034,visdrone_det.pt,0.25,640,36,71,0
9999979_00000_d_0000034,visdrone_det.pt,0.3,640,36,66,0
9999979_00000_d_0000034,visdrone_det.pt,0.4,640,36,48,0
9999979_00000_d_0000034,visdrone_det.pt,0.5,640,36,29,0
9999979_00000_d_0000034,visdrone_det.pt,0.05,1024,36,323,135
9999979_00000_d_0000034,visdrone_det.pt,0.1,1024,36,207,71
9999979_00000_d_0000034,visdrone_det.pt,0.15,1024,36,133,25
9999979_00000_d_0000034,visdrone_det.pt,0.2,1024,36,112,15
9999979_00000_d_0000034,visdrone_det.pt,0.25,1024,36,91,8
9999979_00000_d_0000034,visdrone_det.pt,0.3,1024,36,78,4
9999979_00000_d_0000034,visdrone_det.pt,0.4,1024,36,57,1
9999979_00000_d_0000034,visdrone_det.pt,0.5,1024,36,43,0
9999979_00000_d_0000034,visdrone_det.pt,0.05,1536,36,365,129
9999979_00000_d_0000034,visdrone_det.pt,0.1,1536,36,218,49
9999979_00000_d_0000034,visdrone_det.pt,0.15,1536,36,160,23
9999979_00000_d_0000034,visdrone_det.pt,0.2,1536,36,136,11
9999979_00000_d_0000034,visdrone_det.pt,0.25,1536,36,116,9
9999979_00000_d_0000034,visdrone_det.pt,0.3,1536,36,95,4
9999979_00000_d_0000034,visdrone_det.pt,0.4,1536,36,73,1
9999979_00000_d_0000034,visdrone_det.pt,0.5,1536,36,57,1
9999979_00000_d_0000036,visdrone_det.pt,0.05,640,30,65,32
9999979_00000_d_0000036,visdrone_det.pt,0.1,640,30,39,15
9999979_00000_d_0000036,visdrone_det.pt,0.15,640,30,24,9
9999979_00000_d_0000036,visdrone_det.pt,0.2,640,30,20,6
9999979_00000_d_0000036,visdrone_det.pt,0.25,640,30,18,4
9999979_00000_d_0000036,visdrone_det.pt,0.3,640,30,15,2
9999979_00000_d_0000036,visdrone_det.pt,0.4,640,30,10,0
9999979_00000_d_0000036,visdrone_det.pt,0.5,640,30,8,0
9999979_00000_d_0000036,visdrone_det.pt,0.05,1024,30,90,38
9999979_00000_d_0000036,visdrone_det.pt,0.1,1024,30,59,22
9999979_00000_d_0000036,visdrone_det.pt,0.15,1024,30,40,10
9999979_00000_d_0000036,visdrone_det.pt,0.2,1024,30,31,7
9999979_00000_d_0000036,visdrone_det.pt,0.25,1024,30,23,4
9999979_00000_d_0000036,visdrone_det.pt,0.3,1024,30,19,2
9999979_00000_d_0000036,visdrone_det.pt,0.4,1024,30,14,0
9999979_00000_d_0000036,visdrone_det.pt,0.5,1024,30,10,0
9999979_00000_d_0000036,visdrone_det.pt,0.05,1536,30,100,26
9999979_00000_d_0000036,visdrone_det.pt,0.1,1536,30,67,14
9999979_00000_d_0000036,visdrone_det.pt,0.15,1536,30,46,8
9999979_00000_d_0000036,visdrone_det.pt,0.2,1536,30,36,6
9999979_00000_d_0000036,visdrone_det.pt,0.25,1536,30,31,5
9999979_00000_d_0000036,visdrone_det.pt,0.3,1536,30,30,4
9999979_00000_d_0000036,visdrone_det.pt,0.4,1536,30,24,3
9999979_00000_d_0000036,visdrone_det.pt,0.5,1536,30,18,2
9999979_00000_d_0000043,visdrone_det.pt,0.05,640,24,173,43
9999979_00000_d_0000043,visdrone_det.pt,0.1,640,24,130,28
9999979_00000_d_0000043,visdrone_det.pt,0.15,640,24,91,15
9999979_00000_d_0000043,visdrone_det.pt,0.2,640,24,76,7
9999979_00000_d_0000043,visdrone_det.pt,0.25,640,24,67,5
9999979_00000_d_0000043,visdrone_det.pt,0.3,640,24,62,3
9999979_00000_d_0000043,visdrone_det.pt,0.4,640,24,46,0
9999979_00000_d_0000043,visdrone_det.pt,0.5,640,24,34,0
9999979_00000_d_0000043,visdrone_det.pt,0.05,1024,24,225,39
9999979_00000_d_0000043,visdrone_det.pt,0.1,1024,24,168,22
9999979_00000_d_0000043,visdrone_det.pt,0.15,1024,24,139,13
9999979_00000_d_0000043,visdrone_det.pt,0.2,1024,24,117,11
9999979_00000_d_0000043,visdrone_det.pt,0.25,1024,24,98,6
9999979_00000_d_0000043,visdrone_det.pt,0.3,1024,24,82,3
9999979_00000_d_0000043,visdrone_det.pt,0.4,1024,24,65,1
9999979_00000_d_0000043,visdrone_det.pt,0.5,1024,24,51,0
9999979_00000_d_0000043,visdrone_det.pt,0.05,1536,24,264,19
9999979_00000_d_0000043,visdrone_det.pt,0.1,1536,24,196,9
9999979_00000_d_0000043,visdrone_det.pt,0.15,1536,24,155,6
9999979_00000_d_0000043,visdrone_det.pt,0.2,1536,24,122,0
9999979_00000_d_0000043,visdrone_det.pt,0.25,1536,24,104,0
9999979_00000_d_0000043,visdrone_det.pt,0.3,1536,24,92,0
9999979_00000_d_0000043,visdrone_det.pt,0.4,1536,24,74,0
9999979_00000_d_0000043,visdrone_det.pt,0.5,1536,24,55,0
9999979_00000_d_0000044,visdrone_det.pt,0.05,640,9,277,7
9999979_00000_d_0000044,visdrone_det.pt,0.1,640,9,181,1
9999979_00000_d_0000044,visdrone_det.pt,0.15,640,9,129,0
9999979_00000_d_0000044,visdrone_det.pt,0.2,640,9,98,0
9999979_00000_d_0000044,visdrone_det.pt,0.25,640,9,82,0
9999979_00000_d_0000044,visdrone_det.pt,0.3,640,9,73,0
9999979_00000_d_0000044,visdrone_det.pt,0.4,640,9,60,0
9999979_00000_d_0000044,visdrone_det.pt,0.5,640,9,43,0
9999979_00000_d_0000044,visdrone_det.pt,0.05,1024,9,353,23
9999979_00000_d_0000044,visdrone_det.pt,0.1,1024,9,242,6
9999979_00000_d_0000044,visdrone_det.pt,0.15,1024,9,191,2
9999979_00000_d_0000044,visdrone_det.pt,0.2,1024,9,149,2
9999979_00000_d_0000044,visdrone_det.pt,0.25,1024,9,119,1
9999979_00000_d_0000044,visdrone_det.pt,0.3,1024,9,103,0
9999979_00000_d_0000044,visdrone_det.pt,0.4,1024,9,71,0
9999979_00000_d_0000044,visdrone_det.pt,0.5,1024,9,60,0
9999979_00000_d_0000044,visdrone_det.pt,0.05,1536,9,510,28
9999979_00000_d_0000044,visdrone_det.pt,0.1,1536,9,349,14
9999979_00000_d_0000044,visdrone_det.pt,0.15,1536,9,259,5
9999979_00000_d_0000044,visdrone_det.pt,0.2,1536,9,208,2
9999979_00000_d_0000044,visdrone_det.pt,0.25,1536,9,163,1
9999979_00000_d_0000044,visdrone_det.pt,0.3,1536,9,134,1
9999979_00000_d_0000044,visdrone_det.pt,0.4,1536,9,90,0
9999979_00000_d_0000044,visdrone_det.pt,0.5,1536,9,74,0
9999979_00000_d_0000047,visdrone_det.pt,0.05,640,42,292,51
9999979_00000_d_0000047,visdrone_det.pt,0.1,640,42,207,31
9999979_00000_d_0000047,visdrone_det.pt,0.15,640,42,160,19
9999979_00000_d_0000047,visdrone_det.pt,0.2,640,42,129,10
9999979_00000_d_0000047,visdrone_det.pt,0.25,640,42,106,7
9999979_00000_d_0000047,visdrone_det.pt,0.3,640,42,83,4
9999979_00000_d_0000047,visdrone_det.pt,0.4,640,42,57,3
9999979_00000_d_0000047,visdrone_det.pt,0.5,640,42,31,1
9999979_00000_d_0000047,visdrone_det.pt,0.05,1024,42,379,27
9999979_00000_d_0000047,visdrone_det.pt,0.1,1024,42,263,11
9999979_00000_d_0000047,visdrone_det.pt,0.15,1024,42,208,6
9999979_00000_d_0000047,visdrone_det.pt,0.2,1024,42,162,5
9999979_00000_d_0000047,visdrone_det.pt,0.25,1024,42,139,4
9999979_00000_d_0000047,visdrone_det.pt,0.3,1024,42,112,0
9999979_00000_d_0000047,visdrone_det.pt,0.4,1024,42,79,0
9999979_00000_d_0000047,visdrone_det.pt,0.5,1024,42,57,0
9999979_00000_d_0000047,visdrone_det.pt,0.05,1536,42,437,18
9999979_00000_d_0000047,visdrone_det.pt,0.1,1536,42,300,5
9999979_00000_d_0000047,visdrone_det.pt,0.15,1536,42,230,1
9999979_00000_d_0000047,visdrone_det.pt,0.2,1536,42,183,0
9999979_00000_d_0000047,visdrone_det.pt,0.25,1536,42,155,0
9999979_00000_d_0000047,visdrone_det.pt,0.3,1536,42,135,0
9999979_00000_d_0000047,visdrone_det.pt,0.4,1536,42,101,0
9999979_00000_d_0000047,visdrone_det.pt,0.5,1536,42,81,0
9999979_00000_d_0000051,visdrone_det.pt,0.05,640,3,52,4
9999979_00000_d_0000051,visdrone_det.pt,0.1,640,3,34,1
9999979_00000_d_0000051,visdrone_det.pt,0.15,640,3,31,0
9999979_00000_d_0000051,visdrone_det.pt,0.2,640,3,25,0
9999979_00000_d_0000051,visdrone_det.pt,0.25,640,3,24,0
9999979_00000_d_0000051,visdrone_det.pt,0.3,640,3,21,0
9999979_00000_d_0000051,visdrone_det.pt,0.4,640,3,18,0
9999979_00000_d_0000051,visdrone_det.pt,0.5,640,3,16,0
9999979_00000_d_0000051,visdrone_det.pt,0.05,1024,3,55,1
9999979_00000_d_0000051,visdrone_det.pt,0.1,1024,3,37,0
9999979_00000_d_0000051,visdrone_det.pt,0.15,1024,3,31,0
9999979_00000_d_0000051,visdrone_det.pt,0.2,1024,3,30,0
9999979_00000_d_0000051,visdrone_det.pt,0.25,1024,3,27,0
9999979_00000_d_0000051,visdrone_det.pt,0.3,1024,3,26,0
9999979_00000_d_0000051,visdrone_det.pt,0.4,1024,3,25,0
9999979_00000_d_0000051,visdrone_det.pt,0.5,1024,3,24,0
9999979_00000_d_0000051,visdrone_det.pt,0.05,1536,3,61,2
9999979_00000_d_0000051,visdrone_det.pt,0.1,1536,3,43,1
9999979_00000_d_0000051,visdrone_det.pt,0.15,1536,3,37,1
9999979_00000_d_0000051,visdrone_det.pt,0.2,1536,3,33,0
9999979_00000_d_0000051,visdrone_det.pt,0.25,1536,3,32,0
9999979_00000_d_0000051,visdrone_det.pt,0.3,1536,3,30,0
9999979_00000_d_0000051,visdrone_det.pt,0.4,1536,3,24,0
9999979_00000_d_0000051,visdrone_det.pt,0.5,1536,3,24,0
9999979_00000_d_0000053,visdrone_det.pt,0.05,640,24,35,1
9999979_00000_d_0000053,visdrone_det.pt,0.1,640,24,19,0
9999979_00000_d_0000053,visdrone_det.pt,0.15,640,24,16,0
9999979_00000_d_0000053,visdrone_det.pt,0.2,640,24,12,0
9999979_00000_d_0000053,visdrone_det.pt,0.25,640,24,10,0
9999979_00000_d_0000053,visdrone_det.pt,0.3,640,24,9,0
9999979_00000_d_0000053,visdrone_det.pt,0.4,640,24,5,0
9999979_00000_d_0000053,visdrone_det.pt,0.5,640,24,3,0
9999979_00000_d_0000053,visdrone_det.pt,0.05,1024,24,72,11
9999979_00000_d_0000053,visdrone_det.pt,0.1,1024,24,47,5
9999979_00000_d_0000053,visdrone_det.pt,0.15,1024,24,38,2
9999979_00000_d_0000053,visdrone_det.pt,0.2,1024,24,24,0
9999979_00000_d_0000053,visdrone_det.pt,0.25,1024,24,21,0
9999979_00000_d_0000053,visdrone_det.pt,0.3,1024,24,18,0
9999979_00000_d_0000053,visdrone_det.pt,0.4,1024,24,12,0
9999979_00000_d_0000053,visdrone_det.pt,0.5,1024,24,8,0
9999979_00000_d_0000053,visdrone_det.pt,0.05,1536,24,113,16
9999979_00000_d_0000053,visdrone_det.pt,0.1,1536,24,63,6
9999979_00000_d_0000053,visdrone_det.pt,0.15,1536,24,47,3
9999979_00000_d_0000053,visdrone_det.pt,0.2,1536,24,39,1
9999979_00000_d_0000053,visdrone_det.pt,0.25,1536,24,32,0
9999979_00000_d_0000053,visdrone_det.pt,0.3,1536,24,25,0
9999979_00000_d_0000053,visdrone_det.pt,0.4,1536,24,21,0
9999979_00000_d_0000053,visdrone_det.pt,0.5,1536,24,15,0
9999980_00000_d_0000005,visdrone_det.pt,0.05,640,3,323,9
9999980_00000_d_0000005,visdrone_det.pt,0.1,640,3,225,3
9999980_00000_d_0000005,visdrone_det.pt,0.15,640,3,161,1
9999980_00000_d_0000005,visdrone_det.pt,0.2,640,3,120,1
9999980_00000_d_0000005,visdrone_det.pt,0.25,640,3,86,1
9999980_00000_d_0000005,visdrone_det.pt,0.3,640,3,57,1
9999980_00000_d_0000005,visdrone_det.pt,0.4,640,3,26,1
9999980_00000_d_0000005,visdrone_det.pt,0.5,640,3,17,0
9999980_00000_d_0000005,visdrone_det.pt,0.05,1024,3,399,4
9999980_00000_d_0000005,visdrone_det.pt,0.1,1024,3,275,3
9999980_00000_d_0000005,visdrone_det.pt,0.15,1024,3,180,1
9999980_00000_d_0000005,visdrone_det.pt,0.2,1024,3,135,1
9999980_00000_d_0000005,visdrone_det.pt,0.25,1024,3,90,1
9999980_00000_d_0000005,visdrone_det.pt,0.3,1024,3,64,1
9999980_00000_d_0000005,visdrone_det.pt,0.4,1024,3,37,0
9999980_00000_d_0000005,visdrone_det.pt,0.5,1024,3,22,0
9999980_00000_d_0000005,visdrone_det.pt,0.05,1536,3,361,41
9999980_00000_d_0000005,visdrone_det.pt,0.1,1536,3,183,16
9999980_00000_d_0000005,visdrone_det.pt,0.15,1536,3,107,8
9999980_00000_d_0000005,visdrone_det.pt,0.2,1536,3,66,6
9999980_00000_d_0000005,visdrone_det.pt,0.25,1536,3,49,3
9999980_00000_d_0000005,visdrone_det.pt,0.3,1536,3,38,1
9999980_00000_d_0000005,visdrone_det.pt,0.4,1536,3,27,1
9999980_00000_d_0000005,visdrone_det.pt,0.5,1536,3,23,1
9999986_00000_d_0000002,visdrone_det.pt,0.05,640,30,79,19
9999986_00000_d_0000002,visdrone_det.pt,0.1,640,30,30,9
9999986_00000_d_0000002,visdrone_det.pt,0.15,640,30,16,5
9999986_00000_d_0000002,visdrone_det.pt,0.2,640,30,12,4
9999986_00000_d_0000002,visdrone_det.pt,0.25,640,30,10,3
9999986_00000_d_0000002,visdrone_det.pt,0.3,640,30,7,2
9999986_00000_d_0000002,visdrone_det.pt,0.4,640,30,4,0
9999986_00000_d_0000002,visdrone_det.pt,0.5,640,30,4,0
9999986_00000_d_0000002,visdrone_det.pt,0.05,1024,30,79,29
9999986_00000_d_0000002,visdrone_det.pt,0.1,1024,30,38,13
9999986_00000_d_0000002,visdrone_det.pt,0.15,1024,30,29,12
9999986_00000_d_0000002,visdrone_det.pt,0.2,1024,30,20,7
9999986_00000_d_0000002,visdrone_det.pt,0.25,1024,30,13,4
9999986_00000_d_0000002,visdrone_det.pt,0.3,1024,30,11,3
9999986_00000_d_0000002,visdrone_det.pt,0.4,1024,30,6,1
9999986_00000_d_0000002,visdrone_det.pt,0.5,1024,30,4,0
9999986_00000_d_0000002,visdrone_det.pt,0.05,1536,30,100,45
9999986_00000_d_0000002,visdrone_det.pt,0.1,1536,30,62,25
9999986_00000_d_0000002,visdrone_det.pt,0.15,1536,30,41,13
9999986_00000_d_0000002,visdrone_det.pt,0.2,1536,30,27,9
9999986_00000_d_0000002,visdrone_det.pt,0.25,1536,30,16,5
9999986_00000_d_0000002,visdrone_det.pt,0.3,1536,30,14,5
9999986_00000_d_0000002,visdrone_det.pt,0.4,1536,30,10,1
9999986_00000_d_0000002,visdrone_det.pt,0.5,1536,30,6,0
9999986_00000_d_0000003,visdrone_det.pt,0.05,640,32,98,12
9999986_00000_d_0000003,visdrone_det.pt,0.1,640,32,43,6
9999986_00000_d_0000003,visdrone_det.pt,0.15,640,32,27,5
9999986_00000_d_0000003,visdrone_det.pt,0.2,640,32,18,1
9999986_00000_d_0000003,visdrone_det.pt,0.25,640,32,13,0
9999986_00000_d_0000003,visdrone_det.pt,0.3,640,32,13,0
9999986_00000_d_0000003,visdrone_det.pt,0.4,640,32,6,0
9999986_00000_d_0000003,visdrone_det.pt,0.5,640,32,5,0
9999986_00000_d_0000003,visdrone_det.pt,0.05,1024,32,102,30
9999986_00000_d_0000003,visdrone_det.pt,0.1,1024,32,51,16
9999986_00000_d_0000003,visdrone_det.pt,0.15,1024,32,30,6
9999986_00000_d_0000003,visdrone_det.pt,0.2,1024,32,23,6
9999986_00000_d_0000003,visdrone_det.pt,0.25,1024,32,17,3
9999986_00000_d_0000003,visdrone_det.pt,0.3,1024,32,13,2
9999986_00000_d_0000003,visdrone_det.pt,0.4,1024,32,10,0
9999986_00000_d_0000003,visdrone_det.pt,0.5,1024,32,9,0
9999986_00000_d_0000003,visdrone_det.pt,0.05,1536,32,138,61
9999986_00000_d_0000003,visdrone_det.pt,0.1,1536,32,74,35
9999986_00000_d_0000003,visdrone_det.pt,0.15,1536,32,50,26
9999986_00000_d_0000003,visdrone_det.pt,0.2,1536,32,35,15
9999986_00000_d_0000003,visdrone_det.pt,0.25,1536,32,29,12
9999986_00000_d_0000003,visdrone_det.pt,0.3,1536,32,23,8
9999986_00000_d_0000003,visdrone_det.pt,0.4,1536,32,16,3
9999986_00000_d_0000003,visdrone_det.pt,0.5,1536,32,11,2
9999986_00000_d_0000005,visdrone_det.pt,0.05,640,24,36,16
9999986_00000_d_0000005,visdrone_det.pt,0.1,640,24,25,12
9999986_00000_d_0000005,visdrone_det.pt,0.15,640,24,19,9
9999986_00000_d_0000005,visdrone_det.pt,0.2,640,24,15,8
9999986_00000_d_0000005,visdrone_det.pt,0.25,640,24,12,5
9999986_00000_d_0000005,visdrone_det.pt,0.3,640,24,11,4
9999986_00000_d_0000005,visdrone_det.pt,0.4,640,24,8,2
9999986_00000_d_0000005,visdrone_det.pt,0.5,640,24,5,1
9999986_00000_d_0000005,visdrone_det.pt,0.05,1024,24,57,33
9999986_00000_d_0000005,visdrone_det.pt,0.1,1024,24,36,23
9999986_00000_d_0000005,visdrone_det.pt,0.15,1024,24,28,18
9999986_00000_d_0000005,visdrone_det.pt,0.2,1024,24,19,11
9999986_00000_d_0000005,visdrone_det.pt,0.25,1024,24,16,8
9999986_00000_d_0000005,visdrone_det.pt,0.3,1024,24,15,8
9999986_00000_d_0000005,visdrone_det.pt,0.4,1024,24,10,4
9999986_00000_d_0000005,visdrone_det.pt,0.5,1024,24,9,4
9999986_00000_d_0000005,visdrone_det.pt,0.05,1536,24,53,38
9999986_00000_d_0000005,visdrone_det.pt,0.1,1536,24,39,28
9999986_00000_d_0000005,visdrone_det.pt,0.15,1536,24,31,23
9999986_00000_d_0000005,visdrone_det.pt,0.2,1536,24,26,18
9999986_00000_d_0000005,visdrone_det.pt,0.25,1536,24,23,16
9999986_00000_d_0000005,visdrone_det.pt,0.3,1536,24,22,16
9999986_00000_d_0000005,visdrone_det.pt,0.4,1536,24,18,12
9999986_00000_d_0000005,visdrone_det.pt,0.5,1536,24,16,10
9999986_00000_d_0000006,visdrone_det.pt,0.05,640,28,79,37
9999986_00000_d_0000006,visdrone_det.pt,0.1,640,28,38,20
9999986_00000_d_0000006,visdrone_det.pt,0.15,640,28,27,13
9999986_00000_d_0000006,visdrone_det.pt,0.2,640,28,23,11
9999986_00000_d_0000006,visdrone_det.pt,0.25,640,28,20,10
9999986_00000_d_0000006,visdrone_det.pt,0.3,640,28,14,6
9999986_00000_d_0000006,visdrone_det.pt,0.4,640,28,7,2
9999986_00000_d_0000006,visdrone_det.pt,0.5,640,28,4,0
9999986_00000_d_0000006,visdrone_det.pt,0.05,1024,28,117,69
9999986_00000_d_0000006,visdrone_det.pt,0.1,1024,28,66,42
9999986_00000_d_0000006,visdrone_det.pt,0.15,1024,28,44,28
9999986_00000_d_0000006,visdrone_det.pt,0.2,1024,28,36,23
9999986_00000_d_0000006,visdrone_det.pt,0.25,1024,28,30,20
9999986_00000_d_0000006,visdrone_det.pt,0.3,1024,28,23,15
9999986_00000_d_0000006,visdrone_det.pt,0.4,1024,28,12,5
9999986_00000_d_0000006,visdrone_det.pt,0.5,1024,28,3,0
9999986_00000_d_0000006,visdrone_det.pt,0.05,1536,28,143,85
9999986_00000_d_0000006,visdrone_det.pt,0.1,1536,28,85,54
9999986_00000_d_0000006,visdrone_det.pt,0.15,1536,28,60,36
9999986_00000_d_0000006,visdrone_det.pt,0.2,1536,28,48,27
9999986_00000_d_0000006,visdrone_det.pt,0.25,1536,28,37,20
9999986_00000_d_0000006,visdrone_det.pt,0.3,1536,28,33,18
9999986_00000_d_0000006,visdrone_det.pt,0.4,1536,28,18,9
9999986_00000_d_0000006,visdrone_det.pt,0.5,1536,28,16,7
9999986_00000_d_0000007,visdrone_det.pt,0.05,640,28,76,42
9999986_00000_d_0000007,visdrone_det.pt,0.1,640,28,48,27
9999986_00000_d_0000007,visdrone_det.pt,0.15,640,28,33,17
9999986_00000_d_0000007,visdrone_det.pt,0.2,640,28,24,12
9999986_00000_d_0000007,visdrone_det.pt,0.25,640,28,18,9
9999986_00000_d_0000007,visdrone_det.pt,0.3,640,28,14,6
9999986_00000_d_0000007,visdrone_det.pt,0.4,640,28,12,5
9999986_00000_d_0000007,visdrone_det.pt,0.5,640,28,9,2
9999986_00000_d_0000007,visdrone_det.pt,0.05,1024,28,95,47
9999986_00000_d_0000007,visdrone_det.pt,0.1,1024,28,69,35
9999986_00000_d_0000007,visdrone_det.pt,0.15,1024,28,49,23
9999986_00000_d_0000007,visdrone_det.pt,0.2,1024,28,36,19
9999986_00000_d_0000007,visdrone_det.pt,0.25,1024,28,29,14
9999986_00000_d_0000007,visdrone_det.pt,0.3,1024,28,24,12
9999986_00000_d_0000007,visdrone_det.pt,0.4,1024,28,22,11
9999986_00000_d_0000007,visdrone_det.pt,0.5,1024,28,16,8
9999986_00000_d_0000007,visdrone_det.pt,0.05,1536,28,109,54
9999986_00000_d_0000007,visdrone_det.pt,0.1,1536,28,73,38
9999986_00000_d_0000007,visdrone_det.pt,0.15,1536,28,54,26
9999986_00000_d_0000007,visdrone_det.pt,0.2,1536,28,45,24
9999986_00000_d_0000007,visdrone_det.pt,0.25,1536,28,37,21
9999986_00000_d_0000007,visdrone_det.pt,0.3,1536,28,34,21
9999986_00000_d_0000007,visdrone_det.pt,0.4,1536,28,26,17
9999986_00000_d_0000007,visdrone_det.pt,0.5,1536,28,18,13
9999986_00000_d_0000008,visdrone_det.pt,0.05,640,23,59,32
9999986_00000_d_0000008,visdrone_det.pt,0.1,640,23,40,25
9999986_00000_d_0000008,visdrone_det.pt,0.15,640,23,33,22
9999986_00000_d_0000008,visdrone_det.pt,0.2,640,23,27,18
9999986_00000_d_0000008,visdrone_det.pt,0.25,640,23,22,15
9999986_00000_d_0000008,visdrone_det.pt,0.3,640,23,18,11
9999986_00000_d_0000008,visdrone_det.pt,0.4,640,23,13,6
9999986_00000_d_0000008,visdrone_det.pt,0.5,640,23,9,4
9999986_00000_d_0000008,visdrone_det.pt,0.05,1024,23,72,38
9999986_00000_d_0000008,visdrone_det.pt,0.1,1024,23,53,29
9999986_00000_d_0000008,visdrone_det.pt,0.15,1024,23,47,26
9999986_00000_d_0000008,visdrone_det.pt,0.2,1024,23,35,21
9999986_00000_d_0000008,visdrone_det.pt,0.25,1024,23,25,16
9999986_00000_d_0000008,visdrone_det.pt,0.3,1024,23,23,15
9999986_00000_d_0000008,visdrone_det.pt,0.4,1024,23,16,10
9999986_00000_d_0000008,visdrone_det.pt,0.5,1024,23,13,7
9999986_00000_d_0000008,visdrone_det.pt,0.05,1536,23,108,50
9999986_00000_d_0000008,visdrone_det.pt,0.1,1536,23,73,36
9999986_00000_d_0000008,visdrone_det.pt,0.15,1536,23,59,33
9999986_00000_d_0000008,visdrone_det.pt,0.2,1536,23,45,26
9999986_00000_d_0000008,visdrone_det.pt,0.25,1536,23,34,21
9999986_00000_d_0000008,visdrone_det.pt,0.3,1536,23,28,18
9999986_00000_d_0000008,visdrone_det.pt,0.4,1536,23,13,7
9999986_00000_d_0000008,visdrone_det.pt,0.5,1536,23,11,6
9999986_00000_d_0000013,visdrone_det.pt,0.05,640,14,73,7
9999986_00000_d_0000013,visdrone_det.pt,0.1,640,14,46,4
9999986_00000_d_0000013,visdrone_det.pt,0.15,640,14,28,2
9999986_00000_d_0000013,visdrone_det.pt,0.2,640,14,24,2
9999986_00000_d_0000013,visdrone_det.pt,0.25,640,14,18,2
9999986_00000_d_0000013,visdrone_det.pt,0.3,640,14,12,1
9999986_00000_d_0000013,visdrone_det.pt,0.4,640,14,8,1
9999986_00000_d_0000013,visdrone_det.pt,0.5,640,14,3,0
9999986_00000_d_0000013,visdrone_det.pt,0.05,1024,14,81,34
9999986_00000_d_0000013,visdrone_det.pt,0.1,1024,14,50,15
9999986_00000_d_0000013,visdrone_det.pt,0.15,1024,14,39,11
9999986_00000_d_0000013,visdrone_det.pt,0.2,1024,14,30,8
9999986_00000_d_0000013,visdrone_det.pt,0.25,1024,14,24,6
9999986_00000_d_0000013,visdrone_det.pt,0.3,1024,14,21,6
9999986_00000_d_0000013,visdrone_det.pt,0.4,1024,14,16,5
9999986_00000_d_0000013,visdrone_det.pt,0.5,1024,14,11,2
9999986_00000_d_0000013,visdrone_det.pt,0.05,1536,14,88,25
9999986_00000_d_0000013,visdrone_det.pt,0.1,1536,14,52,13
9999986_00000_d_0000013,visdrone_det.pt,0.15,1536,14,41,8
9999986_00000_d_0000013,visdrone_det.pt,0.2,1536,14,28,6
9999986_00000_d_0000013,visdrone_det.pt,0.25,1536,14,22,5
9999986_00000_d_0000013,visdrone_det.pt,0.3,1536,14,20,5
9999986_00000_d_0000013,visdrone_det.pt,0.4,1536,14,16,4
9999986_00000_d_0000013,visdrone_det.pt,0.5,1536,14,10,4
9999986_00000_d_0000017,visdrone_det.pt,0.05,640,10,38,10
9999986_00000_d_0000017,visdrone_det.pt,0.1,640,10,23,7
9999986_00000_d_0000017,visdrone_det.pt,0.15,640,10,17,4
9999986_00000_d_0000017,visdrone_det.pt,0.2,640,10,16,3
9999986_00000_d_0000017,visdrone_det.pt,0.25,640,10,15,3
9999986_00000_d_0000017,visdrone_det.pt,0.3,640,10,13,2
9999986_00000_d_0000017,visdrone_det.pt,0.4,640,10,13,2
9999986_00000_d_0000017,visdrone_det.pt,0.5,640,10,9,1
9999986_00000_d_0000017,visdrone_det.pt,0.05,1024,10,59,19
9999986_00000_d_0000017,visdrone_det.pt,0.1,1024,10,40,14
9999986_00000_d_0000017,visdrone_det.pt,0.15,1024,10,26,8
9999986_00000_d_0000017,visdrone_det.pt,0.2,1024,10,18,6
9999986_00000_d_0000017,visdrone_det.pt,0.25,1024,10,16,4
9999986_00000_d_0000017,visdrone_det.pt,0.3,1024,10,15,3
9999986_00000_d_0000017,visdrone_det.pt,0.4,1024,10,13,3
9999986_00000_d_0000017,visdrone_det.pt,0.5,1024,10,13,3
9999986_00000_d_0000017,visdrone_det.pt,0.05,1536,10,49,22
9999986_00000_d_0000017,visdrone_det.pt,0.1,1536,10,27,13
9999986_00000_d_0000017,visdrone_det.pt,0.15,1536,10,24,12
9999986_00000_d_0000017,visdrone_det.pt,0.2,1536,10,20,9
9999986_00000_d_0000017,visdrone_det.pt,0.25,1536,10,19,8
9999986_00000_d_0000017,visdrone_det.pt,0.3,1536,10,16,6
9999986_00000_d_0000017,visdrone_det.pt,0.4,1536,10,14,4
9999986_00000_d_0000017,visdrone_det.pt,0.5,1536,10,10,1
9999986_00000_d_0000022,visdrone_det.pt,0.05,640,2,51,3
9999986_00000_d_0000022,visdrone_det.pt,0.1,640,2,28,2
9999986_00000_d_0000022,visdrone_det.pt,0.15,640,2,22,1
9999986_00000_d_0000022,visdrone_det.pt,0.2,640,2,14,1
9999986_00000_d_0000022,visdrone_det.pt,0.25,640,2,12,1
9999986_00000_d_0000022,visdrone_det.pt,0.3,640,2,10,1
9999986_00000_d_0000022,visdrone_det.pt,0.4,640,2,8,1
9999986_00000_d_0000022,visdrone_det.pt,0.5,640,2,7,0
9999986_00000_d_0000022,visdrone_det.pt,0.05,1024,2,59,4
9999986_00000_d_0000022,visdrone_det.pt,0.1,1024,2,44,2
9999986_00000_d_0000022,visdrone_det.pt,0.15,1024,2,31,1
9999986_00000_d_0000022,visdrone_det.pt,0.2,1024,2,25,1
9999986_00000_d_0000022,visdrone_det.pt,0.25,1024,2,18,1
9999986_00000_d_0000022,visdrone_det.pt,0.3,1024,2,14,1
9999986_00000_d_0000022,visdrone_det.pt,0.4,1024,2,14,1
9999986_00000_d_0000022,visdrone_det.pt,0.5,1024,2,13,1
9999986_00000_d_0000022,visdrone_det.pt,0.05,1536,2,52,4
9999986_00000_d_0000022,visdrone_det.pt,0.1,1536,2,29,3
9999986_00000_d_0000022,visdrone_det.pt,0.15,1536,2,25,3
9999986_00000_d_0000022,visdrone_det.pt,0.2,1536,2,23,2
9999986_00000_d_0000022,visdrone_det.pt,0.25,1536,2,20,2
9999986_00000_d_0000022,visdrone_det.pt,0.3,1536,2,17,2
9999986_00000_d_0000022,visdrone_det.pt,0.4,1536,2,11,1
9999986_00000_d_0000022,visdrone_det.pt,0.5,1536,2,11,1
9999986_00000_d_0000027,visdrone_det.pt,0.05,640,5,62,2
9999986_00000_d_0000027,visdrone_det.pt,0.1,640,5,35,0
9999986_00000_d_0000027,visdrone_det.pt,0.15,640,5,18,0
9999986_00000_d_0000027,visdrone_det.pt,0.2,640,5,12,0
9999986_00000_d_0000027,visdrone_det.pt,0.25,640,5,10,0
9999986_00000_d_0000027,visdrone_det.pt,0.3,640,5,6,0
9999986_00000_d_0000027,visdrone_det.pt,0.4,640,5,6,0
9999986_00000_d_0000027,visdrone_det.pt,0.5,640,5,3,0
9999986_00000_d_0000027,visdrone_det.pt,0.05,1024,5,32,0
9999986_00000_d_0000027,visdrone_det.pt,0.1,1024,5,21,0
9999986_00000_d_0000027,visdrone_det.pt,0.15,1024,5,18,0
9999986_00000_d_0000027,visdrone_det.pt,0.2,1024,5,12,0
9999986_00000_d_0000027,visdrone_det.pt,0.25,1024,5,7,0
9999986_00000_d_0000027,visdrone_det.pt,0.3,1024,5,6,0
9999986_00000_d_0000027,visdrone_det.pt,0.4,1024,5,5,0
9999986_00000_d_0000027,visdrone_det.pt,0.5,1024,5,3,0
9999986_00000_d_0000027,visdrone_det.pt,0.05,1536,5,31,6
9999986_00000_d_0000027,visdrone_det.pt,0.1,1536,5,25,5
9999986_00000_d_0000027,visdrone_det.pt,0.15,1536,5,18,4
9999986_00000_d_0000027,visdrone_det.pt,0.2,1536,5,11,2
9999986_00000_d_0000027,visdrone_det.pt,0.25,1536,5,8,2
9999986_00000_d_0000027,visdrone_det.pt,0.3,1536,5,7,2
9999986_00000_d_0000027,visdrone_det.pt,0.4,1536,5,3,0
9999986_00000_d_0000027,visdrone_det.pt,0.5,1536,5,3,0
9999986_00000_d_0000029,visdrone_det.pt,0.05,640,8,33,10
9999986_00000_d_0000029,visdrone_det.pt,0.1,640,8,24,6
9999986_00000_d_0000029,visdrone_det.pt,0.15,640,8,23,5
9999986_00000_d_0000029,visdrone_det.pt,0.2,640,8,19,4
9999986_00000_d_0000029,visdrone_det.pt,0.25,640,8,14,2
9999986_00000_d_0000029,visdrone_det.pt,0.3,640,8,12,2
9999986_00000_d_0000029,visdrone_det.pt,0.4,640,8,11,1
9999986_00000_d_0000029,visdrone_det.pt,0.5,640,8,8,0
9999986_00000_d_0000029,visdrone_det.pt,0.05,1024,8,32,8
9999986_00000_d_0000029,visdrone_det.pt,0.1,1024,8,22,4
9999986_00000_d_0000029,visdrone_det.pt,0.15,1024,8,19,4
9999986_00000_d_0000029,visdrone_det.pt,0.2,1024,8,16,3
9999986_00000_d_0000029,visdrone_det.pt,0.25,1024,8,15,2
9999986_00000_d_0000029,visdrone_det.pt,0.3,1024,8,14,2
9999986_00000_d_0000029,visdrone_det.pt,0.4,1024,8,12,0
9999986_00000_d_0000029,visdrone_det.pt,0.5,1024,8,11,0
9999986_00000_d_0000029,visdrone_det.pt,0.05,1536,8,40,7
9999986_00000_d_0000029,visdrone_det.pt,0.1,1536,8,28,4
9999986_00000_d_0000029,visdrone_det.pt,0.15,1536,8,19,2
9999986_00000_d_0000029,visdrone_det.pt,0.2,1536,8,17,2
9999986_00000_d_0000029,visdrone_det.pt,0.25,1536,8,16,2
9999986_00000_d_0000029,visdrone_det.pt,0.3,1536,8,15,2
9999986_00000_d_0000029,visdrone_det.pt,0.4,1536,8,13,1
9999986_00000_d_0000029,visdrone_det.pt,0.5,1536,8,12,1
9999986_00000_d_0000035,visdrone_det.pt,0.05,640,8,24,1
9999986_00000_d_0000035,visdrone_det.pt,0.1,640,8,16,0
9999986_00000_d_0000035,visdrone_det.pt,0.15,640,8,14,0
9999986_00000_d_0000035,visdrone_det.pt,0.2,640,8,11,0
9999986_00000_d_0000035,visdrone_det.pt,0.25,640,8,11,0
9999986_00000_d_0000035,visdrone_det.pt,0.3,640,8,10,0
9999986_00000_d_0000035,visdrone_det.pt,0.4,640,8,10,0
9999986_00000_d_0000035,visdrone_det.pt,0.5,640,8,9,0
9999986_00000_d_0000035,visdrone_det.pt,0.05,1024,8,24,1
9999986_00000_d_0000035,visdrone_det.pt,0.1,1024,8,19,1
9999986_00000_d_0000035,visdrone_det.pt,0.15,1024,8,16,1
9999986_00000_d_0000035,visdrone_det.pt,0.2,1024,8,16,1
9999986_00000_d_0000035,visdrone_det.pt,0.25,1024,8,14,0
9999986_00000_d_0000035,visdrone_det.pt,0.3,1024,8,14,0
9999986_00000_d_0000035,visdrone_det.pt,0.4,1024,8,12,0
9999986_00000_d_0000035,visdrone_det.pt,0.5,1024,8,10,0
9999986_00000_d_0000035,visdrone_det.pt,0.05,1536,8,36,3
9999986_00000_d_0000035,visdrone_det.pt,0.1,1536,8,24,1
9999986_00000_d_0000035,visdrone_det.pt,0.15,1536,8,21,0
9999986_00000_d_0000035,visdrone_det.pt,0.2,1536,8,15,0
9999986_00000_d_0000035,visdrone_det.pt,0.25,1536,8,14,0
9999986_00000_d_0000035,visdrone_det.pt,0.3,1536,8,14,0
9999986_00000_d_0000035,visdrone_det.pt,0.4,1536,8,11,0
9999986_00000_d_0000035,visdrone_det.pt,0.5,1536,8,9,0
9999986_00000_d_0000037,visdrone_det.pt,0.05,640,8,31,10
9999986_00000_d_0000037,visdrone_det.pt,0.1,640,8,19,5
9999986_00000_d_0000037,visdrone_det.pt,0.15,640,8,14,2
9999986_00000_d_0000037,visdrone_det.pt,0.2,640,8,10,1
9999986_00000_d_0000037,visdrone_det.pt,0.25,640,8,9,1
9999986_00000_d_0000037,visdrone_det.pt,0.3,640,8,9,1
9999986_00000_d_0000037,visdrone_det.pt,0.4,640,8,7,0
9999986_00000_d_0000037,visdrone_det.pt,0.5,640,8,7,0
9999986_00000_d_0000037,visdrone_det.pt,0.05,1024,8,32,12
9999986_00000_d_0000037,visdrone_det.pt,0.1,1024,8,24,9
9999986_00000_d_0000037,visdrone_det.pt,0.15,1024,8,19,5
9999986_00000_d_0000037,visdrone_det.pt,0.2,1024,8,18,5
9999986_00000_d_0000037,visdrone_det.pt,0.25,1024,8,15,4
9999986_00000_d_0000037,visdrone_det.pt,0.3,1024,8,14,4
9999986_00000_d_0000037,visdrone_det.pt,0.4,1024,8,11,2
9999986_00000_d_0000037,visdrone_det.pt,0.5,1024,8,9,1
9999986_00000_d_0000037,visdrone_det.pt,0.05,1536,8,46,11
9999986_00000_d_0000037,visdrone_det.pt,0.1,1536,8,33,7
9999986_00000_d_0000037,visdrone_det.pt,0.15,1536,8,29,6
9999986_00000_d_0000037,visdrone_det.pt,0.2,1536,8,25,6
9999986_00000_d_0000037,visdrone_det.pt,0.25,1536,8,21,4
9999986_00000_d_0000037,visdrone_det.pt,0.3,1536,8,18,4
9999986_00000_d_0000037,visdrone_det.pt,0.4,1536,8,13,2
9999986_00000_d_0000037,visdrone_det.pt,0.5,1536,8,11,1
9999986_00000_d_0000042,visdrone_det.pt,0.05,640,11,33,20
9999986_00000_d_0000042,visdrone_det.pt,0.1,640,11,21,11
9999986_00000_d_0000042,visdrone_det.pt,0.15,640,11,12,4
9999986_00000_d_0000042,visdrone_det.pt,0.2,640,11,9,3
9999986_00000_d_0000042,visdrone_det.pt,0.25,640,11,8,2
9999986_00000_d_0000042,visdrone_det.pt,0.3,640,11,6,0
9999986_00000_d_0000042,visdrone_det.pt,0.4,640,11,6,0
9999986_00000_d_0000042,visdrone_det.pt,0.5,640,11,6,0
9999986_00000_d_0000042,visdrone_det.pt,0.05,1024,11,28,12
9999986_00000_d_0000042,visdrone_det.pt,0.1,1024,11,26,11
9999986_00000_d_0000042,visdrone_det.pt,0.15,1024,11,20,8
9999986_00000_d_0000042,visdrone_det.pt,0.2,1024,11,17,5
9999986_00000_d_0000042,visdrone_det.pt,0.25,1024,11,15,4
9999986_00000_d_0000042,visdrone_det.pt,0.3,1024,11,10,3
9999986_00000_d_0000042,visdrone_det.pt,0.4,1024,11,7,1
9999986_00000_d_0000042,visdrone_det.pt,0.5,1024,11,7,1
9999986_00000_d_0000042,visdrone_det.pt,0.05,1536,11,42,16
9999986_00000_d_0000042,visdrone_det.pt,0.1,1536,11,28,10
9999986_00000_d_0000042,visdrone_det.pt,0.15,1536,11,22,9
9999986_00000_d_0000042,visdrone_det.pt,0.2,1536,11,18,7
9999986_00000_d_0000042,visdrone_det.pt,0.25,1536,11,14,5
9999986_00000_d_0000042,visdrone_det.pt,0.3,1536,11,12,4
9999986_00000_d_0000042,visdrone_det.pt,0.4,1536,11,9,4
9999986_00000_d_0000042,visdrone_det.pt,0.5,1536,11,7,2
9999986_00000_d_0000052,visdrone_det.pt,0.05,640,3,22,4
9999986_00000_d_0000052,visdrone_det.pt,0.1,640,3,14,2
9999986_00000_d_0000052,visdrone_det.pt,0.15,640,3,11,2
9999986_00000_d_0000052,visdrone_det.pt,0.2,640,3,10,1
9999986_00000_d_0000052,visdrone_det.pt,0.25,640,3,8,1
9999986_00000_d_0000052,visdrone_det.pt,0.3,640,3,6,1
9999986_00000_d_0000052,visdrone_det.pt,0.4,640,3,6,1
9999986_00000_d_0000052,visdrone_det.pt,0.5,640,3,3,0
9999986_00000_d_0000052,visdrone_det.pt,0.05,1024,3,20,9
9999986_00000_d_0000052,visdrone_det.pt,0.1,1024,3,14,6
9999986_00000_d_0000052,visdrone_det.pt,0.15,1024,3,13,5
9999986_00000_d_0000052,visdrone_det.pt,0.2,1024,3,9,4
9999986_00000_d_0000052,visdrone_det.pt,0.25,1024,3,6,3
9999986_00000_d_0000052,visdrone_det.pt,0.3,1024,3,6,3
9999986_00000_d_0000052,visdrone_det.pt,0.4,1024,3,5,2
9999986_00000_d_0000052,visdrone_det.pt,0.5,1024,3,3,0
9999986_00000_d_0000052,visdrone_det.pt,0.05,1536,3,17,7
9999986_00000_d_0000052,visdrone_det.pt,0.1,1536,3,10,5
9999986_00000_d_0000052,visdrone_det.pt,0.15,1536,3,8,4
9999986_00000_d_0000052,visdrone_det.pt,0.2,1536,3,8,4
9999986_00000_d_0000052,visdrone_det.pt,0.25,1536,3,6,4
9999986_00000_d_0000052,visdrone_det.pt,0.3,1536,3,5,3
9999986_00000_d_0000052,visdrone_det.pt,0.4,1536,3,4,3
9999986_00000_d_0000052,visdrone_det.pt,0.5,1536,3,4,3
9999993_00000_d_0000001,visdrone_det.pt,0.05,640,43,219,18
9999993_00000_d_0000001,visdrone_det.pt,0.1,640,43,125,8
9999993_00000_d_0000001,visdrone_det.pt,0.15,640,43,82,4
9999993_00000_d_0000001,visdrone_det.pt,0.2,640,43,59,1
9999993_00000_d_0000001,visdrone_det.pt,0.25,640,43,49,1
9999993_00000_d_0000001,visdrone_det.pt,0.3,640,43,44,1
9999993_00000_d_0000001,visdrone_det.pt,0.4,640,43,30,0
9999993_00000_d_0000001,visdrone_det.pt,0.5,640,43,25,0
9999993_00000_d_0000001,visdrone_det.pt,0.05,1024,43,222,32
9999993_00000_d_0000001,visdrone_det.pt,0.1,1024,43,142,16
9999993_00000_d_0000001,visdrone_det.pt,0.15,1024,43,110,8
9999993_00000_d_0000001,visdrone_det.pt,0.2,1024,43,81,7
9999993_00000_d_0000001,visdrone_det.pt,0.25,1024,43,69,6
9999993_00000_d_0000001,visdrone_det.pt,0.3,1024,43,59,4
9999993_00000_d_0000001,visdrone_det.pt,0.4,1024,43,49,3
9999993_00000_d_0000001,visdrone_det.pt,0.5,1024,43,38,1
9999993_00000_d_0000001,visdrone_det.pt,0.05,1536,43,239,31
9999993_00000_d_0000001,visdrone_det.pt,0.1,1536,43,155,20
9999993_00000_d_0000001,visdrone_det.pt,0.15,1536,43,119,13
9999993_00000_d_0000001,visdrone_det.pt,0.2,1536,43,100,11
9999993_00000_d_0000001,visdrone_det.pt,0.25,1536,43,88,9
9999993_00000_d_0000001,visdrone_det.pt,0.3,1536,43,75,6
9999993_00000_d_0000001,visdrone_det.pt,0.4,1536,43,57,2
9999993_00000_d_0000001,visdrone_det.pt,0.5,1536,43,45,2
9999993_00000_d_0000002,visdrone_det.pt,0.05,640,13,69,11
9999993_00000_d_0000002,visdrone_det.pt,0.1,640,13,41,3
9999993_00000_d_0000002,visdrone_det.pt,0.15,640,13,28,1
9999993_00000_d_0000002,visdrone_det.pt,0.2,640,13,26,1
9999993_00000_d_0000002,visdrone_det.pt,0.25,640,13,24,1
9999993_00000_d_0000002,visdrone_det.pt,0.3,640,13,18,1
9999993_00000_d_0000002,visdrone_det.pt,0.4,640,13,14,1
9999993_00000_d_0000002,visdrone_det.pt,0.5,640,13,12,0
9999993_00000_d_0000002,visdrone_det.pt,0.05,1024,13,66,11
9999993_00000_d_0000002,visdrone_det.pt,0.1,1024,13,45,7
9999993_00000_d_0000002,visdrone_det.pt,0.15,1024,13,34,5
9999993_00000_d_0000002,visdrone_det.pt,0.2,1024,13,30,4
9999993_00000_d_0000002,visdrone_det.pt,0.25,1024,13,27,3
9999993_00000_d_0000002,visdrone_det.pt,0.3,1024,13,24,3
9999993_00000_d_0000002,visdrone_det.pt,0.4,1024,13,19,1
9999993_00000_d_0000002,visdrone_det.pt,0.5,1024,13,14,1
9999993_00000_d_0000002,visdrone_det.pt,0.05,1536,13,75,22
9999993_00000_d_0000002,visdrone_det.pt,0.1,1536,13,50,12
9999993_00000_d_0000002,visdrone_det.pt,0.15,1536,13,43,11
9999993_00000_d_0000002,visdrone_det.pt,0.2,1536,13,39,10
9999993_00000_d_0000002,visdrone_det.pt,0.25,1536,13,35,9
9999993_00000_d_0000002,visdrone_det.pt,0.3,1536,13,27,7
9999993_00000_d_0000002,visdrone_det.pt,0.4,1536,13,24,5
9999993_00000_d_0000002,visdrone_det.pt,0.5,1536,13,20,3
9999993_00000_d_0000006,visdrone_det.pt,0.05,640,22,141,3
9999993_00000_d_0000006,visdrone_det.pt,0.1,640,22,88,2
9999993_00000_d_0000006,visdrone_det.pt,0.15,640,22,64,2
9999993_00000_d_0000006,visdrone_det.pt,0.2,640,22,51,2
9999993_00000_d_0000006,visdrone_det.pt,0.25,640,22,40,1
9999993_00000_d_0000006,visdrone_det.pt,0.3,640,22,33,0
9999993_00000_d_0000006,visdrone_det.pt,0.4,640,22,26,0
9999993_00000_d_0000006,visdrone_det.pt,0.5,640,22,19,0
9999993_00000_d_0000006,visdrone_det.pt,0.05,1024,22,183,6
9999993_00000_d_0000006,visdrone_det.pt,0.1,1024,22,120,2
9999993_00000_d_0000006,visdrone_det.pt,0.15,1024,22,86,2
9999993_00000_d_0000006,visdrone_det.pt,0.2,1024,22,65,2
9999993_00000_d_0000006,visdrone_det.pt,0.25,1024,22,55,1
9999993_00000_d_0000006,visdrone_det.pt,0.3,1024,22,49,1
9999993_00000_d_0000006,visdrone_det.pt,0.4,1024,22,30,0
9999993_00000_d_0000006,visdrone_det.pt,0.5,1024,22,25,0
9999993_00000_d_0000006,visdrone_det.pt,0.05,1536,22,171,9
9999993_00000_d_0000006,visdrone_det.pt,0.1,1536,22,107,5
9999993_00000_d_0000006,visdrone_det.pt,0.15,1536,22,82,3
9999993_00000_d_0000006,visdrone_det.pt,0.2,1536,22,68,3
9999993_00000_d_0000006,visdrone_det.pt,0.25,1536,22,59,2
9999993_00000_d_0000006,visdrone_det.pt,0.3,1536,22,52,2
9999993_00000_d_0000006,visdrone_det.pt,0.4,1536,22,42,2
9999993_00000_d_0000006,visdrone_det.pt,0.5,1536,22,33,1
9999993_00000_d_0000008,visdrone_det.pt,0.05,640,4,88,3
9999993_00000_d_0000008,visdrone_det.pt,0.1,640,4,63,1
9999993_00000_d_0000008,visdrone_det.pt,0.15,640,4,49,0
9999993_00000_d_0000008,visdrone_det.pt,0.2,640,4,41,0
9999993_00000_d_0000008,visdrone_det.pt,0.25,640,4,34,0
9999993_00000_d_0000008,visdrone_det.pt,0.3,640,4,29,0
9999993_00000_d_0000008,visdrone_det.pt,0.4,640,4,19,0
9999993_00000_d_0000008,visdrone_det.pt,0.5,640,4,14,0
9999993_00000_d_0000008,visdrone_det.pt,0.05,1024,4,89,4
9999993_00000_d_0000008,visdrone_det.pt,0.1,1024,4,59,1
9999993_00000_d_0000008,visdrone_det.pt,0.15,1024,4,44,1
9999993_00000_d_0000008,visdrone_det.pt,0.2,1024,4,38,1
9999993_00000_d_0000008,visdrone_det.pt,0.25,1024,4,32,0
9999993_00000_d_0000008,visdrone_det.pt,0.3,1024,4,28,0
9999993_00000_d_0000008,visdrone_det.pt,0.4,1024,4,23,0
9999993_00000_d_0000008,visdrone_det.pt,0.5,1024,4,18,0
9999993_00000_d_0000008,visdrone_det.pt,0.05,1536,4,88,6
9999993_00000_d_0000008,visdrone_det.pt,0.1,1536,4,56,2
9999993_00000_d_0000008,visdrone_det.pt,0.15,1536,4,50,1
9999993_00000_d_0000008,visdrone_det.pt,0.2,1536,4,43,1
9999993_00000_d_0000008,visdrone_det.pt,0.25,1536,4,35,0
9999993_00000_d_0000008,visdrone_det.pt,0.3,1536,4,33,0
9999993_00000_d_0000008,visdrone_det.pt,0.4,1536,4,25,0
9999993_00000_d_0000008,visdrone_det.pt,0.5,1536,4,22,0
9999993_00000_d_0000009,visdrone_det.pt,0.05,640,11,92,2
9999993_00000_d_0000009,visdrone_det.pt,0.1,640,11,63,2
9999993_00000_d_0000009,visdrone_det.pt,0.15,640,11,50,1
9999993_00000_d_0000009,visdrone_det.pt,0.2,640,11,36,0
9999993_00000_d_0000009,visdrone_det.pt,0.25,640,11,32,0
9999993_00000_d_0000009,visdrone_det.pt,0.3,640,11,31,0
9999993_00000_d_0000009,visdrone_det.pt,0.4,640,11,22,0
9999993_00000_d_0000009,visdrone_det.pt,0.5,640,11,15,0
9999993_00000_d_0000009,visdrone_det.pt,0.05,1024,11,92,1
9999993_00000_d_0000009,visdrone_det.pt,0.1,1024,11,76,0
9999993_00000_d_0000009,visdrone_det.pt,0.15,1024,11,66,0
9999993_00000_d_0000009,visdrone_det.pt,0.2,1024,11,58,0
9999993_00000_d_0000009,visdrone_det.pt,0.25,1024,11,47,0
9999993_00000_d_0000009,visdrone_det.pt,0.3,1024,11,39,0
9999993_00000_d_0000009,visdrone_det.pt,0.4,1024,11,33,0
9999993_00000_d_0000009,visdrone_det.pt,0.5,1024,11,24,0
9999993_00000_d_0000009,visdrone_det.pt,0.05,1536,11,95,1
9999993_00000_d_0000009,visdrone_det.pt,0.1,1536,11,77,1
9999993_00000_d_0000009,visdrone_det.pt,0.15,1536,11,64,1
9999993_00000_d_0000009,visdrone_det.pt,0.2,1536,11,56,1
9999993_00000_d_0000009,visdrone_det.pt,0.25,1536,11,46,1
9999993_00000_d_0000009,visdrone_det.pt,0.3,1536,11,42,0
9999993_00000_d_0000009,visdrone_det.pt,0.4,1536,11,35,0
9999993_00000_d_0000009,visdrone_det.pt,0.5,1536,11,31,0
9999993_00000_d_0000010,visdrone_det.pt,0.05,640,3,87,0
9999993_00000_d_0000010,visdrone_det.pt,0.1,640,3,68,0
9999993_00000_d_0000010,visdrone_det.pt,0.15,640,3,53,0
9999993_00000_d_0000010,visdrone_det.pt,0.2,640,3,44,0
9999993_00000_d_0000010,visdrone_det.pt,0.25,640,3,38,0
9999993_00000_d_0000010,visdrone_det.pt,0.3,640,3,32,0
9999993_00000_d_0000010,visdrone_det.pt,0.4,640,3,22,0
9999993_00000_d_0000010,visdrone_det.pt,0.5,640,3,15,0
9999993_00000_d_0000010,visdrone_det.pt,0.05,1024,3,85,2
9999993_00000_d_0000010,visdrone_det.pt,0.1,1024,3,63,1
9999993_00000_d_0000010,visdrone_det.pt,0.15,1024,3,54,1
9999993_00000_d_0000010,visdrone_det.pt,0.2,1024,3,47,0
9999993_00000_d_0000010,visdrone_det.pt,0.25,1024,3,43,0
9999993_00000_d_0000010,visdrone_det.pt,0.3,1024,3,38,0
9999993_00000_d_0000010,visdrone_det.pt,0.4,1024,3,30,0
9999993_00000_d_0000010,visdrone_det.pt,0.5,1024,3,22,0
9999993_00000_d_0000010,visdrone_det.pt,0.05,1536,3,79,2
9999993_00000_d_0000010,visdrone_det.pt,0.1,1536,3,54,1
9999993_00000_d_0000010,visdrone_det.pt,0.15,1536,3,46,0
9999993_00000_d_0000010,visdrone_det.pt,0.2,1536,3,38,0
9999993_00000_d_0000010,visdrone_det.pt,0.25,1536,3,35,0
9999993_00000_d_0000010,visdrone_det.pt,0.3,1536,3,34,0
9999993_00000_d_0000010,visdrone_det.pt,0.4,1536,3,27,0
9999993_00000_d_0000010,visdrone_det.pt,0.5,1536,3,24,0
9999993_00000_d_0000011,visdrone_det.pt,0.05,640,19,99,8
9999993_00000_d_0000011,visdrone_det.pt,0.1,640,19,68,4
9999993_00000_d_0000011,visdrone_det.pt,0.15,640,19,51,2
9999993_00000_d_0000011,visdrone_det.pt,0.2,640,19,33,0
9999993_00000_d_0000011,visdrone_det.pt,0.25,640,19,26,0
9999993_00000_d_0000011,visdrone_det.pt,0.3,640,19,22,0
9999993_00000_d_0000011,visdrone_det.pt,0.4,640,19,14,0
9999993_00000_d_0000011,visdrone_det.pt,0.5,640,19,13,0
9999993_00000_d_0000011,visdrone_det.pt,0.05,1024,19,140,12
9999993_00000_d_0000011,visdrone_det.pt,0.1,1024,19,99,6
9999993_00000_d_0000011,visdrone_det.pt,0.15,1024,19,73,4
9999993_00000_d_0000011,visdrone_det.pt,0.2,1024,19,62,3
9999993_00000_d_0000011,visdrone_det.pt,0.25,1024,19,54,3
9999993_00000_d_0000011,visdrone_det.pt,0.3,1024,19,45,1
9999993_00000_d_0000011,visdrone_det.pt,0.4,1024,19,27,0
9999993_00000_d_0000011,visdrone_det.pt,0.5,1024,19,18,0
9999993_00000_d_0000011,visdrone_det.pt,0.05,1536,19,152,13
9999993_00000_d_0000011,visdrone_det.pt,0.1,1536,19,118,11
9999993_00000_d_0000011,visdrone_det.pt,0.15,1536,19,98,11
9999993_00000_d_0000011,visdrone_det.pt,0.2,1536,19,78,7
9999993_00000_d_0000011,visdrone_det.pt,0.25,1536,19,57,4
9999993_00000_d_0000011,visdrone_det.pt,0.3,1536,19,45,4
9999993_00000_d_0000011,visdrone_det.pt,0.4,1536,19,34,3
9999993_00000_d_0000011,visdrone_det.pt,0.5,1536,19,26,3
9999993_00000_d_0000013,visdrone_det.pt,0.05,640,12,80,4
9999993_00000_d_0000013,visdrone_det.pt,0.1,640,12,58,2
9999993_00000_d_0000013,visdrone_det.pt,0.15,640,12,44,2
9999993_00000_d_0000013,visdrone_det.pt,0.2,640,12,36,1
9999993_00000_d_0000013,visdrone_det.pt,0.25,640,12,27,0
9999993_00000_d_0000013,visdrone_det.pt,0.3,640,12,25,0
9999993_00000_d_0000013,visdrone_det.pt,0.4,640,12,22,0
9999993_00000_d_0000013,visdrone_det.pt,0.5,640,12,16,0
9999993_00000_d_0000013,visdrone_det.pt,0.05,1024,12,80,7
9999993_00000_d_0000013,visdrone_det.pt,0.1,1024,12,56,4
9999993_00000_d_0000013,visdrone_det.pt,0.15,1024,12,48,3
9999993_00000_d_0000013,visdrone_det.pt,0.2,1024,12,39,1
9999993_00000_d_0000013,visdrone_det.pt,0.25,1024,12,33,0
9999993_00000_d_0000013,visdrone_det.pt,0.3,1024,12,31,0
9999993_00000_d_0000013,visdrone_det.pt,0.4,1024,12,26,0
9999993_00000_d_0000013,visdrone_det.pt,0.5,1024,12,22,0
9999993_00000_d_0000013,visdrone_det.pt,0.05,1536,12,73,4
9999993_00000_d_0000013,visdrone_det.pt,0.1,1536,12,54,2
9999993_00000_d_0000013,visdrone_det.pt,0.15,1536,12,46,2
9999993_00000_d_0000013,visdrone_det.pt,0.2,1536,12,41,0
9999993_00000_d_0000013,visdrone_det.pt,0.25,1536,12,38,0
9999993_00000_d_0000013,visdrone_det.pt,0.3,1536,12,35,0
9999993_00000_d_0000013,visdrone_det.pt,0.4,1536,12,29,0
9999993_00000_d_0000013,visdrone_det.pt,0.5,1536,12,26,0
9999993_00000_d_0000018,visdrone_det.pt,0.05,640,7,123,4
9999993_00000_d_0000018,visdrone_det.pt,0.1,640,7,79,2
9999993_00000_d_0000018,visdrone_det.pt,0.15,640,7,59,2
9999993_00000_d_0000018,visdrone_det.pt,0.2,640,7,42,2
9999993_00000_d_0000018,visdrone_det.pt,0.25,640,7,41,2
9999993_00000_d_0000018,visdrone_det.pt,0.3,640,7,33,0
9999993_00000_d_0000018,visdrone_det.pt,0.4,640,7,24,0
9999993_00000_d_0000018,visdrone_det.pt,0.5,640,7,21,0
9999993_00000_d_0000018,visdrone_det.pt,0.05,1024,7,104,9
9999993_00000_d_0000018,visdrone_det.pt,0.1,1024,7,69,5
9999993_00000_d_0000018,visdrone_det.pt,0.15,1024,7,48,4
9999993_00000_d_0000018,visdrone_det.pt,0.2,1024,7,39,2
9999993_00000_d_0000018,visdrone_det.pt,0.25,1024,7,34,2
9999993_00000_d_0000018,visdrone_det.pt,0.3,1024,7,31,2
9999993_00000_d_0000018,visdrone_det.pt,0.4,1024,7,28,2
9999993_00000_d_0000018,visdrone_det.pt,0.5,1024,7,23,2
9999993_00000_d_0000018,visdrone_det.pt,0.05,1536,7,110,10
9999993_00000_d_0000018,visdrone_det.pt,0.1,1536,7,80,8
9999993_00000_d_0000018,visdrone_det.pt,0.15,1536,7,68,6
9999993_00000_d_0000018,visdrone_det.pt,0.2,1536,7,57,3
9999993_00000_d_0000018,visdrone_det.pt,0.25,1536,7,47,3
9999993_00000_d_0000018,visdrone_det.pt,0.3,1536,7,40,3
9999993_00000_d_0000018,visdrone_det.pt,0.4,1536,7,34,3
9999993_00000_d_0000018,visdrone_det.pt,0.5,1536,7,26,2
9999993_00000_d_0000023,visdrone_det.pt,0.05,640,42,212,21
9999993_00000_d_0000023,visdrone_det.pt,0.1,640,42,138,13
9999993_00000_d_0000023,visdrone_det.pt,0.15,640,42,100,10
9999993_00000_d_0000023,visdrone_det.pt,0.2,640,42,76,6
9999993_00000_d_0000023,visdrone_det.pt,0.25,640,42,60,2
9999993_00000_d_0000023,visdrone_det.pt,0.3,640,42,54,0
9999993_00000_d_0000023,visdrone_det.pt,0.4,640,42,39,0
9999993_00000_d_0000023,visdrone_det.pt,0.5,640,42,31,0
9999993_00000_d_0000023,visdrone_det.pt,0.05,1024,42,272,72
9999993_00000_d_0000023,visdrone_det.pt,0.1,1024,42,168,35
9999993_00000_d_0000023,visdrone_det.pt,0.15,1024,42,113,15
9999993_00000_d_0000023,visdrone_det.pt,0.2,1024,42,91,9
9999993_00000_d_0000023,visdrone_det.pt,0.25,1024,42,75,4
9999993_00000_d_0000023,visdrone_det.pt,0.3,1024,42,57,0
9999993_00000_d_0000023,visdrone_det.pt,0.4,1024,42,42,0
9999993_00000_d_0000023,visdrone_det.pt,0.5,1024,42,37,0
9999993_00000_d_0000023,visdrone_det.pt,0.05,1536,42,386,105
9999993_00000_d_0000023,visdrone_det.pt,0.1,1536,42,215,48
9999993_00000_d_0000023,visdrone_det.pt,0.15,1536,42,147,25
9999993_00000_d_0000023,visdrone_det.pt,0.2,1536,42,103,16
9999993_00000_d_0000023,visdrone_det.pt,0.25,1536,42,80,9
9999993_00000_d_0000023,visdrone_det.pt,0.3,1536,42,68,6
9999993_00000_d_0000023,visdrone_det.pt,0.4,1536,42,45,3
9999993_00000_d_0000023,visdrone_det.pt,0.5,1536,42,34,2
9999996_00000_d_0000001,visdrone_det.pt,0.05,640,2,66,12
9999996_00000_d_0000001,visdrone_det.pt,0.1,640,2,48,5
9999996_00000_d_0000001,visdrone_det.pt,0.15,640,2,35,2
9999996_00000_d_0000001,visdrone_det.pt,0.2,640,2,27,2
9999996_00000_d_0000001,visdrone_det.pt,0.25,640,2,21,2
9999996_00000_d_0000001,visdrone_det.pt,0.3,640,2,16,1
9999996_00000_d_0000001,visdrone_det.pt,0.4,640,2,9,1
9999996_00000_d_0000001,visdrone_det.pt,0.5,640,2,3,0
9999996_00000_d_0000001,visdrone_det.pt,0.05,1024,2,95,26
9999996_00000_d_0000001,visdrone_det.pt,0.1,1024,2,56,12
9999996_00000_d_0000001,visdrone_det.pt,0.15,1024,2,45,8
9999996_00000_d_0000001,visdrone_det.pt,0.2,1024,2,37,3
9999996_00000_d_0000001,visdrone_det.pt,0.25,1024,2,28,1
9999996_00000_d_0000001,visdrone_det.pt,0.3,1024,2,24,1
9999996_00000_d_0000001,visdrone_det.pt,0.4,1024,2,18,0
9999996_00000_d_0000001,visdrone_det.pt,0.5,1024,2,14,0
9999996_00000_d_0000001,visdrone_det.pt,0.05,1536,2,73,12
9999996_00000_d_0000001,visdrone_det.pt,0.1,1536,2,56,9
9999996_00000_d_0000001,visdrone_det.pt,0.15,1536,2,49,8
9999996_00000_d_0000001,visdrone_det.pt,0.2,1536,2,41,7
9999996_00000_d_0000001,visdrone_det.pt,0.25,1536,2,37,5
9999996_00000_d_0000001,visdrone_det.pt,0.3,1536,2,33,3
9999996_00000_d_0000001,visdrone_det.pt,0.4,1536,2,24,1
9999996_00000_d_0000001,visdrone_det.pt,0.5,1536,2,21,0
9999996_00000_d_0000006,visdrone_det.pt,0.05,640,3,13,13
9999996_00000_d_0000006,visdrone_det.pt,0.1,640,3,7,7
9999996_00000_d_0000006,visdrone_det.pt,0.15,640,3,5,5
9999996_00000_d_0000006,visdrone_det.pt,0.2,640,3,4,4
9999996_00000_d_0000006,visdrone_det.pt,0.25,640,3,4,4
9999996_00000_d_0000006,visdrone_det.pt,0.3,640,3,3,3
9999996_00000_d_0000006,visdrone_det.pt,0.4,640,3,2,2
9999996_00000_d_0000006,visdrone_det.pt,0.5,640,3,1,1
9999996_00000_d_0000006,visdrone_det.pt,0.05,1024,3,4,4
9999996_00000_d_0000006,visdrone_det.pt,0.1,1024,3,3,3
9999996_00000_d_0000006,visdrone_det.pt,0.15,1024,3,3,3
9999996_00000_d_0000006,visdrone_det.pt,0.2,1024,3,3,3
9999996_00000_d_0000006,visdrone_det.pt,0.25,1024,3,3,3
9999996_00000_d_0000006,visdrone_det.pt,0.3,1024,3,3,3
9999996_00000_d_0000006,visdrone_det.pt,0.4,1024,3,2,2
9999996_00000_d_0000006,visdrone_det.pt,0.5,1024,3,1,1
9999996_00000_d_0000006,visdrone_det.pt,0.05,1536,3,12,10
9999996_00000_d_0000006,visdrone_det.pt,0.1,1536,3,5,5
9999996_00000_d_0000006,visdrone_det.pt,0.15,1536,3,5,5
9999996_00000_d_0000006,visdrone_det.pt,0.2,1536,3,4,4
9999996_00000_d_0000006,visdrone_det.pt,0.25,1536,3,4,4
9999996_00000_d_0000006,visdrone_det.pt,0.3,1536,3,3,3
9999996_00000_d_0000006,visdrone_det.pt,0.4,1536,3,2,2
9999996_00000_d_0000006,visdrone_det.pt,0.5,1536,3,2,2
9999996_00000_d_0000014,visdrone_det.pt,0.05,640,20,82,17
9999996_00000_d_0000014,visdrone_det.pt,0.1,640,20,53,11
9999996_00000_d_0000014,visdrone_det.pt,0.15,640,20,43,7
9999996_00000_d_0000014,visdrone_det.pt,0.2,640,20,38,5
9999996_00000_d_0000014,visdrone_det.pt,0.25,640,20,32,4
9999996_00000_d_0000014,visdrone_det.pt,0.3,640,20,26,3
9999996_00000_d_0000014,visdrone_det.pt,0.4,640,20,19,1
9999996_00000_d_0000014,visdrone_det.pt,0.5,640,20,13,1
9999996_00000_d_0000014,visdrone_det.pt,0.05,1024,20,84,30
9999996_00000_d_0000014,visdrone_det.pt,0.1,1024,20,65,23
9999996_00000_d_0000014,visdrone_det.pt,0.15,1024,20,55,16
9999996_00000_d_0000014,visdrone_det.pt,0.2,1024,20,50,15
9999996_00000_d_0000014,visdrone_det.pt,0.25,1024,20,44,12
9999996_00000_d_0000014,visdrone_det.pt,0.3,1024,20,36,7
9999996_00000_d_0000014,visdrone_det.pt,0.4,1024,20,27,4
9999996_00000_d_0000014,visdrone_det.pt,0.5,1024,20,21,1
9999996_00000_d_0000014,visdrone_det.pt,0.05,1536,20,98,48
9999996_00000_d_0000014,visdrone_det.pt,0.1,1536,20,75,36
9999996_00000_d_0000014,visdrone_det.pt,0.15,1536,20,68,30
9999996_00000_d_0000014,visdrone_det.pt,0.2,1536,20,62,27
9999996_00000_d_0000014,visdrone_det.pt,0.25,1536,20,50,20
9999996_00000_d_0000014,visdrone_det.pt,0.3,1536,20,47,18
9999996_00000_d_0000014,visdrone_det.pt,0.4,1536,20,35,11
9999996_00000_d_0000014,visdrone_det.pt,0.5,1536,20,27,6
9999996_00000_d_0000015,visdrone_det.pt,0.05,640,2,72,4
9999996_00000_d_0000015,visdrone_det.pt,0.1,640,2,58,4
9999996_00000_d_0000015,visdrone_det.pt,0.15,640,2,47,2
9999996_00000_d_0000015,visdrone_det.pt,0.2,640,2,42,1
9999996_00000_d_0000015,visdrone_det.pt,0.25,640,2,37,1
9999996_00000_d_0000015,visdrone_det.pt,0.3,640,2,35,1
9999996_00000_d_0000015,visdrone_det.pt,0.4,640,2,26,1
9999996_00000_d_0000015,visdrone_det.pt,0.5,640,2,20,0
9999996_00000_d_0000015,visdrone_det.pt,0.05,1024,2,77,7
9999996_00000_d_0000015,visdrone_det.pt,0.1,1024,2,58,5
9999996_00000_d_0000015,visdrone_det.pt,0.15,1024,2,50,5
9999996_00000_d_0000015,visdrone_det.pt,0.2,1024,2,44,3
9999996_00000_d_0000015,visdrone_det.pt,0.25,1024,2,39,2
9999996_00000_d_0000015,visdrone_det.pt,0.3,1024,2,34,1
9999996_00000_d_0000015,visdrone_det.pt,0.4,1024,2,29,0
9999996_00000_d_0000015,visdrone_det.pt,0.5,1024,2,25,0
9999996_00000_d_0000015,visdrone_det.pt,0.05,1536,2,81,6
9999996_00000_d_0000015,visdrone_det.pt,0.1,1536,2,55,5
9999996_00000_d_0000015,visdrone_det.pt,0.15,1536,2,45,4
9999996_00000_d_0000015,visdrone_det.pt,0.2,1536,2,38,2
9999996_00000_d_0000015,visdrone_det.pt,0.25,1536,2,34,2
9999996_00000_d_0000015,visdrone_det.pt,0.3,1536,2,29,1
9999996_00000_d_0000015,visdrone_det.pt,0.4,1536,2,27,1
9999996_00000_d_0000015,visdrone_det.pt,0.5,1536,2,23,1
9999996_00000_d_0000016,visdrone_det.pt,0.05,640,2,61,1
9999996_00000_d_0000016,visdrone_det.pt,0.1,640,2,43,0
9999996_00000_d_0000016,visdrone_det.pt,0.15,640,2,39,0
9999996_00000_d_0000016,visdrone_det.pt,0.2,640,2,36,0
9999996_00000_d_0000016,visdrone_det.pt,0.25,640,2,34,0
9999996_00000_d_0000016,visdrone_det.pt,0.3,640,2,34,0
9999996_00000_d_0000016,visdrone_det.pt,0.4,640,2,25,0
9999996_00000_d_0000016,visdrone_det.pt,0.5,640,2,19,0
9999996_00000_d_0000016,visdrone_det.pt,0.05,1024,2,73,4
9999996_00000_d_0000016,visdrone_det.pt,0.1,1024,2,52,3
9999996_00000_d_0000016,visdrone_det.pt,0.15,1024,2,44,2
9999996_00000_d_0000016,visdrone_det.pt,0.2,1024,2,36,2
9999996_00000_d_0000016,visdrone_det.pt,0.25,1024,2,35,2
9999996_00000_d_0000016,visdrone_det.pt,0.3,1024,2,35,2
9999996_00000_d_0000016,visdrone_det.pt,0.4,1024,2,28,0
9999996_00000_d_0000016,visdrone_det.pt,0.5,1024,2,23,0
9999996_00000_d_0000016,visdrone_det.pt,0.05,1536,2,62,4
9999996_00000_d_0000016,visdrone_det.pt,0.1,1536,2,41,2
9999996_00000_d_0000016,visdrone_det.pt,0.15,1536,2,34,2
9999996_00000_d_0000016,visdrone_det.pt,0.2,1536,2,29,2
9999996_00000_d_0000016,visdrone_det.pt,0.25,1536,2,28,2
9999996_00000_d_0000016,visdrone_det.pt,0.3,1536,2,26,2
9999996_00000_d_0000016,visdrone_det.pt,0.4,1536,2,26,2
9999996_00000_d_0000016,visdrone_det.pt,0.5,1536,2,25,1
9999996_00000_d_0000018,visdrone_det.pt,0.05,640,16,37,3
9999996_00000_d_0000018,visdrone_det.pt,0.1,640,16,29,2
9999996_00000_d_0000018,visdrone_det.pt,0.15,640,16,24,2
9999996_00000_d_0000018,visdrone_det.pt,0.2,640,16,22,2
9999996_00000_d_0000018,visdrone_det.pt,0.25,640,16,18,1
9999996_00000_d_0000018,visdrone_det.pt,0.3,640,16,17,1
9999996_00000_d_0000018,visdrone_det.pt,0.4,640,16,12,1
9999996_00000_d_0000018,visdrone_det.pt,0.5,640,16,9,1
9999996_00000_d_0000018,visdrone_det.pt,0.05,1024,16,42,10
9999996_00000_d_0000018,visdrone_det.pt,0.1,1024,16,31,5
9999996_00000_d_0000018,visdrone_det.pt,0.15,1024,16,23,1
9999996_00000_d_0000018,visdrone_det.pt,0.2,1024,16,21,1
9999996_00000_d_0000018,visdrone_det.pt,0.25,1024,16,20,1
9999996_00000_d_0000018,visdrone_det.pt,0.3,1024,16,17,0
9999996_00000_d_0000018,visdrone_det.pt,0.4,1024,16,15,0
9999996_00000_d_0000018,visdrone_det.pt,0.5,1024,16,13,0
9999996_00000_d_0000018,visdrone_det.pt,0.05,1536,16,47,10
9999996_00000_d_0000018,visdrone_det.pt,0.1,1536,16,33,2
9999996_00000_d_0000018,visdrone_det.pt,0.15,1536,16,25,2
9999996_00000_d_0000018,visdrone_det.pt,0.2,1536,16,21,1
9999996_00000_d_0000018,visdrone_det.pt,0.25,1536,16,19,1
9999996_00000_d_0000018,visdrone_det.pt,0.3,1536,16,18,1
9999996_00000_d_0000018,visdrone_det.pt,0.4,1536,16,16,1
9999996_00000_d_0000018,visdrone_det.pt,0.5,1536,16,14,0
9999996_00000_d_0000024,visdrone_det.pt,0.05,640,4,50,1
9999996_00000_d_0000024,visdrone_det.pt,0.1,640,4,28,0
9999996_00000_d_0000024,visdrone_det.pt,0.15,640,4,24,0
9999996_00000_d_0000024,visdrone_det.pt,0.2,640,4,20,0
9999996_00000_d_0000024,visdrone_det.pt,0.25,640,4,15,0
9999996_00000_d_0000024,visdrone_det.pt,0.3,640,4,11,0
9999996_00000_d_0000024,visdrone_det.pt,0.4,640,4,9,0
9999996_00000_d_0000024,visdrone_det.pt,0.5,640,4,1,0
9999996_00000_d_0000024,visdrone_det.pt,0.05,1024,4,111,2
9999996_00000_d_0000024,visdrone_det.pt,0.1,1024,4,79,2
9999996_00000_d_0000024,visdrone_det.pt,0.15,1024,4,60,2
9999996_00000_d_0000024,visdrone_det.pt,0.2,1024,4,48,0
9999996_00000_d_0000024,visdrone_det.pt,0.25,1024,4,35,0
9999996_00000_d_0000024,visdrone_det.pt,0.3,1024,4,29,0
9999996_00000_d_0000024,visdrone_det.pt,0.4,1024,4,12,0
9999996_00000_d_0000024,visdrone_det.pt,0.5,1024,4,5,0
9999996_00000_d_0000024,visdrone_det.pt,0.05,1536,4,158,5
9999996_00000_d_0000024,visdrone_det.pt,0.1,1536,4,112,3
9999996_00000_d_0000024,visdrone_det.pt,0.15,1536,4,91,3
9999996_00000_d_0000024,visdrone_det.pt,0.2,1536,4,73,2
9999996_00000_d_0000024,visdrone_det.pt,0.25,1536,4,55,0
9999996_00000_d_0000024,visdrone_det.pt,0.3,1536,4,44,0
9999996_00000_d_0000024,visdrone_det.pt,0.4,1536,4,23,0
9999996_00000_d_0000024,visdrone_det.pt,0.5,1536,4,10,0
9999996_00000_d_0000027,visdrone_det.pt,0.05,640,3,6,2
9999996_00000_d_0000027,visdrone_det.pt,0.1,640,3,3,2
9999996_00000_d_0000027,visdrone_det.pt,0.15,640,3,2,2
9999996_00000_d_0000027,visdrone_det.pt,0.2,640,3,2,2
9999996_00000_d_0000027,visdrone_det.pt,0.25,640,3,0,0
9999996_00000_d_0000027,visdrone_det.pt,0.3,640,3,0,0
9999996_00000_d_0000027,visdrone_det.pt,0.4,640,3,0,0
9999996_00000_d_0000027,visdrone_det.pt,0.5,640,3,0,0
9999996_00000_d_0000027,visdrone_det.pt,0.05,1024,3,10,6
9999996_00000_d_0000027,visdrone_det.pt,0.1,1024,3,4,3
9999996_00000_d_0000027,visdrone_det.pt,0.15,1024,3,3,3
9999996_00000_d_0000027,visdrone_det.pt,0.2,1024,3,2,2
9999996_00000_d_0000027,visdrone_det.pt,0.25,1024,3,2,2
9999996_00000_d_0000027,visdrone_det.pt,0.3,1024,3,0,0
9999996_00000_d_0000027,visdrone_det.pt,0.4,1024,3,0,0
9999996_00000_d_0000027,visdrone_det.pt,0.5,1024,3,0,0
9999996_00000_d_0000027,visdrone_det.pt,0.05,1536,3,31,6
9999996_00000_d_0000027,visdrone_det.pt,0.1,1536,3,12,4
9999996_00000_d_0000027,visdrone_det.pt,0.15,1536,3,6,3
9999996_00000_d_0000027,visdrone_det.pt,0.2,1536,3,4,3
9999996_00000_d_0000027,visdrone_det.pt,0.25,1536,3,4,3
9999996_00000_d_0000027,visdrone_det.pt,0.3,1536,3,3,3
9999996_00000_d_0000027,visdrone_det.pt,0.4,1536,3,2,2
9999996_00000_d_0000027,visdrone_det.pt,0.5,1536,3,1,1
