item,weights,tau,imgsz,gt,n_det,n_det_person
0000006_01275_d_0000004,yolo12n.pt,0.05,640,1,45,2
0000006_01275_d_0000004,yolo12n.pt,0.1,640,1,25,2
0000006_01275_d_0000004,yolo12n.pt,0.15,640,1,20,2
0000006_01275_d_0000004,yolo12n.pt,0.2,640,1,18,2
0000006_01275_d_0000004,yolo12n.pt,0.25,640,1,14,2
0000006_01275_d_0000004,yolo12n.pt,0.3,640,1,11,1
0000006_01275_d_0000004,yolo12n.pt,0.4,640,1,9,1
0000006_01275_d_0000004,yolo12n.pt,0.5,640,1,3,0
0000006_01275_d_0000004,yolo12n.pt,0.05,1024,1,53,3
0000006_01275_d_0000004,yolo12n.pt,0.1,1024,1,32,2
0000006_01275_d_0000004,yolo12n.pt,0.15,1024,1,28,2
0000006_01275_d_0000004,yolo12n.pt,0.2,1024,1,23,1
0000006_01275_d_0000004,yolo12n.pt,0.25,1024,1,21,1
0000006_01275_d_0000004,yolo12n.pt,0.3,1024,1,19,1
0000006_01275_d_0000004,yolo12n.pt,0.4,1024,1,11,1
0000006_01275_d_0000004,yolo12n.pt,0.5,1024,1,9,1
0000006_01275_d_0000004,yolo12n.pt,0.05,1536,1,65,4
0000006_01275_d_0000004,yolo12n.pt,0.1,1536,1,33,1
0000006_01275_d_0000004,yolo12n.pt,0.15,1536,1,26,1
0000006_01275_d_0000004,yolo12n.pt,0.2,1536,1,22,1
0000006_01275_d_0000004,yolo12n.pt,0.25,1536,1,20,1
0000006_01275_d_0000004,yolo12n.pt,0.3,1536,1,19,1
0000006_01275_d_0000004,yolo12n.pt,0.4,1536,1,16,1
0000006_01275_d_0000004,yolo12n.pt,0.5,1536,1,13,1
0000011_00234_d_0000001,yolo12n.pt,0.05,640,67,40,9
0000011_00234_d_0000001,yolo12n.pt,0.1,640,67,16,5
0000011_00234_d_0000001,yolo12n.pt,0.15,640,67,9,4
0000011_00234_d_0000001,yolo12n.pt,0.2,640,67,4,3
0000011_00234_d_0000001,yolo12n.pt,0.25,640,67,2,2
0000011_00234_d_0000001,yolo12n.pt,0.3,640,67,2,2
0000011_00234_d_0000001,yolo12n.pt,0.4,640,67,2,2
0000011_00234_d_0000001,yolo12n.pt,0.5,640,67,2,2
0000011_00234_d_0000001,yolo12n.pt,0.05,1024,67,76,36
0000011_00234_d_0000001,yolo12n.pt,0.1,1024,67,38,22
0000011_00234_d_0000001,yolo12n.pt,0.15,1024,67,25,12
0000011_00234_d_0000001,yolo12n.pt,0.2,1024,67,15,10
0000011_00234_d_0000001,yolo12n.pt,0.25,1024,67,13,9
0000011_00234_d_0000001,yolo12n.pt,0.3,1024,67,11,8
0000011_00234_d_0000001,yolo12n.pt,0.4,1024,67,6,4
0000011_00234_d_0000001,yolo12n.pt,0.5,1024,67,1,1
0000011_00234_d_0000001,yolo12n.pt,0.05,1536,67,209,63
0000011_00234_d_0000001,yolo12n.pt,0.1,1536,67,120,45
0000011_00234_d_0000001,yolo12n.pt,0.15,1536,67,79,34
0000011_00234_d_0000001,yolo12n.pt,0.2,1536,67,46,25
0000011_00234_d_0000001,yolo12n.pt,0.25,1536,67,36,20
0000011_00234_d_0000001,yolo12n.pt,0.3,1536,67,28,17
0000011_00234_d_0000001,yolo12n.pt,0.4,1536,67,16,11
0000011_00234_d_0000001,yolo12n.pt,0.5,1536,67,10,8
0000011_01955_d_0000004,yolo12n.pt,0.05,640,38,71,27
0000011_01955_d_0000004,yolo12n.pt,0.1,640,38,31,15
0000011_01955_d_0000004,yolo12n.pt,0.15,640,38,18,10
0000011_01955_d_0000004,yolo12n.pt,0.2,640,38,13,7
0000011_01955_d_0000004,yolo12n.pt,0.25,640,38,12,6
0000011_01955_d_0000004,yolo12n.pt,0.3,640,38,8,5
0000011_01955_d_0000004,yolo12n.pt,0.4,640,38,6,5
0000011_01955_d_0000004,yolo12n.pt,0.5,640,38,3,3
0000011_01955_d_0000004,yolo12n.pt,0.05,1024,38,146,42
0000011_01955_d_0000004,yolo12n.pt,0.1,1024,38,84,27
0000011_01955_d_0000004,yolo12n.pt,0.15,1024,38,58,20
0000011_01955_d_0000004,yolo12n.pt,0.2,1024,38,44,17
0000011_01955_d_0000004,yolo12n.pt,0.25,1024,38,33,12
0000011_01955_d_0000004,yolo12n.pt,0.3,1024,38,27,11
0000011_01955_d_0000004,yolo12n.pt,0.4,1024,38,15,7
0000011_01955_d_0000004,yolo12n.pt,0.5,1024,38,8,4
0000011_01955_d_0000004,yolo12n.pt,0.05,1536,38,294,80
0000011_01955_d_0000004,yolo12n.pt,0.1,1536,38,174,49
0000011_01955_d_0000004,yolo12n.pt,0.15,1536,38,115,38
0000011_01955_d_0000004,yolo12n.pt,0.2,1536,38,81,30
0000011_01955_d_0000004,yolo12n.pt,0.25,1536,38,58,22
0000011_01955_d_0000004,yolo12n.pt,0.3,1536,38,49,19
0000011_01955_d_0000004,yolo12n.pt,0.4,1536,38,36,18
0000011_01955_d_0000004,yolo12n.pt,0.5,1536,38,25,15
0000011_02800_d_0000005,yolo12n.pt,0.05,640,34,56,37
0000011_02800_d_0000005,yolo12n.pt,0.1,640,34,37,19
0000011_02800_d_0000005,yolo12n.pt,0.15,640,34,29,15
0000011_02800_d_0000005,yolo12n.pt,0.2,640,34,24,13
0000011_02800_d_0000005,yolo12n.pt,0.25,640,34,19,9
0000011_02800_d_0000005,yolo12n.pt,0.3,640,34,16,8
0000011_02800_d_0000005,yolo12n.pt,0.4,640,34,8,3
0000011_02800_d_0000005,yolo12n.pt,0.5,640,34,3,1
0000011_02800_d_0000005,yolo12n.pt,0.05,1024,34,68,41
0000011_02800_d_0000005,yolo12n.pt,0.1,1024,34,43,24
0000011_02800_d_0000005,yolo12n.pt,0.15,1024,34,35,19
0000011_02800_d_0000005,yolo12n.pt,0.2,1024,34,32,17
0000011_02800_d_0000005,yolo12n.pt,0.25,1024,34,30,16
0000011_02800_d_0000005,yolo12n.pt,0.3,1024,34,23,12
0000011_02800_d_0000005,yolo12n.pt,0.4,1024,34,16,10
0000011_02800_d_0000005,yolo12n.pt,0.5,1024,34,14,9
0000011_02800_d_0000005,yolo12n.pt,0.05,1536,34,79,44
0000011_02800_d_0000005,yolo12n.pt,0.1,1536,34,60,35
0000011_02800_d_0000005,yolo12n.pt,0.15,1536,34,47,28
0000011_02800_d_0000005,yolo12n.pt,0.2,1536,34,39,24
0000011_02800_d_0000005,yolo12n.pt,0.25,1536,34,37,23
0000011_02800_d_0000005,yolo12n.pt,0.3,1536,34,35,21
0000011_02800_d_0000005,yolo12n.pt,0.4,1536,34,31,18
0000011_02800_d_0000005,yolo12n.pt,0.5,1536,34,24,16
0000011_05068_d_0000008,yolo12n.pt,0.05,640,27,56,14
0000011_05068_d_0000008,yolo12n.pt,0.1,640,27,28,5
0000011_05068_d_0000008,yolo12n.pt,0.15,640,27,16,2
0000011_05068_d_0000008,yolo12n.pt,0.2,640,27,15,2
0000011_05068_d_0000008,yolo12n.pt,0.25,640,27,12,2
0000011_05068_d_0000008,yolo12n.pt,0.3,640,27,8,1
0000011_05068_d_0000008,yolo12n.pt,0.4,640,27,6,1
0000011_05068_d_0000008,yolo12n.pt,0.5,640,27,4,0
0000011_05068_d_0000008,yolo12n.pt,0.05,1024,27,111,54
0000011_05068_d_0000008,yolo12n.pt,0.1,1024,27,52,19
0000011_05068_d_0000008,yolo12n.pt,0.15,1024,27,30,10
0000011_05068_d_0000008,yolo12n.pt,0.2,1024,27,22,7
0000011_05068_d_0000008,yolo12n.pt,0.25,1024,27,18,6
0000011_05068_d_0000008,yolo12n.pt,0.3,1024,27,13,6
0000011_05068_d_0000008,yolo12n.pt,0.4,1024,27,7,2
0000011_05068_d_0000008,yolo12n.pt,0.5,1024,27,5,2
0000011_05068_d_0000008,yolo12n.pt,0.05,1536,27,210,123
0000011_05068_d_0000008,yolo12n.pt,0.1,1536,27,106,53
0000011_05068_d_0000008,yolo12n.pt,0.15,1536,27,71,35
0000011_05068_d_0000008,yolo12n.pt,0.2,1536,27,46,23
0000011_05068_d_0000008,yolo12n.pt,0.25,1536,27,40,20
0000011_05068_d_0000008,yolo12n.pt,0.3,1536,27,34,18
0000011_05068_d_0000008,yolo12n.pt,0.4,1536,27,18,8
0000011_05068_d_0000008,yolo12n.pt,0.5,1536,27,15,6
0000011_06000_d_0000009,yolo12n.pt,0.05,640,56,41,22
0000011_06000_d_0000009,yolo12n.pt,0.1,640,56,25,17
0000011_06000_d_0000009,yolo12n.pt,0.15,640,56,20,13
0000011_06000_d_0000009,yolo12n.pt,0.2,640,56,17,12
0000011_06000_d_0000009,yolo12n.pt,0.25,640,56,15,11
0000011_06000_d_0000009,yolo12n.pt,0.3,640,56,12,10
0000011_06000_d_0000009,yolo12n.pt,0.4,640,56,10,9
0000011_06000_d_0000009,yolo12n.pt,0.5,640,56,8,7
0000011_06000_d_0000009,yolo12n.pt,0.05,1024,56,76,37
0000011_06000_d_0000009,yolo12n.pt,0.1,1024,56,40,24
0000011_06000_d_0000009,yolo12n.pt,0.15,1024,56,24,17
0000011_06000_d_0000009,yolo12n.pt,0.2,1024,56,21,16
0000011_06000_d_0000009,yolo12n.pt,0.25,1024,56,16,13
0000011_06000_d_0000009,yolo12n.pt,0.3,1024,56,14,12
0000011_06000_d_0000009,yolo12n.pt,0.4,1024,56,12,11
0000011_06000_d_0000009,yolo12n.pt,0.5,1024,56,11,10
0000011_06000_d_0000009,yolo12n.pt,0.05,1536,56,128,49
0000011_06000_d_0000009,yolo12n.pt,0.1,1536,56,67,36
0000011_06000_d_0000009,yolo12n.pt,0.15,1536,56,47,28
0000011_06000_d_0000009,yolo12n.pt,0.2,1536,56,37,23
0000011_06000_d_0000009,yolo12n.pt,0.25,1536,56,29,22
0000011_06000_d_0000009,yolo12n.pt,0.3,1536,56,25,20
0000011_06000_d_0000009,yolo12n.pt,0.4,1536,56,19,14
0000011_06000_d_0000009,yolo12n.pt,0.5,1536,56,11,10
0000011_08299_d_0000012,yolo12n.pt,0.05,640,10,47,17
0000011_08299_d_0000012,yolo12n.pt,0.1,640,10,25,12
0000011_08299_d_0000012,yolo12n.pt,0.15,640,10,21,10
0000011_08299_d_0000012,yolo12n.pt,0.2,640,10,19,10
0000011_08299_d_0000012,yolo12n.pt,0.25,640,10,14,7
0000011_08299_d_0000012,yolo12n.pt,0.3,640,10,12,5
0000011_08299_d_0000012,yolo12n.pt,0.4,640,10,6,3
0000011_08299_d_0000012,yolo12n.pt,0.5,640,10,6,3
0000011_08299_d_0000012,yolo12n.pt,0.05,1024,10,104,26
0000011_08299_d_0000012,yolo12n.pt,0.1,1024,10,53,17
0000011_08299_d_0000012,yolo12n.pt,0.15,1024,10,34,13
0000011_08299_d_0000012,yolo12n.pt,0.2,1024,10,23,8
0000011_08299_d_0000012,yolo12n.pt,0.25,1024,10,19,7
0000011_08299_d_0000012,yolo12n.pt,0.3,1024,10,13,5
0000011_08299_d_0000012,yolo12n.pt,0.4,1024,10,9,4
0000011_08299_d_0000012,yolo12n.pt,0.5,1024,10,7,4
0000011_08299_d_0000012,yolo12n.pt,0.05,1536,10,107,36
0000011_08299_d_0000012,yolo12n.pt,0.1,1536,10,53,20
0000011_08299_d_0000012,yolo12n.pt,0.15,1536,10,32,13
0000011_08299_d_0000012,yolo12n.pt,0.2,1536,10,26,12
0000011_08299_d_0000012,yolo12n.pt,0.25,1536,10,21,12
0000011_08299_d_0000012,yolo12n.pt,0.3,1536,10,17,12
0000011_08299_d_0000012,yolo12n.pt,0.4,1536,10,8,8
0000011_08299_d_0000012,yolo12n.pt,0.5,1536,10,8,8
0000063_03139_d_0000004,yolo12n.pt,0.05,640,42,38,36
0000063_03139_d_0000004,yolo12n.pt,0.1,640,42,27,27
0000063_03139_d_0000004,yolo12n.pt,0.15,640,42,25,25
0000063_03139_d_0000004,yolo12n.pt,0.2,640,42,18,18
0000063_03139_d_0000004,yolo12n.pt,0.25,640,42,17,17
0000063_03139_d_0000004,yolo12n.pt,0.3,640,42,15,15
0000063_03139_d_0000004,yolo12n.pt,0.4,640,42,13,13
0000063_03139_d_0000004,yolo12n.pt,0.5,640,42,10,10
0000063_03139_d_0000004,yolo12n.pt,0.05,1024,42,44,43
0000063_03139_d_0000004,yolo12n.pt,0.1,1024,42,36,35
0000063_03139_d_0000004,yolo12n.pt,0.15,1024,42,31,30
0000063_03139_d_0000004,yolo12n.pt,0.2,1024,42,28,27
0000063_03139_d_0000004,yolo12n.pt,0.25,1024,42,24,24
0000063_03139_d_0000004,yolo12n.pt,0.3,1024,42,22,22
0000063_03139_d_0000004,yolo12n.pt,0.4,1024,42,18,18
0000063_03139_d_0000004,yolo12n.pt,0.5,1024,42,15,15
0000063_03139_d_0000004,yolo12n.pt,0.05,1536,42,73,62
0000063_03139_d_0000004,yolo12n.pt,0.1,1536,42,52,49
0000063_03139_d_0000004,yolo12n.pt,0.15,1536,42,45,43
0000063_03139_d_0000004,yolo12n.pt,0.2,1536,42,41,39
0000063_03139_d_0000004,yolo12n.pt,0.25,1536,42,33,33
0000063_03139_d_0000004,yolo12n.pt,0.3,1536,42,31,31
0000063_03139_d_0000004,yolo12n.pt,0.4,1536,42,26,26
0000063_03139_d_0000004,yolo12n.pt,0.5,1536,42,23,23
0000063_07000_d_0000008,yolo12n.pt,0.05,640,55,21,18
0000063_07000_d_0000008,yolo12n.pt,0.1,640,55,15,14
0000063_07000_d_0000008,yolo12n.pt,0.15,640,55,14,13
0000063_07000_d_0000008,yolo12n.pt,0.2,640,55,13,13
0000063_07000_d_0000008,yolo12n.pt,0.25,640,55,12,12
0000063_07000_d_0000008,yolo12n.pt,0.3,640,55,11,11
0000063_07000_d_0000008,yolo12n.pt,0.4,640,55,10,10
0000063_07000_d_0000008,yolo12n.pt,0.5,640,55,7,7
0000063_07000_d_0000008,yolo12n.pt,0.05,1024,55,32,29
0000063_07000_d_0000008,yolo12n.pt,0.1,1024,55,27,24
0000063_07000_d_0000008,yolo12n.pt,0.15,1024,55,22,21
0000063_07000_d_0000008,yolo12n.pt,0.2,1024,55,22,21
0000063_07000_d_0000008,yolo12n.pt,0.25,1024,55,18,18
0000063_07000_d_0000008,yolo12n.pt,0.3,1024,55,17,17
0000063_07000_d_0000008,yolo12n.pt,0.4,1024,55,15,15
0000063_07000_d_0000008,yolo12n.pt,0.5,1024,55,11,11
0000063_07000_d_0000008,yolo12n.pt,0.05,1536,55,67,54
0000063_07000_d_0000008,yolo12n.pt,0.1,1536,55,43,35
0000063_07000_d_0000008,yolo12n.pt,0.15,1536,55,34,30
0000063_07000_d_0000008,yolo12n.pt,0.2,1536,55,30,28
0000063_07000_d_0000008,yolo12n.pt,0.25,1536,55,28,26
0000063_07000_d_0000008,yolo12n.pt,0.3,1536,55,25,25
0000063_07000_d_0000008,yolo12n.pt,0.4,1536,55,22,22
0000063_07000_d_0000008,yolo12n.pt,0.5,1536,55,18,18
0000063_12500_d_0000014,yolo12n.pt,0.05,640,163,31,31
0000063_12500_d_0000014,yolo12n.pt,0.1,640,163,17,17
0000063_12500_d_0000014,yolo12n.pt,0.15,640,163,11,11
0000063_12500_d_0000014,yolo12n.pt,0.2,640,163,9,9
0000063_12500_d_0000014,yolo12n.pt,0.25,640,163,8,8
0000063_12500_d_0000014,yolo12n.pt,0.3,640,163,6,6
0000063_12500_d_0000014,yolo12n.pt,0.4,640,163,4,4
0000063_12500_d_0000014,yolo12n.pt,0.5,640,163,3,3
0000063_12500_d_0000014,yolo12n.pt,0.05,1024,163,51,51
0000063_12500_d_0000014,yolo12n.pt,0.1,1024,163,34,34
0000063_12500_d_0000014,yolo12n.pt,0.15,1024,163,27,27
0000063_12500_d_0000014,yolo12n.pt,0.2,1024,163,22,22
0000063_12500_d_0000014,yolo12n.pt,0.25,1024,163,20,20
0000063_12500_d_0000014,yolo12n.pt,0.3,1024,163,14,14
0000063_12500_d_0000014,yolo12n.pt,0.4,1024,163,10,10
0000063_12500_d_0000014,yolo12n.pt,0.5,1024,163,6,6
0000063_12500_d_0000014,yolo12n.pt,0.05,1536,163,95,90
0000063_12500_d_0000014,yolo12n.pt,0.1,1536,163,60,60
0000063_12500_d_0000014,yolo12n.pt,0.15,1536,163,48,48
0000063_12500_d_0000014,yolo12n.pt,0.2,1536,163,39,39
0000063_12500_d_0000014,yolo12n.pt,0.25,1536,163,33,33
0000063_12500_d_0000014,yolo12n.pt,0.3,1536,163,28,28
0000063_12500_d_0000014,yolo12n.pt,0.4,1536,163,20,20
0000063_12500_d_0000014,yolo12n.pt,0.5,1536,163,15,15
0000066_01097_d_0000002,yolo12n.pt,0.05,640,262,30,26
0000066_01097_d_0000002,yolo12n.pt,0.1,640,262,16,13
0000066_01097_d_0000002,yolo12n.pt,0.15,640,262,7,7
0000066_01097_d_0000002,yolo12n.pt,0.2,640,262,6,6
0000066_01097_d_0000002,yolo12n.pt,0.25,640,262,5,5
0000066_01097_d_0000002,yolo12n.pt,0.3,640,262,4,4
0000066_01097_d_0000002,yolo12n.pt,0.4,640,262,4,4
0000066_01097_d_0000002,yolo12n.pt,0.5,640,262,1,1
0000066_01097_d_0000002,yolo12n.pt,0.05,1024,262,72,67
0000066_01097_d_0000002,yolo12n.pt,0.1,1024,262,33,29
0000066_01097_d_0000002,yolo12n.pt,0.15,1024,262,24,21
0000066_01097_d_0000002,yolo12n.pt,0.2,1024,262,15,14
0000066_01097_d_0000002,yolo12n.pt,0.25,1024,262,10,9
0000066_01097_d_0000002,yolo12n.pt,0.3,1024,262,9,8
0000066_01097_d_0000002,yolo12n.pt,0.4,1024,262,4,4
0000066_01097_d_0000002,yolo12n.pt,0.5,1024,262,1,1
0000066_01097_d_0000002,yolo12n.pt,0.05,1536,262,164,151
0000066_01097_d_0000002,yolo12n.pt,0.1,1536,262,100,93
0000066_01097_d_0000002,yolo12n.pt,0.15,1536,262,72,66
0000066_01097_d_0000002,yolo12n.pt,0.2,1536,262,51,45
0000066_01097_d_0000002,yolo12n.pt,0.25,1536,262,40,34
0000066_01097_d_0000002,yolo12n.pt,0.3,1536,262,26,22
0000066_01097_d_0000002,yolo12n.pt,0.4,1536,262,10,9
0000066_01097_d_0000002,yolo12n.pt,0.5,1536,262,2,1
0000073_01275_d_0000002,yolo12n.pt,0.05,640,115,62,54
0000073_01275_d_0000002,yolo12n.pt,0.1,640,115,38,33
0000073_01275_d_0000002,yolo12n.pt,0.15,640,115,23,22
0000073_01275_d_0000002,yolo12n.pt,0.2,640,115,13,13
0000073_01275_d_0000002,yolo12n.pt,0.25,640,115,8,8
0000073_01275_d_0000002,yolo12n.pt,0.3,640,115,6,6
0000073_01275_d_0000002,yolo12n.pt,0.4,640,115,2,2
0000073_01275_d_0000002,yolo12n.pt,0.5,640,115,1,1
0000073_01275_d_0000002,yolo12n.pt,0.05,1024,115,59,54
0000073_01275_d_0000002,yolo12n.pt,0.1,1024,115,39,37
0000073_01275_d_0000002,yolo12n.pt,0.15,1024,115,33,31
0000073_01275_d_0000002,yolo12n.pt,0.2,1024,115,31,30
0000073_01275_d_0000002,yolo12n.pt,0.25,1024,115,29,28
0000073_01275_d_0000002,yolo12n.pt,0.3,1024,115,25,25
0000073_01275_d_0000002,yolo12n.pt,0.4,1024,115,17,17
0000073_01275_d_0000002,yolo12n.pt,0.5,1024,115,9,9
0000073_01275_d_0000002,yolo12n.pt,0.05,1536,115,94,77
0000073_01275_d_0000002,yolo12n.pt,0.1,1536,115,66,60
0000073_01275_d_0000002,yolo12n.pt,0.15,1536,115,55,50
0000073_01275_d_0000002,yolo12n.pt,0.2,1536,115,49,45
0000073_01275_d_0000002,yolo12n.pt,0.25,1536,115,40,37
0000073_01275_d_0000002,yolo12n.pt,0.3,1536,115,36,35
0000073_01275_d_0000002,yolo12n.pt,0.4,1536,115,31,31
0000073_01275_d_0000002,yolo12n.pt,0.5,1536,115,24,24
0000074_03738_d_0000007,yolo12n.pt,0.05,640,82,51,48
0000074_03738_d_0000007,yolo12n.pt,0.1,640,82,32,32
0000074_03738_d_0000007,yolo12n.pt,0.15,640,82,19,19
0000074_03738_d_0000007,yolo12n.pt,0.2,640,82,15,15
0000074_03738_d_0000007,yolo12n.pt,0.25,640,82,12,12
0000074_03738_d_0000007,yolo12n.pt,0.3,640,82,10,10
0000074_03738_d_0000007,yolo12n.pt,0.4,640,82,6,6
0000074_03738_d_0000007,yolo12n.pt,0.5,640,82,3,3
0000074_03738_d_0000007,yolo12n.pt,0.05,1024,82,62,49
0000074_03738_d_0000007,yolo12n.pt,0.1,1024,82,43,35
0000074_03738_d_0000007,yolo12n.pt,0.15,1024,82,34,29
0000074_03738_d_0000007,yolo12n.pt,0.2,1024,82,32,28
0000074_03738_d_0000007,yolo12n.pt,0.25,1024,82,28,26
0000074_03738_d_0000007,yolo12n.pt,0.3,1024,82,24,23
0000074_03738_d_0000007,yolo12n.pt,0.4,1024,82,19,19
0000074_03738_d_0000007,yolo12n.pt,0.5,1024,82,14,14
0000074_03738_d_0000007,yolo12n.pt,0.05,1536,82,113,73
0000074_03738_d_0000007,yolo12n.pt,0.1,1536,82,60,47
0000074_03738_d_0000007,yolo12n.pt,0.15,1536,82,49,40
0000074_03738_d_0000007,yolo12n.pt,0.2,1536,82,42,36
0000074_03738_d_0000007,yolo12n.pt,0.25,1536,82,36,33
0000074_03738_d_0000007,yolo12n.pt,0.3,1536,82,32,29
0000074_03738_d_0000007,yolo12n.pt,0.4,1536,82,30,27
0000074_03738_d_0000007,yolo12n.pt,0.5,1536,82,26,25
0000074_06746_d_0000013,yolo12n.pt,0.05,640,73,53,37
0000074_06746_d_0000013,yolo12n.pt,0.1,640,73,26,15
0000074_06746_d_0000013,yolo12n.pt,0.15,640,73,13,11
0000074_06746_d_0000013,yolo12n.pt,0.2,640,73,7,6
0000074_06746_d_0000013,yolo12n.pt,0.25,640,73,5,5
0000074_06746_d_0000013,yolo12n.pt,0.3,640,73,4,4
0000074_06746_d_0000013,yolo12n.pt,0.4,640,73,3,3
0000074_06746_d_0000013,yolo12n.pt,0.5,640,73,2,2
0000074_06746_d_0000013,yolo12n.pt,0.05,1024,73,92,63
0000074_06746_d_0000013,yolo12n.pt,0.1,1024,73,47,36
0000074_06746_d_0000013,yolo12n.pt,0.15,1024,73,34,29
0000074_06746_d_0000013,yolo12n.pt,0.2,1024,73,27,23
0000074_06746_d_0000013,yolo12n.pt,0.25,1024,73,23,20
0000074_06746_d_0000013,yolo12n.pt,0.3,1024,73,20,18
0000074_06746_d_0000013,yolo12n.pt,0.4,1024,73,13,12
0000074_06746_d_0000013,yolo12n.pt,0.5,1024,73,9,9
0000074_06746_d_0000013,yolo12n.pt,0.05,1536,73,135,92
0000074_06746_d_0000013,yolo12n.pt,0.1,1536,73,69,57
0000074_06746_d_0000013,yolo12n.pt,0.15,1536,73,52,43
0000074_06746_d_0000013,yolo12n.pt,0.2,1536,73,40,35
0000074_06746_d_0000013,yolo12n.pt,0.25,1536,73,39,34
0000074_06746_d_0000013,yolo12n.pt,0.3,1536,73,34,31
0000074_06746_d_0000013,yolo12n.pt,0.4,1536,73,25,23
0000074_06746_d_0000013,yolo12n.pt,0.5,1536,73,18,16
0000074_08202_d_0000016,yolo12n.pt,0.05,640,77,65,49
0000074_08202_d_0000016,yolo12n.pt,0.1,640,77,29,23
0000074_08202_d_0000016,yolo12n.pt,0.15,640,77,24,19
0000074_08202_d_0000016,yolo12n.pt,0.2,640,77,15,15
0000074_08202_d_0000016,yolo12n.pt,0.25,640,77,10,10
0000074_08202_d_0000016,yolo12n.pt,0.3,640,77,8,8
0000074_08202_d_0000016,yolo12n.pt,0.4,640,77,4,4
0000074_08202_d_0000016,yolo12n.pt,0.5,640,77,3,3
0000074_08202_d_0000016,yolo12n.pt,0.05,1024,77,71,51
0000074_08202_d_0000016,yolo12n.pt,0.1,1024,77,38,28
0000074_08202_d_0000016,yolo12n.pt,0.15,1024,77,28,23
0000074_08202_d_0000016,yolo12n.pt,0.2,1024,77,22,19
0000074_08202_d_0000016,yolo12n.pt,0.25,1024,77,15,15
0000074_08202_d_0000016,yolo12n.pt,0.3,1024,77,13,13
0000074_08202_d_0000016,yolo12n.pt,0.4,1024,77,11,11
0000074_08202_d_0000016,yolo12n.pt,0.5,1024,77,6,6
0000074_08202_d_0000016,yolo12n.pt,0.05,1536,77,122,96
0000074_08202_d_0000016,yolo12n.pt,0.1,1536,77,74,60
0000074_08202_d_0000016,yolo12n.pt,0.15,1536,77,54,47
0000074_08202_d_0000016,yolo12n.pt,0.2,1536,77,42,37
0000074_08202_d_0000016,yolo12n.pt,0.25,1536,77,37,32
0000074_08202_d_0000016,yolo12n.pt,0.3,1536,77,30,27
0000074_08202_d_0000016,yolo12n.pt,0.4,1536,77,23,21
0000074_08202_d_0000016,yolo12n.pt,0.5,1536,77,16,14
0000074_09738_d_0000019,yolo12n.pt,0.05,640,86,71,58
0000074_09738_d_0000019,yolo12n.pt,0.1,640,86,38,31
0000074_09738_d_0000019,yolo12n.pt,0.15,640,86,23,20
0000074_09738_d_0000019,yolo12n.pt,0.2,640,86,18,16
0000074_09738_d_0000019,yolo12n.pt,0.25,640,86,13,12
0000074_09738_d_0000019,yolo12n.pt,0.3,640,86,12,11
0000074_09738_d_0000019,yolo12n.pt,0.4,640,86,9,8
0000074_09738_d_0000019,yolo12n.pt,0.5,640,86,3,3
0000074_09738_d_0000019,yolo12n.pt,0.05,1024,86,99,78
0000074_09738_d_0000019,yolo12n.pt,0.1,1024,86,59,52
0000074_09738_d_0000019,yolo12n.pt,0.15,1024,86,45,40
0000074_09738_d_0000019,yolo12n.pt,0.2,1024,86,35,31
0000074_09738_d_0000019,yolo12n.pt,0.25,1024,86,31,28
0000074_09738_d_0000019,yolo12n.pt,0.3,1024,86,28,25
0000074_09738_d_0000019,yolo12n.pt,0.4,1024,86,19,18
0000074_09738_d_0000019,yolo12n.pt,0.5,1024,86,9,8
0000074_09738_d_0000019,yolo12n.pt,0.05,1536,86,161,110
0000074_09738_d_0000019,yolo12n.pt,0.1,1536,86,95,76
0000074_09738_d_0000019,yolo12n.pt,0.15,1536,86,72,62
0000074_09738_d_0000019,yolo12n.pt,0.2,1536,86,59,55
0000074_09738_d_0000019,yolo12n.pt,0.25,1536,86,53,49
0000074_09738_d_0000019,yolo12n.pt,0.3,1536,86,48,44
0000074_09738_d_0000019,yolo12n.pt,0.4,1536,86,39,38
0000074_09738_d_0000019,yolo12n.pt,0.5,1536,86,29,29
0000074_11362_d_0000022,yolo12n.pt,0.05,640,101,46,33
0000074_11362_d_0000022,yolo12n.pt,0.1,640,101,25,20
0000074_11362_d_0000022,yolo12n.pt,0.15,640,101,19,14
0000074_11362_d_0000022,yolo12n.pt,0.2,640,101,17,12
0000074_11362_d_0000022,yolo12n.pt,0.25,640,101,16,11
0000074_11362_d_0000022,yolo12n.pt,0.3,640,101,16,11
0000074_11362_d_0000022,yolo12n.pt,0.4,640,101,12,9
0000074_11362_d_0000022,yolo12n.pt,0.5,640,101,9,6
0000074_11362_d_0000022,yolo12n.pt,0.05,1024,101,83,62
0000074_11362_d_0000022,yolo12n.pt,0.1,1024,101,51,42
0000074_11362_d_0000022,yolo12n.pt,0.15,1024,101,34,31
0000074_11362_d_0000022,yolo12n.pt,0.2,1024,101,32,29
0000074_11362_d_0000022,yolo12n.pt,0.25,1024,101,27,25
0000074_11362_d_0000022,yolo12n.pt,0.3,1024,101,25,23
0000074_11362_d_0000022,yolo12n.pt,0.4,1024,101,21,19
0000074_11362_d_0000022,yolo12n.pt,0.5,1024,101,16,14
0000074_11362_d_0000022,yolo12n.pt,0.05,1536,101,155,116
0000074_11362_d_0000022,yolo12n.pt,0.1,1536,101,93,79
0000074_11362_d_0000022,yolo12n.pt,0.15,1536,101,75,67
0000074_11362_d_0000022,yolo12n.pt,0.2,1536,101,64,56
0000074_11362_d_0000022,yolo12n.pt,0.25,1536,101,58,51
0000074_11362_d_0000022,yolo12n.pt,0.3,1536,101,51,46
0000074_11362_d_0000022,yolo12n.pt,0.4,1536,101,38,35
0000074_11362_d_0000022,yolo12n.pt,0.5,1536,101,33,30
0000074_11827_d_0000023,yolo12n.pt,0.05,640,112,33,28
0000074_11827_d_0000023,yolo12n.pt,0.1,640,112,20,18
0000074_11827_d_0000023,yolo12n.pt,0.15,640,112,16,15
0000074_11827_d_0000023,yolo12n.pt,0.2,640,112,16,15
0000074_11827_d_0000023,yolo12n.pt,0.25,640,112,14,13
0000074_11827_d_0000023,yolo12n.pt,0.3,640,112,12,11
0000074_11827_d_0000023,yolo12n.pt,0.4,640,112,7,6
0000074_11827_d_0000023,yolo12n.pt,0.5,640,112,7,6
0000074_11827_d_0000023,yolo12n.pt,0.05,1024,112,63,52
0000074_11827_d_0000023,yolo12n.pt,0.1,1024,112,47,42
0000074_11827_d_0000023,yolo12n.pt,0.15,1024,112,37,34
0000074_11827_d_0000023,yolo12n.pt,0.2,1024,112,30,27
0000074_11827_d_0000023,yolo12n.pt,0.25,1024,112,25,24
0000074_11827_d_0000023,yolo12n.pt,0.3,1024,112,23,22
0000074_11827_d_0000023,yolo12n.pt,0.4,1024,112,17,16
0000074_11827_d_0000023,yolo12n.pt,0.5,1024,112,12,11
0000074_11827_d_0000023,yolo12n.pt,0.05,1536,112,115,83
0000074_11827_d_0000023,yolo12n.pt,0.1,1536,112,73,64
0000074_11827_d_0000023,yolo12n.pt,0.15,1536,112,52,48
0000074_11827_d_0000023,yolo12n.pt,0.2,1536,112,45,44
0000074_11827_d_0000023,yolo12n.pt,0.25,1536,112,43,42
0000074_11827_d_0000023,yolo12n.pt,0.3,1536,112,36,35
0000074_11827_d_0000023,yolo12n.pt,0.4,1536,112,29,28
0000074_11827_d_0000023,yolo12n.pt,0.5,1536,112,26,25
0000074_12322_d_0000024,yolo12n.pt,0.05,640,74,34,30
0000074_12322_d_0000024,yolo12n.pt,0.1,640,74,21,19
0000074_12322_d_0000024,yolo12n.pt,0.15,640,74,20,19
0000074_12322_d_0000024,yolo12n.pt,0.2,640,74,16,15
0000074_12322_d_0000024,yolo12n.pt,0.25,640,74,13,13
0000074_12322_d_0000024,yolo12n.pt,0.3,640,74,12,12
0000074_12322_d_0000024,yolo12n.pt,0.4,640,74,6,6
0000074_12322_d_0000024,yolo12n.pt,0.5,640,74,5,5
0000074_12322_d_0000024,yolo12n.pt,0.05,1024,74,69,50
0000074_12322_d_0000024,yolo12n.pt,0.1,1024,74,46,33
0000074_12322_d_0000024,yolo12n.pt,0.15,1024,74,32,25
0000074_12322_d_0000024,yolo12n.pt,0.2,1024,74,24,21
0000074_12322_d_0000024,yolo12n.pt,0.25,1024,74,21,19
0000074_12322_d_0000024,yolo12n.pt,0.3,1024,74,17,16
0000074_12322_d_0000024,yolo12n.pt,0.4,1024,74,15,15
0000074_12322_d_0000024,yolo12n.pt,0.5,1024,74,13,13
0000074_12322_d_0000024,yolo12n.pt,0.05,1536,74,111,87
0000074_12322_d_0000024,yolo12n.pt,0.1,1536,74,68,54
0000074_12322_d_0000024,yolo12n.pt,0.15,1536,74,50,44
0000074_12322_d_0000024,yolo12n.pt,0.2,1536,74,47,41
0000074_12322_d_0000024,yolo12n.pt,0.25,1536,74,38,35
0000074_12322_d_0000024,yolo12n.pt,0.3,1536,74,31,29
0000074_12322_d_0000024,yolo12n.pt,0.4,1536,74,25,24
0000074_12322_d_0000024,yolo12n.pt,0.5,1536,74,22,21
0000074_14850_d_0000029,yolo12n.pt,0.05,640,96,39,35
0000074_14850_d_0000029,yolo12n.pt,0.1,640,96,24,21
0000074_14850_d_0000029,yolo12n.pt,0.15,640,96,18,17
0000074_14850_d_0000029,yolo12n.pt,0.2,640,96,14,14
0000074_14850_d_0000029,yolo12n.pt,0.25,640,96,11,11
0000074_14850_d_0000029,yolo12n.pt,0.3,640,96,11,11
0000074_14850_d_0000029,yolo12n.pt,0.4,640,96,9,9
0000074_14850_d_0000029,yolo12n.pt,0.5,640,96,4,4
0000074_14850_d_0000029,yolo12n.pt,0.05,1024,96,68,54
0000074_14850_d_0000029,yolo12n.pt,0.1,1024,96,43,38
0000074_14850_d_0000029,yolo12n.pt,0.15,1024,96,34,33
0000074_14850_d_0000029,yolo12n.pt,0.2,1024,96,30,30
0000074_14850_d_0000029,yolo12n.pt,0.25,1024,96,25,25
0000074_14850_d_0000029,yolo12n.pt,0.3,1024,96,21,21
0000074_14850_d_0000029,yolo12n.pt,0.4,1024,96,15,15
0000074_14850_d_0000029,yolo12n.pt,0.5,1024,96,10,10
0000074_14850_d_0000029,yolo12n.pt,0.05,1536,96,118,88
0000074_14850_d_0000029,yolo12n.pt,0.1,1536,96,70,58
0000074_14850_d_0000029,yolo12n.pt,0.15,1536,96,56,50
0000074_14850_d_0000029,yolo12n.pt,0.2,1536,96,48,44
0000074_14850_d_0000029,yolo12n.pt,0.25,1536,96,42,39
0000074_14850_d_0000029,yolo12n.pt,0.3,1536,96,39,38
0000074_14850_d_0000029,yolo12n.pt,0.4,1536,96,26,25
0000074_14850_d_0000029,yolo12n.pt,0.5,1536,96,23,22
0000074_15793_d_0000031,yolo12n.pt,0.05,640,64,44,42
0000074_15793_d_0000031,yolo12n.pt,0.1,640,64,30,29
0000074_15793_d_0000031,yolo12n.pt,0.15,640,64,22,21
0000074_15793_d_0000031,yolo12n.pt,0.2,640,64,19,18
0000074_15793_d_0000031,yolo12n.pt,0.25,640,64,14,14
0000074_15793_d_0000031,yolo12n.pt,0.3,640,64,13,13
0000074_15793_d_0000031,yolo12n.pt,0.4,640,64,10,10
0000074_15793_d_0000031,yolo12n.pt,0.5,640,64,6,6
0000074_15793_d_0000031,yolo12n.pt,0.05,1024,64,54,50
0000074_15793_d_0000031,yolo12n.pt,0.1,1024,64,36,36
0000074_15793_d_0000031,yolo12n.pt,0.15,1024,64,31,31
0000074_15793_d_0000031,yolo12n.pt,0.2,1024,64,27,27
0000074_15793_d_0000031,yolo12n.pt,0.25,1024,64,24,24
0000074_15793_d_0000031,yolo12n.pt,0.3,1024,64,22,22
0000074_15793_d_0000031,yolo12n.pt,0.4,1024,64,21,21
0000074_15793_d_0000031,yolo12n.pt,0.5,1024,64,17,17
0000074_15793_d_0000031,yolo12n.pt,0.05,1536,64,87,78
0000074_15793_d_0000031,yolo12n.pt,0.1,1536,64,58,54
0000074_15793_d_0000031,yolo12n.pt,0.15,1536,64,45,43
0000074_15793_d_0000031,yolo12n.pt,0.2,1536,64,40,40
0000074_15793_d_0000031,yolo12n.pt,0.25,1536,64,37,37
0000074_15793_d_0000031,yolo12n.pt,0.3,1536,64,31,31
0000074_15793_d_0000031,yolo12n.pt,0.4,1536,64,28,28
0000074_15793_d_0000031,yolo12n.pt,0.5,1536,64,23,23
0000078_01314_d_0000004,yolo12n.pt,0.05,640,2,8,0
0000078_01314_d_0000004,yolo12n.pt,0.1,640,2,3,0
0000078_01314_d_0000004,yolo12n.pt,0.15,640,2,2,0
0000078_01314_d_0000004,yolo12n.pt,0.2,640,2,1,0
0000078_01314_d_0000004,yolo12n.pt,0.25,640,2,1,0
0000078_01314_d_0000004,yolo12n.pt,0.3,640,2,0,0
0000078_01314_d_0000004,yolo12n.pt,0.4,640,2,0,0
0000078_01314_d_0000004,yolo12n.pt,0.5,640,2,0,0
0000078_01314_d_0000004,yolo12n.pt,0.05,1024,2,13,2
0000078_01314_d_0000004,yolo12n.pt,0.1,1024,2,10,2
0000078_01314_d_0000004,yolo12n.pt,0.15,1024,2,9,2
0000078_01314_d_0000004,yolo12n.pt,0.2,1024,2,9,2
0000078_01314_d_0000004,yolo12n.pt,0.25,1024,2,5,1
0000078_01314_d_0000004,yolo12n.pt,0.3,1024,2,4,1
0000078_01314_d_0000004,yolo12n.pt,0.4,1024,2,2,1
0000078_01314_d_0000004,yolo12n.pt,0.5,1024,2,1,1
0000078_01314_d_0000004,yolo12n.pt,0.05,1536,2,13,2
0000078_01314_d_0000004,yolo12n.pt,0.1,1536,2,12,2
0000078_01314_d_0000004,yolo12n.pt,0.15,1536,2,10,1
0000078_01314_d_0000004,yolo12n.pt,0.2,1536,2,7,1
0000078_01314_d_0000004,yolo12n.pt,0.25,1536,2,6,1
0000078_01314_d_0000004,yolo12n.pt,0.3,1536,2,6,1
0000078_01314_d_0000004,yolo12n.pt,0.4,1536,2,5,1
0000078_01314_d_0000004,yolo12n.pt,0.5,1536,2,4,1
0000078_02778_d_0000008,yolo12n.pt,0.05,640,17,38,4
0000078_02778_d_0000008,yolo12n.pt,0.1,640,17,18,0
0000078_02778_d_0000008,yolo12n.pt,0.15,640,17,13,0
0000078_02778_d_0000008,yolo12n.pt,0.2,640,17,9,0
0000078_02778_d_0000008,yolo12n.pt,0.25,640,17,7,0
0000078_02778_d_0000008,yolo12n.pt,0.3,640,17,6,0
0000078_02778_d_0000008,yolo12n.pt,0.4,640,17,4,0
0000078_02778_d_0000008,yolo12n.pt,0.5,640,17,3,0
0000078_02778_d_0000008,yolo12n.pt,0.05,1024,17,49,3
0000078_02778_d_0000008,yolo12n.pt,0.1,1024,17,29,2
0000078_02778_d_0000008,yolo12n.pt,0.15,1024,17,17,2
0000078_02778_d_0000008,yolo12n.pt,0.2,1024,17,13,1
0000078_02778_d_0000008,yolo12n.pt,0.25,1024,17,10,0
0000078_02778_d_0000008,yolo12n.pt,0.3,1024,17,9,0
0000078_02778_d_0000008,yolo12n.pt,0.4,1024,17,5,0
0000078_02778_d_0000008,yolo12n.pt,0.5,1024,17,2,0
0000078_02778_d_0000008,yolo12n.pt,0.05,1536,17,65,6
0000078_02778_d_0000008,yolo12n.pt,0.1,1536,17,41,5
0000078_02778_d_0000008,yolo12n.pt,0.15,1536,17,28,3
0000078_02778_d_0000008,yolo12n.pt,0.2,1536,17,22,3
0000078_02778_d_0000008,yolo12n.pt,0.25,1536,17,18,3
0000078_02778_d_0000008,yolo12n.pt,0.3,1536,17,15,3
0000078_02778_d_0000008,yolo12n.pt,0.4,1536,17,10,1
0000078_02778_d_0000008,yolo12n.pt,0.5,1536,17,6,0
0000078_03171_d_0000009,yolo12n.pt,0.05,640,28,57,3
0000078_03171_d_0000009,yolo12n.pt,0.1,640,28,33,3
0000078_03171_d_0000009,yolo12n.pt,0.15,640,28,24,0
0000078_03171_d_0000009,yolo12n.pt,0.2,640,28,20,0
0000078_03171_d_0000009,yolo12n.pt,0.25,640,28,11,0
0000078_03171_d_0000009,yolo12n.pt,0.3,640,28,6,0
0000078_03171_d_0000009,yolo12n.pt,0.4,640,28,4,0
0000078_03171_d_0000009,yolo12n.pt,0.5,640,28,1,0
0000078_03171_d_0000009,yolo12n.pt,0.05,1024,28,87,8
0000078_03171_d_0000009,yolo12n.pt,0.1,1024,28,45,1
0000078_03171_d_0000009,yolo12n.pt,0.15,1024,28,32,0
0000078_03171_d_0000009,yolo12n.pt,0.2,1024,28,32,0
0000078_03171_d_0000009,yolo12n.pt,0.25,1024,28,28,0
0000078_03171_d_0000009,yolo12n.pt,0.3,1024,28,24,0
0000078_03171_d_0000009,yolo12n.pt,0.4,1024,28,13,0
0000078_03171_d_0000009,yolo12n.pt,0.5,1024,28,9,0
0000078_03171_d_0000009,yolo12n.pt,0.05,1536,28,114,33
0000078_03171_d_0000009,yolo12n.pt,0.1,1536,28,73,24
0000078_03171_d_0000009,yolo12n.pt,0.15,1536,28,58,16
0000078_03171_d_0000009,yolo12n.pt,0.2,1536,28,45,11
0000078_03171_d_0000009,yolo12n.pt,0.25,1536,28,41,8
0000078_03171_d_0000009,yolo12n.pt,0.3,1536,28,33,6
0000078_03171_d_0000009,yolo12n.pt,0.4,1536,28,25,3
0000078_03171_d_0000009,yolo12n.pt,0.5,1536,28,20,2
0000083_00803_d_0000003,yolo12n.pt,0.05,640,33,40,29
0000083_00803_d_0000003,yolo12n.pt,0.1,640,33,24,21
0000083_00803_d_0000003,yolo12n.pt,0.15,640,33,17,15
0000083_00803_d_0000003,yolo12n.pt,0.2,640,33,13,12
0000083_00803_d_0000003,yolo12n.pt,0.25,640,33,11,11
0000083_00803_d_0000003,yolo12n.pt,0.3,640,33,10,10
0000083_00803_d_0000003,yolo12n.pt,0.4,640,33,7,7
0000083_00803_d_0000003,yolo12n.pt,0.5,640,33,4,4
0000083_00803_d_0000003,yolo12n.pt,0.05,1024,33,56,35
0000083_00803_d_0000003,yolo12n.pt,0.1,1024,33,33,24
0000083_00803_d_0000003,yolo12n.pt,0.15,1024,33,25,21
0000083_00803_d_0000003,yolo12n.pt,0.2,1024,33,18,18
0000083_00803_d_0000003,yolo12n.pt,0.25,1024,33,18,18
0000083_00803_d_0000003,yolo12n.pt,0.3,1024,33,15,15
0000083_00803_d_0000003,yolo12n.pt,0.4,1024,33,15,15
0000083_00803_d_0000003,yolo12n.pt,0.5,1024,33,9,9
0000083_00803_d_0000003,yolo12n.pt,0.05,1536,33,68,48
0000083_00803_d_0000003,yolo12n.pt,0.1,1536,33,46,39
0000083_00803_d_0000003,yolo12n.pt,0.15,1536,33,37,33
0000083_00803_d_0000003,yolo12n.pt,0.2,1536,33,32,28
0000083_00803_d_0000003,yolo12n.pt,0.25,1536,33,27,25
0000083_00803_d_0000003,yolo12n.pt,0.3,1536,33,21,20
0000083_00803_d_0000003,yolo12n.pt,0.4,1536,33,20,19
0000083_00803_d_0000003,yolo12n.pt,0.5,1536,33,18,18
0000105_02539_d_0000072,yolo12n.pt,0.05,640,12,59,3
0000105_02539_d_0000072,yolo12n.pt,0.1,640,12,45,3
0000105_02539_d_0000072,yolo12n.pt,0.15,640,12,35,3
0000105_02539_d_0000072,yolo12n.pt,0.2,640,12,29,2
0000105_02539_d_0000072,yolo12n.pt,0.25,640,12,25,1
0000105_02539_d_0000072,yolo12n.pt,0.3,640,12,20,1
0000105_02539_d_0000072,yolo12n.pt,0.4,640,12,13,0
0000105_02539_d_0000072,yolo12n.pt,0.5,640,12,9,0
0000105_02539_d_0000072,yolo12n.pt,0.05,1024,12,76,12
0000105_02539_d_0000072,yolo12n.pt,0.1,1024,12,53,7
0000105_02539_d_0000072,yolo12n.pt,0.15,1024,12,47,6
0000105_02539_d_0000072,yolo12n.pt,0.2,1024,12,40,4
0000105_02539_d_0000072,yolo12n.pt,0.25,1024,12,37,3
0000105_02539_d_0000072,yolo12n.pt,0.3,1024,12,31,2
0000105_02539_d_0000072,yolo12n.pt,0.4,1024,12,24,2
0000105_02539_d_0000072,yolo12n.pt,0.5,1024,12,16,0
0000105_02539_d_0000072,yolo12n.pt,0.05,1536,12,88,12
0000105_02539_d_0000072,yolo12n.pt,0.1,1536,12,68,9
0000105_02539_d_0000072,yolo12n.pt,0.15,1536,12,59,9
0000105_02539_d_0000072,yolo12n.pt,0.2,1536,12,52,7
0000105_02539_d_0000072,yolo12n.pt,0.25,1536,12,48,7
0000105_02539_d_0000072,yolo12n.pt,0.3,1536,12,41,7
0000105_02539_d_0000072,yolo12n.pt,0.4,1536,12,33,3
0000105_02539_d_0000072,yolo12n.pt,0.5,1536,12,29,2
0000120_00559_d_0000092,yolo12n.pt,0.05,640,31,58,27
0000120_00559_d_0000092,yolo12n.pt,0.1,640,31,40,21
0000120_00559_d_0000092,yolo12n.pt,0.15,640,31,27,13
0000120_00559_d_0000092,yolo12n.pt,0.2,640,31,22,10
0000120_00559_d_0000092,yolo12n.pt,0.25,640,31,18,7
0000120_00559_d_0000092,yolo12n.pt,0.3,640,31,16,6
0000120_00559_d_0000092,yolo12n.pt,0.4,640,31,10,3
0000120_00559_d_0000092,yolo12n.pt,0.5,640,31,9,2
0000120_00559_d_0000092,yolo12n.pt,0.05,1024,31,87,42
0000120_00559_d_0000092,yolo12n.pt,0.1,1024,31,51,24
0000120_00559_d_0000092,yolo12n.pt,0.15,1024,31,36,18
0000120_00559_d_0000092,yolo12n.pt,0.2,1024,31,27,12
0000120_00559_d_0000092,yolo12n.pt,0.25,1024,31,22,11
0000120_00559_d_0000092,yolo12n.pt,0.3,1024,31,20,9
0000120_00559_d_0000092,yolo12n.pt,0.4,1024,31,16,6
0000120_00559_d_0000092,yolo12n.pt,0.5,1024,31,12,4
0000120_00559_d_0000092,yolo12n.pt,0.05,1536,31,115,54
0000120_00559_d_0000092,yolo12n.pt,0.1,1536,31,70,37
0000120_00559_d_0000092,yolo12n.pt,0.15,1536,31,51,29
0000120_00559_d_0000092,yolo12n.pt,0.2,1536,31,38,18
0000120_00559_d_0000092,yolo12n.pt,0.25,1536,31,32,14
0000120_00559_d_0000092,yolo12n.pt,0.3,1536,31,27,13
0000120_00559_d_0000092,yolo12n.pt,0.4,1536,31,19,7
0000120_00559_d_0000092,yolo12n.pt,0.5,1536,31,17,6
0000120_02946_d_0000098,yolo12n.pt,0.05,640,12,52,21
0000120_02946_d_0000098,yolo12n.pt,0.1,640,12,31,14
0000120_02946_d_0000098,yolo12n.pt,0.15,640,12,23,12
0000120_02946_d_0000098,yolo12n.pt,0.2,640,12,18,9
0000120_02946_d_0000098,yolo12n.pt,0.25,640,12,11,6
0000120_02946_d_0000098,yolo12n.pt,0.3,640,12,9,5
0000120_02946_d_0000098,yolo12n.pt,0.4,640,12,6,3
0000120_02946_d_0000098,yolo12n.pt,0.5,640,12,5,2
0000120_02946_d_0000098,yolo12n.pt,0.05,1024,12,81,41
0000120_02946_d_0000098,yolo12n.pt,0.1,1024,12,49,26
0000120_02946_d_0000098,yolo12n.pt,0.15,1024,12,37,19
0000120_02946_d_0000098,yolo12n.pt,0.2,1024,12,31,15
0000120_02946_d_0000098,yolo12n.pt,0.25,1024,12,23,10
0000120_02946_d_0000098,yolo12n.pt,0.3,1024,12,20,9
0000120_02946_d_0000098,yolo12n.pt,0.4,1024,12,16,8
0000120_02946_d_0000098,yolo12n.pt,0.5,1024,12,12,5
0000120_02946_d_0000098,yolo12n.pt,0.05,1536,12,105,44
0000120_02946_d_0000098,yolo12n.pt,0.1,1536,12,56,28
0000120_02946_d_0000098,yolo12n.pt,0.15,1536,12,45,22
0000120_02946_d_0000098,yolo12n.pt,0.2,1536,12,36,19
0000120_02946_d_0000098,yolo12n.pt,0.25,1536,12,30,15
0000120_02946_d_0000098,yolo12n.pt,0.3,1536,12,26,13
0000120_02946_d_0000098,yolo12n.pt,0.4,1536,12,17,9
0000120_02946_d_0000098,yolo12n.pt,0.5,1536,12,15,8
0000127_00002_d_0000119,yolo12n.pt,0.05,640,52,86,17
0000127_00002_d_0000119,yolo12n.pt,0.1,640,52,54,15
0000127_00002_d_0000119,yolo12n.pt,0.15,640,52,37,9
0000127_00002_d_0000119,yolo12n.pt,0.2,640,52,30,7
0000127_00002_d_0000119,yolo12n.pt,0.25,640,52,23,3
0000127_00002_d_0000119,yolo12n.pt,0.3,640,52,19,1
0000127_00002_d_0000119,yolo12n.pt,0.4,640,52,16,1
0000127_00002_d_0000119,yolo12n.pt,0.5,640,52,13,0
0000127_00002_d_0000119,yolo12n.pt,0.05,1024,52,143,57
0000127_00002_d_0000119,yolo12n.pt,0.1,1024,52,95,33
0000127_00002_d_0000119,yolo12n.pt,0.15,1024,52,77,25
0000127_00002_d_0000119,yolo12n.pt,0.2,1024,52,69,24
0000127_00002_d_0000119,yolo12n.pt,0.25,1024,52,57,19
0000127_00002_d_0000119,yolo12n.pt,0.3,1024,52,48,11
0000127_00002_d_0000119,yolo12n.pt,0.4,1024,52,35,4
0000127_00002_d_0000119,yolo12n.pt,0.5,1024,52,27,3
0000127_00002_d_0000119,yolo12n.pt,0.05,1536,52,249,87
0000127_00002_d_0000119,yolo12n.pt,0.1,1536,52,153,50
0000127_00002_d_0000119,yolo12n.pt,0.15,1536,52,125,41
0000127_00002_d_0000119,yolo12n.pt,0.2,1536,52,103,32
0000127_00002_d_0000119,yolo12n.pt,0.25,1536,52,93,28
0000127_00002_d_0000119,yolo12n.pt,0.3,1536,52,84,23
0000127_00002_d_0000119,yolo12n.pt,0.4,1536,52,63,14
0000127_00002_d_0000119,yolo12n.pt,0.5,1536,52,52,12
0000127_01002_d_0000123,yolo12n.pt,0.05,640,45,86,8
0000127_01002_d_0000123,yolo12n.pt,0.1,640,45,55,4
0000127_01002_d_0000123,yolo12n.pt,0.15,640,45,37,2
0000127_01002_d_0000123,yolo12n.pt,0.2,640,45,33,1
0000127_01002_d_0000123,yolo12n.pt,0.25,640,45,26,0
0000127_01002_d_0000123,yolo12n.pt,0.3,640,45,20,0
0000127_01002_d_0000123,yolo12n.pt,0.4,640,45,13,0
0000127_01002_d_0000123,yolo12n.pt,0.5,640,45,6,0
0000127_01002_d_0000123,yolo12n.pt,0.05,1024,45,92,14
0000127_01002_d_0000123,yolo12n.pt,0.1,1024,45,71,10
0000127_01002_d_0000123,yolo12n.pt,0.15,1024,45,57,6
0000127_01002_d_0000123,yolo12n.pt,0.2,1024,45,49,4
0000127_01002_d_0000123,yolo12n.pt,0.25,1024,45,42,3
0000127_01002_d_0000123,yolo12n.pt,0.3,1024,45,39,3
0000127_01002_d_0000123,yolo12n.pt,0.4,1024,45,26,1
0000127_01002_d_0000123,yolo12n.pt,0.5,1024,45,17,0
0000127_01002_d_0000123,yolo12n.pt,0.05,1536,45,135,47
0000127_01002_d_0000123,yolo12n.pt,0.1,1536,45,98,29
0000127_01002_d_0000123,yolo12n.pt,0.15,1536,45,87,24
0000127_01002_d_0000123,yolo12n.pt,0.2,1536,45,84,22
0000127_01002_d_0000123,yolo12n.pt,0.25,1536,45,78,18
0000127_01002_d_0000123,yolo12n.pt,0.3,1536,45,73,15
0000127_01002_d_0000123,yolo12n.pt,0.4,1536,45,60,9
0000127_01002_d_0000123,yolo12n.pt,0.5,1536,45,52,6
0000152_00599_d_0000146,yolo12n.pt,0.05,640,19,15,0
0000152_00599_d_0000146,yolo12n.pt,0.1,640,19,10,0
0000152_00599_d_0000146,yolo12n.pt,0.15,640,19,7,0
0000152_00599_d_0000146,yolo12n.pt,0.2,640,19,6,0
0000152_00599_d_0000146,yolo12n.pt,0.25,640,19,4,0
0000152_00599_d_0000146,yolo12n.pt,0.3,640,19,3,0
0000152_00599_d_0000146,yolo12n.pt,0.4,640,19,1,0
0000152_00599_d_0000146,yolo12n.pt,0.5,640,19,0,0
0000152_00599_d_0000146,yolo12n.pt,0.05,1024,19,32,1
0000152_00599_d_0000146,yolo12n.pt,0.1,1024,19,16,0
0000152_00599_d_0000146,yolo12n.pt,0.15,1024,19,12,0
0000152_00599_d_0000146,yolo12n.pt,0.2,1024,19,10,0
0000152_00599_d_0000146,yolo12n.pt,0.25,1024,19,6,0
0000152_00599_d_0000146,yolo12n.pt,0.3,1024,19,3,0
0000152_00599_d_0000146,yolo12n.pt,0.4,1024,19,1,0
0000152_00599_d_0000146,yolo12n.pt,0.5,1024,19,1,0
0000152_00599_d_0000146,yolo12n.pt,0.05,1536,19,48,8
0000152_00599_d_0000146,yolo12n.pt,0.1,1536,19,28,5
0000152_00599_d_0000146,yolo12n.pt,0.15,1536,19,21,1
0000152_00599_d_0000146,yolo12n.pt,0.2,1536,19,16,0
0000152_00599_d_0000146,yolo12n.pt,0.25,1536,19,12,0
0000152_00599_d_0000146,yolo12n.pt,0.3,1536,19,8,0
0000152_00599_d_0000146,yolo12n.pt,0.4,1536,19,4,0
0000152_00599_d_0000146,yolo12n.pt,0.5,1536,19,2,0
0000152_02214_d_0000150,yolo12n.pt,0.05,640,26,43,9
0000152_02214_d_0000150,yolo12n.pt,0.1,640,26,23,3
0000152_02214_d_0000150,yolo12n.pt,0.15,640,26,16,2
0000152_02214_d_0000150,yolo12n.pt,0.2,640,26,11,1
0000152_02214_d_0000150,yolo12n.pt,0.25,640,26,9,0
0000152_02214_d_0000150,yolo12n.pt,0.3,640,26,7,0
0000152_02214_d_0000150,yolo12n.pt,0.4,640,26,3,0
0000152_02214_d_0000150,yolo12n.pt,0.5,640,26,2,0
0000152_02214_d_0000150,yolo12n.pt,0.05,1024,26,70,23
0000152_02214_d_0000150,yolo12n.pt,0.1,1024,26,41,14
0000152_02214_d_0000150,yolo12n.pt,0.15,1024,26,25,7
0000152_02214_d_0000150,yolo12n.pt,0.2,1024,26,21,6
0000152_02214_d_0000150,yolo12n.pt,0.25,1024,26,17,3
0000152_02214_d_0000150,yolo12n.pt,0.3,1024,26,12,1
0000152_02214_d_0000150,yolo12n.pt,0.4,1024,26,5,1
0000152_02214_d_0000150,yolo12n.pt,0.5,1024,26,2,0
0000152_02214_d_0000150,yolo12n.pt,0.05,1536,26,93,42
0000152_02214_d_0000150,yolo12n.pt,0.1,1536,26,53,22
0000152_02214_d_0000150,yolo12n.pt,0.15,1536,26,35,10
0000152_02214_d_0000150,yolo12n.pt,0.2,1536,26,26,5
0000152_02214_d_0000150,yolo12n.pt,0.25,1536,26,19,4
0000152_02214_d_0000150,yolo12n.pt,0.3,1536,26,15,3
0000152_02214_d_0000150,yolo12n.pt,0.4,1536,26,8,2
0000152_02214_d_0000150,yolo12n.pt,0.5,1536,26,7,2
0000152_03226_d_0000153,yolo12n.pt,0.05,640,24,16,9
0000152_03226_d_0000153,yolo12n.pt,0.1,640,24,5,3
0000152_03226_d_0000153,yolo12n.pt,0.15,640,24,4,2
0000152_03226_d_0000153,yolo12n.pt,0.2,640,24,4,2
0000152_03226_d_0000153,yolo12n.pt,0.25,640,24,4,2
0000152_03226_d_0000153,yolo12n.pt,0.3,640,24,4,2
0000152_03226_d_0000153,yolo12n.pt,0.4,640,24,4,2
0000152_03226_d_0000153,yolo12n.pt,0.5,640,24,3,1
0000152_03226_d_0000153,yolo12n.pt,0.05,1024,24,35,14
0000152_03226_d_0000153,yolo12n.pt,0.1,1024,24,23,11
0000152_03226_d_0000153,yolo12n.pt,0.15,1024,24,15,8
0000152_03226_d_0000153,yolo12n.pt,0.2,1024,24,12,5
0000152_03226_d_0000153,yolo12n.pt,0.25,1024,24,8,3
0000152_03226_d_0000153,yolo12n.pt,0.3,1024,24,5,2
0000152_03226_d_0000153,yolo12n.pt,0.4,1024,24,4,1
0000152_03226_d_0000153,yolo12n.pt,0.5,1024,24,3,1
0000152_03226_d_0000153,yolo12n.pt,0.05,1536,24,52,16
0000152_03226_d_0000153,yolo12n.pt,0.1,1536,24,31,12
0000152_03226_d_0000153,yolo12n.pt,0.15,1536,24,23,9
0000152_03226_d_0000153,yolo12n.pt,0.2,1536,24,16,6
0000152_03226_d_0000153,yolo12n.pt,0.25,1536,24,11,4
0000152_03226_d_0000153,yolo12n.pt,0.3,1536,24,10,4
0000152_03226_d_0000153,yolo12n.pt,0.4,1536,24,7,3
0000152_03226_d_0000153,yolo12n.pt,0.5,1536,24,6,3
0000207_00500_d_0000006,yolo12n.pt,0.05,640,12,39,3
0000207_00500_d_0000006,yolo12n.pt,0.1,640,12,19,1
0000207_00500_d_0000006,yolo12n.pt,0.15,640,12,9,1
0000207_00500_d_0000006,yolo12n.pt,0.2,640,12,8,1
0000207_00500_d_0000006,yolo12n.pt,0.25,640,12,5,1
0000207_00500_d_0000006,yolo12n.pt,0.3,640,12,4,1
0000207_00500_d_0000006,yolo12n.pt,0.4,640,12,2,0
0000207_00500_d_0000006,yolo12n.pt,0.5,640,12,2,0
0000207_00500_d_0000006,yolo12n.pt,0.05,1024,12,61,2
0000207_00500_d_0000006,yolo12n.pt,0.1,1024,12,42,1
0000207_00500_d_0000006,yolo12n.pt,0.15,1024,12,28,1
0000207_00500_d_0000006,yolo12n.pt,0.2,1024,12,22,1
0000207_00500_d_0000006,yolo12n.pt,0.25,1024,12,19,1
0000207_00500_d_0000006,yolo12n.pt,0.3,1024,12,16,0
0000207_00500_d_0000006,yolo12n.pt,0.4,1024,12,8,0
0000207_00500_d_0000006,yolo12n.pt,0.5,1024,12,6,0
0000207_00500_d_0000006,yolo12n.pt,0.05,1536,12,79,4
0000207_00500_d_0000006,yolo12n.pt,0.1,1536,12,45,1
0000207_00500_d_0000006,yolo12n.pt,0.15,1536,12,38,1
0000207_00500_d_0000006,yolo12n.pt,0.2,1536,12,26,1
0000207_00500_d_0000006,yolo12n.pt,0.25,1536,12,20,1
0000207_00500_d_0000006,yolo12n.pt,0.3,1536,12,17,1
0000207_00500_d_0000006,yolo12n.pt,0.4,1536,12,12,1
0000207_00500_d_0000006,yolo12n.pt,0.5,1536,12,7,0
0000250_02350_d_0000001,yolo12n.pt,0.05,640,1,21,0
0000250_02350_d_0000001,yolo12n.pt,0.1,640,1,8,0
0000250_02350_d_0000001,yolo12n.pt,0.15,640,1,3,0
0000250_02350_d_0000001,yolo12n.pt,0.2,640,1,3,0
0000250_02350_d_0000001,yolo12n.pt,0.25,640,1,2,0
0000250_02350_d_0000001,yolo12n.pt,0.3,640,1,1,0
0000250_02350_d_0000001,yolo12n.pt,0.4,640,1,1,0
0000250_02350_d_0000001,yolo12n.pt,0.5,640,1,1,0
0000250_02350_d_0000001,yolo12n.pt,0.05,1024,1,37,0
0000250_02350_d_0000001,yolo12n.pt,0.1,1024,1,24,0
0000250_02350_d_0000001,yolo12n.pt,0.15,1024,1,19,0
0000250_02350_d_0000001,yolo12n.pt,0.2,1024,1,14,0
0000250_02350_d_0000001,yolo12n.pt,0.25,1024,1,12,0
0000250_02350_d_0000001,yolo12n.pt,0.3,1024,1,9,0
0000250_02350_d_0000001,yolo12n.pt,0.4,1024,1,4,0
0000250_02350_d_0000001,yolo12n.pt,0.5,1024,1,1,0
0000250_02350_d_0000001,yolo12n.pt,0.05,1536,1,46,0
0000250_02350_d_0000001,yolo12n.pt,0.1,1536,1,29,0
0000250_02350_d_0000001,yolo12n.pt,0.15,1536,1,22,0
0000250_02350_d_0000001,yolo12n.pt,0.2,1536,1,20,0
0000250_02350_d_0000001,yolo12n.pt,0.25,1536,1,17,0
0000250_02350_d_0000001,yolo12n.pt,0.3,1536,1,15,0
0000250_02350_d_0000001,yolo12n.pt,0.4,1536,1,12,0
0000250_02350_d_0000001,yolo12n.pt,0.5,1536,1,8,0
0000259_03000_d_0000007,yolo12n.pt,0.05,640,17,28,2
0000259_03000_d_0000007,yolo12n.pt,0.1,640,17,18,1
0000259_03000_d_0000007,yolo12n.pt,0.15,640,17,17,1
0000259_03000_d_0000007,yolo12n.pt,0.2,640,17,15,0
0000259_03000_d_0000007,yolo12n.pt,0.25,640,17,13,0
0000259_03000_d_0000007,yolo12n.pt,0.3,640,17,13,0
0000259_03000_d_0000007,yolo12n.pt,0.4,640,17,8,0
0000259_03000_d_0000007,yolo12n.pt,0.5,640,17,7,0
0000259_03000_d_0000007,yolo12n.pt,0.05,1024,17,48,7
0000259_03000_d_0000007,yolo12n.pt,0.1,1024,17,32,1
0000259_03000_d_0000007,yolo12n.pt,0.15,1024,17,27,1
0000259_03000_d_0000007,yolo12n.pt,0.2,1024,17,24,1
0000259_03000_d_0000007,yolo12n.pt,0.25,1024,17,18,0
0000259_03000_d_0000007,yolo12n.pt,0.3,1024,17,15,0
0000259_03000_d_0000007,yolo12n.pt,0.4,1024,17,14,0
0000259_03000_d_0000007,yolo12n.pt,0.5,1024,17,11,0
0000259_03000_d_0000007,yolo12n.pt,0.05,1536,17,55,13
0000259_03000_d_0000007,yolo12n.pt,0.1,1536,17,38,5
0000259_03000_d_0000007,yolo12n.pt,0.15,1536,17,34,4
0000259_03000_d_0000007,yolo12n.pt,0.2,1536,17,30,4
0000259_03000_d_0000007,yolo12n.pt,0.25,1536,17,28,4
0000259_03000_d_0000007,yolo12n.pt,0.3,1536,17,23,4
0000259_03000_d_0000007,yolo12n.pt,0.4,1536,17,18,2
0000259_03000_d_0000007,yolo12n.pt,0.5,1536,17,14,1
0000259_03500_d_0000008,yolo12n.pt,0.05,640,7,21,2
0000259_03500_d_0000008,yolo12n.pt,0.1,640,7,16,1
0000259_03500_d_0000008,yolo12n.pt,0.15,640,7,16,1
0000259_03500_d_0000008,yolo12n.pt,0.2,640,7,16,1
0000259_03500_d_0000008,yolo12n.pt,0.25,640,7,14,0
0000259_03500_d_0000008,yolo12n.pt,0.3,640,7,13,0
0000259_03500_d_0000008,yolo12n.pt,0.4,640,7,10,0
0000259_03500_d_0000008,yolo12n.pt,0.5,640,7,8,0
0000259_03500_d_0000008,yolo12n.pt,0.05,1024,7,26,3
0000259_03500_d_0000008,yolo12n.pt,0.1,1024,7,17,0
0000259_03500_d_0000008,yolo12n.pt,0.15,1024,7,17,0
0000259_03500_d_0000008,yolo12n.pt,0.2,1024,7,17,0
0000259_03500_d_0000008,yolo12n.pt,0.25,1024,7,17,0
0000259_03500_d_0000008,yolo12n.pt,0.3,1024,7,17,0
0000259_03500_d_0000008,yolo12n.pt,0.4,1024,7,15,0
0000259_03500_d_0000008,yolo12n.pt,0.5,1024,7,12,0
0000259_03500_d_0000008,yolo12n.pt,0.05,1536,7,54,13
0000259_03500_d_0000008,yolo12n.pt,0.1,1536,7,28,2
0000259_03500_d_0000008,yolo12n.pt,0.15,1536,7,24,1
0000259_03500_d_0000008,yolo12n.pt,0.2,1536,7,21,1
0000259_03500_d_0000008,yolo12n.pt,0.25,1536,7,19,1
0000259_03500_d_0000008,yolo12n.pt,0.3,1536,7,19,1
0000259_03500_d_0000008,yolo12n.pt,0.4,1536,7,17,0
0000259_03500_d_0000008,yolo12n.pt,0.5,1536,7,15,0
0000265_03500_d_0000008,yolo12n.pt,0.05,640,61,75,5
0000265_03500_d_0000008,yolo12n.pt,0.1,640,61,41,1
0000265_03500_d_0000008,yolo12n.pt,0.15,640,61,33,1
0000265_03500_d_0000008,yolo12n.pt,0.2,640,61,29,0
0000265_03500_d_0000008,yolo12n.pt,0.25,640,61,22,0
0000265_03500_d_0000008,yolo12n.pt,0.3,640,61,18,0
0000265_03500_d_0000008,yolo12n.pt,0.4,640,61,9,0
0000265_03500_d_0000008,yolo12n.pt,0.5,640,61,2,0
0000265_03500_d_0000008,yolo12n.pt,0.05,1024,61,83,9
0000265_03500_d_0000008,yolo12n.pt,0.1,1024,61,46,3
0000265_03500_d_0000008,yolo12n.pt,0.15,1024,61,37,2
0000265_03500_d_0000008,yolo12n.pt,0.2,1024,61,33,2
0000265_03500_d_0000008,yolo12n.pt,0.25,1024,61,29,2
0000265_03500_d_0000008,yolo12n.pt,0.3,1024,61,27,2
0000265_03500_d_0000008,yolo12n.pt,0.4,1024,61,20,0
0000265_03500_d_0000008,yolo12n.pt,0.5,1024,61,9,0
0000265_03500_d_0000008,yolo12n.pt,0.05,1536,61,118,26
0000265_03500_d_0000008,yolo12n.pt,0.1,1536,61,70,8
0000265_03500_d_0000008,yolo12n.pt,0.15,1536,61,58,6
0000265_03500_d_0000008,yolo12n.pt,0.2,1536,61,46,6
0000265_03500_d_0000008,yolo12n.pt,0.25,1536,61,37,3
0000265_03500_d_0000008,yolo12n.pt,0.3,1536,61,36,3
0000265_03500_d_0000008,yolo12n.pt,0.4,1536,61,25,1
0000265_03500_d_0000008,yolo12n.pt,0.5,1536,61,22,0
0000265_04500_d_0000010,yolo12n.pt,0.05,640,43,83,21
0000265_04500_d_0000010,yolo12n.pt,0.1,640,43,54,9
0000265_04500_d_0000010,yolo12n.pt,0.15,640,43,38,5
0000265_04500_d_0000010,yolo12n.pt,0.2,640,43,27,2
0000265_04500_d_0000010,yolo12n.pt,0.25,640,43,19,2
0000265_04500_d_0000010,yolo12n.pt,0.3,640,43,15,1
0000265_04500_d_0000010,yolo12n.pt,0.4,640,43,8,1
0000265_04500_d_0000010,yolo12n.pt,0.5,640,43,3,0
0000265_04500_d_0000010,yolo12n.pt,0.05,1024,43,130,53
0000265_04500_d_0000010,yolo12n.pt,0.1,1024,43,79,27
0000265_04500_d_0000010,yolo12n.pt,0.15,1024,43,54,16
0000265_04500_d_0000010,yolo12n.pt,0.2,1024,43,43,13
0000265_04500_d_0000010,yolo12n.pt,0.25,1024,43,41,12
0000265_04500_d_0000010,yolo12n.pt,0.3,1024,43,33,8
0000265_04500_d_0000010,yolo12n.pt,0.4,1024,43,24,5
0000265_04500_d_0000010,yolo12n.pt,0.5,1024,43,20,4
0000265_04500_d_0000010,yolo12n.pt,0.05,1536,43,219,82
0000265_04500_d_0000010,yolo12n.pt,0.1,1536,43,137,54
0000265_04500_d_0000010,yolo12n.pt,0.15,1536,43,105,44
0000265_04500_d_0000010,yolo12n.pt,0.2,1536,43,89,36
0000265_04500_d_0000010,yolo12n.pt,0.25,1536,43,71,28
0000265_04500_d_0000010,yolo12n.pt,0.3,1536,43,58,24
0000265_04500_d_0000010,yolo12n.pt,0.4,1536,43,40,16
0000265_04500_d_0000010,yolo12n.pt,0.5,1536,43,27,8
0000265_05000_d_0000011,yolo12n.pt,0.05,640,33,41,11
0000265_05000_d_0000011,yolo12n.pt,0.1,640,33,23,5
0000265_05000_d_0000011,yolo12n.pt,0.15,640,33,17,3
0000265_05000_d_0000011,yolo12n.pt,0.2,640,33,13,3
0000265_05000_d_0000011,yolo12n.pt,0.25,640,33,11,2
0000265_05000_d_0000011,yolo12n.pt,0.3,640,33,8,1
0000265_05000_d_0000011,yolo12n.pt,0.4,640,33,6,0
0000265_05000_d_0000011,yolo12n.pt,0.5,640,33,5,0
0000265_05000_d_0000011,yolo12n.pt,0.05,1024,33,103,28
0000265_05000_d_0000011,yolo12n.pt,0.1,1024,33,49,11
0000265_05000_d_0000011,yolo12n.pt,0.15,1024,33,31,5
0000265_05000_d_0000011,yolo12n.pt,0.2,1024,33,22,3
0000265_05000_d_0000011,yolo12n.pt,0.25,1024,33,22,3
0000265_05000_d_0000011,yolo12n.pt,0.3,1024,33,15,3
0000265_05000_d_0000011,yolo12n.pt,0.4,1024,33,10,1
0000265_05000_d_0000011,yolo12n.pt,0.5,1024,33,8,1
0000265_05000_d_0000011,yolo12n.pt,0.05,1536,33,194,42
0000265_05000_d_0000011,yolo12n.pt,0.1,1536,33,92,23
0000265_05000_d_0000011,yolo12n.pt,0.15,1536,33,63,18
0000265_05000_d_0000011,yolo12n.pt,0.2,1536,33,57,15
0000265_05000_d_0000011,yolo12n.pt,0.25,1536,33,44,12
0000265_05000_d_0000011,yolo12n.pt,0.3,1536,33,38,10
0000265_05000_d_0000011,yolo12n.pt,0.4,1536,33,25,6
0000265_05000_d_0000011,yolo12n.pt,0.5,1536,33,15,3
0000272_02000_d_0000005,yolo12n.pt,0.05,640,13,56,2
0000272_02000_d_0000005,yolo12n.pt,0.1,640,13,36,1
0000272_02000_d_0000005,yolo12n.pt,0.15,640,13,32,0
0000272_02000_d_0000005,yolo12n.pt,0.2,640,13,29,0
0000272_02000_d_0000005,yolo12n.pt,0.25,640,13,24,0
0000272_02000_d_0000005,yolo12n.pt,0.3,640,13,22,0
0000272_02000_d_0000005,yolo12n.pt,0.4,640,13,18,0
0000272_02000_d_0000005,yolo12n.pt,0.5,640,13,16,0
0000272_02000_d_0000005,yolo12n.pt,0.05,1024,13,83,3
0000272_02000_d_0000005,yolo12n.pt,0.1,1024,13,60,2
0000272_02000_d_0000005,yolo12n.pt,0.15,1024,13,54,2
0000272_02000_d_0000005,yolo12n.pt,0.2,1024,13,44,2
0000272_02000_d_0000005,yolo12n.pt,0.25,1024,13,38,2
0000272_02000_d_0000005,yolo12n.pt,0.3,1024,13,32,2
0000272_02000_d_0000005,yolo12n.pt,0.4,1024,13,26,2
0000272_02000_d_0000005,yolo12n.pt,0.5,1024,13,26,2
0000272_02000_d_0000005,yolo12n.pt,0.05,1536,13,117,17
0000272_02000_d_0000005,yolo12n.pt,0.1,1536,13,82,7
0000272_02000_d_0000005,yolo12n.pt,0.15,1536,13,67,5
0000272_02000_d_0000005,yolo12n.pt,0.2,1536,13,63,4
0000272_02000_d_0000005,yolo12n.pt,0.25,1536,13,54,3
0000272_02000_d_0000005,yolo12n.pt,0.3,1536,13,49,2
0000272_02000_d_0000005,yolo12n.pt,0.4,1536,13,42,2
0000272_02000_d_0000005,yolo12n.pt,0.5,1536,13,39,2
0000278_02251_d_0000001,yolo12n.pt,0.05,640,7,67,4
0000278_02251_d_0000001,yolo12n.pt,0.1,640,7,47,3
0000278_02251_d_0000001,yolo12n.pt,0.15,640,7,35,2
0000278_02251_d_0000001,yolo12n.pt,0.2,640,7,29,2
0000278_02251_d_0000001,yolo12n.pt,0.25,640,7,25,2
0000278_02251_d_0000001,yolo12n.pt,0.3,640,7,18,2
0000278_02251_d_0000001,yolo12n.pt,0.4,640,7,12,2
0000278_02251_d_0000001,yolo12n.pt,0.5,640,7,10,2
0000278_02251_d_0000001,yolo12n.pt,0.05,1024,7,73,5
0000278_02251_d_0000001,yolo12n.pt,0.1,1024,7,60,3
0000278_02251_d_0000001,yolo12n.pt,0.15,1024,7,53,3
0000278_02251_d_0000001,yolo12n.pt,0.2,1024,7,43,3
0000278_02251_d_0000001,yolo12n.pt,0.25,1024,7,40,3
0000278_02251_d_0000001,yolo12n.pt,0.3,1024,7,36,3
0000278_02251_d_0000001,yolo12n.pt,0.4,1024,7,32,2
0000278_02251_d_0000001,yolo12n.pt,0.5,1024,7,26,2
0000278_02251_d_0000001,yolo12n.pt,0.05,1536,7,77,6
0000278_02251_d_0000001,yolo12n.pt,0.1,1536,7,64,4
0000278_02251_d_0000001,yolo12n.pt,0.15,1536,7,60,4
0000278_02251_d_0000001,yolo12n.pt,0.2,1536,7,56,4
0000278_02251_d_0000001,yolo12n.pt,0.25,1536,7,54,3
0000278_02251_d_0000001,yolo12n.pt,0.3,1536,7,52,3
0000278_02251_d_0000001,yolo12n.pt,0.4,1536,7,45,2
0000278_02251_d_0000001,yolo12n.pt,0.5,1536,7,42,2
0000278_02451_d_0000003,yolo12n.pt,0.05,640,5,62,3
0000278_02451_d_0000003,yolo12n.pt,0.1,640,5,44,2
0000278_02451_d_0000003,yolo12n.pt,0.15,640,5,36,2
0000278_02451_d_0000003,yolo12n.pt,0.2,640,5,29,2
0000278_02451_d_0000003,yolo12n.pt,0.25,640,5,24,2
0000278_02451_d_0000003,yolo12n.pt,0.3,640,5,20,2
0000278_02451_d_0000003,yolo12n.pt,0.4,640,5,14,2
0000278_02451_d_0000003,yolo12n.pt,0.5,640,5,8,0
0000278_02451_d_0000003,yolo12n.pt,0.05,1024,5,79,5
0000278_02451_d_0000003,yolo12n.pt,0.1,1024,5,60,4
0000278_02451_d_0000003,yolo12n.pt,0.15,1024,5,49,4
0000278_02451_d_0000003,yolo12n.pt,0.2,1024,5,42,2
0000278_02451_d_0000003,yolo12n.pt,0.25,1024,5,40,2
0000278_02451_d_0000003,yolo12n.pt,0.3,1024,5,38,2
0000278_02451_d_0000003,yolo12n.pt,0.4,1024,5,28,1
0000278_02451_d_0000003,yolo12n.pt,0.5,1024,5,26,1
0000278_02451_d_0000003,yolo12n.pt,0.05,1536,5,90,10
0000278_02451_d_0000003,yolo12n.pt,0.1,1536,5,71,6
0000278_02451_d_0000003,yolo12n.pt,0.15,1536,5,64,5
0000278_02451_d_0000003,yolo12n.pt,0.2,1536,5,58,4
0000278_02451_d_0000003,yolo12n.pt,0.25,1536,5,55,4
0000278_02451_d_0000003,yolo12n.pt,0.3,1536,5,53,4
0000278_02451_d_0000003,yolo12n.pt,0.4,1536,5,51,4
0000278_02451_d_0000003,yolo12n.pt,0.5,1536,5,42,2
0000299_00000_d_0000088,yolo12n.pt,0.05,640,15,82,20
0000299_00000_d_0000088,yolo12n.pt,0.1,640,15,56,14
0000299_00000_d_0000088,yolo12n.pt,0.15,640,15,47,9
0000299_00000_d_0000088,yolo12n.pt,0.2,640,15,39,7
0000299_00000_d_0000088,yolo12n.pt,0.25,640,15,32,4
0000299_00000_d_0000088,yolo12n.pt,0.3,640,15,31,4
0000299_00000_d_0000088,yolo12n.pt,0.4,640,15,18,3
0000299_00000_d_0000088,yolo12n.pt,0.5,640,15,10,0
0000299_00000_d_0000088,yolo12n.pt,0.05,1024,15,117,28
0000299_00000_d_0000088,yolo12n.pt,0.1,1024,15,80,16
0000299_00000_d_0000088,yolo12n.pt,0.15,1024,15,64,14
0000299_00000_d_0000088,yolo12n.pt,0.2,1024,15,56,12
0000299_00000_d_0000088,yolo12n.pt,0.25,1024,15,46,10
0000299_00000_d_0000088,yolo12n.pt,0.3,1024,15,35,7
0000299_00000_d_0000088,yolo12n.pt,0.4,1024,15,27,2
0000299_00000_d_0000088,yolo12n.pt,0.5,1024,15,22,1
0000299_00000_d_0000088,yolo12n.pt,0.05,1536,15,173,51
0000299_00000_d_0000088,yolo12n.pt,0.1,1536,15,117,33
0000299_00000_d_0000088,yolo12n.pt,0.15,1536,15,84,19
0000299_00000_d_0000088,yolo12n.pt,0.2,1536,15,68,13
0000299_00000_d_0000088,yolo12n.pt,0.25,1536,15,61,10
0000299_00000_d_0000088,yolo12n.pt,0.3,1536,15,55,7
0000299_00000_d_0000088,yolo12n.pt,0.4,1536,15,44,3
0000299_00000_d_0000088,yolo12n.pt,0.5,1536,15,32,2
0000299_01800_d_0000100,yolo12n.pt,0.05,640,20,41,3
0000299_01800_d_0000100,yolo12n.pt,0.1,640,20,30,2
0000299_01800_d_0000100,yolo12n.pt,0.15,640,20,23,2
0000299_01800_d_0000100,yolo12n.pt,0.2,640,20,22,2
0000299_01800_d_0000100,yolo12n.pt,0.25,640,20,20,2
0000299_01800_d_0000100,yolo12n.pt,0.3,640,20,18,2
0000299_01800_d_0000100,yolo12n.pt,0.4,640,20,12,1
0000299_01800_d_0000100,yolo12n.pt,0.5,640,20,9,1
0000299_01800_d_0000100,yolo12n.pt,0.05,1024,20,51,6
0000299_01800_d_0000100,yolo12n.pt,0.1,1024,20,40,4
0000299_01800_d_0000100,yolo12n.pt,0.15,1024,20,36,3
0000299_01800_d_0000100,yolo12n.pt,0.2,1024,20,30,3
0000299_01800_d_0000100,yolo12n.pt,0.25,1024,20,24,3
0000299_01800_d_0000100,yolo12n.pt,0.3,1024,20,20,1
0000299_01800_d_0000100,yolo12n.pt,0.4,1024,20,17,1
0000299_01800_d_0000100,yolo12n.pt,0.5,1024,20,13,0
0000299_01800_d_0000100,yolo12n.pt,0.05,1536,20,74,8
0000299_01800_d_0000100,yolo12n.pt,0.1,1536,20,52,5
0000299_01800_d_0000100,yolo12n.pt,0.15,1536,20,40,4
0000299_01800_d_0000100,yolo12n.pt,0.2,1536,20,36,3
0000299_01800_d_0000100,yolo12n.pt,0.25,1536,20,34,3
0000299_01800_d_0000100,yolo12n.pt,0.3,1536,20,31,3
0000299_01800_d_0000100,yolo12n.pt,0.4,1536,20,21,1
0000299_01800_d_0000100,yolo12n.pt,0.5,1536,20,15,1
0000299_03500_d_0000104,yolo12n.pt,0.05,640,21,45,3
0000299_03500_d_0000104,yolo12n.pt,0.1,640,21,27,1
0000299_03500_d_0000104,yolo12n.pt,0.15,640,21,22,0
0000299_03500_d_0000104,yolo12n.pt,0.2,640,21,14,0
0000299_03500_d_0000104,yolo12n.pt,0.25,640,21,11,0
0000299_03500_d_0000104,yolo12n.pt,0.3,640,21,11,0
0000299_03500_d_0000104,yolo12n.pt,0.4,640,21,4,0
0000299_03500_d_0000104,yolo12n.pt,0.5,640,21,3,0
0000299_03500_d_0000104,yolo12n.pt,0.05,1024,21,65,4
0000299_03500_d_0000104,yolo12n.pt,0.1,1024,21,44,4
0000299_03500_d_0000104,yolo12n.pt,0.15,1024,21,28,1
0000299_03500_d_0000104,yolo12n.pt,0.2,1024,21,22,1
0000299_03500_d_0000104,yolo12n.pt,0.25,1024,21,20,0
0000299_03500_d_0000104,yolo12n.pt,0.3,1024,21,17,0
0000299_03500_d_0000104,yolo12n.pt,0.4,1024,21,10,0
0000299_03500_d_0000104,yolo12n.pt,0.5,1024,21,5,0
0000299_03500_d_0000104,yolo12n.pt,0.05,1536,21,83,10
0000299_03500_d_0000104,yolo12n.pt,0.1,1536,21,47,5
0000299_03500_d_0000104,yolo12n.pt,0.15,1536,21,36,2
0000299_03500_d_0000104,yolo12n.pt,0.2,1536,21,30,1
0000299_03500_d_0000104,yolo12n.pt,0.25,1536,21,24,1
0000299_03500_d_0000104,yolo12n.pt,0.3,1536,21,17,0
0000299_03500_d_0000104,yolo12n.pt,0.4,1536,21,13,0
0000299_03500_d_0000104,yolo12n.pt,0.5,1536,21,8,0
0000299_04000_d_0000105,yolo12n.pt,0.05,640,8,42,4
0000299_04000_d_0000105,yolo12n.pt,0.1,640,8,25,3
0000299_04000_d_0000105,yolo12n.pt,0.15,640,8,19,1
0000299_04000_d_0000105,yolo12n.pt,0.2,640,8,15,1
0000299_04000_d_0000105,yolo12n.pt,0.25,640,8,12,1
0000299_04000_d_0000105,yolo12n.pt,0.3,640,8,11,1
0000299_04000_d_0000105,yolo12n.pt,0.4,640,8,7,0
0000299_04000_d_0000105,yolo12n.pt,0.5,640,8,4,0
0000299_04000_d_0000105,yolo12n.pt,0.05,1024,8,70,12
0000299_04000_d_0000105,yolo12n.pt,0.1,1024,8,38,8
0000299_04000_d_0000105,yolo12n.pt,0.15,1024,8,32,7
0000299_04000_d_0000105,yolo12n.pt,0.2,1024,8,24,3
0000299_04000_d_0000105,yolo12n.pt,0.25,1024,8,22,3
0000299_04000_d_0000105,yolo12n.pt,0.3,1024,8,17,2
0000299_04000_d_0000105,yolo12n.pt,0.4,1024,8,14,1
0000299_04000_d_0000105,yolo12n.pt,0.5,1024,8,11,0
0000299_04000_d_0000105,yolo12n.pt,0.05,1536,8,103,24
0000299_04000_d_0000105,yolo12n.pt,0.1,1536,8,68,15
0000299_04000_d_0000105,yolo12n.pt,0.15,1536,8,47,10
0000299_04000_d_0000105,yolo12n.pt,0.2,1536,8,40,7
0000299_04000_d_0000105,yolo12n.pt,0.25,1536,8,31,5
0000299_04000_d_0000105,yolo12n.pt,0.3,1536,8,28,4
0000299_04000_d_0000105,yolo12n.pt,0.4,1536,8,21,3
0000299_04000_d_0000105,yolo12n.pt,0.5,1536,8,14,0
0000299_05500_d_0000108,yolo12n.pt,0.05,640,35,61,19
0000299_05500_d_0000108,yolo12n.pt,0.1,640,35,44,15
0000299_05500_d_0000108,yolo12n.pt,0.15,640,35,37,12
0000299_05500_d_0000108,yolo12n.pt,0.2,640,35,29,7
0000299_05500_d_0000108,yolo12n.pt,0.25,640,35,27,6
0000299_05500_d_0000108,yolo12n.pt,0.3,640,35,21,4
0000299_05500_d_0000108,yolo12n.pt,0.4,640,35,18,3
0000299_05500_d_0000108,yolo12n.pt,0.5,640,35,16,3
0000299_05500_d_0000108,yolo12n.pt,0.05,1024,35,94,26
0000299_05500_d_0000108,yolo12n.pt,0.1,1024,35,59,19
0000299_05500_d_0000108,yolo12n.pt,0.15,1024,35,46,14
0000299_05500_d_0000108,yolo12n.pt,0.2,1024,35,41,13
0000299_05500_d_0000108,yolo12n.pt,0.25,1024,35,36,13
0000299_05500_d_0000108,yolo12n.pt,0.3,1024,35,34,13
0000299_05500_d_0000108,yolo12n.pt,0.4,1024,35,29,9
0000299_05500_d_0000108,yolo12n.pt,0.5,1024,35,24,7
0000299_05500_d_0000108,yolo12n.pt,0.05,1536,35,172,36
0000299_05500_d_0000108,yolo12n.pt,0.1,1536,35,98,19
0000299_05500_d_0000108,yolo12n.pt,0.15,1536,35,70,16
0000299_05500_d_0000108,yolo12n.pt,0.2,1536,35,55,14
0000299_05500_d_0000108,yolo12n.pt,0.25,1536,35,54,14
0000299_05500_d_0000108,yolo12n.pt,0.3,1536,35,49,14
0000299_05500_d_0000108,yolo12n.pt,0.4,1536,35,44,13
0000299_05500_d_0000108,yolo12n.pt,0.5,1536,35,36,10
0000310_02500_d_0000123,yolo12n.pt,0.05,640,22,64,9
0000310_02500_d_0000123,yolo12n.pt,0.1,640,22,33,1
0000310_02500_d_0000123,yolo12n.pt,0.15,640,22,24,0
0000310_02500_d_0000123,yolo12n.pt,0.2,640,22,21,0
0000310_02500_d_0000123,yolo12n.pt,0.25,640,22,18,0
0000310_02500_d_0000123,yolo12n.pt,0.3,640,22,17,0
0000310_02500_d_0000123,yolo12n.pt,0.4,640,22,15,0
0000310_02500_d_0000123,yolo12n.pt,0.5,640,22,12,0
0000310_02500_d_0000123,yolo12n.pt,0.05,1024,22,81,19
0000310_02500_d_0000123,yolo12n.pt,0.1,1024,22,54,10
0000310_02500_d_0000123,yolo12n.pt,0.15,1024,22,40,4
0000310_02500_d_0000123,yolo12n.pt,0.2,1024,22,37,4
0000310_02500_d_0000123,yolo12n.pt,0.25,1024,22,31,2
0000310_02500_d_0000123,yolo12n.pt,0.3,1024,22,26,2
0000310_02500_d_0000123,yolo12n.pt,0.4,1024,22,20,0
0000310_02500_d_0000123,yolo12n.pt,0.5,1024,22,16,0
0000310_02500_d_0000123,yolo12n.pt,0.05,1536,22,149,42
0000310_02500_d_0000123,yolo12n.pt,0.1,1536,22,83,23
0000310_02500_d_0000123,yolo12n.pt,0.15,1536,22,58,16
0000310_02500_d_0000123,yolo12n.pt,0.2,1536,22,48,12
0000310_02500_d_0000123,yolo12n.pt,0.25,1536,22,41,8
0000310_02500_d_0000123,yolo12n.pt,0.3,1536,22,34,4
0000310_02500_d_0000123,yolo12n.pt,0.4,1536,22,29,3
0000310_02500_d_0000123,yolo12n.pt,0.5,1536,22,23,2
0000310_04000_d_0000126,yolo12n.pt,0.05,640,33,66,22
0000310_04000_d_0000126,yolo12n.pt,0.1,640,33,49,16
0000310_04000_d_0000126,yolo12n.pt,0.15,640,33,44,15
0000310_04000_d_0000126,yolo12n.pt,0.2,640,33,40,14
0000310_04000_d_0000126,yolo12n.pt,0.25,640,33,39,14
0000310_04000_d_0000126,yolo12n.pt,0.3,640,33,36,14
0000310_04000_d_0000126,yolo12n.pt,0.4,640,33,28,9
0000310_04000_d_0000126,yolo12n.pt,0.5,640,33,16,3
0000310_04000_d_0000126,yolo12n.pt,0.05,1024,33,90,35
0000310_04000_d_0000126,yolo12n.pt,0.1,1024,33,67,25
0000310_04000_d_0000126,yolo12n.pt,0.15,1024,33,55,21
0000310_04000_d_0000126,yolo12n.pt,0.2,1024,33,44,15
0000310_04000_d_0000126,yolo12n.pt,0.25,1024,33,41,13
0000310_04000_d_0000126,yolo12n.pt,0.3,1024,33,36,12
0000310_04000_d_0000126,yolo12n.pt,0.4,1024,33,31,11
0000310_04000_d_0000126,yolo12n.pt,0.5,1024,33,27,9
0000310_04000_d_0000126,yolo12n.pt,0.05,1536,33,151,53
0000310_04000_d_0000126,yolo12n.pt,0.1,1536,33,102,39
0000310_04000_d_0000126,yolo12n.pt,0.15,1536,33,83,36
0000310_04000_d_0000126,yolo12n.pt,0.2,1536,33,72,29
0000310_04000_d_0000126,yolo12n.pt,0.25,1536,33,62,24
0000310_04000_d_0000126,yolo12n.pt,0.3,1536,33,56,22
0000310_04000_d_0000126,yolo12n.pt,0.4,1536,33,45,17
0000310_04000_d_0000126,yolo12n.pt,0.5,1536,33,36,14
0000314_00000_d_0000142,yolo12n.pt,0.05,640,14,55,21
0000314_00000_d_0000142,yolo12n.pt,0.1,640,14,36,14
0000314_00000_d_0000142,yolo12n.pt,0.15,640,14,28,9
0000314_00000_d_0000142,yolo12n.pt,0.2,640,14,19,4
0000314_00000_d_0000142,yolo12n.pt,0.25,640,14,16,2
0000314_00000_d_0000142,yolo12n.pt,0.3,640,14,14,1
0000314_00000_d_0000142,yolo12n.pt,0.4,640,14,10,0
0000314_00000_d_0000142,yolo12n.pt,0.5,640,14,10,0
0000314_00000_d_0000142,yolo12n.pt,0.05,1024,14,84,41
0000314_00000_d_0000142,yolo12n.pt,0.1,1024,14,62,27
0000314_00000_d_0000142,yolo12n.pt,0.15,1024,14,40,14
0000314_00000_d_0000142,yolo12n.pt,0.2,1024,14,31,9
0000314_00000_d_0000142,yolo12n.pt,0.25,1024,14,24,5
0000314_00000_d_0000142,yolo12n.pt,0.3,1024,14,20,2
0000314_00000_d_0000142,yolo12n.pt,0.4,1024,14,16,2
0000314_00000_d_0000142,yolo12n.pt,0.5,1024,14,11,1
0000314_00000_d_0000142,yolo12n.pt,0.05,1536,14,129,44
0000314_00000_d_0000142,yolo12n.pt,0.1,1536,14,81,30
0000314_00000_d_0000142,yolo12n.pt,0.15,1536,14,63,20
0000314_00000_d_0000142,yolo12n.pt,0.2,1536,14,51,14
0000314_00000_d_0000142,yolo12n.pt,0.25,1536,14,42,11
0000314_00000_d_0000142,yolo12n.pt,0.3,1536,14,38,9
0000314_00000_d_0000142,yolo12n.pt,0.4,1536,14,24,3
0000314_00000_d_0000142,yolo12n.pt,0.5,1536,14,18,1
0000314_01000_d_0000144,yolo12n.pt,0.05,640,9,34,21
0000314_01000_d_0000144,yolo12n.pt,0.1,640,9,24,14
0000314_01000_d_0000144,yolo12n.pt,0.15,640,9,18,9
0000314_01000_d_0000144,yolo12n.pt,0.2,640,9,17,8
0000314_01000_d_0000144,yolo12n.pt,0.25,640,9,15,6
0000314_01000_d_0000144,yolo12n.pt,0.3,640,9,11,3
0000314_01000_d_0000144,yolo12n.pt,0.4,640,9,6,0
0000314_01000_d_0000144,yolo12n.pt,0.5,640,9,4,0
0000314_01000_d_0000144,yolo12n.pt,0.05,1024,9,53,36
0000314_01000_d_0000144,yolo12n.pt,0.1,1024,9,34,22
0000314_01000_d_0000144,yolo12n.pt,0.15,1024,9,26,15
0000314_01000_d_0000144,yolo12n.pt,0.2,1024,9,22,12
0000314_01000_d_0000144,yolo12n.pt,0.25,1024,9,21,11
0000314_01000_d_0000144,yolo12n.pt,0.3,1024,9,18,9
0000314_01000_d_0000144,yolo12n.pt,0.4,1024,9,9,1
0000314_01000_d_0000144,yolo12n.pt,0.5,1024,9,5,0
0000314_01000_d_0000144,yolo12n.pt,0.05,1536,9,65,38
0000314_01000_d_0000144,yolo12n.pt,0.1,1536,9,36,19
0000314_01000_d_0000144,yolo12n.pt,0.15,1536,9,28,13
0000314_01000_d_0000144,yolo12n.pt,0.2,1536,9,21,10
0000314_01000_d_0000144,yolo12n.pt,0.25,1536,9,21,10
0000314_01000_d_0000144,yolo12n.pt,0.3,1536,9,19,8
0000314_01000_d_0000144,yolo12n.pt,0.4,1536,9,17,8
0000314_01000_d_0000144,yolo12n.pt,0.5,1536,9,12,5
0000320_00450_d_0000005,yolo12n.pt,0.05,640,4,50,5
0000320_00450_d_0000005,yolo12n.pt,0.1,640,4,38,4
0000320_00450_d_0000005,yolo12n.pt,0.15,640,4,33,4
0000320_00450_d_0000005,yolo12n.pt,0.2,640,4,26,3
0000320_00450_d_0000005,yolo12n.pt,0.25,640,4,21,2
0000320_00450_d_0000005,yolo12n.pt,0.3,640,4,19,1
0000320_00450_d_0000005,yolo12n.pt,0.4,640,4,15,1
0000320_00450_d_0000005,yolo12n.pt,0.5,640,4,11,0
0000320_00450_d_0000005,yolo12n.pt,0.05,1024,4,51,11
0000320_00450_d_0000005,yolo12n.pt,0.1,1024,4,39,8
0000320_00450_d_0000005,yolo12n.pt,0.15,1024,4,32,3
0000320_00450_d_0000005,yolo12n.pt,0.2,1024,4,29,2
0000320_00450_d_0000005,yolo12n.pt,0.25,1024,4,28,2
0000320_00450_d_0000005,yolo12n.pt,0.3,1024,4,27,2
0000320_00450_d_0000005,yolo12n.pt,0.4,1024,4,24,2
0000320_00450_d_0000005,yolo12n.pt,0.5,1024,4,19,2
0000320_00450_d_0000005,yolo12n.pt,0.05,1536,4,63,20
0000320_00450_d_0000005,yolo12n.pt,0.1,1536,4,44,11
0000320_00450_d_0000005,yolo12n.pt,0.15,1536,4,35,8
0000320_00450_d_0000005,yolo12n.pt,0.2,1536,4,34,7
0000320_00450_d_0000005,yolo12n.pt,0.25,1536,4,31,6
0000320_00450_d_0000005,yolo12n.pt,0.3,1536,4,26,3
0000320_00450_d_0000005,yolo12n.pt,0.4,1536,4,26,3
0000320_00450_d_0000005,yolo12n.pt,0.5,1536,4,24,2
0000320_01200_d_0000010,yolo12n.pt,0.05,640,40,90,35
0000320_01200_d_0000010,yolo12n.pt,0.1,640,40,56,25
0000320_01200_d_0000010,yolo12n.pt,0.15,640,40,37,19
0000320_01200_d_0000010,yolo12n.pt,0.2,640,40,29,14
0000320_01200_d_0000010,yolo12n.pt,0.25,640,40,24,9
0000320_01200_d_0000010,yolo12n.pt,0.3,640,40,19,6
0000320_01200_d_0000010,yolo12n.pt,0.4,640,40,15,5
0000320_01200_d_0000010,yolo12n.pt,0.5,640,40,9,3
0000320_01200_d_0000010,yolo12n.pt,0.05,1024,40,105,45
0000320_01200_d_0000010,yolo12n.pt,0.1,1024,40,74,35
0000320_01200_d_0000010,yolo12n.pt,0.15,1024,40,58,26
0000320_01200_d_0000010,yolo12n.pt,0.2,1024,40,50,21
0000320_01200_d_0000010,yolo12n.pt,0.25,1024,40,45,19
0000320_01200_d_0000010,yolo12n.pt,0.3,1024,40,42,18
0000320_01200_d_0000010,yolo12n.pt,0.4,1024,40,33,13
0000320_01200_d_0000010,yolo12n.pt,0.5,1024,40,23,10
0000320_01200_d_0000010,yolo12n.pt,0.05,1536,40,166,75
0000320_01200_d_0000010,yolo12n.pt,0.1,1536,40,99,47
0000320_01200_d_0000010,yolo12n.pt,0.15,1536,40,79,39
0000320_01200_d_0000010,yolo12n.pt,0.2,1536,40,67,30
0000320_01200_d_0000010,yolo12n.pt,0.25,1536,40,60,26
0000320_01200_d_0000010,yolo12n.pt,0.3,1536,40,53,22
0000320_01200_d_0000010,yolo12n.pt,0.4,1536,40,41,16
0000320_01200_d_0000010,yolo12n.pt,0.5,1536,40,34,15
0000320_04375_d_0000014,yolo12n.pt,0.05,640,11,63,3
0000320_04375_d_0000014,yolo12n.pt,0.1,640,11,41,2
0000320_04375_d_0000014,yolo12n.pt,0.15,640,11,34,1
0000320_04375_d_0000014,yolo12n.pt,0.2,640,11,23,1
0000320_04375_d_0000014,yolo12n.pt,0.25,640,11,18,1
0000320_04375_d_0000014,yolo12n.pt,0.3,640,11,17,1
0000320_04375_d_0000014,yolo12n.pt,0.4,640,11,17,1
0000320_04375_d_0000014,yolo12n.pt,0.5,640,11,13,1
0000320_04375_d_0000014,yolo12n.pt,0.05,1024,11,77,13
0000320_04375_d_0000014,yolo12n.pt,0.1,1024,11,50,9
0000320_04375_d_0000014,yolo12n.pt,0.15,1024,11,43,8
0000320_04375_d_0000014,yolo12n.pt,0.2,1024,11,35,6
0000320_04375_d_0000014,yolo12n.pt,0.25,1024,11,29,4
0000320_04375_d_0000014,yolo12n.pt,0.3,1024,11,28,3
0000320_04375_d_0000014,yolo12n.pt,0.4,1024,11,23,2
0000320_04375_d_0000014,yolo12n.pt,0.5,1024,11,19,2
0000320_04375_d_0000014,yolo12n.pt,0.05,1536,11,95,31
0000320_04375_d_0000014,yolo12n.pt,0.1,1536,11,68,19
0000320_04375_d_0000014,yolo12n.pt,0.15,1536,11,53,11
0000320_04375_d_0000014,yolo12n.pt,0.2,1536,11,45,10
0000320_04375_d_0000014,yolo12n.pt,0.25,1536,11,44,9
0000320_04375_d_0000014,yolo12n.pt,0.3,1536,11,40,6
0000320_04375_d_0000014,yolo12n.pt,0.4,1536,11,29,3
0000320_04375_d_0000014,yolo12n.pt,0.5,1536,11,26,2
0000328_00300_d_0000020,yolo12n.pt,0.05,640,21,39,5
0000328_00300_d_0000020,yolo12n.pt,0.1,640,21,22,1
0000328_00300_d_0000020,yolo12n.pt,0.15,640,21,16,0
0000328_00300_d_0000020,yolo12n.pt,0.2,640,21,12,0
0000328_00300_d_0000020,yolo12n.pt,0.25,640,21,11,0
0000328_00300_d_0000020,yolo12n.pt,0.3,640,21,11,0
0000328_00300_d_0000020,yolo12n.pt,0.4,640,21,9,0
0000328_00300_d_0000020,yolo12n.pt,0.5,640,21,8,0
0000328_00300_d_0000020,yolo12n.pt,0.05,1024,21,59,5
0000328_00300_d_0000020,yolo12n.pt,0.1,1024,21,42,4
0000328_00300_d_0000020,yolo12n.pt,0.15,1024,21,29,3
0000328_00300_d_0000020,yolo12n.pt,0.2,1024,21,23,3
0000328_00300_d_0000020,yolo12n.pt,0.25,1024,21,21,2
0000328_00300_d_0000020,yolo12n.pt,0.3,1024,21,20,1
0000328_00300_d_0000020,yolo12n.pt,0.4,1024,21,16,1
0000328_00300_d_0000020,yolo12n.pt,0.5,1024,21,12,1
0000328_00300_d_0000020,yolo12n.pt,0.05,1536,21,69,7
0000328_00300_d_0000020,yolo12n.pt,0.1,1536,21,44,3
0000328_00300_d_0000020,yolo12n.pt,0.15,1536,21,35,3
0000328_00300_d_0000020,yolo12n.pt,0.2,1536,21,32,2
0000328_00300_d_0000020,yolo12n.pt,0.25,1536,21,29,2
0000328_00300_d_0000020,yolo12n.pt,0.3,1536,21,25,2
0000328_00300_d_0000020,yolo12n.pt,0.4,1536,21,20,1
0000328_00300_d_0000020,yolo12n.pt,0.5,1536,21,18,1
0000328_00600_d_0000022,yolo12n.pt,0.05,640,23,38,4
0000328_00600_d_0000022,yolo12n.pt,0.1,640,23,21,3
0000328_00600_d_0000022,yolo12n.pt,0.15,640,23,16,1
0000328_00600_d_0000022,yolo12n.pt,0.2,640,23,14,0
0000328_00600_d_0000022,yolo12n.pt,0.25,640,23,12,0
0000328_00600_d_0000022,yolo12n.pt,0.3,640,23,10,0
0000328_00600_d_0000022,yolo12n.pt,0.4,640,23,9,0
0000328_00600_d_0000022,yolo12n.pt,0.5,640,23,8,0
0000328_00600_d_0000022,yolo12n.pt,0.05,1024,23,62,15
0000328_00600_d_0000022,yolo12n.pt,0.1,1024,23,42,8
0000328_00600_d_0000022,yolo12n.pt,0.15,1024,23,36,7
0000328_00600_d_0000022,yolo12n.pt,0.2,1024,23,29,7
0000328_00600_d_0000022,yolo12n.pt,0.25,1024,23,24,5
0000328_00600_d_0000022,yolo12n.pt,0.3,1024,23,21,4
0000328_00600_d_0000022,yolo12n.pt,0.4,1024,23,12,1
0000328_00600_d_0000022,yolo12n.pt,0.5,1024,23,11,1
0000328_00600_d_0000022,yolo12n.pt,0.05,1536,23,106,35
0000328_00600_d_0000022,yolo12n.pt,0.1,1536,23,61,19
0000328_00600_d_0000022,yolo12n.pt,0.15,1536,23,47,17
0000328_00600_d_0000022,yolo12n.pt,0.2,1536,23,42,15
0000328_00600_d_0000022,yolo12n.pt,0.25,1536,23,38,13
0000328_00600_d_0000022,yolo12n.pt,0.3,1536,23,36,11
0000328_00600_d_0000022,yolo12n.pt,0.4,1536,23,30,8
0000328_00600_d_0000022,yolo12n.pt,0.5,1536,23,19,3
0000328_01050_d_0000025,yolo12n.pt,0.05,640,18,44,6
0000328_01050_d_0000025,yolo12n.pt,0.1,640,18,27,3
0000328_01050_d_0000025,yolo12n.pt,0.15,640,18,20,1
0000328_01050_d_0000025,yolo12n.pt,0.2,640,18,19,1
0000328_01050_d_0000025,yolo12n.pt,0.25,640,18,14,1
0000328_01050_d_0000025,yolo12n.pt,0.3,640,18,11,0
0000328_01050_d_0000025,yolo12n.pt,0.4,640,18,10,0
0000328_01050_d_0000025,yolo12n.pt,0.5,640,18,7,0
0000328_01050_d_0000025,yolo12n.pt,0.05,1024,18,63,13
0000328_01050_d_0000025,yolo12n.pt,0.1,1024,18,42,6
0000328_01050_d_0000025,yolo12n.pt,0.15,1024,18,31,3
0000328_01050_d_0000025,yolo12n.pt,0.2,1024,18,26,3
0000328_01050_d_0000025,yolo12n.pt,0.25,1024,18,25,3
0000328_01050_d_0000025,yolo12n.pt,0.3,1024,18,23,3
0000328_01050_d_0000025,yolo12n.pt,0.4,1024,18,15,1
0000328_01050_d_0000025,yolo12n.pt,0.5,1024,18,12,1
0000328_01050_d_0000025,yolo12n.pt,0.05,1536,18,103,24
0000328_01050_d_0000025,yolo12n.pt,0.1,1536,18,65,16
0000328_01050_d_0000025,yolo12n.pt,0.15,1536,18,53,15
0000328_01050_d_0000025,yolo12n.pt,0.2,1536,18,43,13
0000328_01050_d_0000025,yolo12n.pt,0.25,1536,18,33,11
0000328_01050_d_0000025,yolo12n.pt,0.3,1536,18,29,10
0000328_01050_d_0000025,yolo12n.pt,0.4,1536,18,21,5
0000328_01050_d_0000025,yolo12n.pt,0.5,1536,18,17,4
0000337_00500_d_0000037,yolo12n.pt,0.05,640,5,25,0
0000337_00500_d_0000037,yolo12n.pt,0.1,640,5,21,0
0000337_00500_d_0000037,yolo12n.pt,0.15,640,5,18,0
0000337_00500_d_0000037,yolo12n.pt,0.2,640,5,16,0
0000337_00500_d_0000037,yolo12n.pt,0.25,640,5,14,0
0000337_00500_d_0000037,yolo12n.pt,0.3,640,5,12,0
0000337_00500_d_0000037,yolo12n.pt,0.4,640,5,10,0
0000337_00500_d_0000037,yolo12n.pt,0.5,640,5,5,0
0000337_00500_d_0000037,yolo12n.pt,0.05,1024,5,31,0
0000337_00500_d_0000037,yolo12n.pt,0.1,1024,5,29,0
0000337_00500_d_0000037,yolo12n.pt,0.15,1024,5,26,0
0000337_00500_d_0000037,yolo12n.pt,0.2,1024,5,22,0
0000337_00500_d_0000037,yolo12n.pt,0.25,1024,5,22,0
0000337_00500_d_0000037,yolo12n.pt,0.3,1024,5,22,0
0000337_00500_d_0000037,yolo12n.pt,0.4,1024,5,18,0
0000337_00500_d_0000037,yolo12n.pt,0.5,1024,5,15,0
0000337_00500_d_0000037,yolo12n.pt,0.05,1536,5,36,0
0000337_00500_d_0000037,yolo12n.pt,0.1,1536,5,29,0
0000337_00500_d_0000037,yolo12n.pt,0.15,1536,5,28,0
0000337_00500_d_0000037,yolo12n.pt,0.2,1536,5,24,0
0000337_00500_d_0000037,yolo12n.pt,0.25,1536,5,23,0
0000337_00500_d_0000037,yolo12n.pt,0.3,1536,5,22,0
0000337_00500_d_0000037,yolo12n.pt,0.4,1536,5,21,0
0000337_00500_d_0000037,yolo12n.pt,0.5,1536,5,18,0
0000337_01000_d_0000038,yolo12n.pt,0.05,640,8,35,0
0000337_01000_d_0000038,yolo12n.pt,0.1,640,8,27,0
0000337_01000_d_0000038,yolo12n.pt,0.15,640,8,23,0
0000337_01000_d_0000038,yolo12n.pt,0.2,640,8,19,0
0000337_01000_d_0000038,yolo12n.pt,0.25,640,8,19,0
0000337_01000_d_0000038,yolo12n.pt,0.3,640,8,17,0
0000337_01000_d_0000038,yolo12n.pt,0.4,640,8,13,0
0000337_01000_d_0000038,yolo12n.pt,0.5,640,8,11,0
0000337_01000_d_0000038,yolo12n.pt,0.05,1024,8,38,0
0000337_01000_d_0000038,yolo12n.pt,0.1,1024,8,34,0
0000337_01000_d_0000038,yolo12n.pt,0.15,1024,8,31,0
0000337_01000_d_0000038,yolo12n.pt,0.2,1024,8,28,0
0000337_01000_d_0000038,yolo12n.pt,0.25,1024,8,27,0
0000337_01000_d_0000038,yolo12n.pt,0.3,1024,8,25,0
0000337_01000_d_0000038,yolo12n.pt,0.4,1024,8,22,0
0000337_01000_d_0000038,yolo12n.pt,0.5,1024,8,19,0
0000337_01000_d_0000038,yolo12n.pt,0.05,1536,8,41,0
0000337_01000_d_0000038,yolo12n.pt,0.1,1536,8,33,0
0000337_01000_d_0000038,yolo12n.pt,0.15,1536,8,32,0
0000337_01000_d_0000038,yolo12n.pt,0.2,1536,8,32,0
0000337_01000_d_0000038,yolo12n.pt,0.25,1536,8,31,0
0000337_01000_d_0000038,yolo12n.pt,0.3,1536,8,31,0
0000337_01000_d_0000038,yolo12n.pt,0.4,1536,8,28,0
0000337_01000_d_0000038,yolo12n.pt,0.5,1536,8,25,0
0000337_01500_d_0000039,yolo12n.pt,0.05,640,18,39,0
0000337_01500_d_0000039,yolo12n.pt,0.1,640,18,32,0
0000337_01500_d_0000039,yolo12n.pt,0.15,640,18,28,0
0000337_01500_d_0000039,yolo12n.pt,0.2,640,18,24,0
0000337_01500_d_0000039,yolo12n.pt,0.25,640,18,19,0
0000337_01500_d_0000039,yolo12n.pt,0.3,640,18,19,0
0000337_01500_d_0000039,yolo12n.pt,0.4,640,18,16,0
0000337_01500_d_0000039,yolo12n.pt,0.5,640,18,12,0
0000337_01500_d_0000039,yolo12n.pt,0.05,1024,18,47,0
0000337_01500_d_0000039,yolo12n.pt,0.1,1024,18,38,0
0000337_01500_d_0000039,yolo12n.pt,0.15,1024,18,33,0
0000337_01500_d_0000039,yolo12n.pt,0.2,1024,18,32,0
0000337_01500_d_0000039,yolo12n.pt,0.25,1024,18,30,0
0000337_01500_d_0000039,yolo12n.pt,0.3,1024,18,30,0
0000337_01500_d_0000039,yolo12n.pt,0.4,1024,18,28,0
0000337_01500_d_0000039,yolo12n.pt,0.5,1024,18,25,0
0000337_01500_d_0000039,yolo12n.pt,0.05,1536,18,38,0
0000337_01500_d_0000039,yolo12n.pt,0.1,1536,18,36,0
0000337_01500_d_0000039,yolo12n.pt,0.15,1536,18,33,0
0000337_01500_d_0000039,yolo12n.pt,0.2,1536,18,33,0
0000337_01500_d_0000039,yolo12n.pt,0.25,1536,18,33,0
0000337_01500_d_0000039,yolo12n.pt,0.3,1536,18,31,0
0000337_01500_d_0000039,yolo12n.pt,0.4,1536,18,28,0
0000337_01500_d_0000039,yolo12n.pt,0.5,1536,18,27,0
0000337_02500_d_0000041,yolo12n.pt,0.05,640,13,15,0
0000337_02500_d_0000041,yolo12n.pt,0.1,640,13,14,0
0000337_02500_d_0000041,yolo12n.pt,0.15,640,13,13,0
0000337_02500_d_0000041,yolo12n.pt,0.2,640,13,12,0
0000337_02500_d_0000041,yolo12n.pt,0.25,640,13,11,0
0000337_02500_d_0000041,yolo12n.pt,0.3,640,13,10,0
0000337_02500_d_0000041,yolo12n.pt,0.4,640,13,7,0
0000337_02500_d_0000041,yolo12n.pt,0.5,640,13,6,0
0000337_02500_d_0000041,yolo12n.pt,0.05,1024,13,22,0
0000337_02500_d_0000041,yolo12n.pt,0.1,1024,13,20,0
0000337_02500_d_0000041,yolo12n.pt,0.15,1024,13,19,0
0000337_02500_d_0000041,yolo12n.pt,0.2,1024,13,19,0
0000337_02500_d_0000041,yolo12n.pt,0.25,1024,13,19,0
0000337_02500_d_0000041,yolo12n.pt,0.3,1024,13,18,0
0000337_02500_d_0000041,yolo12n.pt,0.4,1024,13,13,0
0000337_02500_d_0000041,yolo12n.pt,0.5,1024,13,13,0
0000337_02500_d_0000041,yolo12n.pt,0.05,1536,13,23,1
0000337_02500_d_0000041,yolo12n.pt,0.1,1536,13,23,1
0000337_02500_d_0000041,yolo12n.pt,0.15,1536,13,18,0
0000337_02500_d_0000041,yolo12n.pt,0.2,1536,13,18,0
0000337_02500_d_0000041,yolo12n.pt,0.25,1536,13,18,0
0000337_02500_d_0000041,yolo12n.pt,0.3,1536,13,18,0
0000337_02500_d_0000041,yolo12n.pt,0.4,1536,13,17,0
0000337_02500_d_0000041,yolo12n.pt,0.5,1536,13,13,0
0000337_03000_d_0000042,yolo12n.pt,0.05,640,15,12,0
0000337_03000_d_0000042,yolo12n.pt,0.1,640,15,9,0
0000337_03000_d_0000042,yolo12n.pt,0.15,640,15,9,0
0000337_03000_d_0000042,yolo12n.pt,0.2,640,15,8,0
0000337_03000_d_0000042,yolo12n.pt,0.25,640,15,8,0
0000337_03000_d_0000042,yolo12n.pt,0.3,640,15,8,0
0000337_03000_d_0000042,yolo12n.pt,0.4,640,15,7,0
0000337_03000_d_0000042,yolo12n.pt,0.5,640,15,5,0
0000337_03000_d_0000042,yolo12n.pt,0.05,1024,15,13,0
0000337_03000_d_0000042,yolo12n.pt,0.1,1024,15,11,0
0000337_03000_d_0000042,yolo12n.pt,0.15,1024,15,11,0
0000337_03000_d_0000042,yolo12n.pt,0.2,1024,15,10,0
0000337_03000_d_0000042,yolo12n.pt,0.25,1024,15,10,0
0000337_03000_d_0000042,yolo12n.pt,0.3,1024,15,9,0
0000337_03000_d_0000042,yolo12n.pt,0.4,1024,15,8,0
0000337_03000_d_0000042,yolo12n.pt,0.5,1024,15,7,0
0000337_03000_d_0000042,yolo12n.pt,0.05,1536,15,14,0
0000337_03000_d_0000042,yolo12n.pt,0.1,1536,15,13,0
0000337_03000_d_0000042,yolo12n.pt,0.15,1536,15,13,0
0000337_03000_d_0000042,yolo12n.pt,0.2,1536,15,12,0
0000337_03000_d_0000042,yolo12n.pt,0.25,1536,15,10,0
0000337_03000_d_0000042,yolo12n.pt,0.3,1536,15,10,0
0000337_03000_d_0000042,yolo12n.pt,0.4,1536,15,9,0
0000337_03000_d_0000042,yolo12n.pt,0.5,1536,15,9,0
0000337_03500_d_0000043,yolo12n.pt,0.05,640,6,8,0
0000337_03500_d_0000043,yolo12n.pt,0.1,640,6,7,0
0000337_03500_d_0000043,yolo12n.pt,0.15,640,6,6,0
0000337_03500_d_0000043,yolo12n.pt,0.2,640,6,6,0
0000337_03500_d_0000043,yolo12n.pt,0.25,640,6,6,0
0000337_03500_d_0000043,yolo12n.pt,0.3,640,6,6,0
0000337_03500_d_0000043,yolo12n.pt,0.4,640,6,6,0
0000337_03500_d_0000043,yolo12n.pt,0.5,640,6,5,0
0000337_03500_d_0000043,yolo12n.pt,0.05,1024,6,11,0
0000337_03500_d_0000043,yolo12n.pt,0.1,1024,6,8,0
0000337_03500_d_0000043,yolo12n.pt,0.15,1024,6,8,0
0000337_03500_d_0000043,yolo12n.pt,0.2,1024,6,8,0
0000337_03500_d_0000043,yolo12n.pt,0.25,1024,6,7,0
0000337_03500_d_0000043,yolo12n.pt,0.3,1024,6,7,0
0000337_03500_d_0000043,yolo12n.pt,0.4,1024,6,7,0
0000337_03500_d_0000043,yolo12n.pt,0.5,1024,6,7,0
0000337_03500_d_0000043,yolo12n.pt,0.05,1536,6,11,0
0000337_03500_d_0000043,yolo12n.pt,0.1,1536,6,9,0
0000337_03500_d_0000043,yolo12n.pt,0.15,1536,6,8,0
0000337_03500_d_0000043,yolo12n.pt,0.2,1536,6,8,0
0000337_03500_d_0000043,yolo12n.pt,0.25,1536,6,7,0
0000337_03500_d_0000043,yolo12n.pt,0.3,1536,6,7,0
0000337_03500_d_0000043,yolo12n.pt,0.4,1536,6,7,0
0000337_03500_d_0000043,yolo12n.pt,0.5,1536,6,7,0
0000337_04000_d_0000044,yolo12n.pt,0.05,640,2,12,0
0000337_04000_d_0000044,yolo12n.pt,0.1,640,2,9,0
0000337_04000_d_0000044,yolo12n.pt,0.15,640,2,6,0
0000337_04000_d_0000044,yolo12n.pt,0.2,640,2,4,0
0000337_04000_d_0000044,yolo12n.pt,0.25,640,2,3,0
0000337_04000_d_0000044,yolo12n.pt,0.3,640,2,2,0
0000337_04000_d_0000044,yolo12n.pt,0.4,640,2,0,0
0000337_04000_d_0000044,yolo12n.pt,0.5,640,2,0,0
0000337_04000_d_0000044,yolo12n.pt,0.05,1024,2,12,0
0000337_04000_d_0000044,yolo12n.pt,0.1,1024,2,10,0
0000337_04000_d_0000044,yolo12n.pt,0.15,1024,2,8,0
0000337_04000_d_0000044,yolo12n.pt,0.2,1024,2,8,0
0000337_04000_d_0000044,yolo12n.pt,0.25,1024,2,6,0
0000337_04000_d_0000044,yolo12n.pt,0.3,1024,2,6,0
0000337_04000_d_0000044,yolo12n.pt,0.4,1024,2,6,0
0000337_04000_d_0000044,yolo12n.pt,0.5,1024,2,5,0
0000337_04000_d_0000044,yolo12n.pt,0.05,1536,2,10,0
0000337_04000_d_0000044,yolo12n.pt,0.1,1536,2,10,0
0000337_04000_d_0000044,yolo12n.pt,0.15,1536,2,9,0
0000337_04000_d_0000044,yolo12n.pt,0.2,1536,2,9,0
0000337_04000_d_0000044,yolo12n.pt,0.25,1536,2,9,0
0000337_04000_d_0000044,yolo12n.pt,0.3,1536,2,8,0
0000337_04000_d_0000044,yolo12n.pt,0.4,1536,2,7,0
0000337_04000_d_0000044,yolo12n.pt,0.5,1536,2,6,0
0000347_00800_d_0000049,yolo12n.pt,0.05,640,18,49,2
0000347_00800_d_0000049,yolo12n.pt,0.1,640,18,38,2
0000347_00800_d_0000049,yolo12n.pt,0.15,640,18,31,2
0000347_00800_d_0000049,yolo12n.pt,0.2,640,18,26,2
0000347_00800_d_0000049,yolo12n.pt,0.25,640,18,21,2
0000347_00800_d_0000049,yolo12n.pt,0.3,640,18,19,1
0000347_00800_d_0000049,yolo12n.pt,0.4,640,18,15,1
0000347_00800_d_0000049,yolo12n.pt,0.5,640,18,13,0
0000347_00800_d_0000049,yolo12n.pt,0.05,1024,18,71,12
0000347_00800_d_0000049,yolo12n.pt,0.1,1024,18,55,9
0000347_00800_d_0000049,yolo12n.pt,0.15,1024,18,46,8
0000347_00800_d_0000049,yolo12n.pt,0.2,1024,18,42,8
0000347_00800_d_0000049,yolo12n.pt,0.25,1024,18,34,8
0000347_00800_d_0000049,yolo12n.pt,0.3,1024,18,28,6
0000347_00800_d_0000049,yolo12n.pt,0.4,1024,18,26,5
0000347_00800_d_0000049,yolo12n.pt,0.5,1024,18,18,3
0000347_00800_d_0000049,yolo12n.pt,0.05,1536,18,97,21
0000347_00800_d_0000049,yolo12n.pt,0.1,1536,18,71,13
0000347_00800_d_0000049,yolo12n.pt,0.15,1536,18,56,10
0000347_00800_d_0000049,yolo12n.pt,0.2,1536,18,50,8
0000347_00800_d_0000049,yolo12n.pt,0.25,1536,18,46,7
0000347_00800_d_0000049,yolo12n.pt,0.3,1536,18,41,6
0000347_00800_d_0000049,yolo12n.pt,0.4,1536,18,37,6
0000347_00800_d_0000049,yolo12n.pt,0.5,1536,18,28,3
0000353_00500_d_0000189,yolo12n.pt,0.05,640,17,29,0
0000353_00500_d_0000189,yolo12n.pt,0.1,640,17,23,0
0000353_00500_d_0000189,yolo12n.pt,0.15,640,17,21,0
0000353_00500_d_0000189,yolo12n.pt,0.2,640,17,19,0
0000353_00500_d_0000189,yolo12n.pt,0.25,640,17,17,0
0000353_00500_d_0000189,yolo12n.pt,0.3,640,17,14,0
0000353_00500_d_0000189,yolo12n.pt,0.4,640,17,12,0
0000353_00500_d_0000189,yolo12n.pt,0.5,640,17,6,0
0000353_00500_d_0000189,yolo12n.pt,0.05,1024,17,44,9
0000353_00500_d_0000189,yolo12n.pt,0.1,1024,17,37,6
0000353_00500_d_0000189,yolo12n.pt,0.15,1024,17,28,2
0000353_00500_d_0000189,yolo12n.pt,0.2,1024,17,25,2
0000353_00500_d_0000189,yolo12n.pt,0.25,1024,17,25,2
0000353_00500_d_0000189,yolo12n.pt,0.3,1024,17,21,2
0000353_00500_d_0000189,yolo12n.pt,0.4,1024,17,18,1
0000353_00500_d_0000189,yolo12n.pt,0.5,1024,17,18,1
0000353_00500_d_0000189,yolo12n.pt,0.05,1536,17,82,23
0000353_00500_d_0000189,yolo12n.pt,0.1,1536,17,55,10
0000353_00500_d_0000189,yolo12n.pt,0.15,1536,17,48,9
0000353_00500_d_0000189,yolo12n.pt,0.2,1536,17,41,7
0000353_00500_d_0000189,yolo12n.pt,0.25,1536,17,36,5
0000353_00500_d_0000189,yolo12n.pt,0.3,1536,17,33,5
0000353_00500_d_0000189,yolo12n.pt,0.4,1536,17,23,3
0000353_00500_d_0000189,yolo12n.pt,0.5,1536,17,21,2
0000353_01000_d_0000190,yolo12n.pt,0.05,640,30,38,12
0000353_01000_d_0000190,yolo12n.pt,0.1,640,30,26,9
0000353_01000_d_0000190,yolo12n.pt,0.15,640,30,25,8
0000353_01000_d_0000190,yolo12n.pt,0.2,640,30,20,5
0000353_01000_d_0000190,yolo12n.pt,0.25,640,30,20,5
0000353_01000_d_0000190,yolo12n.pt,0.3,640,30,17,3
0000353_01000_d_0000190,yolo12n.pt,0.4,640,30,12,1
0000353_01000_d_0000190,yolo12n.pt,0.5,640,30,6,0
0000353_01000_d_0000190,yolo12n.pt,0.05,1024,30,53,18
0000353_01000_d_0000190,yolo12n.pt,0.1,1024,30,39,15
0000353_01000_d_0000190,yolo12n.pt,0.15,1024,30,33,11
0000353_01000_d_0000190,yolo12n.pt,0.2,1024,30,29,9
0000353_01000_d_0000190,yolo12n.pt,0.25,1024,30,27,8
0000353_01000_d_0000190,yolo12n.pt,0.3,1024,30,25,6
0000353_01000_d_0000190,yolo12n.pt,0.4,1024,30,22,5
0000353_01000_d_0000190,yolo12n.pt,0.5,1024,30,18,3
0000353_01000_d_0000190,yolo12n.pt,0.05,1536,30,92,47
0000353_01000_d_0000190,yolo12n.pt,0.1,1536,30,60,28
0000353_01000_d_0000190,yolo12n.pt,0.15,1536,30,55,23
0000353_01000_d_0000190,yolo12n.pt,0.2,1536,30,46,16
0000353_01000_d_0000190,yolo12n.pt,0.25,1536,30,42,12
0000353_01000_d_0000190,yolo12n.pt,0.3,1536,30,41,11
0000353_01000_d_0000190,yolo12n.pt,0.4,1536,30,33,9
0000353_01000_d_0000190,yolo12n.pt,0.5,1536,30,28,6
0000353_01500_d_0000191,yolo12n.pt,0.05,640,24,28,5
0000353_01500_d_0000191,yolo12n.pt,0.1,640,24,20,3
0000353_01500_d_0000191,yolo12n.pt,0.15,640,24,15,2
0000353_01500_d_0000191,yolo12n.pt,0.2,640,24,13,1
0000353_01500_d_0000191,yolo12n.pt,0.25,640,24,13,1
0000353_01500_d_0000191,yolo12n.pt,0.3,640,24,13,1
0000353_01500_d_0000191,yolo12n.pt,0.4,640,24,12,1
0000353_01500_d_0000191,yolo12n.pt,0.5,640,24,9,1
0000353_01500_d_0000191,yolo12n.pt,0.05,1024,24,47,17
0000353_01500_d_0000191,yolo12n.pt,0.1,1024,24,36,12
0000353_01500_d_0000191,yolo12n.pt,0.15,1024,24,30,10
0000353_01500_d_0000191,yolo12n.pt,0.2,1024,24,25,6
0000353_01500_d_0000191,yolo12n.pt,0.25,1024,24,21,4
0000353_01500_d_0000191,yolo12n.pt,0.3,1024,24,18,3
0000353_01500_d_0000191,yolo12n.pt,0.4,1024,24,17,3
0000353_01500_d_0000191,yolo12n.pt,0.5,1024,24,16,2
0000353_01500_d_0000191,yolo12n.pt,0.05,1536,24,76,28
0000353_01500_d_0000191,yolo12n.pt,0.1,1536,24,46,17
0000353_01500_d_0000191,yolo12n.pt,0.15,1536,24,41,14
0000353_01500_d_0000191,yolo12n.pt,0.2,1536,24,37,13
0000353_01500_d_0000191,yolo12n.pt,0.25,1536,24,32,11
0000353_01500_d_0000191,yolo12n.pt,0.3,1536,24,30,11
0000353_01500_d_0000191,yolo12n.pt,0.4,1536,24,25,7
0000353_01500_d_0000191,yolo12n.pt,0.5,1536,24,22,5
0000353_05500_d_0000199,yolo12n.pt,0.05,640,8,19,0
0000353_05500_d_0000199,yolo12n.pt,0.1,640,8,13,0
0000353_05500_d_0000199,yolo12n.pt,0.15,640,8,13,0
0000353_05500_d_0000199,yolo12n.pt,0.2,640,8,13,0
0000353_05500_d_0000199,yolo12n.pt,0.25,640,8,11,0
0000353_05500_d_0000199,yolo12n.pt,0.3,640,8,9,0
0000353_05500_d_0000199,yolo12n.pt,0.4,640,8,8,0
0000353_05500_d_0000199,yolo12n.pt,0.5,640,8,7,0
0000353_05500_d_0000199,yolo12n.pt,0.05,1024,8,36,7
0000353_05500_d_0000199,yolo12n.pt,0.1,1024,8,22,2
0000353_05500_d_0000199,yolo12n.pt,0.15,1024,8,15,0
0000353_05500_d_0000199,yolo12n.pt,0.2,1024,8,15,0
0000353_05500_d_0000199,yolo12n.pt,0.25,1024,8,13,0
0000353_05500_d_0000199,yolo12n.pt,0.3,1024,8,12,0
0000353_05500_d_0000199,yolo12n.pt,0.4,1024,8,12,0
0000353_05500_d_0000199,yolo12n.pt,0.5,1024,8,11,0
0000353_05500_d_0000199,yolo12n.pt,0.05,1536,8,48,12
0000353_05500_d_0000199,yolo12n.pt,0.1,1536,8,30,2
0000353_05500_d_0000199,yolo12n.pt,0.15,1536,8,27,1
0000353_05500_d_0000199,yolo12n.pt,0.2,1536,8,26,1
0000353_05500_d_0000199,yolo12n.pt,0.25,1536,8,22,1
0000353_05500_d_0000199,yolo12n.pt,0.3,1536,8,21,1
0000353_05500_d_0000199,yolo12n.pt,0.4,1536,8,17,0
0000353_05500_d_0000199,yolo12n.pt,0.5,1536,8,16,0
0000355_00000_d_0000206,yolo12n.pt,0.05,640,8,40,4
0000355_00000_d_0000206,yolo12n.pt,0.1,640,8,26,4
0000355_00000_d_0000206,yolo12n.pt,0.15,640,8,20,3
0000355_00000_d_0000206,yolo12n.pt,0.2,640,8,16,3
0000355_00000_d_0000206,yolo12n.pt,0.25,640,8,12,2
0000355_00000_d_0000206,yolo12n.pt,0.3,640,8,11,1
0000355_00000_d_0000206,yolo12n.pt,0.4,640,8,4,0
0000355_00000_d_0000206,yolo12n.pt,0.5,640,8,3,0
0000355_00000_d_0000206,yolo12n.pt,0.05,1024,8,47,2
0000355_00000_d_0000206,yolo12n.pt,0.1,1024,8,29,1
0000355_00000_d_0000206,yolo12n.pt,0.15,1024,8,21,1
0000355_00000_d_0000206,yolo12n.pt,0.2,1024,8,17,1
0000355_00000_d_0000206,yolo12n.pt,0.25,1024,8,14,1
0000355_00000_d_0000206,yolo12n.pt,0.3,1024,8,13,1
0000355_00000_d_0000206,yolo12n.pt,0.4,1024,8,8,1
0000355_00000_d_0000206,yolo12n.pt,0.5,1024,8,6,0
0000355_00000_d_0000206,yolo12n.pt,0.05,1536,8,70,4
0000355_00000_d_0000206,yolo12n.pt,0.1,1536,8,39,1
0000355_00000_d_0000206,yolo12n.pt,0.15,1536,8,31,1
0000355_00000_d_0000206,yolo12n.pt,0.2,1536,8,25,1
0000355_00000_d_0000206,yolo12n.pt,0.25,1536,8,21,1
0000355_00000_d_0000206,yolo12n.pt,0.3,1536,8,14,1
0000355_00000_d_0000206,yolo12n.pt,0.4,1536,8,9,1
0000355_00000_d_0000206,yolo12n.pt,0.5,1536,8,7,1
0000355_02500_d_0000211,yolo12n.pt,0.05,640,1,11,0
0000355_02500_d_0000211,yolo12n.pt,0.1,640,1,4,0
0000355_02500_d_0000211,yolo12n.pt,0.15,640,1,3,0
0000355_02500_d_0000211,yolo12n.pt,0.2,640,1,3,0
0000355_02500_d_0000211,yolo12n.pt,0.25,640,1,3,0
0000355_02500_d_0000211,yolo12n.pt,0.3,640,1,3,0
0000355_02500_d_0000211,yolo12n.pt,0.4,640,1,2,0
0000355_02500_d_0000211,yolo12n.pt,0.5,640,1,1,0
0000355_02500_d_0000211,yolo12n.pt,0.05,1024,1,9,1
0000355_02500_d_0000211,yolo12n.pt,0.1,1024,1,8,1
0000355_02500_d_0000211,yolo12n.pt,0.15,1024,1,5,1
0000355_02500_d_0000211,yolo12n.pt,0.2,1024,1,3,1
0000355_02500_d_0000211,yolo12n.pt,0.25,1024,1,3,1
0000355_02500_d_0000211,yolo12n.pt,0.3,1024,1,2,0
0000355_02500_d_0000211,yolo12n.pt,0.4,1024,1,2,0
0000355_02500_d_0000211,yolo12n.pt,0.5,1024,1,2,0
0000355_02500_d_0000211,yolo12n.pt,0.05,1536,1,29,1
0000355_02500_d_0000211,yolo12n.pt,0.1,1536,1,15,1
0000355_02500_d_0000211,yolo12n.pt,0.15,1536,1,10,1
0000355_02500_d_0000211,yolo12n.pt,0.2,1536,1,7,1
0000355_02500_d_0000211,yolo12n.pt,0.25,1536,1,5,0
0000355_02500_d_0000211,yolo12n.pt,0.3,1536,1,4,0
0000355_02500_d_0000211,yolo12n.pt,0.4,1536,1,2,0
0000355_02500_d_0000211,yolo12n.pt,0.5,1536,1,2,0
0000365_00000_d_0000223,yolo12n.pt,0.05,640,38,76,15
0000365_00000_d_0000223,yolo12n.pt,0.1,640,38,39,8
0000365_00000_d_0000223,yolo12n.pt,0.15,640,38,30,6
0000365_00000_d_0000223,yolo12n.pt,0.2,640,38,23,5
0000365_00000_d_0000223,yolo12n.pt,0.25,640,38,20,5
0000365_00000_d_0000223,yolo12n.pt,0.3,640,38,14,3
0000365_00000_d_0000223,yolo12n.pt,0.4,640,38,11,1
0000365_00000_d_0000223,yolo12n.pt,0.5,640,38,9,1
0000365_00000_d_0000223,yolo12n.pt,0.05,1024,38,82,23
0000365_00000_d_0000223,yolo12n.pt,0.1,1024,38,47,14
0000365_00000_d_0000223,yolo12n.pt,0.15,1024,38,31,9
0000365_00000_d_0000223,yolo12n.pt,0.2,1024,38,25,8
0000365_00000_d_0000223,yolo12n.pt,0.25,1024,38,20,8
0000365_00000_d_0000223,yolo12n.pt,0.3,1024,38,20,8
0000365_00000_d_0000223,yolo12n.pt,0.4,1024,38,13,4
0000365_00000_d_0000223,yolo12n.pt,0.5,1024,38,9,1
0000365_00000_d_0000223,yolo12n.pt,0.05,1536,38,171,66
0000365_00000_d_0000223,yolo12n.pt,0.1,1536,38,83,27
0000365_00000_d_0000223,yolo12n.pt,0.15,1536,38,61,19
0000365_00000_d_0000223,yolo12n.pt,0.2,1536,38,44,14
0000365_00000_d_0000223,yolo12n.pt,0.25,1536,38,30,12
0000365_00000_d_0000223,yolo12n.pt,0.3,1536,38,25,11
0000365_00000_d_0000223,yolo12n.pt,0.4,1536,38,17,8
0000365_00000_d_0000223,yolo12n.pt,0.5,1536,38,13,6
9999938_00000_d_0000002,yolo12n.pt,0.05,640,26,23,1
9999938_00000_d_0000002,yolo12n.pt,0.1,640,26,13,0
9999938_00000_d_0000002,yolo12n.pt,0.15,640,26,6,0
9999938_00000_d_0000002,yolo12n.pt,0.2,640,26,6,0
9999938_00000_d_0000002,yolo12n.pt,0.25,640,26,4,0
9999938_00000_d_0000002,yolo12n.pt,0.3,640,26,2,0
9999938_00000_d_0000002,yolo12n.pt,0.4,640,26,1,0
9999938_00000_d_0000002,yolo12n.pt,0.5,640,26,0,0
9999938_00000_d_0000002,yolo12n.pt,0.05,1024,26,26,2
9999938_00000_d_0000002,yolo12n.pt,0.1,1024,26,14,1
9999938_00000_d_0000002,yolo12n.pt,0.15,1024,26,5,1
9999938_00000_d_0000002,yolo12n.pt,0.2,1024,26,4,1
9999938_00000_d_0000002,yolo12n.pt,0.25,1024,26,2,0
9999938_00000_d_0000002,yolo12n.pt,0.3,1024,26,2,0
9999938_00000_d_0000002,yolo12n.pt,0.4,1024,26,1,0
9999938_00000_d_0000002,yolo12n.pt,0.5,1024,26,1,0
9999938_00000_d_0000002,yolo12n.pt,0.05,1536,26,52,11
9999938_00000_d_0000002,yolo12n.pt,0.1,1536,26,30,6
9999938_00000_d_0000002,yolo12n.pt,0.15,1536,26,15,2
9999938_00000_d_0000002,yolo12n.pt,0.2,1536,26,12,1
9999938_00000_d_0000002,yolo12n.pt,0.25,1536,26,11,1
9999938_00000_d_0000002,yolo12n.pt,0.3,1536,26,10,1
9999938_00000_d_0000002,yolo12n.pt,0.4,1536,26,8,1
9999938_00000_d_0000002,yolo12n.pt,0.5,1536,26,3,0
9999938_00000_d_0000003,yolo12n.pt,0.05,640,11,2,0
9999938_00000_d_0000003,yolo12n.pt,0.1,640,11,0,0
9999938_00000_d_0000003,yolo12n.pt,0.15,640,11,0,0
9999938_00000_d_0000003,yolo12n.pt,0.2,640,11,0,0
9999938_00000_d_0000003,yolo12n.pt,0.25,640,11,0,0
9999938_00000_d_0000003,yolo12n.pt,0.3,640,11,0,0
9999938_00000_d_0000003,yolo12n.pt,0.4,640,11,0,0
9999938_00000_d_0000003,yolo12n.pt,0.5,640,11,0,0
9999938_00000_d_0000003,yolo12n.pt,0.05,1024,11,2,0
9999938_00000_d_0000003,yolo12n.pt,0.1,1024,11,1,0
9999938_00000_d_0000003,yolo12n.pt,0.15,1024,11,0,0
9999938_00000_d_0000003,yolo12n.pt,0.2,1024,11,0,0
9999938_00000_d_0000003,yolo12n.pt,0.25,1024,11,0,0
9999938_00000_d_0000003,yolo12n.pt,0.3,1024,11,0,0
9999938_00000_d_0000003,yolo12n.pt,0.4,1024,11,0,0
9999938_00000_d_0000003,yolo12n.pt,0.5,1024,11,0,0
9999938_00000_d_0000003,yolo12n.pt,0.05,1536,11,15,2
9999938_00000_d_0000003,yolo12n.pt,0.1,1536,11,7,0
9999938_00000_d_0000003,yolo12n.pt,0.15,1536,11,5,0
9999938_00000_d_0000003,yolo12n.pt,0.2,1536,11,4,0
9999938_00000_d_0000003,yolo12n.pt,0.25,1536,11,2,0
9999938_00000_d_0000003,yolo12n.pt,0.3,1536,11,2,0
9999938_00000_d_0000003,yolo12n.pt,0.4,1536,11,0,0
9999938_00000_d_0000003,yolo12n.pt,0.5,1536,11,0,0
9999938_00000_d_0000010,yolo12n.pt,0.05,640,7,6,1
9999938_00000_d_0000010,yolo12n.pt,0.1,640,7,3,0
9999938_00000_d_0000010,yolo12n.pt,0.15,640,7,3,0
9999938_00000_d_0000010,yolo12n.pt,0.2,640,7,3,0
9999938_00000_d_0000010,yolo12n.pt,0.25,640,7,3,0
9999938_00000_d_0000010,yolo12n.pt,0.3,640,7,2,0
9999938_00000_d_0000010,yolo12n.pt,0.4,640,7,2,0
9999938_00000_d_0000010,yolo12n.pt,0.5,640,7,1,0
9999938_00000_d_0000010,yolo12n.pt,0.05,1024,7,5,0
9999938_00000_d_0000010,yolo12n.pt,0.1,1024,7,3,0
9999938_00000_d_0000010,yolo12n.pt,0.15,1024,7,2,0
9999938_00000_d_0000010,yolo12n.pt,0.2,1024,7,2,0
9999938_00000_d_0000010,yolo12n.pt,0.25,1024,7,2,0
9999938_00000_d_0000010,yolo12n.pt,0.3,1024,7,1,0
9999938_00000_d_0000010,yolo12n.pt,0.4,1024,7,0,0
9999938_00000_d_0000010,yolo12n.pt,0.5,1024,7,0,0
9999938_00000_d_0000010,yolo12n.pt,0.05,1536,7,13,0
9999938_00000_d_0000010,yolo12n.pt,0.1,1536,7,8,0
9999938_00000_d_0000010,yolo12n.pt,0.15,1536,7,7,0
9999938_00000_d_0000010,yolo12n.pt,0.2,1536,7,6,0
9999938_00000_d_0000010,yolo12n.pt,0.25,1536,7,6,0
9999938_00000_d_0000010,yolo12n.pt,0.3,1536,7,4,0
9999938_00000_d_0000010,yolo12n.pt,0.4,1536,7,2,0
9999938_00000_d_0000010,yolo12n.pt,0.5,1536,7,0,0
9999938_00000_d_0000018,yolo12n.pt,0.05,640,6,24,0
9999938_00000_d_0000018,yolo12n.pt,0.1,640,6,11,0
9999938_00000_d_0000018,yolo12n.pt,0.15,640,6,3,0
9999938_00000_d_0000018,yolo12n.pt,0.2,640,6,1,0
9999938_00000_d_0000018,yolo12n.pt,0.25,640,6,0,0
9999938_00000_d_0000018,yolo12n.pt,0.3,640,6,0,0
9999938_00000_d_0000018,yolo12n.pt,0.4,640,6,0,0
9999938_00000_d_0000018,yolo12n.pt,0.5,640,6,0,0
9999938_00000_d_0000018,yolo12n.pt,0.05,1024,6,60,6
9999938_00000_d_0000018,yolo12n.pt,0.1,1024,6,43,3
9999938_00000_d_0000018,yolo12n.pt,0.15,1024,6,33,1
9999938_00000_d_0000018,yolo12n.pt,0.2,1024,6,26,1
9999938_00000_d_0000018,yolo12n.pt,0.25,1024,6,20,1
9999938_00000_d_0000018,yolo12n.pt,0.3,1024,6,16,1
9999938_00000_d_0000018,yolo12n.pt,0.4,1024,6,9,1
9999938_00000_d_0000018,yolo12n.pt,0.5,1024,6,5,0
9999938_00000_d_0000018,yolo12n.pt,0.05,1536,6,70,3
9999938_00000_d_0000018,yolo12n.pt,0.1,1536,6,55,1
9999938_00000_d_0000018,yolo12n.pt,0.15,1536,6,48,1
9999938_00000_d_0000018,yolo12n.pt,0.2,1536,6,45,1
9999938_00000_d_0000018,yolo12n.pt,0.25,1536,6,42,1
9999938_00000_d_0000018,yolo12n.pt,0.3,1536,6,37,1
9999938_00000_d_0000018,yolo12n.pt,0.4,1536,6,26,1
9999938_00000_d_0000018,yolo12n.pt,0.5,1536,6,14,0
9999938_00000_d_0000030,yolo12n.pt,0.05,640,4,7,0
9999938_00000_d_0000030,yolo12n.pt,0.1,640,4,1,0
9999938_00000_d_0000030,yolo12n.pt,0.15,640,4,0,0
9999938_00000_d_0000030,yolo12n.pt,0.2,640,4,0,0
9999938_00000_d_0000030,yolo12n.pt,0.25,640,4,0,0
9999938_00000_d_0000030,yolo12n.pt,0.3,640,4,0,0
9999938_00000_d_0000030,yolo12n.pt,0.4,640,4,0,0
9999938_00000_d_0000030,yolo12n.pt,0.5,640,4,0,0
9999938_00000_d_0000030,yolo12n.pt,0.05,1024,4,18,7
9999938_00000_d_0000030,yolo12n.pt,0.1,1024,4,7,2
9999938_00000_d_0000030,yolo12n.pt,0.15,1024,4,3,0
9999938_00000_d_0000030,yolo12n.pt,0.2,1024,4,2,0
9999938_00000_d_0000030,yolo12n.pt,0.25,1024,4,2,0
9999938_00000_d_0000030,yolo12n.pt,0.3,1024,4,0,0
9999938_00000_d_0000030,yolo12n.pt,0.4,1024,4,0,0
9999938_00000_d_0000030,yolo12n.pt,0.5,1024,4,0,0
9999938_00000_d_0000030,yolo12n.pt,0.05,1536,4,28,12
9999938_00000_d_0000030,yolo12n.pt,0.1,1536,4,12,2
9999938_00000_d_0000030,yolo12n.pt,0.15,1536,4,8,1
9999938_00000_d_0000030,yolo12n.pt,0.2,1536,4,6,1
9999938_00000_d_0000030,yolo12n.pt,0.25,1536,4,5,1
9999938_00000_d_0000030,yolo12n.pt,0.3,1536,4,3,1
9999938_00000_d_0000030,yolo12n.pt,0.4,1536,4,2,0
9999938_00000_d_0000030,yolo12n.pt,0.5,1536,4,1,0
9999938_00000_d_0000031,yolo12n.pt,0.05,640,8,15,0
9999938_00000_d_0000031,yolo12n.pt,0.1,640,8,6,0
9999938_00000_d_0000031,yolo12n.pt,0.15,640,8,2,0
9999938_00000_d_0000031,yolo12n.pt,0.2,640,8,2,0
9999938_00000_d_0000031,yolo12n.pt,0.25,640,8,1,0
9999938_00000_d_0000031,yolo12n.pt,0.3,640,8,0,0
9999938_00000_d_0000031,yolo12n.pt,0.4,640,8,0,0
9999938_00000_d_0000031,yolo12n.pt,0.5,640,8,0,0
9999938_00000_d_0000031,yolo12n.pt,0.05,1024,8,22,0
9999938_00000_d_0000031,yolo12n.pt,0.1,1024,8,11,0
9999938_00000_d_0000031,yolo12n.pt,0.15,1024,8,5,0
9999938_00000_d_0000031,yolo12n.pt,0.2,1024,8,1,0
9999938_00000_d_0000031,yolo12n.pt,0.25,1024,8,1,0
9999938_00000_d_0000031,yolo12n.pt,0.3,1024,8,1,0
9999938_00000_d_0000031,yolo12n.pt,0.4,1024,8,0,0
9999938_00000_d_0000031,yolo12n.pt,0.5,1024,8,0,0
9999938_00000_d_0000031,yolo12n.pt,0.05,1536,8,42,0
9999938_00000_d_0000031,yolo12n.pt,0.1,1536,8,31,0
9999938_00000_d_0000031,yolo12n.pt,0.15,1536,8,27,0
9999938_00000_d_0000031,yolo12n.pt,0.2,1536,8,18,0
9999938_00000_d_0000031,yolo12n.pt,0.25,1536,8,13,0
9999938_00000_d_0000031,yolo12n.pt,0.3,1536,8,6,0
9999938_00000_d_0000031,yolo12n.pt,0.4,1536,8,2,0
9999938_00000_d_0000031,yolo12n.pt,0.5,1536,8,0,0
9999938_00000_d_0000032,yolo12n.pt,0.05,640,12,3,0
9999938_00000_d_0000032,yolo12n.pt,0.1,640,12,2,0
9999938_00000_d_0000032,yolo12n.pt,0.15,640,12,1,0
9999938_00000_d_0000032,yolo12n.pt,0.2,640,12,0,0
9999938_00000_d_0000032,yolo12n.pt,0.25,640,12,0,0
9999938_00000_d_0000032,yolo12n.pt,0.3,640,12,0,0
9999938_00000_d_0000032,yolo12n.pt,0.4,640,12,0,0
9999938_00000_d_0000032,yolo12n.pt,0.5,640,12,0,0
9999938_00000_d_0000032,yolo12n.pt,0.05,1024,12,5,0
9999938_00000_d_0000032,yolo12n.pt,0.1,1024,12,2,0
9999938_00000_d_0000032,yolo12n.pt,0.15,1024,12,1,0
9999938_00000_d_0000032,yolo12n.pt,0.2,1024,12,0,0
9999938_00000_d_0000032,yolo12n.pt,0.25,1024,12,0,0
9999938_00000_d_0000032,yolo12n.pt,0.3,1024,12,0,0
9999938_00000_d_0000032,yolo12n.pt,0.4,1024,12,0,0
9999938_00000_d_0000032,yolo12n.pt,0.5,1024,12,0,0
9999938_00000_d_0000032,yolo12n.pt,0.05,1536,12,5,0
9999938_00000_d_0000032,yolo12n.pt,0.1,1536,12,1,0
9999938_00000_d_0000032,yolo12n.pt,0.15,1536,12,1,0
9999938_00000_d_0000032,yolo12n.pt,0.2,1536,12,1,0
9999938_00000_d_0000032,yolo12n.pt,0.25,1536,12,1,0
9999938_00000_d_0000032,yolo12n.pt,0.3,1536,12,0,0
9999938_00000_d_0000032,yolo12n.pt,0.4,1536,12,0,0
9999938_00000_d_0000032,yolo12n.pt,0.5,1536,12,0,0
9999938_00000_d_0000034,yolo12n.pt,0.05,640,9,30,0
9999938_00000_d_0000034,yolo12n.pt,0.1,640,9,16,0
9999938_00000_d_0000034,yolo12n.pt,0.15,640,9,11,0
9999938_00000_d_0000034,yolo12n.pt,0.2,640,9,7,0
9999938_00000_d_0000034,yolo12n.pt,0.25,640,9,4,0
9999938_00000_d_0000034,yolo12n.pt,0.3,640,9,3,0
9999938_00000_d_0000034,yolo12n.pt,0.4,640,9,1,0
9999938_00000_d_0000034,yolo12n.pt,0.5,640,9,1,0
9999938_00000_d_0000034,yolo12n.pt,0.05,1024,9,27,1
9999938_00000_d_0000034,yolo12n.pt,0.1,1024,9,14,0
9999938_00000_d_0000034,yolo12n.pt,0.15,1024,9,12,0
9999938_00000_d_0000034,yolo12n.pt,0.2,1024,9,9,0
9999938_00000_d_0000034,yolo12n.pt,0.25,1024,9,6,0
9999938_00000_d_0000034,yolo12n.pt,0.3,1024,9,5,0
9999938_00000_d_0000034,yolo12n.pt,0.4,1024,9,3,0
9999938_00000_d_0000034,yolo12n.pt,0.5,1024,9,2,0
9999938_00000_d_0000034,yolo12n.pt,0.05,1536,9,39,0
9999938_00000_d_0000034,yolo12n.pt,0.1,1536,9,26,0
9999938_00000_d_0000034,yolo12n.pt,0.15,1536,9,16,0
9999938_00000_d_0000034,yolo12n.pt,0.2,1536,9,13,0
9999938_00000_d_0000034,yolo12n.pt,0.25,1536,9,13,0
9999938_00000_d_0000034,yolo12n.pt,0.3,1536,9,10,0
9999938_00000_d_0000034,yolo12n.pt,0.4,1536,9,3,0
9999938_00000_d_0000034,yolo12n.pt,0.5,1536,9,1,0
9999938_00000_d_0000036,yolo12n.pt,0.05,640,13,21,1
9999938_00000_d_0000036,yolo12n.pt,0.1,640,13,15,0
9999938_00000_d_0000036,yolo12n.pt,0.15,640,13,9,0
9999938_00000_d_0000036,yolo12n.pt,0.2,640,13,7,0
9999938_00000_d_0000036,yolo12n.pt,0.25,640,13,3,0
9999938_00000_d_0000036,yolo12n.pt,0.3,640,13,2,0
9999938_00000_d_0000036,yolo12n.pt,0.4,640,13,1,0
9999938_00000_d_0000036,yolo12n.pt,0.5,640,13,1,0
9999938_00000_d_0000036,yolo12n.pt,0.05,1024,13,33,0
9999938_00000_d_0000036,yolo12n.pt,0.1,1024,13,19,0
9999938_00000_d_0000036,yolo12n.pt,0.15,1024,13,9,0
9999938_00000_d_0000036,yolo12n.pt,0.2,1024,13,5,0
9999938_00000_d_0000036,yolo12n.pt,0.25,1024,13,3,0
9999938_00000_d_0000036,yolo12n.pt,0.3,1024,13,3,0
9999938_00000_d_0000036,yolo12n.pt,0.4,1024,13,1,0
9999938_00000_d_0000036,yolo12n.pt,0.5,1024,13,1,0
9999938_00000_d_0000036,yolo12n.pt,0.05,1536,13,29,0
9999938_00000_d_0000036,yolo12n.pt,0.1,1536,13,22,0
9999938_00000_d_0000036,yolo12n.pt,0.15,1536,13,19,0
9999938_00000_d_0000036,yolo12n.pt,0.2,1536,13,16,0
9999938_00000_d_0000036,yolo12n.pt,0.25,1536,13,12,0
9999938_00000_d_0000036,yolo12n.pt,0.3,1536,13,9,0
9999938_00000_d_0000036,yolo12n.pt,0.4,1536,13,7,0
9999938_00000_d_0000036,yolo12n.pt,0.5,1536,13,4,0
9999938_00000_d_0000040,yolo12n.pt,0.05,640,12,0,0
9999938_00000_d_0000040,yolo12n.pt,0.1,640,12,0,0
9999938_00000_d_0000040,yolo12n.pt,0.15,640,12,0,0
9999938_00000_d_0000040,yolo12n.pt,0.2,640,12,0,0
9999938_00000_d_0000040,yolo12n.pt,0.25,640,12,0,0
9999938_00000_d_0000040,yolo12n.pt,0.3,640,12,0,0
9999938_00000_d_0000040,yolo12n.pt,0.4,640,12,0,0
9999938_00000_d_0000040,yolo12n.pt,0.5,640,12,0,0
9999938_00000_d_0000040,yolo12n.pt,0.05,1024,12,6,0
9999938_00000_d_0000040,yolo12n.pt,0.1,1024,12,5,0
9999938_00000_d_0000040,yolo12n.pt,0.15,1024,12,4,0
9999938_00000_d_0000040,yolo12n.pt,0.2,1024,12,2,0
9999938_00000_d_0000040,yolo12n.pt,0.25,1024,12,2,0
9999938_00000_d_0000040,yolo12n.pt,0.3,1024,12,2,0
9999938_00000_d_0000040,yolo12n.pt,0.4,1024,12,1,0
9999938_00000_d_0000040,yolo12n.pt,0.5,1024,12,0,0
9999938_00000_d_0000040,yolo12n.pt,0.05,1536,12,15,0
9999938_00000_d_0000040,yolo12n.pt,0.1,1536,12,6,0
9999938_00000_d_0000040,yolo12n.pt,0.15,1536,12,6,0
9999938_00000_d_0000040,yolo12n.pt,0.2,1536,12,4,0
9999938_00000_d_0000040,yolo12n.pt,0.25,1536,12,4,0
9999938_00000_d_0000040,yolo12n.pt,0.3,1536,12,3,0
9999938_00000_d_0000040,yolo12n.pt,0.4,1536,12,2,0
9999938_00000_d_0000040,yolo12n.pt,0.5,1536,12,0,0
9999938_00000_d_0000048,yolo12n.pt,0.05,640,10,1,1
9999938_00000_d_0000048,yolo12n.pt,0.1,640,10,0,0
9999938_00000_d_0000048,yolo12n.pt,0.15,640,10,0,0
9999938_00000_d_0000048,yolo12n.pt,0.2,640,10,0,0
9999938_00000_d_0000048,yolo12n.pt,0.25,640,10,0,0
9999938_00000_d_0000048,yolo12n.pt,0.3,640,10,0,0
9999938_00000_d_0000048,yolo12n.pt,0.4,640,10,0,0
9999938_00000_d_0000048,yolo12n.pt,0.5,640,10,0,0
9999938_00000_d_0000048,yolo12n.pt,0.05,1024,10,9,0
9999938_00000_d_0000048,yolo12n.pt,0.1,1024,10,4,0
9999938_00000_d_0000048,yolo12n.pt,0.15,1024,10,1,0
9999938_00000_d_0000048,yolo12n.pt,0.2,1024,10,1,0
9999938_00000_d_0000048,yolo12n.pt,0.25,1024,10,0,0
9999938_00000_d_0000048,yolo12n.pt,0.3,1024,10,0,0
9999938_00000_d_0000048,yolo12n.pt,0.4,1024,10,0,0
9999938_00000_d_0000048,yolo12n.pt,0.5,1024,10,0,0
9999938_00000_d_0000048,yolo12n.pt,0.05,1536,10,11,0
9999938_00000_d_0000048,yolo12n.pt,0.1,1536,10,6,0
9999938_00000_d_0000048,yolo12n.pt,0.15,1536,10,6,0
9999938_00000_d_0000048,yolo12n.pt,0.2,1536,10,4,0
9999938_00000_d_0000048,yolo12n.pt,0.25,1536,10,3,0
9999938_00000_d_0000048,yolo12n.pt,0.3,1536,10,2,0
9999938_00000_d_0000048,yolo12n.pt,0.4,1536,10,1,0
9999938_00000_d_0000048,yolo12n.pt,0.5,1536,10,0,0
9999938_00000_d_0000050,yolo12n.pt,0.05,640,6,12,0
9999938_00000_d_0000050,yolo12n.pt,0.1,640,6,6,0
9999938_00000_d_0000050,yolo12n.pt,0.15,640,6,6,0
9999938_00000_d_0000050,yolo12n.pt,0.2,640,6,5,0
9999938_00000_d_0000050,yolo12n.pt,0.25,640,6,4,0
9999938_00000_d_0000050,yolo12n.pt,0.3,640,6,3,0
9999938_00000_d_0000050,yolo12n.pt,0.4,640,6,2,0
9999938_00000_d_0000050,yolo12n.pt,0.5,640,6,0,0
9999938_00000_d_0000050,yolo12n.pt,0.05,1024,6,12,1
9999938_00000_d_0000050,yolo12n.pt,0.1,1024,6,9,1
9999938_00000_d_0000050,yolo12n.pt,0.15,1024,6,7,1
9999938_00000_d_0000050,yolo12n.pt,0.2,1024,6,6,0
9999938_00000_d_0000050,yolo12n.pt,0.25,1024,6,6,0
9999938_00000_d_0000050,yolo12n.pt,0.3,1024,6,6,0
9999938_00000_d_0000050,yolo12n.pt,0.4,1024,6,4,0
9999938_00000_d_0000050,yolo12n.pt,0.5,1024,6,2,0
9999938_00000_d_0000050,yolo12n.pt,0.05,1536,6,15,0
9999938_00000_d_0000050,yolo12n.pt,0.1,1536,6,11,0
9999938_00000_d_0000050,yolo12n.pt,0.15,1536,6,8,0
9999938_00000_d_0000050,yolo12n.pt,0.2,1536,6,8,0
9999938_00000_d_0000050,yolo12n.pt,0.25,1536,6,7,0
9999938_00000_d_0000050,yolo12n.pt,0.3,1536,6,7,0
9999938_00000_d_0000050,yolo12n.pt,0.4,1536,6,6,0
9999938_00000_d_0000050,yolo12n.pt,0.5,1536,6,6,0
9999938_00000_d_0000053,yolo12n.pt,0.05,640,18,4,0
9999938_00000_d_0000053,yolo12n.pt,0.1,640,18,3,0
9999938_00000_d_0000053,yolo12n.pt,0.15,640,18,2,0
9999938_00000_d_0000053,yolo12n.pt,0.2,640,18,1,0
9999938_00000_d_0000053,yolo12n.pt,0.25,640,18,1,0
9999938_00000_d_0000053,yolo12n.pt,0.3,640,18,1,0
9999938_00000_d_0000053,yolo12n.pt,0.4,640,18,0,0
9999938_00000_d_0000053,yolo12n.pt,0.5,640,18,0,0
9999938_00000_d_0000053,yolo12n.pt,0.05,1024,18,5,0
9999938_00000_d_0000053,yolo12n.pt,0.1,1024,18,2,0
9999938_00000_d_0000053,yolo12n.pt,0.15,1024,18,2,0
9999938_00000_d_0000053,yolo12n.pt,0.2,1024,18,1,0
9999938_00000_d_0000053,yolo12n.pt,0.25,1024,18,1,0
9999938_00000_d_0000053,yolo12n.pt,0.3,1024,18,1,0
9999938_00000_d_0000053,yolo12n.pt,0.4,1024,18,0,0
9999938_00000_d_0000053,yolo12n.pt,0.5,1024,18,0,0
9999938_00000_d_0000053,yolo12n.pt,0.05,1536,18,9,0
9999938_00000_d_0000053,yolo12n.pt,0.1,1536,18,5,0
9999938_00000_d_0000053,yolo12n.pt,0.15,1536,18,5,0
9999938_00000_d_0000053,yolo12n.pt,0.2,1536,18,1,0
9999938_00000_d_0000053,yolo12n.pt,0.25,1536,18,0,0
9999938_00000_d_0000053,yolo12n.pt,0.3,1536,18,0,0
9999938_00000_d_0000053,yolo12n.pt,0.4,1536,18,0,0
9999938_00000_d_0000053,yolo12n.pt,0.5,1536,18,0,0
9999938_00000_d_0000055,yolo12n.pt,0.05,640,5,4,0
9999938_00000_d_0000055,yolo12n.pt,0.1,640,5,2,0
9999938_00000_d_0000055,yolo12n.pt,0.15,640,5,1,0
9999938_00000_d_0000055,yolo12n.pt,0.2,640,5,1,0
9999938_00000_d_0000055,yolo12n.pt,0.25,640,5,1,0
9999938_00000_d_0000055,yolo12n.pt,0.3,640,5,1,0
9999938_00000_d_0000055,yolo12n.pt,0.4,640,5,1,0
9999938_00000_d_0000055,yolo12n.pt,0.5,640,5,1,0
9999938_00000_d_0000055,yolo12n.pt,0.05,1024,5,18,0
9999938_00000_d_0000055,yolo12n.pt,0.1,1024,5,11,0
9999938_00000_d_0000055,yolo12n.pt,0.15,1024,5,7,0
9999938_00000_d_0000055,yolo12n.pt,0.2,1024,5,4,0
9999938_00000_d_0000055,yolo12n.pt,0.25,1024,5,2,0
9999938_00000_d_0000055,yolo12n.pt,0.3,1024,5,1,0
9999938_00000_d_0000055,yolo12n.pt,0.4,1024,5,1,0
9999938_00000_d_0000055,yolo12n.pt,0.5,1024,5,0,0
9999938_00000_d_0000055,yolo12n.pt,0.05,1536,5,39,0
9999938_00000_d_0000055,yolo12n.pt,0.1,1536,5,21,0
9999938_00000_d_0000055,yolo12n.pt,0.15,1536,5,20,0
9999938_00000_d_0000055,yolo12n.pt,0.2,1536,5,18,0
9999938_00000_d_0000055,yolo12n.pt,0.25,1536,5,16,0
9999938_00000_d_0000055,yolo12n.pt,0.3,1536,5,16,0
9999938_00000_d_0000055,yolo12n.pt,0.4,1536,5,13,0
9999938_00000_d_0000055,yolo12n.pt,0.5,1536,5,9,0
9999938_00000_d_0000059,yolo12n.pt,0.05,640,15,9,0
9999938_00000_d_0000059,yolo12n.pt,0.1,640,15,3,0
9999938_00000_d_0000059,yolo12n.pt,0.15,640,15,2,0
9999938_00000_d_0000059,yolo12n.pt,0.2,640,15,2,0
9999938_00000_d_0000059,yolo12n.pt,0.25,640,15,0,0
9999938_00000_d_0000059,yolo12n.pt,0.3,640,15,0,0
9999938_00000_d_0000059,yolo12n.pt,0.4,640,15,0,0
9999938_00000_d_0000059,yolo12n.pt,0.5,640,15,0,0
9999938_00000_d_0000059,yolo12n.pt,0.05,1024,15,5,1
9999938_00000_d_0000059,yolo12n.pt,0.1,1024,15,1,0
9999938_00000_d_0000059,yolo12n.pt,0.15,1024,15,1,0
9999938_00000_d_0000059,yolo12n.pt,0.2,1024,15,0,0
9999938_00000_d_0000059,yolo12n.pt,0.25,1024,15,0,0
9999938_00000_d_0000059,yolo12n.pt,0.3,1024,15,0,0
9999938_00000_d_0000059,yolo12n.pt,0.4,1024,15,0,0
9999938_00000_d_0000059,yolo12n.pt,0.5,1024,15,0,0
9999938_00000_d_0000059,yolo12n.pt,0.05,1536,15,7,1
9999938_00000_d_0000059,yolo12n.pt,0.1,1536,15,6,1
9999938_00000_d_0000059,yolo12n.pt,0.15,1536,15,3,0
9999938_00000_d_0000059,yolo12n.pt,0.2,1536,15,3,0
9999938_00000_d_0000059,yolo12n.pt,0.25,1536,15,3,0
9999938_00000_d_0000059,yolo12n.pt,0.3,1536,15,3,0
9999938_00000_d_0000059,yolo12n.pt,0.4,1536,15,3,0
9999938_00000_d_0000059,yolo12n.pt,0.5,1536,15,2,0
9999938_00000_d_0000070,yolo12n.pt,0.05,640,4,5,0
9999938_00000_d_0000070,yolo12n.pt,0.1,640,4,3,0
9999938_00000_d_0000070,yolo12n.pt,0.15,640,4,1,0
9999938_00000_d_0000070,yolo12n.pt,0.2,640,4,0,0
9999938_00000_d_0000070,yolo12n.pt,0.25,640,4,0,0
9999938_00000_d_0000070,yolo12n.pt,0.3,640,4,0,0
9999938_00000_d_0000070,yolo12n.pt,0.4,640,4,0,0
9999938_00000_d_0000070,yolo12n.pt,0.5,640,4,0,0
9999938_00000_d_0000070,yolo12n.pt,0.05,1024,4,11,0
9999938_00000_d_0000070,yolo12n.pt,0.1,1024,4,8,0
9999938_00000_d_0000070,yolo12n.pt,0.15,1024,4,6,0
9999938_00000_d_0000070,yolo12n.pt,0.2,1024,4,6,0
9999938_00000_d_0000070,yolo12n.pt,0.25,1024,4,4,0
9999938_00000_d_0000070,yolo12n.pt,0.3,1024,4,3,0
9999938_00000_d_0000070,yolo12n.pt,0.4,1024,4,1,0
9999938_00000_d_0000070,yolo12n.pt,0.5,1024,4,1,0
9999938_00000_d_0000070,yolo12n.pt,0.05,1536,4,24,10
9999938_00000_d_0000070,yolo12n.pt,0.1,1536,4,15,6
9999938_00000_d_0000070,yolo12n.pt,0.15,1536,4,8,1
9999938_00000_d_0000070,yolo12n.pt,0.2,1536,4,7,1
9999938_00000_d_0000070,yolo12n.pt,0.25,1536,4,7,1
9999938_00000_d_0000070,yolo12n.pt,0.3,1536,4,7,1
9999938_00000_d_0000070,yolo12n.pt,0.4,1536,4,7,1
9999938_00000_d_0000070,yolo12n.pt,0.5,1536,4,7,1
9999938_00000_d_0000073,yolo12n.pt,0.05,640,54,14,3
9999938_00000_d_0000073,yolo12n.pt,0.1,640,54,7,1
9999938_00000_d_0000073,yolo12n.pt,0.15,640,54,3,0
9999938_00000_d_0000073,yolo12n.pt,0.2,640,54,1,0
9999938_00000_d_0000073,yolo12n.pt,0.25,640,54,1,0
9999938_00000_d_0000073,yolo12n.pt,0.3,640,54,1,0
9999938_00000_d_0000073,yolo12n.pt,0.4,640,54,0,0
9999938_00000_d_0000073,yolo12n.pt,0.5,640,54,0,0
9999938_00000_d_0000073,yolo12n.pt,0.05,1024,54,38,18
9999938_00000_d_0000073,yolo12n.pt,0.1,1024,54,14,5
9999938_00000_d_0000073,yolo12n.pt,0.15,1024,54,8,1
9999938_00000_d_0000073,yolo12n.pt,0.2,1024,54,7,1
9999938_00000_d_0000073,yolo12n.pt,0.25,1024,54,5,1
9999938_00000_d_0000073,yolo12n.pt,0.3,1024,54,4,1
9999938_00000_d_0000073,yolo12n.pt,0.4,1024,54,1,0
9999938_00000_d_0000073,yolo12n.pt,0.5,1024,54,0,0
9999938_00000_d_0000073,yolo12n.pt,0.05,1536,54,86,47
9999938_00000_d_0000073,yolo12n.pt,0.1,1536,54,44,23
9999938_00000_d_0000073,yolo12n.pt,0.15,1536,54,29,14
9999938_00000_d_0000073,yolo12n.pt,0.2,1536,54,20,7
9999938_00000_d_0000073,yolo12n.pt,0.25,1536,54,14,2
9999938_00000_d_0000073,yolo12n.pt,0.3,1536,54,10,2
9999938_00000_d_0000073,yolo12n.pt,0.4,1536,54,4,0
9999938_00000_d_0000073,yolo12n.pt,0.5,1536,54,3,0
9999938_00000_d_0000074,yolo12n.pt,0.05,640,40,14,0
9999938_00000_d_0000074,yolo12n.pt,0.1,640,40,7,0
9999938_00000_d_0000074,yolo12n.pt,0.15,640,40,4,0
9999938_00000_d_0000074,yolo12n.pt,0.2,640,40,1,0
9999938_00000_d_0000074,yolo12n.pt,0.25,640,40,1,0
9999938_00000_d_0000074,yolo12n.pt,0.3,640,40,1,0
9999938_00000_d_0000074,yolo12n.pt,0.4,640,40,0,0
9999938_00000_d_0000074,yolo12n.pt,0.5,640,40,0,0
9999938_00000_d_0000074,yolo12n.pt,0.05,1024,40,41,13
9999938_00000_d_0000074,yolo12n.pt,0.1,1024,40,19,5
9999938_00000_d_0000074,yolo12n.pt,0.15,1024,40,14,4
9999938_00000_d_0000074,yolo12n.pt,0.2,1024,40,11,3
9999938_00000_d_0000074,yolo12n.pt,0.25,1024,40,10,2
9999938_00000_d_0000074,yolo12n.pt,0.3,1024,40,9,1
9999938_00000_d_0000074,yolo12n.pt,0.4,1024,40,2,0
9999938_00000_d_0000074,yolo12n.pt,0.5,1024,40,1,0
9999938_00000_d_0000074,yolo12n.pt,0.05,1536,40,97,63
9999938_00000_d_0000074,yolo12n.pt,0.1,1536,40,56,33
9999938_00000_d_0000074,yolo12n.pt,0.15,1536,40,36,19
9999938_00000_d_0000074,yolo12n.pt,0.2,1536,40,24,14
9999938_00000_d_0000074,yolo12n.pt,0.25,1536,40,17,9
9999938_00000_d_0000074,yolo12n.pt,0.3,1536,40,13,7
9999938_00000_d_0000074,yolo12n.pt,0.4,1536,40,7,4
9999938_00000_d_0000074,yolo12n.pt,0.5,1536,40,3,1
9999938_00000_d_0000080,yolo12n.pt,0.05,640,89,28,3
9999938_00000_d_0000080,yolo12n.pt,0.1,640,89,10,1
9999938_00000_d_0000080,yolo12n.pt,0.15,640,89,7,1
9999938_00000_d_0000080,yolo12n.pt,0.2,640,89,3,0
9999938_00000_d_0000080,yolo12n.pt,0.25,640,89,1,0
9999938_00000_d_0000080,yolo12n.pt,0.3,640,89,1,0
9999938_00000_d_0000080,yolo12n.pt,0.4,640,89,0,0
9999938_00000_d_0000080,yolo12n.pt,0.5,640,89,0,0
9999938_00000_d_0000080,yolo12n.pt,0.05,1024,89,33,9
9999938_00000_d_0000080,yolo12n.pt,0.1,1024,89,18,3
9999938_00000_d_0000080,yolo12n.pt,0.15,1024,89,13,0
9999938_00000_d_0000080,yolo12n.pt,0.2,1024,89,8,0
9999938_00000_d_0000080,yolo12n.pt,0.25,1024,89,6,0
9999938_00000_d_0000080,yolo12n.pt,0.3,1024,89,5,0
9999938_00000_d_0000080,yolo12n.pt,0.4,1024,89,4,0
9999938_00000_d_0000080,yolo12n.pt,0.5,1024,89,1,0
9999938_00000_d_0000080,yolo12n.pt,0.05,1536,89,49,16
9999938_00000_d_0000080,yolo12n.pt,0.1,1536,89,26,4
9999938_00000_d_0000080,yolo12n.pt,0.15,1536,89,14,1
9999938_00000_d_0000080,yolo12n.pt,0.2,1536,89,13,0
9999938_00000_d_0000080,yolo12n.pt,0.25,1536,89,12,0
9999938_00000_d_0000080,yolo12n.pt,0.3,1536,89,11,0
9999938_00000_d_0000080,yolo12n.pt,0.4,1536,89,10,0
9999938_00000_d_0000080,yolo12n.pt,0.5,1536,89,6,0
9999938_00000_d_0000082,yolo12n.pt,0.05,640,53,11,0
9999938_00000_d_0000082,yolo12n.pt,0.1,640,53,5,0
9999938_00000_d_0000082,yolo12n.pt,0.15,640,53,2,0
9999938_00000_d_0000082,yolo12n.pt,0.2,640,53,1,0
9999938_00000_d_0000082,yolo12n.pt,0.25,640,53,1,0
9999938_00000_d_0000082,yolo12n.pt,0.3,640,53,1,0
9999938_00000_d_0000082,yolo12n.pt,0.4,640,53,0,0
9999938_00000_d_0000082,yolo12n.pt,0.5,640,53,0,0
9999938_00000_d_0000082,yolo12n.pt,0.05,1024,53,25,14
9999938_00000_d_0000082,yolo12n.pt,0.1,1024,53,12,2
9999938_00000_d_0000082,yolo12n.pt,0.15,1024,53,9,0
9999938_00000_d_0000082,yolo12n.pt,0.2,1024,53,8,0
9999938_00000_d_0000082,yolo12n.pt,0.25,1024,53,6,0
9999938_00000_d_0000082,yolo12n.pt,0.3,1024,53,5,0
9999938_00000_d_0000082,yolo12n.pt,0.4,1024,53,3,0
9999938_00000_d_0000082,yolo12n.pt,0.5,1024,53,2,0
9999938_00000_d_0000082,yolo12n.pt,0.05,1536,53,60,35
9999938_00000_d_0000082,yolo12n.pt,0.1,1536,53,26,14
9999938_00000_d_0000082,yolo12n.pt,0.15,1536,53,19,7
9999938_00000_d_0000082,yolo12n.pt,0.2,1536,53,15,5
9999938_00000_d_0000082,yolo12n.pt,0.25,1536,53,13,4
9999938_00000_d_0000082,yolo12n.pt,0.3,1536,53,12,3
9999938_00000_d_0000082,yolo12n.pt,0.4,1536,53,6,0
9999938_00000_d_0000082,yolo12n.pt,0.5,1536,53,4,0
9999938_00000_d_0000083,yolo12n.pt,0.05,640,27,3,0
9999938_00000_d_0000083,yolo12n.pt,0.1,640,27,2,0
9999938_00000_d_0000083,yolo12n.pt,0.15,640,27,0,0
9999938_00000_d_0000083,yolo12n.pt,0.2,640,27,0,0
9999938_00000_d_0000083,yolo12n.pt,0.25,640,27,0,0
9999938_00000_d_0000083,yolo12n.pt,0.3,640,27,0,0
9999938_00000_d_0000083,yolo12n.pt,0.4,640,27,0,0
9999938_00000_d_0000083,yolo12n.pt,0.5,640,27,0,0
9999938_00000_d_0000083,yolo12n.pt,0.05,1024,27,6,0
9999938_00000_d_0000083,yolo12n.pt,0.1,1024,27,6,0
9999938_00000_d_0000083,yolo12n.pt,0.15,1024,27,6,0
9999938_00000_d_0000083,yolo12n.pt,0.2,1024,27,4,0
9999938_00000_d_0000083,yolo12n.pt,0.25,1024,27,3,0
9999938_00000_d_0000083,yolo12n.pt,0.3,1024,27,3,0
9999938_00000_d_0000083,yolo12n.pt,0.4,1024,27,2,0
9999938_00000_d_0000083,yolo12n.pt,0.5,1024,27,2,0
9999938_00000_d_0000083,yolo12n.pt,0.05,1536,27,10,0
9999938_00000_d_0000083,yolo12n.pt,0.1,1536,27,8,0
9999938_00000_d_0000083,yolo12n.pt,0.15,1536,27,8,0
9999938_00000_d_0000083,yolo12n.pt,0.2,1536,27,8,0
9999938_00000_d_0000083,yolo12n.pt,0.25,1536,27,5,0
9999938_00000_d_0000083,yolo12n.pt,0.3,1536,27,5,0
9999938_00000_d_0000083,yolo12n.pt,0.4,1536,27,3,0
9999938_00000_d_0000083,yolo12n.pt,0.5,1536,27,2,0
9999938_00000_d_0000089,yolo12n.pt,0.05,640,42,2,0
9999938_00000_d_0000089,yolo12n.pt,0.1,640,42,2,0
9999938_00000_d_0000089,yolo12n.pt,0.15,640,42,2,0
9999938_00000_d_0000089,yolo12n.pt,0.2,640,42,1,0
9999938_00000_d_0000089,yolo12n.pt,0.25,640,42,0,0
9999938_00000_d_0000089,yolo12n.pt,0.3,640,42,0,0
9999938_00000_d_0000089,yolo12n.pt,0.4,640,42,0,0
9999938_00000_d_0000089,yolo12n.pt,0.5,640,42,0,0
9999938_00000_d_0000089,yolo12n.pt,0.05,1024,42,15,2
9999938_00000_d_0000089,yolo12n.pt,0.1,1024,42,7,1
9999938_00000_d_0000089,yolo12n.pt,0.15,1024,42,2,0
9999938_00000_d_0000089,yolo12n.pt,0.2,1024,42,2,0
9999938_00000_d_0000089,yolo12n.pt,0.25,1024,42,2,0
9999938_00000_d_0000089,yolo12n.pt,0.3,1024,42,2,0
9999938_00000_d_0000089,yolo12n.pt,0.4,1024,42,1,0
9999938_00000_d_0000089,yolo12n.pt,0.5,1024,42,1,0
9999938_00000_d_0000089,yolo12n.pt,0.05,1536,42,44,14
9999938_00000_d_0000089,yolo12n.pt,0.1,1536,42,26,8
9999938_00000_d_0000089,yolo12n.pt,0.15,1536,42,16,5
9999938_00000_d_0000089,yolo12n.pt,0.2,1536,42,11,2
9999938_00000_d_0000089,yolo12n.pt,0.25,1536,42,9,1
9999938_00000_d_0000089,yolo12n.pt,0.3,1536,42,6,1
9999938_00000_d_0000089,yolo12n.pt,0.4,1536,42,5,0
9999938_00000_d_0000089,yolo12n.pt,0.5,1536,42,3,0
9999938_00000_d_0000093,yolo12n.pt,0.05,640,13,9,0
9999938_00000_d_0000093,yolo12n.pt,0.1,640,13,7,0
9999938_00000_d_0000093,yolo12n.pt,0.15,640,13,7,0
9999938_00000_d_0000093,yolo12n.pt,0.2,640,13,5,0
9999938_00000_d_0000093,yolo12n.pt,0.25,640,13,3,0
9999938_00000_d_0000093,yolo12n.pt,0.3,640,13,2,0
9999938_00000_d_0000093,yolo12n.pt,0.4,640,13,1,0
9999938_00000_d_0000093,yolo12n.pt,0.5,640,13,0,0
9999938_00000_d_0000093,yolo12n.pt,0.05,1024,13,15,1
9999938_00000_d_0000093,yolo12n.pt,0.1,1024,13,12,1
9999938_00000_d_0000093,yolo12n.pt,0.15,1024,13,10,1
9999938_00000_d_0000093,yolo12n.pt,0.2,1024,13,5,0
9999938_00000_d_0000093,yolo12n.pt,0.25,1024,13,5,0
9999938_00000_d_0000093,yolo12n.pt,0.3,1024,13,4,0
9999938_00000_d_0000093,yolo12n.pt,0.4,1024,13,2,0
9999938_00000_d_0000093,yolo12n.pt,0.5,1024,13,1,0
9999938_00000_d_0000093,yolo12n.pt,0.05,1536,13,25,4
9999938_00000_d_0000093,yolo12n.pt,0.1,1536,13,19,2
9999938_00000_d_0000093,yolo12n.pt,0.15,1536,13,11,1
9999938_00000_d_0000093,yolo12n.pt,0.2,1536,13,9,1
9999938_00000_d_0000093,yolo12n.pt,0.25,1536,13,9,1
9999938_00000_d_0000093,yolo12n.pt,0.3,1536,13,9,1
9999938_00000_d_0000093,yolo12n.pt,0.4,1536,13,8,1
9999938_00000_d_0000093,yolo12n.pt,0.5,1536,13,4,0
9999938_00000_d_0000099,yolo12n.pt,0.05,640,85,6,1
9999938_00000_d_0000099,yolo12n.pt,0.1,640,85,2,0
9999938_00000_d_0000099,yolo12n.pt,0.15,640,85,1,0
9999938_00000_d_0000099,yolo12n.pt,0.2,640,85,1,0
9999938_00000_d_0000099,yolo12n.pt,0.25,640,85,1,0
9999938_00000_d_0000099,yolo12n.pt,0.3,640,85,1,0
9999938_00000_d_0000099,yolo12n.pt,0.4,640,85,1,0
9999938_00000_d_0000099,yolo12n.pt,0.5,640,85,1,0
9999938_00000_d_0000099,yolo12n.pt,0.05,1024,85,19,11
9999938_00000_d_0000099,yolo12n.pt,0.1,1024,85,12,7
9999938_00000_d_0000099,yolo12n.pt,0.15,1024,85,5,3
9999938_00000_d_0000099,yolo12n.pt,0.2,1024,85,4,2
9999938_00000_d_0000099,yolo12n.pt,0.25,1024,85,4,2
9999938_00000_d_0000099,yolo12n.pt,0.3,1024,85,2,0
9999938_00000_d_0000099,yolo12n.pt,0.4,1024,85,2,0
9999938_00000_d_0000099,yolo12n.pt,0.5,1024,85,2,0
9999938_00000_d_0000099,yolo12n.pt,0.05,1536,85,88,58
9999938_00000_d_0000099,yolo12n.pt,0.1,1536,85,52,35
9999938_00000_d_0000099,yolo12n.pt,0.15,1536,85,26,15
9999938_00000_d_0000099,yolo12n.pt,0.2,1536,85,11,7
9999938_00000_d_0000099,yolo12n.pt,0.25,1536,85,10,7
9999938_00000_d_0000099,yolo12n.pt,0.3,1536,85,10,7
9999938_00000_d_0000099,yolo12n.pt,0.4,1536,85,6,4
9999938_00000_d_0000099,yolo12n.pt,0.5,1536,85,3,1
9999938_00000_d_0000100,yolo12n.pt,0.05,640,64,5,0
9999938_00000_d_0000100,yolo12n.pt,0.1,640,64,1,0
9999938_00000_d_0000100,yolo12n.pt,0.15,640,64,0,0
9999938_00000_d_0000100,yolo12n.pt,0.2,640,64,0,0
9999938_00000_d_0000100,yolo12n.pt,0.25,640,64,0,0
9999938_00000_d_0000100,yolo12n.pt,0.3,640,64,0,0
9999938_00000_d_0000100,yolo12n.pt,0.4,640,64,0,0
9999938_00000_d_0000100,yolo12n.pt,0.5,640,64,0,0
9999938_00000_d_0000100,yolo12n.pt,0.05,1024,64,36,22
9999938_00000_d_0000100,yolo12n.pt,0.1,1024,64,23,11
9999938_00000_d_0000100,yolo12n.pt,0.15,1024,64,12,2
9999938_00000_d_0000100,yolo12n.pt,0.2,1024,64,8,0
9999938_00000_d_0000100,yolo12n.pt,0.25,1024,64,6,0
9999938_00000_d_0000100,yolo12n.pt,0.3,1024,64,5,0
9999938_00000_d_0000100,yolo12n.pt,0.4,1024,64,2,0
9999938_00000_d_0000100,yolo12n.pt,0.5,1024,64,1,0
9999938_00000_d_0000100,yolo12n.pt,0.05,1536,64,109,93
9999938_00000_d_0000100,yolo12n.pt,0.1,1536,64,53,39
9999938_00000_d_0000100,yolo12n.pt,0.15,1536,64,39,27
9999938_00000_d_0000100,yolo12n.pt,0.2,1536,64,27,17
9999938_00000_d_0000100,yolo12n.pt,0.25,1536,64,17,8
9999938_00000_d_0000100,yolo12n.pt,0.3,1536,64,12,5
9999938_00000_d_0000100,yolo12n.pt,0.4,1536,64,3,0
9999938_00000_d_0000100,yolo12n.pt,0.5,1536,64,2,0
9999938_00000_d_0000102,yolo12n.pt,0.05,640,12,6,0
9999938_00000_d_0000102,yolo12n.pt,0.1,640,12,3,0
9999938_00000_d_0000102,yolo12n.pt,0.15,640,12,3,0
9999938_00000_d_0000102,yolo12n.pt,0.2,640,12,2,0
9999938_00000_d_0000102,yolo12n.pt,0.25,640,12,2,0
9999938_00000_d_0000102,yolo12n.pt,0.3,640,12,2,0
9999938_00000_d_0000102,yolo12n.pt,0.4,640,12,1,0
9999938_00000_d_0000102,yolo12n.pt,0.5,640,12,1,0
9999938_00000_d_0000102,yolo12n.pt,0.05,1024,12,10,2
9999938_00000_d_0000102,yolo12n.pt,0.1,1024,12,5,0
9999938_00000_d_0000102,yolo12n.pt,0.15,1024,12,2,0
9999938_00000_d_0000102,yolo12n.pt,0.2,1024,12,1,0
9999938_00000_d_0000102,yolo12n.pt,0.25,1024,12,0,0
9999938_00000_d_0000102,yolo12n.pt,0.3,1024,12,0,0
9999938_00000_d_0000102,yolo12n.pt,0.4,1024,12,0,0
9999938_00000_d_0000102,yolo12n.pt,0.5,1024,12,0,0
9999938_00000_d_0000102,yolo12n.pt,0.05,1536,12,13,4
9999938_00000_d_0000102,yolo12n.pt,0.1,1536,12,4,1
9999938_00000_d_0000102,yolo12n.pt,0.15,1536,12,3,0
9999938_00000_d_0000102,yolo12n.pt,0.2,1536,12,3,0
9999938_00000_d_0000102,yolo12n.pt,0.25,1536,12,3,0
9999938_00000_d_0000102,yolo12n.pt,0.3,1536,12,2,0
9999938_00000_d_0000102,yolo12n.pt,0.4,1536,12,1,0
9999938_00000_d_0000102,yolo12n.pt,0.5,1536,12,1,0
9999938_00000_d_0000105,yolo12n.pt,0.05,640,112,33,21
9999938_00000_d_0000105,yolo12n.pt,0.1,640,112,17,12
9999938_00000_d_0000105,yolo12n.pt,0.15,640,112,7,6
9999938_00000_d_0000105,yolo12n.pt,0.2,640,112,5,4
9999938_00000_d_0000105,yolo12n.pt,0.25,640,112,3,3
9999938_00000_d_0000105,yolo12n.pt,0.3,640,112,2,2
9999938_00000_d_0000105,yolo12n.pt,0.4,640,112,1,1
9999938_00000_d_0000105,yolo12n.pt,0.5,640,112,0,0
9999938_00000_d_0000105,yolo12n.pt,0.05,1024,112,91,72
9999938_00000_d_0000105,yolo12n.pt,0.1,1024,112,48,35
9999938_00000_d_0000105,yolo12n.pt,0.15,1024,112,23,16
9999938_00000_d_0000105,yolo12n.pt,0.2,1024,112,13,8
9999938_00000_d_0000105,yolo12n.pt,0.25,1024,112,8,4
9999938_00000_d_0000105,yolo12n.pt,0.3,1024,112,7,3
9999938_00000_d_0000105,yolo12n.pt,0.4,1024,112,3,1
9999938_00000_d_0000105,yolo12n.pt,0.5,1024,112,0,0
9999938_00000_d_0000105,yolo12n.pt,0.05,1536,112,154,127
9999938_00000_d_0000105,yolo12n.pt,0.1,1536,112,86,70
9999938_00000_d_0000105,yolo12n.pt,0.15,1536,112,57,43
9999938_00000_d_0000105,yolo12n.pt,0.2,1536,112,42,31
9999938_00000_d_0000105,yolo12n.pt,0.25,1536,112,33,23
9999938_00000_d_0000105,yolo12n.pt,0.3,1536,112,24,16
9999938_00000_d_0000105,yolo12n.pt,0.4,1536,112,16,9
9999938_00000_d_0000105,yolo12n.pt,0.5,1536,112,7,2
9999938_00000_d_0000107,yolo12n.pt,0.05,640,146,26,22
9999938_00000_d_0000107,yolo12n.pt,0.1,640,146,13,12
9999938_00000_d_0000107,yolo12n.pt,0.15,640,146,8,8
9999938_00000_d_0000107,yolo12n.pt,0.2,640,146,5,5
9999938_00000_d_0000107,yolo12n.pt,0.25,640,146,2,2
9999938_00000_d_0000107,yolo12n.pt,0.3,640,146,2,2
9999938_00000_d_0000107,yolo12n.pt,0.4,640,146,0,0
9999938_00000_d_0000107,yolo12n.pt,0.5,640,146,0,0
9999938_00000_d_0000107,yolo12n.pt,0.05,1024,146,72,59
9999938_00000_d_0000107,yolo12n.pt,0.1,1024,146,32,26
9999938_00000_d_0000107,yolo12n.pt,0.15,1024,146,19,15
9999938_00000_d_0000107,yolo12n.pt,0.2,1024,146,12,10
9999938_00000_d_0000107,yolo12n.pt,0.25,1024,146,8,6
9999938_00000_d_0000107,yolo12n.pt,0.3,1024,146,5,3
9999938_00000_d_0000107,yolo12n.pt,0.4,1024,146,2,1
9999938_00000_d_0000107,yolo12n.pt,0.5,1024,146,0,0
9999938_00000_d_0000107,yolo12n.pt,0.05,1536,146,138,120
9999938_00000_d_0000107,yolo12n.pt,0.1,1536,146,71,62
9999938_00000_d_0000107,yolo12n.pt,0.15,1536,146,50,44
9999938_00000_d_0000107,yolo12n.pt,0.2,1536,146,32,28
9999938_00000_d_0000107,yolo12n.pt,0.25,1536,146,20,17
9999938_00000_d_0000107,yolo12n.pt,0.3,1536,146,15,14
9999938_00000_d_0000107,yolo12n.pt,0.4,1536,146,8,8
9999938_00000_d_0000107,yolo12n.pt,0.5,1536,146,4,4
9999938_00000_d_0000113,yolo12n.pt,0.05,640,13,15,1
9999938_00000_d_0000113,yolo12n.pt,0.1,640,13,11,0
9999938_00000_d_0000113,yolo12n.pt,0.15,640,13,8,0
9999938_00000_d_0000113,yolo12n.pt,0.2,640,13,6,0
9999938_00000_d_0000113,yolo12n.pt,0.25,640,13,4,0
9999938_00000_d_0000113,yolo12n.pt,0.3,640,13,4,0
9999938_00000_d_0000113,yolo12n.pt,0.4,640,13,3,0
9999938_00000_d_0000113,yolo12n.pt,0.5,640,13,1,0
9999938_00000_d_0000113,yolo12n.pt,0.05,1024,13,28,4
9999938_00000_d_0000113,yolo12n.pt,0.1,1024,13,17,3
9999938_00000_d_0000113,yolo12n.pt,0.15,1024,13,13,3
9999938_00000_d_0000113,yolo12n.pt,0.2,1024,13,9,2
9999938_00000_d_0000113,yolo12n.pt,0.25,1024,13,7,2
9999938_00000_d_0000113,yolo12n.pt,0.3,1024,13,6,1
9999938_00000_d_0000113,yolo12n.pt,0.4,1024,13,4,0
9999938_00000_d_0000113,yolo12n.pt,0.5,1024,13,3,0
9999938_00000_d_0000113,yolo12n.pt,0.05,1536,13,49,15
9999938_00000_d_0000113,yolo12n.pt,0.1,1536,13,31,11
9999938_00000_d_0000113,yolo12n.pt,0.15,1536,13,22,8
9999938_00000_d_0000113,yolo12n.pt,0.2,1536,13,18,7
9999938_00000_d_0000113,yolo12n.pt,0.25,1536,13,15,4
9999938_00000_d_0000113,yolo12n.pt,0.3,1536,13,13,2
9999938_00000_d_0000113,yolo12n.pt,0.4,1536,13,11,2
9999938_00000_d_0000113,yolo12n.pt,0.5,1536,13,7,1
9999938_00000_d_0000121,yolo12n.pt,0.05,640,176,33,27
9999938_00000_d_0000121,yolo12n.pt,0.1,640,176,7,6
9999938_00000_d_0000121,yolo12n.pt,0.15,640,176,5,4
9999938_00000_d_0000121,yolo12n.pt,0.2,640,176,2,2
9999938_00000_d_0000121,yolo12n.pt,0.25,640,176,2,2
9999938_00000_d_0000121,yolo12n.pt,0.3,640,176,1,1
9999938_00000_d_0000121,yolo12n.pt,0.4,640,176,0,0
9999938_00000_d_0000121,yolo12n.pt,0.5,640,176,0,0
9999938_00000_d_0000121,yolo12n.pt,0.05,1024,176,57,39
9999938_00000_d_0000121,yolo12n.pt,0.1,1024,176,29,23
9999938_00000_d_0000121,yolo12n.pt,0.15,1024,176,11,9
9999938_00000_d_0000121,yolo12n.pt,0.2,1024,176,8,6
9999938_00000_d_0000121,yolo12n.pt,0.25,1024,176,5,5
9999938_00000_d_0000121,yolo12n.pt,0.3,1024,176,5,5
9999938_00000_d_0000121,yolo12n.pt,0.4,1024,176,2,2
9999938_00000_d_0000121,yolo12n.pt,0.5,1024,176,1,1
9999938_00000_d_0000121,yolo12n.pt,0.05,1536,176,134,116
9999938_00000_d_0000121,yolo12n.pt,0.1,1536,176,64,61
9999938_00000_d_0000121,yolo12n.pt,0.15,1536,176,43,43
9999938_00000_d_0000121,yolo12n.pt,0.2,1536,176,22,22
9999938_00000_d_0000121,yolo12n.pt,0.25,1536,176,17,17
9999938_00000_d_0000121,yolo12n.pt,0.3,1536,176,11,11
9999938_00000_d_0000121,yolo12n.pt,0.4,1536,176,6,6
9999938_00000_d_0000121,yolo12n.pt,0.5,1536,176,4,4
9999938_00000_d_0000122,yolo12n.pt,0.05,640,89,5,4
9999938_00000_d_0000122,yolo12n.pt,0.1,640,89,3,3
9999938_00000_d_0000122,yolo12n.pt,0.15,640,89,1,1
9999938_00000_d_0000122,yolo12n.pt,0.2,640,89,0,0
9999938_00000_d_0000122,yolo12n.pt,0.25,640,89,0,0
9999938_00000_d_0000122,yolo12n.pt,0.3,640,89,0,0
9999938_00000_d_0000122,yolo12n.pt,0.4,640,89,0,0
9999938_00000_d_0000122,yolo12n.pt,0.5,640,89,0,0
9999938_00000_d_0000122,yolo12n.pt,0.05,1024,89,51,45
9999938_00000_d_0000122,yolo12n.pt,0.1,1024,89,22,17
9999938_00000_d_0000122,yolo12n.pt,0.15,1024,89,14,10
9999938_00000_d_0000122,yolo12n.pt,0.2,1024,89,12,9
9999938_00000_d_0000122,yolo12n.pt,0.25,1024,89,10,8
9999938_00000_d_0000122,yolo12n.pt,0.3,1024,89,8,6
9999938_00000_d_0000122,yolo12n.pt,0.4,1024,89,1,1
9999938_00000_d_0000122,yolo12n.pt,0.5,1024,89,0,0
9999938_00000_d_0000122,yolo12n.pt,0.05,1536,89,124,89
9999938_00000_d_0000122,yolo12n.pt,0.1,1536,89,57,49
9999938_00000_d_0000122,yolo12n.pt,0.15,1536,89,40,34
9999938_00000_d_0000122,yolo12n.pt,0.2,1536,89,26,21
9999938_00000_d_0000122,yolo12n.pt,0.25,1536,89,15,13
9999938_00000_d_0000122,yolo12n.pt,0.3,1536,89,12,10
9999938_00000_d_0000122,yolo12n.pt,0.4,1536,89,6,6
9999938_00000_d_0000122,yolo12n.pt,0.5,1536,89,3,3
9999938_00000_d_0000125,yolo12n.pt,0.05,640,117,16,0
9999938_00000_d_0000125,yolo12n.pt,0.1,640,117,6,0
9999938_00000_d_0000125,yolo12n.pt,0.15,640,117,2,0
9999938_00000_d_0000125,yolo12n.pt,0.2,640,117,1,0
9999938_00000_d_0000125,yolo12n.pt,0.25,640,117,1,0
9999938_00000_d_0000125,yolo12n.pt,0.3,640,117,1,0
9999938_00000_d_0000125,yolo12n.pt,0.4,640,117,0,0
9999938_00000_d_0000125,yolo12n.pt,0.5,640,117,0,0
9999938_00000_d_0000125,yolo12n.pt,0.05,1024,117,41,11
9999938_00000_d_0000125,yolo12n.pt,0.1,1024,117,21,6
9999938_00000_d_0000125,yolo12n.pt,0.15,1024,117,15,2
9999938_00000_d_0000125,yolo12n.pt,0.2,1024,117,10,0
9999938_00000_d_0000125,yolo12n.pt,0.25,1024,117,7,0
9999938_00000_d_0000125,yolo12n.pt,0.3,1024,117,5,0
9999938_00000_d_0000125,yolo12n.pt,0.4,1024,117,3,0
9999938_00000_d_0000125,yolo12n.pt,0.5,1024,117,2,0
9999938_00000_d_0000125,yolo12n.pt,0.05,1536,117,76,40
9999938_00000_d_0000125,yolo12n.pt,0.1,1536,117,37,22
9999938_00000_d_0000125,yolo12n.pt,0.15,1536,117,23,11
9999938_00000_d_0000125,yolo12n.pt,0.2,1536,117,13,4
9999938_00000_d_0000125,yolo12n.pt,0.25,1536,117,11,3
9999938_00000_d_0000125,yolo12n.pt,0.3,1536,117,10,2
9999938_00000_d_0000125,yolo12n.pt,0.4,1536,117,8,2
9999938_00000_d_0000125,yolo12n.pt,0.5,1536,117,4,1
9999938_00000_d_0000130,yolo12n.pt,0.05,640,68,13,2
9999938_00000_d_0000130,yolo12n.pt,0.1,640,68,7,0
9999938_00000_d_0000130,yolo12n.pt,0.15,640,68,2,0
9999938_00000_d_0000130,yolo12n.pt,0.2,640,68,2,0
9999938_00000_d_0000130,yolo12n.pt,0.25,640,68,1,0
9999938_00000_d_0000130,yolo12n.pt,0.3,640,68,0,0
9999938_00000_d_0000130,yolo12n.pt,0.4,640,68,0,0
9999938_00000_d_0000130,yolo12n.pt,0.5,640,68,0,0
9999938_00000_d_0000130,yolo12n.pt,0.05,1024,68,52,30
9999938_00000_d_0000130,yolo12n.pt,0.1,1024,68,31,10
9999938_00000_d_0000130,yolo12n.pt,0.15,1024,68,24,7
9999938_00000_d_0000130,yolo12n.pt,0.2,1024,68,19,5
9999938_00000_d_0000130,yolo12n.pt,0.25,1024,68,15,4
9999938_00000_d_0000130,yolo12n.pt,0.3,1024,68,11,1
9999938_00000_d_0000130,yolo12n.pt,0.4,1024,68,5,0
9999938_00000_d_0000130,yolo12n.pt,0.5,1024,68,5,0
9999938_00000_d_0000130,yolo12n.pt,0.05,1536,68,95,69
9999938_00000_d_0000130,yolo12n.pt,0.1,1536,68,57,37
9999938_00000_d_0000130,yolo12n.pt,0.15,1536,68,33,16
9999938_00000_d_0000130,yolo12n.pt,0.2,1536,68,26,11
9999938_00000_d_0000130,yolo12n.pt,0.25,1536,68,21,7
9999938_00000_d_0000130,yolo12n.pt,0.3,1536,68,17,4
9999938_00000_d_0000130,yolo12n.pt,0.4,1536,68,12,2
9999938_00000_d_0000130,yolo12n.pt,0.5,1536,68,10,0
9999938_00000_d_0000135,yolo12n.pt,0.05,640,30,5,0
9999938_00000_d_0000135,yolo12n.pt,0.1,640,30,5,0
9999938_00000_d_0000135,yolo12n.pt,0.15,640,30,5,0
9999938_00000_d_0000135,yolo12n.pt,0.2,640,30,4,0
9999938_00000_d_0000135,yolo12n.pt,0.25,640,30,2,0
9999938_00000_d_0000135,yolo12n.pt,0.3,640,30,1,0
9999938_00000_d_0000135,yolo12n.pt,0.4,640,30,0,0
9999938_00000_d_0000135,yolo12n.pt,0.5,640,30,0,0
9999938_00000_d_0000135,yolo12n.pt,0.05,1024,30,27,2
9999938_00000_d_0000135,yolo12n.pt,0.1,1024,30,13,0
9999938_00000_d_0000135,yolo12n.pt,0.15,1024,30,9,0
9999938_00000_d_0000135,yolo12n.pt,0.2,1024,30,8,0
9999938_00000_d_0000135,yolo12n.pt,0.25,1024,30,5,0
9999938_00000_d_0000135,yolo12n.pt,0.3,1024,30,4,0
9999938_00000_d_0000135,yolo12n.pt,0.4,1024,30,3,0
9999938_00000_d_0000135,yolo12n.pt,0.5,1024,30,3,0
9999938_00000_d_0000135,yolo12n.pt,0.05,1536,30,55,6
9999938_00000_d_0000135,yolo12n.pt,0.1,1536,30,32,2
9999938_00000_d_0000135,yolo12n.pt,0.15,1536,30,26,2
9999938_00000_d_0000135,yolo12n.pt,0.2,1536,30,22,2
9999938_00000_d_0000135,yolo12n.pt,0.25,1536,30,16,1
9999938_00000_d_0000135,yolo12n.pt,0.3,1536,30,11,0
9999938_00000_d_0000135,yolo12n.pt,0.4,1536,30,8,0
9999938_00000_d_0000135,yolo12n.pt,0.5,1536,30,6,0
9999938_00000_d_0000144,yolo12n.pt,0.05,640,19,26,1
9999938_00000_d_0000144,yolo12n.pt,0.1,640,19,13,1
9999938_00000_d_0000144,yolo12n.pt,0.15,640,19,12,1
9999938_00000_d_0000144,yolo12n.pt,0.2,640,19,8,0
9999938_00000_d_0000144,yolo12n.pt,0.25,640,19,6,0
9999938_00000_d_0000144,yolo12n.pt,0.3,640,19,3,0
9999938_00000_d_0000144,yolo12n.pt,0.4,640,19,1,0
9999938_00000_d_0000144,yolo12n.pt,0.5,640,19,0,0
9999938_00000_d_0000144,yolo12n.pt,0.05,1024,19,43,1
9999938_00000_d_0000144,yolo12n.pt,0.1,1024,19,31,0
9999938_00000_d_0000144,yolo12n.pt,0.15,1024,19,23,0
9999938_00000_d_0000144,yolo12n.pt,0.2,1024,19,20,0
9999938_00000_d_0000144,yolo12n.pt,0.25,1024,19,20,0
9999938_00000_d_0000144,yolo12n.pt,0.3,1024,19,18,0
9999938_00000_d_0000144,yolo12n.pt,0.4,1024,19,12,0
9999938_00000_d_0000144,yolo12n.pt,0.5,1024,19,8,0
9999938_00000_d_0000144,yolo12n.pt,0.05,1536,19,48,4
9999938_00000_d_0000144,yolo12n.pt,0.1,1536,19,34,2
9999938_00000_d_0000144,yolo12n.pt,0.15,1536,19,32,2
9999938_00000_d_0000144,yolo12n.pt,0.2,1536,19,28,2
9999938_00000_d_0000144,yolo12n.pt,0.25,1536,19,24,1
9999938_00000_d_0000144,yolo12n.pt,0.3,1536,19,21,0
9999938_00000_d_0000144,yolo12n.pt,0.4,1536,19,16,0
9999938_00000_d_0000144,yolo12n.pt,0.5,1536,19,13,0
9999938_00000_d_0000148,yolo12n.pt,0.05,640,18,1,0
9999938_00000_d_0000148,yolo12n.pt,0.1,640,18,0,0
9999938_00000_d_0000148,yolo12n.pt,0.15,640,18,0,0
9999938_00000_d_0000148,yolo12n.pt,0.2,640,18,0,0
9999938_00000_d_0000148,yolo12n.pt,0.25,640,18,0,0
9999938_00000_d_0000148,yolo12n.pt,0.3,640,18,0,0
9999938_00000_d_0000148,yolo12n.pt,0.4,640,18,0,0
9999938_00000_d_0000148,yolo12n.pt,0.5,640,18,0,0
9999938_00000_d_0000148,yolo12n.pt,0.05,1024,18,0,0
9999938_00000_d_0000148,yolo12n.pt,0.1,1024,18,0,0
9999938_00000_d_0000148,yolo12n.pt,0.15,1024,18,0,0
9999938_00000_d_0000148,yolo12n.pt,0.2,1024,18,0,0
9999938_00000_d_0000148,yolo12n.pt,0.25,1024,18,0,0
9999938_00000_d_0000148,yolo12n.pt,0.3,1024,18,0,0
9999938_00000_d_0000148,yolo12n.pt,0.4,1024,18,0,0
9999938_00000_d_0000148,yolo12n.pt,0.5,1024,18,0,0
9999938_00000_d_0000148,yolo12n.pt,0.05,1536,18,2,0
9999938_00000_d_0000148,yolo12n.pt,0.1,1536,18,0,0
9999938_00000_d_0000148,yolo12n.pt,0.15,1536,18,0,0
9999938_00000_d_0000148,yolo12n.pt,0.2,1536,18,0,0
9999938_00000_d_0000148,yolo12n.pt,0.25,1536,18,0,0
9999938_00000_d_0000148,yolo12n.pt,0.3,1536,18,0,0
9999938_00000_d_0000148,yolo12n.pt,0.4,1536,18,0,0
9999938_00000_d_0000148,yolo12n.pt,0.5,1536,18,0,0
9999938_00000_d_0000156,yolo12n.pt,0.05,640,11,17,1
9999938_00000_d_0000156,yolo12n.pt,0.1,640,11,9,0
9999938_00000_d_0000156,yolo12n.pt,0.15,640,11,7,0
9999938_00000_d_0000156,yolo12n.pt,0.2,640,11,4,0
9999938_00000_d_0000156,yolo12n.pt,0.25,640,11,2,0
9999938_00000_d_0000156,yolo12n.pt,0.3,640,11,2,0
9999938_00000_d_0000156,yolo12n.pt,0.4,640,11,1,0
9999938_00000_d_0000156,yolo12n.pt,0.5,640,11,1,0
9999938_00000_d_0000156,yolo12n.pt,0.05,1024,11,20,3
9999938_00000_d_0000156,yolo12n.pt,0.1,1024,11,12,1
9999938_00000_d_0000156,yolo12n.pt,0.15,1024,11,10,1
9999938_00000_d_0000156,yolo12n.pt,0.2,1024,11,8,0
9999938_00000_d_0000156,yolo12n.pt,0.25,1024,11,7,0
9999938_00000_d_0000156,yolo12n.pt,0.3,1024,11,7,0
9999938_00000_d_0000156,yolo12n.pt,0.4,1024,11,4,0
9999938_00000_d_0000156,yolo12n.pt,0.5,1024,11,3,0
9999938_00000_d_0000156,yolo12n.pt,0.05,1536,11,13,1
9999938_00000_d_0000156,yolo12n.pt,0.1,1536,11,9,1
9999938_00000_d_0000156,yolo12n.pt,0.15,1536,11,8,1
9999938_00000_d_0000156,yolo12n.pt,0.2,1536,11,8,1
9999938_00000_d_0000156,yolo12n.pt,0.25,1536,11,8,1
9999938_00000_d_0000156,yolo12n.pt,0.3,1536,11,8,1
9999938_00000_d_0000156,yolo12n.pt,0.4,1536,11,7,0
9999938_00000_d_0000156,yolo12n.pt,0.5,1536,11,4,0
9999938_00000_d_0000157,yolo12n.pt,0.05,640,6,5,0
9999938_00000_d_0000157,yolo12n.pt,0.1,640,6,1,0
9999938_00000_d_0000157,yolo12n.pt,0.15,640,6,0,0
9999938_00000_d_0000157,yolo12n.pt,0.2,640,6,0,0
9999938_00000_d_0000157,yolo12n.pt,0.25,640,6,0,0
9999938_00000_d_0000157,yolo12n.pt,0.3,640,6,0,0
9999938_00000_d_0000157,yolo12n.pt,0.4,640,6,0,0
9999938_00000_d_0000157,yolo12n.pt,0.5,640,6,0,0
9999938_00000_d_0000157,yolo12n.pt,0.05,1024,6,17,3
9999938_00000_d_0000157,yolo12n.pt,0.1,1024,6,8,0
9999938_00000_d_0000157,yolo12n.pt,0.15,1024,6,8,0
9999938_00000_d_0000157,yolo12n.pt,0.2,1024,6,7,0
9999938_00000_d_0000157,yolo12n.pt,0.25,1024,6,6,0
9999938_00000_d_0000157,yolo12n.pt,0.3,1024,6,6,0
9999938_00000_d_0000157,yolo12n.pt,0.4,1024,6,3,0
9999938_00000_d_0000157,yolo12n.pt,0.5,1024,6,3,0
9999938_00000_d_0000157,yolo12n.pt,0.05,1536,6,18,2
9999938_00000_d_0000157,yolo12n.pt,0.1,1536,6,14,2
9999938_00000_d_0000157,yolo12n.pt,0.15,1536,6,13,1
9999938_00000_d_0000157,yolo12n.pt,0.2,1536,6,12,0
9999938_00000_d_0000157,yolo12n.pt,0.25,1536,6,10,0
9999938_00000_d_0000157,yolo12n.pt,0.3,1536,6,9,0
9999938_00000_d_0000157,yolo12n.pt,0.4,1536,6,8,0
9999938_00000_d_0000157,yolo12n.pt,0.5,1536,6,6,0
9999938_00000_d_0000164,yolo12n.pt,0.05,640,15,37,3
9999938_00000_d_0000164,yolo12n.pt,0.1,640,15,22,0
9999938_00000_d_0000164,yolo12n.pt,0.15,640,15,16,0
9999938_00000_d_0000164,yolo12n.pt,0.2,640,15,13,0
9999938_00000_d_0000164,yolo12n.pt,0.25,640,15,12,0
9999938_00000_d_0000164,yolo12n.pt,0.3,640,15,10,0
9999938_00000_d_0000164,yolo12n.pt,0.4,640,15,10,0
9999938_00000_d_0000164,yolo12n.pt,0.5,640,15,6,0
9999938_00000_d_0000164,yolo12n.pt,0.05,1024,15,52,3
9999938_00000_d_0000164,yolo12n.pt,0.1,1024,15,38,2
9999938_00000_d_0000164,yolo12n.pt,0.15,1024,15,29,1
9999938_00000_d_0000164,yolo12n.pt,0.2,1024,15,24,0
9999938_00000_d_0000164,yolo12n.pt,0.25,1024,15,21,0
9999938_00000_d_0000164,yolo12n.pt,0.3,1024,15,19,0
9999938_00000_d_0000164,yolo12n.pt,0.4,1024,15,17,0
9999938_00000_d_0000164,yolo12n.pt,0.5,1024,15,11,0
9999938_00000_d_0000164,yolo12n.pt,0.05,1536,15,66,3
9999938_00000_d_0000164,yolo12n.pt,0.1,1536,15,45,3
9999938_00000_d_0000164,yolo12n.pt,0.15,1536,15,37,3
9999938_00000_d_0000164,yolo12n.pt,0.2,1536,15,30,1
9999938_00000_d_0000164,yolo12n.pt,0.25,1536,15,29,1
9999938_00000_d_0000164,yolo12n.pt,0.3,1536,15,26,0
9999938_00000_d_0000164,yolo12n.pt,0.4,1536,15,23,0
9999938_00000_d_0000164,yolo12n.pt,0.5,1536,15,19,0
9999938_00000_d_0000167,yolo12n.pt,0.05,640,16,7,1
9999938_00000_d_0000167,yolo12n.pt,0.1,640,16,3,0
9999938_00000_d_0000167,yolo12n.pt,0.15,640,16,3,0
9999938_00000_d_0000167,yolo12n.pt,0.2,640,16,3,0
9999938_00000_d_0000167,yolo12n.pt,0.25,640,16,3,0
9999938_00000_d_0000167,yolo12n.pt,0.3,640,16,2,0
9999938_00000_d_0000167,yolo12n.pt,0.4,640,16,2,0
9999938_00000_d_0000167,yolo12n.pt,0.5,640,16,2,0
9999938_00000_d_0000167,yolo12n.pt,0.05,1024,16,12,4
9999938_00000_d_0000167,yolo12n.pt,0.1,1024,16,5,2
9999938_00000_d_0000167,yolo12n.pt,0.15,1024,16,3,0
9999938_00000_d_0000167,yolo12n.pt,0.2,1024,16,3,0
9999938_00000_d_0000167,yolo12n.pt,0.25,1024,16,3,0
9999938_00000_d_0000167,yolo12n.pt,0.3,1024,16,3,0
9999938_00000_d_0000167,yolo12n.pt,0.4,1024,16,2,0
9999938_00000_d_0000167,yolo12n.pt,0.5,1024,16,2,0
9999938_00000_d_0000167,yolo12n.pt,0.05,1536,16,25,11
9999938_00000_d_0000167,yolo12n.pt,0.1,1536,16,17,9
9999938_00000_d_0000167,yolo12n.pt,0.15,1536,16,15,9
9999938_00000_d_0000167,yolo12n.pt,0.2,1536,16,11,7
9999938_00000_d_0000167,yolo12n.pt,0.25,1536,16,10,6
9999938_00000_d_0000167,yolo12n.pt,0.3,1536,16,9,5
9999938_00000_d_0000167,yolo12n.pt,0.4,1536,16,7,4
9999938_00000_d_0000167,yolo12n.pt,0.5,1536,16,5,3
9999938_00000_d_0000169,yolo12n.pt,0.05,640,53,4,0
9999938_00000_d_0000169,yolo12n.pt,0.1,640,53,3,0
9999938_00000_d_0000169,yolo12n.pt,0.15,640,53,2,0
9999938_00000_d_0000169,yolo12n.pt,0.2,640,53,0,0
9999938_00000_d_0000169,yolo12n.pt,0.25,640,53,0,0
9999938_00000_d_0000169,yolo12n.pt,0.3,640,53,0,0
9999938_00000_d_0000169,yolo12n.pt,0.4,640,53,0,0
9999938_00000_d_0000169,yolo12n.pt,0.5,640,53,0,0
9999938_00000_d_0000169,yolo12n.pt,0.05,1024,53,13,1
9999938_00000_d_0000169,yolo12n.pt,0.1,1024,53,9,1
9999938_00000_d_0000169,yolo12n.pt,0.15,1024,53,6,0
9999938_00000_d_0000169,yolo12n.pt,0.2,1024,53,5,0
9999938_00000_d_0000169,yolo12n.pt,0.25,1024,53,5,0
9999938_00000_d_0000169,yolo12n.pt,0.3,1024,53,4,0
9999938_00000_d_0000169,yolo12n.pt,0.4,1024,53,4,0
9999938_00000_d_0000169,yolo12n.pt,0.5,1024,53,3,0
9999938_00000_d_0000169,yolo12n.pt,0.05,1536,53,31,16
9999938_00000_d_0000169,yolo12n.pt,0.1,1536,53,21,10
9999938_00000_d_0000169,yolo12n.pt,0.15,1536,53,15,6
9999938_00000_d_0000169,yolo12n.pt,0.2,1536,53,12,3
9999938_00000_d_0000169,yolo12n.pt,0.25,1536,53,10,2
9999938_00000_d_0000169,yolo12n.pt,0.3,1536,53,9,2
9999938_00000_d_0000169,yolo12n.pt,0.4,1536,53,7,0
9999938_00000_d_0000169,yolo12n.pt,0.5,1536,53,4,0
9999938_00000_d_0000174,yolo12n.pt,0.05,640,15,5,0
9999938_00000_d_0000174,yolo12n.pt,0.1,640,15,5,0
9999938_00000_d_0000174,yolo12n.pt,0.15,640,15,3,0
9999938_00000_d_0000174,yolo12n.pt,0.2,640,15,1,0
9999938_00000_d_0000174,yolo12n.pt,0.25,640,15,0,0
9999938_00000_d_0000174,yolo12n.pt,0.3,640,15,0,0
9999938_00000_d_0000174,yolo12n.pt,0.4,640,15,0,0
9999938_00000_d_0000174,yolo12n.pt,0.5,640,15,0,0
9999938_00000_d_0000174,yolo12n.pt,0.05,1024,15,11,0
9999938_00000_d_0000174,yolo12n.pt,0.1,1024,15,7,0
9999938_00000_d_0000174,yolo12n.pt,0.15,1024,15,3,0
9999938_00000_d_0000174,yolo12n.pt,0.2,1024,15,2,0
9999938_00000_d_0000174,yolo12n.pt,0.25,1024,15,2,0
9999938_00000_d_0000174,yolo12n.pt,0.3,1024,15,2,0
9999938_00000_d_0000174,yolo12n.pt,0.4,1024,15,0,0
9999938_00000_d_0000174,yolo12n.pt,0.5,1024,15,0,0
9999938_00000_d_0000174,yolo12n.pt,0.05,1536,15,68,4
9999938_00000_d_0000174,yolo12n.pt,0.1,1536,15,32,0
9999938_00000_d_0000174,yolo12n.pt,0.15,1536,15,20,0
9999938_00000_d_0000174,yolo12n.pt,0.2,1536,15,14,0
9999938_00000_d_0000174,yolo12n.pt,0.25,1536,15,7,0
9999938_00000_d_0000174,yolo12n.pt,0.3,1536,15,2,0
9999938_00000_d_0000174,yolo12n.pt,0.4,1536,15,1,0
9999938_00000_d_0000174,yolo12n.pt,0.5,1536,15,0,0
9999938_00000_d_0000177,yolo12n.pt,0.05,640,35,16,1
9999938_00000_d_0000177,yolo12n.pt,0.1,640,35,6,1
9999938_00000_d_0000177,yolo12n.pt,0.15,640,35,2,0
9999938_00000_d_0000177,yolo12n.pt,0.2,640,35,1,0
9999938_00000_d_0000177,yolo12n.pt,0.25,640,35,1,0
9999938_00000_d_0000177,yolo12n.pt,0.3,640,35,0,0
9999938_00000_d_0000177,yolo12n.pt,0.4,640,35,0,0
9999938_00000_d_0000177,yolo12n.pt,0.5,640,35,0,0
9999938_00000_d_0000177,yolo12n.pt,0.05,1024,35,29,2
9999938_00000_d_0000177,yolo12n.pt,0.1,1024,35,11,2
9999938_00000_d_0000177,yolo12n.pt,0.15,1024,35,5,1
9999938_00000_d_0000177,yolo12n.pt,0.2,1024,35,5,1
9999938_00000_d_0000177,yolo12n.pt,0.25,1024,35,3,1
9999938_00000_d_0000177,yolo12n.pt,0.3,1024,35,2,1
9999938_00000_d_0000177,yolo12n.pt,0.4,1024,35,1,0
9999938_00000_d_0000177,yolo12n.pt,0.5,1024,35,0,0
9999938_00000_d_0000177,yolo12n.pt,0.05,1536,35,58,3
9999938_00000_d_0000177,yolo12n.pt,0.1,1536,35,37,1
9999938_00000_d_0000177,yolo12n.pt,0.15,1536,35,26,1
9999938_00000_d_0000177,yolo12n.pt,0.2,1536,35,21,1
9999938_00000_d_0000177,yolo12n.pt,0.25,1536,35,16,1
9999938_00000_d_0000177,yolo12n.pt,0.3,1536,35,15,0
9999938_00000_d_0000177,yolo12n.pt,0.4,1536,35,8,0
9999938_00000_d_0000177,yolo12n.pt,0.5,1536,35,3,0
9999938_00000_d_0000180,yolo12n.pt,0.05,640,62,14,0
9999938_00000_d_0000180,yolo12n.pt,0.1,640,62,5,0
9999938_00000_d_0000180,yolo12n.pt,0.15,640,62,2,0
9999938_00000_d_0000180,yolo12n.pt,0.2,640,62,0,0
9999938_00000_d_0000180,yolo12n.pt,0.25,640,62,0,0
9999938_00000_d_0000180,yolo12n.pt,0.3,640,62,0,0
9999938_00000_d_0000180,yolo12n.pt,0.4,640,62,0,0
9999938_00000_d_0000180,yolo12n.pt,0.5,640,62,0,0
9999938_00000_d_0000180,yolo12n.pt,0.05,1024,62,59,0
9999938_00000_d_0000180,yolo12n.pt,0.1,1024,62,29,0
9999938_00000_d_0000180,yolo12n.pt,0.15,1024,62,19,0
9999938_00000_d_0000180,yolo12n.pt,0.2,1024,62,13,0
9999938_00000_d_0000180,yolo12n.pt,0.25,1024,62,4,0
9999938_00000_d_0000180,yolo12n.pt,0.3,1024,62,3,0
9999938_00000_d_0000180,yolo12n.pt,0.4,1024,62,0,0
9999938_00000_d_0000180,yolo12n.pt,0.5,1024,62,0,0
9999938_00000_d_0000180,yolo12n.pt,0.05,1536,62,109,2
9999938_00000_d_0000180,yolo12n.pt,0.1,1536,62,72,2
9999938_00000_d_0000180,yolo12n.pt,0.15,1536,62,54,2
9999938_00000_d_0000180,yolo12n.pt,0.2,1536,62,41,2
9999938_00000_d_0000180,yolo12n.pt,0.25,1536,62,31,1
9999938_00000_d_0000180,yolo12n.pt,0.3,1536,62,29,0
9999938_00000_d_0000180,yolo12n.pt,0.4,1536,62,11,0
9999938_00000_d_0000180,yolo12n.pt,0.5,1536,62,2,0
9999938_00000_d_0000184,yolo12n.pt,0.05,640,15,5,0
9999938_00000_d_0000184,yolo12n.pt,0.1,640,15,2,0
9999938_00000_d_0000184,yolo12n.pt,0.15,640,15,0,0
9999938_00000_d_0000184,yolo12n.pt,0.2,640,15,0,0
9999938_00000_d_0000184,yolo12n.pt,0.25,640,15,0,0
9999938_00000_d_0000184,yolo12n.pt,0.3,640,15,0,0
9999938_00000_d_0000184,yolo12n.pt,0.4,640,15,0,0
9999938_00000_d_0000184,yolo12n.pt,0.5,640,15,0,0
9999938_00000_d_0000184,yolo12n.pt,0.05,1024,15,18,0
9999938_00000_d_0000184,yolo12n.pt,0.1,1024,15,8,0
9999938_00000_d_0000184,yolo12n.pt,0.15,1024,15,4,0
9999938_00000_d_0000184,yolo12n.pt,0.2,1024,15,2,0
9999938_00000_d_0000184,yolo12n.pt,0.25,1024,15,1,0
9999938_00000_d_0000184,yolo12n.pt,0.3,1024,15,1,0
9999938_00000_d_0000184,yolo12n.pt,0.4,1024,15,0,0
9999938_00000_d_0000184,yolo12n.pt,0.5,1024,15,0,0
9999938_00000_d_0000184,yolo12n.pt,0.05,1536,15,39,0
9999938_00000_d_0000184,yolo12n.pt,0.1,1536,15,29,0
9999938_00000_d_0000184,yolo12n.pt,0.15,1536,15,24,0
9999938_00000_d_0000184,yolo12n.pt,0.2,1536,15,18,0
9999938_00000_d_0000184,yolo12n.pt,0.25,1536,15,12,0
9999938_00000_d_0000184,yolo12n.pt,0.3,1536,15,10,0
9999938_00000_d_0000184,yolo12n.pt,0.4,1536,15,3,0
9999938_00000_d_0000184,yolo12n.pt,0.5,1536,15,0,0
9999938_00000_d_0000187,yolo12n.pt,0.05,640,7,2,0
9999938_00000_d_0000187,yolo12n.pt,0.1,640,7,1,0
9999938_00000_d_0000187,yolo12n.pt,0.15,640,7,0,0
9999938_00000_d_0000187,yolo12n.pt,0.2,640,7,0,0
9999938_00000_d_0000187,yolo12n.pt,0.25,640,7,0,0
9999938_00000_d_0000187,yolo12n.pt,0.3,640,7,0,0
9999938_00000_d_0000187,yolo12n.pt,0.4,640,7,0,0
9999938_00000_d_0000187,yolo12n.pt,0.5,640,7,0,0
9999938_00000_d_0000187,yolo12n.pt,0.05,1024,7,2,0
9999938_00000_d_0000187,yolo12n.pt,0.1,1024,7,2,0
9999938_00000_d_0000187,yolo12n.pt,0.15,1024,7,1,0
9999938_00000_d_0000187,yolo12n.pt,0.2,1024,7,1,0
9999938_00000_d_0000187,yolo12n.pt,0.25,1024,7,1,0
9999938_00000_d_0000187,yolo12n.pt,0.3,1024,7,1,0
9999938_00000_d_0000187,yolo12n.pt,0.4,1024,7,0,0
9999938_00000_d_0000187,yolo12n.pt,0.5,1024,7,0,0
9999938_00000_d_0000187,yolo12n.pt,0.05,1536,7,15,0
9999938_00000_d_0000187,yolo12n.pt,0.1,1536,7,10,0
9999938_00000_d_0000187,yolo12n.pt,0.15,1536,7,8,0
9999938_00000_d_0000187,yolo12n.pt,0.2,1536,7,6,0
9999938_00000_d_0000187,yolo12n.pt,0.25,1536,7,2,0
9999938_00000_d_0000187,yolo12n.pt,0.3,1536,7,1,0
9999938_00000_d_0000187,yolo12n.pt,0.4,1536,7,1,0
9999938_00000_d_0000187,yolo12n.pt,0.5,1536,7,1,0
9999938_00000_d_0000188,yolo12n.pt,0.05,640,129,0,0
9999938_00000_d_0000188,yolo12n.pt,0.1,640,129,0,0
9999938_00000_d_0000188,yolo12n.pt,0.15,640,129,0,0
9999938_00000_d_0000188,yolo12n.pt,0.2,640,129,0,0
9999938_00000_d_0000188,yolo12n.pt,0.25,640,129,0,0
9999938_00000_d_0000188,yolo12n.pt,0.3,640,129,0,0
9999938_00000_d_0000188,yolo12n.pt,0.4,640,129,0,0
9999938_00000_d_0000188,yolo12n.pt,0.5,640,129,0,0
9999938_00000_d_0000188,yolo12n.pt,0.05,1024,129,16,0
9999938_00000_d_0000188,yolo12n.pt,0.1,1024,129,5,0
9999938_00000_d_0000188,yolo12n.pt,0.15,1024,129,2,0
9999938_00000_d_0000188,yolo12n.pt,0.2,1024,129,0,0
9999938_00000_d_0000188,yolo12n.pt,0.25,1024,129,0,0
9999938_00000_d_0000188,yolo12n.pt,0.3,1024,129,0,0
9999938_00000_d_0000188,yolo12n.pt,0.4,1024,129,0,0
9999938_00000_d_0000188,yolo12n.pt,0.5,1024,129,0,0
9999938_00000_d_0000188,yolo12n.pt,0.05,1536,129,48,0
9999938_00000_d_0000188,yolo12n.pt,0.1,1536,129,25,0
9999938_00000_d_0000188,yolo12n.pt,0.15,1536,129,13,0
9999938_00000_d_0000188,yolo12n.pt,0.2,1536,129,10,0
9999938_00000_d_0000188,yolo12n.pt,0.25,1536,129,9,0
9999938_00000_d_0000188,yolo12n.pt,0.3,1536,129,4,0
9999938_00000_d_0000188,yolo12n.pt,0.4,1536,129,0,0
9999938_00000_d_0000188,yolo12n.pt,0.5,1536,129,0,0
9999938_00000_d_0000191,yolo12n.pt,0.05,640,12,2,0
9999938_00000_d_0000191,yolo12n.pt,0.1,640,12,0,0
9999938_00000_d_0000191,yolo12n.pt,0.15,640,12,0,0
9999938_00000_d_0000191,yolo12n.pt,0.2,640,12,0,0
9999938_00000_d_0000191,yolo12n.pt,0.25,640,12,0,0
9999938_00000_d_0000191,yolo12n.pt,0.3,640,12,0,0
9999938_00000_d_0000191,yolo12n.pt,0.4,640,12,0,0
9999938_00000_d_0000191,yolo12n.pt,0.5,640,12,0,0
9999938_00000_d_0000191,yolo12n.pt,0.05,1024,12,7,0
9999938_00000_d_0000191,yolo12n.pt,0.1,1024,12,4,0
9999938_00000_d_0000191,yolo12n.pt,0.15,1024,12,1,0
9999938_00000_d_0000191,yolo12n.pt,0.2,1024,12,1,0
9999938_00000_d_0000191,yolo12n.pt,0.25,1024,12,1,0
9999938_00000_d_0000191,yolo12n.pt,0.3,1024,12,1,0
9999938_00000_d_0000191,yolo12n.pt,0.4,1024,12,1,0
9999938_00000_d_0000191,yolo12n.pt,0.5,1024,12,1,0
9999938_00000_d_0000191,yolo12n.pt,0.05,1536,12,14,1
9999938_00000_d_0000191,yolo12n.pt,0.1,1536,12,8,1
9999938_00000_d_0000191,yolo12n.pt,0.15,1536,12,3,0
9999938_00000_d_0000191,yolo12n.pt,0.2,1536,12,3,0
9999938_00000_d_0000191,yolo12n.pt,0.25,1536,12,3,0
9999938_00000_d_0000191,yolo12n.pt,0.3,1536,12,2,0
9999938_00000_d_0000191,yolo12n.pt,0.4,1536,12,1,0
9999938_00000_d_0000191,yolo12n.pt,0.5,1536,12,0,0
9999938_00000_d_0000196,yolo12n.pt,0.05,640,9,8,1
9999938_00000_d_0000196,yolo12n.pt,0.1,640,9,2,0
9999938_00000_d_0000196,yolo12n.pt,0.15,640,9,1,0
9999938_00000_d_0000196,yolo12n.pt,0.2,640,9,1,0
9999938_00000_d_0000196,yolo12n.pt,0.25,640,9,0,0
9999938_00000_d_0000196,yolo12n.pt,0.3,640,9,0,0
9999938_00000_d_0000196,yolo12n.pt,0.4,640,9,0,0
9999938_00000_d_0000196,yolo12n.pt,0.5,640,9,0,0
9999938_00000_d_0000196,yolo12n.pt,0.05,1024,9,3,0
9999938_00000_d_0000196,yolo12n.pt,0.1,1024,9,0,0
9999938_00000_d_0000196,yolo12n.pt,0.15,1024,9,0,0
9999938_00000_d_0000196,yolo12n.pt,0.2,1024,9,0,0
9999938_00000_d_0000196,yolo12n.pt,0.25,1024,9,0,0
9999938_00000_d_0000196,yolo12n.pt,0.3,1024,9,0,0
9999938_00000_d_0000196,yolo12n.pt,0.4,1024,9,0,0
9999938_00000_d_0000196,yolo12n.pt,0.5,1024,9,0,0
9999938_00000_d_0000196,yolo12n.pt,0.05,1536,9,24,0
9999938_00000_d_0000196,yolo12n.pt,0.1,1536,9,12,0
9999938_00000_d_0000196,yolo12n.pt,0.15,1536,9,12,0
9999938_00000_d_0000196,yolo12n.pt,0.2,1536,9,8,0
9999938_00000_d_0000196,yolo12n.pt,0.25,1536,9,4,0
9999938_00000_d_0000196,yolo12n.pt,0.3,1536,9,3,0
9999938_00000_d_0000196,yolo12n.pt,0.4,1536,9,1,0
9999938_00000_d_0000196,yolo12n.pt,0.5,1536,9,1,0
9999938_00000_d_0000197,yolo12n.pt,0.05,640,12,5,0
9999938_00000_d_0000197,yolo12n.pt,0.1,640,12,1,0
9999938_00000_d_0000197,yolo12n.pt,0.15,640,12,1,0
9999938_00000_d_0000197,yolo12n.pt,0.2,640,12,0,0
9999938_00000_d_0000197,yolo12n.pt,0.25,640,12,0,0
9999938_00000_d_0000197,yolo12n.pt,0.3,640,12,0,0
9999938_00000_d_0000197,yolo12n.pt,0.4,640,12,0,0
9999938_00000_d_0000197,yolo12n.pt,0.5,640,12,0,0
9999938_00000_d_0000197,yolo12n.pt,0.05,1024,12,4,0
9999938_00000_d_0000197,yolo12n.pt,0.1,1024,12,0,0
9999938_00000_d_0000197,yolo12n.pt,0.15,1024,12,0,0
9999938_00000_d_0000197,yolo12n.pt,0.2,1024,12,0,0
9999938_00000_d_0000197,yolo12n.pt,0.25,1024,12,0,0
9999938_00000_d_0000197,yolo12n.pt,0.3,1024,12,0,0
9999938_00000_d_0000197,yolo12n.pt,0.4,1024,12,0,0
9999938_00000_d_0000197,yolo12n.pt,0.5,1024,12,0,0
9999938_00000_d_0000197,yolo12n.pt,0.05,1536,12,37,0
9999938_00000_d_0000197,yolo12n.pt,0.1,1536,12,18,0
9999938_00000_d_0000197,yolo12n.pt,0.15,1536,12,13,0
9999938_00000_d_0000197,yolo12n.pt,0.2,1536,12,9,0
9999938_00000_d_0000197,yolo12n.pt,0.25,1536,12,5,0
9999938_00000_d_0000197,yolo12n.pt,0.3,1536,12,4,0
9999938_00000_d_0000197,yolo12n.pt,0.4,1536,12,2,0
9999938_00000_d_0000197,yolo12n.pt,0.5,1536,12,2,0
9999938_00000_d_0000206,yolo12n.pt,0.05,640,174,15,2
9999938_00000_d_0000206,yolo12n.pt,0.1,640,174,6,0
9999938_00000_d_0000206,yolo12n.pt,0.15,640,174,3,0
9999938_00000_d_0000206,yolo12n.pt,0.2,640,174,1,0
9999938_00000_d_0000206,yolo12n.pt,0.25,640,174,0,0
9999938_00000_d_0000206,yolo12n.pt,0.3,640,174,0,0
9999938_00000_d_0000206,yolo12n.pt,0.4,640,174,0,0
9999938_00000_d_0000206,yolo12n.pt,0.5,640,174,0,0
9999938_00000_d_0000206,yolo12n.pt,0.05,1024,174,31,3
9999938_00000_d_0000206,yolo12n.pt,0.1,1024,174,19,1
9999938_00000_d_0000206,yolo12n.pt,0.15,1024,174,9,0
9999938_00000_d_0000206,yolo12n.pt,0.2,1024,174,3,0
9999938_00000_d_0000206,yolo12n.pt,0.25,1024,174,3,0
9999938_00000_d_0000206,yolo12n.pt,0.3,1024,174,2,0
9999938_00000_d_0000206,yolo12n.pt,0.4,1024,174,0,0
9999938_00000_d_0000206,yolo12n.pt,0.5,1024,174,0,0
9999938_00000_d_0000206,yolo12n.pt,0.05,1536,174,70,19
9999938_00000_d_0000206,yolo12n.pt,0.1,1536,174,31,6
9999938_00000_d_0000206,yolo12n.pt,0.15,1536,174,19,1
9999938_00000_d_0000206,yolo12n.pt,0.2,1536,174,14,0
9999938_00000_d_0000206,yolo12n.pt,0.25,1536,174,9,0
9999938_00000_d_0000206,yolo12n.pt,0.3,1536,174,5,0
9999938_00000_d_0000206,yolo12n.pt,0.4,1536,174,3,0
9999938_00000_d_0000206,yolo12n.pt,0.5,1536,174,1,0
9999938_00000_d_0000208,yolo12n.pt,0.05,640,286,22,3
9999938_00000_d_0000208,yolo12n.pt,0.1,640,286,14,1
9999938_00000_d_0000208,yolo12n.pt,0.15,640,286,8,0
9999938_00000_d_0000208,yolo12n.pt,0.2,640,286,4,0
9999938_00000_d_0000208,yolo12n.pt,0.25,640,286,2,0
9999938_00000_d_0000208,yolo12n.pt,0.3,640,286,0,0
9999938_00000_d_0000208,yolo12n.pt,0.4,640,286,0,0
9999938_00000_d_0000208,yolo12n.pt,0.5,640,286,0,0
9999938_00000_d_0000208,yolo12n.pt,0.05,1024,286,37,2
9999938_00000_d_0000208,yolo12n.pt,0.1,1024,286,20,1
9999938_00000_d_0000208,yolo12n.pt,0.15,1024,286,10,0
9999938_00000_d_0000208,yolo12n.pt,0.2,1024,286,8,0
9999938_00000_d_0000208,yolo12n.pt,0.25,1024,286,6,0
9999938_00000_d_0000208,yolo12n.pt,0.3,1024,286,4,0
9999938_00000_d_0000208,yolo12n.pt,0.4,1024,286,3,0
9999938_00000_d_0000208,yolo12n.pt,0.5,1024,286,3,0
9999938_00000_d_0000208,yolo12n.pt,0.05,1536,286,67,11
9999938_00000_d_0000208,yolo12n.pt,0.1,1536,286,31,2
9999938_00000_d_0000208,yolo12n.pt,0.15,1536,286,19,0
9999938_00000_d_0000208,yolo12n.pt,0.2,1536,286,14,0
9999938_00000_d_0000208,yolo12n.pt,0.25,1536,286,10,0
9999938_00000_d_0000208,yolo12n.pt,0.3,1536,286,8,0
9999938_00000_d_0000208,yolo12n.pt,0.4,1536,286,3,0
9999938_00000_d_0000208,yolo12n.pt,0.5,1536,286,3,0
9999938_00000_d_0000210,yolo12n.pt,0.05,640,270,17,5
9999938_00000_d_0000210,yolo12n.pt,0.1,640,270,4,0
9999938_00000_d_0000210,yolo12n.pt,0.15,640,270,2,0
9999938_00000_d_0000210,yolo12n.pt,0.2,640,270,2,0
9999938_00000_d_0000210,yolo12n.pt,0.25,640,270,0,0
9999938_00000_d_0000210,yolo12n.pt,0.3,640,270,0,0
9999938_00000_d_0000210,yolo12n.pt,0.4,640,270,0,0
9999938_00000_d_0000210,yolo12n.pt,0.5,640,270,0,0
9999938_00000_d_0000210,yolo12n.pt,0.05,1024,270,9,0
9999938_00000_d_0000210,yolo12n.pt,0.1,1024,270,3,0
9999938_00000_d_0000210,yolo12n.pt,0.15,1024,270,0,0
9999938_00000_d_0000210,yolo12n.pt,0.2,1024,270,0,0
9999938_00000_d_0000210,yolo12n.pt,0.25,1024,270,0,0
9999938_00000_d_0000210,yolo12n.pt,0.3,1024,270,0,0
9999938_00000_d_0000210,yolo12n.pt,0.4,1024,270,0,0
9999938_00000_d_0000210,yolo12n.pt,0.5,1024,270,0,0
9999938_00000_d_0000210,yolo12n.pt,0.05,1536,270,55,3
9999938_00000_d_0000210,yolo12n.pt,0.1,1536,270,23,0
9999938_00000_d_0000210,yolo12n.pt,0.15,1536,270,12,0
9999938_00000_d_0000210,yolo12n.pt,0.2,1536,270,7,0
9999938_00000_d_0000210,yolo12n.pt,0.25,1536,270,4,0
9999938_00000_d_0000210,yolo12n.pt,0.3,1536,270,3,0
9999938_00000_d_0000210,yolo12n.pt,0.4,1536,270,1,0
9999938_00000_d_0000210,yolo12n.pt,0.5,1536,270,1,0
9999938_00000_d_0000212,yolo12n.pt,0.05,640,224,1,0
9999938_00000_d_0000212,yolo12n.pt,0.1,640,224,1,0
9999938_00000_d_0000212,yolo12n.pt,0.15,640,224,1,0
9999938_00000_d_0000212,yolo12n.pt,0.2,640,224,1,0
9999938_00000_d_0000212,yolo12n.pt,0.25,640,224,1,0
9999938_00000_d_0000212,yolo12n.pt,0.3,640,224,1,0
9999938_00000_d_0000212,yolo12n.pt,0.4,640,224,1,0
9999938_00000_d_0000212,yolo12n.pt,0.5,640,224,1,0
9999938_00000_d_0000212,yolo12n.pt,0.05,1024,224,5,0
9999938_00000_d_0000212,yolo12n.pt,0.1,1024,224,3,0
9999938_00000_d_0000212,yolo12n.pt,0.15,1024,224,2,0
9999938_00000_d_0000212,yolo12n.pt,0.2,1024,224,1,0
9999938_00000_d_0000212,yolo12n.pt,0.25,1024,224,0,0
9999938_00000_d_0000212,yolo12n.pt,0.3,1024,224,0,0
9999938_00000_d_0000212,yolo12n.pt,0.4,1024,224,0,0
9999938_00000_d_0000212,yolo12n.pt,0.5,1024,224,0,0
9999938_00000_d_0000212,yolo12n.pt,0.05,1536,224,12,0
9999938_00000_d_0000212,yolo12n.pt,0.1,1536,224,3,0
9999938_00000_d_0000212,yolo12n.pt,0.15,1536,224,1,0
9999938_00000_d_0000212,yolo12n.pt,0.2,1536,224,0,0
9999938_00000_d_0000212,yolo12n.pt,0.25,1536,224,0,0
9999938_00000_d_0000212,yolo12n.pt,0.3,1536,224,0,0
9999938_00000_d_0000212,yolo12n.pt,0.4,1536,224,0,0
9999938_00000_d_0000212,yolo12n.pt,0.5,1536,224,0,0
9999938_00000_d_0000219,yolo12n.pt,0.05,640,135,8,0
9999938_00000_d_0000219,yolo12n.pt,0.1,640,135,3,0
9999938_00000_d_0000219,yolo12n.pt,0.15,640,135,2,0
9999938_00000_d_0000219,yolo12n.pt,0.2,640,135,2,0
9999938_00000_d_0000219,yolo12n.pt,0.25,640,135,1,0
9999938_00000_d_0000219,yolo12n.pt,0.3,640,135,1,0
9999938_00000_d_0000219,yolo12n.pt,0.4,640,135,0,0
9999938_00000_d_0000219,yolo12n.pt,0.5,640,135,0,0
9999938_00000_d_0000219,yolo12n.pt,0.05,1024,135,21,1
9999938_00000_d_0000219,yolo12n.pt,0.1,1024,135,6,0
9999938_00000_d_0000219,yolo12n.pt,0.15,1024,135,4,0
9999938_00000_d_0000219,yolo12n.pt,0.2,1024,135,4,0
9999938_00000_d_0000219,yolo12n.pt,0.25,1024,135,3,0
9999938_00000_d_0000219,yolo12n.pt,0.3,1024,135,2,0
9999938_00000_d_0000219,yolo12n.pt,0.4,1024,135,0,0
9999938_00000_d_0000219,yolo12n.pt,0.5,1024,135,0,0
9999938_00000_d_0000219,yolo12n.pt,0.05,1536,135,45,0
9999938_00000_d_0000219,yolo12n.pt,0.1,1536,135,30,0
9999938_00000_d_0000219,yolo12n.pt,0.15,1536,135,21,0
9999938_00000_d_0000219,yolo12n.pt,0.2,1536,135,14,0
9999938_00000_d_0000219,yolo12n.pt,0.25,1536,135,10,0
9999938_00000_d_0000219,yolo12n.pt,0.3,1536,135,4,0
9999938_00000_d_0000219,yolo12n.pt,0.4,1536,135,1,0
9999938_00000_d_0000219,yolo12n.pt,0.5,1536,135,0,0
9999938_00000_d_0000226,yolo12n.pt,0.05,640,16,2,0
9999938_00000_d_0000226,yolo12n.pt,0.1,640,16,1,0
9999938_00000_d_0000226,yolo12n.pt,0.15,640,16,1,0
9999938_00000_d_0000226,yolo12n.pt,0.2,640,16,1,0
9999938_00000_d_0000226,yolo12n.pt,0.25,640,16,1,0
9999938_00000_d_0000226,yolo12n.pt,0.3,640,16,1,0
9999938_00000_d_0000226,yolo12n.pt,0.4,640,16,1,0
9999938_00000_d_0000226,yolo12n.pt,0.5,640,16,0,0
9999938_00000_d_0000226,yolo12n.pt,0.05,1024,16,6,0
9999938_00000_d_0000226,yolo12n.pt,0.1,1024,16,2,0
9999938_00000_d_0000226,yolo12n.pt,0.15,1024,16,1,0
9999938_00000_d_0000226,yolo12n.pt,0.2,1024,16,0,0
9999938_00000_d_0000226,yolo12n.pt,0.25,1024,16,0,0
9999938_00000_d_0000226,yolo12n.pt,0.3,1024,16,0,0
9999938_00000_d_0000226,yolo12n.pt,0.4,1024,16,0,0
9999938_00000_d_0000226,yolo12n.pt,0.5,1024,16,0,0
9999938_00000_d_0000226,yolo12n.pt,0.05,1536,16,12,0
9999938_00000_d_0000226,yolo12n.pt,0.1,1536,16,6,0
9999938_00000_d_0000226,yolo12n.pt,0.15,1536,16,3,0
9999938_00000_d_0000226,yolo12n.pt,0.2,1536,16,0,0
9999938_00000_d_0000226,yolo12n.pt,0.25,1536,16,0,0
9999938_00000_d_0000226,yolo12n.pt,0.3,1536,16,0,0
9999938_00000_d_0000226,yolo12n.pt,0.4,1536,16,0,0
9999938_00000_d_0000226,yolo12n.pt,0.5,1536,16,0,0
9999938_00000_d_0000229,yolo12n.pt,0.05,640,10,2,0
9999938_00000_d_0000229,yolo12n.pt,0.1,640,10,1,0
9999938_00000_d_0000229,yolo12n.pt,0.15,640,10,0,0
9999938_00000_d_0000229,yolo12n.pt,0.2,640,10,0,0
9999938_00000_d_0000229,yolo12n.pt,0.25,640,10,0,0
9999938_00000_d_0000229,yolo12n.pt,0.3,640,10,0,0
9999938_00000_d_0000229,yolo12n.pt,0.4,640,10,0,0
9999938_00000_d_0000229,yolo12n.pt,0.5,640,10,0,0
9999938_00000_d_0000229,yolo12n.pt,0.05,1024,10,1,0
9999938_00000_d_0000229,yolo12n.pt,0.1,1024,10,1,0
9999938_00000_d_0000229,yolo12n.pt,0.15,1024,10,1,0
9999938_00000_d_0000229,yolo12n.pt,0.2,1024,10,1,0
9999938_00000_d_0000229,yolo12n.pt,0.25,1024,10,1,0
9999938_00000_d_0000229,yolo12n.pt,0.3,1024,10,1,0
9999938_00000_d_0000229,yolo12n.pt,0.4,1024,10,1,0
9999938_00000_d_0000229,yolo12n.pt,0.5,1024,10,0,0
9999938_00000_d_0000229,yolo12n.pt,0.05,1536,10,3,0
9999938_00000_d_0000229,yolo12n.pt,0.1,1536,10,1,0
9999938_00000_d_0000229,yolo12n.pt,0.15,1536,10,0,0
9999938_00000_d_0000229,yolo12n.pt,0.2,1536,10,0,0
9999938_00000_d_0000229,yolo12n.pt,0.25,1536,10,0,0
9999938_00000_d_0000229,yolo12n.pt,0.3,1536,10,0,0
9999938_00000_d_0000229,yolo12n.pt,0.4,1536,10,0,0
9999938_00000_d_0000229,yolo12n.pt,0.5,1536,10,0,0
9999938_00000_d_0000233,yolo12n.pt,0.05,640,7,3,0
9999938_00000_d_0000233,yolo12n.pt,0.1,640,7,0,0
9999938_00000_d_0000233,yolo12n.pt,0.15,640,7,0,0
9999938_00000_d_0000233,yolo12n.pt,0.2,640,7,0,0
9999938_00000_d_0000233,yolo12n.pt,0.25,640,7,0,0
9999938_00000_d_0000233,yolo12n.pt,0.3,640,7,0,0
9999938_00000_d_0000233,yolo12n.pt,0.4,640,7,0,0
9999938_00000_d_0000233,yolo12n.pt,0.5,640,7,0,0
9999938_00000_d_0000233,yolo12n.pt,0.05,1024,7,4,0
9999938_00000_d_0000233,yolo12n.pt,0.1,1024,7,1,0
9999938_00000_d_0000233,yolo12n.pt,0.15,1024,7,1,0
9999938_00000_d_0000233,yolo12n.pt,0.2,1024,7,1,0
9999938_00000_d_0000233,yolo12n.pt,0.25,1024,7,1,0
9999938_00000_d_0000233,yolo12n.pt,0.3,1024,7,1,0
9999938_00000_d_0000233,yolo12n.pt,0.4,1024,7,0,0
9999938_00000_d_0000233,yolo12n.pt,0.5,1024,7,0,0
9999938_00000_d_0000233,yolo12n.pt,0.05,1536,7,5,0
9999938_00000_d_0000233,yolo12n.pt,0.1,1536,7,4,0
9999938_00000_d_0000233,yolo12n.pt,0.15,1536,7,3,0
9999938_00000_d_0000233,yolo12n.pt,0.2,1536,7,3,0
9999938_00000_d_0000233,yolo12n.pt,0.25,1536,7,3,0
9999938_00000_d_0000233,yolo12n.pt,0.3,1536,7,3,0
9999938_00000_d_0000233,yolo12n.pt,0.4,1536,7,2,0
9999938_00000_d_0000233,yolo12n.pt,0.5,1536,7,1,0
9999938_00000_d_0000240,yolo12n.pt,0.05,640,6,2,0
9999938_00000_d_0000240,yolo12n.pt,0.1,640,6,1,0
9999938_00000_d_0000240,yolo12n.pt,0.15,640,6,0,0
9999938_00000_d_0000240,yolo12n.pt,0.2,640,6,0,0
9999938_00000_d_0000240,yolo12n.pt,0.25,640,6,0,0
9999938_00000_d_0000240,yolo12n.pt,0.3,640,6,0,0
9999938_00000_d_0000240,yolo12n.pt,0.4,640,6,0,0
9999938_00000_d_0000240,yolo12n.pt,0.5,640,6,0,0
9999938_00000_d_0000240,yolo12n.pt,0.05,1024,6,3,0
9999938_00000_d_0000240,yolo12n.pt,0.1,1024,6,2,0
9999938_00000_d_0000240,yolo12n.pt,0.15,1024,6,2,0
9999938_00000_d_0000240,yolo12n.pt,0.2,1024,6,2,0
9999938_00000_d_0000240,yolo12n.pt,0.25,1024,6,2,0
9999938_00000_d_0000240,yolo12n.pt,0.3,1024,6,1,0
9999938_00000_d_0000240,yolo12n.pt,0.4,1024,6,0,0
9999938_00000_d_0000240,yolo12n.pt,0.5,1024,6,0,0
9999938_00000_d_0000240,yolo12n.pt,0.05,1536,6,5,0
9999938_00000_d_0000240,yolo12n.pt,0.1,1536,6,3,0
9999938_00000_d_0000240,yolo12n.pt,0.15,1536,6,3,0
9999938_00000_d_0000240,yolo12n.pt,0.2,1536,6,2,0
9999938_00000_d_0000240,yolo12n.pt,0.25,1536,6,2,0
9999938_00000_d_0000240,yolo12n.pt,0.3,1536,6,2,0
9999938_00000_d_0000240,yolo12n.pt,0.4,1536,6,0,0
9999938_00000_d_0000240,yolo12n.pt,0.5,1536,6,0,0
9999938_00000_d_0000243,yolo12n.pt,0.05,640,5,6,0
9999938_00000_d_0000243,yolo12n.pt,0.1,640,5,4,0
9999938_00000_d_0000243,yolo12n.pt,0.15,640,5,1,0
9999938_00000_d_0000243,yolo12n.pt,0.2,640,5,0,0
9999938_00000_d_0000243,yolo12n.pt,0.25,640,5,0,0
9999938_00000_d_0000243,yolo12n.pt,0.3,640,5,0,0
9999938_00000_d_0000243,yolo12n.pt,0.4,640,5,0,0
9999938_00000_d_0000243,yolo12n.pt,0.5,640,5,0,0
9999938_00000_d_0000243,yolo12n.pt,0.05,1024,5,6,3
9999938_00000_d_0000243,yolo12n.pt,0.1,1024,5,1,0
9999938_00000_d_0000243,yolo12n.pt,0.15,1024,5,1,0
9999938_00000_d_0000243,yolo12n.pt,0.2,1024,5,1,0
9999938_00000_d_0000243,yolo12n.pt,0.25,1024,5,0,0
9999938_00000_d_0000243,yolo12n.pt,0.3,1024,5,0,0
9999938_00000_d_0000243,yolo12n.pt,0.4,1024,5,0,0
9999938_00000_d_0000243,yolo12n.pt,0.5,1024,5,0,0
9999938_00000_d_0000243,yolo12n.pt,0.05,1536,5,36,0
9999938_00000_d_0000243,yolo12n.pt,0.1,1536,5,24,0
9999938_00000_d_0000243,yolo12n.pt,0.15,1536,5,22,0
9999938_00000_d_0000243,yolo12n.pt,0.2,1536,5,16,0
9999938_00000_d_0000243,yolo12n.pt,0.25,1536,5,14,0
9999938_00000_d_0000243,yolo12n.pt,0.3,1536,5,13,0
9999938_00000_d_0000243,yolo12n.pt,0.4,1536,5,6,0
9999938_00000_d_0000243,yolo12n.pt,0.5,1536,5,5,0
9999938_00000_d_0000245,yolo12n.pt,0.05,640,5,4,0
9999938_00000_d_0000245,yolo12n.pt,0.1,640,5,3,0
9999938_00000_d_0000245,yolo12n.pt,0.15,640,5,1,0
9999938_00000_d_0000245,yolo12n.pt,0.2,640,5,0,0
9999938_00000_d_0000245,yolo12n.pt,0.25,640,5,0,0
9999938_00000_d_0000245,yolo12n.pt,0.3,640,5,0,0
9999938_00000_d_0000245,yolo12n.pt,0.4,640,5,0,0
9999938_00000_d_0000245,yolo12n.pt,0.5,640,5,0,0
9999938_00000_d_0000245,yolo12n.pt,0.05,1024,5,4,0
9999938_00000_d_0000245,yolo12n.pt,0.1,1024,5,2,0
9999938_00000_d_0000245,yolo12n.pt,0.15,1024,5,1,0
9999938_00000_d_0000245,yolo12n.pt,0.2,1024,5,1,0
9999938_00000_d_0000245,yolo12n.pt,0.25,1024,5,0,0
9999938_00000_d_0000245,yolo12n.pt,0.3,1024,5,0,0
9999938_00000_d_0000245,yolo12n.pt,0.4,1024,5,0,0
9999938_00000_d_0000245,yolo12n.pt,0.5,1024,5,0,0
9999938_00000_d_0000245,yolo12n.pt,0.05,1536,5,38,1
9999938_00000_d_0000245,yolo12n.pt,0.1,1536,5,16,1
9999938_00000_d_0000245,yolo12n.pt,0.15,1536,5,5,0
9999938_00000_d_0000245,yolo12n.pt,0.2,1536,5,4,0
9999938_00000_d_0000245,yolo12n.pt,0.25,1536,5,1,0
9999938_00000_d_0000245,yolo12n.pt,0.3,1536,5,0,0
9999938_00000_d_0000245,yolo12n.pt,0.4,1536,5,0,0
9999938_00000_d_0000245,yolo12n.pt,0.5,1536,5,0,0
9999938_00000_d_0000253,yolo12n.pt,0.05,640,36,4,0
9999938_00000_d_0000253,yolo12n.pt,0.1,640,36,1,0
9999938_00000_d_0000253,yolo12n.pt,0.15,640,36,1,0
9999938_00000_d_0000253,yolo12n.pt,0.2,640,36,1,0
9999938_00000_d_0000253,yolo12n.pt,0.25,640,36,1,0
9999938_00000_d_0000253,yolo12n.pt,0.3,640,36,1,0
9999938_00000_d_0000253,yolo12n.pt,0.4,640,36,0,0
9999938_00000_d_0000253,yolo12n.pt,0.5,640,36,0,0
9999938_00000_d_0000253,yolo12n.pt,0.05,1024,36,5,1
9999938_00000_d_0000253,yolo12n.pt,0.1,1024,36,1,0
9999938_00000_d_0000253,yolo12n.pt,0.15,1024,36,1,0
9999938_00000_d_0000253,yolo12n.pt,0.2,1024,36,1,0
9999938_00000_d_0000253,yolo12n.pt,0.25,1024,36,1,0
9999938_00000_d_0000253,yolo12n.pt,0.3,1024,36,1,0
9999938_00000_d_0000253,yolo12n.pt,0.4,1024,36,1,0
9999938_00000_d_0000253,yolo12n.pt,0.5,1024,36,1,0
9999938_00000_d_0000253,yolo12n.pt,0.05,1536,36,6,3
9999938_00000_d_0000253,yolo12n.pt,0.1,1536,36,3,1
9999938_00000_d_0000253,yolo12n.pt,0.15,1536,36,2,0
9999938_00000_d_0000253,yolo12n.pt,0.2,1536,36,2,0
9999938_00000_d_0000253,yolo12n.pt,0.25,1536,36,2,0
9999938_00000_d_0000253,yolo12n.pt,0.3,1536,36,2,0
9999938_00000_d_0000253,yolo12n.pt,0.4,1536,36,1,0
9999938_00000_d_0000253,yolo12n.pt,0.5,1536,36,1,0
9999938_00000_d_0000254,yolo12n.pt,0.05,640,51,3,0
9999938_00000_d_0000254,yolo12n.pt,0.1,640,51,3,0
9999938_00000_d_0000254,yolo12n.pt,0.15,640,51,3,0
9999938_00000_d_0000254,yolo12n.pt,0.2,640,51,1,0
9999938_00000_d_0000254,yolo12n.pt,0.25,640,51,0,0
9999938_00000_d_0000254,yolo12n.pt,0.3,640,51,0,0
9999938_00000_d_0000254,yolo12n.pt,0.4,640,51,0,0
9999938_00000_d_0000254,yolo12n.pt,0.5,640,51,0,0
9999938_00000_d_0000254,yolo12n.pt,0.05,1024,51,8,8
9999938_00000_d_0000254,yolo12n.pt,0.1,1024,51,1,1
9999938_00000_d_0000254,yolo12n.pt,0.15,1024,51,0,0
9999938_00000_d_0000254,yolo12n.pt,0.2,1024,51,0,0
9999938_00000_d_0000254,yolo12n.pt,0.25,1024,51,0,0
9999938_00000_d_0000254,yolo12n.pt,0.3,1024,51,0,0
9999938_00000_d_0000254,yolo12n.pt,0.4,1024,51,0,0
9999938_00000_d_0000254,yolo12n.pt,0.5,1024,51,0,0
9999938_00000_d_0000254,yolo12n.pt,0.05,1536,51,83,83
9999938_00000_d_0000254,yolo12n.pt,0.1,1536,51,27,27
9999938_00000_d_0000254,yolo12n.pt,0.15,1536,51,17,17
9999938_00000_d_0000254,yolo12n.pt,0.2,1536,51,10,10
9999938_00000_d_0000254,yolo12n.pt,0.25,1536,51,4,4
9999938_00000_d_0000254,yolo12n.pt,0.3,1536,51,2,2
9999938_00000_d_0000254,yolo12n.pt,0.4,1536,51,0,0
9999938_00000_d_0000254,yolo12n.pt,0.5,1536,51,0,0
9999938_00000_d_0000257,yolo12n.pt,0.05,640,38,19,1
9999938_00000_d_0000257,yolo12n.pt,0.1,640,38,12,0
9999938_00000_d_0000257,yolo12n.pt,0.15,640,38,9,0
9999938_00000_d_0000257,yolo12n.pt,0.2,640,38,7,0
9999938_00000_d_0000257,yolo12n.pt,0.25,640,38,5,0
9999938_00000_d_0000257,yolo12n.pt,0.3,640,38,4,0
9999938_00000_d_0000257,yolo12n.pt,0.4,640,38,3,0
9999938_00000_d_0000257,yolo12n.pt,0.5,640,38,1,0
9999938_00000_d_0000257,yolo12n.pt,0.05,1024,38,26,3
9999938_00000_d_0000257,yolo12n.pt,0.1,1024,38,16,1
9999938_00000_d_0000257,yolo12n.pt,0.15,1024,38,13,0
9999938_00000_d_0000257,yolo12n.pt,0.2,1024,38,13,0
9999938_00000_d_0000257,yolo12n.pt,0.25,1024,38,12,0
9999938_00000_d_0000257,yolo12n.pt,0.3,1024,38,11,0
9999938_00000_d_0000257,yolo12n.pt,0.4,1024,38,11,0
9999938_00000_d_0000257,yolo12n.pt,0.5,1024,38,10,0
9999938_00000_d_0000257,yolo12n.pt,0.05,1536,38,47,11
9999938_00000_d_0000257,yolo12n.pt,0.1,1536,38,30,7
9999938_00000_d_0000257,yolo12n.pt,0.15,1536,38,22,5
9999938_00000_d_0000257,yolo12n.pt,0.2,1536,38,21,4
9999938_00000_d_0000257,yolo12n.pt,0.25,1536,38,16,1
9999938_00000_d_0000257,yolo12n.pt,0.3,1536,38,14,0
9999938_00000_d_0000257,yolo12n.pt,0.4,1536,38,12,0
9999938_00000_d_0000257,yolo12n.pt,0.5,1536,38,11,0
9999938_00000_d_0000258,yolo12n.pt,0.05,640,46,19,0
9999938_00000_d_0000258,yolo12n.pt,0.1,640,46,12,0
9999938_00000_d_0000258,yolo12n.pt,0.15,640,46,8,0
9999938_00000_d_0000258,yolo12n.pt,0.2,640,46,6,0
9999938_00000_d_0000258,yolo12n.pt,0.25,640,46,5,0
9999938_00000_d_0000258,yolo12n.pt,0.3,640,46,4,0
9999938_00000_d_0000258,yolo12n.pt,0.4,640,46,0,0
9999938_00000_d_0000258,yolo12n.pt,0.5,640,46,0,0
9999938_00000_d_0000258,yolo12n.pt,0.05,1024,46,46,6
9999938_00000_d_0000258,yolo12n.pt,0.1,1024,46,30,6
9999938_00000_d_0000258,yolo12n.pt,0.15,1024,46,22,3
9999938_00000_d_0000258,yolo12n.pt,0.2,1024,46,19,0
9999938_00000_d_0000258,yolo12n.pt,0.25,1024,46,16,0
9999938_00000_d_0000258,yolo12n.pt,0.3,1024,46,15,0
9999938_00000_d_0000258,yolo12n.pt,0.4,1024,46,11,0
9999938_00000_d_0000258,yolo12n.pt,0.5,1024,46,7,0
9999938_00000_d_0000258,yolo12n.pt,0.05,1536,46,78,17
9999938_00000_d_0000258,yolo12n.pt,0.1,1536,46,40,6
9999938_00000_d_0000258,yolo12n.pt,0.15,1536,46,33,3
9999938_00000_d_0000258,yolo12n.pt,0.2,1536,46,30,3
9999938_00000_d_0000258,yolo12n.pt,0.25,1536,46,23,0
9999938_00000_d_0000258,yolo12n.pt,0.3,1536,46,22,0
9999938_00000_d_0000258,yolo12n.pt,0.4,1536,46,15,0
9999938_00000_d_0000258,yolo12n.pt,0.5,1536,46,15,0
9999938_00000_d_0000259,yolo12n.pt,0.05,640,8,16,0
9999938_00000_d_0000259,yolo12n.pt,0.1,640,8,6,0
9999938_00000_d_0000259,yolo12n.pt,0.15,640,8,4,0
9999938_00000_d_0000259,yolo12n.pt,0.2,640,8,2,0
9999938_00000_d_0000259,yolo12n.pt,0.25,640,8,0,0
9999938_00000_d_0000259,yolo12n.pt,0.3,640,8,0,0
9999938_00000_d_0000259,yolo12n.pt,0.4,640,8,0,0
9999938_00000_d_0000259,yolo12n.pt,0.5,640,8,0,0
9999938_00000_d_0000259,yolo12n.pt,0.05,1024,8,38,2
9999938_00000_d_0000259,yolo12n.pt,0.1,1024,8,24,0
9999938_00000_d_0000259,yolo12n.pt,0.15,1024,8,19,0
9999938_00000_d_0000259,yolo12n.pt,0.2,1024,8,16,0
9999938_00000_d_0000259,yolo12n.pt,0.25,1024,8,13,0
9999938_00000_d_0000259,yolo12n.pt,0.3,1024,8,13,0
9999938_00000_d_0000259,yolo12n.pt,0.4,1024,8,8,0
9999938_00000_d_0000259,yolo12n.pt,0.5,1024,8,6,0
9999938_00000_d_0000259,yolo12n.pt,0.05,1536,8,59,2
9999938_00000_d_0000259,yolo12n.pt,0.1,1536,8,31,0
9999938_00000_d_0000259,yolo12n.pt,0.15,1536,8,26,0
9999938_00000_d_0000259,yolo12n.pt,0.2,1536,8,25,0
9999938_00000_d_0000259,yolo12n.pt,0.25,1536,8,24,0
9999938_00000_d_0000259,yolo12n.pt,0.3,1536,8,24,0
9999938_00000_d_0000259,yolo12n.pt,0.4,1536,8,20,0
9999938_00000_d_0000259,yolo12n.pt,0.5,1536,8,15,0
9999938_00000_d_0000261,yolo12n.pt,0.05,640,7,13,0
9999938_00000_d_0000261,yolo12n.pt,0.1,640,7,6,0
9999938_00000_d_0000261,yolo12n.pt,0.15,640,7,5,0
9999938_00000_d_0000261,yolo12n.pt,0.2,640,7,5,0
9999938_00000_d_0000261,yolo12n.pt,0.25,640,7,0,0
9999938_00000_d_0000261,yolo12n.pt,0.3,640,7,0,0
9999938_00000_d_0000261,yolo12n.pt,0.4,640,7,0,0
9999938_00000_d_0000261,yolo12n.pt,0.5,640,7,0,0
9999938_00000_d_0000261,yolo12n.pt,0.05,1024,7,22,0
9999938_00000_d_0000261,yolo12n.pt,0.1,1024,7,12,0
9999938_00000_d_0000261,yolo12n.pt,0.15,1024,7,10,0
9999938_00000_d_0000261,yolo12n.pt,0.2,1024,7,10,0
9999938_00000_d_0000261,yolo12n.pt,0.25,1024,7,10,0
9999938_00000_d_0000261,yolo12n.pt,0.3,1024,7,10,0
9999938_00000_d_0000261,yolo12n.pt,0.4,1024,7,8,0
9999938_00000_d_0000261,yolo12n.pt,0.5,1024,7,7,0
9999938_00000_d_0000261,yolo12n.pt,0.05,1536,7,41,0
9999938_00000_d_0000261,yolo12n.pt,0.1,1536,7,26,0
9999938_00000_d_0000261,yolo12n.pt,0.15,1536,7,20,0
9999938_00000_d_0000261,yolo12n.pt,0.2,1536,7,15,0
9999938_00000_d_0000261,yolo12n.pt,0.25,1536,7,14,0
9999938_00000_d_0000261,yolo12n.pt,0.3,1536,7,12,0
9999938_00000_d_0000261,yolo12n.pt,0.4,1536,7,10,0
9999938_00000_d_0000261,yolo12n.pt,0.5,1536,7,8,0
9999938_00000_d_0000263,yolo12n.pt,0.05,640,19,14,2
9999938_00000_d_0000263,yolo12n.pt,0.1,640,19,7,1
9999938_00000_d_0000263,yolo12n.pt,0.15,640,19,2,0
9999938_00000_d_0000263,yolo12n.pt,0.2,640,19,2,0
9999938_00000_d_0000263,yolo12n.pt,0.25,640,19,1,0
9999938_00000_d_0000263,yolo12n.pt,0.3,640,19,1,0
9999938_00000_d_0000263,yolo12n.pt,0.4,640,19,0,0
9999938_00000_d_0000263,yolo12n.pt,0.5,640,19,0,0
9999938_00000_d_0000263,yolo12n.pt,0.05,1024,19,18,0
9999938_00000_d_0000263,yolo12n.pt,0.1,1024,19,15,0
9999938_00000_d_0000263,yolo12n.pt,0.15,1024,19,9,0
9999938_00000_d_0000263,yolo12n.pt,0.2,1024,19,7,0
9999938_00000_d_0000263,yolo12n.pt,0.25,1024,19,5,0
9999938_00000_d_0000263,yolo12n.pt,0.3,1024,19,5,0
9999938_00000_d_0000263,yolo12n.pt,0.4,1024,19,5,0
9999938_00000_d_0000263,yolo12n.pt,0.5,1024,19,2,0
9999938_00000_d_0000263,yolo12n.pt,0.05,1536,19,18,1
9999938_00000_d_0000263,yolo12n.pt,0.1,1536,19,13,0
9999938_00000_d_0000263,yolo12n.pt,0.15,1536,19,13,0
9999938_00000_d_0000263,yolo12n.pt,0.2,1536,19,11,0
9999938_00000_d_0000263,yolo12n.pt,0.25,1536,19,11,0
9999938_00000_d_0000263,yolo12n.pt,0.3,1536,19,10,0
9999938_00000_d_0000263,yolo12n.pt,0.4,1536,19,8,0
9999938_00000_d_0000263,yolo12n.pt,0.5,1536,19,6,0
9999938_00000_d_0000271,yolo12n.pt,0.05,640,2,2,0
9999938_00000_d_0000271,yolo12n.pt,0.1,640,2,1,0
9999938_00000_d_0000271,yolo12n.pt,0.15,640,2,1,0
9999938_00000_d_0000271,yolo12n.pt,0.2,640,2,1,0
9999938_00000_d_0000271,yolo12n.pt,0.25,640,2,0,0
9999938_00000_d_0000271,yolo12n.pt,0.3,640,2,0,0
9999938_00000_d_0000271,yolo12n.pt,0.4,640,2,0,0
9999938_00000_d_0000271,yolo12n.pt,0.5,640,2,0,0
9999938_00000_d_0000271,yolo12n.pt,0.05,1024,2,6,0
9999938_00000_d_0000271,yolo12n.pt,0.1,1024,2,3,0
9999938_00000_d_0000271,yolo12n.pt,0.15,1024,2,1,0
9999938_00000_d_0000271,yolo12n.pt,0.2,1024,2,0,0
9999938_00000_d_0000271,yolo12n.pt,0.25,1024,2,0,0
9999938_00000_d_0000271,yolo12n.pt,0.3,1024,2,0,0
9999938_00000_d_0000271,yolo12n.pt,0.4,1024,2,0,0
9999938_00000_d_0000271,yolo12n.pt,0.5,1024,2,0,0
9999938_00000_d_0000271,yolo12n.pt,0.05,1536,2,17,0
9999938_00000_d_0000271,yolo12n.pt,0.1,1536,2,11,0
9999938_00000_d_0000271,yolo12n.pt,0.15,1536,2,4,0
9999938_00000_d_0000271,yolo12n.pt,0.2,1536,2,3,0
9999938_00000_d_0000271,yolo12n.pt,0.25,1536,2,1,0
9999938_00000_d_0000271,yolo12n.pt,0.3,1536,2,1,0
9999938_00000_d_0000271,yolo12n.pt,0.4,1536,2,0,0
9999938_00000_d_0000271,yolo12n.pt,0.5,1536,2,0,0
9999938_00000_d_0000276,yolo12n.pt,0.05,640,3,1,0
9999938_00000_d_0000276,yolo12n.pt,0.1,640,3,1,0
9999938_00000_d_0000276,yolo12n.pt,0.15,640,3,0,0
9999938_00000_d_0000276,yolo12n.pt,0.2,640,3,0,0
9999938_00000_d_0000276,yolo12n.pt,0.25,640,3,0,0
9999938_00000_d_0000276,yolo12n.pt,0.3,640,3,0,0
9999938_00000_d_0000276,yolo12n.pt,0.4,640,3,0,0
9999938_00000_d_0000276,yolo12n.pt,0.5,640,3,0,0
9999938_00000_d_0000276,yolo12n.pt,0.05,1024,3,2,0
9999938_00000_d_0000276,yolo12n.pt,0.1,1024,3,1,0
9999938_00000_d_0000276,yolo12n.pt,0.15,1024,3,0,0
9999938_00000_d_0000276,yolo12n.pt,0.2,1024,3,0,0
9999938_00000_d_0000276,yolo12n.pt,0.25,1024,3,0,0
9999938_00000_d_0000276,yolo12n.pt,0.3,1024,3,0,0
9999938_00000_d_0000276,yolo12n.pt,0.4,1024,3,0,0
9999938_00000_d_0000276,yolo12n.pt,0.5,1024,3,0,0
9999938_00000_d_0000276,yolo12n.pt,0.05,1536,3,5,0
9999938_00000_d_0000276,yolo12n.pt,0.1,1536,3,1,0
9999938_00000_d_0000276,yolo12n.pt,0.15,1536,3,1,0
9999938_00000_d_0000276,yolo12n.pt,0.2,1536,3,0,0
9999938_00000_d_0000276,yolo12n.pt,0.25,1536,3,0,0
9999938_00000_d_0000276,yolo12n.pt,0.3,1536,3,0,0
9999938_00000_d_0000276,yolo12n.pt,0.4,1536,3,0,0
9999938_00000_d_0000276,yolo12n.pt,0.5,1536,3,0,0
9999938_00000_d_0000278,yolo12n.pt,0.05,640,4,18,1
9999938_00000_d_0000278,yolo12n.pt,0.1,640,4,10,0
9999938_00000_d_0000278,yolo12n.pt,0.15,640,4,2,0
9999938_00000_d_0000278,yolo12n.pt,0.2,640,4,2,0
9999938_00000_d_0000278,yolo12n.pt,0.25,640,4,0,0
9999938_00000_d_0000278,yolo12n.pt,0.3,640,4,0,0
9999938_00000_d_0000278,yolo12n.pt,0.4,640,4,0,0
9999938_00000_d_0000278,yolo12n.pt,0.5,640,4,0,0
9999938_00000_d_0000278,yolo12n.pt,0.05,1024,4,8,0
9999938_00000_d_0000278,yolo12n.pt,0.1,1024,4,3,0
9999938_00000_d_0000278,yolo12n.pt,0.15,1024,4,2,0
9999938_00000_d_0000278,yolo12n.pt,0.2,1024,4,2,0
9999938_00000_d_0000278,yolo12n.pt,0.25,1024,4,2,0
9999938_00000_d_0000278,yolo12n.pt,0.3,1024,4,1,0
9999938_00000_d_0000278,yolo12n.pt,0.4,1024,4,1,0
9999938_00000_d_0000278,yolo12n.pt,0.5,1024,4,0,0
9999938_00000_d_0000278,yolo12n.pt,0.05,1536,4,25,0
9999938_00000_d_0000278,yolo12n.pt,0.1,1536,4,14,0
9999938_00000_d_0000278,yolo12n.pt,0.15,1536,4,7,0
9999938_00000_d_0000278,yolo12n.pt,0.2,1536,4,4,0
9999938_00000_d_0000278,yolo12n.pt,0.25,1536,4,1,0
9999938_00000_d_0000278,yolo12n.pt,0.3,1536,4,0,0
9999938_00000_d_0000278,yolo12n.pt,0.4,1536,4,0,0
9999938_00000_d_0000278,yolo12n.pt,0.5,1536,4,0,0
9999938_00000_d_0000283,yolo12n.pt,0.05,640,2,2,0
9999938_00000_d_0000283,yolo12n.pt,0.1,640,2,0,0
9999938_00000_d_0000283,yolo12n.pt,0.15,640,2,0,0
9999938_00000_d_0000283,yolo12n.pt,0.2,640,2,0,0
9999938_00000_d_0000283,yolo12n.pt,0.25,640,2,0,0
9999938_00000_d_0000283,yolo12n.pt,0.3,640,2,0,0
9999938_00000_d_0000283,yolo12n.pt,0.4,640,2,0,0
9999938_00000_d_0000283,yolo12n.pt,0.5,640,2,0,0
9999938_00000_d_0000283,yolo12n.pt,0.05,1024,2,6,0
9999938_00000_d_0000283,yolo12n.pt,0.1,1024,2,1,0
9999938_00000_d_0000283,yolo12n.pt,0.15,1024,2,0,0
9999938_00000_d_0000283,yolo12n.pt,0.2,1024,2,0,0
9999938_00000_d_0000283,yolo12n.pt,0.25,1024,2,0,0
9999938_00000_d_0000283,yolo12n.pt,0.3,1024,2,0,0
9999938_00000_d_0000283,yolo12n.pt,0.4,1024,2,0,0
9999938_00000_d_0000283,yolo12n.pt,0.5,1024,2,0,0
9999938_00000_d_0000283,yolo12n.pt,0.05,1536,2,35,0
9999938_00000_d_0000283,yolo12n.pt,0.1,1536,2,14,0
9999938_00000_d_0000283,yolo12n.pt,0.15,1536,2,11,0
9999938_00000_d_0000283,yolo12n.pt,0.2,1536,2,3,0
9999938_00000_d_0000283,yolo12n.pt,0.25,1536,2,2,0
9999938_00000_d_0000283,yolo12n.pt,0.3,1536,2,1,0
9999938_00000_d_0000283,yolo12n.pt,0.4,1536,2,0,0
9999938_00000_d_0000283,yolo12n.pt,0.5,1536,2,0,0
9999938_00000_d_0000285,yolo12n.pt,0.05,640,2,7,0
9999938_00000_d_0000285,yolo12n.pt,0.1,640,2,1,0
9999938_00000_d_0000285,yolo12n.pt,0.15,640,2,0,0
9999938_00000_d_0000285,yolo12n.pt,0.2,640,2,0,0
9999938_00000_d_0000285,yolo12n.pt,0.25,640,2,0,0
9999938_00000_d_0000285,yolo12n.pt,0.3,640,2,0,0
9999938_00000_d_0000285,yolo12n.pt,0.4,640,2,0,0
9999938_00000_d_0000285,yolo12n.pt,0.5,640,2,0,0
9999938_00000_d_0000285,yolo12n.pt,0.05,1024,2,6,1
9999938_00000_d_0000285,yolo12n.pt,0.1,1024,2,3,1
9999938_00000_d_0000285,yolo12n.pt,0.15,1024,2,2,1
9999938_00000_d_0000285,yolo12n.pt,0.2,1024,2,1,0
9999938_00000_d_0000285,yolo12n.pt,0.25,1024,2,0,0
9999938_00000_d_0000285,yolo12n.pt,0.3,1024,2,0,0
9999938_00000_d_0000285,yolo12n.pt,0.4,1024,2,0,0
9999938_00000_d_0000285,yolo12n.pt,0.5,1024,2,0,0
9999938_00000_d_0000285,yolo12n.pt,0.05,1536,2,22,2
9999938_00000_d_0000285,yolo12n.pt,0.1,1536,2,4,0
9999938_00000_d_0000285,yolo12n.pt,0.15,1536,2,1,0
9999938_00000_d_0000285,yolo12n.pt,0.2,1536,2,1,0
9999938_00000_d_0000285,yolo12n.pt,0.25,1536,2,1,0
9999938_00000_d_0000285,yolo12n.pt,0.3,1536,2,0,0
9999938_00000_d_0000285,yolo12n.pt,0.4,1536,2,0,0
9999938_00000_d_0000285,yolo12n.pt,0.5,1536,2,0,0
9999938_00000_d_0000295,yolo12n.pt,0.05,640,7,2,1
9999938_00000_d_0000295,yolo12n.pt,0.1,640,7,0,0
9999938_00000_d_0000295,yolo12n.pt,0.15,640,7,0,0
9999938_00000_d_0000295,yolo12n.pt,0.2,640,7,0,0
9999938_00000_d_0000295,yolo12n.pt,0.25,640,7,0,0
9999938_00000_d_0000295,yolo12n.pt,0.3,640,7,0,0
9999938_00000_d_0000295,yolo12n.pt,0.4,640,7,0,0
9999938_00000_d_0000295,yolo12n.pt,0.5,640,7,0,0
9999938_00000_d_0000295,yolo12n.pt,0.05,1024,7,7,1
9999938_00000_d_0000295,yolo12n.pt,0.1,1024,7,2,1
9999938_00000_d_0000295,yolo12n.pt,0.15,1024,7,1,0
9999938_00000_d_0000295,yolo12n.pt,0.2,1024,7,1,0
9999938_00000_d_0000295,yolo12n.pt,0.25,1024,7,0,0
9999938_00000_d_0000295,yolo12n.pt,0.3,1024,7,0,0
9999938_00000_d_0000295,yolo12n.pt,0.4,1024,7,0,0
9999938_00000_d_0000295,yolo12n.pt,0.5,1024,7,0,0
9999938_00000_d_0000295,yolo12n.pt,0.05,1536,7,34,1
9999938_00000_d_0000295,yolo12n.pt,0.1,1536,7,14,1
9999938_00000_d_0000295,yolo12n.pt,0.15,1536,7,9,1
9999938_00000_d_0000295,yolo12n.pt,0.2,1536,7,4,0
9999938_00000_d_0000295,yolo12n.pt,0.25,1536,7,1,0
9999938_00000_d_0000295,yolo12n.pt,0.3,1536,7,1,0
9999938_00000_d_0000295,yolo12n.pt,0.4,1536,7,0,0
9999938_00000_d_0000295,yolo12n.pt,0.5,1536,7,0,0
9999938_00000_d_0000298,yolo12n.pt,0.05,640,6,2,0
9999938_00000_d_0000298,yolo12n.pt,0.1,640,6,0,0
9999938_00000_d_0000298,yolo12n.pt,0.15,640,6,0,0
9999938_00000_d_0000298,yolo12n.pt,0.2,640,6,0,0
9999938_00000_d_0000298,yolo12n.pt,0.25,640,6,0,0
9999938_00000_d_0000298,yolo12n.pt,0.3,640,6,0,0
9999938_00000_d_0000298,yolo12n.pt,0.4,640,6,0,0
9999938_00000_d_0000298,yolo12n.pt,0.5,640,6,0,0
9999938_00000_d_0000298,yolo12n.pt,0.05,1024,6,14,0
9999938_00000_d_0000298,yolo12n.pt,0.1,1024,6,7,0
9999938_00000_d_0000298,yolo12n.pt,0.15,1024,6,4,0
9999938_00000_d_0000298,yolo12n.pt,0.2,1024,6,3,0
9999938_00000_d_0000298,yolo12n.pt,0.25,1024,6,3,0
9999938_00000_d_0000298,yolo12n.pt,0.3,1024,6,3,0
9999938_00000_d_0000298,yolo12n.pt,0.4,1024,6,2,0
9999938_00000_d_0000298,yolo12n.pt,0.5,1024,6,1,0
9999938_00000_d_0000298,yolo12n.pt,0.05,1536,6,49,0
9999938_00000_d_0000298,yolo12n.pt,0.1,1536,6,25,0
9999938_00000_d_0000298,yolo12n.pt,0.15,1536,6,13,0
9999938_00000_d_0000298,yolo12n.pt,0.2,1536,6,5,0
9999938_00000_d_0000298,yolo12n.pt,0.25,1536,6,3,0
9999938_00000_d_0000298,yolo12n.pt,0.3,1536,6,3,0
9999938_00000_d_0000298,yolo12n.pt,0.4,1536,6,1,0
9999938_00000_d_0000298,yolo12n.pt,0.5,1536,6,0,0
9999938_00000_d_0000299,yolo12n.pt,0.05,640,2,4,0
9999938_00000_d_0000299,yolo12n.pt,0.1,640,2,2,0
9999938_00000_d_0000299,yolo12n.pt,0.15,640,2,0,0
9999938_00000_d_0000299,yolo12n.pt,0.2,640,2,0,0
9999938_00000_d_0000299,yolo12n.pt,0.25,640,2,0,0
9999938_00000_d_0000299,yolo12n.pt,0.3,640,2,0,0
9999938_00000_d_0000299,yolo12n.pt,0.4,640,2,0,0
9999938_00000_d_0000299,yolo12n.pt,0.5,640,2,0,0
9999938_00000_d_0000299,yolo12n.pt,0.05,1024,2,4,1
9999938_00000_d_0000299,yolo12n.pt,0.1,1024,2,1,0
9999938_00000_d_0000299,yolo12n.pt,0.15,1024,2,0,0
9999938_00000_d_0000299,yolo12n.pt,0.2,1024,2,0,0
9999938_00000_d_0000299,yolo12n.pt,0.25,1024,2,0,0
9999938_00000_d_0000299,yolo12n.pt,0.3,1024,2,0,0
9999938_00000_d_0000299,yolo12n.pt,0.4,1024,2,0,0
9999938_00000_d_0000299,yolo12n.pt,0.5,1024,2,0,0
9999938_00000_d_0000299,yolo12n.pt,0.05,1536,2,8,2
9999938_00000_d_0000299,yolo12n.pt,0.1,1536,2,1,1
9999938_00000_d_0000299,yolo12n.pt,0.15,1536,2,0,0
9999938_00000_d_0000299,yolo12n.pt,0.2,1536,2,0,0
9999938_00000_d_0000299,yolo12n.pt,0.25,1536,2,0,0
9999938_00000_d_0000299,yolo12n.pt,0.3,1536,2,0,0
9999938_00000_d_0000299,yolo12n.pt,0.4,1536,2,0,0
9999938_00000_d_0000299,yolo12n.pt,0.5,1536,2,0,0
9999938_00000_d_0000300,yolo12n.pt,0.05,640,31,13,0
9999938_00000_d_0000300,yolo12n.pt,0.1,640,31,2,0
9999938_00000_d_0000300,yolo12n.pt,0.15,640,31,1,0
9999938_00000_d_0000300,yolo12n.pt,0.2,640,31,1,0
9999938_00000_d_0000300,yolo12n.pt,0.25,640,31,1,0
9999938_00000_d_0000300,yolo12n.pt,0.3,640,31,1,0
9999938_00000_d_0000300,yolo12n.pt,0.4,640,31,1,0
9999938_00000_d_0000300,yolo12n.pt,0.5,640,31,0,0
9999938_00000_d_0000300,yolo12n.pt,0.05,1024,31,14,1
9999938_00000_d_0000300,yolo12n.pt,0.1,1024,31,5,0
9999938_00000_d_0000300,yolo12n.pt,0.15,1024,31,1,0
9999938_00000_d_0000300,yolo12n.pt,0.2,1024,31,1,0
9999938_00000_d_0000300,yolo12n.pt,0.25,1024,31,0,0
9999938_00000_d_0000300,yolo12n.pt,0.3,1024,31,0,0
9999938_00000_d_0000300,yolo12n.pt,0.4,1024,31,0,0
9999938_00000_d_0000300,yolo12n.pt,0.5,1024,31,0,0
9999938_00000_d_0000300,yolo12n.pt,0.05,1536,31,32,0
9999938_00000_d_0000300,yolo12n.pt,0.1,1536,31,13,0
9999938_00000_d_0000300,yolo12n.pt,0.15,1536,31,9,0
9999938_00000_d_0000300,yolo12n.pt,0.2,1536,31,6,0
9999938_00000_d_0000300,yolo12n.pt,0.25,1536,31,2,0
9999938_00000_d_0000300,yolo12n.pt,0.3,1536,31,2,0
9999938_00000_d_0000300,yolo12n.pt,0.4,1536,31,1,0
9999938_00000_d_0000300,yolo12n.pt,0.5,1536,31,0,0
9999938_00000_d_0000304,yolo12n.pt,0.05,640,1,7,1
9999938_00000_d_0000304,yolo12n.pt,0.1,640,1,3,0
9999938_00000_d_0000304,yolo12n.pt,0.15,640,1,3,0
9999938_00000_d_0000304,yolo12n.pt,0.2,640,1,0,0
9999938_00000_d_0000304,yolo12n.pt,0.25,640,1,0,0
9999938_00000_d_0000304,yolo12n.pt,0.3,640,1,0,0
9999938_00000_d_0000304,yolo12n.pt,0.4,640,1,0,0
9999938_00000_d_0000304,yolo12n.pt,0.5,640,1,0,0
9999938_00000_d_0000304,yolo12n.pt,0.05,1024,1,6,1
9999938_00000_d_0000304,yolo12n.pt,0.1,1024,1,3,0
9999938_00000_d_0000304,yolo12n.pt,0.15,1024,1,1,0
9999938_00000_d_0000304,yolo12n.pt,0.2,1024,1,1,0
9999938_00000_d_0000304,yolo12n.pt,0.25,1024,1,1,0
9999938_00000_d_0000304,yolo12n.pt,0.3,1024,1,1,0
9999938_00000_d_0000304,yolo12n.pt,0.4,1024,1,0,0
9999938_00000_d_0000304,yolo12n.pt,0.5,1024,1,0,0
9999938_00000_d_0000304,yolo12n.pt,0.05,1536,1,7,0
9999938_00000_d_0000304,yolo12n.pt,0.1,1536,1,5,0
9999938_00000_d_0000304,yolo12n.pt,0.15,1536,1,2,0
9999938_00000_d_0000304,yolo12n.pt,0.2,1536,1,2,0
9999938_00000_d_0000304,yolo12n.pt,0.25,1536,1,1,0
9999938_00000_d_0000304,yolo12n.pt,0.3,1536,1,1,0
9999938_00000_d_0000304,yolo12n.pt,0.4,1536,1,0,0
9999938_00000_d_0000304,yolo12n.pt,0.5,1536,1,0,0
9999938_00000_d_0000312,yolo12n.pt,0.05,640,44,4,0
9999938_00000_d_0000312,yolo12n.pt,0.1,640,44,1,0
9999938_00000_d_0000312,yolo12n.pt,0.15,640,44,0,0
9999938_00000_d_0000312,yolo12n.pt,0.2,640,44,0,0
9999938_00000_d_0000312,yolo12n.pt,0.25,640,44,0,0
9999938_00000_d_0000312,yolo12n.pt,0.3,640,44,0,0
9999938_00000_d_0000312,yolo12n.pt,0.4,640,44,0,0
9999938_00000_d_0000312,yolo12n.pt,0.5,640,44,0,0
9999938_00000_d_0000312,yolo12n.pt,0.05,1024,44,16,1
9999938_00000_d_0000312,yolo12n.pt,0.1,1024,44,14,1
9999938_00000_d_0000312,yolo12n.pt,0.15,1024,44,11,0
9999938_00000_d_0000312,yolo12n.pt,0.2,1024,44,6,0
9999938_00000_d_0000312,yolo12n.pt,0.25,1024,44,5,0
9999938_00000_d_0000312,yolo12n.pt,0.3,1024,44,3,0
9999938_00000_d_0000312,yolo12n.pt,0.4,1024,44,1,0
9999938_00000_d_0000312,yolo12n.pt,0.5,1024,44,0,0
9999938_00000_d_0000312,yolo12n.pt,0.05,1536,44,24,1
9999938_00000_d_0000312,yolo12n.pt,0.1,1536,44,18,0
9999938_00000_d_0000312,yolo12n.pt,0.15,1536,44,16,0
9999938_00000_d_0000312,yolo12n.pt,0.2,1536,44,15,0
9999938_00000_d_0000312,yolo12n.pt,0.25,1536,44,14,0
9999938_00000_d_0000312,yolo12n.pt,0.3,1536,44,13,0
9999938_00000_d_0000312,yolo12n.pt,0.4,1536,44,10,0
9999938_00000_d_0000312,yolo12n.pt,0.5,1536,44,8,0
9999938_00000_d_0000313,yolo12n.pt,0.05,640,32,27,3
9999938_00000_d_0000313,yolo12n.pt,0.1,640,32,19,2
9999938_00000_d_0000313,yolo12n.pt,0.15,640,32,9,1
9999938_00000_d_0000313,yolo12n.pt,0.2,640,32,5,1
9999938_00000_d_0000313,yolo12n.pt,0.25,640,32,3,0
9999938_00000_d_0000313,yolo12n.pt,0.3,640,32,3,0
9999938_00000_d_0000313,yolo12n.pt,0.4,640,32,2,0
9999938_00000_d_0000313,yolo12n.pt,0.5,640,32,0,0
9999938_00000_d_0000313,yolo12n.pt,0.05,1024,32,50,7
9999938_00000_d_0000313,yolo12n.pt,0.1,1024,32,30,1
9999938_00000_d_0000313,yolo12n.pt,0.15,1024,32,22,1
9999938_00000_d_0000313,yolo12n.pt,0.2,1024,32,15,0
9999938_00000_d_0000313,yolo12n.pt,0.25,1024,32,14,0
9999938_00000_d_0000313,yolo12n.pt,0.3,1024,32,11,0
9999938_00000_d_0000313,yolo12n.pt,0.4,1024,32,10,0
9999938_00000_d_0000313,yolo12n.pt,0.5,1024,32,7,0
9999938_00000_d_0000313,yolo12n.pt,0.05,1536,32,79,13
9999938_00000_d_0000313,yolo12n.pt,0.1,1536,32,42,7
9999938_00000_d_0000313,yolo12n.pt,0.15,1536,32,30,3
9999938_00000_d_0000313,yolo12n.pt,0.2,1536,32,26,0
9999938_00000_d_0000313,yolo12n.pt,0.25,1536,32,23,0
9999938_00000_d_0000313,yolo12n.pt,0.3,1536,32,20,0
9999938_00000_d_0000313,yolo12n.pt,0.4,1536,32,17,0
9999938_00000_d_0000313,yolo12n.pt,0.5,1536,32,13,0
9999938_00000_d_0000315,yolo12n.pt,0.05,640,12,4,2
9999938_00000_d_0000315,yolo12n.pt,0.1,640,12,2,1
9999938_00000_d_0000315,yolo12n.pt,0.15,640,12,2,1
9999938_00000_d_0000315,yolo12n.pt,0.2,640,12,2,1
9999938_00000_d_0000315,yolo12n.pt,0.25,640,12,2,1
9999938_00000_d_0000315,yolo12n.pt,0.3,640,12,1,0
9999938_00000_d_0000315,yolo12n.pt,0.4,640,12,1,0
9999938_00000_d_0000315,yolo12n.pt,0.5,640,12,0,0
9999938_00000_d_0000315,yolo12n.pt,0.05,1024,12,16,3
9999938_00000_d_0000315,yolo12n.pt,0.1,1024,12,5,0
9999938_00000_d_0000315,yolo12n.pt,0.15,1024,12,2,0
9999938_00000_d_0000315,yolo12n.pt,0.2,1024,12,1,0
9999938_00000_d_0000315,yolo12n.pt,0.25,1024,12,1,0
9999938_00000_d_0000315,yolo12n.pt,0.3,1024,12,1,0
9999938_00000_d_0000315,yolo12n.pt,0.4,1024,12,0,0
9999938_00000_d_0000315,yolo12n.pt,0.5,1024,12,0,0
9999938_00000_d_0000315,yolo12n.pt,0.05,1536,12,15,1
9999938_00000_d_0000315,yolo12n.pt,0.1,1536,12,9,0
9999938_00000_d_0000315,yolo12n.pt,0.15,1536,12,7,0
9999938_00000_d_0000315,yolo12n.pt,0.2,1536,12,4,0
9999938_00000_d_0000315,yolo12n.pt,0.25,1536,12,4,0
9999938_00000_d_0000315,yolo12n.pt,0.3,1536,12,3,0
9999938_00000_d_0000315,yolo12n.pt,0.4,1536,12,3,0
9999938_00000_d_0000315,yolo12n.pt,0.5,1536,12,0,0
9999938_00000_d_0000316,yolo12n.pt,0.05,640,17,3,0
9999938_00000_d_0000316,yolo12n.pt,0.1,640,17,1,0
9999938_00000_d_0000316,yolo12n.pt,0.15,640,17,1,0
9999938_00000_d_0000316,yolo12n.pt,0.2,640,17,1,0
9999938_00000_d_0000316,yolo12n.pt,0.25,640,17,1,0
9999938_00000_d_0000316,yolo12n.pt,0.3,640,17,1,0
9999938_00000_d_0000316,yolo12n.pt,0.4,640,17,0,0
9999938_00000_d_0000316,yolo12n.pt,0.5,640,17,0,0
9999938_00000_d_0000316,yolo12n.pt,0.05,1024,17,10,0
9999938_00000_d_0000316,yolo12n.pt,0.1,1024,17,6,0
9999938_00000_d_0000316,yolo12n.pt,0.15,1024,17,4,0
9999938_00000_d_0000316,yolo12n.pt,0.2,1024,17,4,0
9999938_00000_d_0000316,yolo12n.pt,0.25,1024,17,4,0
9999938_00000_d_0000316,yolo12n.pt,0.3,1024,17,4,0
9999938_00000_d_0000316,yolo12n.pt,0.4,1024,17,3,0
9999938_00000_d_0000316,yolo12n.pt,0.5,1024,17,0,0
9999938_00000_d_0000316,yolo12n.pt,0.05,1536,17,27,1
9999938_00000_d_0000316,yolo12n.pt,0.1,1536,17,16,0
9999938_00000_d_0000316,yolo12n.pt,0.15,1536,17,12,0
9999938_00000_d_0000316,yolo12n.pt,0.2,1536,17,8,0
9999938_00000_d_0000316,yolo12n.pt,0.25,1536,17,6,0
9999938_00000_d_0000316,yolo12n.pt,0.3,1536,17,6,0
9999938_00000_d_0000316,yolo12n.pt,0.4,1536,17,5,0
9999938_00000_d_0000316,yolo12n.pt,0.5,1536,17,5,0
9999938_00000_d_0000319,yolo12n.pt,0.05,640,12,1,0
9999938_00000_d_0000319,yolo12n.pt,0.1,640,12,0,0
9999938_00000_d_0000319,yolo12n.pt,0.15,640,12,0,0
9999938_00000_d_0000319,yolo12n.pt,0.2,640,12,0,0
9999938_00000_d_0000319,yolo12n.pt,0.25,640,12,0,0
9999938_00000_d_0000319,yolo12n.pt,0.3,640,12,0,0
9999938_00000_d_0000319,yolo12n.pt,0.4,640,12,0,0
9999938_00000_d_0000319,yolo12n.pt,0.5,640,12,0,0
9999938_00000_d_0000319,yolo12n.pt,0.05,1024,12,3,0
9999938_00000_d_0000319,yolo12n.pt,0.1,1024,12,0,0
9999938_00000_d_0000319,yolo12n.pt,0.15,1024,12,0,0
9999938_00000_d_0000319,yolo12n.pt,0.2,1024,12,0,0
9999938_00000_d_0000319,yolo12n.pt,0.25,1024,12,0,0
9999938_00000_d_0000319,yolo12n.pt,0.3,1024,12,0,0
9999938_00000_d_0000319,yolo12n.pt,0.4,1024,12,0,0
9999938_00000_d_0000319,yolo12n.pt,0.5,1024,12,0,0
9999938_00000_d_0000319,yolo12n.pt,0.05,1536,12,8,0
9999938_00000_d_0000319,yolo12n.pt,0.1,1536,12,4,0
9999938_00000_d_0000319,yolo12n.pt,0.15,1536,12,3,0
9999938_00000_d_0000319,yolo12n.pt,0.2,1536,12,1,0
9999938_00000_d_0000319,yolo12n.pt,0.25,1536,12,1,0
9999938_00000_d_0000319,yolo12n.pt,0.3,1536,12,1,0
9999938_00000_d_0000319,yolo12n.pt,0.4,1536,12,1,0
9999938_00000_d_0000319,yolo12n.pt,0.5,1536,12,1,0
9999938_00000_d_0000323,yolo12n.pt,0.05,640,24,4,0
9999938_00000_d_0000323,yolo12n.pt,0.1,640,24,1,0
9999938_00000_d_0000323,yolo12n.pt,0.15,640,24,0,0
9999938_00000_d_0000323,yolo12n.pt,0.2,640,24,0,0
9999938_00000_d_0000323,yolo12n.pt,0.25,640,24,0,0
9999938_00000_d_0000323,yolo12n.pt,0.3,640,24,0,0
9999938_00000_d_0000323,yolo12n.pt,0.4,640,24,0,0
9999938_00000_d_0000323,yolo12n.pt,0.5,640,24,0,0
9999938_00000_d_0000323,yolo12n.pt,0.05,1024,24,23,5
9999938_00000_d_0000323,yolo12n.pt,0.1,1024,24,10,0
9999938_00000_d_0000323,yolo12n.pt,0.15,1024,24,10,0
9999938_00000_d_0000323,yolo12n.pt,0.2,1024,24,7,0
9999938_00000_d_0000323,yolo12n.pt,0.25,1024,24,6,0
9999938_00000_d_0000323,yolo12n.pt,0.3,1024,24,6,0
9999938_00000_d_0000323,yolo12n.pt,0.4,1024,24,5,0
9999938_00000_d_0000323,yolo12n.pt,0.5,1024,24,2,0
9999938_00000_d_0000323,yolo12n.pt,0.05,1536,24,21,1
9999938_00000_d_0000323,yolo12n.pt,0.1,1536,24,13,0
9999938_00000_d_0000323,yolo12n.pt,0.15,1536,24,9,0
9999938_00000_d_0000323,yolo12n.pt,0.2,1536,24,8,0
9999938_00000_d_0000323,yolo12n.pt,0.25,1536,24,8,0
9999938_00000_d_0000323,yolo12n.pt,0.3,1536,24,7,0
9999938_00000_d_0000323,yolo12n.pt,0.4,1536,24,5,0
9999938_00000_d_0000323,yolo12n.pt,0.5,1536,24,1,0
9999938_00000_d_0000326,yolo12n.pt,0.05,640,28,18,0
9999938_00000_d_0000326,yolo12n.pt,0.1,640,28,8,0
9999938_00000_d_0000326,yolo12n.pt,0.15,640,28,5,0
9999938_00000_d_0000326,yolo12n.pt,0.2,640,28,4,0
9999938_00000_d_0000326,yolo12n.pt,0.25,640,28,3,0
9999938_00000_d_0000326,yolo12n.pt,0.3,640,28,3,0
9999938_00000_d_0000326,yolo12n.pt,0.4,640,28,0,0
9999938_00000_d_0000326,yolo12n.pt,0.5,640,28,0,0
9999938_00000_d_0000326,yolo12n.pt,0.05,1024,28,31,0
9999938_00000_d_0000326,yolo12n.pt,0.1,1024,28,23,0
9999938_00000_d_0000326,yolo12n.pt,0.15,1024,28,20,0
9999938_00000_d_0000326,yolo12n.pt,0.2,1024,28,14,0
9999938_00000_d_0000326,yolo12n.pt,0.25,1024,28,11,0
9999938_00000_d_0000326,yolo12n.pt,0.3,1024,28,11,0
9999938_00000_d_0000326,yolo12n.pt,0.4,1024,28,9,0
9999938_00000_d_0000326,yolo12n.pt,0.5,1024,28,7,0
9999938_00000_d_0000326,yolo12n.pt,0.05,1536,28,47,2
9999938_00000_d_0000326,yolo12n.pt,0.1,1536,28,32,1
9999938_00000_d_0000326,yolo12n.pt,0.15,1536,28,24,0
9999938_00000_d_0000326,yolo12n.pt,0.2,1536,28,22,0
9999938_00000_d_0000326,yolo12n.pt,0.25,1536,28,21,0
9999938_00000_d_0000326,yolo12n.pt,0.3,1536,28,21,0
9999938_00000_d_0000326,yolo12n.pt,0.4,1536,28,20,0
9999938_00000_d_0000326,yolo12n.pt,0.5,1536,28,18,0
9999938_00000_d_0000327,yolo12n.pt,0.05,640,38,3,0
9999938_00000_d_0000327,yolo12n.pt,0.1,640,38,0,0
9999938_00000_d_0000327,yolo12n.pt,0.15,640,38,0,0
9999938_00000_d_0000327,yolo12n.pt,0.2,640,38,0,0
9999938_00000_d_0000327,yolo12n.pt,0.25,640,38,0,0
9999938_00000_d_0000327,yolo12n.pt,0.3,640,38,0,0
9999938_00000_d_0000327,yolo12n.pt,0.4,640,38,0,0
9999938_00000_d_0000327,yolo12n.pt,0.5,640,38,0,0
9999938_00000_d_0000327,yolo12n.pt,0.05,1024,38,12,0
9999938_00000_d_0000327,yolo12n.pt,0.1,1024,38,8,0
9999938_00000_d_0000327,yolo12n.pt,0.15,1024,38,7,0
9999938_00000_d_0000327,yolo12n.pt,0.2,1024,38,6,0
9999938_00000_d_0000327,yolo12n.pt,0.25,1024,38,6,0
9999938_00000_d_0000327,yolo12n.pt,0.3,1024,38,5,0
9999938_00000_d_0000327,yolo12n.pt,0.4,1024,38,2,0
9999938_00000_d_0000327,yolo12n.pt,0.5,1024,38,1,0
9999938_00000_d_0000327,yolo12n.pt,0.05,1536,38,23,0
9999938_00000_d_0000327,yolo12n.pt,0.1,1536,38,18,0
9999938_00000_d_0000327,yolo12n.pt,0.15,1536,38,16,0
9999938_00000_d_0000327,yolo12n.pt,0.2,1536,38,12,0
9999938_00000_d_0000327,yolo12n.pt,0.25,1536,38,11,0
9999938_00000_d_0000327,yolo12n.pt,0.3,1536,38,11,0
9999938_00000_d_0000327,yolo12n.pt,0.4,1536,38,11,0
9999938_00000_d_0000327,yolo12n.pt,0.5,1536,38,9,0
9999938_00000_d_0000331,yolo12n.pt,0.05,640,36,5,0
9999938_00000_d_0000331,yolo12n.pt,0.1,640,36,3,0
9999938_00000_d_0000331,yolo12n.pt,0.15,640,36,2,0
9999938_00000_d_0000331,yolo12n.pt,0.2,640,36,1,0
9999938_00000_d_0000331,yolo12n.pt,0.25,640,36,1,0
9999938_00000_d_0000331,yolo12n.pt,0.3,640,36,1,0
9999938_00000_d_0000331,yolo12n.pt,0.4,640,36,1,0
9999938_00000_d_0000331,yolo12n.pt,0.5,640,36,0,0
9999938_00000_d_0000331,yolo12n.pt,0.05,1024,36,14,0
9999938_00000_d_0000331,yolo12n.pt,0.1,1024,36,4,0
9999938_00000_d_0000331,yolo12n.pt,0.15,1024,36,1,0
9999938_00000_d_0000331,yolo12n.pt,0.2,1024,36,0,0
9999938_00000_d_0000331,yolo12n.pt,0.25,1024,36,0,0
9999938_00000_d_0000331,yolo12n.pt,0.3,1024,36,0,0
9999938_00000_d_0000331,yolo12n.pt,0.4,1024,36,0,0
9999938_00000_d_0000331,yolo12n.pt,0.5,1024,36,0,0
9999938_00000_d_0000331,yolo12n.pt,0.05,1536,36,17,0
9999938_00000_d_0000331,yolo12n.pt,0.1,1536,36,10,0
9999938_00000_d_0000331,yolo12n.pt,0.15,1536,36,8,0
9999938_00000_d_0000331,yolo12n.pt,0.2,1536,36,8,0
9999938_00000_d_0000331,yolo12n.pt,0.25,1536,36,6,0
9999938_00000_d_0000331,yolo12n.pt,0.3,1536,36,4,0
9999938_00000_d_0000331,yolo12n.pt,0.4,1536,36,2,0
9999938_00000_d_0000331,yolo12n.pt,0.5,1536,36,1,0
9999938_00000_d_0000335,yolo12n.pt,0.05,640,24,3,0
9999938_00000_d_0000335,yolo12n.pt,0.1,640,24,1,0
9999938_00000_d_0000335,yolo12n.pt,0.15,640,24,1,0
9999938_00000_d_0000335,yolo12n.pt,0.2,640,24,1,0
9999938_00000_d_0000335,yolo12n.pt,0.25,640,24,1,0
9999938_00000_d_0000335,yolo12n.pt,0.3,640,24,1,0
9999938_00000_d_0000335,yolo12n.pt,0.4,640,24,1,0
9999938_00000_d_0000335,yolo12n.pt,0.5,640,24,0,0
9999938_00000_d_0000335,yolo12n.pt,0.05,1024,24,18,0
9999938_00000_d_0000335,yolo12n.pt,0.1,1024,24,14,0
9999938_00000_d_0000335,yolo12n.pt,0.15,1024,24,11,0
9999938_00000_d_0000335,yolo12n.pt,0.2,1024,24,9,0
9999938_00000_d_0000335,yolo12n.pt,0.25,1024,24,7,0
9999938_00000_d_0000335,yolo12n.pt,0.3,1024,24,4,0
9999938_00000_d_0000335,yolo12n.pt,0.4,1024,24,1,0
9999938_00000_d_0000335,yolo12n.pt,0.5,1024,24,0,0
9999938_00000_d_0000335,yolo12n.pt,0.05,1536,24,46,2
9999938_00000_d_0000335,yolo12n.pt,0.1,1536,24,25,0
9999938_00000_d_0000335,yolo12n.pt,0.15,1536,24,19,0
9999938_00000_d_0000335,yolo12n.pt,0.2,1536,24,16,0
9999938_00000_d_0000335,yolo12n.pt,0.25,1536,24,12,0
9999938_00000_d_0000335,yolo12n.pt,0.3,1536,24,12,0
9999938_00000_d_0000335,yolo12n.pt,0.4,1536,24,12,0
9999938_00000_d_0000335,yolo12n.pt,0.5,1536,24,12,0
9999938_00000_d_0000336,yolo12n.pt,0.05,640,4,22,2
9999938_00000_d_0000336,yolo12n.pt,0.1,640,4,8,1
9999938_00000_d_0000336,yolo12n.pt,0.15,640,4,4,0
9999938_00000_d_0000336,yolo12n.pt,0.2,640,4,1,0
9999938_00000_d_0000336,yolo12n.pt,0.25,640,4,1,0
9999938_00000_d_0000336,yolo12n.pt,0.3,640,4,1,0
9999938_00000_d_0000336,yolo12n.pt,0.4,640,4,0,0
9999938_00000_d_0000336,yolo12n.pt,0.5,640,4,0,0
9999938_00000_d_0000336,yolo12n.pt,0.05,1024,4,43,2
9999938_00000_d_0000336,yolo12n.pt,0.1,1024,4,29,1
9999938_00000_d_0000336,yolo12n.pt,0.15,1024,4,11,0
9999938_00000_d_0000336,yolo12n.pt,0.2,1024,4,6,0
9999938_00000_d_0000336,yolo12n.pt,0.25,1024,4,3,0
9999938_00000_d_0000336,yolo12n.pt,0.3,1024,4,2,0
9999938_00000_d_0000336,yolo12n.pt,0.4,1024,4,0,0
9999938_00000_d_0000336,yolo12n.pt,0.5,1024,4,0,0
9999938_00000_d_0000336,yolo12n.pt,0.05,1536,4,57,0
9999938_00000_d_0000336,yolo12n.pt,0.1,1536,4,30,0
9999938_00000_d_0000336,yolo12n.pt,0.15,1536,4,23,0
9999938_00000_d_0000336,yolo12n.pt,0.2,1536,4,15,0
9999938_00000_d_0000336,yolo12n.pt,0.25,1536,4,13,0
9999938_00000_d_0000336,yolo12n.pt,0.3,1536,4,12,0
9999938_00000_d_0000336,yolo12n.pt,0.4,1536,4,9,0
9999938_00000_d_0000336,yolo12n.pt,0.5,1536,4,5,0
9999938_00000_d_0000337,yolo12n.pt,0.05,640,3,35,3
9999938_00000_d_0000337,yolo12n.pt,0.1,640,3,16,1
9999938_00000_d_0000337,yolo12n.pt,0.15,640,3,9,1
9999938_00000_d_0000337,yolo12n.pt,0.2,640,3,4,0
9999938_00000_d_0000337,yolo12n.pt,0.25,640,3,2,0
9999938_00000_d_0000337,yolo12n.pt,0.3,640,3,0,0
9999938_00000_d_0000337,yolo12n.pt,0.4,640,3,0,0
9999938_00000_d_0000337,yolo12n.pt,0.5,640,3,0,0
9999938_00000_d_0000337,yolo12n.pt,0.05,1024,3,58,4
9999938_00000_d_0000337,yolo12n.pt,0.1,1024,3,26,1
9999938_00000_d_0000337,yolo12n.pt,0.15,1024,3,17,0
9999938_00000_d_0000337,yolo12n.pt,0.2,1024,3,12,0
9999938_00000_d_0000337,yolo12n.pt,0.25,1024,3,7,0
9999938_00000_d_0000337,yolo12n.pt,0.3,1024,3,5,0
9999938_00000_d_0000337,yolo12n.pt,0.4,1024,3,0,0
9999938_00000_d_0000337,yolo12n.pt,0.5,1024,3,0,0
9999938_00000_d_0000337,yolo12n.pt,0.05,1536,3,132,4
9999938_00000_d_0000337,yolo12n.pt,0.1,1536,3,58,1
9999938_00000_d_0000337,yolo12n.pt,0.15,1536,3,43,0
9999938_00000_d_0000337,yolo12n.pt,0.2,1536,3,32,0
9999938_00000_d_0000337,yolo12n.pt,0.25,1536,3,27,0
9999938_00000_d_0000337,yolo12n.pt,0.3,1536,3,22,0
9999938_00000_d_0000337,yolo12n.pt,0.4,1536,3,15,0
9999938_00000_d_0000337,yolo12n.pt,0.5,1536,3,7,0
9999938_00000_d_0000339,yolo12n.pt,0.05,640,3,7,0
9999938_00000_d_0000339,yolo12n.pt,0.1,640,3,3,0
9999938_00000_d_0000339,yolo12n.pt,0.15,640,3,2,0
9999938_00000_d_0000339,yolo12n.pt,0.2,640,3,2,0
9999938_00000_d_0000339,yolo12n.pt,0.25,640,3,2,0
9999938_00000_d_0000339,yolo12n.pt,0.3,640,3,2,0
9999938_00000_d_0000339,yolo12n.pt,0.4,640,3,1,0
9999938_00000_d_0000339,yolo12n.pt,0.5,640,3,1,0
9999938_00000_d_0000339,yolo12n.pt,0.05,1024,3,10,0
9999938_00000_d_0000339,yolo12n.pt,0.1,1024,3,6,0
9999938_00000_d_0000339,yolo12n.pt,0.15,1024,3,4,0
9999938_00000_d_0000339,yolo12n.pt,0.2,1024,3,4,0
9999938_00000_d_0000339,yolo12n.pt,0.25,1024,3,3,0
9999938_00000_d_0000339,yolo12n.pt,0.3,1024,3,2,0
9999938_00000_d_0000339,yolo12n.pt,0.4,1024,3,2,0
9999938_00000_d_0000339,yolo12n.pt,0.5,1024,3,1,0
9999938_00000_d_0000339,yolo12n.pt,0.05,1536,3,10,0
9999938_00000_d_0000339,yolo12n.pt,0.1,1536,3,9,0
9999938_00000_d_0000339,yolo12n.pt,0.15,1536,3,8,0
9999938_00000_d_0000339,yolo12n.pt,0.2,1536,3,8,0
9999938_00000_d_0000339,yolo12n.pt,0.25,1536,3,8,0
9999938_00000_d_0000339,yolo12n.pt,0.3,1536,3,6,0
9999938_00000_d_0000339,yolo12n.pt,0.4,1536,3,3,0
9999938_00000_d_0000339,yolo12n.pt,0.5,1536,3,1,0
9999938_00000_d_0000340,yolo12n.pt,0.05,640,3,4,1
9999938_00000_d_0000340,yolo12n.pt,0.1,640,3,1,0
9999938_00000_d_0000340,yolo12n.pt,0.15,640,3,0,0
9999938_00000_d_0000340,yolo12n.pt,0.2,640,3,0,0
9999938_00000_d_0000340,yolo12n.pt,0.25,640,3,0,0
9999938_00000_d_0000340,yolo12n.pt,0.3,640,3,0,0
9999938_00000_d_0000340,yolo12n.pt,0.4,640,3,0,0
9999938_00000_d_0000340,yolo12n.pt,0.5,640,3,0,0
9999938_00000_d_0000340,yolo12n.pt,0.05,1024,3,6,1
9999938_00000_d_0000340,yolo12n.pt,0.1,1024,3,0,0
9999938_00000_d_0000340,yolo12n.pt,0.15,1024,3,0,0
9999938_00000_d_0000340,yolo12n.pt,0.2,1024,3,0,0
9999938_00000_d_0000340,yolo12n.pt,0.25,1024,3,0,0
9999938_00000_d_0000340,yolo12n.pt,0.3,1024,3,0,0
9999938_00000_d_0000340,yolo12n.pt,0.4,1024,3,0,0
9999938_00000_d_0000340,yolo12n.pt,0.5,1024,3,0,0
9999938_00000_d_0000340,yolo12n.pt,0.05,1536,3,7,1
9999938_00000_d_0000340,yolo12n.pt,0.1,1536,3,2,1
9999938_00000_d_0000340,yolo12n.pt,0.15,1536,3,0,0
9999938_00000_d_0000340,yolo12n.pt,0.2,1536,3,0,0
9999938_00000_d_0000340,yolo12n.pt,0.25,1536,3,0,0
9999938_00000_d_0000340,yolo12n.pt,0.3,1536,3,0,0
9999938_00000_d_0000340,yolo12n.pt,0.4,1536,3,0,0
9999938_00000_d_0000340,yolo12n.pt,0.5,1536,3,0,0
9999938_00000_d_0000342,yolo12n.pt,0.05,640,9,13,2
9999938_00000_d_0000342,yolo12n.pt,0.1,640,9,5,1
9999938_00000_d_0000342,yolo12n.pt,0.15,640,9,3,0
9999938_00000_d_0000342,yolo12n.pt,0.2,640,9,3,0
9999938_00000_d_0000342,yolo12n.pt,0.25,640,9,2,0
9999938_00000_d_0000342,yolo12n.pt,0.3,640,9,1,0
9999938_00000_d_0000342,yolo12n.pt,0.4,640,9,1,0
9999938_00000_d_0000342,yolo12n.pt,0.5,640,9,1,0
9999938_00000_d_0000342,yolo12n.pt,0.05,1024,9,15,0
9999938_00000_d_0000342,yolo12n.pt,0.1,1024,9,10,0
9999938_00000_d_0000342,yolo12n.pt,0.15,1024,9,6,0
9999938_00000_d_0000342,yolo12n.pt,0.2,1024,9,6,0
9999938_00000_d_0000342,yolo12n.pt,0.25,1024,9,4,0
9999938_00000_d_0000342,yolo12n.pt,0.3,1024,9,4,0
9999938_00000_d_0000342,yolo12n.pt,0.4,1024,9,1,0
9999938_00000_d_0000342,yolo12n.pt,0.5,1024,9,1,0
9999938_00000_d_0000342,yolo12n.pt,0.05,1536,9,18,0
9999938_00000_d_0000342,yolo12n.pt,0.1,1536,9,14,0
9999938_00000_d_0000342,yolo12n.pt,0.15,1536,9,11,0
9999938_00000_d_0000342,yolo12n.pt,0.2,1536,9,10,0
9999938_00000_d_0000342,yolo12n.pt,0.25,1536,9,7,0
9999938_00000_d_0000342,yolo12n.pt,0.3,1536,9,5,0
9999938_00000_d_0000342,yolo12n.pt,0.4,1536,9,4,0
9999938_00000_d_0000342,yolo12n.pt,0.5,1536,9,2,0
9999938_00000_d_0000343,yolo12n.pt,0.05,640,2,12,0
9999938_00000_d_0000343,yolo12n.pt,0.1,640,2,4,0
9999938_00000_d_0000343,yolo12n.pt,0.15,640,2,2,0
9999938_00000_d_0000343,yolo12n.pt,0.2,640,2,2,0
9999938_00000_d_0000343,yolo12n.pt,0.25,640,2,1,0
9999938_00000_d_0000343,yolo12n.pt,0.3,640,2,0,0
9999938_00000_d_0000343,yolo12n.pt,0.4,640,2,0,0
9999938_00000_d_0000343,yolo12n.pt,0.5,640,2,0,0
9999938_00000_d_0000343,yolo12n.pt,0.05,1024,2,20,0
9999938_00000_d_0000343,yolo12n.pt,0.1,1024,2,11,0
9999938_00000_d_0000343,yolo12n.pt,0.15,1024,2,7,0
9999938_00000_d_0000343,yolo12n.pt,0.2,1024,2,3,0
9999938_00000_d_0000343,yolo12n.pt,0.25,1024,2,1,0
9999938_00000_d_0000343,yolo12n.pt,0.3,1024,2,1,0
9999938_00000_d_0000343,yolo12n.pt,0.4,1024,2,1,0
9999938_00000_d_0000343,yolo12n.pt,0.5,1024,2,0,0
9999938_00000_d_0000343,yolo12n.pt,0.05,1536,2,32,1
9999938_00000_d_0000343,yolo12n.pt,0.1,1536,2,16,0
9999938_00000_d_0000343,yolo12n.pt,0.15,1536,2,10,0
9999938_00000_d_0000343,yolo12n.pt,0.2,1536,2,7,0
9999938_00000_d_0000343,yolo12n.pt,0.25,1536,2,6,0
9999938_00000_d_0000343,yolo12n.pt,0.3,1536,2,5,0
9999938_00000_d_0000343,yolo12n.pt,0.4,1536,2,3,0
9999938_00000_d_0000343,yolo12n.pt,0.5,1536,2,1,0
9999938_00000_d_0000346,yolo12n.pt,0.05,640,2,15,9
9999938_00000_d_0000346,yolo12n.pt,0.1,640,2,3,1
9999938_00000_d_0000346,yolo12n.pt,0.15,640,2,0,0
9999938_00000_d_0000346,yolo12n.pt,0.2,640,2,0,0
9999938_00000_d_0000346,yolo12n.pt,0.25,640,2,0,0
9999938_00000_d_0000346,yolo12n.pt,0.3,640,2,0,0
9999938_00000_d_0000346,yolo12n.pt,0.4,640,2,0,0
9999938_00000_d_0000346,yolo12n.pt,0.5,640,2,0,0
9999938_00000_d_0000346,yolo12n.pt,0.05,1024,2,24,7
9999938_00000_d_0000346,yolo12n.pt,0.1,1024,2,8,2
9999938_00000_d_0000346,yolo12n.pt,0.15,1024,2,4,0
9999938_00000_d_0000346,yolo12n.pt,0.2,1024,2,4,0
9999938_00000_d_0000346,yolo12n.pt,0.25,1024,2,3,0
9999938_00000_d_0000346,yolo12n.pt,0.3,1024,2,2,0
9999938_00000_d_0000346,yolo12n.pt,0.4,1024,2,1,0
9999938_00000_d_0000346,yolo12n.pt,0.5,1024,2,1,0
9999938_00000_d_0000346,yolo12n.pt,0.05,1536,2,50,3
9999938_00000_d_0000346,yolo12n.pt,0.1,1536,2,24,0
9999938_00000_d_0000346,yolo12n.pt,0.15,1536,2,19,0
9999938_00000_d_0000346,yolo12n.pt,0.2,1536,2,15,0
9999938_00000_d_0000346,yolo12n.pt,0.25,1536,2,10,0
9999938_00000_d_0000346,yolo12n.pt,0.3,1536,2,10,0
9999938_00000_d_0000346,yolo12n.pt,0.4,1536,2,7,0
9999938_00000_d_0000346,yolo12n.pt,0.5,1536,2,5,0
9999938_00000_d_0000347,yolo12n.pt,0.05,640,1,8,2
9999938_00000_d_0000347,yolo12n.pt,0.1,640,1,7,2
9999938_00000_d_0000347,yolo12n.pt,0.15,640,1,4,1
9999938_00000_d_0000347,yolo12n.pt,0.2,640,1,1,1
9999938_00000_d_0000347,yolo12n.pt,0.25,640,1,0,0
9999938_00000_d_0000347,yolo12n.pt,0.3,640,1,0,0
9999938_00000_d_0000347,yolo12n.pt,0.4,640,1,0,0
9999938_00000_d_0000347,yolo12n.pt,0.5,640,1,0,0
9999938_00000_d_0000347,yolo12n.pt,0.05,1024,1,15,5
9999938_00000_d_0000347,yolo12n.pt,0.1,1024,1,6,2
9999938_00000_d_0000347,yolo12n.pt,0.15,1024,1,2,0
9999938_00000_d_0000347,yolo12n.pt,0.2,1024,1,1,0
9999938_00000_d_0000347,yolo12n.pt,0.25,1024,1,1,0
9999938_00000_d_0000347,yolo12n.pt,0.3,1024,1,1,0
9999938_00000_d_0000347,yolo12n.pt,0.4,1024,1,1,0
9999938_00000_d_0000347,yolo12n.pt,0.5,1024,1,0,0
9999938_00000_d_0000347,yolo12n.pt,0.05,1536,1,16,1
9999938_00000_d_0000347,yolo12n.pt,0.1,1536,1,7,0
9999938_00000_d_0000347,yolo12n.pt,0.15,1536,1,5,0
9999938_00000_d_0000347,yolo12n.pt,0.2,1536,1,3,0
9999938_00000_d_0000347,yolo12n.pt,0.25,1536,1,3,0
9999938_00000_d_0000347,yolo12n.pt,0.3,1536,1,2,0
9999938_00000_d_0000347,yolo12n.pt,0.4,1536,1,1,0
9999938_00000_d_0000347,yolo12n.pt,0.5,1536,1,1,0
9999938_00000_d_0000349,yolo12n.pt,0.05,640,9,24,0
9999938_00000_d_0000349,yolo12n.pt,0.1,640,9,5,0
9999938_00000_d_0000349,yolo12n.pt,0.15,640,9,3,0
9999938_00000_d_0000349,yolo12n.pt,0.2,640,9,2,0
9999938_00000_d_0000349,yolo12n.pt,0.25,640,9,0,0
9999938_00000_d_0000349,yolo12n.pt,0.3,640,9,0,0
9999938_00000_d_0000349,yolo12n.pt,0.4,640,9,0,0
9999938_00000_d_0000349,yolo12n.pt,0.5,640,9,0,0
9999938_00000_d_0000349,yolo12n.pt,0.05,1024,9,44,0
9999938_00000_d_0000349,yolo12n.pt,0.1,1024,9,16,0
9999938_00000_d_0000349,yolo12n.pt,0.15,1024,9,6,0
9999938_00000_d_0000349,yolo12n.pt,0.2,1024,9,3,0
9999938_00000_d_0000349,yolo12n.pt,0.25,1024,9,3,0
9999938_00000_d_0000349,yolo12n.pt,0.3,1024,9,2,0
9999938_00000_d_0000349,yolo12n.pt,0.4,1024,9,1,0
9999938_00000_d_0000349,yolo12n.pt,0.5,1024,9,0,0
9999938_00000_d_0000349,yolo12n.pt,0.05,1536,9,99,1
9999938_00000_d_0000349,yolo12n.pt,0.1,1536,9,39,0
9999938_00000_d_0000349,yolo12n.pt,0.15,1536,9,23,0
9999938_00000_d_0000349,yolo12n.pt,0.2,1536,9,17,0
9999938_00000_d_0000349,yolo12n.pt,0.25,1536,9,13,0
9999938_00000_d_0000349,yolo12n.pt,0.3,1536,9,7,0
9999938_00000_d_0000349,yolo12n.pt,0.4,1536,9,3,0
9999938_00000_d_0000349,yolo12n.pt,0.5,1536,9,3,0
9999938_00000_d_0000359,yolo12n.pt,0.05,640,3,4,0
9999938_00000_d_0000359,yolo12n.pt,0.1,640,3,1,0
9999938_00000_d_0000359,yolo12n.pt,0.15,640,3,1,0
9999938_00000_d_0000359,yolo12n.pt,0.2,640,3,1,0
9999938_00000_d_0000359,yolo12n.pt,0.25,640,3,1,0
9999938_00000_d_0000359,yolo12n.pt,0.3,640,3,1,0
9999938_00000_d_0000359,yolo12n.pt,0.4,640,3,1,0
9999938_00000_d_0000359,yolo12n.pt,0.5,640,3,1,0
9999938_00000_d_0000359,yolo12n.pt,0.05,1024,3,10,0
9999938_00000_d_0000359,yolo12n.pt,0.1,1024,3,3,0
9999938_00000_d_0000359,yolo12n.pt,0.15,1024,3,3,0
9999938_00000_d_0000359,yolo12n.pt,0.2,1024,3,2,0
9999938_00000_d_0000359,yolo12n.pt,0.25,1024,3,1,0
9999938_00000_d_0000359,yolo12n.pt,0.3,1024,3,1,0
9999938_00000_d_0000359,yolo12n.pt,0.4,1024,3,0,0
9999938_00000_d_0000359,yolo12n.pt,0.5,1024,3,0,0
9999938_00000_d_0000359,yolo12n.pt,0.05,1536,3,13,0
9999938_00000_d_0000359,yolo12n.pt,0.1,1536,3,3,0
9999938_00000_d_0000359,yolo12n.pt,0.15,1536,3,1,0
9999938_00000_d_0000359,yolo12n.pt,0.2,1536,3,1,0
9999938_00000_d_0000359,yolo12n.pt,0.25,1536,3,1,0
9999938_00000_d_0000359,yolo12n.pt,0.3,1536,3,1,0
9999938_00000_d_0000359,yolo12n.pt,0.4,1536,3,0,0
9999938_00000_d_0000359,yolo12n.pt,0.5,1536,3,0,0
9999938_00000_d_0000372,yolo12n.pt,0.05,640,2,20,1
9999938_00000_d_0000372,yolo12n.pt,0.1,640,2,8,0
9999938_00000_d_0000372,yolo12n.pt,0.15,640,2,4,0
9999938_00000_d_0000372,yolo12n.pt,0.2,640,2,2,0
9999938_00000_d_0000372,yolo12n.pt,0.25,640,2,1,0
9999938_00000_d_0000372,yolo12n.pt,0.3,640,2,1,0
9999938_00000_d_0000372,yolo12n.pt,0.4,640,2,0,0
9999938_00000_d_0000372,yolo12n.pt,0.5,640,2,0,0
9999938_00000_d_0000372,yolo12n.pt,0.05,1024,2,24,0
9999938_00000_d_0000372,yolo12n.pt,0.1,1024,2,9,0
9999938_00000_d_0000372,yolo12n.pt,0.15,1024,2,4,0
9999938_00000_d_0000372,yolo12n.pt,0.2,1024,2,4,0
9999938_00000_d_0000372,yolo12n.pt,0.25,1024,2,3,0
9999938_00000_d_0000372,yolo12n.pt,0.3,1024,2,2,0
9999938_00000_d_0000372,yolo12n.pt,0.4,1024,2,0,0
9999938_00000_d_0000372,yolo12n.pt,0.5,1024,2,0,0
9999938_00000_d_0000372,yolo12n.pt,0.05,1536,2,22,0
9999938_00000_d_0000372,yolo12n.pt,0.1,1536,2,12,0
9999938_00000_d_0000372,yolo12n.pt,0.15,1536,2,6,0
9999938_00000_d_0000372,yolo12n.pt,0.2,1536,2,4,0
9999938_00000_d_0000372,yolo12n.pt,0.25,1536,2,3,0
9999938_00000_d_0000372,yolo12n.pt,0.3,1536,2,2,0
9999938_00000_d_0000372,yolo12n.pt,0.4,1536,2,0,0
9999938_00000_d_0000372,yolo12n.pt,0.5,1536,2,0,0
9999941_00000_d_0000002,yolo12n.pt,0.05,640,4,64,0
9999941_00000_d_0000002,yolo12n.pt,0.1,640,4,33,0
9999941_00000_d_0000002,yolo12n.pt,0.15,640,4,13,0
9999941_00000_d_0000002,yolo12n.pt,0.2,640,4,5,0
9999941_00000_d_0000002,yolo12n.pt,0.25,640,4,3,0
9999941_00000_d_0000002,yolo12n.pt,0.3,640,4,1,0
9999941_00000_d_0000002,yolo12n.pt,0.4,640,4,0,0
9999941_00000_d_0000002,yolo12n.pt,0.5,640,4,0,0
9999941_00000_d_0000002,yolo12n.pt,0.05,1024,4,73,0
9999941_00000_d_0000002,yolo12n.pt,0.1,1024,4,38,0
9999941_00000_d_0000002,yolo12n.pt,0.15,1024,4,19,0
9999941_00000_d_0000002,yolo12n.pt,0.2,1024,4,12,0
9999941_00000_d_0000002,yolo12n.pt,0.25,1024,4,7,0
9999941_00000_d_0000002,yolo12n.pt,0.3,1024,4,6,0
9999941_00000_d_0000002,yolo12n.pt,0.4,1024,4,2,0
9999941_00000_d_0000002,yolo12n.pt,0.5,1024,4,0,0
9999941_00000_d_0000002,yolo12n.pt,0.05,1536,4,77,0
9999941_00000_d_0000002,yolo12n.pt,0.1,1536,4,44,0
9999941_00000_d_0000002,yolo12n.pt,0.15,1536,4,26,0
9999941_00000_d_0000002,yolo12n.pt,0.2,1536,4,16,0
9999941_00000_d_0000002,yolo12n.pt,0.25,1536,4,14,0
9999941_00000_d_0000002,yolo12n.pt,0.3,1536,4,12,0
9999941_00000_d_0000002,yolo12n.pt,0.4,1536,4,6,0
9999941_00000_d_0000002,yolo12n.pt,0.5,1536,4,3,0
9999941_00000_d_0000005,yolo12n.pt,0.05,640,30,1,0
9999941_00000_d_0000005,yolo12n.pt,0.1,640,30,0,0
9999941_00000_d_0000005,yolo12n.pt,0.15,640,30,0,0
9999941_00000_d_0000005,yolo12n.pt,0.2,640,30,0,0
9999941_00000_d_0000005,yolo12n.pt,0.25,640,30,0,0
9999941_00000_d_0000005,yolo12n.pt,0.3,640,30,0,0
9999941_00000_d_0000005,yolo12n.pt,0.4,640,30,0,0
9999941_00000_d_0000005,yolo12n.pt,0.5,640,30,0,0
9999941_00000_d_0000005,yolo12n.pt,0.05,1024,30,3,0
9999941_00000_d_0000005,yolo12n.pt,0.1,1024,30,0,0
9999941_00000_d_0000005,yolo12n.pt,0.15,1024,30,0,0
9999941_00000_d_0000005,yolo12n.pt,0.2,1024,30,0,0
9999941_00000_d_0000005,yolo12n.pt,0.25,1024,30,0,0
9999941_00000_d_0000005,yolo12n.pt,0.3,1024,30,0,0
9999941_00000_d_0000005,yolo12n.pt,0.4,1024,30,0,0
9999941_00000_d_0000005,yolo12n.pt,0.5,1024,30,0,0
9999941_00000_d_0000005,yolo12n.pt,0.05,1536,30,12,0
9999941_00000_d_0000005,yolo12n.pt,0.1,1536,30,5,0
9999941_00000_d_0000005,yolo12n.pt,0.15,1536,30,3,0
9999941_00000_d_0000005,yolo12n.pt,0.2,1536,30,1,0
9999941_00000_d_0000005,yolo12n.pt,0.25,1536,30,0,0
9999941_00000_d_0000005,yolo12n.pt,0.3,1536,30,0,0
9999941_00000_d_0000005,yolo12n.pt,0.4,1536,30,0,0
9999941_00000_d_0000005,yolo12n.pt,0.5,1536,30,0,0
9999941_00000_d_0000007,yolo12n.pt,0.05,640,34,3,1
9999941_00000_d_0000007,yolo12n.pt,0.1,640,34,0,0
9999941_00000_d_0000007,yolo12n.pt,0.15,640,34,0,0
9999941_00000_d_0000007,yolo12n.pt,0.2,640,34,0,0
9999941_00000_d_0000007,yolo12n.pt,0.25,640,34,0,0
9999941_00000_d_0000007,yolo12n.pt,0.3,640,34,0,0
9999941_00000_d_0000007,yolo12n.pt,0.4,640,34,0,0
9999941_00000_d_0000007,yolo12n.pt,0.5,640,34,0,0
9999941_00000_d_0000007,yolo12n.pt,0.05,1024,34,8,7
9999941_00000_d_0000007,yolo12n.pt,0.1,1024,34,1,0
9999941_00000_d_0000007,yolo12n.pt,0.15,1024,34,1,0
9999941_00000_d_0000007,yolo12n.pt,0.2,1024,34,1,0
9999941_00000_d_0000007,yolo12n.pt,0.25,1024,34,0,0
9999941_00000_d_0000007,yolo12n.pt,0.3,1024,34,0,0
9999941_00000_d_0000007,yolo12n.pt,0.4,1024,34,0,0
9999941_00000_d_0000007,yolo12n.pt,0.5,1024,34,0,0
9999941_00000_d_0000007,yolo12n.pt,0.05,1536,34,11,0
9999941_00000_d_0000007,yolo12n.pt,0.1,1536,34,4,0
9999941_00000_d_0000007,yolo12n.pt,0.15,1536,34,3,0
9999941_00000_d_0000007,yolo12n.pt,0.2,1536,34,3,0
9999941_00000_d_0000007,yolo12n.pt,0.25,1536,34,0,0
9999941_00000_d_0000007,yolo12n.pt,0.3,1536,34,0,0
9999941_00000_d_0000007,yolo12n.pt,0.4,1536,34,0,0
9999941_00000_d_0000007,yolo12n.pt,0.5,1536,34,0,0
9999941_00000_d_0000008,yolo12n.pt,0.05,640,39,4,0
9999941_00000_d_0000008,yolo12n.pt,0.1,640,39,3,0
9999941_00000_d_0000008,yolo12n.pt,0.15,640,39,1,0
9999941_00000_d_0000008,yolo12n.pt,0.2,640,39,1,0
9999941_00000_d_0000008,yolo12n.pt,0.25,640,39,1,0
9999941_00000_d_0000008,yolo12n.pt,0.3,640,39,1,0
9999941_00000_d_0000008,yolo12n.pt,0.4,640,39,0,0
9999941_00000_d_0000008,yolo12n.pt,0.5,640,39,0,0
9999941_00000_d_0000008,yolo12n.pt,0.05,1024,39,15,1
9999941_00000_d_0000008,yolo12n.pt,0.1,1024,39,6,0
9999941_00000_d_0000008,yolo12n.pt,0.15,1024,39,5,0
9999941_00000_d_0000008,yolo12n.pt,0.2,1024,39,5,0
9999941_00000_d_0000008,yolo12n.pt,0.25,1024,39,4,0
9999941_00000_d_0000008,yolo12n.pt,0.3,1024,39,4,0
9999941_00000_d_0000008,yolo12n.pt,0.4,1024,39,1,0
9999941_00000_d_0000008,yolo12n.pt,0.5,1024,39,0,0
9999941_00000_d_0000008,yolo12n.pt,0.05,1536,39,28,1
9999941_00000_d_0000008,yolo12n.pt,0.1,1536,39,15,1
9999941_00000_d_0000008,yolo12n.pt,0.15,1536,39,9,0
9999941_00000_d_0000008,yolo12n.pt,0.2,1536,39,6,0
9999941_00000_d_0000008,yolo12n.pt,0.25,1536,39,6,0
9999941_00000_d_0000008,yolo12n.pt,0.3,1536,39,6,0
9999941_00000_d_0000008,yolo12n.pt,0.4,1536,39,5,0
9999941_00000_d_0000008,yolo12n.pt,0.5,1536,39,2,0
9999941_00000_d_0000009,yolo12n.pt,0.05,640,20,10,0
9999941_00000_d_0000009,yolo12n.pt,0.1,640,20,2,0
9999941_00000_d_0000009,yolo12n.pt,0.15,640,20,0,0
9999941_00000_d_0000009,yolo12n.pt,0.2,640,20,0,0
9999941_00000_d_0000009,yolo12n.pt,0.25,640,20,0,0
9999941_00000_d_0000009,yolo12n.pt,0.3,640,20,0,0
9999941_00000_d_0000009,yolo12n.pt,0.4,640,20,0,0
9999941_00000_d_0000009,yolo12n.pt,0.5,640,20,0,0
9999941_00000_d_0000009,yolo12n.pt,0.05,1024,20,5,0
9999941_00000_d_0000009,yolo12n.pt,0.1,1024,20,3,0
9999941_00000_d_0000009,yolo12n.pt,0.15,1024,20,0,0
9999941_00000_d_0000009,yolo12n.pt,0.2,1024,20,0,0
9999941_00000_d_0000009,yolo12n.pt,0.25,1024,20,0,0
9999941_00000_d_0000009,yolo12n.pt,0.3,1024,20,0,0
9999941_00000_d_0000009,yolo12n.pt,0.4,1024,20,0,0
9999941_00000_d_0000009,yolo12n.pt,0.5,1024,20,0,0
9999941_00000_d_0000009,yolo12n.pt,0.05,1536,20,19,0
9999941_00000_d_0000009,yolo12n.pt,0.1,1536,20,2,0
9999941_00000_d_0000009,yolo12n.pt,0.15,1536,20,0,0
9999941_00000_d_0000009,yolo12n.pt,0.2,1536,20,0,0
9999941_00000_d_0000009,yolo12n.pt,0.25,1536,20,0,0
9999941_00000_d_0000009,yolo12n.pt,0.3,1536,20,0,0
9999941_00000_d_0000009,yolo12n.pt,0.4,1536,20,0,0
9999941_00000_d_0000009,yolo12n.pt,0.5,1536,20,0,0
9999941_00000_d_0000012,yolo12n.pt,0.05,640,20,7,1
9999941_00000_d_0000012,yolo12n.pt,0.1,640,20,2,0
9999941_00000_d_0000012,yolo12n.pt,0.15,640,20,0,0
9999941_00000_d_0000012,yolo12n.pt,0.2,640,20,0,0
9999941_00000_d_0000012,yolo12n.pt,0.25,640,20,0,0
9999941_00000_d_0000012,yolo12n.pt,0.3,640,20,0,0
9999941_00000_d_0000012,yolo12n.pt,0.4,640,20,0,0
9999941_00000_d_0000012,yolo12n.pt,0.5,640,20,0,0
9999941_00000_d_0000012,yolo12n.pt,0.05,1024,20,6,0
9999941_00000_d_0000012,yolo12n.pt,0.1,1024,20,3,0
9999941_00000_d_0000012,yolo12n.pt,0.15,1024,20,1,0
9999941_00000_d_0000012,yolo12n.pt,0.2,1024,20,1,0
9999941_00000_d_0000012,yolo12n.pt,0.25,1024,20,1,0
9999941_00000_d_0000012,yolo12n.pt,0.3,1024,20,0,0
9999941_00000_d_0000012,yolo12n.pt,0.4,1024,20,0,0
9999941_00000_d_0000012,yolo12n.pt,0.5,1024,20,0,0
9999941_00000_d_0000012,yolo12n.pt,0.05,1536,20,13,0
9999941_00000_d_0000012,yolo12n.pt,0.1,1536,20,7,0
9999941_00000_d_0000012,yolo12n.pt,0.15,1536,20,4,0
9999941_00000_d_0000012,yolo12n.pt,0.2,1536,20,3,0
9999941_00000_d_0000012,yolo12n.pt,0.25,1536,20,2,0
9999941_00000_d_0000012,yolo12n.pt,0.3,1536,20,1,0
9999941_00000_d_0000012,yolo12n.pt,0.4,1536,20,0,0
9999941_00000_d_0000012,yolo12n.pt,0.5,1536,20,0,0
9999941_00000_d_0000014,yolo12n.pt,0.05,640,39,35,0
9999941_00000_d_0000014,yolo12n.pt,0.1,640,39,19,0
9999941_00000_d_0000014,yolo12n.pt,0.15,640,39,11,0
9999941_00000_d_0000014,yolo12n.pt,0.2,640,39,6,0
9999941_00000_d_0000014,yolo12n.pt,0.25,640,39,3,0
9999941_00000_d_0000014,yolo12n.pt,0.3,640,39,2,0
9999941_00000_d_0000014,yolo12n.pt,0.4,640,39,0,0
9999941_00000_d_0000014,yolo12n.pt,0.5,640,39,0,0
9999941_00000_d_0000014,yolo12n.pt,0.05,1024,39,35,1
9999941_00000_d_0000014,yolo12n.pt,0.1,1024,39,23,0
9999941_00000_d_0000014,yolo12n.pt,0.15,1024,39,17,0
9999941_00000_d_0000014,yolo12n.pt,0.2,1024,39,12,0
9999941_00000_d_0000014,yolo12n.pt,0.25,1024,39,10,0
9999941_00000_d_0000014,yolo12n.pt,0.3,1024,39,9,0
9999941_00000_d_0000014,yolo12n.pt,0.4,1024,39,5,0
9999941_00000_d_0000014,yolo12n.pt,0.5,1024,39,1,0
9999941_00000_d_0000014,yolo12n.pt,0.05,1536,39,39,0
9999941_00000_d_0000014,yolo12n.pt,0.1,1536,39,21,0
9999941_00000_d_0000014,yolo12n.pt,0.15,1536,39,19,0
9999941_00000_d_0000014,yolo12n.pt,0.2,1536,39,16,0
9999941_00000_d_0000014,yolo12n.pt,0.25,1536,39,13,0
9999941_00000_d_0000014,yolo12n.pt,0.3,1536,39,10,0
9999941_00000_d_0000014,yolo12n.pt,0.4,1536,39,7,0
9999941_00000_d_0000014,yolo12n.pt,0.5,1536,39,4,0
9999941_00000_d_0000015,yolo12n.pt,0.05,640,30,7,1
9999941_00000_d_0000015,yolo12n.pt,0.1,640,30,1,0
9999941_00000_d_0000015,yolo12n.pt,0.15,640,30,0,0
9999941_00000_d_0000015,yolo12n.pt,0.2,640,30,0,0
9999941_00000_d_0000015,yolo12n.pt,0.25,640,30,0,0
9999941_00000_d_0000015,yolo12n.pt,0.3,640,30,0,0
9999941_00000_d_0000015,yolo12n.pt,0.4,640,30,0,0
9999941_00000_d_0000015,yolo12n.pt,0.5,640,30,0,0
9999941_00000_d_0000015,yolo12n.pt,0.05,1024,30,9,0
9999941_00000_d_0000015,yolo12n.pt,0.1,1024,30,4,0
9999941_00000_d_0000015,yolo12n.pt,0.15,1024,30,3,0
9999941_00000_d_0000015,yolo12n.pt,0.2,1024,30,2,0
9999941_00000_d_0000015,yolo12n.pt,0.25,1024,30,2,0
9999941_00000_d_0000015,yolo12n.pt,0.3,1024,30,0,0
9999941_00000_d_0000015,yolo12n.pt,0.4,1024,30,0,0
9999941_00000_d_0000015,yolo12n.pt,0.5,1024,30,0,0
9999941_00000_d_0000015,yolo12n.pt,0.05,1536,30,13,1
9999941_00000_d_0000015,yolo12n.pt,0.1,1536,30,9,1
9999941_00000_d_0000015,yolo12n.pt,0.15,1536,30,6,1
9999941_00000_d_0000015,yolo12n.pt,0.2,1536,30,3,0
9999941_00000_d_0000015,yolo12n.pt,0.25,1536,30,2,0
9999941_00000_d_0000015,yolo12n.pt,0.3,1536,30,1,0
9999941_00000_d_0000015,yolo12n.pt,0.4,1536,30,1,0
9999941_00000_d_0000015,yolo12n.pt,0.5,1536,30,1,0
9999941_00000_d_0000017,yolo12n.pt,0.05,640,8,3,2
9999941_00000_d_0000017,yolo12n.pt,0.1,640,8,1,1
9999941_00000_d_0000017,yolo12n.pt,0.15,640,8,0,0
9999941_00000_d_0000017,yolo12n.pt,0.2,640,8,0,0
9999941_00000_d_0000017,yolo12n.pt,0.25,640,8,0,0
9999941_00000_d_0000017,yolo12n.pt,0.3,640,8,0,0
9999941_00000_d_0000017,yolo12n.pt,0.4,640,8,0,0
9999941_00000_d_0000017,yolo12n.pt,0.5,640,8,0,0
9999941_00000_d_0000017,yolo12n.pt,0.05,1024,8,2,1
9999941_00000_d_0000017,yolo12n.pt,0.1,1024,8,2,1
9999941_00000_d_0000017,yolo12n.pt,0.15,1024,8,1,1
9999941_00000_d_0000017,yolo12n.pt,0.2,1024,8,1,1
9999941_00000_d_0000017,yolo12n.pt,0.25,1024,8,0,0
9999941_00000_d_0000017,yolo12n.pt,0.3,1024,8,0,0
9999941_00000_d_0000017,yolo12n.pt,0.4,1024,8,0,0
9999941_00000_d_0000017,yolo12n.pt,0.5,1024,8,0,0
9999941_00000_d_0000017,yolo12n.pt,0.05,1536,8,7,7
9999941_00000_d_0000017,yolo12n.pt,0.1,1536,8,2,2
9999941_00000_d_0000017,yolo12n.pt,0.15,1536,8,1,1
9999941_00000_d_0000017,yolo12n.pt,0.2,1536,8,1,1
9999941_00000_d_0000017,yolo12n.pt,0.25,1536,8,0,0
9999941_00000_d_0000017,yolo12n.pt,0.3,1536,8,0,0
9999941_00000_d_0000017,yolo12n.pt,0.4,1536,8,0,0
9999941_00000_d_0000017,yolo12n.pt,0.5,1536,8,0,0
9999941_00000_d_0000018,yolo12n.pt,0.05,640,12,6,0
9999941_00000_d_0000018,yolo12n.pt,0.1,640,12,1,0
9999941_00000_d_0000018,yolo12n.pt,0.15,640,12,0,0
9999941_00000_d_0000018,yolo12n.pt,0.2,640,12,0,0
9999941_00000_d_0000018,yolo12n.pt,0.25,640,12,0,0
9999941_00000_d_0000018,yolo12n.pt,0.3,640,12,0,0
9999941_00000_d_0000018,yolo12n.pt,0.4,640,12,0,0
9999941_00000_d_0000018,yolo12n.pt,0.5,640,12,0,0
9999941_00000_d_0000018,yolo12n.pt,0.05,1024,12,2,0
9999941_00000_d_0000018,yolo12n.pt,0.1,1024,12,0,0
9999941_00000_d_0000018,yolo12n.pt,0.15,1024,12,0,0
9999941_00000_d_0000018,yolo12n.pt,0.2,1024,12,0,0
9999941_00000_d_0000018,yolo12n.pt,0.25,1024,12,0,0
9999941_00000_d_0000018,yolo12n.pt,0.3,1024,12,0,0
9999941_00000_d_0000018,yolo12n.pt,0.4,1024,12,0,0
9999941_00000_d_0000018,yolo12n.pt,0.5,1024,12,0,0
9999941_00000_d_0000018,yolo12n.pt,0.05,1536,12,6,0
9999941_00000_d_0000018,yolo12n.pt,0.1,1536,12,4,0
9999941_00000_d_0000018,yolo12n.pt,0.15,1536,12,3,0
9999941_00000_d_0000018,yolo12n.pt,0.2,1536,12,1,0
9999941_00000_d_0000018,yolo12n.pt,0.25,1536,12,1,0
9999941_00000_d_0000018,yolo12n.pt,0.3,1536,12,1,0
9999941_00000_d_0000018,yolo12n.pt,0.4,1536,12,0,0
9999941_00000_d_0000018,yolo12n.pt,0.5,1536,12,0,0
9999941_00000_d_0000020,yolo12n.pt,0.05,640,39,40,1
9999941_00000_d_0000020,yolo12n.pt,0.1,640,39,22,0
9999941_00000_d_0000020,yolo12n.pt,0.15,640,39,15,0
9999941_00000_d_0000020,yolo12n.pt,0.2,640,39,8,0
9999941_00000_d_0000020,yolo12n.pt,0.25,640,39,2,0
9999941_00000_d_0000020,yolo12n.pt,0.3,640,39,2,0
9999941_00000_d_0000020,yolo12n.pt,0.4,640,39,2,0
9999941_00000_d_0000020,yolo12n.pt,0.5,640,39,0,0
9999941_00000_d_0000020,yolo12n.pt,0.05,1024,39,39,0
9999941_00000_d_0000020,yolo12n.pt,0.1,1024,39,19,0
9999941_00000_d_0000020,yolo12n.pt,0.15,1024,39,11,0
9999941_00000_d_0000020,yolo12n.pt,0.2,1024,39,7,0
9999941_00000_d_0000020,yolo12n.pt,0.25,1024,39,6,0
9999941_00000_d_0000020,yolo12n.pt,0.3,1024,39,3,0
9999941_00000_d_0000020,yolo12n.pt,0.4,1024,39,2,0
9999941_00000_d_0000020,yolo12n.pt,0.5,1024,39,1,0
9999941_00000_d_0000020,yolo12n.pt,0.05,1536,39,35,0
9999941_00000_d_0000020,yolo12n.pt,0.1,1536,39,17,0
9999941_00000_d_0000020,yolo12n.pt,0.15,1536,39,11,0
9999941_00000_d_0000020,yolo12n.pt,0.2,1536,39,5,0
9999941_00000_d_0000020,yolo12n.pt,0.25,1536,39,2,0
9999941_00000_d_0000020,yolo12n.pt,0.3,1536,39,1,0
9999941_00000_d_0000020,yolo12n.pt,0.4,1536,39,0,0
9999941_00000_d_0000020,yolo12n.pt,0.5,1536,39,0,0
9999941_00000_d_0000021,yolo12n.pt,0.05,640,6,9,1
9999941_00000_d_0000021,yolo12n.pt,0.1,640,6,7,1
9999941_00000_d_0000021,yolo12n.pt,0.15,640,6,3,0
9999941_00000_d_0000021,yolo12n.pt,0.2,640,6,2,0
9999941_00000_d_0000021,yolo12n.pt,0.25,640,6,1,0
9999941_00000_d_0000021,yolo12n.pt,0.3,640,6,0,0
9999941_00000_d_0000021,yolo12n.pt,0.4,640,6,0,0
9999941_00000_d_0000021,yolo12n.pt,0.5,640,6,0,0
9999941_00000_d_0000021,yolo12n.pt,0.05,1024,6,4,0
9999941_00000_d_0000021,yolo12n.pt,0.1,1024,6,0,0
9999941_00000_d_0000021,yolo12n.pt,0.15,1024,6,0,0
9999941_00000_d_0000021,yolo12n.pt,0.2,1024,6,0,0
9999941_00000_d_0000021,yolo12n.pt,0.25,1024,6,0,0
9999941_00000_d_0000021,yolo12n.pt,0.3,1024,6,0,0
9999941_00000_d_0000021,yolo12n.pt,0.4,1024,6,0,0
9999941_00000_d_0000021,yolo12n.pt,0.5,1024,6,0,0
9999941_00000_d_0000021,yolo12n.pt,0.05,1536,6,4,0
9999941_00000_d_0000021,yolo12n.pt,0.1,1536,6,1,0
9999941_00000_d_0000021,yolo12n.pt,0.15,1536,6,0,0
9999941_00000_d_0000021,yolo12n.pt,0.2,1536,6,0,0
9999941_00000_d_0000021,yolo12n.pt,0.25,1536,6,0,0
9999941_00000_d_0000021,yolo12n.pt,0.3,1536,6,0,0
9999941_00000_d_0000021,yolo12n.pt,0.4,1536,6,0,0
9999941_00000_d_0000021,yolo12n.pt,0.5,1536,6,0,0
9999941_00000_d_0000022,yolo12n.pt,0.05,640,34,6,0
9999941_00000_d_0000022,yolo12n.pt,0.1,640,34,1,0
9999941_00000_d_0000022,yolo12n.pt,0.15,640,34,1,0
9999941_00000_d_0000022,yolo12n.pt,0.2,640,34,1,0
9999941_00000_d_0000022,yolo12n.pt,0.25,640,34,1,0
9999941_00000_d_0000022,yolo12n.pt,0.3,640,34,1,0
9999941_00000_d_0000022,yolo12n.pt,0.4,640,34,1,0
9999941_00000_d_0000022,yolo12n.pt,0.5,640,34,0,0
9999941_00000_d_0000022,yolo12n.pt,0.05,1024,34,2,0
9999941_00000_d_0000022,yolo12n.pt,0.1,1024,34,1,0
9999941_00000_d_0000022,yolo12n.pt,0.15,1024,34,0,0
9999941_00000_d_0000022,yolo12n.pt,0.2,1024,34,0,0
9999941_00000_d_0000022,yolo12n.pt,0.25,1024,34,0,0
9999941_00000_d_0000022,yolo12n.pt,0.3,1024,34,0,0
9999941_00000_d_0000022,yolo12n.pt,0.4,1024,34,0,0
9999941_00000_d_0000022,yolo12n.pt,0.5,1024,34,0,0
9999941_00000_d_0000022,yolo12n.pt,0.05,1536,34,2,0
9999941_00000_d_0000022,yolo12n.pt,0.1,1536,34,1,0
9999941_00000_d_0000022,yolo12n.pt,0.15,1536,34,0,0
9999941_00000_d_0000022,yolo12n.pt,0.2,1536,34,0,0
9999941_00000_d_0000022,yolo12n.pt,0.25,1536,34,0,0
9999941_00000_d_0000022,yolo12n.pt,0.3,1536,34,0,0
9999941_00000_d_0000022,yolo12n.pt,0.4,1536,34,0,0
9999941_00000_d_0000022,yolo12n.pt,0.5,1536,34,0,0
9999941_00000_d_0000023,yolo12n.pt,0.05,640,41,36,0
9999941_00000_d_0000023,yolo12n.pt,0.1,640,41,18,0
9999941_00000_d_0000023,yolo12n.pt,0.15,640,41,14,0
9999941_00000_d_0000023,yolo12n.pt,0.2,640,41,7,0
9999941_00000_d_0000023,yolo12n.pt,0.25,640,41,1,0
9999941_00000_d_0000023,yolo12n.pt,0.3,640,41,0,0
9999941_00000_d_0000023,yolo12n.pt,0.4,640,41,0,0
9999941_00000_d_0000023,yolo12n.pt,0.5,640,41,0,0
9999941_00000_d_0000023,yolo12n.pt,0.05,1024,41,56,0
9999941_00000_d_0000023,yolo12n.pt,0.1,1024,41,40,0
9999941_00000_d_0000023,yolo12n.pt,0.15,1024,41,33,0
9999941_00000_d_0000023,yolo12n.pt,0.2,1024,41,23,0
9999941_00000_d_0000023,yolo12n.pt,0.25,1024,41,17,0
9999941_00000_d_0000023,yolo12n.pt,0.3,1024,41,9,0
9999941_00000_d_0000023,yolo12n.pt,0.4,1024,41,3,0
9999941_00000_d_0000023,yolo12n.pt,0.5,1024,41,1,0
9999941_00000_d_0000023,yolo12n.pt,0.05,1536,41,90,2
9999941_00000_d_0000023,yolo12n.pt,0.1,1536,41,67,0
9999941_00000_d_0000023,yolo12n.pt,0.15,1536,41,51,0
9999941_00000_d_0000023,yolo12n.pt,0.2,1536,41,39,0
9999941_00000_d_0000023,yolo12n.pt,0.25,1536,41,32,0
9999941_00000_d_0000023,yolo12n.pt,0.3,1536,41,23,0
9999941_00000_d_0000023,yolo12n.pt,0.4,1536,41,12,0
9999941_00000_d_0000023,yolo12n.pt,0.5,1536,41,4,0
9999941_00000_d_0000024,yolo12n.pt,0.05,640,13,18,2
9999941_00000_d_0000024,yolo12n.pt,0.1,640,13,8,1
9999941_00000_d_0000024,yolo12n.pt,0.15,640,13,4,0
9999941_00000_d_0000024,yolo12n.pt,0.2,640,13,2,0
9999941_00000_d_0000024,yolo12n.pt,0.25,640,13,2,0
9999941_00000_d_0000024,yolo12n.pt,0.3,640,13,1,0
9999941_00000_d_0000024,yolo12n.pt,0.4,640,13,0,0
9999941_00000_d_0000024,yolo12n.pt,0.5,640,13,0,0
9999941_00000_d_0000024,yolo12n.pt,0.05,1024,13,20,1
9999941_00000_d_0000024,yolo12n.pt,0.1,1024,13,10,0
9999941_00000_d_0000024,yolo12n.pt,0.15,1024,13,8,0
9999941_00000_d_0000024,yolo12n.pt,0.2,1024,13,6,0
9999941_00000_d_0000024,yolo12n.pt,0.25,1024,13,4,0
9999941_00000_d_0000024,yolo12n.pt,0.3,1024,13,1,0
9999941_00000_d_0000024,yolo12n.pt,0.4,1024,13,1,0
9999941_00000_d_0000024,yolo12n.pt,0.5,1024,13,1,0
9999941_00000_d_0000024,yolo12n.pt,0.05,1536,13,36,0
9999941_00000_d_0000024,yolo12n.pt,0.1,1536,13,17,0
9999941_00000_d_0000024,yolo12n.pt,0.15,1536,13,8,0
9999941_00000_d_0000024,yolo12n.pt,0.2,1536,13,7,0
9999941_00000_d_0000024,yolo12n.pt,0.25,1536,13,7,0
9999941_00000_d_0000024,yolo12n.pt,0.3,1536,13,5,0
9999941_00000_d_0000024,yolo12n.pt,0.4,1536,13,1,0
9999941_00000_d_0000024,yolo12n.pt,0.5,1536,13,1,0
9999941_00000_d_0000025,yolo12n.pt,0.05,640,27,10,0
9999941_00000_d_0000025,yolo12n.pt,0.1,640,27,6,0
9999941_00000_d_0000025,yolo12n.pt,0.15,640,27,5,0
9999941_00000_d_0000025,yolo12n.pt,0.2,640,27,4,0
9999941_00000_d_0000025,yolo12n.pt,0.25,640,27,3,0
9999941_00000_d_0000025,yolo12n.pt,0.3,640,27,2,0
9999941_00000_d_0000025,yolo12n.pt,0.4,640,27,2,0
9999941_00000_d_0000025,yolo12n.pt,0.5,640,27,1,0
9999941_00000_d_0000025,yolo12n.pt,0.05,1024,27,16,0
9999941_00000_d_0000025,yolo12n.pt,0.1,1024,27,13,0
9999941_00000_d_0000025,yolo12n.pt,0.15,1024,27,9,0
9999941_00000_d_0000025,yolo12n.pt,0.2,1024,27,6,0
9999941_00000_d_0000025,yolo12n.pt,0.25,1024,27,5,0
9999941_00000_d_0000025,yolo12n.pt,0.3,1024,27,5,0
9999941_00000_d_0000025,yolo12n.pt,0.4,1024,27,5,0
9999941_00000_d_0000025,yolo12n.pt,0.5,1024,27,3,0
9999941_00000_d_0000025,yolo12n.pt,0.05,1536,27,20,0
9999941_00000_d_0000025,yolo12n.pt,0.1,1536,27,15,0
9999941_00000_d_0000025,yolo12n.pt,0.15,1536,27,9,0
9999941_00000_d_0000025,yolo12n.pt,0.2,1536,27,9,0
9999941_00000_d_0000025,yolo12n.pt,0.25,1536,27,8,0
9999941_00000_d_0000025,yolo12n.pt,0.3,1536,27,7,0
9999941_00000_d_0000025,yolo12n.pt,0.4,1536,27,4,0
9999941_00000_d_0000025,yolo12n.pt,0.5,1536,27,3,0
9999941_00000_d_0000029,yolo12n.pt,0.05,640,27,0,0
9999941_00000_d_0000029,yolo12n.pt,0.1,640,27,0,0
9999941_00000_d_0000029,yolo12n.pt,0.15,640,27,0,0
9999941_00000_d_0000029,yolo12n.pt,0.2,640,27,0,0
9999941_00000_d_0000029,yolo12n.pt,0.25,640,27,0,0
9999941_00000_d_0000029,yolo12n.pt,0.3,640,27,0,0
9999941_00000_d_0000029,yolo12n.pt,0.4,640,27,0,0
9999941_00000_d_0000029,yolo12n.pt,0.5,640,27,0,0
9999941_00000_d_0000029,yolo12n.pt,0.05,1024,27,3,0
9999941_00000_d_0000029,yolo12n.pt,0.1,1024,27,0,0
9999941_00000_d_0000029,yolo12n.pt,0.15,1024,27,0,0
9999941_00000_d_0000029,yolo12n.pt,0.2,1024,27,0,0
9999941_00000_d_0000029,yolo12n.pt,0.25,1024,27,0,0
9999941_00000_d_0000029,yolo12n.pt,0.3,1024,27,0,0
9999941_00000_d_0000029,yolo12n.pt,0.4,1024,27,0,0
9999941_00000_d_0000029,yolo12n.pt,0.5,1024,27,0,0
9999941_00000_d_0000029,yolo12n.pt,0.05,1536,27,5,0
9999941_00000_d_0000029,yolo12n.pt,0.1,1536,27,2,0
9999941_00000_d_0000029,yolo12n.pt,0.15,1536,27,1,0
9999941_00000_d_0000029,yolo12n.pt,0.2,1536,27,1,0
9999941_00000_d_0000029,yolo12n.pt,0.25,1536,27,1,0
9999941_00000_d_0000029,yolo12n.pt,0.3,1536,27,1,0
9999941_00000_d_0000029,yolo12n.pt,0.4,1536,27,0,0
9999941_00000_d_0000029,yolo12n.pt,0.5,1536,27,0,0
9999941_00000_d_0000032,yolo12n.pt,0.05,640,1,30,2
9999941_00000_d_0000032,yolo12n.pt,0.1,640,1,15,0
9999941_00000_d_0000032,yolo12n.pt,0.15,640,1,10,0
9999941_00000_d_0000032,yolo12n.pt,0.2,640,1,8,0
9999941_00000_d_0000032,yolo12n.pt,0.25,640,1,7,0
9999941_00000_d_0000032,yolo12n.pt,0.3,640,1,6,0
9999941_00000_d_0000032,yolo12n.pt,0.4,640,1,4,0
9999941_00000_d_0000032,yolo12n.pt,0.5,640,1,3,0
9999941_00000_d_0000032,yolo12n.pt,0.05,1024,1,35,4
9999941_00000_d_0000032,yolo12n.pt,0.1,1024,1,23,1
9999941_00000_d_0000032,yolo12n.pt,0.15,1024,1,18,0
9999941_00000_d_0000032,yolo12n.pt,0.2,1024,1,15,0
9999941_00000_d_0000032,yolo12n.pt,0.25,1024,1,13,0
9999941_00000_d_0000032,yolo12n.pt,0.3,1024,1,10,0
9999941_00000_d_0000032,yolo12n.pt,0.4,1024,1,8,0
9999941_00000_d_0000032,yolo12n.pt,0.5,1024,1,5,0
9999941_00000_d_0000032,yolo12n.pt,0.05,1536,1,45,5
9999941_00000_d_0000032,yolo12n.pt,0.1,1536,1,24,1
9999941_00000_d_0000032,yolo12n.pt,0.15,1536,1,20,1
9999941_00000_d_0000032,yolo12n.pt,0.2,1536,1,17,1
9999941_00000_d_0000032,yolo12n.pt,0.25,1536,1,13,1
9999941_00000_d_0000032,yolo12n.pt,0.3,1536,1,10,1
9999941_00000_d_0000032,yolo12n.pt,0.4,1536,1,9,1
9999941_00000_d_0000032,yolo12n.pt,0.5,1536,1,9,1
9999947_00000_d_0000005,yolo12n.pt,0.05,640,44,61,19
9999947_00000_d_0000005,yolo12n.pt,0.1,640,44,32,8
9999947_00000_d_0000005,yolo12n.pt,0.15,640,44,23,6
9999947_00000_d_0000005,yolo12n.pt,0.2,640,44,15,4
9999947_00000_d_0000005,yolo12n.pt,0.25,640,44,12,3
9999947_00000_d_0000005,yolo12n.pt,0.3,640,44,12,3
9999947_00000_d_0000005,yolo12n.pt,0.4,640,44,4,0
9999947_00000_d_0000005,yolo12n.pt,0.5,640,44,3,0
9999947_00000_d_0000005,yolo12n.pt,0.05,1024,44,80,34
9999947_00000_d_0000005,yolo12n.pt,0.1,1024,44,56,25
9999947_00000_d_0000005,yolo12n.pt,0.15,1024,44,44,19
9999947_00000_d_0000005,yolo12n.pt,0.2,1024,44,38,15
9999947_00000_d_0000005,yolo12n.pt,0.25,1024,44,27,10
9999947_00000_d_0000005,yolo12n.pt,0.3,1024,44,21,6
9999947_00000_d_0000005,yolo12n.pt,0.4,1024,44,16,3
9999947_00000_d_0000005,yolo12n.pt,0.5,1024,44,12,1
9999947_00000_d_0000005,yolo12n.pt,0.05,1536,44,154,81
9999947_00000_d_0000005,yolo12n.pt,0.1,1536,44,91,47
9999947_00000_d_0000005,yolo12n.pt,0.15,1536,44,61,28
9999947_00000_d_0000005,yolo12n.pt,0.2,1536,44,43,19
9999947_00000_d_0000005,yolo12n.pt,0.25,1536,44,36,14
9999947_00000_d_0000005,yolo12n.pt,0.3,1536,44,28,9
9999947_00000_d_0000005,yolo12n.pt,0.4,1536,44,23,5
9999947_00000_d_0000005,yolo12n.pt,0.5,1536,44,18,4
9999947_00000_d_0000013,yolo12n.pt,0.05,640,48,64,9
9999947_00000_d_0000013,yolo12n.pt,0.1,640,48,45,7
9999947_00000_d_0000013,yolo12n.pt,0.15,640,48,36,5
9999947_00000_d_0000013,yolo12n.pt,0.2,640,48,25,1
9999947_00000_d_0000013,yolo12n.pt,0.25,640,48,22,1
9999947_00000_d_0000013,yolo12n.pt,0.3,640,48,18,0
9999947_00000_d_0000013,yolo12n.pt,0.4,640,48,13,0
9999947_00000_d_0000013,yolo12n.pt,0.5,640,48,7,0
9999947_00000_d_0000013,yolo12n.pt,0.05,1024,48,77,28
9999947_00000_d_0000013,yolo12n.pt,0.1,1024,48,51,13
9999947_00000_d_0000013,yolo12n.pt,0.15,1024,48,42,8
9999947_00000_d_0000013,yolo12n.pt,0.2,1024,48,38,5
9999947_00000_d_0000013,yolo12n.pt,0.25,1024,48,36,4
9999947_00000_d_0000013,yolo12n.pt,0.3,1024,48,33,2
9999947_00000_d_0000013,yolo12n.pt,0.4,1024,48,29,0
9999947_00000_d_0000013,yolo12n.pt,0.5,1024,48,19,0
9999947_00000_d_0000013,yolo12n.pt,0.05,1536,48,128,47
9999947_00000_d_0000013,yolo12n.pt,0.1,1536,48,85,22
9999947_00000_d_0000013,yolo12n.pt,0.15,1536,48,56,9
9999947_00000_d_0000013,yolo12n.pt,0.2,1536,48,46,6
9999947_00000_d_0000013,yolo12n.pt,0.25,1536,48,38,2
9999947_00000_d_0000013,yolo12n.pt,0.3,1536,48,38,2
9999947_00000_d_0000013,yolo12n.pt,0.4,1536,48,34,2
9999947_00000_d_0000013,yolo12n.pt,0.5,1536,48,29,1
9999947_00000_d_0000014,yolo12n.pt,0.05,640,57,58,21
9999947_00000_d_0000014,yolo12n.pt,0.1,640,57,31,10
9999947_00000_d_0000014,yolo12n.pt,0.15,640,57,23,6
9999947_00000_d_0000014,yolo12n.pt,0.2,640,57,17,1
9999947_00000_d_0000014,yolo12n.pt,0.25,640,57,13,0
9999947_00000_d_0000014,yolo12n.pt,0.3,640,57,9,0
9999947_00000_d_0000014,yolo12n.pt,0.4,640,57,5,0
9999947_00000_d_0000014,yolo12n.pt,0.5,640,57,3,0
9999947_00000_d_0000014,yolo12n.pt,0.05,1024,57,108,40
9999947_00000_d_0000014,yolo12n.pt,0.1,1024,57,59,15
9999947_00000_d_0000014,yolo12n.pt,0.15,1024,57,42,10
9999947_00000_d_0000014,yolo12n.pt,0.2,1024,57,30,3
9999947_00000_d_0000014,yolo12n.pt,0.25,1024,57,21,2
9999947_00000_d_0000014,yolo12n.pt,0.3,1024,57,20,1
9999947_00000_d_0000014,yolo12n.pt,0.4,1024,57,13,0
9999947_00000_d_0000014,yolo12n.pt,0.5,1024,57,4,0
9999947_00000_d_0000014,yolo12n.pt,0.05,1536,57,186,51
9999947_00000_d_0000014,yolo12n.pt,0.1,1536,57,109,22
9999947_00000_d_0000014,yolo12n.pt,0.15,1536,57,72,10
9999947_00000_d_0000014,yolo12n.pt,0.2,1536,57,51,4
9999947_00000_d_0000014,yolo12n.pt,0.25,1536,57,45,2
9999947_00000_d_0000014,yolo12n.pt,0.3,1536,57,37,0
9999947_00000_d_0000014,yolo12n.pt,0.4,1536,57,28,0
9999947_00000_d_0000014,yolo12n.pt,0.5,1536,57,16,0
9999947_00000_d_0000017,yolo12n.pt,0.05,640,30,7,0
9999947_00000_d_0000017,yolo12n.pt,0.1,640,30,3,0
9999947_00000_d_0000017,yolo12n.pt,0.15,640,30,2,0
9999947_00000_d_0000017,yolo12n.pt,0.2,640,30,2,0
9999947_00000_d_0000017,yolo12n.pt,0.25,640,30,2,0
9999947_00000_d_0000017,yolo12n.pt,0.3,640,30,2,0
9999947_00000_d_0000017,yolo12n.pt,0.4,640,30,1,0
9999947_00000_d_0000017,yolo12n.pt,0.5,640,30,0,0
9999947_00000_d_0000017,yolo12n.pt,0.05,1024,30,14,3
9999947_00000_d_0000017,yolo12n.pt,0.1,1024,30,11,0
9999947_00000_d_0000017,yolo12n.pt,0.15,1024,30,10,0
9999947_00000_d_0000017,yolo12n.pt,0.2,1024,30,9,0
9999947_00000_d_0000017,yolo12n.pt,0.25,1024,30,9,0
9999947_00000_d_0000017,yolo12n.pt,0.3,1024,30,9,0
9999947_00000_d_0000017,yolo12n.pt,0.4,1024,30,9,0
9999947_00000_d_0000017,yolo12n.pt,0.5,1024,30,9,0
9999947_00000_d_0000017,yolo12n.pt,0.05,1536,30,12,1
9999947_00000_d_0000017,yolo12n.pt,0.1,1536,30,10,0
9999947_00000_d_0000017,yolo12n.pt,0.15,1536,30,10,0
9999947_00000_d_0000017,yolo12n.pt,0.2,1536,30,10,0
9999947_00000_d_0000017,yolo12n.pt,0.25,1536,30,10,0
9999947_00000_d_0000017,yolo12n.pt,0.3,1536,30,10,0
9999947_00000_d_0000017,yolo12n.pt,0.4,1536,30,10,0
9999947_00000_d_0000017,yolo12n.pt,0.5,1536,30,10,0
9999947_00000_d_0000020,yolo12n.pt,0.05,640,94,74,5
9999947_00000_d_0000020,yolo12n.pt,0.1,640,94,47,3
9999947_00000_d_0000020,yolo12n.pt,0.15,640,94,33,1
9999947_00000_d_0000020,yolo12n.pt,0.2,640,94,26,0
9999947_00000_d_0000020,yolo12n.pt,0.25,640,94,24,0
9999947_00000_d_0000020,yolo12n.pt,0.3,640,94,18,0
9999947_00000_d_0000020,yolo12n.pt,0.4,640,94,11,0
9999947_00000_d_0000020,yolo12n.pt,0.5,640,94,7,0
9999947_00000_d_0000020,yolo12n.pt,0.05,1024,94,118,31
9999947_00000_d_0000020,yolo12n.pt,0.1,1024,94,73,13
9999947_00000_d_0000020,yolo12n.pt,0.15,1024,94,53,5
9999947_00000_d_0000020,yolo12n.pt,0.2,1024,94,48,2
9999947_00000_d_0000020,yolo12n.pt,0.25,1024,94,42,1
9999947_00000_d_0000020,yolo12n.pt,0.3,1024,94,35,0
9999947_00000_d_0000020,yolo12n.pt,0.4,1024,94,26,0
9999947_00000_d_0000020,yolo12n.pt,0.5,1024,94,19,0
9999947_00000_d_0000020,yolo12n.pt,0.05,1536,94,161,42
9999947_00000_d_0000020,yolo12n.pt,0.1,1536,94,98,21
9999947_00000_d_0000020,yolo12n.pt,0.15,1536,94,78,13
9999947_00000_d_0000020,yolo12n.pt,0.2,1536,94,67,9
9999947_00000_d_0000020,yolo12n.pt,0.25,1536,94,56,5
9999947_00000_d_0000020,yolo12n.pt,0.3,1536,94,51,4
9999947_00000_d_0000020,yolo12n.pt,0.4,1536,94,41,1
9999947_00000_d_0000020,yolo12n.pt,0.5,1536,94,30,0
9999947_00000_d_0000021,yolo12n.pt,0.05,640,97,67,6
9999947_00000_d_0000021,yolo12n.pt,0.1,640,97,32,2
9999947_00000_d_0000021,yolo12n.pt,0.15,640,97,18,0
9999947_00000_d_0000021,yolo12n.pt,0.2,640,97,14,0
9999947_00000_d_0000021,yolo12n.pt,0.25,640,97,11,0
9999947_00000_d_0000021,yolo12n.pt,0.3,640,97,8,0
9999947_00000_d_0000021,yolo12n.pt,0.4,640,97,6,0
9999947_00000_d_0000021,yolo12n.pt,0.5,640,97,4,0
9999947_00000_d_0000021,yolo12n.pt,0.05,1024,97,119,24
9999947_00000_d_0000021,yolo12n.pt,0.1,1024,97,78,13
9999947_00000_d_0000021,yolo12n.pt,0.15,1024,97,57,8
9999947_00000_d_0000021,yolo12n.pt,0.2,1024,97,37,3
9999947_00000_d_0000021,yolo12n.pt,0.25,1024,97,26,0
9999947_00000_d_0000021,yolo12n.pt,0.3,1024,97,21,0
9999947_00000_d_0000021,yolo12n.pt,0.4,1024,97,13,0
9999947_00000_d_0000021,yolo12n.pt,0.5,1024,97,10,0
9999947_00000_d_0000021,yolo12n.pt,0.05,1536,97,178,49
9999947_00000_d_0000021,yolo12n.pt,0.1,1536,97,110,25
9999947_00000_d_0000021,yolo12n.pt,0.15,1536,97,78,14
9999947_00000_d_0000021,yolo12n.pt,0.2,1536,97,61,10
9999947_00000_d_0000021,yolo12n.pt,0.25,1536,97,51,8
9999947_00000_d_0000021,yolo12n.pt,0.3,1536,97,39,6
9999947_00000_d_0000021,yolo12n.pt,0.4,1536,97,27,3
9999947_00000_d_0000021,yolo12n.pt,0.5,1536,97,20,2
9999947_00000_d_0000026,yolo12n.pt,0.05,640,57,2,0
9999947_00000_d_0000026,yolo12n.pt,0.1,640,57,1,0
9999947_00000_d_0000026,yolo12n.pt,0.15,640,57,1,0
9999947_00000_d_0000026,yolo12n.pt,0.2,640,57,0,0
9999947_00000_d_0000026,yolo12n.pt,0.25,640,57,0,0
9999947_00000_d_0000026,yolo12n.pt,0.3,640,57,0,0
9999947_00000_d_0000026,yolo12n.pt,0.4,640,57,0,0
9999947_00000_d_0000026,yolo12n.pt,0.5,640,57,0,0
9999947_00000_d_0000026,yolo12n.pt,0.05,1024,57,3,0
9999947_00000_d_0000026,yolo12n.pt,0.1,1024,57,1,0
9999947_00000_d_0000026,yolo12n.pt,0.15,1024,57,1,0
9999947_00000_d_0000026,yolo12n.pt,0.2,1024,57,1,0
9999947_00000_d_0000026,yolo12n.pt,0.25,1024,57,0,0
9999947_00000_d_0000026,yolo12n.pt,0.3,1024,57,0,0
9999947_00000_d_0000026,yolo12n.pt,0.4,1024,57,0,0
9999947_00000_d_0000026,yolo12n.pt,0.5,1024,57,0,0
9999947_00000_d_0000026,yolo12n.pt,0.05,1536,57,7,0
9999947_00000_d_0000026,yolo12n.pt,0.1,1536,57,5,0
9999947_00000_d_0000026,yolo12n.pt,0.15,1536,57,0,0
9999947_00000_d_0000026,yolo12n.pt,0.2,1536,57,0,0
9999947_00000_d_0000026,yolo12n.pt,0.25,1536,57,0,0
9999947_00000_d_0000026,yolo12n.pt,0.3,1536,57,0,0
9999947_00000_d_0000026,yolo12n.pt,0.4,1536,57,0,0
9999947_00000_d_0000026,yolo12n.pt,0.5,1536,57,0,0
9999952_00000_d_0000002,yolo12n.pt,0.05,640,15,19,0
9999952_00000_d_0000002,yolo12n.pt,0.1,640,15,8,0
9999952_00000_d_0000002,yolo12n.pt,0.15,640,15,1,0
9999952_00000_d_0000002,yolo12n.pt,0.2,640,15,1,0
9999952_00000_d_0000002,yolo12n.pt,0.25,640,15,0,0
9999952_00000_d_0000002,yolo12n.pt,0.3,640,15,0,0
9999952_00000_d_0000002,yolo12n.pt,0.4,640,15,0,0
9999952_00000_d_0000002,yolo12n.pt,0.5,640,15,0,0
9999952_00000_d_0000002,yolo12n.pt,0.05,1024,15,46,4
9999952_00000_d_0000002,yolo12n.pt,0.1,1024,15,22,3
9999952_00000_d_0000002,yolo12n.pt,0.15,1024,15,7,0
9999952_00000_d_0000002,yolo12n.pt,0.2,1024,15,7,0
9999952_00000_d_0000002,yolo12n.pt,0.25,1024,15,6,0
9999952_00000_d_0000002,yolo12n.pt,0.3,1024,15,6,0
9999952_00000_d_0000002,yolo12n.pt,0.4,1024,15,2,0
9999952_00000_d_0000002,yolo12n.pt,0.5,1024,15,0,0
9999952_00000_d_0000002,yolo12n.pt,0.05,1536,15,81,11
9999952_00000_d_0000002,yolo12n.pt,0.1,1536,15,40,4
9999952_00000_d_0000002,yolo12n.pt,0.15,1536,15,27,2
9999952_00000_d_0000002,yolo12n.pt,0.2,1536,15,22,2
9999952_00000_d_0000002,yolo12n.pt,0.25,1536,15,17,1
9999952_00000_d_0000002,yolo12n.pt,0.3,1536,15,14,0
9999952_00000_d_0000002,yolo12n.pt,0.4,1536,15,7,0
9999952_00000_d_0000002,yolo12n.pt,0.5,1536,15,3,0
9999952_00000_d_0000004,yolo12n.pt,0.05,640,9,9,0
9999952_00000_d_0000004,yolo12n.pt,0.1,640,9,5,0
9999952_00000_d_0000004,yolo12n.pt,0.15,640,9,1,0
9999952_00000_d_0000004,yolo12n.pt,0.2,640,9,1,0
9999952_00000_d_0000004,yolo12n.pt,0.25,640,9,1,0
9999952_00000_d_0000004,yolo12n.pt,0.3,640,9,1,0
9999952_00000_d_0000004,yolo12n.pt,0.4,640,9,1,0
9999952_00000_d_0000004,yolo12n.pt,0.5,640,9,1,0
9999952_00000_d_0000004,yolo12n.pt,0.05,1024,9,7,0
9999952_00000_d_0000004,yolo12n.pt,0.1,1024,9,4,0
9999952_00000_d_0000004,yolo12n.pt,0.15,1024,9,2,0
9999952_00000_d_0000004,yolo12n.pt,0.2,1024,9,2,0
9999952_00000_d_0000004,yolo12n.pt,0.25,1024,9,1,0
9999952_00000_d_0000004,yolo12n.pt,0.3,1024,9,1,0
9999952_00000_d_0000004,yolo12n.pt,0.4,1024,9,0,0
9999952_00000_d_0000004,yolo12n.pt,0.5,1024,9,0,0
9999952_00000_d_0000004,yolo12n.pt,0.05,1536,9,25,0
9999952_00000_d_0000004,yolo12n.pt,0.1,1536,9,13,0
9999952_00000_d_0000004,yolo12n.pt,0.15,1536,9,10,0
9999952_00000_d_0000004,yolo12n.pt,0.2,1536,9,8,0
9999952_00000_d_0000004,yolo12n.pt,0.25,1536,9,7,0
9999952_00000_d_0000004,yolo12n.pt,0.3,1536,9,5,0
9999952_00000_d_0000004,yolo12n.pt,0.4,1536,9,4,0
9999952_00000_d_0000004,yolo12n.pt,0.5,1536,9,2,0
9999952_00000_d_0000015,yolo12n.pt,0.05,640,10,5,0
9999952_00000_d_0000015,yolo12n.pt,0.1,640,10,2,0
9999952_00000_d_0000015,yolo12n.pt,0.15,640,10,1,0
9999952_00000_d_0000015,yolo12n.pt,0.2,640,10,1,0
9999952_00000_d_0000015,yolo12n.pt,0.25,640,10,1,0
9999952_00000_d_0000015,yolo12n.pt,0.3,640,10,1,0
9999952_00000_d_0000015,yolo12n.pt,0.4,640,10,1,0
9999952_00000_d_0000015,yolo12n.pt,0.5,640,10,1,0
9999952_00000_d_0000015,yolo12n.pt,0.05,1024,10,14,3
9999952_00000_d_0000015,yolo12n.pt,0.1,1024,10,9,1
9999952_00000_d_0000015,yolo12n.pt,0.15,1024,10,8,1
9999952_00000_d_0000015,yolo12n.pt,0.2,1024,10,6,0
9999952_00000_d_0000015,yolo12n.pt,0.25,1024,10,4,0
9999952_00000_d_0000015,yolo12n.pt,0.3,1024,10,2,0
9999952_00000_d_0000015,yolo12n.pt,0.4,1024,10,2,0
9999952_00000_d_0000015,yolo12n.pt,0.5,1024,10,2,0
9999952_00000_d_0000015,yolo12n.pt,0.05,1536,10,22,4
9999952_00000_d_0000015,yolo12n.pt,0.1,1536,10,13,3
9999952_00000_d_0000015,yolo12n.pt,0.15,1536,10,8,2
9999952_00000_d_0000015,yolo12n.pt,0.2,1536,10,6,2
9999952_00000_d_0000015,yolo12n.pt,0.25,1536,10,2,0
9999952_00000_d_0000015,yolo12n.pt,0.3,1536,10,2,0
9999952_00000_d_0000015,yolo12n.pt,0.4,1536,10,2,0
9999952_00000_d_0000015,yolo12n.pt,0.5,1536,10,2,0
