item,cell_id,layout_id,count_gt,n_dots_detected_gt,radius,blur,overlap,build,served_model,contract,start,pred,parse_ok,abstain,refuse,http_err,model,raw,latency_s
c08_s3_b0_o0_L02,c08_s3_b0_o0,c08_s3_b0_o0_L02,8,8,3,0.0,1.45,b1,Qwen3-VL-32B-Instruct-FP8,base,1,8,1,0,0,0,Qwen3-VL-32B-Instruct-FP8,"{""count"": 8}",2.19
c08_s3_b0_o0_L03,c08_s3_b0_o0,c08_s3_b0_o0_L03,8,8,3,0.0,1.45,b1,Qwen3-VL-32B-Instruct-FP8,base,1,8,1,0,0,0,Qwen3-VL-32B-Instruct-FP8,"{""count"": 8}",2.21
c08_s3_b0_o0_L00,c08_s3_b0_o0,c08_s3_b0_o0_L00,8,8,3,0.0,1.45,b1,Qwen3-VL-32B-Instruct-FP8,base,1,8,1,0,0,0,Qwen3-VL-32B-Instruct-FP8,"{""count"": 8}",2.22
c08_s3_b0_o0_L01,c08_s3_b0_o0,c08_s3_b0_o0_L01,8,8,3,0.0,1.45,b1,Qwen3-VL-32B-Instruct-FP8,base,1,8,1,0,0,0,Qwen3-VL-32B-Instruct-FP8,"{""count"": 8}",2.24
c08_s3_b0_o0_L04,c08_s3_b0_o0,c08_s3_b0_o0_L04,8,8,3,0.0,1.45,b1,Qwen3-VL-32B-Instruct-FP8,base,1,8,1,0,0,0,Qwen3-VL-32B-Instruct-FP8,"{""count"": 8}",2.02
c08_s3_b0_o0_L06,c08_s3_b0_o0,c08_s3_b0_o0_L06,8,8,3,0.0,1.45,b1,Qwen3-VL-32B-Instruct-FP8,base,1,8,1,0,0,0,Qwen3-VL-32B-Instruct-FP8,"{""count"": 8}",2.01
c08_s3_b0_o0_L07,c08_s3_b0_o0,c08_s3_b0_o0_L07,8,8,3,0.0,1.45,b1,Qwen3-VL-32B-Instruct-FP8,base,1,6,1,0,0,0,Qwen3-VL-32B-Instruct-FP8,"{""count"": 6}",2.02
c08_s3_b0_o0_L05,c08_s3_b0_o0,c08_s3_b0_o0_L05,8,8,3,0.0,1.45,b1,Qwen3-VL-32B-Instruct-FP8,base,1,8,1,0,0,0,Qwen3-VL-32B-Instruct-FP8,"{""count"": 8}",2.05
c08_s3_b0_o1_L03,c08_s3_b0_o1,c08_s3_b0_o1_L03,8,8,3,0.0,1.15,b1,Qwen3-VL-32B-Instruct-FP8,base,1,8,1,0,0,0,Qwen3-VL-32B-Instruct-FP8,"{""count"": 8}",2.00
c08_s3_b0_o1_L00,c08_s3_b0_o1,c08_s3_b0_o1_L00,8,8,3,0.0,1.15,b1,Qwen3-VL-32B-Instruct-FP8,base,1,10,1,0,0,0,Qwen3-VL-32B-Instruct-FP8,"{""count"": 10}",2.05
c08_s3_b0_o1_L01,c08_s3_b0_o1,c08_s3_b0_o1_L01,8,8,3,0.0,1.15,b1,Qwen3-VL-32B-Instruct-FP8,base,1,10,1,0,0,0,Qwen3-VL-32B-Instruct-FP8,"{""count"": 10}",2.06
c08_s3_b0_o1_L02,c08_s3_b0_o1,c08_s3_b0_o1_L02,8,8,3,0.0,1.15,b1,Qwen3-VL-32B-Instruct-FP8,base,1,8,1,0,0,0,Qwen3-VL-32B-Instruct-FP8,"{""count"": 8}",2.03
c08_s3_b0_o1_L05,c08_s3_b0_o1,c08_s3_b0_o1_L05,8,8,3,0.0,1.15,b1,Qwen3-VL-32B-Instruct-FP8,base,1,8,1,0,0,0,Qwen3-VL-32B-Instruct-FP8,"{""count"": 8}",1.58
c08_s3_b0_o1_L04,c08_s3_b0_o1,c08_s3_b0_o1_L04,8,8,3,0.0,1.15,b1,Qwen3-VL-32B-Instruct-FP8,base,1,8,1,0,0,0,Qwen3-VL-32B-Instruct-FP8,"{""count"": 8}",1.61
c08_s3_b0_o1_L06,c08_s3_b0_o1,c08_s3_b0_o1_L06,8,8,3,0.0,1.15,b1,Qwen3-VL-32B-Instruct-FP8,base,1,10,1,0,0,0,Qwen3-VL-32B-Instruct-FP8,"{""count"": 10}",1.62
c08_s3_b0_o1_L07,c08_s3_b0_o1,c08_s3_b0_o1_L07,8,8,3,0.0,1.15,b1,Qwen3-VL-32B-Instruct-FP8,base,1,10,1,0,0,0,Qwen3-VL-32B-Instruct-FP8,"{""count"": 10}",1.62
c08_s3_b0_o2_L00,c08_s3_b0_o2,c08_s3_b0_o2_L00,8,4,3,0.0,0.85,b1,Qwen3-VL-32B-Instruct-FP8,base,1,6,1,0,0,0,Qwen3-VL-32B-Instruct-FP8,"{""count"": 6}",2.04
c08_s3_b0_o2_L01,c08_s3_b0_o2,c08_s3_b0_o2_L01,8,5,3,0.0,0.85,b1,Qwen3-VL-32B-Instruct-FP8,base,1,6,1,0,0,0,Qwen3-VL-32B-Instruct-FP8,"{""count"": 6}",2.04
c08_s3_b0_o2_L02,c08_s3_b0_o2,c08_s3_b0_o2_L02,8,6,3,0.0,0.85,b1,Qwen3-VL-32B-Instruct-FP8,base,1,8,1,0,0,0,Qwen3-VL-32B-Instruct-FP8,"{""count"": 8}",2.02
c08_s3_b0_o2_L03,c08_s3_b0_o2,c08_s3_b0_o2_L03,8,5,3,0.0,0.85,b1,Qwen3-VL-32B-Instruct-FP8,base,1,8,1,0,0,0,Qwen3-VL-32B-Instruct-FP8,"{""count"": 8}",2.02
c08_s3_b0_o2_L04,c08_s3_b0_o2,c08_s3_b0_o2_L04,8,4,3,0.0,0.85,b1,Qwen3-VL-32B-Instruct-FP8,base,1,7,1,0,0,0,Qwen3-VL-32B-Instruct-FP8,"{""count"": 7}",1.59
c08_s3_b0_o2_L07,c08_s3_b0_o2,c08_s3_b0_o2_L07,8,4,3,0.0,0.85,b1,Qwen3-VL-32B-Instruct-FP8,base,1,6,1,0,0,0,Qwen3-VL-32B-Instruct-FP8,"{""count"": 6}",1.57
c08_s3_b0_o2_L06,c08_s3_b0_o2,c08_s3_b0_o2_L06,8,4,3,0.0,0.85,b1,Qwen3-VL-32B-Instruct-FP8,base,1,6,1,0,0,0,Qwen3-VL-32B-Instruct-FP8,"{""count"": 6}",1.57
c08_s3_b0_o2_L05,c08_s3_b0_o2,c08_s3_b0_o2_L05,8,5,3,0.0,0.85,b1,Qwen3-VL-32B-Instruct-FP8,base,1,7,1,0,0,0,Qwen3-VL-32B-Instruct-FP8,"{""count"": 7}",1.59
c08_s3_b4_o0_L00,c08_s3_b4_o0,c08_s3_b4_o0_L00,8,8,3,4.0,1.45,b1,Qwen3-VL-32B-Instruct-FP8,base,1,0,1,0,0,0,Qwen3-VL-32B-Instruct-FP8,"{""count"": 0}",2.01
c08_s3_b4_o0_L02,c08_s3_b4_o0,c08_s3_b4_o0_L02,8,8,3,4.0,1.45,b1,Qwen3-VL-32B-Instruct-FP8,base,1,0,1,0,0,0,Qwen3-VL-32B-Instruct-FP8,"{""count"": 0}",2.00
c08_s3_b4_o0_L01,c08_s3_b4_o0,c08_s3_b4_o0_L01,8,8,3,4.0,1.45,b1,Qwen3-VL-32B-Instruct-FP8,base,1,0,1,0,0,0,Qwen3-VL-32B-Instruct-FP8,"{""count"": 0}",2.03
c08_s3_b4_o0_L03,c08_s3_b4_o0,c08_s3_b4_o0_L03,8,8,3,4.0,1.45,b1,Qwen3-VL-32B-Instruct-FP8,base,1,0,1,0,0,0,Qwen3-VL-32B-Instruct-FP8,"{""count"": 0}",2.03
c08_s3_b4_o0_L04,c08_s3_b4_o0,c08_s3_b4_o0_L04,8,8,3,4.0,1.45,b1,Qwen3-VL-32B-Instruct-FP8,base,1,0,1,0,0,0,Qwen3-VL-32B-Instruct-FP8,"{""count"": 0}",1.59
c08_s3_b4_o0_L06,c08_s3_b4_o0,c08_s3_b4_o0_L06,8,8,3,4.0,1.45,b1,Qwen3-VL-32B-Instruct-FP8,base,1,0,1,0,0,0,Qwen3-VL-32B-Instruct-FP8,"{""count"": 0}",1.56
c08_s3_b4_o0_L07,c08_s3_b4_o0,c08_s3_b4_o0_L07,8,8,3,4.0,1.45,b1,Qwen3-VL-32B-Instruct-FP8,base,1,0,1,0,0,0,Qwen3-VL-32B-Instruct-FP8,"{""count"": 0}",1.56
c08_s3_b4_o0_L05,c08_s3_b4_o0,c08_s3_b4_o0_L05,8,8,3,4.0,1.45,b1,Qwen3-VL-32B-Instruct-FP8,base,1,0,1,0,0,0,Qwen3-VL-32B-Instruct-FP8,"{""count"": 0}",1.59
c08_s3_b4_o1_L00,c08_s3_b4_o1,c08_s3_b4_o1_L00,8,4,3,4.0,1.15,b1,Qwen3-VL-32B-Instruct-FP8,base,1,0,1,0,0,0,Qwen3-VL-32B-Instruct-FP8,"{""count"": 0}",2.02
c08_s3_b4_o1_L02,c08_s3_b4_o1,c08_s3_b4_o1_L02,8,5,3,4.0,1.15,b1,Qwen3-VL-32B-Instruct-FP8,base,1,0,1,0,0,0,Qwen3-VL-32B-Instruct-FP8,"{""count"": 0}",2.02
c08_s3_b4_o1_L01,c08_s3_b4_o1,c08_s3_b4_o1_L01,8,4,3,4.0,1.15,b1,Qwen3-VL-32B-Instruct-FP8,base,1,0,1,0,0,0,Qwen3-VL-32B-Instruct-FP8,"{""count"": 0}",2.02
c08_s3_b4_o1_L03,c08_s3_b4_o1,c08_s3_b4_o1_L03,8,3,3,4.0,1.15,b1,Qwen3-VL-32B-Instruct-FP8,base,1,0,1,0,0,0,Qwen3-VL-32B-Instruct-FP8,"{""count"": 0}",2.05
c08_s3_b4_o1_L04,c08_s3_b4_o1,c08_s3_b4_o1_L04,8,6,3,4.0,1.15,b1,Qwen3-VL-32B-Instruct-FP8,base,1,0,1,0,0,0,Qwen3-VL-32B-Instruct-FP8,"{""count"": 0}",2.03
c08_s3_b4_o1_L06,c08_s3_b4_o1,c08_s3_b4_o1_L06,8,5,3,4.0,1.15,b1,Qwen3-VL-32B-Instruct-FP8,base,1,0,1,0,0,0,Qwen3-VL-32B-Instruct-FP8,"{""count"": 0}",2.03
c08_s3_b4_o1_L05,c08_s3_b4_o1,c08_s3_b4_o1_L05,8,5,3,4.0,1.15,b1,Qwen3-VL-32B-Instruct-FP8,base,1,0,1,0,0,0,Qwen3-VL-32B-Instruct-FP8,"{""count"": 0}",2.03
c08_s3_b4_o1_L07,c08_s3_b4_o1,c08_s3_b4_o1_L07,8,3,3,4.0,1.15,b1,Qwen3-VL-32B-Instruct-FP8,base,1,0,1,0,0,0,Qwen3-VL-32B-Instruct-FP8,"{""count"": 0}",2.03
c08_s3_b4_o2_L00,c08_s3_b4_o2,c08_s3_b4_o2_L00,8,4,3,4.0,0.85,b1,Qwen3-VL-32B-Instruct-FP8,base,1,0,1,0,0,0,Qwen3-VL-32B-Instruct-FP8,"{""count"": 0}",2.03
c08_s3_b4_o2_L01,c08_s3_b4_o2,c08_s3_b4_o2_L01,8,6,3,4.0,0.85,b1,Qwen3-VL-32B-Instruct-FP8,base,1,0,1,0,0,0,Qwen3-VL-32B-Instruct-FP8,"{""count"": 0}",2.03
c08_s3_b4_o2_L02,c08_s3_b4_o2,c08_s3_b4_o2_L02,8,4,3,4.0,0.85,b1,Qwen3-VL-32B-Instruct-FP8,base,1,0,1,0,0,0,Qwen3-VL-32B-Instruct-FP8,"{""count"": 0}",2.03
c08_s3_b4_o2_L03,c08_s3_b4_o2,c08_s3_b4_o2_L03,8,5,3,4.0,0.85,b1,Qwen3-VL-32B-Instruct-FP8,base,1,0,1,0,0,0,Qwen3-VL-32B-Instruct-FP8,"{""count"": 0}",2.03
c08_s3_b4_o2_L04,c08_s3_b4_o2,c08_s3_b4_o2_L04,8,4,3,4.0,0.85,b1,Qwen3-VL-32B-Instruct-FP8,base,1,0,1,0,0,0,Qwen3-VL-32B-Instruct-FP8,"{""count"": 0}",1.59
c08_s3_b4_o2_L06,c08_s3_b4_o2,c08_s3_b4_o2_L06,8,4,3,4.0,0.85,b1,Qwen3-VL-32B-Instruct-FP8,base,1,0,1,0,0,0,Qwen3-VL-32B-Instruct-FP8,"{""count"": 0}",1.59
c08_s3_b4_o2_L07,c08_s3_b4_o2,c08_s3_b4_o2_L07,8,5,3,4.0,0.85,b1,Qwen3-VL-32B-Instruct-FP8,base,1,0,1,0,0,0,Qwen3-VL-32B-Instruct-FP8,"{""count"": 0}",1.57
c08_s3_b4_o2_L05,c08_s3_b4_o2,c08_s3_b4_o2_L05,8,3,3,4.0,0.85,b1,Qwen3-VL-32B-Instruct-FP8,base,1,0,1,0,0,0,Qwen3-VL-32B-Instruct-FP8,"{""count"": 0}",1.59
c08_s3_b8_o0_L00,c08_s3_b8_o0,c08_s3_b8_o0_L00,8,3,3,8.0,1.45,b1,Qwen3-VL-32B-Instruct-FP8,base,1,0,1,0,0,0,Qwen3-VL-32B-Instruct-FP8,"{""count"": 0}",2.02
c08_s3_b8_o0_L02,c08_s3_b8_o0,c08_s3_b8_o0_L02,8,2,3,8.0,1.45,b1,Qwen3-VL-32B-Instruct-FP8,base,1,0,1,0,0,0,Qwen3-VL-32B-Instruct-FP8,"{""count"": 0}",2.02
c08_s3_b8_o0_L01,c08_s3_b8_o0,c08_s3_b8_o0_L01,8,1,3,8.0,1.45,b1,Qwen3-VL-32B-Instruct-FP8,base,1,0,1,0,0,0,Qwen3-VL-32B-Instruct-FP8,"{""count"": 0}",2.05
c08_s3_b8_o0_L03,c08_s3_b8_o0,c08_s3_b8_o0_L03,8,1,3,8.0,1.45,b1,Qwen3-VL-32B-Instruct-FP8,base,1,0,1,0,0,0,Qwen3-VL-32B-Instruct-FP8,"{""count"": 0}",2.05
c08_s3_b8_o0_L04,c08_s3_b8_o0,c08_s3_b8_o0_L04,8,0,3,8.0,1.45,b1,Qwen3-VL-32B-Instruct-FP8,base,1,0,1,0,0,0,Qwen3-VL-32B-Instruct-FP8,"{""count"": 0}",2.04
c08_s3_b8_o0_L06,c08_s3_b8_o0,c08_s3_b8_o0_L06,8,2,3,8.0,1.45,b1,Qwen3-VL-32B-Instruct-FP8,base,1,0,1,0,0,0,Qwen3-VL-32B-Instruct-FP8,"{""count"": 0}",2.01
c08_s3_b8_o0_L05,c08_s3_b8_o0,c08_s3_b8_o0_L05,8,0,3,8.0,1.45,b1,Qwen3-VL-32B-Instruct-FP8,base,1,0,1,0,0,0,Qwen3-VL-32B-Instruct-FP8,"{""count"": 0}",2.04
c08_s3_b8_o0_L07,c08_s3_b8_o0,c08_s3_b8_o0_L07,8,0,3,8.0,1.45,b1,Qwen3-VL-32B-Instruct-FP8,base,1,0,1,0,0,0,Qwen3-VL-32B-Instruct-FP8,"{""count"": 0}",2.04
c08_s3_b8_o1_L00,c08_s3_b8_o1,c08_s3_b8_o1_L00,8,2,3,8.0,1.15,b1,Qwen3-VL-32B-Instruct-FP8,base,1,0,1,0,0,0,Qwen3-VL-32B-Instruct-FP8,"{""count"": 0}",2.04
c08_s3_b8_o1_L01,c08_s3_b8_o1,c08_s3_b8_o1_L01,8,3,3,8.0,1.15,b1,Qwen3-VL-32B-Instruct-FP8,base,1,0,1,0,0,0,Qwen3-VL-32B-Instruct-FP8,"{""count"": 0}",2.04
c08_s3_b8_o1_L02,c08_s3_b8_o1,c08_s3_b8_o1_L02,8,2,3,8.0,1.15,b1,Qwen3-VL-32B-Instruct-FP8,base,1,0,1,0,0,0,Qwen3-VL-32B-Instruct-FP8,"{""count"": 0}",2.04
c08_s3_b8_o1_L03,c08_s3_b8_o1,c08_s3_b8_o1_L03,8,2,3,8.0,1.15,b1,Qwen3-VL-32B-Instruct-FP8,base,1,0,1,0,0,0,Qwen3-VL-32B-Instruct-FP8,"{""count"": 0}",2.03
c08_s3_b8_o1_L04,c08_s3_b8_o1,c08_s3_b8_o1_L04,8,2,3,8.0,1.15,b1,Qwen3-VL-32B-Instruct-FP8,base,1,0,1,0,0,0,Qwen3-VL-32B-Instruct-FP8,"{""count"": 0}",2.04
c08_s3_b8_o1_L05,c08_s3_b8_o1,c08_s3_b8_o1_L05,8,1,3,8.0,1.15,b1,Qwen3-VL-32B-Instruct-FP8,base,1,0,1,0,0,0,Qwen3-VL-32B-Instruct-FP8,"{""count"": 0}",2.04
c08_s3_b8_o1_L06,c08_s3_b8_o1,c08_s3_b8_o1_L06,8,2,3,8.0,1.15,b1,Qwen3-VL-32B-Instruct-FP8,base,1,0,1,0,0,0,Qwen3-VL-32B-Instruct-FP8,"{""count"": 0}",2.04
c08_s3_b8_o1_L07,c08_s3_b8_o1,c08_s3_b8_o1_L07,8,2,3,8.0,1.15,b1,Qwen3-VL-32B-Instruct-FP8,base,1,0,1,0,0,0,Qwen3-VL-32B-Instruct-FP8,"{""count"": 0}",2.04
c08_s3_b8_o2_L00,c08_s3_b8_o2,c08_s3_b8_o2_L00,8,2,3,8.0,0.85,b1,Qwen3-VL-32B-Instruct-FP8,base,1,0,1,0,0,0,Qwen3-VL-32B-Instruct-FP8,"{""count"": 0}",2.04
c08_s3_b8_o2_L01,c08_s3_b8_o2,c08_s3_b8_o2_L01,8,2,3,8.0,0.85,b1,Qwen3-VL-32B-Instruct-FP8,base,1,0,1,0,0,0,Qwen3-VL-32B-Instruct-FP8,"{""count"": 0}",2.04
c08_s3_b8_o2_L02,c08_s3_b8_o2,c08_s3_b8_o2_L02,8,2,3,8.0,0.85,b1,Qwen3-VL-32B-Instruct-FP8,base,1,0,1,0,0,0,Qwen3-VL-32B-Instruct-FP8,"{""count"": 0}",2.04
c08_s3_b8_o2_L03,c08_s3_b8_o2,c08_s3_b8_o2_L03,8,2,3,8.0,0.85,b1,Qwen3-VL-32B-Instruct-FP8,base,1,0,1,0,0,0,Qwen3-VL-32B-Instruct-FP8,"{""count"": 0}",2.04
c08_s3_b8_o2_L04,c08_s3_b8_o2,c08_s3_b8_o2_L04,8,2,3,8.0,0.85,b1,Qwen3-VL-32B-Instruct-FP8,base,1,0,1,0,0,0,Qwen3-VL-32B-Instruct-FP8,"{""count"": 0}",2.05
c08_s3_b8_o2_L05,c08_s3_b8_o2,c08_s3_b8_o2_L05,8,2,3,8.0,0.85,b1,Qwen3-VL-32B-Instruct-FP8,base,1,0,1,0,0,0,Qwen3-VL-32B-Instruct-FP8,"{""count"": 0}",2.05
c08_s3_b8_o2_L06,c08_s3_b8_o2,c08_s3_b8_o2_L06,8,1,3,8.0,0.85,b1,Qwen3-VL-32B-Instruct-FP8,base,1,0,1,0,0,0,Qwen3-VL-32B-Instruct-FP8,"{""count"": 0}",2.05
c08_s3_b8_o2_L07,c08_s3_b8_o2,c08_s3_b8_o2_L07,8,3,3,8.0,0.85,b1,Qwen3-VL-32B-Instruct-FP8,base,1,0,1,0,0,0,Qwen3-VL-32B-Instruct-FP8,"{""count"": 0}",2.04
c08_s8_b0_o0_L00,c08_s8_b0_o0,c08_s8_b0_o0_L00,8,8,8,0.0,1.45,b1,Qwen3-VL-32B-Instruct-FP8,base,1,8,1,0,0,0,Qwen3-VL-32B-Instruct-FP8,"{""count"": 8}",2.05
c08_s8_b0_o0_L02,c08_s8_b0_o0,c08_s8_b0_o0_L02,8,8,8,0.0,1.45,b1,Qwen3-VL-32B-Instruct-FP8,base,1,8,1,0,0,0,Qwen3-VL-32B-Instruct-FP8,"{""count"": 8}",2.05
c08_s8_b0_o0_L01,c08_s8_b0_o0,c08_s8_b0_o0_L01,8,8,8,0.0,1.45,b1,Qwen3-VL-32B-Instruct-FP8,base,1,8,1,0,0,0,Qwen3-VL-32B-Instruct-FP8,"{""count"": 8}",2.05
c08_s8_b0_o0_L03,c08_s8_b0_o0,c08_s8_b0_o0_L03,8,8,8,0.0,1.45,b1,Qwen3-VL-32B-Instruct-FP8,base,1,8,1,0,0,0,Qwen3-VL-32B-Instruct-FP8,"{""count"": 8}",2.05
c08_s8_b0_o0_L04,c08_s8_b0_o0,c08_s8_b0_o0_L04,8,8,8,0.0,1.45,b1,Qwen3-VL-32B-Instruct-FP8,base,1,8,1,0,0,0,Qwen3-VL-32B-Instruct-FP8,"{""count"": 8}",2.05
c08_s8_b0_o0_L06,c08_s8_b0_o0,c08_s8_b0_o0_L06,8,8,8,0.0,1.45,b1,Qwen3-VL-32B-Instruct-FP8,base,1,8,1,0,0,0,Qwen3-VL-32B-Instruct-FP8,"{""count"": 8}",2.05
c08_s8_b0_o0_L05,c08_s8_b0_o0,c08_s8_b0_o0_L05,8,8,8,0.0,1.45,b1,Qwen3-VL-32B-Instruct-FP8,base,1,8,1,0,0,0,Qwen3-VL-32B-Instruct-FP8,"{""count"": 8}",2.05
c08_s8_b0_o0_L07,c08_s8_b0_o0,c08_s8_b0_o0_L07,8,8,8,0.0,1.45,b1,Qwen3-VL-32B-Instruct-FP8,base,1,8,1,0,0,0,Qwen3-VL-32B-Instruct-FP8,"{""count"": 8}",2.05
c08_s8_b0_o1_L00,c08_s8_b0_o1,c08_s8_b0_o1_L00,8,8,8,0.0,1.15,b1,Qwen3-VL-32B-Instruct-FP8,base,1,8,1,0,0,0,Qwen3-VL-32B-Instruct-FP8,"{""count"": 8}",2.05
c08_s8_b0_o1_L01,c08_s8_b0_o1,c08_s8_b0_o1_L01,8,8,8,0.0,1.15,b1,Qwen3-VL-32B-Instruct-FP8,base,1,8,1,0,0,0,Qwen3-VL-32B-Instruct-FP8,"{""count"": 8}",2.05
c08_s8_b0_o1_L02,c08_s8_b0_o1,c08_s8_b0_o1_L02,8,8,8,0.0,1.15,b1,Qwen3-VL-32B-Instruct-FP8,base,1,9,1,0,0,0,Qwen3-VL-32B-Instruct-FP8,"{""count"": 9}",2.05
c08_s8_b0_o1_L03,c08_s8_b0_o1,c08_s8_b0_o1_L03,8,8,8,0.0,1.15,b1,Qwen3-VL-32B-Instruct-FP8,base,1,10,1,0,0,0,Qwen3-VL-32B-Instruct-FP8,"{""count"": 10}",2.07
c08_s8_b0_o1_L04,c08_s8_b0_o1,c08_s8_b0_o1_L04,8,8,8,0.0,1.15,b1,Qwen3-VL-32B-Instruct-FP8,base,1,9,1,0,0,0,Qwen3-VL-32B-Instruct-FP8,"{""count"": 9}",2.07
c08_s8_b0_o1_L06,c08_s8_b0_o1,c08_s8_b0_o1_L06,8,8,8,0.0,1.15,b1,Qwen3-VL-32B-Instruct-FP8,base,1,8,1,0,0,0,Qwen3-VL-32B-Instruct-FP8,"{""count"": 8}",2.07
c08_s8_b0_o1_L05,c08_s8_b0_o1,c08_s8_b0_o1_L05,8,8,8,0.0,1.15,b1,Qwen3-VL-32B-Instruct-FP8,base,1,9,1,0,0,0,Qwen3-VL-32B-Instruct-FP8,"{""count"": 9}",2.07
c08_s8_b0_o1_L07,c08_s8_b0_o1,c08_s8_b0_o1_L07,8,8,8,0.0,1.15,b1,Qwen3-VL-32B-Instruct-FP8,base,1,8,1,0,0,0,Qwen3-VL-32B-Instruct-FP8,"{""count"": 8}",2.05
c08_s8_b0_o2_L00,c08_s8_b0_o2,c08_s8_b0_o2_L00,8,5,8,0.0,0.85,b1,Qwen3-VL-32B-Instruct-FP8,base,1,8,1,0,0,0,Qwen3-VL-32B-Instruct-FP8,"{""count"": 8}",2.05
c08_s8_b0_o2_L02,c08_s8_b0_o2,c08_s8_b0_o2_L02,8,7,8,0.0,0.85,b1,Qwen3-VL-32B-Instruct-FP8,base,1,8,1,0,0,0,Qwen3-VL-32B-Instruct-FP8,"{""count"": 8}",2.05
c08_s8_b0_o2_L03,c08_s8_b0_o2,c08_s8_b0_o2_L03,8,6,8,0.0,0.85,b1,Qwen3-VL-32B-Instruct-FP8,base,1,8,1,0,0,0,Qwen3-VL-32B-Instruct-FP8,"{""count"": 8}",2.05
c08_s8_b0_o2_L01,c08_s8_b0_o2,c08_s8_b0_o2_L01,8,4,8,0.0,0.85,b1,Qwen3-VL-32B-Instruct-FP8,base,1,12,1,0,0,0,Qwen3-VL-32B-Instruct-FP8,"{""count"": 12}",2.08
c08_s8_b0_o2_L04,c08_s8_b0_o2,c08_s8_b0_o2_L04,8,6,8,0.0,0.85,b1,Qwen3-VL-32B-Instruct-FP8,base,1,8,1,0,0,0,Qwen3-VL-32B-Instruct-FP8,"{""count"": 8}",2.06
c08_s8_b0_o2_L06,c08_s8_b0_o2,c08_s8_b0_o2_L06,8,4,8,0.0,0.85,b1,Qwen3-VL-32B-Instruct-FP8,base,1,8,1,0,0,0,Qwen3-VL-32B-Instruct-FP8,"{""count"": 8}",2.03
c08_s8_b0_o2_L05,c08_s8_b0_o2,c08_s8_b0_o2_L05,8,5,8,0.0,0.85,b1,Qwen3-VL-32B-Instruct-FP8,base,1,6,1,0,0,0,Qwen3-VL-32B-Instruct-FP8,"{""count"": 6}",2.06
c08_s8_b0_o2_L07,c08_s8_b0_o2,c08_s8_b0_o2_L07,8,4,8,0.0,0.85,b1,Qwen3-VL-32B-Instruct-FP8,base,1,8,1,0,0,0,Qwen3-VL-32B-Instruct-FP8,"{""count"": 8}",2.05
c08_s8_b4_o0_L00,c08_s8_b4_o0,c08_s8_b4_o0_L00,8,8,8,4.0,1.45,b1,Qwen3-VL-32B-Instruct-FP8,base,1,8,1,0,0,0,Qwen3-VL-32B-Instruct-FP8,"{""count"": 8}",2.05
c08_s8_b4_o0_L01,c08_s8_b4_o0,c08_s8_b4_o0_L01,8,8,8,4.0,1.45,b1,Qwen3-VL-32B-Instruct-FP8,base,1,7,1,0,0,0,Qwen3-VL-32B-Instruct-FP8,"{""count"": 7}",2.06
c08_s8_b4_o0_L02,c08_s8_b4_o0,c08_s8_b4_o0_L02,8,8,8,4.0,1.45,b1,Qwen3-VL-32B-Instruct-FP8,base,1,7,1,0,0,0,Qwen3-VL-32B-Instruct-FP8,"{""count"": 7}",2.06
c08_s8_b4_o0_L03,c08_s8_b4_o0,c08_s8_b4_o0_L03,8,8,8,4.0,1.45,b1,Qwen3-VL-32B-Instruct-FP8,base,1,10,1,0,0,0,Qwen3-VL-32B-Instruct-FP8,"{""count"": 10}",2.08
c08_s8_b4_o0_L04,c08_s8_b4_o0,c08_s8_b4_o0_L04,8,8,8,4.0,1.45,b1,Qwen3-VL-32B-Instruct-FP8,base,1,8,1,0,0,0,Qwen3-VL-32B-Instruct-FP8,"{""count"": 8}",2.07
c08_s8_b4_o0_L06,c08_s8_b4_o0,c08_s8_b4_o0_L06,8,8,8,4.0,1.45,b1,Qwen3-VL-32B-Instruct-FP8,base,1,7,1,0,0,0,Qwen3-VL-32B-Instruct-FP8,"{""count"": 7}",2.07
c08_s8_b4_o0_L05,c08_s8_b4_o0,c08_s8_b4_o0_L05,8,8,8,4.0,1.45,b1,Qwen3-VL-32B-Instruct-FP8,base,1,7,1,0,0,0,Qwen3-VL-32B-Instruct-FP8,"{""count"": 7}",2.07
c08_s8_b4_o0_L07,c08_s8_b4_o0,c08_s8_b4_o0_L07,8,8,8,4.0,1.45,b1,Qwen3-VL-32B-Instruct-FP8,base,1,7,1,0,0,0,Qwen3-VL-32B-Instruct-FP8,"{""count"": 7}",2.05
c08_s8_b4_o1_L00,c08_s8_b4_o1,c08_s8_b4_o1_L00,8,8,8,4.0,1.15,b1,Qwen3-VL-32B-Instruct-FP8,base,1,4,1,0,0,0,Qwen3-VL-32B-Instruct-FP8,"{""count"": 4}",2.05
c08_s8_b4_o1_L01,c08_s8_b4_o1,c08_s8_b4_o1_L01,8,8,8,4.0,1.15,b1,Qwen3-VL-32B-Instruct-FP8,base,1,6,1,0,0,0,Qwen3-VL-32B-Instruct-FP8,"{""count"": 6}",2.05
c08_s8_b4_o1_L03,c08_s8_b4_o1,c08_s8_b4_o1_L03,8,8,8,4.0,1.15,b1,Qwen3-VL-32B-Instruct-FP8,base,1,5,1,0,0,0,Qwen3-VL-32B-Instruct-FP8,"{""count"": 5}",2.05
c08_s8_b4_o1_L02,c08_s8_b4_o1,c08_s8_b4_o1_L02,8,8,8,4.0,1.15,b1,Qwen3-VL-32B-Instruct-FP8,base,1,4,1,0,0,0,Qwen3-VL-32B-Instruct-FP8,"{""count"": 4}",2.08
c08_s8_b4_o1_L04,c08_s8_b4_o1,c08_s8_b4_o1_L04,8,8,8,4.0,1.15,b1,Qwen3-VL-32B-Instruct-FP8,base,1,6,1,0,0,0,Qwen3-VL-32B-Instruct-FP8,"{""count"": 6}",2.06
c08_s8_b4_o1_L06,c08_s8_b4_o1,c08_s8_b4_o1_L06,8,8,8,4.0,1.15,b1,Qwen3-VL-32B-Instruct-FP8,base,1,5,1,0,0,0,Qwen3-VL-32B-Instruct-FP8,"{""count"": 5}",2.03
c08_s8_b4_o1_L05,c08_s8_b4_o1,c08_s8_b4_o1_L05,8,8,8,4.0,1.15,b1,Qwen3-VL-32B-Instruct-FP8,base,1,5,1,0,0,0,Qwen3-VL-32B-Instruct-FP8,"{""count"": 5}",2.06
c08_s8_b4_o1_L07,c08_s8_b4_o1,c08_s8_b4_o1_L07,8,8,8,4.0,1.15,b1,Qwen3-VL-32B-Instruct-FP8,base,1,7,1,0,0,0,Qwen3-VL-32B-Instruct-FP8,"{""count"": 7}",2.05
c08_s8_b4_o2_L00,c08_s8_b4_o2,c08_s8_b4_o2_L00,8,5,8,4.0,0.85,b1,Qwen3-VL-32B-Instruct-FP8,base,1,4,1,0,0,0,Qwen3-VL-32B-Instruct-FP8,"{""count"": 4}",2.06
c08_s8_b4_o2_L02,c08_s8_b4_o2,c08_s8_b4_o2_L02,8,5,8,4.0,0.85,b1,Qwen3-VL-32B-Instruct-FP8,base,1,4,1,0,0,0,Qwen3-VL-32B-Instruct-FP8,"{""count"": 4}",2.05
c08_s8_b4_o2_L01,c08_s8_b4_o2,c08_s8_b4_o2_L01,8,6,8,4.0,0.85,b1,Qwen3-VL-32B-Instruct-FP8,base,1,5,1,0,0,0,Qwen3-VL-32B-Instruct-FP8,"{""count"": 5}",2.05
c08_s8_b4_o2_L03,c08_s8_b4_o2,c08_s8_b4_o2_L03,8,3,8,4.0,0.85,b1,Qwen3-VL-32B-Instruct-FP8,base,1,0,1,0,0,0,Qwen3-VL-32B-Instruct-FP8,"{""count"": 0}",2.06
c08_s8_b4_o2_L04,c08_s8_b4_o2,c08_s8_b4_o2_L04,8,6,8,4.0,0.85,b1,Qwen3-VL-32B-Instruct-FP8,base,1,5,1,0,0,0,Qwen3-VL-32B-Instruct-FP8,"{""count"": 5}",2.06
c08_s8_b4_o2_L05,c08_s8_b4_o2,c08_s8_b4_o2_L05,8,4,8,4.0,0.85,b1,Qwen3-VL-32B-Instruct-FP8,base,1,3,1,0,0,0,Qwen3-VL-32B-Instruct-FP8,"{""count"": 3}",2.06
c08_s8_b4_o2_L06,c08_s8_b4_o2,c08_s8_b4_o2_L06,8,8,8,4.0,0.85,b1,Qwen3-VL-32B-Instruct-FP8,base,1,7,1,0,0,0,Qwen3-VL-32B-Instruct-FP8,"{""count"": 7}",2.06
c08_s8_b4_o2_L07,c08_s8_b4_o2,c08_s8_b4_o2_L07,8,4,8,4.0,0.85,b1,Qwen3-VL-32B-Instruct-FP8,base,1,0,1,0,0,0,Qwen3-VL-32B-Instruct-FP8,"{""count"": 0}",2.06
c08_s8_b8_o0_L00,c08_s8_b8_o0,c08_s8_b8_o0_L00,8,8,8,8.0,1.45,b1,Qwen3-VL-32B-Instruct-FP8,base,1,0,1,0,0,0,Qwen3-VL-32B-Instruct-FP8,"{""count"": 0}",2.05
c08_s8_b8_o0_L01,c08_s8_b8_o0,c08_s8_b8_o0_L01,8,8,8,8.0,1.45,b1,Qwen3-VL-32B-Instruct-FP8,base,1,0,1,0,0,0,Qwen3-VL-32B-Instruct-FP8,"{""count"": 0}",2.05
c08_s8_b8_o0_L03,c08_s8_b8_o0,c08_s8_b8_o0_L03,8,8,8,8.0,1.45,b1,Qwen3-VL-32B-Instruct-FP8,base,1,0,1,0,0,0,Qwen3-VL-32B-Instruct-FP8,"{""count"": 0}",2.05
c08_s8_b8_o0_L02,c08_s8_b8_o0,c08_s8_b8_o0_L02,8,8,8,8.0,1.45,b1,Qwen3-VL-32B-Instruct-FP8,base,1,0,1,0,0,0,Qwen3-VL-32B-Instruct-FP8,"{""count"": 0}",2.08
c08_s8_b8_o0_L04,c08_s8_b8_o0,c08_s8_b8_o0_L04,8,8,8,8.0,1.45,b1,Qwen3-VL-32B-Instruct-FP8,base,1,6,1,0,0,0,Qwen3-VL-32B-Instruct-FP8,"{""count"": 6}",2.08
c08_s8_b8_o0_L05,c08_s8_b8_o0,c08_s8_b8_o0_L05,8,8,8,8.0,1.45,b1,Qwen3-VL-32B-Instruct-FP8,base,1,0,1,0,0,0,Qwen3-VL-32B-Instruct-FP8,"{""count"": 0}",2.08
c08_s8_b8_o0_L06,c08_s8_b8_o0,c08_s8_b8_o0_L06,8,8,8,8.0,1.45,b1,Qwen3-VL-32B-Instruct-FP8,base,1,0,1,0,0,0,Qwen3-VL-32B-Instruct-FP8,"{""count"": 0}",2.08
c08_s8_b8_o0_L07,c08_s8_b8_o0,c08_s8_b8_o0_L07,8,8,8,8.0,1.45,b1,Qwen3-VL-32B-Instruct-FP8,base,1,0,1,0,0,0,Qwen3-VL-32B-Instruct-FP8,"{""count"": 0}",2.08
c08_s8_b8_o1_L00,c08_s8_b8_o1,c08_s8_b8_o1_L00,8,7,8,8.0,1.15,b1,Qwen3-VL-32B-Instruct-FP8,base,1,0,1,0,0,0,Qwen3-VL-32B-Instruct-FP8,"{""count"": 0}",2.06
c08_s8_b8_o1_L03,c08_s8_b8_o1,c08_s8_b8_o1_L03,8,7,8,8.0,1.15,b1,Qwen3-VL-32B-Instruct-FP8,base,1,0,1,0,0,0,Qwen3-VL-32B-Instruct-FP8,"{""count"": 0}",2.03
c08_s8_b8_o1_L01,c08_s8_b8_o1,c08_s8_b8_o1_L01,8,5,8,8.0,1.15,b1,Qwen3-VL-32B-Instruct-FP8,base,1,0,1,0,0,0,Qwen3-VL-32B-Instruct-FP8,"{""count"": 0}",2.06
c08_s8_b8_o1_L02,c08_s8_b8_o1,c08_s8_b8_o1_L02,8,6,8,8.0,1.15,b1,Qwen3-VL-32B-Instruct-FP8,base,1,0,1,0,0,0,Qwen3-VL-32B-Instruct-FP8,"{""count"": 0}",2.06
c08_s8_b8_o1_L04,c08_s8_b8_o1,c08_s8_b8_o1_L04,8,7,8,8.0,1.15,b1,Qwen3-VL-32B-Instruct-FP8,base,1,0,1,0,0,0,Qwen3-VL-32B-Instruct-FP8,"{""count"": 0}",2.06
c08_s8_b8_o1_L05,c08_s8_b8_o1,c08_s8_b8_o1_L05,8,8,8,8.0,1.15,b1,Qwen3-VL-32B-Instruct-FP8,base,1,0,1,0,0,0,Qwen3-VL-32B-Instruct-FP8,"{""count"": 0}",2.06
c08_s8_b8_o1_L06,c08_s8_b8_o1,c08_s8_b8_o1_L06,8,7,8,8.0,1.15,b1,Qwen3-VL-32B-Instruct-FP8,base,1,0,1,0,0,0,Qwen3-VL-32B-Instruct-FP8,"{""count"": 0}",2.06
c08_s8_b8_o1_L07,c08_s8_b8_o1,c08_s8_b8_o1_L07,8,6,8,8.0,1.15,b1,Qwen3-VL-32B-Instruct-FP8,base,1,0,1,0,0,0,Qwen3-VL-32B-Instruct-FP8,"{""count"": 0}",2.04
c08_s8_b8_o2_L00,c08_s8_b8_o2,c08_s8_b8_o2_L00,8,5,8,8.0,0.85,b1,Qwen3-VL-32B-Instruct-FP8,base,1,0,1,0,0,0,Qwen3-VL-32B-Instruct-FP8,"{""count"": 0}",2.06
c08_s8_b8_o2_L03,c08_s8_b8_o2,c08_s8_b8_o2_L03,8,5,8,8.0,0.85,b1,Qwen3-VL-32B-Instruct-FP8,base,1,0,1,0,0,0,Qwen3-VL-32B-Instruct-FP8,"{""count"": 0}",2.06
c08_s8_b8_o2_L01,c08_s8_b8_o2,c08_s8_b8_o2_L01,8,6,8,8.0,0.85,b1,Qwen3-VL-32B-Instruct-FP8,base,1,0,1,0,0,0,Qwen3-VL-32B-Instruct-FP8,"{""count"": 0}",2.06
c08_s8_b8_o2_L02,c08_s8_b8_o2,c08_s8_b8_o2_L02,8,5,8,8.0,0.85,b1,Qwen3-VL-32B-Instruct-FP8,base,1,0,1,0,0,0,Qwen3-VL-32B-Instruct-FP8,"{""count"": 0}",2.08
c08_s8_b8_o2_L04,c08_s8_b8_o2,c08_s8_b8_o2_L04,8,4,8,8.0,0.85,b1,Qwen3-VL-32B-Instruct-FP8,base,1,0,1,0,0,0,Qwen3-VL-32B-Instruct-FP8,"{""count"": 0}",2.06
c08_s8_b8_o2_L06,c08_s8_b8_o2,c08_s8_b8_o2_L06,8,4,8,8.0,0.85,b1,Qwen3-VL-32B-Instruct-FP8,base,1,0,1,0,0,0,Qwen3-VL-32B-Instruct-FP8,"{""count"": 0}",2.06
c08_s8_b8_o2_L05,c08_s8_b8_o2,c08_s8_b8_o2_L05,8,5,8,8.0,0.85,b1,Qwen3-VL-32B-Instruct-FP8,base,1,0,1,0,0,0,Qwen3-VL-32B-Instruct-FP8,"{""count"": 0}",2.06
c08_s8_b8_o2_L07,c08_s8_b8_o2,c08_s8_b8_o2_L07,8,6,8,8.0,0.85,b1,Qwen3-VL-32B-Instruct-FP8,base,1,0,1,0,0,0,Qwen3-VL-32B-Instruct-FP8,"{""count"": 0}",2.06
c08_s24_b0_o0_L00,c08_s24_b0_o0,c08_s24_b0_o0_L00,8,8,24,0.0,1.45,b1,Qwen3-VL-32B-Instruct-FP8,base,1,9,1,0,0,0,Qwen3-VL-32B-Instruct-FP8,"{""count"": 9}",2.06
c08_s24_b0_o0_L01,c08_s24_b0_o0,c08_s24_b0_o0_L01,8,8,24,0.0,1.45,b1,Qwen3-VL-32B-Instruct-FP8,base,1,7,1,0,0,0,Qwen3-VL-32B-Instruct-FP8,"{""count"": 7}",2.06
c08_s24_b0_o0_L02,c08_s24_b0_o0,c08_s24_b0_o0_L02,8,8,24,0.0,1.45,b1,Qwen3-VL-32B-Instruct-FP8,base,1,8,1,0,0,0,Qwen3-VL-32B-Instruct-FP8,"{""count"": 8}",2.06
c08_s24_b0_o0_L03,c08_s24_b0_o0,c08_s24_b0_o0_L03,8,8,24,0.0,1.45,b1,Qwen3-VL-32B-Instruct-FP8,base,1,8,1,0,0,0,Qwen3-VL-32B-Instruct-FP8,"{""count"": 8}",2.06
c08_s24_b0_o0_L04,c08_s24_b0_o0,c08_s24_b0_o0_L04,8,8,24,0.0,1.45,b1,Qwen3-VL-32B-Instruct-FP8,base,1,8,1,0,0,0,Qwen3-VL-32B-Instruct-FP8,"{""count"": 8}",2.06
c08_s24_b0_o0_L06,c08_s24_b0_o0,c08_s24_b0_o0_L06,8,8,24,0.0,1.45,b1,Qwen3-VL-32B-Instruct-FP8,base,1,8,1,0,0,0,Qwen3-VL-32B-Instruct-FP8,"{""count"": 8}",2.06
c08_s24_b0_o0_L05,c08_s24_b0_o0,c08_s24_b0_o0_L05,8,8,24,0.0,1.45,b1,Qwen3-VL-32B-Instruct-FP8,base,1,8,1,0,0,0,Qwen3-VL-32B-Instruct-FP8,"{""count"": 8}",2.06
c08_s24_b0_o0_L07,c08_s24_b0_o0,c08_s24_b0_o0_L07,8,8,24,0.0,1.45,b1,Qwen3-VL-32B-Instruct-FP8,base,1,8,1,0,0,0,Qwen3-VL-32B-Instruct-FP8,"{""count"": 8}",2.06
c08_s24_b0_o1_L00,c08_s24_b0_o1,c08_s24_b0_o1_L00,8,8,24,0.0,1.15,b1,Qwen3-VL-32B-Instruct-FP8,base,1,8,1,0,0,0,Qwen3-VL-32B-Instruct-FP8,"{""count"": 8}",2.07
c08_s24_b0_o1_L02,c08_s24_b0_o1,c08_s24_b0_o1_L02,8,8,24,0.0,1.15,b1,Qwen3-VL-32B-Instruct-FP8,base,1,8,1,0,0,0,Qwen3-VL-32B-Instruct-FP8,"{""count"": 8}",2.07
c08_s24_b0_o1_L03,c08_s24_b0_o1,c08_s24_b0_o1_L03,8,8,24,0.0,1.15,b1,Qwen3-VL-32B-Instruct-FP8,base,1,8,1,0,0,0,Qwen3-VL-32B-Instruct-FP8,"{""count"": 8}",2.04
c08_s24_b0_o1_L01,c08_s24_b0_o1,c08_s24_b0_o1_L01,8,8,24,0.0,1.15,b1,Qwen3-VL-32B-Instruct-FP8,base,1,8,1,0,0,0,Qwen3-VL-32B-Instruct-FP8,"{""count"": 8}",2.07
c08_s24_b0_o1_L04,c08_s24_b0_o1,c08_s24_b0_o1_L04,8,8,24,0.0,1.15,b1,Qwen3-VL-32B-Instruct-FP8,base,1,8,1,0,0,0,Qwen3-VL-32B-Instruct-FP8,"{""count"": 8}",2.04
c08_s24_b0_o1_L05,c08_s24_b0_o1,c08_s24_b0_o1_L05,8,8,24,0.0,1.15,b1,Qwen3-VL-32B-Instruct-FP8,base,1,8,1,0,0,0,Qwen3-VL-32B-Instruct-FP8,"{""count"": 8}",2.04
c08_s24_b0_o1_L06,c08_s24_b0_o1,c08_s24_b0_o1_L06,8,8,24,0.0,1.15,b1,Qwen3-VL-32B-Instruct-FP8,base,1,8,1,0,0,0,Qwen3-VL-32B-Instruct-FP8,"{""count"": 8}",2.07
c08_s24_b0_o1_L07,c08_s24_b0_o1,c08_s24_b0_o1_L07,8,8,24,0.0,1.15,b1,Qwen3-VL-32B-Instruct-FP8,base,1,8,1,0,0,0,Qwen3-VL-32B-Instruct-FP8,"{""count"": 8}",2.07
c08_s24_b0_o2_L00,c08_s24_b0_o2,c08_s24_b0_o2_L00,8,5,24,0.0,0.85,b1,Qwen3-VL-32B-Instruct-FP8,base,1,7,1,0,0,0,Qwen3-VL-32B-Instruct-FP8,"{""count"": 7}",2.06
c08_s24_b0_o2_L01,c08_s24_b0_o2,c08_s24_b0_o2_L01,8,5,24,0.0,0.85,b1,Qwen3-VL-32B-Instruct-FP8,base,1,7,1,0,0,0,Qwen3-VL-32B-Instruct-FP8,"{""count"": 7}",2.07
c08_s24_b0_o2_L03,c08_s24_b0_o2,c08_s24_b0_o2_L03,8,6,24,0.0,0.85,b1,Qwen3-VL-32B-Instruct-FP8,base,1,7,1,0,0,0,Qwen3-VL-32B-Instruct-FP8,"{""count"": 7}",2.04
c08_s24_b0_o2_L02,c08_s24_b0_o2,c08_s24_b0_o2_L02,8,6,24,0.0,0.85,b1,Qwen3-VL-32B-Instruct-FP8,base,1,7,1,0,0,0,Qwen3-VL-32B-Instruct-FP8,"{""count"": 7}",2.06
c08_s24_b0_o2_L04,c08_s24_b0_o2,c08_s24_b0_o2_L04,8,5,24,0.0,0.85,b1,Qwen3-VL-32B-Instruct-FP8,base,1,7,1,0,0,0,Qwen3-VL-32B-Instruct-FP8,"{""count"": 7}",2.07
c08_s24_b0_o2_L06,c08_s24_b0_o2,c08_s24_b0_o2_L06,8,6,24,0.0,0.85,b1,Qwen3-VL-32B-Instruct-FP8,base,1,8,1,0,0,0,Qwen3-VL-32B-Instruct-FP8,"{""count"": 8}",2.06
c08_s24_b0_o2_L05,c08_s24_b0_o2,c08_s24_b0_o2_L05,8,5,24,0.0,0.85,b1,Qwen3-VL-32B-Instruct-FP8,base,1,7,1,0,0,0,Qwen3-VL-32B-Instruct-FP8,"{""count"": 7}",2.06
c08_s24_b0_o2_L07,c08_s24_b0_o2,c08_s24_b0_o2_L07,8,5,24,0.0,0.85,b1,Qwen3-VL-32B-Instruct-FP8,base,1,7,1,0,0,0,Qwen3-VL-32B-Instruct-FP8,"{""count"": 7}",2.07
c08_s24_b4_o0_L00,c08_s24_b4_o0,c08_s24_b4_o0_L00,8,8,24,4.0,1.45,b1,Qwen3-VL-32B-Instruct-FP8,base,1,7,1,0,0,0,Qwen3-VL-32B-Instruct-FP8,"{""count"": 7}",2.07
c08_s24_b4_o0_L01,c08_s24_b4_o0,c08_s24_b4_o0_L01,8,8,24,4.0,1.45,b1,Qwen3-VL-32B-Instruct-FP8,base,1,7,1,0,0,0,Qwen3-VL-32B-Instruct-FP8,"{""count"": 7}",2.07
c08_s24_b4_o0_L02,c08_s24_b4_o0,c08_s24_b4_o0_L02,8,8,24,4.0,1.45,b1,Qwen3-VL-32B-Instruct-FP8,base,1,7,1,0,0,0,Qwen3-VL-32B-Instruct-FP8,"{""count"": 7}",2.07
c08_s24_b4_o0_L03,c08_s24_b4_o0,c08_s24_b4_o0_L03,8,8,24,4.0,1.45,b1,Qwen3-VL-32B-Instruct-FP8,base,1,8,1,0,0,0,Qwen3-VL-32B-Instruct-FP8,"{""count"": 8}",2.07
c08_s24_b4_o0_L04,c08_s24_b4_o0,c08_s24_b4_o0_L04,8,8,24,4.0,1.45,b1,Qwen3-VL-32B-Instruct-FP8,base,1,8,1,0,0,0,Qwen3-VL-32B-Instruct-FP8,"{""count"": 8}",2.07
c08_s24_b4_o0_L05,c08_s24_b4_o0,c08_s24_b4_o0_L05,8,8,24,4.0,1.45,b1,Qwen3-VL-32B-Instruct-FP8,base,1,7,1,0,0,0,Qwen3-VL-32B-Instruct-FP8,"{""count"": 7}",2.07
c08_s24_b4_o0_L06,c08_s24_b4_o0,c08_s24_b4_o0_L06,8,8,24,4.0,1.45,b1,Qwen3-VL-32B-Instruct-FP8,base,1,7,1,0,0,0,Qwen3-VL-32B-Instruct-FP8,"{""count"": 7}",2.07
c08_s24_b4_o0_L07,c08_s24_b4_o0,c08_s24_b4_o0_L07,8,8,24,4.0,1.45,b1,Qwen3-VL-32B-Instruct-FP8,base,1,7,1,0,0,0,Qwen3-VL-32B-Instruct-FP8,"{""count"": 7}",2.07
c08_s24_b4_o1_L00,c08_s24_b4_o1,c08_s24_b4_o1_L00,8,8,24,4.0,1.15,b1,Qwen3-VL-32B-Instruct-FP8,base,1,8,1,0,0,0,Qwen3-VL-32B-Instruct-FP8,"{""count"": 8}",2.07
c08_s24_b4_o1_L01,c08_s24_b4_o1,c08_s24_b4_o1_L01,8,8,24,4.0,1.15,b1,Qwen3-VL-32B-Instruct-FP8,base,1,8,1,0,0,0,Qwen3-VL-32B-Instruct-FP8,"{""count"": 8}",2.07
c08_s24_b4_o1_L02,c08_s24_b4_o1,c08_s24_b4_o1_L02,8,8,24,4.0,1.15,b1,Qwen3-VL-32B-Instruct-FP8,base,1,8,1,0,0,0,Qwen3-VL-32B-Instruct-FP8,"{""count"": 8}",2.07
c08_s24_b4_o1_L03,c08_s24_b4_o1,c08_s24_b4_o1_L03,8,8,24,4.0,1.15,b1,Qwen3-VL-32B-Instruct-FP8,base,1,7,1,0,0,0,Qwen3-VL-32B-Instruct-FP8,"{""count"": 7}",2.07
c08_s24_b4_o1_L04,c08_s24_b4_o1,c08_s24_b4_o1_L04,8,8,24,4.0,1.15,b1,Qwen3-VL-32B-Instruct-FP8,base,1,7,1,0,0,0,Qwen3-VL-32B-Instruct-FP8,"{""count"": 7}",2.07
c08_s24_b4_o1_L06,c08_s24_b4_o1,c08_s24_b4_o1_L06,8,8,24,4.0,1.15,b1,Qwen3-VL-32B-Instruct-FP8,base,1,7,1,0,0,0,Qwen3-VL-32B-Instruct-FP8,"{""count"": 7}",2.07
c08_s24_b4_o1_L05,c08_s24_b4_o1,c08_s24_b4_o1_L05,8,8,24,4.0,1.15,b1,Qwen3-VL-32B-Instruct-FP8,base,1,8,1,0,0,0,Qwen3-VL-32B-Instruct-FP8,"{""count"": 8}",2.07
c08_s24_b4_o1_L07,c08_s24_b4_o1,c08_s24_b4_o1_L07,8,8,24,4.0,1.15,b1,Qwen3-VL-32B-Instruct-FP8,base,1,7,1,0,0,0,Qwen3-VL-32B-Instruct-FP8,"{""count"": 7}",2.07
c08_s24_b4_o2_L00,c08_s24_b4_o2,c08_s24_b4_o2_L00,8,5,24,4.0,0.85,b1,Qwen3-VL-32B-Instruct-FP8,base,1,7,1,0,0,0,Qwen3-VL-32B-Instruct-FP8,"{""count"": 7}",2.06
c08_s24_b4_o2_L01,c08_s24_b4_o2,c08_s24_b4_o2_L01,8,5,24,4.0,0.85,b1,Qwen3-VL-32B-Instruct-FP8,base,1,8,1,0,0,0,Qwen3-VL-32B-Instruct-FP8,"{""count"": 8}",2.06
c08_s24_b4_o2_L03,c08_s24_b4_o2,c08_s24_b4_o2_L03,8,5,24,4.0,0.85,b1,Qwen3-VL-32B-Instruct-FP8,base,1,9,1,0,0,0,Qwen3-VL-32B-Instruct-FP8,"{""count"": 9}",2.06
c08_s24_b4_o2_L02,c08_s24_b4_o2,c08_s24_b4_o2_L02,8,6,24,4.0,0.85,b1,Qwen3-VL-32B-Instruct-FP8,base,1,7,1,0,0,0,Qwen3-VL-32B-Instruct-FP8,"{""count"": 7}",2.09
c08_s24_b4_o2_L04,c08_s24_b4_o2,c08_s24_b4_o2_L04,8,6,24,4.0,0.85,b1,Qwen3-VL-32B-Instruct-FP8,base,1,8,1,0,0,0,Qwen3-VL-32B-Instruct-FP8,"{""count"": 8}",2.07
c08_s24_b4_o2_L07,c08_s24_b4_o2,c08_s24_b4_o2_L07,8,6,24,4.0,0.85,b1,Qwen3-VL-32B-Instruct-FP8,base,1,6,1,0,0,0,Qwen3-VL-32B-Instruct-FP8,"{""count"": 6}",2.05
c08_s24_b4_o2_L05,c08_s24_b4_o2,c08_s24_b4_o2_L05,8,4,24,4.0,0.85,b1,Qwen3-VL-32B-Instruct-FP8,base,1,7,1,0,0,0,Qwen3-VL-32B-Instruct-FP8,"{""count"": 7}",2.07
c08_s24_b4_o2_L06,c08_s24_b4_o2,c08_s24_b4_o2_L06,8,6,24,4.0,0.85,b1,Qwen3-VL-32B-Instruct-FP8,base,1,7,1,0,0,0,Qwen3-VL-32B-Instruct-FP8,"{""count"": 7}",2.07
c08_s24_b8_o0_L00,c08_s24_b8_o0,c08_s24_b8_o0_L00,8,8,24,8.0,1.45,b1,Qwen3-VL-32B-Instruct-FP8,base,1,7,1,0,0,0,Qwen3-VL-32B-Instruct-FP8,"{""count"": 7}",2.07
c08_s24_b8_o0_L01,c08_s24_b8_o0,c08_s24_b8_o0_L01,8,8,24,8.0,1.45,b1,Qwen3-VL-32B-Instruct-FP8,base,1,8,1,0,0,0,Qwen3-VL-32B-Instruct-FP8,"{""count"": 8}",2.07
c08_s24_b8_o0_L02,c08_s24_b8_o0,c08_s24_b8_o0_L02,8,8,24,8.0,1.45,b1,Qwen3-VL-32B-Instruct-FP8,base,1,7,1,0,0,0,Qwen3-VL-32B-Instruct-FP8,"{""count"": 7}",2.07
c08_s24_b8_o0_L03,c08_s24_b8_o0,c08_s24_b8_o0_L03,8,8,24,8.0,1.45,b1,Qwen3-VL-32B-Instruct-FP8,base,1,7,1,0,0,0,Qwen3-VL-32B-Instruct-FP8,"{""count"": 7}",2.07
c08_s24_b8_o0_L04,c08_s24_b8_o0,c08_s24_b8_o0_L04,8,8,24,8.0,1.45,b1,Qwen3-VL-32B-Instruct-FP8,base,1,8,1,0,0,0,Qwen3-VL-32B-Instruct-FP8,"{""count"": 8}",2.07
c08_s24_b8_o0_L06,c08_s24_b8_o0,c08_s24_b8_o0_L06,8,8,24,8.0,1.45,b1,Qwen3-VL-32B-Instruct-FP8,base,1,8,1,0,0,0,Qwen3-VL-32B-Instruct-FP8,"{""count"": 8}",2.07
c08_s24_b8_o0_L05,c08_s24_b8_o0,c08_s24_b8_o0_L05,8,8,24,8.0,1.45,b1,Qwen3-VL-32B-Instruct-FP8,base,1,7,1,0,0,0,Qwen3-VL-32B-Instruct-FP8,"{""count"": 7}",2.09
c08_s24_b8_o0_L07,c08_s24_b8_o0,c08_s24_b8_o0_L07,8,8,24,8.0,1.45,b1,Qwen3-VL-32B-Instruct-FP8,base,1,7,1,0,0,0,Qwen3-VL-32B-Instruct-FP8,"{""count"": 7}",2.07
c08_s24_b8_o1_L00,c08_s24_b8_o1,c08_s24_b8_o1_L00,8,8,24,8.0,1.15,b1,Qwen3-VL-32B-Instruct-FP8,base,1,8,1,0,0,0,Qwen3-VL-32B-Instruct-FP8,"{""count"": 8}",2.07
c08_s24_b8_o1_L02,c08_s24_b8_o1,c08_s24_b8_o1_L02,8,8,24,8.0,1.15,b1,Qwen3-VL-32B-Instruct-FP8,base,1,8,1,0,0,0,Qwen3-VL-32B-Instruct-FP8,"{""count"": 8}",2.05
c08_s24_b8_o1_L01,c08_s24_b8_o1,c08_s24_b8_o1_L01,8,8,24,8.0,1.15,b1,Qwen3-VL-32B-Instruct-FP8,base,1,8,1,0,0,0,Qwen3-VL-32B-Instruct-FP8,"{""count"": 8}",2.07
c08_s24_b8_o1_L03,c08_s24_b8_o1,c08_s24_b8_o1_L03,8,8,24,8.0,1.15,b1,Qwen3-VL-32B-Instruct-FP8,base,1,8,1,0,0,0,Qwen3-VL-32B-Instruct-FP8,"{""count"": 8}",2.07
c08_s24_b8_o1_L04,c08_s24_b8_o1,c08_s24_b8_o1_L04,8,8,24,8.0,1.15,b1,Qwen3-VL-32B-Instruct-FP8,base,1,8,1,0,0,0,Qwen3-VL-32B-Instruct-FP8,"{""count"": 8}",2.07
c08_s24_b8_o1_L05,c08_s24_b8_o1,c08_s24_b8_o1_L05,8,8,24,8.0,1.15,b1,Qwen3-VL-32B-Instruct-FP8,base,1,8,1,0,0,0,Qwen3-VL-32B-Instruct-FP8,"{""count"": 8}",2.07
c08_s24_b8_o1_L06,c08_s24_b8_o1,c08_s24_b8_o1_L06,8,8,24,8.0,1.15,b1,Qwen3-VL-32B-Instruct-FP8,base,1,8,1,0,0,0,Qwen3-VL-32B-Instruct-FP8,"{""count"": 8}",2.07
c08_s24_b8_o1_L07,c08_s24_b8_o1,c08_s24_b8_o1_L07,8,8,24,8.0,1.15,b1,Qwen3-VL-32B-Instruct-FP8,base,1,7,1,0,0,0,Qwen3-VL-32B-Instruct-FP8,"{""count"": 7}",2.07
c08_s24_b8_o2_L00,c08_s24_b8_o2,c08_s24_b8_o2_L00,8,5,24,8.0,0.85,b1,Qwen3-VL-32B-Instruct-FP8,base,1,7,1,0,0,0,Qwen3-VL-32B-Instruct-FP8,"{""count"": 7}",2.07
c08_s24_b8_o2_L02,c08_s24_b8_o2,c08_s24_b8_o2_L02,8,7,24,8.0,0.85,b1,Qwen3-VL-32B-Instruct-FP8,base,1,7,1,0,0,0,Qwen3-VL-32B-Instruct-FP8,"{""count"": 7}",2.07
c08_s24_b8_o2_L01,c08_s24_b8_o2,c08_s24_b8_o2_L01,8,6,24,8.0,0.85,b1,Qwen3-VL-32B-Instruct-FP8,base,1,7,1,0,0,0,Qwen3-VL-32B-Instruct-FP8,"{""count"": 7}",2.07
c08_s24_b8_o2_L03,c08_s24_b8_o2,c08_s24_b8_o2_L03,8,5,24,8.0,0.85,b1,Qwen3-VL-32B-Instruct-FP8,base,1,5,1,0,0,0,Qwen3-VL-32B-Instruct-FP8,"{""count"": 5}",2.07
c08_s24_b8_o2_L04,c08_s24_b8_o2,c08_s24_b8_o2_L04,8,5,24,8.0,0.85,b1,Qwen3-VL-32B-Instruct-FP8,base,1,5,1,0,0,0,Qwen3-VL-32B-Instruct-FP8,"{""count"": 5}",2.07
c08_s24_b8_o2_L06,c08_s24_b8_o2,c08_s24_b8_o2_L06,8,5,24,8.0,0.85,b1,Qwen3-VL-32B-Instruct-FP8,base,1,7,1,0,0,0,Qwen3-VL-32B-Instruct-FP8,"{""count"": 7}",2.07
c08_s24_b8_o2_L07,c08_s24_b8_o2,c08_s24_b8_o2_L07,8,8,24,8.0,0.85,b1,Qwen3-VL-32B-Instruct-FP8,base,1,8,1,0,0,0,Qwen3-VL-32B-Instruct-FP8,"{""count"": 8}",2.07
c08_s24_b8_o2_L05,c08_s24_b8_o2,c08_s24_b8_o2_L05,8,6,24,8.0,0.85,b1,Qwen3-VL-32B-Instruct-FP8,base,1,6,1,0,0,0,Qwen3-VL-32B-Instruct-FP8,"{""count"": 6}",2.10
c32_s3_b0_o0_L00,c32_s3_b0_o0,c32_s3_b0_o0_L00,32,32,3,0.0,1.45,b1,Qwen3-VL-32B-Instruct-FP8,base,1,30,1,0,0,0,Qwen3-VL-32B-Instruct-FP8,"{""count"": 30}",2.10
c32_s3_b0_o0_L03,c32_s3_b0_o0,c32_s3_b0_o0_L03,32,32,3,0.0,1.45,b1,Qwen3-VL-32B-Instruct-FP8,base,1,30,1,0,0,0,Qwen3-VL-32B-Instruct-FP8,"{""count"": 30}",2.07
c32_s3_b0_o0_L01,c32_s3_b0_o0,c32_s3_b0_o0_L01,32,32,3,0.0,1.45,b1,Qwen3-VL-32B-Instruct-FP8,base,1,30,1,0,0,0,Qwen3-VL-32B-Instruct-FP8,"{""count"": 30}",2.10
c32_s3_b0_o0_L02,c32_s3_b0_o0,c32_s3_b0_o0_L02,32,32,3,0.0,1.45,b1,Qwen3-VL-32B-Instruct-FP8,base,1,30,1,0,0,0,Qwen3-VL-32B-Instruct-FP8,"{""count"": 30}",2.10
c32_s3_b0_o0_L04,c32_s3_b0_o0,c32_s3_b0_o0_L04,32,32,3,0.0,1.45,b1,Qwen3-VL-32B-Instruct-FP8,base,1,30,1,0,0,0,Qwen3-VL-32B-Instruct-FP8,"{""count"": 30}",2.10
c32_s3_b0_o0_L06,c32_s3_b0_o0,c32_s3_b0_o0_L06,32,32,3,0.0,1.45,b1,Qwen3-VL-32B-Instruct-FP8,base,1,30,1,0,0,0,Qwen3-VL-32B-Instruct-FP8,"{""count"": 30}",2.10
c32_s3_b0_o0_L05,c32_s3_b0_o0,c32_s3_b0_o0_L05,32,32,3,0.0,1.45,b1,Qwen3-VL-32B-Instruct-FP8,base,1,30,1,0,0,0,Qwen3-VL-32B-Instruct-FP8,"{""count"": 30}",2.10
c32_s3_b0_o0_L07,c32_s3_b0_o0,c32_s3_b0_o0_L07,32,32,3,0.0,1.45,b1,Qwen3-VL-32B-Instruct-FP8,base,1,40,1,0,0,0,Qwen3-VL-32B-Instruct-FP8,"{""count"": 40}",2.10
c32_s3_b0_o1_L00,c32_s3_b0_o1,c32_s3_b0_o1_L00,32,32,3,0.0,1.15,b1,Qwen3-VL-32B-Instruct-FP8,base,1,30,1,0,0,0,Qwen3-VL-32B-Instruct-FP8,"{""count"": 30}",2.10
c32_s3_b0_o1_L02,c32_s3_b0_o1,c32_s3_b0_o1_L02,32,32,3,0.0,1.15,b1,Qwen3-VL-32B-Instruct-FP8,base,1,30,1,0,0,0,Qwen3-VL-32B-Instruct-FP8,"{""count"": 30}",2.10
c32_s3_b0_o1_L01,c32_s3_b0_o1,c32_s3_b0_o1_L01,32,32,3,0.0,1.15,b1,Qwen3-VL-32B-Instruct-FP8,base,1,30,1,0,0,0,Qwen3-VL-32B-Instruct-FP8,"{""count"": 30}",2.10
c32_s3_b0_o1_L03,c32_s3_b0_o1,c32_s3_b0_o1_L03,32,32,3,0.0,1.15,b1,Qwen3-VL-32B-Instruct-FP8,base,1,30,1,0,0,0,Qwen3-VL-32B-Instruct-FP8,"{""count"": 30}",2.10
c32_s3_b0_o1_L04,c32_s3_b0_o1,c32_s3_b0_o1_L04,32,32,3,0.0,1.15,b1,Qwen3-VL-32B-Instruct-FP8,base,1,30,1,0,0,0,Qwen3-VL-32B-Instruct-FP8,"{""count"": 30}",2.10
c32_s3_b0_o1_L05,c32_s3_b0_o1,c32_s3_b0_o1_L05,32,32,3,0.0,1.15,b1,Qwen3-VL-32B-Instruct-FP8,base,1,30,1,0,0,0,Qwen3-VL-32B-Instruct-FP8,"{""count"": 30}",2.10
c32_s3_b0_o1_L06,c32_s3_b0_o1,c32_s3_b0_o1_L06,32,32,3,0.0,1.15,b1,Qwen3-VL-32B-Instruct-FP8,base,1,30,1,0,0,0,Qwen3-VL-32B-Instruct-FP8,"{""count"": 30}",2.10
c32_s3_b0_o1_L07,c32_s3_b0_o1,c32_s3_b0_o1_L07,32,32,3,0.0,1.15,b1,Qwen3-VL-32B-Instruct-FP8,base,1,30,1,0,0,0,Qwen3-VL-32B-Instruct-FP8,"{""count"": 30}",2.10
c32_s3_b0_o2_L00,c32_s3_b0_o2,c32_s3_b0_o2_L00,32,20,3,0.0,0.85,b1,Qwen3-VL-32B-Instruct-FP8,base,1,25,1,0,0,0,Qwen3-VL-32B-Instruct-FP8,"{""count"": 25}",2.12
c32_s3_b0_o2_L01,c32_s3_b0_o2,c32_s3_b0_o2_L01,32,13,3,0.0,0.85,b1,Qwen3-VL-32B-Instruct-FP8,base,1,20,1,0,0,0,Qwen3-VL-32B-Instruct-FP8,"{""count"": 20}",2.12
c32_s3_b0_o2_L02,c32_s3_b0_o2,c32_s3_b0_o2_L02,32,21,3,0.0,0.85,b1,Qwen3-VL-32B-Instruct-FP8,base,1,20,1,0,0,0,Qwen3-VL-32B-Instruct-FP8,"{""count"": 20}",2.14
c32_s3_b0_o2_L03,c32_s3_b0_o2,c32_s3_b0_o2_L03,32,15,3,0.0,0.85,b1,Qwen3-VL-32B-Instruct-FP8,base,1,20,1,0,0,0,Qwen3-VL-32B-Instruct-FP8,"{""count"": 20}",2.12
c32_s3_b0_o2_L04,c32_s3_b0_o2,c32_s3_b0_o2_L04,32,12,3,0.0,0.85,b1,Qwen3-VL-32B-Instruct-FP8,base,1,28,1,0,0,0,Qwen3-VL-32B-Instruct-FP8,"{""count"": 28}",2.10
c32_s3_b0_o2_L06,c32_s3_b0_o2,c32_s3_b0_o2_L06,32,12,3,0.0,0.85,b1,Qwen3-VL-32B-Instruct-FP8,base,1,20,1,0,0,0,Qwen3-VL-32B-Instruct-FP8,"{""count"": 20}",2.08
c32_s3_b0_o2_L07,c32_s3_b0_o2,c32_s3_b0_o2_L07,32,13,3,0.0,0.85,b1,Qwen3-VL-32B-Instruct-FP8,base,1,20,1,0,0,0,Qwen3-VL-32B-Instruct-FP8,"{""count"": 20}",2.08
c32_s3_b0_o2_L05,c32_s3_b0_o2,c32_s3_b0_o2_L05,32,13,3,0.0,0.85,b1,Qwen3-VL-32B-Instruct-FP8,base,1,20,1,0,0,0,Qwen3-VL-32B-Instruct-FP8,"{""count"": 20}",2.10
c32_s3_b4_o0_L00,c32_s3_b4_o0,c32_s3_b4_o0_L00,32,32,3,4.0,1.45,b1,Qwen3-VL-32B-Instruct-FP8,base,1,0,1,0,0,0,Qwen3-VL-32B-Instruct-FP8,"{""count"": 0}",2.07
c32_s3_b4_o0_L01,c32_s3_b4_o0,c32_s3_b4_o0_L01,32,32,3,4.0,1.45,b1,Qwen3-VL-32B-Instruct-FP8,base,1,0,1,0,0,0,Qwen3-VL-32B-Instruct-FP8,"{""count"": 0}",2.07
c32_s3_b4_o0_L03,c32_s3_b4_o0,c32_s3_b4_o0_L03,32,32,3,4.0,1.45,b1,Qwen3-VL-32B-Instruct-FP8,base,1,0,1,0,0,0,Qwen3-VL-32B-Instruct-FP8,"{""count"": 0}",2.09
c32_s3_b4_o0_L02,c32_s3_b4_o0,c32_s3_b4_o0_L02,32,32,3,4.0,1.45,b1,Qwen3-VL-32B-Instruct-FP8,base,1,0,1,0,0,0,Qwen3-VL-32B-Instruct-FP8,"{""count"": 0}",2.09
c32_s3_b4_o0_L04,c32_s3_b4_o0,c32_s3_b4_o0_L04,32,32,3,4.0,1.45,b1,Qwen3-VL-32B-Instruct-FP8,base,1,0,1,0,0,0,Qwen3-VL-32B-Instruct-FP8,"{""count"": 0}",2.11
c32_s3_b4_o0_L05,c32_s3_b4_o0,c32_s3_b4_o0_L05,32,32,3,4.0,1.45,b1,Qwen3-VL-32B-Instruct-FP8,base,1,0,1,0,0,0,Qwen3-VL-32B-Instruct-FP8,"{""count"": 0}",2.11
c32_s3_b4_o0_L06,c32_s3_b4_o0,c32_s3_b4_o0_L06,32,32,3,4.0,1.45,b1,Qwen3-VL-32B-Instruct-FP8,base,1,0,1,0,0,0,Qwen3-VL-32B-Instruct-FP8,"{""count"": 0}",2.11
c32_s3_b4_o0_L07,c32_s3_b4_o0,c32_s3_b4_o0_L07,32,32,3,4.0,1.45,b1,Qwen3-VL-32B-Instruct-FP8,base,1,0,1,0,0,0,Qwen3-VL-32B-Instruct-FP8,"{""count"": 0}",2.11
c32_s3_b4_o1_L00,c32_s3_b4_o1,c32_s3_b4_o1_L00,32,18,3,4.0,1.15,b1,Qwen3-VL-32B-Instruct-FP8,base,1,0,1,0,0,0,Qwen3-VL-32B-Instruct-FP8,"{""count"": 0}",2.08
c32_s3_b4_o1_L03,c32_s3_b4_o1,c32_s3_b4_o1_L03,32,12,3,4.0,1.15,b1,Qwen3-VL-32B-Instruct-FP8,base,1,0,1,0,0,0,Qwen3-VL-32B-Instruct-FP8,"{""count"": 0}",2.05
c32_s3_b4_o1_L01,c32_s3_b4_o1,c32_s3_b4_o1_L01,32,19,3,4.0,1.15,b1,Qwen3-VL-32B-Instruct-FP8,base,1,0,1,0,0,0,Qwen3-VL-32B-Instruct-FP8,"{""count"": 0}",2.08
c32_s3_b4_o1_L02,c32_s3_b4_o1,c32_s3_b4_o1_L02,32,15,3,4.0,1.15,b1,Qwen3-VL-32B-Instruct-FP8,base,1,0,1,0,0,0,Qwen3-VL-32B-Instruct-FP8,"{""count"": 0}",2.07
c32_s3_b4_o1_L04,c32_s3_b4_o1,c32_s3_b4_o1_L04,32,14,3,4.0,1.15,b1,Qwen3-VL-32B-Instruct-FP8,base,1,0,1,0,0,0,Qwen3-VL-32B-Instruct-FP8,"{""count"": 0}",2.07
c32_s3_b4_o1_L06,c32_s3_b4_o1,c32_s3_b4_o1_L06,32,16,3,4.0,1.15,b1,Qwen3-VL-32B-Instruct-FP8,base,1,0,1,0,0,0,Qwen3-VL-32B-Instruct-FP8,"{""count"": 0}",2.08
c32_s3_b4_o1_L05,c32_s3_b4_o1,c32_s3_b4_o1_L05,32,17,3,4.0,1.15,b1,Qwen3-VL-32B-Instruct-FP8,base,1,0,1,0,0,0,Qwen3-VL-32B-Instruct-FP8,"{""count"": 0}",2.08
c32_s3_b4_o1_L07,c32_s3_b4_o1,c32_s3_b4_o1_L07,32,17,3,4.0,1.15,b1,Qwen3-VL-32B-Instruct-FP8,base,1,0,1,0,0,0,Qwen3-VL-32B-Instruct-FP8,"{""count"": 0}",2.08
c32_s3_b4_o2_L00,c32_s3_b4_o2,c32_s3_b4_o2_L00,32,15,3,4.0,0.85,b1,Qwen3-VL-32B-Instruct-FP8,base,1,0,1,0,0,0,Qwen3-VL-32B-Instruct-FP8,"{""count"": 0}",2.08
c32_s3_b4_o2_L01,c32_s3_b4_o2,c32_s3_b4_o2_L01,32,11,3,4.0,0.85,b1,Qwen3-VL-32B-Instruct-FP8,base,1,0,1,0,0,0,Qwen3-VL-32B-Instruct-FP8,"{""count"": 0}",2.08
c32_s3_b4_o2_L02,c32_s3_b4_o2,c32_s3_b4_o2_L02,32,13,3,4.0,0.85,b1,Qwen3-VL-32B-Instruct-FP8,base,1,0,1,0,0,0,Qwen3-VL-32B-Instruct-FP8,"{""count"": 0}",2.10
c32_s3_b4_o2_L03,c32_s3_b4_o2,c32_s3_b4_o2_L03,32,12,3,4.0,0.85,b1,Qwen3-VL-32B-Instruct-FP8,base,1,0,1,0,0,0,Qwen3-VL-32B-Instruct-FP8,"{""count"": 0}",2.08
c32_s3_b4_o2_L04,c32_s3_b4_o2,c32_s3_b4_o2_L04,32,12,3,4.0,0.85,b1,Qwen3-VL-32B-Instruct-FP8,base,1,0,1,0,0,0,Qwen3-VL-32B-Instruct-FP8,"{""count"": 0}",2.08
c32_s3_b4_o2_L06,c32_s3_b4_o2,c32_s3_b4_o2_L06,32,11,3,4.0,0.85,b1,Qwen3-VL-32B-Instruct-FP8,base,1,0,1,0,0,0,Qwen3-VL-32B-Instruct-FP8,"{""count"": 0}",2.05
c32_s3_b4_o2_L05,c32_s3_b4_o2,c32_s3_b4_o2_L05,32,18,3,4.0,0.85,b1,Qwen3-VL-32B-Instruct-FP8,base,1,0,1,0,0,0,Qwen3-VL-32B-Instruct-FP8,"{""count"": 0}",2.08
c32_s3_b4_o2_L07,c32_s3_b4_o2,c32_s3_b4_o2_L07,32,13,3,4.0,0.85,b1,Qwen3-VL-32B-Instruct-FP8,base,1,0,1,0,0,0,Qwen3-VL-32B-Instruct-FP8,"{""count"": 0}",2.08
c32_s3_b8_o0_L00,c32_s3_b8_o0,c32_s3_b8_o0_L00,32,5,3,8.0,1.45,b1,Qwen3-VL-32B-Instruct-FP8,base,1,0,1,0,0,0,Qwen3-VL-32B-Instruct-FP8,"{""count"": 0}",2.07
c32_s3_b8_o0_L02,c32_s3_b8_o0,c32_s3_b8_o0_L02,32,7,3,8.0,1.45,b1,Qwen3-VL-32B-Instruct-FP8,base,1,0,1,0,0,0,Qwen3-VL-32B-Instruct-FP8,"{""count"": 0}",2.07
c32_s3_b8_o0_L03,c32_s3_b8_o0,c32_s3_b8_o0_L03,32,6,3,8.0,1.45,b1,Qwen3-VL-32B-Instruct-FP8,base,1,0,1,0,0,0,Qwen3-VL-32B-Instruct-FP8,"{""count"": 0}",2.07
c32_s3_b8_o0_L01,c32_s3_b8_o0,c32_s3_b8_o0_L01,32,5,3,8.0,1.45,b1,Qwen3-VL-32B-Instruct-FP8,base,1,0,1,0,0,0,Qwen3-VL-32B-Instruct-FP8,"{""count"": 0}",2.09
c32_s3_b8_o0_L04,c32_s3_b8_o0,c32_s3_b8_o0_L04,32,6,3,8.0,1.45,b1,Qwen3-VL-32B-Instruct-FP8,base,1,0,1,0,0,0,Qwen3-VL-32B-Instruct-FP8,"{""count"": 0}",2.08
c32_s3_b8_o0_L05,c32_s3_b8_o0,c32_s3_b8_o0_L05,32,6,3,8.0,1.45,b1,Qwen3-VL-32B-Instruct-FP8,base,1,0,1,0,0,0,Qwen3-VL-32B-Instruct-FP8,"{""count"": 0}",2.08
c32_s3_b8_o0_L06,c32_s3_b8_o0,c32_s3_b8_o0_L06,32,4,3,8.0,1.45,b1,Qwen3-VL-32B-Instruct-FP8,base,1,0,1,0,0,0,Qwen3-VL-32B-Instruct-FP8,"{""count"": 0}",2.05
c32_s3_b8_o0_L07,c32_s3_b8_o0,c32_s3_b8_o0_L07,32,5,3,8.0,1.45,b1,Qwen3-VL-32B-Instruct-FP8,base,1,0,1,0,0,0,Qwen3-VL-32B-Instruct-FP8,"{""count"": 0}",2.08
c32_s3_b8_o1_L00,c32_s3_b8_o1,c32_s3_b8_o1_L00,32,10,3,8.0,1.15,b1,Qwen3-VL-32B-Instruct-FP8,base,1,0,1,0,0,0,Qwen3-VL-32B-Instruct-FP8,"{""count"": 0}",2.08
c32_s3_b8_o1_L02,c32_s3_b8_o1,c32_s3_b8_o1_L02,32,9,3,8.0,1.15,b1,Qwen3-VL-32B-Instruct-FP8,base,1,0,1,0,0,0,Qwen3-VL-32B-Instruct-FP8,"{""count"": 0}",2.08
c32_s3_b8_o1_L01,c32_s3_b8_o1,c32_s3_b8_o1_L01,32,8,3,8.0,1.15,b1,Qwen3-VL-32B-Instruct-FP8,base,1,0,1,0,0,0,Qwen3-VL-32B-Instruct-FP8,"{""count"": 0}",2.08
c32_s3_b8_o1_L03,c32_s3_b8_o1,c32_s3_b8_o1_L03,32,9,3,8.0,1.15,b1,Qwen3-VL-32B-Instruct-FP8,base,1,0,1,0,0,0,Qwen3-VL-32B-Instruct-FP8,"{""count"": 0}",2.07
c32_s3_b8_o1_L04,c32_s3_b8_o1,c32_s3_b8_o1_L04,32,11,3,8.0,1.15,b1,Qwen3-VL-32B-Instruct-FP8,base,1,0,1,0,0,0,Qwen3-VL-32B-Instruct-FP8,"{""count"": 0}",2.07
c32_s3_b8_o1_L05,c32_s3_b8_o1,c32_s3_b8_o1_L05,32,8,3,8.0,1.15,b1,Qwen3-VL-32B-Instruct-FP8,base,1,0,1,0,0,0,Qwen3-VL-32B-Instruct-FP8,"{""count"": 0}",2.07
c32_s3_b8_o1_L06,c32_s3_b8_o1,c32_s3_b8_o1_L06,32,6,3,8.0,1.15,b1,Qwen3-VL-32B-Instruct-FP8,base,1,0,1,0,0,0,Qwen3-VL-32B-Instruct-FP8,"{""count"": 0}",2.09
c32_s3_b8_o1_L07,c32_s3_b8_o1,c32_s3_b8_o1_L07,32,10,3,8.0,1.15,b1,Qwen3-VL-32B-Instruct-FP8,base,1,0,1,0,0,0,Qwen3-VL-32B-Instruct-FP8,"{""count"": 0}",2.07
c32_s3_b8_o2_L00,c32_s3_b8_o2,c32_s3_b8_o2_L00,32,7,3,8.0,0.85,b1,Qwen3-VL-32B-Instruct-FP8,base,1,0,1,0,0,0,Qwen3-VL-32B-Instruct-FP8,"{""count"": 0}",2.08
c32_s3_b8_o2_L01,c32_s3_b8_o2,c32_s3_b8_o2_L01,32,7,3,8.0,0.85,b1,Qwen3-VL-32B-Instruct-FP8,base,1,0,1,0,0,0,Qwen3-VL-32B-Instruct-FP8,"{""count"": 0}",2.08
c32_s3_b8_o2_L03,c32_s3_b8_o2,c32_s3_b8_o2_L03,32,9,3,8.0,0.85,b1,Qwen3-VL-32B-Instruct-FP8,base,1,0,1,0,0,0,Qwen3-VL-32B-Instruct-FP8,"{""count"": 0}",2.05
c32_s3_b8_o2_L02,c32_s3_b8_o2,c32_s3_b8_o2_L02,32,8,3,8.0,0.85,b1,Qwen3-VL-32B-Instruct-FP8,base,1,0,1,0,0,0,Qwen3-VL-32B-Instruct-FP8,"{""count"": 0}",2.08
c32_s3_b8_o2_L04,c32_s3_b8_o2,c32_s3_b8_o2_L04,32,10,3,8.0,0.85,b1,Qwen3-VL-32B-Instruct-FP8,base,1,0,1,0,0,0,Qwen3-VL-32B-Instruct-FP8,"{""count"": 0}",2.08
c32_s3_b8_o2_L06,c32_s3_b8_o2,c32_s3_b8_o2_L06,32,9,3,8.0,0.85,b1,Qwen3-VL-32B-Instruct-FP8,base,1,0,1,0,0,0,Qwen3-VL-32B-Instruct-FP8,"{""count"": 0}",2.08
c32_s3_b8_o2_L05,c32_s3_b8_o2,c32_s3_b8_o2_L05,32,10,3,8.0,0.85,b1,Qwen3-VL-32B-Instruct-FP8,base,1,0,1,0,0,0,Qwen3-VL-32B-Instruct-FP8,"{""count"": 0}",2.08
c32_s3_b8_o2_L07,c32_s3_b8_o2,c32_s3_b8_o2_L07,32,7,3,8.0,0.85,b1,Qwen3-VL-32B-Instruct-FP8,base,1,0,1,0,0,0,Qwen3-VL-32B-Instruct-FP8,"{""count"": 0}",2.08
c32_s8_b0_o0_L00,c32_s8_b0_o0,c32_s8_b0_o0_L00,32,32,8,0.0,1.45,b1,Qwen3-VL-32B-Instruct-FP8,base,1,42,1,0,0,0,Qwen3-VL-32B-Instruct-FP8,"{""count"": 42}",2.11
c32_s8_b0_o0_L02,c32_s8_b0_o0,c32_s8_b0_o0_L02,32,32,8,0.0,1.45,b1,Qwen3-VL-32B-Instruct-FP8,base,1,40,1,0,0,0,Qwen3-VL-32B-Instruct-FP8,"{""count"": 40}",2.10
c32_s8_b0_o0_L01,c32_s8_b0_o0,c32_s8_b0_o0_L01,32,32,8,0.0,1.45,b1,Qwen3-VL-32B-Instruct-FP8,base,1,40,1,0,0,0,Qwen3-VL-32B-Instruct-FP8,"{""count"": 40}",2.10
c32_s8_b0_o0_L03,c32_s8_b0_o0,c32_s8_b0_o0_L03,32,32,8,0.0,1.45,b1,Qwen3-VL-32B-Instruct-FP8,base,1,30,1,0,0,0,Qwen3-VL-32B-Instruct-FP8,"{""count"": 30}",2.11
c32_s8_b0_o0_L04,c32_s8_b0_o0,c32_s8_b0_o0_L04,32,32,8,0.0,1.45,b1,Qwen3-VL-32B-Instruct-FP8,base,1,40,1,0,0,0,Qwen3-VL-32B-Instruct-FP8,"{""count"": 40}",2.11
c32_s8_b0_o0_L05,c32_s8_b0_o0,c32_s8_b0_o0_L05,32,32,8,0.0,1.45,b1,Qwen3-VL-32B-Instruct-FP8,base,1,30,1,0,0,0,Qwen3-VL-32B-Instruct-FP8,"{""count"": 30}",2.11
c32_s8_b0_o0_L06,c32_s8_b0_o0,c32_s8_b0_o0_L06,32,32,8,0.0,1.45,b1,Qwen3-VL-32B-Instruct-FP8,base,1,40,1,0,0,0,Qwen3-VL-32B-Instruct-FP8,"{""count"": 40}",2.11
c32_s8_b0_o0_L07,c32_s8_b0_o0,c32_s8_b0_o0_L07,32,32,8,0.0,1.45,b1,Qwen3-VL-32B-Instruct-FP8,base,1,40,1,0,0,0,Qwen3-VL-32B-Instruct-FP8,"{""count"": 40}",2.09
c32_s8_b0_o1_L00,c32_s8_b0_o1,c32_s8_b0_o1_L00,32,32,8,0.0,1.15,b1,Qwen3-VL-32B-Instruct-FP8,base,1,40,1,0,0,0,Qwen3-VL-32B-Instruct-FP8,"{""count"": 40}",2.09
c32_s8_b0_o1_L02,c32_s8_b0_o1,c32_s8_b0_o1_L02,32,32,8,0.0,1.15,b1,Qwen3-VL-32B-Instruct-FP8,base,1,40,1,0,0,0,Qwen3-VL-32B-Instruct-FP8,"{""count"": 40}",2.09
c32_s8_b0_o1_L01,c32_s8_b0_o1,c32_s8_b0_o1_L01,32,32,8,0.0,1.15,b1,Qwen3-VL-32B-Instruct-FP8,base,1,30,1,0,0,0,Qwen3-VL-32B-Instruct-FP8,"{""count"": 30}",2.12
c32_s8_b0_o1_L03,c32_s8_b0_o1,c32_s8_b0_o1_L03,32,32,8,0.0,1.15,b1,Qwen3-VL-32B-Instruct-FP8,base,1,30,1,0,0,0,Qwen3-VL-32B-Instruct-FP8,"{""count"": 30}",2.12
c32_s8_b0_o1_L04,c32_s8_b0_o1,c32_s8_b0_o1_L04,32,32,8,0.0,1.15,b1,Qwen3-VL-32B-Instruct-FP8,base,1,40,1,0,0,0,Qwen3-VL-32B-Instruct-FP8,"{""count"": 40}",2.11
c32_s8_b0_o1_L07,c32_s8_b0_o1,c32_s8_b0_o1_L07,32,32,8,0.0,1.15,b1,Qwen3-VL-32B-Instruct-FP8,base,1,40,1,0,0,0,Qwen3-VL-32B-Instruct-FP8,"{""count"": 40}",2.08
c32_s8_b0_o1_L05,c32_s8_b0_o1,c32_s8_b0_o1_L05,32,32,8,0.0,1.15,b1,Qwen3-VL-32B-Instruct-FP8,base,1,30,1,0,0,0,Qwen3-VL-32B-Instruct-FP8,"{""count"": 30}",2.11
c32_s8_b0_o1_L06,c32_s8_b0_o1,c32_s8_b0_o1_L06,32,32,8,0.0,1.15,b1,Qwen3-VL-32B-Instruct-FP8,base,1,30,1,0,0,0,Qwen3-VL-32B-Instruct-FP8,"{""count"": 30}",2.11
c32_s8_b0_o2_L00,c32_s8_b0_o2,c32_s8_b0_o2_L00,32,16,8,0.0,0.85,b1,Qwen3-VL-32B-Instruct-FP8,base,1,30,1,0,0,0,Qwen3-VL-32B-Instruct-FP8,"{""count"": 30}",2.10
c32_s8_b0_o2_L01,c32_s8_b0_o2,c32_s8_b0_o2_L01,32,18,8,0.0,0.85,b1,Qwen3-VL-32B-Instruct-FP8,base,1,30,1,0,0,0,Qwen3-VL-32B-Instruct-FP8,"{""count"": 30}",2.10
c32_s8_b0_o2_L02,c32_s8_b0_o2,c32_s8_b0_o2_L02,32,19,8,0.0,0.85,b1,Qwen3-VL-32B-Instruct-FP8,base,1,30,1,0,0,0,Qwen3-VL-32B-Instruct-FP8,"{""count"": 30}",2.12
c32_s8_b0_o2_L03,c32_s8_b0_o2,c32_s8_b0_o2_L03,32,15,8,0.0,0.85,b1,Qwen3-VL-32B-Instruct-FP8,base,1,30,1,0,0,0,Qwen3-VL-32B-Instruct-FP8,"{""count"": 30}",2.10
c32_s8_b0_o2_L04,c32_s8_b0_o2,c32_s8_b0_o2_L04,32,18,8,0.0,0.85,b1,Qwen3-VL-32B-Instruct-FP8,base,1,30,1,0,0,0,Qwen3-VL-32B-Instruct-FP8,"{""count"": 30}",2.10
c32_s8_b0_o2_L05,c32_s8_b0_o2,c32_s8_b0_o2_L05,32,17,8,0.0,0.85,b1,Qwen3-VL-32B-Instruct-FP8,base,1,30,1,0,0,0,Qwen3-VL-32B-Instruct-FP8,"{""count"": 30}",2.10
c32_s8_b0_o2_L07,c32_s8_b0_o2,c32_s8_b0_o2_L07,32,15,8,0.0,0.85,b1,Qwen3-VL-32B-Instruct-FP8,base,1,28,1,0,0,0,Qwen3-VL-32B-Instruct-FP8,"{""count"": 28}",2.08
c32_s8_b0_o2_L06,c32_s8_b0_o2,c32_s8_b0_o2_L06,32,17,8,0.0,0.85,b1,Qwen3-VL-32B-Instruct-FP8,base,1,30,1,0,0,0,Qwen3-VL-32B-Instruct-FP8,"{""count"": 30}",2.11
c32_s8_b4_o0_L00,c32_s8_b4_o0,c32_s8_b4_o0_L00,32,32,8,4.0,1.45,b1,Qwen3-VL-32B-Instruct-FP8,base,1,30,1,0,0,0,Qwen3-VL-32B-Instruct-FP8,"{""count"": 30}",2.11
c32_s8_b4_o0_L02,c32_s8_b4_o0,c32_s8_b4_o0_L02,32,32,8,4.0,1.45,b1,Qwen3-VL-32B-Instruct-FP8,base,1,28,1,0,0,0,Qwen3-VL-32B-Instruct-FP8,"{""count"": 28}",2.11
c32_s8_b4_o0_L01,c32_s8_b4_o0,c32_s8_b4_o0_L01,32,32,8,4.0,1.45,b1,Qwen3-VL-32B-Instruct-FP8,base,1,30,1,0,0,0,Qwen3-VL-32B-Instruct-FP8,"{""count"": 30}",2.11
c32_s8_b4_o0_L03,c32_s8_b4_o0,c32_s8_b4_o0_L03,32,32,8,4.0,1.45,b1,Qwen3-VL-32B-Instruct-FP8,base,1,28,1,0,0,0,Qwen3-VL-32B-Instruct-FP8,"{""count"": 28}",2.11
c32_s8_b4_o0_L04,c32_s8_b4_o0,c32_s8_b4_o0_L04,32,32,8,4.0,1.45,b1,Qwen3-VL-32B-Instruct-FP8,base,1,30,1,0,0,0,Qwen3-VL-32B-Instruct-FP8,"{""count"": 30}",2.11
c32_s8_b4_o0_L06,c32_s8_b4_o0,c32_s8_b4_o0_L06,32,32,8,4.0,1.45,b1,Qwen3-VL-32B-Instruct-FP8,base,1,28,1,0,0,0,Qwen3-VL-32B-Instruct-FP8,"{""count"": 28}",2.11
c32_s8_b4_o0_L05,c32_s8_b4_o0,c32_s8_b4_o0_L05,32,32,8,4.0,1.45,b1,Qwen3-VL-32B-Instruct-FP8,base,1,30,1,0,0,0,Qwen3-VL-32B-Instruct-FP8,"{""count"": 30}",2.11
c32_s8_b4_o0_L07,c32_s8_b4_o0,c32_s8_b4_o0_L07,32,32,8,4.0,1.45,b1,Qwen3-VL-32B-Instruct-FP8,base,1,30,1,0,0,0,Qwen3-VL-32B-Instruct-FP8,"{""count"": 30}",2.11
c32_s8_b4_o1_L00,c32_s8_b4_o1,c32_s8_b4_o1_L00,32,32,8,4.0,1.15,b1,Qwen3-VL-32B-Instruct-FP8,base,1,30,1,0,0,0,Qwen3-VL-32B-Instruct-FP8,"{""count"": 30}",2.12
c32_s8_b4_o1_L02,c32_s8_b4_o1,c32_s8_b4_o1_L02,32,32,8,4.0,1.15,b1,Qwen3-VL-32B-Instruct-FP8,base,1,30,1,0,0,0,Qwen3-VL-32B-Instruct-FP8,"{""count"": 30}",2.11
c32_s8_b4_o1_L01,c32_s8_b4_o1,c32_s8_b4_o1_L01,32,32,8,4.0,1.15,b1,Qwen3-VL-32B-Instruct-FP8,base,1,28,1,0,0,0,Qwen3-VL-32B-Instruct-FP8,"{""count"": 28}",2.14
c32_s8_b4_o1_L03,c32_s8_b4_o1,c32_s8_b4_o1_L03,32,32,8,4.0,1.15,b1,Qwen3-VL-32B-Instruct-FP8,base,1,28,1,0,0,0,Qwen3-VL-32B-Instruct-FP8,"{""count"": 28}",2.12
c32_s8_b4_o1_L04,c32_s8_b4_o1,c32_s8_b4_o1_L04,32,32,8,4.0,1.15,b1,Qwen3-VL-32B-Instruct-FP8,base,1,30,1,0,0,0,Qwen3-VL-32B-Instruct-FP8,"{""count"": 30}",2.11
c32_s8_b4_o1_L05,c32_s8_b4_o1,c32_s8_b4_o1_L05,32,32,8,4.0,1.15,b1,Qwen3-VL-32B-Instruct-FP8,base,1,20,1,0,0,0,Qwen3-VL-32B-Instruct-FP8,"{""count"": 20}",2.11
c32_s8_b4_o1_L06,c32_s8_b4_o1,c32_s8_b4_o1_L06,32,32,8,4.0,1.15,b1,Qwen3-VL-32B-Instruct-FP8,base,1,28,1,0,0,0,Qwen3-VL-32B-Instruct-FP8,"{""count"": 28}",2.08
c32_s8_b4_o1_L07,c32_s8_b4_o1,c32_s8_b4_o1_L07,32,32,8,4.0,1.15,b1,Qwen3-VL-32B-Instruct-FP8,base,1,20,1,0,0,0,Qwen3-VL-32B-Instruct-FP8,"{""count"": 20}",2.11
c32_s8_b4_o2_L00,c32_s8_b4_o2,c32_s8_b4_o2_L00,32,13,8,4.0,0.85,b1,Qwen3-VL-32B-Instruct-FP8,base,1,10,1,0,0,0,Qwen3-VL-32B-Instruct-FP8,"{""count"": 10}",2.11
c32_s8_b4_o2_L02,c32_s8_b4_o2,c32_s8_b4_o2_L02,32,18,8,4.0,0.85,b1,Qwen3-VL-32B-Instruct-FP8,base,1,14,1,0,0,0,Qwen3-VL-32B-Instruct-FP8,"{""count"": 14}",2.11
c32_s8_b4_o2_L01,c32_s8_b4_o2,c32_s8_b4_o2_L01,32,16,8,4.0,0.85,b1,Qwen3-VL-32B-Instruct-FP8,base,1,15,1,0,0,0,Qwen3-VL-32B-Instruct-FP8,"{""count"": 15}",2.11
c32_s8_b4_o2_L03,c32_s8_b4_o2,c32_s8_b4_o2_L03,32,16,8,4.0,0.85,b1,Qwen3-VL-32B-Instruct-FP8,base,1,14,1,0,0,0,Qwen3-VL-32B-Instruct-FP8,"{""count"": 14}",2.11
c32_s8_b4_o2_L04,c32_s8_b4_o2,c32_s8_b4_o2_L04,32,20,8,4.0,0.85,b1,Qwen3-VL-32B-Instruct-FP8,base,1,20,1,0,0,0,Qwen3-VL-32B-Instruct-FP8,"{""count"": 20}",2.10
c32_s8_b4_o2_L05,c32_s8_b4_o2,c32_s8_b4_o2_L05,32,17,8,4.0,0.85,b1,Qwen3-VL-32B-Instruct-FP8,base,1,16,1,0,0,0,Qwen3-VL-32B-Instruct-FP8,"{""count"": 16}",2.10
c32_s8_b4_o2_L07,c32_s8_b4_o2,c32_s8_b4_o2_L07,32,13,8,4.0,0.85,b1,Qwen3-VL-32B-Instruct-FP8,base,1,10,1,0,0,0,Qwen3-VL-32B-Instruct-FP8,"{""count"": 10}",2.10
c32_s8_b4_o2_L06,c32_s8_b4_o2,c32_s8_b4_o2_L06,32,18,8,4.0,0.85,b1,Qwen3-VL-32B-Instruct-FP8,base,1,16,1,0,0,0,Qwen3-VL-32B-Instruct-FP8,"{""count"": 16}",2.13
c32_s8_b8_o0_L00,c32_s8_b8_o0,c32_s8_b8_o0_L00,32,32,8,8.0,1.45,b1,Qwen3-VL-32B-Instruct-FP8,base,1,0,1,0,0,0,Qwen3-VL-32B-Instruct-FP8,"{""count"": 0}",2.08
c32_s8_b8_o0_L01,c32_s8_b8_o0,c32_s8_b8_o0_L01,32,32,8,8.0,1.45,b1,Qwen3-VL-32B-Instruct-FP8,base,1,0,1,0,0,0,Qwen3-VL-32B-Instruct-FP8,"{""count"": 0}",2.09
c32_s8_b8_o0_L02,c32_s8_b8_o0,c32_s8_b8_o0_L02,32,32,8,8.0,1.45,b1,Qwen3-VL-32B-Instruct-FP8,base,1,0,1,0,0,0,Qwen3-VL-32B-Instruct-FP8,"{""count"": 0}",2.06
c32_s8_b8_o0_L03,c32_s8_b8_o0,c32_s8_b8_o0_L03,32,32,8,8.0,1.45,b1,Qwen3-VL-32B-Instruct-FP8,base,1,0,1,0,0,0,Qwen3-VL-32B-Instruct-FP8,"{""count"": 0}",2.08
c32_s8_b8_o0_L04,c32_s8_b8_o0,c32_s8_b8_o0_L04,32,32,8,8.0,1.45,b1,Qwen3-VL-32B-Instruct-FP8,base,1,0,1,0,0,0,Qwen3-VL-32B-Instruct-FP8,"{""count"": 0}",2.09
c32_s8_b8_o0_L05,c32_s8_b8_o0,c32_s8_b8_o0_L05,32,32,8,8.0,1.45,b1,Qwen3-VL-32B-Instruct-FP8,base,1,0,1,0,0,0,Qwen3-VL-32B-Instruct-FP8,"{""count"": 0}",2.08
c32_s8_b8_o0_L07,c32_s8_b8_o0,c32_s8_b8_o0_L07,32,32,8,8.0,1.45,b1,Qwen3-VL-32B-Instruct-FP8,base,1,0,1,0,0,0,Qwen3-VL-32B-Instruct-FP8,"{""count"": 0}",2.08
c32_s8_b8_o0_L06,c32_s8_b8_o0,c32_s8_b8_o0_L06,32,32,8,8.0,1.45,b1,Qwen3-VL-32B-Instruct-FP8,base,1,0,1,0,0,0,Qwen3-VL-32B-Instruct-FP8,"{""count"": 0}",2.11
c32_s8_b8_o1_L00,c32_s8_b8_o1,c32_s8_b8_o1_L00,32,31,8,8.0,1.15,b1,Qwen3-VL-32B-Instruct-FP8,base,1,0,1,0,0,0,Qwen3-VL-32B-Instruct-FP8,"{""count"": 0}",2.08
c32_s8_b8_o1_L01,c32_s8_b8_o1,c32_s8_b8_o1_L01,32,25,8,8.0,1.15,b1,Qwen3-VL-32B-Instruct-FP8,base,1,0,1,0,0,0,Qwen3-VL-32B-Instruct-FP8,"{""count"": 0}",2.08
c32_s8_b8_o1_L02,c32_s8_b8_o1,c32_s8_b8_o1_L02,32,26,8,8.0,1.15,b1,Qwen3-VL-32B-Instruct-FP8,base,1,0,1,0,0,0,Qwen3-VL-32B-Instruct-FP8,"{""count"": 0}",2.06
c32_s8_b8_o1_L03,c32_s8_b8_o1,c32_s8_b8_o1_L03,32,28,8,8.0,1.15,b1,Qwen3-VL-32B-Instruct-FP8,base,1,0,1,0,0,0,Qwen3-VL-32B-Instruct-FP8,"{""count"": 0}",2.09
c32_s8_b8_o1_L04,c32_s8_b8_o1,c32_s8_b8_o1_L04,32,27,8,8.0,1.15,b1,Qwen3-VL-32B-Instruct-FP8,base,1,0,1,0,0,0,Qwen3-VL-32B-Instruct-FP8,"{""count"": 0}",2.08
c32_s8_b8_o1_L05,c32_s8_b8_o1,c32_s8_b8_o1_L05,32,27,8,8.0,1.15,b1,Qwen3-VL-32B-Instruct-FP8,base,1,0,1,0,0,0,Qwen3-VL-32B-Instruct-FP8,"{""count"": 0}",2.08
c32_s8_b8_o1_L06,c32_s8_b8_o1,c32_s8_b8_o1_L06,32,28,8,8.0,1.15,b1,Qwen3-VL-32B-Instruct-FP8,base,1,0,1,0,0,0,Qwen3-VL-32B-Instruct-FP8,"{""count"": 0}",2.08
c32_s8_b8_o1_L07,c32_s8_b8_o1,c32_s8_b8_o1_L07,32,30,8,8.0,1.15,b1,Qwen3-VL-32B-Instruct-FP8,base,1,0,1,0,0,0,Qwen3-VL-32B-Instruct-FP8,"{""count"": 0}",2.08
c32_s8_b8_o2_L00,c32_s8_b8_o2,c32_s8_b8_o2_L00,32,15,8,8.0,0.85,b1,Qwen3-VL-32B-Instruct-FP8,base,1,0,1,0,0,0,Qwen3-VL-32B-Instruct-FP8,"{""count"": 0}",2.07
c32_s8_b8_o2_L01,c32_s8_b8_o2,c32_s8_b8_o2_L01,32,12,8,8.0,0.85,b1,Qwen3-VL-32B-Instruct-FP8,base,1,0,1,0,0,0,Qwen3-VL-32B-Instruct-FP8,"{""count"": 0}",2.07
c32_s8_b8_o2_L02,c32_s8_b8_o2,c32_s8_b8_o2_L02,32,16,8,8.0,0.85,b1,Qwen3-VL-32B-Instruct-FP8,base,1,0,1,0,0,0,Qwen3-VL-32B-Instruct-FP8,"{""count"": 0}",2.10
c32_s8_b8_o2_L03,c32_s8_b8_o2,c32_s8_b8_o2_L03,32,15,8,8.0,0.85,b1,Qwen3-VL-32B-Instruct-FP8,base,1,0,1,0,0,0,Qwen3-VL-32B-Instruct-FP8,"{""count"": 0}",2.07
c32_s8_b8_o2_L04,c32_s8_b8_o2,c32_s8_b8_o2_L04,32,19,8,8.0,0.85,b1,Qwen3-VL-32B-Instruct-FP8,base,1,0,1,0,0,0,Qwen3-VL-32B-Instruct-FP8,"{""count"": 0}",2.09
c32_s8_b8_o2_L05,c32_s8_b8_o2,c32_s8_b8_o2_L05,32,16,8,8.0,0.85,b1,Qwen3-VL-32B-Instruct-FP8,base,1,0,1,0,0,0,Qwen3-VL-32B-Instruct-FP8,"{""count"": 0}",2.08
c32_s8_b8_o2_L06,c32_s8_b8_o2,c32_s8_b8_o2_L06,32,16,8,8.0,0.85,b1,Qwen3-VL-32B-Instruct-FP8,base,1,0,1,0,0,0,Qwen3-VL-32B-Instruct-FP8,"{""count"": 0}",2.06
c32_s8_b8_o2_L07,c32_s8_b8_o2,c32_s8_b8_o2_L07,32,19,8,8.0,0.85,b1,Qwen3-VL-32B-Instruct-FP8,base,1,0,1,0,0,0,Qwen3-VL-32B-Instruct-FP8,"{""count"": 0}",2.08
c32_s24_b0_o0_L00,c32_s24_b0_o0,c32_s24_b0_o0_L00,32,32,24,0.0,1.45,b1,Qwen3-VL-32B-Instruct-FP8,base,1,30,1,0,0,0,Qwen3-VL-32B-Instruct-FP8,"{""count"": 30}",2.10
c32_s24_b0_o0_L01,c32_s24_b0_o0,c32_s24_b0_o0_L01,32,32,24,0.0,1.45,b1,Qwen3-VL-32B-Instruct-FP8,base,1,28,1,0,0,0,Qwen3-VL-32B-Instruct-FP8,"{""count"": 28}",2.11
c32_s24_b0_o0_L02,c32_s24_b0_o0,c32_s24_b0_o0_L02,32,32,24,0.0,1.45,b1,Qwen3-VL-32B-Instruct-FP8,base,1,28,1,0,0,0,Qwen3-VL-32B-Instruct-FP8,"{""count"": 28}",2.11
c32_s24_b0_o0_L03,c32_s24_b0_o0,c32_s24_b0_o0_L03,32,32,24,0.0,1.45,b1,Qwen3-VL-32B-Instruct-FP8,base,1,30,1,0,0,0,Qwen3-VL-32B-Instruct-FP8,"{""count"": 30}",2.11
c32_s24_b0_o0_L04,c32_s24_b0_o0,c32_s24_b0_o0_L04,32,32,24,0.0,1.45,b1,Qwen3-VL-32B-Instruct-FP8,base,1,28,1,0,0,0,Qwen3-VL-32B-Instruct-FP8,"{""count"": 28}",2.11
c32_s24_b0_o0_L06,c32_s24_b0_o0,c32_s24_b0_o0_L06,32,32,24,0.0,1.45,b1,Qwen3-VL-32B-Instruct-FP8,base,1,30,1,0,0,0,Qwen3-VL-32B-Instruct-FP8,"{""count"": 30}",2.10
c32_s24_b0_o0_L05,c32_s24_b0_o0,c32_s24_b0_o0_L05,32,32,24,0.0,1.45,b1,Qwen3-VL-32B-Instruct-FP8,base,1,30,1,0,0,0,Qwen3-VL-32B-Instruct-FP8,"{""count"": 30}",2.10
c32_s24_b0_o0_L07,c32_s24_b0_o0,c32_s24_b0_o0_L07,32,32,24,0.0,1.45,b1,Qwen3-VL-32B-Instruct-FP8,base,1,30,1,0,0,0,Qwen3-VL-32B-Instruct-FP8,"{""count"": 30}",2.11
c32_s24_b0_o1_L00,c32_s24_b0_o1,c32_s24_b0_o1_L00,32,32,24,0.0,1.15,b1,Qwen3-VL-32B-Instruct-FP8,base,1,30,1,0,0,0,Qwen3-VL-32B-Instruct-FP8,"{""count"": 30}",2.11
c32_s24_b0_o1_L01,c32_s24_b0_o1,c32_s24_b0_o1_L01,32,32,24,0.0,1.15,b1,Qwen3-VL-32B-Instruct-FP8,base,1,30,1,0,0,0,Qwen3-VL-32B-Instruct-FP8,"{""count"": 30}",2.11
c32_s24_b0_o1_L02,c32_s24_b0_o1,c32_s24_b0_o1_L02,32,32,24,0.0,1.15,b1,Qwen3-VL-32B-Instruct-FP8,base,1,30,1,0,0,0,Qwen3-VL-32B-Instruct-FP8,"{""count"": 30}",2.11
c32_s24_b0_o1_L03,c32_s24_b0_o1,c32_s24_b0_o1_L03,32,32,24,0.0,1.15,b1,Qwen3-VL-32B-Instruct-FP8,base,1,30,1,0,0,0,Qwen3-VL-32B-Instruct-FP8,"{""count"": 30}",2.11
c32_s24_b0_o1_L04,c32_s24_b0_o1,c32_s24_b0_o1_L04,32,32,24,0.0,1.15,b1,Qwen3-VL-32B-Instruct-FP8,base,1,30,1,0,0,0,Qwen3-VL-32B-Instruct-FP8,"{""count"": 30}",2.11
c32_s24_b0_o1_L05,c32_s24_b0_o1,c32_s24_b0_o1_L05,32,32,24,0.0,1.15,b1,Qwen3-VL-32B-Instruct-FP8,base,1,30,1,0,0,0,Qwen3-VL-32B-Instruct-FP8,"{""count"": 30}",2.11
c32_s24_b0_o1_L06,c32_s24_b0_o1,c32_s24_b0_o1_L06,32,32,24,0.0,1.15,b1,Qwen3-VL-32B-Instruct-FP8,base,1,30,1,0,0,0,Qwen3-VL-32B-Instruct-FP8,"{""count"": 30}",2.11
c32_s24_b0_o1_L07,c32_s24_b0_o1,c32_s24_b0_o1_L07,32,32,24,0.0,1.15,b1,Qwen3-VL-32B-Instruct-FP8,base,1,30,1,0,0,0,Qwen3-VL-32B-Instruct-FP8,"{""count"": 30}",2.11
c32_s24_b0_o2_L00,c32_s24_b0_o2,c32_s24_b0_o2_L00,32,20,24,0.0,0.85,b1,Qwen3-VL-32B-Instruct-FP8,base,1,30,1,0,0,0,Qwen3-VL-32B-Instruct-FP8,"{""count"": 30}",2.11
c32_s24_b0_o2_L01,c32_s24_b0_o2,c32_s24_b0_o2_L01,32,24,24,0.0,0.85,b1,Qwen3-VL-32B-Instruct-FP8,base,1,30,1,0,0,0,Qwen3-VL-32B-Instruct-FP8,"{""count"": 30}",2.11
c32_s24_b0_o2_L02,c32_s24_b0_o2,c32_s24_b0_o2_L02,32,20,24,0.0,0.85,b1,Qwen3-VL-32B-Instruct-FP8,base,1,30,1,0,0,0,Qwen3-VL-32B-Instruct-FP8,"{""count"": 30}",2.11
c32_s24_b0_o2_L03,c32_s24_b0_o2,c32_s24_b0_o2_L03,32,22,24,0.0,0.85,b1,Qwen3-VL-32B-Instruct-FP8,base,1,40,1,0,0,0,Qwen3-VL-32B-Instruct-FP8,"{""count"": 40}",2.11
c32_s24_b0_o2_L04,c32_s24_b0_o2,c32_s24_b0_o2_L04,32,20,24,0.0,0.85,b1,Qwen3-VL-32B-Instruct-FP8,base,1,30,1,0,0,0,Qwen3-VL-32B-Instruct-FP8,"{""count"": 30}",2.11
c32_s24_b0_o2_L06,c32_s24_b0_o2,c32_s24_b0_o2_L06,32,21,24,0.0,0.85,b1,Qwen3-VL-32B-Instruct-FP8,base,1,30,1,0,0,0,Qwen3-VL-32B-Instruct-FP8,"{""count"": 30}",2.11
c32_s24_b0_o2_L05,c32_s24_b0_o2,c32_s24_b0_o2_L05,32,21,24,0.0,0.85,b1,Qwen3-VL-32B-Instruct-FP8,base,1,40,1,0,0,0,Qwen3-VL-32B-Instruct-FP8,"{""count"": 40}",2.11
c32_s24_b0_o2_L07,c32_s24_b0_o2,c32_s24_b0_o2_L07,32,22,24,0.0,0.85,b1,Qwen3-VL-32B-Instruct-FP8,base,1,30,1,0,0,0,Qwen3-VL-32B-Instruct-FP8,"{""count"": 30}",2.11
c32_s24_b4_o0_L00,c32_s24_b4_o0,c32_s24_b4_o0_L00,32,32,24,4.0,1.45,b1,Qwen3-VL-32B-Instruct-FP8,base,1,28,1,0,0,0,Qwen3-VL-32B-Instruct-FP8,"{""count"": 28}",2.11
c32_s24_b4_o0_L01,c32_s24_b4_o0,c32_s24_b4_o0_L01,32,32,24,4.0,1.45,b1,Qwen3-VL-32B-Instruct-FP8,base,1,28,1,0,0,0,Qwen3-VL-32B-Instruct-FP8,"{""count"": 28}",2.11
c32_s24_b4_o0_L02,c32_s24_b4_o0,c32_s24_b4_o0_L02,32,32,24,4.0,1.45,b1,Qwen3-VL-32B-Instruct-FP8,base,1,28,1,0,0,0,Qwen3-VL-32B-Instruct-FP8,"{""count"": 28}",2.11
c32_s24_b4_o0_L03,c32_s24_b4_o0,c32_s24_b4_o0_L03,32,32,24,4.0,1.45,b1,Qwen3-VL-32B-Instruct-FP8,base,1,27,1,0,0,0,Qwen3-VL-32B-Instruct-FP8,"{""count"": 27}",2.11
c32_s24_b4_o0_L04,c32_s24_b4_o0,c32_s24_b4_o0_L04,32,32,24,4.0,1.45,b1,Qwen3-VL-32B-Instruct-FP8,base,1,25,1,0,0,0,Qwen3-VL-32B-Instruct-FP8,"{""count"": 25}",2.12
c32_s24_b4_o0_L05,c32_s24_b4_o0,c32_s24_b4_o0_L05,32,32,24,4.0,1.45,b1,Qwen3-VL-32B-Instruct-FP8,base,1,28,1,0,0,0,Qwen3-VL-32B-Instruct-FP8,"{""count"": 28}",2.12
c32_s24_b4_o0_L06,c32_s24_b4_o0,c32_s24_b4_o0_L06,32,32,24,4.0,1.45,b1,Qwen3-VL-32B-Instruct-FP8,base,1,28,1,0,0,0,Qwen3-VL-32B-Instruct-FP8,"{""count"": 28}",2.14
c32_s24_b4_o0_L07,c32_s24_b4_o0,c32_s24_b4_o0_L07,32,32,24,4.0,1.45,b1,Qwen3-VL-32B-Instruct-FP8,base,1,30,1,0,0,0,Qwen3-VL-32B-Instruct-FP8,"{""count"": 30}",2.12
c32_s24_b4_o1_L00,c32_s24_b4_o1,c32_s24_b4_o1_L00,32,32,24,4.0,1.15,b1,Qwen3-VL-32B-Instruct-FP8,base,1,30,1,0,0,0,Qwen3-VL-32B-Instruct-FP8,"{""count"": 30}",2.10
c32_s24_b4_o1_L01,c32_s24_b4_o1,c32_s24_b4_o1_L01,32,32,24,4.0,1.15,b1,Qwen3-VL-32B-Instruct-FP8,base,1,30,1,0,0,0,Qwen3-VL-32B-Instruct-FP8,"{""count"": 30}",2.10
c32_s24_b4_o1_L02,c32_s24_b4_o1,c32_s24_b4_o1_L02,32,32,24,4.0,1.15,b1,Qwen3-VL-32B-Instruct-FP8,base,1,30,1,0,0,0,Qwen3-VL-32B-Instruct-FP8,"{""count"": 30}",2.10
c32_s24_b4_o1_L03,c32_s24_b4_o1,c32_s24_b4_o1_L03,32,32,24,4.0,1.15,b1,Qwen3-VL-32B-Instruct-FP8,base,1,28,1,0,0,0,Qwen3-VL-32B-Instruct-FP8,"{""count"": 28}",2.10
c32_s24_b4_o1_L04,c32_s24_b4_o1,c32_s24_b4_o1_L04,32,32,24,4.0,1.15,b1,Qwen3-VL-32B-Instruct-FP8,base,1,30,1,0,0,0,Qwen3-VL-32B-Instruct-FP8,"{""count"": 30}",2.10
c32_s24_b4_o1_L05,c32_s24_b4_o1,c32_s24_b4_o1_L05,32,32,24,4.0,1.15,b1,Qwen3-VL-32B-Instruct-FP8,base,1,28,1,0,0,0,Qwen3-VL-32B-Instruct-FP8,"{""count"": 28}",2.10
c32_s24_b4_o1_L07,c32_s24_b4_o1,c32_s24_b4_o1_L07,32,32,24,4.0,1.15,b1,Qwen3-VL-32B-Instruct-FP8,base,1,28,1,0,0,0,Qwen3-VL-32B-Instruct-FP8,"{""count"": 28}",2.10
c32_s24_b4_o1_L06,c32_s24_b4_o1,c32_s24_b4_o1_L06,32,32,24,4.0,1.15,b1,Qwen3-VL-32B-Instruct-FP8,base,1,30,1,0,0,0,Qwen3-VL-32B-Instruct-FP8,"{""count"": 30}",2.10
c32_s24_b4_o2_L00,c32_s24_b4_o2,c32_s24_b4_o2_L00,32,20,24,4.0,0.85,b1,Qwen3-VL-32B-Instruct-FP8,base,1,28,1,0,0,0,Qwen3-VL-32B-Instruct-FP8,"{""count"": 28}",2.11
c32_s24_b4_o2_L02,c32_s24_b4_o2,c32_s24_b4_o2_L02,32,23,24,4.0,0.85,b1,Qwen3-VL-32B-Instruct-FP8,base,1,20,1,0,0,0,Qwen3-VL-32B-Instruct-FP8,"{""count"": 20}",2.08
c32_s24_b4_o2_L01,c32_s24_b4_o2,c32_s24_b4_o2_L01,32,17,24,4.0,0.85,b1,Qwen3-VL-32B-Instruct-FP8,base,1,28,1,0,0,0,Qwen3-VL-32B-Instruct-FP8,"{""count"": 28}",2.11
c32_s24_b4_o2_L03,c32_s24_b4_o2,c32_s24_b4_o2_L03,32,27,24,4.0,0.85,b1,Qwen3-VL-32B-Instruct-FP8,base,1,28,1,0,0,0,Qwen3-VL-32B-Instruct-FP8,"{""count"": 28}",2.11
c32_s24_b4_o2_L04,c32_s24_b4_o2,c32_s24_b4_o2_L04,32,22,24,4.0,0.85,b1,Qwen3-VL-32B-Instruct-FP8,base,1,28,1,0,0,0,Qwen3-VL-32B-Instruct-FP8,"{""count"": 28}",2.10
c32_s24_b4_o2_L05,c32_s24_b4_o2,c32_s24_b4_o2_L05,32,20,24,4.0,0.85,b1,Qwen3-VL-32B-Instruct-FP8,base,1,28,1,0,0,0,Qwen3-VL-32B-Instruct-FP8,"{""count"": 28}",2.10
c32_s24_b4_o2_L06,c32_s24_b4_o2,c32_s24_b4_o2_L06,32,22,24,4.0,0.85,b1,Qwen3-VL-32B-Instruct-FP8,base,1,28,1,0,0,0,Qwen3-VL-32B-Instruct-FP8,"{""count"": 28}",2.12
c32_s24_b4_o2_L07,c32_s24_b4_o2,c32_s24_b4_o2_L07,32,22,24,4.0,0.85,b1,Qwen3-VL-32B-Instruct-FP8,base,1,28,1,0,0,0,Qwen3-VL-32B-Instruct-FP8,"{""count"": 28}",2.10
c32_s24_b8_o0_L00,c32_s24_b8_o0,c32_s24_b8_o0_L00,32,32,24,8.0,1.45,b1,Qwen3-VL-32B-Instruct-FP8,base,1,25,1,0,0,0,Qwen3-VL-32B-Instruct-FP8,"{""count"": 25}",2.11
c32_s24_b8_o0_L01,c32_s24_b8_o0,c32_s24_b8_o0_L01,32,32,24,8.0,1.45,b1,Qwen3-VL-32B-Instruct-FP8,base,1,25,1,0,0,0,Qwen3-VL-32B-Instruct-FP8,"{""count"": 25}",2.11
c32_s24_b8_o0_L02,c32_s24_b8_o0,c32_s24_b8_o0_L02,32,32,24,8.0,1.45,b1,Qwen3-VL-32B-Instruct-FP8,base,1,25,1,0,0,0,Qwen3-VL-32B-Instruct-FP8,"{""count"": 25}",2.08
c32_s24_b8_o0_L03,c32_s24_b8_o0,c32_s24_b8_o0_L03,32,32,24,8.0,1.45,b1,Qwen3-VL-32B-Instruct-FP8,base,1,28,1,0,0,0,Qwen3-VL-32B-Instruct-FP8,"{""count"": 28}",2.11
c32_s24_b8_o0_L04,c32_s24_b8_o0,c32_s24_b8_o0_L04,32,32,24,8.0,1.45,b1,Qwen3-VL-32B-Instruct-FP8,base,1,25,1,0,0,0,Qwen3-VL-32B-Instruct-FP8,"{""count"": 25}",2.11
c32_s24_b8_o0_L05,c32_s24_b8_o0,c32_s24_b8_o0_L05,32,32,24,8.0,1.45,b1,Qwen3-VL-32B-Instruct-FP8,base,1,25,1,0,0,0,Qwen3-VL-32B-Instruct-FP8,"{""count"": 25}",2.11
c32_s24_b8_o0_L07,c32_s24_b8_o0,c32_s24_b8_o0_L07,32,32,24,8.0,1.45,b1,Qwen3-VL-32B-Instruct-FP8,base,1,25,1,0,0,0,Qwen3-VL-32B-Instruct-FP8,"{""count"": 25}",2.10
c32_s24_b8_o0_L06,c32_s24_b8_o0,c32_s24_b8_o0_L06,32,32,24,8.0,1.45,b1,Qwen3-VL-32B-Instruct-FP8,base,1,25,1,0,0,0,Qwen3-VL-32B-Instruct-FP8,"{""count"": 25}",2.13
c32_s24_b8_o1_L00,c32_s24_b8_o1,c32_s24_b8_o1_L00,32,32,24,8.0,1.15,b1,Qwen3-VL-32B-Instruct-FP8,base,1,28,1,0,0,0,Qwen3-VL-32B-Instruct-FP8,"{""count"": 28}",2.12
c32_s24_b8_o1_L01,c32_s24_b8_o1,c32_s24_b8_o1_L01,32,32,24,8.0,1.15,b1,Qwen3-VL-32B-Instruct-FP8,base,1,28,1,0,0,0,Qwen3-VL-32B-Instruct-FP8,"{""count"": 28}",2.12
c32_s24_b8_o1_L03,c32_s24_b8_o1,c32_s24_b8_o1_L03,32,32,24,8.0,1.15,b1,Qwen3-VL-32B-Instruct-FP8,base,1,28,1,0,0,0,Qwen3-VL-32B-Instruct-FP8,"{""count"": 28}",2.09
c32_s24_b8_o1_L02,c32_s24_b8_o1,c32_s24_b8_o1_L02,32,32,24,8.0,1.15,b1,Qwen3-VL-32B-Instruct-FP8,base,1,28,1,0,0,0,Qwen3-VL-32B-Instruct-FP8,"{""count"": 28}",2.12
c32_s24_b8_o1_L04,c32_s24_b8_o1,c32_s24_b8_o1_L04,32,32,24,8.0,1.15,b1,Qwen3-VL-32B-Instruct-FP8,base,1,28,1,0,0,0,Qwen3-VL-32B-Instruct-FP8,"{""count"": 28}",2.13
c32_s24_b8_o1_L05,c32_s24_b8_o1,c32_s24_b8_o1_L05,32,32,24,8.0,1.15,b1,Qwen3-VL-32B-Instruct-FP8,base,1,28,1,0,0,0,Qwen3-VL-32B-Instruct-FP8,"{""count"": 28}",2.13
c32_s24_b8_o1_L06,c32_s24_b8_o1,c32_s24_b8_o1_L06,32,32,24,8.0,1.15,b1,Qwen3-VL-32B-Instruct-FP8,base,1,28,1,0,0,0,Qwen3-VL-32B-Instruct-FP8,"{""count"": 28}",2.13
c32_s24_b8_o1_L07,c32_s24_b8_o1,c32_s24_b8_o1_L07,32,32,24,8.0,1.15,b1,Qwen3-VL-32B-Instruct-FP8,base,1,28,1,0,0,0,Qwen3-VL-32B-Instruct-FP8,"{""count"": 28}",2.13
c32_s24_b8_o2_L00,c32_s24_b8_o2,c32_s24_b8_o2_L00,32,19,24,8.0,0.85,b1,Qwen3-VL-32B-Instruct-FP8,base,1,16,1,0,0,0,Qwen3-VL-32B-Instruct-FP8,"{""count"": 16}",2.11
c32_s24_b8_o2_L01,c32_s24_b8_o2,c32_s24_b8_o2_L01,32,21,24,8.0,0.85,b1,Qwen3-VL-32B-Instruct-FP8,base,1,20,1,0,0,0,Qwen3-VL-32B-Instruct-FP8,"{""count"": 20}",2.11
c32_s24_b8_o2_L03,c32_s24_b8_o2,c32_s24_b8_o2_L03,32,17,24,8.0,0.85,b1,Qwen3-VL-32B-Instruct-FP8,base,1,16,1,0,0,0,Qwen3-VL-32B-Instruct-FP8,"{""count"": 16}",2.11
c32_s24_b8_o2_L02,c32_s24_b8_o2,c32_s24_b8_o2_L02,32,17,24,8.0,0.85,b1,Qwen3-VL-32B-Instruct-FP8,base,1,18,1,0,0,0,Qwen3-VL-32B-Instruct-FP8,"{""count"": 18}",2.14
c32_s24_b8_o2_L04,c32_s24_b8_o2,c32_s24_b8_o2_L04,32,18,24,8.0,0.85,b1,Qwen3-VL-32B-Instruct-FP8,base,1,10,1,0,0,0,Qwen3-VL-32B-Instruct-FP8,"{""count"": 10}",2.11
c32_s24_b8_o2_L05,c32_s24_b8_o2,c32_s24_b8_o2_L05,32,24,24,8.0,0.85,b1,Qwen3-VL-32B-Instruct-FP8,base,1,20,1,0,0,0,Qwen3-VL-32B-Instruct-FP8,"{""count"": 20}",2.11
c32_s24_b8_o2_L06,c32_s24_b8_o2,c32_s24_b8_o2_L06,32,18,24,8.0,0.85,b1,Qwen3-VL-32B-Instruct-FP8,base,1,20,1,0,0,0,Qwen3-VL-32B-Instruct-FP8,"{""count"": 20}",2.10
c32_s24_b8_o2_L07,c32_s24_b8_o2,c32_s24_b8_o2_L07,32,27,24,8.0,0.85,b1,Qwen3-VL-32B-Instruct-FP8,base,1,20,1,0,0,0,Qwen3-VL-32B-Instruct-FP8,"{""count"": 20}",2.10
c80_s3_b0_o0_L00,c80_s3_b0_o0,c80_s3_b0_o0_L00,80,80,3,0.0,1.45,b1,Qwen3-VL-32B-Instruct-FP8,base,1,100,1,0,0,0,Qwen3-VL-32B-Instruct-FP8,"{""count"": 100}",2.13
c80_s3_b0_o0_L01,c80_s3_b0_o0,c80_s3_b0_o0_L01,80,80,3,0.0,1.45,b1,Qwen3-VL-32B-Instruct-FP8,base,1,100,1,0,0,0,Qwen3-VL-32B-Instruct-FP8,"{""count"": 100}",2.13
c80_s3_b0_o0_L03,c80_s3_b0_o0,c80_s3_b0_o0_L03,80,80,3,0.0,1.45,b1,Qwen3-VL-32B-Instruct-FP8,base,1,100,1,0,0,0,Qwen3-VL-32B-Instruct-FP8,"{""count"": 100}",2.11
c80_s3_b0_o0_L02,c80_s3_b0_o0,c80_s3_b0_o0_L02,80,80,3,0.0,1.45,b1,Qwen3-VL-32B-Instruct-FP8,base,1,100,1,0,0,0,Qwen3-VL-32B-Instruct-FP8,"{""count"": 100}",2.13
c80_s3_b0_o0_L04,c80_s3_b0_o0,c80_s3_b0_o0_L04,80,80,3,0.0,1.45,b1,Qwen3-VL-32B-Instruct-FP8,base,1,100,1,0,0,0,Qwen3-VL-32B-Instruct-FP8,"{""count"": 100}",2.13
c80_s3_b0_o0_L05,c80_s3_b0_o0,c80_s3_b0_o0_L05,80,80,3,0.0,1.45,b1,Qwen3-VL-32B-Instruct-FP8,base,1,100,1,0,0,0,Qwen3-VL-32B-Instruct-FP8,"{""count"": 100}",2.13
c80_s3_b0_o0_L06,c80_s3_b0_o0,c80_s3_b0_o0_L06,80,80,3,0.0,1.45,b1,Qwen3-VL-32B-Instruct-FP8,base,1,100,1,0,0,0,Qwen3-VL-32B-Instruct-FP8,"{""count"": 100}",2.13
c80_s3_b0_o0_L07,c80_s3_b0_o0,c80_s3_b0_o0_L07,80,80,3,0.0,1.45,b1,Qwen3-VL-32B-Instruct-FP8,base,1,100,1,0,0,0,Qwen3-VL-32B-Instruct-FP8,"{""count"": 100}",2.13
c80_s3_b0_o1_L00,c80_s3_b0_o1,c80_s3_b0_o1_L00,80,80,3,0.0,1.15,b1,Qwen3-VL-32B-Instruct-FP8,base,1,100,1,0,0,0,Qwen3-VL-32B-Instruct-FP8,"{""count"": 100}",2.14
c80_s3_b0_o1_L01,c80_s3_b0_o1,c80_s3_b0_o1_L01,80,80,3,0.0,1.15,b1,Qwen3-VL-32B-Instruct-FP8,base,1,100,1,0,0,0,Qwen3-VL-32B-Instruct-FP8,"{""count"": 100}",2.14
c80_s3_b0_o1_L03,c80_s3_b0_o1,c80_s3_b0_o1_L03,80,80,3,0.0,1.15,b1,Qwen3-VL-32B-Instruct-FP8,base,1,100,1,0,0,0,Qwen3-VL-32B-Instruct-FP8,"{""count"": 100}",2.11
c80_s3_b0_o1_L02,c80_s3_b0_o1,c80_s3_b0_o1_L02,80,80,3,0.0,1.15,b1,Qwen3-VL-32B-Instruct-FP8,base,1,100,1,0,0,0,Qwen3-VL-32B-Instruct-FP8,"{""count"": 100}",2.14
c80_s3_b0_o1_L04,c80_s3_b0_o1,c80_s3_b0_o1_L04,80,80,3,0.0,1.15,b1,Qwen3-VL-32B-Instruct-FP8,base,1,100,1,0,0,0,Qwen3-VL-32B-Instruct-FP8,"{""count"": 100}",2.13
c80_s3_b0_o1_L06,c80_s3_b0_o1,c80_s3_b0_o1_L06,80,80,3,0.0,1.15,b1,Qwen3-VL-32B-Instruct-FP8,base,1,100,1,0,0,0,Qwen3-VL-32B-Instruct-FP8,"{""count"": 100}",2.13
c80_s3_b0_o1_L07,c80_s3_b0_o1,c80_s3_b0_o1_L07,80,80,3,0.0,1.15,b1,Qwen3-VL-32B-Instruct-FP8,base,1,100,1,0,0,0,Qwen3-VL-32B-Instruct-FP8,"{""count"": 100}",2.15
c80_s3_b0_o1_L05,c80_s3_b0_o1,c80_s3_b0_o1_L05,80,80,3,0.0,1.15,b1,Qwen3-VL-32B-Instruct-FP8,base,1,100,1,0,0,0,Qwen3-VL-32B-Instruct-FP8,"{""count"": 100}",2.16
c80_s3_b0_o2_L00,c80_s3_b0_o2,c80_s3_b0_o2_L00,80,38,3,0.0,0.85,b1,Qwen3-VL-32B-Instruct-FP8,base,1,50,1,0,0,0,Qwen3-VL-32B-Instruct-FP8,"{""count"": 50}",2.11
c80_s3_b0_o2_L01,c80_s3_b0_o2,c80_s3_b0_o2_L01,80,35,3,0.0,0.85,b1,Qwen3-VL-32B-Instruct-FP8,base,1,50,1,0,0,0,Qwen3-VL-32B-Instruct-FP8,"{""count"": 50}",2.11
c80_s3_b0_o2_L03,c80_s3_b0_o2,c80_s3_b0_o2_L03,80,32,3,0.0,0.85,b1,Qwen3-VL-32B-Instruct-FP8,base,1,60,1,0,0,0,Qwen3-VL-32B-Instruct-FP8,"{""count"": 60}",2.08
c80_s3_b0_o2_L02,c80_s3_b0_o2,c80_s3_b0_o2_L02,80,37,3,0.0,0.85,b1,Qwen3-VL-32B-Instruct-FP8,base,1,100,1,0,0,0,Qwen3-VL-32B-Instruct-FP8,"{""count"": 100}",2.13
c80_s3_b0_o2_L04,c80_s3_b0_o2,c80_s3_b0_o2_L04,80,33,3,0.0,0.85,b1,Qwen3-VL-32B-Instruct-FP8,base,1,100,1,0,0,0,Qwen3-VL-32B-Instruct-FP8,"{""count"": 100}",2.16
c80_s3_b0_o2_L06,c80_s3_b0_o2,c80_s3_b0_o2_L06,80,30,3,0.0,0.85,b1,Qwen3-VL-32B-Instruct-FP8,base,1,50,1,0,0,0,Qwen3-VL-32B-Instruct-FP8,"{""count"": 50}",2.13
c80_s3_b0_o2_L05,c80_s3_b0_o2,c80_s3_b0_o2_L05,80,35,3,0.0,0.85,b1,Qwen3-VL-32B-Instruct-FP8,base,1,100,1,0,0,0,Qwen3-VL-32B-Instruct-FP8,"{""count"": 100}",2.16
c80_s3_b0_o2_L07,c80_s3_b0_o2,c80_s3_b0_o2_L07,80,37,3,0.0,0.85,b1,Qwen3-VL-32B-Instruct-FP8,base,1,60,1,0,0,0,Qwen3-VL-32B-Instruct-FP8,"{""count"": 60}",2.11
c80_s3_b4_o0_L00,c80_s3_b4_o0,c80_s3_b4_o0_L00,80,80,3,4.0,1.45,b1,Qwen3-VL-32B-Instruct-FP8,base,1,0,1,0,0,0,Qwen3-VL-32B-Instruct-FP8,"{""count"": 0}",2.10
c80_s3_b4_o0_L01,c80_s3_b4_o0,c80_s3_b4_o0_L01,80,80,3,4.0,1.45,b1,Qwen3-VL-32B-Instruct-FP8,base,1,0,1,0,0,0,Qwen3-VL-32B-Instruct-FP8,"{""count"": 0}",2.13
c80_s3_b4_o0_L03,c80_s3_b4_o0,c80_s3_b4_o0_L03,80,80,3,4.0,1.45,b1,Qwen3-VL-32B-Instruct-FP8,base,1,0,1,0,0,0,Qwen3-VL-32B-Instruct-FP8,"{""count"": 0}",2.10
c80_s3_b4_o0_L02,c80_s3_b4_o0,c80_s3_b4_o0_L02,80,80,3,4.0,1.45,b1,Qwen3-VL-32B-Instruct-FP8,base,1,0,1,0,0,0,Qwen3-VL-32B-Instruct-FP8,"{""count"": 0}",2.13
c80_s3_b4_o0_L04,c80_s3_b4_o0,c80_s3_b4_o0_L04,80,80,3,4.0,1.45,b1,Qwen3-VL-32B-Instruct-FP8,base,1,0,1,0,0,0,Qwen3-VL-32B-Instruct-FP8,"{""count"": 0}",2.08
c80_s3_b4_o0_L06,c80_s3_b4_o0,c80_s3_b4_o0_L06,80,80,3,4.0,1.45,b1,Qwen3-VL-32B-Instruct-FP8,base,1,0,1,0,0,0,Qwen3-VL-32B-Instruct-FP8,"{""count"": 0}",2.08
c80_s3_b4_o0_L05,c80_s3_b4_o0,c80_s3_b4_o0_L05,80,80,3,4.0,1.45,b1,Qwen3-VL-32B-Instruct-FP8,base,1,0,1,0,0,0,Qwen3-VL-32B-Instruct-FP8,"{""count"": 0}",2.08
c80_s3_b4_o0_L07,c80_s3_b4_o0,c80_s3_b4_o0_L07,80,80,3,4.0,1.45,b1,Qwen3-VL-32B-Instruct-FP8,base,1,0,1,0,0,0,Qwen3-VL-32B-Instruct-FP8,"{""count"": 0}",2.08
c80_s3_b4_o1_L00,c80_s3_b4_o1,c80_s3_b4_o1_L00,80,37,3,4.0,1.15,b1,Qwen3-VL-32B-Instruct-FP8,base,1,0,1,0,0,0,Qwen3-VL-32B-Instruct-FP8,"{""count"": 0}",2.09
c80_s3_b4_o1_L02,c80_s3_b4_o1,c80_s3_b4_o1_L02,80,36,3,4.0,1.15,b1,Qwen3-VL-32B-Instruct-FP8,base,1,0,1,0,0,0,Qwen3-VL-32B-Instruct-FP8,"{""count"": 0}",2.09
c80_s3_b4_o1_L01,c80_s3_b4_o1,c80_s3_b4_o1_L01,80,42,3,4.0,1.15,b1,Qwen3-VL-32B-Instruct-FP8,base,1,0,1,0,0,0,Qwen3-VL-32B-Instruct-FP8,"{""count"": 0}",2.09
c80_s3_b4_o1_L03,c80_s3_b4_o1,c80_s3_b4_o1_L03,80,43,3,4.0,1.15,b1,Qwen3-VL-32B-Instruct-FP8,base,1,0,1,0,0,0,Qwen3-VL-32B-Instruct-FP8,"{""count"": 0}",2.09
c80_s3_b4_o1_L04,c80_s3_b4_o1,c80_s3_b4_o1_L04,80,32,3,4.0,1.15,b1,Qwen3-VL-32B-Instruct-FP8,base,1,0,1,0,0,0,Qwen3-VL-32B-Instruct-FP8,"{""count"": 0}",2.07
c80_s3_b4_o1_L06,c80_s3_b4_o1,c80_s3_b4_o1_L06,80,33,3,4.0,1.15,b1,Qwen3-VL-32B-Instruct-FP8,base,1,0,1,0,0,0,Qwen3-VL-32B-Instruct-FP8,"{""count"": 0}",2.07
c80_s3_b4_o1_L05,c80_s3_b4_o1,c80_s3_b4_o1_L05,80,33,3,4.0,1.15,b1,Qwen3-VL-32B-Instruct-FP8,base,1,0,1,0,0,0,Qwen3-VL-32B-Instruct-FP8,"{""count"": 0}",2.10
c80_s3_b4_o1_L07,c80_s3_b4_o1,c80_s3_b4_o1_L07,80,40,3,4.0,1.15,b1,Qwen3-VL-32B-Instruct-FP8,base,1,0,1,0,0,0,Qwen3-VL-32B-Instruct-FP8,"{""count"": 0}",2.07
c80_s3_b4_o2_L00,c80_s3_b4_o2,c80_s3_b4_o2_L00,80,34,3,4.0,0.85,b1,Qwen3-VL-32B-Instruct-FP8,base,1,0,1,0,0,0,Qwen3-VL-32B-Instruct-FP8,"{""count"": 0}",2.08
c80_s3_b4_o2_L01,c80_s3_b4_o2,c80_s3_b4_o2_L01,80,29,3,4.0,0.85,b1,Qwen3-VL-32B-Instruct-FP8,base,1,0,1,0,0,0,Qwen3-VL-32B-Instruct-FP8,"{""count"": 0}",2.09
c80_s3_b4_o2_L02,c80_s3_b4_o2,c80_s3_b4_o2_L02,80,35,3,4.0,0.85,b1,Qwen3-VL-32B-Instruct-FP8,base,1,0,1,0,0,0,Qwen3-VL-32B-Instruct-FP8,"{""count"": 0}",2.06
c80_s3_b4_o2_L03,c80_s3_b4_o2,c80_s3_b4_o2_L03,80,31,3,4.0,0.85,b1,Qwen3-VL-32B-Instruct-FP8,base,1,0,1,0,0,0,Qwen3-VL-32B-Instruct-FP8,"{""count"": 0}",2.08
c80_s3_b4_o2_L04,c80_s3_b4_o2,c80_s3_b4_o2_L04,80,27,3,4.0,0.85,b1,Qwen3-VL-32B-Instruct-FP8,base,1,0,1,0,0,0,Qwen3-VL-32B-Instruct-FP8,"{""count"": 0}",2.08
c80_s3_b4_o2_L05,c80_s3_b4_o2,c80_s3_b4_o2_L05,80,32,3,4.0,0.85,b1,Qwen3-VL-32B-Instruct-FP8,base,1,0,1,0,0,0,Qwen3-VL-32B-Instruct-FP8,"{""count"": 0}",2.07
c80_s3_b4_o2_L06,c80_s3_b4_o2,c80_s3_b4_o2_L06,80,34,3,4.0,0.85,b1,Qwen3-VL-32B-Instruct-FP8,base,1,0,1,0,0,0,Qwen3-VL-32B-Instruct-FP8,"{""count"": 0}",2.10
c80_s3_b4_o2_L07,c80_s3_b4_o2,c80_s3_b4_o2_L07,80,29,3,4.0,0.85,b1,Qwen3-VL-32B-Instruct-FP8,base,1,0,1,0,0,0,Qwen3-VL-32B-Instruct-FP8,"{""count"": 0}",2.08
c80_s3_b8_o0_L00,c80_s3_b8_o0,c80_s3_b8_o0_L00,80,14,3,8.0,1.45,b1,Qwen3-VL-32B-Instruct-FP8,base,1,0,1,0,0,0,Qwen3-VL-32B-Instruct-FP8,"{""count"": 0}",2.08
c80_s3_b8_o0_L02,c80_s3_b8_o0,c80_s3_b8_o0_L02,80,12,3,8.0,1.45,b1,Qwen3-VL-32B-Instruct-FP8,base,1,0,1,0,0,0,Qwen3-VL-32B-Instruct-FP8,"{""count"": 0}",2.06
c80_s3_b8_o0_L01,c80_s3_b8_o0,c80_s3_b8_o0_L01,80,13,3,8.0,1.45,b1,Qwen3-VL-32B-Instruct-FP8,base,1,0,1,0,0,0,Qwen3-VL-32B-Instruct-FP8,"{""count"": 0}",2.08
c80_s3_b8_o0_L03,c80_s3_b8_o0,c80_s3_b8_o0_L03,80,8,3,8.0,1.45,b1,Qwen3-VL-32B-Instruct-FP8,base,1,0,1,0,0,0,Qwen3-VL-32B-Instruct-FP8,"{""count"": 0}",2.09
c80_s3_b8_o0_L04,c80_s3_b8_o0,c80_s3_b8_o0_L04,80,14,3,8.0,1.45,b1,Qwen3-VL-32B-Instruct-FP8,base,1,0,1,0,0,0,Qwen3-VL-32B-Instruct-FP8,"{""count"": 0}",2.09
c80_s3_b8_o0_L05,c80_s3_b8_o0,c80_s3_b8_o0_L05,80,17,3,8.0,1.45,b1,Qwen3-VL-32B-Instruct-FP8,base,1,0,1,0,0,0,Qwen3-VL-32B-Instruct-FP8,"{""count"": 0}",2.09
c80_s3_b8_o0_L06,c80_s3_b8_o0,c80_s3_b8_o0_L06,80,14,3,8.0,1.45,b1,Qwen3-VL-32B-Instruct-FP8,base,1,0,1,0,0,0,Qwen3-VL-32B-Instruct-FP8,"{""count"": 0}",2.09
c80_s3_b8_o0_L07,c80_s3_b8_o0,c80_s3_b8_o0_L07,80,17,3,8.0,1.45,b1,Qwen3-VL-32B-Instruct-FP8,base,1,0,1,0,0,0,Qwen3-VL-32B-Instruct-FP8,"{""count"": 0}",2.09
c80_s3_b8_o1_L00,c80_s3_b8_o1,c80_s3_b8_o1_L00,80,24,3,8.0,1.15,b1,Qwen3-VL-32B-Instruct-FP8,base,1,0,1,0,0,0,Qwen3-VL-32B-Instruct-FP8,"{""count"": 0}",2.07
c80_s3_b8_o1_L02,c80_s3_b8_o1,c80_s3_b8_o1_L02,80,23,3,8.0,1.15,b1,Qwen3-VL-32B-Instruct-FP8,base,1,0,1,0,0,0,Qwen3-VL-32B-Instruct-FP8,"{""count"": 0}",2.07
c80_s3_b8_o1_L03,c80_s3_b8_o1,c80_s3_b8_o1_L03,80,23,3,8.0,1.15,b1,Qwen3-VL-32B-Instruct-FP8,base,1,0,1,0,0,0,Qwen3-VL-32B-Instruct-FP8,"{""count"": 0}",2.07
c80_s3_b8_o1_L01,c80_s3_b8_o1,c80_s3_b8_o1_L01,80,27,3,8.0,1.15,b1,Qwen3-VL-32B-Instruct-FP8,base,1,0,1,0,0,0,Qwen3-VL-32B-Instruct-FP8,"{""count"": 0}",2.10
c80_s3_b8_o1_L04,c80_s3_b8_o1,c80_s3_b8_o1_L04,80,25,3,8.0,1.15,b1,Qwen3-VL-32B-Instruct-FP8,base,1,0,1,0,0,0,Qwen3-VL-32B-Instruct-FP8,"{""count"": 0}",2.08
c80_s3_b8_o1_L05,c80_s3_b8_o1,c80_s3_b8_o1_L05,80,23,3,8.0,1.15,b1,Qwen3-VL-32B-Instruct-FP8,base,1,0,1,0,0,0,Qwen3-VL-32B-Instruct-FP8,"{""count"": 0}",2.08
c80_s3_b8_o1_L07,c80_s3_b8_o1,c80_s3_b8_o1_L07,80,25,3,8.0,1.15,b1,Qwen3-VL-32B-Instruct-FP8,base,1,0,1,0,0,0,Qwen3-VL-32B-Instruct-FP8,"{""count"": 0}",2.06
c80_s3_b8_o1_L06,c80_s3_b8_o1,c80_s3_b8_o1_L06,80,22,3,8.0,1.15,b1,Qwen3-VL-32B-Instruct-FP8,base,1,0,1,0,0,0,Qwen3-VL-32B-Instruct-FP8,"{""count"": 0}",2.08
c80_s3_b8_o2_L00,c80_s3_b8_o2,c80_s3_b8_o2_L00,80,24,3,8.0,0.85,b1,Qwen3-VL-32B-Instruct-FP8,base,1,0,1,0,0,0,Qwen3-VL-32B-Instruct-FP8,"{""count"": 0}",2.08
c80_s3_b8_o2_L01,c80_s3_b8_o2,c80_s3_b8_o2_L01,80,22,3,8.0,0.85,b1,Qwen3-VL-32B-Instruct-FP8,base,1,0,1,0,0,0,Qwen3-VL-32B-Instruct-FP8,"{""count"": 0}",2.07
c80_s3_b8_o2_L03,c80_s3_b8_o2,c80_s3_b8_o2_L03,80,24,3,8.0,0.85,b1,Qwen3-VL-32B-Instruct-FP8,base,1,0,1,0,0,0,Qwen3-VL-32B-Instruct-FP8,"{""count"": 0}",2.08
c80_s3_b8_o2_L02,c80_s3_b8_o2,c80_s3_b8_o2_L02,80,22,3,8.0,0.85,b1,Qwen3-VL-32B-Instruct-FP8,base,1,0,1,0,0,0,Qwen3-VL-32B-Instruct-FP8,"{""count"": 0}",2.10
c80_s3_b8_o2_L04,c80_s3_b8_o2,c80_s3_b8_o2_L04,80,22,3,8.0,0.85,b1,Qwen3-VL-32B-Instruct-FP8,base,1,0,1,0,0,0,Qwen3-VL-32B-Instruct-FP8,"{""count"": 0}",2.07
c80_s3_b8_o2_L05,c80_s3_b8_o2,c80_s3_b8_o2_L05,80,22,3,8.0,0.85,b1,Qwen3-VL-32B-Instruct-FP8,base,1,0,1,0,0,0,Qwen3-VL-32B-Instruct-FP8,"{""count"": 0}",2.08
c80_s3_b8_o2_L07,c80_s3_b8_o2,c80_s3_b8_o2_L07,80,23,3,8.0,0.85,b1,Qwen3-VL-32B-Instruct-FP8,base,1,0,1,0,0,0,Qwen3-VL-32B-Instruct-FP8,"{""count"": 0}",2.07
c80_s3_b8_o2_L06,c80_s3_b8_o2,c80_s3_b8_o2_L06,80,21,3,8.0,0.85,b1,Qwen3-VL-32B-Instruct-FP8,base,1,0,1,0,0,0,Qwen3-VL-32B-Instruct-FP8,"{""count"": 0}",2.07
c80_s8_b0_o0_L00,c80_s8_b0_o0,c80_s8_b0_o0_L00,80,80,8,0.0,1.45,b1,Qwen3-VL-32B-Instruct-FP8,base,1,100,1,0,0,0,Qwen3-VL-32B-Instruct-FP8,"{""count"": 100}",2.13
c80_s8_b0_o0_L01,c80_s8_b0_o0,c80_s8_b0_o0_L01,80,80,8,0.0,1.45,b1,Qwen3-VL-32B-Instruct-FP8,base,1,100,1,0,0,0,Qwen3-VL-32B-Instruct-FP8,"{""count"": 100}",2.13
c80_s8_b0_o0_L02,c80_s8_b0_o0,c80_s8_b0_o0_L02,80,80,8,0.0,1.45,b1,Qwen3-VL-32B-Instruct-FP8,base,1,100,1,0,0,0,Qwen3-VL-32B-Instruct-FP8,"{""count"": 100}",2.11
c80_s8_b0_o0_L03,c80_s8_b0_o0,c80_s8_b0_o0_L03,80,80,8,0.0,1.45,b1,Qwen3-VL-32B-Instruct-FP8,base,1,100,1,0,0,0,Qwen3-VL-32B-Instruct-FP8,"{""count"": 100}",2.13
c80_s8_b0_o0_L04,c80_s8_b0_o0,c80_s8_b0_o0_L04,80,80,8,0.0,1.45,b1,Qwen3-VL-32B-Instruct-FP8,base,1,100,1,0,0,0,Qwen3-VL-32B-Instruct-FP8,"{""count"": 100}",2.13
c80_s8_b0_o0_L06,c80_s8_b0_o0,c80_s8_b0_o0_L06,80,80,8,0.0,1.45,b1,Qwen3-VL-32B-Instruct-FP8,base,1,100,1,0,0,0,Qwen3-VL-32B-Instruct-FP8,"{""count"": 100}",2.13
c80_s8_b0_o0_L05,c80_s8_b0_o0,c80_s8_b0_o0_L05,80,80,8,0.0,1.45,b1,Qwen3-VL-32B-Instruct-FP8,base,1,100,1,0,0,0,Qwen3-VL-32B-Instruct-FP8,"{""count"": 100}",2.13
c80_s8_b0_o0_L07,c80_s8_b0_o0,c80_s8_b0_o0_L07,80,80,8,0.0,1.45,b1,Qwen3-VL-32B-Instruct-FP8,base,1,100,1,0,0,0,Qwen3-VL-32B-Instruct-FP8,"{""count"": 100}",2.13
c80_s8_b0_o1_L00,c80_s8_b0_o1,c80_s8_b0_o1_L00,80,80,8,0.0,1.15,b1,Qwen3-VL-32B-Instruct-FP8,base,1,100,1,0,0,0,Qwen3-VL-32B-Instruct-FP8,"{""count"": 100}",2.13
c80_s8_b0_o1_L01,c80_s8_b0_o1,c80_s8_b0_o1_L01,80,80,8,0.0,1.15,b1,Qwen3-VL-32B-Instruct-FP8,base,1,100,1,0,0,0,Qwen3-VL-32B-Instruct-FP8,"{""count"": 100}",2.13
c80_s8_b0_o1_L02,c80_s8_b0_o1,c80_s8_b0_o1_L02,80,80,8,0.0,1.15,b1,Qwen3-VL-32B-Instruct-FP8,base,1,100,1,0,0,0,Qwen3-VL-32B-Instruct-FP8,"{""count"": 100}",2.13
c80_s8_b0_o1_L03,c80_s8_b0_o1,c80_s8_b0_o1_L03,80,80,8,0.0,1.15,b1,Qwen3-VL-32B-Instruct-FP8,base,1,100,1,0,0,0,Qwen3-VL-32B-Instruct-FP8,"{""count"": 100}",2.13
c80_s8_b0_o1_L04,c80_s8_b0_o1,c80_s8_b0_o1_L04,80,80,8,0.0,1.15,b1,Qwen3-VL-32B-Instruct-FP8,base,1,100,1,0,0,0,Qwen3-VL-32B-Instruct-FP8,"{""count"": 100}",2.13
c80_s8_b0_o1_L05,c80_s8_b0_o1,c80_s8_b0_o1_L05,80,80,8,0.0,1.15,b1,Qwen3-VL-32B-Instruct-FP8,base,1,100,1,0,0,0,Qwen3-VL-32B-Instruct-FP8,"{""count"": 100}",2.13
c80_s8_b0_o1_L06,c80_s8_b0_o1,c80_s8_b0_o1_L06,80,80,8,0.0,1.15,b1,Qwen3-VL-32B-Instruct-FP8,base,1,100,1,0,0,0,Qwen3-VL-32B-Instruct-FP8,"{""count"": 100}",2.13
c80_s8_b0_o1_L07,c80_s8_b0_o1,c80_s8_b0_o1_L07,80,80,8,0.0,1.15,b1,Qwen3-VL-32B-Instruct-FP8,base,1,100,1,0,0,0,Qwen3-VL-32B-Instruct-FP8,"{""count"": 100}",2.13
c80_s8_b0_o2_L00,c80_s8_b0_o2,c80_s8_b0_o2_L00,80,57,8,0.0,0.85,b1,Qwen3-VL-32B-Instruct-FP8,base,1,100,1,0,0,0,Qwen3-VL-32B-Instruct-FP8,"{""count"": 100}",2.13
c80_s8_b0_o2_L01,c80_s8_b0_o2,c80_s8_b0_o2_L01,80,54,8,0.0,0.85,b1,Qwen3-VL-32B-Instruct-FP8,base,1,100,1,0,0,0,Qwen3-VL-32B-Instruct-FP8,"{""count"": 100}",2.13
c80_s8_b0_o2_L02,c80_s8_b0_o2,c80_s8_b0_o2_L02,80,50,8,0.0,0.85,b1,Qwen3-VL-32B-Instruct-FP8,base,1,100,1,0,0,0,Qwen3-VL-32B-Instruct-FP8,"{""count"": 100}",2.13
c80_s8_b0_o2_L03,c80_s8_b0_o2,c80_s8_b0_o2_L03,80,51,8,0.0,0.85,b1,Qwen3-VL-32B-Instruct-FP8,base,1,100,1,0,0,0,Qwen3-VL-32B-Instruct-FP8,"{""count"": 100}",2.13
c80_s8_b0_o2_L04,c80_s8_b0_o2,c80_s8_b0_o2_L04,80,54,8,0.0,0.85,b1,Qwen3-VL-32B-Instruct-FP8,base,1,100,1,0,0,0,Qwen3-VL-32B-Instruct-FP8,"{""count"": 100}",2.13
c80_s8_b0_o2_L06,c80_s8_b0_o2,c80_s8_b0_o2_L06,80,59,8,0.0,0.85,b1,Qwen3-VL-32B-Instruct-FP8,base,1,100,1,0,0,0,Qwen3-VL-32B-Instruct-FP8,"{""count"": 100}",2.13
c80_s8_b0_o2_L05,c80_s8_b0_o2,c80_s8_b0_o2_L05,80,54,8,0.0,0.85,b1,Qwen3-VL-32B-Instruct-FP8,base,1,100,1,0,0,0,Qwen3-VL-32B-Instruct-FP8,"{""count"": 100}",2.13
c80_s8_b0_o2_L07,c80_s8_b0_o2,c80_s8_b0_o2_L07,80,58,8,0.0,0.85,b1,Qwen3-VL-32B-Instruct-FP8,base,1,100,1,0,0,0,Qwen3-VL-32B-Instruct-FP8,"{""count"": 100}",2.13
c80_s8_b4_o0_L00,c80_s8_b4_o0,c80_s8_b4_o0_L00,80,80,8,4.0,1.45,b1,Qwen3-VL-32B-Instruct-FP8,base,1,50,1,0,0,0,Qwen3-VL-32B-Instruct-FP8,"{""count"": 50}",2.10
c80_s8_b4_o0_L01,c80_s8_b4_o0,c80_s8_b4_o0_L01,80,80,8,4.0,1.45,b1,Qwen3-VL-32B-Instruct-FP8,base,1,40,1,0,0,0,Qwen3-VL-32B-Instruct-FP8,"{""count"": 40}",2.10
c80_s8_b4_o0_L03,c80_s8_b4_o0,c80_s8_b4_o0_L03,80,80,8,4.0,1.45,b1,Qwen3-VL-32B-Instruct-FP8,base,1,50,1,0,0,0,Qwen3-VL-32B-Instruct-FP8,"{""count"": 50}",2.10
c80_s8_b4_o0_L02,c80_s8_b4_o0,c80_s8_b4_o0_L02,80,80,8,4.0,1.45,b1,Qwen3-VL-32B-Instruct-FP8,base,1,50,1,0,0,0,Qwen3-VL-32B-Instruct-FP8,"{""count"": 50}",2.12
c80_s8_b4_o0_L04,c80_s8_b4_o0,c80_s8_b4_o0_L04,80,80,8,4.0,1.45,b1,Qwen3-VL-32B-Instruct-FP8,base,1,50,1,0,0,0,Qwen3-VL-32B-Instruct-FP8,"{""count"": 50}",2.11
c80_s8_b4_o0_L06,c80_s8_b4_o0,c80_s8_b4_o0_L06,80,80,8,4.0,1.45,b1,Qwen3-VL-32B-Instruct-FP8,base,1,50,1,0,0,0,Qwen3-VL-32B-Instruct-FP8,"{""count"": 50}",2.08
c80_s8_b4_o0_L05,c80_s8_b4_o0,c80_s8_b4_o0_L05,80,80,8,4.0,1.45,b1,Qwen3-VL-32B-Instruct-FP8,base,1,50,1,0,0,0,Qwen3-VL-32B-Instruct-FP8,"{""count"": 50}",2.11
c80_s8_b4_o0_L07,c80_s8_b4_o0,c80_s8_b4_o0_L07,80,80,8,4.0,1.45,b1,Qwen3-VL-32B-Instruct-FP8,base,1,100,1,0,0,0,Qwen3-VL-32B-Instruct-FP8,"{""count"": 100}",2.13
c80_s8_b4_o1_L00,c80_s8_b4_o1,c80_s8_b4_o1_L00,80,80,8,4.0,1.15,b1,Qwen3-VL-32B-Instruct-FP8,base,1,100,1,0,0,0,Qwen3-VL-32B-Instruct-FP8,"{""count"": 100}",2.15
c80_s8_b4_o1_L01,c80_s8_b4_o1,c80_s8_b4_o1_L01,80,80,8,4.0,1.15,b1,Qwen3-VL-32B-Instruct-FP8,base,1,100,1,0,0,0,Qwen3-VL-32B-Instruct-FP8,"{""count"": 100}",2.15
c80_s8_b4_o1_L02,c80_s8_b4_o1,c80_s8_b4_o1_L02,80,80,8,4.0,1.15,b1,Qwen3-VL-32B-Instruct-FP8,base,1,100,1,0,0,0,Qwen3-VL-32B-Instruct-FP8,"{""count"": 100}",2.15
c80_s8_b4_o1_L03,c80_s8_b4_o1,c80_s8_b4_o1_L03,80,80,8,4.0,1.15,b1,Qwen3-VL-32B-Instruct-FP8,base,1,100,1,0,0,0,Qwen3-VL-32B-Instruct-FP8,"{""count"": 100}",2.13
c80_s8_b4_o1_L04,c80_s8_b4_o1,c80_s8_b4_o1_L04,80,80,8,4.0,1.15,b1,Qwen3-VL-32B-Instruct-FP8,base,1,100,1,0,0,0,Qwen3-VL-32B-Instruct-FP8,"{""count"": 100}",2.13
c80_s8_b4_o1_L06,c80_s8_b4_o1,c80_s8_b4_o1_L06,80,80,8,4.0,1.15,b1,Qwen3-VL-32B-Instruct-FP8,base,1,100,1,0,0,0,Qwen3-VL-32B-Instruct-FP8,"{""count"": 100}",2.13
c80_s8_b4_o1_L05,c80_s8_b4_o1,c80_s8_b4_o1_L05,80,80,8,4.0,1.15,b1,Qwen3-VL-32B-Instruct-FP8,base,1,100,1,0,0,0,Qwen3-VL-32B-Instruct-FP8,"{""count"": 100}",2.13
c80_s8_b4_o1_L07,c80_s8_b4_o1,c80_s8_b4_o1_L07,80,80,8,4.0,1.15,b1,Qwen3-VL-32B-Instruct-FP8,base,1,100,1,0,0,0,Qwen3-VL-32B-Instruct-FP8,"{""count"": 100}",2.13
c80_s8_b4_o2_L00,c80_s8_b4_o2,c80_s8_b4_o2_L00,80,45,8,4.0,0.85,b1,Qwen3-VL-32B-Instruct-FP8,base,1,0,1,0,0,0,Qwen3-VL-32B-Instruct-FP8,"{""count"": 0}",2.08
c80_s8_b4_o2_L02,c80_s8_b4_o2,c80_s8_b4_o2_L02,80,46,8,4.0,0.85,b1,Qwen3-VL-32B-Instruct-FP8,base,1,0,1,0,0,0,Qwen3-VL-32B-Instruct-FP8,"{""count"": 0}",2.08
c80_s8_b4_o2_L01,c80_s8_b4_o2,c80_s8_b4_o2_L01,80,60,8,4.0,0.85,b1,Qwen3-VL-32B-Instruct-FP8,base,1,0,1,0,0,0,Qwen3-VL-32B-Instruct-FP8,"{""count"": 0}",2.08
c80_s8_b4_o2_L03,c80_s8_b4_o2,c80_s8_b4_o2_L03,80,50,8,4.0,0.85,b1,Qwen3-VL-32B-Instruct-FP8,base,1,0,1,0,0,0,Qwen3-VL-32B-Instruct-FP8,"{""count"": 0}",2.08
c80_s8_b4_o2_L04,c80_s8_b4_o2,c80_s8_b4_o2_L04,80,52,8,4.0,0.85,b1,Qwen3-VL-32B-Instruct-FP8,base,1,0,1,0,0,0,Qwen3-VL-32B-Instruct-FP8,"{""count"": 0}",2.08
c80_s8_b4_o2_L06,c80_s8_b4_o2,c80_s8_b4_o2_L06,80,50,8,4.0,0.85,b1,Qwen3-VL-32B-Instruct-FP8,base,1,0,1,0,0,0,Qwen3-VL-32B-Instruct-FP8,"{""count"": 0}",2.08
c80_s8_b4_o2_L05,c80_s8_b4_o2,c80_s8_b4_o2_L05,80,48,8,4.0,0.85,b1,Qwen3-VL-32B-Instruct-FP8,base,1,0,1,0,0,0,Qwen3-VL-32B-Instruct-FP8,"{""count"": 0}",2.08
c80_s8_b4_o2_L07,c80_s8_b4_o2,c80_s8_b4_o2_L07,80,46,8,4.0,0.85,b1,Qwen3-VL-32B-Instruct-FP8,base,1,0,1,0,0,0,Qwen3-VL-32B-Instruct-FP8,"{""count"": 0}",2.08
c80_s8_b8_o0_L00,c80_s8_b8_o0,c80_s8_b8_o0_L00,80,80,8,8.0,1.45,b1,Qwen3-VL-32B-Instruct-FP8,base,1,0,1,0,0,0,Qwen3-VL-32B-Instruct-FP8,"{""count"": 0}",2.08
c80_s8_b8_o0_L01,c80_s8_b8_o0,c80_s8_b8_o0_L01,80,80,8,8.0,1.45,b1,Qwen3-VL-32B-Instruct-FP8,base,1,0,1,0,0,0,Qwen3-VL-32B-Instruct-FP8,"{""count"": 0}",2.08
c80_s8_b8_o0_L02,c80_s8_b8_o0,c80_s8_b8_o0_L02,80,80,8,8.0,1.45,b1,Qwen3-VL-32B-Instruct-FP8,base,1,0,1,0,0,0,Qwen3-VL-32B-Instruct-FP8,"{""count"": 0}",2.11
c80_s8_b8_o0_L03,c80_s8_b8_o0,c80_s8_b8_o0_L03,80,80,8,8.0,1.45,b1,Qwen3-VL-32B-Instruct-FP8,base,1,0,1,0,0,0,Qwen3-VL-32B-Instruct-FP8,"{""count"": 0}",2.08
c80_s8_b8_o0_L04,c80_s8_b8_o0,c80_s8_b8_o0_L04,80,80,8,8.0,1.45,b1,Qwen3-VL-32B-Instruct-FP8,base,1,0,1,0,0,0,Qwen3-VL-32B-Instruct-FP8,"{""count"": 0}",2.08
c80_s8_b8_o0_L05,c80_s8_b8_o0,c80_s8_b8_o0_L05,80,80,8,8.0,1.45,b1,Qwen3-VL-32B-Instruct-FP8,base,1,0,1,0,0,0,Qwen3-VL-32B-Instruct-FP8,"{""count"": 0}",2.08
c80_s8_b8_o0_L06,c80_s8_b8_o0,c80_s8_b8_o0_L06,80,80,8,8.0,1.45,b1,Qwen3-VL-32B-Instruct-FP8,base,1,0,1,0,0,0,Qwen3-VL-32B-Instruct-FP8,"{""count"": 0}",2.08
c80_s8_b8_o0_L07,c80_s8_b8_o0,c80_s8_b8_o0_L07,80,80,8,8.0,1.45,b1,Qwen3-VL-32B-Instruct-FP8,base,1,0,1,0,0,0,Qwen3-VL-32B-Instruct-FP8,"{""count"": 0}",2.08
c80_s8_b8_o1_L00,c80_s8_b8_o1,c80_s8_b8_o1_L00,80,67,8,8.0,1.15,b1,Qwen3-VL-32B-Instruct-FP8,base,1,0,1,0,0,0,Qwen3-VL-32B-Instruct-FP8,"{""count"": 0}",2.08
c80_s8_b8_o1_L01,c80_s8_b8_o1,c80_s8_b8_o1_L01,80,69,8,8.0,1.15,b1,Qwen3-VL-32B-Instruct-FP8,base,1,0,1,0,0,0,Qwen3-VL-32B-Instruct-FP8,"{""count"": 0}",2.08
c80_s8_b8_o1_L03,c80_s8_b8_o1,c80_s8_b8_o1_L03,80,73,8,8.0,1.15,b1,Qwen3-VL-32B-Instruct-FP8,base,1,0,1,0,0,0,Qwen3-VL-32B-Instruct-FP8,"{""count"": 0}",2.08
c80_s8_b8_o1_L02,c80_s8_b8_o1,c80_s8_b8_o1_L02,80,66,8,8.0,1.15,b1,Qwen3-VL-32B-Instruct-FP8,base,1,0,1,0,0,0,Qwen3-VL-32B-Instruct-FP8,"{""count"": 0}",2.08
c80_s8_b8_o1_L04,c80_s8_b8_o1,c80_s8_b8_o1_L04,80,73,8,8.0,1.15,b1,Qwen3-VL-32B-Instruct-FP8,base,1,0,1,0,0,0,Qwen3-VL-32B-Instruct-FP8,"{""count"": 0}",2.08
c80_s8_b8_o1_L05,c80_s8_b8_o1,c80_s8_b8_o1_L05,80,70,8,8.0,1.15,b1,Qwen3-VL-32B-Instruct-FP8,base,1,0,1,0,0,0,Qwen3-VL-32B-Instruct-FP8,"{""count"": 0}",2.08
c80_s8_b8_o1_L06,c80_s8_b8_o1,c80_s8_b8_o1_L06,80,72,8,8.0,1.15,b1,Qwen3-VL-32B-Instruct-FP8,base,1,0,1,0,0,0,Qwen3-VL-32B-Instruct-FP8,"{""count"": 0}",2.07
c80_s8_b8_o1_L07,c80_s8_b8_o1,c80_s8_b8_o1_L07,80,76,8,8.0,1.15,b1,Qwen3-VL-32B-Instruct-FP8,base,1,0,1,0,0,0,Qwen3-VL-32B-Instruct-FP8,"{""count"": 0}",2.07
c80_s8_b8_o2_L00,c80_s8_b8_o2,c80_s8_b8_o2_L00,80,3,8,8.0,0.85,b1,Qwen3-VL-32B-Instruct-FP8,base,1,0,1,0,0,0,Qwen3-VL-32B-Instruct-FP8,"{""count"": 0}",2.08
c80_s8_b8_o2_L02,c80_s8_b8_o2,c80_s8_b8_o2_L02,80,4,8,8.0,0.85,b1,Qwen3-VL-32B-Instruct-FP8,base,1,0,1,0,0,0,Qwen3-VL-32B-Instruct-FP8,"{""count"": 0}",2.05
c80_s8_b8_o2_L01,c80_s8_b8_o2,c80_s8_b8_o2_L01,80,3,8,8.0,0.85,b1,Qwen3-VL-32B-Instruct-FP8,base,1,0,1,0,0,0,Qwen3-VL-32B-Instruct-FP8,"{""count"": 0}",2.08
c80_s8_b8_o2_L03,c80_s8_b8_o2,c80_s8_b8_o2_L03,80,2,8,8.0,0.85,b1,Qwen3-VL-32B-Instruct-FP8,base,1,0,1,0,0,0,Qwen3-VL-32B-Instruct-FP8,"{""count"": 0}",2.08
c80_s8_b8_o2_L04,c80_s8_b8_o2,c80_s8_b8_o2_L04,80,2,8,8.0,0.85,b1,Qwen3-VL-32B-Instruct-FP8,base,1,0,1,0,0,0,Qwen3-VL-32B-Instruct-FP8,"{""count"": 0}",2.07
c80_s8_b8_o2_L06,c80_s8_b8_o2,c80_s8_b8_o2_L06,80,3,8,8.0,0.85,b1,Qwen3-VL-32B-Instruct-FP8,base,1,0,1,0,0,0,Qwen3-VL-32B-Instruct-FP8,"{""count"": 0}",2.07
c80_s8_b8_o2_L05,c80_s8_b8_o2,c80_s8_b8_o2_L05,80,5,8,8.0,0.85,b1,Qwen3-VL-32B-Instruct-FP8,base,1,0,1,0,0,0,Qwen3-VL-32B-Instruct-FP8,"{""count"": 0}",2.10
c80_s8_b8_o2_L07,c80_s8_b8_o2,c80_s8_b8_o2_L07,80,5,8,8.0,0.85,b1,Qwen3-VL-32B-Instruct-FP8,base,1,0,1,0,0,0,Qwen3-VL-32B-Instruct-FP8,"{""count"": 0}",2.07
c80_s24_b0_o0_L00,c80_s24_b0_o0,c80_s24_b0_o0_L00,80,80,24,0.0,1.45,b1,Qwen3-VL-32B-Instruct-FP8,base,1,72,1,0,0,0,Qwen3-VL-32B-Instruct-FP8,"{""count"": 72}",2.11
c80_s24_b0_o0_L01,c80_s24_b0_o0,c80_s24_b0_o0_L01,80,80,24,0.0,1.45,b1,Qwen3-VL-32B-Instruct-FP8,base,1,70,1,0,0,0,Qwen3-VL-32B-Instruct-FP8,"{""count"": 70}",2.11
c80_s24_b0_o0_L02,c80_s24_b0_o0,c80_s24_b0_o0_L02,80,79,24,0.0,1.45,b1,Qwen3-VL-32B-Instruct-FP8,base,1,70,1,0,0,0,Qwen3-VL-32B-Instruct-FP8,"{""count"": 70}",2.08
c80_s24_b0_o0_L03,c80_s24_b0_o0,c80_s24_b0_o0_L03,80,80,24,0.0,1.45,b1,Qwen3-VL-32B-Instruct-FP8,base,1,75,1,0,0,0,Qwen3-VL-32B-Instruct-FP8,"{""count"": 75}",2.11
c80_s24_b0_o0_L04,c80_s24_b0_o0,c80_s24_b0_o0_L04,80,80,24,0.0,1.45,b1,Qwen3-VL-32B-Instruct-FP8,base,1,75,1,0,0,0,Qwen3-VL-32B-Instruct-FP8,"{""count"": 75}",2.11
c80_s24_b0_o0_L05,c80_s24_b0_o0,c80_s24_b0_o0_L05,80,80,24,0.0,1.45,b1,Qwen3-VL-32B-Instruct-FP8,base,1,70,1,0,0,0,Qwen3-VL-32B-Instruct-FP8,"{""count"": 70}",2.11
c80_s24_b0_o0_L06,c80_s24_b0_o0,c80_s24_b0_o0_L06,80,80,24,0.0,1.45,b1,Qwen3-VL-32B-Instruct-FP8,base,1,75,1,0,0,0,Qwen3-VL-32B-Instruct-FP8,"{""count"": 75}",2.11
c80_s24_b0_o0_L07,c80_s24_b0_o0,c80_s24_b0_o0_L07,80,80,24,0.0,1.45,b1,Qwen3-VL-32B-Instruct-FP8,base,1,70,1,0,0,0,Qwen3-VL-32B-Instruct-FP8,"{""count"": 70}",2.11
c80_s24_b0_o1_L00,c80_s24_b0_o1,c80_s24_b0_o1_L00,80,80,24,0.0,1.15,b1,Qwen3-VL-32B-Instruct-FP8,base,1,75,1,0,0,0,Qwen3-VL-32B-Instruct-FP8,"{""count"": 75}",2.11
c80_s24_b0_o1_L01,c80_s24_b0_o1,c80_s24_b0_o1_L01,80,80,24,0.0,1.15,b1,Qwen3-VL-32B-Instruct-FP8,base,1,70,1,0,0,0,Qwen3-VL-32B-Instruct-FP8,"{""count"": 70}",2.11
c80_s24_b0_o1_L02,c80_s24_b0_o1,c80_s24_b0_o1_L02,80,80,24,0.0,1.15,b1,Qwen3-VL-32B-Instruct-FP8,base,1,70,1,0,0,0,Qwen3-VL-32B-Instruct-FP8,"{""count"": 70}",2.11
c80_s24_b0_o1_L03,c80_s24_b0_o1,c80_s24_b0_o1_L03,80,80,24,0.0,1.15,b1,Qwen3-VL-32B-Instruct-FP8,base,1,70,1,0,0,0,Qwen3-VL-32B-Instruct-FP8,"{""count"": 70}",2.11
c80_s24_b0_o1_L04,c80_s24_b0_o1,c80_s24_b0_o1_L04,80,80,24,0.0,1.15,b1,Qwen3-VL-32B-Instruct-FP8,base,1,70,1,0,0,0,Qwen3-VL-32B-Instruct-FP8,"{""count"": 70}",2.11
c80_s24_b0_o1_L06,c80_s24_b0_o1,c80_s24_b0_o1_L06,80,80,24,0.0,1.15,b1,Qwen3-VL-32B-Instruct-FP8,base,1,70,1,0,0,0,Qwen3-VL-32B-Instruct-FP8,"{""count"": 70}",2.11
c80_s24_b0_o1_L05,c80_s24_b0_o1,c80_s24_b0_o1_L05,80,80,24,0.0,1.15,b1,Qwen3-VL-32B-Instruct-FP8,base,1,75,1,0,0,0,Qwen3-VL-32B-Instruct-FP8,"{""count"": 75}",2.11
c80_s24_b0_o1_L07,c80_s24_b0_o1,c80_s24_b0_o1_L07,80,80,24,0.0,1.15,b1,Qwen3-VL-32B-Instruct-FP8,base,1,75,1,0,0,0,Qwen3-VL-32B-Instruct-FP8,"{""count"": 75}",2.10
c80_s24_b0_o2_L00,c80_s24_b0_o2,c80_s24_b0_o2_L00,80,47,24,0.0,0.85,b1,Qwen3-VL-32B-Instruct-FP8,base,1,70,1,0,0,0,Qwen3-VL-32B-Instruct-FP8,"{""count"": 70}",2.10
c80_s24_b0_o2_L01,c80_s24_b0_o2,c80_s24_b0_o2_L01,80,45,24,0.0,0.85,b1,Qwen3-VL-32B-Instruct-FP8,base,1,70,1,0,0,0,Qwen3-VL-32B-Instruct-FP8,"{""count"": 70}",2.10
c80_s24_b0_o2_L02,c80_s24_b0_o2,c80_s24_b0_o2_L02,80,44,24,0.0,0.85,b1,Qwen3-VL-32B-Instruct-FP8,base,1,70,1,0,0,0,Qwen3-VL-32B-Instruct-FP8,"{""count"": 70}",2.13
c80_s24_b0_o2_L03,c80_s24_b0_o2,c80_s24_b0_o2_L03,80,36,24,0.0,0.85,b1,Qwen3-VL-32B-Instruct-FP8,base,1,80,1,0,0,0,Qwen3-VL-32B-Instruct-FP8,"{""count"": 80}",2.10
c80_s24_b0_o2_L04,c80_s24_b0_o2,c80_s24_b0_o2_L04,80,42,24,0.0,0.85,b1,Qwen3-VL-32B-Instruct-FP8,base,1,80,1,0,0,0,Qwen3-VL-32B-Instruct-FP8,"{""count"": 80}",2.11
c80_s24_b0_o2_L05,c80_s24_b0_o2,c80_s24_b0_o2_L05,80,38,24,0.0,0.85,b1,Qwen3-VL-32B-Instruct-FP8,base,1,80,1,0,0,0,Qwen3-VL-32B-Instruct-FP8,"{""count"": 80}",2.11
c80_s24_b0_o2_L07,c80_s24_b0_o2,c80_s24_b0_o2_L07,80,36,24,0.0,0.85,b1,Qwen3-VL-32B-Instruct-FP8,base,1,72,1,0,0,0,Qwen3-VL-32B-Instruct-FP8,"{""count"": 72}",2.11
c80_s24_b0_o2_L06,c80_s24_b0_o2,c80_s24_b0_o2_L06,80,56,24,0.0,0.85,b1,Qwen3-VL-32B-Instruct-FP8,base,1,100,1,0,0,0,Qwen3-VL-32B-Instruct-FP8,"{""count"": 100}",2.11
c80_s24_b4_o0_L00,c80_s24_b4_o0,c80_s24_b4_o0_L00,80,80,24,4.0,1.45,b1,Qwen3-VL-32B-Instruct-FP8,base,1,72,1,0,0,0,Qwen3-VL-32B-Instruct-FP8,"{""count"": 72}",2.11
c80_s24_b4_o0_L02,c80_s24_b4_o0,c80_s24_b4_o0_L02,80,80,24,4.0,1.45,b1,Qwen3-VL-32B-Instruct-FP8,base,1,72,1,0,0,0,Qwen3-VL-32B-Instruct-FP8,"{""count"": 72}",2.08
c80_s24_b4_o0_L01,c80_s24_b4_o0,c80_s24_b4_o0_L01,80,80,24,4.0,1.45,b1,Qwen3-VL-32B-Instruct-FP8,base,1,72,1,0,0,0,Qwen3-VL-32B-Instruct-FP8,"{""count"": 72}",2.11
c80_s24_b4_o0_L03,c80_s24_b4_o0,c80_s24_b4_o0_L03,80,80,24,4.0,1.45,b1,Qwen3-VL-32B-Instruct-FP8,base,1,72,1,0,0,0,Qwen3-VL-32B-Instruct-FP8,"{""count"": 72}",2.11
c80_s24_b4_o0_L04,c80_s24_b4_o0,c80_s24_b4_o0_L04,80,76,24,4.0,1.45,b1,Qwen3-VL-32B-Instruct-FP8,base,1,72,1,0,0,0,Qwen3-VL-32B-Instruct-FP8,"{""count"": 72}",2.11
c80_s24_b4_o0_L05,c80_s24_b4_o0,c80_s24_b4_o0_L05,80,80,24,4.0,1.45,b1,Qwen3-VL-32B-Instruct-FP8,base,1,60,1,0,0,0,Qwen3-VL-32B-Instruct-FP8,"{""count"": 60}",2.11
c80_s24_b4_o0_L06,c80_s24_b4_o0,c80_s24_b4_o0_L06,80,80,24,4.0,1.45,b1,Qwen3-VL-32B-Instruct-FP8,base,1,72,1,0,0,0,Qwen3-VL-32B-Instruct-FP8,"{""count"": 72}",2.11
c80_s24_b4_o0_L07,c80_s24_b4_o0,c80_s24_b4_o0_L07,80,80,24,4.0,1.45,b1,Qwen3-VL-32B-Instruct-FP8,base,1,72,1,0,0,0,Qwen3-VL-32B-Instruct-FP8,"{""count"": 72}",2.11
c80_s24_b4_o1_L00,c80_s24_b4_o1,c80_s24_b4_o1_L00,80,80,24,4.0,1.15,b1,Qwen3-VL-32B-Instruct-FP8,base,1,60,1,0,0,0,Qwen3-VL-32B-Instruct-FP8,"{""count"": 60}",2.10
c80_s24_b4_o1_L01,c80_s24_b4_o1,c80_s24_b4_o1_L01,80,80,24,4.0,1.15,b1,Qwen3-VL-32B-Instruct-FP8,base,1,70,1,0,0,0,Qwen3-VL-32B-Instruct-FP8,"{""count"": 70}",2.10
c80_s24_b4_o1_L02,c80_s24_b4_o1,c80_s24_b4_o1_L02,80,80,24,4.0,1.15,b1,Qwen3-VL-32B-Instruct-FP8,base,1,72,1,0,0,0,Qwen3-VL-32B-Instruct-FP8,"{""count"": 72}",2.13
c80_s24_b4_o1_L03,c80_s24_b4_o1,c80_s24_b4_o1_L03,80,80,24,4.0,1.15,b1,Qwen3-VL-32B-Instruct-FP8,base,1,60,1,0,0,0,Qwen3-VL-32B-Instruct-FP8,"{""count"": 60}",2.11
c80_s24_b4_o1_L04,c80_s24_b4_o1,c80_s24_b4_o1_L04,80,80,24,4.0,1.15,b1,Qwen3-VL-32B-Instruct-FP8,base,1,60,1,0,0,0,Qwen3-VL-32B-Instruct-FP8,"{""count"": 60}",2.10
c80_s24_b4_o1_L05,c80_s24_b4_o1,c80_s24_b4_o1_L05,80,80,24,4.0,1.15,b1,Qwen3-VL-32B-Instruct-FP8,base,1,70,1,0,0,0,Qwen3-VL-32B-Instruct-FP8,"{""count"": 70}",2.11
c80_s24_b4_o1_L07,c80_s24_b4_o1,c80_s24_b4_o1_L07,80,80,24,4.0,1.15,b1,Qwen3-VL-32B-Instruct-FP8,base,1,72,1,0,0,0,Qwen3-VL-32B-Instruct-FP8,"{""count"": 72}",2.10
c80_s24_b4_o1_L06,c80_s24_b4_o1,c80_s24_b4_o1_L06,80,80,24,4.0,1.15,b1,Qwen3-VL-32B-Instruct-FP8,base,1,60,1,0,0,0,Qwen3-VL-32B-Instruct-FP8,"{""count"": 60}",2.10
c80_s24_b4_o2_L00,c80_s24_b4_o2,c80_s24_b4_o2_L00,80,48,24,4.0,0.85,b1,Qwen3-VL-32B-Instruct-FP8,base,1,70,1,0,0,0,Qwen3-VL-32B-Instruct-FP8,"{""count"": 70}",2.11
c80_s24_b4_o2_L02,c80_s24_b4_o2,c80_s24_b4_o2_L02,80,49,24,4.0,0.85,b1,Qwen3-VL-32B-Instruct-FP8,base,1,70,1,0,0,0,Qwen3-VL-32B-Instruct-FP8,"{""count"": 70}",2.08
c80_s24_b4_o2_L01,c80_s24_b4_o2,c80_s24_b4_o2_L01,80,51,24,4.0,0.85,b1,Qwen3-VL-32B-Instruct-FP8,base,1,72,1,0,0,0,Qwen3-VL-32B-Instruct-FP8,"{""count"": 72}",2.11
c80_s24_b4_o2_L03,c80_s24_b4_o2,c80_s24_b4_o2_L03,80,39,24,4.0,0.85,b1,Qwen3-VL-32B-Instruct-FP8,base,1,72,1,0,0,0,Qwen3-VL-32B-Instruct-FP8,"{""count"": 72}",2.11
c80_s24_b4_o2_L04,c80_s24_b4_o2,c80_s24_b4_o2_L04,80,47,24,4.0,0.85,b1,Qwen3-VL-32B-Instruct-FP8,base,1,70,1,0,0,0,Qwen3-VL-32B-Instruct-FP8,"{""count"": 70}",2.10
c80_s24_b4_o2_L06,c80_s24_b4_o2,c80_s24_b4_o2_L06,80,47,24,4.0,0.85,b1,Qwen3-VL-32B-Instruct-FP8,base,1,70,1,0,0,0,Qwen3-VL-32B-Instruct-FP8,"{""count"": 70}",2.10
c80_s24_b4_o2_L05,c80_s24_b4_o2,c80_s24_b4_o2_L05,80,54,24,4.0,0.85,b1,Qwen3-VL-32B-Instruct-FP8,base,1,70,1,0,0,0,Qwen3-VL-32B-Instruct-FP8,"{""count"": 70}",2.13
c80_s24_b4_o2_L07,c80_s24_b4_o2,c80_s24_b4_o2_L07,80,34,24,4.0,0.85,b1,Qwen3-VL-32B-Instruct-FP8,base,1,50,1,0,0,0,Qwen3-VL-32B-Instruct-FP8,"{""count"": 50}",2.10
c80_s24_b8_o0_L00,c80_s24_b8_o0,c80_s24_b8_o0_L00,80,80,24,8.0,1.45,b1,Qwen3-VL-32B-Instruct-FP8,base,1,50,1,0,0,0,Qwen3-VL-32B-Instruct-FP8,"{""count"": 50}",2.10
c80_s24_b8_o0_L01,c80_s24_b8_o0,c80_s24_b8_o0_L01,80,80,24,8.0,1.45,b1,Qwen3-VL-32B-Instruct-FP8,base,1,58,1,0,0,0,Qwen3-VL-32B-Instruct-FP8,"{""count"": 58}",2.10
c80_s24_b8_o0_L03,c80_s24_b8_o0,c80_s24_b8_o0_L03,80,80,24,8.0,1.45,b1,Qwen3-VL-32B-Instruct-FP8,base,1,60,1,0,0,0,Qwen3-VL-32B-Instruct-FP8,"{""count"": 60}",2.10
c80_s24_b8_o0_L02,c80_s24_b8_o0,c80_s24_b8_o0_L02,80,80,24,8.0,1.45,b1,Qwen3-VL-32B-Instruct-FP8,base,1,50,1,0,0,0,Qwen3-VL-32B-Instruct-FP8,"{""count"": 50}",2.10
c80_s24_b8_o0_L04,c80_s24_b8_o0,c80_s24_b8_o0_L04,80,80,24,8.0,1.45,b1,Qwen3-VL-32B-Instruct-FP8,base,1,72,1,0,0,0,Qwen3-VL-32B-Instruct-FP8,"{""count"": 72}",2.11
c80_s24_b8_o0_L05,c80_s24_b8_o0,c80_s24_b8_o0_L05,80,80,24,8.0,1.45,b1,Qwen3-VL-32B-Instruct-FP8,base,1,60,1,0,0,0,Qwen3-VL-32B-Instruct-FP8,"{""count"": 60}",2.11
c80_s24_b8_o0_L07,c80_s24_b8_o0,c80_s24_b8_o0_L07,80,80,24,8.0,1.45,b1,Qwen3-VL-32B-Instruct-FP8,base,1,60,1,0,0,0,Qwen3-VL-32B-Instruct-FP8,"{""count"": 60}",2.11
c80_s24_b8_o0_L06,c80_s24_b8_o0,c80_s24_b8_o0_L06,80,80,24,8.0,1.45,b1,Qwen3-VL-32B-Instruct-FP8,base,1,50,1,0,0,0,Qwen3-VL-32B-Instruct-FP8,"{""count"": 50}",2.11
c80_s24_b8_o1_L00,c80_s24_b8_o1,c80_s24_b8_o1_L00,80,80,24,8.0,1.15,b1,Qwen3-VL-32B-Instruct-FP8,base,1,55,1,0,0,0,Qwen3-VL-32B-Instruct-FP8,"{""count"": 55}",2.11
c80_s24_b8_o1_L01,c80_s24_b8_o1,c80_s24_b8_o1_L01,80,80,24,8.0,1.15,b1,Qwen3-VL-32B-Instruct-FP8,base,1,50,1,0,0,0,Qwen3-VL-32B-Instruct-FP8,"{""count"": 50}",2.11
c80_s24_b8_o1_L02,c80_s24_b8_o1,c80_s24_b8_o1_L02,80,80,24,8.0,1.15,b1,Qwen3-VL-32B-Instruct-FP8,base,1,50,1,0,0,0,Qwen3-VL-32B-Instruct-FP8,"{""count"": 50}",2.08
c80_s24_b8_o1_L03,c80_s24_b8_o1,c80_s24_b8_o1_L03,80,80,24,8.0,1.15,b1,Qwen3-VL-32B-Instruct-FP8,base,1,50,1,0,0,0,Qwen3-VL-32B-Instruct-FP8,"{""count"": 50}",2.11
c80_s24_b8_o1_L04,c80_s24_b8_o1,c80_s24_b8_o1_L04,80,80,24,8.0,1.15,b1,Qwen3-VL-32B-Instruct-FP8,base,1,50,1,0,0,0,Qwen3-VL-32B-Instruct-FP8,"{""count"": 50}",2.11
c80_s24_b8_o1_L05,c80_s24_b8_o1,c80_s24_b8_o1_L05,80,80,24,8.0,1.15,b1,Qwen3-VL-32B-Instruct-FP8,base,1,60,1,0,0,0,Qwen3-VL-32B-Instruct-FP8,"{""count"": 60}",2.11
c80_s24_b8_o1_L07,c80_s24_b8_o1,c80_s24_b8_o1_L07,80,80,24,8.0,1.15,b1,Qwen3-VL-32B-Instruct-FP8,base,1,50,1,0,0,0,Qwen3-VL-32B-Instruct-FP8,"{""count"": 50}",2.11
c80_s24_b8_o1_L06,c80_s24_b8_o1,c80_s24_b8_o1_L06,80,80,24,8.0,1.15,b1,Qwen3-VL-32B-Instruct-FP8,base,1,72,1,0,0,0,Qwen3-VL-32B-Instruct-FP8,"{""count"": 72}",2.13
c80_s24_b8_o2_L00,c80_s24_b8_o2,c80_s24_b8_o2_L00,80,35,24,8.0,0.85,b1,Qwen3-VL-32B-Instruct-FP8,base,1,36,1,0,0,0,Qwen3-VL-32B-Instruct-FP8,"{""count"": 36}",2.11
c80_s24_b8_o2_L03,c80_s24_b8_o2,c80_s24_b8_o2_L03,80,36,24,8.0,0.85,b1,Qwen3-VL-32B-Instruct-FP8,base,1,0,1,0,0,0,Qwen3-VL-32B-Instruct-FP8,"{""count"": 0}",2.06
c80_s24_b8_o2_L01,c80_s24_b8_o2,c80_s24_b8_o2_L01,80,33,24,8.0,0.85,b1,Qwen3-VL-32B-Instruct-FP8,base,1,50,1,0,0,0,Qwen3-VL-32B-Instruct-FP8,"{""count"": 50}",2.11
c80_s24_b8_o2_L02,c80_s24_b8_o2,c80_s24_b8_o2_L02,80,40,24,8.0,0.85,b1,Qwen3-VL-32B-Instruct-FP8,base,1,0,1,0,0,0,Qwen3-VL-32B-Instruct-FP8,"{""count"": 0}",2.08
c80_s24_b8_o2_L05,c80_s24_b8_o2,c80_s24_b8_o2_L05,80,47,24,8.0,0.85,b1,Qwen3-VL-32B-Instruct-FP8,base,1,50,1,0,0,0,Qwen3-VL-32B-Instruct-FP8,"{""count"": 50}",2.11
c80_s24_b8_o2_L04,c80_s24_b8_o2,c80_s24_b8_o2_L04,80,45,24,8.0,0.85,b1,Qwen3-VL-32B-Instruct-FP8,base,1,0,1,0,0,0,Qwen3-VL-32B-Instruct-FP8,"{""count"": 0}",2.11
c80_s24_b8_o2_L06,c80_s24_b8_o2,c80_s24_b8_o2_L06,80,39,24,8.0,0.85,b1,Qwen3-VL-32B-Instruct-FP8,base,1,40,1,0,0,0,Qwen3-VL-32B-Instruct-FP8,"{""count"": 40}",2.13
c80_s24_b8_o2_L07,c80_s24_b8_o2,c80_s24_b8_o2_L07,80,55,24,8.0,0.85,b1,Qwen3-VL-32B-Instruct-FP8,base,1,100,1,0,0,0,Qwen3-VL-32B-Instruct-FP8,"{""count"": 100}",2.16
