item,dataset,protocol,value,gt,in_w,in_h,in_px,px_per_obj,pred
IMG_1,st_a,mult,0.5,172,512,352,180224,1047.8,101.4
IMG_1,st_a,mult,0.75,172,768,528,405504,2357.6,358.2
IMG_1,st_a,mult,1.0,172,1024,704,720896,4191.3,1080.2
IMG_1,st_a,mult,1.25,172,1280,880,1126400,6548.8,2445.4
IMG_1,st_a,mult,1.5,172,1536,1056,1622016,9430.3,4572.8
IMG_1,st_a,mult,2.0,172,2048,1408,2883584,16765.0,11864.8
IMG_1,st_a,short,384,172,559,384,214656,1248.0,125.3
IMG_1,st_a,short,512,172,745,512,381440,2217.7,314.5
IMG_1,st_a,short,768,172,1117,768,857856,4987.5,1448.0
IMG_1,st_a,short,1024,172,1489,1024,1524736,8864.7,4020.8
IMG_10,st_a,mult,0.5,502,512,384,196608,391.6,191.4
IMG_10,st_a,mult,0.75,502,768,576,442368,881.2,519.5
IMG_10,st_a,mult,1.0,502,1024,768,786432,1566.6,1189.2
IMG_10,st_a,mult,1.25,502,1280,960,1228800,2447.8,2609.5
IMG_10,st_a,mult,1.5,502,1536,1152,1769472,3524.8,4566.9
IMG_10,st_a,short,384,502,512,384,196608,391.6,191.4
IMG_10,st_a,short,512,502,683,512,349696,696.6,389.8
IMG_10,st_a,short,768,502,1024,768,786432,1566.6,1189.2
IMG_10,st_a,short,1024,502,1365,1024,1397760,2784.4,3123.6
IMG_100,st_a,mult,0.5,389,451,204,92004,236.5,108.4
IMG_100,st_a,mult,0.75,389,676,306,206856,531.8,330.4
IMG_100,st_a,mult,1.0,389,902,409,368918,948.4,773.5
IMG_100,st_a,mult,1.25,389,1127,511,575897,1480.5,1406.7
IMG_100,st_a,mult,1.5,389,1353,613,829389,2132.1,2208.3
IMG_100,st_a,mult,2.0,389,1804,818,1475672,3793.5,3806.0
IMG_100,st_a,short,384,389,847,384,325248,836.1,646.8
IMG_100,st_a,short,512,389,1129,512,578048,1486.0,1444.3
IMG_100,st_a,short,768,389,1694,768,1300992,3344.5,3427.6
IMG_100,st_a,short,1024,389,2258,1024,2312192,5943.9,6286.9
IMG_101,st_a,mult,0.5,211,481,384,184704,875.4,106.4
IMG_101,st_a,mult,0.75,211,721,576,415296,1968.2,392.2
IMG_101,st_a,mult,1.0,211,962,768,738816,3501.5,1072.6
IMG_101,st_a,mult,1.25,211,1202,960,1153920,5468.8,2208.0
IMG_101,st_a,mult,1.5,211,1443,1152,1662336,7878.4,4089.4
IMG_101,st_a,mult,2.0,211,1924,1536,2955264,14006.0,11575.5
IMG_101,st_a,short,384,211,481,384,184704,875.4,106.4
IMG_101,st_a,short,512,211,641,512,328192,1555.4,263.5
IMG_101,st_a,short,768,211,962,768,738816,3501.5,1072.6
IMG_101,st_a,short,1024,211,1283,1024,1313792,6226.5,2760.6
IMG_102,st_a,mult,0.5,223,230,138,31740,142.3,29.2
IMG_102,st_a,mult,0.75,223,345,207,71415,320.2,82.1
IMG_102,st_a,mult,1.0,223,460,276,126960,569.3,170.7
IMG_102,st_a,mult,1.25,223,575,345,198375,889.6,308.1
IMG_102,st_a,mult,1.5,223,690,414,285660,1281.0,462.8
IMG_102,st_a,mult,2.0,223,920,552,507840,2277.3,710.1
IMG_102,st_a,short,384,223,640,384,245760,1102.1,399.1
IMG_102,st_a,short,512,223,853,512,436736,1958.5,652.2
IMG_102,st_a,short,768,223,1280,768,983040,4408.3,1458.6
IMG_102,st_a,short,1024,223,1707,1024,1747968,7838.4,3491.3
IMG_103,st_a,mult,0.5,431,512,333,170496,395.6,193.8
IMG_103,st_a,mult,0.75,431,768,499,383232,889.2,582.5
IMG_103,st_a,mult,1.0,431,1024,666,681984,1582.3,1135.4
IMG_103,st_a,mult,1.25,431,1280,832,1064960,2470.9,2319.0
IMG_103,st_a,mult,1.5,431,1536,999,1534464,3560.2,4176.5
IMG_103,st_a,mult,2.0,431,2048,1332,2727936,6329.3,10370.5
IMG_103,st_a,short,384,431,590,384,226560,525.7,299.6
IMG_103,st_a,short,512,431,787,512,402944,934.9,615.2
IMG_103,st_a,short,768,431,1181,768,907008,2104.4,1762.7
IMG_103,st_a,short,1024,431,1574,1024,1611776,3739.6,4375.0
IMG_104,st_a,mult,0.5,1175,512,341,174592,148.6,632.7
IMG_104,st_a,mult,0.75,1175,768,512,393216,334.7,1795.9
IMG_104,st_a,mult,1.0,1175,1024,683,699392,595.2,3200.4
IMG_104,st_a,mult,1.25,1175,1280,853,1091840,929.2,5940.4
IMG_104,st_a,mult,1.5,1175,1536,1024,1572864,1338.6,10529.0
IMG_104,st_a,mult,2.0,1175,2048,1366,2797568,2380.9,23982.5
IMG_104,st_a,short,384,1175,576,384,221184,188.2,902.9
IMG_104,st_a,short,512,1175,768,512,393216,334.7,1795.9
IMG_104,st_a,short,768,1175,1151,768,883968,752.3,4371.2
IMG_104,st_a,short,1024,1175,1535,1024,1571840,1337.7,10403.1
IMG_105,st_a,mult,0.5,265,512,330,168960,637.6,138.7
IMG_105,st_a,mult,0.75,265,768,495,380160,1434.6,366.2
IMG_105,st_a,mult,1.0,265,1024,661,676864,2554.2,863.3
IMG_105,st_a,mult,1.25,265,1280,826,1057280,3989.7,1767.0
IMG_105,st_a,mult,1.5,265,1536,991,1522176,5744.1,3142.9
IMG_105,st_a,mult,2.0,265,2048,1322,2707456,10216.8,7987.3
IMG_105,st_a,short,384,265,595,384,228480,862.2,194.5
IMG_105,st_a,short,512,265,793,512,406016,1532.1,400.8
IMG_105,st_a,short,768,265,1190,768,913920,3448.8,1374.4
IMG_105,st_a,short,1024,265,1586,1024,1624064,6128.5,3453.3
IMG_106,st_a,mult,0.5,1232,500,238,119000,96.6,287.4
IMG_106,st_a,mult,0.75,1232,750,357,267750,217.3,1035.3
IMG_106,st_a,mult,1.0,1232,1001,476,476476,386.8,2383.4
IMG_106,st_a,mult,1.25,1232,1251,595,744345,604.2,4457.6
IMG_106,st_a,mult,1.5,1232,1501,714,1071714,869.9,7008.6
IMG_106,st_a,mult,2.0,1232,2002,952,1905904,1547.0,12725.7
IMG_106,st_a,short,384,1232,808,384,310272,251.8,1312.0
IMG_106,st_a,short,512,1232,1077,512,551424,447.6,2921.2
IMG_106,st_a,short,768,1232,1615,768,1240320,1006.8,8360.5
IMG_106,st_a,short,1024,1232,2153,1024,2204672,1789.5,14683.2
IMG_107,st_a,mult,0.5,289,345,231,79695,275.8,25.5
IMG_107,st_a,mult,0.75,289,518,347,179746,622.0,102.6
IMG_107,st_a,mult,1.0,289,691,463,319933,1107.0,265.4
IMG_107,st_a,mult,1.25,289,863,578,498814,1726.0,557.6
IMG_107,st_a,mult,1.5,289,1036,694,718984,2487.8,1039.1
IMG_107,st_a,mult,2.0,289,1382,926,1279732,4428.1,2726.3
IMG_107,st_a,short,384,289,573,384,220032,761.4,146.9
IMG_107,st_a,short,512,289,764,512,391168,1353.5,376.2
IMG_107,st_a,short,768,289,1146,768,880128,3045.4,1487.6
IMG_107,st_a,short,1024,289,1528,1024,1564672,5414.1,3885.5
IMG_108,st_a,mult,0.5,182,512,276,141312,776.4,68.7
IMG_108,st_a,mult,0.75,182,768,414,317952,1747.0,261.1
IMG_108,st_a,mult,1.0,182,1024,552,565248,3105.8,683.1
IMG_108,st_a,mult,1.25,182,1280,690,883200,4852.7,1330.1
IMG_108,st_a,mult,1.5,182,1536,828,1271808,6988.0,2348.6
IMG_108,st_a,mult,2.0,182,2048,1104,2260992,12423.0,6371.9
IMG_108,st_a,short,384,182,712,384,273408,1502.2,210.0
IMG_108,st_a,short,512,182,950,512,486400,2672.5,543.2
IMG_108,st_a,short,768,182,1425,768,1094400,6013.2,1857.0
IMG_108,st_a,short,1024,182,1900,1024,1945600,10690.1,4853.9
IMG_109,st_a,mult,0.5,379,512,341,174592,460.7,200.3
IMG_109,st_a,mult,0.75,379,768,512,393216,1037.5,428.3
IMG_109,st_a,mult,1.0,379,1024,683,699392,1845.4,878.8
IMG_109,st_a,mult,1.25,379,1280,853,1091840,2880.8,1872.0
IMG_109,st_a,mult,1.5,379,1536,1024,1572864,4150.0,3439.6
IMG_109,st_a,mult,2.0,379,2048,1366,2797568,7381.4,8705.6
IMG_109,st_a,short,384,379,576,384,221184,583.6,254.6
IMG_109,st_a,short,512,379,768,512,393216,1037.5,428.3
IMG_109,st_a,short,768,379,1151,768,883968,2332.4,1312.3
IMG_109,st_a,short,1024,379,1535,1024,1571840,4147.3,3435.6
IMG_11,st_a,mult,0.5,1068,512,341,174592,163.5,500.3
IMG_11,st_a,mult,0.75,1068,768,512,393216,368.2,1359.5
IMG_11,st_a,mult,1.0,1068,1024,683,699392,654.9,2785.3
IMG_11,st_a,mult,1.25,1068,1280,853,1091840,1022.3,5811.5
IMG_11,st_a,mult,1.5,1068,1536,1024,1572864,1472.7,9633.7
IMG_11,st_a,mult,2.0,1068,2048,1366,2797568,2619.4,17670.7
IMG_11,st_a,short,384,1068,576,384,221184,207.1,672.5
IMG_11,st_a,short,512,1068,768,512,393216,368.2,1359.5
IMG_11,st_a,short,768,1068,1151,768,883968,827.7,4122.1
IMG_11,st_a,short,1024,1068,1535,1024,1571840,1471.8,9572.7
IMG_110,st_a,mult,0.5,1021,512,342,175104,171.5,323.3
IMG_110,st_a,mult,0.75,1021,768,513,393984,385.9,800.1
IMG_110,st_a,mult,1.0,1021,1024,684,700416,686.0,1598.0
IMG_110,st_a,mult,1.25,1021,1280,855,1094400,1071.9,3155.3
IMG_110,st_a,mult,1.5,1021,1536,1026,1575936,1543.5,5360.5
IMG_110,st_a,mult,2.0,1021,2048,1368,2801664,2744.0,12270.2
IMG_110,st_a,short,384,1021,575,384,220800,216.3,411.4
IMG_110,st_a,short,512,1021,767,512,392704,384.6,788.2
IMG_110,st_a,short,768,1021,1150,768,883200,865.0,2243.8
IMG_110,st_a,short,1024,1021,1533,1024,1569792,1537.5,5267.7
IMG_111,st_a,mult,0.5,452,512,341,174592,386.3,206.5
IMG_111,st_a,mult,0.75,452,768,512,393216,869.9,433.3
IMG_111,st_a,mult,1.0,452,1024,683,699392,1547.3,796.4
IMG_111,st_a,mult,1.25,452,1280,853,1091840,2415.6,1276.2
IMG_111,st_a,mult,1.5,452,1536,1024,1572864,3479.8,2006.6
IMG_111,st_a,mult,2.0,452,2048,1366,2797568,6189.3,5011.1
IMG_111,st_a,short,384,452,576,384,221184,489.3,274.9
IMG_111,st_a,short,512,452,768,512,393216,869.9,433.3
IMG_111,st_a,short,768,452,1151,768,883968,1955.7,977.9
IMG_111,st_a,short,1024,452,1535,1024,1571840,3477.5,1963.3
IMG_112,st_a,mult,0.5,256,480,360,172800,675.0,191.1
IMG_112,st_a,mult,0.75,256,720,540,388800,1518.8,506.3
IMG_112,st_a,mult,1.0,256,960,720,691200,2700.0,1023.5
IMG_112,st_a,mult,1.25,256,1200,900,1080000,4218.8,2407.6
IMG_112,st_a,mult,1.5,256,1440,1080,1555200,6075.0,4550.0
IMG_112,st_a,mult,2.0,256,1920,1440,2764800,10800.0,12160.4
IMG_112,st_a,short,384,256,512,384,196608,768.0,217.8
IMG_112,st_a,short,512,256,683,512,349696,1366.0,431.1
IMG_112,st_a,short,768,256,1024,768,786432,3072.0,1337.5
IMG_112,st_a,short,1024,256,1365,1024,1397760,5460.0,3722.4
IMG_113,st_a,mult,0.5,66,512,253,129536,1962.7,53.8
IMG_113,st_a,mult,0.75,66,768,379,291072,4410.2,165.2
IMG_113,st_a,mult,1.0,66,1024,506,518144,7850.7,433.6
IMG_113,st_a,mult,1.25,66,1280,632,808960,12257.0,1084.4
IMG_113,st_a,mult,1.5,66,1536,759,1165824,17664.0,2202.1
IMG_113,st_a,mult,2.0,66,2048,1012,2072576,31402.7,6899.1
IMG_113,st_a,short,384,66,777,384,298368,4520.7,172.2
IMG_113,st_a,short,512,66,1036,512,530432,8036.8,461.3
IMG_113,st_a,short,768,66,1554,768,1193472,18082.9,2338.4
IMG_113,st_a,short,1024,66,2072,1024,2121728,32147.4,7449.6
IMG_114,st_a,mult,0.5,141,512,384,196608,1394.4,108.6
IMG_114,st_a,mult,0.75,141,768,576,442368,3137.4,450.8
IMG_114,st_a,mult,1.0,141,1024,768,786432,5577.5,1303.3
IMG_114,st_a,mult,1.25,141,1280,960,1228800,8714.9,3142.7
IMG_114,st_a,mult,1.5,141,1536,1152,1769472,12549.4,6274.3
IMG_114,st_a,short,384,141,512,384,196608,1394.4,108.6
IMG_114,st_a,short,512,141,683,512,349696,2480.1,298.4
IMG_114,st_a,short,768,141,1024,768,786432,5577.5,1303.3
IMG_114,st_a,short,1024,141,1365,1024,1397760,9913.2,4015.5
IMG_115,st_a,mult,0.5,1191,200,305,61000,51.2,98.1
IMG_115,st_a,mult,0.75,1191,300,458,137400,115.4,370.5
IMG_115,st_a,mult,1.0,1191,400,611,244400,205.2,936.2
IMG_115,st_a,mult,1.25,1191,500,763,381500,320.3,1608.7
IMG_115,st_a,mult,1.5,1191,600,916,549600,461.5,2730.3
IMG_115,st_a,mult,2.0,1191,800,1222,977600,820.8,5719.1
IMG_115,st_a,short,384,1191,384,587,225408,189.3,740.7
IMG_115,st_a,short,512,1191,512,782,400384,336.2,1729.3
IMG_115,st_a,short,768,1191,768,1173,900864,756.4,4955.9
IMG_115,st_a,short,1024,1191,1024,1564,1601536,1344.7,7888.9
IMG_116,st_a,mult,0.5,288,297,198,58806,204.2,57.0
IMG_116,st_a,mult,0.75,288,445,297,132165,458.9,155.0
IMG_116,st_a,mult,1.0,288,594,396,235224,816.8,346.1
IMG_116,st_a,mult,1.25,288,742,495,367290,1275.3,635.1
IMG_116,st_a,mult,1.5,288,891,594,529254,1837.7,1053.6
IMG_116,st_a,mult,2.0,288,1188,792,940896,3267.0,2043.5
IMG_116,st_a,short,384,288,576,384,221184,768.0,312.3
IMG_116,st_a,short,512,288,768,512,393216,1365.3,696.9
IMG_116,st_a,short,768,288,1152,768,884736,3072.0,1919.0
IMG_116,st_a,short,1024,288,1536,1024,1572864,5461.3,3803.0
IMG_117,st_a,mult,0.5,1603,450,300,135000,84.2,598.4
IMG_117,st_a,mult,0.75,1603,675,450,303750,189.5,1748.1
IMG_117,st_a,mult,1.0,1603,900,600,540000,336.9,3464.7
IMG_117,st_a,mult,1.25,1603,1125,750,843750,526.4,6874.2
IMG_117,st_a,mult,1.5,1603,1350,900,1215000,758.0,11912.1
IMG_117,st_a,mult,2.0,1603,1800,1200,2160000,1347.5,22979.5
IMG_117,st_a,short,384,1603,576,384,221184,138.0,1213.3
IMG_117,st_a,short,512,1603,768,512,393216,245.3,2342.0
IMG_117,st_a,short,768,1603,1152,768,884736,551.9,7532.3
IMG_117,st_a,short,1024,1603,1536,1024,1572864,981.2,16636.0
IMG_118,st_a,mult,0.5,241,512,338,173056,718.1,148.0
IMG_118,st_a,mult,0.75,241,768,507,389376,1615.7,431.9
IMG_118,st_a,mult,1.0,241,1024,676,692224,2872.3,957.2
IMG_118,st_a,mult,1.25,241,1280,845,1081600,4488.0,1824.7
IMG_118,st_a,mult,1.5,241,1536,1014,1557504,6462.7,3345.1
IMG_118,st_a,mult,2.0,241,2048,1352,2768896,11489.2,9008.0
IMG_118,st_a,short,384,241,582,384,223488,927.3,211.8
IMG_118,st_a,short,512,241,776,512,397312,1648.6,425.0
IMG_118,st_a,short,768,241,1163,768,893184,3706.2,1380.7
IMG_118,st_a,short,1024,241,1551,1024,1588224,6590.1,3448.0
IMG_119,st_a,mult,0.5,250,512,338,173056,692.2,155.7
IMG_119,st_a,mult,0.75,250,768,507,389376,1557.5,338.5
IMG_119,st_a,mult,1.0,250,1024,676,692224,2768.9,782.1
IMG_119,st_a,mult,1.25,250,1280,845,1081600,4326.4,1656.9
IMG_119,st_a,mult,1.5,250,1536,1014,1557504,6230.0,3100.8
IMG_119,st_a,mult,2.0,250,2048,1352,2768896,11075.6,8380.7
IMG_119,st_a,short,384,250,582,384,223488,894.0,182.9
IMG_119,st_a,short,512,250,776,512,397312,1589.2,351.0
IMG_119,st_a,short,768,250,1163,768,893184,3572.7,1204.7
IMG_119,st_a,short,1024,250,1551,1024,1588224,6352.9,3191.3
IMG_12,st_a,mult,0.5,321,512,384,196608,612.5,61.4
IMG_12,st_a,mult,0.75,321,768,576,442368,1378.1,263.1
IMG_12,st_a,mult,1.0,321,1024,768,786432,2449.9,771.7
IMG_12,st_a,mult,1.25,321,1280,960,1228800,3828.0,1920.4
IMG_12,st_a,mult,1.5,321,1536,1152,1769472,5512.4,4049.7
IMG_12,st_a,short,384,321,512,384,196608,612.5,61.4
IMG_12,st_a,short,512,321,683,512,349696,1089.4,168.7
IMG_12,st_a,short,768,321,1024,768,786432,2449.9,771.7
IMG_12,st_a,short,1024,321,1365,1024,1397760,4354.4,2427.5
IMG_120,st_a,mult,0.5,133,234,304,71136,534.9,21.9
IMG_120,st_a,mult,0.75,133,351,456,160056,1203.4,74.4
IMG_120,st_a,mult,1.0,133,469,609,285621,2147.5,191.1
IMG_120,st_a,mult,1.25,133,586,761,445946,3353.0,417.5
IMG_120,st_a,mult,1.5,133,703,913,641839,4825.9,692.6
IMG_120,st_a,mult,2.0,133,938,1218,1142484,8590.1,1503.1
IMG_120,st_a,short,384,133,384,499,191616,1440.7,103.9
IMG_120,st_a,short,512,133,512,665,340480,2560.0,262.3
IMG_120,st_a,short,768,133,768,997,765696,5757.1,857.0
IMG_120,st_a,short,1024,133,1024,1330,1361920,10240.0,2016.0
IMG_121,st_a,mult,0.5,1210,512,342,175104,144.7,714.4
IMG_121,st_a,mult,0.75,1210,768,513,393984,325.6,1902.4
IMG_121,st_a,mult,1.0,1210,1024,684,700416,578.9,3824.8
IMG_121,st_a,mult,1.25,1210,1280,855,1094400,904.5,6323.0
IMG_121,st_a,mult,1.5,1210,1536,1026,1575936,1302.4,9843.8
IMG_121,st_a,mult,2.0,1210,2048,1368,2801664,2315.4,19426.7
IMG_121,st_a,short,384,1210,575,384,220800,182.5,974.4
IMG_121,st_a,short,512,1210,767,512,392704,324.5,1905.7
IMG_121,st_a,short,768,1210,1150,768,883200,729.9,4792.7
IMG_121,st_a,short,1024,1210,1533,1024,1569792,1297.3,9537.8
IMG_122,st_a,mult,0.5,1153,512,380,194560,168.7,267.3
IMG_122,st_a,mult,0.75,1153,768,570,437760,379.7,914.2
IMG_122,st_a,mult,1.0,1153,1024,760,778240,675.0,2137.1
IMG_122,st_a,mult,1.25,1153,1280,950,1216000,1054.6,3625.4
IMG_122,st_a,mult,1.5,1153,1536,1140,1751040,1518.7,6167.1
IMG_122,st_a,short,384,1153,517,384,198528,172.2,272.5
IMG_122,st_a,short,512,1153,690,512,353280,306.4,663.1
IMG_122,st_a,short,768,1153,1035,768,794880,689.4,2041.4
IMG_122,st_a,short,1024,1153,1380,1024,1413120,1225.6,4479.1
IMG_123,st_a,mult,0.5,115,230,138,31740,276.0,16.2
IMG_123,st_a,mult,0.75,115,345,207,71415,621.0,42.6
IMG_123,st_a,mult,1.0,115,460,276,126960,1104.0,86.3
IMG_123,st_a,mult,1.25,115,575,345,198375,1725.0,143.9
IMG_123,st_a,mult,1.5,115,690,414,285660,2484.0,210.1
IMG_123,st_a,mult,2.0,115,920,552,507840,4416.0,349.4
IMG_123,st_a,short,384,115,640,384,245760,2137.0,182.5
IMG_123,st_a,short,512,115,853,512,436736,3797.7,299.3
IMG_123,st_a,short,768,115,1280,768,983040,8548.2,921.4
IMG_123,st_a,short,1024,115,1707,1024,1747968,15199.7,2737.8
IMG_124,st_a,mult,0.5,226,320,224,71680,317.2,49.6
IMG_124,st_a,mult,0.75,226,480,336,161280,713.6,115.1
IMG_124,st_a,mult,1.0,226,640,448,286720,1268.7,213.1
IMG_124,st_a,mult,1.25,226,800,560,448000,1982.3,371.4
IMG_124,st_a,mult,1.5,226,960,672,645120,2854.5,567.4
IMG_124,st_a,mult,2.0,226,1280,896,1146880,5074.7,1360.6
IMG_124,st_a,short,384,226,549,384,210816,932.8,146.3
IMG_124,st_a,short,512,226,731,512,374272,1656.1,299.3
IMG_124,st_a,short,768,226,1097,768,842496,3727.9,819.6
IMG_124,st_a,short,1024,226,1463,1024,1498112,6628.8,2194.0
IMG_125,st_a,mult,0.5,269,512,329,168448,626.2,188.6
IMG_125,st_a,mult,0.75,269,768,494,379392,1410.4,410.4
IMG_125,st_a,mult,1.0,269,1024,659,674816,2508.6,863.5
IMG_125,st_a,mult,1.25,269,1280,823,1053440,3916.1,1665.7
IMG_125,st_a,mult,1.5,269,1536,988,1517568,5641.5,3003.1
IMG_125,st_a,mult,2.0,269,2048,1318,2699264,10034.4,7821.5
IMG_125,st_a,short,384,269,597,384,229248,852.2,247.0
IMG_125,st_a,short,512,269,796,512,407552,1515.1,442.4
IMG_125,st_a,short,768,269,1193,768,916224,3406.0,1357.7
IMG_125,st_a,short,1024,269,1591,1024,1629184,6056.4,3324.5
IMG_126,st_a,mult,0.5,440,512,341,174592,396.8,164.4
IMG_126,st_a,mult,0.75,440,768,512,393216,893.7,455.0
IMG_126,st_a,mult,1.0,440,1024,683,699392,1589.5,951.8
IMG_126,st_a,mult,1.25,440,1280,853,1091840,2481.5,2066.8
IMG_126,st_a,mult,1.5,440,1536,1024,1572864,3574.7,3693.8
IMG_126,st_a,mult,2.0,440,2048,1366,2797568,6358.1,9229.8
IMG_126,st_a,short,384,440,576,384,221184,502.7,228.8
IMG_126,st_a,short,512,440,768,512,393216,893.7,455.0
IMG_126,st_a,short,768,440,1151,768,883968,2009.0,1425.7
IMG_126,st_a,short,1024,440,1535,1024,1571840,3572.4,3647.0
IMG_127,st_a,mult,0.5,986,512,384,196608,199.4,288.6
IMG_127,st_a,mult,0.75,986,768,576,442368,448.6,852.7
IMG_127,st_a,mult,1.0,986,1024,768,786432,797.6,1925.0
IMG_127,st_a,mult,1.25,986,1280,960,1228800,1246.2,3786.9
IMG_127,st_a,mult,1.5,986,1536,1152,1769472,1794.6,6609.8
IMG_127,st_a,short,384,986,512,384,196608,199.4,288.6
IMG_127,st_a,short,512,986,683,512,349696,354.7,614.8
IMG_127,st_a,short,768,986,1024,768,786432,797.6,1925.0
IMG_127,st_a,short,1024,986,1365,1024,1397760,1417.6,4543.0
IMG_128,st_a,mult,0.5,419,318,212,67416,160.9,48.7
IMG_128,st_a,mult,0.75,419,477,318,151686,362.0,145.4
IMG_128,st_a,mult,1.0,419,636,424,269664,643.6,355.7
IMG_128,st_a,mult,1.25,419,795,530,421350,1005.6,759.2
IMG_128,st_a,mult,1.5,419,954,636,606744,1448.1,1328.3
IMG_128,st_a,mult,2.0,419,1272,848,1078656,2574.4,2762.8
IMG_128,st_a,short,384,419,576,384,221184,527.9,275.7
IMG_128,st_a,short,512,419,768,512,393216,938.5,686.6
IMG_128,st_a,short,768,419,1152,768,884736,2111.5,2171.1
IMG_128,st_a,short,1024,419,1536,1024,1572864,3753.9,4254.8
IMG_129,st_a,mult,0.5,298,512,384,196608,659.8,151.8
IMG_129,st_a,mult,0.75,298,768,576,442368,1484.5,402.2
IMG_129,st_a,mult,1.0,298,1024,768,786432,2639.0,777.1
IMG_129,st_a,mult,1.25,298,1280,960,1228800,4123.5,1577.5
IMG_129,st_a,mult,1.5,298,1536,1152,1769472,5937.8,2965.8
IMG_129,st_a,short,384,298,512,384,196608,659.8,151.8
IMG_129,st_a,short,512,298,683,512,349696,1173.5,297.1
IMG_129,st_a,short,768,298,1024,768,786432,2639.0,777.1
IMG_129,st_a,short,1024,298,1365,1024,1397760,4690.5,1961.1
IMG_13,st_a,mult,0.5,584,512,293,150016,256.9,207.9
IMG_13,st_a,mult,0.75,584,768,440,337920,578.6,552.3
IMG_13,st_a,mult,1.0,584,1024,587,601088,1029.3,1161.3
IMG_13,st_a,mult,1.25,584,1280,733,938240,1606.6,2220.3
IMG_13,st_a,mult,1.5,584,1536,880,1351680,2314.5,3827.4
IMG_13,st_a,mult,2.0,584,2048,1174,2404352,4117.0,8717.4
IMG_13,st_a,short,384,584,670,384,257280,440.5,393.8
IMG_13,st_a,short,512,584,893,512,457216,782.9,817.9
IMG_13,st_a,short,768,584,1340,768,1029120,1762.2,2553.6
IMG_13,st_a,short,1024,584,1786,1024,1828864,3131.6,5815.8
IMG_130,st_a,mult,0.5,921,397,273,108381,117.7,225.3
IMG_130,st_a,mult,0.75,921,596,410,244360,265.3,645.0
IMG_130,st_a,mult,1.0,921,795,547,434865,472.2,1358.7
IMG_130,st_a,mult,1.25,921,993,683,678219,736.4,2481.1
IMG_130,st_a,mult,1.5,921,1192,820,977440,1061.3,4025.7
IMG_130,st_a,mult,2.0,921,1590,1094,1739460,1888.7,8238.5
IMG_130,st_a,short,384,921,558,384,214272,232.7,544.9
IMG_130,st_a,short,512,921,744,512,380928,413.6,1091.7
IMG_130,st_a,short,768,921,1116,768,857088,930.6,3388.8
IMG_130,st_a,short,1024,921,1488,1024,1523712,1654.4,6974.3
IMG_131,st_a,mult,0.5,604,512,366,187392,310.3,305.3
IMG_131,st_a,mult,0.75,604,768,549,421632,698.1,544.4
IMG_131,st_a,mult,1.0,604,1024,732,749568,1241.0,1047.6
IMG_131,st_a,mult,1.25,604,1280,915,1171200,1939.1,2080.4
IMG_131,st_a,mult,1.5,604,1536,1098,1686528,2792.3,3585.9
IMG_131,st_a,mult,2.0,604,2048,1464,2998272,4964.0,7712.4
IMG_131,st_a,short,384,604,537,384,206208,341.4,322.1
IMG_131,st_a,short,512,604,716,512,366592,606.9,478.6
IMG_131,st_a,short,768,604,1074,768,824832,1365.6,1216.5
IMG_131,st_a,short,1024,604,1432,1024,1466368,2427.8,2880.6
IMG_132,st_a,mult,0.5,375,512,201,102912,274.4,72.8
IMG_132,st_a,mult,0.75,375,768,302,231936,618.5,230.2
IMG_132,st_a,mult,1.0,375,1024,403,412672,1100.5,560.8
IMG_132,st_a,mult,1.25,375,1280,503,643840,1716.9,1023.0
IMG_132,st_a,mult,1.5,375,1536,604,927744,2474.0,1582.9
IMG_132,st_a,mult,2.0,375,2048,806,1650688,4401.8,3212.2
IMG_132,st_a,short,384,375,976,384,374784,999.4,482.7
IMG_132,st_a,short,512,375,1301,512,666112,1776.3,1076.0
IMG_132,st_a,short,768,375,1951,768,1498368,3995.6,2811.7
IMG_132,st_a,short,1024,375,2602,1024,2664448,7105.2,7132.8
IMG_133,st_a,mult,0.5,135,405,189,76545,567.0,36.5
IMG_133,st_a,mult,0.75,135,607,283,171781,1272.5,76.2
IMG_133,st_a,mult,1.0,135,810,378,306180,2268.0,155.6
IMG_133,st_a,mult,1.25,135,1012,472,477664,3538.3,305.8
IMG_133,st_a,mult,1.5,135,1215,567,688905,5103.0,550.3
IMG_133,st_a,mult,2.0,135,1620,756,1224720,9072.0,1670.0
IMG_133,st_a,short,384,135,823,384,316032,2341.0,163.4
IMG_133,st_a,short,512,135,1097,512,561664,4160.5,385.2
IMG_133,st_a,short,768,135,1646,768,1264128,9363.9,1778.8
IMG_133,st_a,short,1024,135,2194,1024,2246656,16641.9,5713.0
IMG_134,st_a,mult,0.5,165,512,395,202240,1225.7,56.5
IMG_134,st_a,mult,0.75,165,768,592,454656,2755.5,233.0
IMG_134,st_a,mult,1.0,165,1024,790,808960,4902.8,659.0
IMG_134,st_a,mult,1.25,165,1280,987,1263360,7656.7,1545.6
IMG_134,st_a,mult,1.5,165,1536,1185,1820160,11031.3,3140.3
IMG_134,st_a,short,384,165,498,384,191232,1159.0,51.1
IMG_134,st_a,short,512,165,664,512,339968,2060.4,141.5
IMG_134,st_a,short,768,165,995,768,764160,4631.3,587.1
IMG_134,st_a,short,1024,165,1327,1024,1358848,8235.4,1758.9
IMG_135,st_a,mult,0.5,72,200,112,22400,311.1,2.7
IMG_135,st_a,mult,0.75,72,300,168,50400,700.0,6.0
IMG_135,st_a,mult,1.0,72,400,224,89600,1244.4,14.3
IMG_135,st_a,mult,1.25,72,500,280,140000,1944.4,29.8
IMG_135,st_a,mult,1.5,72,600,336,201600,2800.0,54.9
IMG_135,st_a,mult,2.0,72,800,448,358400,4977.8,141.9
IMG_135,st_a,short,384,72,686,384,263424,3658.7,83.6
IMG_135,st_a,short,512,72,914,512,467968,6499.6,230.9
IMG_135,st_a,short,768,72,1371,768,1052928,14624.0,1089.6
IMG_135,st_a,short,1024,72,1829,1024,1872896,26012.4,3642.3
IMG_136,st_a,mult,0.5,102,200,112,22400,219.6,4.2
IMG_136,st_a,mult,0.75,102,300,168,50400,494.1,12.4
IMG_136,st_a,mult,1.0,102,400,224,89600,878.4,25.7
IMG_136,st_a,mult,1.25,102,500,280,140000,1372.5,50.3
IMG_136,st_a,mult,1.5,102,600,336,201600,1976.5,83.6
IMG_136,st_a,mult,2.0,102,800,448,358400,3513.7,177.9
IMG_136,st_a,short,384,102,686,384,263424,2582.6,121.8
IMG_136,st_a,short,512,102,914,512,467968,4587.9,273.3
IMG_136,st_a,short,768,102,1371,768,1052928,10322.8,1133.7
IMG_136,st_a,short,1024,102,1829,1024,1872896,18361.7,3644.6
IMG_137,st_a,mult,0.5,489,224,149,33376,68.3,31.5
IMG_137,st_a,mult,0.75,489,336,224,75264,153.9,102.5
IMG_137,st_a,mult,1.0,489,449,299,134251,274.5,206.4
IMG_137,st_a,mult,1.25,489,561,373,209253,427.9,456.0
IMG_137,st_a,mult,1.5,489,673,448,301504,616.6,906.6
IMG_137,st_a,mult,2.0,489,898,598,537004,1098.2,2126.9
IMG_137,st_a,short,384,489,577,384,221568,453.1,505.7
IMG_137,st_a,short,512,489,769,512,393728,805.2,1367.5
IMG_137,st_a,short,768,489,1153,768,885504,1810.8,3679.7
IMG_137,st_a,short,1024,489,1538,1024,1574912,3220.7,5479.6
IMG_138,st_a,mult,0.5,292,146,219,31974,109.5,14.6
IMG_138,st_a,mult,0.75,292,219,328,71832,246.0,53.8
IMG_138,st_a,mult,1.0,292,293,438,128334,439.5,112.7
IMG_138,st_a,mult,1.25,292,366,547,200202,685.6,308.5
IMG_138,st_a,mult,1.5,292,439,657,288423,987.8,580.8
IMG_138,st_a,mult,2.0,292,586,876,513336,1758.0,1170.4
IMG_138,st_a,short,384,292,384,574,220416,754.8,370.1
IMG_138,st_a,short,512,292,512,765,391680,1341.4,896.4
IMG_138,st_a,short,768,292,768,1148,881664,3019.4,1808.1
IMG_138,st_a,short,1024,292,1024,1531,1567744,5369.0,3093.3
IMG_139,st_a,mult,0.5,355,512,255,130560,367.8,113.4
IMG_139,st_a,mult,0.75,355,768,383,294144,828.6,269.4
IMG_139,st_a,mult,1.0,355,1024,511,523264,1474.0,601.5
IMG_139,st_a,mult,1.25,355,1280,638,816640,2300.4,1141.8
IMG_139,st_a,mult,1.5,355,1536,766,1176576,3314.3,1911.3
IMG_139,st_a,mult,2.0,355,2048,1022,2093056,5895.9,4388.1
IMG_139,st_a,short,384,355,770,384,295680,832.9,280.0
IMG_139,st_a,short,512,355,1026,512,525312,1479.8,616.0
IMG_139,st_a,short,768,355,1539,768,1181952,3329.4,1911.5
IMG_139,st_a,short,1024,355,2052,1024,2101248,5919.0,4355.8
IMG_14,st_a,mult,0.5,762,512,341,174592,229.1,262.0
IMG_14,st_a,mult,0.75,762,768,512,393216,516.0,621.2
IMG_14,st_a,mult,1.0,762,1024,683,699392,917.8,1318.1
IMG_14,st_a,mult,1.25,762,1280,853,1091840,1432.9,2779.8
IMG_14,st_a,mult,1.5,762,1536,1024,1572864,2064.1,4863.0
IMG_14,st_a,mult,2.0,762,2048,1366,2797568,3671.3,10597.2
IMG_14,st_a,short,384,762,576,384,221184,290.3,329.1
IMG_14,st_a,short,512,762,768,512,393216,516.0,621.2
IMG_14,st_a,short,768,762,1151,768,883968,1160.1,1965.0
IMG_14,st_a,short,1024,762,1535,1024,1571840,2062.8,4855.2
IMG_140,st_a,mult,0.5,93,512,384,196608,2114.1,53.6
IMG_140,st_a,mult,0.75,93,768,576,442368,4756.6,205.5
IMG_140,st_a,mult,1.0,93,1024,768,786432,8456.3,598.0
IMG_140,st_a,mult,1.25,93,1280,960,1228800,13212.9,1402.5
IMG_140,st_a,mult,1.5,93,1536,1152,1769472,19026.6,2883.3
IMG_140,st_a,short,384,93,512,384,196608,2114.1,53.6
IMG_140,st_a,short,512,93,683,512,349696,3760.2,136.4
IMG_140,st_a,short,768,93,1024,768,786432,8456.3,598.0
IMG_140,st_a,short,1024,93,1365,1024,1397760,15029.7,1802.6
IMG_141,st_a,mult,0.5,475,512,289,147968,311.5,167.4
IMG_141,st_a,mult,0.75,475,768,433,332544,700.1,491.4
IMG_141,st_a,mult,1.0,475,1024,578,591872,1246.0,1098.7
IMG_141,st_a,mult,1.25,475,1280,722,924160,1945.6,2019.6
IMG_141,st_a,mult,1.5,475,1536,867,1331712,2803.6,3298.4
IMG_141,st_a,mult,2.0,475,2048,1156,2367488,4984.2,7730.7
IMG_141,st_a,short,384,475,680,384,261120,549.7,347.0
IMG_141,st_a,short,512,475,907,512,464384,977.7,777.6
IMG_141,st_a,short,768,475,1361,768,1045248,2200.5,2340.0
IMG_141,st_a,short,1024,475,1814,1024,1857536,3910.6,5281.5
IMG_142,st_a,mult,0.5,211,275,184,50600,239.8,31.5
IMG_142,st_a,mult,0.75,211,412,276,113712,538.9,98.3
IMG_142,st_a,mult,1.0,211,550,368,202400,959.2,202.2
IMG_142,st_a,mult,1.25,211,687,460,316020,1497.7,369.7
IMG_142,st_a,mult,1.5,211,825,552,455400,2158.3,589.2
IMG_142,st_a,mult,2.0,211,1100,736,809600,3837.0,1102.0
IMG_142,st_a,short,384,211,574,384,220416,1044.6,228.1
IMG_142,st_a,short,512,211,765,512,391680,1856.3,476.5
IMG_142,st_a,short,768,211,1148,768,881664,4178.5,1208.5
IMG_142,st_a,short,1024,211,1530,1024,1566720,7425.2,2740.1
IMG_143,st_a,mult,0.5,357,275,216,59400,166.4,38.0
IMG_143,st_a,mult,0.75,357,412,324,133488,373.9,84.0
IMG_143,st_a,mult,1.0,357,550,432,237600,665.5,188.2
IMG_143,st_a,mult,1.25,357,687,540,370980,1039.2,383.0
IMG_143,st_a,mult,1.5,357,825,648,534600,1497.5,683.0
IMG_143,st_a,mult,2.0,357,1100,864,950400,2662.2,1350.7
IMG_143,st_a,short,384,357,489,384,187776,526.0,135.5
IMG_143,st_a,short,512,357,652,512,333824,935.1,324.1
IMG_143,st_a,short,768,357,978,768,751104,2103.9,1052.6
IMG_143,st_a,short,1024,357,1304,1024,1335296,3740.3,2251.7
IMG_144,st_a,mult,0.5,262,364,199,72436,276.5,38.8
IMG_144,st_a,mult,0.75,262,546,298,162708,621.0,107.3
IMG_144,st_a,mult,1.0,262,728,398,289744,1105.9,236.2
IMG_144,st_a,mult,1.25,262,910,497,452270,1726.2,578.8
IMG_144,st_a,mult,1.5,262,1092,597,651924,2488.3,1102.8
IMG_144,st_a,mult,2.0,262,1456,796,1158976,4423.6,2462.7
IMG_144,st_a,short,384,262,702,384,269568,1028.9,218.1
IMG_144,st_a,short,512,262,937,512,479744,1831.1,655.1
IMG_144,st_a,short,768,262,1405,768,1079040,4118.5,2258.1
IMG_144,st_a,short,1024,262,1873,1024,1917952,7320.4,4521.6
IMG_145,st_a,mult,0.5,261,512,183,93696,359.0,53.7
IMG_145,st_a,mult,0.75,261,768,275,211200,809.2,152.4
IMG_145,st_a,mult,1.0,261,1024,367,375808,1439.9,349.9
IMG_145,st_a,mult,1.25,261,1280,458,586240,2246.1,715.0
IMG_145,st_a,mult,1.5,261,1536,550,844800,3236.8,1270.8
IMG_145,st_a,mult,2.0,261,2048,734,1503232,5759.5,2932.2
IMG_145,st_a,short,384,261,1071,384,411264,1575.7,397.7
IMG_145,st_a,short,512,261,1429,512,731648,2803.2,998.5
IMG_145,st_a,short,768,261,2143,768,1645824,6305.8,3349.7
IMG_145,st_a,short,1024,261,2857,1024,2925568,11209.1,8412.1
IMG_146,st_a,mult,0.5,479,383,305,116815,243.9,96.3
IMG_146,st_a,mult,0.75,479,575,458,263350,549.8,337.2
IMG_146,st_a,mult,1.0,479,767,611,468637,978.4,780.1
IMG_146,st_a,mult,1.25,479,958,763,730954,1526.0,1528.0
IMG_146,st_a,mult,1.5,479,1150,916,1053400,2199.2,2530.4
IMG_146,st_a,mult,2.0,479,1534,1222,1874548,3913.5,5025.3
IMG_146,st_a,short,384,479,482,384,185088,386.4,213.6
IMG_146,st_a,short,512,479,643,512,329216,687.3,482.1
IMG_146,st_a,short,768,479,964,768,740352,1545.6,1584.9
IMG_146,st_a,short,1024,479,1285,1024,1315840,2747.1,3354.4
IMG_147,st_a,mult,0.5,587,512,216,110592,188.4,114.6
IMG_147,st_a,mult,0.75,587,768,324,248832,423.9,269.2
IMG_147,st_a,mult,1.0,587,1024,433,443392,755.4,603.6
IMG_147,st_a,mult,1.25,587,1280,541,692480,1179.7,1331.6
IMG_147,st_a,mult,1.5,587,1536,649,996864,1698.2,2448.4
IMG_147,st_a,mult,2.0,587,2048,866,1773568,3021.4,5395.4
IMG_147,st_a,short,384,587,908,384,348672,594.0,419.5
IMG_147,st_a,short,512,587,1211,512,620032,1056.3,1070.1
IMG_147,st_a,short,768,587,1816,768,1394688,2376.0,3844.0
IMG_147,st_a,short,1024,587,2422,1024,2480128,4225.1,7939.4
IMG_148,st_a,mult,0.5,208,325,217,70525,339.1,24.4
IMG_148,st_a,mult,0.75,208,487,325,158275,760.9,87.7
IMG_148,st_a,mult,1.0,208,650,434,282100,1356.2,218.4
IMG_148,st_a,mult,1.25,208,812,542,440104,2115.9,442.3
IMG_148,st_a,mult,1.5,208,975,651,634725,3051.6,791.6
IMG_148,st_a,mult,2.0,208,1300,868,1128400,5425.0,1700.2
IMG_148,st_a,short,384,208,575,384,220800,1061.5,148.2
IMG_148,st_a,short,512,208,767,512,392704,1888.0,377.5
IMG_148,st_a,short,768,208,1150,768,883200,4246.2,1228.4
IMG_148,st_a,short,1024,208,1534,1024,1570816,7552.0,2665.1
IMG_149,st_a,mult,0.5,230,512,374,191488,832.6,99.2
IMG_149,st_a,mult,0.75,230,768,561,430848,1873.3,328.9
IMG_149,st_a,mult,1.0,230,1024,749,766976,3334.7,836.4
IMG_149,st_a,mult,1.25,230,1280,936,1198080,5209.0,1688.5
IMG_149,st_a,mult,1.5,230,1536,1123,1724928,7499.7,3107.3
IMG_149,st_a,short,384,230,525,384,201600,876.5,104.0
IMG_149,st_a,short,512,230,700,512,358400,1558.3,243.6
IMG_149,st_a,short,768,230,1050,768,806400,3506.1,917.8
IMG_149,st_a,short,1024,230,1400,1024,1433600,6233.0,2255.9
IMG_15,st_a,mult,0.5,341,250,166,41500,121.7,27.4
IMG_15,st_a,mult,0.75,341,375,249,93375,273.8,94.7
IMG_15,st_a,mult,1.0,341,500,333,166500,488.3,215.1
IMG_15,st_a,mult,1.25,341,625,416,260000,762.5,439.6
IMG_15,st_a,mult,1.5,341,750,499,374250,1097.5,752.4
IMG_15,st_a,mult,2.0,341,1000,666,666000,1953.1,1502.7
IMG_15,st_a,short,384,341,577,384,221568,649.8,351.9
IMG_15,st_a,short,512,341,769,512,393728,1154.6,828.4
IMG_15,st_a,short,768,341,1153,768,885504,2596.8,1960.5
IMG_15,st_a,short,1024,341,1538,1024,1574912,4618.5,3517.2
IMG_150,st_a,mult,0.5,1303,326,214,69764,53.5,151.8
IMG_150,st_a,mult,0.75,1303,489,321,156969,120.5,558.4
IMG_150,st_a,mult,1.0,1303,652,428,279056,214.2,1260.2
IMG_150,st_a,mult,1.25,1303,815,535,436025,334.6,2280.4
IMG_150,st_a,mult,1.5,1303,978,642,627876,481.9,3850.3
IMG_150,st_a,mult,2.0,1303,1304,856,1116224,856.7,7583.9
IMG_150,st_a,short,384,1303,585,384,224640,172.4,916.0
IMG_150,st_a,short,512,1303,780,512,399360,306.5,2022.4
IMG_150,st_a,short,768,1303,1170,768,898560,689.6,5924.3
IMG_150,st_a,short,1024,1303,1560,1024,1597440,1226.0,10036.6
IMG_151,st_a,mult,0.5,253,312,218,68016,268.8,21.3
IMG_151,st_a,mult,0.75,253,468,327,153036,604.9,69.2
IMG_151,st_a,mult,1.0,253,624,437,272688,1077.8,202.9
IMG_151,st_a,mult,1.25,253,780,546,425880,1683.3,426.6
IMG_151,st_a,mult,1.5,253,936,655,613080,2423.2,698.9
IMG_151,st_a,mult,2.0,253,1248,874,1090752,4311.3,1554.3
IMG_151,st_a,short,384,253,548,384,210432,831.7,127.5
IMG_151,st_a,short,512,253,731,512,374272,1479.3,354.5
IMG_151,st_a,short,768,253,1097,768,842496,3330.0,1100.2
IMG_151,st_a,short,1024,253,1462,1024,1497088,5917.3,2610.6
IMG_152,st_a,mult,0.5,277,512,354,181248,654.3,147.4
IMG_152,st_a,mult,0.75,277,768,531,407808,1472.2,282.4
IMG_152,st_a,mult,1.0,277,1024,709,726016,2621.0,640.5
IMG_152,st_a,mult,1.25,277,1280,886,1134080,4094.2,1398.0
IMG_152,st_a,mult,1.5,277,1536,1063,1632768,5894.5,2716.8
IMG_152,st_a,mult,2.0,277,2048,1418,2904064,10484.0,7831.3
IMG_152,st_a,short,384,277,555,384,213120,769.4,167.1
IMG_152,st_a,short,512,277,739,512,378368,1365.9,259.9
IMG_152,st_a,short,768,277,1109,768,851712,3074.8,849.7
IMG_152,st_a,short,1024,277,1479,1024,1514496,5467.5,2366.9
IMG_153,st_a,mult,0.5,395,300,200,60000,151.9,33.1
IMG_153,st_a,mult,0.75,395,450,300,135000,341.8,104.2
IMG_153,st_a,mult,1.0,395,600,400,240000,607.6,282.6
IMG_153,st_a,mult,1.25,395,750,500,375000,949.4,698.1
IMG_153,st_a,mult,1.5,395,900,600,540000,1367.1,1341.2
IMG_153,st_a,mult,2.0,395,1200,800,960000,2430.4,3051.2
IMG_153,st_a,short,384,395,576,384,221184,560.0,255.4
IMG_153,st_a,short,512,395,768,512,393216,995.5,766.2
IMG_153,st_a,short,768,395,1152,768,884736,2239.8,2758.7
IMG_153,st_a,short,1024,395,1536,1024,1572864,3981.9,4968.3
IMG_154,st_a,mult,0.5,495,512,162,82944,167.6,86.6
IMG_154,st_a,mult,0.75,495,768,243,186624,377.0,293.1
IMG_154,st_a,mult,1.0,495,1024,324,331776,670.3,716.9
IMG_154,st_a,mult,1.25,495,1280,405,518400,1047.3,1711.9
IMG_154,st_a,mult,1.5,495,1536,486,746496,1508.1,3094.7
IMG_154,st_a,mult,2.0,495,2048,648,1327104,2681.0,6608.7
IMG_154,st_a,short,384,495,1214,384,466176,941.8,1420.4
IMG_154,st_a,short,512,495,1618,512,828416,1673.6,3662.5
IMG_154,st_a,short,768,495,2427,768,1863936,3765.5,8933.3
IMG_155,st_a,mult,0.5,165,340,512,174080,1055.0,135.1
IMG_155,st_a,mult,0.75,165,510,768,391680,2373.8,310.8
IMG_155,st_a,mult,1.0,165,680,1024,696320,4220.1,664.1
IMG_155,st_a,mult,1.25,165,850,1280,1088000,6593.9,1506.1
IMG_155,st_a,mult,1.5,165,1020,1536,1566720,9495.3,2882.1
IMG_155,st_a,mult,2.0,165,1360,2048,2785280,16880.5,8035.4
IMG_155,st_a,short,384,165,384,578,221952,1345.2,171.8
IMG_155,st_a,short,512,165,512,771,394752,2392.4,319.9
IMG_155,st_a,short,768,165,768,1157,888576,5385.3,1050.6
IMG_155,st_a,short,1024,165,1024,1542,1579008,9569.7,2953.1
IMG_156,st_a,mult,0.5,199,512,276,141312,710.1,49.2
IMG_156,st_a,mult,0.75,199,768,414,317952,1597.7,144.9
IMG_156,st_a,mult,1.0,199,1024,552,565248,2840.4,397.7
IMG_156,st_a,mult,1.25,199,1280,690,883200,4438.2,853.3
IMG_156,st_a,mult,1.5,199,1536,828,1271808,6391.0,1735.1
IMG_156,st_a,mult,2.0,199,2048,1104,2260992,11361.8,5111.6
IMG_156,st_a,short,384,199,712,384,273408,1373.9,111.7
IMG_156,st_a,short,512,199,950,512,486400,2444.2,286.2
IMG_156,st_a,short,768,199,1425,768,1094400,5499.5,1285.8
IMG_156,st_a,short,1024,199,1900,1024,1945600,9776.9,3944.0
IMG_157,st_a,mult,0.5,390,512,338,173056,443.7,163.1
IMG_157,st_a,mult,0.75,390,768,507,389376,998.4,500.2
IMG_157,st_a,mult,1.0,390,1024,676,692224,1774.9,1086.3
IMG_157,st_a,mult,1.25,390,1280,845,1081600,2773.3,2060.0
IMG_157,st_a,mult,1.5,390,1536,1014,1557504,3993.6,3669.5
IMG_157,st_a,mult,2.0,390,2048,1352,2768896,7099.7,10708.2
IMG_157,st_a,short,384,390,582,384,223488,573.0,237.0
IMG_157,st_a,short,512,390,776,512,397312,1018.7,501.7
IMG_157,st_a,short,768,390,1163,768,893184,2290.2,1503.7
IMG_157,st_a,short,1024,390,1551,1024,1588224,4072.4,3683.3
IMG_158,st_a,mult,0.5,308,297,214,63558,206.4,51.6
IMG_158,st_a,mult,0.75,308,445,321,142845,463.8,162.1
IMG_158,st_a,mult,1.0,308,594,428,254232,825.4,342.4
IMG_158,st_a,mult,1.25,308,742,535,396970,1288.9,639.3
IMG_158,st_a,mult,1.5,308,891,642,572022,1857.2,1079.8
IMG_158,st_a,mult,2.0,308,1188,856,1016928,3301.7,2306.6
IMG_158,st_a,short,384,308,533,384,204672,664.5,263.7
IMG_158,st_a,short,512,308,711,512,364032,1181.9,560.4
IMG_158,st_a,short,768,308,1066,768,818688,2658.1,1727.8
IMG_158,st_a,short,1024,308,1421,1024,1455104,4724.4,3533.8
IMG_159,st_a,mult,0.5,199,441,290,127890,642.7,125.5
IMG_159,st_a,mult,0.75,199,661,435,287535,1444.9,262.2
IMG_159,st_a,mult,1.0,199,882,580,511560,2570.7,486.6
IMG_159,st_a,mult,1.25,199,1102,725,798950,4014.8,915.7
IMG_159,st_a,mult,1.5,199,1323,870,1151010,5784.0,1626.7
IMG_159,st_a,mult,2.0,199,1764,1160,2046240,10282.6,3943.7
IMG_159,st_a,short,384,199,584,384,224256,1126.9,211.1
IMG_159,st_a,short,512,199,779,512,398848,2004.3,376.8
IMG_159,st_a,short,768,199,1168,768,897024,4507.7,1109.9
IMG_159,st_a,short,1024,199,1557,1024,1594368,8011.9,2658.0
IMG_16,st_a,mult,0.5,416,268,209,56012,134.6,58.5
IMG_16,st_a,mult,0.75,416,402,314,126228,303.4,169.4
IMG_16,st_a,mult,1.0,416,536,419,224584,539.9,430.0
IMG_16,st_a,mult,1.25,416,670,523,350410,842.3,834.9
IMG_16,st_a,mult,1.5,416,804,628,504912,1213.7,1377.0
IMG_16,st_a,mult,2.0,416,1072,838,898336,2159.5,2613.9
IMG_16,st_a,short,384,416,491,384,188544,453.2,310.1
IMG_16,st_a,short,512,416,655,512,335360,806.2,771.6
IMG_16,st_a,short,768,416,982,768,754176,1812.9,2168.9
IMG_16,st_a,short,1024,416,1310,1024,1341440,3224.6,3477.2
IMG_160,st_a,mult,0.5,121,239,179,42781,353.6,12.5
IMG_160,st_a,mult,0.75,121,358,269,96302,795.9,29.7
IMG_160,st_a,mult,1.0,121,478,359,171602,1418.2,71.9
IMG_160,st_a,mult,1.25,121,597,448,267456,2210.4,145.1
IMG_160,st_a,mult,1.5,121,717,538,385746,3188.0,233.9
IMG_160,st_a,mult,2.0,121,956,718,686408,5672.8,527.9
IMG_160,st_a,short,384,121,511,384,196224,1621.7,92.1
IMG_160,st_a,short,512,121,682,512,349184,2885.8,203.2
IMG_160,st_a,short,768,121,1023,768,785664,6493.1,667.1
IMG_160,st_a,short,1024,121,1363,1024,1395712,11534.8,1868.5
IMG_161,st_a,mult,0.5,266,480,270,129600,487.2,71.9
IMG_161,st_a,mult,0.75,266,720,405,291600,1096.2,323.5
IMG_161,st_a,mult,1.0,266,960,540,518400,1948.9,773.1
IMG_161,st_a,mult,1.25,266,1200,675,810000,3045.1,1424.6
IMG_161,st_a,mult,1.5,266,1440,810,1166400,4385.0,2187.7
IMG_161,st_a,mult,2.0,266,1920,1080,2073600,7795.5,4656.6
IMG_161,st_a,short,384,266,683,384,262272,986.0,248.5
IMG_161,st_a,short,512,266,910,512,465920,1751.6,657.2
IMG_161,st_a,short,768,266,1365,768,1048320,3941.1,1998.1
IMG_161,st_a,short,1024,266,1820,1024,1863680,7006.3,4168.9
IMG_162,st_a,mult,0.5,219,305,224,68320,312.0,37.1
IMG_162,st_a,mult,0.75,219,457,336,153552,701.2,115.3
IMG_162,st_a,mult,1.0,219,610,448,273280,1247.9,243.3
IMG_162,st_a,mult,1.25,219,762,560,426720,1948.5,402.3
IMG_162,st_a,mult,1.5,219,915,672,614880,2807.7,622.8
IMG_162,st_a,mult,2.0,219,1220,896,1093120,4991.4,1448.3
IMG_162,st_a,short,384,219,523,384,200832,917.0,157.4
IMG_162,st_a,short,512,219,697,512,356864,1629.5,325.2
IMG_162,st_a,short,768,219,1046,768,803328,3668.2,904.7
IMG_162,st_a,short,1024,219,1394,1024,1427456,6518.1,2345.5
IMG_163,st_a,mult,0.5,162,324,250,81000,500.0,44.6
IMG_163,st_a,mult,0.75,162,486,375,182250,1125.0,132.4
IMG_163,st_a,mult,1.0,162,649,500,324500,2003.1,332.0
IMG_163,st_a,mult,1.25,162,811,625,506875,3128.9,732.3
IMG_163,st_a,mult,1.5,162,973,750,729750,4504.6,1223.9
IMG_163,st_a,mult,2.0,162,1298,1000,1298000,8012.3,2597.8
IMG_163,st_a,short,384,162,498,384,191232,1180.4,151.3
IMG_163,st_a,short,512,162,665,512,340480,2101.7,390.8
IMG_163,st_a,short,768,162,997,768,765696,4726.5,1304.2
IMG_163,st_a,short,1024,162,1329,1024,1360896,8400.6,2827.5
IMG_164,st_a,mult,0.5,302,350,132,46200,153.0,44.2
IMG_164,st_a,mult,0.75,302,525,198,103950,344.2,124.2
IMG_164,st_a,mult,1.0,302,701,265,185765,615.1,247.9
IMG_164,st_a,mult,1.25,302,876,331,289956,960.1,426.1
IMG_164,st_a,mult,1.5,302,1051,397,417247,1381.6,622.6
IMG_164,st_a,mult,2.0,302,1402,530,743060,2460.5,1023.9
IMG_164,st_a,short,384,302,1016,384,390144,1291.9,562.4
IMG_164,st_a,short,512,302,1354,512,693248,2295.5,958.8
IMG_164,st_a,short,768,302,2032,768,1560576,5167.5,2772.9
IMG_164,st_a,short,1024,302,2709,1024,2774016,9185.5,8422.5
IMG_165,st_a,mult,0.5,1581,512,340,174080,110.1,291.2
IMG_165,st_a,mult,0.75,1581,768,510,391680,247.7,1126.5
IMG_165,st_a,mult,1.0,1581,1024,681,697344,441.1,2511.7
IMG_165,st_a,mult,1.25,1581,1280,851,1089280,689.0,3540.5
IMG_165,st_a,mult,1.5,1581,1536,1021,1568256,991.9,5747.3
IMG_165,st_a,mult,2.0,1581,2048,1362,2789376,1764.3,13209.0
IMG_165,st_a,short,384,1581,577,384,221568,140.1,462.9
IMG_165,st_a,short,512,1581,770,512,394240,249.4,1154.2
IMG_165,st_a,short,768,1581,1155,768,887040,561.1,2803.4
IMG_165,st_a,short,1024,1581,1540,1024,1576960,997.4,5623.5
IMG_166,st_a,mult,0.5,126,480,270,129600,1028.6,60.2
IMG_166,st_a,mult,0.75,126,720,405,291600,2314.3,131.0
IMG_166,st_a,mult,1.0,126,960,540,518400,4114.3,277.9
IMG_166,st_a,mult,1.25,126,1200,675,810000,6428.6,576.0
IMG_166,st_a,mult,1.5,126,1440,810,1166400,9257.1,1079.8
IMG_166,st_a,mult,2.0,126,1920,1080,2073600,16457.1,3163.4
IMG_166,st_a,short,384,126,683,384,262272,2081.5,115.3
IMG_166,st_a,short,512,126,910,512,465920,3697.8,232.7
IMG_166,st_a,short,768,126,1365,768,1048320,8320.0,886.2
IMG_166,st_a,short,1024,126,1820,1024,1863680,14791.1,2570.1
IMG_167,st_a,mult,0.5,112,239,179,42781,382.0,16.5
IMG_167,st_a,mult,0.75,112,358,269,96302,859.8,35.6
IMG_167,st_a,mult,1.0,112,478,359,171602,1532.2,72.0
IMG_167,st_a,mult,1.25,112,597,448,267456,2388.0,148.7
IMG_167,st_a,mult,1.5,112,717,538,385746,3444.2,257.5
IMG_167,st_a,mult,2.0,112,956,718,686408,6128.6,576.1
IMG_167,st_a,short,384,112,511,384,196224,1752.0,92.4
IMG_167,st_a,short,512,112,682,512,349184,3117.7,221.0
IMG_167,st_a,short,768,112,1023,768,785664,7014.9,719.9
IMG_167,st_a,short,1024,112,1363,1024,1395712,12461.7,1921.0
IMG_168,st_a,mult,0.5,240,512,344,176128,733.9,132.4
IMG_168,st_a,mult,0.75,240,768,516,396288,1651.2,370.4
IMG_168,st_a,mult,1.0,240,1024,688,704512,2935.5,887.4
IMG_168,st_a,mult,1.25,240,1280,860,1100800,4586.7,1775.5
IMG_168,st_a,mult,1.5,240,1536,1032,1585152,6604.8,3232.4
IMG_168,st_a,mult,2.0,240,2048,1376,2818048,11741.9,8227.5
IMG_168,st_a,short,384,240,572,384,219648,915.2,170.9
IMG_168,st_a,short,512,240,762,512,390144,1625.6,380.7
IMG_168,st_a,short,768,240,1143,768,877824,3657.6,1243.9
IMG_168,st_a,short,1024,240,1524,1024,1560576,6502.4,3127.9
IMG_169,st_a,mult,0.5,218,512,341,174592,800.9,127.9
IMG_169,st_a,mult,0.75,218,768,512,393216,1803.7,307.9
IMG_169,st_a,mult,1.0,218,1024,683,699392,3208.2,679.2
IMG_169,st_a,mult,1.25,218,1280,853,1091840,5008.4,1330.1
IMG_169,st_a,mult,1.5,218,1536,1024,1572864,7215.0,2415.5
IMG_169,st_a,mult,2.0,218,2048,1366,2797568,12832.9,6779.0
IMG_169,st_a,short,384,218,576,384,221184,1014.6,164.4
IMG_169,st_a,short,512,218,768,512,393216,1803.7,307.9
IMG_169,st_a,short,768,218,1151,768,883968,4054.9,962.3
IMG_169,st_a,short,1024,218,1535,1024,1571840,7210.3,2405.5
IMG_17,st_a,mult,0.5,1156,498,254,126492,109.4,449.8
IMG_17,st_a,mult,0.75,1156,747,381,284607,246.2,1367.5
IMG_17,st_a,mult,1.0,1156,997,508,506476,438.1,3195.4
IMG_17,st_a,mult,1.25,1156,1246,635,791210,684.4,5840.0
IMG_17,st_a,mult,1.5,1156,1495,762,1139190,985.5,9333.6
IMG_17,st_a,mult,2.0,1156,1994,1016,2025904,1752.5,16567.5
IMG_17,st_a,short,384,1156,754,384,289536,250.5,1392.1
IMG_17,st_a,short,512,1156,1005,512,514560,445.1,3209.8
IMG_17,st_a,short,768,1156,1507,768,1157376,1001.2,9427.3
IMG_17,st_a,short,1024,1156,2010,1024,2058240,1780.5,16540.8
IMG_170,st_a,mult,0.5,670,512,343,175616,262.1,305.7
IMG_170,st_a,mult,0.75,670,768,515,395520,590.3,884.9
IMG_170,st_a,mult,1.0,670,1024,687,703488,1050.0,1862.4
IMG_170,st_a,mult,1.25,670,1280,858,1098240,1639.2,3744.8
IMG_170,st_a,mult,1.5,670,1536,1030,1582080,2361.3,6505.2
IMG_170,st_a,mult,2.0,670,2048,1374,2813952,4199.9,13948.2
IMG_170,st_a,short,384,670,572,384,219648,327.8,404.2
IMG_170,st_a,short,512,670,763,512,390656,583.1,866.4
IMG_170,st_a,short,768,670,1145,768,879360,1312.5,2595.0
IMG_170,st_a,short,1024,670,1526,1024,1562624,2332.3,6290.9
IMG_171,st_a,mult,0.5,239,512,343,175616,734.8,114.9
IMG_171,st_a,mult,0.75,239,768,515,395520,1654.9,274.1
IMG_171,st_a,mult,1.0,239,1024,687,703488,2943.5,609.5
IMG_171,st_a,mult,1.25,239,1280,858,1098240,4595.1,1238.6
IMG_171,st_a,mult,1.5,239,1536,1030,1582080,6619.6,2317.0
IMG_171,st_a,mult,2.0,239,2048,1374,2813952,11773.9,6202.1
IMG_171,st_a,short,384,239,572,384,219648,919.0,144.1
IMG_171,st_a,short,512,239,763,512,390656,1634.5,276.1
IMG_171,st_a,short,768,239,1145,768,879360,3679.3,862.8
IMG_171,st_a,short,1024,239,1526,1024,1562624,6538.2,2217.4
IMG_172,st_a,mult,0.5,1171,512,175,89600,76.5,198.9
IMG_172,st_a,mult,0.75,1171,768,262,201216,171.8,614.9
IMG_172,st_a,mult,1.0,1171,1024,350,358400,306.1,1263.4
IMG_172,st_a,mult,1.25,1171,1280,437,559360,477.7,2289.0
IMG_172,st_a,mult,1.5,1171,1536,525,806400,688.6,3600.8
IMG_172,st_a,mult,2.0,1171,2048,700,1433600,1224.3,7512.8
IMG_172,st_a,short,384,1171,1123,384,431232,368.3,1584.1
IMG_172,st_a,short,512,1171,1498,512,766976,655.0,3432.4
IMG_172,st_a,short,768,1171,2247,768,1725696,1473.7,9012.9
IMG_173,st_a,mult,0.5,481,512,356,182272,378.9,307.1
IMG_173,st_a,mult,0.75,481,768,534,410112,852.6,824.8
IMG_173,st_a,mult,1.0,481,1024,713,730112,1517.9,1639.6
IMG_173,st_a,mult,1.25,481,1280,891,1140480,2371.1,3059.1
IMG_173,st_a,mult,1.5,481,1536,1069,1641984,3413.7,4820.3
IMG_173,st_a,mult,2.0,481,2048,1426,2920448,6071.6,10999.1
IMG_173,st_a,short,384,481,551,384,211584,439.9,366.3
IMG_173,st_a,short,512,481,735,512,376320,782.4,733.5
IMG_173,st_a,short,768,481,1103,768,847104,1761.1,2030.4
IMG_173,st_a,short,1024,481,1471,1024,1506304,3131.6,4256.5
IMG_174,st_a,mult,0.5,129,512,384,196608,1524.1,79.1
IMG_174,st_a,mult,0.75,129,768,576,442368,3429.2,234.7
IMG_174,st_a,mult,1.0,129,1024,768,786432,6096.4,588.6
IMG_174,st_a,mult,1.25,129,1280,960,1228800,9525.6,1478.7
IMG_174,st_a,mult,1.5,129,1536,1152,1769472,13716.8,3131.7
IMG_174,st_a,short,384,129,512,384,196608,1524.1,79.1
IMG_174,st_a,short,512,129,683,512,349696,2710.8,163.4
IMG_174,st_a,short,768,129,1024,768,786432,6096.4,588.6
IMG_174,st_a,short,1024,129,1365,1024,1397760,10835.3,1910.1
IMG_175,st_a,mult,0.5,442,512,236,120832,273.4,165.6
IMG_175,st_a,mult,0.75,442,768,354,271872,615.1,470.3
IMG_175,st_a,mult,1.0,442,1024,473,484352,1095.8,922.2
IMG_175,st_a,mult,1.25,442,1280,591,756480,1711.5,1844.2
IMG_175,st_a,mult,1.5,442,1536,709,1089024,2463.9,3182.9
IMG_175,st_a,mult,2.0,442,2048,946,1937408,4383.3,7796.4
IMG_175,st_a,short,384,442,831,384,319104,722.0,535.9
IMG_175,st_a,short,512,442,1108,512,567296,1283.5,1166.5
IMG_175,st_a,short,768,442,1663,768,1277184,2889.6,3999.5
IMG_175,st_a,short,1024,442,2217,1024,2270208,5136.2,9682.7
IMG_176,st_a,mult,0.5,213,285,200,57000,267.6,27.2
IMG_176,st_a,mult,0.75,213,427,300,128100,601.4,91.0
IMG_176,st_a,mult,1.0,213,570,400,228000,1070.4,238.8
IMG_176,st_a,mult,1.25,213,712,500,356000,1671.4,508.3
IMG_176,st_a,mult,1.5,213,855,600,513000,2408.5,952.5
IMG_176,st_a,mult,2.0,213,1140,800,912000,4281.7,2390.3
IMG_176,st_a,short,384,213,547,384,210048,986.1,200.7
IMG_176,st_a,short,512,213,730,512,373760,1754.7,556.4
IMG_176,st_a,short,768,213,1094,768,840192,3944.6,2078.4
IMG_176,st_a,short,1024,213,1459,1024,1494016,7014.2,4708.4
IMG_177,st_a,mult,0.5,363,512,341,174592,481.0,161.3
IMG_177,st_a,mult,0.75,363,768,512,393216,1083.2,496.1
IMG_177,st_a,mult,1.0,363,1024,683,699392,1926.7,937.0
IMG_177,st_a,mult,1.25,363,1280,853,1091840,3007.8,1763.0
IMG_177,st_a,mult,1.5,363,1536,1024,1572864,4333.0,3123.0
IMG_177,st_a,mult,2.0,363,2048,1366,2797568,7706.8,8451.4
IMG_177,st_a,short,384,363,576,384,221184,609.3,234.8
IMG_177,st_a,short,512,363,768,512,393216,1083.2,496.1
IMG_177,st_a,short,768,363,1151,768,883968,2435.2,1249.1
IMG_177,st_a,short,1024,363,1535,1024,1571840,4330.1,3109.9
IMG_178,st_a,mult,0.5,549,512,341,174592,318.0,232.4
IMG_178,st_a,mult,0.75,549,768,512,393216,716.2,577.6
IMG_178,st_a,mult,1.0,549,1024,683,699392,1273.9,1127.8
IMG_178,st_a,mult,1.25,549,1280,853,1091840,1988.8,1913.7
IMG_178,st_a,mult,1.5,549,1536,1024,1572864,2865.0,3106.2
IMG_178,st_a,mult,2.0,549,2048,1366,2797568,5095.8,7085.9
IMG_178,st_a,short,384,549,576,384,221184,402.9,305.4
IMG_178,st_a,short,512,549,768,512,393216,716.2,577.6
IMG_178,st_a,short,768,549,1151,768,883968,1610.1,1464.8
IMG_178,st_a,short,1024,549,1535,1024,1571840,2863.1,3088.4
IMG_179,st_a,mult,0.5,400,512,341,174592,436.5,117.2
IMG_179,st_a,mult,0.75,400,768,512,393216,983.0,357.6
IMG_179,st_a,mult,1.0,400,1024,683,699392,1748.5,822.6
IMG_179,st_a,mult,1.25,400,1280,853,1091840,2729.6,1730.0
IMG_179,st_a,mult,1.5,400,1536,1024,1572864,3932.2,3201.7
IMG_179,st_a,mult,2.0,400,2048,1366,2797568,6993.9,8840.6
IMG_179,st_a,short,384,400,576,384,221184,553.0,149.2
IMG_179,st_a,short,512,400,768,512,393216,983.0,357.6
IMG_179,st_a,short,768,400,1151,768,883968,2209.9,1187.3
IMG_179,st_a,short,1024,400,1535,1024,1571840,3929.6,3179.8
IMG_18,st_a,mult,0.5,227,512,340,174080,766.9,63.0
IMG_18,st_a,mult,0.75,227,768,510,391680,1725.5,215.9
IMG_18,st_a,mult,1.0,227,1024,681,697344,3072.0,597.8
IMG_18,st_a,mult,1.25,227,1280,851,1089280,4798.6,1389.0
IMG_18,st_a,mult,1.5,227,1536,1021,1568256,6908.6,2680.2
IMG_18,st_a,mult,2.0,227,2048,1362,2789376,12288.0,8173.8
IMG_18,st_a,short,384,227,577,384,221568,976.1,87.8
IMG_18,st_a,short,512,227,770,512,394240,1736.7,215.0
IMG_18,st_a,short,768,227,1155,768,887040,3907.7,924.3
IMG_18,st_a,short,1024,227,1540,1024,1576960,6947.0,2715.9
IMG_180,st_a,mult,0.5,398,512,384,196608,494.0,155.9
IMG_180,st_a,mult,0.75,398,768,576,442368,1111.5,480.1
IMG_180,st_a,mult,1.0,398,1024,768,786432,1976.0,1144.6
IMG_180,st_a,mult,1.25,398,1280,960,1228800,3087.4,2635.6
IMG_180,st_a,mult,1.5,398,1536,1152,1769472,4445.9,5231.4
IMG_180,st_a,short,384,398,512,384,196608,494.0,155.9
IMG_180,st_a,short,512,398,683,512,349696,878.6,331.3
IMG_180,st_a,short,768,398,1024,768,786432,1976.0,1144.6
IMG_180,st_a,short,1024,398,1365,1024,1397760,3512.0,3375.5
IMG_181,st_a,mult,0.5,216,512,340,174080,805.9,99.3
IMG_181,st_a,mult,0.75,216,768,510,391680,1813.3,226.1
IMG_181,st_a,mult,1.0,216,1024,681,697344,3228.4,540.8
IMG_181,st_a,mult,1.25,216,1280,851,1089280,5043.0,1199.0
IMG_181,st_a,mult,1.5,216,1536,1021,1568256,7260.4,2214.3
IMG_181,st_a,mult,2.0,216,2048,1362,2789376,12913.8,5994.4
IMG_181,st_a,short,384,216,577,384,221568,1025.8,124.1
IMG_181,st_a,short,512,216,770,512,394240,1825.2,231.7
IMG_181,st_a,short,768,216,1155,768,887040,4106.7,834.7
IMG_181,st_a,short,1024,216,1540,1024,1576960,7300.7,2219.4
IMG_182,st_a,mult,0.5,199,512,344,176128,885.1,87.3
IMG_182,st_a,mult,0.75,199,768,516,396288,1991.4,197.6
IMG_182,st_a,mult,1.0,199,1024,688,704512,3540.3,510.0
IMG_182,st_a,mult,1.25,199,1280,860,1100800,5531.7,1077.1
IMG_182,st_a,mult,1.5,199,1536,1032,1585152,7965.6,2045.7
IMG_182,st_a,mult,2.0,199,2048,1376,2818048,14161.0,5887.8
IMG_182,st_a,short,384,199,572,384,219648,1103.8,108.7
IMG_182,st_a,short,512,199,762,512,390144,1960.5,200.5
IMG_182,st_a,short,768,199,1143,768,877824,4411.2,727.8
IMG_182,st_a,short,1024,199,1524,1024,1560576,7842.1,1971.3
IMG_19,st_a,mult,0.5,230,512,341,174592,759.1,78.5
IMG_19,st_a,mult,0.75,230,768,512,393216,1709.6,255.3
IMG_19,st_a,mult,1.0,230,1024,683,699392,3040.8,670.3
IMG_19,st_a,mult,1.25,230,1280,853,1091840,4747.1,1514.0
IMG_19,st_a,mult,1.5,230,1536,1024,1572864,6838.5,3014.1
IMG_19,st_a,mult,2.0,230,2048,1366,2797568,12163.3,8880.3
IMG_19,st_a,short,384,230,576,384,221184,961.7,105.3
IMG_19,st_a,short,512,230,768,512,393216,1709.6,255.3
IMG_19,st_a,short,768,230,1151,768,883968,3843.3,1051.5
IMG_19,st_a,short,1024,230,1535,1024,1571840,6834.1,2993.2
IMG_2,st_a,mult,0.5,1111,512,342,175104,157.6,397.6
IMG_2,st_a,mult,0.75,1111,768,513,393984,354.6,1171.2
IMG_2,st_a,mult,1.0,1111,1024,684,700416,630.4,2794.0
IMG_2,st_a,mult,1.25,1111,1280,855,1094400,985.1,6103.1
IMG_2,st_a,mult,1.5,1111,1536,1026,1575936,1418.5,11154.1
IMG_2,st_a,mult,2.0,1111,2048,1368,2801664,2521.7,23790.0
IMG_2,st_a,short,384,1111,575,384,220800,198.7,544.8
IMG_2,st_a,short,512,1111,767,512,392704,353.5,1143.2
IMG_2,st_a,short,768,1111,1150,768,883200,795.0,4128.8
IMG_2,st_a,short,1024,1111,1533,1024,1569792,1413.0,10901.4
IMG_20,st_a,mult,0.5,460,512,341,174592,379.5,265.8
IMG_20,st_a,mult,0.75,460,768,512,393216,854.8,634.4
IMG_20,st_a,mult,1.0,460,1024,683,699392,1520.4,1184.4
IMG_20,st_a,mult,1.25,460,1280,853,1091840,2373.6,2331.5
IMG_20,st_a,mult,1.5,460,1536,1024,1572864,3419.3,3926.2
IMG_20,st_a,mult,2.0,460,2048,1366,2797568,6081.7,8879.8
IMG_20,st_a,short,384,460,576,384,221184,480.8,347.6
IMG_20,st_a,short,512,460,768,512,393216,854.8,634.4
IMG_20,st_a,short,768,460,1151,768,883968,1921.7,1712.4
IMG_20,st_a,short,1024,460,1535,1024,1571840,3417.0,3861.8
IMG_21,st_a,mult,0.5,717,512,341,174592,243.5,252.9
IMG_21,st_a,mult,0.75,717,768,512,393216,548.4,724.3
IMG_21,st_a,mult,1.0,717,1024,683,699392,975.4,1543.4
IMG_21,st_a,mult,1.25,717,1280,853,1091840,1522.8,3038.1
IMG_21,st_a,mult,1.5,717,1536,1024,1572864,2193.7,5439.0
IMG_21,st_a,mult,2.0,717,2048,1366,2797568,3901.8,12527.2
IMG_21,st_a,short,384,717,576,384,221184,308.5,356.6
IMG_21,st_a,short,512,717,768,512,393216,548.4,724.3
IMG_21,st_a,short,768,717,1151,768,883968,1232.9,2223.6
IMG_21,st_a,short,1024,717,1535,1024,1571840,2192.2,5391.2
IMG_22,st_a,mult,0.5,212,360,270,97200,458.5,38.2
IMG_22,st_a,mult,0.75,212,540,405,218700,1031.6,96.1
IMG_22,st_a,mult,1.0,212,720,540,388800,1834.0,251.5
IMG_22,st_a,mult,1.25,212,900,675,607500,2865.6,534.5
IMG_22,st_a,mult,1.5,212,1080,810,874800,4126.4,1063.9
IMG_22,st_a,mult,2.0,212,1440,1080,1555200,7335.8,2973.1
IMG_22,st_a,short,384,212,512,384,196608,927.4,88.2
IMG_22,st_a,short,512,212,683,512,349696,1649.5,194.2
IMG_22,st_a,short,768,212,1024,768,786432,3709.6,862.9
IMG_22,st_a,short,1024,212,1365,1024,1397760,6593.2,2434.1
IMG_23,st_a,mult,0.5,429,512,471,241152,562.1,236.5
IMG_23,st_a,mult,0.75,429,768,706,542208,1263.9,748.7
IMG_23,st_a,mult,1.0,429,1024,942,964608,2248.5,1753.1
IMG_23,st_a,mult,1.25,429,1280,1177,1506560,3511.8,3707.6
IMG_23,st_a,mult,1.5,429,1536,1413,2170368,5059.1,6566.1
IMG_23,st_a,short,384,429,417,384,160128,373.3,123.4
IMG_23,st_a,short,512,429,557,512,285184,664.8,292.5
IMG_23,st_a,short,768,429,835,768,641280,1494.8,920.2
IMG_23,st_a,short,1024,429,1113,1024,1139712,2656.7,2373.7
IMG_24,st_a,mult,0.5,553,512,316,161792,292.6,316.9
IMG_24,st_a,mult,0.75,553,768,474,364032,658.3,661.6
IMG_24,st_a,mult,1.0,553,1024,633,648192,1172.1,1202.4
IMG_24,st_a,mult,1.25,553,1280,791,1012480,1830.9,2592.1
IMG_24,st_a,mult,1.5,553,1536,949,1457664,2635.9,4811.7
IMG_24,st_a,mult,2.0,553,2048,1266,2592768,4688.5,11372.8
IMG_24,st_a,short,384,553,621,384,238464,431.2,459.5
IMG_24,st_a,short,512,553,828,512,423936,766.6,763.1
IMG_24,st_a,short,768,553,1242,768,953856,1724.9,2328.6
IMG_24,st_a,short,1024,553,1657,1024,1696768,3068.3,6188.0
IMG_25,st_a,mult,0.5,243,512,340,174080,716.4,52.8
IMG_25,st_a,mult,0.75,243,768,510,391680,1611.9,189.9
IMG_25,st_a,mult,1.0,243,1024,681,697344,2869.7,440.4
IMG_25,st_a,mult,1.25,243,1280,851,1089280,4482.6,1012.2
IMG_25,st_a,mult,1.5,243,1536,1021,1568256,6453.7,1988.4
IMG_25,st_a,mult,2.0,243,2048,1362,2789376,11478.9,5840.4
IMG_25,st_a,short,384,243,577,384,221568,911.8,77.5
IMG_25,st_a,short,512,243,770,512,394240,1622.4,188.9
IMG_25,st_a,short,768,243,1155,768,887040,3650.4,686.4
IMG_25,st_a,short,1024,243,1540,1024,1576960,6489.5,1969.5
IMG_26,st_a,mult,0.5,497,225,146,32850,66.1,17.2
IMG_26,st_a,mult,0.75,497,337,219,73803,148.5,54.3
IMG_26,st_a,mult,1.0,497,450,293,131850,265.3,116.7
IMG_26,st_a,mult,1.25,497,562,366,205692,413.9,231.8
IMG_26,st_a,mult,1.5,497,675,439,296325,596.2,416.9
IMG_26,st_a,mult,2.0,497,900,586,527400,1061.2,861.8
IMG_26,st_a,short,384,497,590,384,226560,455.9,271.6
IMG_26,st_a,short,512,497,786,512,402432,809.7,628.6
IMG_26,st_a,short,768,497,1180,768,906240,1823.4,1403.3
IMG_26,st_a,short,1024,497,1573,1024,1610752,3240.9,3046.7
IMG_27,st_a,mult,0.5,760,512,390,199680,262.7,353.0
IMG_27,st_a,mult,0.75,760,768,585,449280,591.2,1035.7
IMG_27,st_a,mult,1.0,760,1024,781,799744,1052.3,2772.8
IMG_27,st_a,mult,1.25,760,1280,976,1249280,1643.8,6116.5
IMG_27,st_a,mult,1.5,760,1536,1171,1798656,2366.7,10284.2
IMG_27,st_a,short,384,760,503,384,193152,254.1,337.2
IMG_27,st_a,short,512,760,671,512,343552,452.0,672.6
IMG_27,st_a,short,768,760,1007,768,773376,1017.6,2579.6
IMG_27,st_a,short,1024,760,1343,1024,1375232,1809.5,7048.6
IMG_28,st_a,mult,0.5,423,512,348,178176,421.2,249.4
IMG_28,st_a,mult,0.75,423,768,522,400896,947.7,603.9
IMG_28,st_a,mult,1.0,423,1024,697,713728,1687.3,918.3
IMG_28,st_a,mult,1.25,423,1280,871,1114880,2635.7,1622.7
IMG_28,st_a,mult,1.5,423,1536,1045,1605120,3794.6,2628.0
IMG_28,st_a,mult,2.0,423,2048,1394,2854912,6749.2,6172.7
IMG_28,st_a,short,384,423,564,384,216576,512.0,326.3
IMG_28,st_a,short,512,423,752,512,385024,910.2,586.9
IMG_28,st_a,short,768,423,1128,768,866304,2048.0,1153.1
IMG_28,st_a,short,1024,423,1504,1024,1540096,3640.9,2507.3
IMG_29,st_a,mult,0.5,309,512,341,174592,565.0,53.9
IMG_29,st_a,mult,0.75,309,768,512,393216,1272.5,194.6
IMG_29,st_a,mult,1.0,309,1024,683,699392,2263.4,546.3
IMG_29,st_a,mult,1.25,309,1280,853,1091840,3533.5,1282.8
IMG_29,st_a,mult,1.5,309,1536,1024,1572864,5090.2,2597.8
IMG_29,st_a,mult,2.0,309,2048,1366,2797568,9053.6,8040.9
IMG_29,st_a,short,384,309,576,384,221184,715.8,76.9
IMG_29,st_a,short,512,309,768,512,393216,1272.5,194.6
IMG_29,st_a,short,768,309,1151,768,883968,2860.7,864.5
IMG_29,st_a,short,1024,309,1535,1024,1571840,5086.9,2588.8
IMG_3,st_a,mult,0.5,297,320,213,68160,229.5,61.9
IMG_3,st_a,mult,0.75,297,480,320,153600,517.2,167.1
IMG_3,st_a,mult,1.0,297,640,427,273280,920.1,336.7
IMG_3,st_a,mult,1.25,297,800,533,426400,1435.7,683.9
IMG_3,st_a,mult,1.5,297,960,640,614400,2068.7,1143.4
IMG_3,st_a,mult,2.0,297,1280,854,1093120,3680.5,2387.5
IMG_3,st_a,short,384,297,576,384,221184,744.7,259.1
IMG_3,st_a,short,512,297,767,512,392704,1322.2,562.7
IMG_3,st_a,short,768,297,1151,768,883968,2976.3,1796.2
IMG_3,st_a,short,1024,297,1535,1024,1571840,5292.4,4052.5
IMG_30,st_a,mult,0.5,307,383,255,97665,318.1,150.9
IMG_30,st_a,mult,0.75,307,574,383,219842,716.1,313.1
IMG_30,st_a,mult,1.0,307,766,511,391426,1275.0,478.1
IMG_30,st_a,mult,1.25,307,957,638,610566,1988.8,893.9
IMG_30,st_a,mult,1.5,307,1149,766,880134,2866.9,1413.8
IMG_30,st_a,mult,2.0,307,1532,1022,1565704,5100.0,2966.5
IMG_30,st_a,short,384,307,576,384,221184,720.5,328.1
IMG_30,st_a,short,512,307,767,512,392704,1279.2,503.1
IMG_30,st_a,short,768,307,1151,768,883968,2879.4,1426.8
IMG_30,st_a,short,1024,307,1535,1024,1571840,5120.0,3023.9
IMG_31,st_a,mult,0.5,250,512,307,157184,628.7,133.3
IMG_31,st_a,mult,0.75,250,768,461,354048,1416.2,308.4
IMG_31,st_a,mult,1.0,250,1024,615,629760,2519.0,662.8
IMG_31,st_a,mult,1.25,250,1280,768,983040,3932.2,1256.7
IMG_31,st_a,mult,1.5,250,1536,922,1416192,5664.8,2309.4
IMG_31,st_a,mult,2.0,250,2048,1230,2519040,10076.2,6383.1
IMG_31,st_a,short,384,250,639,384,245376,981.5,196.6
IMG_31,st_a,short,512,250,853,512,436736,1746.9,404.8
IMG_31,st_a,short,768,250,1279,768,982272,3929.1,1257.5
IMG_31,st_a,short,1024,250,1705,1024,1745920,6983.7,3313.8
IMG_32,st_a,mult,0.5,961,512,341,174592,181.7,360.6
IMG_32,st_a,mult,0.75,961,768,512,393216,409.2,1068.1
IMG_32,st_a,mult,1.0,961,1024,683,699392,727.8,1982.3
IMG_32,st_a,mult,1.25,961,1280,853,1091840,1136.1,3589.9
IMG_32,st_a,mult,1.5,961,1536,1024,1572864,1636.7,6255.9
IMG_32,st_a,mult,2.0,961,2048,1366,2797568,2911.1,13793.3
IMG_32,st_a,short,384,961,576,384,221184,230.2,517.5
IMG_32,st_a,short,512,961,768,512,393216,409.2,1068.1
IMG_32,st_a,short,768,961,1151,768,883968,919.8,2602.9
IMG_32,st_a,short,1024,961,1535,1024,1571840,1635.6,6169.6
IMG_33,st_a,mult,0.5,475,512,288,147456,310.4,74.2
IMG_33,st_a,mult,0.75,475,768,432,331776,698.5,241.4
IMG_33,st_a,mult,1.0,475,1024,577,590848,1243.9,597.0
IMG_33,st_a,mult,1.25,475,1280,721,922880,1942.9,1214.6
IMG_33,st_a,mult,1.5,475,1536,865,1328640,2797.1,2347.5
IMG_33,st_a,mult,2.0,475,2048,1154,2363392,4975.6,6976.5
IMG_33,st_a,short,384,475,681,384,261504,550.5,172.6
IMG_33,st_a,short,512,475,909,512,465408,979.8,409.8
IMG_33,st_a,short,768,475,1363,768,1046784,2203.8,1487.9
IMG_33,st_a,short,1024,475,1817,1024,1860608,3917.1,4484.4
IMG_34,st_a,mult,0.5,89,150,100,15000,168.5,2.7
IMG_34,st_a,mult,0.75,89,225,150,33750,379.2,9.5
IMG_34,st_a,mult,1.0,89,300,200,60000,674.2,20.6
IMG_34,st_a,mult,1.25,89,375,250,93750,1053.4,43.3
IMG_34,st_a,mult,1.5,89,450,300,135000,1516.9,69.3
IMG_34,st_a,mult,2.0,89,600,400,240000,2696.6,135.8
IMG_34,st_a,short,384,89,576,384,221184,2485.2,123.2
IMG_34,st_a,short,512,89,768,512,393216,4418.2,221.7
IMG_34,st_a,short,768,89,1152,768,884736,9940.9,830.9
IMG_34,st_a,short,1024,89,1536,1024,1572864,17672.6,2685.2
IMG_35,st_a,mult,0.5,567,416,267,111072,195.9,90.0
IMG_35,st_a,mult,0.75,567,624,400,249600,440.2,257.1
IMG_35,st_a,mult,1.0,567,832,534,444288,783.6,584.2
IMG_35,st_a,mult,1.25,567,1040,667,693680,1223.4,947.0
IMG_35,st_a,mult,1.5,567,1248,801,999648,1763.0,1540.6
IMG_35,st_a,mult,2.0,567,1664,1068,1777152,3134.3,3533.9
IMG_35,st_a,short,384,567,598,384,229632,405.0,239.7
IMG_35,st_a,short,512,567,798,512,408576,720.6,477.9
IMG_35,st_a,short,768,567,1197,768,919296,1621.3,1293.9
IMG_35,st_a,short,1024,567,1595,1024,1633280,2880.6,2972.3
IMG_36,st_a,mult,0.5,1266,512,212,108544,85.7,161.8
IMG_36,st_a,mult,0.75,1266,768,318,244224,192.9,646.0
IMG_36,st_a,mult,1.0,1266,1024,424,434176,343.0,1454.2
IMG_36,st_a,mult,1.25,1266,1280,530,678400,535.9,2552.3
IMG_36,st_a,mult,1.5,1266,1536,636,976896,771.6,3884.8
IMG_36,st_a,mult,2.0,1266,2048,848,1736704,1371.8,7547.3
IMG_36,st_a,short,384,1266,927,384,355968,281.2,1084.8
IMG_36,st_a,short,512,1266,1237,512,633344,500.3,2259.0
IMG_36,st_a,short,768,1266,1855,768,1424640,1125.3,6034.1
IMG_36,st_a,short,1024,1266,2473,1024,2532352,2000.3,11918.0
IMG_37,st_a,mult,0.5,195,500,334,167000,856.4,70.8
IMG_37,st_a,mult,0.75,195,750,501,375750,1926.9,210.2
IMG_37,st_a,mult,1.0,195,1000,669,669000,3430.8,511.2
IMG_37,st_a,mult,1.25,195,1250,836,1045000,5359.0,1232.0
IMG_37,st_a,mult,1.5,195,1500,1003,1504500,7715.4,2467.2
IMG_37,st_a,mult,2.0,195,2000,1338,2676000,13723.1,6864.8
IMG_37,st_a,short,384,195,574,384,220416,1130.3,103.0
IMG_37,st_a,short,512,195,765,512,391680,2008.6,233.6
IMG_37,st_a,short,768,195,1148,768,881664,4521.4,906.9
IMG_37,st_a,short,1024,195,1531,1024,1567744,8039.7,2678.6
IMG_38,st_a,mult,0.5,717,512,341,174592,243.5,296.3
IMG_38,st_a,mult,0.75,717,768,512,393216,548.4,766.7
IMG_38,st_a,mult,1.0,717,1024,683,699392,975.4,1511.0
IMG_38,st_a,mult,1.25,717,1280,853,1091840,1522.8,3068.7
IMG_38,st_a,mult,1.5,717,1536,1024,1572864,2193.7,5149.2
IMG_38,st_a,mult,2.0,717,2048,1366,2797568,3901.8,11590.0
IMG_38,st_a,short,384,717,576,384,221184,308.5,397.8
IMG_38,st_a,short,512,717,768,512,393216,548.4,766.7
IMG_38,st_a,short,768,717,1151,768,883968,1232.9,2172.2
IMG_38,st_a,short,1024,717,1535,1024,1571840,2192.2,5133.5
IMG_39,st_a,mult,0.5,196,512,341,174592,890.8,77.8
IMG_39,st_a,mult,0.75,196,768,512,393216,2006.2,272.5
IMG_39,st_a,mult,1.0,196,1024,683,699392,3568.3,700.5
IMG_39,st_a,mult,1.25,196,1280,853,1091840,5570.6,1505.5
IMG_39,st_a,mult,1.5,196,1536,1024,1572864,8024.8,2853.2
IMG_39,st_a,mult,2.0,196,2048,1366,2797568,14273.3,7985.1
IMG_39,st_a,short,384,196,576,384,221184,1128.5,111.8
IMG_39,st_a,short,512,196,768,512,393216,2006.2,272.5
IMG_39,st_a,short,768,196,1151,768,883968,4510.0,1037.2
IMG_39,st_a,short,1024,196,1535,1024,1571840,8019.6,2835.4
IMG_4,st_a,mult,0.5,170,250,167,41750,245.6,16.9
IMG_4,st_a,mult,0.75,170,375,250,93750,551.5,44.0
IMG_4,st_a,mult,1.0,170,500,334,167000,982.4,97.5
IMG_4,st_a,mult,1.25,170,625,417,260625,1533.1,191.3
IMG_4,st_a,mult,1.5,170,750,501,375750,2210.3,328.4
IMG_4,st_a,mult,2.0,170,1000,668,668000,3929.4,698.5
IMG_4,st_a,short,384,170,575,384,220800,1298.8,143.2
IMG_4,st_a,short,512,170,766,512,392192,2307.0,334.2
IMG_4,st_a,short,768,170,1150,768,883200,5195.3,1019.5
IMG_4,st_a,short,1024,170,1533,1024,1569792,9234.1,2478.5
IMG_40,st_a,mult,0.5,236,512,384,196608,833.1,101.3
IMG_40,st_a,mult,0.75,236,768,576,442368,1874.4,332.0
IMG_40,st_a,mult,1.0,236,1024,768,786432,3332.3,828.6
IMG_40,st_a,mult,1.25,236,1280,960,1228800,5206.8,1964.7
IMG_40,st_a,mult,1.5,236,1536,1152,1769472,7497.8,3875.2
IMG_40,st_a,short,384,236,512,384,196608,833.1,101.3
IMG_40,st_a,short,512,236,683,512,349696,1481.8,228.0
IMG_40,st_a,short,768,236,1024,768,786432,3332.3,828.6
IMG_40,st_a,short,1024,236,1365,1024,1397760,5922.7,2492.0
IMG_41,st_a,mult,0.5,249,512,384,196608,789.6,71.8
IMG_41,st_a,mult,0.75,249,768,576,442368,1776.6,239.6
IMG_41,st_a,mult,1.0,249,1024,768,786432,3158.4,592.2
IMG_41,st_a,mult,1.25,249,1280,960,1228800,4934.9,1272.0
IMG_41,st_a,mult,1.5,249,1536,1152,1769472,7106.3,2476.8
IMG_41,st_a,short,384,249,512,384,196608,789.6,71.8
IMG_41,st_a,short,512,249,683,512,349696,1404.4,167.4
IMG_41,st_a,short,768,249,1024,768,786432,3158.4,592.2
IMG_41,st_a,short,1024,249,1365,1024,1397760,5613.5,1616.2
IMG_42,st_a,mult,0.5,797,512,384,196608,246.7,472.3
IMG_42,st_a,mult,0.75,797,768,576,442368,555.0,1188.5
IMG_42,st_a,mult,1.0,797,1024,768,786432,986.7,2555.2
IMG_42,st_a,mult,1.25,797,1280,960,1228800,1541.8,4759.5
IMG_42,st_a,mult,1.5,797,1536,1152,1769472,2220.2,7095.4
IMG_42,st_a,short,384,797,512,384,196608,246.7,472.3
IMG_42,st_a,short,512,797,683,512,349696,438.8,884.1
IMG_42,st_a,short,768,797,1024,768,786432,986.7,2555.2
IMG_42,st_a,short,1024,797,1365,1024,1397760,1753.8,5269.7
IMG_43,st_a,mult,0.5,116,512,341,174592,1505.1,45.4
IMG_43,st_a,mult,0.75,116,768,512,393216,3389.8,160.2
IMG_43,st_a,mult,1.0,116,1024,683,699392,6029.2,413.0
IMG_43,st_a,mult,1.25,116,1280,853,1091840,9412.4,908.3
IMG_43,st_a,mult,1.5,116,1536,1024,1572864,13559.2,1826.6
IMG_43,st_a,mult,2.0,116,2048,1366,2797568,24117.0,5758.0
IMG_43,st_a,short,384,116,576,384,221184,1906.8,64.6
IMG_43,st_a,short,512,116,768,512,393216,3389.8,160.2
IMG_43,st_a,short,768,116,1151,768,883968,7620.4,607.9
IMG_43,st_a,short,1024,116,1535,1024,1571840,13550.3,1830.8
IMG_44,st_a,mult,0.5,366,512,383,196096,535.8,152.8
IMG_44,st_a,mult,0.75,366,768,575,441600,1206.6,456.1
IMG_44,st_a,mult,1.0,366,1024,767,785408,2145.9,1133.5
IMG_44,st_a,mult,1.25,366,1280,958,1226240,3350.4,2661.3
IMG_44,st_a,mult,1.5,366,1536,1150,1766400,4826.2,5039.5
IMG_44,st_a,short,384,366,513,384,196992,538.2,153.3
IMG_44,st_a,short,512,366,684,512,350208,956.9,323.9
IMG_44,st_a,short,768,366,1025,768,787200,2150.8,1183.5
IMG_44,st_a,short,1024,366,1367,1024,1399808,3824.6,3404.6
IMG_45,st_a,mult,0.5,138,413,335,138355,1002.6,49.8
IMG_45,st_a,mult,0.75,138,620,503,311860,2259.9,172.1
IMG_45,st_a,mult,1.0,138,827,671,554917,4021.1,431.2
IMG_45,st_a,mult,1.25,138,1033,838,865654,6272.9,929.3
IMG_45,st_a,mult,1.5,138,1240,1006,1247440,9039.4,1785.8
IMG_45,st_a,mult,2.0,138,1654,1342,2219668,16084.6,5512.4
IMG_45,st_a,short,384,138,473,384,181632,1316.2,77.2
IMG_45,st_a,short,512,138,631,512,323072,2341.1,182.1
IMG_45,st_a,short,768,138,947,768,727296,5270.3,684.0
IMG_45,st_a,short,1024,138,1262,1024,1292288,9364.4,1930.4
IMG_46,st_a,mult,0.5,373,512,340,174080,466.7,161.1
IMG_46,st_a,mult,0.75,373,768,510,391680,1050.1,443.6
IMG_46,st_a,mult,1.0,373,1024,680,696320,1866.8,979.4
IMG_46,st_a,mult,1.25,373,1280,850,1088000,2916.9,1979.9
IMG_46,st_a,mult,1.5,373,1536,1020,1566720,4200.3,3629.4
IMG_46,st_a,mult,2.0,373,2048,1360,2785280,7467.2,8610.2
IMG_46,st_a,short,384,373,578,384,221952,595.0,216.3
IMG_46,st_a,short,512,373,771,512,394752,1058.3,441.0
IMG_46,st_a,short,768,373,1157,768,888576,2382.2,1430.9
IMG_46,st_a,short,1024,373,1542,1024,1579008,4233.3,3572.4
IMG_47,st_a,mult,0.5,316,300,175,52500,166.1,71.5
IMG_47,st_a,mult,0.75,316,450,262,117900,373.1,205.9
IMG_47,st_a,mult,1.0,316,600,350,210000,664.6,379.1
IMG_47,st_a,mult,1.25,316,750,437,327750,1037.2,743.3
IMG_47,st_a,mult,1.5,316,900,525,472500,1495.3,1293.2
IMG_47,st_a,mult,2.0,316,1200,700,840000,2658.2,2906.1
IMG_47,st_a,short,384,316,658,384,252672,799.6,538.6
IMG_47,st_a,short,512,316,878,512,449536,1422.6,1227.3
IMG_47,st_a,short,768,316,1317,768,1011456,3200.8,3649.1
IMG_47,st_a,short,1024,316,1755,1024,1797120,5687.1,6830.4
IMG_48,st_a,mult,0.5,384,512,266,136192,354.7,173.3
IMG_48,st_a,mult,0.75,384,768,399,306432,798.0,434.5
IMG_48,st_a,mult,1.0,384,1024,533,545792,1421.3,923.9
IMG_48,st_a,mult,1.25,384,1280,666,852480,2220.0,1684.9
IMG_48,st_a,mult,1.5,384,1536,799,1227264,3196.0,2566.4
IMG_48,st_a,mult,2.0,384,2048,1066,2183168,5685.3,5627.8
IMG_48,st_a,short,384,384,738,384,283392,738.0,401.8
IMG_48,st_a,short,512,384,984,512,503808,1312.0,853.2
IMG_48,st_a,short,768,384,1475,768,1132800,2950.0,2364.5
IMG_48,st_a,short,1024,384,1967,1024,2014208,5245.3,5004.0
IMG_49,st_a,mult,0.5,511,317,232,73544,143.9,73.6
IMG_49,st_a,mult,0.75,511,475,348,165300,323.5,195.6
IMG_49,st_a,mult,1.0,511,634,464,294176,575.7,351.1
IMG_49,st_a,mult,1.25,511,792,580,459360,898.9,796.8
IMG_49,st_a,mult,1.5,511,951,696,661896,1295.3,1458.9
IMG_49,st_a,mult,2.0,511,1268,928,1176704,2302.7,3270.9
IMG_49,st_a,short,384,511,525,384,201600,394.5,243.4
IMG_49,st_a,short,512,511,700,512,358400,701.4,510.5
IMG_49,st_a,short,768,511,1049,768,805632,1576.6,1976.6
IMG_49,st_a,short,1024,511,1399,1024,1432576,2803.5,4161.9
IMG_5,st_a,mult,0.5,817,512,384,196608,240.6,356.5
IMG_5,st_a,mult,0.75,817,768,576,442368,541.5,849.3
IMG_5,st_a,mult,1.0,817,1024,768,786432,962.6,1704.3
IMG_5,st_a,mult,1.25,817,1280,960,1228800,1504.0,3293.2
IMG_5,st_a,mult,1.5,817,1536,1152,1769472,2165.8,5507.4
IMG_5,st_a,short,384,817,512,384,196608,240.6,356.5
IMG_5,st_a,short,512,817,683,512,349696,428.0,626.1
IMG_5,st_a,short,768,817,1024,768,786432,962.6,1704.3
IMG_5,st_a,short,1024,817,1365,1024,1397760,1710.8,3928.2
IMG_50,st_a,mult,0.5,997,496,512,253952,254.7,811.4
IMG_50,st_a,mult,0.75,997,744,768,571392,573.1,1964.9
IMG_50,st_a,mult,1.0,997,992,1024,1015808,1018.9,3466.9
IMG_50,st_a,mult,1.25,997,1240,1280,1587200,1592.0,5510.8
IMG_50,st_a,mult,1.5,997,1488,1536,2285568,2292.4,8508.5
IMG_50,st_a,short,384,997,384,396,152064,152.5,354.1
IMG_50,st_a,short,512,997,512,529,270848,271.7,895.4
IMG_50,st_a,short,768,997,768,793,609024,610.9,2045.0
IMG_50,st_a,short,1024,997,1024,1057,1082368,1085.6,3617.7
IMG_51,st_a,mult,0.5,297,500,333,166500,560.6,151.6
IMG_51,st_a,mult,0.75,297,750,500,375000,1262.6,403.2
IMG_51,st_a,mult,1.0,297,1000,667,667000,2245.8,864.7
IMG_51,st_a,mult,1.25,297,1250,833,1041250,3505.9,1658.8
IMG_51,st_a,mult,1.5,297,1500,1000,1500000,5050.5,2804.2
IMG_51,st_a,mult,2.0,297,2000,1334,2668000,8983.2,7088.0
IMG_51,st_a,short,384,297,576,384,221184,744.7,220.8
IMG_51,st_a,short,512,297,768,512,393216,1324.0,442.1
IMG_51,st_a,short,768,297,1151,768,883968,2976.3,1313.6
IMG_51,st_a,short,1024,297,1535,1024,1571840,5292.4,2993.7
IMG_52,st_a,mult,0.5,134,275,142,39050,291.4,14.0
IMG_52,st_a,mult,0.75,134,412,213,87756,654.9,34.6
IMG_52,st_a,mult,1.0,134,550,284,156200,1165.7,70.3
IMG_52,st_a,mult,1.25,134,687,355,243885,1820.0,126.7
IMG_52,st_a,mult,1.5,134,825,426,351450,2622.8,207.7
IMG_52,st_a,mult,2.0,134,1100,568,624800,4662.7,451.4
IMG_52,st_a,short,384,134,744,384,285696,2132.1,160.9
IMG_52,st_a,short,512,134,992,512,507904,3790.3,344.9
IMG_52,st_a,short,768,134,1487,768,1142016,8522.5,1302.5
IMG_52,st_a,short,1024,134,1983,1024,2030592,15153.7,4022.4
IMG_53,st_a,mult,0.5,175,276,184,50784,290.2,16.0
IMG_53,st_a,mult,0.75,175,414,276,114264,652.9,48.7
IMG_53,st_a,mult,1.0,175,553,369,204057,1166.0,120.5
IMG_53,st_a,mult,1.25,175,691,461,318551,1820.3,231.8
IMG_53,st_a,mult,1.5,175,829,553,458437,2619.6,417.8
IMG_53,st_a,mult,2.0,175,1106,738,816228,4664.2,957.5
IMG_53,st_a,short,384,175,575,384,220800,1261.7,133.7
IMG_53,st_a,short,512,175,767,512,392704,2244.0,346.0
IMG_53,st_a,short,768,175,1151,768,883968,5051.2,1084.4
IMG_53,st_a,short,1024,175,1535,1024,1571840,8981.9,2431.4
IMG_54,st_a,mult,0.5,529,362,175,63350,119.8,61.3
IMG_54,st_a,mult,0.75,529,543,262,142266,268.9,270.7
IMG_54,st_a,mult,1.0,529,725,350,253750,479.7,685.8
IMG_54,st_a,mult,1.25,529,906,437,395922,748.4,1016.4
IMG_54,st_a,mult,1.5,529,1087,525,570675,1078.8,1492.0
IMG_54,st_a,mult,2.0,529,1450,700,1015000,1918.7,2682.9
IMG_54,st_a,short,384,529,795,384,305280,577.1,814.6
IMG_54,st_a,short,512,529,1061,512,543232,1026.9,1409.9
IMG_54,st_a,short,768,529,1591,768,1221888,2309.8,3383.8
IMG_54,st_a,short,1024,529,2121,1024,2171904,4105.7,7186.5
IMG_55,st_a,mult,0.5,149,467,315,147105,987.3,49.0
IMG_55,st_a,mult,0.75,149,700,472,330400,2217.4,138.9
IMG_55,st_a,mult,1.0,149,934,630,588420,3949.1,363.8
IMG_55,st_a,mult,1.25,149,1167,787,918429,6164.0,798.9
IMG_55,st_a,mult,1.5,149,1401,945,1323945,8885.5,1494.4
IMG_55,st_a,mult,2.0,149,1868,1260,2353680,15796.5,4433.3
IMG_55,st_a,short,384,149,569,384,218496,1466.4,76.9
IMG_55,st_a,short,512,149,759,512,388608,2608.1,175.0
IMG_55,st_a,short,768,149,1139,768,874752,5870.8,707.1
IMG_55,st_a,short,1024,149,1518,1024,1554432,10432.4,2006.0
IMG_56,st_a,mult,0.5,349,310,205,63550,182.1,35.9
IMG_56,st_a,mult,0.75,349,465,308,143220,410.4,93.4
IMG_56,st_a,mult,1.0,349,620,411,254820,730.1,186.6
IMG_56,st_a,mult,1.25,349,775,513,397575,1139.2,381.4
IMG_56,st_a,mult,1.5,349,930,616,572880,1641.5,631.5
IMG_56,st_a,mult,2.0,349,1240,822,1019280,2920.6,1275.2
IMG_56,st_a,short,384,349,579,384,222336,637.1,165.1
IMG_56,st_a,short,512,349,772,512,395264,1132.6,375.0
IMG_56,st_a,short,768,349,1159,768,890112,2550.5,1046.1
IMG_56,st_a,short,1024,349,1545,1024,1582080,4533.2,2345.7
IMG_57,st_a,mult,0.5,356,512,341,174592,490.4,187.5
IMG_57,st_a,mult,0.75,356,768,512,393216,1104.5,438.3
IMG_57,st_a,mult,1.0,356,1024,683,699392,1964.6,884.0
IMG_57,st_a,mult,1.25,356,1280,853,1091840,3067.0,1808.2
IMG_57,st_a,mult,1.5,356,1536,1024,1572864,4418.2,3122.2
IMG_57,st_a,mult,2.0,356,2048,1366,2797568,7858.3,7431.9
IMG_57,st_a,short,384,356,576,384,221184,621.3,240.2
IMG_57,st_a,short,512,356,768,512,393216,1104.5,438.3
IMG_57,st_a,short,768,356,1151,768,883968,2483.1,1285.1
IMG_57,st_a,short,1024,356,1535,1024,1571840,4415.3,3099.0
IMG_58,st_a,mult,0.5,198,512,353,180736,912.8,68.3
IMG_58,st_a,mult,0.75,198,768,529,406272,2051.9,222.7
IMG_58,st_a,mult,1.0,198,1024,706,722944,3651.2,626.3
IMG_58,st_a,mult,1.25,198,1280,882,1128960,5701.8,1424.4
IMG_58,st_a,mult,1.5,198,1536,1059,1626624,8215.3,2831.9
IMG_58,st_a,mult,2.0,198,2048,1412,2891776,14604.9,8639.2
IMG_58,st_a,short,384,198,557,384,213888,1080.2,82.3
IMG_58,st_a,short,512,198,743,512,380416,1921.3,196.8
IMG_58,st_a,short,768,198,1114,768,855552,4321.0,853.1
IMG_58,st_a,short,1024,198,1485,1024,1520640,7680.0,2516.4
IMG_59,st_a,mult,0.5,466,430,175,75250,161.5,131.4
IMG_59,st_a,mult,0.75,466,645,262,168990,362.6,357.4
IMG_59,st_a,mult,1.0,466,860,350,301000,645.9,638.2
IMG_59,st_a,mult,1.25,466,1075,437,469775,1008.1,1230.6
IMG_59,st_a,mult,1.5,466,1290,525,677250,1453.3,2070.5
IMG_59,st_a,mult,2.0,466,1720,700,1204000,2583.7,3991.9
IMG_59,st_a,short,384,466,944,384,362496,777.9,836.7
IMG_59,st_a,short,512,466,1258,512,644096,1382.2,1910.1
IMG_59,st_a,short,768,466,1887,768,1449216,3109.9,4913.7
IMG_59,st_a,short,1024,466,2516,1024,2576384,5528.7,9273.8
IMG_6,st_a,mult,0.5,361,512,343,175616,486.5,280.4
IMG_6,st_a,mult,0.75,361,768,515,395520,1095.6,575.7
IMG_6,st_a,mult,1.0,361,1024,687,703488,1948.7,1130.0
IMG_6,st_a,mult,1.25,361,1280,858,1098240,3042.2,1954.5
IMG_6,st_a,mult,1.5,361,1536,1030,1582080,4382.5,3225.8
IMG_6,st_a,mult,2.0,361,2048,1374,2813952,7794.9,8147.7
IMG_6,st_a,short,384,361,572,384,219648,608.4,342.2
IMG_6,st_a,short,512,361,763,512,390656,1082.1,558.2
IMG_6,st_a,short,768,361,1145,768,879360,2435.9,1466.8
IMG_6,st_a,short,1024,361,1526,1024,1562624,4328.6,3142.8
IMG_60,st_a,mult,0.5,291,450,299,134550,462.4,97.8
IMG_60,st_a,mult,0.75,291,675,449,303075,1041.5,314.1
IMG_60,st_a,mult,1.0,291,900,599,539100,1852.6,714.2
IMG_60,st_a,mult,1.25,291,1125,748,841500,2891.8,1366.0
IMG_60,st_a,mult,1.5,291,1350,898,1212300,4166.0,2359.6
IMG_60,st_a,mult,2.0,291,1800,1198,2156400,7410.3,6127.3
IMG_60,st_a,short,384,291,577,384,221568,761.4,200.9
IMG_60,st_a,short,512,291,769,512,393728,1353.0,440.5
IMG_60,st_a,short,768,291,1154,768,886272,3045.6,1426.9
IMG_60,st_a,short,1024,291,1539,1024,1575936,5415.6,3614.1
IMG_61,st_a,mult,0.5,193,299,199,59501,308.3,17.2
IMG_61,st_a,mult,0.75,193,448,298,133504,691.7,52.8
IMG_61,st_a,mult,1.0,193,598,398,238004,1233.2,121.0
IMG_61,st_a,mult,1.25,193,747,497,371259,1923.6,243.5
IMG_61,st_a,mult,1.5,193,897,597,535509,2774.7,434.3
IMG_61,st_a,mult,2.0,193,1196,796,952016,4932.7,1127.7
IMG_61,st_a,short,384,193,577,384,221568,1148.0,110.6
IMG_61,st_a,short,512,193,769,512,393728,2040.0,266.4
IMG_61,st_a,short,768,193,1154,768,886272,4592.1,1004.9
IMG_61,st_a,short,1024,193,1539,1024,1575936,8165.5,2854.6
IMG_62,st_a,mult,0.5,337,312,240,74880,222.2,59.5
IMG_62,st_a,mult,0.75,337,468,360,168480,499.9,108.8
IMG_62,st_a,mult,1.0,337,624,480,299520,888.8,228.3
IMG_62,st_a,mult,1.25,337,780,600,468000,1388.7,449.0
IMG_62,st_a,mult,1.5,337,936,720,673920,1999.8,719.2
IMG_62,st_a,mult,2.0,337,1248,960,1198080,3555.1,1495.4
IMG_62,st_a,short,384,337,499,384,191616,568.6,125.2
IMG_62,st_a,short,512,337,666,512,340992,1011.8,279.9
IMG_62,st_a,short,768,337,998,768,766464,2274.4,852.4
IMG_62,st_a,short,1024,337,1331,1024,1362944,4044.3,1821.0
IMG_63,st_a,mult,0.5,1121,512,327,167424,149.4,181.1
IMG_63,st_a,mult,0.75,1121,768,491,377088,336.4,727.1
IMG_63,st_a,mult,1.0,1121,1024,655,670720,598.3,1975.0
IMG_63,st_a,mult,1.25,1121,1280,818,1047040,934.0,3410.5
IMG_63,st_a,mult,1.5,1121,1536,982,1508352,1345.5,5806.8
IMG_63,st_a,mult,2.0,1121,2048,1310,2682880,2393.3,13030.3
IMG_63,st_a,short,384,1121,600,384,230400,205.5,319.5
IMG_63,st_a,short,512,1121,800,512,409600,365.4,798.7
IMG_63,st_a,short,768,1121,1201,768,922368,822.8,2898.1
IMG_63,st_a,short,1024,1121,1601,1024,1639424,1462.5,6427.3
IMG_64,st_a,mult,0.5,287,512,221,113152,394.3,113.6
IMG_64,st_a,mult,0.75,287,768,332,254976,888.4,333.5
IMG_64,st_a,mult,1.0,287,1024,443,453632,1580.6,701.4
IMG_64,st_a,mult,1.25,287,1280,553,707840,2466.3,1223.0
IMG_64,st_a,mult,1.5,287,1536,664,1019904,3553.7,1882.6
IMG_64,st_a,mult,2.0,287,2048,886,1814528,6322.4,4034.8
IMG_64,st_a,short,384,287,888,384,340992,1188.1,481.6
IMG_64,st_a,short,512,287,1183,512,605696,2110.4,990.1
IMG_64,st_a,short,768,287,1775,768,1363200,4749.8,2757.4
IMG_64,st_a,short,1024,287,2367,1024,2423808,8445.3,6338.5
IMG_65,st_a,mult,0.5,214,341,200,68200,318.7,42.7
IMG_65,st_a,mult,0.75,214,511,300,153300,716.4,124.3
IMG_65,st_a,mult,1.0,214,682,400,272800,1274.8,268.0
IMG_65,st_a,mult,1.25,214,852,500,426000,1990.7,516.9
IMG_65,st_a,mult,1.5,214,1023,600,613800,2868.2,876.0
IMG_65,st_a,mult,2.0,214,1364,800,1091200,5099.1,1967.4
IMG_65,st_a,short,384,214,655,384,251520,1175.3,235.0
IMG_65,st_a,short,512,214,873,512,446976,2088.7,533.0
IMG_65,st_a,short,768,214,1309,768,1005312,4697.7,1737.6
IMG_65,st_a,short,1024,214,1746,1024,1787904,8354.7,4281.1
IMG_66,st_a,mult,0.5,823,371,512,189952,230.8,391.3
IMG_66,st_a,mult,0.75,823,557,768,427776,519.8,1199.9
IMG_66,st_a,mult,1.0,823,743,1024,760832,924.5,3018.0
IMG_66,st_a,mult,1.25,823,928,1280,1187840,1443.3,5833.7
IMG_66,st_a,mult,1.5,823,1114,1536,1711104,2079.1,9785.2
IMG_66,st_a,short,384,823,384,529,203136,246.8,431.8
IMG_66,st_a,short,512,823,512,706,361472,439.2,936.7
IMG_66,st_a,short,768,823,768,1058,812544,987.3,3203.5
IMG_66,st_a,short,1024,823,1024,1411,1444864,1755.6,7503.0
IMG_67,st_a,mult,0.5,192,400,300,120000,625.0,92.2
IMG_67,st_a,mult,0.75,192,600,450,270000,1406.2,234.3
IMG_67,st_a,mult,1.0,192,800,600,480000,2500.0,509.1
IMG_67,st_a,mult,1.25,192,1000,750,750000,3906.2,1124.2
IMG_67,st_a,mult,1.5,192,1200,900,1080000,5625.0,2050.9
IMG_67,st_a,mult,2.0,192,1600,1200,1920000,10000.0,5274.8
IMG_67,st_a,short,384,192,512,384,196608,1024.0,156.9
IMG_67,st_a,short,512,192,683,512,349696,1821.3,328.9
IMG_67,st_a,short,768,192,1024,768,786432,4096.0,1217.8
IMG_67,st_a,short,1024,192,1365,1024,1397760,7280.0,3124.7
IMG_68,st_a,mult,0.5,212,512,303,155136,731.8,108.1
IMG_68,st_a,mult,0.75,212,768,455,349440,1648.3,262.6
IMG_68,st_a,mult,1.0,212,1024,607,621568,2931.9,497.7
IMG_68,st_a,mult,1.25,212,1280,758,970240,4576.6,1030.1
IMG_68,st_a,mult,1.5,212,1536,910,1397760,6593.2,1884.8
IMG_68,st_a,mult,2.0,212,2048,1214,2486272,11727.7,5108.5
IMG_68,st_a,short,384,212,648,384,248832,1173.7,184.0
IMG_68,st_a,short,512,212,864,512,442368,2086.6,326.2
IMG_68,st_a,short,768,212,1296,768,995328,4694.9,1079.6
IMG_68,st_a,short,1024,212,1727,1024,1768448,8341.7,2834.5
IMG_69,st_a,mult,0.5,166,249,154,38346,231.0,20.7
IMG_69,st_a,mult,0.75,166,373,231,86163,519.1,48.8
IMG_69,st_a,mult,1.0,166,498,308,153384,924.0,104.1
IMG_69,st_a,mult,1.25,166,622,385,239470,1442.6,181.7
IMG_69,st_a,mult,1.5,166,747,462,345114,2079.0,275.6
IMG_69,st_a,mult,2.0,166,996,616,613536,3696.0,546.9
IMG_69,st_a,short,384,166,621,384,238464,1436.5,178.8
IMG_69,st_a,short,512,166,828,512,423936,2553.8,348.9
IMG_69,st_a,short,768,166,1242,768,953856,5746.1,1076.5
IMG_69,st_a,short,1024,166,1656,1024,1695744,10215.3,2932.2
IMG_7,st_a,mult,0.5,568,512,341,174592,307.4,229.2
IMG_7,st_a,mult,0.75,568,768,512,393216,692.3,665.7
IMG_7,st_a,mult,1.0,568,1024,683,699392,1231.3,1478.5
IMG_7,st_a,mult,1.25,568,1280,853,1091840,1922.3,3021.3
IMG_7,st_a,mult,1.5,568,1536,1024,1572864,2769.1,5815.1
IMG_7,st_a,mult,2.0,568,2048,1366,2797568,4925.3,15921.6
IMG_7,st_a,short,384,568,576,384,221184,389.4,300.4
IMG_7,st_a,short,512,568,768,512,393216,692.3,665.7
IMG_7,st_a,short,768,568,1151,768,883968,1556.3,2165.0
IMG_7,st_a,short,1024,568,1535,1024,1571840,2767.3,5733.5
IMG_70,st_a,mult,0.5,412,300,208,62400,151.5,86.9
IMG_70,st_a,mult,0.75,412,450,312,140400,340.8,261.9
IMG_70,st_a,mult,1.0,412,600,417,250200,607.3,559.2
IMG_70,st_a,mult,1.25,412,750,521,390750,948.4,843.3
IMG_70,st_a,mult,1.5,412,900,625,562500,1365.3,1208.3
IMG_70,st_a,mult,2.0,412,1200,834,1000800,2429.1,2073.8
IMG_70,st_a,short,384,412,553,384,212352,515.4,437.6
IMG_70,st_a,short,512,412,737,512,377344,915.9,801.9
IMG_70,st_a,short,768,412,1105,768,848640,2059.8,1787.8
IMG_70,st_a,short,1024,412,1473,1024,1508352,3661.0,3013.3
IMG_71,st_a,mult,0.5,602,512,381,195072,324.0,343.5
IMG_71,st_a,mult,0.75,602,768,572,439296,729.7,992.6
IMG_71,st_a,mult,1.0,602,1024,763,781312,1297.9,1836.2
IMG_71,st_a,mult,1.25,602,1280,953,1219840,2026.3,3251.8
IMG_71,st_a,mult,1.5,602,1536,1144,1757184,2918.9,4944.8
IMG_71,st_a,short,384,602,515,384,197760,328.5,349.3
IMG_71,st_a,short,512,602,687,512,351744,584.3,753.1
IMG_71,st_a,short,768,602,1031,768,791808,1315.3,1848.9
IMG_71,st_a,short,1024,602,1374,1024,1406976,2337.2,3695.3
IMG_72,st_a,mult,0.5,589,320,240,76800,130.4,107.6
IMG_72,st_a,mult,0.75,589,480,360,172800,293.4,393.8
IMG_72,st_a,mult,1.0,589,640,480,307200,521.6,866.3
IMG_72,st_a,mult,1.25,589,800,600,480000,814.9,1858.9
IMG_72,st_a,mult,1.5,589,960,720,691200,1173.5,3338.8
IMG_72,st_a,mult,2.0,589,1280,960,1228800,2086.2,5865.6
IMG_72,st_a,short,384,589,512,384,196608,333.8,495.2
IMG_72,st_a,short,512,589,683,512,349696,593.7,1073.8
IMG_72,st_a,short,768,589,1024,768,786432,1335.2,4007.6
IMG_72,st_a,short,1024,589,1365,1024,1397760,2373.1,6422.4
IMG_73,st_a,mult,0.5,153,512,340,174080,1137.8,79.2
IMG_73,st_a,mult,0.75,153,768,510,391680,2560.0,193.7
IMG_73,st_a,mult,1.0,153,1024,681,697344,4557.8,410.8
IMG_73,st_a,mult,1.25,153,1280,851,1089280,7119.5,922.6
IMG_73,st_a,mult,1.5,153,1536,1021,1568256,10250.0,1816.1
IMG_73,st_a,mult,2.0,153,2048,1362,2789376,18231.2,5626.7
IMG_73,st_a,short,384,153,577,384,221568,1448.2,103.7
IMG_73,st_a,short,512,153,770,512,394240,2576.7,192.2
IMG_73,st_a,short,768,153,1155,768,887040,5797.6,632.8
IMG_73,st_a,short,1024,153,1540,1024,1576960,10306.9,1814.3
IMG_74,st_a,mult,0.5,855,512,371,189952,222.2,600.2
IMG_74,st_a,mult,0.75,855,768,556,427008,499.4,1629.9
IMG_74,st_a,mult,1.0,855,1024,742,759808,888.7,3385.8
IMG_74,st_a,mult,1.25,855,1280,927,1186560,1387.8,5552.1
IMG_74,st_a,mult,1.5,855,1536,1113,1709568,1999.5,7712.2
IMG_74,st_a,short,384,855,530,384,203520,238.0,636.8
IMG_74,st_a,short,512,855,707,512,361984,423.4,1293.2
IMG_74,st_a,short,768,855,1060,768,814080,952.1,3580.8
IMG_74,st_a,short,1024,855,1413,1024,1446912,1692.3,6504.2
IMG_75,st_a,mult,0.5,665,325,250,81250,122.2,49.2
IMG_75,st_a,mult,0.75,665,487,375,182625,274.6,199.5
IMG_75,st_a,mult,1.0,665,650,500,325000,488.7,470.1
IMG_75,st_a,mult,1.25,665,812,625,507500,763.2,837.4
IMG_75,st_a,mult,1.5,665,975,750,731250,1099.6,1374.9
IMG_75,st_a,mult,2.0,665,1300,1000,1300000,1954.9,2450.9
IMG_75,st_a,short,384,665,499,384,191616,288.1,206.3
IMG_75,st_a,short,512,665,666,512,340992,512.8,480.7
IMG_75,st_a,short,768,665,998,768,766464,1152.6,1408.2
IMG_75,st_a,short,1024,665,1331,1024,1362944,2049.5,2649.4
IMG_76,st_a,mult,0.5,485,338,225,76050,156.8,76.0
IMG_76,st_a,mult,0.75,485,507,337,170859,352.3,225.9
IMG_76,st_a,mult,1.0,485,676,450,304200,627.2,518.6
IMG_76,st_a,mult,1.25,485,845,562,474890,979.2,1061.5
IMG_76,st_a,mult,1.5,485,1014,675,684450,1411.2,1840.8
IMG_76,st_a,mult,2.0,485,1352,900,1216800,2508.9,3394.1
IMG_76,st_a,short,384,485,577,384,221568,456.8,317.4
IMG_76,st_a,short,512,485,769,512,393728,811.8,812.4
IMG_76,st_a,short,768,485,1154,768,886272,1827.4,2514.6
IMG_76,st_a,short,1024,485,1538,1024,1574912,3247.2,4500.4
IMG_77,st_a,mult,0.5,207,512,384,196608,949.8,114.8
IMG_77,st_a,mult,0.75,207,768,576,442368,2137.0,335.0
IMG_77,st_a,mult,1.0,207,1024,768,786432,3799.2,862.4
IMG_77,st_a,mult,1.25,207,1280,960,1228800,5936.2,1984.7
IMG_77,st_a,mult,1.5,207,1536,1152,1769472,8548.2,4019.3
IMG_77,st_a,short,384,207,512,384,196608,949.8,114.8
IMG_77,st_a,short,512,207,683,512,349696,1689.4,246.2
IMG_77,st_a,short,768,207,1024,768,786432,3799.2,862.4
IMG_77,st_a,short,1024,207,1365,1024,1397760,6752.5,2558.3
IMG_78,st_a,mult,0.5,271,512,341,174592,644.3,121.2
IMG_78,st_a,mult,0.75,271,768,512,393216,1451.0,337.0
IMG_78,st_a,mult,1.0,271,1024,683,699392,2580.8,774.0
IMG_78,st_a,mult,1.25,271,1280,853,1091840,4028.9,1531.8
IMG_78,st_a,mult,1.5,271,1536,1024,1572864,5803.9,2777.2
IMG_78,st_a,mult,2.0,271,2048,1366,2797568,10323.1,7466.5
IMG_78,st_a,short,384,271,576,384,221184,816.2,154.2
IMG_78,st_a,short,512,271,768,512,393216,1451.0,337.0
IMG_78,st_a,short,768,271,1151,768,883968,3261.9,1084.3
IMG_78,st_a,short,1024,271,1535,1024,1571840,5800.1,2745.2
IMG_79,st_a,mult,0.5,186,359,238,85442,459.4,29.7
IMG_79,st_a,mult,0.75,186,538,357,192066,1032.6,71.7
IMG_79,st_a,mult,1.0,186,718,477,342486,1841.3,167.9
IMG_79,st_a,mult,1.25,186,897,596,534612,2874.3,374.7
IMG_79,st_a,mult,1.5,186,1077,715,770055,4140.1,729.3
IMG_79,st_a,mult,2.0,186,1436,954,1369944,7365.3,2139.9
IMG_79,st_a,short,384,186,578,384,221952,1193.3,87.8
IMG_79,st_a,short,512,186,771,512,394752,2122.3,222.1
IMG_79,st_a,short,768,186,1156,768,887808,4773.2,953.0
IMG_79,st_a,short,1024,186,1541,1024,1577984,8483.8,2830.9
IMG_8,st_a,mult,0.5,1326,512,342,175104,132.1,231.8
IMG_8,st_a,mult,0.75,1326,768,513,393984,297.1,794.9
IMG_8,st_a,mult,1.0,1326,1024,684,700416,528.2,1896.4
IMG_8,st_a,mult,1.25,1326,1280,855,1094400,825.3,3378.8
IMG_8,st_a,mult,1.5,1326,1536,1026,1575936,1188.5,6143.7
IMG_8,st_a,mult,2.0,1326,2048,1368,2801664,2112.9,14862.9
IMG_8,st_a,short,384,1326,575,384,220800,166.5,340.3
IMG_8,st_a,short,512,1326,767,512,392704,296.2,768.8
IMG_8,st_a,short,768,1326,1150,768,883200,666.1,2402.2
IMG_8,st_a,short,1024,1326,1533,1024,1569792,1183.9,5808.6
IMG_80,st_a,mult,0.5,157,512,345,176640,1125.1,81.1
IMG_80,st_a,mult,0.75,157,768,517,397056,2529.0,241.0
IMG_80,st_a,mult,1.0,157,1024,690,706560,4500.4,581.3
IMG_80,st_a,mult,1.25,157,1280,862,1103360,7027.8,1151.3
IMG_80,st_a,mult,1.5,157,1536,1035,1589760,10125.9,2055.2
IMG_80,st_a,mult,2.0,157,2048,1380,2826240,18001.5,6043.4
IMG_80,st_a,short,384,157,570,384,218880,1394.1,103.9
IMG_80,st_a,short,512,157,760,512,389120,2478.5,233.2
IMG_80,st_a,short,768,157,1140,768,875520,5576.6,784.2
IMG_80,st_a,short,1024,157,1520,1024,1556480,9913.9,1976.3
IMG_81,st_a,mult,0.5,356,371,171,63441,178.2,79.1
IMG_81,st_a,mult,0.75,356,557,257,143149,402.1,245.6
IMG_81,st_a,mult,1.0,356,743,343,254849,715.9,558.7
IMG_81,st_a,mult,1.25,356,928,428,397184,1115.7,1022.2
IMG_81,st_a,mult,1.5,356,1114,514,572596,1608.4,1567.5
IMG_81,st_a,mult,2.0,356,1486,686,1019396,2863.5,2652.0
IMG_81,st_a,short,384,356,832,384,319488,897.4,787.4
IMG_81,st_a,short,512,356,1109,512,567808,1595.0,1529.6
IMG_81,st_a,short,768,356,1664,768,1277952,3589.8,3111.9
IMG_81,st_a,short,1024,356,2218,1024,2271232,6379.9,6123.6
IMG_82,st_a,mult,0.5,217,272,185,50320,231.9,25.3
IMG_82,st_a,mult,0.75,217,408,277,113016,520.8,71.9
IMG_82,st_a,mult,1.0,217,545,370,201650,929.3,152.6
IMG_82,st_a,mult,1.25,217,681,462,314622,1449.9,318.5
IMG_82,st_a,mult,1.5,217,817,555,453435,2089.6,506.7
IMG_82,st_a,mult,2.0,217,1090,740,806600,3717.1,887.7
IMG_82,st_a,short,384,217,566,384,217344,1001.6,183.8
IMG_82,st_a,short,512,217,754,512,386048,1779.0,420.1
IMG_82,st_a,short,768,217,1131,768,868608,4002.8,981.4
IMG_82,st_a,short,1024,217,1508,1024,1544192,7116.1,2311.8
IMG_83,st_a,mult,0.5,218,512,384,196608,901.9,125.4
IMG_83,st_a,mult,0.75,218,768,576,442368,2029.2,375.3
IMG_83,st_a,mult,1.0,218,1024,768,786432,3607.5,901.4
IMG_83,st_a,mult,1.25,218,1280,960,1228800,5636.7,1914.5
IMG_83,st_a,mult,1.5,218,1536,1152,1769472,8116.8,3604.2
IMG_83,st_a,short,384,218,512,384,196608,901.9,125.4
IMG_83,st_a,short,512,218,683,512,349696,1604.1,259.8
IMG_83,st_a,short,768,218,1024,768,786432,3607.5,901.4
IMG_83,st_a,short,1024,218,1365,1024,1397760,6411.7,2381.6
IMG_84,st_a,mult,0.5,122,512,340,174080,1426.9,103.4
IMG_84,st_a,mult,0.75,122,768,510,391680,3210.5,269.4
IMG_84,st_a,mult,1.0,122,1024,680,696320,5707.5,613.9
IMG_84,st_a,mult,1.25,122,1280,850,1088000,8918.0,1329.2
IMG_84,st_a,mult,1.5,122,1536,1020,1566720,12842.0,2462.9
IMG_84,st_a,mult,2.0,122,2048,1360,2785280,22830.2,6891.0
IMG_84,st_a,short,384,122,578,384,221952,1819.3,134.2
IMG_84,st_a,short,512,122,771,512,394752,3235.7,276.5
IMG_84,st_a,short,768,122,1157,768,888576,7283.4,926.8
IMG_84,st_a,short,1024,122,1542,1024,1579008,12942.7,2469.7
IMG_85,st_a,mult,0.5,97,512,288,147456,1520.2,43.3
IMG_85,st_a,mult,0.75,97,768,432,331776,3420.4,144.1
IMG_85,st_a,mult,1.0,97,1024,577,590848,6091.2,372.5
IMG_85,st_a,mult,1.25,97,1280,721,922880,9514.2,832.2
IMG_85,st_a,mult,1.5,97,1536,865,1328640,13697.3,1621.5
IMG_85,st_a,mult,2.0,97,2048,1154,2363392,24364.9,4824.9
IMG_85,st_a,short,384,97,681,384,261504,2695.9,99.6
IMG_85,st_a,short,512,97,909,512,465408,4798.0,248.6
IMG_85,st_a,short,768,97,1363,768,1046784,10791.6,1042.9
IMG_85,st_a,short,1024,97,1817,1024,1860608,19181.5,3075.6
IMG_86,st_a,mult,0.5,579,512,370,189440,327.2,270.7
IMG_86,st_a,mult,0.75,579,768,555,426240,736.2,605.7
IMG_86,st_a,mult,1.0,579,1024,741,758784,1310.5,1341.7
IMG_86,st_a,mult,1.25,579,1280,926,1185280,2047.1,3263.9
IMG_86,st_a,mult,1.5,579,1536,1111,1706496,2947.3,5983.9
IMG_86,st_a,short,384,579,531,384,203904,352.2,287.3
IMG_86,st_a,short,512,579,708,512,362496,626.1,518.7
IMG_86,st_a,short,768,579,1061,768,814848,1407.3,1652.0
IMG_86,st_a,short,1024,579,1415,1024,1448960,2502.5,4577.5
IMG_87,st_a,mult,0.5,417,512,341,174592,418.7,181.9
IMG_87,st_a,mult,0.75,417,768,512,393216,943.0,460.4
IMG_87,st_a,mult,1.0,417,1024,683,699392,1677.2,990.0
IMG_87,st_a,mult,1.25,417,1280,853,1091840,2618.3,2139.5
IMG_87,st_a,mult,1.5,417,1536,1024,1572864,3771.9,3914.9
IMG_87,st_a,mult,2.0,417,2048,1366,2797568,6708.8,9200.4
IMG_87,st_a,short,384,417,576,384,221184,530.4,238.1
IMG_87,st_a,short,512,417,768,512,393216,943.0,460.4
IMG_87,st_a,short,768,417,1151,768,883968,2119.8,1476.3
IMG_87,st_a,short,1024,417,1535,1024,1571840,3769.4,3900.9
IMG_88,st_a,mult,0.5,86,512,384,196608,2286.1,35.5
IMG_88,st_a,mult,0.75,86,768,576,442368,5143.8,132.6
IMG_88,st_a,mult,1.0,86,1024,768,786432,9144.6,381.8
IMG_88,st_a,mult,1.25,86,1280,960,1228800,14288.4,927.1
IMG_88,st_a,mult,1.5,86,1536,1152,1769472,20575.3,1972.8
IMG_88,st_a,short,384,86,512,384,196608,2286.1,35.5
IMG_88,st_a,short,512,86,683,512,349696,4066.2,87.6
IMG_88,st_a,short,768,86,1024,768,786432,9144.6,381.8
IMG_88,st_a,short,1024,86,1365,1024,1397760,16253.0,1195.2
IMG_89,st_a,mult,0.5,383,400,267,106800,278.9,107.7
IMG_89,st_a,mult,0.75,383,600,400,240000,626.6,290.5
IMG_89,st_a,mult,1.0,383,800,534,427200,1115.4,593.3
IMG_89,st_a,mult,1.25,383,1000,667,667000,1741.5,1254.7
IMG_89,st_a,mult,1.5,383,1200,801,961200,2509.7,2145.6
IMG_89,st_a,mult,2.0,383,1600,1068,1708800,4461.6,4425.9
IMG_89,st_a,short,384,383,575,384,220800,576.5,271.3
IMG_89,st_a,short,512,383,767,512,392704,1025.3,536.9
IMG_89,st_a,short,768,383,1151,768,883968,2308.0,1868.8
IMG_89,st_a,short,1024,383,1534,1024,1570816,4101.3,4104.2
IMG_9,st_a,mult,0.5,371,512,384,196608,529.9,94.0
IMG_9,st_a,mult,0.75,371,768,576,442368,1192.4,312.4
IMG_9,st_a,mult,1.0,371,1024,768,786432,2119.8,912.6
IMG_9,st_a,mult,1.25,371,1280,960,1228800,3312.1,2178.9
IMG_9,st_a,mult,1.5,371,1536,1152,1769472,4769.5,4294.5
IMG_9,st_a,short,384,371,512,384,196608,529.9,94.0
IMG_9,st_a,short,512,371,683,512,349696,942.6,210.5
IMG_9,st_a,short,768,371,1024,768,786432,2119.8,912.6
IMG_9,st_a,short,1024,371,1365,1024,1397760,3767.5,2747.0
IMG_90,st_a,mult,0.5,2256,512,228,116736,51.7,322.5
IMG_90,st_a,mult,0.75,2256,768,342,262656,116.4,1159.5
IMG_90,st_a,mult,1.0,2256,1024,457,467968,207.4,2993.5
IMG_90,st_a,mult,1.25,2256,1280,571,730880,324.0,6208.5
IMG_90,st_a,mult,1.5,2256,1536,685,1052160,466.4,11434.3
IMG_90,st_a,mult,2.0,2256,2048,914,1871872,829.7,27277.1
IMG_90,st_a,short,384,2256,860,384,330240,146.4,1655.7
IMG_90,st_a,short,512,2256,1147,512,587264,260.3,4285.5
IMG_90,st_a,short,768,2256,1721,768,1321728,585.9,16193.4
IMG_90,st_a,short,1024,2256,2294,1024,2349056,1041.2,36459.6
IMG_91,st_a,mult,0.5,101,512,341,174592,1728.6,50.8
IMG_91,st_a,mult,0.75,101,768,512,393216,3893.2,188.8
IMG_91,st_a,mult,1.0,101,1024,683,699392,6924.7,544.6
IMG_91,st_a,mult,1.25,101,1280,853,1091840,10810.3,1269.7
IMG_91,st_a,mult,1.5,101,1536,1024,1572864,15572.9,2605.2
IMG_91,st_a,mult,2.0,101,2048,1366,2797568,27698.7,7975.8
IMG_91,st_a,short,384,101,576,384,221184,2189.9,73.5
IMG_91,st_a,short,512,101,768,512,393216,3893.2,188.8
IMG_91,st_a,short,768,101,1151,768,883968,8752.2,847.2
IMG_91,st_a,short,1024,101,1535,1024,1571840,15562.8,2585.0
IMG_92,st_a,mult,0.5,1366,416,270,112320,82.2,424.8
IMG_92,st_a,mult,0.75,1366,624,405,252720,185.0,1334.2
IMG_92,st_a,mult,1.0,1366,833,540,449820,329.3,2365.4
IMG_92,st_a,mult,1.25,1366,1041,675,702675,514.4,4244.1
IMG_92,st_a,mult,1.5,1366,1249,810,1011690,740.6,7107.4
IMG_92,st_a,mult,2.0,1366,1666,1080,1799280,1317.2,14072.3
IMG_92,st_a,short,384,1366,592,384,227328,166.4,1192.0
IMG_92,st_a,short,512,1366,790,512,404480,296.1,2100.6
IMG_92,st_a,short,768,1366,1185,768,910080,666.2,6101.9
IMG_92,st_a,short,1024,1366,1580,1024,1617920,1184.4,12694.6
IMG_93,st_a,mult,0.5,255,225,149,33525,131.5,25.8
IMG_93,st_a,mult,0.75,255,337,224,75488,296.0,66.4
IMG_93,st_a,mult,1.0,255,450,299,134550,527.6,136.1
IMG_93,st_a,mult,1.25,255,562,373,209626,822.1,286.3
IMG_93,st_a,mult,1.5,255,675,448,302400,1185.9,466.8
IMG_93,st_a,mult,2.0,255,900,598,538200,2110.6,781.4
IMG_93,st_a,short,384,255,578,384,221952,870.4,311.3
IMG_93,st_a,short,512,255,771,512,394752,1548.0,616.6
IMG_93,st_a,short,768,255,1156,768,887808,3481.6,1181.0
IMG_93,st_a,short,1024,255,1541,1024,1577984,6188.2,2682.7
IMG_94,st_a,mult,0.5,69,230,138,31740,460.0,7.1
IMG_94,st_a,mult,0.75,69,345,207,71415,1035.0,14.3
IMG_94,st_a,mult,1.0,69,460,276,126960,1840.0,28.1
IMG_94,st_a,mult,1.25,69,575,345,198375,2875.0,59.4
IMG_94,st_a,mult,1.5,69,690,414,285660,4140.0,105.0
IMG_94,st_a,mult,2.0,69,920,552,507840,7360.0,278.7
IMG_94,st_a,short,384,69,640,384,245760,3561.7,82.7
IMG_94,st_a,short,512,69,853,512,436736,6329.5,217.3
IMG_94,st_a,short,768,69,1280,768,983040,14247.0,935.1
IMG_94,st_a,short,1024,69,1707,1024,1747968,25332.9,2847.2
IMG_95,st_a,mult,0.5,190,175,117,20475,107.8,7.0
IMG_95,st_a,mult,0.75,190,262,175,45850,241.3,16.6
IMG_95,st_a,mult,1.0,190,350,234,81900,431.1,30.3
IMG_95,st_a,mult,1.25,190,437,292,127604,671.6,52.9
IMG_95,st_a,mult,1.5,190,525,351,184275,969.9,84.4
IMG_95,st_a,mult,2.0,190,700,468,327600,1724.2,166.4
IMG_95,st_a,short,384,190,574,384,220416,1160.1,101.3
IMG_95,st_a,short,512,190,766,512,392192,2064.2,222.5
IMG_95,st_a,short,768,190,1149,768,882432,4644.4,859.3
IMG_95,st_a,short,1024,190,1532,1024,1568768,8256.7,2618.8
IMG_96,st_a,mult,0.5,246,270,167,45090,183.3,36.3
IMG_96,st_a,mult,0.75,246,405,250,101250,411.6,78.1
IMG_96,st_a,mult,1.0,246,540,334,180360,733.2,162.1
IMG_96,st_a,mult,1.25,246,675,417,281475,1144.2,378.5
IMG_96,st_a,mult,1.5,246,810,501,405810,1649.6,580.2
IMG_96,st_a,mult,2.0,246,1080,668,721440,2932.7,1004.5
IMG_96,st_a,short,384,246,621,384,238464,969.4,293.3
IMG_96,st_a,short,512,246,828,512,423936,1723.3,622.8
IMG_96,st_a,short,768,246,1242,768,953856,3877.5,1348.7
IMG_96,st_a,short,1024,246,1656,1024,1695744,6893.3,3137.4
IMG_97,st_a,mult,0.5,521,500,334,167000,320.5,360.1
IMG_97,st_a,mult,0.75,521,750,501,375750,721.2,824.9
IMG_97,st_a,mult,1.0,521,1000,669,669000,1284.1,1609.5
IMG_97,st_a,mult,1.25,521,1250,836,1045000,2005.8,2963.9
IMG_97,st_a,mult,1.5,521,1500,1003,1504500,2887.7,4752.8
IMG_97,st_a,mult,2.0,521,2000,1338,2676000,5136.3,10039.8
IMG_97,st_a,short,384,521,574,384,220416,423.1,485.4
IMG_97,st_a,short,512,521,765,512,391680,751.8,876.1
IMG_97,st_a,short,768,521,1148,768,881664,1692.3,2311.7
IMG_97,st_a,short,1024,521,1531,1024,1567744,3009.1,4985.7
IMG_98,st_a,mult,0.5,153,280,186,52080,340.4,24.9
IMG_98,st_a,mult,0.75,153,420,279,117180,765.9,66.8
IMG_98,st_a,mult,1.0,153,561,373,209253,1367.7,127.2
IMG_98,st_a,mult,1.25,153,701,466,326666,2135.1,243.1
IMG_98,st_a,mult,1.5,153,841,559,470119,3072.7,376.6
IMG_98,st_a,mult,2.0,153,1122,746,837012,5470.7,789.4
IMG_98,st_a,short,384,153,578,384,221952,1450.7,151.4
IMG_98,st_a,short,512,153,770,512,394240,2576.7,306.9
IMG_98,st_a,short,768,153,1155,768,887040,5797.6,858.4
IMG_98,st_a,short,1024,153,1540,1024,1576960,10306.9,2220.4
IMG_99,st_a,mult,0.5,242,320,240,76800,317.4,19.2
IMG_99,st_a,mult,0.75,242,480,360,172800,714.0,52.6
IMG_99,st_a,mult,1.0,242,640,480,307200,1269.4,114.1
IMG_99,st_a,mult,1.25,242,800,600,480000,1983.5,252.5
IMG_99,st_a,mult,1.5,242,960,720,691200,2856.2,444.8
IMG_99,st_a,mult,2.0,242,1280,960,1228800,5077.7,1241.7
IMG_99,st_a,short,384,242,512,384,196608,812.4,61.0
IMG_99,st_a,short,512,242,683,512,349696,1445.0,151.0
IMG_99,st_a,short,768,242,1024,768,786432,3249.7,550.3
IMG_99,st_a,short,1024,242,1365,1024,1397760,5775.9,1601.2
