image,class_name,gt_count,has_class,cond_a_base,cond_a_permit,cond_a_channel,cond_b_base,cond_b_permit,cond_b_channel
2.jpg,sea shells,8,1,"请数出图片中的人数（人群中的每个人头或人体），不要遗漏，不要重复，以JSON格式输出：{""count"": 数量}，只输出JSON。","请数出图片中的人数（人群中的每个人头或人体）。如果你无法逐个确证，请回答 abstain，而不要猜测。以JSON格式输出：{""count"": 数量} 或 {""count"": ""abstain""}，只输出JSON。","请判断这张图片中的人数。你可以：①给出数字；②回答 ""cannot_judge"" 表示无法判断；③回答 ""no_people"" 表示画面中没有可辨认的个体。以JSON格式输出：{""response"": ...}，只输出JSON。","请数出图片中的sea shells的数量（画面中每一个属于该类的个体），不要遗漏，不要重复，以JSON格式输出：{""count"": 数量}，只输出JSON。","请数出图片中的sea shells的数量（画面中每一个属于该类的个体）。如果你无法逐个确证，请回答 abstain，而不要猜测。以JSON格式输出：{""count"": 数量} 或 {""count"": ""abstain""}，只输出JSON。","请判断这张图片中的sea shells的数量。你可以：①给出数字；②回答 ""cannot_judge"" 表示无法判断；③回答 ""no_people"" 表示画面中没有可辨认的个体。以JSON格式输出：{""response"": ...}，只输出JSON。"
5.jpg,hot air balloons,113,1,"请数出图片中的人数（人群中的每个人头或人体），不要遗漏，不要重复，以JSON格式输出：{""count"": 数量}，只输出JSON。","请数出图片中的人数（人群中的每个人头或人体）。如果你无法逐个确证，请回答 abstain，而不要猜测。以JSON格式输出：{""count"": 数量} 或 {""count"": ""abstain""}，只输出JSON。","请判断这张图片中的人数。你可以：①给出数字；②回答 ""cannot_judge"" 表示无法判断；③回答 ""no_people"" 表示画面中没有可辨认的个体。以JSON格式输出：{""response"": ...}，只输出JSON。","请数出图片中的hot air balloons的数量（画面中每一个属于该类的个体），不要遗漏，不要重复，以JSON格式输出：{""count"": 数量}，只输出JSON。","请数出图片中的hot air balloons的数量（画面中每一个属于该类的个体）。如果你无法逐个确证，请回答 abstain，而不要猜测。以JSON格式输出：{""count"": 数量} 或 {""count"": ""abstain""}，只输出JSON。","请判断这张图片中的hot air balloons的数量。你可以：①给出数字；②回答 ""cannot_judge"" 表示无法判断；③回答 ""no_people"" 表示画面中没有可辨认的个体。以JSON格式输出：{""response"": ...}，只输出JSON。"
286.jpg,strawberries,10,1,"请数出图片中的人数（人群中的每个人头或人体），不要遗漏，不要重复，以JSON格式输出：{""count"": 数量}，只输出JSON。","请数出图片中的人数（人群中的每个人头或人体）。如果你无法逐个确证，请回答 abstain，而不要猜测。以JSON格式输出：{""count"": 数量} 或 {""count"": ""abstain""}，只输出JSON。","请判断这张图片中的人数。你可以：①给出数字；②回答 ""cannot_judge"" 表示无法判断；③回答 ""no_people"" 表示画面中没有可辨认的个体。以JSON格式输出：{""response"": ...}，只输出JSON。","请数出图片中的strawberries的数量（画面中每一个属于该类的个体），不要遗漏，不要重复，以JSON格式输出：{""count"": 数量}，只输出JSON。","请数出图片中的strawberries的数量（画面中每一个属于该类的个体）。如果你无法逐个确证，请回答 abstain，而不要猜测。以JSON格式输出：{""count"": 数量} 或 {""count"": ""abstain""}，只输出JSON。","请判断这张图片中的strawberries的数量。你可以：①给出数字；②回答 ""cannot_judge"" 表示无法判断；③回答 ""no_people"" 表示画面中没有可辨认的个体。以JSON格式输出：{""response"": ...}，只输出JSON。"
289.jpg,strawberries,26,1,"请数出图片中的人数（人群中的每个人头或人体），不要遗漏，不要重复，以JSON格式输出：{""count"": 数量}，只输出JSON。","请数出图片中的人数（人群中的每个人头或人体）。如果你无法逐个确证，请回答 abstain，而不要猜测。以JSON格式输出：{""count"": 数量} 或 {""count"": ""abstain""}，只输出JSON。","请判断这张图片中的人数。你可以：①给出数字；②回答 ""cannot_judge"" 表示无法判断；③回答 ""no_people"" 表示画面中没有可辨认的个体。以JSON格式输出：{""response"": ...}，只输出JSON。","请数出图片中的strawberries的数量（画面中每一个属于该类的个体），不要遗漏，不要重复，以JSON格式输出：{""count"": 数量}，只输出JSON。","请数出图片中的strawberries的数量（画面中每一个属于该类的个体）。如果你无法逐个确证，请回答 abstain，而不要猜测。以JSON格式输出：{""count"": 数量} 或 {""count"": ""abstain""}，只输出JSON。","请判断这张图片中的strawberries的数量。你可以：①给出数字；②回答 ""cannot_judge"" 表示无法判断；③回答 ""no_people"" 表示画面中没有可辨认的个体。以JSON格式输出：{""response"": ...}，只输出JSON。"
292.jpg,strawberries,32,1,"请数出图片中的人数（人群中的每个人头或人体），不要遗漏，不要重复，以JSON格式输出：{""count"": 数量}，只输出JSON。","请数出图片中的人数（人群中的每个人头或人体）。如果你无法逐个确证，请回答 abstain，而不要猜测。以JSON格式输出：{""count"": 数量} 或 {""count"": ""abstain""}，只输出JSON。","请判断这张图片中的人数。你可以：①给出数字；②回答 ""cannot_judge"" 表示无法判断；③回答 ""no_people"" 表示画面中没有可辨认的个体。以JSON格式输出：{""response"": ...}，只输出JSON。","请数出图片中的strawberries的数量（画面中每一个属于该类的个体），不要遗漏，不要重复，以JSON格式输出：{""count"": 数量}，只输出JSON。","请数出图片中的strawberries的数量（画面中每一个属于该类的个体）。如果你无法逐个确证，请回答 abstain，而不要猜测。以JSON格式输出：{""count"": 数量} 或 {""count"": ""abstain""}，只输出JSON。","请判断这张图片中的strawberries的数量。你可以：①给出数字；②回答 ""cannot_judge"" 表示无法判断；③回答 ""no_people"" 表示画面中没有可辨认的个体。以JSON格式输出：{""response"": ...}，只输出JSON。"
295.jpg,strawberries,64,1,"请数出图片中的人数（人群中的每个人头或人体），不要遗漏，不要重复，以JSON格式输出：{""count"": 数量}，只输出JSON。","请数出图片中的人数（人群中的每个人头或人体）。如果你无法逐个确证，请回答 abstain，而不要猜测。以JSON格式输出：{""count"": 数量} 或 {""count"": ""abstain""}，只输出JSON。","请判断这张图片中的人数。你可以：①给出数字；②回答 ""cannot_judge"" 表示无法判断；③回答 ""no_people"" 表示画面中没有可辨认的个体。以JSON格式输出：{""response"": ...}，只输出JSON。","请数出图片中的strawberries的数量（画面中每一个属于该类的个体），不要遗漏，不要重复，以JSON格式输出：{""count"": 数量}，只输出JSON。","请数出图片中的strawberries的数量（画面中每一个属于该类的个体）。如果你无法逐个确证，请回答 abstain，而不要猜测。以JSON格式输出：{""count"": 数量} 或 {""count"": ""abstain""}，只输出JSON。","请判断这张图片中的strawberries的数量。你可以：①给出数字；②回答 ""cannot_judge"" 表示无法判断；③回答 ""no_people"" 表示画面中没有可辨认的个体。以JSON格式输出：{""response"": ...}，只输出JSON。"
298.jpg,strawberries,33,1,"请数出图片中的人数（人群中的每个人头或人体），不要遗漏，不要重复，以JSON格式输出：{""count"": 数量}，只输出JSON。","请数出图片中的人数（人群中的每个人头或人体）。如果你无法逐个确证，请回答 abstain，而不要猜测。以JSON格式输出：{""count"": 数量} 或 {""count"": ""abstain""}，只输出JSON。","请判断这张图片中的人数。你可以：①给出数字；②回答 ""cannot_judge"" 表示无法判断；③回答 ""no_people"" 表示画面中没有可辨认的个体。以JSON格式输出：{""response"": ...}，只输出JSON。","请数出图片中的strawberries的数量（画面中每一个属于该类的个体），不要遗漏，不要重复，以JSON格式输出：{""count"": 数量}，只输出JSON。","请数出图片中的strawberries的数量（画面中每一个属于该类的个体）。如果你无法逐个确证，请回答 abstain，而不要猜测。以JSON格式输出：{""count"": 数量} 或 {""count"": ""abstain""}，只输出JSON。","请判断这张图片中的strawberries的数量。你可以：①给出数字；②回答 ""cannot_judge"" 表示无法判断；③回答 ""no_people"" 表示画面中没有可辨认的个体。以JSON格式输出：{""response"": ...}，只输出JSON。"
301.jpg,strawberries,28,1,"请数出图片中的人数（人群中的每个人头或人体），不要遗漏，不要重复，以JSON格式输出：{""count"": 数量}，只输出JSON。","请数出图片中的人数（人群中的每个人头或人体）。如果你无法逐个确证，请回答 abstain，而不要猜测。以JSON格式输出：{""count"": 数量} 或 {""count"": ""abstain""}，只输出JSON。","请判断这张图片中的人数。你可以：①给出数字；②回答 ""cannot_judge"" 表示无法判断；③回答 ""no_people"" 表示画面中没有可辨认的个体。以JSON格式输出：{""response"": ...}，只输出JSON。","请数出图片中的strawberries的数量（画面中每一个属于该类的个体），不要遗漏，不要重复，以JSON格式输出：{""count"": 数量}，只输出JSON。","请数出图片中的strawberries的数量（画面中每一个属于该类的个体）。如果你无法逐个确证，请回答 abstain，而不要猜测。以JSON格式输出：{""count"": 数量} 或 {""count"": ""abstain""}，只输出JSON。","请判断这张图片中的strawberries的数量。你可以：①给出数字；②回答 ""cannot_judge"" 表示无法判断；③回答 ""no_people"" 表示画面中没有可辨认的个体。以JSON格式输出：{""response"": ...}，只输出JSON。"
305.jpg,strawberries,11,1,"请数出图片中的人数（人群中的每个人头或人体），不要遗漏，不要重复，以JSON格式输出：{""count"": 数量}，只输出JSON。","请数出图片中的人数（人群中的每个人头或人体）。如果你无法逐个确证，请回答 abstain，而不要猜测。以JSON格式输出：{""count"": 数量} 或 {""count"": ""abstain""}，只输出JSON。","请判断这张图片中的人数。你可以：①给出数字；②回答 ""cannot_judge"" 表示无法判断；③回答 ""no_people"" 表示画面中没有可辨认的个体。以JSON格式输出：{""response"": ...}，只输出JSON。","请数出图片中的strawberries的数量（画面中每一个属于该类的个体），不要遗漏，不要重复，以JSON格式输出：{""count"": 数量}，只输出JSON。","请数出图片中的strawberries的数量（画面中每一个属于该类的个体）。如果你无法逐个确证，请回答 abstain，而不要猜测。以JSON格式输出：{""count"": 数量} 或 {""count"": ""abstain""}，只输出JSON。","请判断这张图片中的strawberries的数量。你可以：①给出数字；②回答 ""cannot_judge"" 表示无法判断；③回答 ""no_people"" 表示画面中没有可辨认的个体。以JSON格式输出：{""response"": ...}，只输出JSON。"
308.jpg,strawberries,27,1,"请数出图片中的人数（人群中的每个人头或人体），不要遗漏，不要重复，以JSON格式输出：{""count"": 数量}，只输出JSON。","请数出图片中的人数（人群中的每个人头或人体）。如果你无法逐个确证，请回答 abstain，而不要猜测。以JSON格式输出：{""count"": 数量} 或 {""count"": ""abstain""}，只输出JSON。","请判断这张图片中的人数。你可以：①给出数字；②回答 ""cannot_judge"" 表示无法判断；③回答 ""no_people"" 表示画面中没有可辨认的个体。以JSON格式输出：{""response"": ...}，只输出JSON。","请数出图片中的strawberries的数量（画面中每一个属于该类的个体），不要遗漏，不要重复，以JSON格式输出：{""count"": 数量}，只输出JSON。","请数出图片中的strawberries的数量（画面中每一个属于该类的个体）。如果你无法逐个确证，请回答 abstain，而不要猜测。以JSON格式输出：{""count"": 数量} 或 {""count"": ""abstain""}，只输出JSON。","请判断这张图片中的strawberries的数量。你可以：①给出数字；②回答 ""cannot_judge"" 表示无法判断；③回答 ""no_people"" 表示画面中没有可辨认的个体。以JSON格式输出：{""response"": ...}，只输出JSON。"
311.jpg,strawberries,55,1,"请数出图片中的人数（人群中的每个人头或人体），不要遗漏，不要重复，以JSON格式输出：{""count"": 数量}，只输出JSON。","请数出图片中的人数（人群中的每个人头或人体）。如果你无法逐个确证，请回答 abstain，而不要猜测。以JSON格式输出：{""count"": 数量} 或 {""count"": ""abstain""}，只输出JSON。","请判断这张图片中的人数。你可以：①给出数字；②回答 ""cannot_judge"" 表示无法判断；③回答 ""no_people"" 表示画面中没有可辨认的个体。以JSON格式输出：{""response"": ...}，只输出JSON。","请数出图片中的strawberries的数量（画面中每一个属于该类的个体），不要遗漏，不要重复，以JSON格式输出：{""count"": 数量}，只输出JSON。","请数出图片中的strawberries的数量（画面中每一个属于该类的个体）。如果你无法逐个确证，请回答 abstain，而不要猜测。以JSON格式输出：{""count"": 数量} 或 {""count"": ""abstain""}，只输出JSON。","请判断这张图片中的strawberries的数量。你可以：①给出数字；②回答 ""cannot_judge"" 表示无法判断；③回答 ""no_people"" 表示画面中没有可辨认的个体。以JSON格式输出：{""response"": ...}，只输出JSON。"
315.jpg,strawberries,53,1,"请数出图片中的人数（人群中的每个人头或人体），不要遗漏，不要重复，以JSON格式输出：{""count"": 数量}，只输出JSON。","请数出图片中的人数（人群中的每个人头或人体）。如果你无法逐个确证，请回答 abstain，而不要猜测。以JSON格式输出：{""count"": 数量} 或 {""count"": ""abstain""}，只输出JSON。","请判断这张图片中的人数。你可以：①给出数字；②回答 ""cannot_judge"" 表示无法判断；③回答 ""no_people"" 表示画面中没有可辨认的个体。以JSON格式输出：{""response"": ...}，只输出JSON。","请数出图片中的strawberries的数量（画面中每一个属于该类的个体），不要遗漏，不要重复，以JSON格式输出：{""count"": 数量}，只输出JSON。","请数出图片中的strawberries的数量（画面中每一个属于该类的个体）。如果你无法逐个确证，请回答 abstain，而不要猜测。以JSON格式输出：{""count"": 数量} 或 {""count"": ""abstain""}，只输出JSON。","请判断这张图片中的strawberries的数量。你可以：①给出数字；②回答 ""cannot_judge"" 表示无法判断；③回答 ""no_people"" 表示画面中没有可辨认的个体。以JSON格式输出：{""response"": ...}，只输出JSON。"
319.jpg,strawberries,12,1,"请数出图片中的人数（人群中的每个人头或人体），不要遗漏，不要重复，以JSON格式输出：{""count"": 数量}，只输出JSON。","请数出图片中的人数（人群中的每个人头或人体）。如果你无法逐个确证，请回答 abstain，而不要猜测。以JSON格式输出：{""count"": 数量} 或 {""count"": ""abstain""}，只输出JSON。","请判断这张图片中的人数。你可以：①给出数字；②回答 ""cannot_judge"" 表示无法判断；③回答 ""no_people"" 表示画面中没有可辨认的个体。以JSON格式输出：{""response"": ...}，只输出JSON。","请数出图片中的strawberries的数量（画面中每一个属于该类的个体），不要遗漏，不要重复，以JSON格式输出：{""count"": 数量}，只输出JSON。","请数出图片中的strawberries的数量（画面中每一个属于该类的个体）。如果你无法逐个确证，请回答 abstain，而不要猜测。以JSON格式输出：{""count"": 数量} 或 {""count"": ""abstain""}，只输出JSON。","请判断这张图片中的strawberries的数量。你可以：①给出数字；②回答 ""cannot_judge"" 表示无法判断；③回答 ""no_people"" 表示画面中没有可辨认的个体。以JSON格式输出：{""response"": ...}，只输出JSON。"
322.jpg,strawberries,27,1,"请数出图片中的人数（人群中的每个人头或人体），不要遗漏，不要重复，以JSON格式输出：{""count"": 数量}，只输出JSON。","请数出图片中的人数（人群中的每个人头或人体）。如果你无法逐个确证，请回答 abstain，而不要猜测。以JSON格式输出：{""count"": 数量} 或 {""count"": ""abstain""}，只输出JSON。","请判断这张图片中的人数。你可以：①给出数字；②回答 ""cannot_judge"" 表示无法判断；③回答 ""no_people"" 表示画面中没有可辨认的个体。以JSON格式输出：{""response"": ...}，只输出JSON。","请数出图片中的strawberries的数量（画面中每一个属于该类的个体），不要遗漏，不要重复，以JSON格式输出：{""count"": 数量}，只输出JSON。","请数出图片中的strawberries的数量（画面中每一个属于该类的个体）。如果你无法逐个确证，请回答 abstain，而不要猜测。以JSON格式输出：{""count"": 数量} 或 {""count"": ""abstain""}，只输出JSON。","请判断这张图片中的strawberries的数量。你可以：①给出数字；②回答 ""cannot_judge"" 表示无法判断；③回答 ""no_people"" 表示画面中没有可辨认的个体。以JSON格式输出：{""response"": ...}，只输出JSON。"
325.jpg,strawberries,33,1,"请数出图片中的人数（人群中的每个人头或人体），不要遗漏，不要重复，以JSON格式输出：{""count"": 数量}，只输出JSON。","请数出图片中的人数（人群中的每个人头或人体）。如果你无法逐个确证，请回答 abstain，而不要猜测。以JSON格式输出：{""count"": 数量} 或 {""count"": ""abstain""}，只输出JSON。","请判断这张图片中的人数。你可以：①给出数字；②回答 ""cannot_judge"" 表示无法判断；③回答 ""no_people"" 表示画面中没有可辨认的个体。以JSON格式输出：{""response"": ...}，只输出JSON。","请数出图片中的strawberries的数量（画面中每一个属于该类的个体），不要遗漏，不要重复，以JSON格式输出：{""count"": 数量}，只输出JSON。","请数出图片中的strawberries的数量（画面中每一个属于该类的个体）。如果你无法逐个确证，请回答 abstain，而不要猜测。以JSON格式输出：{""count"": 数量} 或 {""count"": ""abstain""}，只输出JSON。","请判断这张图片中的strawberries的数量。你可以：①给出数字；②回答 ""cannot_judge"" 表示无法判断；③回答 ""no_people"" 表示画面中没有可辨认的个体。以JSON格式输出：{""response"": ...}，只输出JSON。"
328.jpg,strawberries,35,1,"请数出图片中的人数（人群中的每个人头或人体），不要遗漏，不要重复，以JSON格式输出：{""count"": 数量}，只输出JSON。","请数出图片中的人数（人群中的每个人头或人体）。如果你无法逐个确证，请回答 abstain，而不要猜测。以JSON格式输出：{""count"": 数量} 或 {""count"": ""abstain""}，只输出JSON。","请判断这张图片中的人数。你可以：①给出数字；②回答 ""cannot_judge"" 表示无法判断；③回答 ""no_people"" 表示画面中没有可辨认的个体。以JSON格式输出：{""response"": ...}，只输出JSON。","请数出图片中的strawberries的数量（画面中每一个属于该类的个体），不要遗漏，不要重复，以JSON格式输出：{""count"": 数量}，只输出JSON。","请数出图片中的strawberries的数量（画面中每一个属于该类的个体）。如果你无法逐个确证，请回答 abstain，而不要猜测。以JSON格式输出：{""count"": 数量} 或 {""count"": ""abstain""}，只输出JSON。","请判断这张图片中的strawberries的数量。你可以：①给出数字；②回答 ""cannot_judge"" 表示无法判断；③回答 ""no_people"" 表示画面中没有可辨认的个体。以JSON格式输出：{""response"": ...}，只输出JSON。"
331.jpg,strawberries,33,1,"请数出图片中的人数（人群中的每个人头或人体），不要遗漏，不要重复，以JSON格式输出：{""count"": 数量}，只输出JSON。","请数出图片中的人数（人群中的每个人头或人体）。如果你无法逐个确证，请回答 abstain，而不要猜测。以JSON格式输出：{""count"": 数量} 或 {""count"": ""abstain""}，只输出JSON。","请判断这张图片中的人数。你可以：①给出数字；②回答 ""cannot_judge"" 表示无法判断；③回答 ""no_people"" 表示画面中没有可辨认的个体。以JSON格式输出：{""response"": ...}，只输出JSON。","请数出图片中的strawberries的数量（画面中每一个属于该类的个体），不要遗漏，不要重复，以JSON格式输出：{""count"": 数量}，只输出JSON。","请数出图片中的strawberries的数量（画面中每一个属于该类的个体）。如果你无法逐个确证，请回答 abstain，而不要猜测。以JSON格式输出：{""count"": 数量} 或 {""count"": ""abstain""}，只输出JSON。","请判断这张图片中的strawberries的数量。你可以：①给出数字；②回答 ""cannot_judge"" 表示无法判断；③回答 ""no_people"" 表示画面中没有可辨认的个体。以JSON格式输出：{""response"": ...}，只输出JSON。"
334.jpg,strawberries,35,1,"请数出图片中的人数（人群中的每个人头或人体），不要遗漏，不要重复，以JSON格式输出：{""count"": 数量}，只输出JSON。","请数出图片中的人数（人群中的每个人头或人体）。如果你无法逐个确证，请回答 abstain，而不要猜测。以JSON格式输出：{""count"": 数量} 或 {""count"": ""abstain""}，只输出JSON。","请判断这张图片中的人数。你可以：①给出数字；②回答 ""cannot_judge"" 表示无法判断；③回答 ""no_people"" 表示画面中没有可辨认的个体。以JSON格式输出：{""response"": ...}，只输出JSON。","请数出图片中的strawberries的数量（画面中每一个属于该类的个体），不要遗漏，不要重复，以JSON格式输出：{""count"": 数量}，只输出JSON。","请数出图片中的strawberries的数量（画面中每一个属于该类的个体）。如果你无法逐个确证，请回答 abstain，而不要猜测。以JSON格式输出：{""count"": 数量} 或 {""count"": ""abstain""}，只输出JSON。","请判断这张图片中的strawberries的数量。你可以：①给出数字；②回答 ""cannot_judge"" 表示无法判断；③回答 ""no_people"" 表示画面中没有可辨认的个体。以JSON格式输出：{""response"": ...}，只输出JSON。"
337.jpg,strawberries,13,1,"请数出图片中的人数（人群中的每个人头或人体），不要遗漏，不要重复，以JSON格式输出：{""count"": 数量}，只输出JSON。","请数出图片中的人数（人群中的每个人头或人体）。如果你无法逐个确证，请回答 abstain，而不要猜测。以JSON格式输出：{""count"": 数量} 或 {""count"": ""abstain""}，只输出JSON。","请判断这张图片中的人数。你可以：①给出数字；②回答 ""cannot_judge"" 表示无法判断；③回答 ""no_people"" 表示画面中没有可辨认的个体。以JSON格式输出：{""response"": ...}，只输出JSON。","请数出图片中的strawberries的数量（画面中每一个属于该类的个体），不要遗漏，不要重复，以JSON格式输出：{""count"": 数量}，只输出JSON。","请数出图片中的strawberries的数量（画面中每一个属于该类的个体）。如果你无法逐个确证，请回答 abstain，而不要猜测。以JSON格式输出：{""count"": 数量} 或 {""count"": ""abstain""}，只输出JSON。","请判断这张图片中的strawberries的数量。你可以：①给出数字；②回答 ""cannot_judge"" 表示无法判断；③回答 ""no_people"" 表示画面中没有可辨认的个体。以JSON格式输出：{""response"": ...}，只输出JSON。"
341.jpg,strawberries,13,1,"请数出图片中的人数（人群中的每个人头或人体），不要遗漏，不要重复，以JSON格式输出：{""count"": 数量}，只输出JSON。","请数出图片中的人数（人群中的每个人头或人体）。如果你无法逐个确证，请回答 abstain，而不要猜测。以JSON格式输出：{""count"": 数量} 或 {""count"": ""abstain""}，只输出JSON。","请判断这张图片中的人数。你可以：①给出数字；②回答 ""cannot_judge"" 表示无法判断；③回答 ""no_people"" 表示画面中没有可辨认的个体。以JSON格式输出：{""response"": ...}，只输出JSON。","请数出图片中的strawberries的数量（画面中每一个属于该类的个体），不要遗漏，不要重复，以JSON格式输出：{""count"": 数量}，只输出JSON。","请数出图片中的strawberries的数量（画面中每一个属于该类的个体）。如果你无法逐个确证，请回答 abstain，而不要猜测。以JSON格式输出：{""count"": 数量} 或 {""count"": ""abstain""}，只输出JSON。","请判断这张图片中的strawberries的数量。你可以：①给出数字；②回答 ""cannot_judge"" 表示无法判断；③回答 ""no_people"" 表示画面中没有可辨认的个体。以JSON格式输出：{""response"": ...}，只输出JSON。"
344.jpg,strawberries,43,1,"请数出图片中的人数（人群中的每个人头或人体），不要遗漏，不要重复，以JSON格式输出：{""count"": 数量}，只输出JSON。","请数出图片中的人数（人群中的每个人头或人体）。如果你无法逐个确证，请回答 abstain，而不要猜测。以JSON格式输出：{""count"": 数量} 或 {""count"": ""abstain""}，只输出JSON。","请判断这张图片中的人数。你可以：①给出数字；②回答 ""cannot_judge"" 表示无法判断；③回答 ""no_people"" 表示画面中没有可辨认的个体。以JSON格式输出：{""response"": ...}，只输出JSON。","请数出图片中的strawberries的数量（画面中每一个属于该类的个体），不要遗漏，不要重复，以JSON格式输出：{""count"": 数量}，只输出JSON。","请数出图片中的strawberries的数量（画面中每一个属于该类的个体）。如果你无法逐个确证，请回答 abstain，而不要猜测。以JSON格式输出：{""count"": 数量} 或 {""count"": ""abstain""}，只输出JSON。","请判断这张图片中的strawberries的数量。你可以：①给出数字；②回答 ""cannot_judge"" 表示无法判断；③回答 ""no_people"" 表示画面中没有可辨认的个体。以JSON格式输出：{""response"": ...}，只输出JSON。"
347.jpg,strawberries,41,1,"请数出图片中的人数（人群中的每个人头或人体），不要遗漏，不要重复，以JSON格式输出：{""count"": 数量}，只输出JSON。","请数出图片中的人数（人群中的每个人头或人体）。如果你无法逐个确证，请回答 abstain，而不要猜测。以JSON格式输出：{""count"": 数量} 或 {""count"": ""abstain""}，只输出JSON。","请判断这张图片中的人数。你可以：①给出数字；②回答 ""cannot_judge"" 表示无法判断；③回答 ""no_people"" 表示画面中没有可辨认的个体。以JSON格式输出：{""response"": ...}，只输出JSON。","请数出图片中的strawberries的数量（画面中每一个属于该类的个体），不要遗漏，不要重复，以JSON格式输出：{""count"": 数量}，只输出JSON。","请数出图片中的strawberries的数量（画面中每一个属于该类的个体）。如果你无法逐个确证，请回答 abstain，而不要猜测。以JSON格式输出：{""count"": 数量} 或 {""count"": ""abstain""}，只输出JSON。","请判断这张图片中的strawberries的数量。你可以：①给出数字；②回答 ""cannot_judge"" 表示无法判断；③回答 ""no_people"" 表示画面中没有可辨认的个体。以JSON格式输出：{""response"": ...}，只输出JSON。"
350.jpg,strawberries,17,1,"请数出图片中的人数（人群中的每个人头或人体），不要遗漏，不要重复，以JSON格式输出：{""count"": 数量}，只输出JSON。","请数出图片中的人数（人群中的每个人头或人体）。如果你无法逐个确证，请回答 abstain，而不要猜测。以JSON格式输出：{""count"": 数量} 或 {""count"": ""abstain""}，只输出JSON。","请判断这张图片中的人数。你可以：①给出数字；②回答 ""cannot_judge"" 表示无法判断；③回答 ""no_people"" 表示画面中没有可辨认的个体。以JSON格式输出：{""response"": ...}，只输出JSON。","请数出图片中的strawberries的数量（画面中每一个属于该类的个体），不要遗漏，不要重复，以JSON格式输出：{""count"": 数量}，只输出JSON。","请数出图片中的strawberries的数量（画面中每一个属于该类的个体）。如果你无法逐个确证，请回答 abstain，而不要猜测。以JSON格式输出：{""count"": 数量} 或 {""count"": ""abstain""}，只输出JSON。","请判断这张图片中的strawberries的数量。你可以：①给出数字；②回答 ""cannot_judge"" 表示无法判断；③回答 ""no_people"" 表示画面中没有可辨认的个体。以JSON格式输出：{""response"": ...}，只输出JSON。"
681.jpg,watches,24,1,"请数出图片中的人数（人群中的每个人头或人体），不要遗漏，不要重复，以JSON格式输出：{""count"": 数量}，只输出JSON。","请数出图片中的人数（人群中的每个人头或人体）。如果你无法逐个确证，请回答 abstain，而不要猜测。以JSON格式输出：{""count"": 数量} 或 {""count"": ""abstain""}，只输出JSON。","请判断这张图片中的人数。你可以：①给出数字；②回答 ""cannot_judge"" 表示无法判断；③回答 ""no_people"" 表示画面中没有可辨认的个体。以JSON格式输出：{""response"": ...}，只输出JSON。","请数出图片中的watches的数量（画面中每一个属于该类的个体），不要遗漏，不要重复，以JSON格式输出：{""count"": 数量}，只输出JSON。","请数出图片中的watches的数量（画面中每一个属于该类的个体）。如果你无法逐个确证，请回答 abstain，而不要猜测。以JSON格式输出：{""count"": 数量} 或 {""count"": ""abstain""}，只输出JSON。","请判断这张图片中的watches的数量。你可以：①给出数字；②回答 ""cannot_judge"" 表示无法判断；③回答 ""no_people"" 表示画面中没有可辨认的个体。以JSON格式输出：{""response"": ...}，只输出JSON。"
686.jpg,apples,47,1,"请数出图片中的人数（人群中的每个人头或人体），不要遗漏，不要重复，以JSON格式输出：{""count"": 数量}，只输出JSON。","请数出图片中的人数（人群中的每个人头或人体）。如果你无法逐个确证，请回答 abstain，而不要猜测。以JSON格式输出：{""count"": 数量} 或 {""count"": ""abstain""}，只输出JSON。","请判断这张图片中的人数。你可以：①给出数字；②回答 ""cannot_judge"" 表示无法判断；③回答 ""no_people"" 表示画面中没有可辨认的个体。以JSON格式输出：{""response"": ...}，只输出JSON。","请数出图片中的apples的数量（画面中每一个属于该类的个体），不要遗漏，不要重复，以JSON格式输出：{""count"": 数量}，只输出JSON。","请数出图片中的apples的数量（画面中每一个属于该类的个体）。如果你无法逐个确证，请回答 abstain，而不要猜测。以JSON格式输出：{""count"": 数量} 或 {""count"": ""abstain""}，只输出JSON。","请判断这张图片中的apples的数量。你可以：①给出数字；②回答 ""cannot_judge"" 表示无法判断；③回答 ""no_people"" 表示画面中没有可辨认的个体。以JSON格式输出：{""response"": ...}，只输出JSON。"
691.jpg,apples,109,1,"请数出图片中的人数（人群中的每个人头或人体），不要遗漏，不要重复，以JSON格式输出：{""count"": 数量}，只输出JSON。","请数出图片中的人数（人群中的每个人头或人体）。如果你无法逐个确证，请回答 abstain，而不要猜测。以JSON格式输出：{""count"": 数量} 或 {""count"": ""abstain""}，只输出JSON。","请判断这张图片中的人数。你可以：①给出数字；②回答 ""cannot_judge"" 表示无法判断；③回答 ""no_people"" 表示画面中没有可辨认的个体。以JSON格式输出：{""response"": ...}，只输出JSON。","请数出图片中的apples的数量（画面中每一个属于该类的个体），不要遗漏，不要重复，以JSON格式输出：{""count"": 数量}，只输出JSON。","请数出图片中的apples的数量（画面中每一个属于该类的个体）。如果你无法逐个确证，请回答 abstain，而不要猜测。以JSON格式输出：{""count"": 数量} 或 {""count"": ""abstain""}，只输出JSON。","请判断这张图片中的apples的数量。你可以：①给出数字；②回答 ""cannot_judge"" 表示无法判断；③回答 ""no_people"" 表示画面中没有可辨认的个体。以JSON格式输出：{""response"": ...}，只输出JSON。"
694.jpg,apples,80,1,"请数出图片中的人数（人群中的每个人头或人体），不要遗漏，不要重复，以JSON格式输出：{""count"": 数量}，只输出JSON。","请数出图片中的人数（人群中的每个人头或人体）。如果你无法逐个确证，请回答 abstain，而不要猜测。以JSON格式输出：{""count"": 数量} 或 {""count"": ""abstain""}，只输出JSON。","请判断这张图片中的人数。你可以：①给出数字；②回答 ""cannot_judge"" 表示无法判断；③回答 ""no_people"" 表示画面中没有可辨认的个体。以JSON格式输出：{""response"": ...}，只输出JSON。","请数出图片中的apples的数量（画面中每一个属于该类的个体），不要遗漏，不要重复，以JSON格式输出：{""count"": 数量}，只输出JSON。","请数出图片中的apples的数量（画面中每一个属于该类的个体）。如果你无法逐个确证，请回答 abstain，而不要猜测。以JSON格式输出：{""count"": 数量} 或 {""count"": ""abstain""}，只输出JSON。","请判断这张图片中的apples的数量。你可以：①给出数字；②回答 ""cannot_judge"" 表示无法判断；③回答 ""no_people"" 表示画面中没有可辨认的个体。以JSON格式输出：{""response"": ...}，只输出JSON。"
698.jpg,apples,154,1,"请数出图片中的人数（人群中的每个人头或人体），不要遗漏，不要重复，以JSON格式输出：{""count"": 数量}，只输出JSON。","请数出图片中的人数（人群中的每个人头或人体）。如果你无法逐个确证，请回答 abstain，而不要猜测。以JSON格式输出：{""count"": 数量} 或 {""count"": ""abstain""}，只输出JSON。","请判断这张图片中的人数。你可以：①给出数字；②回答 ""cannot_judge"" 表示无法判断；③回答 ""no_people"" 表示画面中没有可辨认的个体。以JSON格式输出：{""response"": ...}，只输出JSON。","请数出图片中的apples的数量（画面中每一个属于该类的个体），不要遗漏，不要重复，以JSON格式输出：{""count"": 数量}，只输出JSON。","请数出图片中的apples的数量（画面中每一个属于该类的个体）。如果你无法逐个确证，请回答 abstain，而不要猜测。以JSON格式输出：{""count"": 数量} 或 {""count"": ""abstain""}，只输出JSON。","请判断这张图片中的apples的数量。你可以：①给出数字；②回答 ""cannot_judge"" 表示无法判断；③回答 ""no_people"" 表示画面中没有可辨认的个体。以JSON格式输出：{""response"": ...}，只输出JSON。"
703.jpg,apples,44,1,"请数出图片中的人数（人群中的每个人头或人体），不要遗漏，不要重复，以JSON格式输出：{""count"": 数量}，只输出JSON。","请数出图片中的人数（人群中的每个人头或人体）。如果你无法逐个确证，请回答 abstain，而不要猜测。以JSON格式输出：{""count"": 数量} 或 {""count"": ""abstain""}，只输出JSON。","请判断这张图片中的人数。你可以：①给出数字；②回答 ""cannot_judge"" 表示无法判断；③回答 ""no_people"" 表示画面中没有可辨认的个体。以JSON格式输出：{""response"": ...}，只输出JSON。","请数出图片中的apples的数量（画面中每一个属于该类的个体），不要遗漏，不要重复，以JSON格式输出：{""count"": 数量}，只输出JSON。","请数出图片中的apples的数量（画面中每一个属于该类的个体）。如果你无法逐个确证，请回答 abstain，而不要猜测。以JSON格式输出：{""count"": 数量} 或 {""count"": ""abstain""}，只输出JSON。","请判断这张图片中的apples的数量。你可以：①给出数字；②回答 ""cannot_judge"" 表示无法判断；③回答 ""no_people"" 表示画面中没有可辨认的个体。以JSON格式输出：{""response"": ...}，只输出JSON。"
706.jpg,apples,90,1,"请数出图片中的人数（人群中的每个人头或人体），不要遗漏，不要重复，以JSON格式输出：{""count"": 数量}，只输出JSON。","请数出图片中的人数（人群中的每个人头或人体）。如果你无法逐个确证，请回答 abstain，而不要猜测。以JSON格式输出：{""count"": 数量} 或 {""count"": ""abstain""}，只输出JSON。","请判断这张图片中的人数。你可以：①给出数字；②回答 ""cannot_judge"" 表示无法判断；③回答 ""no_people"" 表示画面中没有可辨认的个体。以JSON格式输出：{""response"": ...}，只输出JSON。","请数出图片中的apples的数量（画面中每一个属于该类的个体），不要遗漏，不要重复，以JSON格式输出：{""count"": 数量}，只输出JSON。","请数出图片中的apples的数量（画面中每一个属于该类的个体）。如果你无法逐个确证，请回答 abstain，而不要猜测。以JSON格式输出：{""count"": 数量} 或 {""count"": ""abstain""}，只输出JSON。","请判断这张图片中的apples的数量。你可以：①给出数字；②回答 ""cannot_judge"" 表示无法判断；③回答 ""no_people"" 表示画面中没有可辨认的个体。以JSON格式输出：{""response"": ...}，只输出JSON。"
710.jpg,apples,16,1,"请数出图片中的人数（人群中的每个人头或人体），不要遗漏，不要重复，以JSON格式输出：{""count"": 数量}，只输出JSON。","请数出图片中的人数（人群中的每个人头或人体）。如果你无法逐个确证，请回答 abstain，而不要猜测。以JSON格式输出：{""count"": 数量} 或 {""count"": ""abstain""}，只输出JSON。","请判断这张图片中的人数。你可以：①给出数字；②回答 ""cannot_judge"" 表示无法判断；③回答 ""no_people"" 表示画面中没有可辨认的个体。以JSON格式输出：{""response"": ...}，只输出JSON。","请数出图片中的apples的数量（画面中每一个属于该类的个体），不要遗漏，不要重复，以JSON格式输出：{""count"": 数量}，只输出JSON。","请数出图片中的apples的数量（画面中每一个属于该类的个体）。如果你无法逐个确证，请回答 abstain，而不要猜测。以JSON格式输出：{""count"": 数量} 或 {""count"": ""abstain""}，只输出JSON。","请判断这张图片中的apples的数量。你可以：①给出数字；②回答 ""cannot_judge"" 表示无法判断；③回答 ""no_people"" 表示画面中没有可辨认的个体。以JSON格式输出：{""response"": ...}，只输出JSON。"
713.jpg,apples,24,1,"请数出图片中的人数（人群中的每个人头或人体），不要遗漏，不要重复，以JSON格式输出：{""count"": 数量}，只输出JSON。","请数出图片中的人数（人群中的每个人头或人体）。如果你无法逐个确证，请回答 abstain，而不要猜测。以JSON格式输出：{""count"": 数量} 或 {""count"": ""abstain""}，只输出JSON。","请判断这张图片中的人数。你可以：①给出数字；②回答 ""cannot_judge"" 表示无法判断；③回答 ""no_people"" 表示画面中没有可辨认的个体。以JSON格式输出：{""response"": ...}，只输出JSON。","请数出图片中的apples的数量（画面中每一个属于该类的个体），不要遗漏，不要重复，以JSON格式输出：{""count"": 数量}，只输出JSON。","请数出图片中的apples的数量（画面中每一个属于该类的个体）。如果你无法逐个确证，请回答 abstain，而不要猜测。以JSON格式输出：{""count"": 数量} 或 {""count"": ""abstain""}，只输出JSON。","请判断这张图片中的apples的数量。你可以：①给出数字；②回答 ""cannot_judge"" 表示无法判断；③回答 ""no_people"" 表示画面中没有可辨认的个体。以JSON格式输出：{""response"": ...}，只输出JSON。"
716.jpg,apples,182,1,"请数出图片中的人数（人群中的每个人头或人体），不要遗漏，不要重复，以JSON格式输出：{""count"": 数量}，只输出JSON。","请数出图片中的人数（人群中的每个人头或人体）。如果你无法逐个确证，请回答 abstain，而不要猜测。以JSON格式输出：{""count"": 数量} 或 {""count"": ""abstain""}，只输出JSON。","请判断这张图片中的人数。你可以：①给出数字；②回答 ""cannot_judge"" 表示无法判断；③回答 ""no_people"" 表示画面中没有可辨认的个体。以JSON格式输出：{""response"": ...}，只输出JSON。","请数出图片中的apples的数量（画面中每一个属于该类的个体），不要遗漏，不要重复，以JSON格式输出：{""count"": 数量}，只输出JSON。","请数出图片中的apples的数量（画面中每一个属于该类的个体）。如果你无法逐个确证，请回答 abstain，而不要猜测。以JSON格式输出：{""count"": 数量} 或 {""count"": ""abstain""}，只输出JSON。","请判断这张图片中的apples的数量。你可以：①给出数字；②回答 ""cannot_judge"" 表示无法判断；③回答 ""no_people"" 表示画面中没有可辨认的个体。以JSON格式输出：{""response"": ...}，只输出JSON。"
904.jpg,comic books,12,1,"请数出图片中的人数（人群中的每个人头或人体），不要遗漏，不要重复，以JSON格式输出：{""count"": 数量}，只输出JSON。","请数出图片中的人数（人群中的每个人头或人体）。如果你无法逐个确证，请回答 abstain，而不要猜测。以JSON格式输出：{""count"": 数量} 或 {""count"": ""abstain""}，只输出JSON。","请判断这张图片中的人数。你可以：①给出数字；②回答 ""cannot_judge"" 表示无法判断；③回答 ""no_people"" 表示画面中没有可辨认的个体。以JSON格式输出：{""response"": ...}，只输出JSON。","请数出图片中的comic books的数量（画面中每一个属于该类的个体），不要遗漏，不要重复，以JSON格式输出：{""count"": 数量}，只输出JSON。","请数出图片中的comic books的数量（画面中每一个属于该类的个体）。如果你无法逐个确证，请回答 abstain，而不要猜测。以JSON格式输出：{""count"": 数量} 或 {""count"": ""abstain""}，只输出JSON。","请判断这张图片中的comic books的数量。你可以：①给出数字；②回答 ""cannot_judge"" 表示无法判断；③回答 ""no_people"" 表示画面中没有可辨认的个体。以JSON格式输出：{""response"": ...}，只输出JSON。"
907.jpg,comic books,29,1,"请数出图片中的人数（人群中的每个人头或人体），不要遗漏，不要重复，以JSON格式输出：{""count"": 数量}，只输出JSON。","请数出图片中的人数（人群中的每个人头或人体）。如果你无法逐个确证，请回答 abstain，而不要猜测。以JSON格式输出：{""count"": 数量} 或 {""count"": ""abstain""}，只输出JSON。","请判断这张图片中的人数。你可以：①给出数字；②回答 ""cannot_judge"" 表示无法判断；③回答 ""no_people"" 表示画面中没有可辨认的个体。以JSON格式输出：{""response"": ...}，只输出JSON。","请数出图片中的comic books的数量（画面中每一个属于该类的个体），不要遗漏，不要重复，以JSON格式输出：{""count"": 数量}，只输出JSON。","请数出图片中的comic books的数量（画面中每一个属于该类的个体）。如果你无法逐个确证，请回答 abstain，而不要猜测。以JSON格式输出：{""count"": 数量} 或 {""count"": ""abstain""}，只输出JSON。","请判断这张图片中的comic books的数量。你可以：①给出数字；②回答 ""cannot_judge"" 表示无法判断；③回答 ""no_people"" 表示画面中没有可辨认的个体。以JSON格式输出：{""response"": ...}，只输出JSON。"
911.jpg,comic books,85,1,"请数出图片中的人数（人群中的每个人头或人体），不要遗漏，不要重复，以JSON格式输出：{""count"": 数量}，只输出JSON。","请数出图片中的人数（人群中的每个人头或人体）。如果你无法逐个确证，请回答 abstain，而不要猜测。以JSON格式输出：{""count"": 数量} 或 {""count"": ""abstain""}，只输出JSON。","请判断这张图片中的人数。你可以：①给出数字；②回答 ""cannot_judge"" 表示无法判断；③回答 ""no_people"" 表示画面中没有可辨认的个体。以JSON格式输出：{""response"": ...}，只输出JSON。","请数出图片中的comic books的数量（画面中每一个属于该类的个体），不要遗漏，不要重复，以JSON格式输出：{""count"": 数量}，只输出JSON。","请数出图片中的comic books的数量（画面中每一个属于该类的个体）。如果你无法逐个确证，请回答 abstain，而不要猜测。以JSON格式输出：{""count"": 数量} 或 {""count"": ""abstain""}，只输出JSON。","请判断这张图片中的comic books的数量。你可以：①给出数字；②回答 ""cannot_judge"" 表示无法判断；③回答 ""no_people"" 表示画面中没有可辨认的个体。以JSON格式输出：{""response"": ...}，只输出JSON。"
989.jpg,watches,69,1,"请数出图片中的人数（人群中的每个人头或人体），不要遗漏，不要重复，以JSON格式输出：{""count"": 数量}，只输出JSON。","请数出图片中的人数（人群中的每个人头或人体）。如果你无法逐个确证，请回答 abstain，而不要猜测。以JSON格式输出：{""count"": 数量} 或 {""count"": ""abstain""}，只输出JSON。","请判断这张图片中的人数。你可以：①给出数字；②回答 ""cannot_judge"" 表示无法判断；③回答 ""no_people"" 表示画面中没有可辨认的个体。以JSON格式输出：{""response"": ...}，只输出JSON。","请数出图片中的watches的数量（画面中每一个属于该类的个体），不要遗漏，不要重复，以JSON格式输出：{""count"": 数量}，只输出JSON。","请数出图片中的watches的数量（画面中每一个属于该类的个体）。如果你无法逐个确证，请回答 abstain，而不要猜测。以JSON格式输出：{""count"": 数量} 或 {""count"": ""abstain""}，只输出JSON。","请判断这张图片中的watches的数量。你可以：①给出数字；②回答 ""cannot_judge"" 表示无法判断；③回答 ""no_people"" 表示画面中没有可辨认的个体。以JSON格式输出：{""response"": ...}，只输出JSON。"
993.jpg,watches,17,1,"请数出图片中的人数（人群中的每个人头或人体），不要遗漏，不要重复，以JSON格式输出：{""count"": 数量}，只输出JSON。","请数出图片中的人数（人群中的每个人头或人体）。如果你无法逐个确证，请回答 abstain，而不要猜测。以JSON格式输出：{""count"": 数量} 或 {""count"": ""abstain""}，只输出JSON。","请判断这张图片中的人数。你可以：①给出数字；②回答 ""cannot_judge"" 表示无法判断；③回答 ""no_people"" 表示画面中没有可辨认的个体。以JSON格式输出：{""response"": ...}，只输出JSON。","请数出图片中的watches的数量（画面中每一个属于该类的个体），不要遗漏，不要重复，以JSON格式输出：{""count"": 数量}，只输出JSON。","请数出图片中的watches的数量（画面中每一个属于该类的个体）。如果你无法逐个确证，请回答 abstain，而不要猜测。以JSON格式输出：{""count"": 数量} 或 {""count"": ""abstain""}，只输出JSON。","请判断这张图片中的watches的数量。你可以：①给出数字；②回答 ""cannot_judge"" 表示无法判断；③回答 ""no_people"" 表示画面中没有可辨认的个体。以JSON格式输出：{""response"": ...}，只输出JSON。"
998.jpg,watches,24,1,"请数出图片中的人数（人群中的每个人头或人体），不要遗漏，不要重复，以JSON格式输出：{""count"": 数量}，只输出JSON。","请数出图片中的人数（人群中的每个人头或人体）。如果你无法逐个确证，请回答 abstain，而不要猜测。以JSON格式输出：{""count"": 数量} 或 {""count"": ""abstain""}，只输出JSON。","请判断这张图片中的人数。你可以：①给出数字；②回答 ""cannot_judge"" 表示无法判断；③回答 ""no_people"" 表示画面中没有可辨认的个体。以JSON格式输出：{""response"": ...}，只输出JSON。","请数出图片中的watches的数量（画面中每一个属于该类的个体），不要遗漏，不要重复，以JSON格式输出：{""count"": 数量}，只输出JSON。","请数出图片中的watches的数量（画面中每一个属于该类的个体）。如果你无法逐个确证，请回答 abstain，而不要猜测。以JSON格式输出：{""count"": 数量} 或 {""count"": ""abstain""}，只输出JSON。","请判断这张图片中的watches的数量。你可以：①给出数字；②回答 ""cannot_judge"" 表示无法判断；③回答 ""no_people"" 表示画面中没有可辨认的个体。以JSON格式输出：{""response"": ...}，只输出JSON。"
1053.jpg,sheep,207,1,"请数出图片中的人数（人群中的每个人头或人体），不要遗漏，不要重复，以JSON格式输出：{""count"": 数量}，只输出JSON。","请数出图片中的人数（人群中的每个人头或人体）。如果你无法逐个确证，请回答 abstain，而不要猜测。以JSON格式输出：{""count"": 数量} 或 {""count"": ""abstain""}，只输出JSON。","请判断这张图片中的人数。你可以：①给出数字；②回答 ""cannot_judge"" 表示无法判断；③回答 ""no_people"" 表示画面中没有可辨认的个体。以JSON格式输出：{""response"": ...}，只输出JSON。","请数出图片中的sheep的数量（画面中每一个属于该类的个体），不要遗漏，不要重复，以JSON格式输出：{""count"": 数量}，只输出JSON。","请数出图片中的sheep的数量（画面中每一个属于该类的个体）。如果你无法逐个确证，请回答 abstain，而不要猜测。以JSON格式输出：{""count"": 数量} 或 {""count"": ""abstain""}，只输出JSON。","请判断这张图片中的sheep的数量。你可以：①给出数字；②回答 ""cannot_judge"" 表示无法判断；③回答 ""no_people"" 表示画面中没有可辨认的个体。以JSON格式输出：{""response"": ...}，只输出JSON。"
1123.jpg,markers,3701,1,"请数出图片中的人数（人群中的每个人头或人体），不要遗漏，不要重复，以JSON格式输出：{""count"": 数量}，只输出JSON。","请数出图片中的人数（人群中的每个人头或人体）。如果你无法逐个确证，请回答 abstain，而不要猜测。以JSON格式输出：{""count"": 数量} 或 {""count"": ""abstain""}，只输出JSON。","请判断这张图片中的人数。你可以：①给出数字；②回答 ""cannot_judge"" 表示无法判断；③回答 ""no_people"" 表示画面中没有可辨认的个体。以JSON格式输出：{""response"": ...}，只输出JSON。","请数出图片中的markers的数量（画面中每一个属于该类的个体），不要遗漏，不要重复，以JSON格式输出：{""count"": 数量}，只输出JSON。","请数出图片中的markers的数量（画面中每一个属于该类的个体）。如果你无法逐个确证，请回答 abstain，而不要猜测。以JSON格式输出：{""count"": 数量} 或 {""count"": ""abstain""}，只输出JSON。","请判断这张图片中的markers的数量。你可以：①给出数字；②回答 ""cannot_judge"" 表示无法判断；③回答 ""no_people"" 表示画面中没有可辨认的个体。以JSON格式输出：{""response"": ...}，只输出JSON。"
1456.jpg,keyboard keys,184,1,"请数出图片中的人数（人群中的每个人头或人体），不要遗漏，不要重复，以JSON格式输出：{""count"": 数量}，只输出JSON。","请数出图片中的人数（人群中的每个人头或人体）。如果你无法逐个确证，请回答 abstain，而不要猜测。以JSON格式输出：{""count"": 数量} 或 {""count"": ""abstain""}，只输出JSON。","请判断这张图片中的人数。你可以：①给出数字；②回答 ""cannot_judge"" 表示无法判断；③回答 ""no_people"" 表示画面中没有可辨认的个体。以JSON格式输出：{""response"": ...}，只输出JSON。","请数出图片中的keyboard keys的数量（画面中每一个属于该类的个体），不要遗漏，不要重复，以JSON格式输出：{""count"": 数量}，只输出JSON。","请数出图片中的keyboard keys的数量（画面中每一个属于该类的个体）。如果你无法逐个确证，请回答 abstain，而不要猜测。以JSON格式输出：{""count"": 数量} 或 {""count"": ""abstain""}，只输出JSON。","请判断这张图片中的keyboard keys的数量。你可以：①给出数字；②回答 ""cannot_judge"" 表示无法判断；③回答 ""no_people"" 表示画面中没有可辨认的个体。以JSON格式输出：{""response"": ...}，只输出JSON。"
1462.jpg,keyboard keys,409,1,"请数出图片中的人数（人群中的每个人头或人体），不要遗漏，不要重复，以JSON格式输出：{""count"": 数量}，只输出JSON。","请数出图片中的人数（人群中的每个人头或人体）。如果你无法逐个确证，请回答 abstain，而不要猜测。以JSON格式输出：{""count"": 数量} 或 {""count"": ""abstain""}，只输出JSON。","请判断这张图片中的人数。你可以：①给出数字；②回答 ""cannot_judge"" 表示无法判断；③回答 ""no_people"" 表示画面中没有可辨认的个体。以JSON格式输出：{""response"": ...}，只输出JSON。","请数出图片中的keyboard keys的数量（画面中每一个属于该类的个体），不要遗漏，不要重复，以JSON格式输出：{""count"": 数量}，只输出JSON。","请数出图片中的keyboard keys的数量（画面中每一个属于该类的个体）。如果你无法逐个确证，请回答 abstain，而不要猜测。以JSON格式输出：{""count"": 数量} 或 {""count"": ""abstain""}，只输出JSON。","请判断这张图片中的keyboard keys的数量。你可以：①给出数字；②回答 ""cannot_judge"" 表示无法判断；③回答 ""no_people"" 表示画面中没有可辨认的个体。以JSON格式输出：{""response"": ...}，只输出JSON。"
1467.jpg,keyboard keys,70,1,"请数出图片中的人数（人群中的每个人头或人体），不要遗漏，不要重复，以JSON格式输出：{""count"": 数量}，只输出JSON。","请数出图片中的人数（人群中的每个人头或人体）。如果你无法逐个确证，请回答 abstain，而不要猜测。以JSON格式输出：{""count"": 数量} 或 {""count"": ""abstain""}，只输出JSON。","请判断这张图片中的人数。你可以：①给出数字；②回答 ""cannot_judge"" 表示无法判断；③回答 ""no_people"" 表示画面中没有可辨认的个体。以JSON格式输出：{""response"": ...}，只输出JSON。","请数出图片中的keyboard keys的数量（画面中每一个属于该类的个体），不要遗漏，不要重复，以JSON格式输出：{""count"": 数量}，只输出JSON。","请数出图片中的keyboard keys的数量（画面中每一个属于该类的个体）。如果你无法逐个确证，请回答 abstain，而不要猜测。以JSON格式输出：{""count"": 数量} 或 {""count"": ""abstain""}，只输出JSON。","请判断这张图片中的keyboard keys的数量。你可以：①给出数字；②回答 ""cannot_judge"" 表示无法判断；③回答 ""no_people"" 表示画面中没有可辨认的个体。以JSON格式输出：{""response"": ...}，只输出JSON。"
1509.jpg,keyboard keys,50,1,"请数出图片中的人数（人群中的每个人头或人体），不要遗漏，不要重复，以JSON格式输出：{""count"": 数量}，只输出JSON。","请数出图片中的人数（人群中的每个人头或人体）。如果你无法逐个确证，请回答 abstain，而不要猜测。以JSON格式输出：{""count"": 数量} 或 {""count"": ""abstain""}，只输出JSON。","请判断这张图片中的人数。你可以：①给出数字；②回答 ""cannot_judge"" 表示无法判断；③回答 ""no_people"" 表示画面中没有可辨认的个体。以JSON格式输出：{""response"": ...}，只输出JSON。","请数出图片中的keyboard keys的数量（画面中每一个属于该类的个体），不要遗漏，不要重复，以JSON格式输出：{""count"": 数量}，只输出JSON。","请数出图片中的keyboard keys的数量（画面中每一个属于该类的个体）。如果你无法逐个确证，请回答 abstain，而不要猜测。以JSON格式输出：{""count"": 数量} 或 {""count"": ""abstain""}，只输出JSON。","请判断这张图片中的keyboard keys的数量。你可以：①给出数字；②回答 ""cannot_judge"" 表示无法判断；③回答 ""no_people"" 表示画面中没有可辨认的个体。以JSON格式输出：{""response"": ...}，只输出JSON。"
1873.jpg,elephants,12,1,"请数出图片中的人数（人群中的每个人头或人体），不要遗漏，不要重复，以JSON格式输出：{""count"": 数量}，只输出JSON。","请数出图片中的人数（人群中的每个人头或人体）。如果你无法逐个确证，请回答 abstain，而不要猜测。以JSON格式输出：{""count"": 数量} 或 {""count"": ""abstain""}，只输出JSON。","请判断这张图片中的人数。你可以：①给出数字；②回答 ""cannot_judge"" 表示无法判断；③回答 ""no_people"" 表示画面中没有可辨认的个体。以JSON格式输出：{""response"": ...}，只输出JSON。","请数出图片中的elephants的数量（画面中每一个属于该类的个体），不要遗漏，不要重复，以JSON格式输出：{""count"": 数量}，只输出JSON。","请数出图片中的elephants的数量（画面中每一个属于该类的个体）。如果你无法逐个确证，请回答 abstain，而不要猜测。以JSON格式输出：{""count"": 数量} 或 {""count"": ""abstain""}，只输出JSON。","请判断这张图片中的elephants的数量。你可以：①给出数字；②回答 ""cannot_judge"" 表示无法判断；③回答 ""no_people"" 表示画面中没有可辨认的个体。以JSON格式输出：{""response"": ...}，只输出JSON。"
1881.jpg,elephants,11,1,"请数出图片中的人数（人群中的每个人头或人体），不要遗漏，不要重复，以JSON格式输出：{""count"": 数量}，只输出JSON。","请数出图片中的人数（人群中的每个人头或人体）。如果你无法逐个确证，请回答 abstain，而不要猜测。以JSON格式输出：{""count"": 数量} 或 {""count"": ""abstain""}，只输出JSON。","请判断这张图片中的人数。你可以：①给出数字；②回答 ""cannot_judge"" 表示无法判断；③回答 ""no_people"" 表示画面中没有可辨认的个体。以JSON格式输出：{""response"": ...}，只输出JSON。","请数出图片中的elephants的数量（画面中每一个属于该类的个体），不要遗漏，不要重复，以JSON格式输出：{""count"": 数量}，只输出JSON。","请数出图片中的elephants的数量（画面中每一个属于该类的个体）。如果你无法逐个确证，请回答 abstain，而不要猜测。以JSON格式输出：{""count"": 数量} 或 {""count"": ""abstain""}，只输出JSON。","请判断这张图片中的elephants的数量。你可以：①给出数字；②回答 ""cannot_judge"" 表示无法判断；③回答 ""no_people"" 表示画面中没有可辨认的个体。以JSON格式输出：{""response"": ...}，只输出JSON。"
1887.jpg,elephants,10,1,"请数出图片中的人数（人群中的每个人头或人体），不要遗漏，不要重复，以JSON格式输出：{""count"": 数量}，只输出JSON。","请数出图片中的人数（人群中的每个人头或人体）。如果你无法逐个确证，请回答 abstain，而不要猜测。以JSON格式输出：{""count"": 数量} 或 {""count"": ""abstain""}，只输出JSON。","请判断这张图片中的人数。你可以：①给出数字；②回答 ""cannot_judge"" 表示无法判断；③回答 ""no_people"" 表示画面中没有可辨认的个体。以JSON格式输出：{""response"": ...}，只输出JSON。","请数出图片中的elephants的数量（画面中每一个属于该类的个体），不要遗漏，不要重复，以JSON格式输出：{""count"": 数量}，只输出JSON。","请数出图片中的elephants的数量（画面中每一个属于该类的个体）。如果你无法逐个确证，请回答 abstain，而不要猜测。以JSON格式输出：{""count"": 数量} 或 {""count"": ""abstain""}，只输出JSON。","请判断这张图片中的elephants的数量。你可以：①给出数字；②回答 ""cannot_judge"" 表示无法判断；③回答 ""no_people"" 表示画面中没有可辨认的个体。以JSON格式输出：{""response"": ...}，只输出JSON。"
2004.jpg,sunglasses,226,1,"请数出图片中的人数（人群中的每个人头或人体），不要遗漏，不要重复，以JSON格式输出：{""count"": 数量}，只输出JSON。","请数出图片中的人数（人群中的每个人头或人体）。如果你无法逐个确证，请回答 abstain，而不要猜测。以JSON格式输出：{""count"": 数量} 或 {""count"": ""abstain""}，只输出JSON。","请判断这张图片中的人数。你可以：①给出数字；②回答 ""cannot_judge"" 表示无法判断；③回答 ""no_people"" 表示画面中没有可辨认的个体。以JSON格式输出：{""response"": ...}，只输出JSON。","请数出图片中的sunglasses的数量（画面中每一个属于该类的个体），不要遗漏，不要重复，以JSON格式输出：{""count"": 数量}，只输出JSON。","请数出图片中的sunglasses的数量（画面中每一个属于该类的个体）。如果你无法逐个确证，请回答 abstain，而不要猜测。以JSON格式输出：{""count"": 数量} 或 {""count"": ""abstain""}，只输出JSON。","请判断这张图片中的sunglasses的数量。你可以：①给出数字；②回答 ""cannot_judge"" 表示无法判断；③回答 ""no_people"" 表示画面中没有可辨认的个体。以JSON格式输出：{""response"": ...}，只输出JSON。"
2008.jpg,sunglasses,42,1,"请数出图片中的人数（人群中的每个人头或人体），不要遗漏，不要重复，以JSON格式输出：{""count"": 数量}，只输出JSON。","请数出图片中的人数（人群中的每个人头或人体）。如果你无法逐个确证，请回答 abstain，而不要猜测。以JSON格式输出：{""count"": 数量} 或 {""count"": ""abstain""}，只输出JSON。","请判断这张图片中的人数。你可以：①给出数字；②回答 ""cannot_judge"" 表示无法判断；③回答 ""no_people"" 表示画面中没有可辨认的个体。以JSON格式输出：{""response"": ...}，只输出JSON。","请数出图片中的sunglasses的数量（画面中每一个属于该类的个体），不要遗漏，不要重复，以JSON格式输出：{""count"": 数量}，只输出JSON。","请数出图片中的sunglasses的数量（画面中每一个属于该类的个体）。如果你无法逐个确证，请回答 abstain，而不要猜测。以JSON格式输出：{""count"": 数量} 或 {""count"": ""abstain""}，只输出JSON。","请判断这张图片中的sunglasses的数量。你可以：①给出数字；②回答 ""cannot_judge"" 表示无法判断；③回答 ""no_people"" 表示画面中没有可辨认的个体。以JSON格式输出：{""response"": ...}，只输出JSON。"
2011.jpg,sunglasses,79,1,"请数出图片中的人数（人群中的每个人头或人体），不要遗漏，不要重复，以JSON格式输出：{""count"": 数量}，只输出JSON。","请数出图片中的人数（人群中的每个人头或人体）。如果你无法逐个确证，请回答 abstain，而不要猜测。以JSON格式输出：{""count"": 数量} 或 {""count"": ""abstain""}，只输出JSON。","请判断这张图片中的人数。你可以：①给出数字；②回答 ""cannot_judge"" 表示无法判断；③回答 ""no_people"" 表示画面中没有可辨认的个体。以JSON格式输出：{""response"": ...}，只输出JSON。","请数出图片中的sunglasses的数量（画面中每一个属于该类的个体），不要遗漏，不要重复，以JSON格式输出：{""count"": 数量}，只输出JSON。","请数出图片中的sunglasses的数量（画面中每一个属于该类的个体）。如果你无法逐个确证，请回答 abstain，而不要猜测。以JSON格式输出：{""count"": 数量} 或 {""count"": ""abstain""}，只输出JSON。","请判断这张图片中的sunglasses的数量。你可以：①给出数字；②回答 ""cannot_judge"" 表示无法判断；③回答 ""no_people"" 表示画面中没有可辨认的个体。以JSON格式输出：{""response"": ...}，只输出JSON。"
2014.jpg,sunglasses,18,1,"请数出图片中的人数（人群中的每个人头或人体），不要遗漏，不要重复，以JSON格式输出：{""count"": 数量}，只输出JSON。","请数出图片中的人数（人群中的每个人头或人体）。如果你无法逐个确证，请回答 abstain，而不要猜测。以JSON格式输出：{""count"": 数量} 或 {""count"": ""abstain""}，只输出JSON。","请判断这张图片中的人数。你可以：①给出数字；②回答 ""cannot_judge"" 表示无法判断；③回答 ""no_people"" 表示画面中没有可辨认的个体。以JSON格式输出：{""response"": ...}，只输出JSON。","请数出图片中的sunglasses的数量（画面中每一个属于该类的个体），不要遗漏，不要重复，以JSON格式输出：{""count"": 数量}，只输出JSON。","请数出图片中的sunglasses的数量（画面中每一个属于该类的个体）。如果你无法逐个确证，请回答 abstain，而不要猜测。以JSON格式输出：{""count"": 数量} 或 {""count"": ""abstain""}，只输出JSON。","请判断这张图片中的sunglasses的数量。你可以：①给出数字；②回答 ""cannot_judge"" 表示无法判断；③回答 ""no_people"" 表示画面中没有可辨认的个体。以JSON格式输出：{""response"": ...}，只输出JSON。"
2017.jpg,sunglasses,104,1,"请数出图片中的人数（人群中的每个人头或人体），不要遗漏，不要重复，以JSON格式输出：{""count"": 数量}，只输出JSON。","请数出图片中的人数（人群中的每个人头或人体）。如果你无法逐个确证，请回答 abstain，而不要猜测。以JSON格式输出：{""count"": 数量} 或 {""count"": ""abstain""}，只输出JSON。","请判断这张图片中的人数。你可以：①给出数字；②回答 ""cannot_judge"" 表示无法判断；③回答 ""no_people"" 表示画面中没有可辨认的个体。以JSON格式输出：{""response"": ...}，只输出JSON。","请数出图片中的sunglasses的数量（画面中每一个属于该类的个体），不要遗漏，不要重复，以JSON格式输出：{""count"": 数量}，只输出JSON。","请数出图片中的sunglasses的数量（画面中每一个属于该类的个体）。如果你无法逐个确证，请回答 abstain，而不要猜测。以JSON格式输出：{""count"": 数量} 或 {""count"": ""abstain""}，只输出JSON。","请判断这张图片中的sunglasses的数量。你可以：①给出数字；②回答 ""cannot_judge"" 表示无法判断；③回答 ""no_people"" 表示画面中没有可辨认的个体。以JSON格式输出：{""response"": ...}，只输出JSON。"
2020.jpg,sunglasses,36,1,"请数出图片中的人数（人群中的每个人头或人体），不要遗漏，不要重复，以JSON格式输出：{""count"": 数量}，只输出JSON。","请数出图片中的人数（人群中的每个人头或人体）。如果你无法逐个确证，请回答 abstain，而不要猜测。以JSON格式输出：{""count"": 数量} 或 {""count"": ""abstain""}，只输出JSON。","请判断这张图片中的人数。你可以：①给出数字；②回答 ""cannot_judge"" 表示无法判断；③回答 ""no_people"" 表示画面中没有可辨认的个体。以JSON格式输出：{""response"": ...}，只输出JSON。","请数出图片中的sunglasses的数量（画面中每一个属于该类的个体），不要遗漏，不要重复，以JSON格式输出：{""count"": 数量}，只输出JSON。","请数出图片中的sunglasses的数量（画面中每一个属于该类的个体）。如果你无法逐个确证，请回答 abstain，而不要猜测。以JSON格式输出：{""count"": 数量} 或 {""count"": ""abstain""}，只输出JSON。","请判断这张图片中的sunglasses的数量。你可以：①给出数字；②回答 ""cannot_judge"" 表示无法判断；③回答 ""no_people"" 表示画面中没有可辨认的个体。以JSON格式输出：{""response"": ...}，只输出JSON。"
2026.jpg,sunglasses,16,1,"请数出图片中的人数（人群中的每个人头或人体），不要遗漏，不要重复，以JSON格式输出：{""count"": 数量}，只输出JSON。","请数出图片中的人数（人群中的每个人头或人体）。如果你无法逐个确证，请回答 abstain，而不要猜测。以JSON格式输出：{""count"": 数量} 或 {""count"": ""abstain""}，只输出JSON。","请判断这张图片中的人数。你可以：①给出数字；②回答 ""cannot_judge"" 表示无法判断；③回答 ""no_people"" 表示画面中没有可辨认的个体。以JSON格式输出：{""response"": ...}，只输出JSON。","请数出图片中的sunglasses的数量（画面中每一个属于该类的个体），不要遗漏，不要重复，以JSON格式输出：{""count"": 数量}，只输出JSON。","请数出图片中的sunglasses的数量（画面中每一个属于该类的个体）。如果你无法逐个确证，请回答 abstain，而不要猜测。以JSON格式输出：{""count"": 数量} 或 {""count"": ""abstain""}，只输出JSON。","请判断这张图片中的sunglasses的数量。你可以：①给出数字；②回答 ""cannot_judge"" 表示无法判断；③回答 ""no_people"" 表示画面中没有可辨认的个体。以JSON格式输出：{""response"": ...}，只输出JSON。"
2029.jpg,sunglasses,79,1,"请数出图片中的人数（人群中的每个人头或人体），不要遗漏，不要重复，以JSON格式输出：{""count"": 数量}，只输出JSON。","请数出图片中的人数（人群中的每个人头或人体）。如果你无法逐个确证，请回答 abstain，而不要猜测。以JSON格式输出：{""count"": 数量} 或 {""count"": ""abstain""}，只输出JSON。","请判断这张图片中的人数。你可以：①给出数字；②回答 ""cannot_judge"" 表示无法判断；③回答 ""no_people"" 表示画面中没有可辨认的个体。以JSON格式输出：{""response"": ...}，只输出JSON。","请数出图片中的sunglasses的数量（画面中每一个属于该类的个体），不要遗漏，不要重复，以JSON格式输出：{""count"": 数量}，只输出JSON。","请数出图片中的sunglasses的数量（画面中每一个属于该类的个体）。如果你无法逐个确证，请回答 abstain，而不要猜测。以JSON格式输出：{""count"": 数量} 或 {""count"": ""abstain""}，只输出JSON。","请判断这张图片中的sunglasses的数量。你可以：①给出数字；②回答 ""cannot_judge"" 表示无法判断；③回答 ""no_people"" 表示画面中没有可辨认的个体。以JSON格式输出：{""response"": ...}，只输出JSON。"
2032.jpg,sunglasses,12,1,"请数出图片中的人数（人群中的每个人头或人体），不要遗漏，不要重复，以JSON格式输出：{""count"": 数量}，只输出JSON。","请数出图片中的人数（人群中的每个人头或人体）。如果你无法逐个确证，请回答 abstain，而不要猜测。以JSON格式输出：{""count"": 数量} 或 {""count"": ""abstain""}，只输出JSON。","请判断这张图片中的人数。你可以：①给出数字；②回答 ""cannot_judge"" 表示无法判断；③回答 ""no_people"" 表示画面中没有可辨认的个体。以JSON格式输出：{""response"": ...}，只输出JSON。","请数出图片中的sunglasses的数量（画面中每一个属于该类的个体），不要遗漏，不要重复，以JSON格式输出：{""count"": 数量}，只输出JSON。","请数出图片中的sunglasses的数量（画面中每一个属于该类的个体）。如果你无法逐个确证，请回答 abstain，而不要猜测。以JSON格式输出：{""count"": 数量} 或 {""count"": ""abstain""}，只输出JSON。","请判断这张图片中的sunglasses的数量。你可以：①给出数字；②回答 ""cannot_judge"" 表示无法判断；③回答 ""no_people"" 表示画面中没有可辨认的个体。以JSON格式输出：{""response"": ...}，只输出JSON。"
2036.jpg,sunglasses,27,1,"请数出图片中的人数（人群中的每个人头或人体），不要遗漏，不要重复，以JSON格式输出：{""count"": 数量}，只输出JSON。","请数出图片中的人数（人群中的每个人头或人体）。如果你无法逐个确证，请回答 abstain，而不要猜测。以JSON格式输出：{""count"": 数量} 或 {""count"": ""abstain""}，只输出JSON。","请判断这张图片中的人数。你可以：①给出数字；②回答 ""cannot_judge"" 表示无法判断；③回答 ""no_people"" 表示画面中没有可辨认的个体。以JSON格式输出：{""response"": ...}，只输出JSON。","请数出图片中的sunglasses的数量（画面中每一个属于该类的个体），不要遗漏，不要重复，以JSON格式输出：{""count"": 数量}，只输出JSON。","请数出图片中的sunglasses的数量（画面中每一个属于该类的个体）。如果你无法逐个确证，请回答 abstain，而不要猜测。以JSON格式输出：{""count"": 数量} 或 {""count"": ""abstain""}，只输出JSON。","请判断这张图片中的sunglasses的数量。你可以：①给出数字；②回答 ""cannot_judge"" 表示无法判断；③回答 ""no_people"" 表示画面中没有可辨认的个体。以JSON格式输出：{""response"": ...}，只输出JSON。"
2039.jpg,sunglasses,81,1,"请数出图片中的人数（人群中的每个人头或人体），不要遗漏，不要重复，以JSON格式输出：{""count"": 数量}，只输出JSON。","请数出图片中的人数（人群中的每个人头或人体）。如果你无法逐个确证，请回答 abstain，而不要猜测。以JSON格式输出：{""count"": 数量} 或 {""count"": ""abstain""}，只输出JSON。","请判断这张图片中的人数。你可以：①给出数字；②回答 ""cannot_judge"" 表示无法判断；③回答 ""no_people"" 表示画面中没有可辨认的个体。以JSON格式输出：{""response"": ...}，只输出JSON。","请数出图片中的sunglasses的数量（画面中每一个属于该类的个体），不要遗漏，不要重复，以JSON格式输出：{""count"": 数量}，只输出JSON。","请数出图片中的sunglasses的数量（画面中每一个属于该类的个体）。如果你无法逐个确证，请回答 abstain，而不要猜测。以JSON格式输出：{""count"": 数量} 或 {""count"": ""abstain""}，只输出JSON。","请判断这张图片中的sunglasses的数量。你可以：①给出数字；②回答 ""cannot_judge"" 表示无法判断；③回答 ""no_people"" 表示画面中没有可辨认的个体。以JSON格式输出：{""response"": ...}，只输出JSON。"
2042.jpg,sunglasses,81,1,"请数出图片中的人数（人群中的每个人头或人体），不要遗漏，不要重复，以JSON格式输出：{""count"": 数量}，只输出JSON。","请数出图片中的人数（人群中的每个人头或人体）。如果你无法逐个确证，请回答 abstain，而不要猜测。以JSON格式输出：{""count"": 数量} 或 {""count"": ""abstain""}，只输出JSON。","请判断这张图片中的人数。你可以：①给出数字；②回答 ""cannot_judge"" 表示无法判断；③回答 ""no_people"" 表示画面中没有可辨认的个体。以JSON格式输出：{""response"": ...}，只输出JSON。","请数出图片中的sunglasses的数量（画面中每一个属于该类的个体），不要遗漏，不要重复，以JSON格式输出：{""count"": 数量}，只输出JSON。","请数出图片中的sunglasses的数量（画面中每一个属于该类的个体）。如果你无法逐个确证，请回答 abstain，而不要猜测。以JSON格式输出：{""count"": 数量} 或 {""count"": ""abstain""}，只输出JSON。","请判断这张图片中的sunglasses的数量。你可以：①给出数字；②回答 ""cannot_judge"" 表示无法判断；③回答 ""no_people"" 表示画面中没有可辨认的个体。以JSON格式输出：{""response"": ...}，只输出JSON。"
2045.jpg,sunglasses,22,1,"请数出图片中的人数（人群中的每个人头或人体），不要遗漏，不要重复，以JSON格式输出：{""count"": 数量}，只输出JSON。","请数出图片中的人数（人群中的每个人头或人体）。如果你无法逐个确证，请回答 abstain，而不要猜测。以JSON格式输出：{""count"": 数量} 或 {""count"": ""abstain""}，只输出JSON。","请判断这张图片中的人数。你可以：①给出数字；②回答 ""cannot_judge"" 表示无法判断；③回答 ""no_people"" 表示画面中没有可辨认的个体。以JSON格式输出：{""response"": ...}，只输出JSON。","请数出图片中的sunglasses的数量（画面中每一个属于该类的个体），不要遗漏，不要重复，以JSON格式输出：{""count"": 数量}，只输出JSON。","请数出图片中的sunglasses的数量（画面中每一个属于该类的个体）。如果你无法逐个确证，请回答 abstain，而不要猜测。以JSON格式输出：{""count"": 数量} 或 {""count"": ""abstain""}，只输出JSON。","请判断这张图片中的sunglasses的数量。你可以：①给出数字；②回答 ""cannot_judge"" 表示无法判断；③回答 ""no_people"" 表示画面中没有可辨认的个体。以JSON格式输出：{""response"": ...}，只输出JSON。"
2048.jpg,sunglasses,43,1,"请数出图片中的人数（人群中的每个人头或人体），不要遗漏，不要重复，以JSON格式输出：{""count"": 数量}，只输出JSON。","请数出图片中的人数（人群中的每个人头或人体）。如果你无法逐个确证，请回答 abstain，而不要猜测。以JSON格式输出：{""count"": 数量} 或 {""count"": ""abstain""}，只输出JSON。","请判断这张图片中的人数。你可以：①给出数字；②回答 ""cannot_judge"" 表示无法判断；③回答 ""no_people"" 表示画面中没有可辨认的个体。以JSON格式输出：{""response"": ...}，只输出JSON。","请数出图片中的sunglasses的数量（画面中每一个属于该类的个体），不要遗漏，不要重复，以JSON格式输出：{""count"": 数量}，只输出JSON。","请数出图片中的sunglasses的数量（画面中每一个属于该类的个体）。如果你无法逐个确证，请回答 abstain，而不要猜测。以JSON格式输出：{""count"": 数量} 或 {""count"": ""abstain""}，只输出JSON。","请判断这张图片中的sunglasses的数量。你可以：①给出数字；②回答 ""cannot_judge"" 表示无法判断；③回答 ""no_people"" 表示画面中没有可辨认的个体。以JSON格式输出：{""response"": ...}，只输出JSON。"
2052.jpg,sunglasses,8,1,"请数出图片中的人数（人群中的每个人头或人体），不要遗漏，不要重复，以JSON格式输出：{""count"": 数量}，只输出JSON。","请数出图片中的人数（人群中的每个人头或人体）。如果你无法逐个确证，请回答 abstain，而不要猜测。以JSON格式输出：{""count"": 数量} 或 {""count"": ""abstain""}，只输出JSON。","请判断这张图片中的人数。你可以：①给出数字；②回答 ""cannot_judge"" 表示无法判断；③回答 ""no_people"" 表示画面中没有可辨认的个体。以JSON格式输出：{""response"": ...}，只输出JSON。","请数出图片中的sunglasses的数量（画面中每一个属于该类的个体），不要遗漏，不要重复，以JSON格式输出：{""count"": 数量}，只输出JSON。","请数出图片中的sunglasses的数量（画面中每一个属于该类的个体）。如果你无法逐个确证，请回答 abstain，而不要猜测。以JSON格式输出：{""count"": 数量} 或 {""count"": ""abstain""}，只输出JSON。","请判断这张图片中的sunglasses的数量。你可以：①给出数字；②回答 ""cannot_judge"" 表示无法判断；③回答 ""no_people"" 表示画面中没有可辨认的个体。以JSON格式输出：{""response"": ...}，只输出JSON。"
2138.jpg,apples,29,1,"请数出图片中的人数（人群中的每个人头或人体），不要遗漏，不要重复，以JSON格式输出：{""count"": 数量}，只输出JSON。","请数出图片中的人数（人群中的每个人头或人体）。如果你无法逐个确证，请回答 abstain，而不要猜测。以JSON格式输出：{""count"": 数量} 或 {""count"": ""abstain""}，只输出JSON。","请判断这张图片中的人数。你可以：①给出数字；②回答 ""cannot_judge"" 表示无法判断；③回答 ""no_people"" 表示画面中没有可辨认的个体。以JSON格式输出：{""response"": ...}，只输出JSON。","请数出图片中的apples的数量（画面中每一个属于该类的个体），不要遗漏，不要重复，以JSON格式输出：{""count"": 数量}，只输出JSON。","请数出图片中的apples的数量（画面中每一个属于该类的个体）。如果你无法逐个确证，请回答 abstain，而不要猜测。以JSON格式输出：{""count"": 数量} 或 {""count"": ""abstain""}，只输出JSON。","请判断这张图片中的apples的数量。你可以：①给出数字；②回答 ""cannot_judge"" 表示无法判断；③回答 ""no_people"" 表示画面中没有可辨认的个体。以JSON格式输出：{""response"": ...}，只输出JSON。"
2141.jpg,apples,11,1,"请数出图片中的人数（人群中的每个人头或人体），不要遗漏，不要重复，以JSON格式输出：{""count"": 数量}，只输出JSON。","请数出图片中的人数（人群中的每个人头或人体）。如果你无法逐个确证，请回答 abstain，而不要猜测。以JSON格式输出：{""count"": 数量} 或 {""count"": ""abstain""}，只输出JSON。","请判断这张图片中的人数。你可以：①给出数字；②回答 ""cannot_judge"" 表示无法判断；③回答 ""no_people"" 表示画面中没有可辨认的个体。以JSON格式输出：{""response"": ...}，只输出JSON。","请数出图片中的apples的数量（画面中每一个属于该类的个体），不要遗漏，不要重复，以JSON格式输出：{""count"": 数量}，只输出JSON。","请数出图片中的apples的数量（画面中每一个属于该类的个体）。如果你无法逐个确证，请回答 abstain，而不要猜测。以JSON格式输出：{""count"": 数量} 或 {""count"": ""abstain""}，只输出JSON。","请判断这张图片中的apples的数量。你可以：①给出数字；②回答 ""cannot_judge"" 表示无法判断；③回答 ""no_people"" 表示画面中没有可辨认的个体。以JSON格式输出：{""response"": ...}，只输出JSON。"
2145.jpg,apples,14,1,"请数出图片中的人数（人群中的每个人头或人体），不要遗漏，不要重复，以JSON格式输出：{""count"": 数量}，只输出JSON。","请数出图片中的人数（人群中的每个人头或人体）。如果你无法逐个确证，请回答 abstain，而不要猜测。以JSON格式输出：{""count"": 数量} 或 {""count"": ""abstain""}，只输出JSON。","请判断这张图片中的人数。你可以：①给出数字；②回答 ""cannot_judge"" 表示无法判断；③回答 ""no_people"" 表示画面中没有可辨认的个体。以JSON格式输出：{""response"": ...}，只输出JSON。","请数出图片中的apples的数量（画面中每一个属于该类的个体），不要遗漏，不要重复，以JSON格式输出：{""count"": 数量}，只输出JSON。","请数出图片中的apples的数量（画面中每一个属于该类的个体）。如果你无法逐个确证，请回答 abstain，而不要猜测。以JSON格式输出：{""count"": 数量} 或 {""count"": ""abstain""}，只输出JSON。","请判断这张图片中的apples的数量。你可以：①给出数字；②回答 ""cannot_judge"" 表示无法判断；③回答 ""no_people"" 表示画面中没有可辨认的个体。以JSON格式输出：{""response"": ...}，只输出JSON。"
2150.jpg,apples,9,1,"请数出图片中的人数（人群中的每个人头或人体），不要遗漏，不要重复，以JSON格式输出：{""count"": 数量}，只输出JSON。","请数出图片中的人数（人群中的每个人头或人体）。如果你无法逐个确证，请回答 abstain，而不要猜测。以JSON格式输出：{""count"": 数量} 或 {""count"": ""abstain""}，只输出JSON。","请判断这张图片中的人数。你可以：①给出数字；②回答 ""cannot_judge"" 表示无法判断；③回答 ""no_people"" 表示画面中没有可辨认的个体。以JSON格式输出：{""response"": ...}，只输出JSON。","请数出图片中的apples的数量（画面中每一个属于该类的个体），不要遗漏，不要重复，以JSON格式输出：{""count"": 数量}，只输出JSON。","请数出图片中的apples的数量（画面中每一个属于该类的个体）。如果你无法逐个确证，请回答 abstain，而不要猜测。以JSON格式输出：{""count"": 数量} 或 {""count"": ""abstain""}，只输出JSON。","请判断这张图片中的apples的数量。你可以：①给出数字；②回答 ""cannot_judge"" 表示无法判断；③回答 ""no_people"" 表示画面中没有可辨认的个体。以JSON格式输出：{""response"": ...}，只输出JSON。"
2153.jpg,apples,12,1,"请数出图片中的人数（人群中的每个人头或人体），不要遗漏，不要重复，以JSON格式输出：{""count"": 数量}，只输出JSON。","请数出图片中的人数（人群中的每个人头或人体）。如果你无法逐个确证，请回答 abstain，而不要猜测。以JSON格式输出：{""count"": 数量} 或 {""count"": ""abstain""}，只输出JSON。","请判断这张图片中的人数。你可以：①给出数字；②回答 ""cannot_judge"" 表示无法判断；③回答 ""no_people"" 表示画面中没有可辨认的个体。以JSON格式输出：{""response"": ...}，只输出JSON。","请数出图片中的apples的数量（画面中每一个属于该类的个体），不要遗漏，不要重复，以JSON格式输出：{""count"": 数量}，只输出JSON。","请数出图片中的apples的数量（画面中每一个属于该类的个体）。如果你无法逐个确证，请回答 abstain，而不要猜测。以JSON格式输出：{""count"": 数量} 或 {""count"": ""abstain""}，只输出JSON。","请判断这张图片中的apples的数量。你可以：①给出数字；②回答 ""cannot_judge"" 表示无法判断；③回答 ""no_people"" 表示画面中没有可辨认的个体。以JSON格式输出：{""response"": ...}，只输出JSON。"
2157.jpg,apples,116,1,"请数出图片中的人数（人群中的每个人头或人体），不要遗漏，不要重复，以JSON格式输出：{""count"": 数量}，只输出JSON。","请数出图片中的人数（人群中的每个人头或人体）。如果你无法逐个确证，请回答 abstain，而不要猜测。以JSON格式输出：{""count"": 数量} 或 {""count"": ""abstain""}，只输出JSON。","请判断这张图片中的人数。你可以：①给出数字；②回答 ""cannot_judge"" 表示无法判断；③回答 ""no_people"" 表示画面中没有可辨认的个体。以JSON格式输出：{""response"": ...}，只输出JSON。","请数出图片中的apples的数量（画面中每一个属于该类的个体），不要遗漏，不要重复，以JSON格式输出：{""count"": 数量}，只输出JSON。","请数出图片中的apples的数量（画面中每一个属于该类的个体）。如果你无法逐个确证，请回答 abstain，而不要猜测。以JSON格式输出：{""count"": 数量} 或 {""count"": ""abstain""}，只输出JSON。","请判断这张图片中的apples的数量。你可以：①给出数字；②回答 ""cannot_judge"" 表示无法判断；③回答 ""no_people"" 表示画面中没有可辨认的个体。以JSON格式输出：{""response"": ...}，只输出JSON。"
2163.jpg,apples,13,1,"请数出图片中的人数（人群中的每个人头或人体），不要遗漏，不要重复，以JSON格式输出：{""count"": 数量}，只输出JSON。","请数出图片中的人数（人群中的每个人头或人体）。如果你无法逐个确证，请回答 abstain，而不要猜测。以JSON格式输出：{""count"": 数量} 或 {""count"": ""abstain""}，只输出JSON。","请判断这张图片中的人数。你可以：①给出数字；②回答 ""cannot_judge"" 表示无法判断；③回答 ""no_people"" 表示画面中没有可辨认的个体。以JSON格式输出：{""response"": ...}，只输出JSON。","请数出图片中的apples的数量（画面中每一个属于该类的个体），不要遗漏，不要重复，以JSON格式输出：{""count"": 数量}，只输出JSON。","请数出图片中的apples的数量（画面中每一个属于该类的个体）。如果你无法逐个确证，请回答 abstain，而不要猜测。以JSON格式输出：{""count"": 数量} 或 {""count"": ""abstain""}，只输出JSON。","请判断这张图片中的apples的数量。你可以：①给出数字；②回答 ""cannot_judge"" 表示无法判断；③回答 ""no_people"" 表示画面中没有可辨认的个体。以JSON格式输出：{""response"": ...}，只输出JSON。"
2166.jpg,apples,119,1,"请数出图片中的人数（人群中的每个人头或人体），不要遗漏，不要重复，以JSON格式输出：{""count"": 数量}，只输出JSON。","请数出图片中的人数（人群中的每个人头或人体）。如果你无法逐个确证，请回答 abstain，而不要猜测。以JSON格式输出：{""count"": 数量} 或 {""count"": ""abstain""}，只输出JSON。","请判断这张图片中的人数。你可以：①给出数字；②回答 ""cannot_judge"" 表示无法判断；③回答 ""no_people"" 表示画面中没有可辨认的个体。以JSON格式输出：{""response"": ...}，只输出JSON。","请数出图片中的apples的数量（画面中每一个属于该类的个体），不要遗漏，不要重复，以JSON格式输出：{""count"": 数量}，只输出JSON。","请数出图片中的apples的数量（画面中每一个属于该类的个体）。如果你无法逐个确证，请回答 abstain，而不要猜测。以JSON格式输出：{""count"": 数量} 或 {""count"": ""abstain""}，只输出JSON。","请判断这张图片中的apples的数量。你可以：①给出数字；②回答 ""cannot_judge"" 表示无法判断；③回答 ""no_people"" 表示画面中没有可辨认的个体。以JSON格式输出：{""response"": ...}，只输出JSON。"
2171.jpg,apples,20,1,"请数出图片中的人数（人群中的每个人头或人体），不要遗漏，不要重复，以JSON格式输出：{""count"": 数量}，只输出JSON。","请数出图片中的人数（人群中的每个人头或人体）。如果你无法逐个确证，请回答 abstain，而不要猜测。以JSON格式输出：{""count"": 数量} 或 {""count"": ""abstain""}，只输出JSON。","请判断这张图片中的人数。你可以：①给出数字；②回答 ""cannot_judge"" 表示无法判断；③回答 ""no_people"" 表示画面中没有可辨认的个体。以JSON格式输出：{""response"": ...}，只输出JSON。","请数出图片中的apples的数量（画面中每一个属于该类的个体），不要遗漏，不要重复，以JSON格式输出：{""count"": 数量}，只输出JSON。","请数出图片中的apples的数量（画面中每一个属于该类的个体）。如果你无法逐个确证，请回答 abstain，而不要猜测。以JSON格式输出：{""count"": 数量} 或 {""count"": ""abstain""}，只输出JSON。","请判断这张图片中的apples的数量。你可以：①给出数字；②回答 ""cannot_judge"" 表示无法判断；③回答 ""no_people"" 表示画面中没有可辨认的个体。以JSON格式输出：{""response"": ...}，只输出JSON。"
2174.jpg,apples,41,1,"请数出图片中的人数（人群中的每个人头或人体），不要遗漏，不要重复，以JSON格式输出：{""count"": 数量}，只输出JSON。","请数出图片中的人数（人群中的每个人头或人体）。如果你无法逐个确证，请回答 abstain，而不要猜测。以JSON格式输出：{""count"": 数量} 或 {""count"": ""abstain""}，只输出JSON。","请判断这张图片中的人数。你可以：①给出数字；②回答 ""cannot_judge"" 表示无法判断；③回答 ""no_people"" 表示画面中没有可辨认的个体。以JSON格式输出：{""response"": ...}，只输出JSON。","请数出图片中的apples的数量（画面中每一个属于该类的个体），不要遗漏，不要重复，以JSON格式输出：{""count"": 数量}，只输出JSON。","请数出图片中的apples的数量（画面中每一个属于该类的个体）。如果你无法逐个确证，请回答 abstain，而不要猜测。以JSON格式输出：{""count"": 数量} 或 {""count"": ""abstain""}，只输出JSON。","请判断这张图片中的apples的数量。你可以：①给出数字；②回答 ""cannot_judge"" 表示无法判断；③回答 ""no_people"" 表示画面中没有可辨认的个体。以JSON格式输出：{""response"": ...}，只输出JSON。"
2177.jpg,apples,27,1,"请数出图片中的人数（人群中的每个人头或人体），不要遗漏，不要重复，以JSON格式输出：{""count"": 数量}，只输出JSON。","请数出图片中的人数（人群中的每个人头或人体）。如果你无法逐个确证，请回答 abstain，而不要猜测。以JSON格式输出：{""count"": 数量} 或 {""count"": ""abstain""}，只输出JSON。","请判断这张图片中的人数。你可以：①给出数字；②回答 ""cannot_judge"" 表示无法判断；③回答 ""no_people"" 表示画面中没有可辨认的个体。以JSON格式输出：{""response"": ...}，只输出JSON。","请数出图片中的apples的数量（画面中每一个属于该类的个体），不要遗漏，不要重复，以JSON格式输出：{""count"": 数量}，只输出JSON。","请数出图片中的apples的数量（画面中每一个属于该类的个体）。如果你无法逐个确证，请回答 abstain，而不要猜测。以JSON格式输出：{""count"": 数量} 或 {""count"": ""abstain""}，只输出JSON。","请判断这张图片中的apples的数量。你可以：①给出数字；②回答 ""cannot_judge"" 表示无法判断；③回答 ""no_people"" 表示画面中没有可辨认的个体。以JSON格式输出：{""response"": ...}，只输出JSON。"
2180.jpg,apples,223,1,"请数出图片中的人数（人群中的每个人头或人体），不要遗漏，不要重复，以JSON格式输出：{""count"": 数量}，只输出JSON。","请数出图片中的人数（人群中的每个人头或人体）。如果你无法逐个确证，请回答 abstain，而不要猜测。以JSON格式输出：{""count"": 数量} 或 {""count"": ""abstain""}，只输出JSON。","请判断这张图片中的人数。你可以：①给出数字；②回答 ""cannot_judge"" 表示无法判断；③回答 ""no_people"" 表示画面中没有可辨认的个体。以JSON格式输出：{""response"": ...}，只输出JSON。","请数出图片中的apples的数量（画面中每一个属于该类的个体），不要遗漏，不要重复，以JSON格式输出：{""count"": 数量}，只输出JSON。","请数出图片中的apples的数量（画面中每一个属于该类的个体）。如果你无法逐个确证，请回答 abstain，而不要猜测。以JSON格式输出：{""count"": 数量} 或 {""count"": ""abstain""}，只输出JSON。","请判断这张图片中的apples的数量。你可以：①给出数字；②回答 ""cannot_judge"" 表示无法判断；③回答 ""no_people"" 表示画面中没有可辨认的个体。以JSON格式输出：{""response"": ...}，只输出JSON。"
2184.jpg,apples,33,1,"请数出图片中的人数（人群中的每个人头或人体），不要遗漏，不要重复，以JSON格式输出：{""count"": 数量}，只输出JSON。","请数出图片中的人数（人群中的每个人头或人体）。如果你无法逐个确证，请回答 abstain，而不要猜测。以JSON格式输出：{""count"": 数量} 或 {""count"": ""abstain""}，只输出JSON。","请判断这张图片中的人数。你可以：①给出数字；②回答 ""cannot_judge"" 表示无法判断；③回答 ""no_people"" 表示画面中没有可辨认的个体。以JSON格式输出：{""response"": ...}，只输出JSON。","请数出图片中的apples的数量（画面中每一个属于该类的个体），不要遗漏，不要重复，以JSON格式输出：{""count"": 数量}，只输出JSON。","请数出图片中的apples的数量（画面中每一个属于该类的个体）。如果你无法逐个确证，请回答 abstain，而不要猜测。以JSON格式输出：{""count"": 数量} 或 {""count"": ""abstain""}，只输出JSON。","请判断这张图片中的apples的数量。你可以：①给出数字；②回答 ""cannot_judge"" 表示无法判断；③回答 ""no_people"" 表示画面中没有可辨认的个体。以JSON格式输出：{""response"": ...}，只输出JSON。"
2191.jpg,apples,42,1,"请数出图片中的人数（人群中的每个人头或人体），不要遗漏，不要重复，以JSON格式输出：{""count"": 数量}，只输出JSON。","请数出图片中的人数（人群中的每个人头或人体）。如果你无法逐个确证，请回答 abstain，而不要猜测。以JSON格式输出：{""count"": 数量} 或 {""count"": ""abstain""}，只输出JSON。","请判断这张图片中的人数。你可以：①给出数字；②回答 ""cannot_judge"" 表示无法判断；③回答 ""no_people"" 表示画面中没有可辨认的个体。以JSON格式输出：{""response"": ...}，只输出JSON。","请数出图片中的apples的数量（画面中每一个属于该类的个体），不要遗漏，不要重复，以JSON格式输出：{""count"": 数量}，只输出JSON。","请数出图片中的apples的数量（画面中每一个属于该类的个体）。如果你无法逐个确证，请回答 abstain，而不要猜测。以JSON格式输出：{""count"": 数量} 或 {""count"": ""abstain""}，只输出JSON。","请判断这张图片中的apples的数量。你可以：①给出数字；②回答 ""cannot_judge"" 表示无法判断；③回答 ""no_people"" 表示画面中没有可辨认的个体。以JSON格式输出：{""response"": ...}，只输出JSON。"
2194.jpg,apples,38,1,"请数出图片中的人数（人群中的每个人头或人体），不要遗漏，不要重复，以JSON格式输出：{""count"": 数量}，只输出JSON。","请数出图片中的人数（人群中的每个人头或人体）。如果你无法逐个确证，请回答 abstain，而不要猜测。以JSON格式输出：{""count"": 数量} 或 {""count"": ""abstain""}，只输出JSON。","请判断这张图片中的人数。你可以：①给出数字；②回答 ""cannot_judge"" 表示无法判断；③回答 ""no_people"" 表示画面中没有可辨认的个体。以JSON格式输出：{""response"": ...}，只输出JSON。","请数出图片中的apples的数量（画面中每一个属于该类的个体），不要遗漏，不要重复，以JSON格式输出：{""count"": 数量}，只输出JSON。","请数出图片中的apples的数量（画面中每一个属于该类的个体）。如果你无法逐个确证，请回答 abstain，而不要猜测。以JSON格式输出：{""count"": 数量} 或 {""count"": ""abstain""}，只输出JSON。","请判断这张图片中的apples的数量。你可以：①给出数字；②回答 ""cannot_judge"" 表示无法判断；③回答 ""no_people"" 表示画面中没有可辨认的个体。以JSON格式输出：{""response"": ...}，只输出JSON。"
2198.jpg,apples,27,1,"请数出图片中的人数（人群中的每个人头或人体），不要遗漏，不要重复，以JSON格式输出：{""count"": 数量}，只输出JSON。","请数出图片中的人数（人群中的每个人头或人体）。如果你无法逐个确证，请回答 abstain，而不要猜测。以JSON格式输出：{""count"": 数量} 或 {""count"": ""abstain""}，只输出JSON。","请判断这张图片中的人数。你可以：①给出数字；②回答 ""cannot_judge"" 表示无法判断；③回答 ""no_people"" 表示画面中没有可辨认的个体。以JSON格式输出：{""response"": ...}，只输出JSON。","请数出图片中的apples的数量（画面中每一个属于该类的个体），不要遗漏，不要重复，以JSON格式输出：{""count"": 数量}，只输出JSON。","请数出图片中的apples的数量（画面中每一个属于该类的个体）。如果你无法逐个确证，请回答 abstain，而不要猜测。以JSON格式输出：{""count"": 数量} 或 {""count"": ""abstain""}，只输出JSON。","请判断这张图片中的apples的数量。你可以：①给出数字；②回答 ""cannot_judge"" 表示无法判断；③回答 ""no_people"" 表示画面中没有可辨认的个体。以JSON格式输出：{""response"": ...}，只输出JSON。"
2203.jpg,apples,22,1,"请数出图片中的人数（人群中的每个人头或人体），不要遗漏，不要重复，以JSON格式输出：{""count"": 数量}，只输出JSON。","请数出图片中的人数（人群中的每个人头或人体）。如果你无法逐个确证，请回答 abstain，而不要猜测。以JSON格式输出：{""count"": 数量} 或 {""count"": ""abstain""}，只输出JSON。","请判断这张图片中的人数。你可以：①给出数字；②回答 ""cannot_judge"" 表示无法判断；③回答 ""no_people"" 表示画面中没有可辨认的个体。以JSON格式输出：{""response"": ...}，只输出JSON。","请数出图片中的apples的数量（画面中每一个属于该类的个体），不要遗漏，不要重复，以JSON格式输出：{""count"": 数量}，只输出JSON。","请数出图片中的apples的数量（画面中每一个属于该类的个体）。如果你无法逐个确证，请回答 abstain，而不要猜测。以JSON格式输出：{""count"": 数量} 或 {""count"": ""abstain""}，只输出JSON。","请判断这张图片中的apples的数量。你可以：①给出数字；②回答 ""cannot_judge"" 表示无法判断；③回答 ""no_people"" 表示画面中没有可辨认的个体。以JSON格式输出：{""response"": ...}，只输出JSON。"
2207.jpg,apples,10,1,"请数出图片中的人数（人群中的每个人头或人体），不要遗漏，不要重复，以JSON格式输出：{""count"": 数量}，只输出JSON。","请数出图片中的人数（人群中的每个人头或人体）。如果你无法逐个确证，请回答 abstain，而不要猜测。以JSON格式输出：{""count"": 数量} 或 {""count"": ""abstain""}，只输出JSON。","请判断这张图片中的人数。你可以：①给出数字；②回答 ""cannot_judge"" 表示无法判断；③回答 ""no_people"" 表示画面中没有可辨认的个体。以JSON格式输出：{""response"": ...}，只输出JSON。","请数出图片中的apples的数量（画面中每一个属于该类的个体），不要遗漏，不要重复，以JSON格式输出：{""count"": 数量}，只输出JSON。","请数出图片中的apples的数量（画面中每一个属于该类的个体）。如果你无法逐个确证，请回答 abstain，而不要猜测。以JSON格式输出：{""count"": 数量} 或 {""count"": ""abstain""}，只输出JSON。","请判断这张图片中的apples的数量。你可以：①给出数字；②回答 ""cannot_judge"" 表示无法判断；③回答 ""no_people"" 表示画面中没有可辨认的个体。以JSON格式输出：{""response"": ...}，只输出JSON。"
2210.jpg,apples,41,1,"请数出图片中的人数（人群中的每个人头或人体），不要遗漏，不要重复，以JSON格式输出：{""count"": 数量}，只输出JSON。","请数出图片中的人数（人群中的每个人头或人体）。如果你无法逐个确证，请回答 abstain，而不要猜测。以JSON格式输出：{""count"": 数量} 或 {""count"": ""abstain""}，只输出JSON。","请判断这张图片中的人数。你可以：①给出数字；②回答 ""cannot_judge"" 表示无法判断；③回答 ""no_people"" 表示画面中没有可辨认的个体。以JSON格式输出：{""response"": ...}，只输出JSON。","请数出图片中的apples的数量（画面中每一个属于该类的个体），不要遗漏，不要重复，以JSON格式输出：{""count"": 数量}，只输出JSON。","请数出图片中的apples的数量（画面中每一个属于该类的个体）。如果你无法逐个确证，请回答 abstain，而不要猜测。以JSON格式输出：{""count"": 数量} 或 {""count"": ""abstain""}，只输出JSON。","请判断这张图片中的apples的数量。你可以：①给出数字；②回答 ""cannot_judge"" 表示无法判断；③回答 ""no_people"" 表示画面中没有可辨认的个体。以JSON格式输出：{""response"": ...}，只输出JSON。"
2215.jpg,apples,55,1,"请数出图片中的人数（人群中的每个人头或人体），不要遗漏，不要重复，以JSON格式输出：{""count"": 数量}，只输出JSON。","请数出图片中的人数（人群中的每个人头或人体）。如果你无法逐个确证，请回答 abstain，而不要猜测。以JSON格式输出：{""count"": 数量} 或 {""count"": ""abstain""}，只输出JSON。","请判断这张图片中的人数。你可以：①给出数字；②回答 ""cannot_judge"" 表示无法判断；③回答 ""no_people"" 表示画面中没有可辨认的个体。以JSON格式输出：{""response"": ...}，只输出JSON。","请数出图片中的apples的数量（画面中每一个属于该类的个体），不要遗漏，不要重复，以JSON格式输出：{""count"": 数量}，只输出JSON。","请数出图片中的apples的数量（画面中每一个属于该类的个体）。如果你无法逐个确证，请回答 abstain，而不要猜测。以JSON格式输出：{""count"": 数量} 或 {""count"": ""abstain""}，只输出JSON。","请判断这张图片中的apples的数量。你可以：①给出数字；②回答 ""cannot_judge"" 表示无法判断；③回答 ""no_people"" 表示画面中没有可辨认的个体。以JSON格式输出：{""response"": ...}，只输出JSON。"
2218.jpg,apples,15,1,"请数出图片中的人数（人群中的每个人头或人体），不要遗漏，不要重复，以JSON格式输出：{""count"": 数量}，只输出JSON。","请数出图片中的人数（人群中的每个人头或人体）。如果你无法逐个确证，请回答 abstain，而不要猜测。以JSON格式输出：{""count"": 数量} 或 {""count"": ""abstain""}，只输出JSON。","请判断这张图片中的人数。你可以：①给出数字；②回答 ""cannot_judge"" 表示无法判断；③回答 ""no_people"" 表示画面中没有可辨认的个体。以JSON格式输出：{""response"": ...}，只输出JSON。","请数出图片中的apples的数量（画面中每一个属于该类的个体），不要遗漏，不要重复，以JSON格式输出：{""count"": 数量}，只输出JSON。","请数出图片中的apples的数量（画面中每一个属于该类的个体）。如果你无法逐个确证，请回答 abstain，而不要猜测。以JSON格式输出：{""count"": 数量} 或 {""count"": ""abstain""}，只输出JSON。","请判断这张图片中的apples的数量。你可以：①给出数字；②回答 ""cannot_judge"" 表示无法判断；③回答 ""no_people"" 表示画面中没有可辨认的个体。以JSON格式输出：{""response"": ...}，只输出JSON。"
2223.jpg,apples,30,1,"请数出图片中的人数（人群中的每个人头或人体），不要遗漏，不要重复，以JSON格式输出：{""count"": 数量}，只输出JSON。","请数出图片中的人数（人群中的每个人头或人体）。如果你无法逐个确证，请回答 abstain，而不要猜测。以JSON格式输出：{""count"": 数量} 或 {""count"": ""abstain""}，只输出JSON。","请判断这张图片中的人数。你可以：①给出数字；②回答 ""cannot_judge"" 表示无法判断；③回答 ""no_people"" 表示画面中没有可辨认的个体。以JSON格式输出：{""response"": ...}，只输出JSON。","请数出图片中的apples的数量（画面中每一个属于该类的个体），不要遗漏，不要重复，以JSON格式输出：{""count"": 数量}，只输出JSON。","请数出图片中的apples的数量（画面中每一个属于该类的个体）。如果你无法逐个确证，请回答 abstain，而不要猜测。以JSON格式输出：{""count"": 数量} 或 {""count"": ""abstain""}，只输出JSON。","请判断这张图片中的apples的数量。你可以：①给出数字；②回答 ""cannot_judge"" 表示无法判断；③回答 ""no_people"" 表示画面中没有可辨认的个体。以JSON格式输出：{""response"": ...}，只输出JSON。"
2227.jpg,apples,11,1,"请数出图片中的人数（人群中的每个人头或人体），不要遗漏，不要重复，以JSON格式输出：{""count"": 数量}，只输出JSON。","请数出图片中的人数（人群中的每个人头或人体）。如果你无法逐个确证，请回答 abstain，而不要猜测。以JSON格式输出：{""count"": 数量} 或 {""count"": ""abstain""}，只输出JSON。","请判断这张图片中的人数。你可以：①给出数字；②回答 ""cannot_judge"" 表示无法判断；③回答 ""no_people"" 表示画面中没有可辨认的个体。以JSON格式输出：{""response"": ...}，只输出JSON。","请数出图片中的apples的数量（画面中每一个属于该类的个体），不要遗漏，不要重复，以JSON格式输出：{""count"": 数量}，只输出JSON。","请数出图片中的apples的数量（画面中每一个属于该类的个体）。如果你无法逐个确证，请回答 abstain，而不要猜测。以JSON格式输出：{""count"": 数量} 或 {""count"": ""abstain""}，只输出JSON。","请判断这张图片中的apples的数量。你可以：①给出数字；②回答 ""cannot_judge"" 表示无法判断；③回答 ""no_people"" 表示画面中没有可辨认的个体。以JSON格式输出：{""response"": ...}，只输出JSON。"
2233.jpg,apples,64,1,"请数出图片中的人数（人群中的每个人头或人体），不要遗漏，不要重复，以JSON格式输出：{""count"": 数量}，只输出JSON。","请数出图片中的人数（人群中的每个人头或人体）。如果你无法逐个确证，请回答 abstain，而不要猜测。以JSON格式输出：{""count"": 数量} 或 {""count"": ""abstain""}，只输出JSON。","请判断这张图片中的人数。你可以：①给出数字；②回答 ""cannot_judge"" 表示无法判断；③回答 ""no_people"" 表示画面中没有可辨认的个体。以JSON格式输出：{""response"": ...}，只输出JSON。","请数出图片中的apples的数量（画面中每一个属于该类的个体），不要遗漏，不要重复，以JSON格式输出：{""count"": 数量}，只输出JSON。","请数出图片中的apples的数量（画面中每一个属于该类的个体）。如果你无法逐个确证，请回答 abstain，而不要猜测。以JSON格式输出：{""count"": 数量} 或 {""count"": ""abstain""}，只输出JSON。","请判断这张图片中的apples的数量。你可以：①给出数字；②回答 ""cannot_judge"" 表示无法判断；③回答 ""no_people"" 表示画面中没有可辨认的个体。以JSON格式输出：{""response"": ...}，只输出JSON。"
2236.jpg,apples,98,1,"请数出图片中的人数（人群中的每个人头或人体），不要遗漏，不要重复，以JSON格式输出：{""count"": 数量}，只输出JSON。","请数出图片中的人数（人群中的每个人头或人体）。如果你无法逐个确证，请回答 abstain，而不要猜测。以JSON格式输出：{""count"": 数量} 或 {""count"": ""abstain""}，只输出JSON。","请判断这张图片中的人数。你可以：①给出数字；②回答 ""cannot_judge"" 表示无法判断；③回答 ""no_people"" 表示画面中没有可辨认的个体。以JSON格式输出：{""response"": ...}，只输出JSON。","请数出图片中的apples的数量（画面中每一个属于该类的个体），不要遗漏，不要重复，以JSON格式输出：{""count"": 数量}，只输出JSON。","请数出图片中的apples的数量（画面中每一个属于该类的个体）。如果你无法逐个确证，请回答 abstain，而不要猜测。以JSON格式输出：{""count"": 数量} 或 {""count"": ""abstain""}，只输出JSON。","请判断这张图片中的apples的数量。你可以：①给出数字；②回答 ""cannot_judge"" 表示无法判断；③回答 ""no_people"" 表示画面中没有可辨认的个体。以JSON格式输出：{""response"": ...}，只输出JSON。"
2239.jpg,apples,17,1,"请数出图片中的人数（人群中的每个人头或人体），不要遗漏，不要重复，以JSON格式输出：{""count"": 数量}，只输出JSON。","请数出图片中的人数（人群中的每个人头或人体）。如果你无法逐个确证，请回答 abstain，而不要猜测。以JSON格式输出：{""count"": 数量} 或 {""count"": ""abstain""}，只输出JSON。","请判断这张图片中的人数。你可以：①给出数字；②回答 ""cannot_judge"" 表示无法判断；③回答 ""no_people"" 表示画面中没有可辨认的个体。以JSON格式输出：{""response"": ...}，只输出JSON。","请数出图片中的apples的数量（画面中每一个属于该类的个体），不要遗漏，不要重复，以JSON格式输出：{""count"": 数量}，只输出JSON。","请数出图片中的apples的数量（画面中每一个属于该类的个体）。如果你无法逐个确证，请回答 abstain，而不要猜测。以JSON格式输出：{""count"": 数量} 或 {""count"": ""abstain""}，只输出JSON。","请判断这张图片中的apples的数量。你可以：①给出数字；②回答 ""cannot_judge"" 表示无法判断；③回答 ""no_people"" 表示画面中没有可辨认的个体。以JSON格式输出：{""response"": ...}，只输出JSON。"
2243.jpg,apples,544,1,"请数出图片中的人数（人群中的每个人头或人体），不要遗漏，不要重复，以JSON格式输出：{""count"": 数量}，只输出JSON。","请数出图片中的人数（人群中的每个人头或人体）。如果你无法逐个确证，请回答 abstain，而不要猜测。以JSON格式输出：{""count"": 数量} 或 {""count"": ""abstain""}，只输出JSON。","请判断这张图片中的人数。你可以：①给出数字；②回答 ""cannot_judge"" 表示无法判断；③回答 ""no_people"" 表示画面中没有可辨认的个体。以JSON格式输出：{""response"": ...}，只输出JSON。","请数出图片中的apples的数量（画面中每一个属于该类的个体），不要遗漏，不要重复，以JSON格式输出：{""count"": 数量}，只输出JSON。","请数出图片中的apples的数量（画面中每一个属于该类的个体）。如果你无法逐个确证，请回答 abstain，而不要猜测。以JSON格式输出：{""count"": 数量} 或 {""count"": ""abstain""}，只输出JSON。","请判断这张图片中的apples的数量。你可以：①给出数字；②回答 ""cannot_judge"" 表示无法判断；③回答 ""no_people"" 表示画面中没有可辨认的个体。以JSON格式输出：{""response"": ...}，只输出JSON。"
2246.jpg,apples,37,1,"请数出图片中的人数（人群中的每个人头或人体），不要遗漏，不要重复，以JSON格式输出：{""count"": 数量}，只输出JSON。","请数出图片中的人数（人群中的每个人头或人体）。如果你无法逐个确证，请回答 abstain，而不要猜测。以JSON格式输出：{""count"": 数量} 或 {""count"": ""abstain""}，只输出JSON。","请判断这张图片中的人数。你可以：①给出数字；②回答 ""cannot_judge"" 表示无法判断；③回答 ""no_people"" 表示画面中没有可辨认的个体。以JSON格式输出：{""response"": ...}，只输出JSON。","请数出图片中的apples的数量（画面中每一个属于该类的个体），不要遗漏，不要重复，以JSON格式输出：{""count"": 数量}，只输出JSON。","请数出图片中的apples的数量（画面中每一个属于该类的个体）。如果你无法逐个确证，请回答 abstain，而不要猜测。以JSON格式输出：{""count"": 数量} 或 {""count"": ""abstain""}，只输出JSON。","请判断这张图片中的apples的数量。你可以：①给出数字；②回答 ""cannot_judge"" 表示无法判断；③回答 ""no_people"" 表示画面中没有可辨认的个体。以JSON格式输出：{""response"": ...}，只输出JSON。"
2252.jpg,apples,82,1,"请数出图片中的人数（人群中的每个人头或人体），不要遗漏，不要重复，以JSON格式输出：{""count"": 数量}，只输出JSON。","请数出图片中的人数（人群中的每个人头或人体）。如果你无法逐个确证，请回答 abstain，而不要猜测。以JSON格式输出：{""count"": 数量} 或 {""count"": ""abstain""}，只输出JSON。","请判断这张图片中的人数。你可以：①给出数字；②回答 ""cannot_judge"" 表示无法判断；③回答 ""no_people"" 表示画面中没有可辨认的个体。以JSON格式输出：{""response"": ...}，只输出JSON。","请数出图片中的apples的数量（画面中每一个属于该类的个体），不要遗漏，不要重复，以JSON格式输出：{""count"": 数量}，只输出JSON。","请数出图片中的apples的数量（画面中每一个属于该类的个体）。如果你无法逐个确证，请回答 abstain，而不要猜测。以JSON格式输出：{""count"": 数量} 或 {""count"": ""abstain""}，只输出JSON。","请判断这张图片中的apples的数量。你可以：①给出数字；②回答 ""cannot_judge"" 表示无法判断；③回答 ""no_people"" 表示画面中没有可辨认的个体。以JSON格式输出：{""response"": ...}，只输出JSON。"
2257.jpg,apples,23,1,"请数出图片中的人数（人群中的每个人头或人体），不要遗漏，不要重复，以JSON格式输出：{""count"": 数量}，只输出JSON。","请数出图片中的人数（人群中的每个人头或人体）。如果你无法逐个确证，请回答 abstain，而不要猜测。以JSON格式输出：{""count"": 数量} 或 {""count"": ""abstain""}，只输出JSON。","请判断这张图片中的人数。你可以：①给出数字；②回答 ""cannot_judge"" 表示无法判断；③回答 ""no_people"" 表示画面中没有可辨认的个体。以JSON格式输出：{""response"": ...}，只输出JSON。","请数出图片中的apples的数量（画面中每一个属于该类的个体），不要遗漏，不要重复，以JSON格式输出：{""count"": 数量}，只输出JSON。","请数出图片中的apples的数量（画面中每一个属于该类的个体）。如果你无法逐个确证，请回答 abstain，而不要猜测。以JSON格式输出：{""count"": 数量} 或 {""count"": ""abstain""}，只输出JSON。","请判断这张图片中的apples的数量。你可以：①给出数字；②回答 ""cannot_judge"" 表示无法判断；③回答 ""no_people"" 表示画面中没有可辨认的个体。以JSON格式输出：{""response"": ...}，只输出JSON。"
2260.jpg,apples,11,1,"请数出图片中的人数（人群中的每个人头或人体），不要遗漏，不要重复，以JSON格式输出：{""count"": 数量}，只输出JSON。","请数出图片中的人数（人群中的每个人头或人体）。如果你无法逐个确证，请回答 abstain，而不要猜测。以JSON格式输出：{""count"": 数量} 或 {""count"": ""abstain""}，只输出JSON。","请判断这张图片中的人数。你可以：①给出数字；②回答 ""cannot_judge"" 表示无法判断；③回答 ""no_people"" 表示画面中没有可辨认的个体。以JSON格式输出：{""response"": ...}，只输出JSON。","请数出图片中的apples的数量（画面中每一个属于该类的个体），不要遗漏，不要重复，以JSON格式输出：{""count"": 数量}，只输出JSON。","请数出图片中的apples的数量（画面中每一个属于该类的个体）。如果你无法逐个确证，请回答 abstain，而不要猜测。以JSON格式输出：{""count"": 数量} 或 {""count"": ""abstain""}，只输出JSON。","请判断这张图片中的apples的数量。你可以：①给出数字；②回答 ""cannot_judge"" 表示无法判断；③回答 ""no_people"" 表示画面中没有可辨认的个体。以JSON格式输出：{""response"": ...}，只输出JSON。"
2264.jpg,apples,12,1,"请数出图片中的人数（人群中的每个人头或人体），不要遗漏，不要重复，以JSON格式输出：{""count"": 数量}，只输出JSON。","请数出图片中的人数（人群中的每个人头或人体）。如果你无法逐个确证，请回答 abstain，而不要猜测。以JSON格式输出：{""count"": 数量} 或 {""count"": ""abstain""}，只输出JSON。","请判断这张图片中的人数。你可以：①给出数字；②回答 ""cannot_judge"" 表示无法判断；③回答 ""no_people"" 表示画面中没有可辨认的个体。以JSON格式输出：{""response"": ...}，只输出JSON。","请数出图片中的apples的数量（画面中每一个属于该类的个体），不要遗漏，不要重复，以JSON格式输出：{""count"": 数量}，只输出JSON。","请数出图片中的apples的数量（画面中每一个属于该类的个体）。如果你无法逐个确证，请回答 abstain，而不要猜测。以JSON格式输出：{""count"": 数量} 或 {""count"": ""abstain""}，只输出JSON。","请判断这张图片中的apples的数量。你可以：①给出数字；②回答 ""cannot_judge"" 表示无法判断；③回答 ""no_people"" 表示画面中没有可辨认的个体。以JSON格式输出：{""response"": ...}，只输出JSON。"
2268.jpg,apples,74,1,"请数出图片中的人数（人群中的每个人头或人体），不要遗漏，不要重复，以JSON格式输出：{""count"": 数量}，只输出JSON。","请数出图片中的人数（人群中的每个人头或人体）。如果你无法逐个确证，请回答 abstain，而不要猜测。以JSON格式输出：{""count"": 数量} 或 {""count"": ""abstain""}，只输出JSON。","请判断这张图片中的人数。你可以：①给出数字；②回答 ""cannot_judge"" 表示无法判断；③回答 ""no_people"" 表示画面中没有可辨认的个体。以JSON格式输出：{""response"": ...}，只输出JSON。","请数出图片中的apples的数量（画面中每一个属于该类的个体），不要遗漏，不要重复，以JSON格式输出：{""count"": 数量}，只输出JSON。","请数出图片中的apples的数量（画面中每一个属于该类的个体）。如果你无法逐个确证，请回答 abstain，而不要猜测。以JSON格式输出：{""count"": 数量} 或 {""count"": ""abstain""}，只输出JSON。","请判断这张图片中的apples的数量。你可以：①给出数字；②回答 ""cannot_judge"" 表示无法判断；③回答 ""no_people"" 表示画面中没有可辨认的个体。以JSON格式输出：{""response"": ...}，只输出JSON。"
2271.jpg,apples,42,1,"请数出图片中的人数（人群中的每个人头或人体），不要遗漏，不要重复，以JSON格式输出：{""count"": 数量}，只输出JSON。","请数出图片中的人数（人群中的每个人头或人体）。如果你无法逐个确证，请回答 abstain，而不要猜测。以JSON格式输出：{""count"": 数量} 或 {""count"": ""abstain""}，只输出JSON。","请判断这张图片中的人数。你可以：①给出数字；②回答 ""cannot_judge"" 表示无法判断；③回答 ""no_people"" 表示画面中没有可辨认的个体。以JSON格式输出：{""response"": ...}，只输出JSON。","请数出图片中的apples的数量（画面中每一个属于该类的个体），不要遗漏，不要重复，以JSON格式输出：{""count"": 数量}，只输出JSON。","请数出图片中的apples的数量（画面中每一个属于该类的个体）。如果你无法逐个确证，请回答 abstain，而不要猜测。以JSON格式输出：{""count"": 数量} 或 {""count"": ""abstain""}，只输出JSON。","请判断这张图片中的apples的数量。你可以：①给出数字；②回答 ""cannot_judge"" 表示无法判断；③回答 ""no_people"" 表示画面中没有可辨认的个体。以JSON格式输出：{""response"": ...}，只输出JSON。"
2274.jpg,apples,66,1,"请数出图片中的人数（人群中的每个人头或人体），不要遗漏，不要重复，以JSON格式输出：{""count"": 数量}，只输出JSON。","请数出图片中的人数（人群中的每个人头或人体）。如果你无法逐个确证，请回答 abstain，而不要猜测。以JSON格式输出：{""count"": 数量} 或 {""count"": ""abstain""}，只输出JSON。","请判断这张图片中的人数。你可以：①给出数字；②回答 ""cannot_judge"" 表示无法判断；③回答 ""no_people"" 表示画面中没有可辨认的个体。以JSON格式输出：{""response"": ...}，只输出JSON。","请数出图片中的apples的数量（画面中每一个属于该类的个体），不要遗漏，不要重复，以JSON格式输出：{""count"": 数量}，只输出JSON。","请数出图片中的apples的数量（画面中每一个属于该类的个体）。如果你无法逐个确证，请回答 abstain，而不要猜测。以JSON格式输出：{""count"": 数量} 或 {""count"": ""abstain""}，只输出JSON。","请判断这张图片中的apples的数量。你可以：①给出数字；②回答 ""cannot_judge"" 表示无法判断；③回答 ""no_people"" 表示画面中没有可辨认的个体。以JSON格式输出：{""response"": ...}，只输出JSON。"
2277.jpg,apples,49,1,"请数出图片中的人数（人群中的每个人头或人体），不要遗漏，不要重复，以JSON格式输出：{""count"": 数量}，只输出JSON。","请数出图片中的人数（人群中的每个人头或人体）。如果你无法逐个确证，请回答 abstain，而不要猜测。以JSON格式输出：{""count"": 数量} 或 {""count"": ""abstain""}，只输出JSON。","请判断这张图片中的人数。你可以：①给出数字；②回答 ""cannot_judge"" 表示无法判断；③回答 ""no_people"" 表示画面中没有可辨认的个体。以JSON格式输出：{""response"": ...}，只输出JSON。","请数出图片中的apples的数量（画面中每一个属于该类的个体），不要遗漏，不要重复，以JSON格式输出：{""count"": 数量}，只输出JSON。","请数出图片中的apples的数量（画面中每一个属于该类的个体）。如果你无法逐个确证，请回答 abstain，而不要猜测。以JSON格式输出：{""count"": 数量} 或 {""count"": ""abstain""}，只输出JSON。","请判断这张图片中的apples的数量。你可以：①给出数字；②回答 ""cannot_judge"" 表示无法判断；③回答 ""no_people"" 表示画面中没有可辨认的个体。以JSON格式输出：{""response"": ...}，只输出JSON。"
2281.jpg,apples,22,1,"请数出图片中的人数（人群中的每个人头或人体），不要遗漏，不要重复，以JSON格式输出：{""count"": 数量}，只输出JSON。","请数出图片中的人数（人群中的每个人头或人体）。如果你无法逐个确证，请回答 abstain，而不要猜测。以JSON格式输出：{""count"": 数量} 或 {""count"": ""abstain""}，只输出JSON。","请判断这张图片中的人数。你可以：①给出数字；②回答 ""cannot_judge"" 表示无法判断；③回答 ""no_people"" 表示画面中没有可辨认的个体。以JSON格式输出：{""response"": ...}，只输出JSON。","请数出图片中的apples的数量（画面中每一个属于该类的个体），不要遗漏，不要重复，以JSON格式输出：{""count"": 数量}，只输出JSON。","请数出图片中的apples的数量（画面中每一个属于该类的个体）。如果你无法逐个确证，请回答 abstain，而不要猜测。以JSON格式输出：{""count"": 数量} 或 {""count"": ""abstain""}，只输出JSON。","请判断这张图片中的apples的数量。你可以：①给出数字；②回答 ""cannot_judge"" 表示无法判断；③回答 ""no_people"" 表示画面中没有可辨认的个体。以JSON格式输出：{""response"": ...}，只输出JSON。"
2285.jpg,apples,48,1,"请数出图片中的人数（人群中的每个人头或人体），不要遗漏，不要重复，以JSON格式输出：{""count"": 数量}，只输出JSON。","请数出图片中的人数（人群中的每个人头或人体）。如果你无法逐个确证，请回答 abstain，而不要猜测。以JSON格式输出：{""count"": 数量} 或 {""count"": ""abstain""}，只输出JSON。","请判断这张图片中的人数。你可以：①给出数字；②回答 ""cannot_judge"" 表示无法判断；③回答 ""no_people"" 表示画面中没有可辨认的个体。以JSON格式输出：{""response"": ...}，只输出JSON。","请数出图片中的apples的数量（画面中每一个属于该类的个体），不要遗漏，不要重复，以JSON格式输出：{""count"": 数量}，只输出JSON。","请数出图片中的apples的数量（画面中每一个属于该类的个体）。如果你无法逐个确证，请回答 abstain，而不要猜测。以JSON格式输出：{""count"": 数量} 或 {""count"": ""abstain""}，只输出JSON。","请判断这张图片中的apples的数量。你可以：①给出数字；②回答 ""cannot_judge"" 表示无法判断；③回答 ""no_people"" 表示画面中没有可辨认的个体。以JSON格式输出：{""response"": ...}，只输出JSON。"
2288.jpg,apples,18,1,"请数出图片中的人数（人群中的每个人头或人体），不要遗漏，不要重复，以JSON格式输出：{""count"": 数量}，只输出JSON。","请数出图片中的人数（人群中的每个人头或人体）。如果你无法逐个确证，请回答 abstain，而不要猜测。以JSON格式输出：{""count"": 数量} 或 {""count"": ""abstain""}，只输出JSON。","请判断这张图片中的人数。你可以：①给出数字；②回答 ""cannot_judge"" 表示无法判断；③回答 ""no_people"" 表示画面中没有可辨认的个体。以JSON格式输出：{""response"": ...}，只输出JSON。","请数出图片中的apples的数量（画面中每一个属于该类的个体），不要遗漏，不要重复，以JSON格式输出：{""count"": 数量}，只输出JSON。","请数出图片中的apples的数量（画面中每一个属于该类的个体）。如果你无法逐个确证，请回答 abstain，而不要猜测。以JSON格式输出：{""count"": 数量} 或 {""count"": ""abstain""}，只输出JSON。","请判断这张图片中的apples的数量。你可以：①给出数字；②回答 ""cannot_judge"" 表示无法判断；③回答 ""no_people"" 表示画面中没有可辨认的个体。以JSON格式输出：{""response"": ...}，只输出JSON。"
2612.jpg,deers,28,1,"请数出图片中的人数（人群中的每个人头或人体），不要遗漏，不要重复，以JSON格式输出：{""count"": 数量}，只输出JSON。","请数出图片中的人数（人群中的每个人头或人体）。如果你无法逐个确证，请回答 abstain，而不要猜测。以JSON格式输出：{""count"": 数量} 或 {""count"": ""abstain""}，只输出JSON。","请判断这张图片中的人数。你可以：①给出数字；②回答 ""cannot_judge"" 表示无法判断；③回答 ""no_people"" 表示画面中没有可辨认的个体。以JSON格式输出：{""response"": ...}，只输出JSON。","请数出图片中的deers的数量（画面中每一个属于该类的个体），不要遗漏，不要重复，以JSON格式输出：{""count"": 数量}，只输出JSON。","请数出图片中的deers的数量（画面中每一个属于该类的个体）。如果你无法逐个确证，请回答 abstain，而不要猜测。以JSON格式输出：{""count"": 数量} 或 {""count"": ""abstain""}，只输出JSON。","请判断这张图片中的deers的数量。你可以：①给出数字；②回答 ""cannot_judge"" 表示无法判断；③回答 ""no_people"" 表示画面中没有可辨认的个体。以JSON格式输出：{""response"": ...}，只输出JSON。"
2615.jpg,deers,9,1,"请数出图片中的人数（人群中的每个人头或人体），不要遗漏，不要重复，以JSON格式输出：{""count"": 数量}，只输出JSON。","请数出图片中的人数（人群中的每个人头或人体）。如果你无法逐个确证，请回答 abstain，而不要猜测。以JSON格式输出：{""count"": 数量} 或 {""count"": ""abstain""}，只输出JSON。","请判断这张图片中的人数。你可以：①给出数字；②回答 ""cannot_judge"" 表示无法判断；③回答 ""no_people"" 表示画面中没有可辨认的个体。以JSON格式输出：{""response"": ...}，只输出JSON。","请数出图片中的deers的数量（画面中每一个属于该类的个体），不要遗漏，不要重复，以JSON格式输出：{""count"": 数量}，只输出JSON。","请数出图片中的deers的数量（画面中每一个属于该类的个体）。如果你无法逐个确证，请回答 abstain，而不要猜测。以JSON格式输出：{""count"": 数量} 或 {""count"": ""abstain""}，只输出JSON。","请判断这张图片中的deers的数量。你可以：①给出数字；②回答 ""cannot_judge"" 表示无法判断；③回答 ""no_people"" 表示画面中没有可辨认的个体。以JSON格式输出：{""response"": ...}，只输出JSON。"
2907.jpg,stamps,28,1,"请数出图片中的人数（人群中的每个人头或人体），不要遗漏，不要重复，以JSON格式输出：{""count"": 数量}，只输出JSON。","请数出图片中的人数（人群中的每个人头或人体）。如果你无法逐个确证，请回答 abstain，而不要猜测。以JSON格式输出：{""count"": 数量} 或 {""count"": ""abstain""}，只输出JSON。","请判断这张图片中的人数。你可以：①给出数字；②回答 ""cannot_judge"" 表示无法判断；③回答 ""no_people"" 表示画面中没有可辨认的个体。以JSON格式输出：{""response"": ...}，只输出JSON。","请数出图片中的stamps的数量（画面中每一个属于该类的个体），不要遗漏，不要重复，以JSON格式输出：{""count"": 数量}，只输出JSON。","请数出图片中的stamps的数量（画面中每一个属于该类的个体）。如果你无法逐个确证，请回答 abstain，而不要猜测。以JSON格式输出：{""count"": 数量} 或 {""count"": ""abstain""}，只输出JSON。","请判断这张图片中的stamps的数量。你可以：①给出数字；②回答 ""cannot_judge"" 表示无法判断；③回答 ""no_people"" 表示画面中没有可辨认的个体。以JSON格式输出：{""response"": ...}，只输出JSON。"
2912.jpg,stamps,72,1,"请数出图片中的人数（人群中的每个人头或人体），不要遗漏，不要重复，以JSON格式输出：{""count"": 数量}，只输出JSON。","请数出图片中的人数（人群中的每个人头或人体）。如果你无法逐个确证，请回答 abstain，而不要猜测。以JSON格式输出：{""count"": 数量} 或 {""count"": ""abstain""}，只输出JSON。","请判断这张图片中的人数。你可以：①给出数字；②回答 ""cannot_judge"" 表示无法判断；③回答 ""no_people"" 表示画面中没有可辨认的个体。以JSON格式输出：{""response"": ...}，只输出JSON。","请数出图片中的stamps的数量（画面中每一个属于该类的个体），不要遗漏，不要重复，以JSON格式输出：{""count"": 数量}，只输出JSON。","请数出图片中的stamps的数量（画面中每一个属于该类的个体）。如果你无法逐个确证，请回答 abstain，而不要猜测。以JSON格式输出：{""count"": 数量} 或 {""count"": ""abstain""}，只输出JSON。","请判断这张图片中的stamps的数量。你可以：①给出数字；②回答 ""cannot_judge"" 表示无法判断；③回答 ""no_people"" 表示画面中没有可辨认的个体。以JSON格式输出：{""response"": ...}，只输出JSON。"
2915.jpg,stamps,61,1,"请数出图片中的人数（人群中的每个人头或人体），不要遗漏，不要重复，以JSON格式输出：{""count"": 数量}，只输出JSON。","请数出图片中的人数（人群中的每个人头或人体）。如果你无法逐个确证，请回答 abstain，而不要猜测。以JSON格式输出：{""count"": 数量} 或 {""count"": ""abstain""}，只输出JSON。","请判断这张图片中的人数。你可以：①给出数字；②回答 ""cannot_judge"" 表示无法判断；③回答 ""no_people"" 表示画面中没有可辨认的个体。以JSON格式输出：{""response"": ...}，只输出JSON。","请数出图片中的stamps的数量（画面中每一个属于该类的个体），不要遗漏，不要重复，以JSON格式输出：{""count"": 数量}，只输出JSON。","请数出图片中的stamps的数量（画面中每一个属于该类的个体）。如果你无法逐个确证，请回答 abstain，而不要猜测。以JSON格式输出：{""count"": 数量} 或 {""count"": ""abstain""}，只输出JSON。","请判断这张图片中的stamps的数量。你可以：①给出数字；②回答 ""cannot_judge"" 表示无法判断；③回答 ""no_people"" 表示画面中没有可辨认的个体。以JSON格式输出：{""response"": ...}，只输出JSON。"
2918.jpg,stamps,25,1,"请数出图片中的人数（人群中的每个人头或人体），不要遗漏，不要重复，以JSON格式输出：{""count"": 数量}，只输出JSON。","请数出图片中的人数（人群中的每个人头或人体）。如果你无法逐个确证，请回答 abstain，而不要猜测。以JSON格式输出：{""count"": 数量} 或 {""count"": ""abstain""}，只输出JSON。","请判断这张图片中的人数。你可以：①给出数字；②回答 ""cannot_judge"" 表示无法判断；③回答 ""no_people"" 表示画面中没有可辨认的个体。以JSON格式输出：{""response"": ...}，只输出JSON。","请数出图片中的stamps的数量（画面中每一个属于该类的个体），不要遗漏，不要重复，以JSON格式输出：{""count"": 数量}，只输出JSON。","请数出图片中的stamps的数量（画面中每一个属于该类的个体）。如果你无法逐个确证，请回答 abstain，而不要猜测。以JSON格式输出：{""count"": 数量} 或 {""count"": ""abstain""}，只输出JSON。","请判断这张图片中的stamps的数量。你可以：①给出数字；②回答 ""cannot_judge"" 表示无法判断；③回答 ""no_people"" 表示画面中没有可辨认的个体。以JSON格式输出：{""response"": ...}，只输出JSON。"
2922.jpg,stamps,19,1,"请数出图片中的人数（人群中的每个人头或人体），不要遗漏，不要重复，以JSON格式输出：{""count"": 数量}，只输出JSON。","请数出图片中的人数（人群中的每个人头或人体）。如果你无法逐个确证，请回答 abstain，而不要猜测。以JSON格式输出：{""count"": 数量} 或 {""count"": ""abstain""}，只输出JSON。","请判断这张图片中的人数。你可以：①给出数字；②回答 ""cannot_judge"" 表示无法判断；③回答 ""no_people"" 表示画面中没有可辨认的个体。以JSON格式输出：{""response"": ...}，只输出JSON。","请数出图片中的stamps的数量（画面中每一个属于该类的个体），不要遗漏，不要重复，以JSON格式输出：{""count"": 数量}，只输出JSON。","请数出图片中的stamps的数量（画面中每一个属于该类的个体）。如果你无法逐个确证，请回答 abstain，而不要猜测。以JSON格式输出：{""count"": 数量} 或 {""count"": ""abstain""}，只输出JSON。","请判断这张图片中的stamps的数量。你可以：①给出数字；②回答 ""cannot_judge"" 表示无法判断；③回答 ""no_people"" 表示画面中没有可辨认的个体。以JSON格式输出：{""response"": ...}，只输出JSON。"
2925.jpg,stamps,65,1,"请数出图片中的人数（人群中的每个人头或人体），不要遗漏，不要重复，以JSON格式输出：{""count"": 数量}，只输出JSON。","请数出图片中的人数（人群中的每个人头或人体）。如果你无法逐个确证，请回答 abstain，而不要猜测。以JSON格式输出：{""count"": 数量} 或 {""count"": ""abstain""}，只输出JSON。","请判断这张图片中的人数。你可以：①给出数字；②回答 ""cannot_judge"" 表示无法判断；③回答 ""no_people"" 表示画面中没有可辨认的个体。以JSON格式输出：{""response"": ...}，只输出JSON。","请数出图片中的stamps的数量（画面中每一个属于该类的个体），不要遗漏，不要重复，以JSON格式输出：{""count"": 数量}，只输出JSON。","请数出图片中的stamps的数量（画面中每一个属于该类的个体）。如果你无法逐个确证，请回答 abstain，而不要猜测。以JSON格式输出：{""count"": 数量} 或 {""count"": ""abstain""}，只输出JSON。","请判断这张图片中的stamps的数量。你可以：①给出数字；②回答 ""cannot_judge"" 表示无法判断；③回答 ""no_people"" 表示画面中没有可辨认的个体。以JSON格式输出：{""response"": ...}，只输出JSON。"
2928.jpg,stamps,45,1,"请数出图片中的人数（人群中的每个人头或人体），不要遗漏，不要重复，以JSON格式输出：{""count"": 数量}，只输出JSON。","请数出图片中的人数（人群中的每个人头或人体）。如果你无法逐个确证，请回答 abstain，而不要猜测。以JSON格式输出：{""count"": 数量} 或 {""count"": ""abstain""}，只输出JSON。","请判断这张图片中的人数。你可以：①给出数字；②回答 ""cannot_judge"" 表示无法判断；③回答 ""no_people"" 表示画面中没有可辨认的个体。以JSON格式输出：{""response"": ...}，只输出JSON。","请数出图片中的stamps的数量（画面中每一个属于该类的个体），不要遗漏，不要重复，以JSON格式输出：{""count"": 数量}，只输出JSON。","请数出图片中的stamps的数量（画面中每一个属于该类的个体）。如果你无法逐个确证，请回答 abstain，而不要猜测。以JSON格式输出：{""count"": 数量} 或 {""count"": ""abstain""}，只输出JSON。","请判断这张图片中的stamps的数量。你可以：①给出数字；②回答 ""cannot_judge"" 表示无法判断；③回答 ""no_people"" 表示画面中没有可辨认的个体。以JSON格式输出：{""response"": ...}，只输出JSON。"
2931.jpg,stamps,43,1,"请数出图片中的人数（人群中的每个人头或人体），不要遗漏，不要重复，以JSON格式输出：{""count"": 数量}，只输出JSON。","请数出图片中的人数（人群中的每个人头或人体）。如果你无法逐个确证，请回答 abstain，而不要猜测。以JSON格式输出：{""count"": 数量} 或 {""count"": ""abstain""}，只输出JSON。","请判断这张图片中的人数。你可以：①给出数字；②回答 ""cannot_judge"" 表示无法判断；③回答 ""no_people"" 表示画面中没有可辨认的个体。以JSON格式输出：{""response"": ...}，只输出JSON。","请数出图片中的stamps的数量（画面中每一个属于该类的个体），不要遗漏，不要重复，以JSON格式输出：{""count"": 数量}，只输出JSON。","请数出图片中的stamps的数量（画面中每一个属于该类的个体）。如果你无法逐个确证，请回答 abstain，而不要猜测。以JSON格式输出：{""count"": 数量} 或 {""count"": ""abstain""}，只输出JSON。","请判断这张图片中的stamps的数量。你可以：①给出数字；②回答 ""cannot_judge"" 表示无法判断；③回答 ""no_people"" 表示画面中没有可辨认的个体。以JSON格式输出：{""response"": ...}，只输出JSON。"
2934.jpg,stamps,56,1,"请数出图片中的人数（人群中的每个人头或人体），不要遗漏，不要重复，以JSON格式输出：{""count"": 数量}，只输出JSON。","请数出图片中的人数（人群中的每个人头或人体）。如果你无法逐个确证，请回答 abstain，而不要猜测。以JSON格式输出：{""count"": 数量} 或 {""count"": ""abstain""}，只输出JSON。","请判断这张图片中的人数。你可以：①给出数字；②回答 ""cannot_judge"" 表示无法判断；③回答 ""no_people"" 表示画面中没有可辨认的个体。以JSON格式输出：{""response"": ...}，只输出JSON。","请数出图片中的stamps的数量（画面中每一个属于该类的个体），不要遗漏，不要重复，以JSON格式输出：{""count"": 数量}，只输出JSON。","请数出图片中的stamps的数量（画面中每一个属于该类的个体）。如果你无法逐个确证，请回答 abstain，而不要猜测。以JSON格式输出：{""count"": 数量} 或 {""count"": ""abstain""}，只输出JSON。","请判断这张图片中的stamps的数量。你可以：①给出数字；②回答 ""cannot_judge"" 表示无法判断；③回答 ""no_people"" 表示画面中没有可辨认的个体。以JSON格式输出：{""response"": ...}，只输出JSON。"
2937.jpg,stamps,78,1,"请数出图片中的人数（人群中的每个人头或人体），不要遗漏，不要重复，以JSON格式输出：{""count"": 数量}，只输出JSON。","请数出图片中的人数（人群中的每个人头或人体）。如果你无法逐个确证，请回答 abstain，而不要猜测。以JSON格式输出：{""count"": 数量} 或 {""count"": ""abstain""}，只输出JSON。","请判断这张图片中的人数。你可以：①给出数字；②回答 ""cannot_judge"" 表示无法判断；③回答 ""no_people"" 表示画面中没有可辨认的个体。以JSON格式输出：{""response"": ...}，只输出JSON。","请数出图片中的stamps的数量（画面中每一个属于该类的个体），不要遗漏，不要重复，以JSON格式输出：{""count"": 数量}，只输出JSON。","请数出图片中的stamps的数量（画面中每一个属于该类的个体）。如果你无法逐个确证，请回答 abstain，而不要猜测。以JSON格式输出：{""count"": 数量} 或 {""count"": ""abstain""}，只输出JSON。","请判断这张图片中的stamps的数量。你可以：①给出数字；②回答 ""cannot_judge"" 表示无法判断；③回答 ""no_people"" 表示画面中没有可辨认的个体。以JSON格式输出：{""response"": ...}，只输出JSON。"
2941.jpg,stamps,17,1,"请数出图片中的人数（人群中的每个人头或人体），不要遗漏，不要重复，以JSON格式输出：{""count"": 数量}，只输出JSON。","请数出图片中的人数（人群中的每个人头或人体）。如果你无法逐个确证，请回答 abstain，而不要猜测。以JSON格式输出：{""count"": 数量} 或 {""count"": ""abstain""}，只输出JSON。","请判断这张图片中的人数。你可以：①给出数字；②回答 ""cannot_judge"" 表示无法判断；③回答 ""no_people"" 表示画面中没有可辨认的个体。以JSON格式输出：{""response"": ...}，只输出JSON。","请数出图片中的stamps的数量（画面中每一个属于该类的个体），不要遗漏，不要重复，以JSON格式输出：{""count"": 数量}，只输出JSON。","请数出图片中的stamps的数量（画面中每一个属于该类的个体）。如果你无法逐个确证，请回答 abstain，而不要猜测。以JSON格式输出：{""count"": 数量} 或 {""count"": ""abstain""}，只输出JSON。","请判断这张图片中的stamps的数量。你可以：①给出数字；②回答 ""cannot_judge"" 表示无法判断；③回答 ""no_people"" 表示画面中没有可辨认的个体。以JSON格式输出：{""response"": ...}，只输出JSON。"
2944.jpg,stamps,68,1,"请数出图片中的人数（人群中的每个人头或人体），不要遗漏，不要重复，以JSON格式输出：{""count"": 数量}，只输出JSON。","请数出图片中的人数（人群中的每个人头或人体）。如果你无法逐个确证，请回答 abstain，而不要猜测。以JSON格式输出：{""count"": 数量} 或 {""count"": ""abstain""}，只输出JSON。","请判断这张图片中的人数。你可以：①给出数字；②回答 ""cannot_judge"" 表示无法判断；③回答 ""no_people"" 表示画面中没有可辨认的个体。以JSON格式输出：{""response"": ...}，只输出JSON。","请数出图片中的stamps的数量（画面中每一个属于该类的个体），不要遗漏，不要重复，以JSON格式输出：{""count"": 数量}，只输出JSON。","请数出图片中的stamps的数量（画面中每一个属于该类的个体）。如果你无法逐个确证，请回答 abstain，而不要猜测。以JSON格式输出：{""count"": 数量} 或 {""count"": ""abstain""}，只输出JSON。","请判断这张图片中的stamps的数量。你可以：①给出数字；②回答 ""cannot_judge"" 表示无法判断；③回答 ""no_people"" 表示画面中没有可辨认的个体。以JSON格式输出：{""response"": ...}，只输出JSON。"
2947.jpg,stamps,36,1,"请数出图片中的人数（人群中的每个人头或人体），不要遗漏，不要重复，以JSON格式输出：{""count"": 数量}，只输出JSON。","请数出图片中的人数（人群中的每个人头或人体）。如果你无法逐个确证，请回答 abstain，而不要猜测。以JSON格式输出：{""count"": 数量} 或 {""count"": ""abstain""}，只输出JSON。","请判断这张图片中的人数。你可以：①给出数字；②回答 ""cannot_judge"" 表示无法判断；③回答 ""no_people"" 表示画面中没有可辨认的个体。以JSON格式输出：{""response"": ...}，只输出JSON。","请数出图片中的stamps的数量（画面中每一个属于该类的个体），不要遗漏，不要重复，以JSON格式输出：{""count"": 数量}，只输出JSON。","请数出图片中的stamps的数量（画面中每一个属于该类的个体）。如果你无法逐个确证，请回答 abstain，而不要猜测。以JSON格式输出：{""count"": 数量} 或 {""count"": ""abstain""}，只输出JSON。","请判断这张图片中的stamps的数量。你可以：①给出数字；②回答 ""cannot_judge"" 表示无法判断；③回答 ""no_people"" 表示画面中没有可辨认的个体。以JSON格式输出：{""response"": ...}，只输出JSON。"
2951.jpg,stamps,14,1,"请数出图片中的人数（人群中的每个人头或人体），不要遗漏，不要重复，以JSON格式输出：{""count"": 数量}，只输出JSON。","请数出图片中的人数（人群中的每个人头或人体）。如果你无法逐个确证，请回答 abstain，而不要猜测。以JSON格式输出：{""count"": 数量} 或 {""count"": ""abstain""}，只输出JSON。","请判断这张图片中的人数。你可以：①给出数字；②回答 ""cannot_judge"" 表示无法判断；③回答 ""no_people"" 表示画面中没有可辨认的个体。以JSON格式输出：{""response"": ...}，只输出JSON。","请数出图片中的stamps的数量（画面中每一个属于该类的个体），不要遗漏，不要重复，以JSON格式输出：{""count"": 数量}，只输出JSON。","请数出图片中的stamps的数量（画面中每一个属于该类的个体）。如果你无法逐个确证，请回答 abstain，而不要猜测。以JSON格式输出：{""count"": 数量} 或 {""count"": ""abstain""}，只输出JSON。","请判断这张图片中的stamps的数量。你可以：①给出数字；②回答 ""cannot_judge"" 表示无法判断；③回答 ""no_people"" 表示画面中没有可辨认的个体。以JSON格式输出：{""response"": ...}，只输出JSON。"
2954.jpg,stamps,38,1,"请数出图片中的人数（人群中的每个人头或人体），不要遗漏，不要重复，以JSON格式输出：{""count"": 数量}，只输出JSON。","请数出图片中的人数（人群中的每个人头或人体）。如果你无法逐个确证，请回答 abstain，而不要猜测。以JSON格式输出：{""count"": 数量} 或 {""count"": ""abstain""}，只输出JSON。","请判断这张图片中的人数。你可以：①给出数字；②回答 ""cannot_judge"" 表示无法判断；③回答 ""no_people"" 表示画面中没有可辨认的个体。以JSON格式输出：{""response"": ...}，只输出JSON。","请数出图片中的stamps的数量（画面中每一个属于该类的个体），不要遗漏，不要重复，以JSON格式输出：{""count"": 数量}，只输出JSON。","请数出图片中的stamps的数量（画面中每一个属于该类的个体）。如果你无法逐个确证，请回答 abstain，而不要猜测。以JSON格式输出：{""count"": 数量} 或 {""count"": ""abstain""}，只输出JSON。","请判断这张图片中的stamps的数量。你可以：①给出数字；②回答 ""cannot_judge"" 表示无法判断；③回答 ""no_people"" 表示画面中没有可辨认的个体。以JSON格式输出：{""response"": ...}，只输出JSON。"
3111.jpg,crab cakes,20,1,"请数出图片中的人数（人群中的每个人头或人体），不要遗漏，不要重复，以JSON格式输出：{""count"": 数量}，只输出JSON。","请数出图片中的人数（人群中的每个人头或人体）。如果你无法逐个确证，请回答 abstain，而不要猜测。以JSON格式输出：{""count"": 数量} 或 {""count"": ""abstain""}，只输出JSON。","请判断这张图片中的人数。你可以：①给出数字；②回答 ""cannot_judge"" 表示无法判断；③回答 ""no_people"" 表示画面中没有可辨认的个体。以JSON格式输出：{""response"": ...}，只输出JSON。","请数出图片中的crab cakes的数量（画面中每一个属于该类的个体），不要遗漏，不要重复，以JSON格式输出：{""count"": 数量}，只输出JSON。","请数出图片中的crab cakes的数量（画面中每一个属于该类的个体）。如果你无法逐个确证，请回答 abstain，而不要猜测。以JSON格式输出：{""count"": 数量} 或 {""count"": ""abstain""}，只输出JSON。","请判断这张图片中的crab cakes的数量。你可以：①给出数字；②回答 ""cannot_judge"" 表示无法判断；③回答 ""no_people"" 表示画面中没有可辨认的个体。以JSON格式输出：{""response"": ...}，只输出JSON。"
3153.jpg,cashew nuts,24,1,"请数出图片中的人数（人群中的每个人头或人体），不要遗漏，不要重复，以JSON格式输出：{""count"": 数量}，只输出JSON。","请数出图片中的人数（人群中的每个人头或人体）。如果你无法逐个确证，请回答 abstain，而不要猜测。以JSON格式输出：{""count"": 数量} 或 {""count"": ""abstain""}，只输出JSON。","请判断这张图片中的人数。你可以：①给出数字；②回答 ""cannot_judge"" 表示无法判断；③回答 ""no_people"" 表示画面中没有可辨认的个体。以JSON格式输出：{""response"": ...}，只输出JSON。","请数出图片中的cashew nuts的数量（画面中每一个属于该类的个体），不要遗漏，不要重复，以JSON格式输出：{""count"": 数量}，只输出JSON。","请数出图片中的cashew nuts的数量（画面中每一个属于该类的个体）。如果你无法逐个确证，请回答 abstain，而不要猜测。以JSON格式输出：{""count"": 数量} 或 {""count"": ""abstain""}，只输出JSON。","请判断这张图片中的cashew nuts的数量。你可以：①给出数字；②回答 ""cannot_judge"" 表示无法判断；③回答 ""no_people"" 表示画面中没有可辨认的个体。以JSON格式输出：{""response"": ...}，只输出JSON。"
3156.jpg,cashew nuts,50,1,"请数出图片中的人数（人群中的每个人头或人体），不要遗漏，不要重复，以JSON格式输出：{""count"": 数量}，只输出JSON。","请数出图片中的人数（人群中的每个人头或人体）。如果你无法逐个确证，请回答 abstain，而不要猜测。以JSON格式输出：{""count"": 数量} 或 {""count"": ""abstain""}，只输出JSON。","请判断这张图片中的人数。你可以：①给出数字；②回答 ""cannot_judge"" 表示无法判断；③回答 ""no_people"" 表示画面中没有可辨认的个体。以JSON格式输出：{""response"": ...}，只输出JSON。","请数出图片中的cashew nuts的数量（画面中每一个属于该类的个体），不要遗漏，不要重复，以JSON格式输出：{""count"": 数量}，只输出JSON。","请数出图片中的cashew nuts的数量（画面中每一个属于该类的个体）。如果你无法逐个确证，请回答 abstain，而不要猜测。以JSON格式输出：{""count"": 数量} 或 {""count"": ""abstain""}，只输出JSON。","请判断这张图片中的cashew nuts的数量。你可以：①给出数字；②回答 ""cannot_judge"" 表示无法判断；③回答 ""no_people"" 表示画面中没有可辨认的个体。以JSON格式输出：{""response"": ...}，只输出JSON。"
3159.jpg,cashew nuts,58,1,"请数出图片中的人数（人群中的每个人头或人体），不要遗漏，不要重复，以JSON格式输出：{""count"": 数量}，只输出JSON。","请数出图片中的人数（人群中的每个人头或人体）。如果你无法逐个确证，请回答 abstain，而不要猜测。以JSON格式输出：{""count"": 数量} 或 {""count"": ""abstain""}，只输出JSON。","请判断这张图片中的人数。你可以：①给出数字；②回答 ""cannot_judge"" 表示无法判断；③回答 ""no_people"" 表示画面中没有可辨认的个体。以JSON格式输出：{""response"": ...}，只输出JSON。","请数出图片中的cashew nuts的数量（画面中每一个属于该类的个体），不要遗漏，不要重复，以JSON格式输出：{""count"": 数量}，只输出JSON。","请数出图片中的cashew nuts的数量（画面中每一个属于该类的个体）。如果你无法逐个确证，请回答 abstain，而不要猜测。以JSON格式输出：{""count"": 数量} 或 {""count"": ""abstain""}，只输出JSON。","请判断这张图片中的cashew nuts的数量。你可以：①给出数字；②回答 ""cannot_judge"" 表示无法判断；③回答 ""no_people"" 表示画面中没有可辨认的个体。以JSON格式输出：{""response"": ...}，只输出JSON。"
3269.jpg,finger foods,20,1,"请数出图片中的人数（人群中的每个人头或人体），不要遗漏，不要重复，以JSON格式输出：{""count"": 数量}，只输出JSON。","请数出图片中的人数（人群中的每个人头或人体）。如果你无法逐个确证，请回答 abstain，而不要猜测。以JSON格式输出：{""count"": 数量} 或 {""count"": ""abstain""}，只输出JSON。","请判断这张图片中的人数。你可以：①给出数字；②回答 ""cannot_judge"" 表示无法判断；③回答 ""no_people"" 表示画面中没有可辨认的个体。以JSON格式输出：{""response"": ...}，只输出JSON。","请数出图片中的finger foods的数量（画面中每一个属于该类的个体），不要遗漏，不要重复，以JSON格式输出：{""count"": 数量}，只输出JSON。","请数出图片中的finger foods的数量（画面中每一个属于该类的个体）。如果你无法逐个确证，请回答 abstain，而不要猜测。以JSON格式输出：{""count"": 数量} 或 {""count"": ""abstain""}，只输出JSON。","请判断这张图片中的finger foods的数量。你可以：①给出数字；②回答 ""cannot_judge"" 表示无法判断；③回答 ""no_people"" 表示画面中没有可辨认的个体。以JSON格式输出：{""response"": ...}，只输出JSON。"
3274.jpg,finger foods,9,1,"请数出图片中的人数（人群中的每个人头或人体），不要遗漏，不要重复，以JSON格式输出：{""count"": 数量}，只输出JSON。","请数出图片中的人数（人群中的每个人头或人体）。如果你无法逐个确证，请回答 abstain，而不要猜测。以JSON格式输出：{""count"": 数量} 或 {""count"": ""abstain""}，只输出JSON。","请判断这张图片中的人数。你可以：①给出数字；②回答 ""cannot_judge"" 表示无法判断；③回答 ""no_people"" 表示画面中没有可辨认的个体。以JSON格式输出：{""response"": ...}，只输出JSON。","请数出图片中的finger foods的数量（画面中每一个属于该类的个体），不要遗漏，不要重复，以JSON格式输出：{""count"": 数量}，只输出JSON。","请数出图片中的finger foods的数量（画面中每一个属于该类的个体）。如果你无法逐个确证，请回答 abstain，而不要猜测。以JSON格式输出：{""count"": 数量} 或 {""count"": ""abstain""}，只输出JSON。","请判断这张图片中的finger foods的数量。你可以：①给出数字；②回答 ""cannot_judge"" 表示无法判断；③回答 ""no_people"" 表示画面中没有可辨认的个体。以JSON格式输出：{""response"": ...}，只输出JSON。"
3278.jpg,finger foods,30,1,"请数出图片中的人数（人群中的每个人头或人体），不要遗漏，不要重复，以JSON格式输出：{""count"": 数量}，只输出JSON。","请数出图片中的人数（人群中的每个人头或人体）。如果你无法逐个确证，请回答 abstain，而不要猜测。以JSON格式输出：{""count"": 数量} 或 {""count"": ""abstain""}，只输出JSON。","请判断这张图片中的人数。你可以：①给出数字；②回答 ""cannot_judge"" 表示无法判断；③回答 ""no_people"" 表示画面中没有可辨认的个体。以JSON格式输出：{""response"": ...}，只输出JSON。","请数出图片中的finger foods的数量（画面中每一个属于该类的个体），不要遗漏，不要重复，以JSON格式输出：{""count"": 数量}，只输出JSON。","请数出图片中的finger foods的数量（画面中每一个属于该类的个体）。如果你无法逐个确证，请回答 abstain，而不要猜测。以JSON格式输出：{""count"": 数量} 或 {""count"": ""abstain""}，只输出JSON。","请判断这张图片中的finger foods的数量。你可以：①给出数字；②回答 ""cannot_judge"" 表示无法判断；③回答 ""no_people"" 表示画面中没有可辨认的个体。以JSON格式输出：{""response"": ...}，只输出JSON。"
3282.jpg,finger foods,31,1,"请数出图片中的人数（人群中的每个人头或人体），不要遗漏，不要重复，以JSON格式输出：{""count"": 数量}，只输出JSON。","请数出图片中的人数（人群中的每个人头或人体）。如果你无法逐个确证，请回答 abstain，而不要猜测。以JSON格式输出：{""count"": 数量} 或 {""count"": ""abstain""}，只输出JSON。","请判断这张图片中的人数。你可以：①给出数字；②回答 ""cannot_judge"" 表示无法判断；③回答 ""no_people"" 表示画面中没有可辨认的个体。以JSON格式输出：{""response"": ...}，只输出JSON。","请数出图片中的finger foods的数量（画面中每一个属于该类的个体），不要遗漏，不要重复，以JSON格式输出：{""count"": 数量}，只输出JSON。","请数出图片中的finger foods的数量（画面中每一个属于该类的个体）。如果你无法逐个确证，请回答 abstain，而不要猜测。以JSON格式输出：{""count"": 数量} 或 {""count"": ""abstain""}，只输出JSON。","请判断这张图片中的finger foods的数量。你可以：①给出数字；②回答 ""cannot_judge"" 表示无法判断；③回答 ""no_people"" 表示画面中没有可辨认的个体。以JSON格式输出：{""response"": ...}，只输出JSON。"
3285.jpg,finger foods,34,1,"请数出图片中的人数（人群中的每个人头或人体），不要遗漏，不要重复，以JSON格式输出：{""count"": 数量}，只输出JSON。","请数出图片中的人数（人群中的每个人头或人体）。如果你无法逐个确证，请回答 abstain，而不要猜测。以JSON格式输出：{""count"": 数量} 或 {""count"": ""abstain""}，只输出JSON。","请判断这张图片中的人数。你可以：①给出数字；②回答 ""cannot_judge"" 表示无法判断；③回答 ""no_people"" 表示画面中没有可辨认的个体。以JSON格式输出：{""response"": ...}，只输出JSON。","请数出图片中的finger foods的数量（画面中每一个属于该类的个体），不要遗漏，不要重复，以JSON格式输出：{""count"": 数量}，只输出JSON。","请数出图片中的finger foods的数量（画面中每一个属于该类的个体）。如果你无法逐个确证，请回答 abstain，而不要猜测。以JSON格式输出：{""count"": 数量} 或 {""count"": ""abstain""}，只输出JSON。","请判断这张图片中的finger foods的数量。你可以：①给出数字；②回答 ""cannot_judge"" 表示无法判断；③回答 ""no_people"" 表示画面中没有可辨认的个体。以JSON格式输出：{""response"": ...}，只输出JSON。"
3310.jpg,green peas,31,1,"请数出图片中的人数（人群中的每个人头或人体），不要遗漏，不要重复，以JSON格式输出：{""count"": 数量}，只输出JSON。","请数出图片中的人数（人群中的每个人头或人体）。如果你无法逐个确证，请回答 abstain，而不要猜测。以JSON格式输出：{""count"": 数量} 或 {""count"": ""abstain""}，只输出JSON。","请判断这张图片中的人数。你可以：①给出数字；②回答 ""cannot_judge"" 表示无法判断；③回答 ""no_people"" 表示画面中没有可辨认的个体。以JSON格式输出：{""response"": ...}，只输出JSON。","请数出图片中的green peas的数量（画面中每一个属于该类的个体），不要遗漏，不要重复，以JSON格式输出：{""count"": 数量}，只输出JSON。","请数出图片中的green peas的数量（画面中每一个属于该类的个体）。如果你无法逐个确证，请回答 abstain，而不要猜测。以JSON格式输出：{""count"": 数量} 或 {""count"": ""abstain""}，只输出JSON。","请判断这张图片中的green peas的数量。你可以：①给出数字；②回答 ""cannot_judge"" 表示无法判断；③回答 ""no_people"" 表示画面中没有可辨认的个体。以JSON格式输出：{""response"": ...}，只输出JSON。"
3313.jpg,green peas,63,1,"请数出图片中的人数（人群中的每个人头或人体），不要遗漏，不要重复，以JSON格式输出：{""count"": 数量}，只输出JSON。","请数出图片中的人数（人群中的每个人头或人体）。如果你无法逐个确证，请回答 abstain，而不要猜测。以JSON格式输出：{""count"": 数量} 或 {""count"": ""abstain""}，只输出JSON。","请判断这张图片中的人数。你可以：①给出数字；②回答 ""cannot_judge"" 表示无法判断；③回答 ""no_people"" 表示画面中没有可辨认的个体。以JSON格式输出：{""response"": ...}，只输出JSON。","请数出图片中的green peas的数量（画面中每一个属于该类的个体），不要遗漏，不要重复，以JSON格式输出：{""count"": 数量}，只输出JSON。","请数出图片中的green peas的数量（画面中每一个属于该类的个体）。如果你无法逐个确证，请回答 abstain，而不要猜测。以JSON格式输出：{""count"": 数量} 或 {""count"": ""abstain""}，只输出JSON。","请判断这张图片中的green peas的数量。你可以：①给出数字；②回答 ""cannot_judge"" 表示无法判断；③回答 ""no_people"" 表示画面中没有可辨认的个体。以JSON格式输出：{""response"": ...}，只输出JSON。"
3317.jpg,green peas,43,1,"请数出图片中的人数（人群中的每个人头或人体），不要遗漏，不要重复，以JSON格式输出：{""count"": 数量}，只输出JSON。","请数出图片中的人数（人群中的每个人头或人体）。如果你无法逐个确证，请回答 abstain，而不要猜测。以JSON格式输出：{""count"": 数量} 或 {""count"": ""abstain""}，只输出JSON。","请判断这张图片中的人数。你可以：①给出数字；②回答 ""cannot_judge"" 表示无法判断；③回答 ""no_people"" 表示画面中没有可辨认的个体。以JSON格式输出：{""response"": ...}，只输出JSON。","请数出图片中的green peas的数量（画面中每一个属于该类的个体），不要遗漏，不要重复，以JSON格式输出：{""count"": 数量}，只输出JSON。","请数出图片中的green peas的数量（画面中每一个属于该类的个体）。如果你无法逐个确证，请回答 abstain，而不要猜测。以JSON格式输出：{""count"": 数量} 或 {""count"": ""abstain""}，只输出JSON。","请判断这张图片中的green peas的数量。你可以：①给出数字；②回答 ""cannot_judge"" 表示无法判断；③回答 ""no_people"" 表示画面中没有可辨认的个体。以JSON格式输出：{""response"": ...}，只输出JSON。"
3320.jpg,green peas,159,1,"请数出图片中的人数（人群中的每个人头或人体），不要遗漏，不要重复，以JSON格式输出：{""count"": 数量}，只输出JSON。","请数出图片中的人数（人群中的每个人头或人体）。如果你无法逐个确证，请回答 abstain，而不要猜测。以JSON格式输出：{""count"": 数量} 或 {""count"": ""abstain""}，只输出JSON。","请判断这张图片中的人数。你可以：①给出数字；②回答 ""cannot_judge"" 表示无法判断；③回答 ""no_people"" 表示画面中没有可辨认的个体。以JSON格式输出：{""response"": ...}，只输出JSON。","请数出图片中的green peas的数量（画面中每一个属于该类的个体），不要遗漏，不要重复，以JSON格式输出：{""count"": 数量}，只输出JSON。","请数出图片中的green peas的数量（画面中每一个属于该类的个体）。如果你无法逐个确证，请回答 abstain，而不要猜测。以JSON格式输出：{""count"": 数量} 或 {""count"": ""abstain""}，只输出JSON。","请判断这张图片中的green peas的数量。你可以：①给出数字；②回答 ""cannot_judge"" 表示无法判断；③回答 ""no_people"" 表示画面中没有可辨认的个体。以JSON格式输出：{""response"": ...}，只输出JSON。"
3323.jpg,green peas,9,1,"请数出图片中的人数（人群中的每个人头或人体），不要遗漏，不要重复，以JSON格式输出：{""count"": 数量}，只输出JSON。","请数出图片中的人数（人群中的每个人头或人体）。如果你无法逐个确证，请回答 abstain，而不要猜测。以JSON格式输出：{""count"": 数量} 或 {""count"": ""abstain""}，只输出JSON。","请判断这张图片中的人数。你可以：①给出数字；②回答 ""cannot_judge"" 表示无法判断；③回答 ""no_people"" 表示画面中没有可辨认的个体。以JSON格式输出：{""response"": ...}，只输出JSON。","请数出图片中的green peas的数量（画面中每一个属于该类的个体），不要遗漏，不要重复，以JSON格式输出：{""count"": 数量}，只输出JSON。","请数出图片中的green peas的数量（画面中每一个属于该类的个体）。如果你无法逐个确证，请回答 abstain，而不要猜测。以JSON格式输出：{""count"": 数量} 或 {""count"": ""abstain""}，只输出JSON。","请判断这张图片中的green peas的数量。你可以：①给出数字；②回答 ""cannot_judge"" 表示无法判断；③回答 ""no_people"" 表示画面中没有可辨认的个体。以JSON格式输出：{""response"": ...}，只输出JSON。"
3327.jpg,green peas,33,1,"请数出图片中的人数（人群中的每个人头或人体），不要遗漏，不要重复，以JSON格式输出：{""count"": 数量}，只输出JSON。","请数出图片中的人数（人群中的每个人头或人体）。如果你无法逐个确证，请回答 abstain，而不要猜测。以JSON格式输出：{""count"": 数量} 或 {""count"": ""abstain""}，只输出JSON。","请判断这张图片中的人数。你可以：①给出数字；②回答 ""cannot_judge"" 表示无法判断；③回答 ""no_people"" 表示画面中没有可辨认的个体。以JSON格式输出：{""response"": ...}，只输出JSON。","请数出图片中的green peas的数量（画面中每一个属于该类的个体），不要遗漏，不要重复，以JSON格式输出：{""count"": 数量}，只输出JSON。","请数出图片中的green peas的数量（画面中每一个属于该类的个体）。如果你无法逐个确证，请回答 abstain，而不要猜测。以JSON格式输出：{""count"": 数量} 或 {""count"": ""abstain""}，只输出JSON。","请判断这张图片中的green peas的数量。你可以：①给出数字；②回答 ""cannot_judge"" 表示无法判断；③回答 ""no_people"" 表示画面中没有可辨认的个体。以JSON格式输出：{""response"": ...}，只输出JSON。"
3330.jpg,green peas,57,1,"请数出图片中的人数（人群中的每个人头或人体），不要遗漏，不要重复，以JSON格式输出：{""count"": 数量}，只输出JSON。","请数出图片中的人数（人群中的每个人头或人体）。如果你无法逐个确证，请回答 abstain，而不要猜测。以JSON格式输出：{""count"": 数量} 或 {""count"": ""abstain""}，只输出JSON。","请判断这张图片中的人数。你可以：①给出数字；②回答 ""cannot_judge"" 表示无法判断；③回答 ""no_people"" 表示画面中没有可辨认的个体。以JSON格式输出：{""response"": ...}，只输出JSON。","请数出图片中的green peas的数量（画面中每一个属于该类的个体），不要遗漏，不要重复，以JSON格式输出：{""count"": 数量}，只输出JSON。","请数出图片中的green peas的数量（画面中每一个属于该类的个体）。如果你无法逐个确证，请回答 abstain，而不要猜测。以JSON格式输出：{""count"": 数量} 或 {""count"": ""abstain""}，只输出JSON。","请判断这张图片中的green peas的数量。你可以：①给出数字；②回答 ""cannot_judge"" 表示无法判断；③回答 ""no_people"" 表示画面中没有可辨认的个体。以JSON格式输出：{""response"": ...}，只输出JSON。"
3333.jpg,green peas,113,1,"请数出图片中的人数（人群中的每个人头或人体），不要遗漏，不要重复，以JSON格式输出：{""count"": 数量}，只输出JSON。","请数出图片中的人数（人群中的每个人头或人体）。如果你无法逐个确证，请回答 abstain，而不要猜测。以JSON格式输出：{""count"": 数量} 或 {""count"": ""abstain""}，只输出JSON。","请判断这张图片中的人数。你可以：①给出数字；②回答 ""cannot_judge"" 表示无法判断；③回答 ""no_people"" 表示画面中没有可辨认的个体。以JSON格式输出：{""response"": ...}，只输出JSON。","请数出图片中的green peas的数量（画面中每一个属于该类的个体），不要遗漏，不要重复，以JSON格式输出：{""count"": 数量}，只输出JSON。","请数出图片中的green peas的数量（画面中每一个属于该类的个体）。如果你无法逐个确证，请回答 abstain，而不要猜测。以JSON格式输出：{""count"": 数量} 或 {""count"": ""abstain""}，只输出JSON。","请判断这张图片中的green peas的数量。你可以：①给出数字；②回答 ""cannot_judge"" 表示无法判断；③回答 ""no_people"" 表示画面中没有可辨认的个体。以JSON格式输出：{""response"": ...}，只输出JSON。"
3336.jpg,green peas,72,1,"请数出图片中的人数（人群中的每个人头或人体），不要遗漏，不要重复，以JSON格式输出：{""count"": 数量}，只输出JSON。","请数出图片中的人数（人群中的每个人头或人体）。如果你无法逐个确证，请回答 abstain，而不要猜测。以JSON格式输出：{""count"": 数量} 或 {""count"": ""abstain""}，只输出JSON。","请判断这张图片中的人数。你可以：①给出数字；②回答 ""cannot_judge"" 表示无法判断；③回答 ""no_people"" 表示画面中没有可辨认的个体。以JSON格式输出：{""response"": ...}，只输出JSON。","请数出图片中的green peas的数量（画面中每一个属于该类的个体），不要遗漏，不要重复，以JSON格式输出：{""count"": 数量}，只输出JSON。","请数出图片中的green peas的数量（画面中每一个属于该类的个体）。如果你无法逐个确证，请回答 abstain，而不要猜测。以JSON格式输出：{""count"": 数量} 或 {""count"": ""abstain""}，只输出JSON。","请判断这张图片中的green peas的数量。你可以：①给出数字；②回答 ""cannot_judge"" 表示无法判断；③回答 ""no_people"" 表示画面中没有可辨认的个体。以JSON格式输出：{""response"": ...}，只输出JSON。"
3339.jpg,sea shells,25,1,"请数出图片中的人数（人群中的每个人头或人体），不要遗漏，不要重复，以JSON格式输出：{""count"": 数量}，只输出JSON。","请数出图片中的人数（人群中的每个人头或人体）。如果你无法逐个确证，请回答 abstain，而不要猜测。以JSON格式输出：{""count"": 数量} 或 {""count"": ""abstain""}，只输出JSON。","请判断这张图片中的人数。你可以：①给出数字；②回答 ""cannot_judge"" 表示无法判断；③回答 ""no_people"" 表示画面中没有可辨认的个体。以JSON格式输出：{""response"": ...}，只输出JSON。","请数出图片中的sea shells的数量（画面中每一个属于该类的个体），不要遗漏，不要重复，以JSON格式输出：{""count"": 数量}，只输出JSON。","请数出图片中的sea shells的数量（画面中每一个属于该类的个体）。如果你无法逐个确证，请回答 abstain，而不要猜测。以JSON格式输出：{""count"": 数量} 或 {""count"": ""abstain""}，只输出JSON。","请判断这张图片中的sea shells的数量。你可以：①给出数字；②回答 ""cannot_judge"" 表示无法判断；③回答 ""no_people"" 表示画面中没有可辨认的个体。以JSON格式输出：{""response"": ...}，只输出JSON。"
3424.jpg,crab cakes,12,1,"请数出图片中的人数（人群中的每个人头或人体），不要遗漏，不要重复，以JSON格式输出：{""count"": 数量}，只输出JSON。","请数出图片中的人数（人群中的每个人头或人体）。如果你无法逐个确证，请回答 abstain，而不要猜测。以JSON格式输出：{""count"": 数量} 或 {""count"": ""abstain""}，只输出JSON。","请判断这张图片中的人数。你可以：①给出数字；②回答 ""cannot_judge"" 表示无法判断；③回答 ""no_people"" 表示画面中没有可辨认的个体。以JSON格式输出：{""response"": ...}，只输出JSON。","请数出图片中的crab cakes的数量（画面中每一个属于该类的个体），不要遗漏，不要重复，以JSON格式输出：{""count"": 数量}，只输出JSON。","请数出图片中的crab cakes的数量（画面中每一个属于该类的个体）。如果你无法逐个确证，请回答 abstain，而不要猜测。以JSON格式输出：{""count"": 数量} 或 {""count"": ""abstain""}，只输出JSON。","请判断这张图片中的crab cakes的数量。你可以：①给出数字；②回答 ""cannot_judge"" 表示无法判断；③回答 ""no_people"" 表示画面中没有可辨认的个体。以JSON格式输出：{""response"": ...}，只输出JSON。"
3495.jpg,red beans,107,1,"请数出图片中的人数（人群中的每个人头或人体），不要遗漏，不要重复，以JSON格式输出：{""count"": 数量}，只输出JSON。","请数出图片中的人数（人群中的每个人头或人体）。如果你无法逐个确证，请回答 abstain，而不要猜测。以JSON格式输出：{""count"": 数量} 或 {""count"": ""abstain""}，只输出JSON。","请判断这张图片中的人数。你可以：①给出数字；②回答 ""cannot_judge"" 表示无法判断；③回答 ""no_people"" 表示画面中没有可辨认的个体。以JSON格式输出：{""response"": ...}，只输出JSON。","请数出图片中的red beans的数量（画面中每一个属于该类的个体），不要遗漏，不要重复，以JSON格式输出：{""count"": 数量}，只输出JSON。","请数出图片中的red beans的数量（画面中每一个属于该类的个体）。如果你无法逐个确证，请回答 abstain，而不要猜测。以JSON格式输出：{""count"": 数量} 或 {""count"": ""abstain""}，只输出JSON。","请判断这张图片中的red beans的数量。你可以：①给出数字；②回答 ""cannot_judge"" 表示无法判断；③回答 ""no_people"" 表示画面中没有可辨认的个体。以JSON格式输出：{""response"": ...}，只输出JSON。"
3498.jpg,red beans,96,1,"请数出图片中的人数（人群中的每个人头或人体），不要遗漏，不要重复，以JSON格式输出：{""count"": 数量}，只输出JSON。","请数出图片中的人数（人群中的每个人头或人体）。如果你无法逐个确证，请回答 abstain，而不要猜测。以JSON格式输出：{""count"": 数量} 或 {""count"": ""abstain""}，只输出JSON。","请判断这张图片中的人数。你可以：①给出数字；②回答 ""cannot_judge"" 表示无法判断；③回答 ""no_people"" 表示画面中没有可辨认的个体。以JSON格式输出：{""response"": ...}，只输出JSON。","请数出图片中的red beans的数量（画面中每一个属于该类的个体），不要遗漏，不要重复，以JSON格式输出：{""count"": 数量}，只输出JSON。","请数出图片中的red beans的数量（画面中每一个属于该类的个体）。如果你无法逐个确证，请回答 abstain，而不要猜测。以JSON格式输出：{""count"": 数量} 或 {""count"": ""abstain""}，只输出JSON。","请判断这张图片中的red beans的数量。你可以：①给出数字；②回答 ""cannot_judge"" 表示无法判断；③回答 ""no_people"" 表示画面中没有可辨认的个体。以JSON格式输出：{""response"": ...}，只输出JSON。"
3501.jpg,red beans,60,1,"请数出图片中的人数（人群中的每个人头或人体），不要遗漏，不要重复，以JSON格式输出：{""count"": 数量}，只输出JSON。","请数出图片中的人数（人群中的每个人头或人体）。如果你无法逐个确证，请回答 abstain，而不要猜测。以JSON格式输出：{""count"": 数量} 或 {""count"": ""abstain""}，只输出JSON。","请判断这张图片中的人数。你可以：①给出数字；②回答 ""cannot_judge"" 表示无法判断；③回答 ""no_people"" 表示画面中没有可辨认的个体。以JSON格式输出：{""response"": ...}，只输出JSON。","请数出图片中的red beans的数量（画面中每一个属于该类的个体），不要遗漏，不要重复，以JSON格式输出：{""count"": 数量}，只输出JSON。","请数出图片中的red beans的数量（画面中每一个属于该类的个体）。如果你无法逐个确证，请回答 abstain，而不要猜测。以JSON格式输出：{""count"": 数量} 或 {""count"": ""abstain""}，只输出JSON。","请判断这张图片中的red beans的数量。你可以：①给出数字；②回答 ""cannot_judge"" 表示无法判断；③回答 ""no_people"" 表示画面中没有可辨认的个体。以JSON格式输出：{""response"": ...}，只输出JSON。"
3644.jpg,cashew nuts,13,1,"请数出图片中的人数（人群中的每个人头或人体），不要遗漏，不要重复，以JSON格式输出：{""count"": 数量}，只输出JSON。","请数出图片中的人数（人群中的每个人头或人体）。如果你无法逐个确证，请回答 abstain，而不要猜测。以JSON格式输出：{""count"": 数量} 或 {""count"": ""abstain""}，只输出JSON。","请判断这张图片中的人数。你可以：①给出数字；②回答 ""cannot_judge"" 表示无法判断；③回答 ""no_people"" 表示画面中没有可辨认的个体。以JSON格式输出：{""response"": ...}，只输出JSON。","请数出图片中的cashew nuts的数量（画面中每一个属于该类的个体），不要遗漏，不要重复，以JSON格式输出：{""count"": 数量}，只输出JSON。","请数出图片中的cashew nuts的数量（画面中每一个属于该类的个体）。如果你无法逐个确证，请回答 abstain，而不要猜测。以JSON格式输出：{""count"": 数量} 或 {""count"": ""abstain""}，只输出JSON。","请判断这张图片中的cashew nuts的数量。你可以：①给出数字；②回答 ""cannot_judge"" 表示无法判断；③回答 ""no_people"" 表示画面中没有可辨认的个体。以JSON格式输出：{""response"": ...}，只输出JSON。"
3647.jpg,cashew nuts,87,1,"请数出图片中的人数（人群中的每个人头或人体），不要遗漏，不要重复，以JSON格式输出：{""count"": 数量}，只输出JSON。","请数出图片中的人数（人群中的每个人头或人体）。如果你无法逐个确证，请回答 abstain，而不要猜测。以JSON格式输出：{""count"": 数量} 或 {""count"": ""abstain""}，只输出JSON。","请判断这张图片中的人数。你可以：①给出数字；②回答 ""cannot_judge"" 表示无法判断；③回答 ""no_people"" 表示画面中没有可辨认的个体。以JSON格式输出：{""response"": ...}，只输出JSON。","请数出图片中的cashew nuts的数量（画面中每一个属于该类的个体），不要遗漏，不要重复，以JSON格式输出：{""count"": 数量}，只输出JSON。","请数出图片中的cashew nuts的数量（画面中每一个属于该类的个体）。如果你无法逐个确证，请回答 abstain，而不要猜测。以JSON格式输出：{""count"": 数量} 或 {""count"": ""abstain""}，只输出JSON。","请判断这张图片中的cashew nuts的数量。你可以：①给出数字；②回答 ""cannot_judge"" 表示无法判断；③回答 ""no_people"" 表示画面中没有可辨认的个体。以JSON格式输出：{""response"": ...}，只输出JSON。"
3650.jpg,cashew nuts,14,1,"请数出图片中的人数（人群中的每个人头或人体），不要遗漏，不要重复，以JSON格式输出：{""count"": 数量}，只输出JSON。","请数出图片中的人数（人群中的每个人头或人体）。如果你无法逐个确证，请回答 abstain，而不要猜测。以JSON格式输出：{""count"": 数量} 或 {""count"": ""abstain""}，只输出JSON。","请判断这张图片中的人数。你可以：①给出数字；②回答 ""cannot_judge"" 表示无法判断；③回答 ""no_people"" 表示画面中没有可辨认的个体。以JSON格式输出：{""response"": ...}，只输出JSON。","请数出图片中的cashew nuts的数量（画面中每一个属于该类的个体），不要遗漏，不要重复，以JSON格式输出：{""count"": 数量}，只输出JSON。","请数出图片中的cashew nuts的数量（画面中每一个属于该类的个体）。如果你无法逐个确证，请回答 abstain，而不要猜测。以JSON格式输出：{""count"": 数量} 或 {""count"": ""abstain""}，只输出JSON。","请判断这张图片中的cashew nuts的数量。你可以：①给出数字；②回答 ""cannot_judge"" 表示无法判断；③回答 ""no_people"" 表示画面中没有可辨认的个体。以JSON格式输出：{""response"": ...}，只输出JSON。"
3653.jpg,cashew nuts,65,1,"请数出图片中的人数（人群中的每个人头或人体），不要遗漏，不要重复，以JSON格式输出：{""count"": 数量}，只输出JSON。","请数出图片中的人数（人群中的每个人头或人体）。如果你无法逐个确证，请回答 abstain，而不要猜测。以JSON格式输出：{""count"": 数量} 或 {""count"": ""abstain""}，只输出JSON。","请判断这张图片中的人数。你可以：①给出数字；②回答 ""cannot_judge"" 表示无法判断；③回答 ""no_people"" 表示画面中没有可辨认的个体。以JSON格式输出：{""response"": ...}，只输出JSON。","请数出图片中的cashew nuts的数量（画面中每一个属于该类的个体），不要遗漏，不要重复，以JSON格式输出：{""count"": 数量}，只输出JSON。","请数出图片中的cashew nuts的数量（画面中每一个属于该类的个体）。如果你无法逐个确证，请回答 abstain，而不要猜测。以JSON格式输出：{""count"": 数量} 或 {""count"": ""abstain""}，只输出JSON。","请判断这张图片中的cashew nuts的数量。你可以：①给出数字；②回答 ""cannot_judge"" 表示无法判断；③回答 ""no_people"" 表示画面中没有可辨认的个体。以JSON格式输出：{""response"": ...}，只输出JSON。"
3657.jpg,cashew nuts,24,1,"请数出图片中的人数（人群中的每个人头或人体），不要遗漏，不要重复，以JSON格式输出：{""count"": 数量}，只输出JSON。","请数出图片中的人数（人群中的每个人头或人体）。如果你无法逐个确证，请回答 abstain，而不要猜测。以JSON格式输出：{""count"": 数量} 或 {""count"": ""abstain""}，只输出JSON。","请判断这张图片中的人数。你可以：①给出数字；②回答 ""cannot_judge"" 表示无法判断；③回答 ""no_people"" 表示画面中没有可辨认的个体。以JSON格式输出：{""response"": ...}，只输出JSON。","请数出图片中的cashew nuts的数量（画面中每一个属于该类的个体），不要遗漏，不要重复，以JSON格式输出：{""count"": 数量}，只输出JSON。","请数出图片中的cashew nuts的数量（画面中每一个属于该类的个体）。如果你无法逐个确证，请回答 abstain，而不要猜测。以JSON格式输出：{""count"": 数量} 或 {""count"": ""abstain""}，只输出JSON。","请判断这张图片中的cashew nuts的数量。你可以：①给出数字；②回答 ""cannot_judge"" 表示无法判断；③回答 ""no_people"" 表示画面中没有可辨认的个体。以JSON格式输出：{""response"": ...}，只输出JSON。"
3693.jpg,candy pieces,36,1,"请数出图片中的人数（人群中的每个人头或人体），不要遗漏，不要重复，以JSON格式输出：{""count"": 数量}，只输出JSON。","请数出图片中的人数（人群中的每个人头或人体）。如果你无法逐个确证，请回答 abstain，而不要猜测。以JSON格式输出：{""count"": 数量} 或 {""count"": ""abstain""}，只输出JSON。","请判断这张图片中的人数。你可以：①给出数字；②回答 ""cannot_judge"" 表示无法判断；③回答 ""no_people"" 表示画面中没有可辨认的个体。以JSON格式输出：{""response"": ...}，只输出JSON。","请数出图片中的candy pieces的数量（画面中每一个属于该类的个体），不要遗漏，不要重复，以JSON格式输出：{""count"": 数量}，只输出JSON。","请数出图片中的candy pieces的数量（画面中每一个属于该类的个体）。如果你无法逐个确证，请回答 abstain，而不要猜测。以JSON格式输出：{""count"": 数量} 或 {""count"": ""abstain""}，只输出JSON。","请判断这张图片中的candy pieces的数量。你可以：①给出数字；②回答 ""cannot_judge"" 表示无法判断；③回答 ""no_people"" 表示画面中没有可辨认的个体。以JSON格式输出：{""response"": ...}，只输出JSON。"
3696.jpg,candy pieces,8,1,"请数出图片中的人数（人群中的每个人头或人体），不要遗漏，不要重复，以JSON格式输出：{""count"": 数量}，只输出JSON。","请数出图片中的人数（人群中的每个人头或人体）。如果你无法逐个确证，请回答 abstain，而不要猜测。以JSON格式输出：{""count"": 数量} 或 {""count"": ""abstain""}，只输出JSON。","请判断这张图片中的人数。你可以：①给出数字；②回答 ""cannot_judge"" 表示无法判断；③回答 ""no_people"" 表示画面中没有可辨认的个体。以JSON格式输出：{""response"": ...}，只输出JSON。","请数出图片中的candy pieces的数量（画面中每一个属于该类的个体），不要遗漏，不要重复，以JSON格式输出：{""count"": 数量}，只输出JSON。","请数出图片中的candy pieces的数量（画面中每一个属于该类的个体）。如果你无法逐个确证，请回答 abstain，而不要猜测。以JSON格式输出：{""count"": 数量} 或 {""count"": ""abstain""}，只输出JSON。","请判断这张图片中的candy pieces的数量。你可以：①给出数字；②回答 ""cannot_judge"" 表示无法判断；③回答 ""no_people"" 表示画面中没有可辨认的个体。以JSON格式输出：{""response"": ...}，只输出JSON。"
4061.jpg,marbles,95,1,"请数出图片中的人数（人群中的每个人头或人体），不要遗漏，不要重复，以JSON格式输出：{""count"": 数量}，只输出JSON。","请数出图片中的人数（人群中的每个人头或人体）。如果你无法逐个确证，请回答 abstain，而不要猜测。以JSON格式输出：{""count"": 数量} 或 {""count"": ""abstain""}，只输出JSON。","请判断这张图片中的人数。你可以：①给出数字；②回答 ""cannot_judge"" 表示无法判断；③回答 ""no_people"" 表示画面中没有可辨认的个体。以JSON格式输出：{""response"": ...}，只输出JSON。","请数出图片中的marbles的数量（画面中每一个属于该类的个体），不要遗漏，不要重复，以JSON格式输出：{""count"": 数量}，只输出JSON。","请数出图片中的marbles的数量（画面中每一个属于该类的个体）。如果你无法逐个确证，请回答 abstain，而不要猜测。以JSON格式输出：{""count"": 数量} 或 {""count"": ""abstain""}，只输出JSON。","请判断这张图片中的marbles的数量。你可以：①给出数字；②回答 ""cannot_judge"" 表示无法判断；③回答 ""no_people"" 表示画面中没有可辨认的个体。以JSON格式输出：{""response"": ...}，只输出JSON。"
4064.jpg,marbles,119,1,"请数出图片中的人数（人群中的每个人头或人体），不要遗漏，不要重复，以JSON格式输出：{""count"": 数量}，只输出JSON。","请数出图片中的人数（人群中的每个人头或人体）。如果你无法逐个确证，请回答 abstain，而不要猜测。以JSON格式输出：{""count"": 数量} 或 {""count"": ""abstain""}，只输出JSON。","请判断这张图片中的人数。你可以：①给出数字；②回答 ""cannot_judge"" 表示无法判断；③回答 ""no_people"" 表示画面中没有可辨认的个体。以JSON格式输出：{""response"": ...}，只输出JSON。","请数出图片中的marbles的数量（画面中每一个属于该类的个体），不要遗漏，不要重复，以JSON格式输出：{""count"": 数量}，只输出JSON。","请数出图片中的marbles的数量（画面中每一个属于该类的个体）。如果你无法逐个确证，请回答 abstain，而不要猜测。以JSON格式输出：{""count"": 数量} 或 {""count"": ""abstain""}，只输出JSON。","请判断这张图片中的marbles的数量。你可以：①给出数字；②回答 ""cannot_judge"" 表示无法判断；③回答 ""no_people"" 表示画面中没有可辨认的个体。以JSON格式输出：{""response"": ...}，只输出JSON。"
4067.jpg,marbles,42,1,"请数出图片中的人数（人群中的每个人头或人体），不要遗漏，不要重复，以JSON格式输出：{""count"": 数量}，只输出JSON。","请数出图片中的人数（人群中的每个人头或人体）。如果你无法逐个确证，请回答 abstain，而不要猜测。以JSON格式输出：{""count"": 数量} 或 {""count"": ""abstain""}，只输出JSON。","请判断这张图片中的人数。你可以：①给出数字；②回答 ""cannot_judge"" 表示无法判断；③回答 ""no_people"" 表示画面中没有可辨认的个体。以JSON格式输出：{""response"": ...}，只输出JSON。","请数出图片中的marbles的数量（画面中每一个属于该类的个体），不要遗漏，不要重复，以JSON格式输出：{""count"": 数量}，只输出JSON。","请数出图片中的marbles的数量（画面中每一个属于该类的个体）。如果你无法逐个确证，请回答 abstain，而不要猜测。以JSON格式输出：{""count"": 数量} 或 {""count"": ""abstain""}，只输出JSON。","请判断这张图片中的marbles的数量。你可以：①给出数字；②回答 ""cannot_judge"" 表示无法判断；③回答 ""no_people"" 表示画面中没有可辨认的个体。以JSON格式输出：{""response"": ...}，只输出JSON。"
4070.jpg,marbles,76,1,"请数出图片中的人数（人群中的每个人头或人体），不要遗漏，不要重复，以JSON格式输出：{""count"": 数量}，只输出JSON。","请数出图片中的人数（人群中的每个人头或人体）。如果你无法逐个确证，请回答 abstain，而不要猜测。以JSON格式输出：{""count"": 数量} 或 {""count"": ""abstain""}，只输出JSON。","请判断这张图片中的人数。你可以：①给出数字；②回答 ""cannot_judge"" 表示无法判断；③回答 ""no_people"" 表示画面中没有可辨认的个体。以JSON格式输出：{""response"": ...}，只输出JSON。","请数出图片中的marbles的数量（画面中每一个属于该类的个体），不要遗漏，不要重复，以JSON格式输出：{""count"": 数量}，只输出JSON。","请数出图片中的marbles的数量（画面中每一个属于该类的个体）。如果你无法逐个确证，请回答 abstain，而不要猜测。以JSON格式输出：{""count"": 数量} 或 {""count"": ""abstain""}，只输出JSON。","请判断这张图片中的marbles的数量。你可以：①给出数字；②回答 ""cannot_judge"" 表示无法判断；③回答 ""no_people"" 表示画面中没有可辨认的个体。以JSON格式输出：{""response"": ...}，只输出JSON。"
4073.jpg,marbles,25,1,"请数出图片中的人数（人群中的每个人头或人体），不要遗漏，不要重复，以JSON格式输出：{""count"": 数量}，只输出JSON。","请数出图片中的人数（人群中的每个人头或人体）。如果你无法逐个确证，请回答 abstain，而不要猜测。以JSON格式输出：{""count"": 数量} 或 {""count"": ""abstain""}，只输出JSON。","请判断这张图片中的人数。你可以：①给出数字；②回答 ""cannot_judge"" 表示无法判断；③回答 ""no_people"" 表示画面中没有可辨认的个体。以JSON格式输出：{""response"": ...}，只输出JSON。","请数出图片中的marbles的数量（画面中每一个属于该类的个体），不要遗漏，不要重复，以JSON格式输出：{""count"": 数量}，只输出JSON。","请数出图片中的marbles的数量（画面中每一个属于该类的个体）。如果你无法逐个确证，请回答 abstain，而不要猜测。以JSON格式输出：{""count"": 数量} 或 {""count"": ""abstain""}，只输出JSON。","请判断这张图片中的marbles的数量。你可以：①给出数字；②回答 ""cannot_judge"" 表示无法判断；③回答 ""no_people"" 表示画面中没有可辨认的个体。以JSON格式输出：{""response"": ...}，只输出JSON。"
4078.jpg,marbles,58,1,"请数出图片中的人数（人群中的每个人头或人体），不要遗漏，不要重复，以JSON格式输出：{""count"": 数量}，只输出JSON。","请数出图片中的人数（人群中的每个人头或人体）。如果你无法逐个确证，请回答 abstain，而不要猜测。以JSON格式输出：{""count"": 数量} 或 {""count"": ""abstain""}，只输出JSON。","请判断这张图片中的人数。你可以：①给出数字；②回答 ""cannot_judge"" 表示无法判断；③回答 ""no_people"" 表示画面中没有可辨认的个体。以JSON格式输出：{""response"": ...}，只输出JSON。","请数出图片中的marbles的数量（画面中每一个属于该类的个体），不要遗漏，不要重复，以JSON格式输出：{""count"": 数量}，只输出JSON。","请数出图片中的marbles的数量（画面中每一个属于该类的个体）。如果你无法逐个确证，请回答 abstain，而不要猜测。以JSON格式输出：{""count"": 数量} 或 {""count"": ""abstain""}，只输出JSON。","请判断这张图片中的marbles的数量。你可以：①给出数字；②回答 ""cannot_judge"" 表示无法判断；③回答 ""no_people"" 表示画面中没有可辨认的个体。以JSON格式输出：{""response"": ...}，只输出JSON。"
4082.jpg,marbles,108,1,"请数出图片中的人数（人群中的每个人头或人体），不要遗漏，不要重复，以JSON格式输出：{""count"": 数量}，只输出JSON。","请数出图片中的人数（人群中的每个人头或人体）。如果你无法逐个确证，请回答 abstain，而不要猜测。以JSON格式输出：{""count"": 数量} 或 {""count"": ""abstain""}，只输出JSON。","请判断这张图片中的人数。你可以：①给出数字；②回答 ""cannot_judge"" 表示无法判断；③回答 ""no_people"" 表示画面中没有可辨认的个体。以JSON格式输出：{""response"": ...}，只输出JSON。","请数出图片中的marbles的数量（画面中每一个属于该类的个体），不要遗漏，不要重复，以JSON格式输出：{""count"": 数量}，只输出JSON。","请数出图片中的marbles的数量（画面中每一个属于该类的个体）。如果你无法逐个确证，请回答 abstain，而不要猜测。以JSON格式输出：{""count"": 数量} 或 {""count"": ""abstain""}，只输出JSON。","请判断这张图片中的marbles的数量。你可以：①给出数字；②回答 ""cannot_judge"" 表示无法判断；③回答 ""no_people"" 表示画面中没有可辨认的个体。以JSON格式输出：{""response"": ...}，只输出JSON。"
4085.jpg,marbles,86,1,"请数出图片中的人数（人群中的每个人头或人体），不要遗漏，不要重复，以JSON格式输出：{""count"": 数量}，只输出JSON。","请数出图片中的人数（人群中的每个人头或人体）。如果你无法逐个确证，请回答 abstain，而不要猜测。以JSON格式输出：{""count"": 数量} 或 {""count"": ""abstain""}，只输出JSON。","请判断这张图片中的人数。你可以：①给出数字；②回答 ""cannot_judge"" 表示无法判断；③回答 ""no_people"" 表示画面中没有可辨认的个体。以JSON格式输出：{""response"": ...}，只输出JSON。","请数出图片中的marbles的数量（画面中每一个属于该类的个体），不要遗漏，不要重复，以JSON格式输出：{""count"": 数量}，只输出JSON。","请数出图片中的marbles的数量（画面中每一个属于该类的个体）。如果你无法逐个确证，请回答 abstain，而不要猜测。以JSON格式输出：{""count"": 数量} 或 {""count"": ""abstain""}，只输出JSON。","请判断这张图片中的marbles的数量。你可以：①给出数字；②回答 ""cannot_judge"" 表示无法判断；③回答 ""no_people"" 表示画面中没有可辨认的个体。以JSON格式输出：{""response"": ...}，只输出JSON。"
4088.jpg,marbles,28,1,"请数出图片中的人数（人群中的每个人头或人体），不要遗漏，不要重复，以JSON格式输出：{""count"": 数量}，只输出JSON。","请数出图片中的人数（人群中的每个人头或人体）。如果你无法逐个确证，请回答 abstain，而不要猜测。以JSON格式输出：{""count"": 数量} 或 {""count"": ""abstain""}，只输出JSON。","请判断这张图片中的人数。你可以：①给出数字；②回答 ""cannot_judge"" 表示无法判断；③回答 ""no_people"" 表示画面中没有可辨认的个体。以JSON格式输出：{""response"": ...}，只输出JSON。","请数出图片中的marbles的数量（画面中每一个属于该类的个体），不要遗漏，不要重复，以JSON格式输出：{""count"": 数量}，只输出JSON。","请数出图片中的marbles的数量（画面中每一个属于该类的个体）。如果你无法逐个确证，请回答 abstain，而不要猜测。以JSON格式输出：{""count"": 数量} 或 {""count"": ""abstain""}，只输出JSON。","请判断这张图片中的marbles的数量。你可以：①给出数字；②回答 ""cannot_judge"" 表示无法判断；③回答 ""no_people"" 表示画面中没有可辨认的个体。以JSON格式输出：{""response"": ...}，只输出JSON。"
4111.jpg,finger foods,24,1,"请数出图片中的人数（人群中的每个人头或人体），不要遗漏，不要重复，以JSON格式输出：{""count"": 数量}，只输出JSON。","请数出图片中的人数（人群中的每个人头或人体）。如果你无法逐个确证，请回答 abstain，而不要猜测。以JSON格式输出：{""count"": 数量} 或 {""count"": ""abstain""}，只输出JSON。","请判断这张图片中的人数。你可以：①给出数字；②回答 ""cannot_judge"" 表示无法判断；③回答 ""no_people"" 表示画面中没有可辨认的个体。以JSON格式输出：{""response"": ...}，只输出JSON。","请数出图片中的finger foods的数量（画面中每一个属于该类的个体），不要遗漏，不要重复，以JSON格式输出：{""count"": 数量}，只输出JSON。","请数出图片中的finger foods的数量（画面中每一个属于该类的个体）。如果你无法逐个确证，请回答 abstain，而不要猜测。以JSON格式输出：{""count"": 数量} 或 {""count"": ""abstain""}，只输出JSON。","请判断这张图片中的finger foods的数量。你可以：①给出数字；②回答 ""cannot_judge"" 表示无法判断；③回答 ""no_people"" 表示画面中没有可辨认的个体。以JSON格式输出：{""response"": ...}，只输出JSON。"
4114.jpg,finger foods,12,1,"请数出图片中的人数（人群中的每个人头或人体），不要遗漏，不要重复，以JSON格式输出：{""count"": 数量}，只输出JSON。","请数出图片中的人数（人群中的每个人头或人体）。如果你无法逐个确证，请回答 abstain，而不要猜测。以JSON格式输出：{""count"": 数量} 或 {""count"": ""abstain""}，只输出JSON。","请判断这张图片中的人数。你可以：①给出数字；②回答 ""cannot_judge"" 表示无法判断；③回答 ""no_people"" 表示画面中没有可辨认的个体。以JSON格式输出：{""response"": ...}，只输出JSON。","请数出图片中的finger foods的数量（画面中每一个属于该类的个体），不要遗漏，不要重复，以JSON格式输出：{""count"": 数量}，只输出JSON。","请数出图片中的finger foods的数量（画面中每一个属于该类的个体）。如果你无法逐个确证，请回答 abstain，而不要猜测。以JSON格式输出：{""count"": 数量} 或 {""count"": ""abstain""}，只输出JSON。","请判断这张图片中的finger foods的数量。你可以：①给出数字；②回答 ""cannot_judge"" 表示无法判断；③回答 ""no_people"" 表示画面中没有可辨认的个体。以JSON格式输出：{""response"": ...}，只输出JSON。"
4118.jpg,finger foods,13,1,"请数出图片中的人数（人群中的每个人头或人体），不要遗漏，不要重复，以JSON格式输出：{""count"": 数量}，只输出JSON。","请数出图片中的人数（人群中的每个人头或人体）。如果你无法逐个确证，请回答 abstain，而不要猜测。以JSON格式输出：{""count"": 数量} 或 {""count"": ""abstain""}，只输出JSON。","请判断这张图片中的人数。你可以：①给出数字；②回答 ""cannot_judge"" 表示无法判断；③回答 ""no_people"" 表示画面中没有可辨认的个体。以JSON格式输出：{""response"": ...}，只输出JSON。","请数出图片中的finger foods的数量（画面中每一个属于该类的个体），不要遗漏，不要重复，以JSON格式输出：{""count"": 数量}，只输出JSON。","请数出图片中的finger foods的数量（画面中每一个属于该类的个体）。如果你无法逐个确证，请回答 abstain，而不要猜测。以JSON格式输出：{""count"": 数量} 或 {""count"": ""abstain""}，只输出JSON。","请判断这张图片中的finger foods的数量。你可以：①给出数字；②回答 ""cannot_judge"" 表示无法判断；③回答 ""no_people"" 表示画面中没有可辨认的个体。以JSON格式输出：{""response"": ...}，只输出JSON。"
4121.jpg,finger foods,10,1,"请数出图片中的人数（人群中的每个人头或人体），不要遗漏，不要重复，以JSON格式输出：{""count"": 数量}，只输出JSON。","请数出图片中的人数（人群中的每个人头或人体）。如果你无法逐个确证，请回答 abstain，而不要猜测。以JSON格式输出：{""count"": 数量} 或 {""count"": ""abstain""}，只输出JSON。","请判断这张图片中的人数。你可以：①给出数字；②回答 ""cannot_judge"" 表示无法判断；③回答 ""no_people"" 表示画面中没有可辨认的个体。以JSON格式输出：{""response"": ...}，只输出JSON。","请数出图片中的finger foods的数量（画面中每一个属于该类的个体），不要遗漏，不要重复，以JSON格式输出：{""count"": 数量}，只输出JSON。","请数出图片中的finger foods的数量（画面中每一个属于该类的个体）。如果你无法逐个确证，请回答 abstain，而不要猜测。以JSON格式输出：{""count"": 数量} 或 {""count"": ""abstain""}，只输出JSON。","请判断这张图片中的finger foods的数量。你可以：①给出数字；②回答 ""cannot_judge"" 表示无法判断；③回答 ""no_people"" 表示画面中没有可辨认的个体。以JSON格式输出：{""response"": ...}，只输出JSON。"
4170.jpg,potato chips,34,1,"请数出图片中的人数（人群中的每个人头或人体），不要遗漏，不要重复，以JSON格式输出：{""count"": 数量}，只输出JSON。","请数出图片中的人数（人群中的每个人头或人体）。如果你无法逐个确证，请回答 abstain，而不要猜测。以JSON格式输出：{""count"": 数量} 或 {""count"": ""abstain""}，只输出JSON。","请判断这张图片中的人数。你可以：①给出数字；②回答 ""cannot_judge"" 表示无法判断；③回答 ""no_people"" 表示画面中没有可辨认的个体。以JSON格式输出：{""response"": ...}，只输出JSON。","请数出图片中的potato chips的数量（画面中每一个属于该类的个体），不要遗漏，不要重复，以JSON格式输出：{""count"": 数量}，只输出JSON。","请数出图片中的potato chips的数量（画面中每一个属于该类的个体）。如果你无法逐个确证，请回答 abstain，而不要猜测。以JSON格式输出：{""count"": 数量} 或 {""count"": ""abstain""}，只输出JSON。","请判断这张图片中的potato chips的数量。你可以：①给出数字；②回答 ""cannot_judge"" 表示无法判断；③回答 ""no_people"" 表示画面中没有可辨认的个体。以JSON格式输出：{""response"": ...}，只输出JSON。"
4175.jpg,potato chips,21,1,"请数出图片中的人数（人群中的每个人头或人体），不要遗漏，不要重复，以JSON格式输出：{""count"": 数量}，只输出JSON。","请数出图片中的人数（人群中的每个人头或人体）。如果你无法逐个确证，请回答 abstain，而不要猜测。以JSON格式输出：{""count"": 数量} 或 {""count"": ""abstain""}，只输出JSON。","请判断这张图片中的人数。你可以：①给出数字；②回答 ""cannot_judge"" 表示无法判断；③回答 ""no_people"" 表示画面中没有可辨认的个体。以JSON格式输出：{""response"": ...}，只输出JSON。","请数出图片中的potato chips的数量（画面中每一个属于该类的个体），不要遗漏，不要重复，以JSON格式输出：{""count"": 数量}，只输出JSON。","请数出图片中的potato chips的数量（画面中每一个属于该类的个体）。如果你无法逐个确证，请回答 abstain，而不要猜测。以JSON格式输出：{""count"": 数量} 或 {""count"": ""abstain""}，只输出JSON。","请判断这张图片中的potato chips的数量。你可以：①给出数字；②回答 ""cannot_judge"" 表示无法判断；③回答 ""no_people"" 表示画面中没有可辨认的个体。以JSON格式输出：{""response"": ...}，只输出JSON。"
4285.jpg,green peas,115,1,"请数出图片中的人数（人群中的每个人头或人体），不要遗漏，不要重复，以JSON格式输出：{""count"": 数量}，只输出JSON。","请数出图片中的人数（人群中的每个人头或人体）。如果你无法逐个确证，请回答 abstain，而不要猜测。以JSON格式输出：{""count"": 数量} 或 {""count"": ""abstain""}，只输出JSON。","请判断这张图片中的人数。你可以：①给出数字；②回答 ""cannot_judge"" 表示无法判断；③回答 ""no_people"" 表示画面中没有可辨认的个体。以JSON格式输出：{""response"": ...}，只输出JSON。","请数出图片中的green peas的数量（画面中每一个属于该类的个体），不要遗漏，不要重复，以JSON格式输出：{""count"": 数量}，只输出JSON。","请数出图片中的green peas的数量（画面中每一个属于该类的个体）。如果你无法逐个确证，请回答 abstain，而不要猜测。以JSON格式输出：{""count"": 数量} 或 {""count"": ""abstain""}，只输出JSON。","请判断这张图片中的green peas的数量。你可以：①给出数字；②回答 ""cannot_judge"" 表示无法判断；③回答 ""no_people"" 表示画面中没有可辨认的个体。以JSON格式输出：{""response"": ...}，只输出JSON。"
4288.jpg,green peas,118,1,"请数出图片中的人数（人群中的每个人头或人体），不要遗漏，不要重复，以JSON格式输出：{""count"": 数量}，只输出JSON。","请数出图片中的人数（人群中的每个人头或人体）。如果你无法逐个确证，请回答 abstain，而不要猜测。以JSON格式输出：{""count"": 数量} 或 {""count"": ""abstain""}，只输出JSON。","请判断这张图片中的人数。你可以：①给出数字；②回答 ""cannot_judge"" 表示无法判断；③回答 ""no_people"" 表示画面中没有可辨认的个体。以JSON格式输出：{""response"": ...}，只输出JSON。","请数出图片中的green peas的数量（画面中每一个属于该类的个体），不要遗漏，不要重复，以JSON格式输出：{""count"": 数量}，只输出JSON。","请数出图片中的green peas的数量（画面中每一个属于该类的个体）。如果你无法逐个确证，请回答 abstain，而不要猜测。以JSON格式输出：{""count"": 数量} 或 {""count"": ""abstain""}，只输出JSON。","请判断这张图片中的green peas的数量。你可以：①给出数字；②回答 ""cannot_judge"" 表示无法判断；③回答 ""no_people"" 表示画面中没有可辨认的个体。以JSON格式输出：{""response"": ...}，只输出JSON。"
4291.jpg,green peas,323,1,"请数出图片中的人数（人群中的每个人头或人体），不要遗漏，不要重复，以JSON格式输出：{""count"": 数量}，只输出JSON。","请数出图片中的人数（人群中的每个人头或人体）。如果你无法逐个确证，请回答 abstain，而不要猜测。以JSON格式输出：{""count"": 数量} 或 {""count"": ""abstain""}，只输出JSON。","请判断这张图片中的人数。你可以：①给出数字；②回答 ""cannot_judge"" 表示无法判断；③回答 ""no_people"" 表示画面中没有可辨认的个体。以JSON格式输出：{""response"": ...}，只输出JSON。","请数出图片中的green peas的数量（画面中每一个属于该类的个体），不要遗漏，不要重复，以JSON格式输出：{""count"": 数量}，只输出JSON。","请数出图片中的green peas的数量（画面中每一个属于该类的个体）。如果你无法逐个确证，请回答 abstain，而不要猜测。以JSON格式输出：{""count"": 数量} 或 {""count"": ""abstain""}，只输出JSON。","请判断这张图片中的green peas的数量。你可以：①给出数字；②回答 ""cannot_judge"" 表示无法判断；③回答 ""no_people"" 表示画面中没有可辨认的个体。以JSON格式输出：{""response"": ...}，只输出JSON。"
4295.jpg,green peas,110,1,"请数出图片中的人数（人群中的每个人头或人体），不要遗漏，不要重复，以JSON格式输出：{""count"": 数量}，只输出JSON。","请数出图片中的人数（人群中的每个人头或人体）。如果你无法逐个确证，请回答 abstain，而不要猜测。以JSON格式输出：{""count"": 数量} 或 {""count"": ""abstain""}，只输出JSON。","请判断这张图片中的人数。你可以：①给出数字；②回答 ""cannot_judge"" 表示无法判断；③回答 ""no_people"" 表示画面中没有可辨认的个体。以JSON格式输出：{""response"": ...}，只输出JSON。","请数出图片中的green peas的数量（画面中每一个属于该类的个体），不要遗漏，不要重复，以JSON格式输出：{""count"": 数量}，只输出JSON。","请数出图片中的green peas的数量（画面中每一个属于该类的个体）。如果你无法逐个确证，请回答 abstain，而不要猜测。以JSON格式输出：{""count"": 数量} 或 {""count"": ""abstain""}，只输出JSON。","请判断这张图片中的green peas的数量。你可以：①给出数字；②回答 ""cannot_judge"" 表示无法判断；③回答 ""no_people"" 表示画面中没有可辨认的个体。以JSON格式输出：{""response"": ...}，只输出JSON。"
4298.jpg,green peas,44,1,"请数出图片中的人数（人群中的每个人头或人体），不要遗漏，不要重复，以JSON格式输出：{""count"": 数量}，只输出JSON。","请数出图片中的人数（人群中的每个人头或人体）。如果你无法逐个确证，请回答 abstain，而不要猜测。以JSON格式输出：{""count"": 数量} 或 {""count"": ""abstain""}，只输出JSON。","请判断这张图片中的人数。你可以：①给出数字；②回答 ""cannot_judge"" 表示无法判断；③回答 ""no_people"" 表示画面中没有可辨认的个体。以JSON格式输出：{""response"": ...}，只输出JSON。","请数出图片中的green peas的数量（画面中每一个属于该类的个体），不要遗漏，不要重复，以JSON格式输出：{""count"": 数量}，只输出JSON。","请数出图片中的green peas的数量（画面中每一个属于该类的个体）。如果你无法逐个确证，请回答 abstain，而不要猜测。以JSON格式输出：{""count"": 数量} 或 {""count"": ""abstain""}，只输出JSON。","请判断这张图片中的green peas的数量。你可以：①给出数字；②回答 ""cannot_judge"" 表示无法判断；③回答 ""no_people"" 表示画面中没有可辨认的个体。以JSON格式输出：{""response"": ...}，只输出JSON。"
4302.jpg,green peas,131,1,"请数出图片中的人数（人群中的每个人头或人体），不要遗漏，不要重复，以JSON格式输出：{""count"": 数量}，只输出JSON。","请数出图片中的人数（人群中的每个人头或人体）。如果你无法逐个确证，请回答 abstain，而不要猜测。以JSON格式输出：{""count"": 数量} 或 {""count"": ""abstain""}，只输出JSON。","请判断这张图片中的人数。你可以：①给出数字；②回答 ""cannot_judge"" 表示无法判断；③回答 ""no_people"" 表示画面中没有可辨认的个体。以JSON格式输出：{""response"": ...}，只输出JSON。","请数出图片中的green peas的数量（画面中每一个属于该类的个体），不要遗漏，不要重复，以JSON格式输出：{""count"": 数量}，只输出JSON。","请数出图片中的green peas的数量（画面中每一个属于该类的个体）。如果你无法逐个确证，请回答 abstain，而不要猜测。以JSON格式输出：{""count"": 数量} 或 {""count"": ""abstain""}，只输出JSON。","请判断这张图片中的green peas的数量。你可以：①给出数字；②回答 ""cannot_judge"" 表示无法判断；③回答 ""no_people"" 表示画面中没有可辨认的个体。以JSON格式输出：{""response"": ...}，只输出JSON。"
4305.jpg,green peas,77,1,"请数出图片中的人数（人群中的每个人头或人体），不要遗漏，不要重复，以JSON格式输出：{""count"": 数量}，只输出JSON。","请数出图片中的人数（人群中的每个人头或人体）。如果你无法逐个确证，请回答 abstain，而不要猜测。以JSON格式输出：{""count"": 数量} 或 {""count"": ""abstain""}，只输出JSON。","请判断这张图片中的人数。你可以：①给出数字；②回答 ""cannot_judge"" 表示无法判断；③回答 ""no_people"" 表示画面中没有可辨认的个体。以JSON格式输出：{""response"": ...}，只输出JSON。","请数出图片中的green peas的数量（画面中每一个属于该类的个体），不要遗漏，不要重复，以JSON格式输出：{""count"": 数量}，只输出JSON。","请数出图片中的green peas的数量（画面中每一个属于该类的个体）。如果你无法逐个确证，请回答 abstain，而不要猜测。以JSON格式输出：{""count"": 数量} 或 {""count"": ""abstain""}，只输出JSON。","请判断这张图片中的green peas的数量。你可以：①给出数字；②回答 ""cannot_judge"" 表示无法判断；③回答 ""no_people"" 表示画面中没有可辨认的个体。以JSON格式输出：{""response"": ...}，只输出JSON。"
4407.jpg,hot air balloons,69,1,"请数出图片中的人数（人群中的每个人头或人体），不要遗漏，不要重复，以JSON格式输出：{""count"": 数量}，只输出JSON。","请数出图片中的人数（人群中的每个人头或人体）。如果你无法逐个确证，请回答 abstain，而不要猜测。以JSON格式输出：{""count"": 数量} 或 {""count"": ""abstain""}，只输出JSON。","请判断这张图片中的人数。你可以：①给出数字；②回答 ""cannot_judge"" 表示无法判断；③回答 ""no_people"" 表示画面中没有可辨认的个体。以JSON格式输出：{""response"": ...}，只输出JSON。","请数出图片中的hot air balloons的数量（画面中每一个属于该类的个体），不要遗漏，不要重复，以JSON格式输出：{""count"": 数量}，只输出JSON。","请数出图片中的hot air balloons的数量（画面中每一个属于该类的个体）。如果你无法逐个确证，请回答 abstain，而不要猜测。以JSON格式输出：{""count"": 数量} 或 {""count"": ""abstain""}，只输出JSON。","请判断这张图片中的hot air balloons的数量。你可以：①给出数字；②回答 ""cannot_judge"" 表示无法判断；③回答 ""no_people"" 表示画面中没有可辨认的个体。以JSON格式输出：{""response"": ...}，只输出JSON。"
4412.jpg,hot air balloons,10,1,"请数出图片中的人数（人群中的每个人头或人体），不要遗漏，不要重复，以JSON格式输出：{""count"": 数量}，只输出JSON。","请数出图片中的人数（人群中的每个人头或人体）。如果你无法逐个确证，请回答 abstain，而不要猜测。以JSON格式输出：{""count"": 数量} 或 {""count"": ""abstain""}，只输出JSON。","请判断这张图片中的人数。你可以：①给出数字；②回答 ""cannot_judge"" 表示无法判断；③回答 ""no_people"" 表示画面中没有可辨认的个体。以JSON格式输出：{""response"": ...}，只输出JSON。","请数出图片中的hot air balloons的数量（画面中每一个属于该类的个体），不要遗漏，不要重复，以JSON格式输出：{""count"": 数量}，只输出JSON。","请数出图片中的hot air balloons的数量（画面中每一个属于该类的个体）。如果你无法逐个确证，请回答 abstain，而不要猜测。以JSON格式输出：{""count"": 数量} 或 {""count"": ""abstain""}，只输出JSON。","请判断这张图片中的hot air balloons的数量。你可以：①给出数字；②回答 ""cannot_judge"" 表示无法判断；③回答 ""no_people"" 表示画面中没有可辨认的个体。以JSON格式输出：{""response"": ...}，只输出JSON。"
4415.jpg,hot air balloons,16,1,"请数出图片中的人数（人群中的每个人头或人体），不要遗漏，不要重复，以JSON格式输出：{""count"": 数量}，只输出JSON。","请数出图片中的人数（人群中的每个人头或人体）。如果你无法逐个确证，请回答 abstain，而不要猜测。以JSON格式输出：{""count"": 数量} 或 {""count"": ""abstain""}，只输出JSON。","请判断这张图片中的人数。你可以：①给出数字；②回答 ""cannot_judge"" 表示无法判断；③回答 ""no_people"" 表示画面中没有可辨认的个体。以JSON格式输出：{""response"": ...}，只输出JSON。","请数出图片中的hot air balloons的数量（画面中每一个属于该类的个体），不要遗漏，不要重复，以JSON格式输出：{""count"": 数量}，只输出JSON。","请数出图片中的hot air balloons的数量（画面中每一个属于该类的个体）。如果你无法逐个确证，请回答 abstain，而不要猜测。以JSON格式输出：{""count"": 数量} 或 {""count"": ""abstain""}，只输出JSON。","请判断这张图片中的hot air balloons的数量。你可以：①给出数字；②回答 ""cannot_judge"" 表示无法判断；③回答 ""no_people"" 表示画面中没有可辨认的个体。以JSON格式输出：{""response"": ...}，只输出JSON。"
4418.jpg,hot air balloons,30,1,"请数出图片中的人数（人群中的每个人头或人体），不要遗漏，不要重复，以JSON格式输出：{""count"": 数量}，只输出JSON。","请数出图片中的人数（人群中的每个人头或人体）。如果你无法逐个确证，请回答 abstain，而不要猜测。以JSON格式输出：{""count"": 数量} 或 {""count"": ""abstain""}，只输出JSON。","请判断这张图片中的人数。你可以：①给出数字；②回答 ""cannot_judge"" 表示无法判断；③回答 ""no_people"" 表示画面中没有可辨认的个体。以JSON格式输出：{""response"": ...}，只输出JSON。","请数出图片中的hot air balloons的数量（画面中每一个属于该类的个体），不要遗漏，不要重复，以JSON格式输出：{""count"": 数量}，只输出JSON。","请数出图片中的hot air balloons的数量（画面中每一个属于该类的个体）。如果你无法逐个确证，请回答 abstain，而不要猜测。以JSON格式输出：{""count"": 数量} 或 {""count"": ""abstain""}，只输出JSON。","请判断这张图片中的hot air balloons的数量。你可以：①给出数字；②回答 ""cannot_judge"" 表示无法判断；③回答 ""no_people"" 表示画面中没有可辨认的个体。以JSON格式输出：{""response"": ...}，只输出JSON。"
4422.jpg,hot air balloons,10,1,"请数出图片中的人数（人群中的每个人头或人体），不要遗漏，不要重复，以JSON格式输出：{""count"": 数量}，只输出JSON。","请数出图片中的人数（人群中的每个人头或人体）。如果你无法逐个确证，请回答 abstain，而不要猜测。以JSON格式输出：{""count"": 数量} 或 {""count"": ""abstain""}，只输出JSON。","请判断这张图片中的人数。你可以：①给出数字；②回答 ""cannot_judge"" 表示无法判断；③回答 ""no_people"" 表示画面中没有可辨认的个体。以JSON格式输出：{""response"": ...}，只输出JSON。","请数出图片中的hot air balloons的数量（画面中每一个属于该类的个体），不要遗漏，不要重复，以JSON格式输出：{""count"": 数量}，只输出JSON。","请数出图片中的hot air balloons的数量（画面中每一个属于该类的个体）。如果你无法逐个确证，请回答 abstain，而不要猜测。以JSON格式输出：{""count"": 数量} 或 {""count"": ""abstain""}，只输出JSON。","请判断这张图片中的hot air balloons的数量。你可以：①给出数字；②回答 ""cannot_judge"" 表示无法判断；③回答 ""no_people"" 表示画面中没有可辨认的个体。以JSON格式输出：{""response"": ...}，只输出JSON。"
4493.jpg,skis,18,1,"请数出图片中的人数（人群中的每个人头或人体），不要遗漏，不要重复，以JSON格式输出：{""count"": 数量}，只输出JSON。","请数出图片中的人数（人群中的每个人头或人体）。如果你无法逐个确证，请回答 abstain，而不要猜测。以JSON格式输出：{""count"": 数量} 或 {""count"": ""abstain""}，只输出JSON。","请判断这张图片中的人数。你可以：①给出数字；②回答 ""cannot_judge"" 表示无法判断；③回答 ""no_people"" 表示画面中没有可辨认的个体。以JSON格式输出：{""response"": ...}，只输出JSON。","请数出图片中的skis的数量（画面中每一个属于该类的个体），不要遗漏，不要重复，以JSON格式输出：{""count"": 数量}，只输出JSON。","请数出图片中的skis的数量（画面中每一个属于该类的个体）。如果你无法逐个确证，请回答 abstain，而不要猜测。以JSON格式输出：{""count"": 数量} 或 {""count"": ""abstain""}，只输出JSON。","请判断这张图片中的skis的数量。你可以：①给出数字；②回答 ""cannot_judge"" 表示无法判断；③回答 ""no_people"" 表示画面中没有可辨认的个体。以JSON格式输出：{""response"": ...}，只输出JSON。"
4496.jpg,skis,13,1,"请数出图片中的人数（人群中的每个人头或人体），不要遗漏，不要重复，以JSON格式输出：{""count"": 数量}，只输出JSON。","请数出图片中的人数（人群中的每个人头或人体）。如果你无法逐个确证，请回答 abstain，而不要猜测。以JSON格式输出：{""count"": 数量} 或 {""count"": ""abstain""}，只输出JSON。","请判断这张图片中的人数。你可以：①给出数字；②回答 ""cannot_judge"" 表示无法判断；③回答 ""no_people"" 表示画面中没有可辨认的个体。以JSON格式输出：{""response"": ...}，只输出JSON。","请数出图片中的skis的数量（画面中每一个属于该类的个体），不要遗漏，不要重复，以JSON格式输出：{""count"": 数量}，只输出JSON。","请数出图片中的skis的数量（画面中每一个属于该类的个体）。如果你无法逐个确证，请回答 abstain，而不要猜测。以JSON格式输出：{""count"": 数量} 或 {""count"": ""abstain""}，只输出JSON。","请判断这张图片中的skis的数量。你可以：①给出数字；②回答 ""cannot_judge"" 表示无法判断；③回答 ""no_people"" 表示画面中没有可辨认的个体。以JSON格式输出：{""response"": ...}，只输出JSON。"
4499.jpg,skis,10,1,"请数出图片中的人数（人群中的每个人头或人体），不要遗漏，不要重复，以JSON格式输出：{""count"": 数量}，只输出JSON。","请数出图片中的人数（人群中的每个人头或人体）。如果你无法逐个确证，请回答 abstain，而不要猜测。以JSON格式输出：{""count"": 数量} 或 {""count"": ""abstain""}，只输出JSON。","请判断这张图片中的人数。你可以：①给出数字；②回答 ""cannot_judge"" 表示无法判断；③回答 ""no_people"" 表示画面中没有可辨认的个体。以JSON格式输出：{""response"": ...}，只输出JSON。","请数出图片中的skis的数量（画面中每一个属于该类的个体），不要遗漏，不要重复，以JSON格式输出：{""count"": 数量}，只输出JSON。","请数出图片中的skis的数量（画面中每一个属于该类的个体）。如果你无法逐个确证，请回答 abstain，而不要猜测。以JSON格式输出：{""count"": 数量} 或 {""count"": ""abstain""}，只输出JSON。","请判断这张图片中的skis的数量。你可以：①给出数字；②回答 ""cannot_judge"" 表示无法判断；③回答 ""no_people"" 表示画面中没有可辨认的个体。以JSON格式输出：{""response"": ...}，只输出JSON。"
4502.jpg,skis,21,1,"请数出图片中的人数（人群中的每个人头或人体），不要遗漏，不要重复，以JSON格式输出：{""count"": 数量}，只输出JSON。","请数出图片中的人数（人群中的每个人头或人体）。如果你无法逐个确证，请回答 abstain，而不要猜测。以JSON格式输出：{""count"": 数量} 或 {""count"": ""abstain""}，只输出JSON。","请判断这张图片中的人数。你可以：①给出数字；②回答 ""cannot_judge"" 表示无法判断；③回答 ""no_people"" 表示画面中没有可辨认的个体。以JSON格式输出：{""response"": ...}，只输出JSON。","请数出图片中的skis的数量（画面中每一个属于该类的个体），不要遗漏，不要重复，以JSON格式输出：{""count"": 数量}，只输出JSON。","请数出图片中的skis的数量（画面中每一个属于该类的个体）。如果你无法逐个确证，请回答 abstain，而不要猜测。以JSON格式输出：{""count"": 数量} 或 {""count"": ""abstain""}，只输出JSON。","请判断这张图片中的skis的数量。你可以：①给出数字；②回答 ""cannot_judge"" 表示无法判断；③回答 ""no_people"" 表示画面中没有可辨认的个体。以JSON格式输出：{""response"": ...}，只输出JSON。"
4876.jpg,strawberries,42,1,"请数出图片中的人数（人群中的每个人头或人体），不要遗漏，不要重复，以JSON格式输出：{""count"": 数量}，只输出JSON。","请数出图片中的人数（人群中的每个人头或人体）。如果你无法逐个确证，请回答 abstain，而不要猜测。以JSON格式输出：{""count"": 数量} 或 {""count"": ""abstain""}，只输出JSON。","请判断这张图片中的人数。你可以：①给出数字；②回答 ""cannot_judge"" 表示无法判断；③回答 ""no_people"" 表示画面中没有可辨认的个体。以JSON格式输出：{""response"": ...}，只输出JSON。","请数出图片中的strawberries的数量（画面中每一个属于该类的个体），不要遗漏，不要重复，以JSON格式输出：{""count"": 数量}，只输出JSON。","请数出图片中的strawberries的数量（画面中每一个属于该类的个体）。如果你无法逐个确证，请回答 abstain，而不要猜测。以JSON格式输出：{""count"": 数量} 或 {""count"": ""abstain""}，只输出JSON。","请判断这张图片中的strawberries的数量。你可以：①给出数字；②回答 ""cannot_judge"" 表示无法判断；③回答 ""no_people"" 表示画面中没有可辨认的个体。以JSON格式输出：{""response"": ...}，只输出JSON。"
4879.jpg,strawberries,76,1,"请数出图片中的人数（人群中的每个人头或人体），不要遗漏，不要重复，以JSON格式输出：{""count"": 数量}，只输出JSON。","请数出图片中的人数（人群中的每个人头或人体）。如果你无法逐个确证，请回答 abstain，而不要猜测。以JSON格式输出：{""count"": 数量} 或 {""count"": ""abstain""}，只输出JSON。","请判断这张图片中的人数。你可以：①给出数字；②回答 ""cannot_judge"" 表示无法判断；③回答 ""no_people"" 表示画面中没有可辨认的个体。以JSON格式输出：{""response"": ...}，只输出JSON。","请数出图片中的strawberries的数量（画面中每一个属于该类的个体），不要遗漏，不要重复，以JSON格式输出：{""count"": 数量}，只输出JSON。","请数出图片中的strawberries的数量（画面中每一个属于该类的个体）。如果你无法逐个确证，请回答 abstain，而不要猜测。以JSON格式输出：{""count"": 数量} 或 {""count"": ""abstain""}，只输出JSON。","请判断这张图片中的strawberries的数量。你可以：①给出数字；②回答 ""cannot_judge"" 表示无法判断；③回答 ""no_people"" 表示画面中没有可辨认的个体。以JSON格式输出：{""response"": ...}，只输出JSON。"
4882.jpg,strawberries,28,1,"请数出图片中的人数（人群中的每个人头或人体），不要遗漏，不要重复，以JSON格式输出：{""count"": 数量}，只输出JSON。","请数出图片中的人数（人群中的每个人头或人体）。如果你无法逐个确证，请回答 abstain，而不要猜测。以JSON格式输出：{""count"": 数量} 或 {""count"": ""abstain""}，只输出JSON。","请判断这张图片中的人数。你可以：①给出数字；②回答 ""cannot_judge"" 表示无法判断；③回答 ""no_people"" 表示画面中没有可辨认的个体。以JSON格式输出：{""response"": ...}，只输出JSON。","请数出图片中的strawberries的数量（画面中每一个属于该类的个体），不要遗漏，不要重复，以JSON格式输出：{""count"": 数量}，只输出JSON。","请数出图片中的strawberries的数量（画面中每一个属于该类的个体）。如果你无法逐个确证，请回答 abstain，而不要猜测。以JSON格式输出：{""count"": 数量} 或 {""count"": ""abstain""}，只输出JSON。","请判断这张图片中的strawberries的数量。你可以：①给出数字；②回答 ""cannot_judge"" 表示无法判断；③回答 ""no_people"" 表示画面中没有可辨认的个体。以JSON格式输出：{""response"": ...}，只输出JSON。"
4885.jpg,strawberries,11,1,"请数出图片中的人数（人群中的每个人头或人体），不要遗漏，不要重复，以JSON格式输出：{""count"": 数量}，只输出JSON。","请数出图片中的人数（人群中的每个人头或人体）。如果你无法逐个确证，请回答 abstain，而不要猜测。以JSON格式输出：{""count"": 数量} 或 {""count"": ""abstain""}，只输出JSON。","请判断这张图片中的人数。你可以：①给出数字；②回答 ""cannot_judge"" 表示无法判断；③回答 ""no_people"" 表示画面中没有可辨认的个体。以JSON格式输出：{""response"": ...}，只输出JSON。","请数出图片中的strawberries的数量（画面中每一个属于该类的个体），不要遗漏，不要重复，以JSON格式输出：{""count"": 数量}，只输出JSON。","请数出图片中的strawberries的数量（画面中每一个属于该类的个体）。如果你无法逐个确证，请回答 abstain，而不要猜测。以JSON格式输出：{""count"": 数量} 或 {""count"": ""abstain""}，只输出JSON。","请判断这张图片中的strawberries的数量。你可以：①给出数字；②回答 ""cannot_judge"" 表示无法判断；③回答 ""no_people"" 表示画面中没有可辨认的个体。以JSON格式输出：{""response"": ...}，只输出JSON。"
4888.jpg,strawberries,14,1,"请数出图片中的人数（人群中的每个人头或人体），不要遗漏，不要重复，以JSON格式输出：{""count"": 数量}，只输出JSON。","请数出图片中的人数（人群中的每个人头或人体）。如果你无法逐个确证，请回答 abstain，而不要猜测。以JSON格式输出：{""count"": 数量} 或 {""count"": ""abstain""}，只输出JSON。","请判断这张图片中的人数。你可以：①给出数字；②回答 ""cannot_judge"" 表示无法判断；③回答 ""no_people"" 表示画面中没有可辨认的个体。以JSON格式输出：{""response"": ...}，只输出JSON。","请数出图片中的strawberries的数量（画面中每一个属于该类的个体），不要遗漏，不要重复，以JSON格式输出：{""count"": 数量}，只输出JSON。","请数出图片中的strawberries的数量（画面中每一个属于该类的个体）。如果你无法逐个确证，请回答 abstain，而不要猜测。以JSON格式输出：{""count"": 数量} 或 {""count"": ""abstain""}，只输出JSON。","请判断这张图片中的strawberries的数量。你可以：①给出数字；②回答 ""cannot_judge"" 表示无法判断；③回答 ""no_people"" 表示画面中没有可辨认的个体。以JSON格式输出：{""response"": ...}，只输出JSON。"
4891.jpg,strawberries,27,1,"请数出图片中的人数（人群中的每个人头或人体），不要遗漏，不要重复，以JSON格式输出：{""count"": 数量}，只输出JSON。","请数出图片中的人数（人群中的每个人头或人体）。如果你无法逐个确证，请回答 abstain，而不要猜测。以JSON格式输出：{""count"": 数量} 或 {""count"": ""abstain""}，只输出JSON。","请判断这张图片中的人数。你可以：①给出数字；②回答 ""cannot_judge"" 表示无法判断；③回答 ""no_people"" 表示画面中没有可辨认的个体。以JSON格式输出：{""response"": ...}，只输出JSON。","请数出图片中的strawberries的数量（画面中每一个属于该类的个体），不要遗漏，不要重复，以JSON格式输出：{""count"": 数量}，只输出JSON。","请数出图片中的strawberries的数量（画面中每一个属于该类的个体）。如果你无法逐个确证，请回答 abstain，而不要猜测。以JSON格式输出：{""count"": 数量} 或 {""count"": ""abstain""}，只输出JSON。","请判断这张图片中的strawberries的数量。你可以：①给出数字；②回答 ""cannot_judge"" 表示无法判断；③回答 ""no_people"" 表示画面中没有可辨认的个体。以JSON格式输出：{""response"": ...}，只输出JSON。"
4894.jpg,strawberries,11,1,"请数出图片中的人数（人群中的每个人头或人体），不要遗漏，不要重复，以JSON格式输出：{""count"": 数量}，只输出JSON。","请数出图片中的人数（人群中的每个人头或人体）。如果你无法逐个确证，请回答 abstain，而不要猜测。以JSON格式输出：{""count"": 数量} 或 {""count"": ""abstain""}，只输出JSON。","请判断这张图片中的人数。你可以：①给出数字；②回答 ""cannot_judge"" 表示无法判断；③回答 ""no_people"" 表示画面中没有可辨认的个体。以JSON格式输出：{""response"": ...}，只输出JSON。","请数出图片中的strawberries的数量（画面中每一个属于该类的个体），不要遗漏，不要重复，以JSON格式输出：{""count"": 数量}，只输出JSON。","请数出图片中的strawberries的数量（画面中每一个属于该类的个体）。如果你无法逐个确证，请回答 abstain，而不要猜测。以JSON格式输出：{""count"": 数量} 或 {""count"": ""abstain""}，只输出JSON。","请判断这张图片中的strawberries的数量。你可以：①给出数字；②回答 ""cannot_judge"" 表示无法判断；③回答 ""no_people"" 表示画面中没有可辨认的个体。以JSON格式输出：{""response"": ...}，只输出JSON。"
4897.jpg,strawberries,35,1,"请数出图片中的人数（人群中的每个人头或人体），不要遗漏，不要重复，以JSON格式输出：{""count"": 数量}，只输出JSON。","请数出图片中的人数（人群中的每个人头或人体）。如果你无法逐个确证，请回答 abstain，而不要猜测。以JSON格式输出：{""count"": 数量} 或 {""count"": ""abstain""}，只输出JSON。","请判断这张图片中的人数。你可以：①给出数字；②回答 ""cannot_judge"" 表示无法判断；③回答 ""no_people"" 表示画面中没有可辨认的个体。以JSON格式输出：{""response"": ...}，只输出JSON。","请数出图片中的strawberries的数量（画面中每一个属于该类的个体），不要遗漏，不要重复，以JSON格式输出：{""count"": 数量}，只输出JSON。","请数出图片中的strawberries的数量（画面中每一个属于该类的个体）。如果你无法逐个确证，请回答 abstain，而不要猜测。以JSON格式输出：{""count"": 数量} 或 {""count"": ""abstain""}，只输出JSON。","请判断这张图片中的strawberries的数量。你可以：①给出数字；②回答 ""cannot_judge"" 表示无法判断；③回答 ""no_people"" 表示画面中没有可辨认的个体。以JSON格式输出：{""response"": ...}，只输出JSON。"
4901.jpg,strawberries,16,1,"请数出图片中的人数（人群中的每个人头或人体），不要遗漏，不要重复，以JSON格式输出：{""count"": 数量}，只输出JSON。","请数出图片中的人数（人群中的每个人头或人体）。如果你无法逐个确证，请回答 abstain，而不要猜测。以JSON格式输出：{""count"": 数量} 或 {""count"": ""abstain""}，只输出JSON。","请判断这张图片中的人数。你可以：①给出数字；②回答 ""cannot_judge"" 表示无法判断；③回答 ""no_people"" 表示画面中没有可辨认的个体。以JSON格式输出：{""response"": ...}，只输出JSON。","请数出图片中的strawberries的数量（画面中每一个属于该类的个体），不要遗漏，不要重复，以JSON格式输出：{""count"": 数量}，只输出JSON。","请数出图片中的strawberries的数量（画面中每一个属于该类的个体）。如果你无法逐个确证，请回答 abstain，而不要猜测。以JSON格式输出：{""count"": 数量} 或 {""count"": ""abstain""}，只输出JSON。","请判断这张图片中的strawberries的数量。你可以：①给出数字；②回答 ""cannot_judge"" 表示无法判断；③回答 ""no_people"" 表示画面中没有可辨认的个体。以JSON格式输出：{""response"": ...}，只输出JSON。"
4905.jpg,strawberries,250,1,"请数出图片中的人数（人群中的每个人头或人体），不要遗漏，不要重复，以JSON格式输出：{""count"": 数量}，只输出JSON。","请数出图片中的人数（人群中的每个人头或人体）。如果你无法逐个确证，请回答 abstain，而不要猜测。以JSON格式输出：{""count"": 数量} 或 {""count"": ""abstain""}，只输出JSON。","请判断这张图片中的人数。你可以：①给出数字；②回答 ""cannot_judge"" 表示无法判断；③回答 ""no_people"" 表示画面中没有可辨认的个体。以JSON格式输出：{""response"": ...}，只输出JSON。","请数出图片中的strawberries的数量（画面中每一个属于该类的个体），不要遗漏，不要重复，以JSON格式输出：{""count"": 数量}，只输出JSON。","请数出图片中的strawberries的数量（画面中每一个属于该类的个体）。如果你无法逐个确证，请回答 abstain，而不要猜测。以JSON格式输出：{""count"": 数量} 或 {""count"": ""abstain""}，只输出JSON。","请判断这张图片中的strawberries的数量。你可以：①给出数字；②回答 ""cannot_judge"" 表示无法判断；③回答 ""no_people"" 表示画面中没有可辨认的个体。以JSON格式输出：{""response"": ...}，只输出JSON。"
4909.jpg,strawberries,16,1,"请数出图片中的人数（人群中的每个人头或人体），不要遗漏，不要重复，以JSON格式输出：{""count"": 数量}，只输出JSON。","请数出图片中的人数（人群中的每个人头或人体）。如果你无法逐个确证，请回答 abstain，而不要猜测。以JSON格式输出：{""count"": 数量} 或 {""count"": ""abstain""}，只输出JSON。","请判断这张图片中的人数。你可以：①给出数字；②回答 ""cannot_judge"" 表示无法判断；③回答 ""no_people"" 表示画面中没有可辨认的个体。以JSON格式输出：{""response"": ...}，只输出JSON。","请数出图片中的strawberries的数量（画面中每一个属于该类的个体），不要遗漏，不要重复，以JSON格式输出：{""count"": 数量}，只输出JSON。","请数出图片中的strawberries的数量（画面中每一个属于该类的个体）。如果你无法逐个确证，请回答 abstain，而不要猜测。以JSON格式输出：{""count"": 数量} 或 {""count"": ""abstain""}，只输出JSON。","请判断这张图片中的strawberries的数量。你可以：①给出数字；②回答 ""cannot_judge"" 表示无法判断；③回答 ""no_people"" 表示画面中没有可辨认的个体。以JSON格式输出：{""response"": ...}，只输出JSON。"
4912.jpg,strawberries,39,1,"请数出图片中的人数（人群中的每个人头或人体），不要遗漏，不要重复，以JSON格式输出：{""count"": 数量}，只输出JSON。","请数出图片中的人数（人群中的每个人头或人体）。如果你无法逐个确证，请回答 abstain，而不要猜测。以JSON格式输出：{""count"": 数量} 或 {""count"": ""abstain""}，只输出JSON。","请判断这张图片中的人数。你可以：①给出数字；②回答 ""cannot_judge"" 表示无法判断；③回答 ""no_people"" 表示画面中没有可辨认的个体。以JSON格式输出：{""response"": ...}，只输出JSON。","请数出图片中的strawberries的数量（画面中每一个属于该类的个体），不要遗漏，不要重复，以JSON格式输出：{""count"": 数量}，只输出JSON。","请数出图片中的strawberries的数量（画面中每一个属于该类的个体）。如果你无法逐个确证，请回答 abstain，而不要猜测。以JSON格式输出：{""count"": 数量} 或 {""count"": ""abstain""}，只输出JSON。","请判断这张图片中的strawberries的数量。你可以：①给出数字；②回答 ""cannot_judge"" 表示无法判断；③回答 ""no_people"" 表示画面中没有可辨认的个体。以JSON格式输出：{""response"": ...}，只输出JSON。"
4916.jpg,strawberries,91,1,"请数出图片中的人数（人群中的每个人头或人体），不要遗漏，不要重复，以JSON格式输出：{""count"": 数量}，只输出JSON。","请数出图片中的人数（人群中的每个人头或人体）。如果你无法逐个确证，请回答 abstain，而不要猜测。以JSON格式输出：{""count"": 数量} 或 {""count"": ""abstain""}，只输出JSON。","请判断这张图片中的人数。你可以：①给出数字；②回答 ""cannot_judge"" 表示无法判断；③回答 ""no_people"" 表示画面中没有可辨认的个体。以JSON格式输出：{""response"": ...}，只输出JSON。","请数出图片中的strawberries的数量（画面中每一个属于该类的个体），不要遗漏，不要重复，以JSON格式输出：{""count"": 数量}，只输出JSON。","请数出图片中的strawberries的数量（画面中每一个属于该类的个体）。如果你无法逐个确证，请回答 abstain，而不要猜测。以JSON格式输出：{""count"": 数量} 或 {""count"": ""abstain""}，只输出JSON。","请判断这张图片中的strawberries的数量。你可以：①给出数字；②回答 ""cannot_judge"" 表示无法判断；③回答 ""no_people"" 表示画面中没有可辨认的个体。以JSON格式输出：{""response"": ...}，只输出JSON。"
4919.jpg,strawberries,31,1,"请数出图片中的人数（人群中的每个人头或人体），不要遗漏，不要重复，以JSON格式输出：{""count"": 数量}，只输出JSON。","请数出图片中的人数（人群中的每个人头或人体）。如果你无法逐个确证，请回答 abstain，而不要猜测。以JSON格式输出：{""count"": 数量} 或 {""count"": ""abstain""}，只输出JSON。","请判断这张图片中的人数。你可以：①给出数字；②回答 ""cannot_judge"" 表示无法判断；③回答 ""no_people"" 表示画面中没有可辨认的个体。以JSON格式输出：{""response"": ...}，只输出JSON。","请数出图片中的strawberries的数量（画面中每一个属于该类的个体），不要遗漏，不要重复，以JSON格式输出：{""count"": 数量}，只输出JSON。","请数出图片中的strawberries的数量（画面中每一个属于该类的个体）。如果你无法逐个确证，请回答 abstain，而不要猜测。以JSON格式输出：{""count"": 数量} 或 {""count"": ""abstain""}，只输出JSON。","请判断这张图片中的strawberries的数量。你可以：①给出数字；②回答 ""cannot_judge"" 表示无法判断；③回答 ""no_people"" 表示画面中没有可辨认的个体。以JSON格式输出：{""response"": ...}，只输出JSON。"
4922.jpg,strawberries,8,1,"请数出图片中的人数（人群中的每个人头或人体），不要遗漏，不要重复，以JSON格式输出：{""count"": 数量}，只输出JSON。","请数出图片中的人数（人群中的每个人头或人体）。如果你无法逐个确证，请回答 abstain，而不要猜测。以JSON格式输出：{""count"": 数量} 或 {""count"": ""abstain""}，只输出JSON。","请判断这张图片中的人数。你可以：①给出数字；②回答 ""cannot_judge"" 表示无法判断；③回答 ""no_people"" 表示画面中没有可辨认的个体。以JSON格式输出：{""response"": ...}，只输出JSON。","请数出图片中的strawberries的数量（画面中每一个属于该类的个体），不要遗漏，不要重复，以JSON格式输出：{""count"": 数量}，只输出JSON。","请数出图片中的strawberries的数量（画面中每一个属于该类的个体）。如果你无法逐个确证，请回答 abstain，而不要猜测。以JSON格式输出：{""count"": 数量} 或 {""count"": ""abstain""}，只输出JSON。","请判断这张图片中的strawberries的数量。你可以：①给出数字；②回答 ""cannot_judge"" 表示无法判断；③回答 ""no_people"" 表示画面中没有可辨认的个体。以JSON格式输出：{""response"": ...}，只输出JSON。"
4925.jpg,strawberries,142,1,"请数出图片中的人数（人群中的每个人头或人体），不要遗漏，不要重复，以JSON格式输出：{""count"": 数量}，只输出JSON。","请数出图片中的人数（人群中的每个人头或人体）。如果你无法逐个确证，请回答 abstain，而不要猜测。以JSON格式输出：{""count"": 数量} 或 {""count"": ""abstain""}，只输出JSON。","请判断这张图片中的人数。你可以：①给出数字；②回答 ""cannot_judge"" 表示无法判断；③回答 ""no_people"" 表示画面中没有可辨认的个体。以JSON格式输出：{""response"": ...}，只输出JSON。","请数出图片中的strawberries的数量（画面中每一个属于该类的个体），不要遗漏，不要重复，以JSON格式输出：{""count"": 数量}，只输出JSON。","请数出图片中的strawberries的数量（画面中每一个属于该类的个体）。如果你无法逐个确证，请回答 abstain，而不要猜测。以JSON格式输出：{""count"": 数量} 或 {""count"": ""abstain""}，只输出JSON。","请判断这张图片中的strawberries的数量。你可以：①给出数字；②回答 ""cannot_judge"" 表示无法判断；③回答 ""no_people"" 表示画面中没有可辨认的个体。以JSON格式输出：{""response"": ...}，只输出JSON。"
4928.jpg,strawberries,40,1,"请数出图片中的人数（人群中的每个人头或人体），不要遗漏，不要重复，以JSON格式输出：{""count"": 数量}，只输出JSON。","请数出图片中的人数（人群中的每个人头或人体）。如果你无法逐个确证，请回答 abstain，而不要猜测。以JSON格式输出：{""count"": 数量} 或 {""count"": ""abstain""}，只输出JSON。","请判断这张图片中的人数。你可以：①给出数字；②回答 ""cannot_judge"" 表示无法判断；③回答 ""no_people"" 表示画面中没有可辨认的个体。以JSON格式输出：{""response"": ...}，只输出JSON。","请数出图片中的strawberries的数量（画面中每一个属于该类的个体），不要遗漏，不要重复，以JSON格式输出：{""count"": 数量}，只输出JSON。","请数出图片中的strawberries的数量（画面中每一个属于该类的个体）。如果你无法逐个确证，请回答 abstain，而不要猜测。以JSON格式输出：{""count"": 数量} 或 {""count"": ""abstain""}，只输出JSON。","请判断这张图片中的strawberries的数量。你可以：①给出数字；②回答 ""cannot_judge"" 表示无法判断；③回答 ""no_people"" 表示画面中没有可辨认的个体。以JSON格式输出：{""response"": ...}，只输出JSON。"
4931.jpg,strawberries,58,1,"请数出图片中的人数（人群中的每个人头或人体），不要遗漏，不要重复，以JSON格式输出：{""count"": 数量}，只输出JSON。","请数出图片中的人数（人群中的每个人头或人体）。如果你无法逐个确证，请回答 abstain，而不要猜测。以JSON格式输出：{""count"": 数量} 或 {""count"": ""abstain""}，只输出JSON。","请判断这张图片中的人数。你可以：①给出数字；②回答 ""cannot_judge"" 表示无法判断；③回答 ""no_people"" 表示画面中没有可辨认的个体。以JSON格式输出：{""response"": ...}，只输出JSON。","请数出图片中的strawberries的数量（画面中每一个属于该类的个体），不要遗漏，不要重复，以JSON格式输出：{""count"": 数量}，只输出JSON。","请数出图片中的strawberries的数量（画面中每一个属于该类的个体）。如果你无法逐个确证，请回答 abstain，而不要猜测。以JSON格式输出：{""count"": 数量} 或 {""count"": ""abstain""}，只输出JSON。","请判断这张图片中的strawberries的数量。你可以：①给出数字；②回答 ""cannot_judge"" 表示无法判断；③回答 ""no_people"" 表示画面中没有可辨认的个体。以JSON格式输出：{""response"": ...}，只输出JSON。"
4934.jpg,strawberries,19,1,"请数出图片中的人数（人群中的每个人头或人体），不要遗漏，不要重复，以JSON格式输出：{""count"": 数量}，只输出JSON。","请数出图片中的人数（人群中的每个人头或人体）。如果你无法逐个确证，请回答 abstain，而不要猜测。以JSON格式输出：{""count"": 数量} 或 {""count"": ""abstain""}，只输出JSON。","请判断这张图片中的人数。你可以：①给出数字；②回答 ""cannot_judge"" 表示无法判断；③回答 ""no_people"" 表示画面中没有可辨认的个体。以JSON格式输出：{""response"": ...}，只输出JSON。","请数出图片中的strawberries的数量（画面中每一个属于该类的个体），不要遗漏，不要重复，以JSON格式输出：{""count"": 数量}，只输出JSON。","请数出图片中的strawberries的数量（画面中每一个属于该类的个体）。如果你无法逐个确证，请回答 abstain，而不要猜测。以JSON格式输出：{""count"": 数量} 或 {""count"": ""abstain""}，只输出JSON。","请判断这张图片中的strawberries的数量。你可以：①给出数字；②回答 ""cannot_judge"" 表示无法判断；③回答 ""no_people"" 表示画面中没有可辨认的个体。以JSON格式输出：{""response"": ...}，只输出JSON。"
4938.jpg,tree logs,58,1,"请数出图片中的人数（人群中的每个人头或人体），不要遗漏，不要重复，以JSON格式输出：{""count"": 数量}，只输出JSON。","请数出图片中的人数（人群中的每个人头或人体）。如果你无法逐个确证，请回答 abstain，而不要猜测。以JSON格式输出：{""count"": 数量} 或 {""count"": ""abstain""}，只输出JSON。","请判断这张图片中的人数。你可以：①给出数字；②回答 ""cannot_judge"" 表示无法判断；③回答 ""no_people"" 表示画面中没有可辨认的个体。以JSON格式输出：{""response"": ...}，只输出JSON。","请数出图片中的tree logs的数量（画面中每一个属于该类的个体），不要遗漏，不要重复，以JSON格式输出：{""count"": 数量}，只输出JSON。","请数出图片中的tree logs的数量（画面中每一个属于该类的个体）。如果你无法逐个确证，请回答 abstain，而不要猜测。以JSON格式输出：{""count"": 数量} 或 {""count"": ""abstain""}，只输出JSON。","请判断这张图片中的tree logs的数量。你可以：①给出数字；②回答 ""cannot_judge"" 表示无法判断；③回答 ""no_people"" 表示画面中没有可辨认的个体。以JSON格式输出：{""response"": ...}，只输出JSON。"
4941.jpg,tree logs,175,1,"请数出图片中的人数（人群中的每个人头或人体），不要遗漏，不要重复，以JSON格式输出：{""count"": 数量}，只输出JSON。","请数出图片中的人数（人群中的每个人头或人体）。如果你无法逐个确证，请回答 abstain，而不要猜测。以JSON格式输出：{""count"": 数量} 或 {""count"": ""abstain""}，只输出JSON。","请判断这张图片中的人数。你可以：①给出数字；②回答 ""cannot_judge"" 表示无法判断；③回答 ""no_people"" 表示画面中没有可辨认的个体。以JSON格式输出：{""response"": ...}，只输出JSON。","请数出图片中的tree logs的数量（画面中每一个属于该类的个体），不要遗漏，不要重复，以JSON格式输出：{""count"": 数量}，只输出JSON。","请数出图片中的tree logs的数量（画面中每一个属于该类的个体）。如果你无法逐个确证，请回答 abstain，而不要猜测。以JSON格式输出：{""count"": 数量} 或 {""count"": ""abstain""}，只输出JSON。","请判断这张图片中的tree logs的数量。你可以：①给出数字；②回答 ""cannot_judge"" 表示无法判断；③回答 ""no_people"" 表示画面中没有可辨认的个体。以JSON格式输出：{""response"": ...}，只输出JSON。"
4944.jpg,tree logs,49,1,"请数出图片中的人数（人群中的每个人头或人体），不要遗漏，不要重复，以JSON格式输出：{""count"": 数量}，只输出JSON。","请数出图片中的人数（人群中的每个人头或人体）。如果你无法逐个确证，请回答 abstain，而不要猜测。以JSON格式输出：{""count"": 数量} 或 {""count"": ""abstain""}，只输出JSON。","请判断这张图片中的人数。你可以：①给出数字；②回答 ""cannot_judge"" 表示无法判断；③回答 ""no_people"" 表示画面中没有可辨认的个体。以JSON格式输出：{""response"": ...}，只输出JSON。","请数出图片中的tree logs的数量（画面中每一个属于该类的个体），不要遗漏，不要重复，以JSON格式输出：{""count"": 数量}，只输出JSON。","请数出图片中的tree logs的数量（画面中每一个属于该类的个体）。如果你无法逐个确证，请回答 abstain，而不要猜测。以JSON格式输出：{""count"": 数量} 或 {""count"": ""abstain""}，只输出JSON。","请判断这张图片中的tree logs的数量。你可以：①给出数字；②回答 ""cannot_judge"" 表示无法判断；③回答 ""no_people"" 表示画面中没有可辨认的个体。以JSON格式输出：{""response"": ...}，只输出JSON。"
4947.jpg,tree logs,205,1,"请数出图片中的人数（人群中的每个人头或人体），不要遗漏，不要重复，以JSON格式输出：{""count"": 数量}，只输出JSON。","请数出图片中的人数（人群中的每个人头或人体）。如果你无法逐个确证，请回答 abstain，而不要猜测。以JSON格式输出：{""count"": 数量} 或 {""count"": ""abstain""}，只输出JSON。","请判断这张图片中的人数。你可以：①给出数字；②回答 ""cannot_judge"" 表示无法判断；③回答 ""no_people"" 表示画面中没有可辨认的个体。以JSON格式输出：{""response"": ...}，只输出JSON。","请数出图片中的tree logs的数量（画面中每一个属于该类的个体），不要遗漏，不要重复，以JSON格式输出：{""count"": 数量}，只输出JSON。","请数出图片中的tree logs的数量（画面中每一个属于该类的个体）。如果你无法逐个确证，请回答 abstain，而不要猜测。以JSON格式输出：{""count"": 数量} 或 {""count"": ""abstain""}，只输出JSON。","请判断这张图片中的tree logs的数量。你可以：①给出数字；②回答 ""cannot_judge"" 表示无法判断；③回答 ""no_people"" 表示画面中没有可辨认的个体。以JSON格式输出：{""response"": ...}，只输出JSON。"
4950.jpg,tree logs,33,1,"请数出图片中的人数（人群中的每个人头或人体），不要遗漏，不要重复，以JSON格式输出：{""count"": 数量}，只输出JSON。","请数出图片中的人数（人群中的每个人头或人体）。如果你无法逐个确证，请回答 abstain，而不要猜测。以JSON格式输出：{""count"": 数量} 或 {""count"": ""abstain""}，只输出JSON。","请判断这张图片中的人数。你可以：①给出数字；②回答 ""cannot_judge"" 表示无法判断；③回答 ""no_people"" 表示画面中没有可辨认的个体。以JSON格式输出：{""response"": ...}，只输出JSON。","请数出图片中的tree logs的数量（画面中每一个属于该类的个体），不要遗漏，不要重复，以JSON格式输出：{""count"": 数量}，只输出JSON。","请数出图片中的tree logs的数量（画面中每一个属于该类的个体）。如果你无法逐个确证，请回答 abstain，而不要猜测。以JSON格式输出：{""count"": 数量} 或 {""count"": ""abstain""}，只输出JSON。","请判断这张图片中的tree logs的数量。你可以：①给出数字；②回答 ""cannot_judge"" 表示无法判断；③回答 ""no_people"" 表示画面中没有可辨认的个体。以JSON格式输出：{""response"": ...}，只输出JSON。"
4953.jpg,tree logs,51,1,"请数出图片中的人数（人群中的每个人头或人体），不要遗漏，不要重复，以JSON格式输出：{""count"": 数量}，只输出JSON。","请数出图片中的人数（人群中的每个人头或人体）。如果你无法逐个确证，请回答 abstain，而不要猜测。以JSON格式输出：{""count"": 数量} 或 {""count"": ""abstain""}，只输出JSON。","请判断这张图片中的人数。你可以：①给出数字；②回答 ""cannot_judge"" 表示无法判断；③回答 ""no_people"" 表示画面中没有可辨认的个体。以JSON格式输出：{""response"": ...}，只输出JSON。","请数出图片中的tree logs的数量（画面中每一个属于该类的个体），不要遗漏，不要重复，以JSON格式输出：{""count"": 数量}，只输出JSON。","请数出图片中的tree logs的数量（画面中每一个属于该类的个体）。如果你无法逐个确证，请回答 abstain，而不要猜测。以JSON格式输出：{""count"": 数量} 或 {""count"": ""abstain""}，只输出JSON。","请判断这张图片中的tree logs的数量。你可以：①给出数字；②回答 ""cannot_judge"" 表示无法判断；③回答 ""no_people"" 表示画面中没有可辨认的个体。以JSON格式输出：{""response"": ...}，只输出JSON。"
4956.jpg,tree logs,102,1,"请数出图片中的人数（人群中的每个人头或人体），不要遗漏，不要重复，以JSON格式输出：{""count"": 数量}，只输出JSON。","请数出图片中的人数（人群中的每个人头或人体）。如果你无法逐个确证，请回答 abstain，而不要猜测。以JSON格式输出：{""count"": 数量} 或 {""count"": ""abstain""}，只输出JSON。","请判断这张图片中的人数。你可以：①给出数字；②回答 ""cannot_judge"" 表示无法判断；③回答 ""no_people"" 表示画面中没有可辨认的个体。以JSON格式输出：{""response"": ...}，只输出JSON。","请数出图片中的tree logs的数量（画面中每一个属于该类的个体），不要遗漏，不要重复，以JSON格式输出：{""count"": 数量}，只输出JSON。","请数出图片中的tree logs的数量（画面中每一个属于该类的个体）。如果你无法逐个确证，请回答 abstain，而不要猜测。以JSON格式输出：{""count"": 数量} 或 {""count"": ""abstain""}，只输出JSON。","请判断这张图片中的tree logs的数量。你可以：①给出数字；②回答 ""cannot_judge"" 表示无法判断；③回答 ""no_people"" 表示画面中没有可辨认的个体。以JSON格式输出：{""response"": ...}，只输出JSON。"
4959.jpg,tree logs,31,1,"请数出图片中的人数（人群中的每个人头或人体），不要遗漏，不要重复，以JSON格式输出：{""count"": 数量}，只输出JSON。","请数出图片中的人数（人群中的每个人头或人体）。如果你无法逐个确证，请回答 abstain，而不要猜测。以JSON格式输出：{""count"": 数量} 或 {""count"": ""abstain""}，只输出JSON。","请判断这张图片中的人数。你可以：①给出数字；②回答 ""cannot_judge"" 表示无法判断；③回答 ""no_people"" 表示画面中没有可辨认的个体。以JSON格式输出：{""response"": ...}，只输出JSON。","请数出图片中的tree logs的数量（画面中每一个属于该类的个体），不要遗漏，不要重复，以JSON格式输出：{""count"": 数量}，只输出JSON。","请数出图片中的tree logs的数量（画面中每一个属于该类的个体）。如果你无法逐个确证，请回答 abstain，而不要猜测。以JSON格式输出：{""count"": 数量} 或 {""count"": ""abstain""}，只输出JSON。","请判断这张图片中的tree logs的数量。你可以：①给出数字；②回答 ""cannot_judge"" 表示无法判断；③回答 ""no_people"" 表示画面中没有可辨认的个体。以JSON格式输出：{""response"": ...}，只输出JSON。"
4962.jpg,tree logs,30,1,"请数出图片中的人数（人群中的每个人头或人体），不要遗漏，不要重复，以JSON格式输出：{""count"": 数量}，只输出JSON。","请数出图片中的人数（人群中的每个人头或人体）。如果你无法逐个确证，请回答 abstain，而不要猜测。以JSON格式输出：{""count"": 数量} 或 {""count"": ""abstain""}，只输出JSON。","请判断这张图片中的人数。你可以：①给出数字；②回答 ""cannot_judge"" 表示无法判断；③回答 ""no_people"" 表示画面中没有可辨认的个体。以JSON格式输出：{""response"": ...}，只输出JSON。","请数出图片中的tree logs的数量（画面中每一个属于该类的个体），不要遗漏，不要重复，以JSON格式输出：{""count"": 数量}，只输出JSON。","请数出图片中的tree logs的数量（画面中每一个属于该类的个体）。如果你无法逐个确证，请回答 abstain，而不要猜测。以JSON格式输出：{""count"": 数量} 或 {""count"": ""abstain""}，只输出JSON。","请判断这张图片中的tree logs的数量。你可以：①给出数字；②回答 ""cannot_judge"" 表示无法判断；③回答 ""no_people"" 表示画面中没有可辨认的个体。以JSON格式输出：{""response"": ...}，只输出JSON。"
4965.jpg,tree logs,15,1,"请数出图片中的人数（人群中的每个人头或人体），不要遗漏，不要重复，以JSON格式输出：{""count"": 数量}，只输出JSON。","请数出图片中的人数（人群中的每个人头或人体）。如果你无法逐个确证，请回答 abstain，而不要猜测。以JSON格式输出：{""count"": 数量} 或 {""count"": ""abstain""}，只输出JSON。","请判断这张图片中的人数。你可以：①给出数字；②回答 ""cannot_judge"" 表示无法判断；③回答 ""no_people"" 表示画面中没有可辨认的个体。以JSON格式输出：{""response"": ...}，只输出JSON。","请数出图片中的tree logs的数量（画面中每一个属于该类的个体），不要遗漏，不要重复，以JSON格式输出：{""count"": 数量}，只输出JSON。","请数出图片中的tree logs的数量（画面中每一个属于该类的个体）。如果你无法逐个确证，请回答 abstain，而不要猜测。以JSON格式输出：{""count"": 数量} 或 {""count"": ""abstain""}，只输出JSON。","请判断这张图片中的tree logs的数量。你可以：①给出数字；②回答 ""cannot_judge"" 表示无法判断；③回答 ""no_people"" 表示画面中没有可辨认的个体。以JSON格式输出：{""response"": ...}，只输出JSON。"
4969.jpg,tree logs,109,1,"请数出图片中的人数（人群中的每个人头或人体），不要遗漏，不要重复，以JSON格式输出：{""count"": 数量}，只输出JSON。","请数出图片中的人数（人群中的每个人头或人体）。如果你无法逐个确证，请回答 abstain，而不要猜测。以JSON格式输出：{""count"": 数量} 或 {""count"": ""abstain""}，只输出JSON。","请判断这张图片中的人数。你可以：①给出数字；②回答 ""cannot_judge"" 表示无法判断；③回答 ""no_people"" 表示画面中没有可辨认的个体。以JSON格式输出：{""response"": ...}，只输出JSON。","请数出图片中的tree logs的数量（画面中每一个属于该类的个体），不要遗漏，不要重复，以JSON格式输出：{""count"": 数量}，只输出JSON。","请数出图片中的tree logs的数量（画面中每一个属于该类的个体）。如果你无法逐个确证，请回答 abstain，而不要猜测。以JSON格式输出：{""count"": 数量} 或 {""count"": ""abstain""}，只输出JSON。","请判断这张图片中的tree logs的数量。你可以：①给出数字；②回答 ""cannot_judge"" 表示无法判断；③回答 ""no_people"" 表示画面中没有可辨认的个体。以JSON格式输出：{""response"": ...}，只输出JSON。"
5142.jpg,cashew nuts,193,1,"请数出图片中的人数（人群中的每个人头或人体），不要遗漏，不要重复，以JSON格式输出：{""count"": 数量}，只输出JSON。","请数出图片中的人数（人群中的每个人头或人体）。如果你无法逐个确证，请回答 abstain，而不要猜测。以JSON格式输出：{""count"": 数量} 或 {""count"": ""abstain""}，只输出JSON。","请判断这张图片中的人数。你可以：①给出数字；②回答 ""cannot_judge"" 表示无法判断；③回答 ""no_people"" 表示画面中没有可辨认的个体。以JSON格式输出：{""response"": ...}，只输出JSON。","请数出图片中的cashew nuts的数量（画面中每一个属于该类的个体），不要遗漏，不要重复，以JSON格式输出：{""count"": 数量}，只输出JSON。","请数出图片中的cashew nuts的数量（画面中每一个属于该类的个体）。如果你无法逐个确证，请回答 abstain，而不要猜测。以JSON格式输出：{""count"": 数量} 或 {""count"": ""abstain""}，只输出JSON。","请判断这张图片中的cashew nuts的数量。你可以：①给出数字；②回答 ""cannot_judge"" 表示无法判断；③回答 ""no_people"" 表示画面中没有可辨认的个体。以JSON格式输出：{""response"": ...}，只输出JSON。"
5145.jpg,cashew nuts,15,1,"请数出图片中的人数（人群中的每个人头或人体），不要遗漏，不要重复，以JSON格式输出：{""count"": 数量}，只输出JSON。","请数出图片中的人数（人群中的每个人头或人体）。如果你无法逐个确证，请回答 abstain，而不要猜测。以JSON格式输出：{""count"": 数量} 或 {""count"": ""abstain""}，只输出JSON。","请判断这张图片中的人数。你可以：①给出数字；②回答 ""cannot_judge"" 表示无法判断；③回答 ""no_people"" 表示画面中没有可辨认的个体。以JSON格式输出：{""response"": ...}，只输出JSON。","请数出图片中的cashew nuts的数量（画面中每一个属于该类的个体），不要遗漏，不要重复，以JSON格式输出：{""count"": 数量}，只输出JSON。","请数出图片中的cashew nuts的数量（画面中每一个属于该类的个体）。如果你无法逐个确证，请回答 abstain，而不要猜测。以JSON格式输出：{""count"": 数量} 或 {""count"": ""abstain""}，只输出JSON。","请判断这张图片中的cashew nuts的数量。你可以：①给出数字；②回答 ""cannot_judge"" 表示无法判断；③回答 ""no_people"" 表示画面中没有可辨认的个体。以JSON格式输出：{""response"": ...}，只输出JSON。"
5149.jpg,cashew nuts,111,1,"请数出图片中的人数（人群中的每个人头或人体），不要遗漏，不要重复，以JSON格式输出：{""count"": 数量}，只输出JSON。","请数出图片中的人数（人群中的每个人头或人体）。如果你无法逐个确证，请回答 abstain，而不要猜测。以JSON格式输出：{""count"": 数量} 或 {""count"": ""abstain""}，只输出JSON。","请判断这张图片中的人数。你可以：①给出数字；②回答 ""cannot_judge"" 表示无法判断；③回答 ""no_people"" 表示画面中没有可辨认的个体。以JSON格式输出：{""response"": ...}，只输出JSON。","请数出图片中的cashew nuts的数量（画面中每一个属于该类的个体），不要遗漏，不要重复，以JSON格式输出：{""count"": 数量}，只输出JSON。","请数出图片中的cashew nuts的数量（画面中每一个属于该类的个体）。如果你无法逐个确证，请回答 abstain，而不要猜测。以JSON格式输出：{""count"": 数量} 或 {""count"": ""abstain""}，只输出JSON。","请判断这张图片中的cashew nuts的数量。你可以：①给出数字；②回答 ""cannot_judge"" 表示无法判断；③回答 ""no_people"" 表示画面中没有可辨认的个体。以JSON格式输出：{""response"": ...}，只输出JSON。"
5358.jpg,marbles,25,1,"请数出图片中的人数（人群中的每个人头或人体），不要遗漏，不要重复，以JSON格式输出：{""count"": 数量}，只输出JSON。","请数出图片中的人数（人群中的每个人头或人体）。如果你无法逐个确证，请回答 abstain，而不要猜测。以JSON格式输出：{""count"": 数量} 或 {""count"": ""abstain""}，只输出JSON。","请判断这张图片中的人数。你可以：①给出数字；②回答 ""cannot_judge"" 表示无法判断；③回答 ""no_people"" 表示画面中没有可辨认的个体。以JSON格式输出：{""response"": ...}，只输出JSON。","请数出图片中的marbles的数量（画面中每一个属于该类的个体），不要遗漏，不要重复，以JSON格式输出：{""count"": 数量}，只输出JSON。","请数出图片中的marbles的数量（画面中每一个属于该类的个体）。如果你无法逐个确证，请回答 abstain，而不要猜测。以JSON格式输出：{""count"": 数量} 或 {""count"": ""abstain""}，只输出JSON。","请判断这张图片中的marbles的数量。你可以：①给出数字；②回答 ""cannot_judge"" 表示无法判断；③回答 ""no_people"" 表示画面中没有可辨认的个体。以JSON格式输出：{""response"": ...}，只输出JSON。"
5361.jpg,marbles,27,1,"请数出图片中的人数（人群中的每个人头或人体），不要遗漏，不要重复，以JSON格式输出：{""count"": 数量}，只输出JSON。","请数出图片中的人数（人群中的每个人头或人体）。如果你无法逐个确证，请回答 abstain，而不要猜测。以JSON格式输出：{""count"": 数量} 或 {""count"": ""abstain""}，只输出JSON。","请判断这张图片中的人数。你可以：①给出数字；②回答 ""cannot_judge"" 表示无法判断；③回答 ""no_people"" 表示画面中没有可辨认的个体。以JSON格式输出：{""response"": ...}，只输出JSON。","请数出图片中的marbles的数量（画面中每一个属于该类的个体），不要遗漏，不要重复，以JSON格式输出：{""count"": 数量}，只输出JSON。","请数出图片中的marbles的数量（画面中每一个属于该类的个体）。如果你无法逐个确证，请回答 abstain，而不要猜测。以JSON格式输出：{""count"": 数量} 或 {""count"": ""abstain""}，只输出JSON。","请判断这张图片中的marbles的数量。你可以：①给出数字；②回答 ""cannot_judge"" 表示无法判断；③回答 ""no_people"" 表示画面中没有可辨认的个体。以JSON格式输出：{""response"": ...}，只输出JSON。"
5364.jpg,marbles,23,1,"请数出图片中的人数（人群中的每个人头或人体），不要遗漏，不要重复，以JSON格式输出：{""count"": 数量}，只输出JSON。","请数出图片中的人数（人群中的每个人头或人体）。如果你无法逐个确证，请回答 abstain，而不要猜测。以JSON格式输出：{""count"": 数量} 或 {""count"": ""abstain""}，只输出JSON。","请判断这张图片中的人数。你可以：①给出数字；②回答 ""cannot_judge"" 表示无法判断；③回答 ""no_people"" 表示画面中没有可辨认的个体。以JSON格式输出：{""response"": ...}，只输出JSON。","请数出图片中的marbles的数量（画面中每一个属于该类的个体），不要遗漏，不要重复，以JSON格式输出：{""count"": 数量}，只输出JSON。","请数出图片中的marbles的数量（画面中每一个属于该类的个体）。如果你无法逐个确证，请回答 abstain，而不要猜测。以JSON格式输出：{""count"": 数量} 或 {""count"": ""abstain""}，只输出JSON。","请判断这张图片中的marbles的数量。你可以：①给出数字；②回答 ""cannot_judge"" 表示无法判断；③回答 ""no_people"" 表示画面中没有可辨认的个体。以JSON格式输出：{""response"": ...}，只输出JSON。"
5367.jpg,marbles,150,1,"请数出图片中的人数（人群中的每个人头或人体），不要遗漏，不要重复，以JSON格式输出：{""count"": 数量}，只输出JSON。","请数出图片中的人数（人群中的每个人头或人体）。如果你无法逐个确证，请回答 abstain，而不要猜测。以JSON格式输出：{""count"": 数量} 或 {""count"": ""abstain""}，只输出JSON。","请判断这张图片中的人数。你可以：①给出数字；②回答 ""cannot_judge"" 表示无法判断；③回答 ""no_people"" 表示画面中没有可辨认的个体。以JSON格式输出：{""response"": ...}，只输出JSON。","请数出图片中的marbles的数量（画面中每一个属于该类的个体），不要遗漏，不要重复，以JSON格式输出：{""count"": 数量}，只输出JSON。","请数出图片中的marbles的数量（画面中每一个属于该类的个体）。如果你无法逐个确证，请回答 abstain，而不要猜测。以JSON格式输出：{""count"": 数量} 或 {""count"": ""abstain""}，只输出JSON。","请判断这张图片中的marbles的数量。你可以：①给出数字；②回答 ""cannot_judge"" 表示无法判断；③回答 ""no_people"" 表示画面中没有可辨认的个体。以JSON格式输出：{""response"": ...}，只输出JSON。"
5371.jpg,marbles,44,1,"请数出图片中的人数（人群中的每个人头或人体），不要遗漏，不要重复，以JSON格式输出：{""count"": 数量}，只输出JSON。","请数出图片中的人数（人群中的每个人头或人体）。如果你无法逐个确证，请回答 abstain，而不要猜测。以JSON格式输出：{""count"": 数量} 或 {""count"": ""abstain""}，只输出JSON。","请判断这张图片中的人数。你可以：①给出数字；②回答 ""cannot_judge"" 表示无法判断；③回答 ""no_people"" 表示画面中没有可辨认的个体。以JSON格式输出：{""response"": ...}，只输出JSON。","请数出图片中的marbles的数量（画面中每一个属于该类的个体），不要遗漏，不要重复，以JSON格式输出：{""count"": 数量}，只输出JSON。","请数出图片中的marbles的数量（画面中每一个属于该类的个体）。如果你无法逐个确证，请回答 abstain，而不要猜测。以JSON格式输出：{""count"": 数量} 或 {""count"": ""abstain""}，只输出JSON。","请判断这张图片中的marbles的数量。你可以：①给出数字；②回答 ""cannot_judge"" 表示无法判断；③回答 ""no_people"" 表示画面中没有可辨认的个体。以JSON格式输出：{""response"": ...}，只输出JSON。"
5374.jpg,finger foods,16,1,"请数出图片中的人数（人群中的每个人头或人体），不要遗漏，不要重复，以JSON格式输出：{""count"": 数量}，只输出JSON。","请数出图片中的人数（人群中的每个人头或人体）。如果你无法逐个确证，请回答 abstain，而不要猜测。以JSON格式输出：{""count"": 数量} 或 {""count"": ""abstain""}，只输出JSON。","请判断这张图片中的人数。你可以：①给出数字；②回答 ""cannot_judge"" 表示无法判断；③回答 ""no_people"" 表示画面中没有可辨认的个体。以JSON格式输出：{""response"": ...}，只输出JSON。","请数出图片中的finger foods的数量（画面中每一个属于该类的个体），不要遗漏，不要重复，以JSON格式输出：{""count"": 数量}，只输出JSON。","请数出图片中的finger foods的数量（画面中每一个属于该类的个体）。如果你无法逐个确证，请回答 abstain，而不要猜测。以JSON格式输出：{""count"": 数量} 或 {""count"": ""abstain""}，只输出JSON。","请判断这张图片中的finger foods的数量。你可以：①给出数字；②回答 ""cannot_judge"" 表示无法判断；③回答 ""no_people"" 表示画面中没有可辨认的个体。以JSON格式输出：{""response"": ...}，只输出JSON。"
5377.jpg,finger foods,9,1,"请数出图片中的人数（人群中的每个人头或人体），不要遗漏，不要重复，以JSON格式输出：{""count"": 数量}，只输出JSON。","请数出图片中的人数（人群中的每个人头或人体）。如果你无法逐个确证，请回答 abstain，而不要猜测。以JSON格式输出：{""count"": 数量} 或 {""count"": ""abstain""}，只输出JSON。","请判断这张图片中的人数。你可以：①给出数字；②回答 ""cannot_judge"" 表示无法判断；③回答 ""no_people"" 表示画面中没有可辨认的个体。以JSON格式输出：{""response"": ...}，只输出JSON。","请数出图片中的finger foods的数量（画面中每一个属于该类的个体），不要遗漏，不要重复，以JSON格式输出：{""count"": 数量}，只输出JSON。","请数出图片中的finger foods的数量（画面中每一个属于该类的个体）。如果你无法逐个确证，请回答 abstain，而不要猜测。以JSON格式输出：{""count"": 数量} 或 {""count"": ""abstain""}，只输出JSON。","请判断这张图片中的finger foods的数量。你可以：①给出数字；②回答 ""cannot_judge"" 表示无法判断；③回答 ""no_people"" 表示画面中没有可辨认的个体。以JSON格式输出：{""response"": ...}，只输出JSON。"
5380.jpg,finger foods,9,1,"请数出图片中的人数（人群中的每个人头或人体），不要遗漏，不要重复，以JSON格式输出：{""count"": 数量}，只输出JSON。","请数出图片中的人数（人群中的每个人头或人体）。如果你无法逐个确证，请回答 abstain，而不要猜测。以JSON格式输出：{""count"": 数量} 或 {""count"": ""abstain""}，只输出JSON。","请判断这张图片中的人数。你可以：①给出数字；②回答 ""cannot_judge"" 表示无法判断；③回答 ""no_people"" 表示画面中没有可辨认的个体。以JSON格式输出：{""response"": ...}，只输出JSON。","请数出图片中的finger foods的数量（画面中每一个属于该类的个体），不要遗漏，不要重复，以JSON格式输出：{""count"": 数量}，只输出JSON。","请数出图片中的finger foods的数量（画面中每一个属于该类的个体）。如果你无法逐个确证，请回答 abstain，而不要猜测。以JSON格式输出：{""count"": 数量} 或 {""count"": ""abstain""}，只输出JSON。","请判断这张图片中的finger foods的数量。你可以：①给出数字；②回答 ""cannot_judge"" 表示无法判断；③回答 ""no_people"" 表示画面中没有可辨认的个体。以JSON格式输出：{""response"": ...}，只输出JSON。"
5383.jpg,finger foods,10,1,"请数出图片中的人数（人群中的每个人头或人体），不要遗漏，不要重复，以JSON格式输出：{""count"": 数量}，只输出JSON。","请数出图片中的人数（人群中的每个人头或人体）。如果你无法逐个确证，请回答 abstain，而不要猜测。以JSON格式输出：{""count"": 数量} 或 {""count"": ""abstain""}，只输出JSON。","请判断这张图片中的人数。你可以：①给出数字；②回答 ""cannot_judge"" 表示无法判断；③回答 ""no_people"" 表示画面中没有可辨认的个体。以JSON格式输出：{""response"": ...}，只输出JSON。","请数出图片中的finger foods的数量（画面中每一个属于该类的个体），不要遗漏，不要重复，以JSON格式输出：{""count"": 数量}，只输出JSON。","请数出图片中的finger foods的数量（画面中每一个属于该类的个体）。如果你无法逐个确证，请回答 abstain，而不要猜测。以JSON格式输出：{""count"": 数量} 或 {""count"": ""abstain""}，只输出JSON。","请判断这张图片中的finger foods的数量。你可以：①给出数字；②回答 ""cannot_judge"" 表示无法判断；③回答 ""no_people"" 表示画面中没有可辨认的个体。以JSON格式输出：{""response"": ...}，只输出JSON。"
5387.jpg,finger foods,8,1,"请数出图片中的人数（人群中的每个人头或人体），不要遗漏，不要重复，以JSON格式输出：{""count"": 数量}，只输出JSON。","请数出图片中的人数（人群中的每个人头或人体）。如果你无法逐个确证，请回答 abstain，而不要猜测。以JSON格式输出：{""count"": 数量} 或 {""count"": ""abstain""}，只输出JSON。","请判断这张图片中的人数。你可以：①给出数字；②回答 ""cannot_judge"" 表示无法判断；③回答 ""no_people"" 表示画面中没有可辨认的个体。以JSON格式输出：{""response"": ...}，只输出JSON。","请数出图片中的finger foods的数量（画面中每一个属于该类的个体），不要遗漏，不要重复，以JSON格式输出：{""count"": 数量}，只输出JSON。","请数出图片中的finger foods的数量（画面中每一个属于该类的个体）。如果你无法逐个确证，请回答 abstain，而不要猜测。以JSON格式输出：{""count"": 数量} 或 {""count"": ""abstain""}，只输出JSON。","请判断这张图片中的finger foods的数量。你可以：①给出数字；②回答 ""cannot_judge"" 表示无法判断；③回答 ""no_people"" 表示画面中没有可辨认的个体。以JSON格式输出：{""response"": ...}，只输出JSON。"
5391.jpg,finger foods,12,1,"请数出图片中的人数（人群中的每个人头或人体），不要遗漏，不要重复，以JSON格式输出：{""count"": 数量}，只输出JSON。","请数出图片中的人数（人群中的每个人头或人体）。如果你无法逐个确证，请回答 abstain，而不要猜测。以JSON格式输出：{""count"": 数量} 或 {""count"": ""abstain""}，只输出JSON。","请判断这张图片中的人数。你可以：①给出数字；②回答 ""cannot_judge"" 表示无法判断；③回答 ""no_people"" 表示画面中没有可辨认的个体。以JSON格式输出：{""response"": ...}，只输出JSON。","请数出图片中的finger foods的数量（画面中每一个属于该类的个体），不要遗漏，不要重复，以JSON格式输出：{""count"": 数量}，只输出JSON。","请数出图片中的finger foods的数量（画面中每一个属于该类的个体）。如果你无法逐个确证，请回答 abstain，而不要猜测。以JSON格式输出：{""count"": 数量} 或 {""count"": ""abstain""}，只输出JSON。","请判断这张图片中的finger foods的数量。你可以：①给出数字；②回答 ""cannot_judge"" 表示无法判断；③回答 ""no_people"" 表示画面中没有可辨认的个体。以JSON格式输出：{""response"": ...}，只输出JSON。"
5460.jpg,green peas,131,1,"请数出图片中的人数（人群中的每个人头或人体），不要遗漏，不要重复，以JSON格式输出：{""count"": 数量}，只输出JSON。","请数出图片中的人数（人群中的每个人头或人体）。如果你无法逐个确证，请回答 abstain，而不要猜测。以JSON格式输出：{""count"": 数量} 或 {""count"": ""abstain""}，只输出JSON。","请判断这张图片中的人数。你可以：①给出数字；②回答 ""cannot_judge"" 表示无法判断；③回答 ""no_people"" 表示画面中没有可辨认的个体。以JSON格式输出：{""response"": ...}，只输出JSON。","请数出图片中的green peas的数量（画面中每一个属于该类的个体），不要遗漏，不要重复，以JSON格式输出：{""count"": 数量}，只输出JSON。","请数出图片中的green peas的数量（画面中每一个属于该类的个体）。如果你无法逐个确证，请回答 abstain，而不要猜测。以JSON格式输出：{""count"": 数量} 或 {""count"": ""abstain""}，只输出JSON。","请判断这张图片中的green peas的数量。你可以：①给出数字；②回答 ""cannot_judge"" 表示无法判断；③回答 ""no_people"" 表示画面中没有可辨认的个体。以JSON格式输出：{""response"": ...}，只输出JSON。"
5464.jpg,green peas,54,1,"请数出图片中的人数（人群中的每个人头或人体），不要遗漏，不要重复，以JSON格式输出：{""count"": 数量}，只输出JSON。","请数出图片中的人数（人群中的每个人头或人体）。如果你无法逐个确证，请回答 abstain，而不要猜测。以JSON格式输出：{""count"": 数量} 或 {""count"": ""abstain""}，只输出JSON。","请判断这张图片中的人数。你可以：①给出数字；②回答 ""cannot_judge"" 表示无法判断；③回答 ""no_people"" 表示画面中没有可辨认的个体。以JSON格式输出：{""response"": ...}，只输出JSON。","请数出图片中的green peas的数量（画面中每一个属于该类的个体），不要遗漏，不要重复，以JSON格式输出：{""count"": 数量}，只输出JSON。","请数出图片中的green peas的数量（画面中每一个属于该类的个体）。如果你无法逐个确证，请回答 abstain，而不要猜测。以JSON格式输出：{""count"": 数量} 或 {""count"": ""abstain""}，只输出JSON。","请判断这张图片中的green peas的数量。你可以：①给出数字；②回答 ""cannot_judge"" 表示无法判断；③回答 ""no_people"" 表示画面中没有可辨认的个体。以JSON格式输出：{""response"": ...}，只输出JSON。"
5505.jpg,green peas,89,1,"请数出图片中的人数（人群中的每个人头或人体），不要遗漏，不要重复，以JSON格式输出：{""count"": 数量}，只输出JSON。","请数出图片中的人数（人群中的每个人头或人体）。如果你无法逐个确证，请回答 abstain，而不要猜测。以JSON格式输出：{""count"": 数量} 或 {""count"": ""abstain""}，只输出JSON。","请判断这张图片中的人数。你可以：①给出数字；②回答 ""cannot_judge"" 表示无法判断；③回答 ""no_people"" 表示画面中没有可辨认的个体。以JSON格式输出：{""response"": ...}，只输出JSON。","请数出图片中的green peas的数量（画面中每一个属于该类的个体），不要遗漏，不要重复，以JSON格式输出：{""count"": 数量}，只输出JSON。","请数出图片中的green peas的数量（画面中每一个属于该类的个体）。如果你无法逐个确证，请回答 abstain，而不要猜测。以JSON格式输出：{""count"": 数量} 或 {""count"": ""abstain""}，只输出JSON。","请判断这张图片中的green peas的数量。你可以：①给出数字；②回答 ""cannot_judge"" 表示无法判断；③回答 ""no_people"" 表示画面中没有可辨认的个体。以JSON格式输出：{""response"": ...}，只输出JSON。"
5508.jpg,green peas,84,1,"请数出图片中的人数（人群中的每个人头或人体），不要遗漏，不要重复，以JSON格式输出：{""count"": 数量}，只输出JSON。","请数出图片中的人数（人群中的每个人头或人体）。如果你无法逐个确证，请回答 abstain，而不要猜测。以JSON格式输出：{""count"": 数量} 或 {""count"": ""abstain""}，只输出JSON。","请判断这张图片中的人数。你可以：①给出数字；②回答 ""cannot_judge"" 表示无法判断；③回答 ""no_people"" 表示画面中没有可辨认的个体。以JSON格式输出：{""response"": ...}，只输出JSON。","请数出图片中的green peas的数量（画面中每一个属于该类的个体），不要遗漏，不要重复，以JSON格式输出：{""count"": 数量}，只输出JSON。","请数出图片中的green peas的数量（画面中每一个属于该类的个体）。如果你无法逐个确证，请回答 abstain，而不要猜测。以JSON格式输出：{""count"": 数量} 或 {""count"": ""abstain""}，只输出JSON。","请判断这张图片中的green peas的数量。你可以：①给出数字；②回答 ""cannot_judge"" 表示无法判断；③回答 ""no_people"" 表示画面中没有可辨认的个体。以JSON格式输出：{""response"": ...}，只输出JSON。"
5511.jpg,green peas,18,1,"请数出图片中的人数（人群中的每个人头或人体），不要遗漏，不要重复，以JSON格式输出：{""count"": 数量}，只输出JSON。","请数出图片中的人数（人群中的每个人头或人体）。如果你无法逐个确证，请回答 abstain，而不要猜测。以JSON格式输出：{""count"": 数量} 或 {""count"": ""abstain""}，只输出JSON。","请判断这张图片中的人数。你可以：①给出数字；②回答 ""cannot_judge"" 表示无法判断；③回答 ""no_people"" 表示画面中没有可辨认的个体。以JSON格式输出：{""response"": ...}，只输出JSON。","请数出图片中的green peas的数量（画面中每一个属于该类的个体），不要遗漏，不要重复，以JSON格式输出：{""count"": 数量}，只输出JSON。","请数出图片中的green peas的数量（画面中每一个属于该类的个体）。如果你无法逐个确证，请回答 abstain，而不要猜测。以JSON格式输出：{""count"": 数量} 或 {""count"": ""abstain""}，只输出JSON。","请判断这张图片中的green peas的数量。你可以：①给出数字；②回答 ""cannot_judge"" 表示无法判断；③回答 ""no_people"" 表示画面中没有可辨认的个体。以JSON格式输出：{""response"": ...}，只输出JSON。"
5514.jpg,green peas,112,1,"请数出图片中的人数（人群中的每个人头或人体），不要遗漏，不要重复，以JSON格式输出：{""count"": 数量}，只输出JSON。","请数出图片中的人数（人群中的每个人头或人体）。如果你无法逐个确证，请回答 abstain，而不要猜测。以JSON格式输出：{""count"": 数量} 或 {""count"": ""abstain""}，只输出JSON。","请判断这张图片中的人数。你可以：①给出数字；②回答 ""cannot_judge"" 表示无法判断；③回答 ""no_people"" 表示画面中没有可辨认的个体。以JSON格式输出：{""response"": ...}，只输出JSON。","请数出图片中的green peas的数量（画面中每一个属于该类的个体），不要遗漏，不要重复，以JSON格式输出：{""count"": 数量}，只输出JSON。","请数出图片中的green peas的数量（画面中每一个属于该类的个体）。如果你无法逐个确证，请回答 abstain，而不要猜测。以JSON格式输出：{""count"": 数量} 或 {""count"": ""abstain""}，只输出JSON。","请判断这张图片中的green peas的数量。你可以：①给出数字；②回答 ""cannot_judge"" 表示无法判断；③回答 ""no_people"" 表示画面中没有可辨认的个体。以JSON格式输出：{""response"": ...}，只输出JSON。"
5564.jpg,finger foods,16,1,"请数出图片中的人数（人群中的每个人头或人体），不要遗漏，不要重复，以JSON格式输出：{""count"": 数量}，只输出JSON。","请数出图片中的人数（人群中的每个人头或人体）。如果你无法逐个确证，请回答 abstain，而不要猜测。以JSON格式输出：{""count"": 数量} 或 {""count"": ""abstain""}，只输出JSON。","请判断这张图片中的人数。你可以：①给出数字；②回答 ""cannot_judge"" 表示无法判断；③回答 ""no_people"" 表示画面中没有可辨认的个体。以JSON格式输出：{""response"": ...}，只输出JSON。","请数出图片中的finger foods的数量（画面中每一个属于该类的个体），不要遗漏，不要重复，以JSON格式输出：{""count"": 数量}，只输出JSON。","请数出图片中的finger foods的数量（画面中每一个属于该类的个体）。如果你无法逐个确证，请回答 abstain，而不要猜测。以JSON格式输出：{""count"": 数量} 或 {""count"": ""abstain""}，只输出JSON。","请判断这张图片中的finger foods的数量。你可以：①给出数字；②回答 ""cannot_judge"" 表示无法判断；③回答 ""no_people"" 表示画面中没有可辨认的个体。以JSON格式输出：{""response"": ...}，只输出JSON。"
5567.jpg,finger foods,51,1,"请数出图片中的人数（人群中的每个人头或人体），不要遗漏，不要重复，以JSON格式输出：{""count"": 数量}，只输出JSON。","请数出图片中的人数（人群中的每个人头或人体）。如果你无法逐个确证，请回答 abstain，而不要猜测。以JSON格式输出：{""count"": 数量} 或 {""count"": ""abstain""}，只输出JSON。","请判断这张图片中的人数。你可以：①给出数字；②回答 ""cannot_judge"" 表示无法判断；③回答 ""no_people"" 表示画面中没有可辨认的个体。以JSON格式输出：{""response"": ...}，只输出JSON。","请数出图片中的finger foods的数量（画面中每一个属于该类的个体），不要遗漏，不要重复，以JSON格式输出：{""count"": 数量}，只输出JSON。","请数出图片中的finger foods的数量（画面中每一个属于该类的个体）。如果你无法逐个确证，请回答 abstain，而不要猜测。以JSON格式输出：{""count"": 数量} 或 {""count"": ""abstain""}，只输出JSON。","请判断这张图片中的finger foods的数量。你可以：①给出数字；②回答 ""cannot_judge"" 表示无法判断；③回答 ""no_people"" 表示画面中没有可辨认的个体。以JSON格式输出：{""response"": ...}，只输出JSON。"
5572.jpg,marbles,9,1,"请数出图片中的人数（人群中的每个人头或人体），不要遗漏，不要重复，以JSON格式输出：{""count"": 数量}，只输出JSON。","请数出图片中的人数（人群中的每个人头或人体）。如果你无法逐个确证，请回答 abstain，而不要猜测。以JSON格式输出：{""count"": 数量} 或 {""count"": ""abstain""}，只输出JSON。","请判断这张图片中的人数。你可以：①给出数字；②回答 ""cannot_judge"" 表示无法判断；③回答 ""no_people"" 表示画面中没有可辨认的个体。以JSON格式输出：{""response"": ...}，只输出JSON。","请数出图片中的marbles的数量（画面中每一个属于该类的个体），不要遗漏，不要重复，以JSON格式输出：{""count"": 数量}，只输出JSON。","请数出图片中的marbles的数量（画面中每一个属于该类的个体）。如果你无法逐个确证，请回答 abstain，而不要猜测。以JSON格式输出：{""count"": 数量} 或 {""count"": ""abstain""}，只输出JSON。","请判断这张图片中的marbles的数量。你可以：①给出数字；②回答 ""cannot_judge"" 表示无法判断；③回答 ""no_people"" 表示画面中没有可辨认的个体。以JSON格式输出：{""response"": ...}，只输出JSON。"
5575.jpg,marbles,12,1,"请数出图片中的人数（人群中的每个人头或人体），不要遗漏，不要重复，以JSON格式输出：{""count"": 数量}，只输出JSON。","请数出图片中的人数（人群中的每个人头或人体）。如果你无法逐个确证，请回答 abstain，而不要猜测。以JSON格式输出：{""count"": 数量} 或 {""count"": ""abstain""}，只输出JSON。","请判断这张图片中的人数。你可以：①给出数字；②回答 ""cannot_judge"" 表示无法判断；③回答 ""no_people"" 表示画面中没有可辨认的个体。以JSON格式输出：{""response"": ...}，只输出JSON。","请数出图片中的marbles的数量（画面中每一个属于该类的个体），不要遗漏，不要重复，以JSON格式输出：{""count"": 数量}，只输出JSON。","请数出图片中的marbles的数量（画面中每一个属于该类的个体）。如果你无法逐个确证，请回答 abstain，而不要猜测。以JSON格式输出：{""count"": 数量} 或 {""count"": ""abstain""}，只输出JSON。","请判断这张图片中的marbles的数量。你可以：①给出数字；②回答 ""cannot_judge"" 表示无法判断；③回答 ""no_people"" 表示画面中没有可辨认的个体。以JSON格式输出：{""response"": ...}，只输出JSON。"
5578.jpg,marbles,32,1,"请数出图片中的人数（人群中的每个人头或人体），不要遗漏，不要重复，以JSON格式输出：{""count"": 数量}，只输出JSON。","请数出图片中的人数（人群中的每个人头或人体）。如果你无法逐个确证，请回答 abstain，而不要猜测。以JSON格式输出：{""count"": 数量} 或 {""count"": ""abstain""}，只输出JSON。","请判断这张图片中的人数。你可以：①给出数字；②回答 ""cannot_judge"" 表示无法判断；③回答 ""no_people"" 表示画面中没有可辨认的个体。以JSON格式输出：{""response"": ...}，只输出JSON。","请数出图片中的marbles的数量（画面中每一个属于该类的个体），不要遗漏，不要重复，以JSON格式输出：{""count"": 数量}，只输出JSON。","请数出图片中的marbles的数量（画面中每一个属于该类的个体）。如果你无法逐个确证，请回答 abstain，而不要猜测。以JSON格式输出：{""count"": 数量} 或 {""count"": ""abstain""}，只输出JSON。","请判断这张图片中的marbles的数量。你可以：①给出数字；②回答 ""cannot_judge"" 表示无法判断；③回答 ""no_people"" 表示画面中没有可辨认的个体。以JSON格式输出：{""response"": ...}，只输出JSON。"
5581.jpg,marbles,8,1,"请数出图片中的人数（人群中的每个人头或人体），不要遗漏，不要重复，以JSON格式输出：{""count"": 数量}，只输出JSON。","请数出图片中的人数（人群中的每个人头或人体）。如果你无法逐个确证，请回答 abstain，而不要猜测。以JSON格式输出：{""count"": 数量} 或 {""count"": ""abstain""}，只输出JSON。","请判断这张图片中的人数。你可以：①给出数字；②回答 ""cannot_judge"" 表示无法判断；③回答 ""no_people"" 表示画面中没有可辨认的个体。以JSON格式输出：{""response"": ...}，只输出JSON。","请数出图片中的marbles的数量（画面中每一个属于该类的个体），不要遗漏，不要重复，以JSON格式输出：{""count"": 数量}，只输出JSON。","请数出图片中的marbles的数量（画面中每一个属于该类的个体）。如果你无法逐个确证，请回答 abstain，而不要猜测。以JSON格式输出：{""count"": 数量} 或 {""count"": ""abstain""}，只输出JSON。","请判断这张图片中的marbles的数量。你可以：①给出数字；②回答 ""cannot_judge"" 表示无法判断；③回答 ""no_people"" 表示画面中没有可辨认的个体。以JSON格式输出：{""response"": ...}，只输出JSON。"
5584.jpg,marbles,51,1,"请数出图片中的人数（人群中的每个人头或人体），不要遗漏，不要重复，以JSON格式输出：{""count"": 数量}，只输出JSON。","请数出图片中的人数（人群中的每个人头或人体）。如果你无法逐个确证，请回答 abstain，而不要猜测。以JSON格式输出：{""count"": 数量} 或 {""count"": ""abstain""}，只输出JSON。","请判断这张图片中的人数。你可以：①给出数字；②回答 ""cannot_judge"" 表示无法判断；③回答 ""no_people"" 表示画面中没有可辨认的个体。以JSON格式输出：{""response"": ...}，只输出JSON。","请数出图片中的marbles的数量（画面中每一个属于该类的个体），不要遗漏，不要重复，以JSON格式输出：{""count"": 数量}，只输出JSON。","请数出图片中的marbles的数量（画面中每一个属于该类的个体）。如果你无法逐个确证，请回答 abstain，而不要猜测。以JSON格式输出：{""count"": 数量} 或 {""count"": ""abstain""}，只输出JSON。","请判断这张图片中的marbles的数量。你可以：①给出数字；②回答 ""cannot_judge"" 表示无法判断；③回答 ""no_people"" 表示画面中没有可辨认的个体。以JSON格式输出：{""response"": ...}，只输出JSON。"
5588.jpg,marbles,49,1,"请数出图片中的人数（人群中的每个人头或人体），不要遗漏，不要重复，以JSON格式输出：{""count"": 数量}，只输出JSON。","请数出图片中的人数（人群中的每个人头或人体）。如果你无法逐个确证，请回答 abstain，而不要猜测。以JSON格式输出：{""count"": 数量} 或 {""count"": ""abstain""}，只输出JSON。","请判断这张图片中的人数。你可以：①给出数字；②回答 ""cannot_judge"" 表示无法判断；③回答 ""no_people"" 表示画面中没有可辨认的个体。以JSON格式输出：{""response"": ...}，只输出JSON。","请数出图片中的marbles的数量（画面中每一个属于该类的个体），不要遗漏，不要重复，以JSON格式输出：{""count"": 数量}，只输出JSON。","请数出图片中的marbles的数量（画面中每一个属于该类的个体）。如果你无法逐个确证，请回答 abstain，而不要猜测。以JSON格式输出：{""count"": 数量} 或 {""count"": ""abstain""}，只输出JSON。","请判断这张图片中的marbles的数量。你可以：①给出数字；②回答 ""cannot_judge"" 表示无法判断；③回答 ""no_people"" 表示画面中没有可辨认的个体。以JSON格式输出：{""response"": ...}，只输出JSON。"
5592.jpg,marbles,93,1,"请数出图片中的人数（人群中的每个人头或人体），不要遗漏，不要重复，以JSON格式输出：{""count"": 数量}，只输出JSON。","请数出图片中的人数（人群中的每个人头或人体）。如果你无法逐个确证，请回答 abstain，而不要猜测。以JSON格式输出：{""count"": 数量} 或 {""count"": ""abstain""}，只输出JSON。","请判断这张图片中的人数。你可以：①给出数字；②回答 ""cannot_judge"" 表示无法判断；③回答 ""no_people"" 表示画面中没有可辨认的个体。以JSON格式输出：{""response"": ...}，只输出JSON。","请数出图片中的marbles的数量（画面中每一个属于该类的个体），不要遗漏，不要重复，以JSON格式输出：{""count"": 数量}，只输出JSON。","请数出图片中的marbles的数量（画面中每一个属于该类的个体）。如果你无法逐个确证，请回答 abstain，而不要猜测。以JSON格式输出：{""count"": 数量} 或 {""count"": ""abstain""}，只输出JSON。","请判断这张图片中的marbles的数量。你可以：①给出数字；②回答 ""cannot_judge"" 表示无法判断；③回答 ""no_people"" 表示画面中没有可辨认的个体。以JSON格式输出：{""response"": ...}，只输出JSON。"
5595.jpg,marbles,15,1,"请数出图片中的人数（人群中的每个人头或人体），不要遗漏，不要重复，以JSON格式输出：{""count"": 数量}，只输出JSON。","请数出图片中的人数（人群中的每个人头或人体）。如果你无法逐个确证，请回答 abstain，而不要猜测。以JSON格式输出：{""count"": 数量} 或 {""count"": ""abstain""}，只输出JSON。","请判断这张图片中的人数。你可以：①给出数字；②回答 ""cannot_judge"" 表示无法判断；③回答 ""no_people"" 表示画面中没有可辨认的个体。以JSON格式输出：{""response"": ...}，只输出JSON。","请数出图片中的marbles的数量（画面中每一个属于该类的个体），不要遗漏，不要重复，以JSON格式输出：{""count"": 数量}，只输出JSON。","请数出图片中的marbles的数量（画面中每一个属于该类的个体）。如果你无法逐个确证，请回答 abstain，而不要猜测。以JSON格式输出：{""count"": 数量} 或 {""count"": ""abstain""}，只输出JSON。","请判断这张图片中的marbles的数量。你可以：①给出数字；②回答 ""cannot_judge"" 表示无法判断；③回答 ""no_people"" 表示画面中没有可辨认的个体。以JSON格式输出：{""response"": ...}，只输出JSON。"
5598.jpg,marbles,23,1,"请数出图片中的人数（人群中的每个人头或人体），不要遗漏，不要重复，以JSON格式输出：{""count"": 数量}，只输出JSON。","请数出图片中的人数（人群中的每个人头或人体）。如果你无法逐个确证，请回答 abstain，而不要猜测。以JSON格式输出：{""count"": 数量} 或 {""count"": ""abstain""}，只输出JSON。","请判断这张图片中的人数。你可以：①给出数字；②回答 ""cannot_judge"" 表示无法判断；③回答 ""no_people"" 表示画面中没有可辨认的个体。以JSON格式输出：{""response"": ...}，只输出JSON。","请数出图片中的marbles的数量（画面中每一个属于该类的个体），不要遗漏，不要重复，以JSON格式输出：{""count"": 数量}，只输出JSON。","请数出图片中的marbles的数量（画面中每一个属于该类的个体）。如果你无法逐个确证，请回答 abstain，而不要猜测。以JSON格式输出：{""count"": 数量} 或 {""count"": ""abstain""}，只输出JSON。","请判断这张图片中的marbles的数量。你可以：①给出数字；②回答 ""cannot_judge"" 表示无法判断；③回答 ""no_people"" 表示画面中没有可辨认的个体。以JSON格式输出：{""response"": ...}，只输出JSON。"
5601.jpg,marbles,22,1,"请数出图片中的人数（人群中的每个人头或人体），不要遗漏，不要重复，以JSON格式输出：{""count"": 数量}，只输出JSON。","请数出图片中的人数（人群中的每个人头或人体）。如果你无法逐个确证，请回答 abstain，而不要猜测。以JSON格式输出：{""count"": 数量} 或 {""count"": ""abstain""}，只输出JSON。","请判断这张图片中的人数。你可以：①给出数字；②回答 ""cannot_judge"" 表示无法判断；③回答 ""no_people"" 表示画面中没有可辨认的个体。以JSON格式输出：{""response"": ...}，只输出JSON。","请数出图片中的marbles的数量（画面中每一个属于该类的个体），不要遗漏，不要重复，以JSON格式输出：{""count"": 数量}，只输出JSON。","请数出图片中的marbles的数量（画面中每一个属于该类的个体）。如果你无法逐个确证，请回答 abstain，而不要猜测。以JSON格式输出：{""count"": 数量} 或 {""count"": ""abstain""}，只输出JSON。","请判断这张图片中的marbles的数量。你可以：①给出数字；②回答 ""cannot_judge"" 表示无法判断；③回答 ""no_people"" 表示画面中没有可辨认的个体。以JSON格式输出：{""response"": ...}，只输出JSON。"
5792.jpg,cashew nuts,21,1,"请数出图片中的人数（人群中的每个人头或人体），不要遗漏，不要重复，以JSON格式输出：{""count"": 数量}，只输出JSON。","请数出图片中的人数（人群中的每个人头或人体）。如果你无法逐个确证，请回答 abstain，而不要猜测。以JSON格式输出：{""count"": 数量} 或 {""count"": ""abstain""}，只输出JSON。","请判断这张图片中的人数。你可以：①给出数字；②回答 ""cannot_judge"" 表示无法判断；③回答 ""no_people"" 表示画面中没有可辨认的个体。以JSON格式输出：{""response"": ...}，只输出JSON。","请数出图片中的cashew nuts的数量（画面中每一个属于该类的个体），不要遗漏，不要重复，以JSON格式输出：{""count"": 数量}，只输出JSON。","请数出图片中的cashew nuts的数量（画面中每一个属于该类的个体）。如果你无法逐个确证，请回答 abstain，而不要猜测。以JSON格式输出：{""count"": 数量} 或 {""count"": ""abstain""}，只输出JSON。","请判断这张图片中的cashew nuts的数量。你可以：①给出数字；②回答 ""cannot_judge"" 表示无法判断；③回答 ""no_people"" 表示画面中没有可辨认的个体。以JSON格式输出：{""response"": ...}，只输出JSON。"
5795.jpg,cashew nuts,84,1,"请数出图片中的人数（人群中的每个人头或人体），不要遗漏，不要重复，以JSON格式输出：{""count"": 数量}，只输出JSON。","请数出图片中的人数（人群中的每个人头或人体）。如果你无法逐个确证，请回答 abstain，而不要猜测。以JSON格式输出：{""count"": 数量} 或 {""count"": ""abstain""}，只输出JSON。","请判断这张图片中的人数。你可以：①给出数字；②回答 ""cannot_judge"" 表示无法判断；③回答 ""no_people"" 表示画面中没有可辨认的个体。以JSON格式输出：{""response"": ...}，只输出JSON。","请数出图片中的cashew nuts的数量（画面中每一个属于该类的个体），不要遗漏，不要重复，以JSON格式输出：{""count"": 数量}，只输出JSON。","请数出图片中的cashew nuts的数量（画面中每一个属于该类的个体）。如果你无法逐个确证，请回答 abstain，而不要猜测。以JSON格式输出：{""count"": 数量} 或 {""count"": ""abstain""}，只输出JSON。","请判断这张图片中的cashew nuts的数量。你可以：①给出数字；②回答 ""cannot_judge"" 表示无法判断；③回答 ""no_people"" 表示画面中没有可辨认的个体。以JSON格式输出：{""response"": ...}，只输出JSON。"
5798.jpg,cashew nuts,45,1,"请数出图片中的人数（人群中的每个人头或人体），不要遗漏，不要重复，以JSON格式输出：{""count"": 数量}，只输出JSON。","请数出图片中的人数（人群中的每个人头或人体）。如果你无法逐个确证，请回答 abstain，而不要猜测。以JSON格式输出：{""count"": 数量} 或 {""count"": ""abstain""}，只输出JSON。","请判断这张图片中的人数。你可以：①给出数字；②回答 ""cannot_judge"" 表示无法判断；③回答 ""no_people"" 表示画面中没有可辨认的个体。以JSON格式输出：{""response"": ...}，只输出JSON。","请数出图片中的cashew nuts的数量（画面中每一个属于该类的个体），不要遗漏，不要重复，以JSON格式输出：{""count"": 数量}，只输出JSON。","请数出图片中的cashew nuts的数量（画面中每一个属于该类的个体）。如果你无法逐个确证，请回答 abstain，而不要猜测。以JSON格式输出：{""count"": 数量} 或 {""count"": ""abstain""}，只输出JSON。","请判断这张图片中的cashew nuts的数量。你可以：①给出数字；②回答 ""cannot_judge"" 表示无法判断；③回答 ""no_people"" 表示画面中没有可辨认的个体。以JSON格式输出：{""response"": ...}，只输出JSON。"
5801.jpg,cashew nuts,157,1,"请数出图片中的人数（人群中的每个人头或人体），不要遗漏，不要重复，以JSON格式输出：{""count"": 数量}，只输出JSON。","请数出图片中的人数（人群中的每个人头或人体）。如果你无法逐个确证，请回答 abstain，而不要猜测。以JSON格式输出：{""count"": 数量} 或 {""count"": ""abstain""}，只输出JSON。","请判断这张图片中的人数。你可以：①给出数字；②回答 ""cannot_judge"" 表示无法判断；③回答 ""no_people"" 表示画面中没有可辨认的个体。以JSON格式输出：{""response"": ...}，只输出JSON。","请数出图片中的cashew nuts的数量（画面中每一个属于该类的个体），不要遗漏，不要重复，以JSON格式输出：{""count"": 数量}，只输出JSON。","请数出图片中的cashew nuts的数量（画面中每一个属于该类的个体）。如果你无法逐个确证，请回答 abstain，而不要猜测。以JSON格式输出：{""count"": 数量} 或 {""count"": ""abstain""}，只输出JSON。","请判断这张图片中的cashew nuts的数量。你可以：①给出数字；②回答 ""cannot_judge"" 表示无法判断；③回答 ""no_people"" 表示画面中没有可辨认的个体。以JSON格式输出：{""response"": ...}，只输出JSON。"
5804.jpg,cashew nuts,43,1,"请数出图片中的人数（人群中的每个人头或人体），不要遗漏，不要重复，以JSON格式输出：{""count"": 数量}，只输出JSON。","请数出图片中的人数（人群中的每个人头或人体）。如果你无法逐个确证，请回答 abstain，而不要猜测。以JSON格式输出：{""count"": 数量} 或 {""count"": ""abstain""}，只输出JSON。","请判断这张图片中的人数。你可以：①给出数字；②回答 ""cannot_judge"" 表示无法判断；③回答 ""no_people"" 表示画面中没有可辨认的个体。以JSON格式输出：{""response"": ...}，只输出JSON。","请数出图片中的cashew nuts的数量（画面中每一个属于该类的个体），不要遗漏，不要重复，以JSON格式输出：{""count"": 数量}，只输出JSON。","请数出图片中的cashew nuts的数量（画面中每一个属于该类的个体）。如果你无法逐个确证，请回答 abstain，而不要猜测。以JSON格式输出：{""count"": 数量} 或 {""count"": ""abstain""}，只输出JSON。","请判断这张图片中的cashew nuts的数量。你可以：①给出数字；②回答 ""cannot_judge"" 表示无法判断；③回答 ""no_people"" 表示画面中没有可辨认的个体。以JSON格式输出：{""response"": ...}，只输出JSON。"
5807.jpg,cashew nuts,110,1,"请数出图片中的人数（人群中的每个人头或人体），不要遗漏，不要重复，以JSON格式输出：{""count"": 数量}，只输出JSON。","请数出图片中的人数（人群中的每个人头或人体）。如果你无法逐个确证，请回答 abstain，而不要猜测。以JSON格式输出：{""count"": 数量} 或 {""count"": ""abstain""}，只输出JSON。","请判断这张图片中的人数。你可以：①给出数字；②回答 ""cannot_judge"" 表示无法判断；③回答 ""no_people"" 表示画面中没有可辨认的个体。以JSON格式输出：{""response"": ...}，只输出JSON。","请数出图片中的cashew nuts的数量（画面中每一个属于该类的个体），不要遗漏，不要重复，以JSON格式输出：{""count"": 数量}，只输出JSON。","请数出图片中的cashew nuts的数量（画面中每一个属于该类的个体）。如果你无法逐个确证，请回答 abstain，而不要猜测。以JSON格式输出：{""count"": 数量} 或 {""count"": ""abstain""}，只输出JSON。","请判断这张图片中的cashew nuts的数量。你可以：①给出数字；②回答 ""cannot_judge"" 表示无法判断；③回答 ""no_people"" 表示画面中没有可辨认的个体。以JSON格式输出：{""response"": ...}，只输出JSON。"
5810.jpg,strawberries,90,1,"请数出图片中的人数（人群中的每个人头或人体），不要遗漏，不要重复，以JSON格式输出：{""count"": 数量}，只输出JSON。","请数出图片中的人数（人群中的每个人头或人体）。如果你无法逐个确证，请回答 abstain，而不要猜测。以JSON格式输出：{""count"": 数量} 或 {""count"": ""abstain""}，只输出JSON。","请判断这张图片中的人数。你可以：①给出数字；②回答 ""cannot_judge"" 表示无法判断；③回答 ""no_people"" 表示画面中没有可辨认的个体。以JSON格式输出：{""response"": ...}，只输出JSON。","请数出图片中的strawberries的数量（画面中每一个属于该类的个体），不要遗漏，不要重复，以JSON格式输出：{""count"": 数量}，只输出JSON。","请数出图片中的strawberries的数量（画面中每一个属于该类的个体）。如果你无法逐个确证，请回答 abstain，而不要猜测。以JSON格式输出：{""count"": 数量} 或 {""count"": ""abstain""}，只输出JSON。","请判断这张图片中的strawberries的数量。你可以：①给出数字；②回答 ""cannot_judge"" 表示无法判断；③回答 ""no_people"" 表示画面中没有可辨认的个体。以JSON格式输出：{""response"": ...}，只输出JSON。"
5813.jpg,strawberries,12,1,"请数出图片中的人数（人群中的每个人头或人体），不要遗漏，不要重复，以JSON格式输出：{""count"": 数量}，只输出JSON。","请数出图片中的人数（人群中的每个人头或人体）。如果你无法逐个确证，请回答 abstain，而不要猜测。以JSON格式输出：{""count"": 数量} 或 {""count"": ""abstain""}，只输出JSON。","请判断这张图片中的人数。你可以：①给出数字；②回答 ""cannot_judge"" 表示无法判断；③回答 ""no_people"" 表示画面中没有可辨认的个体。以JSON格式输出：{""response"": ...}，只输出JSON。","请数出图片中的strawberries的数量（画面中每一个属于该类的个体），不要遗漏，不要重复，以JSON格式输出：{""count"": 数量}，只输出JSON。","请数出图片中的strawberries的数量（画面中每一个属于该类的个体）。如果你无法逐个确证，请回答 abstain，而不要猜测。以JSON格式输出：{""count"": 数量} 或 {""count"": ""abstain""}，只输出JSON。","请判断这张图片中的strawberries的数量。你可以：①给出数字；②回答 ""cannot_judge"" 表示无法判断；③回答 ""no_people"" 表示画面中没有可辨认的个体。以JSON格式输出：{""response"": ...}，只输出JSON。"
5816.jpg,strawberries,101,1,"请数出图片中的人数（人群中的每个人头或人体），不要遗漏，不要重复，以JSON格式输出：{""count"": 数量}，只输出JSON。","请数出图片中的人数（人群中的每个人头或人体）。如果你无法逐个确证，请回答 abstain，而不要猜测。以JSON格式输出：{""count"": 数量} 或 {""count"": ""abstain""}，只输出JSON。","请判断这张图片中的人数。你可以：①给出数字；②回答 ""cannot_judge"" 表示无法判断；③回答 ""no_people"" 表示画面中没有可辨认的个体。以JSON格式输出：{""response"": ...}，只输出JSON。","请数出图片中的strawberries的数量（画面中每一个属于该类的个体），不要遗漏，不要重复，以JSON格式输出：{""count"": 数量}，只输出JSON。","请数出图片中的strawberries的数量（画面中每一个属于该类的个体）。如果你无法逐个确证，请回答 abstain，而不要猜测。以JSON格式输出：{""count"": 数量} 或 {""count"": ""abstain""}，只输出JSON。","请判断这张图片中的strawberries的数量。你可以：①给出数字；②回答 ""cannot_judge"" 表示无法判断；③回答 ""no_people"" 表示画面中没有可辨认的个体。以JSON格式输出：{""response"": ...}，只输出JSON。"
5819.jpg,strawberries,9,1,"请数出图片中的人数（人群中的每个人头或人体），不要遗漏，不要重复，以JSON格式输出：{""count"": 数量}，只输出JSON。","请数出图片中的人数（人群中的每个人头或人体）。如果你无法逐个确证，请回答 abstain，而不要猜测。以JSON格式输出：{""count"": 数量} 或 {""count"": ""abstain""}，只输出JSON。","请判断这张图片中的人数。你可以：①给出数字；②回答 ""cannot_judge"" 表示无法判断；③回答 ""no_people"" 表示画面中没有可辨认的个体。以JSON格式输出：{""response"": ...}，只输出JSON。","请数出图片中的strawberries的数量（画面中每一个属于该类的个体），不要遗漏，不要重复，以JSON格式输出：{""count"": 数量}，只输出JSON。","请数出图片中的strawberries的数量（画面中每一个属于该类的个体）。如果你无法逐个确证，请回答 abstain，而不要猜测。以JSON格式输出：{""count"": 数量} 或 {""count"": ""abstain""}，只输出JSON。","请判断这张图片中的strawberries的数量。你可以：①给出数字；②回答 ""cannot_judge"" 表示无法判断；③回答 ""no_people"" 表示画面中没有可辨认的个体。以JSON格式输出：{""response"": ...}，只输出JSON。"
5822.jpg,strawberries,128,1,"请数出图片中的人数（人群中的每个人头或人体），不要遗漏，不要重复，以JSON格式输出：{""count"": 数量}，只输出JSON。","请数出图片中的人数（人群中的每个人头或人体）。如果你无法逐个确证，请回答 abstain，而不要猜测。以JSON格式输出：{""count"": 数量} 或 {""count"": ""abstain""}，只输出JSON。","请判断这张图片中的人数。你可以：①给出数字；②回答 ""cannot_judge"" 表示无法判断；③回答 ""no_people"" 表示画面中没有可辨认的个体。以JSON格式输出：{""response"": ...}，只输出JSON。","请数出图片中的strawberries的数量（画面中每一个属于该类的个体），不要遗漏，不要重复，以JSON格式输出：{""count"": 数量}，只输出JSON。","请数出图片中的strawberries的数量（画面中每一个属于该类的个体）。如果你无法逐个确证，请回答 abstain，而不要猜测。以JSON格式输出：{""count"": 数量} 或 {""count"": ""abstain""}，只输出JSON。","请判断这张图片中的strawberries的数量。你可以：①给出数字；②回答 ""cannot_judge"" 表示无法判断；③回答 ""no_people"" 表示画面中没有可辨认的个体。以JSON格式输出：{""response"": ...}，只输出JSON。"
5825.jpg,strawberries,14,1,"请数出图片中的人数（人群中的每个人头或人体），不要遗漏，不要重复，以JSON格式输出：{""count"": 数量}，只输出JSON。","请数出图片中的人数（人群中的每个人头或人体）。如果你无法逐个确证，请回答 abstain，而不要猜测。以JSON格式输出：{""count"": 数量} 或 {""count"": ""abstain""}，只输出JSON。","请判断这张图片中的人数。你可以：①给出数字；②回答 ""cannot_judge"" 表示无法判断；③回答 ""no_people"" 表示画面中没有可辨认的个体。以JSON格式输出：{""response"": ...}，只输出JSON。","请数出图片中的strawberries的数量（画面中每一个属于该类的个体），不要遗漏，不要重复，以JSON格式输出：{""count"": 数量}，只输出JSON。","请数出图片中的strawberries的数量（画面中每一个属于该类的个体）。如果你无法逐个确证，请回答 abstain，而不要猜测。以JSON格式输出：{""count"": 数量} 或 {""count"": ""abstain""}，只输出JSON。","请判断这张图片中的strawberries的数量。你可以：①给出数字；②回答 ""cannot_judge"" 表示无法判断；③回答 ""no_people"" 表示画面中没有可辨认的个体。以JSON格式输出：{""response"": ...}，只输出JSON。"
5828.jpg,strawberries,12,1,"请数出图片中的人数（人群中的每个人头或人体），不要遗漏，不要重复，以JSON格式输出：{""count"": 数量}，只输出JSON。","请数出图片中的人数（人群中的每个人头或人体）。如果你无法逐个确证，请回答 abstain，而不要猜测。以JSON格式输出：{""count"": 数量} 或 {""count"": ""abstain""}，只输出JSON。","请判断这张图片中的人数。你可以：①给出数字；②回答 ""cannot_judge"" 表示无法判断；③回答 ""no_people"" 表示画面中没有可辨认的个体。以JSON格式输出：{""response"": ...}，只输出JSON。","请数出图片中的strawberries的数量（画面中每一个属于该类的个体），不要遗漏，不要重复，以JSON格式输出：{""count"": 数量}，只输出JSON。","请数出图片中的strawberries的数量（画面中每一个属于该类的个体）。如果你无法逐个确证，请回答 abstain，而不要猜测。以JSON格式输出：{""count"": 数量} 或 {""count"": ""abstain""}，只输出JSON。","请判断这张图片中的strawberries的数量。你可以：①给出数字；②回答 ""cannot_judge"" 表示无法判断；③回答 ""no_people"" 表示画面中没有可辨认的个体。以JSON格式输出：{""response"": ...}，只输出JSON。"
5831.jpg,strawberries,101,1,"请数出图片中的人数（人群中的每个人头或人体），不要遗漏，不要重复，以JSON格式输出：{""count"": 数量}，只输出JSON。","请数出图片中的人数（人群中的每个人头或人体）。如果你无法逐个确证，请回答 abstain，而不要猜测。以JSON格式输出：{""count"": 数量} 或 {""count"": ""abstain""}，只输出JSON。","请判断这张图片中的人数。你可以：①给出数字；②回答 ""cannot_judge"" 表示无法判断；③回答 ""no_people"" 表示画面中没有可辨认的个体。以JSON格式输出：{""response"": ...}，只输出JSON。","请数出图片中的strawberries的数量（画面中每一个属于该类的个体），不要遗漏，不要重复，以JSON格式输出：{""count"": 数量}，只输出JSON。","请数出图片中的strawberries的数量（画面中每一个属于该类的个体）。如果你无法逐个确证，请回答 abstain，而不要猜测。以JSON格式输出：{""count"": 数量} 或 {""count"": ""abstain""}，只输出JSON。","请判断这张图片中的strawberries的数量。你可以：①给出数字；②回答 ""cannot_judge"" 表示无法判断；③回答 ""no_people"" 表示画面中没有可辨认的个体。以JSON格式输出：{""response"": ...}，只输出JSON。"
5834.jpg,strawberries,27,1,"请数出图片中的人数（人群中的每个人头或人体），不要遗漏，不要重复，以JSON格式输出：{""count"": 数量}，只输出JSON。","请数出图片中的人数（人群中的每个人头或人体）。如果你无法逐个确证，请回答 abstain，而不要猜测。以JSON格式输出：{""count"": 数量} 或 {""count"": ""abstain""}，只输出JSON。","请判断这张图片中的人数。你可以：①给出数字；②回答 ""cannot_judge"" 表示无法判断；③回答 ""no_people"" 表示画面中没有可辨认的个体。以JSON格式输出：{""response"": ...}，只输出JSON。","请数出图片中的strawberries的数量（画面中每一个属于该类的个体），不要遗漏，不要重复，以JSON格式输出：{""count"": 数量}，只输出JSON。","请数出图片中的strawberries的数量（画面中每一个属于该类的个体）。如果你无法逐个确证，请回答 abstain，而不要猜测。以JSON格式输出：{""count"": 数量} 或 {""count"": ""abstain""}，只输出JSON。","请判断这张图片中的strawberries的数量。你可以：①给出数字；②回答 ""cannot_judge"" 表示无法判断；③回答 ""no_people"" 表示画面中没有可辨认的个体。以JSON格式输出：{""response"": ...}，只输出JSON。"
5837.jpg,strawberries,18,1,"请数出图片中的人数（人群中的每个人头或人体），不要遗漏，不要重复，以JSON格式输出：{""count"": 数量}，只输出JSON。","请数出图片中的人数（人群中的每个人头或人体）。如果你无法逐个确证，请回答 abstain，而不要猜测。以JSON格式输出：{""count"": 数量} 或 {""count"": ""abstain""}，只输出JSON。","请判断这张图片中的人数。你可以：①给出数字；②回答 ""cannot_judge"" 表示无法判断；③回答 ""no_people"" 表示画面中没有可辨认的个体。以JSON格式输出：{""response"": ...}，只输出JSON。","请数出图片中的strawberries的数量（画面中每一个属于该类的个体），不要遗漏，不要重复，以JSON格式输出：{""count"": 数量}，只输出JSON。","请数出图片中的strawberries的数量（画面中每一个属于该类的个体）。如果你无法逐个确证，请回答 abstain，而不要猜测。以JSON格式输出：{""count"": 数量} 或 {""count"": ""abstain""}，只输出JSON。","请判断这张图片中的strawberries的数量。你可以：①给出数字；②回答 ""cannot_judge"" 表示无法判断；③回答 ""no_people"" 表示画面中没有可辨认的个体。以JSON格式输出：{""response"": ...}，只输出JSON。"
5840.jpg,strawberries,111,1,"请数出图片中的人数（人群中的每个人头或人体），不要遗漏，不要重复，以JSON格式输出：{""count"": 数量}，只输出JSON。","请数出图片中的人数（人群中的每个人头或人体）。如果你无法逐个确证，请回答 abstain，而不要猜测。以JSON格式输出：{""count"": 数量} 或 {""count"": ""abstain""}，只输出JSON。","请判断这张图片中的人数。你可以：①给出数字；②回答 ""cannot_judge"" 表示无法判断；③回答 ""no_people"" 表示画面中没有可辨认的个体。以JSON格式输出：{""response"": ...}，只输出JSON。","请数出图片中的strawberries的数量（画面中每一个属于该类的个体），不要遗漏，不要重复，以JSON格式输出：{""count"": 数量}，只输出JSON。","请数出图片中的strawberries的数量（画面中每一个属于该类的个体）。如果你无法逐个确证，请回答 abstain，而不要猜测。以JSON格式输出：{""count"": 数量} 或 {""count"": ""abstain""}，只输出JSON。","请判断这张图片中的strawberries的数量。你可以：①给出数字；②回答 ""cannot_judge"" 表示无法判断；③回答 ""no_people"" 表示画面中没有可辨认的个体。以JSON格式输出：{""response"": ...}，只输出JSON。"
5843.jpg,strawberries,74,1,"请数出图片中的人数（人群中的每个人头或人体），不要遗漏，不要重复，以JSON格式输出：{""count"": 数量}，只输出JSON。","请数出图片中的人数（人群中的每个人头或人体）。如果你无法逐个确证，请回答 abstain，而不要猜测。以JSON格式输出：{""count"": 数量} 或 {""count"": ""abstain""}，只输出JSON。","请判断这张图片中的人数。你可以：①给出数字；②回答 ""cannot_judge"" 表示无法判断；③回答 ""no_people"" 表示画面中没有可辨认的个体。以JSON格式输出：{""response"": ...}，只输出JSON。","请数出图片中的strawberries的数量（画面中每一个属于该类的个体），不要遗漏，不要重复，以JSON格式输出：{""count"": 数量}，只输出JSON。","请数出图片中的strawberries的数量（画面中每一个属于该类的个体）。如果你无法逐个确证，请回答 abstain，而不要猜测。以JSON格式输出：{""count"": 数量} 或 {""count"": ""abstain""}，只输出JSON。","请判断这张图片中的strawberries的数量。你可以：①给出数字；②回答 ""cannot_judge"" 表示无法判断；③回答 ""no_people"" 表示画面中没有可辨认的个体。以JSON格式输出：{""response"": ...}，只输出JSON。"
5846.jpg,strawberries,34,1,"请数出图片中的人数（人群中的每个人头或人体），不要遗漏，不要重复，以JSON格式输出：{""count"": 数量}，只输出JSON。","请数出图片中的人数（人群中的每个人头或人体）。如果你无法逐个确证，请回答 abstain，而不要猜测。以JSON格式输出：{""count"": 数量} 或 {""count"": ""abstain""}，只输出JSON。","请判断这张图片中的人数。你可以：①给出数字；②回答 ""cannot_judge"" 表示无法判断；③回答 ""no_people"" 表示画面中没有可辨认的个体。以JSON格式输出：{""response"": ...}，只输出JSON。","请数出图片中的strawberries的数量（画面中每一个属于该类的个体），不要遗漏，不要重复，以JSON格式输出：{""count"": 数量}，只输出JSON。","请数出图片中的strawberries的数量（画面中每一个属于该类的个体）。如果你无法逐个确证，请回答 abstain，而不要猜测。以JSON格式输出：{""count"": 数量} 或 {""count"": ""abstain""}，只输出JSON。","请判断这张图片中的strawberries的数量。你可以：①给出数字；②回答 ""cannot_judge"" 表示无法判断；③回答 ""no_people"" 表示画面中没有可辨认的个体。以JSON格式输出：{""response"": ...}，只输出JSON。"
5849.jpg,strawberries,38,1,"请数出图片中的人数（人群中的每个人头或人体），不要遗漏，不要重复，以JSON格式输出：{""count"": 数量}，只输出JSON。","请数出图片中的人数（人群中的每个人头或人体）。如果你无法逐个确证，请回答 abstain，而不要猜测。以JSON格式输出：{""count"": 数量} 或 {""count"": ""abstain""}，只输出JSON。","请判断这张图片中的人数。你可以：①给出数字；②回答 ""cannot_judge"" 表示无法判断；③回答 ""no_people"" 表示画面中没有可辨认的个体。以JSON格式输出：{""response"": ...}，只输出JSON。","请数出图片中的strawberries的数量（画面中每一个属于该类的个体），不要遗漏，不要重复，以JSON格式输出：{""count"": 数量}，只输出JSON。","请数出图片中的strawberries的数量（画面中每一个属于该类的个体）。如果你无法逐个确证，请回答 abstain，而不要猜测。以JSON格式输出：{""count"": 数量} 或 {""count"": ""abstain""}，只输出JSON。","请判断这张图片中的strawberries的数量。你可以：①给出数字；②回答 ""cannot_judge"" 表示无法判断；③回答 ""no_people"" 表示画面中没有可辨认的个体。以JSON格式输出：{""response"": ...}，只输出JSON。"
5852.jpg,strawberries,42,1,"请数出图片中的人数（人群中的每个人头或人体），不要遗漏，不要重复，以JSON格式输出：{""count"": 数量}，只输出JSON。","请数出图片中的人数（人群中的每个人头或人体）。如果你无法逐个确证，请回答 abstain，而不要猜测。以JSON格式输出：{""count"": 数量} 或 {""count"": ""abstain""}，只输出JSON。","请判断这张图片中的人数。你可以：①给出数字；②回答 ""cannot_judge"" 表示无法判断；③回答 ""no_people"" 表示画面中没有可辨认的个体。以JSON格式输出：{""response"": ...}，只输出JSON。","请数出图片中的strawberries的数量（画面中每一个属于该类的个体），不要遗漏，不要重复，以JSON格式输出：{""count"": 数量}，只输出JSON。","请数出图片中的strawberries的数量（画面中每一个属于该类的个体）。如果你无法逐个确证，请回答 abstain，而不要猜测。以JSON格式输出：{""count"": 数量} 或 {""count"": ""abstain""}，只输出JSON。","请判断这张图片中的strawberries的数量。你可以：①给出数字；②回答 ""cannot_judge"" 表示无法判断；③回答 ""no_people"" 表示画面中没有可辨认的个体。以JSON格式输出：{""response"": ...}，只输出JSON。"
5855.jpg,strawberries,135,1,"请数出图片中的人数（人群中的每个人头或人体），不要遗漏，不要重复，以JSON格式输出：{""count"": 数量}，只输出JSON。","请数出图片中的人数（人群中的每个人头或人体）。如果你无法逐个确证，请回答 abstain，而不要猜测。以JSON格式输出：{""count"": 数量} 或 {""count"": ""abstain""}，只输出JSON。","请判断这张图片中的人数。你可以：①给出数字；②回答 ""cannot_judge"" 表示无法判断；③回答 ""no_people"" 表示画面中没有可辨认的个体。以JSON格式输出：{""response"": ...}，只输出JSON。","请数出图片中的strawberries的数量（画面中每一个属于该类的个体），不要遗漏，不要重复，以JSON格式输出：{""count"": 数量}，只输出JSON。","请数出图片中的strawberries的数量（画面中每一个属于该类的个体）。如果你无法逐个确证，请回答 abstain，而不要猜测。以JSON格式输出：{""count"": 数量} 或 {""count"": ""abstain""}，只输出JSON。","请判断这张图片中的strawberries的数量。你可以：①给出数字；②回答 ""cannot_judge"" 表示无法判断；③回答 ""no_people"" 表示画面中没有可辨认的个体。以JSON格式输出：{""response"": ...}，只输出JSON。"
5916.jpg,eggs,38,1,"请数出图片中的人数（人群中的每个人头或人体），不要遗漏，不要重复，以JSON格式输出：{""count"": 数量}，只输出JSON。","请数出图片中的人数（人群中的每个人头或人体）。如果你无法逐个确证，请回答 abstain，而不要猜测。以JSON格式输出：{""count"": 数量} 或 {""count"": ""abstain""}，只输出JSON。","请判断这张图片中的人数。你可以：①给出数字；②回答 ""cannot_judge"" 表示无法判断；③回答 ""no_people"" 表示画面中没有可辨认的个体。以JSON格式输出：{""response"": ...}，只输出JSON。","请数出图片中的eggs的数量（画面中每一个属于该类的个体），不要遗漏，不要重复，以JSON格式输出：{""count"": 数量}，只输出JSON。","请数出图片中的eggs的数量（画面中每一个属于该类的个体）。如果你无法逐个确证，请回答 abstain，而不要猜测。以JSON格式输出：{""count"": 数量} 或 {""count"": ""abstain""}，只输出JSON。","请判断这张图片中的eggs的数量。你可以：①给出数字；②回答 ""cannot_judge"" 表示无法判断；③回答 ""no_people"" 表示画面中没有可辨认的个体。以JSON格式输出：{""response"": ...}，只输出JSON。"
5919.jpg,eggs,39,1,"请数出图片中的人数（人群中的每个人头或人体），不要遗漏，不要重复，以JSON格式输出：{""count"": 数量}，只输出JSON。","请数出图片中的人数（人群中的每个人头或人体）。如果你无法逐个确证，请回答 abstain，而不要猜测。以JSON格式输出：{""count"": 数量} 或 {""count"": ""abstain""}，只输出JSON。","请判断这张图片中的人数。你可以：①给出数字；②回答 ""cannot_judge"" 表示无法判断；③回答 ""no_people"" 表示画面中没有可辨认的个体。以JSON格式输出：{""response"": ...}，只输出JSON。","请数出图片中的eggs的数量（画面中每一个属于该类的个体），不要遗漏，不要重复，以JSON格式输出：{""count"": 数量}，只输出JSON。","请数出图片中的eggs的数量（画面中每一个属于该类的个体）。如果你无法逐个确证，请回答 abstain，而不要猜测。以JSON格式输出：{""count"": 数量} 或 {""count"": ""abstain""}，只输出JSON。","请判断这张图片中的eggs的数量。你可以：①给出数字；②回答 ""cannot_judge"" 表示无法判断；③回答 ""no_people"" 表示画面中没有可辨认的个体。以JSON格式输出：{""response"": ...}，只输出JSON。"
5922.jpg,eggs,35,1,"请数出图片中的人数（人群中的每个人头或人体），不要遗漏，不要重复，以JSON格式输出：{""count"": 数量}，只输出JSON。","请数出图片中的人数（人群中的每个人头或人体）。如果你无法逐个确证，请回答 abstain，而不要猜测。以JSON格式输出：{""count"": 数量} 或 {""count"": ""abstain""}，只输出JSON。","请判断这张图片中的人数。你可以：①给出数字；②回答 ""cannot_judge"" 表示无法判断；③回答 ""no_people"" 表示画面中没有可辨认的个体。以JSON格式输出：{""response"": ...}，只输出JSON。","请数出图片中的eggs的数量（画面中每一个属于该类的个体），不要遗漏，不要重复，以JSON格式输出：{""count"": 数量}，只输出JSON。","请数出图片中的eggs的数量（画面中每一个属于该类的个体）。如果你无法逐个确证，请回答 abstain，而不要猜测。以JSON格式输出：{""count"": 数量} 或 {""count"": ""abstain""}，只输出JSON。","请判断这张图片中的eggs的数量。你可以：①给出数字；②回答 ""cannot_judge"" 表示无法判断；③回答 ""no_people"" 表示画面中没有可辨认的个体。以JSON格式输出：{""response"": ...}，只输出JSON。"
5925.jpg,eggs,22,1,"请数出图片中的人数（人群中的每个人头或人体），不要遗漏，不要重复，以JSON格式输出：{""count"": 数量}，只输出JSON。","请数出图片中的人数（人群中的每个人头或人体）。如果你无法逐个确证，请回答 abstain，而不要猜测。以JSON格式输出：{""count"": 数量} 或 {""count"": ""abstain""}，只输出JSON。","请判断这张图片中的人数。你可以：①给出数字；②回答 ""cannot_judge"" 表示无法判断；③回答 ""no_people"" 表示画面中没有可辨认的个体。以JSON格式输出：{""response"": ...}，只输出JSON。","请数出图片中的eggs的数量（画面中每一个属于该类的个体），不要遗漏，不要重复，以JSON格式输出：{""count"": 数量}，只输出JSON。","请数出图片中的eggs的数量（画面中每一个属于该类的个体）。如果你无法逐个确证，请回答 abstain，而不要猜测。以JSON格式输出：{""count"": 数量} 或 {""count"": ""abstain""}，只输出JSON。","请判断这张图片中的eggs的数量。你可以：①给出数字；②回答 ""cannot_judge"" 表示无法判断；③回答 ""no_people"" 表示画面中没有可辨认的个体。以JSON格式输出：{""response"": ...}，只输出JSON。"
5928.jpg,eggs,58,1,"请数出图片中的人数（人群中的每个人头或人体），不要遗漏，不要重复，以JSON格式输出：{""count"": 数量}，只输出JSON。","请数出图片中的人数（人群中的每个人头或人体）。如果你无法逐个确证，请回答 abstain，而不要猜测。以JSON格式输出：{""count"": 数量} 或 {""count"": ""abstain""}，只输出JSON。","请判断这张图片中的人数。你可以：①给出数字；②回答 ""cannot_judge"" 表示无法判断；③回答 ""no_people"" 表示画面中没有可辨认的个体。以JSON格式输出：{""response"": ...}，只输出JSON。","请数出图片中的eggs的数量（画面中每一个属于该类的个体），不要遗漏，不要重复，以JSON格式输出：{""count"": 数量}，只输出JSON。","请数出图片中的eggs的数量（画面中每一个属于该类的个体）。如果你无法逐个确证，请回答 abstain，而不要猜测。以JSON格式输出：{""count"": 数量} 或 {""count"": ""abstain""}，只输出JSON。","请判断这张图片中的eggs的数量。你可以：①给出数字；②回答 ""cannot_judge"" 表示无法判断；③回答 ""no_people"" 表示画面中没有可辨认的个体。以JSON格式输出：{""response"": ...}，只输出JSON。"
5931.jpg,eggs,9,1,"请数出图片中的人数（人群中的每个人头或人体），不要遗漏，不要重复，以JSON格式输出：{""count"": 数量}，只输出JSON。","请数出图片中的人数（人群中的每个人头或人体）。如果你无法逐个确证，请回答 abstain，而不要猜测。以JSON格式输出：{""count"": 数量} 或 {""count"": ""abstain""}，只输出JSON。","请判断这张图片中的人数。你可以：①给出数字；②回答 ""cannot_judge"" 表示无法判断；③回答 ""no_people"" 表示画面中没有可辨认的个体。以JSON格式输出：{""response"": ...}，只输出JSON。","请数出图片中的eggs的数量（画面中每一个属于该类的个体），不要遗漏，不要重复，以JSON格式输出：{""count"": 数量}，只输出JSON。","请数出图片中的eggs的数量（画面中每一个属于该类的个体）。如果你无法逐个确证，请回答 abstain，而不要猜测。以JSON格式输出：{""count"": 数量} 或 {""count"": ""abstain""}，只输出JSON。","请判断这张图片中的eggs的数量。你可以：①给出数字；②回答 ""cannot_judge"" 表示无法判断；③回答 ""no_people"" 表示画面中没有可辨认的个体。以JSON格式输出：{""response"": ...}，只输出JSON。"
5934.jpg,eggs,17,1,"请数出图片中的人数（人群中的每个人头或人体），不要遗漏，不要重复，以JSON格式输出：{""count"": 数量}，只输出JSON。","请数出图片中的人数（人群中的每个人头或人体）。如果你无法逐个确证，请回答 abstain，而不要猜测。以JSON格式输出：{""count"": 数量} 或 {""count"": ""abstain""}，只输出JSON。","请判断这张图片中的人数。你可以：①给出数字；②回答 ""cannot_judge"" 表示无法判断；③回答 ""no_people"" 表示画面中没有可辨认的个体。以JSON格式输出：{""response"": ...}，只输出JSON。","请数出图片中的eggs的数量（画面中每一个属于该类的个体），不要遗漏，不要重复，以JSON格式输出：{""count"": 数量}，只输出JSON。","请数出图片中的eggs的数量（画面中每一个属于该类的个体）。如果你无法逐个确证，请回答 abstain，而不要猜测。以JSON格式输出：{""count"": 数量} 或 {""count"": ""abstain""}，只输出JSON。","请判断这张图片中的eggs的数量。你可以：①给出数字；②回答 ""cannot_judge"" 表示无法判断；③回答 ""no_people"" 表示画面中没有可辨认的个体。以JSON格式输出：{""response"": ...}，只输出JSON。"
5937.jpg,eggs,10,1,"请数出图片中的人数（人群中的每个人头或人体），不要遗漏，不要重复，以JSON格式输出：{""count"": 数量}，只输出JSON。","请数出图片中的人数（人群中的每个人头或人体）。如果你无法逐个确证，请回答 abstain，而不要猜测。以JSON格式输出：{""count"": 数量} 或 {""count"": ""abstain""}，只输出JSON。","请判断这张图片中的人数。你可以：①给出数字；②回答 ""cannot_judge"" 表示无法判断；③回答 ""no_people"" 表示画面中没有可辨认的个体。以JSON格式输出：{""response"": ...}，只输出JSON。","请数出图片中的eggs的数量（画面中每一个属于该类的个体），不要遗漏，不要重复，以JSON格式输出：{""count"": 数量}，只输出JSON。","请数出图片中的eggs的数量（画面中每一个属于该类的个体）。如果你无法逐个确证，请回答 abstain，而不要猜测。以JSON格式输出：{""count"": 数量} 或 {""count"": ""abstain""}，只输出JSON。","请判断这张图片中的eggs的数量。你可以：①给出数字；②回答 ""cannot_judge"" 表示无法判断；③回答 ""no_people"" 表示画面中没有可辨认的个体。以JSON格式输出：{""response"": ...}，只输出JSON。"
5940.jpg,eggs,27,1,"请数出图片中的人数（人群中的每个人头或人体），不要遗漏，不要重复，以JSON格式输出：{""count"": 数量}，只输出JSON。","请数出图片中的人数（人群中的每个人头或人体）。如果你无法逐个确证，请回答 abstain，而不要猜测。以JSON格式输出：{""count"": 数量} 或 {""count"": ""abstain""}，只输出JSON。","请判断这张图片中的人数。你可以：①给出数字；②回答 ""cannot_judge"" 表示无法判断；③回答 ""no_people"" 表示画面中没有可辨认的个体。以JSON格式输出：{""response"": ...}，只输出JSON。","请数出图片中的eggs的数量（画面中每一个属于该类的个体），不要遗漏，不要重复，以JSON格式输出：{""count"": 数量}，只输出JSON。","请数出图片中的eggs的数量（画面中每一个属于该类的个体）。如果你无法逐个确证，请回答 abstain，而不要猜测。以JSON格式输出：{""count"": 数量} 或 {""count"": ""abstain""}，只输出JSON。","请判断这张图片中的eggs的数量。你可以：①给出数字；②回答 ""cannot_judge"" 表示无法判断；③回答 ""no_people"" 表示画面中没有可辨认的个体。以JSON格式输出：{""response"": ...}，只输出JSON。"
5943.jpg,eggs,48,1,"请数出图片中的人数（人群中的每个人头或人体），不要遗漏，不要重复，以JSON格式输出：{""count"": 数量}，只输出JSON。","请数出图片中的人数（人群中的每个人头或人体）。如果你无法逐个确证，请回答 abstain，而不要猜测。以JSON格式输出：{""count"": 数量} 或 {""count"": ""abstain""}，只输出JSON。","请判断这张图片中的人数。你可以：①给出数字；②回答 ""cannot_judge"" 表示无法判断；③回答 ""no_people"" 表示画面中没有可辨认的个体。以JSON格式输出：{""response"": ...}，只输出JSON。","请数出图片中的eggs的数量（画面中每一个属于该类的个体），不要遗漏，不要重复，以JSON格式输出：{""count"": 数量}，只输出JSON。","请数出图片中的eggs的数量（画面中每一个属于该类的个体）。如果你无法逐个确证，请回答 abstain，而不要猜测。以JSON格式输出：{""count"": 数量} 或 {""count"": ""abstain""}，只输出JSON。","请判断这张图片中的eggs的数量。你可以：①给出数字；②回答 ""cannot_judge"" 表示无法判断；③回答 ""no_people"" 表示画面中没有可辨认的个体。以JSON格式输出：{""response"": ...}，只输出JSON。"
6043.jpg,keyboard keys,102,1,"请数出图片中的人数（人群中的每个人头或人体），不要遗漏，不要重复，以JSON格式输出：{""count"": 数量}，只输出JSON。","请数出图片中的人数（人群中的每个人头或人体）。如果你无法逐个确证，请回答 abstain，而不要猜测。以JSON格式输出：{""count"": 数量} 或 {""count"": ""abstain""}，只输出JSON。","请判断这张图片中的人数。你可以：①给出数字；②回答 ""cannot_judge"" 表示无法判断；③回答 ""no_people"" 表示画面中没有可辨认的个体。以JSON格式输出：{""response"": ...}，只输出JSON。","请数出图片中的keyboard keys的数量（画面中每一个属于该类的个体），不要遗漏，不要重复，以JSON格式输出：{""count"": 数量}，只输出JSON。","请数出图片中的keyboard keys的数量（画面中每一个属于该类的个体）。如果你无法逐个确证，请回答 abstain，而不要猜测。以JSON格式输出：{""count"": 数量} 或 {""count"": ""abstain""}，只输出JSON。","请判断这张图片中的keyboard keys的数量。你可以：①给出数字；②回答 ""cannot_judge"" 表示无法判断；③回答 ""no_people"" 表示画面中没有可辨认的个体。以JSON格式输出：{""response"": ...}，只输出JSON。"
6046.jpg,keyboard keys,60,1,"请数出图片中的人数（人群中的每个人头或人体），不要遗漏，不要重复，以JSON格式输出：{""count"": 数量}，只输出JSON。","请数出图片中的人数（人群中的每个人头或人体）。如果你无法逐个确证，请回答 abstain，而不要猜测。以JSON格式输出：{""count"": 数量} 或 {""count"": ""abstain""}，只输出JSON。","请判断这张图片中的人数。你可以：①给出数字；②回答 ""cannot_judge"" 表示无法判断；③回答 ""no_people"" 表示画面中没有可辨认的个体。以JSON格式输出：{""response"": ...}，只输出JSON。","请数出图片中的keyboard keys的数量（画面中每一个属于该类的个体），不要遗漏，不要重复，以JSON格式输出：{""count"": 数量}，只输出JSON。","请数出图片中的keyboard keys的数量（画面中每一个属于该类的个体）。如果你无法逐个确证，请回答 abstain，而不要猜测。以JSON格式输出：{""count"": 数量} 或 {""count"": ""abstain""}，只输出JSON。","请判断这张图片中的keyboard keys的数量。你可以：①给出数字；②回答 ""cannot_judge"" 表示无法判断；③回答 ""no_people"" 表示画面中没有可辨认的个体。以JSON格式输出：{""response"": ...}，只输出JSON。"
6049.jpg,keyboard keys,82,1,"请数出图片中的人数（人群中的每个人头或人体），不要遗漏，不要重复，以JSON格式输出：{""count"": 数量}，只输出JSON。","请数出图片中的人数（人群中的每个人头或人体）。如果你无法逐个确证，请回答 abstain，而不要猜测。以JSON格式输出：{""count"": 数量} 或 {""count"": ""abstain""}，只输出JSON。","请判断这张图片中的人数。你可以：①给出数字；②回答 ""cannot_judge"" 表示无法判断；③回答 ""no_people"" 表示画面中没有可辨认的个体。以JSON格式输出：{""response"": ...}，只输出JSON。","请数出图片中的keyboard keys的数量（画面中每一个属于该类的个体），不要遗漏，不要重复，以JSON格式输出：{""count"": 数量}，只输出JSON。","请数出图片中的keyboard keys的数量（画面中每一个属于该类的个体）。如果你无法逐个确证，请回答 abstain，而不要猜测。以JSON格式输出：{""count"": 数量} 或 {""count"": ""abstain""}，只输出JSON。","请判断这张图片中的keyboard keys的数量。你可以：①给出数字；②回答 ""cannot_judge"" 表示无法判断；③回答 ""no_people"" 表示画面中没有可辨认的个体。以JSON格式输出：{""response"": ...}，只输出JSON。"
6052.jpg,keyboard keys,47,1,"请数出图片中的人数（人群中的每个人头或人体），不要遗漏，不要重复，以JSON格式输出：{""count"": 数量}，只输出JSON。","请数出图片中的人数（人群中的每个人头或人体）。如果你无法逐个确证，请回答 abstain，而不要猜测。以JSON格式输出：{""count"": 数量} 或 {""count"": ""abstain""}，只输出JSON。","请判断这张图片中的人数。你可以：①给出数字；②回答 ""cannot_judge"" 表示无法判断；③回答 ""no_people"" 表示画面中没有可辨认的个体。以JSON格式输出：{""response"": ...}，只输出JSON。","请数出图片中的keyboard keys的数量（画面中每一个属于该类的个体），不要遗漏，不要重复，以JSON格式输出：{""count"": 数量}，只输出JSON。","请数出图片中的keyboard keys的数量（画面中每一个属于该类的个体）。如果你无法逐个确证，请回答 abstain，而不要猜测。以JSON格式输出：{""count"": 数量} 或 {""count"": ""abstain""}，只输出JSON。","请判断这张图片中的keyboard keys的数量。你可以：①给出数字；②回答 ""cannot_judge"" 表示无法判断；③回答 ""no_people"" 表示画面中没有可辨认的个体。以JSON格式输出：{""response"": ...}，只输出JSON。"
6240.jpg,apples,34,1,"请数出图片中的人数（人群中的每个人头或人体），不要遗漏，不要重复，以JSON格式输出：{""count"": 数量}，只输出JSON。","请数出图片中的人数（人群中的每个人头或人体）。如果你无法逐个确证，请回答 abstain，而不要猜测。以JSON格式输出：{""count"": 数量} 或 {""count"": ""abstain""}，只输出JSON。","请判断这张图片中的人数。你可以：①给出数字；②回答 ""cannot_judge"" 表示无法判断；③回答 ""no_people"" 表示画面中没有可辨认的个体。以JSON格式输出：{""response"": ...}，只输出JSON。","请数出图片中的apples的数量（画面中每一个属于该类的个体），不要遗漏，不要重复，以JSON格式输出：{""count"": 数量}，只输出JSON。","请数出图片中的apples的数量（画面中每一个属于该类的个体）。如果你无法逐个确证，请回答 abstain，而不要猜测。以JSON格式输出：{""count"": 数量} 或 {""count"": ""abstain""}，只输出JSON。","请判断这张图片中的apples的数量。你可以：①给出数字；②回答 ""cannot_judge"" 表示无法判断；③回答 ""no_people"" 表示画面中没有可辨认的个体。以JSON格式输出：{""response"": ...}，只输出JSON。"
6243.jpg,apples,24,1,"请数出图片中的人数（人群中的每个人头或人体），不要遗漏，不要重复，以JSON格式输出：{""count"": 数量}，只输出JSON。","请数出图片中的人数（人群中的每个人头或人体）。如果你无法逐个确证，请回答 abstain，而不要猜测。以JSON格式输出：{""count"": 数量} 或 {""count"": ""abstain""}，只输出JSON。","请判断这张图片中的人数。你可以：①给出数字；②回答 ""cannot_judge"" 表示无法判断；③回答 ""no_people"" 表示画面中没有可辨认的个体。以JSON格式输出：{""response"": ...}，只输出JSON。","请数出图片中的apples的数量（画面中每一个属于该类的个体），不要遗漏，不要重复，以JSON格式输出：{""count"": 数量}，只输出JSON。","请数出图片中的apples的数量（画面中每一个属于该类的个体）。如果你无法逐个确证，请回答 abstain，而不要猜测。以JSON格式输出：{""count"": 数量} 或 {""count"": ""abstain""}，只输出JSON。","请判断这张图片中的apples的数量。你可以：①给出数字；②回答 ""cannot_judge"" 表示无法判断；③回答 ""no_people"" 表示画面中没有可辨认的个体。以JSON格式输出：{""response"": ...}，只输出JSON。"
6246.jpg,apples,35,1,"请数出图片中的人数（人群中的每个人头或人体），不要遗漏，不要重复，以JSON格式输出：{""count"": 数量}，只输出JSON。","请数出图片中的人数（人群中的每个人头或人体）。如果你无法逐个确证，请回答 abstain，而不要猜测。以JSON格式输出：{""count"": 数量} 或 {""count"": ""abstain""}，只输出JSON。","请判断这张图片中的人数。你可以：①给出数字；②回答 ""cannot_judge"" 表示无法判断；③回答 ""no_people"" 表示画面中没有可辨认的个体。以JSON格式输出：{""response"": ...}，只输出JSON。","请数出图片中的apples的数量（画面中每一个属于该类的个体），不要遗漏，不要重复，以JSON格式输出：{""count"": 数量}，只输出JSON。","请数出图片中的apples的数量（画面中每一个属于该类的个体）。如果你无法逐个确证，请回答 abstain，而不要猜测。以JSON格式输出：{""count"": 数量} 或 {""count"": ""abstain""}，只输出JSON。","请判断这张图片中的apples的数量。你可以：①给出数字；②回答 ""cannot_judge"" 表示无法判断；③回答 ""no_people"" 表示画面中没有可辨认的个体。以JSON格式输出：{""response"": ...}，只输出JSON。"
6249.jpg,apples,111,1,"请数出图片中的人数（人群中的每个人头或人体），不要遗漏，不要重复，以JSON格式输出：{""count"": 数量}，只输出JSON。","请数出图片中的人数（人群中的每个人头或人体）。如果你无法逐个确证，请回答 abstain，而不要猜测。以JSON格式输出：{""count"": 数量} 或 {""count"": ""abstain""}，只输出JSON。","请判断这张图片中的人数。你可以：①给出数字；②回答 ""cannot_judge"" 表示无法判断；③回答 ""no_people"" 表示画面中没有可辨认的个体。以JSON格式输出：{""response"": ...}，只输出JSON。","请数出图片中的apples的数量（画面中每一个属于该类的个体），不要遗漏，不要重复，以JSON格式输出：{""count"": 数量}，只输出JSON。","请数出图片中的apples的数量（画面中每一个属于该类的个体）。如果你无法逐个确证，请回答 abstain，而不要猜测。以JSON格式输出：{""count"": 数量} 或 {""count"": ""abstain""}，只输出JSON。","请判断这张图片中的apples的数量。你可以：①给出数字；②回答 ""cannot_judge"" 表示无法判断；③回答 ""no_people"" 表示画面中没有可辨认的个体。以JSON格式输出：{""response"": ...}，只输出JSON。"
6252.jpg,apples,89,1,"请数出图片中的人数（人群中的每个人头或人体），不要遗漏，不要重复，以JSON格式输出：{""count"": 数量}，只输出JSON。","请数出图片中的人数（人群中的每个人头或人体）。如果你无法逐个确证，请回答 abstain，而不要猜测。以JSON格式输出：{""count"": 数量} 或 {""count"": ""abstain""}，只输出JSON。","请判断这张图片中的人数。你可以：①给出数字；②回答 ""cannot_judge"" 表示无法判断；③回答 ""no_people"" 表示画面中没有可辨认的个体。以JSON格式输出：{""response"": ...}，只输出JSON。","请数出图片中的apples的数量（画面中每一个属于该类的个体），不要遗漏，不要重复，以JSON格式输出：{""count"": 数量}，只输出JSON。","请数出图片中的apples的数量（画面中每一个属于该类的个体）。如果你无法逐个确证，请回答 abstain，而不要猜测。以JSON格式输出：{""count"": 数量} 或 {""count"": ""abstain""}，只输出JSON。","请判断这张图片中的apples的数量。你可以：①给出数字；②回答 ""cannot_judge"" 表示无法判断；③回答 ""no_people"" 表示画面中没有可辨认的个体。以JSON格式输出：{""response"": ...}，只输出JSON。"
6255.jpg,apples,49,1,"请数出图片中的人数（人群中的每个人头或人体），不要遗漏，不要重复，以JSON格式输出：{""count"": 数量}，只输出JSON。","请数出图片中的人数（人群中的每个人头或人体）。如果你无法逐个确证，请回答 abstain，而不要猜测。以JSON格式输出：{""count"": 数量} 或 {""count"": ""abstain""}，只输出JSON。","请判断这张图片中的人数。你可以：①给出数字；②回答 ""cannot_judge"" 表示无法判断；③回答 ""no_people"" 表示画面中没有可辨认的个体。以JSON格式输出：{""response"": ...}，只输出JSON。","请数出图片中的apples的数量（画面中每一个属于该类的个体），不要遗漏，不要重复，以JSON格式输出：{""count"": 数量}，只输出JSON。","请数出图片中的apples的数量（画面中每一个属于该类的个体）。如果你无法逐个确证，请回答 abstain，而不要猜测。以JSON格式输出：{""count"": 数量} 或 {""count"": ""abstain""}，只输出JSON。","请判断这张图片中的apples的数量。你可以：①给出数字；②回答 ""cannot_judge"" 表示无法判断；③回答 ""no_people"" 表示画面中没有可辨认的个体。以JSON格式输出：{""response"": ...}，只输出JSON。"
6258.jpg,apples,13,1,"请数出图片中的人数（人群中的每个人头或人体），不要遗漏，不要重复，以JSON格式输出：{""count"": 数量}，只输出JSON。","请数出图片中的人数（人群中的每个人头或人体）。如果你无法逐个确证，请回答 abstain，而不要猜测。以JSON格式输出：{""count"": 数量} 或 {""count"": ""abstain""}，只输出JSON。","请判断这张图片中的人数。你可以：①给出数字；②回答 ""cannot_judge"" 表示无法判断；③回答 ""no_people"" 表示画面中没有可辨认的个体。以JSON格式输出：{""response"": ...}，只输出JSON。","请数出图片中的apples的数量（画面中每一个属于该类的个体），不要遗漏，不要重复，以JSON格式输出：{""count"": 数量}，只输出JSON。","请数出图片中的apples的数量（画面中每一个属于该类的个体）。如果你无法逐个确证，请回答 abstain，而不要猜测。以JSON格式输出：{""count"": 数量} 或 {""count"": ""abstain""}，只输出JSON。","请判断这张图片中的apples的数量。你可以：①给出数字；②回答 ""cannot_judge"" 表示无法判断；③回答 ""no_people"" 表示画面中没有可辨认的个体。以JSON格式输出：{""response"": ...}，只输出JSON。"
6261.jpg,apples,324,1,"请数出图片中的人数（人群中的每个人头或人体），不要遗漏，不要重复，以JSON格式输出：{""count"": 数量}，只输出JSON。","请数出图片中的人数（人群中的每个人头或人体）。如果你无法逐个确证，请回答 abstain，而不要猜测。以JSON格式输出：{""count"": 数量} 或 {""count"": ""abstain""}，只输出JSON。","请判断这张图片中的人数。你可以：①给出数字；②回答 ""cannot_judge"" 表示无法判断；③回答 ""no_people"" 表示画面中没有可辨认的个体。以JSON格式输出：{""response"": ...}，只输出JSON。","请数出图片中的apples的数量（画面中每一个属于该类的个体），不要遗漏，不要重复，以JSON格式输出：{""count"": 数量}，只输出JSON。","请数出图片中的apples的数量（画面中每一个属于该类的个体）。如果你无法逐个确证，请回答 abstain，而不要猜测。以JSON格式输出：{""count"": 数量} 或 {""count"": ""abstain""}，只输出JSON。","请判断这张图片中的apples的数量。你可以：①给出数字；②回答 ""cannot_judge"" 表示无法判断；③回答 ""no_people"" 表示画面中没有可辨认的个体。以JSON格式输出：{""response"": ...}，只输出JSON。"
6264.jpg,apples,16,1,"请数出图片中的人数（人群中的每个人头或人体），不要遗漏，不要重复，以JSON格式输出：{""count"": 数量}，只输出JSON。","请数出图片中的人数（人群中的每个人头或人体）。如果你无法逐个确证，请回答 abstain，而不要猜测。以JSON格式输出：{""count"": 数量} 或 {""count"": ""abstain""}，只输出JSON。","请判断这张图片中的人数。你可以：①给出数字；②回答 ""cannot_judge"" 表示无法判断；③回答 ""no_people"" 表示画面中没有可辨认的个体。以JSON格式输出：{""response"": ...}，只输出JSON。","请数出图片中的apples的数量（画面中每一个属于该类的个体），不要遗漏，不要重复，以JSON格式输出：{""count"": 数量}，只输出JSON。","请数出图片中的apples的数量（画面中每一个属于该类的个体）。如果你无法逐个确证，请回答 abstain，而不要猜测。以JSON格式输出：{""count"": 数量} 或 {""count"": ""abstain""}，只输出JSON。","请判断这张图片中的apples的数量。你可以：①给出数字；②回答 ""cannot_judge"" 表示无法判断；③回答 ""no_people"" 表示画面中没有可辨认的个体。以JSON格式输出：{""response"": ...}，只输出JSON。"
6267.jpg,apples,95,1,"请数出图片中的人数（人群中的每个人头或人体），不要遗漏，不要重复，以JSON格式输出：{""count"": 数量}，只输出JSON。","请数出图片中的人数（人群中的每个人头或人体）。如果你无法逐个确证，请回答 abstain，而不要猜测。以JSON格式输出：{""count"": 数量} 或 {""count"": ""abstain""}，只输出JSON。","请判断这张图片中的人数。你可以：①给出数字；②回答 ""cannot_judge"" 表示无法判断；③回答 ""no_people"" 表示画面中没有可辨认的个体。以JSON格式输出：{""response"": ...}，只输出JSON。","请数出图片中的apples的数量（画面中每一个属于该类的个体），不要遗漏，不要重复，以JSON格式输出：{""count"": 数量}，只输出JSON。","请数出图片中的apples的数量（画面中每一个属于该类的个体）。如果你无法逐个确证，请回答 abstain，而不要猜测。以JSON格式输出：{""count"": 数量} 或 {""count"": ""abstain""}，只输出JSON。","请判断这张图片中的apples的数量。你可以：①给出数字；②回答 ""cannot_judge"" 表示无法判断；③回答 ""no_people"" 表示画面中没有可辨认的个体。以JSON格式输出：{""response"": ...}，只输出JSON。"
6270.jpg,apples,92,1,"请数出图片中的人数（人群中的每个人头或人体），不要遗漏，不要重复，以JSON格式输出：{""count"": 数量}，只输出JSON。","请数出图片中的人数（人群中的每个人头或人体）。如果你无法逐个确证，请回答 abstain，而不要猜测。以JSON格式输出：{""count"": 数量} 或 {""count"": ""abstain""}，只输出JSON。","请判断这张图片中的人数。你可以：①给出数字；②回答 ""cannot_judge"" 表示无法判断；③回答 ""no_people"" 表示画面中没有可辨认的个体。以JSON格式输出：{""response"": ...}，只输出JSON。","请数出图片中的apples的数量（画面中每一个属于该类的个体），不要遗漏，不要重复，以JSON格式输出：{""count"": 数量}，只输出JSON。","请数出图片中的apples的数量（画面中每一个属于该类的个体）。如果你无法逐个确证，请回答 abstain，而不要猜测。以JSON格式输出：{""count"": 数量} 或 {""count"": ""abstain""}，只输出JSON。","请判断这张图片中的apples的数量。你可以：①给出数字；②回答 ""cannot_judge"" 表示无法判断；③回答 ""no_people"" 表示画面中没有可辨认的个体。以JSON格式输出：{""response"": ...}，只输出JSON。"
6273.jpg,apples,34,1,"请数出图片中的人数（人群中的每个人头或人体），不要遗漏，不要重复，以JSON格式输出：{""count"": 数量}，只输出JSON。","请数出图片中的人数（人群中的每个人头或人体）。如果你无法逐个确证，请回答 abstain，而不要猜测。以JSON格式输出：{""count"": 数量} 或 {""count"": ""abstain""}，只输出JSON。","请判断这张图片中的人数。你可以：①给出数字；②回答 ""cannot_judge"" 表示无法判断；③回答 ""no_people"" 表示画面中没有可辨认的个体。以JSON格式输出：{""response"": ...}，只输出JSON。","请数出图片中的apples的数量（画面中每一个属于该类的个体），不要遗漏，不要重复，以JSON格式输出：{""count"": 数量}，只输出JSON。","请数出图片中的apples的数量（画面中每一个属于该类的个体）。如果你无法逐个确证，请回答 abstain，而不要猜测。以JSON格式输出：{""count"": 数量} 或 {""count"": ""abstain""}，只输出JSON。","请判断这张图片中的apples的数量。你可以：①给出数字；②回答 ""cannot_judge"" 表示无法判断；③回答 ""no_people"" 表示画面中没有可辨认的个体。以JSON格式输出：{""response"": ...}，只输出JSON。"
6276.jpg,apples,36,1,"请数出图片中的人数（人群中的每个人头或人体），不要遗漏，不要重复，以JSON格式输出：{""count"": 数量}，只输出JSON。","请数出图片中的人数（人群中的每个人头或人体）。如果你无法逐个确证，请回答 abstain，而不要猜测。以JSON格式输出：{""count"": 数量} 或 {""count"": ""abstain""}，只输出JSON。","请判断这张图片中的人数。你可以：①给出数字；②回答 ""cannot_judge"" 表示无法判断；③回答 ""no_people"" 表示画面中没有可辨认的个体。以JSON格式输出：{""response"": ...}，只输出JSON。","请数出图片中的apples的数量（画面中每一个属于该类的个体），不要遗漏，不要重复，以JSON格式输出：{""count"": 数量}，只输出JSON。","请数出图片中的apples的数量（画面中每一个属于该类的个体）。如果你无法逐个确证，请回答 abstain，而不要猜测。以JSON格式输出：{""count"": 数量} 或 {""count"": ""abstain""}，只输出JSON。","请判断这张图片中的apples的数量。你可以：①给出数字；②回答 ""cannot_judge"" 表示无法判断；③回答 ""no_people"" 表示画面中没有可辨认的个体。以JSON格式输出：{""response"": ...}，只输出JSON。"
6279.jpg,apples,10,1,"请数出图片中的人数（人群中的每个人头或人体），不要遗漏，不要重复，以JSON格式输出：{""count"": 数量}，只输出JSON。","请数出图片中的人数（人群中的每个人头或人体）。如果你无法逐个确证，请回答 abstain，而不要猜测。以JSON格式输出：{""count"": 数量} 或 {""count"": ""abstain""}，只输出JSON。","请判断这张图片中的人数。你可以：①给出数字；②回答 ""cannot_judge"" 表示无法判断；③回答 ""no_people"" 表示画面中没有可辨认的个体。以JSON格式输出：{""response"": ...}，只输出JSON。","请数出图片中的apples的数量（画面中每一个属于该类的个体），不要遗漏，不要重复，以JSON格式输出：{""count"": 数量}，只输出JSON。","请数出图片中的apples的数量（画面中每一个属于该类的个体）。如果你无法逐个确证，请回答 abstain，而不要猜测。以JSON格式输出：{""count"": 数量} 或 {""count"": ""abstain""}，只输出JSON。","请判断这张图片中的apples的数量。你可以：①给出数字；②回答 ""cannot_judge"" 表示无法判断；③回答 ""no_people"" 表示画面中没有可辨认的个体。以JSON格式输出：{""response"": ...}，只输出JSON。"
6282.jpg,apples,66,1,"请数出图片中的人数（人群中的每个人头或人体），不要遗漏，不要重复，以JSON格式输出：{""count"": 数量}，只输出JSON。","请数出图片中的人数（人群中的每个人头或人体）。如果你无法逐个确证，请回答 abstain，而不要猜测。以JSON格式输出：{""count"": 数量} 或 {""count"": ""abstain""}，只输出JSON。","请判断这张图片中的人数。你可以：①给出数字；②回答 ""cannot_judge"" 表示无法判断；③回答 ""no_people"" 表示画面中没有可辨认的个体。以JSON格式输出：{""response"": ...}，只输出JSON。","请数出图片中的apples的数量（画面中每一个属于该类的个体），不要遗漏，不要重复，以JSON格式输出：{""count"": 数量}，只输出JSON。","请数出图片中的apples的数量（画面中每一个属于该类的个体）。如果你无法逐个确证，请回答 abstain，而不要猜测。以JSON格式输出：{""count"": 数量} 或 {""count"": ""abstain""}，只输出JSON。","请判断这张图片中的apples的数量。你可以：①给出数字；②回答 ""cannot_judge"" 表示无法判断；③回答 ""no_people"" 表示画面中没有可辨认的个体。以JSON格式输出：{""response"": ...}，只输出JSON。"
6285.jpg,apples,101,1,"请数出图片中的人数（人群中的每个人头或人体），不要遗漏，不要重复，以JSON格式输出：{""count"": 数量}，只输出JSON。","请数出图片中的人数（人群中的每个人头或人体）。如果你无法逐个确证，请回答 abstain，而不要猜测。以JSON格式输出：{""count"": 数量} 或 {""count"": ""abstain""}，只输出JSON。","请判断这张图片中的人数。你可以：①给出数字；②回答 ""cannot_judge"" 表示无法判断；③回答 ""no_people"" 表示画面中没有可辨认的个体。以JSON格式输出：{""response"": ...}，只输出JSON。","请数出图片中的apples的数量（画面中每一个属于该类的个体），不要遗漏，不要重复，以JSON格式输出：{""count"": 数量}，只输出JSON。","请数出图片中的apples的数量（画面中每一个属于该类的个体）。如果你无法逐个确证，请回答 abstain，而不要猜测。以JSON格式输出：{""count"": 数量} 或 {""count"": ""abstain""}，只输出JSON。","请判断这张图片中的apples的数量。你可以：①给出数字；②回答 ""cannot_judge"" 表示无法判断；③回答 ""no_people"" 表示画面中没有可辨认的个体。以JSON格式输出：{""response"": ...}，只输出JSON。"
6549.jpg,sunglasses,16,1,"请数出图片中的人数（人群中的每个人头或人体），不要遗漏，不要重复，以JSON格式输出：{""count"": 数量}，只输出JSON。","请数出图片中的人数（人群中的每个人头或人体）。如果你无法逐个确证，请回答 abstain，而不要猜测。以JSON格式输出：{""count"": 数量} 或 {""count"": ""abstain""}，只输出JSON。","请判断这张图片中的人数。你可以：①给出数字；②回答 ""cannot_judge"" 表示无法判断；③回答 ""no_people"" 表示画面中没有可辨认的个体。以JSON格式输出：{""response"": ...}，只输出JSON。","请数出图片中的sunglasses的数量（画面中每一个属于该类的个体），不要遗漏，不要重复，以JSON格式输出：{""count"": 数量}，只输出JSON。","请数出图片中的sunglasses的数量（画面中每一个属于该类的个体）。如果你无法逐个确证，请回答 abstain，而不要猜测。以JSON格式输出：{""count"": 数量} 或 {""count"": ""abstain""}，只输出JSON。","请判断这张图片中的sunglasses的数量。你可以：①给出数字；②回答 ""cannot_judge"" 表示无法判断；③回答 ""no_people"" 表示画面中没有可辨认的个体。以JSON格式输出：{""response"": ...}，只输出JSON。"
6644.jpg,markers,500,1,"请数出图片中的人数（人群中的每个人头或人体），不要遗漏，不要重复，以JSON格式输出：{""count"": 数量}，只输出JSON。","请数出图片中的人数（人群中的每个人头或人体）。如果你无法逐个确证，请回答 abstain，而不要猜测。以JSON格式输出：{""count"": 数量} 或 {""count"": ""abstain""}，只输出JSON。","请判断这张图片中的人数。你可以：①给出数字；②回答 ""cannot_judge"" 表示无法判断；③回答 ""no_people"" 表示画面中没有可辨认的个体。以JSON格式输出：{""response"": ...}，只输出JSON。","请数出图片中的markers的数量（画面中每一个属于该类的个体），不要遗漏，不要重复，以JSON格式输出：{""count"": 数量}，只输出JSON。","请数出图片中的markers的数量（画面中每一个属于该类的个体）。如果你无法逐个确证，请回答 abstain，而不要猜测。以JSON格式输出：{""count"": 数量} 或 {""count"": ""abstain""}，只输出JSON。","请判断这张图片中的markers的数量。你可以：①给出数字；②回答 ""cannot_judge"" 表示无法判断；③回答 ""no_people"" 表示画面中没有可辨认的个体。以JSON格式输出：{""response"": ...}，只输出JSON。"
6647.jpg,markers,199,1,"请数出图片中的人数（人群中的每个人头或人体），不要遗漏，不要重复，以JSON格式输出：{""count"": 数量}，只输出JSON。","请数出图片中的人数（人群中的每个人头或人体）。如果你无法逐个确证，请回答 abstain，而不要猜测。以JSON格式输出：{""count"": 数量} 或 {""count"": ""abstain""}，只输出JSON。","请判断这张图片中的人数。你可以：①给出数字；②回答 ""cannot_judge"" 表示无法判断；③回答 ""no_people"" 表示画面中没有可辨认的个体。以JSON格式输出：{""response"": ...}，只输出JSON。","请数出图片中的markers的数量（画面中每一个属于该类的个体），不要遗漏，不要重复，以JSON格式输出：{""count"": 数量}，只输出JSON。","请数出图片中的markers的数量（画面中每一个属于该类的个体）。如果你无法逐个确证，请回答 abstain，而不要猜测。以JSON格式输出：{""count"": 数量} 或 {""count"": ""abstain""}，只输出JSON。","请判断这张图片中的markers的数量。你可以：①给出数字；②回答 ""cannot_judge"" 表示无法判断；③回答 ""no_people"" 表示画面中没有可辨认的个体。以JSON格式输出：{""response"": ...}，只输出JSON。"
6650.jpg,markers,20,1,"请数出图片中的人数（人群中的每个人头或人体），不要遗漏，不要重复，以JSON格式输出：{""count"": 数量}，只输出JSON。","请数出图片中的人数（人群中的每个人头或人体）。如果你无法逐个确证，请回答 abstain，而不要猜测。以JSON格式输出：{""count"": 数量} 或 {""count"": ""abstain""}，只输出JSON。","请判断这张图片中的人数。你可以：①给出数字；②回答 ""cannot_judge"" 表示无法判断；③回答 ""no_people"" 表示画面中没有可辨认的个体。以JSON格式输出：{""response"": ...}，只输出JSON。","请数出图片中的markers的数量（画面中每一个属于该类的个体），不要遗漏，不要重复，以JSON格式输出：{""count"": 数量}，只输出JSON。","请数出图片中的markers的数量（画面中每一个属于该类的个体）。如果你无法逐个确证，请回答 abstain，而不要猜测。以JSON格式输出：{""count"": 数量} 或 {""count"": ""abstain""}，只输出JSON。","请判断这张图片中的markers的数量。你可以：①给出数字；②回答 ""cannot_judge"" 表示无法判断；③回答 ""no_people"" 表示画面中没有可辨认的个体。以JSON格式输出：{""response"": ...}，只输出JSON。"
6653.jpg,markers,309,1,"请数出图片中的人数（人群中的每个人头或人体），不要遗漏，不要重复，以JSON格式输出：{""count"": 数量}，只输出JSON。","请数出图片中的人数（人群中的每个人头或人体）。如果你无法逐个确证，请回答 abstain，而不要猜测。以JSON格式输出：{""count"": 数量} 或 {""count"": ""abstain""}，只输出JSON。","请判断这张图片中的人数。你可以：①给出数字；②回答 ""cannot_judge"" 表示无法判断；③回答 ""no_people"" 表示画面中没有可辨认的个体。以JSON格式输出：{""response"": ...}，只输出JSON。","请数出图片中的markers的数量（画面中每一个属于该类的个体），不要遗漏，不要重复，以JSON格式输出：{""count"": 数量}，只输出JSON。","请数出图片中的markers的数量（画面中每一个属于该类的个体）。如果你无法逐个确证，请回答 abstain，而不要猜测。以JSON格式输出：{""count"": 数量} 或 {""count"": ""abstain""}，只输出JSON。","请判断这张图片中的markers的数量。你可以：①给出数字；②回答 ""cannot_judge"" 表示无法判断；③回答 ""no_people"" 表示画面中没有可辨认的个体。以JSON格式输出：{""response"": ...}，只输出JSON。"
6656.jpg,markers,100,1,"请数出图片中的人数（人群中的每个人头或人体），不要遗漏，不要重复，以JSON格式输出：{""count"": 数量}，只输出JSON。","请数出图片中的人数（人群中的每个人头或人体）。如果你无法逐个确证，请回答 abstain，而不要猜测。以JSON格式输出：{""count"": 数量} 或 {""count"": ""abstain""}，只输出JSON。","请判断这张图片中的人数。你可以：①给出数字；②回答 ""cannot_judge"" 表示无法判断；③回答 ""no_people"" 表示画面中没有可辨认的个体。以JSON格式输出：{""response"": ...}，只输出JSON。","请数出图片中的markers的数量（画面中每一个属于该类的个体），不要遗漏，不要重复，以JSON格式输出：{""count"": 数量}，只输出JSON。","请数出图片中的markers的数量（画面中每一个属于该类的个体）。如果你无法逐个确证，请回答 abstain，而不要猜测。以JSON格式输出：{""count"": 数量} 或 {""count"": ""abstain""}，只输出JSON。","请判断这张图片中的markers的数量。你可以：①给出数字；②回答 ""cannot_judge"" 表示无法判断；③回答 ""no_people"" 表示画面中没有可辨认的个体。以JSON格式输出：{""response"": ...}，只输出JSON。"
