item,dataset,budget,gt,nat_w,nat_h,eff_w,eff_h,eff_px,px_per_obj,pred,parse_ok,abstain,refuse,http_err,model,raw
0000011_02800_d_0000005,visdrone,200000,34,1360,765,588,308,181104,5326.6,18,1,0,0,0,qwen3-vl-32b-awq,"{""count"": 18}"
0000006_01275_d_0000004,visdrone,400000,1,1360,765,840,448,376320,376320.0,1,1,0,0,0,qwen3-vl-32b-awq,"{""count"": 1}"
0000011_02800_d_0000005,visdrone,400000,34,1360,765,840,448,376320,11068.2,20,1,0,0,0,qwen3-vl-32b-awq,"{""count"": 20}"
0000011_01955_d_0000004,visdrone,400000,38,1360,765,840,448,376320,9903.2,25,1,0,0,0,qwen3-vl-32b-awq,"{""count"": 25}"
0000011_00234_d_0000001,visdrone,800000,67,1360,765,1176,644,757344,11303.6,25,1,0,0,0,qwen3-vl-32b-awq,"{""count"": 25}"
0000011_05068_d_0000008,visdrone,400000,27,1360,765,840,448,376320,13937.8,18,1,0,0,0,qwen3-vl-32b-awq,"{""count"": 18}"
0000011_01955_d_0000004,visdrone,200000,38,1360,765,588,308,181104,4765.9,20,1,0,0,0,qwen3-vl-32b-awq,"{""count"": 20}"
0000011_00234_d_0000001,visdrone,200000,67,1360,765,588,308,181104,2703.0,10,1,0,0,0,qwen3-vl-32b-awq,"{""count"": 10}"
0000011_00234_d_0000001,visdrone,0,67,1360,765,1360,765,1040400,15528.4,28,1,0,0,0,qwen3-vl-32b-awq,"{""count"": 28}"
0000006_01275_d_0000004,visdrone,0,1,1360,765,1360,765,1040400,1040400.0,1,1,0,0,0,qwen3-vl-32b-awq,"{""count"": 1}"
0000011_01955_d_0000004,visdrone,800000,38,1360,765,1176,644,757344,19930.1,28,1,0,0,0,qwen3-vl-32b-awq,"{""count"": 28}"
0000006_01275_d_0000004,visdrone,200000,1,1360,765,588,308,181104,181104.0,1,1,0,0,0,qwen3-vl-32b-awq,"{""count"": 1}"
0000011_00234_d_0000001,visdrone,1048576,67,1360,765,1360,765,1040400,15528.4,25,1,0,0,0,qwen3-vl-32b-awq,"{""count"": 25}"
0000011_01955_d_0000004,visdrone,0,38,1360,765,1360,765,1040400,27378.9,25,1,0,0,0,qwen3-vl-32b-awq,"{""count"": 25}"
0000006_01275_d_0000004,visdrone,800000,1,1360,765,1176,644,757344,757344.0,1,1,0,0,0,qwen3-vl-32b-awq,"{""count"": 1}"
0000006_01275_d_0000004,visdrone,1048576,1,1360,765,1360,765,1040400,1040400.0,1,1,0,0,0,qwen3-vl-32b-awq,"{""count"": 1}"
0000011_01955_d_0000004,visdrone,1048576,38,1360,765,1360,765,1040400,27378.9,28,1,0,0,0,qwen3-vl-32b-awq,"{""count"": 28}"
0000011_02800_d_0000005,visdrone,0,34,1360,765,1360,765,1040400,30600.0,24,1,0,0,0,qwen3-vl-32b-awq,"{""count"": 24}"
0000011_02800_d_0000005,visdrone,800000,34,1360,765,1176,644,757344,22274.8,25,1,0,0,0,qwen3-vl-32b-awq,"{""count"": 25}"
0000011_02800_d_0000005,visdrone,1048576,34,1360,765,1360,765,1040400,30600.0,25,1,0,0,0,qwen3-vl-32b-awq,"{""count"": 25}"
0000011_00234_d_0000001,visdrone,400000,67,1360,765,840,448,376320,5616.7,20,1,0,0,0,qwen3-vl-32b-awq,"{""count"": 20}"
0000011_05068_d_0000008,visdrone,800000,27,1360,765,1176,644,757344,28049.8,18,1,0,0,0,qwen3-vl-32b-awq,"{""count"": 18}"
0000011_05068_d_0000008,visdrone,200000,27,1360,765,588,308,181104,6707.6,10,1,0,0,0,qwen3-vl-32b-awq,"{""count"": 10}"
0000011_05068_d_0000008,visdrone,0,27,1360,765,1360,765,1040400,38533.3,20,1,0,0,0,qwen3-vl-32b-awq,"{""count"": 20}"
0000011_06000_d_0000009,visdrone,800000,56,1360,765,1176,644,757344,13524.0,18,1,0,0,0,qwen3-vl-32b-awq,"{""count"": 18}"
0000011_06000_d_0000009,visdrone,0,56,1360,765,1360,765,1040400,18578.6,20,1,0,0,0,qwen3-vl-32b-awq,"{""count"": 20}"
0000011_05068_d_0000008,visdrone,1048576,27,1360,765,1360,765,1040400,38533.3,20,1,0,0,0,qwen3-vl-32b-awq,"{""count"": 20}"
0000011_06000_d_0000009,visdrone,200000,56,1360,765,588,308,181104,3234.0,17,1,0,0,0,qwen3-vl-32b-awq,"{""count"": 17}"
0000011_06000_d_0000009,visdrone,400000,56,1360,765,840,448,376320,6720.0,18,1,0,0,0,qwen3-vl-32b-awq,"{""count"": 18}"
0000011_06000_d_0000009,visdrone,1048576,56,1360,765,1360,765,1040400,18578.6,20,1,0,0,0,qwen3-vl-32b-awq,"{""count"": 20}"
0000063_03139_d_0000004,visdrone,0,42,960,540,960,540,518400,12342.9,35,1,0,0,0,qwen3-vl-32b-awq,"{""count"": 35}"
0000011_08299_d_0000012,visdrone,0,10,1360,765,1360,765,1040400,104040.0,15,1,0,0,0,qwen3-vl-32b-awq,"{""count"": 15}"
0000063_03139_d_0000004,visdrone,1048576,42,960,540,960,540,518400,12342.9,37,1,0,0,0,qwen3-vl-32b-awq,"{""count"": 37}"
0000011_08299_d_0000012,visdrone,1048576,10,1360,765,1360,765,1040400,104040.0,15,1,0,0,0,qwen3-vl-32b-awq,"{""count"": 15}"
0000063_03139_d_0000004,visdrone,800000,42,960,540,960,540,518400,12342.9,35,1,0,0,0,qwen3-vl-32b-awq,"{""count"": 35}"
0000011_08299_d_0000012,visdrone,800000,10,1360,765,1176,644,757344,75734.4,14,1,0,0,0,qwen3-vl-32b-awq,"{""count"": 14}"
0000011_08299_d_0000012,visdrone,200000,10,1360,765,588,308,181104,18110.4,15,1,0,0,0,qwen3-vl-32b-awq,"{""count"": 15}"
0000063_03139_d_0000004,visdrone,200000,42,960,540,588,308,181104,4312.0,30,1,0,0,0,qwen3-vl-32b-awq,"{""count"": 30}"
0000011_08299_d_0000012,visdrone,400000,10,1360,765,840,448,376320,37632.0,15,1,0,0,0,qwen3-vl-32b-awq,"{""count"": 15}"
0000063_03139_d_0000004,visdrone,400000,42,960,540,840,448,376320,8960.0,30,1,0,0,0,qwen3-vl-32b-awq,"{""count"": 30}"
0000063_07000_d_0000008,visdrone,0,55,960,540,960,540,518400,9425.5,48,1,0,0,0,qwen3-vl-32b-awq,"{""count"": 48}"
0000063_07000_d_0000008,visdrone,1048576,55,960,540,960,540,518400,9425.5,40,1,0,0,0,qwen3-vl-32b-awq,"{""count"": 40}"
0000063_07000_d_0000008,visdrone,800000,55,960,540,960,540,518400,9425.5,40,1,0,0,0,qwen3-vl-32b-awq,"{""count"": 40}"
0000063_07000_d_0000008,visdrone,400000,55,960,540,840,448,376320,6842.2,40,1,0,0,0,qwen3-vl-32b-awq,"{""count"": 40}"
0000063_07000_d_0000008,visdrone,200000,55,960,540,588,308,181104,3292.8,38,1,0,0,0,qwen3-vl-32b-awq,"{""count"": 38}"
0000063_12500_d_0000014,visdrone,0,163,960,540,960,540,518400,3180.4,100,1,0,0,0,qwen3-vl-32b-awq,"{""count"": 100}"
0000063_12500_d_0000014,visdrone,1048576,163,960,540,960,540,518400,3180.4,100,1,0,0,0,qwen3-vl-32b-awq,"{""count"": 100}"
0000063_12500_d_0000014,visdrone,800000,163,960,540,960,540,518400,3180.4,100,1,0,0,0,qwen3-vl-32b-awq,"{""count"": 100}"
0000066_01097_d_0000002,visdrone,0,262,960,540,960,540,518400,1978.6,300,1,0,0,0,qwen3-vl-32b-awq,"{""count"": 300}"
0000066_01097_d_0000002,visdrone,1048576,262,960,540,960,540,518400,1978.6,300,1,0,0,0,qwen3-vl-32b-awq,"{""count"": 300}"
0000073_01275_d_0000002,visdrone,200000,115,1920,1080,588,308,181104,1574.8,78,1,0,0,0,qwen3-vl-32b-awq,"{""count"": 78}"
0000066_01097_d_0000002,visdrone,800000,262,960,540,960,540,518400,1978.6,300,1,0,0,0,qwen3-vl-32b-awq,"{""count"": 300}"
0000066_01097_d_0000002,visdrone,400000,262,960,540,840,448,376320,1436.3,256,1,0,0,0,qwen3-vl-32b-awq,"{""count"": 256}"
0000063_12500_d_0000014,visdrone,200000,163,960,540,588,308,181104,1111.1,100,1,0,0,0,qwen3-vl-32b-awq,"{""count"": 100}"
0000066_01097_d_0000002,visdrone,200000,262,960,540,588,308,181104,691.2,200,1,0,0,0,qwen3-vl-32b-awq,"{""count"": 200}"
0000063_12500_d_0000014,visdrone,400000,163,960,540,840,448,376320,2308.7,100,1,0,0,0,qwen3-vl-32b-awq,"{""count"": 100}"
0000074_03738_d_0000007,visdrone,0,82,1920,1080,1920,1080,2073600,25287.8,58,1,0,0,0,qwen3-vl-32b-awq,"{""count"": 58}"
0000073_01275_d_0000002,visdrone,0,115,1920,1080,1920,1080,2073600,18031.3,100,1,0,0,0,qwen3-vl-32b-awq,"{""count"": 100}"
0000073_01275_d_0000002,visdrone,800000,115,1920,1080,1176,644,757344,6585.6,100,1,0,0,0,qwen3-vl-32b-awq,"{""count"": 100}"
0000074_03738_d_0000007,visdrone,1048576,82,1920,1080,1344,756,1016064,12391.0,50,1,0,0,0,qwen3-vl-32b-awq,"{""count"": 50}"
0000073_01275_d_0000002,visdrone,1048576,115,1920,1080,1344,756,1016064,8835.3,100,1,0,0,0,qwen3-vl-32b-awq,"{""count"": 100}"
0000074_03738_d_0000007,visdrone,400000,82,1920,1080,840,448,376320,4589.3,48,1,0,0,0,qwen3-vl-32b-awq,"{""count"": 48}"
0000073_01275_d_0000002,visdrone,400000,115,1920,1080,840,448,376320,3272.3,100,1,0,0,0,qwen3-vl-32b-awq,"{""count"": 100}"
0000074_03738_d_0000007,visdrone,200000,82,1920,1080,588,308,181104,2208.6,48,1,0,0,0,qwen3-vl-32b-awq,"{""count"": 48}"
0000074_03738_d_0000007,visdrone,800000,82,1920,1080,1176,644,757344,9235.9,58,1,0,0,0,qwen3-vl-32b-awq,"{""count"": 58}"
0000074_06746_d_0000013,visdrone,0,73,1920,1080,1920,1080,2073600,28405.5,100,1,0,0,0,qwen3-vl-32b-awq,"{""count"": 100}"
0000074_06746_d_0000013,visdrone,200000,73,1920,1080,588,308,181104,2480.9,20,1,0,0,0,qwen3-vl-32b-awq,"{""count"": 20}"
0000074_06746_d_0000013,visdrone,800000,73,1920,1080,1176,644,757344,10374.6,30,1,0,0,0,qwen3-vl-32b-awq,"{""count"": 30}"
0000074_06746_d_0000013,visdrone,1048576,73,1920,1080,1344,756,1016064,13918.7,100,1,0,0,0,qwen3-vl-32b-awq,"{""count"": 100}"
0000074_08202_d_0000016,visdrone,0,77,1920,1080,1920,1080,2073600,26929.9,0,1,1,0,0,qwen3-vl-32b-awq,"{""count"": 0}"
0000074_06746_d_0000013,visdrone,400000,73,1920,1080,840,448,376320,5155.1,30,1,0,0,0,qwen3-vl-32b-awq,"{""count"": 30}"
0000074_08202_d_0000016,visdrone,200000,77,1920,1080,588,308,181104,2352.0,0,1,1,0,0,qwen3-vl-32b-awq,"{""count"": 0}"
0000074_08202_d_0000016,visdrone,400000,77,1920,1080,840,448,376320,4887.3,100,1,0,0,0,qwen3-vl-32b-awq,"{""count"": 100}"
0000074_08202_d_0000016,visdrone,1048576,77,1920,1080,1344,756,1016064,13195.6,0,1,1,0,0,qwen3-vl-32b-awq,"{""count"": 0}"
0000074_09738_d_0000019,visdrone,400000,86,1920,1080,840,448,376320,4375.8,78,1,0,0,0,qwen3-vl-32b-awq,"{""count"": 78}"
0000074_09738_d_0000019,visdrone,200000,86,1920,1080,588,308,181104,2105.9,58,1,0,0,0,qwen3-vl-32b-awq,"{""count"": 58}"
0000074_08202_d_0000016,visdrone,800000,77,1920,1080,1176,644,757344,9835.6,100,1,0,0,0,qwen3-vl-32b-awq,"{""count"": 100}"
0000074_09738_d_0000019,visdrone,800000,86,1920,1080,1176,644,757344,8806.3,100,1,0,0,0,qwen3-vl-32b-awq,"{""count"": 100}"
0000074_09738_d_0000019,visdrone,0,86,1920,1080,1920,1080,2073600,24111.6,100,1,0,0,0,qwen3-vl-32b-awq,"{""count"": 100}"
0000074_11362_d_0000022,visdrone,200000,101,1920,1080,588,308,181104,1793.1,30,1,0,0,0,qwen3-vl-32b-awq,"{""count"": 30}"
0000074_09738_d_0000019,visdrone,1048576,86,1920,1080,1344,756,1016064,11814.7,100,1,0,0,0,qwen3-vl-32b-awq,"{""count"": 100}"
0000074_11362_d_0000022,visdrone,0,101,1920,1080,1920,1080,2073600,20530.7,100,1,0,0,0,qwen3-vl-32b-awq,"{""count"": 100}"
0000074_11362_d_0000022,visdrone,1048576,101,1920,1080,1344,756,1016064,10060.0,100,1,0,0,0,qwen3-vl-32b-awq,"{""count"": 100}"
0000074_11362_d_0000022,visdrone,800000,101,1920,1080,1176,644,757344,7498.5,100,1,0,0,0,qwen3-vl-32b-awq,"{""count"": 100}"
0000074_11827_d_0000023,visdrone,200000,112,1920,1080,588,308,181104,1617.0,100,1,0,0,0,qwen3-vl-32b-awq,"{""count"": 100}"
0000074_11362_d_0000022,visdrone,400000,101,1920,1080,840,448,376320,3725.9,100,1,0,0,0,qwen3-vl-32b-awq,"{""count"": 100}"
0000074_11827_d_0000023,visdrone,0,112,1920,1080,1920,1080,2073600,18514.3,100,1,0,0,0,qwen3-vl-32b-awq,"{""count"": 100}"
0000074_12322_d_0000024,visdrone,200000,74,1920,1080,588,308,181104,2447.4,30,1,0,0,0,qwen3-vl-32b-awq,"{""count"": 30}"
0000074_11827_d_0000023,visdrone,400000,112,1920,1080,840,448,376320,3360.0,100,1,0,0,0,qwen3-vl-32b-awq,"{""count"": 100}"
0000074_11827_d_0000023,visdrone,1048576,112,1920,1080,1344,756,1016064,9072.0,100,1,0,0,0,qwen3-vl-32b-awq,"{""count"": 100}"
0000074_11827_d_0000023,visdrone,800000,112,1920,1080,1176,644,757344,6762.0,100,1,0,0,0,qwen3-vl-32b-awq,"{""count"": 100}"
0000074_14850_d_0000029,visdrone,400000,96,1920,1080,840,448,376320,3920.0,50,1,0,0,0,qwen3-vl-32b-awq,"{""count"": 50}"
0000074_14850_d_0000029,visdrone,200000,96,1920,1080,588,308,181104,1886.5,30,1,0,0,0,qwen3-vl-32b-awq,"{""count"": 30}"
0000074_12322_d_0000024,visdrone,400000,74,1920,1080,840,448,376320,5085.4,100,1,0,0,0,qwen3-vl-32b-awq,"{""count"": 100}"
0000074_12322_d_0000024,visdrone,0,74,1920,1080,1920,1080,2073600,28021.6,100,1,0,0,0,qwen3-vl-32b-awq,"{""count"": 100}"
0000074_12322_d_0000024,visdrone,800000,74,1920,1080,1176,644,757344,10234.4,100,1,0,0,0,qwen3-vl-32b-awq,"{""count"": 100}"
0000074_12322_d_0000024,visdrone,1048576,74,1920,1080,1344,756,1016064,13730.6,100,1,0,0,0,qwen3-vl-32b-awq,"{""count"": 100}"
0000074_15793_d_0000031,visdrone,200000,64,1920,1080,588,308,181104,2829.8,38,1,0,0,0,qwen3-vl-32b-awq,"{""count"": 38}"
0000074_14850_d_0000029,visdrone,800000,96,1920,1080,1176,644,757344,7889.0,100,1,0,0,0,qwen3-vl-32b-awq,"{""count"": 100}"
0000074_14850_d_0000029,visdrone,0,96,1920,1080,1920,1080,2073600,21600.0,100,1,0,0,0,qwen3-vl-32b-awq,"{""count"": 100}"
0000074_15793_d_0000031,visdrone,0,64,1920,1080,1920,1080,2073600,32400.0,48,1,0,0,0,qwen3-vl-32b-awq,"{""count"": 48}"
0000074_14850_d_0000029,visdrone,1048576,96,1920,1080,1344,756,1016064,10584.0,100,1,0,0,0,qwen3-vl-32b-awq,"{""count"": 100}"
0000074_15793_d_0000031,visdrone,800000,64,1920,1080,1176,644,757344,11833.5,48,1,0,0,0,qwen3-vl-32b-awq,"{""count"": 48}"
0000074_15793_d_0000031,visdrone,1048576,64,1920,1080,1344,756,1016064,15876.0,58,1,0,0,0,qwen3-vl-32b-awq,"{""count"": 58}"
0000078_01314_d_0000004,visdrone,200000,2,1360,765,588,308,181104,90552.0,1,1,0,0,0,qwen3-vl-32b-awq,"{""count"": 1}"
0000078_01314_d_0000004,visdrone,0,2,1360,765,1360,765,1040400,520200.0,2,1,0,0,0,qwen3-vl-32b-awq,"{""count"": 2}"
0000078_01314_d_0000004,visdrone,400000,2,1360,765,840,448,376320,188160.0,1,1,0,0,0,qwen3-vl-32b-awq,"{""count"": 1}"
0000078_01314_d_0000004,visdrone,1048576,2,1360,765,1360,765,1040400,520200.0,2,1,0,0,0,qwen3-vl-32b-awq,"{""count"": 2}"
0000074_15793_d_0000031,visdrone,400000,64,1920,1080,840,448,376320,5880.0,38,1,0,0,0,qwen3-vl-32b-awq,"{""count"": 38}"
0000078_02778_d_0000008,visdrone,200000,17,1360,765,588,308,181104,10653.2,0,1,1,0,0,qwen3-vl-32b-awq,"{""count"": 0}"
0000078_01314_d_0000004,visdrone,800000,2,1360,765,1176,644,757344,378672.0,2,1,0,0,0,qwen3-vl-32b-awq,"{""count"": 2}"
0000078_02778_d_0000008,visdrone,800000,17,1360,765,1176,644,757344,44549.6,10,1,0,0,0,qwen3-vl-32b-awq,"{""count"": 10}"
0000078_02778_d_0000008,visdrone,400000,17,1360,765,840,448,376320,22136.5,0,1,1,0,0,qwen3-vl-32b-awq,"{""count"": 0}"
0000078_02778_d_0000008,visdrone,0,17,1360,765,1360,765,1040400,61200.0,10,1,0,0,0,qwen3-vl-32b-awq,"{""count"": 10}"
0000078_03171_d_0000009,visdrone,0,28,1360,765,1360,765,1040400,37157.1,14,1,0,0,0,qwen3-vl-32b-awq,"{""count"": 14}"
0000078_03171_d_0000009,visdrone,200000,28,1360,765,588,308,181104,6468.0,10,1,0,0,0,qwen3-vl-32b-awq,"{""count"": 10}"
0000078_02778_d_0000008,visdrone,1048576,17,1360,765,1360,765,1040400,61200.0,10,1,0,0,0,qwen3-vl-32b-awq,"{""count"": 10}"
0000078_03171_d_0000009,visdrone,400000,28,1360,765,840,448,376320,13440.0,10,1,0,0,0,qwen3-vl-32b-awq,"{""count"": 10}"
0000083_00803_d_0000003,visdrone,1048576,33,960,540,960,540,518400,15709.1,25,1,0,0,0,qwen3-vl-32b-awq,"{""count"": 25}"
0000083_00803_d_0000003,visdrone,800000,33,960,540,960,540,518400,15709.1,25,1,0,0,0,qwen3-vl-32b-awq,"{""count"": 25}"
0000078_03171_d_0000009,visdrone,1048576,28,1360,765,1360,765,1040400,37157.1,15,1,0,0,0,qwen3-vl-32b-awq,"{""count"": 15}"
0000083_00803_d_0000003,visdrone,0,33,960,540,960,540,518400,15709.1,24,1,0,0,0,qwen3-vl-32b-awq,"{""count"": 24}"
0000105_02539_d_0000072,visdrone,0,12,1360,765,1360,765,1040400,86700.0,6,1,0,0,0,qwen3-vl-32b-awq,"{""count"": 6}"
0000078_03171_d_0000009,visdrone,800000,28,1360,765,1176,644,757344,27048.0,10,1,0,0,0,qwen3-vl-32b-awq,"{""count"": 10}"
0000083_00803_d_0000003,visdrone,400000,33,960,540,840,448,376320,11403.6,20,1,0,0,0,qwen3-vl-32b-awq,"{""count"": 20}"
0000105_02539_d_0000072,visdrone,1048576,12,1360,765,1360,765,1040400,86700.0,6,1,0,0,0,qwen3-vl-32b-awq,"{""count"": 6}"
0000105_02539_d_0000072,visdrone,800000,12,1360,765,1176,644,757344,63112.0,5,1,0,0,0,qwen3-vl-32b-awq,"{""count"": 5}"
0000105_02539_d_0000072,visdrone,400000,12,1360,765,840,448,376320,31360.0,3,1,0,0,0,qwen3-vl-32b-awq,"{""count"": 3}"
0000083_00803_d_0000003,visdrone,200000,33,960,540,588,308,181104,5488.0,18,1,0,0,0,qwen3-vl-32b-awq,"{""count"": 18}"
0000105_02539_d_0000072,visdrone,200000,12,1360,765,588,308,181104,15092.0,2,1,0,0,0,qwen3-vl-32b-awq,"{""count"": 2}"
0000120_00559_d_0000092,visdrone,0,31,1360,765,1360,765,1040400,33561.3,28,1,0,0,0,qwen3-vl-32b-awq,"{""count"": 28}"
0000120_00559_d_0000092,visdrone,1048576,31,1360,765,1360,765,1040400,33561.3,28,1,0,0,0,qwen3-vl-32b-awq,"{""count"": 28}"
0000120_00559_d_0000092,visdrone,400000,31,1360,765,840,448,376320,12139.4,24,1,0,0,0,qwen3-vl-32b-awq,"{""count"": 24}"
0000120_00559_d_0000092,visdrone,200000,31,1360,765,588,308,181104,5842.1,25,1,0,0,0,qwen3-vl-32b-awq,"{""count"": 25}"
0000120_00559_d_0000092,visdrone,800000,31,1360,765,1176,644,757344,24430.5,28,1,0,0,0,qwen3-vl-32b-awq,"{""count"": 28}"
0000120_02946_d_0000098,visdrone,1048576,12,1360,765,1360,765,1040400,86700.0,18,1,0,0,0,qwen3-vl-32b-awq,"{""count"": 18}"
0000120_02946_d_0000098,visdrone,0,12,1360,765,1360,765,1040400,86700.0,17,1,0,0,0,qwen3-vl-32b-awq,"{""count"": 17}"
0000120_02946_d_0000098,visdrone,800000,12,1360,765,1176,644,757344,63112.0,15,1,0,0,0,qwen3-vl-32b-awq,"{""count"": 15}"
0000120_02946_d_0000098,visdrone,200000,12,1360,765,588,308,181104,15092.0,10,1,0,0,0,qwen3-vl-32b-awq,"{""count"": 10}"
0000120_02946_d_0000098,visdrone,400000,12,1360,765,840,448,376320,31360.0,14,1,0,0,0,qwen3-vl-32b-awq,"{""count"": 14}"
0000127_00002_d_0000119,visdrone,0,52,1920,1080,1920,1080,2073600,39876.9,30,1,0,0,0,qwen3-vl-32b-awq,"{""count"": 30}"
0000127_00002_d_0000119,visdrone,400000,52,1920,1080,840,448,376320,7236.9,28,1,0,0,0,qwen3-vl-32b-awq,"{""count"": 28}"
0000127_01002_d_0000123,visdrone,0,45,1920,1080,1920,1080,2073600,46080.0,24,1,0,0,0,qwen3-vl-32b-awq,"{""count"": 24}"
0000127_00002_d_0000119,visdrone,200000,52,1920,1080,588,308,181104,3482.8,20,1,0,0,0,qwen3-vl-32b-awq,"{""count"": 20}"
0000127_01002_d_0000123,visdrone,200000,45,1920,1080,588,308,181104,4024.5,10,1,0,0,0,qwen3-vl-32b-awq,"{""count"": 10}"
0000127_00002_d_0000119,visdrone,1048576,52,1920,1080,1344,756,1016064,19539.7,30,1,0,0,0,qwen3-vl-32b-awq,"{""count"": 30}"
0000127_00002_d_0000119,visdrone,800000,52,1920,1080,1176,644,757344,14564.3,28,1,0,0,0,qwen3-vl-32b-awq,"{""count"": 28}"
0000127_01002_d_0000123,visdrone,800000,45,1920,1080,1176,644,757344,16829.9,24,1,0,0,0,qwen3-vl-32b-awq,"{""count"": 24}"
0000152_00599_d_0000146,visdrone,200000,19,1920,1080,588,308,181104,9531.8,0,1,1,0,0,qwen3-vl-32b-awq,"{""count"": 0}"
0000127_01002_d_0000123,visdrone,400000,45,1920,1080,840,448,376320,8362.7,24,1,0,0,0,qwen3-vl-32b-awq,"{""count"": 24}"
0000152_00599_d_0000146,visdrone,400000,19,1920,1080,840,448,376320,19806.3,0,1,1,0,0,qwen3-vl-32b-awq,"{""count"": 0}"
0000127_01002_d_0000123,visdrone,1048576,45,1920,1080,1344,756,1016064,22579.2,24,1,0,0,0,qwen3-vl-32b-awq,"{""count"": 24}"
0000152_00599_d_0000146,visdrone,0,19,1920,1080,1920,1080,2073600,109136.8,0,1,1,0,0,qwen3-vl-32b-awq,"{""count"": 0}"
0000152_00599_d_0000146,visdrone,1048576,19,1920,1080,1344,756,1016064,53477.1,0,1,1,0,0,qwen3-vl-32b-awq,"{""count"": 0}"
0000152_00599_d_0000146,visdrone,800000,19,1920,1080,1176,644,757344,39860.2,0,1,1,0,0,qwen3-vl-32b-awq,"{""count"": 0}"
0000152_02214_d_0000150,visdrone,0,26,1920,1080,1920,1080,2073600,79753.8,0,1,1,0,0,qwen3-vl-32b-awq,"{""count"": 0}"
0000152_02214_d_0000150,visdrone,200000,26,1920,1080,588,308,181104,6965.5,0,1,1,0,0,qwen3-vl-32b-awq,"{""count"": 0}"
0000152_02214_d_0000150,visdrone,1048576,26,1920,1080,1344,756,1016064,39079.4,0,1,1,0,0,qwen3-vl-32b-awq,"{""count"": 0}"
0000152_02214_d_0000150,visdrone,400000,26,1920,1080,840,448,376320,14473.8,0,1,1,0,0,qwen3-vl-32b-awq,"{""count"": 0}"
0000152_02214_d_0000150,visdrone,800000,26,1920,1080,1176,644,757344,29128.6,0,1,1,0,0,qwen3-vl-32b-awq,"{""count"": 0}"
0000152_03226_d_0000153,visdrone,400000,24,1920,1080,840,448,376320,15680.0,0,1,1,0,0,qwen3-vl-32b-awq,"{""count"": 0}"
0000207_00500_d_0000006,visdrone,0,12,960,540,960,540,518400,43200.0,0,1,1,0,0,qwen3-vl-32b-awq,"{""count"": 0}"
0000207_00500_d_0000006,visdrone,800000,12,960,540,960,540,518400,43200.0,0,1,1,0,0,qwen3-vl-32b-awq,"{""count"": 0}"
0000207_00500_d_0000006,visdrone,1048576,12,960,540,960,540,518400,43200.0,0,1,1,0,0,qwen3-vl-32b-awq,"{""count"": 0}"
0000152_03226_d_0000153,visdrone,200000,24,1920,1080,588,308,181104,7546.0,0,1,1,0,0,qwen3-vl-32b-awq,"{""count"": 0}"
0000152_03226_d_0000153,visdrone,0,24,1920,1080,1920,1080,2073600,86400.0,0,1,1,0,0,qwen3-vl-32b-awq,"{""count"": 0}"
0000207_00500_d_0000006,visdrone,200000,12,960,540,588,308,181104,15092.0,0,1,1,0,0,qwen3-vl-32b-awq,"{""count"": 0}"
0000152_03226_d_0000153,visdrone,800000,24,1920,1080,1176,644,757344,31556.0,0,1,1,0,0,qwen3-vl-32b-awq,"{""count"": 0}"
0000152_03226_d_0000153,visdrone,1048576,24,1920,1080,1344,756,1016064,42336.0,0,1,1,0,0,qwen3-vl-32b-awq,"{""count"": 0}"
0000250_02350_d_0000001,visdrone,200000,1,960,540,588,308,181104,181104.0,0,1,1,0,0,qwen3-vl-32b-awq,"{""count"": 0}"
0000207_00500_d_0000006,visdrone,400000,12,960,540,840,448,376320,31360.0,1,1,0,0,0,qwen3-vl-32b-awq,"{""count"": 1}"
0000250_02350_d_0000001,visdrone,400000,1,960,540,840,448,376320,376320.0,0,1,1,0,0,qwen3-vl-32b-awq,"{""count"": 0}"
0000250_02350_d_0000001,visdrone,0,1,960,540,960,540,518400,518400.0,0,1,1,0,0,qwen3-vl-32b-awq,"{""count"": 0}"
0000250_02350_d_0000001,visdrone,800000,1,960,540,960,540,518400,518400.0,0,1,1,0,0,qwen3-vl-32b-awq,"{""count"": 0}"
0000250_02350_d_0000001,visdrone,1048576,1,960,540,960,540,518400,518400.0,0,1,1,0,0,qwen3-vl-32b-awq,"{""count"": 0}"
0000259_03000_d_0000007,visdrone,1048576,17,1360,765,1360,765,1040400,61200.0,10,1,0,0,0,qwen3-vl-32b-awq,"{""count"": 10}"
0000259_03000_d_0000007,visdrone,200000,17,1360,765,588,308,181104,10653.2,0,1,1,0,0,qwen3-vl-32b-awq,"{""count"": 0}"
0000259_03000_d_0000007,visdrone,400000,17,1360,765,840,448,376320,22136.5,7,1,0,0,0,qwen3-vl-32b-awq,"{""count"": 7}"
0000259_03000_d_0000007,visdrone,0,17,1360,765,1360,765,1040400,61200.0,10,1,0,0,0,qwen3-vl-32b-awq,"{""count"": 10}"
0000259_03000_d_0000007,visdrone,800000,17,1360,765,1176,644,757344,44549.6,10,1,0,0,0,qwen3-vl-32b-awq,"{""count"": 10}"
0000259_03500_d_0000008,visdrone,0,7,1360,765,1360,765,1040400,148628.6,5,1,0,0,0,qwen3-vl-32b-awq,"{""count"": 5}"
0000259_03500_d_0000008,visdrone,400000,7,1360,765,840,448,376320,53760.0,4,1,0,0,0,qwen3-vl-32b-awq,"{""count"": 4}"
0000259_03500_d_0000008,visdrone,200000,7,1360,765,588,308,181104,25872.0,2,1,0,0,0,qwen3-vl-32b-awq,"{""count"": 2}"
0000259_03500_d_0000008,visdrone,1048576,7,1360,765,1360,765,1040400,148628.6,5,1,0,0,0,qwen3-vl-32b-awq,"{""count"": 5}"
0000259_03500_d_0000008,visdrone,800000,7,1360,765,1176,644,757344,108192.0,5,1,0,0,0,qwen3-vl-32b-awq,"{""count"": 5}"
0000265_03500_d_0000008,visdrone,800000,61,1360,765,1176,644,757344,12415.5,0,1,1,0,0,qwen3-vl-32b-awq,"{""count"": 0}"
0000265_03500_d_0000008,visdrone,0,61,1360,765,1360,765,1040400,17055.7,0,1,1,0,0,qwen3-vl-32b-awq,"{""count"": 0}"
0000265_03500_d_0000008,visdrone,1048576,61,1360,765,1360,765,1040400,17055.7,0,1,1,0,0,qwen3-vl-32b-awq,"{""count"": 0}"
0000265_04500_d_0000010,visdrone,0,43,1360,765,1360,765,1040400,24195.3,30,1,0,0,0,qwen3-vl-32b-awq,"{""count"": 30}"
0000265_03500_d_0000008,visdrone,200000,61,1360,765,588,308,181104,2968.9,0,1,1,0,0,qwen3-vl-32b-awq,"{""count"": 0}"
0000265_04500_d_0000010,visdrone,1048576,43,1360,765,1360,765,1040400,24195.3,30,1,0,0,0,qwen3-vl-32b-awq,"{""count"": 30}"
0000265_03500_d_0000008,visdrone,400000,61,1360,765,840,448,376320,6169.2,0,1,1,0,0,qwen3-vl-32b-awq,"{""count"": 0}"
0000265_04500_d_0000010,visdrone,400000,43,1360,765,840,448,376320,8751.6,30,1,0,0,0,qwen3-vl-32b-awq,"{""count"": 30}"
0000265_04500_d_0000010,visdrone,200000,43,1360,765,588,308,181104,4211.7,0,1,1,0,0,qwen3-vl-32b-awq,"{""count"": 0}"
0000265_04500_d_0000010,visdrone,800000,43,1360,765,1176,644,757344,17612.7,28,1,0,0,0,qwen3-vl-32b-awq,"{""count"": 28}"
0000265_05000_d_0000011,visdrone,400000,33,1360,765,840,448,376320,11403.6,10,1,0,0,0,qwen3-vl-32b-awq,"{""count"": 10}"
0000272_02000_d_0000005,visdrone,0,13,1360,765,1360,765,1040400,80030.8,4,1,0,0,0,qwen3-vl-32b-awq,"{""count"": 4}"
0000265_05000_d_0000011,visdrone,0,33,1360,765,1360,765,1040400,31527.3,10,1,0,0,0,qwen3-vl-32b-awq,"{""count"": 10}"
0000272_02000_d_0000005,visdrone,1048576,13,1360,765,1360,765,1040400,80030.8,4,1,0,0,0,qwen3-vl-32b-awq,"{""count"": 4}"
0000265_05000_d_0000011,visdrone,800000,33,1360,765,1176,644,757344,22949.8,10,1,0,0,0,qwen3-vl-32b-awq,"{""count"": 10}"
0000265_05000_d_0000011,visdrone,1048576,33,1360,765,1360,765,1040400,31527.3,10,1,0,0,0,qwen3-vl-32b-awq,"{""count"": 10}"
0000272_02000_d_0000005,visdrone,400000,13,1360,765,840,448,376320,28947.7,4,1,0,0,0,qwen3-vl-32b-awq,"{""count"": 4}"
0000265_05000_d_0000011,visdrone,200000,33,1360,765,588,308,181104,5488.0,0,1,1,0,0,qwen3-vl-32b-awq,"{""count"": 0}"
0000272_02000_d_0000005,visdrone,200000,13,1360,765,588,308,181104,13931.1,0,1,1,0,0,qwen3-vl-32b-awq,"{""count"": 0}"
0000278_02251_d_0000001,visdrone,1048576,7,1360,765,1360,765,1040400,148628.6,4,1,0,0,0,qwen3-vl-32b-awq,"{""count"": 4}"
0000272_02000_d_0000005,visdrone,800000,13,1360,765,1176,644,757344,58257.2,3,1,0,0,0,qwen3-vl-32b-awq,"{""count"": 3}"
0000278_02251_d_0000001,visdrone,0,7,1360,765,1360,765,1040400,148628.6,4,1,0,0,0,qwen3-vl-32b-awq,"{""count"": 4}"
0000278_02251_d_0000001,visdrone,200000,7,1360,765,588,308,181104,25872.0,2,1,0,0,0,qwen3-vl-32b-awq,"{""count"": 2}"
0000278_02251_d_0000001,visdrone,800000,7,1360,765,1176,644,757344,108192.0,4,1,0,0,0,qwen3-vl-32b-awq,"{""count"": 4}"
0000278_02251_d_0000001,visdrone,400000,7,1360,765,840,448,376320,53760.0,3,1,0,0,0,qwen3-vl-32b-awq,"{""count"": 3}"
0000278_02451_d_0000003,visdrone,0,5,1360,765,1360,765,1040400,208080.0,3,1,0,0,0,qwen3-vl-32b-awq,"{""count"": 3}"
0000278_02451_d_0000003,visdrone,200000,5,1360,765,588,308,181104,36220.8,1,1,0,0,0,qwen3-vl-32b-awq,"{""count"": 1}"
0000278_02451_d_0000003,visdrone,1048576,5,1360,765,1360,765,1040400,208080.0,3,1,0,0,0,qwen3-vl-32b-awq,"{""count"": 3}"
0000278_02451_d_0000003,visdrone,400000,5,1360,765,840,448,376320,75264.0,2,1,0,0,0,qwen3-vl-32b-awq,"{""count"": 2}"
0000299_00000_d_0000088,visdrone,0,15,1360,765,1360,765,1040400,69360.0,10,1,0,0,0,qwen3-vl-32b-awq,"{""count"": 10}"
0000299_00000_d_0000088,visdrone,200000,15,1360,765,588,308,181104,12073.6,0,1,1,0,0,qwen3-vl-32b-awq,"{""count"": 0}"
0000278_02451_d_0000003,visdrone,800000,5,1360,765,1176,644,757344,151468.8,4,1,0,0,0,qwen3-vl-32b-awq,"{""count"": 4}"
0000299_00000_d_0000088,visdrone,1048576,15,1360,765,1360,765,1040400,69360.0,10,1,0,0,0,qwen3-vl-32b-awq,"{""count"": 10}"
0000299_00000_d_0000088,visdrone,400000,15,1360,765,840,448,376320,25088.0,0,1,1,0,0,qwen3-vl-32b-awq,"{""count"": 0}"
0000299_01800_d_0000100,visdrone,1048576,20,1360,765,1360,765,1040400,52020.0,5,1,0,0,0,qwen3-vl-32b-awq,"{""count"": 5}"
0000299_00000_d_0000088,visdrone,800000,15,1360,765,1176,644,757344,50489.6,10,1,0,0,0,qwen3-vl-32b-awq,"{""count"": 10}"
0000299_01800_d_0000100,visdrone,0,20,1360,765,1360,765,1040400,52020.0,5,1,0,0,0,qwen3-vl-32b-awq,"{""count"": 5}"
0000299_01800_d_0000100,visdrone,800000,20,1360,765,1176,644,757344,37867.2,0,1,1,0,0,qwen3-vl-32b-awq,"{""count"": 0}"
0000299_01800_d_0000100,visdrone,400000,20,1360,765,840,448,376320,18816.0,3,1,0,0,0,qwen3-vl-32b-awq,"{""count"": 3}"
0000299_01800_d_0000100,visdrone,200000,20,1360,765,588,308,181104,9055.2,2,1,0,0,0,qwen3-vl-32b-awq,"{""count"": 2}"
0000299_03500_d_0000104,visdrone,0,21,1360,765,1360,765,1040400,49542.9,0,1,1,0,0,qwen3-vl-32b-awq,"{""count"": 0}"
0000299_03500_d_0000104,visdrone,800000,21,1360,765,1176,644,757344,36064.0,0,1,1,0,0,qwen3-vl-32b-awq,"{""count"": 0}"
0000299_03500_d_0000104,visdrone,1048576,21,1360,765,1360,765,1040400,49542.9,0,1,1,0,0,qwen3-vl-32b-awq,"{""count"": 0}"
0000299_03500_d_0000104,visdrone,200000,21,1360,765,588,308,181104,8624.0,0,1,1,0,0,qwen3-vl-32b-awq,"{""count"": 0}"
0000299_03500_d_0000104,visdrone,400000,21,1360,765,840,448,376320,17920.0,0,1,1,0,0,qwen3-vl-32b-awq,"{""count"": 0}"
0000299_04000_d_0000105,visdrone,0,8,1360,765,1360,765,1040400,130050.0,10,1,0,0,0,qwen3-vl-32b-awq,"{""count"": 10}"
0000299_04000_d_0000105,visdrone,800000,8,1360,765,1176,644,757344,94668.0,0,1,1,0,0,qwen3-vl-32b-awq,"{""count"": 0}"
0000299_04000_d_0000105,visdrone,200000,8,1360,765,588,308,181104,22638.0,0,1,1,0,0,qwen3-vl-32b-awq,"{""count"": 0}"
0000299_04000_d_0000105,visdrone,400000,8,1360,765,840,448,376320,47040.0,10,1,0,0,0,qwen3-vl-32b-awq,"{""count"": 10}"
0000299_04000_d_0000105,visdrone,1048576,8,1360,765,1360,765,1040400,130050.0,10,1,0,0,0,qwen3-vl-32b-awq,"{""count"": 10}"
0000299_05500_d_0000108,visdrone,0,35,1360,765,1360,765,1040400,29725.7,15,1,0,0,0,qwen3-vl-32b-awq,"{""count"": 15}"
0000299_05500_d_0000108,visdrone,1048576,35,1360,765,1360,765,1040400,29725.7,15,1,0,0,0,qwen3-vl-32b-awq,"{""count"": 15}"
0000299_05500_d_0000108,visdrone,800000,35,1360,765,1176,644,757344,21638.4,15,1,0,0,0,qwen3-vl-32b-awq,"{""count"": 15}"
0000299_05500_d_0000108,visdrone,200000,35,1360,765,588,308,181104,5174.4,10,1,0,0,0,qwen3-vl-32b-awq,"{""count"": 10}"
0000310_02500_d_0000123,visdrone,0,22,1360,765,1360,765,1040400,47290.9,10,1,0,0,0,qwen3-vl-32b-awq,"{""count"": 10}"
0000310_02500_d_0000123,visdrone,400000,22,1360,765,840,448,376320,17105.5,10,1,0,0,0,qwen3-vl-32b-awq,"{""count"": 10}"
0000310_02500_d_0000123,visdrone,1048576,22,1360,765,1360,765,1040400,47290.9,10,1,0,0,0,qwen3-vl-32b-awq,"{""count"": 10}"
0000299_05500_d_0000108,visdrone,400000,35,1360,765,840,448,376320,10752.0,14,1,0,0,0,qwen3-vl-32b-awq,"{""count"": 14}"
0000310_02500_d_0000123,visdrone,200000,22,1360,765,588,308,181104,8232.0,10,1,0,0,0,qwen3-vl-32b-awq,"{""count"": 10}"
0000310_02500_d_0000123,visdrone,800000,22,1360,765,1176,644,757344,34424.7,10,1,0,0,0,qwen3-vl-32b-awq,"{""count"": 10}"
0000310_04000_d_0000126,visdrone,400000,33,1360,765,840,448,376320,11403.6,20,1,0,0,0,qwen3-vl-32b-awq,"{""count"": 20}"
0000310_04000_d_0000126,visdrone,1048576,33,1360,765,1360,765,1040400,31527.3,20,1,0,0,0,qwen3-vl-32b-awq,"{""count"": 20}"
0000310_04000_d_0000126,visdrone,800000,33,1360,765,1176,644,757344,22949.8,20,1,0,0,0,qwen3-vl-32b-awq,"{""count"": 20}"
0000310_04000_d_0000126,visdrone,200000,33,1360,765,588,308,181104,5488.0,15,1,0,0,0,qwen3-vl-32b-awq,"{""count"": 15}"
0000314_00000_d_0000142,visdrone,0,14,1360,765,1360,765,1040400,74314.3,10,1,0,0,0,qwen3-vl-32b-awq,"{""count"": 10}"
0000314_00000_d_0000142,visdrone,1048576,14,1360,765,1360,765,1040400,74314.3,10,1,0,0,0,qwen3-vl-32b-awq,"{""count"": 10}"
0000310_04000_d_0000126,visdrone,0,33,1360,765,1360,765,1040400,31527.3,20,1,0,0,0,qwen3-vl-32b-awq,"{""count"": 20}"
0000314_01000_d_0000144,visdrone,1048576,9,1360,765,1360,765,1040400,115600.0,8,1,0,0,0,qwen3-vl-32b-awq,"{""count"": 8}"
0000314_00000_d_0000142,visdrone,400000,14,1360,765,840,448,376320,26880.0,10,1,0,0,0,qwen3-vl-32b-awq,"{""count"": 10}"
0000314_01000_d_0000144,visdrone,200000,9,1360,765,588,308,181104,20122.7,7,1,0,0,0,qwen3-vl-32b-awq,"{""count"": 7}"
0000314_01000_d_0000144,visdrone,0,9,1360,765,1360,765,1040400,115600.0,8,1,0,0,0,qwen3-vl-32b-awq,"{""count"": 8}"
0000314_00000_d_0000142,visdrone,800000,14,1360,765,1176,644,757344,54096.0,10,1,0,0,0,qwen3-vl-32b-awq,"{""count"": 10}"
0000314_00000_d_0000142,visdrone,200000,14,1360,765,588,308,181104,12936.0,10,1,0,0,0,qwen3-vl-32b-awq,"{""count"": 10}"
0000314_01000_d_0000144,visdrone,400000,9,1360,765,840,448,376320,41813.3,7,1,0,0,0,qwen3-vl-32b-awq,"{""count"": 7}"
0000314_01000_d_0000144,visdrone,800000,9,1360,765,1176,644,757344,84149.3,9,1,0,0,0,qwen3-vl-32b-awq,"{""count"": 9}"
0000320_00450_d_0000005,visdrone,800000,4,1360,765,1176,644,757344,189336.0,3,1,0,0,0,qwen3-vl-32b-awq,"{""count"": 3}"
0000320_00450_d_0000005,visdrone,0,4,1360,765,1360,765,1040400,260100.0,3,1,0,0,0,qwen3-vl-32b-awq,"{""count"": 3}"
0000320_00450_d_0000005,visdrone,400000,4,1360,765,840,448,376320,94080.0,3,1,0,0,0,qwen3-vl-32b-awq,"{""count"": 3}"
0000320_00450_d_0000005,visdrone,1048576,4,1360,765,1360,765,1040400,260100.0,3,1,0,0,0,qwen3-vl-32b-awq,"{""count"": 3}"
0000320_00450_d_0000005,visdrone,200000,4,1360,765,588,308,181104,45276.0,3,1,0,0,0,qwen3-vl-32b-awq,"{""count"": 3}"
0000320_01200_d_0000010,visdrone,1048576,40,1360,765,1360,765,1040400,26010.0,24,1,0,0,0,qwen3-vl-32b-awq,"{""count"": 24}"
0000320_01200_d_0000010,visdrone,800000,40,1360,765,1176,644,757344,18933.6,24,1,0,0,0,qwen3-vl-32b-awq,"{""count"": 24}"
0000320_01200_d_0000010,visdrone,0,40,1360,765,1360,765,1040400,26010.0,24,1,0,0,0,qwen3-vl-32b-awq,"{""count"": 24}"
0000320_01200_d_0000010,visdrone,200000,40,1360,765,588,308,181104,4527.6,20,1,0,0,0,qwen3-vl-32b-awq,"{""count"": 20}"
0000320_01200_d_0000010,visdrone,400000,40,1360,765,840,448,376320,9408.0,20,1,0,0,0,qwen3-vl-32b-awq,"{""count"": 20}"
0000320_04375_d_0000014,visdrone,0,11,1360,765,1360,765,1040400,94581.8,10,1,0,0,0,qwen3-vl-32b-awq,"{""count"": 10}"
0000320_04375_d_0000014,visdrone,200000,11,1360,765,588,308,181104,16464.0,5,1,0,0,0,qwen3-vl-32b-awq,"{""count"": 5}"
0000320_04375_d_0000014,visdrone,1048576,11,1360,765,1360,765,1040400,94581.8,10,1,0,0,0,qwen3-vl-32b-awq,"{""count"": 10}"
0000320_04375_d_0000014,visdrone,800000,11,1360,765,1176,644,757344,68849.5,10,1,0,0,0,qwen3-vl-32b-awq,"{""count"": 10}"
0000328_00300_d_0000020,visdrone,0,21,1360,765,1360,765,1040400,49542.9,10,1,0,0,0,qwen3-vl-32b-awq,"{""count"": 10}"
0000328_00300_d_0000020,visdrone,200000,21,1360,765,588,308,181104,8624.0,2,1,0,0,0,qwen3-vl-32b-awq,"{""count"": 2}"
0000328_00300_d_0000020,visdrone,800000,21,1360,765,1176,644,757344,36064.0,1,1,0,0,0,qwen3-vl-32b-awq,"{""count"": 1}"
0000328_00300_d_0000020,visdrone,1048576,21,1360,765,1360,765,1040400,49542.9,10,1,0,0,0,qwen3-vl-32b-awq,"{""count"": 10}"
0000320_04375_d_0000014,visdrone,400000,11,1360,765,840,448,376320,34210.9,10,1,0,0,0,qwen3-vl-32b-awq,"{""count"": 10}"
0000328_00300_d_0000020,visdrone,400000,21,1360,765,840,448,376320,17920.0,3,1,0,0,0,qwen3-vl-32b-awq,"{""count"": 3}"
0000328_00600_d_0000022,visdrone,400000,23,1360,765,840,448,376320,16361.7,10,1,0,0,0,qwen3-vl-32b-awq,"{""count"": 10}"
0000328_00600_d_0000022,visdrone,0,23,1360,765,1360,765,1040400,45234.8,10,1,0,0,0,qwen3-vl-32b-awq,"{""count"": 10}"
0000328_00600_d_0000022,visdrone,200000,23,1360,765,588,308,181104,7874.1,5,1,0,0,0,qwen3-vl-32b-awq,"{""count"": 5}"
0000328_00600_d_0000022,visdrone,1048576,23,1360,765,1360,765,1040400,45234.8,10,1,0,0,0,qwen3-vl-32b-awq,"{""count"": 10}"
0000328_00600_d_0000022,visdrone,800000,23,1360,765,1176,644,757344,32928.0,10,1,0,0,0,qwen3-vl-32b-awq,"{""count"": 10}"
0000328_01050_d_0000025,visdrone,0,18,1360,765,1360,765,1040400,57800.0,10,1,0,0,0,qwen3-vl-32b-awq,"{""count"": 10}"
0000328_01050_d_0000025,visdrone,200000,18,1360,765,588,308,181104,10061.3,3,1,0,0,0,qwen3-vl-32b-awq,"{""count"": 3}"
0000328_01050_d_0000025,visdrone,1048576,18,1360,765,1360,765,1040400,57800.0,10,1,0,0,0,qwen3-vl-32b-awq,"{""count"": 10}"
0000328_01050_d_0000025,visdrone,400000,18,1360,765,840,448,376320,20906.7,10,1,0,0,0,qwen3-vl-32b-awq,"{""count"": 10}"
0000328_01050_d_0000025,visdrone,800000,18,1360,765,1176,644,757344,42074.7,10,1,0,0,0,qwen3-vl-32b-awq,"{""count"": 10}"
0000337_00500_d_0000037,visdrone,200000,5,1360,765,588,308,181104,36220.8,0,1,1,0,0,qwen3-vl-32b-awq,"{""count"": 0}"
0000337_00500_d_0000037,visdrone,400000,5,1360,765,840,448,376320,75264.0,20,1,0,0,0,qwen3-vl-32b-awq,"{""count"": 20}"
0000337_00500_d_0000037,visdrone,0,5,1360,765,1360,765,1040400,208080.0,10,1,0,0,0,qwen3-vl-32b-awq,"{""count"": 10}"
0000337_00500_d_0000037,visdrone,800000,5,1360,765,1176,644,757344,151468.8,10,1,0,0,0,qwen3-vl-32b-awq,"{""count"": 10}"
0000337_00500_d_0000037,visdrone,1048576,5,1360,765,1360,765,1040400,208080.0,10,1,0,0,0,qwen3-vl-32b-awq,"{""count"": 10}"
0000337_01000_d_0000038,visdrone,0,8,1360,765,1360,765,1040400,130050.0,20,1,0,0,0,qwen3-vl-32b-awq,"{""count"": 20}"
0000337_01000_d_0000038,visdrone,200000,8,1360,765,588,308,181104,22638.0,0,1,1,0,0,qwen3-vl-32b-awq,"{""count"": 0}"
0000337_01000_d_0000038,visdrone,1048576,8,1360,765,1360,765,1040400,130050.0,20,1,0,0,0,qwen3-vl-32b-awq,"{""count"": 20}"
0000337_01000_d_0000038,visdrone,400000,8,1360,765,840,448,376320,47040.0,0,1,1,0,0,qwen3-vl-32b-awq,"{""count"": 0}"
0000337_01000_d_0000038,visdrone,800000,8,1360,765,1176,644,757344,94668.0,20,1,0,0,0,qwen3-vl-32b-awq,"{""count"": 20}"
0000337_01500_d_0000039,visdrone,0,18,1360,765,1360,765,1040400,57800.0,10,1,0,0,0,qwen3-vl-32b-awq,"{""count"": 10}"
0000337_01500_d_0000039,visdrone,200000,18,1360,765,588,308,181104,10061.3,0,1,1,0,0,qwen3-vl-32b-awq,"{""count"": 0}"
0000337_01500_d_0000039,visdrone,400000,18,1360,765,840,448,376320,20906.7,10,1,0,0,0,qwen3-vl-32b-awq,"{""count"": 10}"
0000337_01500_d_0000039,visdrone,1048576,18,1360,765,1360,765,1040400,57800.0,10,1,0,0,0,qwen3-vl-32b-awq,"{""count"": 10}"
0000337_01500_d_0000039,visdrone,800000,18,1360,765,1176,644,757344,42074.7,14,1,0,0,0,qwen3-vl-32b-awq,"{""count"": 14}"
0000337_02500_d_0000041,visdrone,400000,13,1360,765,840,448,376320,28947.7,0,1,1,0,0,qwen3-vl-32b-awq,"{""count"": 0}"
0000337_02500_d_0000041,visdrone,0,13,1360,765,1360,765,1040400,80030.8,20,1,0,0,0,qwen3-vl-32b-awq,"{""count"": 20}"
0000337_02500_d_0000041,visdrone,200000,13,1360,765,588,308,181104,13931.1,10,1,0,0,0,qwen3-vl-32b-awq,"{""count"": 10}"
0000337_02500_d_0000041,visdrone,800000,13,1360,765,1176,644,757344,58257.2,18,1,0,0,0,qwen3-vl-32b-awq,"{""count"": 18}"
0000337_03000_d_0000042,visdrone,0,15,1360,765,1360,765,1040400,69360.0,10,1,0,0,0,qwen3-vl-32b-awq,"{""count"": 10}"
0000337_02500_d_0000041,visdrone,1048576,13,1360,765,1360,765,1040400,80030.8,20,1,0,0,0,qwen3-vl-32b-awq,"{""count"": 20}"
0000337_03000_d_0000042,visdrone,1048576,15,1360,765,1360,765,1040400,69360.0,10,1,0,0,0,qwen3-vl-32b-awq,"{""count"": 10}"
0000337_03000_d_0000042,visdrone,200000,15,1360,765,588,308,181104,12073.6,0,1,1,0,0,qwen3-vl-32b-awq,"{""count"": 0}"
0000337_03500_d_0000043,visdrone,1048576,6,1360,765,1360,765,1040400,173400.0,0,1,1,0,0,qwen3-vl-32b-awq,"{""count"": 0}"
0000337_03500_d_0000043,visdrone,0,6,1360,765,1360,765,1040400,173400.0,0,1,1,0,0,qwen3-vl-32b-awq,"{""count"": 0}"
0000337_03000_d_0000042,visdrone,800000,15,1360,765,1176,644,757344,50489.6,10,1,0,0,0,qwen3-vl-32b-awq,"{""count"": 10}"
0000337_03000_d_0000042,visdrone,400000,15,1360,765,840,448,376320,25088.0,10,1,0,0,0,qwen3-vl-32b-awq,"{""count"": 10}"
0000337_03500_d_0000043,visdrone,800000,6,1360,765,1176,644,757344,126224.0,0,1,1,0,0,qwen3-vl-32b-awq,"{""count"": 0}"
0000337_04000_d_0000044,visdrone,0,2,1360,765,1360,765,1040400,520200.0,0,1,1,0,0,qwen3-vl-32b-awq,"{""count"": 0}"
0000337_03500_d_0000043,visdrone,200000,6,1360,765,588,308,181104,30184.0,0,1,1,0,0,qwen3-vl-32b-awq,"{""count"": 0}"
0000337_04000_d_0000044,visdrone,1048576,2,1360,765,1360,765,1040400,520200.0,0,1,1,0,0,qwen3-vl-32b-awq,"{""count"": 0}"
0000337_04000_d_0000044,visdrone,400000,2,1360,765,840,448,376320,188160.0,0,1,1,0,0,qwen3-vl-32b-awq,"{""count"": 0}"
0000337_04000_d_0000044,visdrone,200000,2,1360,765,588,308,181104,90552.0,0,1,1,0,0,qwen3-vl-32b-awq,"{""count"": 0}"
0000337_03500_d_0000043,visdrone,400000,6,1360,765,840,448,376320,62720.0,10,1,0,0,0,qwen3-vl-32b-awq,"{""count"": 10}"
0000337_04000_d_0000044,visdrone,800000,2,1360,765,1176,644,757344,378672.0,0,1,1,0,0,qwen3-vl-32b-awq,"{""count"": 0}"
0000347_00800_d_0000049,visdrone,0,18,1360,765,1360,765,1040400,57800.0,7,1,0,0,0,qwen3-vl-32b-awq,"{""count"": 7}"
0000347_00800_d_0000049,visdrone,800000,18,1360,765,1176,644,757344,42074.7,8,1,0,0,0,qwen3-vl-32b-awq,"{""count"": 8}"
0000347_00800_d_0000049,visdrone,200000,18,1360,765,588,308,181104,10061.3,5,1,0,0,0,qwen3-vl-32b-awq,"{""count"": 5}"
0000347_00800_d_0000049,visdrone,400000,18,1360,765,840,448,376320,20906.7,6,1,0,0,0,qwen3-vl-32b-awq,"{""count"": 6}"
0000347_00800_d_0000049,visdrone,1048576,18,1360,765,1360,765,1040400,57800.0,7,1,0,0,0,qwen3-vl-32b-awq,"{""count"": 7}"
0000353_00500_d_0000189,visdrone,0,17,1360,765,1360,765,1040400,61200.0,10,1,0,0,0,qwen3-vl-32b-awq,"{""count"": 10}"
0000353_00500_d_0000189,visdrone,200000,17,1360,765,588,308,181104,10653.2,0,1,1,0,0,qwen3-vl-32b-awq,"{""count"": 0}"
0000353_00500_d_0000189,visdrone,1048576,17,1360,765,1360,765,1040400,61200.0,10,1,0,0,0,qwen3-vl-32b-awq,"{""count"": 10}"
0000353_00500_d_0000189,visdrone,800000,17,1360,765,1176,644,757344,44549.6,10,1,0,0,0,qwen3-vl-32b-awq,"{""count"": 10}"
0000353_01000_d_0000190,visdrone,0,30,1360,765,1360,765,1040400,34680.0,15,1,0,0,0,qwen3-vl-32b-awq,"{""count"": 15}"
0000353_00500_d_0000189,visdrone,400000,17,1360,765,840,448,376320,22136.5,5,1,0,0,0,qwen3-vl-32b-awq,"{""count"": 5}"
0000353_01000_d_0000190,visdrone,200000,30,1360,765,588,308,181104,6036.8,10,1,0,0,0,qwen3-vl-32b-awq,"{""count"": 10}"
0000353_01000_d_0000190,visdrone,400000,30,1360,765,840,448,376320,12544.0,14,1,0,0,0,qwen3-vl-32b-awq,"{""count"": 14}"
0000353_01000_d_0000190,visdrone,1048576,30,1360,765,1360,765,1040400,34680.0,15,1,0,0,0,qwen3-vl-32b-awq,"{""count"": 15}"
0000353_01000_d_0000190,visdrone,800000,30,1360,765,1176,644,757344,25244.8,15,1,0,0,0,qwen3-vl-32b-awq,"{""count"": 15}"
0000353_01500_d_0000191,visdrone,400000,24,1360,765,840,448,376320,15680.0,10,1,0,0,0,qwen3-vl-32b-awq,"{""count"": 10}"
0000353_01500_d_0000191,visdrone,1048576,24,1360,765,1360,765,1040400,43350.0,14,1,0,0,0,qwen3-vl-32b-awq,"{""count"": 14}"
0000353_01500_d_0000191,visdrone,0,24,1360,765,1360,765,1040400,43350.0,14,1,0,0,0,qwen3-vl-32b-awq,"{""count"": 14}"
0000353_01500_d_0000191,visdrone,800000,24,1360,765,1176,644,757344,31556.0,10,1,0,0,0,qwen3-vl-32b-awq,"{""count"": 10}"
0000353_05500_d_0000199,visdrone,0,8,1360,765,1360,765,1040400,130050.0,0,1,1,0,0,qwen3-vl-32b-awq,"{""count"": 0}"
0000353_05500_d_0000199,visdrone,200000,8,1360,765,588,308,181104,22638.0,0,1,1,0,0,qwen3-vl-32b-awq,"{""count"": 0}"
0000353_05500_d_0000199,visdrone,1048576,8,1360,765,1360,765,1040400,130050.0,0,1,1,0,0,qwen3-vl-32b-awq,"{""count"": 0}"
0000353_05500_d_0000199,visdrone,800000,8,1360,765,1176,644,757344,94668.0,0,1,1,0,0,qwen3-vl-32b-awq,"{""count"": 0}"
0000353_01500_d_0000191,visdrone,200000,24,1360,765,588,308,181104,7546.0,10,1,0,0,0,qwen3-vl-32b-awq,"{""count"": 10}"
0000353_05500_d_0000199,visdrone,400000,8,1360,765,840,448,376320,47040.0,0,1,1,0,0,qwen3-vl-32b-awq,"{""count"": 0}"
0000355_00000_d_0000206,visdrone,400000,8,1360,765,840,448,376320,47040.0,1,1,0,0,0,qwen3-vl-32b-awq,"{""count"": 1}"
0000355_00000_d_0000206,visdrone,0,8,1360,765,1360,765,1040400,130050.0,1,1,0,0,0,qwen3-vl-32b-awq,"{""count"": 1}"
0000355_00000_d_0000206,visdrone,1048576,8,1360,765,1360,765,1040400,130050.0,1,1,0,0,0,qwen3-vl-32b-awq,"{""count"": 1}"
0000355_00000_d_0000206,visdrone,800000,8,1360,765,1176,644,757344,94668.0,1,1,0,0,0,qwen3-vl-32b-awq,"{""count"": 1}"
0000355_02500_d_0000211,visdrone,0,1,1360,765,1360,765,1040400,1040400.0,0,1,1,0,0,qwen3-vl-32b-awq,"{""count"": 0}"
0000355_00000_d_0000206,visdrone,200000,8,1360,765,588,308,181104,22638.0,0,1,1,0,0,qwen3-vl-32b-awq,"{""count"": 0}"
0000355_02500_d_0000211,visdrone,200000,1,1360,765,588,308,181104,181104.0,1,1,0,0,0,qwen3-vl-32b-awq,"{""count"": 1}"
0000355_02500_d_0000211,visdrone,1048576,1,1360,765,1360,765,1040400,1040400.0,0,1,1,0,0,qwen3-vl-32b-awq,"{""count"": 0}"
0000355_02500_d_0000211,visdrone,800000,1,1360,765,1176,644,757344,757344.0,0,1,1,0,0,qwen3-vl-32b-awq,"{""count"": 0}"
0000365_00000_d_0000223,visdrone,0,38,960,540,960,540,518400,13642.1,0,1,1,0,0,qwen3-vl-32b-awq,"{""count"": 0}"
0000355_02500_d_0000211,visdrone,400000,1,1360,765,840,448,376320,376320.0,1,1,0,0,0,qwen3-vl-32b-awq,"{""count"": 1}"
0000365_00000_d_0000223,visdrone,800000,38,960,540,960,540,518400,13642.1,0,1,1,0,0,qwen3-vl-32b-awq,"{""count"": 0}"
0000365_00000_d_0000223,visdrone,1048576,38,960,540,960,540,518400,13642.1,0,1,1,0,0,qwen3-vl-32b-awq,"{""count"": 0}"
0000365_00000_d_0000223,visdrone,200000,38,960,540,588,308,181104,4765.9,0,1,1,0,0,qwen3-vl-32b-awq,"{""count"": 0}"
9999938_00000_d_0000002,visdrone,0,26,1400,788,1400,788,1103200,42430.8,10,1,0,0,0,qwen3-vl-32b-awq,"{""count"": 10}"
0000365_00000_d_0000223,visdrone,400000,38,960,540,840,448,376320,9903.2,10,1,0,0,0,qwen3-vl-32b-awq,"{""count"": 10}"
9999938_00000_d_0000002,visdrone,400000,26,1400,788,840,448,376320,14473.8,0,1,1,0,0,qwen3-vl-32b-awq,"{""count"": 0}"
9999938_00000_d_0000002,visdrone,800000,26,1400,788,1176,644,757344,29128.6,0,1,1,0,0,qwen3-vl-32b-awq,"{""count"": 0}"
9999938_00000_d_0000003,visdrone,800000,11,1400,788,1176,644,757344,68849.5,0,1,1,0,0,qwen3-vl-32b-awq,"{""count"": 0}"
9999938_00000_d_0000002,visdrone,200000,26,1400,788,588,308,181104,6965.5,0,1,1,0,0,qwen3-vl-32b-awq,"{""count"": 0}"
9999938_00000_d_0000002,visdrone,1048576,26,1400,788,1344,756,1016064,39079.4,0,1,1,0,0,qwen3-vl-32b-awq,"{""count"": 0}"
9999938_00000_d_0000003,visdrone,0,11,1400,788,1400,788,1103200,100290.9,0,1,1,0,0,qwen3-vl-32b-awq,"{""count"": 0}"
9999938_00000_d_0000003,visdrone,1048576,11,1400,788,1344,756,1016064,92369.5,0,1,1,0,0,qwen3-vl-32b-awq,"{""count"": 0}"
9999938_00000_d_0000003,visdrone,400000,11,1400,788,840,448,376320,34210.9,0,1,1,0,0,qwen3-vl-32b-awq,"{""count"": 0}"
9999938_00000_d_0000003,visdrone,200000,11,1400,788,588,308,181104,16464.0,0,1,1,0,0,qwen3-vl-32b-awq,"{""count"": 0}"
9999938_00000_d_0000010,visdrone,200000,7,1400,788,588,308,181104,25872.0,0,1,1,0,0,qwen3-vl-32b-awq,"{""count"": 0}"
9999938_00000_d_0000010,visdrone,0,7,1400,788,1400,788,1103200,157600.0,0,1,1,0,0,qwen3-vl-32b-awq,"{""count"": 0}"
9999938_00000_d_0000010,visdrone,800000,7,1400,788,1176,644,757344,108192.0,0,1,1,0,0,qwen3-vl-32b-awq,"{""count"": 0}"
9999938_00000_d_0000018,visdrone,200000,6,1400,788,588,308,181104,30184.0,0,1,1,0,0,qwen3-vl-32b-awq,"{""count"": 0}"
9999938_00000_d_0000010,visdrone,1048576,7,1400,788,1344,756,1016064,145152.0,0,1,1,0,0,qwen3-vl-32b-awq,"{""count"": 0}"
9999938_00000_d_0000030,visdrone,200000,4,1400,788,588,308,181104,45276.0,0,1,1,0,0,qwen3-vl-32b-awq,"{""count"": 0}"
9999938_00000_d_0000018,visdrone,400000,6,1400,788,840,448,376320,62720.0,0,1,1,0,0,qwen3-vl-32b-awq,"{""count"": 0}"
9999938_00000_d_0000010,visdrone,400000,7,1400,788,840,448,376320,53760.0,0,1,1,0,0,qwen3-vl-32b-awq,"{""count"": 0}"
9999938_00000_d_0000018,visdrone,0,6,1400,788,1400,788,1103200,183866.7,0,1,1,0,0,qwen3-vl-32b-awq,"{""count"": 0}"
9999938_00000_d_0000018,visdrone,800000,6,1400,788,1176,644,757344,126224.0,0,1,1,0,0,qwen3-vl-32b-awq,"{""count"": 0}"
9999938_00000_d_0000031,visdrone,200000,8,1400,788,588,308,181104,22638.0,0,1,1,0,0,qwen3-vl-32b-awq,"{""count"": 0}"
9999938_00000_d_0000018,visdrone,1048576,6,1400,788,1344,756,1016064,169344.0,0,1,1,0,0,qwen3-vl-32b-awq,"{""count"": 0}"
9999938_00000_d_0000030,visdrone,0,4,1400,788,1400,788,1103200,275800.0,0,1,1,0,0,qwen3-vl-32b-awq,"{""count"": 0}"
9999938_00000_d_0000030,visdrone,800000,4,1400,788,1176,644,757344,189336.0,0,1,1,0,0,qwen3-vl-32b-awq,"{""count"": 0}"
9999938_00000_d_0000032,visdrone,200000,12,1400,788,588,308,181104,15092.0,0,1,1,0,0,qwen3-vl-32b-awq,"{""count"": 0}"
9999938_00000_d_0000030,visdrone,1048576,4,1400,788,1344,756,1016064,254016.0,0,1,1,0,0,qwen3-vl-32b-awq,"{""count"": 0}"
9999938_00000_d_0000031,visdrone,0,8,1400,788,1400,788,1103200,137900.0,0,1,1,0,0,qwen3-vl-32b-awq,"{""count"": 0}"
9999938_00000_d_0000031,visdrone,400000,8,1400,788,840,448,376320,47040.0,0,1,1,0,0,qwen3-vl-32b-awq,"{""count"": 0}"
9999938_00000_d_0000030,visdrone,400000,4,1400,788,840,448,376320,94080.0,0,1,1,0,0,qwen3-vl-32b-awq,"{""count"": 0}"
9999938_00000_d_0000034,visdrone,200000,9,1400,788,588,308,181104,20122.7,0,1,1,0,0,qwen3-vl-32b-awq,"{""count"": 0}"
9999938_00000_d_0000032,visdrone,400000,12,1400,788,840,448,376320,31360.0,0,1,1,0,0,qwen3-vl-32b-awq,"{""count"": 0}"
9999938_00000_d_0000031,visdrone,800000,8,1400,788,1176,644,757344,94668.0,0,1,1,0,0,qwen3-vl-32b-awq,"{""count"": 0}"
9999938_00000_d_0000032,visdrone,800000,12,1400,788,1176,644,757344,63112.0,0,1,1,0,0,qwen3-vl-32b-awq,"{""count"": 0}"
9999938_00000_d_0000036,visdrone,200000,13,1400,788,588,308,181104,13931.1,0,1,1,0,0,qwen3-vl-32b-awq,"{""count"": 0}"
9999938_00000_d_0000031,visdrone,1048576,8,1400,788,1344,756,1016064,127008.0,0,1,1,0,0,qwen3-vl-32b-awq,"{""count"": 0}"
9999938_00000_d_0000034,visdrone,800000,9,1400,788,1176,644,757344,84149.3,0,1,1,0,0,qwen3-vl-32b-awq,"{""count"": 0}"
9999938_00000_d_0000032,visdrone,0,12,1400,788,1400,788,1103200,91933.3,0,1,1,0,0,qwen3-vl-32b-awq,"{""count"": 0}"
9999938_00000_d_0000032,visdrone,1048576,12,1400,788,1344,756,1016064,84672.0,0,1,1,0,0,qwen3-vl-32b-awq,"{""count"": 0}"
9999938_00000_d_0000034,visdrone,0,9,1400,788,1400,788,1103200,122577.8,0,1,1,0,0,qwen3-vl-32b-awq,"{""count"": 0}"
9999938_00000_d_0000034,visdrone,1048576,9,1400,788,1344,756,1016064,112896.0,0,1,1,0,0,qwen3-vl-32b-awq,"{""count"": 0}"
9999938_00000_d_0000034,visdrone,400000,9,1400,788,840,448,376320,41813.3,0,1,1,0,0,qwen3-vl-32b-awq,"{""count"": 0}"
9999938_00000_d_0000040,visdrone,200000,12,1400,788,588,308,181104,15092.0,0,1,1,0,0,qwen3-vl-32b-awq,"{""count"": 0}"
9999938_00000_d_0000036,visdrone,400000,13,1400,788,840,448,376320,28947.7,0,1,1,0,0,qwen3-vl-32b-awq,"{""count"": 0}"
9999938_00000_d_0000036,visdrone,0,13,1400,788,1400,788,1103200,84861.5,0,1,1,0,0,qwen3-vl-32b-awq,"{""count"": 0}"
9999938_00000_d_0000036,visdrone,1048576,13,1400,788,1344,756,1016064,78158.8,0,1,1,0,0,qwen3-vl-32b-awq,"{""count"": 0}"
9999938_00000_d_0000036,visdrone,800000,13,1400,788,1176,644,757344,58257.2,0,1,1,0,0,qwen3-vl-32b-awq,"{""count"": 0}"
9999938_00000_d_0000048,visdrone,200000,10,1400,788,588,308,181104,18110.4,0,1,1,0,0,qwen3-vl-32b-awq,"{""count"": 0}"
9999938_00000_d_0000040,visdrone,0,12,1400,788,1400,788,1103200,91933.3,0,1,1,0,0,qwen3-vl-32b-awq,"{""count"": 0}"
9999938_00000_d_0000040,visdrone,1048576,12,1400,788,1344,756,1016064,84672.0,0,1,1,0,0,qwen3-vl-32b-awq,"{""count"": 0}"
9999938_00000_d_0000040,visdrone,400000,12,1400,788,840,448,376320,31360.0,0,1,1,0,0,qwen3-vl-32b-awq,"{""count"": 0}"
9999938_00000_d_0000050,visdrone,200000,6,1400,788,588,308,181104,30184.0,0,1,1,0,0,qwen3-vl-32b-awq,"{""count"": 0}"
9999938_00000_d_0000048,visdrone,400000,10,1400,788,840,448,376320,37632.0,0,1,1,0,0,qwen3-vl-32b-awq,"{""count"": 0}"
9999938_00000_d_0000040,visdrone,800000,12,1400,788,1176,644,757344,63112.0,0,1,1,0,0,qwen3-vl-32b-awq,"{""count"": 0}"
9999938_00000_d_0000050,visdrone,400000,6,1400,788,840,448,376320,62720.0,0,1,1,0,0,qwen3-vl-32b-awq,"{""count"": 0}"
9999938_00000_d_0000048,visdrone,800000,10,1400,788,1176,644,757344,75734.4,0,1,1,0,0,qwen3-vl-32b-awq,"{""count"": 0}"
9999938_00000_d_0000048,visdrone,0,10,1400,788,1400,788,1103200,110320.0,0,1,1,0,0,qwen3-vl-32b-awq,"{""count"": 0}"
9999938_00000_d_0000053,visdrone,200000,18,1400,788,588,308,181104,10061.3,0,1,1,0,0,qwen3-vl-32b-awq,"{""count"": 0}"
9999938_00000_d_0000050,visdrone,800000,6,1400,788,1176,644,757344,126224.0,0,1,1,0,0,qwen3-vl-32b-awq,"{""count"": 0}"
9999938_00000_d_0000048,visdrone,1048576,10,1400,788,1344,756,1016064,101606.4,0,1,1,0,0,qwen3-vl-32b-awq,"{""count"": 0}"
9999938_00000_d_0000050,visdrone,0,6,1400,788,1400,788,1103200,183866.7,0,1,1,0,0,qwen3-vl-32b-awq,"{""count"": 0}"
9999938_00000_d_0000050,visdrone,1048576,6,1400,788,1344,756,1016064,169344.0,0,1,1,0,0,qwen3-vl-32b-awq,"{""count"": 0}"
9999938_00000_d_0000053,visdrone,0,18,1400,788,1400,788,1103200,61288.9,0,1,1,0,0,qwen3-vl-32b-awq,"{""count"": 0}"
9999938_00000_d_0000053,visdrone,1048576,18,1400,788,1344,756,1016064,56448.0,0,1,1,0,0,qwen3-vl-32b-awq,"{""count"": 0}"
9999938_00000_d_0000053,visdrone,800000,18,1400,788,1176,644,757344,42074.7,0,1,1,0,0,qwen3-vl-32b-awq,"{""count"": 0}"
9999938_00000_d_0000055,visdrone,200000,5,1400,788,588,308,181104,36220.8,0,1,1,0,0,qwen3-vl-32b-awq,"{""count"": 0}"
9999938_00000_d_0000053,visdrone,400000,18,1400,788,840,448,376320,20906.7,0,1,1,0,0,qwen3-vl-32b-awq,"{""count"": 0}"
9999938_00000_d_0000055,visdrone,800000,5,1400,788,1176,644,757344,151468.8,0,1,1,0,0,qwen3-vl-32b-awq,"{""count"": 0}"
9999938_00000_d_0000059,visdrone,200000,15,1400,788,588,308,181104,12073.6,0,1,1,0,0,qwen3-vl-32b-awq,"{""count"": 0}"
9999938_00000_d_0000059,visdrone,400000,15,1400,788,840,448,376320,25088.0,0,1,1,0,0,qwen3-vl-32b-awq,"{""count"": 0}"
9999938_00000_d_0000055,visdrone,400000,5,1400,788,840,448,376320,75264.0,0,1,1,0,0,qwen3-vl-32b-awq,"{""count"": 0}"
9999938_00000_d_0000055,visdrone,0,5,1400,788,1400,788,1103200,220640.0,0,1,1,0,0,qwen3-vl-32b-awq,"{""count"": 0}"
9999938_00000_d_0000055,visdrone,1048576,5,1400,788,1344,756,1016064,203212.8,0,1,1,0,0,qwen3-vl-32b-awq,"{""count"": 0}"
9999938_00000_d_0000059,visdrone,0,15,1400,788,1400,788,1103200,73546.7,0,1,1,0,0,qwen3-vl-32b-awq,"{""count"": 0}"
9999938_00000_d_0000059,visdrone,1048576,15,1400,788,1344,756,1016064,67737.6,0,1,1,0,0,qwen3-vl-32b-awq,"{""count"": 0}"
9999938_00000_d_0000059,visdrone,800000,15,1400,788,1176,644,757344,50489.6,0,1,1,0,0,qwen3-vl-32b-awq,"{""count"": 0}"
9999938_00000_d_0000070,visdrone,200000,4,1400,788,588,308,181104,45276.0,0,1,1,0,0,qwen3-vl-32b-awq,"{""count"": 0}"
9999938_00000_d_0000070,visdrone,0,4,1400,788,1400,788,1103200,275800.0,0,1,1,0,0,qwen3-vl-32b-awq,"{""count"": 0}"
9999938_00000_d_0000073,visdrone,200000,54,1400,788,588,308,181104,3353.8,0,1,1,0,0,qwen3-vl-32b-awq,"{""count"": 0}"
9999938_00000_d_0000070,visdrone,800000,4,1400,788,1176,644,757344,189336.0,0,1,1,0,0,qwen3-vl-32b-awq,"{""count"": 0}"
9999938_00000_d_0000070,visdrone,1048576,4,1400,788,1344,756,1016064,254016.0,0,1,1,0,0,qwen3-vl-32b-awq,"{""count"": 0}"
9999938_00000_d_0000070,visdrone,400000,4,1400,788,840,448,376320,94080.0,0,1,1,0,0,qwen3-vl-32b-awq,"{""count"": 0}"
9999938_00000_d_0000074,visdrone,200000,40,1400,788,588,308,181104,4527.6,0,1,1,0,0,qwen3-vl-32b-awq,"{""count"": 0}"
9999938_00000_d_0000073,visdrone,400000,54,1400,788,840,448,376320,6968.9,0,1,1,0,0,qwen3-vl-32b-awq,"{""count"": 0}"
9999938_00000_d_0000080,visdrone,200000,89,1400,788,588,308,181104,2034.9,0,1,1,0,0,qwen3-vl-32b-awq,"{""count"": 0}"
9999938_00000_d_0000073,visdrone,0,54,1400,788,1400,788,1103200,20429.6,30,1,0,0,0,qwen3-vl-32b-awq,"{""count"": 30}"
9999938_00000_d_0000073,visdrone,800000,54,1400,788,1176,644,757344,14024.9,0,1,1,0,0,qwen3-vl-32b-awq,"{""count"": 0}"
9999938_00000_d_0000073,visdrone,1048576,54,1400,788,1344,756,1016064,18816.0,0,1,1,0,0,qwen3-vl-32b-awq,"{""count"": 0}"
9999938_00000_d_0000074,visdrone,0,40,1400,788,1400,788,1103200,27580.0,24,1,0,0,0,qwen3-vl-32b-awq,"{""count"": 24}"
9999938_00000_d_0000082,visdrone,200000,53,1400,788,588,308,181104,3417.1,0,1,1,0,0,qwen3-vl-32b-awq,"{""count"": 0}"
9999938_00000_d_0000080,visdrone,400000,89,1400,788,840,448,376320,4228.3,0,1,1,0,0,qwen3-vl-32b-awq,"{""count"": 0}"
9999938_00000_d_0000074,visdrone,1048576,40,1400,788,1344,756,1016064,25401.6,24,1,0,0,0,qwen3-vl-32b-awq,"{""count"": 24}"
9999938_00000_d_0000074,visdrone,400000,40,1400,788,840,448,376320,9408.0,18,1,0,0,0,qwen3-vl-32b-awq,"{""count"": 18}"
9999938_00000_d_0000082,visdrone,400000,53,1400,788,840,448,376320,7100.4,0,1,1,0,0,qwen3-vl-32b-awq,"{""count"": 0}"
9999938_00000_d_0000074,visdrone,800000,40,1400,788,1176,644,757344,18933.6,24,1,0,0,0,qwen3-vl-32b-awq,"{""count"": 24}"
9999938_00000_d_0000080,visdrone,800000,89,1400,788,1176,644,757344,8509.5,0,1,1,0,0,qwen3-vl-32b-awq,"{""count"": 0}"
9999938_00000_d_0000080,visdrone,0,89,1400,788,1400,788,1103200,12395.5,0,1,1,0,0,qwen3-vl-32b-awq,"{""count"": 0}"
9999938_00000_d_0000083,visdrone,200000,27,1400,788,588,308,181104,6707.6,10,1,0,0,0,qwen3-vl-32b-awq,"{""count"": 10}"
9999938_00000_d_0000082,visdrone,800000,53,1400,788,1176,644,757344,14289.5,0,1,1,0,0,qwen3-vl-32b-awq,"{""count"": 0}"
9999938_00000_d_0000089,visdrone,200000,42,1400,788,588,308,181104,4312.0,0,1,1,0,0,qwen3-vl-32b-awq,"{""count"": 0}"
9999938_00000_d_0000080,visdrone,1048576,89,1400,788,1344,756,1016064,11416.4,0,1,1,0,0,qwen3-vl-32b-awq,"{""count"": 0}"
9999938_00000_d_0000083,visdrone,800000,27,1400,788,1176,644,757344,28049.8,18,1,0,0,0,qwen3-vl-32b-awq,"{""count"": 18}"
9999938_00000_d_0000082,visdrone,0,53,1400,788,1400,788,1103200,20815.1,0,1,1,0,0,qwen3-vl-32b-awq,"{""count"": 0}"
9999938_00000_d_0000082,visdrone,1048576,53,1400,788,1344,756,1016064,19171.0,10,1,0,0,0,qwen3-vl-32b-awq,"{""count"": 10}"
9999938_00000_d_0000083,visdrone,0,27,1400,788,1400,788,1103200,40859.3,18,1,0,0,0,qwen3-vl-32b-awq,"{""count"": 18}"
9999938_00000_d_0000083,visdrone,1048576,27,1400,788,1344,756,1016064,37632.0,18,1,0,0,0,qwen3-vl-32b-awq,"{""count"": 18}"
9999938_00000_d_0000093,visdrone,200000,13,1400,788,588,308,181104,13931.1,0,1,1,0,0,qwen3-vl-32b-awq,"{""count"": 0}"
9999938_00000_d_0000089,visdrone,400000,42,1400,788,840,448,376320,8960.0,0,1,1,0,0,qwen3-vl-32b-awq,"{""count"": 0}"
9999938_00000_d_0000083,visdrone,400000,27,1400,788,840,448,376320,13937.8,14,1,0,0,0,qwen3-vl-32b-awq,"{""count"": 14}"
9999938_00000_d_0000089,visdrone,0,42,1400,788,1400,788,1103200,26266.7,14,1,0,0,0,qwen3-vl-32b-awq,"{""count"": 14}"
9999938_00000_d_0000099,visdrone,200000,85,1400,788,588,308,181104,2130.6,0,1,1,0,0,qwen3-vl-32b-awq,"{""count"": 0}"
9999938_00000_d_0000089,visdrone,1048576,42,1400,788,1344,756,1016064,24192.0,14,1,0,0,0,qwen3-vl-32b-awq,"{""count"": 14}"
9999938_00000_d_0000089,visdrone,800000,42,1400,788,1176,644,757344,18032.0,10,1,0,0,0,qwen3-vl-32b-awq,"{""count"": 10}"
9999938_00000_d_0000093,visdrone,0,13,1400,788,1400,788,1103200,84861.5,0,1,1,0,0,qwen3-vl-32b-awq,"{""count"": 0}"
9999938_00000_d_0000093,visdrone,1048576,13,1400,788,1344,756,1016064,78158.8,0,1,1,0,0,qwen3-vl-32b-awq,"{""count"": 0}"
9999938_00000_d_0000093,visdrone,400000,13,1400,788,840,448,376320,28947.7,0,1,1,0,0,qwen3-vl-32b-awq,"{""count"": 0}"
9999938_00000_d_0000100,visdrone,200000,64,1400,788,588,308,181104,2829.8,0,1,1,0,0,qwen3-vl-32b-awq,"{""count"": 0}"
9999938_00000_d_0000093,visdrone,800000,13,1400,788,1176,644,757344,58257.2,0,1,1,0,0,qwen3-vl-32b-awq,"{""count"": 0}"
9999938_00000_d_0000099,visdrone,400000,85,1400,788,840,448,376320,4427.3,10,1,0,0,0,qwen3-vl-32b-awq,"{""count"": 10}"
9999938_00000_d_0000100,visdrone,400000,64,1400,788,840,448,376320,5880.0,10,1,0,0,0,qwen3-vl-32b-awq,"{""count"": 10}"
9999938_00000_d_0000099,visdrone,0,85,1400,788,1400,788,1103200,12978.8,0,1,1,0,0,qwen3-vl-32b-awq,"{""count"": 0}"
9999938_00000_d_0000099,visdrone,800000,85,1400,788,1176,644,757344,8909.9,28,1,0,0,0,qwen3-vl-32b-awq,"{""count"": 28}"
9999938_00000_d_0000102,visdrone,200000,12,1400,788,588,308,181104,15092.0,0,1,1,0,0,qwen3-vl-32b-awq,"{""count"": 0}"
9999938_00000_d_0000100,visdrone,800000,64,1400,788,1176,644,757344,11833.5,15,1,0,0,0,qwen3-vl-32b-awq,"{""count"": 15}"
9999938_00000_d_0000099,visdrone,1048576,85,1400,788,1344,756,1016064,11953.7,20,1,0,0,0,qwen3-vl-32b-awq,"{""count"": 20}"
9999938_00000_d_0000100,visdrone,0,64,1400,788,1400,788,1103200,17237.5,18,1,0,0,0,qwen3-vl-32b-awq,"{""count"": 18}"
9999938_00000_d_0000100,visdrone,1048576,64,1400,788,1344,756,1016064,15876.0,18,1,0,0,0,qwen3-vl-32b-awq,"{""count"": 18}"
9999938_00000_d_0000102,visdrone,0,12,1400,788,1400,788,1103200,91933.3,10,1,0,0,0,qwen3-vl-32b-awq,"{""count"": 10}"
9999938_00000_d_0000102,visdrone,800000,12,1400,788,1176,644,757344,63112.0,0,1,1,0,0,qwen3-vl-32b-awq,"{""count"": 0}"
9999938_00000_d_0000102,visdrone,1048576,12,1400,788,1344,756,1016064,84672.0,10,1,0,0,0,qwen3-vl-32b-awq,"{""count"": 10}"
9999938_00000_d_0000105,visdrone,200000,112,1400,788,588,308,181104,1617.0,0,1,1,0,0,qwen3-vl-32b-awq,"{""count"": 0}"
9999938_00000_d_0000105,visdrone,0,112,1400,788,1400,788,1103200,9850.0,48,1,0,0,0,qwen3-vl-32b-awq,"{""count"": 48}"
9999938_00000_d_0000102,visdrone,400000,12,1400,788,840,448,376320,31360.0,0,1,1,0,0,qwen3-vl-32b-awq,"{""count"": 0}"
9999938_00000_d_0000105,visdrone,400000,112,1400,788,840,448,376320,3360.0,38,1,0,0,0,qwen3-vl-32b-awq,"{""count"": 38}"
9999938_00000_d_0000107,visdrone,200000,146,1400,788,588,308,181104,1240.4,30,1,0,0,0,qwen3-vl-32b-awq,"{""count"": 30}"
9999938_00000_d_0000105,visdrone,1048576,112,1400,788,1344,756,1016064,9072.0,40,1,0,0,0,qwen3-vl-32b-awq,"{""count"": 40}"
9999938_00000_d_0000113,visdrone,200000,13,1400,788,588,308,181104,13931.1,0,1,1,0,0,qwen3-vl-32b-awq,"{""count"": 0}"
9999938_00000_d_0000105,visdrone,800000,112,1400,788,1176,644,757344,6762.0,48,1,0,0,0,qwen3-vl-32b-awq,"{""count"": 48}"
9999938_00000_d_0000107,visdrone,0,146,1400,788,1400,788,1103200,7556.2,0,1,1,0,0,qwen3-vl-32b-awq,"{""count"": 0}"
9999938_00000_d_0000107,visdrone,1048576,146,1400,788,1344,756,1016064,6959.3,0,1,1,0,0,qwen3-vl-32b-awq,"{""count"": 0}"
9999938_00000_d_0000107,visdrone,800000,146,1400,788,1176,644,757344,5187.3,0,1,1,0,0,qwen3-vl-32b-awq,"{""count"": 0}"
9999938_00000_d_0000121,visdrone,200000,176,1400,788,588,308,181104,1029.0,0,1,1,0,0,qwen3-vl-32b-awq,"{""count"": 0}"
9999938_00000_d_0000107,visdrone,400000,146,1400,788,840,448,376320,2577.5,0,1,1,0,0,qwen3-vl-32b-awq,"{""count"": 0}"
9999938_00000_d_0000113,visdrone,800000,13,1400,788,1176,644,757344,58257.2,3,1,0,0,0,qwen3-vl-32b-awq,"{""count"": 3}"
9999938_00000_d_0000113,visdrone,400000,13,1400,788,840,448,376320,28947.7,0,1,1,0,0,qwen3-vl-32b-awq,"{""count"": 0}"
9999938_00000_d_0000113,visdrone,0,13,1400,788,1400,788,1103200,84861.5,5,1,0,0,0,qwen3-vl-32b-awq,"{""count"": 5}"
9999938_00000_d_0000121,visdrone,400000,176,1400,788,840,448,376320,2138.2,58,1,0,0,0,qwen3-vl-32b-awq,"{""count"": 58}"
9999938_00000_d_0000113,visdrone,1048576,13,1400,788,1344,756,1016064,78158.8,4,1,0,0,0,qwen3-vl-32b-awq,"{""count"": 4}"
9999938_00000_d_0000121,visdrone,0,176,1400,788,1400,788,1103200,6268.2,0,1,1,0,0,qwen3-vl-32b-awq,"{""count"": 0}"
9999938_00000_d_0000121,visdrone,1048576,176,1400,788,1344,756,1016064,5773.1,0,1,1,0,0,qwen3-vl-32b-awq,"{""count"": 0}"
9999938_00000_d_0000121,visdrone,800000,176,1400,788,1176,644,757344,4303.1,0,1,1,0,0,qwen3-vl-32b-awq,"{""count"": 0}"
9999938_00000_d_0000122,visdrone,200000,89,1400,788,588,308,181104,2034.9,10,1,0,0,0,qwen3-vl-32b-awq,"{""count"": 10}"
9999938_00000_d_0000122,visdrone,0,89,1400,788,1400,788,1103200,12395.5,35,1,0,0,0,qwen3-vl-32b-awq,"{""count"": 35}"
9999938_00000_d_0000125,visdrone,200000,117,1400,788,588,308,181104,1547.9,0,1,1,0,0,qwen3-vl-32b-awq,"{""count"": 0}"
9999938_00000_d_0000125,visdrone,400000,117,1400,788,840,448,376320,3216.4,0,1,1,0,0,qwen3-vl-32b-awq,"{""count"": 0}"
9999938_00000_d_0000122,visdrone,400000,89,1400,788,840,448,376320,4228.3,25,1,0,0,0,qwen3-vl-32b-awq,"{""count"": 25}"
9999938_00000_d_0000130,visdrone,200000,68,1400,788,588,308,181104,2663.3,0,1,1,0,0,qwen3-vl-32b-awq,"{""count"": 0}"
9999938_00000_d_0000122,visdrone,800000,89,1400,788,1176,644,757344,8509.5,30,1,0,0,0,qwen3-vl-32b-awq,"{""count"": 30}"
9999938_00000_d_0000125,visdrone,0,117,1400,788,1400,788,1103200,9429.1,0,1,1,0,0,qwen3-vl-32b-awq,"{""count"": 0}"
9999938_00000_d_0000122,visdrone,1048576,89,1400,788,1344,756,1016064,11416.4,30,1,0,0,0,qwen3-vl-32b-awq,"{""count"": 30}"
9999938_00000_d_0000135,visdrone,200000,30,1400,788,588,308,181104,6036.8,0,1,1,0,0,qwen3-vl-32b-awq,"{""count"": 0}"
9999938_00000_d_0000125,visdrone,800000,117,1400,788,1176,644,757344,6473.0,0,1,1,0,0,qwen3-vl-32b-awq,"{""count"": 0}"
9999938_00000_d_0000125,visdrone,1048576,117,1400,788,1344,756,1016064,8684.3,0,1,1,0,0,qwen3-vl-32b-awq,"{""count"": 0}"
9999938_00000_d_0000130,visdrone,0,68,1400,788,1400,788,1103200,16223.5,18,1,0,0,0,qwen3-vl-32b-awq,"{""count"": 18}"
9999938_00000_d_0000130,visdrone,1048576,68,1400,788,1344,756,1016064,14942.1,18,1,0,0,0,qwen3-vl-32b-awq,"{""count"": 18}"
9999938_00000_d_0000144,visdrone,200000,19,1400,788,588,308,181104,9531.8,0,1,1,0,0,qwen3-vl-32b-awq,"{""count"": 0}"
9999938_00000_d_0000130,visdrone,800000,68,1400,788,1176,644,757344,11137.4,18,1,0,0,0,qwen3-vl-32b-awq,"{""count"": 18}"
9999938_00000_d_0000135,visdrone,800000,30,1400,788,1176,644,757344,25244.8,0,1,1,0,0,qwen3-vl-32b-awq,"{""count"": 0}"
9999938_00000_d_0000148,visdrone,200000,18,1400,788,588,308,181104,10061.3,0,1,1,0,0,qwen3-vl-32b-awq,"{""count"": 0}"
9999938_00000_d_0000135,visdrone,400000,30,1400,788,840,448,376320,12544.0,0,1,1,0,0,qwen3-vl-32b-awq,"{""count"": 0}"
9999938_00000_d_0000130,visdrone,400000,68,1400,788,840,448,376320,5534.1,10,1,0,0,0,qwen3-vl-32b-awq,"{""count"": 10}"
9999938_00000_d_0000144,visdrone,400000,19,1400,788,840,448,376320,19806.3,0,1,1,0,0,qwen3-vl-32b-awq,"{""count"": 0}"
9999938_00000_d_0000135,visdrone,0,30,1400,788,1400,788,1103200,36773.3,0,1,1,0,0,qwen3-vl-32b-awq,"{""count"": 0}"
9999938_00000_d_0000135,visdrone,1048576,30,1400,788,1344,756,1016064,33868.8,0,1,1,0,0,qwen3-vl-32b-awq,"{""count"": 0}"
9999938_00000_d_0000144,visdrone,0,19,1400,788,1400,788,1103200,58063.2,0,1,1,0,0,qwen3-vl-32b-awq,"{""count"": 0}"
9999938_00000_d_0000144,visdrone,1048576,19,1400,788,1344,756,1016064,53477.1,0,1,1,0,0,qwen3-vl-32b-awq,"{""count"": 0}"
9999938_00000_d_0000156,visdrone,200000,11,1400,788,588,308,181104,16464.0,0,1,1,0,0,qwen3-vl-32b-awq,"{""count"": 0}"
9999938_00000_d_0000144,visdrone,800000,19,1400,788,1176,644,757344,39860.2,0,1,1,0,0,qwen3-vl-32b-awq,"{""count"": 0}"
9999938_00000_d_0000148,visdrone,0,18,1400,788,1400,788,1103200,61288.9,0,1,1,0,0,qwen3-vl-32b-awq,"{""count"": 0}"
9999938_00000_d_0000148,visdrone,800000,18,1400,788,1176,644,757344,42074.7,0,1,1,0,0,qwen3-vl-32b-awq,"{""count"": 0}"
9999938_00000_d_0000157,visdrone,200000,6,1400,788,588,308,181104,30184.0,0,1,1,0,0,qwen3-vl-32b-awq,"{""count"": 0}"
9999938_00000_d_0000148,visdrone,1048576,18,1400,788,1344,756,1016064,56448.0,0,1,1,0,0,qwen3-vl-32b-awq,"{""count"": 0}"
9999938_00000_d_0000148,visdrone,400000,18,1400,788,840,448,376320,20906.7,0,1,1,0,0,qwen3-vl-32b-awq,"{""count"": 0}"
9999938_00000_d_0000156,visdrone,400000,11,1400,788,840,448,376320,34210.9,0,1,1,0,0,qwen3-vl-32b-awq,"{""count"": 0}"
9999938_00000_d_0000164,visdrone,200000,15,1400,788,588,308,181104,12073.6,0,1,1,0,0,qwen3-vl-32b-awq,"{""count"": 0}"
9999938_00000_d_0000156,visdrone,0,11,1400,788,1400,788,1103200,100290.9,10,1,0,0,0,qwen3-vl-32b-awq,"{""count"": 10}"
9999938_00000_d_0000156,visdrone,800000,11,1400,788,1176,644,757344,68849.5,10,1,0,0,0,qwen3-vl-32b-awq,"{""count"": 10}"
9999938_00000_d_0000156,visdrone,1048576,11,1400,788,1344,756,1016064,92369.5,10,1,0,0,0,qwen3-vl-32b-awq,"{""count"": 10}"
9999938_00000_d_0000157,visdrone,1048576,6,1400,788,1344,756,1016064,169344.0,0,1,1,0,0,qwen3-vl-32b-awq,"{""count"": 0}"
9999938_00000_d_0000157,visdrone,0,6,1400,788,1400,788,1103200,183866.7,10,1,0,0,0,qwen3-vl-32b-awq,"{""count"": 10}"
9999938_00000_d_0000167,visdrone,200000,16,1400,788,588,308,181104,11319.0,0,1,1,0,0,qwen3-vl-32b-awq,"{""count"": 0}"
9999938_00000_d_0000157,visdrone,400000,6,1400,788,840,448,376320,62720.0,0,1,1,0,0,qwen3-vl-32b-awq,"{""count"": 0}"
9999938_00000_d_0000164,visdrone,400000,15,1400,788,840,448,376320,25088.0,0,1,1,0,0,qwen3-vl-32b-awq,"{""count"": 0}"
9999938_00000_d_0000167,visdrone,400000,16,1400,788,840,448,376320,23520.0,0,1,1,0,0,qwen3-vl-32b-awq,"{""count"": 0}"
9999938_00000_d_0000157,visdrone,800000,6,1400,788,1176,644,757344,126224.0,0,1,1,0,0,qwen3-vl-32b-awq,"{""count"": 0}"
9999938_00000_d_0000164,visdrone,800000,15,1400,788,1176,644,757344,50489.6,0,1,1,0,0,qwen3-vl-32b-awq,"{""count"": 0}"
9999938_00000_d_0000169,visdrone,200000,53,1400,788,588,308,181104,3417.1,0,1,1,0,0,qwen3-vl-32b-awq,"{""count"": 0}"
9999938_00000_d_0000164,visdrone,0,15,1400,788,1400,788,1103200,73546.7,0,1,1,0,0,qwen3-vl-32b-awq,"{""count"": 0}"
9999938_00000_d_0000164,visdrone,1048576,15,1400,788,1344,756,1016064,67737.6,0,1,1,0,0,qwen3-vl-32b-awq,"{""count"": 0}"
9999938_00000_d_0000167,visdrone,0,16,1400,788,1400,788,1103200,68950.0,8,1,0,0,0,qwen3-vl-32b-awq,"{""count"": 8}"
9999938_00000_d_0000167,visdrone,1048576,16,1400,788,1344,756,1016064,63504.0,8,1,0,0,0,qwen3-vl-32b-awq,"{""count"": 8}"
9999938_00000_d_0000174,visdrone,200000,15,1400,788,588,308,181104,12073.6,0,1,1,0,0,qwen3-vl-32b-awq,"{""count"": 0}"
9999938_00000_d_0000167,visdrone,800000,16,1400,788,1176,644,757344,47334.0,9,1,0,0,0,qwen3-vl-32b-awq,"{""count"": 9}"
9999938_00000_d_0000169,visdrone,0,53,1400,788,1400,788,1103200,20815.1,18,1,0,0,0,qwen3-vl-32b-awq,"{""count"": 18}"
9999938_00000_d_0000169,visdrone,1048576,53,1400,788,1344,756,1016064,19171.0,18,1,0,0,0,qwen3-vl-32b-awq,"{""count"": 18}"
9999938_00000_d_0000177,visdrone,200000,35,1400,788,588,308,181104,5174.4,0,1,1,0,0,qwen3-vl-32b-awq,"{""count"": 0}"
9999938_00000_d_0000169,visdrone,800000,53,1400,788,1176,644,757344,14289.5,15,1,0,0,0,qwen3-vl-32b-awq,"{""count"": 15}"
9999938_00000_d_0000180,visdrone,200000,62,1400,788,588,308,181104,2921.0,0,1,1,0,0,qwen3-vl-32b-awq,"{""count"": 0}"
9999938_00000_d_0000169,visdrone,400000,53,1400,788,840,448,376320,7100.4,0,1,1,0,0,qwen3-vl-32b-awq,"{""count"": 0}"
9999938_00000_d_0000174,visdrone,800000,15,1400,788,1176,644,757344,50489.6,0,1,1,0,0,qwen3-vl-32b-awq,"{""count"": 0}"
9999938_00000_d_0000174,visdrone,400000,15,1400,788,840,448,376320,25088.0,0,1,1,0,0,qwen3-vl-32b-awq,"{""count"": 0}"
9999938_00000_d_0000177,visdrone,400000,35,1400,788,840,448,376320,10752.0,0,1,1,0,0,qwen3-vl-32b-awq,"{""count"": 0}"
9999938_00000_d_0000174,visdrone,0,15,1400,788,1400,788,1103200,73546.7,0,1,1,0,0,qwen3-vl-32b-awq,"{""count"": 0}"
9999938_00000_d_0000174,visdrone,1048576,15,1400,788,1344,756,1016064,67737.6,0,1,1,0,0,qwen3-vl-32b-awq,"{""count"": 0}"
9999938_00000_d_0000177,visdrone,0,35,1400,788,1400,788,1103200,31520.0,0,1,1,0,0,qwen3-vl-32b-awq,"{""count"": 0}"
9999938_00000_d_0000184,visdrone,200000,15,1400,788,588,308,181104,12073.6,0,1,1,0,0,qwen3-vl-32b-awq,"{""count"": 0}"
9999938_00000_d_0000177,visdrone,800000,35,1400,788,1176,644,757344,21638.4,0,1,1,0,0,qwen3-vl-32b-awq,"{""count"": 0}"
9999938_00000_d_0000177,visdrone,1048576,35,1400,788,1344,756,1016064,29030.4,0,1,1,0,0,qwen3-vl-32b-awq,"{""count"": 0}"
9999938_00000_d_0000180,visdrone,0,62,1400,788,1400,788,1103200,17793.5,0,1,1,0,0,qwen3-vl-32b-awq,"{""count"": 0}"
9999938_00000_d_0000180,visdrone,800000,62,1400,788,1176,644,757344,12215.2,0,1,1,0,0,qwen3-vl-32b-awq,"{""count"": 0}"
9999938_00000_d_0000187,visdrone,200000,7,1400,788,588,308,181104,25872.0,0,1,1,0,0,qwen3-vl-32b-awq,"{""count"": 0}"
9999938_00000_d_0000180,visdrone,1048576,62,1400,788,1344,756,1016064,16388.1,0,1,1,0,0,qwen3-vl-32b-awq,"{""count"": 0}"
9999938_00000_d_0000180,visdrone,400000,62,1400,788,840,448,376320,6069.7,0,1,1,0,0,qwen3-vl-32b-awq,"{""count"": 0}"
9999938_00000_d_0000184,visdrone,400000,15,1400,788,840,448,376320,25088.0,0,1,1,0,0,qwen3-vl-32b-awq,"{""count"": 0}"
9999938_00000_d_0000188,visdrone,200000,129,1400,788,588,308,181104,1403.9,0,1,1,0,0,qwen3-vl-32b-awq,"{""count"": 0}"
9999938_00000_d_0000184,visdrone,0,15,1400,788,1400,788,1103200,73546.7,0,1,1,0,0,qwen3-vl-32b-awq,"{""count"": 0}"
9999938_00000_d_0000184,visdrone,1048576,15,1400,788,1344,756,1016064,67737.6,0,1,1,0,0,qwen3-vl-32b-awq,"{""count"": 0}"
9999938_00000_d_0000184,visdrone,800000,15,1400,788,1176,644,757344,50489.6,0,1,1,0,0,qwen3-vl-32b-awq,"{""count"": 0}"
9999938_00000_d_0000187,visdrone,0,7,1400,788,1400,788,1103200,157600.0,0,1,1,0,0,qwen3-vl-32b-awq,"{""count"": 0}"
9999938_00000_d_0000191,visdrone,200000,12,1400,788,588,308,181104,15092.0,0,1,1,0,0,qwen3-vl-32b-awq,"{""count"": 0}"
9999938_00000_d_0000188,visdrone,400000,129,1400,788,840,448,376320,2917.2,0,1,1,0,0,qwen3-vl-32b-awq,"{""count"": 0}"
9999938_00000_d_0000187,visdrone,400000,7,1400,788,840,448,376320,53760.0,0,1,1,0,0,qwen3-vl-32b-awq,"{""count"": 0}"
9999938_00000_d_0000187,visdrone,1048576,7,1400,788,1344,756,1016064,145152.0,0,1,1,0,0,qwen3-vl-32b-awq,"{""count"": 0}"
9999938_00000_d_0000187,visdrone,800000,7,1400,788,1176,644,757344,108192.0,0,1,1,0,0,qwen3-vl-32b-awq,"{""count"": 0}"
9999938_00000_d_0000188,visdrone,0,129,1400,788,1400,788,1103200,8551.9,0,1,1,0,0,qwen3-vl-32b-awq,"{""count"": 0}"
9999938_00000_d_0000196,visdrone,200000,9,1400,788,588,308,181104,20122.7,0,1,1,0,0,qwen3-vl-32b-awq,"{""count"": 0}"
9999938_00000_d_0000188,visdrone,800000,129,1400,788,1176,644,757344,5870.9,0,1,1,0,0,qwen3-vl-32b-awq,"{""count"": 0}"
9999938_00000_d_0000188,visdrone,1048576,129,1400,788,1344,756,1016064,7876.5,0,1,1,0,0,qwen3-vl-32b-awq,"{""count"": 0}"
9999938_00000_d_0000191,visdrone,0,12,1400,788,1400,788,1103200,91933.3,0,1,1,0,0,qwen3-vl-32b-awq,"{""count"": 0}"
9999938_00000_d_0000191,visdrone,1048576,12,1400,788,1344,756,1016064,84672.0,0,1,1,0,0,qwen3-vl-32b-awq,"{""count"": 0}"
9999938_00000_d_0000197,visdrone,200000,12,1400,788,588,308,181104,15092.0,0,1,1,0,0,qwen3-vl-32b-awq,"{""count"": 0}"
9999938_00000_d_0000191,visdrone,800000,12,1400,788,1176,644,757344,63112.0,0,1,1,0,0,qwen3-vl-32b-awq,"{""count"": 0}"
9999938_00000_d_0000196,visdrone,800000,9,1400,788,1176,644,757344,84149.3,0,1,1,0,0,qwen3-vl-32b-awq,"{""count"": 0}"
9999938_00000_d_0000191,visdrone,400000,12,1400,788,840,448,376320,31360.0,0,1,1,0,0,qwen3-vl-32b-awq,"{""count"": 0}"
9999938_00000_d_0000206,visdrone,200000,174,1400,788,588,308,181104,1040.8,0,1,1,0,0,qwen3-vl-32b-awq,"{""count"": 0}"
9999938_00000_d_0000197,visdrone,400000,12,1400,788,840,448,376320,31360.0,0,1,1,0,0,qwen3-vl-32b-awq,"{""count"": 0}"
9999938_00000_d_0000196,visdrone,400000,9,1400,788,840,448,376320,41813.3,0,1,1,0,0,qwen3-vl-32b-awq,"{""count"": 0}"
9999938_00000_d_0000196,visdrone,0,9,1400,788,1400,788,1103200,122577.8,0,1,1,0,0,qwen3-vl-32b-awq,"{""count"": 0}"
9999938_00000_d_0000196,visdrone,1048576,9,1400,788,1344,756,1016064,112896.0,0,1,1,0,0,qwen3-vl-32b-awq,"{""count"": 0}"
9999938_00000_d_0000197,visdrone,0,12,1400,788,1400,788,1103200,91933.3,0,1,1,0,0,qwen3-vl-32b-awq,"{""count"": 0}"
9999938_00000_d_0000197,visdrone,1048576,12,1400,788,1344,756,1016064,84672.0,0,1,1,0,0,qwen3-vl-32b-awq,"{""count"": 0}"
9999938_00000_d_0000208,visdrone,200000,286,1400,788,588,308,181104,633.2,0,1,1,0,0,qwen3-vl-32b-awq,"{""count"": 0}"
9999938_00000_d_0000197,visdrone,800000,12,1400,788,1176,644,757344,63112.0,0,1,1,0,0,qwen3-vl-32b-awq,"{""count"": 0}"
9999938_00000_d_0000206,visdrone,0,174,1400,788,1400,788,1103200,6340.2,0,1,1,0,0,qwen3-vl-32b-awq,"{""count"": 0}"
9999938_00000_d_0000206,visdrone,800000,174,1400,788,1176,644,757344,4352.6,0,1,1,0,0,qwen3-vl-32b-awq,"{""count"": 0}"
9999938_00000_d_0000210,visdrone,200000,270,1400,788,588,308,181104,670.8,0,1,1,0,0,qwen3-vl-32b-awq,"{""count"": 0}"
9999938_00000_d_0000206,visdrone,1048576,174,1400,788,1344,756,1016064,5839.4,0,1,1,0,0,qwen3-vl-32b-awq,"{""count"": 0}"
9999938_00000_d_0000212,visdrone,200000,224,1400,788,588,308,181104,808.5,0,1,1,0,0,qwen3-vl-32b-awq,"{""count"": 0}"
9999938_00000_d_0000206,visdrone,400000,174,1400,788,840,448,376320,2162.8,0,1,1,0,0,qwen3-vl-32b-awq,"{""count"": 0}"
9999938_00000_d_0000208,visdrone,400000,286,1400,788,840,448,376320,1315.8,0,1,1,0,0,qwen3-vl-32b-awq,"{""count"": 0}"
9999938_00000_d_0000208,visdrone,0,286,1400,788,1400,788,1103200,3857.3,0,1,1,0,0,qwen3-vl-32b-awq,"{""count"": 0}"
9999938_00000_d_0000208,visdrone,1048576,286,1400,788,1344,756,1016064,3552.7,0,1,1,0,0,qwen3-vl-32b-awq,"{""count"": 0}"
9999938_00000_d_0000208,visdrone,800000,286,1400,788,1176,644,757344,2648.1,0,1,1,0,0,qwen3-vl-32b-awq,"{""count"": 0}"
9999938_00000_d_0000210,visdrone,0,270,1400,788,1400,788,1103200,4085.9,0,1,1,0,0,qwen3-vl-32b-awq,"{""count"": 0}"
9999938_00000_d_0000210,visdrone,1048576,270,1400,788,1344,756,1016064,3763.2,0,1,1,0,0,qwen3-vl-32b-awq,"{""count"": 0}"
9999938_00000_d_0000210,visdrone,800000,270,1400,788,1176,644,757344,2805.0,0,1,1,0,0,qwen3-vl-32b-awq,"{""count"": 0}"
9999938_00000_d_0000219,visdrone,200000,135,1400,788,588,308,181104,1341.5,0,1,1,0,0,qwen3-vl-32b-awq,"{""count"": 0}"
9999938_00000_d_0000210,visdrone,400000,270,1400,788,840,448,376320,1393.8,0,1,1,0,0,qwen3-vl-32b-awq,"{""count"": 0}"
9999938_00000_d_0000219,visdrone,400000,135,1400,788,840,448,376320,2787.6,0,1,1,0,0,qwen3-vl-32b-awq,"{""count"": 0}"
9999938_00000_d_0000212,visdrone,400000,224,1400,788,840,448,376320,1680.0,0,1,1,0,0,qwen3-vl-32b-awq,"{""count"": 0}"
9999938_00000_d_0000226,visdrone,200000,16,1400,788,588,308,181104,11319.0,0,1,1,0,0,qwen3-vl-32b-awq,"{""count"": 0}"
9999938_00000_d_0000212,visdrone,800000,224,1400,788,1176,644,757344,3381.0,0,1,1,0,0,qwen3-vl-32b-awq,"{""count"": 0}"
9999938_00000_d_0000212,visdrone,0,224,1400,788,1400,788,1103200,4925.0,0,1,1,0,0,qwen3-vl-32b-awq,"{""count"": 0}"
9999938_00000_d_0000212,visdrone,1048576,224,1400,788,1344,756,1016064,4536.0,0,1,1,0,0,qwen3-vl-32b-awq,"{""count"": 0}"
9999938_00000_d_0000219,visdrone,0,135,1400,788,1400,788,1103200,8171.9,0,1,1,0,0,qwen3-vl-32b-awq,"{""count"": 0}"
9999938_00000_d_0000219,visdrone,1048576,135,1400,788,1344,756,1016064,7526.4,0,1,1,0,0,qwen3-vl-32b-awq,"{""count"": 0}"
9999938_00000_d_0000219,visdrone,800000,135,1400,788,1176,644,757344,5610.0,0,1,1,0,0,qwen3-vl-32b-awq,"{""count"": 0}"
9999938_00000_d_0000229,visdrone,200000,10,1400,788,588,308,181104,18110.4,0,1,1,0,0,qwen3-vl-32b-awq,"{""count"": 0}"
9999938_00000_d_0000226,visdrone,0,16,1400,788,1400,788,1103200,68950.0,0,1,1,0,0,qwen3-vl-32b-awq,"{""count"": 0}"
9999938_00000_d_0000226,visdrone,1048576,16,1400,788,1344,756,1016064,63504.0,0,1,1,0,0,qwen3-vl-32b-awq,"{""count"": 0}"
9999938_00000_d_0000226,visdrone,400000,16,1400,788,840,448,376320,23520.0,0,1,1,0,0,qwen3-vl-32b-awq,"{""count"": 0}"
9999938_00000_d_0000229,visdrone,400000,10,1400,788,840,448,376320,37632.0,0,1,1,0,0,qwen3-vl-32b-awq,"{""count"": 0}"
9999938_00000_d_0000233,visdrone,200000,7,1400,788,588,308,181104,25872.0,0,1,1,0,0,qwen3-vl-32b-awq,"{""count"": 0}"
9999938_00000_d_0000226,visdrone,800000,16,1400,788,1176,644,757344,47334.0,0,1,1,0,0,qwen3-vl-32b-awq,"{""count"": 0}"
9999938_00000_d_0000240,visdrone,200000,6,1400,788,588,308,181104,30184.0,0,1,1,0,0,qwen3-vl-32b-awq,"{""count"": 0}"
9999938_00000_d_0000233,visdrone,400000,7,1400,788,840,448,376320,53760.0,0,1,1,0,0,qwen3-vl-32b-awq,"{""count"": 0}"
9999938_00000_d_0000229,visdrone,800000,10,1400,788,1176,644,757344,75734.4,0,1,1,0,0,qwen3-vl-32b-awq,"{""count"": 0}"
9999938_00000_d_0000229,visdrone,0,10,1400,788,1400,788,1103200,110320.0,0,1,1,0,0,qwen3-vl-32b-awq,"{""count"": 0}"
9999938_00000_d_0000229,visdrone,1048576,10,1400,788,1344,756,1016064,101606.4,0,1,1,0,0,qwen3-vl-32b-awq,"{""count"": 0}"
9999938_00000_d_0000233,visdrone,0,7,1400,788,1400,788,1103200,157600.0,0,1,1,0,0,qwen3-vl-32b-awq,"{""count"": 0}"
9999938_00000_d_0000233,visdrone,1048576,7,1400,788,1344,756,1016064,145152.0,0,1,1,0,0,qwen3-vl-32b-awq,"{""count"": 0}"
9999938_00000_d_0000233,visdrone,800000,7,1400,788,1176,644,757344,108192.0,0,1,1,0,0,qwen3-vl-32b-awq,"{""count"": 0}"
9999938_00000_d_0000243,visdrone,200000,5,1400,788,588,308,181104,36220.8,0,1,1,0,0,qwen3-vl-32b-awq,"{""count"": 0}"
9999938_00000_d_0000240,visdrone,0,6,1400,788,1400,788,1103200,183866.7,0,1,1,0,0,qwen3-vl-32b-awq,"{""count"": 0}"
9999938_00000_d_0000240,visdrone,800000,6,1400,788,1176,644,757344,126224.0,0,1,1,0,0,qwen3-vl-32b-awq,"{""count"": 0}"
9999938_00000_d_0000245,visdrone,200000,5,1400,788,588,308,181104,36220.8,0,1,1,0,0,qwen3-vl-32b-awq,"{""count"": 0}"
9999938_00000_d_0000240,visdrone,1048576,6,1400,788,1344,756,1016064,169344.0,0,1,1,0,0,qwen3-vl-32b-awq,"{""count"": 0}"
9999938_00000_d_0000253,visdrone,200000,36,1400,788,588,308,181104,5030.7,0,1,1,0,0,qwen3-vl-32b-awq,"{""count"": 0}"
9999938_00000_d_0000243,visdrone,400000,5,1400,788,840,448,376320,75264.0,0,1,1,0,0,qwen3-vl-32b-awq,"{""count"": 0}"
9999938_00000_d_0000240,visdrone,400000,6,1400,788,840,448,376320,62720.0,0,1,1,0,0,qwen3-vl-32b-awq,"{""count"": 0}"
9999938_00000_d_0000243,visdrone,0,5,1400,788,1400,788,1103200,220640.0,0,1,1,0,0,qwen3-vl-32b-awq,"{""count"": 0}"
9999938_00000_d_0000243,visdrone,1048576,5,1400,788,1344,756,1016064,203212.8,0,1,1,0,0,qwen3-vl-32b-awq,"{""count"": 0}"
9999938_00000_d_0000243,visdrone,800000,5,1400,788,1176,644,757344,151468.8,0,1,1,0,0,qwen3-vl-32b-awq,"{""count"": 0}"
9999938_00000_d_0000245,visdrone,0,5,1400,788,1400,788,1103200,220640.0,0,1,1,0,0,qwen3-vl-32b-awq,"{""count"": 0}"
9999938_00000_d_0000245,visdrone,1048576,5,1400,788,1344,756,1016064,203212.8,0,1,1,0,0,qwen3-vl-32b-awq,"{""count"": 0}"
9999938_00000_d_0000245,visdrone,800000,5,1400,788,1176,644,757344,151468.8,0,1,1,0,0,qwen3-vl-32b-awq,"{""count"": 0}"
9999938_00000_d_0000254,visdrone,200000,51,1400,788,588,308,181104,3551.1,0,1,1,0,0,qwen3-vl-32b-awq,"{""count"": 0}"
9999938_00000_d_0000253,visdrone,0,36,1400,788,1400,788,1103200,30644.4,0,1,1,0,0,qwen3-vl-32b-awq,"{""count"": 0}"
9999938_00000_d_0000257,visdrone,200000,38,1400,788,588,308,181104,4765.9,0,1,1,0,0,qwen3-vl-32b-awq,"{""count"": 0}"
9999938_00000_d_0000253,visdrone,400000,36,1400,788,840,448,376320,10453.3,0,1,1,0,0,qwen3-vl-32b-awq,"{""count"": 0}"
9999938_00000_d_0000245,visdrone,400000,5,1400,788,840,448,376320,75264.0,0,1,1,0,0,qwen3-vl-32b-awq,"{""count"": 0}"
9999938_00000_d_0000253,visdrone,1048576,36,1400,788,1344,756,1016064,28224.0,0,1,1,0,0,qwen3-vl-32b-awq,"{""count"": 0}"
9999938_00000_d_0000253,visdrone,800000,36,1400,788,1176,644,757344,21037.3,0,1,1,0,0,qwen3-vl-32b-awq,"{""count"": 0}"
9999938_00000_d_0000254,visdrone,0,51,1400,788,1400,788,1103200,21631.4,0,1,1,0,0,qwen3-vl-32b-awq,"{""count"": 0}"
9999938_00000_d_0000258,visdrone,200000,46,1400,788,588,308,181104,3937.0,0,1,1,0,0,qwen3-vl-32b-awq,"{""count"": 0}"
9999938_00000_d_0000254,visdrone,800000,51,1400,788,1176,644,757344,14849.9,0,1,1,0,0,qwen3-vl-32b-awq,"{""count"": 0}"
9999938_00000_d_0000254,visdrone,1048576,51,1400,788,1344,756,1016064,19922.8,0,1,1,0,0,qwen3-vl-32b-awq,"{""count"": 0}"
9999938_00000_d_0000257,visdrone,400000,38,1400,788,840,448,376320,9903.2,0,1,1,0,0,qwen3-vl-32b-awq,"{""count"": 0}"
9999938_00000_d_0000254,visdrone,400000,51,1400,788,840,448,376320,7378.8,0,1,1,0,0,qwen3-vl-32b-awq,"{""count"": 0}"
9999938_00000_d_0000259,visdrone,200000,8,1400,788,588,308,181104,22638.0,0,1,1,0,0,qwen3-vl-32b-awq,"{""count"": 0}"
9999938_00000_d_0000257,visdrone,0,38,1400,788,1400,788,1103200,29031.6,0,1,1,0,0,qwen3-vl-32b-awq,"{""count"": 0}"
9999938_00000_d_0000257,visdrone,800000,38,1400,788,1176,644,757344,19930.1,0,1,1,0,0,qwen3-vl-32b-awq,"{""count"": 0}"
9999938_00000_d_0000257,visdrone,1048576,38,1400,788,1344,756,1016064,26738.5,0,1,1,0,0,qwen3-vl-32b-awq,"{""count"": 0}"
9999938_00000_d_0000258,visdrone,0,46,1400,788,1400,788,1103200,23982.6,0,1,1,0,0,qwen3-vl-32b-awq,"{""count"": 0}"
9999938_00000_d_0000258,visdrone,1048576,46,1400,788,1344,756,1016064,22088.3,0,1,1,0,0,qwen3-vl-32b-awq,"{""count"": 0}"
9999938_00000_d_0000261,visdrone,200000,7,1400,788,588,308,181104,25872.0,0,1,1,0,0,qwen3-vl-32b-awq,"{""count"": 0}"
9999938_00000_d_0000258,visdrone,800000,46,1400,788,1176,644,757344,16464.0,0,1,1,0,0,qwen3-vl-32b-awq,"{""count"": 0}"
9999938_00000_d_0000258,visdrone,400000,46,1400,788,840,448,376320,8180.9,0,1,1,0,0,qwen3-vl-32b-awq,"{""count"": 0}"
9999938_00000_d_0000259,visdrone,800000,8,1400,788,1176,644,757344,94668.0,0,1,1,0,0,qwen3-vl-32b-awq,"{""count"": 0}"
9999938_00000_d_0000263,visdrone,200000,19,1400,788,588,308,181104,9531.8,0,1,1,0,0,qwen3-vl-32b-awq,"{""count"": 0}"
9999938_00000_d_0000261,visdrone,400000,7,1400,788,840,448,376320,53760.0,0,1,1,0,0,qwen3-vl-32b-awq,"{""count"": 0}"
9999938_00000_d_0000259,visdrone,400000,8,1400,788,840,448,376320,47040.0,0,1,1,0,0,qwen3-vl-32b-awq,"{""count"": 0}"
9999938_00000_d_0000259,visdrone,0,8,1400,788,1400,788,1103200,137900.0,0,1,1,0,0,qwen3-vl-32b-awq,"{""count"": 0}"
9999938_00000_d_0000259,visdrone,1048576,8,1400,788,1344,756,1016064,127008.0,0,1,1,0,0,qwen3-vl-32b-awq,"{""count"": 0}"
9999938_00000_d_0000261,visdrone,0,7,1400,788,1400,788,1103200,157600.0,0,1,1,0,0,qwen3-vl-32b-awq,"{""count"": 0}"
9999938_00000_d_0000261,visdrone,800000,7,1400,788,1176,644,757344,108192.0,0,1,1,0,0,qwen3-vl-32b-awq,"{""count"": 0}"
9999938_00000_d_0000271,visdrone,200000,2,1400,788,588,308,181104,90552.0,0,1,1,0,0,qwen3-vl-32b-awq,"{""count"": 0}"
9999938_00000_d_0000261,visdrone,1048576,7,1400,788,1344,756,1016064,145152.0,0,1,1,0,0,qwen3-vl-32b-awq,"{""count"": 0}"
9999938_00000_d_0000263,visdrone,0,19,1400,788,1400,788,1103200,58063.2,0,1,1,0,0,qwen3-vl-32b-awq,"{""count"": 0}"
9999938_00000_d_0000276,visdrone,200000,3,1400,788,588,308,181104,60368.0,0,1,1,0,0,qwen3-vl-32b-awq,"{""count"": 0}"
9999938_00000_d_0000263,visdrone,800000,19,1400,788,1176,644,757344,39860.2,0,1,1,0,0,qwen3-vl-32b-awq,"{""count"": 0}"
9999938_00000_d_0000263,visdrone,1048576,19,1400,788,1344,756,1016064,53477.1,0,1,1,0,0,qwen3-vl-32b-awq,"{""count"": 0}"
9999938_00000_d_0000271,visdrone,400000,2,1400,788,840,448,376320,188160.0,0,1,1,0,0,qwen3-vl-32b-awq,"{""count"": 0}"
9999938_00000_d_0000263,visdrone,400000,19,1400,788,840,448,376320,19806.3,0,1,1,0,0,qwen3-vl-32b-awq,"{""count"": 0}"
9999938_00000_d_0000278,visdrone,200000,4,1400,788,588,308,181104,45276.0,0,1,1,0,0,qwen3-vl-32b-awq,"{""count"": 0}"
9999938_00000_d_0000271,visdrone,0,2,1400,788,1400,788,1103200,551600.0,0,1,1,0,0,qwen3-vl-32b-awq,"{""count"": 0}"
9999938_00000_d_0000271,visdrone,1048576,2,1400,788,1344,756,1016064,508032.0,0,1,1,0,0,qwen3-vl-32b-awq,"{""count"": 0}"
9999938_00000_d_0000271,visdrone,800000,2,1400,788,1176,644,757344,378672.0,0,1,1,0,0,qwen3-vl-32b-awq,"{""count"": 0}"
9999938_00000_d_0000276,visdrone,0,3,1400,788,1400,788,1103200,367733.3,0,1,1,0,0,qwen3-vl-32b-awq,"{""count"": 0}"
9999938_00000_d_0000283,visdrone,200000,2,1400,788,588,308,181104,90552.0,0,1,1,0,0,qwen3-vl-32b-awq,"{""count"": 0}"
9999938_00000_d_0000276,visdrone,800000,3,1400,788,1176,644,757344,252448.0,0,1,1,0,0,qwen3-vl-32b-awq,"{""count"": 0}"
9999938_00000_d_0000276,visdrone,1048576,3,1400,788,1344,756,1016064,338688.0,0,1,1,0,0,qwen3-vl-32b-awq,"{""count"": 0}"
9999938_00000_d_0000276,visdrone,400000,3,1400,788,840,448,376320,125440.0,0,1,1,0,0,qwen3-vl-32b-awq,"{""count"": 0}"
9999938_00000_d_0000278,visdrone,400000,4,1400,788,840,448,376320,94080.0,0,1,1,0,0,qwen3-vl-32b-awq,"{""count"": 0}"
9999938_00000_d_0000278,visdrone,0,4,1400,788,1400,788,1103200,275800.0,0,1,1,0,0,qwen3-vl-32b-awq,"{""count"": 0}"
9999938_00000_d_0000285,visdrone,200000,2,1400,788,588,308,181104,90552.0,0,1,1,0,0,qwen3-vl-32b-awq,"{""count"": 0}"
9999938_00000_d_0000278,visdrone,800000,4,1400,788,1176,644,757344,189336.0,0,1,1,0,0,qwen3-vl-32b-awq,"{""count"": 0}"
9999938_00000_d_0000278,visdrone,1048576,4,1400,788,1344,756,1016064,254016.0,0,1,1,0,0,qwen3-vl-32b-awq,"{""count"": 0}"
9999938_00000_d_0000283,visdrone,0,2,1400,788,1400,788,1103200,551600.0,0,1,1,0,0,qwen3-vl-32b-awq,"{""count"": 0}"
9999938_00000_d_0000283,visdrone,1048576,2,1400,788,1344,756,1016064,508032.0,0,1,1,0,0,qwen3-vl-32b-awq,"{""count"": 0}"
9999938_00000_d_0000283,visdrone,800000,2,1400,788,1176,644,757344,378672.0,0,1,1,0,0,qwen3-vl-32b-awq,"{""count"": 0}"
9999938_00000_d_0000295,visdrone,200000,7,1400,788,588,308,181104,25872.0,0,1,1,0,0,qwen3-vl-32b-awq,"{""count"": 0}"
9999938_00000_d_0000285,visdrone,400000,2,1400,788,840,448,376320,188160.0,0,1,1,0,0,qwen3-vl-32b-awq,"{""count"": 0}"
9999938_00000_d_0000295,visdrone,400000,7,1400,788,840,448,376320,53760.0,0,1,1,0,0,qwen3-vl-32b-awq,"{""count"": 0}"
9999938_00000_d_0000283,visdrone,400000,2,1400,788,840,448,376320,188160.0,0,1,1,0,0,qwen3-vl-32b-awq,"{""count"": 0}"
9999938_00000_d_0000298,visdrone,200000,6,1400,788,588,308,181104,30184.0,0,1,1,0,0,qwen3-vl-32b-awq,"{""count"": 0}"
9999938_00000_d_0000285,visdrone,800000,2,1400,788,1176,644,757344,378672.0,0,1,1,0,0,qwen3-vl-32b-awq,"{""count"": 0}"
9999938_00000_d_0000285,visdrone,0,2,1400,788,1400,788,1103200,551600.0,0,1,1,0,0,qwen3-vl-32b-awq,"{""count"": 0}"
9999938_00000_d_0000285,visdrone,1048576,2,1400,788,1344,756,1016064,508032.0,0,1,1,0,0,qwen3-vl-32b-awq,"{""count"": 0}"
9999938_00000_d_0000295,visdrone,0,7,1400,788,1400,788,1103200,157600.0,0,1,1,0,0,qwen3-vl-32b-awq,"{""count"": 0}"
9999938_00000_d_0000295,visdrone,800000,7,1400,788,1176,644,757344,108192.0,0,1,1,0,0,qwen3-vl-32b-awq,"{""count"": 0}"
9999938_00000_d_0000299,visdrone,200000,2,1400,788,588,308,181104,90552.0,0,1,1,0,0,qwen3-vl-32b-awq,"{""count"": 0}"
9999938_00000_d_0000295,visdrone,1048576,7,1400,788,1344,756,1016064,145152.0,0,1,1,0,0,qwen3-vl-32b-awq,"{""count"": 0}"
9999938_00000_d_0000298,visdrone,0,6,1400,788,1400,788,1103200,183866.7,0,1,1,0,0,qwen3-vl-32b-awq,"{""count"": 0}"
9999938_00000_d_0000298,visdrone,800000,6,1400,788,1176,644,757344,126224.0,0,1,1,0,0,qwen3-vl-32b-awq,"{""count"": 0}"
9999938_00000_d_0000300,visdrone,200000,31,1400,788,588,308,181104,5842.1,0,1,1,0,0,qwen3-vl-32b-awq,"{""count"": 0}"
9999938_00000_d_0000298,visdrone,1048576,6,1400,788,1344,756,1016064,169344.0,0,1,1,0,0,qwen3-vl-32b-awq,"{""count"": 0}"
9999938_00000_d_0000299,visdrone,400000,2,1400,788,840,448,376320,188160.0,0,1,1,0,0,qwen3-vl-32b-awq,"{""count"": 0}"
9999938_00000_d_0000298,visdrone,400000,6,1400,788,840,448,376320,62720.0,0,1,1,0,0,qwen3-vl-32b-awq,"{""count"": 0}"
9999938_00000_d_0000304,visdrone,200000,1,1400,788,588,308,181104,181104.0,0,1,1,0,0,qwen3-vl-32b-awq,"{""count"": 0}"
9999938_00000_d_0000299,visdrone,0,2,1400,788,1400,788,1103200,551600.0,0,1,1,0,0,qwen3-vl-32b-awq,"{""count"": 0}"
9999938_00000_d_0000299,visdrone,1048576,2,1400,788,1344,756,1016064,508032.0,0,1,1,0,0,qwen3-vl-32b-awq,"{""count"": 0}"
9999938_00000_d_0000299,visdrone,800000,2,1400,788,1176,644,757344,378672.0,0,1,1,0,0,qwen3-vl-32b-awq,"{""count"": 0}"
9999938_00000_d_0000312,visdrone,200000,44,1400,788,588,308,181104,4116.0,0,1,1,0,0,qwen3-vl-32b-awq,"{""count"": 0}"
9999938_00000_d_0000300,visdrone,0,31,1400,788,1400,788,1103200,35587.1,0,1,1,0,0,qwen3-vl-32b-awq,"{""count"": 0}"
9999938_00000_d_0000300,visdrone,800000,31,1400,788,1176,644,757344,24430.5,0,1,1,0,0,qwen3-vl-32b-awq,"{""count"": 0}"
9999938_00000_d_0000300,visdrone,1048576,31,1400,788,1344,756,1016064,32776.3,0,1,1,0,0,qwen3-vl-32b-awq,"{""count"": 0}"
9999938_00000_d_0000304,visdrone,400000,1,1400,788,840,448,376320,376320.0,0,1,1,0,0,qwen3-vl-32b-awq,"{""count"": 0}"
9999938_00000_d_0000300,visdrone,400000,31,1400,788,840,448,376320,12139.4,0,1,1,0,0,qwen3-vl-32b-awq,"{""count"": 0}"
9999938_00000_d_0000304,visdrone,0,1,1400,788,1400,788,1103200,1103200.0,0,1,1,0,0,qwen3-vl-32b-awq,"{""count"": 0}"
9999938_00000_d_0000313,visdrone,200000,32,1400,788,588,308,181104,5659.5,0,1,1,0,0,qwen3-vl-32b-awq,"{""count"": 0}"
9999938_00000_d_0000304,visdrone,800000,1,1400,788,1176,644,757344,757344.0,0,1,1,0,0,qwen3-vl-32b-awq,"{""count"": 0}"
9999938_00000_d_0000304,visdrone,1048576,1,1400,788,1344,756,1016064,1016064.0,0,1,1,0,0,qwen3-vl-32b-awq,"{""count"": 0}"
9999938_00000_d_0000312,visdrone,0,44,1400,788,1400,788,1103200,25072.7,0,1,1,0,0,qwen3-vl-32b-awq,"{""count"": 0}"
9999938_00000_d_0000312,visdrone,1048576,44,1400,788,1344,756,1016064,23092.4,0,1,1,0,0,qwen3-vl-32b-awq,"{""count"": 0}"
9999938_00000_d_0000312,visdrone,800000,44,1400,788,1176,644,757344,17212.4,0,1,1,0,0,qwen3-vl-32b-awq,"{""count"": 0}"
9999938_00000_d_0000315,visdrone,200000,12,1400,788,588,308,181104,15092.0,0,1,1,0,0,qwen3-vl-32b-awq,"{""count"": 0}"
9999938_00000_d_0000313,visdrone,400000,32,1400,788,840,448,376320,11760.0,0,1,1,0,0,qwen3-vl-32b-awq,"{""count"": 0}"
9999938_00000_d_0000315,visdrone,400000,12,1400,788,840,448,376320,31360.0,0,1,1,0,0,qwen3-vl-32b-awq,"{""count"": 0}"
9999938_00000_d_0000312,visdrone,400000,44,1400,788,840,448,376320,8552.7,0,1,1,0,0,qwen3-vl-32b-awq,"{""count"": 0}"
9999938_00000_d_0000313,visdrone,800000,32,1400,788,1176,644,757344,23667.0,0,1,1,0,0,qwen3-vl-32b-awq,"{""count"": 0}"
9999938_00000_d_0000316,visdrone,200000,17,1400,788,588,308,181104,10653.2,0,1,1,0,0,qwen3-vl-32b-awq,"{""count"": 0}"
9999938_00000_d_0000313,visdrone,0,32,1400,788,1400,788,1103200,34475.0,0,1,1,0,0,qwen3-vl-32b-awq,"{""count"": 0}"
9999938_00000_d_0000313,visdrone,1048576,32,1400,788,1344,756,1016064,31752.0,0,1,1,0,0,qwen3-vl-32b-awq,"{""count"": 0}"
9999938_00000_d_0000315,visdrone,0,12,1400,788,1400,788,1103200,91933.3,0,1,1,0,0,qwen3-vl-32b-awq,"{""count"": 0}"
9999938_00000_d_0000319,visdrone,200000,12,1400,788,588,308,181104,15092.0,0,1,1,0,0,qwen3-vl-32b-awq,"{""count"": 0}"
9999938_00000_d_0000315,visdrone,800000,12,1400,788,1176,644,757344,63112.0,0,1,1,0,0,qwen3-vl-32b-awq,"{""count"": 0}"
9999938_00000_d_0000315,visdrone,1048576,12,1400,788,1344,756,1016064,84672.0,0,1,1,0,0,qwen3-vl-32b-awq,"{""count"": 0}"
9999938_00000_d_0000316,visdrone,0,17,1400,788,1400,788,1103200,64894.1,0,1,1,0,0,qwen3-vl-32b-awq,"{""count"": 0}"
9999938_00000_d_0000323,visdrone,200000,24,1400,788,588,308,181104,7546.0,0,1,1,0,0,qwen3-vl-32b-awq,"{""count"": 0}"
9999938_00000_d_0000316,visdrone,800000,17,1400,788,1176,644,757344,44549.6,0,1,1,0,0,qwen3-vl-32b-awq,"{""count"": 0}"
9999938_00000_d_0000316,visdrone,1048576,17,1400,788,1344,756,1016064,59768.5,0,1,1,0,0,qwen3-vl-32b-awq,"{""count"": 0}"
9999938_00000_d_0000316,visdrone,400000,17,1400,788,840,448,376320,22136.5,0,1,1,0,0,qwen3-vl-32b-awq,"{""count"": 0}"
9999938_00000_d_0000319,visdrone,400000,12,1400,788,840,448,376320,31360.0,0,1,1,0,0,qwen3-vl-32b-awq,"{""count"": 0}"
9999938_00000_d_0000326,visdrone,200000,28,1400,788,588,308,181104,6468.0,0,1,1,0,0,qwen3-vl-32b-awq,"{""count"": 0}"
9999938_00000_d_0000319,visdrone,0,12,1400,788,1400,788,1103200,91933.3,0,1,1,0,0,qwen3-vl-32b-awq,"{""count"": 0}"
9999938_00000_d_0000319,visdrone,1048576,12,1400,788,1344,756,1016064,84672.0,0,1,1,0,0,qwen3-vl-32b-awq,"{""count"": 0}"
9999938_00000_d_0000319,visdrone,800000,12,1400,788,1176,644,757344,63112.0,0,1,1,0,0,qwen3-vl-32b-awq,"{""count"": 0}"
9999938_00000_d_0000327,visdrone,200000,38,1400,788,588,308,181104,4765.9,0,1,1,0,0,qwen3-vl-32b-awq,"{""count"": 0}"
9999938_00000_d_0000323,visdrone,0,24,1400,788,1400,788,1103200,45966.7,0,1,1,0,0,qwen3-vl-32b-awq,"{""count"": 0}"
9999938_00000_d_0000323,visdrone,800000,24,1400,788,1176,644,757344,31556.0,0,1,1,0,0,qwen3-vl-32b-awq,"{""count"": 0}"
9999938_00000_d_0000323,visdrone,1048576,24,1400,788,1344,756,1016064,42336.0,0,1,1,0,0,qwen3-vl-32b-awq,"{""count"": 0}"
9999938_00000_d_0000326,visdrone,400000,28,1400,788,840,448,376320,13440.0,0,1,1,0,0,qwen3-vl-32b-awq,"{""count"": 0}"
9999938_00000_d_0000323,visdrone,400000,24,1400,788,840,448,376320,15680.0,0,1,1,0,0,qwen3-vl-32b-awq,"{""count"": 0}"
9999938_00000_d_0000326,visdrone,0,28,1400,788,1400,788,1103200,39400.0,0,1,1,0,0,qwen3-vl-32b-awq,"{""count"": 0}"
9999938_00000_d_0000331,visdrone,200000,36,1400,788,588,308,181104,5030.7,0,1,1,0,0,qwen3-vl-32b-awq,"{""count"": 0}"
9999938_00000_d_0000326,visdrone,800000,28,1400,788,1176,644,757344,27048.0,0,1,1,0,0,qwen3-vl-32b-awq,"{""count"": 0}"
9999938_00000_d_0000326,visdrone,1048576,28,1400,788,1344,756,1016064,36288.0,0,1,1,0,0,qwen3-vl-32b-awq,"{""count"": 0}"
9999938_00000_d_0000327,visdrone,0,38,1400,788,1400,788,1103200,29031.6,0,1,1,0,0,qwen3-vl-32b-awq,"{""count"": 0}"
9999938_00000_d_0000327,visdrone,1048576,38,1400,788,1344,756,1016064,26738.5,0,1,1,0,0,qwen3-vl-32b-awq,"{""count"": 0}"
9999938_00000_d_0000327,visdrone,800000,38,1400,788,1176,644,757344,19930.1,0,1,1,0,0,qwen3-vl-32b-awq,"{""count"": 0}"
9999938_00000_d_0000335,visdrone,200000,24,1400,788,588,308,181104,7546.0,0,1,1,0,0,qwen3-vl-32b-awq,"{""count"": 0}"
9999938_00000_d_0000331,visdrone,400000,36,1400,788,840,448,376320,10453.3,0,1,1,0,0,qwen3-vl-32b-awq,"{""count"": 0}"
9999938_00000_d_0000335,visdrone,400000,24,1400,788,840,448,376320,15680.0,0,1,1,0,0,qwen3-vl-32b-awq,"{""count"": 0}"
9999938_00000_d_0000327,visdrone,400000,38,1400,788,840,448,376320,9903.2,0,1,1,0,0,qwen3-vl-32b-awq,"{""count"": 0}"
9999938_00000_d_0000331,visdrone,800000,36,1400,788,1176,644,757344,21037.3,0,1,1,0,0,qwen3-vl-32b-awq,"{""count"": 0}"
9999938_00000_d_0000336,visdrone,200000,4,1400,788,588,308,181104,45276.0,0,1,1,0,0,qwen3-vl-32b-awq,"{""count"": 0}"
9999938_00000_d_0000331,visdrone,0,36,1400,788,1400,788,1103200,30644.4,0,1,1,0,0,qwen3-vl-32b-awq,"{""count"": 0}"
9999938_00000_d_0000331,visdrone,1048576,36,1400,788,1344,756,1016064,28224.0,0,1,1,0,0,qwen3-vl-32b-awq,"{""count"": 0}"
9999938_00000_d_0000335,visdrone,0,24,1400,788,1400,788,1103200,45966.7,0,1,1,0,0,qwen3-vl-32b-awq,"{""count"": 0}"
9999938_00000_d_0000337,visdrone,200000,3,1400,788,588,308,181104,60368.0,0,1,1,0,0,qwen3-vl-32b-awq,"{""count"": 0}"
9999938_00000_d_0000335,visdrone,800000,24,1400,788,1176,644,757344,31556.0,0,1,1,0,0,qwen3-vl-32b-awq,"{""count"": 0}"
9999938_00000_d_0000335,visdrone,1048576,24,1400,788,1344,756,1016064,42336.0,0,1,1,0,0,qwen3-vl-32b-awq,"{""count"": 0}"
9999938_00000_d_0000336,visdrone,0,4,1400,788,1400,788,1103200,275800.0,0,1,1,0,0,qwen3-vl-32b-awq,"{""count"": 0}"
9999938_00000_d_0000336,visdrone,1048576,4,1400,788,1344,756,1016064,254016.0,0,1,1,0,0,qwen3-vl-32b-awq,"{""count"": 0}"
9999938_00000_d_0000336,visdrone,800000,4,1400,788,1176,644,757344,189336.0,0,1,1,0,0,qwen3-vl-32b-awq,"{""count"": 0}"
9999938_00000_d_0000339,visdrone,200000,3,1400,788,588,308,181104,60368.0,0,1,1,0,0,qwen3-vl-32b-awq,"{""count"": 0}"
9999938_00000_d_0000337,visdrone,400000,3,1400,788,840,448,376320,125440.0,0,1,1,0,0,qwen3-vl-32b-awq,"{""count"": 0}"
9999938_00000_d_0000340,visdrone,200000,3,1400,788,588,308,181104,60368.0,0,1,1,0,0,qwen3-vl-32b-awq,"{""count"": 0}"
9999938_00000_d_0000339,visdrone,400000,3,1400,788,840,448,376320,125440.0,0,1,1,0,0,qwen3-vl-32b-awq,"{""count"": 0}"
9999938_00000_d_0000336,visdrone,400000,4,1400,788,840,448,376320,94080.0,0,1,1,0,0,qwen3-vl-32b-awq,"{""count"": 0}"
9999938_00000_d_0000337,visdrone,800000,3,1400,788,1176,644,757344,252448.0,0,1,1,0,0,qwen3-vl-32b-awq,"{""count"": 0}"
9999938_00000_d_0000337,visdrone,0,3,1400,788,1400,788,1103200,367733.3,0,1,1,0,0,qwen3-vl-32b-awq,"{""count"": 0}"
9999938_00000_d_0000337,visdrone,1048576,3,1400,788,1344,756,1016064,338688.0,0,1,1,0,0,qwen3-vl-32b-awq,"{""count"": 0}"
9999938_00000_d_0000339,visdrone,0,3,1400,788,1400,788,1103200,367733.3,0,1,1,0,0,qwen3-vl-32b-awq,"{""count"": 0}"
9999938_00000_d_0000339,visdrone,1048576,3,1400,788,1344,756,1016064,338688.0,0,1,1,0,0,qwen3-vl-32b-awq,"{""count"": 0}"
9999938_00000_d_0000339,visdrone,800000,3,1400,788,1176,644,757344,252448.0,0,1,1,0,0,qwen3-vl-32b-awq,"{""count"": 0}"
9999938_00000_d_0000342,visdrone,200000,9,1400,788,588,308,181104,20122.7,0,1,1,0,0,qwen3-vl-32b-awq,"{""count"": 0}"
9999938_00000_d_0000340,visdrone,0,3,1400,788,1400,788,1103200,367733.3,0,1,1,0,0,qwen3-vl-32b-awq,"{""count"": 0}"
9999938_00000_d_0000343,visdrone,200000,2,1400,788,588,308,181104,90552.0,0,1,1,0,0,qwen3-vl-32b-awq,"{""count"": 0}"
9999938_00000_d_0000340,visdrone,800000,3,1400,788,1176,644,757344,252448.0,0,1,1,0,0,qwen3-vl-32b-awq,"{""count"": 0}"
9999938_00000_d_0000340,visdrone,1048576,3,1400,788,1344,756,1016064,338688.0,0,1,1,0,0,qwen3-vl-32b-awq,"{""count"": 0}"
9999938_00000_d_0000342,visdrone,400000,9,1400,788,840,448,376320,41813.3,0,1,1,0,0,qwen3-vl-32b-awq,"{""count"": 0}"
9999938_00000_d_0000346,visdrone,200000,2,1400,788,588,308,181104,90552.0,0,1,1,0,0,qwen3-vl-32b-awq,"{""count"": 0}"
9999938_00000_d_0000340,visdrone,400000,3,1400,788,840,448,376320,125440.0,0,1,1,0,0,qwen3-vl-32b-awq,"{""count"": 0}"
9999938_00000_d_0000342,visdrone,0,9,1400,788,1400,788,1103200,122577.8,0,1,1,0,0,qwen3-vl-32b-awq,"{""count"": 0}"
9999938_00000_d_0000342,visdrone,1048576,9,1400,788,1344,756,1016064,112896.0,0,1,1,0,0,qwen3-vl-32b-awq,"{""count"": 0}"
9999938_00000_d_0000342,visdrone,800000,9,1400,788,1176,644,757344,84149.3,0,1,1,0,0,qwen3-vl-32b-awq,"{""count"": 0}"
9999938_00000_d_0000343,visdrone,0,2,1400,788,1400,788,1103200,551600.0,0,1,1,0,0,qwen3-vl-32b-awq,"{""count"": 0}"
9999938_00000_d_0000343,visdrone,1048576,2,1400,788,1344,756,1016064,508032.0,0,1,1,0,0,qwen3-vl-32b-awq,"{""count"": 0}"
9999938_00000_d_0000343,visdrone,800000,2,1400,788,1176,644,757344,378672.0,0,1,1,0,0,qwen3-vl-32b-awq,"{""count"": 0}"
9999938_00000_d_0000347,visdrone,200000,1,1400,788,588,308,181104,181104.0,0,1,1,0,0,qwen3-vl-32b-awq,"{""count"": 0}"
9999938_00000_d_0000343,visdrone,400000,2,1400,788,840,448,376320,188160.0,0,1,1,0,0,qwen3-vl-32b-awq,"{""count"": 0}"
9999938_00000_d_0000347,visdrone,400000,1,1400,788,840,448,376320,376320.0,0,1,1,0,0,qwen3-vl-32b-awq,"{""count"": 0}"
9999938_00000_d_0000346,visdrone,400000,2,1400,788,840,448,376320,188160.0,0,1,1,0,0,qwen3-vl-32b-awq,"{""count"": 0}"
9999938_00000_d_0000349,visdrone,200000,9,1400,788,588,308,181104,20122.7,0,1,1,0,0,qwen3-vl-32b-awq,"{""count"": 0}"
9999938_00000_d_0000346,visdrone,800000,2,1400,788,1176,644,757344,378672.0,0,1,1,0,0,qwen3-vl-32b-awq,"{""count"": 0}"
9999938_00000_d_0000346,visdrone,0,2,1400,788,1400,788,1103200,551600.0,0,1,1,0,0,qwen3-vl-32b-awq,"{""count"": 0}"
9999938_00000_d_0000346,visdrone,1048576,2,1400,788,1344,756,1016064,508032.0,0,1,1,0,0,qwen3-vl-32b-awq,"{""count"": 0}"
9999938_00000_d_0000347,visdrone,0,1,1400,788,1400,788,1103200,1103200.0,0,1,1,0,0,qwen3-vl-32b-awq,"{""count"": 0}"
9999938_00000_d_0000347,visdrone,1048576,1,1400,788,1344,756,1016064,1016064.0,0,1,1,0,0,qwen3-vl-32b-awq,"{""count"": 0}"
9999938_00000_d_0000359,visdrone,200000,3,1400,788,588,308,181104,60368.0,0,1,1,0,0,qwen3-vl-32b-awq,"{""count"": 0}"
9999938_00000_d_0000347,visdrone,800000,1,1400,788,1176,644,757344,757344.0,0,1,1,0,0,qwen3-vl-32b-awq,"{""count"": 0}"
9999938_00000_d_0000349,visdrone,0,9,1400,788,1400,788,1103200,122577.8,0,1,1,0,0,qwen3-vl-32b-awq,"{""count"": 0}"
9999938_00000_d_0000349,visdrone,1048576,9,1400,788,1344,756,1016064,112896.0,0,1,1,0,0,qwen3-vl-32b-awq,"{""count"": 0}"
9999938_00000_d_0000349,visdrone,400000,9,1400,788,840,448,376320,41813.3,0,1,1,0,0,qwen3-vl-32b-awq,"{""count"": 0}"
9999938_00000_d_0000372,visdrone,200000,2,1400,788,588,308,181104,90552.0,0,1,1,0,0,qwen3-vl-32b-awq,"{""count"": 0}"
9999938_00000_d_0000359,visdrone,400000,3,1400,788,840,448,376320,125440.0,0,1,1,0,0,qwen3-vl-32b-awq,"{""count"": 0}"
9999938_00000_d_0000372,visdrone,400000,2,1400,788,840,448,376320,188160.0,0,1,1,0,0,qwen3-vl-32b-awq,"{""count"": 0}"
9999938_00000_d_0000349,visdrone,800000,9,1400,788,1176,644,757344,84149.3,0,1,1,0,0,qwen3-vl-32b-awq,"{""count"": 0}"
9999941_00000_d_0000002,visdrone,200000,4,1400,788,588,308,181104,45276.0,0,1,1,0,0,qwen3-vl-32b-awq,"{""count"": 0}"
9999938_00000_d_0000359,visdrone,800000,3,1400,788,1176,644,757344,252448.0,0,1,1,0,0,qwen3-vl-32b-awq,"{""count"": 0}"
9999938_00000_d_0000359,visdrone,0,3,1400,788,1400,788,1103200,367733.3,0,1,1,0,0,qwen3-vl-32b-awq,"{""count"": 0}"
9999938_00000_d_0000359,visdrone,1048576,3,1400,788,1344,756,1016064,338688.0,0,1,1,0,0,qwen3-vl-32b-awq,"{""count"": 0}"
9999938_00000_d_0000372,visdrone,0,2,1400,788,1400,788,1103200,551600.0,0,1,1,0,0,qwen3-vl-32b-awq,"{""count"": 0}"
9999938_00000_d_0000372,visdrone,1048576,2,1400,788,1344,756,1016064,508032.0,0,1,1,0,0,qwen3-vl-32b-awq,"{""count"": 0}"
9999938_00000_d_0000372,visdrone,800000,2,1400,788,1176,644,757344,378672.0,0,1,1,0,0,qwen3-vl-32b-awq,"{""count"": 0}"
9999941_00000_d_0000005,visdrone,200000,30,1400,788,588,308,181104,6036.8,0,1,1,0,0,qwen3-vl-32b-awq,"{""count"": 0}"
9999941_00000_d_0000002,visdrone,0,4,1400,788,1400,788,1103200,275800.0,0,1,1,0,0,qwen3-vl-32b-awq,"{""count"": 0}"
9999941_00000_d_0000002,visdrone,800000,4,1400,788,1176,644,757344,189336.0,0,1,1,0,0,qwen3-vl-32b-awq,"{""count"": 0}"
9999941_00000_d_0000007,visdrone,200000,34,1400,788,588,308,181104,5326.6,0,1,1,0,0,qwen3-vl-32b-awq,"{""count"": 0}"
9999941_00000_d_0000002,visdrone,1048576,4,1400,788,1344,756,1016064,254016.0,0,1,1,0,0,qwen3-vl-32b-awq,"{""count"": 0}"
9999941_00000_d_0000005,visdrone,400000,30,1400,788,840,448,376320,12544.0,0,1,1,0,0,qwen3-vl-32b-awq,"{""count"": 0}"
9999941_00000_d_0000008,visdrone,200000,39,1400,788,588,308,181104,4643.7,0,1,1,0,0,qwen3-vl-32b-awq,"{""count"": 0}"
9999941_00000_d_0000002,visdrone,400000,4,1400,788,840,448,376320,94080.0,0,1,1,0,0,qwen3-vl-32b-awq,"{""count"": 0}"
9999941_00000_d_0000005,visdrone,0,30,1400,788,1400,788,1103200,36773.3,0,1,1,0,0,qwen3-vl-32b-awq,"{""count"": 0}"
9999941_00000_d_0000005,visdrone,1048576,30,1400,788,1344,756,1016064,33868.8,0,1,1,0,0,qwen3-vl-32b-awq,"{""count"": 0}"
9999941_00000_d_0000005,visdrone,800000,30,1400,788,1176,644,757344,25244.8,0,1,1,0,0,qwen3-vl-32b-awq,"{""count"": 0}"
9999941_00000_d_0000007,visdrone,0,34,1400,788,1400,788,1103200,32447.1,0,1,1,0,0,qwen3-vl-32b-awq,"{""count"": 0}"
9999941_00000_d_0000007,visdrone,1048576,34,1400,788,1344,756,1016064,29884.2,0,1,1,0,0,qwen3-vl-32b-awq,"{""count"": 0}"
9999941_00000_d_0000007,visdrone,800000,34,1400,788,1176,644,757344,22274.8,0,1,1,0,0,qwen3-vl-32b-awq,"{""count"": 0}"
9999941_00000_d_0000009,visdrone,200000,20,1400,788,588,308,181104,9055.2,0,1,1,0,0,qwen3-vl-32b-awq,"{""count"": 0}"
9999941_00000_d_0000008,visdrone,0,39,1400,788,1400,788,1103200,28287.2,0,1,1,0,0,qwen3-vl-32b-awq,"{""count"": 0}"
9999941_00000_d_0000008,visdrone,400000,39,1400,788,840,448,376320,9649.2,0,1,1,0,0,qwen3-vl-32b-awq,"{""count"": 0}"
9999941_00000_d_0000012,visdrone,200000,20,1400,788,588,308,181104,9055.2,0,1,1,0,0,qwen3-vl-32b-awq,"{""count"": 0}"
9999941_00000_d_0000007,visdrone,400000,34,1400,788,840,448,376320,11068.2,0,1,1,0,0,qwen3-vl-32b-awq,"{""count"": 0}"
9999941_00000_d_0000009,visdrone,400000,20,1400,788,840,448,376320,18816.0,0,1,1,0,0,qwen3-vl-32b-awq,"{""count"": 0}"
9999941_00000_d_0000008,visdrone,800000,39,1400,788,1176,644,757344,19419.1,0,1,1,0,0,qwen3-vl-32b-awq,"{""count"": 0}"
9999941_00000_d_0000009,visdrone,800000,20,1400,788,1176,644,757344,37867.2,0,1,1,0,0,qwen3-vl-32b-awq,"{""count"": 0}"
9999941_00000_d_0000014,visdrone,200000,39,1400,788,588,308,181104,4643.7,0,1,1,0,0,qwen3-vl-32b-awq,"{""count"": 0}"
9999941_00000_d_0000008,visdrone,1048576,39,1400,788,1344,756,1016064,26052.9,0,1,1,0,0,qwen3-vl-32b-awq,"{""count"": 0}"
9999941_00000_d_0000014,visdrone,400000,39,1400,788,840,448,376320,9649.2,0,1,1,0,0,qwen3-vl-32b-awq,"{""count"": 0}"
9999941_00000_d_0000012,visdrone,400000,20,1400,788,840,448,376320,18816.0,0,1,1,0,0,qwen3-vl-32b-awq,"{""count"": 0}"
9999941_00000_d_0000009,visdrone,0,20,1400,788,1400,788,1103200,55160.0,0,1,1,0,0,qwen3-vl-32b-awq,"{""count"": 0}"
9999941_00000_d_0000009,visdrone,1048576,20,1400,788,1344,756,1016064,50803.2,0,1,1,0,0,qwen3-vl-32b-awq,"{""count"": 0}"
9999941_00000_d_0000012,visdrone,0,20,1400,788,1400,788,1103200,55160.0,0,1,1,0,0,qwen3-vl-32b-awq,"{""count"": 0}"
9999941_00000_d_0000012,visdrone,1048576,20,1400,788,1344,756,1016064,50803.2,0,1,1,0,0,qwen3-vl-32b-awq,"{""count"": 0}"
9999941_00000_d_0000012,visdrone,800000,20,1400,788,1176,644,757344,37867.2,0,1,1,0,0,qwen3-vl-32b-awq,"{""count"": 0}"
9999941_00000_d_0000015,visdrone,200000,30,1400,788,588,308,181104,6036.8,0,1,1,0,0,qwen3-vl-32b-awq,"{""count"": 0}"
9999941_00000_d_0000014,visdrone,0,39,1400,788,1400,788,1103200,28287.2,0,1,1,0,0,qwen3-vl-32b-awq,"{""count"": 0}"
9999941_00000_d_0000017,visdrone,200000,8,1400,788,588,308,181104,22638.0,0,1,1,0,0,qwen3-vl-32b-awq,"{""count"": 0}"
9999941_00000_d_0000014,visdrone,800000,39,1400,788,1176,644,757344,19419.1,0,1,1,0,0,qwen3-vl-32b-awq,"{""count"": 0}"
9999941_00000_d_0000014,visdrone,1048576,39,1400,788,1344,756,1016064,26052.9,0,1,1,0,0,qwen3-vl-32b-awq,"{""count"": 0}"
9999941_00000_d_0000015,visdrone,0,30,1400,788,1400,788,1103200,36773.3,10,1,0,0,0,qwen3-vl-32b-awq,"{""count"": 10}"
9999941_00000_d_0000018,visdrone,200000,12,1400,788,588,308,181104,15092.0,0,1,1,0,0,qwen3-vl-32b-awq,"{""count"": 0}"
9999941_00000_d_0000015,visdrone,1048576,30,1400,788,1344,756,1016064,33868.8,10,1,0,0,0,qwen3-vl-32b-awq,"{""count"": 10}"
9999941_00000_d_0000015,visdrone,400000,30,1400,788,840,448,376320,12544.0,0,1,1,0,0,qwen3-vl-32b-awq,"{""count"": 0}"
9999941_00000_d_0000017,visdrone,400000,8,1400,788,840,448,376320,47040.0,0,1,1,0,0,qwen3-vl-32b-awq,"{""count"": 0}"
9999941_00000_d_0000018,visdrone,400000,12,1400,788,840,448,376320,31360.0,0,1,1,0,0,qwen3-vl-32b-awq,"{""count"": 0}"
9999941_00000_d_0000015,visdrone,800000,30,1400,788,1176,644,757344,25244.8,10,1,0,0,0,qwen3-vl-32b-awq,"{""count"": 10}"
9999941_00000_d_0000020,visdrone,200000,39,1400,788,588,308,181104,4643.7,0,1,1,0,0,qwen3-vl-32b-awq,"{""count"": 0}"
9999941_00000_d_0000017,visdrone,800000,8,1400,788,1176,644,757344,94668.0,0,1,1,0,0,qwen3-vl-32b-awq,"{""count"": 0}"
9999941_00000_d_0000017,visdrone,0,8,1400,788,1400,788,1103200,137900.0,7,1,0,0,0,qwen3-vl-32b-awq,"{""count"": 7}"
9999941_00000_d_0000017,visdrone,1048576,8,1400,788,1344,756,1016064,127008.0,6,1,0,0,0,qwen3-vl-32b-awq,"{""count"": 6}"
9999941_00000_d_0000018,visdrone,0,12,1400,788,1400,788,1103200,91933.3,0,1,1,0,0,qwen3-vl-32b-awq,"{""count"": 0}"
9999941_00000_d_0000018,visdrone,1048576,12,1400,788,1344,756,1016064,84672.0,0,1,1,0,0,qwen3-vl-32b-awq,"{""count"": 0}"
9999941_00000_d_0000021,visdrone,200000,6,1400,788,588,308,181104,30184.0,0,1,1,0,0,qwen3-vl-32b-awq,"{""count"": 0}"
9999941_00000_d_0000018,visdrone,800000,12,1400,788,1176,644,757344,63112.0,0,1,1,0,0,qwen3-vl-32b-awq,"{""count"": 0}"
9999941_00000_d_0000020,visdrone,0,39,1400,788,1400,788,1103200,28287.2,0,1,1,0,0,qwen3-vl-32b-awq,"{""count"": 0}"
9999941_00000_d_0000020,visdrone,1048576,39,1400,788,1344,756,1016064,26052.9,0,1,1,0,0,qwen3-vl-32b-awq,"{""count"": 0}"
9999941_00000_d_0000022,visdrone,200000,34,1400,788,588,308,181104,5326.6,0,1,1,0,0,qwen3-vl-32b-awq,"{""count"": 0}"
9999941_00000_d_0000020,visdrone,800000,39,1400,788,1176,644,757344,19419.1,0,1,1,0,0,qwen3-vl-32b-awq,"{""count"": 0}"
9999941_00000_d_0000020,visdrone,400000,39,1400,788,840,448,376320,9649.2,0,1,1,0,0,qwen3-vl-32b-awq,"{""count"": 0}"
9999941_00000_d_0000021,visdrone,800000,6,1400,788,1176,644,757344,126224.0,0,1,1,0,0,qwen3-vl-32b-awq,"{""count"": 0}"
9999941_00000_d_0000023,visdrone,200000,41,1400,788,588,308,181104,4417.2,0,1,1,0,0,qwen3-vl-32b-awq,"{""count"": 0}"
9999941_00000_d_0000022,visdrone,400000,34,1400,788,840,448,376320,11068.2,0,1,1,0,0,qwen3-vl-32b-awq,"{""count"": 0}"
9999941_00000_d_0000021,visdrone,400000,6,1400,788,840,448,376320,62720.0,0,1,1,0,0,qwen3-vl-32b-awq,"{""count"": 0}"
9999941_00000_d_0000021,visdrone,0,6,1400,788,1400,788,1103200,183866.7,0,1,1,0,0,qwen3-vl-32b-awq,"{""count"": 0}"
9999941_00000_d_0000021,visdrone,1048576,6,1400,788,1344,756,1016064,169344.0,0,1,1,0,0,qwen3-vl-32b-awq,"{""count"": 0}"
9999941_00000_d_0000022,visdrone,0,34,1400,788,1400,788,1103200,32447.1,0,1,1,0,0,qwen3-vl-32b-awq,"{""count"": 0}"
9999941_00000_d_0000022,visdrone,1048576,34,1400,788,1344,756,1016064,29884.2,0,1,1,0,0,qwen3-vl-32b-awq,"{""count"": 0}"
9999941_00000_d_0000022,visdrone,800000,34,1400,788,1176,644,757344,22274.8,0,1,1,0,0,qwen3-vl-32b-awq,"{""count"": 0}"
9999941_00000_d_0000024,visdrone,200000,13,1400,788,588,308,181104,13931.1,0,1,1,0,0,qwen3-vl-32b-awq,"{""count"": 0}"
9999941_00000_d_0000023,visdrone,0,41,1400,788,1400,788,1103200,26907.3,0,1,1,0,0,qwen3-vl-32b-awq,"{""count"": 0}"
9999941_00000_d_0000023,visdrone,1048576,41,1400,788,1344,756,1016064,24782.0,0,1,1,0,0,qwen3-vl-32b-awq,"{""count"": 0}"
9999941_00000_d_0000025,visdrone,200000,27,1400,788,588,308,181104,6707.6,0,1,1,0,0,qwen3-vl-32b-awq,"{""count"": 0}"
9999941_00000_d_0000023,visdrone,800000,41,1400,788,1176,644,757344,18471.8,0,1,1,0,0,qwen3-vl-32b-awq,"{""count"": 0}"
9999941_00000_d_0000024,visdrone,800000,13,1400,788,1176,644,757344,58257.2,0,1,1,0,0,qwen3-vl-32b-awq,"{""count"": 0}"
9999941_00000_d_0000029,visdrone,200000,27,1400,788,588,308,181104,6707.6,0,1,1,0,0,qwen3-vl-32b-awq,"{""count"": 0}"
9999941_00000_d_0000023,visdrone,400000,41,1400,788,840,448,376320,9178.5,0,1,1,0,0,qwen3-vl-32b-awq,"{""count"": 0}"
9999941_00000_d_0000024,visdrone,400000,13,1400,788,840,448,376320,28947.7,0,1,1,0,0,qwen3-vl-32b-awq,"{""count"": 0}"
9999941_00000_d_0000025,visdrone,400000,27,1400,788,840,448,376320,13937.8,0,1,1,0,0,qwen3-vl-32b-awq,"{""count"": 0}"
9999941_00000_d_0000024,visdrone,0,13,1400,788,1400,788,1103200,84861.5,0,1,1,0,0,qwen3-vl-32b-awq,"{""count"": 0}"
9999941_00000_d_0000024,visdrone,1048576,13,1400,788,1344,756,1016064,78158.8,0,1,1,0,0,qwen3-vl-32b-awq,"{""count"": 0}"
9999941_00000_d_0000025,visdrone,0,27,1400,788,1400,788,1103200,40859.3,0,1,1,0,0,qwen3-vl-32b-awq,"{""count"": 0}"
9999941_00000_d_0000025,visdrone,1048576,27,1400,788,1344,756,1016064,37632.0,0,1,1,0,0,qwen3-vl-32b-awq,"{""count"": 0}"
9999941_00000_d_0000025,visdrone,800000,27,1400,788,1176,644,757344,28049.8,0,1,1,0,0,qwen3-vl-32b-awq,"{""count"": 0}"
9999941_00000_d_0000032,visdrone,200000,1,1400,788,588,308,181104,181104.0,0,1,1,0,0,qwen3-vl-32b-awq,"{""count"": 0}"
9999941_00000_d_0000029,visdrone,0,27,1400,788,1400,788,1103200,40859.3,0,1,1,0,0,qwen3-vl-32b-awq,"{""count"": 0}"
9999941_00000_d_0000029,visdrone,1048576,27,1400,788,1344,756,1016064,37632.0,0,1,1,0,0,qwen3-vl-32b-awq,"{""count"": 0}"
9999941_00000_d_0000032,visdrone,400000,1,1400,788,840,448,376320,376320.0,1,1,0,0,0,qwen3-vl-32b-awq,"{""count"": 1}"
9999941_00000_d_0000029,visdrone,400000,27,1400,788,840,448,376320,13937.8,0,1,1,0,0,qwen3-vl-32b-awq,"{""count"": 0}"
9999947_00000_d_0000013,visdrone,200000,48,1400,1050,504,364,183456,3822.0,0,1,1,0,0,qwen3-vl-32b-awq,"{""count"": 0}"
9999947_00000_d_0000005,visdrone,200000,44,1400,1050,504,364,183456,4169.5,10,1,0,0,0,qwen3-vl-32b-awq,"{""count"": 10}"
9999941_00000_d_0000029,visdrone,800000,27,1400,788,1176,644,757344,28049.8,0,1,1,0,0,qwen3-vl-32b-awq,"{""count"": 0}"
9999947_00000_d_0000005,visdrone,400000,44,1400,1050,728,532,387296,8802.2,28,1,0,0,0,qwen3-vl-32b-awq,"{""count"": 28}"
9999941_00000_d_0000032,visdrone,800000,1,1400,788,1176,644,757344,757344.0,1,1,0,0,0,qwen3-vl-32b-awq,"{""count"": 1}"
9999941_00000_d_0000032,visdrone,0,1,1400,788,1400,788,1103200,1103200.0,1,1,0,0,0,qwen3-vl-32b-awq,"{""count"": 1}"
9999941_00000_d_0000032,visdrone,1048576,1,1400,788,1344,756,1016064,1016064.0,1,1,0,0,0,qwen3-vl-32b-awq,"{""count"": 1}"
9999947_00000_d_0000005,visdrone,1048576,44,1400,1050,1176,868,1020768,23199.3,0,1,1,0,0,qwen3-vl-32b-awq,"{""count"": 0}"
9999947_00000_d_0000005,visdrone,0,44,1400,1050,1400,1050,1470000,33409.1,30,1,0,0,0,qwen3-vl-32b-awq,"{""count"": 30}"
9999947_00000_d_0000014,visdrone,200000,57,1400,1050,504,364,183456,3218.5,0,1,1,0,0,qwen3-vl-32b-awq,"{""count"": 0}"
9999947_00000_d_0000005,visdrone,800000,44,1400,1050,1008,756,762048,17319.3,28,1,0,0,0,qwen3-vl-32b-awq,"{""count"": 28}"
9999947_00000_d_0000013,visdrone,0,48,1400,1050,1400,1050,1470000,30625.0,0,1,1,0,0,qwen3-vl-32b-awq,"{""count"": 0}"
9999947_00000_d_0000013,visdrone,1048576,48,1400,1050,1176,868,1020768,21266.0,0,1,1,0,0,qwen3-vl-32b-awq,"{""count"": 0}"
9999947_00000_d_0000017,visdrone,200000,30,1400,1050,504,364,183456,6115.2,10,1,0,0,0,qwen3-vl-32b-awq,"{""count"": 10}"
9999947_00000_d_0000013,visdrone,800000,48,1400,1050,1008,756,762048,15876.0,10,1,0,0,0,qwen3-vl-32b-awq,"{""count"": 10}"
9999947_00000_d_0000014,visdrone,400000,57,1400,1050,728,532,387296,6794.7,0,1,1,0,0,qwen3-vl-32b-awq,"{""count"": 0}"
9999947_00000_d_0000020,visdrone,200000,94,1400,1050,504,364,183456,1951.7,0,1,1,0,0,qwen3-vl-32b-awq,"{""count"": 0}"
9999947_00000_d_0000013,visdrone,400000,48,1400,1050,728,532,387296,8068.7,0,1,1,0,0,qwen3-vl-32b-awq,"{""count"": 0}"
9999947_00000_d_0000014,visdrone,0,57,1400,1050,1400,1050,1470000,25789.5,0,1,1,0,0,qwen3-vl-32b-awq,"{""count"": 0}"
9999947_00000_d_0000014,visdrone,1048576,57,1400,1050,1176,868,1020768,17908.2,0,1,1,0,0,qwen3-vl-32b-awq,"{""count"": 0}"
9999947_00000_d_0000014,visdrone,800000,57,1400,1050,1008,756,762048,13369.3,0,1,1,0,0,qwen3-vl-32b-awq,"{""count"": 0}"
9999947_00000_d_0000017,visdrone,0,30,1400,1050,1400,1050,1470000,49000.0,28,1,0,0,0,qwen3-vl-32b-awq,"{""count"": 28}"
9999947_00000_d_0000017,visdrone,1048576,30,1400,1050,1176,868,1020768,34025.6,28,1,0,0,0,qwen3-vl-32b-awq,"{""count"": 28}"
9999947_00000_d_0000021,visdrone,200000,97,1400,1050,504,364,183456,1891.3,0,1,1,0,0,qwen3-vl-32b-awq,"{""count"": 0}"
9999947_00000_d_0000017,visdrone,800000,30,1400,1050,1008,756,762048,25401.6,25,1,0,0,0,qwen3-vl-32b-awq,"{""count"": 25}"
9999947_00000_d_0000020,visdrone,800000,94,1400,1050,1008,756,762048,8106.9,0,1,1,0,0,qwen3-vl-32b-awq,"{""count"": 0}"
9999947_00000_d_0000021,visdrone,400000,97,1400,1050,728,532,387296,3992.7,0,1,1,0,0,qwen3-vl-32b-awq,"{""count"": 0}"
9999947_00000_d_0000017,visdrone,400000,30,1400,1050,728,532,387296,12909.9,20,1,0,0,0,qwen3-vl-32b-awq,"{""count"": 20}"
9999947_00000_d_0000020,visdrone,400000,94,1400,1050,728,532,387296,4120.2,0,1,1,0,0,qwen3-vl-32b-awq,"{""count"": 0}"
9999947_00000_d_0000020,visdrone,0,94,1400,1050,1400,1050,1470000,15638.3,0,1,1,0,0,qwen3-vl-32b-awq,"{""count"": 0}"
9999947_00000_d_0000026,visdrone,200000,57,1400,1050,504,364,183456,3218.5,18,1,0,0,0,qwen3-vl-32b-awq,"{""count"": 18}"
9999947_00000_d_0000020,visdrone,1048576,94,1400,1050,1176,868,1020768,10859.2,0,1,1,0,0,qwen3-vl-32b-awq,"{""count"": 0}"
9999947_00000_d_0000021,visdrone,0,97,1400,1050,1400,1050,1470000,15154.6,0,1,1,0,0,qwen3-vl-32b-awq,"{""count"": 0}"
9999947_00000_d_0000021,visdrone,1048576,97,1400,1050,1176,868,1020768,10523.4,0,1,1,0,0,qwen3-vl-32b-awq,"{""count"": 0}"
9999952_00000_d_0000002,visdrone,200000,15,1400,788,588,308,181104,12073.6,0,1,1,0,0,qwen3-vl-32b-awq,"{""count"": 0}"
9999947_00000_d_0000021,visdrone,800000,97,1400,1050,1008,756,762048,7856.2,0,1,1,0,0,qwen3-vl-32b-awq,"{""count"": 0}"
9999947_00000_d_0000026,visdrone,0,57,1400,1050,1400,1050,1470000,25789.5,30,1,0,0,0,qwen3-vl-32b-awq,"{""count"": 30}"
9999947_00000_d_0000026,visdrone,1048576,57,1400,1050,1176,868,1020768,17908.2,30,1,0,0,0,qwen3-vl-32b-awq,"{""count"": 30}"
9999952_00000_d_0000002,visdrone,400000,15,1400,788,840,448,376320,25088.0,0,1,1,0,0,qwen3-vl-32b-awq,"{""count"": 0}"
9999952_00000_d_0000004,visdrone,200000,9,1400,788,588,308,181104,20122.7,0,1,1,0,0,qwen3-vl-32b-awq,"{""count"": 0}"
9999947_00000_d_0000026,visdrone,400000,57,1400,1050,728,532,387296,6794.7,30,1,0,0,0,qwen3-vl-32b-awq,"{""count"": 30}"
9999952_00000_d_0000002,visdrone,0,15,1400,788,1400,788,1103200,73546.7,0,1,1,0,0,qwen3-vl-32b-awq,"{""count"": 0}"
9999952_00000_d_0000015,visdrone,200000,10,1400,788,588,308,181104,18110.4,5,1,0,0,0,qwen3-vl-32b-awq,"{""count"": 5}"
9999947_00000_d_0000026,visdrone,800000,57,1400,1050,1008,756,762048,13369.3,30,1,0,0,0,qwen3-vl-32b-awq,"{""count"": 30}"
9999952_00000_d_0000002,visdrone,800000,15,1400,788,1176,644,757344,50489.6,0,1,1,0,0,qwen3-vl-32b-awq,"{""count"": 0}"
9999952_00000_d_0000002,visdrone,1048576,15,1400,788,1344,756,1016064,67737.6,0,1,1,0,0,qwen3-vl-32b-awq,"{""count"": 0}"
9999952_00000_d_0000004,visdrone,0,9,1400,788,1400,788,1103200,122577.8,0,1,1,0,0,qwen3-vl-32b-awq,"{""count"": 0}"
9999952_00000_d_0000004,visdrone,1048576,9,1400,788,1344,756,1016064,112896.0,0,1,1,0,0,qwen3-vl-32b-awq,"{""count"": 0}"
9999952_00000_d_0000015,visdrone,400000,10,1400,788,840,448,376320,37632.0,5,1,0,0,0,qwen3-vl-32b-awq,"{""count"": 5}"
9999952_00000_d_0000004,visdrone,400000,9,1400,788,840,448,376320,41813.3,0,1,1,0,0,qwen3-vl-32b-awq,"{""count"": 0}"
9999952_00000_d_0000016,visdrone,200000,3,1400,788,588,308,181104,60368.0,0,1,1,0,0,qwen3-vl-32b-awq,"{""count"": 0}"
9999952_00000_d_0000016,visdrone,400000,3,1400,788,840,448,376320,125440.0,0,1,1,0,0,qwen3-vl-32b-awq,"{""count"": 0}"
9999952_00000_d_0000004,visdrone,800000,9,1400,788,1176,644,757344,84149.3,0,1,1,0,0,qwen3-vl-32b-awq,"{""count"": 0}"
9999952_00000_d_0000017,visdrone,200000,1,1400,788,588,308,181104,181104.0,0,1,1,0,0,qwen3-vl-32b-awq,"{""count"": 0}"
9999952_00000_d_0000015,visdrone,800000,10,1400,788,1176,644,757344,75734.4,6,1,0,0,0,qwen3-vl-32b-awq,"{""count"": 6}"
9999952_00000_d_0000015,visdrone,0,10,1400,788,1400,788,1103200,110320.0,6,1,0,0,0,qwen3-vl-32b-awq,"{""count"": 6}"
9999952_00000_d_0000015,visdrone,1048576,10,1400,788,1344,756,1016064,101606.4,6,1,0,0,0,qwen3-vl-32b-awq,"{""count"": 6}"
9999952_00000_d_0000016,visdrone,0,3,1400,788,1400,788,1103200,367733.3,0,1,1,0,0,qwen3-vl-32b-awq,"{""count"": 0}"
9999952_00000_d_0000016,visdrone,1048576,3,1400,788,1344,756,1016064,338688.0,0,1,1,0,0,qwen3-vl-32b-awq,"{""count"": 0}"
9999952_00000_d_0000016,visdrone,800000,3,1400,788,1176,644,757344,252448.0,0,1,1,0,0,qwen3-vl-32b-awq,"{""count"": 0}"
9999952_00000_d_0000019,visdrone,200000,5,1400,788,588,308,181104,36220.8,0,1,1,0,0,qwen3-vl-32b-awq,"{""count"": 0}"
9999952_00000_d_0000017,visdrone,0,1,1400,788,1400,788,1103200,1103200.0,0,1,1,0,0,qwen3-vl-32b-awq,"{""count"": 0}"
9999952_00000_d_0000017,visdrone,1048576,1,1400,788,1344,756,1016064,1016064.0,0,1,1,0,0,qwen3-vl-32b-awq,"{""count"": 0}"
9999952_00000_d_0000017,visdrone,800000,1,1400,788,1176,644,757344,757344.0,0,1,1,0,0,qwen3-vl-32b-awq,"{""count"": 0}"
9999952_00000_d_0000030,visdrone,200000,2,1400,788,588,308,181104,90552.0,0,1,1,0,0,qwen3-vl-32b-awq,"{""count"": 0}"
9999952_00000_d_0000019,visdrone,400000,5,1400,788,840,448,376320,75264.0,0,1,1,0,0,qwen3-vl-32b-awq,"{""count"": 0}"
9999952_00000_d_0000030,visdrone,400000,2,1400,788,840,448,376320,188160.0,0,1,1,0,0,qwen3-vl-32b-awq,"{""count"": 0}"
9999952_00000_d_0000033,visdrone,200000,1,1400,788,588,308,181104,181104.0,0,1,1,0,0,qwen3-vl-32b-awq,"{""count"": 0}"
9999952_00000_d_0000017,visdrone,400000,1,1400,788,840,448,376320,376320.0,0,1,1,0,0,qwen3-vl-32b-awq,"{""count"": 0}"
9999952_00000_d_0000019,visdrone,800000,5,1400,788,1176,644,757344,151468.8,0,1,1,0,0,qwen3-vl-32b-awq,"{""count"": 0}"
9999952_00000_d_0000019,visdrone,0,5,1400,788,1400,788,1103200,220640.0,0,1,1,0,0,qwen3-vl-32b-awq,"{""count"": 0}"
9999952_00000_d_0000019,visdrone,1048576,5,1400,788,1344,756,1016064,203212.8,0,1,1,0,0,qwen3-vl-32b-awq,"{""count"": 0}"
9999952_00000_d_0000030,visdrone,0,2,1400,788,1400,788,1103200,551600.0,0,1,1,0,0,qwen3-vl-32b-awq,"{""count"": 0}"
9999952_00000_d_0000030,visdrone,1048576,2,1400,788,1344,756,1016064,508032.0,0,1,1,0,0,qwen3-vl-32b-awq,"{""count"": 0}"
9999952_00000_d_0000030,visdrone,800000,2,1400,788,1176,644,757344,378672.0,0,1,1,0,0,qwen3-vl-32b-awq,"{""count"": 0}"
9999952_00000_d_0000041,visdrone,200000,1,1400,788,588,308,181104,181104.0,0,1,1,0,0,qwen3-vl-32b-awq,"{""count"": 0}"
9999952_00000_d_0000033,visdrone,0,1,1400,788,1400,788,1103200,1103200.0,0,1,1,0,0,qwen3-vl-32b-awq,"{""count"": 0}"
9999952_00000_d_0000050,visdrone,200000,2,1400,788,588,308,181104,90552.0,0,1,1,0,0,qwen3-vl-32b-awq,"{""count"": 0}"
9999952_00000_d_0000033,visdrone,800000,1,1400,788,1176,644,757344,757344.0,0,1,1,0,0,qwen3-vl-32b-awq,"{""count"": 0}"
9999952_00000_d_0000033,visdrone,1048576,1,1400,788,1344,756,1016064,1016064.0,0,1,1,0,0,qwen3-vl-32b-awq,"{""count"": 0}"
9999952_00000_d_0000033,visdrone,400000,1,1400,788,840,448,376320,376320.0,0,1,1,0,0,qwen3-vl-32b-awq,"{""count"": 0}"
9999952_00000_d_0000041,visdrone,400000,1,1400,788,840,448,376320,376320.0,0,1,1,0,0,qwen3-vl-32b-awq,"{""count"": 0}"
9999952_00000_d_0000051,visdrone,200000,3,1400,788,588,308,181104,60368.0,0,1,1,0,0,qwen3-vl-32b-awq,"{""count"": 0}"
9999952_00000_d_0000041,visdrone,0,1,1400,788,1400,788,1103200,1103200.0,0,1,1,0,0,qwen3-vl-32b-awq,"{""count"": 0}"
9999952_00000_d_0000041,visdrone,1048576,1,1400,788,1344,756,1016064,1016064.0,0,1,1,0,0,qwen3-vl-32b-awq,"{""count"": 0}"
9999952_00000_d_0000041,visdrone,800000,1,1400,788,1176,644,757344,757344.0,0,1,1,0,0,qwen3-vl-32b-awq,"{""count"": 0}"
9999952_00000_d_0000050,visdrone,0,2,1400,788,1400,788,1103200,551600.0,0,1,1,0,0,qwen3-vl-32b-awq,"{""count"": 0}"
9999952_00000_d_0000050,visdrone,1048576,2,1400,788,1344,756,1016064,508032.0,0,1,1,0,0,qwen3-vl-32b-awq,"{""count"": 0}"
9999952_00000_d_0000050,visdrone,800000,2,1400,788,1176,644,757344,378672.0,0,1,1,0,0,qwen3-vl-32b-awq,"{""count"": 0}"
9999952_00000_d_0000056,visdrone,200000,1,1400,788,588,308,181104,181104.0,0,1,1,0,0,qwen3-vl-32b-awq,"{""count"": 0}"
9999952_00000_d_0000050,visdrone,400000,2,1400,788,840,448,376320,188160.0,0,1,1,0,0,qwen3-vl-32b-awq,"{""count"": 0}"
9999952_00000_d_0000051,visdrone,400000,3,1400,788,840,448,376320,125440.0,0,1,1,0,0,qwen3-vl-32b-awq,"{""count"": 0}"
9999952_00000_d_0000056,visdrone,400000,1,1400,788,840,448,376320,376320.0,0,1,1,0,0,qwen3-vl-32b-awq,"{""count"": 0}"
9999952_00000_d_0000051,visdrone,800000,3,1400,788,1176,644,757344,252448.0,0,1,1,0,0,qwen3-vl-32b-awq,"{""count"": 0}"
9999952_00000_d_0000064,visdrone,200000,1,1400,788,588,308,181104,181104.0,0,1,1,0,0,qwen3-vl-32b-awq,"{""count"": 0}"
9999952_00000_d_0000051,visdrone,0,3,1400,788,1400,788,1103200,367733.3,0,1,1,0,0,qwen3-vl-32b-awq,"{""count"": 0}"
9999952_00000_d_0000051,visdrone,1048576,3,1400,788,1344,756,1016064,338688.0,0,1,1,0,0,qwen3-vl-32b-awq,"{""count"": 0}"
9999952_00000_d_0000056,visdrone,0,1,1400,788,1400,788,1103200,1103200.0,0,1,1,0,0,qwen3-vl-32b-awq,"{""count"": 0}"
9999952_00000_d_0000056,visdrone,1048576,1,1400,788,1344,756,1016064,1016064.0,0,1,1,0,0,qwen3-vl-32b-awq,"{""count"": 0}"
9999952_00000_d_0000056,visdrone,800000,1,1400,788,1176,644,757344,757344.0,0,1,1,0,0,qwen3-vl-32b-awq,"{""count"": 0}"
9999952_00000_d_0000068,visdrone,200000,1,1400,788,588,308,181104,181104.0,0,1,1,0,0,qwen3-vl-32b-awq,"{""count"": 0}"
9999952_00000_d_0000064,visdrone,0,1,1400,788,1400,788,1103200,1103200.0,0,1,1,0,0,qwen3-vl-32b-awq,"{""count"": 0}"
9999952_00000_d_0000064,visdrone,1048576,1,1400,788,1344,756,1016064,1016064.0,0,1,1,0,0,qwen3-vl-32b-awq,"{""count"": 0}"
9999952_00000_d_0000069,visdrone,200000,1,1400,788,588,308,181104,181104.0,0,1,1,0,0,qwen3-vl-32b-awq,"{""count"": 0}"
9999952_00000_d_0000064,visdrone,400000,1,1400,788,840,448,376320,376320.0,0,1,1,0,0,qwen3-vl-32b-awq,"{""count"": 0}"
9999952_00000_d_0000068,visdrone,400000,1,1400,788,840,448,376320,376320.0,0,1,1,0,0,qwen3-vl-32b-awq,"{""count"": 0}"
9999952_00000_d_0000069,visdrone,400000,1,1400,788,840,448,376320,376320.0,0,1,1,0,0,qwen3-vl-32b-awq,"{""count"": 0}"
9999952_00000_d_0000072,visdrone,200000,9,1400,788,588,308,181104,20122.7,0,1,1,0,0,qwen3-vl-32b-awq,"{""count"": 0}"
9999952_00000_d_0000064,visdrone,800000,1,1400,788,1176,644,757344,757344.0,0,1,1,0,0,qwen3-vl-32b-awq,"{""count"": 0}"
9999952_00000_d_0000068,visdrone,800000,1,1400,788,1176,644,757344,757344.0,0,1,1,0,0,qwen3-vl-32b-awq,"{""count"": 0}"
9999952_00000_d_0000068,visdrone,0,1,1400,788,1400,788,1103200,1103200.0,0,1,1,0,0,qwen3-vl-32b-awq,"{""count"": 0}"
9999952_00000_d_0000068,visdrone,1048576,1,1400,788,1344,756,1016064,1016064.0,0,1,1,0,0,qwen3-vl-32b-awq,"{""count"": 0}"
9999952_00000_d_0000069,visdrone,0,1,1400,788,1400,788,1103200,1103200.0,0,1,1,0,0,qwen3-vl-32b-awq,"{""count"": 0}"
9999952_00000_d_0000069,visdrone,1048576,1,1400,788,1344,756,1016064,1016064.0,0,1,1,0,0,qwen3-vl-32b-awq,"{""count"": 0}"
9999952_00000_d_0000069,visdrone,800000,1,1400,788,1176,644,757344,757344.0,0,1,1,0,0,qwen3-vl-32b-awq,"{""count"": 0}"
9999952_00000_d_0000073,visdrone,200000,2,1400,788,588,308,181104,90552.0,0,1,1,0,0,qwen3-vl-32b-awq,"{""count"": 0}"
9999952_00000_d_0000072,visdrone,0,9,1400,788,1400,788,1103200,122577.8,0,1,1,0,0,qwen3-vl-32b-awq,"{""count"": 0}"
9999952_00000_d_0000072,visdrone,800000,9,1400,788,1176,644,757344,84149.3,0,1,1,0,0,qwen3-vl-32b-awq,"{""count"": 0}"
9999952_00000_d_0000079,visdrone,200000,1,1400,788,588,308,181104,181104.0,0,1,1,0,0,qwen3-vl-32b-awq,"{""count"": 0}"
9999952_00000_d_0000072,visdrone,1048576,9,1400,788,1344,756,1016064,112896.0,0,1,1,0,0,qwen3-vl-32b-awq,"{""count"": 0}"
9999952_00000_d_0000080,visdrone,200000,1,1400,788,588,308,181104,181104.0,0,1,1,0,0,qwen3-vl-32b-awq,"{""count"": 0}"
9999952_00000_d_0000072,visdrone,400000,9,1400,788,840,448,376320,41813.3,0,1,1,0,0,qwen3-vl-32b-awq,"{""count"": 0}"
9999952_00000_d_0000073,visdrone,400000,2,1400,788,840,448,376320,188160.0,0,1,1,0,0,qwen3-vl-32b-awq,"{""count"": 0}"
9999952_00000_d_0000073,visdrone,0,2,1400,788,1400,788,1103200,551600.0,0,1,1,0,0,qwen3-vl-32b-awq,"{""count"": 0}"
9999952_00000_d_0000073,visdrone,1048576,2,1400,788,1344,756,1016064,508032.0,0,1,1,0,0,qwen3-vl-32b-awq,"{""count"": 0}"
9999952_00000_d_0000073,visdrone,800000,2,1400,788,1176,644,757344,378672.0,0,1,1,0,0,qwen3-vl-32b-awq,"{""count"": 0}"
9999952_00000_d_0000079,visdrone,0,1,1400,788,1400,788,1103200,1103200.0,0,1,1,0,0,qwen3-vl-32b-awq,"{""count"": 0}"
9999952_00000_d_0000079,visdrone,1048576,1,1400,788,1344,756,1016064,1016064.0,0,1,1,0,0,qwen3-vl-32b-awq,"{""count"": 0}"
9999952_00000_d_0000079,visdrone,800000,1,1400,788,1176,644,757344,757344.0,0,1,1,0,0,qwen3-vl-32b-awq,"{""count"": 0}"
9999952_00000_d_0000092,visdrone,200000,1,1400,788,588,308,181104,181104.0,0,1,1,0,0,qwen3-vl-32b-awq,"{""count"": 0}"
9999952_00000_d_0000080,visdrone,0,1,1400,788,1400,788,1103200,1103200.0,0,1,1,0,0,qwen3-vl-32b-awq,"{""count"": 0}"
9999952_00000_d_0000079,visdrone,400000,1,1400,788,840,448,376320,376320.0,0,1,1,0,0,qwen3-vl-32b-awq,"{""count"": 0}"
9999952_00000_d_0000101,visdrone,200000,8,1400,788,588,308,181104,22638.0,0,1,1,0,0,qwen3-vl-32b-awq,"{""count"": 0}"
9999952_00000_d_0000080,visdrone,400000,1,1400,788,840,448,376320,376320.0,0,1,1,0,0,qwen3-vl-32b-awq,"{""count"": 0}"
9999952_00000_d_0000080,visdrone,1048576,1,1400,788,1344,756,1016064,1016064.0,0,1,1,0,0,qwen3-vl-32b-awq,"{""count"": 0}"
9999952_00000_d_0000080,visdrone,800000,1,1400,788,1176,644,757344,757344.0,0,1,1,0,0,qwen3-vl-32b-awq,"{""count"": 0}"
9999952_00000_d_0000092,visdrone,0,1,1400,788,1400,788,1103200,1103200.0,0,1,1,0,0,qwen3-vl-32b-awq,"{""count"": 0}"
9999952_00000_d_0000103,visdrone,200000,26,1400,788,588,308,181104,6965.5,0,1,1,0,0,qwen3-vl-32b-awq,"{""count"": 0}"
9999952_00000_d_0000092,visdrone,800000,1,1400,788,1176,644,757344,757344.0,0,1,1,0,0,qwen3-vl-32b-awq,"{""count"": 0}"
9999952_00000_d_0000092,visdrone,1048576,1,1400,788,1344,756,1016064,1016064.0,0,1,1,0,0,qwen3-vl-32b-awq,"{""count"": 0}"
9999952_00000_d_0000101,visdrone,400000,8,1400,788,840,448,376320,47040.0,0,1,1,0,0,qwen3-vl-32b-awq,"{""count"": 0}"
9999952_00000_d_0000092,visdrone,400000,1,1400,788,840,448,376320,376320.0,0,1,1,0,0,qwen3-vl-32b-awq,"{""count"": 0}"
9999952_00000_d_0000101,visdrone,0,8,1400,788,1400,788,1103200,137900.0,0,1,1,0,0,qwen3-vl-32b-awq,"{""count"": 0}"
9999952_00000_d_0000104,visdrone,200000,1,1400,788,588,308,181104,181104.0,0,1,1,0,0,qwen3-vl-32b-awq,"{""count"": 0}"
9999952_00000_d_0000101,visdrone,800000,8,1400,788,1176,644,757344,94668.0,0,1,1,0,0,qwen3-vl-32b-awq,"{""count"": 0}"
9999952_00000_d_0000101,visdrone,1048576,8,1400,788,1344,756,1016064,127008.0,0,1,1,0,0,qwen3-vl-32b-awq,"{""count"": 0}"
9999952_00000_d_0000103,visdrone,0,26,1400,788,1400,788,1103200,42430.8,0,1,1,0,0,qwen3-vl-32b-awq,"{""count"": 0}"
9999952_00000_d_0000103,visdrone,1048576,26,1400,788,1344,756,1016064,39079.4,0,1,1,0,0,qwen3-vl-32b-awq,"{""count"": 0}"
9999952_00000_d_0000112,visdrone,200000,8,1400,788,588,308,181104,22638.0,0,1,1,0,0,qwen3-vl-32b-awq,"{""count"": 0}"
9999952_00000_d_0000103,visdrone,800000,26,1400,788,1176,644,757344,29128.6,0,1,1,0,0,qwen3-vl-32b-awq,"{""count"": 0}"
9999952_00000_d_0000103,visdrone,400000,26,1400,788,840,448,376320,14473.8,0,1,1,0,0,qwen3-vl-32b-awq,"{""count"": 0}"
9999952_00000_d_0000104,visdrone,800000,1,1400,788,1176,644,757344,757344.0,0,1,1,0,0,qwen3-vl-32b-awq,"{""count"": 0}"
9999952_00000_d_0000104,visdrone,400000,1,1400,788,840,448,376320,376320.0,0,1,1,0,0,qwen3-vl-32b-awq,"{""count"": 0}"
9999952_00000_d_0000116,visdrone,200000,2,1400,788,588,308,181104,90552.0,0,1,1,0,0,qwen3-vl-32b-awq,"{""count"": 0}"
9999952_00000_d_0000112,visdrone,400000,8,1400,788,840,448,376320,47040.0,0,1,1,0,0,qwen3-vl-32b-awq,"{""count"": 0}"
9999952_00000_d_0000104,visdrone,0,1,1400,788,1400,788,1103200,1103200.0,0,1,1,0,0,qwen3-vl-32b-awq,"{""count"": 0}"
9999952_00000_d_0000104,visdrone,1048576,1,1400,788,1344,756,1016064,1016064.0,0,1,1,0,0,qwen3-vl-32b-awq,"{""count"": 0}"
9999952_00000_d_0000112,visdrone,0,8,1400,788,1400,788,1103200,137900.0,0,1,1,0,0,qwen3-vl-32b-awq,"{""count"": 0}"
9999952_00000_d_0000117,visdrone,200000,1,1400,788,588,308,181104,181104.0,0,1,1,0,0,qwen3-vl-32b-awq,"{""count"": 0}"
9999952_00000_d_0000112,visdrone,800000,8,1400,788,1176,644,757344,94668.0,0,1,1,0,0,qwen3-vl-32b-awq,"{""count"": 0}"
9999952_00000_d_0000112,visdrone,1048576,8,1400,788,1344,756,1016064,127008.0,0,1,1,0,0,qwen3-vl-32b-awq,"{""count"": 0}"
9999952_00000_d_0000116,visdrone,0,2,1400,788,1400,788,1103200,551600.0,0,1,1,0,0,qwen3-vl-32b-awq,"{""count"": 0}"
9999952_00000_d_0000116,visdrone,800000,2,1400,788,1176,644,757344,378672.0,0,1,1,0,0,qwen3-vl-32b-awq,"{""count"": 0}"
9999952_00000_d_0000118,visdrone,200000,3,1400,788,588,308,181104,60368.0,0,1,1,0,0,qwen3-vl-32b-awq,"{""count"": 0}"
9999952_00000_d_0000116,visdrone,1048576,2,1400,788,1344,756,1016064,508032.0,0,1,1,0,0,qwen3-vl-32b-awq,"{""count"": 0}"
9999952_00000_d_0000116,visdrone,400000,2,1400,788,840,448,376320,188160.0,0,1,1,0,0,qwen3-vl-32b-awq,"{""count"": 0}"
9999952_00000_d_0000119,visdrone,200000,3,1400,788,588,308,181104,60368.0,0,1,1,0,0,qwen3-vl-32b-awq,"{""count"": 0}"
9999952_00000_d_0000117,visdrone,400000,1,1400,788,840,448,376320,376320.0,0,1,1,0,0,qwen3-vl-32b-awq,"{""count"": 0}"
9999952_00000_d_0000117,visdrone,0,1,1400,788,1400,788,1103200,1103200.0,0,1,1,0,0,qwen3-vl-32b-awq,"{""count"": 0}"
9999952_00000_d_0000117,visdrone,1048576,1,1400,788,1344,756,1016064,1016064.0,0,1,1,0,0,qwen3-vl-32b-awq,"{""count"": 0}"
9999952_00000_d_0000117,visdrone,800000,1,1400,788,1176,644,757344,757344.0,0,1,1,0,0,qwen3-vl-32b-awq,"{""count"": 0}"
9999952_00000_d_0000118,visdrone,0,3,1400,788,1400,788,1103200,367733.3,0,1,1,0,0,qwen3-vl-32b-awq,"{""count"": 0}"
9999952_00000_d_0000121,visdrone,200000,2,1400,788,588,308,181104,90552.0,0,1,1,0,0,qwen3-vl-32b-awq,"{""count"": 0}"
9999952_00000_d_0000118,visdrone,800000,3,1400,788,1176,644,757344,252448.0,0,1,1,0,0,qwen3-vl-32b-awq,"{""count"": 0}"
9999952_00000_d_0000118,visdrone,1048576,3,1400,788,1344,756,1016064,338688.0,0,1,1,0,0,qwen3-vl-32b-awq,"{""count"": 0}"
9999952_00000_d_0000119,visdrone,400000,3,1400,788,840,448,376320,125440.0,0,1,1,0,0,qwen3-vl-32b-awq,"{""count"": 0}"
9999952_00000_d_0000118,visdrone,400000,3,1400,788,840,448,376320,125440.0,0,1,1,0,0,qwen3-vl-32b-awq,"{""count"": 0}"
9999952_00000_d_0000119,visdrone,0,3,1400,788,1400,788,1103200,367733.3,0,1,1,0,0,qwen3-vl-32b-awq,"{""count"": 0}"
9999952_00000_d_0000132,visdrone,200000,2,1400,788,588,308,181104,90552.0,0,1,1,0,0,qwen3-vl-32b-awq,"{""count"": 0}"
9999952_00000_d_0000119,visdrone,800000,3,1400,788,1176,644,757344,252448.0,0,1,1,0,0,qwen3-vl-32b-awq,"{""count"": 0}"
9999952_00000_d_0000119,visdrone,1048576,3,1400,788,1344,756,1016064,338688.0,0,1,1,0,0,qwen3-vl-32b-awq,"{""count"": 0}"
9999952_00000_d_0000121,visdrone,0,2,1400,788,1400,788,1103200,551600.0,0,1,1,0,0,qwen3-vl-32b-awq,"{""count"": 0}"
9999952_00000_d_0000121,visdrone,1048576,2,1400,788,1344,756,1016064,508032.0,0,1,1,0,0,qwen3-vl-32b-awq,"{""count"": 0}"
9999952_00000_d_0000121,visdrone,800000,2,1400,788,1176,644,757344,378672.0,0,1,1,0,0,qwen3-vl-32b-awq,"{""count"": 0}"
9999952_00000_d_0000135,visdrone,200000,4,1400,788,588,308,181104,45276.0,0,1,1,0,0,qwen3-vl-32b-awq,"{""count"": 0}"
9999952_00000_d_0000132,visdrone,400000,2,1400,788,840,448,376320,188160.0,0,1,1,0,0,qwen3-vl-32b-awq,"{""count"": 0}"
9999952_00000_d_0000135,visdrone,400000,4,1400,788,840,448,376320,94080.0,0,1,1,0,0,qwen3-vl-32b-awq,"{""count"": 0}"
9999952_00000_d_0000121,visdrone,400000,2,1400,788,840,448,376320,188160.0,0,1,1,0,0,qwen3-vl-32b-awq,"{""count"": 0}"
9999952_00000_d_0000141,visdrone,200000,7,1400,788,588,308,181104,25872.0,0,1,1,0,0,qwen3-vl-32b-awq,"{""count"": 0}"
9999952_00000_d_0000132,visdrone,800000,2,1400,788,1176,644,757344,378672.0,0,1,1,0,0,qwen3-vl-32b-awq,"{""count"": 0}"
9999952_00000_d_0000132,visdrone,0,2,1400,788,1400,788,1103200,551600.0,0,1,1,0,0,qwen3-vl-32b-awq,"{""count"": 0}"
9999952_00000_d_0000132,visdrone,1048576,2,1400,788,1344,756,1016064,508032.0,0,1,1,0,0,qwen3-vl-32b-awq,"{""count"": 0}"
9999952_00000_d_0000135,visdrone,0,4,1400,788,1400,788,1103200,275800.0,0,1,1,0,0,qwen3-vl-32b-awq,"{""count"": 0}"
9999952_00000_d_0000142,visdrone,200000,2,1400,788,588,308,181104,90552.0,0,1,1,0,0,qwen3-vl-32b-awq,"{""count"": 0}"
9999952_00000_d_0000135,visdrone,800000,4,1400,788,1176,644,757344,189336.0,0,1,1,0,0,qwen3-vl-32b-awq,"{""count"": 0}"
9999952_00000_d_0000135,visdrone,1048576,4,1400,788,1344,756,1016064,254016.0,0,1,1,0,0,qwen3-vl-32b-awq,"{""count"": 0}"
9999952_00000_d_0000141,visdrone,0,7,1400,788,1400,788,1103200,157600.0,0,1,1,0,0,qwen3-vl-32b-awq,"{""count"": 0}"
9999952_00000_d_0000141,visdrone,800000,7,1400,788,1176,644,757344,108192.0,0,1,1,0,0,qwen3-vl-32b-awq,"{""count"": 0}"
9999952_00000_d_0000148,visdrone,200000,2,1400,788,588,308,181104,90552.0,0,1,1,0,0,qwen3-vl-32b-awq,"{""count"": 0}"
9999952_00000_d_0000141,visdrone,1048576,7,1400,788,1344,756,1016064,145152.0,0,1,1,0,0,qwen3-vl-32b-awq,"{""count"": 0}"
9999952_00000_d_0000142,visdrone,400000,2,1400,788,840,448,376320,188160.0,0,1,1,0,0,qwen3-vl-32b-awq,"{""count"": 0}"
9999952_00000_d_0000149,visdrone,200000,3,1400,788,588,308,181104,60368.0,0,1,1,0,0,qwen3-vl-32b-awq,"{""count"": 0}"
9999952_00000_d_0000141,visdrone,400000,7,1400,788,840,448,376320,53760.0,0,1,1,0,0,qwen3-vl-32b-awq,"{""count"": 0}"
9999952_00000_d_0000142,visdrone,0,2,1400,788,1400,788,1103200,551600.0,0,1,1,0,0,qwen3-vl-32b-awq,"{""count"": 0}"
9999952_00000_d_0000142,visdrone,1048576,2,1400,788,1344,756,1016064,508032.0,0,1,1,0,0,qwen3-vl-32b-awq,"{""count"": 0}"
9999952_00000_d_0000142,visdrone,800000,2,1400,788,1176,644,757344,378672.0,0,1,1,0,0,qwen3-vl-32b-awq,"{""count"": 0}"
9999952_00000_d_0000148,visdrone,0,2,1400,788,1400,788,1103200,551600.0,0,1,1,0,0,qwen3-vl-32b-awq,"{""count"": 0}"
9999952_00000_d_0000151,visdrone,200000,1,1400,788,588,308,181104,181104.0,0,1,1,0,0,qwen3-vl-32b-awq,"{""count"": 0}"
9999952_00000_d_0000148,visdrone,800000,2,1400,788,1176,644,757344,378672.0,0,1,1,0,0,qwen3-vl-32b-awq,"{""count"": 0}"
9999952_00000_d_0000148,visdrone,1048576,2,1400,788,1344,756,1016064,508032.0,0,1,1,0,0,qwen3-vl-32b-awq,"{""count"": 0}"
9999952_00000_d_0000148,visdrone,400000,2,1400,788,840,448,376320,188160.0,0,1,1,0,0,qwen3-vl-32b-awq,"{""count"": 0}"
9999952_00000_d_0000149,visdrone,400000,3,1400,788,840,448,376320,125440.0,0,1,1,0,0,qwen3-vl-32b-awq,"{""count"": 0}"
9999952_00000_d_0000149,visdrone,0,3,1400,788,1400,788,1103200,367733.3,0,1,1,0,0,qwen3-vl-32b-awq,"{""count"": 0}"
9999952_00000_d_0000161,visdrone,200000,3,1400,788,588,308,181104,60368.0,0,1,1,0,0,qwen3-vl-32b-awq,"{""count"": 0}"
9999952_00000_d_0000149,visdrone,800000,3,1400,788,1176,644,757344,252448.0,0,1,1,0,0,qwen3-vl-32b-awq,"{""count"": 0}"
9999952_00000_d_0000149,visdrone,1048576,3,1400,788,1344,756,1016064,338688.0,0,1,1,0,0,qwen3-vl-32b-awq,"{""count"": 0}"
9999952_00000_d_0000151,visdrone,0,1,1400,788,1400,788,1103200,1103200.0,0,1,1,0,0,qwen3-vl-32b-awq,"{""count"": 0}"
9999952_00000_d_0000151,visdrone,1048576,1,1400,788,1344,756,1016064,1016064.0,0,1,1,0,0,qwen3-vl-32b-awq,"{""count"": 0}"
9999952_00000_d_0000151,visdrone,800000,1,1400,788,1176,644,757344,757344.0,0,1,1,0,0,qwen3-vl-32b-awq,"{""count"": 0}"
9999952_00000_d_0000162,visdrone,200000,1,1400,788,588,308,181104,181104.0,0,1,1,0,0,qwen3-vl-32b-awq,"{""count"": 0}"
9999952_00000_d_0000162,visdrone,400000,1,1400,788,840,448,376320,376320.0,0,1,1,0,0,qwen3-vl-32b-awq,"{""count"": 0}"
9999952_00000_d_0000161,visdrone,400000,3,1400,788,840,448,376320,125440.0,0,1,1,0,0,qwen3-vl-32b-awq,"{""count"": 0}"
9999952_00000_d_0000151,visdrone,400000,1,1400,788,840,448,376320,376320.0,0,1,1,0,0,qwen3-vl-32b-awq,"{""count"": 0}"
9999952_00000_d_0000161,visdrone,800000,3,1400,788,1176,644,757344,252448.0,0,1,1,0,0,qwen3-vl-32b-awq,"{""count"": 0}"
9999952_00000_d_0000168,visdrone,200000,7,1400,788,588,308,181104,25872.0,0,1,1,0,0,qwen3-vl-32b-awq,"{""count"": 0}"
9999952_00000_d_0000161,visdrone,0,3,1400,788,1400,788,1103200,367733.3,0,1,1,0,0,qwen3-vl-32b-awq,"{""count"": 0}"
9999952_00000_d_0000161,visdrone,1048576,3,1400,788,1344,756,1016064,338688.0,0,1,1,0,0,qwen3-vl-32b-awq,"{""count"": 0}"
9999952_00000_d_0000162,visdrone,0,1,1400,788,1400,788,1103200,1103200.0,0,1,1,0,0,qwen3-vl-32b-awq,"{""count"": 0}"
9999952_00000_d_0000162,visdrone,1048576,1,1400,788,1344,756,1016064,1016064.0,0,1,1,0,0,qwen3-vl-32b-awq,"{""count"": 0}"
9999952_00000_d_0000177,visdrone,200000,1,1400,788,588,308,181104,181104.0,0,1,1,0,0,qwen3-vl-32b-awq,"{""count"": 0}"
9999952_00000_d_0000162,visdrone,800000,1,1400,788,1176,644,757344,757344.0,0,1,1,0,0,qwen3-vl-32b-awq,"{""count"": 0}"
9999952_00000_d_0000168,visdrone,0,7,1400,788,1400,788,1103200,157600.0,0,1,1,0,0,qwen3-vl-32b-awq,"{""count"": 0}"
9999952_00000_d_0000168,visdrone,800000,7,1400,788,1176,644,757344,108192.0,0,1,1,0,0,qwen3-vl-32b-awq,"{""count"": 0}"
9999952_00000_d_0000193,visdrone,200000,6,1400,788,588,308,181104,30184.0,0,1,1,0,0,qwen3-vl-32b-awq,"{""count"": 0}"
9999952_00000_d_0000168,visdrone,1048576,7,1400,788,1344,756,1016064,145152.0,0,1,1,0,0,qwen3-vl-32b-awq,"{""count"": 0}"
9999952_00000_d_0000177,visdrone,400000,1,1400,788,840,448,376320,376320.0,0,1,1,0,0,qwen3-vl-32b-awq,"{""count"": 0}"
9999952_00000_d_0000197,visdrone,200000,4,1400,788,588,308,181104,45276.0,0,1,1,0,0,qwen3-vl-32b-awq,"{""count"": 0}"
9999952_00000_d_0000168,visdrone,400000,7,1400,788,840,448,376320,53760.0,0,1,1,0,0,qwen3-vl-32b-awq,"{""count"": 0}"
9999952_00000_d_0000177,visdrone,0,1,1400,788,1400,788,1103200,1103200.0,0,1,1,0,0,qwen3-vl-32b-awq,"{""count"": 0}"
9999952_00000_d_0000177,visdrone,1048576,1,1400,788,1344,756,1016064,1016064.0,0,1,1,0,0,qwen3-vl-32b-awq,"{""count"": 0}"
9999952_00000_d_0000177,visdrone,800000,1,1400,788,1176,644,757344,757344.0,0,1,1,0,0,qwen3-vl-32b-awq,"{""count"": 0}"
9999952_00000_d_0000193,visdrone,0,6,1400,788,1400,788,1103200,183866.7,0,1,1,0,0,qwen3-vl-32b-awq,"{""count"": 0}"
9999952_00000_d_0000193,visdrone,1048576,6,1400,788,1344,756,1016064,169344.0,0,1,1,0,0,qwen3-vl-32b-awq,"{""count"": 0}"
9999952_00000_d_0000193,visdrone,800000,6,1400,788,1176,644,757344,126224.0,0,1,1,0,0,qwen3-vl-32b-awq,"{""count"": 0}"
9999952_00000_d_0000214,visdrone,200000,9,1400,788,588,308,181104,20122.7,0,1,1,0,0,qwen3-vl-32b-awq,"{""count"": 0}"
9999952_00000_d_0000197,visdrone,800000,4,1400,788,1176,644,757344,189336.0,0,1,1,0,0,qwen3-vl-32b-awq,"{""count"": 0}"
9999952_00000_d_0000193,visdrone,400000,6,1400,788,840,448,376320,62720.0,0,1,1,0,0,qwen3-vl-32b-awq,"{""count"": 0}"
9999952_00000_d_0000216,visdrone,200000,1,1400,788,588,308,181104,181104.0,0,1,1,0,0,qwen3-vl-32b-awq,"{""count"": 0}"
9999952_00000_d_0000214,visdrone,400000,9,1400,788,840,448,376320,41813.3,0,1,1,0,0,qwen3-vl-32b-awq,"{""count"": 0}"
9999952_00000_d_0000197,visdrone,400000,4,1400,788,840,448,376320,94080.0,0,1,1,0,0,qwen3-vl-32b-awq,"{""count"": 0}"
9999952_00000_d_0000197,visdrone,0,4,1400,788,1400,788,1103200,275800.0,0,1,1,0,0,qwen3-vl-32b-awq,"{""count"": 0}"
9999952_00000_d_0000197,visdrone,1048576,4,1400,788,1344,756,1016064,254016.0,0,1,1,0,0,qwen3-vl-32b-awq,"{""count"": 0}"
9999952_00000_d_0000214,visdrone,0,9,1400,788,1400,788,1103200,122577.8,0,1,1,0,0,qwen3-vl-32b-awq,"{""count"": 0}"
9999952_00000_d_0000214,visdrone,1048576,9,1400,788,1344,756,1016064,112896.0,0,1,1,0,0,qwen3-vl-32b-awq,"{""count"": 0}"
9999952_00000_d_0000214,visdrone,800000,9,1400,788,1176,644,757344,84149.3,0,1,1,0,0,qwen3-vl-32b-awq,"{""count"": 0}"
9999952_00000_d_0000217,visdrone,200000,7,1400,788,588,308,181104,25872.0,0,1,1,0,0,qwen3-vl-32b-awq,"{""count"": 0}"
9999952_00000_d_0000216,visdrone,0,1,1400,788,1400,788,1103200,1103200.0,0,1,1,0,0,qwen3-vl-32b-awq,"{""count"": 0}"
9999952_00000_d_0000216,visdrone,1048576,1,1400,788,1344,756,1016064,1016064.0,0,1,1,0,0,qwen3-vl-32b-awq,"{""count"": 0}"
9999952_00000_d_0000216,visdrone,400000,1,1400,788,840,448,376320,376320.0,0,1,1,0,0,qwen3-vl-32b-awq,"{""count"": 0}"
9999952_00000_d_0000217,visdrone,400000,7,1400,788,840,448,376320,53760.0,0,1,1,0,0,qwen3-vl-32b-awq,"{""count"": 0}"
9999952_00000_d_0000218,visdrone,200000,1,1400,788,588,308,181104,181104.0,0,1,1,0,0,qwen3-vl-32b-awq,"{""count"": 0}"
9999952_00000_d_0000216,visdrone,800000,1,1400,788,1176,644,757344,757344.0,0,1,1,0,0,qwen3-vl-32b-awq,"{""count"": 0}"
9999952_00000_d_0000223,visdrone,200000,2,1400,788,588,308,181104,90552.0,0,1,1,0,0,qwen3-vl-32b-awq,"{""count"": 0}"
9999952_00000_d_0000218,visdrone,400000,1,1400,788,840,448,376320,376320.0,0,1,1,0,0,qwen3-vl-32b-awq,"{""count"": 0}"
9999952_00000_d_0000217,visdrone,800000,7,1400,788,1176,644,757344,108192.0,0,1,1,0,0,qwen3-vl-32b-awq,"{""count"": 0}"
9999952_00000_d_0000217,visdrone,0,7,1400,788,1400,788,1103200,157600.0,0,1,1,0,0,qwen3-vl-32b-awq,"{""count"": 0}"
9999952_00000_d_0000217,visdrone,1048576,7,1400,788,1344,756,1016064,145152.0,0,1,1,0,0,qwen3-vl-32b-awq,"{""count"": 0}"
9999952_00000_d_0000218,visdrone,0,1,1400,788,1400,788,1103200,1103200.0,0,1,1,0,0,qwen3-vl-32b-awq,"{""count"": 0}"
9999952_00000_d_0000218,visdrone,1048576,1,1400,788,1344,756,1016064,1016064.0,0,1,1,0,0,qwen3-vl-32b-awq,"{""count"": 0}"
9999952_00000_d_0000218,visdrone,800000,1,1400,788,1176,644,757344,757344.0,0,1,1,0,0,qwen3-vl-32b-awq,"{""count"": 0}"
9999952_00000_d_0000229,visdrone,200000,2,1400,788,588,308,181104,90552.0,0,1,1,0,0,qwen3-vl-32b-awq,"{""count"": 0}"
9999952_00000_d_0000223,visdrone,0,2,1400,788,1400,788,1103200,551600.0,0,1,1,0,0,qwen3-vl-32b-awq,"{""count"": 0}"
9999952_00000_d_0000223,visdrone,1048576,2,1400,788,1344,756,1016064,508032.0,0,1,1,0,0,qwen3-vl-32b-awq,"{""count"": 0}"
9999952_00000_d_0000223,visdrone,400000,2,1400,788,840,448,376320,188160.0,0,1,1,0,0,qwen3-vl-32b-awq,"{""count"": 0}"
9999952_00000_d_0000233,visdrone,200000,3,1400,788,588,308,181104,60368.0,0,1,1,0,0,qwen3-vl-32b-awq,"{""count"": 0}"
9999952_00000_d_0000229,visdrone,400000,2,1400,788,840,448,376320,188160.0,0,1,1,0,0,qwen3-vl-32b-awq,"{""count"": 0}"
9999952_00000_d_0000233,visdrone,400000,3,1400,788,840,448,376320,125440.0,0,1,1,0,0,qwen3-vl-32b-awq,"{""count"": 0}"
9999952_00000_d_0000238,visdrone,200000,3,1400,788,588,308,181104,60368.0,0,1,1,0,0,qwen3-vl-32b-awq,"{""count"": 0}"
9999952_00000_d_0000223,visdrone,800000,2,1400,788,1176,644,757344,378672.0,0,1,1,0,0,qwen3-vl-32b-awq,"{""count"": 0}"
9999952_00000_d_0000229,visdrone,800000,2,1400,788,1176,644,757344,378672.0,0,1,1,0,0,qwen3-vl-32b-awq,"{""count"": 0}"
9999952_00000_d_0000229,visdrone,0,2,1400,788,1400,788,1103200,551600.0,0,1,1,0,0,qwen3-vl-32b-awq,"{""count"": 0}"
9999952_00000_d_0000229,visdrone,1048576,2,1400,788,1344,756,1016064,508032.0,0,1,1,0,0,qwen3-vl-32b-awq,"{""count"": 0}"
9999952_00000_d_0000233,visdrone,0,3,1400,788,1400,788,1103200,367733.3,0,1,1,0,0,qwen3-vl-32b-awq,"{""count"": 0}"
9999952_00000_d_0000233,visdrone,1048576,3,1400,788,1344,756,1016064,338688.0,0,1,1,0,0,qwen3-vl-32b-awq,"{""count"": 0}"
9999952_00000_d_0000233,visdrone,800000,3,1400,788,1176,644,757344,252448.0,0,1,1,0,0,qwen3-vl-32b-awq,"{""count"": 0}"
9999952_00000_d_0000251,visdrone,200000,4,1400,788,588,308,181104,45276.0,0,1,1,0,0,qwen3-vl-32b-awq,"{""count"": 0}"
9999952_00000_d_0000238,visdrone,0,3,1400,788,1400,788,1103200,367733.3,0,1,1,0,0,qwen3-vl-32b-awq,"{""count"": 0}"
9999952_00000_d_0000238,visdrone,400000,3,1400,788,840,448,376320,125440.0,0,1,1,0,0,qwen3-vl-32b-awq,"{""count"": 0}"
9999952_00000_d_0000251,visdrone,400000,4,1400,788,840,448,376320,94080.0,0,1,1,0,0,qwen3-vl-32b-awq,"{""count"": 0}"
9999952_00000_d_0000256,visdrone,200000,5,1400,788,588,308,181104,36220.8,0,1,1,0,0,qwen3-vl-32b-awq,"{""count"": 0}"
9999952_00000_d_0000238,visdrone,800000,3,1400,788,1176,644,757344,252448.0,0,1,1,0,0,qwen3-vl-32b-awq,"{""count"": 0}"
9999952_00000_d_0000256,visdrone,400000,5,1400,788,840,448,376320,75264.0,0,1,1,0,0,qwen3-vl-32b-awq,"{""count"": 0}"
9999952_00000_d_0000258,visdrone,200000,4,1400,788,588,308,181104,45276.0,0,1,1,0,0,qwen3-vl-32b-awq,"{""count"": 0}"
9999952_00000_d_0000238,visdrone,1048576,3,1400,788,1344,756,1016064,338688.0,0,1,1,0,0,qwen3-vl-32b-awq,"{""count"": 0}"
9999952_00000_d_0000251,visdrone,800000,4,1400,788,1176,644,757344,189336.0,0,1,1,0,0,qwen3-vl-32b-awq,"{""count"": 0}"
9999952_00000_d_0000251,visdrone,0,4,1400,788,1400,788,1103200,275800.0,0,1,1,0,0,qwen3-vl-32b-awq,"{""count"": 0}"
9999952_00000_d_0000251,visdrone,1048576,4,1400,788,1344,756,1016064,254016.0,0,1,1,0,0,qwen3-vl-32b-awq,"{""count"": 0}"
9999952_00000_d_0000256,visdrone,0,5,1400,788,1400,788,1103200,220640.0,0,1,1,0,0,qwen3-vl-32b-awq,"{""count"": 0}"
9999952_00000_d_0000256,visdrone,1048576,5,1400,788,1344,756,1016064,203212.8,0,1,1,0,0,qwen3-vl-32b-awq,"{""count"": 0}"
9999952_00000_d_0000264,visdrone,200000,4,1400,788,588,308,181104,45276.0,0,1,1,0,0,qwen3-vl-32b-awq,"{""count"": 0}"
9999952_00000_d_0000256,visdrone,800000,5,1400,788,1176,644,757344,151468.8,0,1,1,0,0,qwen3-vl-32b-awq,"{""count"": 0}"
9999952_00000_d_0000270,visdrone,200000,7,1400,788,588,308,181104,25872.0,0,1,1,0,0,qwen3-vl-32b-awq,"{""count"": 0}"
9999952_00000_d_0000258,visdrone,0,4,1400,788,1400,788,1103200,275800.0,0,1,1,0,0,qwen3-vl-32b-awq,"{""count"": 0}"
9999952_00000_d_0000264,visdrone,400000,4,1400,788,840,448,376320,94080.0,0,1,1,0,0,qwen3-vl-32b-awq,"{""count"": 0}"
9999952_00000_d_0000258,visdrone,400000,4,1400,788,840,448,376320,94080.0,0,1,1,0,0,qwen3-vl-32b-awq,"{""count"": 0}"
9999952_00000_d_0000258,visdrone,1048576,4,1400,788,1344,756,1016064,254016.0,0,1,1,0,0,qwen3-vl-32b-awq,"{""count"": 0}"
9999952_00000_d_0000274,visdrone,200000,2,1400,788,588,308,181104,90552.0,0,1,1,0,0,qwen3-vl-32b-awq,"{""count"": 0}"
9999952_00000_d_0000258,visdrone,800000,4,1400,788,1176,644,757344,189336.0,0,1,1,0,0,qwen3-vl-32b-awq,"{""count"": 0}"
9999952_00000_d_0000264,visdrone,0,4,1400,788,1400,788,1103200,275800.0,0,1,1,0,0,qwen3-vl-32b-awq,"{""count"": 0}"
9999952_00000_d_0000264,visdrone,1048576,4,1400,788,1344,756,1016064,254016.0,0,1,1,0,0,qwen3-vl-32b-awq,"{""count"": 0}"
9999952_00000_d_0000264,visdrone,800000,4,1400,788,1176,644,757344,189336.0,0,1,1,0,0,qwen3-vl-32b-awq,"{""count"": 0}"
9999952_00000_d_0000270,visdrone,0,7,1400,788,1400,788,1103200,157600.0,0,1,1,0,0,qwen3-vl-32b-awq,"{""count"": 0}"
9999952_00000_d_0000270,visdrone,1048576,7,1400,788,1344,756,1016064,145152.0,0,1,1,0,0,qwen3-vl-32b-awq,"{""count"": 0}"
9999952_00000_d_0000270,visdrone,400000,7,1400,788,840,448,376320,53760.0,0,1,1,0,0,qwen3-vl-32b-awq,"{""count"": 0}"
9999952_00000_d_0000274,visdrone,400000,2,1400,788,840,448,376320,188160.0,0,1,1,0,0,qwen3-vl-32b-awq,"{""count"": 0}"
9999952_00000_d_0000276,visdrone,200000,3,1400,788,588,308,181104,60368.0,0,1,1,0,0,qwen3-vl-32b-awq,"{""count"": 0}"
9999952_00000_d_0000276,visdrone,400000,3,1400,788,840,448,376320,125440.0,0,1,1,0,0,qwen3-vl-32b-awq,"{""count"": 0}"
9999952_00000_d_0000284,visdrone,200000,6,1400,788,588,308,181104,30184.0,0,1,1,0,0,qwen3-vl-32b-awq,"{""count"": 0}"
9999952_00000_d_0000270,visdrone,800000,7,1400,788,1176,644,757344,108192.0,0,1,1,0,0,qwen3-vl-32b-awq,"{""count"": 0}"
9999952_00000_d_0000274,visdrone,800000,2,1400,788,1176,644,757344,378672.0,0,1,1,0,0,qwen3-vl-32b-awq,"{""count"": 0}"
9999952_00000_d_0000274,visdrone,0,2,1400,788,1400,788,1103200,551600.0,0,1,1,0,0,qwen3-vl-32b-awq,"{""count"": 0}"
9999952_00000_d_0000274,visdrone,1048576,2,1400,788,1344,756,1016064,508032.0,0,1,1,0,0,qwen3-vl-32b-awq,"{""count"": 0}"
9999952_00000_d_0000276,visdrone,0,3,1400,788,1400,788,1103200,367733.3,0,1,1,0,0,qwen3-vl-32b-awq,"{""count"": 0}"
9999952_00000_d_0000276,visdrone,1048576,3,1400,788,1344,756,1016064,338688.0,0,1,1,0,0,qwen3-vl-32b-awq,"{""count"": 0}"
9999952_00000_d_0000276,visdrone,800000,3,1400,788,1176,644,757344,252448.0,0,1,1,0,0,qwen3-vl-32b-awq,"{""count"": 0}"
9999952_00000_d_0000289,visdrone,200000,1,1400,788,588,308,181104,181104.0,0,1,1,0,0,qwen3-vl-32b-awq,"{""count"": 0}"
9999952_00000_d_0000284,visdrone,0,6,1400,788,1400,788,1103200,183866.7,0,1,1,0,0,qwen3-vl-32b-awq,"{""count"": 0}"
9999952_00000_d_0000284,visdrone,800000,6,1400,788,1176,644,757344,126224.0,0,1,1,0,0,qwen3-vl-32b-awq,"{""count"": 0}"
9999952_00000_d_0000296,visdrone,200000,4,1400,788,588,308,181104,45276.0,0,1,1,0,0,qwen3-vl-32b-awq,"{""count"": 0}"
9999952_00000_d_0000284,visdrone,1048576,6,1400,788,1344,756,1016064,169344.0,0,1,1,0,0,qwen3-vl-32b-awq,"{""count"": 0}"
9999952_00000_d_0000284,visdrone,400000,6,1400,788,840,448,376320,62720.0,0,1,1,0,0,qwen3-vl-32b-awq,"{""count"": 0}"
9999952_00000_d_0000303,visdrone,200000,2,1400,788,588,308,181104,90552.0,0,1,1,0,0,qwen3-vl-32b-awq,"{""count"": 0}"
9999952_00000_d_0000289,visdrone,400000,1,1400,788,840,448,376320,376320.0,0,1,1,0,0,qwen3-vl-32b-awq,"{""count"": 0}"
9999952_00000_d_0000289,visdrone,0,1,1400,788,1400,788,1103200,1103200.0,0,1,1,0,0,qwen3-vl-32b-awq,"{""count"": 0}"
9999952_00000_d_0000289,visdrone,800000,1,1400,788,1176,644,757344,757344.0,0,1,1,0,0,qwen3-vl-32b-awq,"{""count"": 0}"
9999952_00000_d_0000289,visdrone,1048576,1,1400,788,1344,756,1016064,1016064.0,0,1,1,0,0,qwen3-vl-32b-awq,"{""count"": 0}"
9999952_00000_d_0000296,visdrone,0,4,1400,788,1400,788,1103200,275800.0,0,1,1,0,0,qwen3-vl-32b-awq,"{""count"": 0}"
9999952_00000_d_0000296,visdrone,1048576,4,1400,788,1344,756,1016064,254016.0,0,1,1,0,0,qwen3-vl-32b-awq,"{""count"": 0}"
9999952_00000_d_0000296,visdrone,800000,4,1400,788,1176,644,757344,189336.0,0,1,1,0,0,qwen3-vl-32b-awq,"{""count"": 0}"
9999952_00000_d_0000308,visdrone,200000,3,1400,788,588,308,181104,60368.0,0,1,1,0,0,qwen3-vl-32b-awq,"{""count"": 0}"
9999952_00000_d_0000303,visdrone,0,2,1400,788,1400,788,1103200,551600.0,0,1,1,0,0,qwen3-vl-32b-awq,"{""count"": 0}"
9999952_00000_d_0000303,visdrone,400000,2,1400,788,840,448,376320,188160.0,0,1,1,0,0,qwen3-vl-32b-awq,"{""count"": 0}"
9999952_00000_d_0000296,visdrone,400000,4,1400,788,840,448,376320,94080.0,0,1,1,0,0,qwen3-vl-32b-awq,"{""count"": 0}"
9999952_00000_d_0000312,visdrone,200000,3,1400,788,588,308,181104,60368.0,0,1,1,0,0,qwen3-vl-32b-awq,"{""count"": 0}"
9999952_00000_d_0000308,visdrone,400000,3,1400,788,840,448,376320,125440.0,0,1,1,0,0,qwen3-vl-32b-awq,"{""count"": 0}"
9999952_00000_d_0000303,visdrone,800000,2,1400,788,1176,644,757344,378672.0,0,1,1,0,0,qwen3-vl-32b-awq,"{""count"": 0}"
9999952_00000_d_0000308,visdrone,800000,3,1400,788,1176,644,757344,252448.0,0,1,1,0,0,qwen3-vl-32b-awq,"{""count"": 0}"
9999952_00000_d_0000317,visdrone,200000,3,1400,788,588,308,181104,60368.0,0,1,1,0,0,qwen3-vl-32b-awq,"{""count"": 0}"
9999952_00000_d_0000303,visdrone,1048576,2,1400,788,1344,756,1016064,508032.0,0,1,1,0,0,qwen3-vl-32b-awq,"{""count"": 0}"
9999952_00000_d_0000312,visdrone,400000,3,1400,788,840,448,376320,125440.0,0,1,1,0,0,qwen3-vl-32b-awq,"{""count"": 0}"
9999952_00000_d_0000317,visdrone,400000,3,1400,788,840,448,376320,125440.0,0,1,1,0,0,qwen3-vl-32b-awq,"{""count"": 0}"
9999952_00000_d_0000308,visdrone,0,3,1400,788,1400,788,1103200,367733.3,0,1,1,0,0,qwen3-vl-32b-awq,"{""count"": 0}"
9999952_00000_d_0000308,visdrone,1048576,3,1400,788,1344,756,1016064,338688.0,0,1,1,0,0,qwen3-vl-32b-awq,"{""count"": 0}"
9999952_00000_d_0000312,visdrone,0,3,1400,788,1400,788,1103200,367733.3,0,1,1,0,0,qwen3-vl-32b-awq,"{""count"": 0}"
9999952_00000_d_0000312,visdrone,1048576,3,1400,788,1344,756,1016064,338688.0,0,1,1,0,0,qwen3-vl-32b-awq,"{""count"": 0}"
9999952_00000_d_0000312,visdrone,800000,3,1400,788,1176,644,757344,252448.0,0,1,1,0,0,qwen3-vl-32b-awq,"{""count"": 0}"
9999952_00000_d_0000318,visdrone,200000,3,1400,788,588,308,181104,60368.0,0,1,1,0,0,qwen3-vl-32b-awq,"{""count"": 0}"
9999952_00000_d_0000317,visdrone,0,3,1400,788,1400,788,1103200,367733.3,0,1,1,0,0,qwen3-vl-32b-awq,"{""count"": 0}"
9999952_00000_d_0000322,visdrone,200000,16,1400,788,588,308,181104,11319.0,0,1,1,0,0,qwen3-vl-32b-awq,"{""count"": 0}"
9999952_00000_d_0000317,visdrone,800000,3,1400,788,1176,644,757344,252448.0,0,1,1,0,0,qwen3-vl-32b-awq,"{""count"": 0}"
9999952_00000_d_0000317,visdrone,1048576,3,1400,788,1344,756,1016064,338688.0,0,1,1,0,0,qwen3-vl-32b-awq,"{""count"": 0}"
9999952_00000_d_0000318,visdrone,0,3,1400,788,1400,788,1103200,367733.3,0,1,1,0,0,qwen3-vl-32b-awq,"{""count"": 0}"
9999952_00000_d_0000318,visdrone,1048576,3,1400,788,1344,756,1016064,338688.0,0,1,1,0,0,qwen3-vl-32b-awq,"{""count"": 0}"
9999952_00000_d_0000318,visdrone,800000,3,1400,788,1176,644,757344,252448.0,0,1,1,0,0,qwen3-vl-32b-awq,"{""count"": 0}"
9999952_00000_d_0000323,visdrone,200000,6,1400,788,588,308,181104,30184.0,0,1,1,0,0,qwen3-vl-32b-awq,"{""count"": 0}"
9999952_00000_d_0000322,visdrone,400000,16,1400,788,840,448,376320,23520.0,0,1,1,0,0,qwen3-vl-32b-awq,"{""count"": 0}"
9999952_00000_d_0000323,visdrone,400000,6,1400,788,840,448,376320,62720.0,0,1,1,0,0,qwen3-vl-32b-awq,"{""count"": 0}"
9999952_00000_d_0000318,visdrone,400000,3,1400,788,840,448,376320,125440.0,0,1,1,0,0,qwen3-vl-32b-awq,"{""count"": 0}"
9999952_00000_d_0000322,visdrone,800000,16,1400,788,1176,644,757344,47334.0,0,1,1,0,0,qwen3-vl-32b-awq,"{""count"": 0}"
9999952_00000_d_0000325,visdrone,200000,6,1400,788,588,308,181104,30184.0,2,1,0,0,0,qwen3-vl-32b-awq,"{""count"": 2}"
9999952_00000_d_0000322,visdrone,0,16,1400,788,1400,788,1103200,68950.0,0,1,1,0,0,qwen3-vl-32b-awq,"{""count"": 0}"
9999952_00000_d_0000322,visdrone,1048576,16,1400,788,1344,756,1016064,63504.0,0,1,1,0,0,qwen3-vl-32b-awq,"{""count"": 0}"
9999952_00000_d_0000323,visdrone,0,6,1400,788,1400,788,1103200,183866.7,0,1,1,0,0,qwen3-vl-32b-awq,"{""count"": 0}"
9999952_00000_d_0000323,visdrone,1048576,6,1400,788,1344,756,1016064,169344.0,0,1,1,0,0,qwen3-vl-32b-awq,"{""count"": 0}"
9999952_00000_d_0000332,visdrone,200000,14,1400,788,588,308,181104,12936.0,0,1,1,0,0,qwen3-vl-32b-awq,"{""count"": 0}"
9999952_00000_d_0000323,visdrone,800000,6,1400,788,1176,644,757344,126224.0,0,1,1,0,0,qwen3-vl-32b-awq,"{""count"": 0}"
9999952_00000_d_0000325,visdrone,0,6,1400,788,1400,788,1103200,183866.7,2,1,0,0,0,qwen3-vl-32b-awq,"{""count"": 2}"
9999952_00000_d_0000325,visdrone,1048576,6,1400,788,1344,756,1016064,169344.0,2,1,0,0,0,qwen3-vl-32b-awq,"{""count"": 2}"
9999952_00000_d_0000325,visdrone,800000,6,1400,788,1176,644,757344,126224.0,0,1,1,0,0,qwen3-vl-32b-awq,"{""count"": 0}"
9999952_00000_d_0000333,visdrone,200000,17,1400,788,588,308,181104,10653.2,0,1,1,0,0,qwen3-vl-32b-awq,"{""count"": 0}"
9999952_00000_d_0000332,visdrone,800000,14,1400,788,1176,644,757344,54096.0,0,1,1,0,0,qwen3-vl-32b-awq,"{""count"": 0}"
9999952_00000_d_0000325,visdrone,400000,6,1400,788,840,448,376320,62720.0,2,1,0,0,0,qwen3-vl-32b-awq,"{""count"": 2}"
9999952_00000_d_0000341,visdrone,200000,19,1400,788,588,308,181104,9531.8,0,1,1,0,0,qwen3-vl-32b-awq,"{""count"": 0}"
9999952_00000_d_0000333,visdrone,400000,17,1400,788,840,448,376320,22136.5,0,1,1,0,0,qwen3-vl-32b-awq,"{""count"": 0}"
9999952_00000_d_0000332,visdrone,400000,14,1400,788,840,448,376320,26880.0,0,1,1,0,0,qwen3-vl-32b-awq,"{""count"": 0}"
9999952_00000_d_0000332,visdrone,0,14,1400,788,1400,788,1103200,78800.0,0,1,1,0,0,qwen3-vl-32b-awq,"{""count"": 0}"
9999952_00000_d_0000332,visdrone,1048576,14,1400,788,1344,756,1016064,72576.0,0,1,1,0,0,qwen3-vl-32b-awq,"{""count"": 0}"
9999952_00000_d_0000333,visdrone,0,17,1400,788,1400,788,1103200,64894.1,0,1,1,0,0,qwen3-vl-32b-awq,"{""count"": 0}"
9999952_00000_d_0000333,visdrone,1048576,17,1400,788,1344,756,1016064,59768.5,0,1,1,0,0,qwen3-vl-32b-awq,"{""count"": 0}"
9999952_00000_d_0000333,visdrone,800000,17,1400,788,1176,644,757344,44549.6,0,1,1,0,0,qwen3-vl-32b-awq,"{""count"": 0}"
9999952_00000_d_0000343,visdrone,200000,8,1400,788,588,308,181104,22638.0,0,1,1,0,0,qwen3-vl-32b-awq,"{""count"": 0}"
9999952_00000_d_0000341,visdrone,0,19,1400,788,1400,788,1103200,58063.2,0,1,1,0,0,qwen3-vl-32b-awq,"{""count"": 0}"
9999952_00000_d_0000344,visdrone,200000,8,1400,788,588,308,181104,22638.0,0,1,1,0,0,qwen3-vl-32b-awq,"{""count"": 0}"
9999952_00000_d_0000341,visdrone,800000,19,1400,788,1176,644,757344,39860.2,0,1,1,0,0,qwen3-vl-32b-awq,"{""count"": 0}"
9999952_00000_d_0000341,visdrone,1048576,19,1400,788,1344,756,1016064,53477.1,0,1,1,0,0,qwen3-vl-32b-awq,"{""count"": 0}"
9999952_00000_d_0000343,visdrone,400000,8,1400,788,840,448,376320,47040.0,0,1,1,0,0,qwen3-vl-32b-awq,"{""count"": 0}"
9999952_00000_d_0000341,visdrone,400000,19,1400,788,840,448,376320,19806.3,0,1,1,0,0,qwen3-vl-32b-awq,"{""count"": 0}"
9999963_00000_d_0000001,visdrone,200000,5,1400,1050,504,364,183456,36691.2,4,1,0,0,0,qwen3-vl-32b-awq,"{""count"": 4}"
9999952_00000_d_0000343,visdrone,0,8,1400,788,1400,788,1103200,137900.0,0,1,1,0,0,qwen3-vl-32b-awq,"{""count"": 0}"
9999952_00000_d_0000343,visdrone,1048576,8,1400,788,1344,756,1016064,127008.0,0,1,1,0,0,qwen3-vl-32b-awq,"{""count"": 0}"
9999952_00000_d_0000343,visdrone,800000,8,1400,788,1176,644,757344,94668.0,0,1,1,0,0,qwen3-vl-32b-awq,"{""count"": 0}"
9999952_00000_d_0000344,visdrone,0,8,1400,788,1400,788,1103200,137900.0,0,1,1,0,0,qwen3-vl-32b-awq,"{""count"": 0}"
9999952_00000_d_0000344,visdrone,1048576,8,1400,788,1344,756,1016064,127008.0,0,1,1,0,0,qwen3-vl-32b-awq,"{""count"": 0}"
9999952_00000_d_0000344,visdrone,800000,8,1400,788,1176,644,757344,94668.0,0,1,1,0,0,qwen3-vl-32b-awq,"{""count"": 0}"
9999963_00000_d_0000004,visdrone,200000,3,1400,1050,504,364,183456,61152.0,0,1,1,0,0,qwen3-vl-32b-awq,"{""count"": 0}"
9999952_00000_d_0000344,visdrone,400000,8,1400,788,840,448,376320,47040.0,0,1,1,0,0,qwen3-vl-32b-awq,"{""count"": 0}"
9999963_00000_d_0000001,visdrone,800000,5,1400,1050,1008,756,762048,152409.6,4,1,0,0,0,qwen3-vl-32b-awq,"{""count"": 4}"
9999963_00000_d_0000004,visdrone,400000,3,1400,1050,728,532,387296,129098.7,0,1,1,0,0,qwen3-vl-32b-awq,"{""count"": 0}"
9999963_00000_d_0000001,visdrone,400000,5,1400,1050,728,532,387296,77459.2,4,1,0,0,0,qwen3-vl-32b-awq,"{""count"": 4}"
9999963_00000_d_0000001,visdrone,0,5,1400,1050,1400,1050,1470000,294000.0,4,1,0,0,0,qwen3-vl-32b-awq,"{""count"": 4}"
9999963_00000_d_0000006,visdrone,200000,26,1400,1050,504,364,183456,7056.0,0,1,1,0,0,qwen3-vl-32b-awq,"{""count"": 0}"
9999963_00000_d_0000001,visdrone,1048576,5,1400,1050,1176,868,1020768,204153.6,4,1,0,0,0,qwen3-vl-32b-awq,"{""count"": 4}"
9999963_00000_d_0000004,visdrone,0,3,1400,1050,1400,1050,1470000,490000.0,0,1,1,0,0,qwen3-vl-32b-awq,"{""count"": 0}"
9999963_00000_d_0000004,visdrone,1048576,3,1400,1050,1176,868,1020768,340256.0,0,1,1,0,0,qwen3-vl-32b-awq,"{""count"": 0}"
9999963_00000_d_0000004,visdrone,800000,3,1400,1050,1008,756,762048,254016.0,0,1,1,0,0,qwen3-vl-32b-awq,"{""count"": 0}"
9999963_00000_d_0000007,visdrone,200000,20,1400,1050,504,364,183456,9172.8,10,1,0,0,0,qwen3-vl-32b-awq,"{""count"": 10}"
9999963_00000_d_0000006,visdrone,0,26,1400,1050,1400,1050,1470000,56538.5,10,1,0,0,0,qwen3-vl-32b-awq,"{""count"": 10}"
9999963_00000_d_0000006,visdrone,1048576,26,1400,1050,1176,868,1020768,39260.3,10,1,0,0,0,qwen3-vl-32b-awq,"{""count"": 10}"
9999963_00000_d_0000010,visdrone,200000,22,1400,1050,504,364,183456,8338.9,0,1,1,0,0,qwen3-vl-32b-awq,"{""count"": 0}"
9999963_00000_d_0000007,visdrone,400000,20,1400,1050,728,532,387296,19364.8,10,1,0,0,0,qwen3-vl-32b-awq,"{""count"": 10}"
9999963_00000_d_0000006,visdrone,400000,26,1400,1050,728,532,387296,14896.0,10,1,0,0,0,qwen3-vl-32b-awq,"{""count"": 10}"
9999963_00000_d_0000010,visdrone,400000,22,1400,1050,728,532,387296,17604.4,0,1,1,0,0,qwen3-vl-32b-awq,"{""count"": 0}"
9999963_00000_d_0000006,visdrone,800000,26,1400,1050,1008,756,762048,29309.5,10,1,0,0,0,qwen3-vl-32b-awq,"{""count"": 10}"
9999963_00000_d_0000007,visdrone,800000,20,1400,1050,1008,756,762048,38102.4,10,1,0,0,0,qwen3-vl-32b-awq,"{""count"": 10}"
9999963_00000_d_0000007,visdrone,0,20,1400,1050,1400,1050,1470000,73500.0,14,1,0,0,0,qwen3-vl-32b-awq,"{""count"": 14}"
9999963_00000_d_0000011,visdrone,200000,20,1400,1050,504,364,183456,9172.8,10,1,0,0,0,qwen3-vl-32b-awq,"{""count"": 10}"
9999963_00000_d_0000010,visdrone,0,22,1400,1050,1400,1050,1470000,66818.2,0,1,1,0,0,qwen3-vl-32b-awq,"{""count"": 0}"
9999963_00000_d_0000007,visdrone,1048576,20,1400,1050,1176,868,1020768,51038.4,10,1,0,0,0,qwen3-vl-32b-awq,"{""count"": 10}"
9999963_00000_d_0000010,visdrone,1048576,22,1400,1050,1176,868,1020768,46398.5,0,1,1,0,0,qwen3-vl-32b-awq,"{""count"": 0}"
9999963_00000_d_0000010,visdrone,800000,22,1400,1050,1008,756,762048,34638.5,0,1,1,0,0,qwen3-vl-32b-awq,"{""count"": 0}"
9999963_00000_d_0000013,visdrone,200000,18,1400,1050,504,364,183456,10192.0,0,1,1,0,0,qwen3-vl-32b-awq,"{""count"": 0}"
9999963_00000_d_0000011,visdrone,0,20,1400,1050,1400,1050,1470000,73500.0,10,1,0,0,0,qwen3-vl-32b-awq,"{""count"": 10}"
9999963_00000_d_0000016,visdrone,200000,3,1400,1050,504,364,183456,61152.0,0,1,1,0,0,qwen3-vl-32b-awq,"{""count"": 0}"
9999963_00000_d_0000011,visdrone,1048576,20,1400,1050,1176,868,1020768,51038.4,10,1,0,0,0,qwen3-vl-32b-awq,"{""count"": 10}"
9999963_00000_d_0000013,visdrone,400000,18,1400,1050,728,532,387296,21516.4,10,1,0,0,0,qwen3-vl-32b-awq,"{""count"": 10}"
9999963_00000_d_0000011,visdrone,400000,20,1400,1050,728,532,387296,19364.8,10,1,0,0,0,qwen3-vl-32b-awq,"{""count"": 10}"
9999963_00000_d_0000011,visdrone,800000,20,1400,1050,1008,756,762048,38102.4,10,1,0,0,0,qwen3-vl-32b-awq,"{""count"": 10}"
9999963_00000_d_0000013,visdrone,0,18,1400,1050,1400,1050,1470000,81666.7,10,1,0,0,0,qwen3-vl-32b-awq,"{""count"": 10}"
9999963_00000_d_0000020,visdrone,200000,3,1400,1050,504,364,183456,61152.0,0,1,1,0,0,qwen3-vl-32b-awq,"{""count"": 0}"
9999963_00000_d_0000013,visdrone,1048576,18,1400,1050,1176,868,1020768,56709.3,10,1,0,0,0,qwen3-vl-32b-awq,"{""count"": 10}"
9999963_00000_d_0000013,visdrone,800000,18,1400,1050,1008,756,762048,42336.0,10,1,0,0,0,qwen3-vl-32b-awq,"{""count"": 10}"
9999963_00000_d_0000016,visdrone,0,3,1400,1050,1400,1050,1470000,490000.0,0,1,1,0,0,qwen3-vl-32b-awq,"{""count"": 0}"
9999963_00000_d_0000016,visdrone,1048576,3,1400,1050,1176,868,1020768,340256.0,0,1,1,0,0,qwen3-vl-32b-awq,"{""count"": 0}"
9999963_00000_d_0000016,visdrone,400000,3,1400,1050,728,532,387296,129098.7,0,1,1,0,0,qwen3-vl-32b-awq,"{""count"": 0}"
9999963_00000_d_0000023,visdrone,200000,18,1400,1050,504,364,183456,10192.0,0,1,1,0,0,qwen3-vl-32b-awq,"{""count"": 0}"
9999963_00000_d_0000020,visdrone,400000,3,1400,1050,728,532,387296,129098.7,0,1,1,0,0,qwen3-vl-32b-awq,"{""count"": 0}"
9999963_00000_d_0000016,visdrone,800000,3,1400,1050,1008,756,762048,254016.0,0,1,1,0,0,qwen3-vl-32b-awq,"{""count"": 0}"
9999963_00000_d_0000023,visdrone,400000,18,1400,1050,728,532,387296,21516.4,5,1,0,0,0,qwen3-vl-32b-awq,"{""count"": 5}"
9999963_00000_d_0000020,visdrone,800000,3,1400,1050,1008,756,762048,254016.0,0,1,1,0,0,qwen3-vl-32b-awq,"{""count"": 0}"
9999963_00000_d_0000020,visdrone,0,3,1400,1050,1400,1050,1470000,490000.0,0,1,1,0,0,qwen3-vl-32b-awq,"{""count"": 0}"
9999963_00000_d_0000025,visdrone,200000,20,1400,1050,504,364,183456,9172.8,0,1,1,0,0,qwen3-vl-32b-awq,"{""count"": 0}"
9999963_00000_d_0000023,visdrone,800000,18,1400,1050,1008,756,762048,42336.0,10,1,0,0,0,qwen3-vl-32b-awq,"{""count"": 10}"
9999963_00000_d_0000020,visdrone,1048576,3,1400,1050,1176,868,1020768,340256.0,0,1,1,0,0,qwen3-vl-32b-awq,"{""count"": 0}"
9999963_00000_d_0000023,visdrone,0,18,1400,1050,1400,1050,1470000,81666.7,10,1,0,0,0,qwen3-vl-32b-awq,"{""count"": 10}"
9999963_00000_d_0000023,visdrone,1048576,18,1400,1050,1176,868,1020768,56709.3,10,1,0,0,0,qwen3-vl-32b-awq,"{""count"": 10}"
9999963_00000_d_0000025,visdrone,0,20,1400,1050,1400,1050,1470000,73500.0,10,1,0,0,0,qwen3-vl-32b-awq,"{""count"": 10}"
9999963_00000_d_0000025,visdrone,400000,20,1400,1050,728,532,387296,19364.8,0,1,1,0,0,qwen3-vl-32b-awq,"{""count"": 0}"
9999963_00000_d_0000029,visdrone,200000,5,1400,1050,504,364,183456,36691.2,2,1,0,0,0,qwen3-vl-32b-awq,"{""count"": 2}"
9999963_00000_d_0000029,visdrone,400000,5,1400,1050,728,532,387296,77459.2,2,1,0,0,0,qwen3-vl-32b-awq,"{""count"": 2}"
9999963_00000_d_0000025,visdrone,1048576,20,1400,1050,1176,868,1020768,51038.4,10,1,0,0,0,qwen3-vl-32b-awq,"{""count"": 10}"
9999963_00000_d_0000030,visdrone,200000,5,1400,1050,504,364,183456,36691.2,3,1,0,0,0,qwen3-vl-32b-awq,"{""count"": 3}"
9999963_00000_d_0000029,visdrone,0,5,1400,1050,1400,1050,1470000,294000.0,2,1,0,0,0,qwen3-vl-32b-awq,"{""count"": 2}"
9999963_00000_d_0000025,visdrone,800000,20,1400,1050,1008,756,762048,38102.4,10,1,0,0,0,qwen3-vl-32b-awq,"{""count"": 10}"
9999963_00000_d_0000029,visdrone,1048576,5,1400,1050,1176,868,1020768,204153.6,2,1,0,0,0,qwen3-vl-32b-awq,"{""count"": 2}"
9999963_00000_d_0000029,visdrone,800000,5,1400,1050,1008,756,762048,152409.6,2,1,0,0,0,qwen3-vl-32b-awq,"{""count"": 2}"
9999963_00000_d_0000034,visdrone,200000,7,1400,1050,504,364,183456,26208.0,3,1,0,0,0,qwen3-vl-32b-awq,"{""count"": 3}"
9999963_00000_d_0000030,visdrone,0,5,1400,1050,1400,1050,1470000,294000.0,4,1,0,0,0,qwen3-vl-32b-awq,"{""count"": 4}"
9999963_00000_d_0000030,visdrone,1048576,5,1400,1050,1176,868,1020768,204153.6,4,1,0,0,0,qwen3-vl-32b-awq,"{""count"": 4}"
9999963_00000_d_0000030,visdrone,800000,5,1400,1050,1008,756,762048,152409.6,3,1,0,0,0,qwen3-vl-32b-awq,"{""count"": 3}"
9999963_00000_d_0000034,visdrone,0,7,1400,1050,1400,1050,1470000,210000.0,5,1,0,0,0,qwen3-vl-32b-awq,"{""count"": 5}"
9999963_00000_d_0000035,visdrone,200000,21,1400,1050,504,364,183456,8736.0,10,1,0,0,0,qwen3-vl-32b-awq,"{""count"": 10}"
9999963_00000_d_0000030,visdrone,400000,5,1400,1050,728,532,387296,77459.2,3,1,0,0,0,qwen3-vl-32b-awq,"{""count"": 3}"
9999963_00000_d_0000034,visdrone,400000,7,1400,1050,728,532,387296,55328.0,5,1,0,0,0,qwen3-vl-32b-awq,"{""count"": 5}"
9999963_00000_d_0000034,visdrone,1048576,7,1400,1050,1176,868,1020768,145824.0,5,1,0,0,0,qwen3-vl-32b-awq,"{""count"": 5}"
9999963_00000_d_0000036,visdrone,200000,43,1400,1050,504,364,183456,4266.4,10,1,0,0,0,qwen3-vl-32b-awq,"{""count"": 10}"
9999963_00000_d_0000034,visdrone,800000,7,1400,1050,1008,756,762048,108864.0,5,1,0,0,0,qwen3-vl-32b-awq,"{""count"": 5}"
9999963_00000_d_0000035,visdrone,0,21,1400,1050,1400,1050,1470000,70000.0,10,1,0,0,0,qwen3-vl-32b-awq,"{""count"": 10}"
9999963_00000_d_0000035,visdrone,800000,21,1400,1050,1008,756,762048,36288.0,10,1,0,0,0,qwen3-vl-32b-awq,"{""count"": 10}"
9999963_00000_d_0000039,visdrone,200000,17,1400,1050,504,364,183456,10791.5,10,1,0,0,0,qwen3-vl-32b-awq,"{""count"": 10}"
9999963_00000_d_0000035,visdrone,1048576,21,1400,1050,1176,868,1020768,48608.0,10,1,0,0,0,qwen3-vl-32b-awq,"{""count"": 10}"
9999963_00000_d_0000035,visdrone,400000,21,1400,1050,728,532,387296,18442.7,10,1,0,0,0,qwen3-vl-32b-awq,"{""count"": 10}"
9999963_00000_d_0000036,visdrone,400000,43,1400,1050,728,532,387296,9006.9,18,1,0,0,0,qwen3-vl-32b-awq,"{""count"": 18}"
9999963_00000_d_0000036,visdrone,0,43,1400,1050,1400,1050,1470000,34186.0,15,1,0,0,0,qwen3-vl-32b-awq,"{""count"": 15}"
9999963_00000_d_0000040,visdrone,200000,27,1400,1050,504,364,183456,6794.7,10,1,0,0,0,qwen3-vl-32b-awq,"{""count"": 10}"
9999963_00000_d_0000036,visdrone,800000,43,1400,1050,1008,756,762048,17722.0,18,1,0,0,0,qwen3-vl-32b-awq,"{""count"": 18}"
9999963_00000_d_0000036,visdrone,1048576,43,1400,1050,1176,868,1020768,23738.8,18,1,0,0,0,qwen3-vl-32b-awq,"{""count"": 18}"
9999963_00000_d_0000042,visdrone,200000,8,1400,1050,504,364,183456,22932.0,3,1,0,0,0,qwen3-vl-32b-awq,"{""count"": 3}"
9999963_00000_d_0000039,visdrone,0,17,1400,1050,1400,1050,1470000,86470.6,12,1,0,0,0,qwen3-vl-32b-awq,"{""count"": 12}"
9999963_00000_d_0000039,visdrone,800000,17,1400,1050,1008,756,762048,44826.4,10,1,0,0,0,qwen3-vl-32b-awq,"{""count"": 10}"
9999963_00000_d_0000039,visdrone,1048576,17,1400,1050,1176,868,1020768,60045.2,10,1,0,0,0,qwen3-vl-32b-awq,"{""count"": 10}"
9999963_00000_d_0000040,visdrone,400000,27,1400,1050,728,532,387296,14344.3,14,1,0,0,0,qwen3-vl-32b-awq,"{""count"": 14}"
9999963_00000_d_0000039,visdrone,400000,17,1400,1050,728,532,387296,22782.1,10,1,0,0,0,qwen3-vl-32b-awq,"{""count"": 10}"
9999963_00000_d_0000040,visdrone,0,27,1400,1050,1400,1050,1470000,54444.4,18,1,0,0,0,qwen3-vl-32b-awq,"{""count"": 18}"
9999963_00000_d_0000040,visdrone,1048576,27,1400,1050,1176,868,1020768,37806.2,18,1,0,0,0,qwen3-vl-32b-awq,"{""count"": 18}"
9999963_00000_d_0000043,visdrone,200000,7,1400,1050,504,364,183456,26208.0,2,1,0,0,0,qwen3-vl-32b-awq,"{""count"": 2}"
9999963_00000_d_0000042,visdrone,0,8,1400,1050,1400,1050,1470000,183750.0,5,1,0,0,0,qwen3-vl-32b-awq,"{""count"": 5}"
9999963_00000_d_0000040,visdrone,800000,27,1400,1050,1008,756,762048,28224.0,18,1,0,0,0,qwen3-vl-32b-awq,"{""count"": 18}"
9999963_00000_d_0000047,visdrone,200000,16,1400,1050,504,364,183456,11466.0,0,1,1,0,0,qwen3-vl-32b-awq,"{""count"": 0}"
9999963_00000_d_0000042,visdrone,800000,8,1400,1050,1008,756,762048,95256.0,3,1,0,0,0,qwen3-vl-32b-awq,"{""count"": 3}"
9999963_00000_d_0000042,visdrone,1048576,8,1400,1050,1176,868,1020768,127596.0,5,1,0,0,0,qwen3-vl-32b-awq,"{""count"": 5}"
9999963_00000_d_0000042,visdrone,400000,8,1400,1050,728,532,387296,48412.0,4,1,0,0,0,qwen3-vl-32b-awq,"{""count"": 4}"
9999963_00000_d_0000043,visdrone,400000,7,1400,1050,728,532,387296,55328.0,5,1,0,0,0,qwen3-vl-32b-awq,"{""count"": 5}"
9999963_00000_d_0000043,visdrone,0,7,1400,1050,1400,1050,1470000,210000.0,5,1,0,0,0,qwen3-vl-32b-awq,"{""count"": 5}"
9999963_00000_d_0000043,visdrone,1048576,7,1400,1050,1176,868,1020768,145824.0,4,1,0,0,0,qwen3-vl-32b-awq,"{""count"": 4}"
9999963_00000_d_0000043,visdrone,800000,7,1400,1050,1008,756,762048,108864.0,5,1,0,0,0,qwen3-vl-32b-awq,"{""count"": 5}"
9999963_00000_d_0000049,visdrone,200000,3,1400,1050,504,364,183456,61152.0,0,1,1,0,0,qwen3-vl-32b-awq,"{""count"": 0}"
9999963_00000_d_0000047,visdrone,0,16,1400,1050,1400,1050,1470000,91875.0,7,1,0,0,0,qwen3-vl-32b-awq,"{""count"": 7}"
9999963_00000_d_0000047,visdrone,1048576,16,1400,1050,1176,868,1020768,63798.0,7,1,0,0,0,qwen3-vl-32b-awq,"{""count"": 7}"
9999963_00000_d_0000047,visdrone,800000,16,1400,1050,1008,756,762048,47628.0,5,1,0,0,0,qwen3-vl-32b-awq,"{""count"": 5}"
9999963_00000_d_0000052,visdrone,200000,29,1400,1050,504,364,183456,6326.1,0,1,1,0,0,qwen3-vl-32b-awq,"{""count"": 0}"
9999963_00000_d_0000049,visdrone,800000,3,1400,1050,1008,756,762048,254016.0,0,1,1,0,0,qwen3-vl-32b-awq,"{""count"": 0}"
9999963_00000_d_0000049,visdrone,400000,3,1400,1050,728,532,387296,129098.7,0,1,1,0,0,qwen3-vl-32b-awq,"{""count"": 0}"
9999963_00000_d_0000047,visdrone,400000,16,1400,1050,728,532,387296,24206.0,10,1,0,0,0,qwen3-vl-32b-awq,"{""count"": 10}"
9999963_00000_d_0000057,visdrone,200000,5,1400,1050,504,364,183456,36691.2,0,1,1,0,0,qwen3-vl-32b-awq,"{""count"": 0}"
9999963_00000_d_0000052,visdrone,400000,29,1400,1050,728,532,387296,13355.0,10,1,0,0,0,qwen3-vl-32b-awq,"{""count"": 10}"
9999963_00000_d_0000049,visdrone,0,3,1400,1050,1400,1050,1470000,490000.0,0,1,1,0,0,qwen3-vl-32b-awq,"{""count"": 0}"
9999963_00000_d_0000049,visdrone,1048576,3,1400,1050,1176,868,1020768,340256.0,0,1,1,0,0,qwen3-vl-32b-awq,"{""count"": 0}"
9999963_00000_d_0000052,visdrone,0,29,1400,1050,1400,1050,1470000,50689.7,10,1,0,0,0,qwen3-vl-32b-awq,"{""count"": 10}"
9999963_00000_d_0000060,visdrone,200000,5,1400,1050,504,364,183456,36691.2,0,1,1,0,0,qwen3-vl-32b-awq,"{""count"": 0}"
9999963_00000_d_0000052,visdrone,1048576,29,1400,1050,1176,868,1020768,35198.9,10,1,0,0,0,qwen3-vl-32b-awq,"{""count"": 10}"
9999963_00000_d_0000052,visdrone,800000,29,1400,1050,1008,756,762048,26277.5,10,1,0,0,0,qwen3-vl-32b-awq,"{""count"": 10}"
9999963_00000_d_0000057,visdrone,0,5,1400,1050,1400,1050,1470000,294000.0,2,1,0,0,0,qwen3-vl-32b-awq,"{""count"": 2}"
9999963_00000_d_0000057,visdrone,1048576,5,1400,1050,1176,868,1020768,204153.6,1,1,0,0,0,qwen3-vl-32b-awq,"{""count"": 1}"
9999963_00000_d_0000057,visdrone,400000,5,1400,1050,728,532,387296,77459.2,0,1,1,0,0,qwen3-vl-32b-awq,"{""count"": 0}"
9999963_00000_d_0000061,visdrone,200000,3,1400,1050,504,364,183456,61152.0,0,1,1,0,0,qwen3-vl-32b-awq,"{""count"": 0}"
9999963_00000_d_0000060,visdrone,400000,5,1400,1050,728,532,387296,77459.2,2,1,0,0,0,qwen3-vl-32b-awq,"{""count"": 2}"
9999963_00000_d_0000057,visdrone,800000,5,1400,1050,1008,756,762048,152409.6,2,1,0,0,0,qwen3-vl-32b-awq,"{""count"": 2}"
9999963_00000_d_0000061,visdrone,400000,3,1400,1050,728,532,387296,129098.7,1,1,0,0,0,qwen3-vl-32b-awq,"{""count"": 1}"
9999963_00000_d_0000060,visdrone,800000,5,1400,1050,1008,756,762048,152409.6,2,1,0,0,0,qwen3-vl-32b-awq,"{""count"": 2}"
9999963_00000_d_0000060,visdrone,0,5,1400,1050,1400,1050,1470000,294000.0,2,1,0,0,0,qwen3-vl-32b-awq,"{""count"": 2}"
9999963_00000_d_0000064,visdrone,200000,5,1400,1050,504,364,183456,36691.2,0,1,1,0,0,qwen3-vl-32b-awq,"{""count"": 0}"
9999963_00000_d_0000060,visdrone,1048576,5,1400,1050,1176,868,1020768,204153.6,2,1,0,0,0,qwen3-vl-32b-awq,"{""count"": 2}"
9999963_00000_d_0000061,visdrone,0,3,1400,1050,1400,1050,1470000,490000.0,2,1,0,0,0,qwen3-vl-32b-awq,"{""count"": 2}"
9999963_00000_d_0000061,visdrone,1048576,3,1400,1050,1176,868,1020768,340256.0,2,1,0,0,0,qwen3-vl-32b-awq,"{""count"": 2}"
9999963_00000_d_0000061,visdrone,800000,3,1400,1050,1008,756,762048,254016.0,2,1,0,0,0,qwen3-vl-32b-awq,"{""count"": 2}"
9999963_00000_d_0000067,visdrone,200000,5,1400,1050,504,364,183456,36691.2,0,1,1,0,0,qwen3-vl-32b-awq,"{""count"": 0}"
9999963_00000_d_0000064,visdrone,0,5,1400,1050,1400,1050,1470000,294000.0,2,1,0,0,0,qwen3-vl-32b-awq,"{""count"": 2}"
9999963_00000_d_0000064,visdrone,800000,5,1400,1050,1008,756,762048,152409.6,2,1,0,0,0,qwen3-vl-32b-awq,"{""count"": 2}"
9999963_00000_d_0000070,visdrone,200000,4,1400,1050,504,364,183456,45864.0,0,1,1,0,0,qwen3-vl-32b-awq,"{""count"": 0}"
9999963_00000_d_0000064,visdrone,1048576,5,1400,1050,1176,868,1020768,204153.6,2,1,0,0,0,qwen3-vl-32b-awq,"{""count"": 2}"
9999963_00000_d_0000067,visdrone,0,5,1400,1050,1400,1050,1470000,294000.0,3,1,0,0,0,qwen3-vl-32b-awq,"{""count"": 3}"
9999963_00000_d_0000071,visdrone,200000,3,1400,1050,504,364,183456,61152.0,0,1,1,0,0,qwen3-vl-32b-awq,"{""count"": 0}"
9999963_00000_d_0000064,visdrone,400000,5,1400,1050,728,532,387296,77459.2,0,1,1,0,0,qwen3-vl-32b-awq,"{""count"": 0}"
9999963_00000_d_0000067,visdrone,400000,5,1400,1050,728,532,387296,77459.2,3,1,0,0,0,qwen3-vl-32b-awq,"{""count"": 3}"
9999963_00000_d_0000067,visdrone,1048576,5,1400,1050,1176,868,1020768,204153.6,3,1,0,0,0,qwen3-vl-32b-awq,"{""count"": 3}"
9999963_00000_d_0000067,visdrone,800000,5,1400,1050,1008,756,762048,152409.6,3,1,0,0,0,qwen3-vl-32b-awq,"{""count"": 3}"
9999963_00000_d_0000070,visdrone,0,4,1400,1050,1400,1050,1470000,367500.0,2,1,0,0,0,qwen3-vl-32b-awq,"{""count"": 2}"
9999963_00000_d_0000070,visdrone,1048576,4,1400,1050,1176,868,1020768,255192.0,2,1,0,0,0,qwen3-vl-32b-awq,"{""count"": 2}"
9999973_00000_d_0000001,visdrone,200000,7,1916,1078,588,308,181104,25872.0,2,1,0,0,0,qwen3-vl-32b-awq,"{""count"": 2}"
9999963_00000_d_0000070,visdrone,800000,4,1400,1050,1008,756,762048,190512.0,2,1,0,0,0,qwen3-vl-32b-awq,"{""count"": 2}"
9999963_00000_d_0000071,visdrone,0,3,1400,1050,1400,1050,1470000,490000.0,0,1,1,0,0,qwen3-vl-32b-awq,"{""count"": 0}"
9999963_00000_d_0000070,visdrone,400000,4,1400,1050,728,532,387296,96824.0,0,1,1,0,0,qwen3-vl-32b-awq,"{""count"": 0}"
9999963_00000_d_0000071,visdrone,400000,3,1400,1050,728,532,387296,129098.7,0,1,1,0,0,qwen3-vl-32b-awq,"{""count"": 0}"
9999973_00000_d_0000002,visdrone,200000,3,1916,1078,588,308,181104,60368.0,2,1,0,0,0,qwen3-vl-32b-awq,"{""count"": 2}"
9999963_00000_d_0000071,visdrone,800000,3,1400,1050,1008,756,762048,254016.0,2,1,0,0,0,qwen3-vl-32b-awq,"{""count"": 2}"
9999963_00000_d_0000071,visdrone,1048576,3,1400,1050,1176,868,1020768,340256.0,0,1,1,0,0,qwen3-vl-32b-awq,"{""count"": 0}"
9999973_00000_d_0000001,visdrone,0,7,1916,1078,1916,1078,2065448,295064.0,2,1,0,0,0,qwen3-vl-32b-awq,"{""count"": 2}"
9999973_00000_d_0000001,visdrone,1048576,7,1916,1078,1344,756,1016064,145152.0,2,1,0,0,0,qwen3-vl-32b-awq,"{""count"": 2}"
9999973_00000_d_0000005,visdrone,200000,8,1916,1078,588,308,181104,22638.0,0,1,1,0,0,qwen3-vl-32b-awq,"{""count"": 0}"
9999973_00000_d_0000001,visdrone,800000,7,1916,1078,1176,644,757344,108192.0,2,1,0,0,0,qwen3-vl-32b-awq,"{""count"": 2}"
9999973_00000_d_0000001,visdrone,400000,7,1916,1078,840,448,376320,53760.0,2,1,0,0,0,qwen3-vl-32b-awq,"{""count"": 2}"
9999973_00000_d_0000002,visdrone,400000,3,1916,1078,840,448,376320,125440.0,2,1,0,0,0,qwen3-vl-32b-awq,"{""count"": 2}"
9999973_00000_d_0000005,visdrone,400000,8,1916,1078,840,448,376320,47040.0,0,1,1,0,0,qwen3-vl-32b-awq,"{""count"": 0}"
9999973_00000_d_0000011,visdrone,200000,4,1916,1078,588,308,181104,45276.0,0,1,1,0,0,qwen3-vl-32b-awq,"{""count"": 0}"
9999973_00000_d_0000002,visdrone,800000,3,1916,1078,1176,644,757344,252448.0,3,1,0,0,0,qwen3-vl-32b-awq,"{""count"": 3}"
9999973_00000_d_0000002,visdrone,0,3,1916,1078,1916,1078,2065448,688482.7,2,1,0,0,0,qwen3-vl-32b-awq,"{""count"": 2}"
9999973_00000_d_0000002,visdrone,1048576,3,1916,1078,1344,756,1016064,338688.0,2,1,0,0,0,qwen3-vl-32b-awq,"{""count"": 2}"
9999973_00000_d_0000005,visdrone,0,8,1916,1078,1916,1078,2065448,258181.0,0,1,1,0,0,qwen3-vl-32b-awq,"{""count"": 0}"
9999973_00000_d_0000013,visdrone,200000,12,1916,1078,588,308,181104,15092.0,0,1,1,0,0,qwen3-vl-32b-awq,"{""count"": 0}"
9999973_00000_d_0000005,visdrone,800000,8,1916,1078,1176,644,757344,94668.0,0,1,1,0,0,qwen3-vl-32b-awq,"{""count"": 0}"
9999973_00000_d_0000005,visdrone,1048576,8,1916,1078,1344,756,1016064,127008.0,0,1,1,0,0,qwen3-vl-32b-awq,"{""count"": 0}"
9999973_00000_d_0000011,visdrone,0,4,1916,1078,1916,1078,2065448,516362.0,2,1,0,0,0,qwen3-vl-32b-awq,"{""count"": 2}"
9999973_00000_d_0000011,visdrone,1048576,4,1916,1078,1344,756,1016064,254016.0,2,1,0,0,0,qwen3-vl-32b-awq,"{""count"": 2}"
9999973_00000_d_0000011,visdrone,800000,4,1916,1078,1176,644,757344,189336.0,2,1,0,0,0,qwen3-vl-32b-awq,"{""count"": 2}"
9999973_00000_d_0000014,visdrone,200000,1,1916,1078,588,308,181104,181104.0,0,1,1,0,0,qwen3-vl-32b-awq,"{""count"": 0}"
9999973_00000_d_0000014,visdrone,400000,1,1916,1078,840,448,376320,376320.0,0,1,1,0,0,qwen3-vl-32b-awq,"{""count"": 0}"
9999973_00000_d_0000021,visdrone,200000,3,1916,1078,588,308,181104,60368.0,0,1,1,0,0,qwen3-vl-32b-awq,"{""count"": 0}"
9999973_00000_d_0000011,visdrone,400000,4,1916,1078,840,448,376320,94080.0,0,1,1,0,0,qwen3-vl-32b-awq,"{""count"": 0}"
9999973_00000_d_0000013,visdrone,400000,12,1916,1078,840,448,376320,31360.0,0,1,1,0,0,qwen3-vl-32b-awq,"{""count"": 0}"
9999973_00000_d_0000013,visdrone,800000,12,1916,1078,1176,644,757344,63112.0,0,1,1,0,0,qwen3-vl-32b-awq,"{""count"": 0}"
9999973_00000_d_0000013,visdrone,0,12,1916,1078,1916,1078,2065448,172120.7,0,1,1,0,0,qwen3-vl-32b-awq,"{""count"": 0}"
9999973_00000_d_0000013,visdrone,1048576,12,1916,1078,1344,756,1016064,84672.0,10,1,0,0,0,qwen3-vl-32b-awq,"{""count"": 10}"
9999973_00000_d_0000014,visdrone,0,1,1916,1078,1916,1078,2065448,2065448.0,0,1,1,0,0,qwen3-vl-32b-awq,"{""count"": 0}"
9999973_00000_d_0000014,visdrone,1048576,1,1916,1078,1344,756,1016064,1016064.0,0,1,1,0,0,qwen3-vl-32b-awq,"{""count"": 0}"
9999973_00000_d_0000027,visdrone,200000,5,1916,1078,588,308,181104,36220.8,0,1,1,0,0,qwen3-vl-32b-awq,"{""count"": 0}"
9999973_00000_d_0000014,visdrone,800000,1,1916,1078,1176,644,757344,757344.0,0,1,1,0,0,qwen3-vl-32b-awq,"{""count"": 0}"
9999973_00000_d_0000021,visdrone,0,3,1916,1078,1916,1078,2065448,688482.7,0,1,1,0,0,qwen3-vl-32b-awq,"{""count"": 0}"
9999973_00000_d_0000021,visdrone,800000,3,1916,1078,1176,644,757344,252448.0,0,1,1,0,0,qwen3-vl-32b-awq,"{""count"": 0}"
9999973_00000_d_0000031,visdrone,200000,1,1916,1078,588,308,181104,181104.0,0,1,1,0,0,qwen3-vl-32b-awq,"{""count"": 0}"
9999973_00000_d_0000021,visdrone,1048576,3,1916,1078,1344,756,1016064,338688.0,0,1,1,0,0,qwen3-vl-32b-awq,"{""count"": 0}"
9999973_00000_d_0000040,visdrone,200000,6,1916,1078,588,308,181104,30184.0,0,1,1,0,0,qwen3-vl-32b-awq,"{""count"": 0}"
9999973_00000_d_0000021,visdrone,400000,3,1916,1078,840,448,376320,125440.0,0,1,1,0,0,qwen3-vl-32b-awq,"{""count"": 0}"
9999973_00000_d_0000027,visdrone,400000,5,1916,1078,840,448,376320,75264.0,0,1,1,0,0,qwen3-vl-32b-awq,"{""count"": 0}"
9999973_00000_d_0000027,visdrone,0,5,1916,1078,1916,1078,2065448,413089.6,0,1,1,0,0,qwen3-vl-32b-awq,"{""count"": 0}"
9999973_00000_d_0000027,visdrone,1048576,5,1916,1078,1344,756,1016064,203212.8,0,1,1,0,0,qwen3-vl-32b-awq,"{""count"": 0}"
9999973_00000_d_0000027,visdrone,800000,5,1916,1078,1176,644,757344,151468.8,0,1,1,0,0,qwen3-vl-32b-awq,"{""count"": 0}"
9999973_00000_d_0000031,visdrone,0,1,1916,1078,1916,1078,2065448,2065448.0,0,1,1,0,0,qwen3-vl-32b-awq,"{""count"": 0}"
9999973_00000_d_0000031,visdrone,1048576,1,1916,1078,1344,756,1016064,1016064.0,0,1,1,0,0,qwen3-vl-32b-awq,"{""count"": 0}"
9999973_00000_d_0000031,visdrone,800000,1,1916,1078,1176,644,757344,757344.0,0,1,1,0,0,qwen3-vl-32b-awq,"{""count"": 0}"
9999973_00000_d_0000044,visdrone,200000,4,1916,1078,588,308,181104,45276.0,2,1,0,0,0,qwen3-vl-32b-awq,"{""count"": 2}"
9999973_00000_d_0000031,visdrone,400000,1,1916,1078,840,448,376320,376320.0,0,1,1,0,0,qwen3-vl-32b-awq,"{""count"": 0}"
9999973_00000_d_0000040,visdrone,400000,6,1916,1078,840,448,376320,62720.0,0,1,1,0,0,qwen3-vl-32b-awq,"{""count"": 0}"
9999973_00000_d_0000044,visdrone,400000,4,1916,1078,840,448,376320,94080.0,0,1,1,0,0,qwen3-vl-32b-awq,"{""count"": 0}"
9999973_00000_d_0000045,visdrone,200000,3,1916,1078,588,308,181104,60368.0,1,1,0,0,0,qwen3-vl-32b-awq,"{""count"": 1}"
9999973_00000_d_0000040,visdrone,800000,6,1916,1078,1176,644,757344,126224.0,0,1,1,0,0,qwen3-vl-32b-awq,"{""count"": 0}"
9999973_00000_d_0000040,visdrone,0,6,1916,1078,1916,1078,2065448,344241.3,0,1,1,0,0,qwen3-vl-32b-awq,"{""count"": 0}"
9999973_00000_d_0000040,visdrone,1048576,6,1916,1078,1344,756,1016064,169344.0,0,1,1,0,0,qwen3-vl-32b-awq,"{""count"": 0}"
9999973_00000_d_0000044,visdrone,0,4,1916,1078,1916,1078,2065448,516362.0,0,1,1,0,0,qwen3-vl-32b-awq,"{""count"": 0}"
9999973_00000_d_0000047,visdrone,200000,6,1916,1078,588,308,181104,30184.0,0,1,1,0,0,qwen3-vl-32b-awq,"{""count"": 0}"
9999973_00000_d_0000044,visdrone,800000,4,1916,1078,1176,644,757344,189336.0,1,1,0,0,0,qwen3-vl-32b-awq,"{""count"": 1}"
9999973_00000_d_0000044,visdrone,1048576,4,1916,1078,1344,756,1016064,254016.0,0,1,1,0,0,qwen3-vl-32b-awq,"{""count"": 0}"
9999973_00000_d_0000045,visdrone,0,3,1916,1078,1916,1078,2065448,688482.7,0,1,1,0,0,qwen3-vl-32b-awq,"{""count"": 0}"
9999973_00000_d_0000045,visdrone,1048576,3,1916,1078,1344,756,1016064,338688.0,0,1,1,0,0,qwen3-vl-32b-awq,"{""count"": 0}"
9999973_00000_d_0000050,visdrone,200000,14,1916,1078,588,308,181104,12936.0,0,1,1,0,0,qwen3-vl-32b-awq,"{""count"": 0}"
9999973_00000_d_0000045,visdrone,400000,3,1916,1078,840,448,376320,125440.0,1,1,0,0,0,qwen3-vl-32b-awq,"{""count"": 1}"
9999973_00000_d_0000047,visdrone,400000,6,1916,1078,840,448,376320,62720.0,0,1,1,0,0,qwen3-vl-32b-awq,"{""count"": 0}"
9999973_00000_d_0000045,visdrone,800000,3,1916,1078,1176,644,757344,252448.0,0,1,1,0,0,qwen3-vl-32b-awq,"{""count"": 0}"
9999973_00000_d_0000057,visdrone,200000,8,1916,1078,588,308,181104,22638.0,0,1,1,0,0,qwen3-vl-32b-awq,"{""count"": 0}"
9999973_00000_d_0000050,visdrone,400000,14,1916,1078,840,448,376320,26880.0,0,1,1,0,0,qwen3-vl-32b-awq,"{""count"": 0}"
9999973_00000_d_0000047,visdrone,800000,6,1916,1078,1176,644,757344,126224.0,0,1,1,0,0,qwen3-vl-32b-awq,"{""count"": 0}"
9999973_00000_d_0000047,visdrone,0,6,1916,1078,1916,1078,2065448,344241.3,0,1,1,0,0,qwen3-vl-32b-awq,"{""count"": 0}"
9999973_00000_d_0000047,visdrone,1048576,6,1916,1078,1344,756,1016064,169344.0,0,1,1,0,0,qwen3-vl-32b-awq,"{""count"": 0}"
9999973_00000_d_0000050,visdrone,0,14,1916,1078,1916,1078,2065448,147532.0,0,1,1,0,0,qwen3-vl-32b-awq,"{""count"": 0}"
9999973_00000_d_0000050,visdrone,1048576,14,1916,1078,1344,756,1016064,72576.0,0,1,1,0,0,qwen3-vl-32b-awq,"{""count"": 0}"
9999973_00000_d_0000050,visdrone,800000,14,1916,1078,1176,644,757344,54096.0,0,1,1,0,0,qwen3-vl-32b-awq,"{""count"": 0}"
9999973_00000_d_0000060,visdrone,200000,2,1916,1078,588,308,181104,90552.0,0,1,1,0,0,qwen3-vl-32b-awq,"{""count"": 0}"
9999973_00000_d_0000057,visdrone,0,8,1916,1078,1916,1078,2065448,258181.0,0,1,1,0,0,qwen3-vl-32b-awq,"{""count"": 0}"
9999973_00000_d_0000061,visdrone,200000,12,1916,1078,588,308,181104,15092.0,0,1,1,0,0,qwen3-vl-32b-awq,"{""count"": 0}"
9999973_00000_d_0000057,visdrone,800000,8,1916,1078,1176,644,757344,94668.0,0,1,1,0,0,qwen3-vl-32b-awq,"{""count"": 0}"
9999973_00000_d_0000057,visdrone,1048576,8,1916,1078,1344,756,1016064,127008.0,0,1,1,0,0,qwen3-vl-32b-awq,"{""count"": 0}"
9999973_00000_d_0000067,visdrone,200000,6,1916,1078,588,308,181104,30184.0,0,1,1,0,0,qwen3-vl-32b-awq,"{""count"": 0}"
9999973_00000_d_0000057,visdrone,400000,8,1916,1078,840,448,376320,47040.0,0,1,1,0,0,qwen3-vl-32b-awq,"{""count"": 0}"
9999973_00000_d_0000060,visdrone,400000,2,1916,1078,840,448,376320,188160.0,0,1,1,0,0,qwen3-vl-32b-awq,"{""count"": 0}"
9999973_00000_d_0000060,visdrone,0,2,1916,1078,1916,1078,2065448,1032724.0,0,1,1,0,0,qwen3-vl-32b-awq,"{""count"": 0}"
9999973_00000_d_0000060,visdrone,1048576,2,1916,1078,1344,756,1016064,508032.0,0,1,1,0,0,qwen3-vl-32b-awq,"{""count"": 0}"
9999973_00000_d_0000060,visdrone,800000,2,1916,1078,1176,644,757344,378672.0,0,1,1,0,0,qwen3-vl-32b-awq,"{""count"": 0}"
9999973_00000_d_0000061,visdrone,0,12,1916,1078,1916,1078,2065448,172120.7,0,1,1,0,0,qwen3-vl-32b-awq,"{""count"": 0}"
9999973_00000_d_0000061,visdrone,1048576,12,1916,1078,1344,756,1016064,84672.0,0,1,1,0,0,qwen3-vl-32b-awq,"{""count"": 0}"
9999973_00000_d_0000061,visdrone,800000,12,1916,1078,1176,644,757344,63112.0,0,1,1,0,0,qwen3-vl-32b-awq,"{""count"": 0}"
9999973_00000_d_0000068,visdrone,200000,3,1916,1078,588,308,181104,60368.0,0,1,1,0,0,qwen3-vl-32b-awq,"{""count"": 0}"
9999973_00000_d_0000067,visdrone,0,6,1916,1078,1916,1078,2065448,344241.3,0,1,1,0,0,qwen3-vl-32b-awq,"{""count"": 0}"
9999973_00000_d_0000071,visdrone,200000,2,1916,1078,588,308,181104,90552.0,0,1,1,0,0,qwen3-vl-32b-awq,"{""count"": 0}"
9999973_00000_d_0000061,visdrone,400000,12,1916,1078,840,448,376320,31360.0,0,1,1,0,0,qwen3-vl-32b-awq,"{""count"": 0}"
9999973_00000_d_0000067,visdrone,400000,6,1916,1078,840,448,376320,62720.0,0,1,1,0,0,qwen3-vl-32b-awq,"{""count"": 0}"
9999973_00000_d_0000067,visdrone,1048576,6,1916,1078,1344,756,1016064,169344.0,0,1,1,0,0,qwen3-vl-32b-awq,"{""count"": 0}"
9999973_00000_d_0000067,visdrone,800000,6,1916,1078,1176,644,757344,126224.0,0,1,1,0,0,qwen3-vl-32b-awq,"{""count"": 0}"
9999973_00000_d_0000072,visdrone,200000,1,1916,1078,588,308,181104,181104.0,0,1,1,0,0,qwen3-vl-32b-awq,"{""count"": 0}"
9999973_00000_d_0000068,visdrone,0,3,1916,1078,1916,1078,2065448,688482.7,2,1,0,0,0,qwen3-vl-32b-awq,"{""count"": 2}"
9999973_00000_d_0000068,visdrone,800000,3,1916,1078,1176,644,757344,252448.0,3,1,0,0,0,qwen3-vl-32b-awq,"{""count"": 3}"
9999973_00000_d_0000068,visdrone,1048576,3,1916,1078,1344,756,1016064,338688.0,2,1,0,0,0,qwen3-vl-32b-awq,"{""count"": 2}"
9999973_00000_d_0000068,visdrone,400000,3,1916,1078,840,448,376320,125440.0,0,1,1,0,0,qwen3-vl-32b-awq,"{""count"": 0}"
9999973_00000_d_0000071,visdrone,400000,2,1916,1078,840,448,376320,188160.0,0,1,1,0,0,qwen3-vl-32b-awq,"{""count"": 0}"
9999973_00000_d_0000071,visdrone,0,2,1916,1078,1916,1078,2065448,1032724.0,0,1,1,0,0,qwen3-vl-32b-awq,"{""count"": 0}"
9999973_00000_d_0000075,visdrone,200000,6,1916,1078,588,308,181104,30184.0,0,1,1,0,0,qwen3-vl-32b-awq,"{""count"": 0}"
9999973_00000_d_0000071,visdrone,800000,2,1916,1078,1176,644,757344,378672.0,0,1,1,0,0,qwen3-vl-32b-awq,"{""count"": 0}"
9999973_00000_d_0000071,visdrone,1048576,2,1916,1078,1344,756,1016064,508032.0,0,1,1,0,0,qwen3-vl-32b-awq,"{""count"": 0}"
9999973_00000_d_0000072,visdrone,0,1,1916,1078,1916,1078,2065448,2065448.0,0,1,1,0,0,qwen3-vl-32b-awq,"{""count"": 0}"
9999973_00000_d_0000076,visdrone,200000,5,1916,1078,588,308,181104,36220.8,0,1,1,0,0,qwen3-vl-32b-awq,"{""count"": 0}"
9999973_00000_d_0000072,visdrone,800000,1,1916,1078,1176,644,757344,757344.0,0,1,1,0,0,qwen3-vl-32b-awq,"{""count"": 0}"
9999973_00000_d_0000072,visdrone,1048576,1,1916,1078,1344,756,1016064,1016064.0,0,1,1,0,0,qwen3-vl-32b-awq,"{""count"": 0}"
9999973_00000_d_0000072,visdrone,400000,1,1916,1078,840,448,376320,376320.0,0,1,1,0,0,qwen3-vl-32b-awq,"{""count"": 0}"
9999973_00000_d_0000075,visdrone,400000,6,1916,1078,840,448,376320,62720.0,0,1,1,0,0,qwen3-vl-32b-awq,"{""count"": 0}"
9999973_00000_d_0000075,visdrone,0,6,1916,1078,1916,1078,2065448,344241.3,0,1,1,0,0,qwen3-vl-32b-awq,"{""count"": 0}"
9999973_00000_d_0000081,visdrone,200000,5,1916,1078,588,308,181104,36220.8,0,1,1,0,0,qwen3-vl-32b-awq,"{""count"": 0}"
9999973_00000_d_0000075,visdrone,800000,6,1916,1078,1176,644,757344,126224.0,0,1,1,0,0,qwen3-vl-32b-awq,"{""count"": 0}"
9999973_00000_d_0000075,visdrone,1048576,6,1916,1078,1344,756,1016064,169344.0,0,1,1,0,0,qwen3-vl-32b-awq,"{""count"": 0}"
9999973_00000_d_0000076,visdrone,0,5,1916,1078,1916,1078,2065448,413089.6,0,1,1,0,0,qwen3-vl-32b-awq,"{""count"": 0}"
9999973_00000_d_0000081,visdrone,400000,5,1916,1078,840,448,376320,75264.0,0,1,1,0,0,qwen3-vl-32b-awq,"{""count"": 0}"
9999973_00000_d_0000076,visdrone,400000,5,1916,1078,840,448,376320,75264.0,0,1,1,0,0,qwen3-vl-32b-awq,"{""count"": 0}"
9999973_00000_d_0000084,visdrone,200000,10,1916,1078,588,308,181104,18110.4,0,1,1,0,0,qwen3-vl-32b-awq,"{""count"": 0}"
9999973_00000_d_0000084,visdrone,400000,10,1916,1078,840,448,376320,37632.0,0,1,1,0,0,qwen3-vl-32b-awq,"{""count"": 0}"
9999973_00000_d_0000076,visdrone,800000,5,1916,1078,1176,644,757344,151468.8,0,1,1,0,0,qwen3-vl-32b-awq,"{""count"": 0}"
9999973_00000_d_0000081,visdrone,800000,5,1916,1078,1176,644,757344,151468.8,0,1,1,0,0,qwen3-vl-32b-awq,"{""count"": 0}"
9999973_00000_d_0000076,visdrone,1048576,5,1916,1078,1344,756,1016064,203212.8,0,1,1,0,0,qwen3-vl-32b-awq,"{""count"": 0}"
9999973_00000_d_0000093,visdrone,200000,2,1916,1078,588,308,181104,90552.0,0,1,1,0,0,qwen3-vl-32b-awq,"{""count"": 0}"
9999973_00000_d_0000084,visdrone,800000,10,1916,1078,1176,644,757344,75734.4,0,1,1,0,0,qwen3-vl-32b-awq,"{""count"": 0}"
9999973_00000_d_0000081,visdrone,0,5,1916,1078,1916,1078,2065448,413089.6,0,1,1,0,0,qwen3-vl-32b-awq,"{""count"": 0}"
9999973_00000_d_0000081,visdrone,1048576,5,1916,1078,1344,756,1016064,203212.8,0,1,1,0,0,qwen3-vl-32b-awq,"{""count"": 0}"
9999973_00000_d_0000084,visdrone,0,10,1916,1078,1916,1078,2065448,206544.8,5,1,0,0,0,qwen3-vl-32b-awq,"{""count"": 5}"
9999973_00000_d_0000084,visdrone,1048576,10,1916,1078,1344,756,1016064,101606.4,0,1,1,0,0,qwen3-vl-32b-awq,"{""count"": 0}"
9999973_00000_d_0000093,visdrone,0,2,1916,1078,1916,1078,2065448,1032724.0,0,1,1,0,0,qwen3-vl-32b-awq,"{""count"": 0}"
9999973_00000_d_0000093,visdrone,1048576,2,1916,1078,1344,756,1016064,508032.0,0,1,1,0,0,qwen3-vl-32b-awq,"{""count"": 0}"
9999973_00000_d_0000095,visdrone,200000,3,1916,1078,588,308,181104,60368.0,0,1,1,0,0,qwen3-vl-32b-awq,"{""count"": 0}"
9999973_00000_d_0000095,visdrone,400000,3,1916,1078,840,448,376320,125440.0,0,1,1,0,0,qwen3-vl-32b-awq,"{""count"": 0}"
9999973_00000_d_0000093,visdrone,400000,2,1916,1078,840,448,376320,188160.0,0,1,1,0,0,qwen3-vl-32b-awq,"{""count"": 0}"
9999973_00000_d_0000100,visdrone,200000,4,1916,1078,588,308,181104,45276.0,0,1,1,0,0,qwen3-vl-32b-awq,"{""count"": 0}"
9999973_00000_d_0000098,visdrone,200000,1,1916,1078,588,308,181104,181104.0,0,1,1,0,0,qwen3-vl-32b-awq,"{""count"": 0}"
9999973_00000_d_0000093,visdrone,800000,2,1916,1078,1176,644,757344,378672.0,0,1,1,0,0,qwen3-vl-32b-awq,"{""count"": 0}"
9999973_00000_d_0000095,visdrone,800000,3,1916,1078,1176,644,757344,252448.0,0,1,1,0,0,qwen3-vl-32b-awq,"{""count"": 0}"
9999973_00000_d_0000095,visdrone,0,3,1916,1078,1916,1078,2065448,688482.7,0,1,1,0,0,qwen3-vl-32b-awq,"{""count"": 0}"
9999973_00000_d_0000095,visdrone,1048576,3,1916,1078,1344,756,1016064,338688.0,0,1,1,0,0,qwen3-vl-32b-awq,"{""count"": 0}"
9999973_00000_d_0000098,visdrone,0,1,1916,1078,1916,1078,2065448,2065448.0,0,1,1,0,0,qwen3-vl-32b-awq,"{""count"": 0}"
9999973_00000_d_0000098,visdrone,1048576,1,1916,1078,1344,756,1016064,1016064.0,0,1,1,0,0,qwen3-vl-32b-awq,"{""count"": 0}"
9999973_00000_d_0000098,visdrone,800000,1,1916,1078,1176,644,757344,757344.0,0,1,1,0,0,qwen3-vl-32b-awq,"{""count"": 0}"
9999973_00000_d_0000103,visdrone,200000,1,1916,1078,588,308,181104,181104.0,0,1,1,0,0,qwen3-vl-32b-awq,"{""count"": 0}"
9999973_00000_d_0000100,visdrone,800000,4,1916,1078,1176,644,757344,189336.0,0,1,1,0,0,qwen3-vl-32b-awq,"{""count"": 0}"
9999973_00000_d_0000098,visdrone,400000,1,1916,1078,840,448,376320,376320.0,0,1,1,0,0,qwen3-vl-32b-awq,"{""count"": 0}"
9999973_00000_d_0000104,visdrone,200000,1,1916,1078,588,308,181104,181104.0,0,1,1,0,0,qwen3-vl-32b-awq,"{""count"": 0}"
9999973_00000_d_0000100,visdrone,400000,4,1916,1078,840,448,376320,94080.0,0,1,1,0,0,qwen3-vl-32b-awq,"{""count"": 0}"
9999973_00000_d_0000103,visdrone,400000,1,1916,1078,840,448,376320,376320.0,0,1,1,0,0,qwen3-vl-32b-awq,"{""count"": 0}"
9999973_00000_d_0000100,visdrone,0,4,1916,1078,1916,1078,2065448,516362.0,0,1,1,0,0,qwen3-vl-32b-awq,"{""count"": 0}"
9999973_00000_d_0000100,visdrone,1048576,4,1916,1078,1344,756,1016064,254016.0,0,1,1,0,0,qwen3-vl-32b-awq,"{""count"": 0}"
9999973_00000_d_0000103,visdrone,0,1,1916,1078,1916,1078,2065448,2065448.0,0,1,1,0,0,qwen3-vl-32b-awq,"{""count"": 0}"
9999973_00000_d_0000103,visdrone,1048576,1,1916,1078,1344,756,1016064,1016064.0,0,1,1,0,0,qwen3-vl-32b-awq,"{""count"": 0}"
9999973_00000_d_0000109,visdrone,200000,2,1916,1078,588,308,181104,90552.0,0,1,1,0,0,qwen3-vl-32b-awq,"{""count"": 0}"
9999973_00000_d_0000103,visdrone,800000,1,1916,1078,1176,644,757344,757344.0,0,1,1,0,0,qwen3-vl-32b-awq,"{""count"": 0}"
9999973_00000_d_0000104,visdrone,0,1,1916,1078,1916,1078,2065448,2065448.0,0,1,1,0,0,qwen3-vl-32b-awq,"{""count"": 0}"
9999973_00000_d_0000104,visdrone,1048576,1,1916,1078,1344,756,1016064,1016064.0,0,1,1,0,0,qwen3-vl-32b-awq,"{""count"": 0}"
9999973_00000_d_0000110,visdrone,200000,8,1916,1078,588,308,181104,22638.0,0,1,1,0,0,qwen3-vl-32b-awq,"{""count"": 0}"
9999973_00000_d_0000104,visdrone,400000,1,1916,1078,840,448,376320,376320.0,0,1,1,0,0,qwen3-vl-32b-awq,"{""count"": 0}"
9999973_00000_d_0000109,visdrone,400000,2,1916,1078,840,448,376320,188160.0,0,1,1,0,0,qwen3-vl-32b-awq,"{""count"": 0}"
9999973_00000_d_0000114,visdrone,200000,3,1916,1078,588,308,181104,60368.0,0,1,1,0,0,qwen3-vl-32b-awq,"{""count"": 0}"
9999973_00000_d_0000104,visdrone,800000,1,1916,1078,1176,644,757344,757344.0,0,1,1,0,0,qwen3-vl-32b-awq,"{""count"": 0}"
9999973_00000_d_0000110,visdrone,400000,8,1916,1078,840,448,376320,47040.0,0,1,1,0,0,qwen3-vl-32b-awq,"{""count"": 0}"
9999973_00000_d_0000109,visdrone,800000,2,1916,1078,1176,644,757344,378672.0,0,1,1,0,0,qwen3-vl-32b-awq,"{""count"": 0}"
9999973_00000_d_0000109,visdrone,0,2,1916,1078,1916,1078,2065448,1032724.0,0,1,1,0,0,qwen3-vl-32b-awq,"{""count"": 0}"
9999973_00000_d_0000109,visdrone,1048576,2,1916,1078,1344,756,1016064,508032.0,0,1,1,0,0,qwen3-vl-32b-awq,"{""count"": 0}"
9999973_00000_d_0000110,visdrone,0,8,1916,1078,1916,1078,2065448,258181.0,0,1,1,0,0,qwen3-vl-32b-awq,"{""count"": 0}"
9999973_00000_d_0000110,visdrone,1048576,8,1916,1078,1344,756,1016064,127008.0,0,1,1,0,0,qwen3-vl-32b-awq,"{""count"": 0}"
9999973_00000_d_0000116,visdrone,200000,2,1916,1078,588,308,181104,90552.0,0,1,1,0,0,qwen3-vl-32b-awq,"{""count"": 0}"
9999973_00000_d_0000110,visdrone,800000,8,1916,1078,1176,644,757344,94668.0,0,1,1,0,0,qwen3-vl-32b-awq,"{""count"": 0}"
9999973_00000_d_0000114,visdrone,0,3,1916,1078,1916,1078,2065448,688482.7,0,1,1,0,0,qwen3-vl-32b-awq,"{""count"": 0}"
9999973_00000_d_0000114,visdrone,1048576,3,1916,1078,1344,756,1016064,338688.0,0,1,1,0,0,qwen3-vl-32b-awq,"{""count"": 0}"
9999973_00000_d_0000116,visdrone,400000,2,1916,1078,840,448,376320,188160.0,0,1,1,0,0,qwen3-vl-32b-awq,"{""count"": 0}"
9999973_00000_d_0000131,visdrone,200000,6,1916,1078,588,308,181104,30184.0,0,1,1,0,0,qwen3-vl-32b-awq,"{""count"": 0}"
9999973_00000_d_0000114,visdrone,400000,3,1916,1078,840,448,376320,125440.0,0,1,1,0,0,qwen3-vl-32b-awq,"{""count"": 0}"
9999973_00000_d_0000131,visdrone,400000,6,1916,1078,840,448,376320,62720.0,0,1,1,0,0,qwen3-vl-32b-awq,"{""count"": 0}"
9999973_00000_d_0000114,visdrone,800000,3,1916,1078,1176,644,757344,252448.0,0,1,1,0,0,qwen3-vl-32b-awq,"{""count"": 0}"
9999973_00000_d_0000142,visdrone,200000,9,1916,1078,588,308,181104,20122.7,0,1,1,0,0,qwen3-vl-32b-awq,"{""count"": 0}"
9999973_00000_d_0000116,visdrone,800000,2,1916,1078,1176,644,757344,378672.0,0,1,1,0,0,qwen3-vl-32b-awq,"{""count"": 0}"
9999973_00000_d_0000116,visdrone,0,2,1916,1078,1916,1078,2065448,1032724.0,0,1,1,0,0,qwen3-vl-32b-awq,"{""count"": 0}"
9999973_00000_d_0000116,visdrone,1048576,2,1916,1078,1344,756,1016064,508032.0,0,1,1,0,0,qwen3-vl-32b-awq,"{""count"": 0}"
9999973_00000_d_0000131,visdrone,0,6,1916,1078,1916,1078,2065448,344241.3,0,1,1,0,0,qwen3-vl-32b-awq,"{""count"": 0}"
9999973_00000_d_0000131,visdrone,1048576,6,1916,1078,1344,756,1016064,169344.0,0,1,1,0,0,qwen3-vl-32b-awq,"{""count"": 0}"
9999973_00000_d_0000131,visdrone,800000,6,1916,1078,1176,644,757344,126224.0,0,1,1,0,0,qwen3-vl-32b-awq,"{""count"": 0}"
9999973_00000_d_0000148,visdrone,200000,12,1916,1078,588,308,181104,15092.0,0,1,1,0,0,qwen3-vl-32b-awq,"{""count"": 0}"
9999973_00000_d_0000142,visdrone,0,9,1916,1078,1916,1078,2065448,229494.2,0,1,1,0,0,qwen3-vl-32b-awq,"{""count"": 0}"
9999976_00000_d_0000005,visdrone,200000,9,1400,788,588,308,181104,20122.7,0,1,1,0,0,qwen3-vl-32b-awq,"{""count"": 0}"
9999973_00000_d_0000142,visdrone,400000,9,1916,1078,840,448,376320,41813.3,0,1,1,0,0,qwen3-vl-32b-awq,"{""count"": 0}"
9999973_00000_d_0000148,visdrone,400000,12,1916,1078,840,448,376320,31360.0,0,1,1,0,0,qwen3-vl-32b-awq,"{""count"": 0}"
9999973_00000_d_0000142,visdrone,1048576,9,1916,1078,1344,756,1016064,112896.0,0,1,1,0,0,qwen3-vl-32b-awq,"{""count"": 0}"
9999973_00000_d_0000142,visdrone,800000,9,1916,1078,1176,644,757344,84149.3,0,1,1,0,0,qwen3-vl-32b-awq,"{""count"": 0}"
9999976_00000_d_0000008,visdrone,200000,5,1400,788,588,308,181104,36220.8,0,1,1,0,0,qwen3-vl-32b-awq,"{""count"": 0}"
9999973_00000_d_0000148,visdrone,0,12,1916,1078,1916,1078,2065448,172120.7,0,1,1,0,0,qwen3-vl-32b-awq,"{""count"": 0}"
9999973_00000_d_0000148,visdrone,1048576,12,1916,1078,1344,756,1016064,84672.0,0,1,1,0,0,qwen3-vl-32b-awq,"{""count"": 0}"
9999973_00000_d_0000148,visdrone,800000,12,1916,1078,1176,644,757344,63112.0,0,1,1,0,0,qwen3-vl-32b-awq,"{""count"": 0}"
9999976_00000_d_0000005,visdrone,0,9,1400,788,1400,788,1103200,122577.8,0,1,1,0,0,qwen3-vl-32b-awq,"{""count"": 0}"
9999976_00000_d_0000005,visdrone,1048576,9,1400,788,1344,756,1016064,112896.0,0,1,1,0,0,qwen3-vl-32b-awq,"{""count"": 0}"
9999976_00000_d_0000005,visdrone,800000,9,1400,788,1176,644,757344,84149.3,0,1,1,0,0,qwen3-vl-32b-awq,"{""count"": 0}"
9999976_00000_d_0000010,visdrone,200000,12,1400,788,588,308,181104,15092.0,0,1,1,0,0,qwen3-vl-32b-awq,"{""count"": 0}"
9999976_00000_d_0000011,visdrone,200000,3,1400,788,588,308,181104,60368.0,0,1,1,0,0,qwen3-vl-32b-awq,"{""count"": 0}"
9999976_00000_d_0000008,visdrone,0,5,1400,788,1400,788,1103200,220640.0,0,1,1,0,0,qwen3-vl-32b-awq,"{""count"": 0}"
9999976_00000_d_0000008,visdrone,400000,5,1400,788,840,448,376320,75264.0,0,1,1,0,0,qwen3-vl-32b-awq,"{""count"": 0}"
9999976_00000_d_0000005,visdrone,400000,9,1400,788,840,448,376320,41813.3,0,1,1,0,0,qwen3-vl-32b-awq,"{""count"": 0}"
9999976_00000_d_0000010,visdrone,400000,12,1400,788,840,448,376320,31360.0,0,1,1,0,0,qwen3-vl-32b-awq,"{""count"": 0}"
9999976_00000_d_0000008,visdrone,800000,5,1400,788,1176,644,757344,151468.8,0,1,1,0,0,qwen3-vl-32b-awq,"{""count"": 0}"
9999976_00000_d_0000010,visdrone,800000,12,1400,788,1176,644,757344,63112.0,0,1,1,0,0,qwen3-vl-32b-awq,"{""count"": 0}"
9999976_00000_d_0000008,visdrone,1048576,5,1400,788,1344,756,1016064,203212.8,0,1,1,0,0,qwen3-vl-32b-awq,"{""count"": 0}"
9999976_00000_d_0000012,visdrone,200000,14,1400,788,588,308,181104,12936.0,0,1,1,0,0,qwen3-vl-32b-awq,"{""count"": 0}"
9999976_00000_d_0000011,visdrone,800000,3,1400,788,1176,644,757344,252448.0,0,1,1,0,0,qwen3-vl-32b-awq,"{""count"": 0}"
9999976_00000_d_0000010,visdrone,0,12,1400,788,1400,788,1103200,91933.3,0,1,1,0,0,qwen3-vl-32b-awq,"{""count"": 0}"
9999976_00000_d_0000010,visdrone,1048576,12,1400,788,1344,756,1016064,84672.0,0,1,1,0,0,qwen3-vl-32b-awq,"{""count"": 0}"
9999976_00000_d_0000011,visdrone,0,3,1400,788,1400,788,1103200,367733.3,0,1,1,0,0,qwen3-vl-32b-awq,"{""count"": 0}"
9999976_00000_d_0000011,visdrone,1048576,3,1400,788,1344,756,1016064,338688.0,0,1,1,0,0,qwen3-vl-32b-awq,"{""count"": 0}"
9999976_00000_d_0000012,visdrone,400000,14,1400,788,840,448,376320,26880.0,0,1,1,0,0,qwen3-vl-32b-awq,"{""count"": 0}"
9999976_00000_d_0000016,visdrone,200000,6,1400,788,588,308,181104,30184.0,0,1,1,0,0,qwen3-vl-32b-awq,"{""count"": 0}"
9999976_00000_d_0000011,visdrone,400000,3,1400,788,840,448,376320,125440.0,0,1,1,0,0,qwen3-vl-32b-awq,"{""count"": 0}"
9999976_00000_d_0000012,visdrone,0,14,1400,788,1400,788,1103200,78800.0,0,1,1,0,0,qwen3-vl-32b-awq,"{""count"": 0}"
9999976_00000_d_0000012,visdrone,800000,14,1400,788,1176,644,757344,54096.0,0,1,1,0,0,qwen3-vl-32b-awq,"{""count"": 0}"
9999976_00000_d_0000017,visdrone,200000,3,1400,788,588,308,181104,60368.0,0,1,1,0,0,qwen3-vl-32b-awq,"{""count"": 0}"
9999976_00000_d_0000012,visdrone,1048576,14,1400,788,1344,756,1016064,72576.0,0,1,1,0,0,qwen3-vl-32b-awq,"{""count"": 0}"
9999976_00000_d_0000016,visdrone,0,6,1400,788,1400,788,1103200,183866.7,0,1,1,0,0,qwen3-vl-32b-awq,"{""count"": 0}"
9999976_00000_d_0000016,visdrone,1048576,6,1400,788,1344,756,1016064,169344.0,0,1,1,0,0,qwen3-vl-32b-awq,"{""count"": 0}"
9999976_00000_d_0000016,visdrone,800000,6,1400,788,1176,644,757344,126224.0,0,1,1,0,0,qwen3-vl-32b-awq,"{""count"": 0}"
9999976_00000_d_0000019,visdrone,200000,6,1400,788,588,308,181104,30184.0,0,1,1,0,0,qwen3-vl-32b-awq,"{""count"": 0}"
9999976_00000_d_0000017,visdrone,400000,3,1400,788,840,448,376320,125440.0,0,1,1,0,0,qwen3-vl-32b-awq,"{""count"": 0}"
9999976_00000_d_0000016,visdrone,400000,6,1400,788,840,448,376320,62720.0,0,1,1,0,0,qwen3-vl-32b-awq,"{""count"": 0}"
9999976_00000_d_0000019,visdrone,400000,6,1400,788,840,448,376320,62720.0,0,1,1,0,0,qwen3-vl-32b-awq,"{""count"": 0}"
9999976_00000_d_0000017,visdrone,800000,3,1400,788,1176,644,757344,252448.0,0,1,1,0,0,qwen3-vl-32b-awq,"{""count"": 0}"
9999976_00000_d_0000023,visdrone,200000,2,1400,788,588,308,181104,90552.0,0,1,1,0,0,qwen3-vl-32b-awq,"{""count"": 0}"
9999976_00000_d_0000017,visdrone,0,3,1400,788,1400,788,1103200,367733.3,0,1,1,0,0,qwen3-vl-32b-awq,"{""count"": 0}"
9999976_00000_d_0000019,visdrone,800000,6,1400,788,1176,644,757344,126224.0,0,1,1,0,0,qwen3-vl-32b-awq,"{""count"": 0}"
9999976_00000_d_0000024,visdrone,200000,5,1400,788,588,308,181104,36220.8,0,1,1,0,0,qwen3-vl-32b-awq,"{""count"": 0}"
9999976_00000_d_0000017,visdrone,1048576,3,1400,788,1344,756,1016064,338688.0,0,1,1,0,0,qwen3-vl-32b-awq,"{""count"": 0}"
9999976_00000_d_0000023,visdrone,800000,2,1400,788,1176,644,757344,378672.0,0,1,1,0,0,qwen3-vl-32b-awq,"{""count"": 0}"
9999976_00000_d_0000019,visdrone,0,6,1400,788,1400,788,1103200,183866.7,0,1,1,0,0,qwen3-vl-32b-awq,"{""count"": 0}"
9999976_00000_d_0000019,visdrone,1048576,6,1400,788,1344,756,1016064,169344.0,0,1,1,0,0,qwen3-vl-32b-awq,"{""count"": 0}"
9999976_00000_d_0000023,visdrone,0,2,1400,788,1400,788,1103200,551600.0,0,1,1,0,0,qwen3-vl-32b-awq,"{""count"": 0}"
9999976_00000_d_0000023,visdrone,1048576,2,1400,788,1344,756,1016064,508032.0,0,1,1,0,0,qwen3-vl-32b-awq,"{""count"": 0}"
9999976_00000_d_0000023,visdrone,400000,2,1400,788,840,448,376320,188160.0,0,1,1,0,0,qwen3-vl-32b-awq,"{""count"": 0}"
9999976_00000_d_0000024,visdrone,400000,5,1400,788,840,448,376320,75264.0,0,1,1,0,0,qwen3-vl-32b-awq,"{""count"": 0}"
9999976_00000_d_0000029,visdrone,200000,6,1400,788,588,308,181104,30184.0,0,1,1,0,0,qwen3-vl-32b-awq,"{""count"": 0}"
9999976_00000_d_0000024,visdrone,0,5,1400,788,1400,788,1103200,220640.0,0,1,1,0,0,qwen3-vl-32b-awq,"{""count"": 0}"
9999976_00000_d_0000024,visdrone,1048576,5,1400,788,1344,756,1016064,203212.8,0,1,1,0,0,qwen3-vl-32b-awq,"{""count"": 0}"
9999976_00000_d_0000024,visdrone,800000,5,1400,788,1176,644,757344,151468.8,0,1,1,0,0,qwen3-vl-32b-awq,"{""count"": 0}"
9999976_00000_d_0000033,visdrone,200000,7,1400,788,588,308,181104,25872.0,4,1,0,0,0,qwen3-vl-32b-awq,"{""count"": 4}"
9999976_00000_d_0000029,visdrone,0,6,1400,788,1400,788,1103200,183866.7,0,1,1,0,0,qwen3-vl-32b-awq,"{""count"": 0}"
9999976_00000_d_0000029,visdrone,1048576,6,1400,788,1344,756,1016064,169344.0,0,1,1,0,0,qwen3-vl-32b-awq,"{""count"": 0}"
9999976_00000_d_0000029,visdrone,800000,6,1400,788,1176,644,757344,126224.0,0,1,1,0,0,qwen3-vl-32b-awq,"{""count"": 0}"
9999979_00000_d_0000002,visdrone,200000,16,1400,1050,504,364,183456,11466.0,0,1,1,0,0,qwen3-vl-32b-awq,"{""count"": 0}"
9999976_00000_d_0000029,visdrone,400000,6,1400,788,840,448,376320,62720.0,0,1,1,0,0,qwen3-vl-32b-awq,"{""count"": 0}"
9999976_00000_d_0000033,visdrone,800000,7,1400,788,1176,644,757344,108192.0,8,1,0,0,0,qwen3-vl-32b-awq,"{""count"": 8}"
9999979_00000_d_0000002,visdrone,400000,16,1400,1050,728,532,387296,24206.0,0,1,1,0,0,qwen3-vl-32b-awq,"{""count"": 0}"
9999976_00000_d_0000033,visdrone,400000,7,1400,788,840,448,376320,53760.0,6,1,0,0,0,qwen3-vl-32b-awq,"{""count"": 6}"
9999979_00000_d_0000004,visdrone,200000,14,1400,1050,504,364,183456,13104.0,0,1,1,0,0,qwen3-vl-32b-awq,"{""count"": 0}"
9999976_00000_d_0000033,visdrone,0,7,1400,788,1400,788,1103200,157600.0,8,1,0,0,0,qwen3-vl-32b-awq,"{""count"": 8}"
9999979_00000_d_0000002,visdrone,800000,16,1400,1050,1008,756,762048,47628.0,0,1,1,0,0,qwen3-vl-32b-awq,"{""count"": 0}"
9999976_00000_d_0000033,visdrone,1048576,7,1400,788,1344,756,1016064,145152.0,8,1,0,0,0,qwen3-vl-32b-awq,"{""count"": 8}"
9999979_00000_d_0000002,visdrone,0,16,1400,1050,1400,1050,1470000,91875.0,0,1,1,0,0,qwen3-vl-32b-awq,"{""count"": 0}"
9999979_00000_d_0000002,visdrone,1048576,16,1400,1050,1176,868,1020768,63798.0,0,1,1,0,0,qwen3-vl-32b-awq,"{""count"": 0}"
9999979_00000_d_0000004,visdrone,0,14,1400,1050,1400,1050,1470000,105000.0,0,1,1,0,0,qwen3-vl-32b-awq,"{""count"": 0}"
9999979_00000_d_0000004,visdrone,1048576,14,1400,1050,1176,868,1020768,72912.0,0,1,1,0,0,qwen3-vl-32b-awq,"{""count"": 0}"
9999979_00000_d_0000004,visdrone,800000,14,1400,1050,1008,756,762048,54432.0,0,1,1,0,0,qwen3-vl-32b-awq,"{""count"": 0}"
9999979_00000_d_0000007,visdrone,200000,2,1400,1050,504,364,183456,91728.0,0,1,1,0,0,qwen3-vl-32b-awq,"{""count"": 0}"
9999979_00000_d_0000023,visdrone,200000,63,1400,1050,504,364,183456,2912.0,0,1,1,0,0,qwen3-vl-32b-awq,"{""count"": 0}"
9999979_00000_d_0000004,visdrone,400000,14,1400,1050,728,532,387296,27664.0,0,1,1,0,0,qwen3-vl-32b-awq,"{""count"": 0}"
9999979_00000_d_0000007,visdrone,400000,2,1400,1050,728,532,387296,193648.0,0,1,1,0,0,qwen3-vl-32b-awq,"{""count"": 0}"
9999979_00000_d_0000007,visdrone,0,2,1400,1050,1400,1050,1470000,735000.0,0,1,1,0,0,qwen3-vl-32b-awq,"{""count"": 0}"
9999979_00000_d_0000007,visdrone,1048576,2,1400,1050,1176,868,1020768,510384.0,0,1,1,0,0,qwen3-vl-32b-awq,"{""count"": 0}"
9999979_00000_d_0000007,visdrone,800000,2,1400,1050,1008,756,762048,381024.0,0,1,1,0,0,qwen3-vl-32b-awq,"{""count"": 0}"
9999979_00000_d_0000025,visdrone,200000,58,1400,1050,504,364,183456,3163.0,0,1,1,0,0,qwen3-vl-32b-awq,"{""count"": 0}"
9999979_00000_d_0000023,visdrone,0,63,1400,1050,1400,1050,1470000,23333.3,0,1,1,0,0,qwen3-vl-32b-awq,"{""count"": 0}"
9999979_00000_d_0000023,visdrone,1048576,63,1400,1050,1176,868,1020768,16202.7,0,1,1,0,0,qwen3-vl-32b-awq,"{""count"": 0}"
9999979_00000_d_0000023,visdrone,800000,63,1400,1050,1008,756,762048,12096.0,0,1,1,0,0,qwen3-vl-32b-awq,"{""count"": 0}"
9999979_00000_d_0000027,visdrone,200000,4,1400,1050,504,364,183456,45864.0,0,1,1,0,0,qwen3-vl-32b-awq,"{""count"": 0}"
9999979_00000_d_0000023,visdrone,400000,63,1400,1050,728,532,387296,6147.6,0,1,1,0,0,qwen3-vl-32b-awq,"{""count"": 0}"
9999979_00000_d_0000025,visdrone,400000,58,1400,1050,728,532,387296,6677.5,0,1,1,0,0,qwen3-vl-32b-awq,"{""count"": 0}"
9999979_00000_d_0000027,visdrone,400000,4,1400,1050,728,532,387296,96824.0,0,1,1,0,0,qwen3-vl-32b-awq,"{""count"": 0}"
9999979_00000_d_0000025,visdrone,800000,58,1400,1050,1008,756,762048,13138.8,0,1,1,0,0,qwen3-vl-32b-awq,"{""count"": 0}"
9999979_00000_d_0000030,visdrone,200000,74,1400,1050,504,364,183456,2479.1,0,1,1,0,0,qwen3-vl-32b-awq,"{""count"": 0}"
9999979_00000_d_0000025,visdrone,0,58,1400,1050,1400,1050,1470000,25344.8,0,1,1,0,0,qwen3-vl-32b-awq,"{""count"": 0}"
9999979_00000_d_0000027,visdrone,800000,4,1400,1050,1008,756,762048,190512.0,0,1,1,0,0,qwen3-vl-32b-awq,"{""count"": 0}"
9999979_00000_d_0000025,visdrone,1048576,58,1400,1050,1176,868,1020768,17599.4,0,1,1,0,0,qwen3-vl-32b-awq,"{""count"": 0}"
9999979_00000_d_0000027,visdrone,0,4,1400,1050,1400,1050,1470000,367500.0,0,1,1,0,0,qwen3-vl-32b-awq,"{""count"": 0}"
9999979_00000_d_0000027,visdrone,1048576,4,1400,1050,1176,868,1020768,255192.0,0,1,1,0,0,qwen3-vl-32b-awq,"{""count"": 0}"
9999979_00000_d_0000030,visdrone,0,74,1400,1050,1400,1050,1470000,19864.9,0,1,1,0,0,qwen3-vl-32b-awq,"{""count"": 0}"
9999979_00000_d_0000030,visdrone,1048576,74,1400,1050,1176,868,1020768,13794.2,0,1,1,0,0,qwen3-vl-32b-awq,"{""count"": 0}"
9999979_00000_d_0000031,visdrone,200000,2,1400,1050,504,364,183456,91728.0,0,1,1,0,0,qwen3-vl-32b-awq,"{""count"": 0}"
9999979_00000_d_0000031,visdrone,400000,2,1400,1050,728,532,387296,193648.0,0,1,1,0,0,qwen3-vl-32b-awq,"{""count"": 0}"
9999979_00000_d_0000030,visdrone,400000,74,1400,1050,728,532,387296,5233.7,0,1,1,0,0,qwen3-vl-32b-awq,"{""count"": 0}"
9999979_00000_d_0000030,visdrone,800000,74,1400,1050,1008,756,762048,10297.9,0,1,1,0,0,qwen3-vl-32b-awq,"{""count"": 0}"
9999979_00000_d_0000033,visdrone,200000,61,1400,1050,504,364,183456,3007.5,0,1,1,0,0,qwen3-vl-32b-awq,"{""count"": 0}"
9999979_00000_d_0000031,visdrone,0,2,1400,1050,1400,1050,1470000,735000.0,0,1,1,0,0,qwen3-vl-32b-awq,"{""count"": 0}"
9999979_00000_d_0000031,visdrone,1048576,2,1400,1050,1176,868,1020768,510384.0,0,1,1,0,0,qwen3-vl-32b-awq,"{""count"": 0}"
9999979_00000_d_0000031,visdrone,800000,2,1400,1050,1008,756,762048,381024.0,0,1,1,0,0,qwen3-vl-32b-awq,"{""count"": 0}"
9999979_00000_d_0000034,visdrone,200000,36,1400,1050,504,364,183456,5096.0,0,1,1,0,0,qwen3-vl-32b-awq,"{""count"": 0}"
9999979_00000_d_0000033,visdrone,0,61,1400,1050,1400,1050,1470000,24098.4,0,1,1,0,0,qwen3-vl-32b-awq,"{""count"": 0}"
9999979_00000_d_0000033,visdrone,1048576,61,1400,1050,1176,868,1020768,16733.9,0,1,1,0,0,qwen3-vl-32b-awq,"{""count"": 0}"
9999979_00000_d_0000033,visdrone,800000,61,1400,1050,1008,756,762048,12492.6,0,1,1,0,0,qwen3-vl-32b-awq,"{""count"": 0}"
9999979_00000_d_0000036,visdrone,200000,30,1400,1050,504,364,183456,6115.2,0,1,1,0,0,qwen3-vl-32b-awq,"{""count"": 0}"
9999979_00000_d_0000034,visdrone,800000,36,1400,1050,1008,756,762048,21168.0,0,1,1,0,0,qwen3-vl-32b-awq,"{""count"": 0}"
9999979_00000_d_0000033,visdrone,400000,61,1400,1050,728,532,387296,6349.1,0,1,1,0,0,qwen3-vl-32b-awq,"{""count"": 0}"
9999979_00000_d_0000036,visdrone,400000,30,1400,1050,728,532,387296,12909.9,0,1,1,0,0,qwen3-vl-32b-awq,"{""count"": 0}"
9999979_00000_d_0000034,visdrone,400000,36,1400,1050,728,532,387296,10758.2,0,1,1,0,0,qwen3-vl-32b-awq,"{""count"": 0}"
9999979_00000_d_0000034,visdrone,0,36,1400,1050,1400,1050,1470000,40833.3,0,1,1,0,0,qwen3-vl-32b-awq,"{""count"": 0}"
9999979_00000_d_0000043,visdrone,200000,24,1400,1050,504,364,183456,7644.0,0,1,1,0,0,qwen3-vl-32b-awq,"{""count"": 0}"
9999979_00000_d_0000034,visdrone,1048576,36,1400,1050,1176,868,1020768,28354.7,0,1,1,0,0,qwen3-vl-32b-awq,"{""count"": 0}"
9999979_00000_d_0000036,visdrone,0,30,1400,1050,1400,1050,1470000,49000.0,0,1,1,0,0,qwen3-vl-32b-awq,"{""count"": 0}"
9999979_00000_d_0000036,visdrone,1048576,30,1400,1050,1176,868,1020768,34025.6,0,1,1,0,0,qwen3-vl-32b-awq,"{""count"": 0}"
9999979_00000_d_0000036,visdrone,800000,30,1400,1050,1008,756,762048,25401.6,0,1,1,0,0,qwen3-vl-32b-awq,"{""count"": 0}"
9999979_00000_d_0000044,visdrone,200000,9,1400,1050,504,364,183456,20384.0,0,1,1,0,0,qwen3-vl-32b-awq,"{""count"": 0}"
9999979_00000_d_0000043,visdrone,0,24,1400,1050,1400,1050,1470000,61250.0,0,1,1,0,0,qwen3-vl-32b-awq,"{""count"": 0}"
9999979_00000_d_0000043,visdrone,1048576,24,1400,1050,1176,868,1020768,42532.0,0,1,1,0,0,qwen3-vl-32b-awq,"{""count"": 0}"
9999979_00000_d_0000043,visdrone,800000,24,1400,1050,1008,756,762048,31752.0,0,1,1,0,0,qwen3-vl-32b-awq,"{""count"": 0}"
9999979_00000_d_0000047,visdrone,200000,42,1400,1050,504,364,183456,4368.0,0,1,1,0,0,qwen3-vl-32b-awq,"{""count"": 0}"
9999979_00000_d_0000044,visdrone,800000,9,1400,1050,1008,756,762048,84672.0,0,1,1,0,0,qwen3-vl-32b-awq,"{""count"": 0}"
9999979_00000_d_0000043,visdrone,400000,24,1400,1050,728,532,387296,16137.3,0,1,1,0,0,qwen3-vl-32b-awq,"{""count"": 0}"
9999979_00000_d_0000047,visdrone,400000,42,1400,1050,728,532,387296,9221.3,0,1,1,0,0,qwen3-vl-32b-awq,"{""count"": 0}"
9999979_00000_d_0000044,visdrone,400000,9,1400,1050,728,532,387296,43032.9,0,1,1,0,0,qwen3-vl-32b-awq,"{""count"": 0}"
9999979_00000_d_0000044,visdrone,0,9,1400,1050,1400,1050,1470000,163333.3,0,1,1,0,0,qwen3-vl-32b-awq,"{""count"": 0}"
9999979_00000_d_0000051,visdrone,200000,3,1400,1050,504,364,183456,61152.0,0,1,1,0,0,qwen3-vl-32b-awq,"{""count"": 0}"
9999979_00000_d_0000044,visdrone,1048576,9,1400,1050,1176,868,1020768,113418.7,0,1,1,0,0,qwen3-vl-32b-awq,"{""count"": 0}"
9999979_00000_d_0000047,visdrone,0,42,1400,1050,1400,1050,1470000,35000.0,0,1,1,0,0,qwen3-vl-32b-awq,"{""count"": 0}"
9999979_00000_d_0000047,visdrone,1048576,42,1400,1050,1176,868,1020768,24304.0,0,1,1,0,0,qwen3-vl-32b-awq,"{""count"": 0}"
9999979_00000_d_0000047,visdrone,800000,42,1400,1050,1008,756,762048,18144.0,0,1,1,0,0,qwen3-vl-32b-awq,"{""count"": 0}"
9999979_00000_d_0000053,visdrone,200000,24,1400,1050,504,364,183456,7644.0,0,1,1,0,0,qwen3-vl-32b-awq,"{""count"": 0}"
9999979_00000_d_0000051,visdrone,0,3,1400,1050,1400,1050,1470000,490000.0,0,1,1,0,0,qwen3-vl-32b-awq,"{""count"": 0}"
9999979_00000_d_0000051,visdrone,1048576,3,1400,1050,1176,868,1020768,340256.0,0,1,1,0,0,qwen3-vl-32b-awq,"{""count"": 0}"
9999979_00000_d_0000051,visdrone,400000,3,1400,1050,728,532,387296,129098.7,0,1,1,0,0,qwen3-vl-32b-awq,"{""count"": 0}"
9999980_00000_d_0000005,visdrone,200000,3,1400,1050,504,364,183456,61152.0,0,1,1,0,0,qwen3-vl-32b-awq,"{""count"": 0}"
9999979_00000_d_0000053,visdrone,400000,24,1400,1050,728,532,387296,16137.3,0,1,1,0,0,qwen3-vl-32b-awq,"{""count"": 0}"
9999980_00000_d_0000005,visdrone,400000,3,1400,1050,728,532,387296,129098.7,0,1,1,0,0,qwen3-vl-32b-awq,"{""count"": 0}"
9999979_00000_d_0000051,visdrone,800000,3,1400,1050,1008,756,762048,254016.0,0,1,1,0,0,qwen3-vl-32b-awq,"{""count"": 0}"
9999979_00000_d_0000053,visdrone,800000,24,1400,1050,1008,756,762048,31752.0,0,1,1,0,0,qwen3-vl-32b-awq,"{""count"": 0}"
9999979_00000_d_0000053,visdrone,0,24,1400,1050,1400,1050,1470000,61250.0,0,1,1,0,0,qwen3-vl-32b-awq,"{""count"": 0}"
9999986_00000_d_0000002,visdrone,200000,30,1400,1050,504,364,183456,6115.2,0,1,1,0,0,qwen3-vl-32b-awq,"{""count"": 0}"
9999979_00000_d_0000053,visdrone,1048576,24,1400,1050,1176,868,1020768,42532.0,0,1,1,0,0,qwen3-vl-32b-awq,"{""count"": 0}"
9999980_00000_d_0000005,visdrone,0,3,1400,1050,1400,1050,1470000,490000.0,0,1,1,0,0,qwen3-vl-32b-awq,"{""count"": 0}"
9999980_00000_d_0000005,visdrone,1048576,3,1400,1050,1176,868,1020768,340256.0,0,1,1,0,0,qwen3-vl-32b-awq,"{""count"": 0}"
9999980_00000_d_0000005,visdrone,800000,3,1400,1050,1008,756,762048,254016.0,0,1,1,0,0,qwen3-vl-32b-awq,"{""count"": 0}"
9999986_00000_d_0000003,visdrone,200000,32,1400,1050,504,364,183456,5733.0,0,1,1,0,0,qwen3-vl-32b-awq,"{""count"": 0}"
9999986_00000_d_0000002,visdrone,0,30,1400,1050,1400,1050,1470000,49000.0,15,1,0,0,0,qwen3-vl-32b-awq,"{""count"": 15}"
9999986_00000_d_0000003,visdrone,400000,32,1400,1050,728,532,387296,12103.0,0,1,1,0,0,qwen3-vl-32b-awq,"{""count"": 0}"
9999986_00000_d_0000002,visdrone,1048576,30,1400,1050,1176,868,1020768,34025.6,14,1,0,0,0,qwen3-vl-32b-awq,"{""count"": 14}"
9999986_00000_d_0000005,visdrone,200000,24,1400,1050,504,364,183456,7644.0,5,1,0,0,0,qwen3-vl-32b-awq,"{""count"": 5}"
9999986_00000_d_0000002,visdrone,400000,30,1400,1050,728,532,387296,12909.9,15,1,0,0,0,qwen3-vl-32b-awq,"{""count"": 15}"
9999986_00000_d_0000005,visdrone,400000,24,1400,1050,728,532,387296,16137.3,10,1,0,0,0,qwen3-vl-32b-awq,"{""count"": 10}"
9999986_00000_d_0000002,visdrone,800000,30,1400,1050,1008,756,762048,25401.6,14,1,0,0,0,qwen3-vl-32b-awq,"{""count"": 14}"
9999986_00000_d_0000003,visdrone,0,32,1400,1050,1400,1050,1470000,45937.5,0,1,1,0,0,qwen3-vl-32b-awq,"{""count"": 0}"
9999986_00000_d_0000006,visdrone,200000,28,1400,1050,504,364,183456,6552.0,0,1,1,0,0,qwen3-vl-32b-awq,"{""count"": 0}"
9999986_00000_d_0000003,visdrone,800000,32,1400,1050,1008,756,762048,23814.0,10,1,0,0,0,qwen3-vl-32b-awq,"{""count"": 10}"
9999986_00000_d_0000003,visdrone,1048576,32,1400,1050,1176,868,1020768,31899.0,0,1,1,0,0,qwen3-vl-32b-awq,"{""count"": 0}"
9999986_00000_d_0000005,visdrone,0,24,1400,1050,1400,1050,1470000,61250.0,10,1,0,0,0,qwen3-vl-32b-awq,"{""count"": 10}"
9999986_00000_d_0000005,visdrone,1048576,24,1400,1050,1176,868,1020768,42532.0,10,1,0,0,0,qwen3-vl-32b-awq,"{""count"": 10}"
9999986_00000_d_0000005,visdrone,800000,24,1400,1050,1008,756,762048,31752.0,10,1,0,0,0,qwen3-vl-32b-awq,"{""count"": 10}"
9999986_00000_d_0000007,visdrone,200000,28,1400,1050,504,364,183456,6552.0,10,1,0,0,0,qwen3-vl-32b-awq,"{""count"": 10}"
9999986_00000_d_0000006,visdrone,0,28,1400,1050,1400,1050,1470000,52500.0,10,1,0,0,0,qwen3-vl-32b-awq,"{""count"": 10}"
9999986_00000_d_0000006,visdrone,800000,28,1400,1050,1008,756,762048,27216.0,0,1,1,0,0,qwen3-vl-32b-awq,"{""count"": 0}"
9999986_00000_d_0000008,visdrone,200000,23,1400,1050,504,364,183456,7976.3,14,1,0,0,0,qwen3-vl-32b-awq,"{""count"": 14}"
9999986_00000_d_0000006,visdrone,1048576,28,1400,1050,1176,868,1020768,36456.0,0,1,1,0,0,qwen3-vl-32b-awq,"{""count"": 0}"
9999986_00000_d_0000006,visdrone,400000,28,1400,1050,728,532,387296,13832.0,0,1,1,0,0,qwen3-vl-32b-awq,"{""count"": 0}"
9999986_00000_d_0000007,visdrone,400000,28,1400,1050,728,532,387296,13832.0,18,1,0,0,0,qwen3-vl-32b-awq,"{""count"": 18}"
9999986_00000_d_0000007,visdrone,0,28,1400,1050,1400,1050,1470000,52500.0,20,1,0,0,0,qwen3-vl-32b-awq,"{""count"": 20}"
9999986_00000_d_0000013,visdrone,200000,14,1400,1050,504,364,183456,13104.0,10,1,0,0,0,qwen3-vl-32b-awq,"{""count"": 10}"
9999986_00000_d_0000007,visdrone,800000,28,1400,1050,1008,756,762048,27216.0,18,1,0,0,0,qwen3-vl-32b-awq,"{""count"": 18}"
9999986_00000_d_0000007,visdrone,1048576,28,1400,1050,1176,868,1020768,36456.0,20,1,0,0,0,qwen3-vl-32b-awq,"{""count"": 20}"
9999986_00000_d_0000008,visdrone,0,23,1400,1050,1400,1050,1470000,63913.0,18,1,0,0,0,qwen3-vl-32b-awq,"{""count"": 18}"
9999986_00000_d_0000008,visdrone,1048576,23,1400,1050,1176,868,1020768,44381.2,20,1,0,0,0,qwen3-vl-32b-awq,"{""count"": 20}"
9999986_00000_d_0000017,visdrone,200000,10,1400,1050,504,364,183456,18345.6,5,1,0,0,0,qwen3-vl-32b-awq,"{""count"": 5}"
9999986_00000_d_0000013,visdrone,400000,14,1400,1050,728,532,387296,27664.0,10,1,0,0,0,qwen3-vl-32b-awq,"{""count"": 10}"
9999986_00000_d_0000008,visdrone,400000,23,1400,1050,728,532,387296,16839.0,18,1,0,0,0,qwen3-vl-32b-awq,"{""count"": 18}"
9999986_00000_d_0000022,visdrone,200000,2,1400,1050,504,364,183456,91728.0,0,1,1,0,0,qwen3-vl-32b-awq,"{""count"": 0}"
9999986_00000_d_0000008,visdrone,800000,23,1400,1050,1008,756,762048,33132.5,17,1,0,0,0,qwen3-vl-32b-awq,"{""count"": 17}"
9999986_00000_d_0000013,visdrone,0,14,1400,1050,1400,1050,1470000,105000.0,10,1,0,0,0,qwen3-vl-32b-awq,"{""count"": 10}"
9999986_00000_d_0000013,visdrone,800000,14,1400,1050,1008,756,762048,54432.0,10,1,0,0,0,qwen3-vl-32b-awq,"{""count"": 10}"
9999986_00000_d_0000017,visdrone,0,10,1400,1050,1400,1050,1470000,147000.0,8,1,0,0,0,qwen3-vl-32b-awq,"{""count"": 8}"
9999986_00000_d_0000013,visdrone,1048576,14,1400,1050,1176,868,1020768,72912.0,10,1,0,0,0,qwen3-vl-32b-awq,"{""count"": 10}"
9999986_00000_d_0000017,visdrone,1048576,10,1400,1050,1176,868,1020768,102076.8,8,1,0,0,0,qwen3-vl-32b-awq,"{""count"": 8}"
9999986_00000_d_0000017,visdrone,800000,10,1400,1050,1008,756,762048,76204.8,6,1,0,0,0,qwen3-vl-32b-awq,"{""count"": 6}"
9999986_00000_d_0000027,visdrone,200000,5,1400,1050,504,364,183456,36691.2,0,1,1,0,0,qwen3-vl-32b-awq,"{""count"": 0}"
9999986_00000_d_0000022,visdrone,800000,2,1400,1050,1008,756,762048,381024.0,3,1,0,0,0,qwen3-vl-32b-awq,"{""count"": 3}"
9999986_00000_d_0000017,visdrone,400000,10,1400,1050,728,532,387296,38729.6,5,1,0,0,0,qwen3-vl-32b-awq,"{""count"": 5}"
9999986_00000_d_0000027,visdrone,400000,5,1400,1050,728,532,387296,77459.2,0,1,1,0,0,qwen3-vl-32b-awq,"{""count"": 0}"
9999986_00000_d_0000022,visdrone,400000,2,1400,1050,728,532,387296,193648.0,3,1,0,0,0,qwen3-vl-32b-awq,"{""count"": 3}"
9999986_00000_d_0000022,visdrone,0,2,1400,1050,1400,1050,1470000,735000.0,3,1,0,0,0,qwen3-vl-32b-awq,"{""count"": 3}"
9999986_00000_d_0000029,visdrone,200000,8,1400,1050,504,364,183456,22932.0,0,1,1,0,0,qwen3-vl-32b-awq,"{""count"": 0}"
9999986_00000_d_0000027,visdrone,800000,5,1400,1050,1008,756,762048,152409.6,0,1,1,0,0,qwen3-vl-32b-awq,"{""count"": 0}"
9999986_00000_d_0000022,visdrone,1048576,2,1400,1050,1176,868,1020768,510384.0,3,1,0,0,0,qwen3-vl-32b-awq,"{""count"": 3}"
9999986_00000_d_0000027,visdrone,0,5,1400,1050,1400,1050,1470000,294000.0,0,1,1,0,0,qwen3-vl-32b-awq,"{""count"": 0}"
9999986_00000_d_0000027,visdrone,1048576,5,1400,1050,1176,868,1020768,204153.6,0,1,1,0,0,qwen3-vl-32b-awq,"{""count"": 0}"
9999986_00000_d_0000029,visdrone,0,8,1400,1050,1400,1050,1470000,183750.0,5,1,0,0,0,qwen3-vl-32b-awq,"{""count"": 5}"
9999986_00000_d_0000029,visdrone,1048576,8,1400,1050,1176,868,1020768,127596.0,4,1,0,0,0,qwen3-vl-32b-awq,"{""count"": 4}"
9999986_00000_d_0000035,visdrone,200000,8,1400,1050,504,364,183456,22932.0,2,1,0,0,0,qwen3-vl-32b-awq,"{""count"": 2}"
9999986_00000_d_0000029,visdrone,400000,8,1400,1050,728,532,387296,48412.0,5,1,0,0,0,qwen3-vl-32b-awq,"{""count"": 5}"
9999986_00000_d_0000035,visdrone,400000,8,1400,1050,728,532,387296,48412.0,3,1,0,0,0,qwen3-vl-32b-awq,"{""count"": 3}"
9999986_00000_d_0000029,visdrone,800000,8,1400,1050,1008,756,762048,95256.0,7,1,0,0,0,qwen3-vl-32b-awq,"{""count"": 7}"
9999986_00000_d_0000037,visdrone,200000,8,1400,1050,504,364,183456,22932.0,0,1,1,0,0,qwen3-vl-32b-awq,"{""count"": 0}"
9999986_00000_d_0000035,visdrone,0,8,1400,1050,1400,1050,1470000,183750.0,3,1,0,0,0,qwen3-vl-32b-awq,"{""count"": 3}"
9999986_00000_d_0000035,visdrone,800000,8,1400,1050,1008,756,762048,95256.0,4,1,0,0,0,qwen3-vl-32b-awq,"{""count"": 4}"
9999986_00000_d_0000042,visdrone,200000,11,1400,1050,504,364,183456,16677.8,3,1,0,0,0,qwen3-vl-32b-awq,"{""count"": 3}"
9999986_00000_d_0000035,visdrone,1048576,8,1400,1050,1176,868,1020768,127596.0,4,1,0,0,0,qwen3-vl-32b-awq,"{""count"": 4}"
9999986_00000_d_0000037,visdrone,0,8,1400,1050,1400,1050,1470000,183750.0,6,1,0,0,0,qwen3-vl-32b-awq,"{""count"": 6}"
9999986_00000_d_0000037,visdrone,1048576,8,1400,1050,1176,868,1020768,127596.0,6,1,0,0,0,qwen3-vl-32b-awq,"{""count"": 6}"
9999986_00000_d_0000052,visdrone,200000,3,1400,1050,504,364,183456,61152.0,0,1,1,0,0,qwen3-vl-32b-awq,"{""count"": 0}"
9999986_00000_d_0000037,visdrone,800000,8,1400,1050,1008,756,762048,95256.0,7,1,0,0,0,qwen3-vl-32b-awq,"{""count"": 7}"
9999986_00000_d_0000042,visdrone,400000,11,1400,1050,728,532,387296,35208.7,7,1,0,0,0,qwen3-vl-32b-awq,"{""count"": 7}"
9999986_00000_d_0000037,visdrone,400000,8,1400,1050,728,532,387296,48412.0,3,1,0,0,0,qwen3-vl-32b-awq,"{""count"": 3}"
9999986_00000_d_0000052,visdrone,400000,3,1400,1050,728,532,387296,129098.7,0,1,1,0,0,qwen3-vl-32b-awq,"{""count"": 0}"
9999986_00000_d_0000042,visdrone,800000,11,1400,1050,1008,756,762048,69277.1,6,1,0,0,0,qwen3-vl-32b-awq,"{""count"": 6}"
9999986_00000_d_0000042,visdrone,0,11,1400,1050,1400,1050,1470000,133636.4,6,1,0,0,0,qwen3-vl-32b-awq,"{""count"": 6}"
9999993_00000_d_0000001,visdrone,200000,43,1400,1050,504,364,183456,4266.4,0,1,1,0,0,qwen3-vl-32b-awq,"{""count"": 0}"
9999986_00000_d_0000042,visdrone,1048576,11,1400,1050,1176,868,1020768,92797.1,6,1,0,0,0,qwen3-vl-32b-awq,"{""count"": 6}"
9999986_00000_d_0000052,visdrone,0,3,1400,1050,1400,1050,1470000,490000.0,2,1,0,0,0,qwen3-vl-32b-awq,"{""count"": 2}"
9999986_00000_d_0000052,visdrone,1048576,3,1400,1050,1176,868,1020768,340256.0,2,1,0,0,0,qwen3-vl-32b-awq,"{""count"": 2}"
9999986_00000_d_0000052,visdrone,800000,3,1400,1050,1008,756,762048,254016.0,2,1,0,0,0,qwen3-vl-32b-awq,"{""count"": 2}"
9999993_00000_d_0000002,visdrone,200000,13,1400,1050,504,364,183456,14112.0,0,1,1,0,0,qwen3-vl-32b-awq,"{""count"": 0}"
9999993_00000_d_0000001,visdrone,0,43,1400,1050,1400,1050,1470000,34186.0,0,1,1,0,0,qwen3-vl-32b-awq,"{""count"": 0}"
9999993_00000_d_0000001,visdrone,1048576,43,1400,1050,1176,868,1020768,23738.8,0,1,1,0,0,qwen3-vl-32b-awq,"{""count"": 0}"
9999993_00000_d_0000006,visdrone,200000,22,1400,1050,504,364,183456,8338.9,0,1,1,0,0,qwen3-vl-32b-awq,"{""count"": 0}"
9999993_00000_d_0000001,visdrone,400000,43,1400,1050,728,532,387296,9006.9,0,1,1,0,0,qwen3-vl-32b-awq,"{""count"": 0}"
9999993_00000_d_0000002,visdrone,400000,13,1400,1050,728,532,387296,29792.0,10,1,0,0,0,qwen3-vl-32b-awq,"{""count"": 10}"
9999993_00000_d_0000006,visdrone,400000,22,1400,1050,728,532,387296,17604.4,0,1,1,0,0,qwen3-vl-32b-awq,"{""count"": 0}"
9999993_00000_d_0000001,visdrone,800000,43,1400,1050,1008,756,762048,17722.0,0,1,1,0,0,qwen3-vl-32b-awq,"{""count"": 0}"
9999993_00000_d_0000002,visdrone,800000,13,1400,1050,1008,756,762048,58619.1,10,1,0,0,0,qwen3-vl-32b-awq,"{""count"": 10}"
9999993_00000_d_0000008,visdrone,200000,4,1400,1050,504,364,183456,45864.0,0,1,1,0,0,qwen3-vl-32b-awq,"{""count"": 0}"
9999993_00000_d_0000002,visdrone,0,13,1400,1050,1400,1050,1470000,113076.9,10,1,0,0,0,qwen3-vl-32b-awq,"{""count"": 10}"
9999993_00000_d_0000002,visdrone,1048576,13,1400,1050,1176,868,1020768,78520.6,10,1,0,0,0,qwen3-vl-32b-awq,"{""count"": 10}"
9999993_00000_d_0000006,visdrone,0,22,1400,1050,1400,1050,1470000,66818.2,0,1,1,0,0,qwen3-vl-32b-awq,"{""count"": 0}"
9999993_00000_d_0000006,visdrone,1048576,22,1400,1050,1176,868,1020768,46398.5,0,1,1,0,0,qwen3-vl-32b-awq,"{""count"": 0}"
9999993_00000_d_0000009,visdrone,200000,11,1400,1050,504,364,183456,16677.8,0,1,1,0,0,qwen3-vl-32b-awq,"{""count"": 0}"
9999993_00000_d_0000006,visdrone,800000,22,1400,1050,1008,756,762048,34638.5,0,1,1,0,0,qwen3-vl-32b-awq,"{""count"": 0}"
9999993_00000_d_0000008,visdrone,0,4,1400,1050,1400,1050,1470000,367500.0,0,1,1,0,0,qwen3-vl-32b-awq,"{""count"": 0}"
9999993_00000_d_0000010,visdrone,200000,3,1400,1050,504,364,183456,61152.0,0,1,1,0,0,qwen3-vl-32b-awq,"{""count"": 0}"
9999993_00000_d_0000008,visdrone,800000,4,1400,1050,1008,756,762048,190512.0,0,1,1,0,0,qwen3-vl-32b-awq,"{""count"": 0}"
9999993_00000_d_0000008,visdrone,1048576,4,1400,1050,1176,868,1020768,255192.0,0,1,1,0,0,qwen3-vl-32b-awq,"{""count"": 0}"
9999993_00000_d_0000009,visdrone,400000,11,1400,1050,728,532,387296,35208.7,0,1,1,0,0,qwen3-vl-32b-awq,"{""count"": 0}"
9999993_00000_d_0000008,visdrone,400000,4,1400,1050,728,532,387296,96824.0,0,1,1,0,0,qwen3-vl-32b-awq,"{""count"": 0}"
9999993_00000_d_0000009,visdrone,0,11,1400,1050,1400,1050,1470000,133636.4,0,1,1,0,0,qwen3-vl-32b-awq,"{""count"": 0}"
9999993_00000_d_0000011,visdrone,200000,19,1400,1050,504,364,183456,9655.6,0,1,1,0,0,qwen3-vl-32b-awq,"{""count"": 0}"
9999993_00000_d_0000009,visdrone,800000,11,1400,1050,1008,756,762048,69277.1,0,1,1,0,0,qwen3-vl-32b-awq,"{""count"": 0}"
9999993_00000_d_0000009,visdrone,1048576,11,1400,1050,1176,868,1020768,92797.1,0,1,1,0,0,qwen3-vl-32b-awq,"{""count"": 0}"
9999993_00000_d_0000010,visdrone,0,3,1400,1050,1400,1050,1470000,490000.0,0,1,1,0,0,qwen3-vl-32b-awq,"{""count"": 0}"
9999993_00000_d_0000010,visdrone,1048576,3,1400,1050,1176,868,1020768,340256.0,0,1,1,0,0,qwen3-vl-32b-awq,"{""count"": 0}"
9999993_00000_d_0000010,visdrone,800000,3,1400,1050,1008,756,762048,254016.0,0,1,1,0,0,qwen3-vl-32b-awq,"{""count"": 0}"
9999993_00000_d_0000013,visdrone,200000,12,1400,1050,504,364,183456,15288.0,0,1,1,0,0,qwen3-vl-32b-awq,"{""count"": 0}"
9999993_00000_d_0000010,visdrone,400000,3,1400,1050,728,532,387296,129098.7,0,1,1,0,0,qwen3-vl-32b-awq,"{""count"": 0}"
9999993_00000_d_0000011,visdrone,800000,19,1400,1050,1008,756,762048,40107.8,0,1,1,0,0,qwen3-vl-32b-awq,"{""count"": 0}"
9999993_00000_d_0000011,visdrone,400000,19,1400,1050,728,532,387296,20384.0,0,1,1,0,0,qwen3-vl-32b-awq,"{""count"": 0}"
9999993_00000_d_0000013,visdrone,400000,12,1400,1050,728,532,387296,32274.7,0,1,1,0,0,qwen3-vl-32b-awq,"{""count"": 0}"
9999993_00000_d_0000011,visdrone,0,19,1400,1050,1400,1050,1470000,77368.4,0,1,1,0,0,qwen3-vl-32b-awq,"{""count"": 0}"
9999993_00000_d_0000018,visdrone,200000,7,1400,1050,504,364,183456,26208.0,0,1,1,0,0,qwen3-vl-32b-awq,"{""count"": 0}"
9999993_00000_d_0000013,visdrone,0,12,1400,1050,1400,1050,1470000,122500.0,0,1,1,0,0,qwen3-vl-32b-awq,"{""count"": 0}"
9999993_00000_d_0000011,visdrone,1048576,19,1400,1050,1176,868,1020768,53724.6,10,1,0,0,0,qwen3-vl-32b-awq,"{""count"": 10}"
9999993_00000_d_0000023,visdrone,200000,42,1400,1050,504,364,183456,4368.0,0,1,1,0,0,qwen3-vl-32b-awq,"{""count"": 0}"
9999993_00000_d_0000013,visdrone,800000,12,1400,1050,1008,756,762048,63504.0,0,1,1,0,0,qwen3-vl-32b-awq,"{""count"": 0}"
9999993_00000_d_0000013,visdrone,1048576,12,1400,1050,1176,868,1020768,85064.0,0,1,1,0,0,qwen3-vl-32b-awq,"{""count"": 0}"
9999993_00000_d_0000018,visdrone,0,7,1400,1050,1400,1050,1470000,210000.0,10,1,0,0,0,qwen3-vl-32b-awq,"{""count"": 10}"
9999996_00000_d_0000001,visdrone,200000,2,1400,1050,504,364,183456,91728.0,0,1,1,0,0,qwen3-vl-32b-awq,"{""count"": 0}"
9999993_00000_d_0000018,visdrone,1048576,7,1400,1050,1176,868,1020768,145824.0,10,1,0,0,0,qwen3-vl-32b-awq,"{""count"": 10}"
9999993_00000_d_0000023,visdrone,400000,42,1400,1050,728,532,387296,9221.3,0,1,1,0,0,qwen3-vl-32b-awq,"{""count"": 0}"
9999993_00000_d_0000018,visdrone,400000,7,1400,1050,728,532,387296,55328.0,0,1,1,0,0,qwen3-vl-32b-awq,"{""count"": 0}"
9999996_00000_d_0000001,visdrone,400000,2,1400,1050,728,532,387296,193648.0,0,1,1,0,0,qwen3-vl-32b-awq,"{""count"": 0}"
9999993_00000_d_0000018,visdrone,800000,7,1400,1050,1008,756,762048,108864.0,10,1,0,0,0,qwen3-vl-32b-awq,"{""count"": 10}"
9999996_00000_d_0000006,visdrone,200000,3,1400,1050,504,364,183456,61152.0,2,1,0,0,0,qwen3-vl-32b-awq,"{""count"": 2}"
9999993_00000_d_0000023,visdrone,800000,42,1400,1050,1008,756,762048,18144.0,10,1,0,0,0,qwen3-vl-32b-awq,"{""count"": 10}"
9999993_00000_d_0000023,visdrone,0,42,1400,1050,1400,1050,1470000,35000.0,10,1,0,0,0,qwen3-vl-32b-awq,"{""count"": 10}"
9999996_00000_d_0000001,visdrone,0,2,1400,1050,1400,1050,1470000,735000.0,0,1,1,0,0,qwen3-vl-32b-awq,"{""count"": 0}"
9999993_00000_d_0000023,visdrone,1048576,42,1400,1050,1176,868,1020768,24304.0,10,1,0,0,0,qwen3-vl-32b-awq,"{""count"": 10}"
9999996_00000_d_0000001,visdrone,1048576,2,1400,1050,1176,868,1020768,510384.0,0,1,1,0,0,qwen3-vl-32b-awq,"{""count"": 0}"
9999996_00000_d_0000014,visdrone,200000,20,1400,1050,504,364,183456,9172.8,0,1,1,0,0,qwen3-vl-32b-awq,"{""count"": 0}"
9999996_00000_d_0000001,visdrone,800000,2,1400,1050,1008,756,762048,381024.0,0,1,1,0,0,qwen3-vl-32b-awq,"{""count"": 0}"
9999996_00000_d_0000006,visdrone,0,3,1400,1050,1400,1050,1470000,490000.0,3,1,0,0,0,qwen3-vl-32b-awq,"{""count"": 3}"
9999996_00000_d_0000006,visdrone,1048576,3,1400,1050,1176,868,1020768,340256.0,3,1,0,0,0,qwen3-vl-32b-awq,"{""count"": 3}"
9999996_00000_d_0000006,visdrone,400000,3,1400,1050,728,532,387296,129098.7,2,1,0,0,0,qwen3-vl-32b-awq,"{""count"": 2}"
9999996_00000_d_0000015,visdrone,200000,2,1400,1050,504,364,183456,91728.0,0,1,1,0,0,qwen3-vl-32b-awq,"{""count"": 0}"
9999996_00000_d_0000006,visdrone,800000,3,1400,1050,1008,756,762048,254016.0,4,1,0,0,0,qwen3-vl-32b-awq,"{""count"": 4}"
9999996_00000_d_0000014,visdrone,400000,20,1400,1050,728,532,387296,19364.8,10,1,0,0,0,qwen3-vl-32b-awq,"{""count"": 10}"
9999996_00000_d_0000015,visdrone,400000,2,1400,1050,728,532,387296,193648.0,0,1,1,0,0,qwen3-vl-32b-awq,"{""count"": 0}"
9999996_00000_d_0000014,visdrone,800000,20,1400,1050,1008,756,762048,38102.4,10,1,0,0,0,qwen3-vl-32b-awq,"{""count"": 10}"
9999996_00000_d_0000016,visdrone,200000,2,1400,1050,504,364,183456,91728.0,0,1,1,0,0,qwen3-vl-32b-awq,"{""count"": 0}"
9999996_00000_d_0000014,visdrone,0,20,1400,1050,1400,1050,1470000,73500.0,10,1,0,0,0,qwen3-vl-32b-awq,"{""count"": 10}"
9999996_00000_d_0000014,visdrone,1048576,20,1400,1050,1176,868,1020768,51038.4,10,1,0,0,0,qwen3-vl-32b-awq,"{""count"": 10}"
9999996_00000_d_0000015,visdrone,0,2,1400,1050,1400,1050,1470000,735000.0,1,1,0,0,0,qwen3-vl-32b-awq,"{""count"": 1}"
9999996_00000_d_0000015,visdrone,1048576,2,1400,1050,1176,868,1020768,510384.0,1,1,0,0,0,qwen3-vl-32b-awq,"{""count"": 1}"
9999996_00000_d_0000016,visdrone,0,2,1400,1050,1400,1050,1470000,735000.0,0,1,1,0,0,qwen3-vl-32b-awq,"{""count"": 0}"
9999996_00000_d_0000015,visdrone,800000,2,1400,1050,1008,756,762048,381024.0,1,1,0,0,0,qwen3-vl-32b-awq,"{""count"": 1}"
9999996_00000_d_0000018,visdrone,200000,16,1400,1050,504,364,183456,11466.0,0,1,1,0,0,qwen3-vl-32b-awq,"{""count"": 0}"
9999996_00000_d_0000016,visdrone,1048576,2,1400,1050,1176,868,1020768,510384.0,0,1,1,0,0,qwen3-vl-32b-awq,"{""count"": 0}"
9999996_00000_d_0000024,visdrone,200000,4,1400,1050,504,364,183456,45864.0,0,1,1,0,0,qwen3-vl-32b-awq,"{""count"": 0}"
9999996_00000_d_0000016,visdrone,800000,2,1400,1050,1008,756,762048,381024.0,0,1,1,0,0,qwen3-vl-32b-awq,"{""count"": 0}"
9999996_00000_d_0000018,visdrone,800000,16,1400,1050,1008,756,762048,47628.0,0,1,1,0,0,qwen3-vl-32b-awq,"{""count"": 0}"
9999996_00000_d_0000016,visdrone,400000,2,1400,1050,728,532,387296,193648.0,1,1,0,0,0,qwen3-vl-32b-awq,"{""count"": 1}"
9999996_00000_d_0000018,visdrone,400000,16,1400,1050,728,532,387296,24206.0,0,1,1,0,0,qwen3-vl-32b-awq,"{""count"": 0}"
9999996_00000_d_0000024,visdrone,400000,4,1400,1050,728,532,387296,96824.0,0,1,1,0,0,qwen3-vl-32b-awq,"{""count"": 0}"
9999996_00000_d_0000027,visdrone,200000,3,1400,1050,504,364,183456,61152.0,0,1,1,0,0,qwen3-vl-32b-awq,"{""count"": 0}"
9999996_00000_d_0000018,visdrone,0,16,1400,1050,1400,1050,1470000,91875.0,0,1,1,0,0,qwen3-vl-32b-awq,"{""count"": 0}"
9999996_00000_d_0000018,visdrone,1048576,16,1400,1050,1176,868,1020768,63798.0,0,1,1,0,0,qwen3-vl-32b-awq,"{""count"": 0}"
9999996_00000_d_0000024,visdrone,0,4,1400,1050,1400,1050,1470000,367500.0,0,1,1,0,0,qwen3-vl-32b-awq,"{""count"": 0}"
9999996_00000_d_0000024,visdrone,1048576,4,1400,1050,1176,868,1020768,255192.0,0,1,1,0,0,qwen3-vl-32b-awq,"{""count"": 0}"
9999996_00000_d_0000024,visdrone,800000,4,1400,1050,1008,756,762048,190512.0,0,1,1,0,0,qwen3-vl-32b-awq,"{""count"": 0}"
9999996_00000_d_0000027,visdrone,0,3,1400,1050,1400,1050,1470000,490000.0,0,1,1,0,0,qwen3-vl-32b-awq,"{""count"": 0}"
9999996_00000_d_0000027,visdrone,1048576,3,1400,1050,1176,868,1020768,340256.0,0,1,1,0,0,qwen3-vl-32b-awq,"{""count"": 0}"
9999996_00000_d_0000027,visdrone,800000,3,1400,1050,1008,756,762048,254016.0,0,1,1,0,0,qwen3-vl-32b-awq,"{""count"": 0}"
9999996_00000_d_0000027,visdrone,400000,3,1400,1050,728,532,387296,129098.7,0,1,1,0,0,qwen3-vl-32b-awq,"{""count"": 0}"
