item,gt,pred,ntiles,parse_ok,raw,latency_s,abstain
img_0031,394,1800,1,9,"{""choice"": 0} | {""choice"": ""500""} | {""choice"": ""100""} | {""choice"": 0} | {""choice"": ""500""} | {""choice"": ""100""} | {""choice"": 0} | {""choice"": ""500""} | {""",16.64,0
img_0026,113,900,1,9,"{""choice"": 0} | {""choice"": ""100""} | {""choice"": ""50""} | {""choice"": 0} | {""choice"": ""500""} | {""choice"": ""50""} | {""choice"": 0} | {""choice"": ""100""} | {""ch",16.65,0
img_0006,436,3500,1,9,"{""choice"": 0} | {""choice"": ""1000""} | {""choice"": ""500""} | {""choice"": 0} | {""choice"": ""500""} | {""choice"": ""500""} | {""choice"": 0} | {""choice"": ""500""} | {",18.38,0
img_0010,566,4300,1,9,"{""choice"": ""1000""} | {""choice"": ""500""} | {""choice"": ""100""} | {""choice"": ""1000""} | {""choice"": ""500""} | {""choice"": ""100""} | {""choice"": ""500""} | {""choice",18.38,0
img_0030,367,1780,1,9,"{""choice"": ""500""} | {""choice"": ""50""} | {""choice"": ""10""} | {""choice"": ""500""} | {""choice"": ""100""} | {""choice"": ""10""} | {""choice"": ""500""} | {""choice"": ""1",18.59,0
img_0003,350,2760,1,9,"{""choice"": ""500""} | {""choice"": ""500""} | {""choice"": ""100""} | {""choice"": ""500""} | {""choice"": ""500""} | {""choice"": ""50""} | {""choice"": ""100""} | {""choice"": ",18.95,0
img_0012,434,5500,1,9,"{""choice"": ""1000""} | {""choice"": ""500""} | {""choice"": ""500""} | {""choice"": ""1000""} | {""choice"": ""500""} | {""choice"": ""500""} | {""choice"": ""500""} | {""choice",19.07,0
img_0028,405,2600,1,9,"{""choice"": 0} | {""choice"": ""500""} | {""choice"": ""100""} | {""choice"": 0} | {""choice"": ""500""} | {""choice"": ""500""} | {""choice"": 0} | {""choice"": ""500""} | {""",19.06,0
img_0007,77,1290,1,9,"{""choice"": ""100""} | {""choice"": ""100""} | {""choice"": 10} | {""choice"": ""500""} | {""choice"": ""50""} | {""choice"": ""10""} | {""choice"": ""500""} | {""choice"": ""10""",19.08,0
img_0017,191,900,1,9,"{""choice"": ""100""} | {""choice"": ""100""} | {""choice"": ""100""} | {""choice"": ""100""} | {""choice"": ""100""} | {""choice"": ""100""} | {""choice"": ""100""} | {""choice"":",19.07,0
img_0013,1528,7500,1,9,"{""choice"": ""1000""} | {""choice"": ""1000""} | {""choice"": ""500""} | {""choice"": ""1000""} | {""choice"": ""1000""} | {""choice"": ""500""} | {""choice"": ""1000""} | {""cho",19.18,0
img_0011,540,7000,1,9,"{""choice"": ""1000""} | {""choice"": ""1000""} | {""choice"": ""500""} | {""choice"": ""1000""} | {""choice"": ""1000""} | {""choice"": ""500""} | {""choice"": ""1000""} | {""cho",21.27,0
img_0022,479,5610,1,9,"{""choice"": 0} | {""choice"": ""1000""} | {""choice"": ""500""} | {""choice"": ""100""} | {""choice"": ""1000""} | {""choice"": ""1000""} | {""choice"": ""10""} | {""choice"": """,21.39,0
img_0001,977,5500,1,9,"{""choice"": ""500""} | {""choice"": ""1000""} | {""choice"": ""500""} | {""choice"": ""500""} | {""choice"": ""1000""} | {""choice"": ""500""} | {""choice"": ""500""} | {""choice",21.63,0
img_0025,319,1800,1,9,"{""choice"": 0} | {""choice"": ""500""} | {""choice"": ""100""} | {""choice"": 0} | {""choice"": ""500""} | {""choice"": ""100""} | {""choice"": 0} | {""choice"": ""500""} | {""",23.58,0
img_0002,923,2600,1,9,"{""choice"": 0} | {""choice"": ""500""} | {""choice"": ""500""} | {""choice"": 0} | {""choice"": ""500""} | {""choice"": ""500""} | {""choice"": 0} | {""choice"": ""500""} | {""",23.73,0
img_0016,853,2400,1,9,"{""choice"": ""100""} | {""choice"": ""500""} | {""choice"": ""100""} | {""choice"": 0} | {""choice"": ""1000""} | {""choice"": ""100""} | {""choice"": 0} | {""choice"": ""500""}",23.94,0
img_0032,674,1800,1,9,"{""choice"": 0} | {""choice"": ""500""} | {""choice"": ""100""} | {""choice"": 0} | {""choice"": ""500""} | {""choice"": ""100""} | {""choice"": 0} | {""choice"": ""100""} | {""",24.17,0
img_0024,385,4300,1,9,"{""choice"": ""500""} | {""choice"": ""500""} | {""choice"": ""100""} | {""choice"": ""1000""} | {""choice"": ""1000""} | {""choice"": ""100""} | {""choice"": ""500""} | {""choice",24.39,0
img_0005,103,700,1,9,"{""choice"": 0} | {""choice"": 0} | {""choice"": ""500""} | {""choice"": 0} | {""choice"": 0} | {""choice"": ""100""} | {""choice"": 0} | {""choice"": 0} | {""choice"": ""10",24.55,0
img_0008,92,330,1,9,"{""choice"": 0} | {""choice"": ""100""} | {""choice"": ""10""} | {""choice"": 0} | {""choice"": ""100""} | {""choice"": ""10""} | {""choice"": 0} | {""choice"": ""100""} | {""ch",24.55,0
img_0009,237,1770,1,9,"{""choice"": ""10""} | {""choice"": ""500""} | {""choice"": ""100""} | {""choice"": ""10""} | {""choice"": ""500""} | {""choice"": ""100""} | {""choice"": 0} | {""choice"": ""500""",24.89,0
img_0018,141,2610,1,9,"{""choice"": ""10""} | {""choice"": ""100""} | {""choice"": ""500""} | {""choice"": 0} | {""choice"": ""500""} | {""choice"": ""500""} | {""choice"": 0} | {""choice"": ""500""} |",25.48,0
img_0019,137,3010,1,9,"{""choice"": ""10""} | {""choice"": ""500""} | {""choice"": ""500""} | {""choice"": 0} | {""choice"": ""500""} | {""choice"": ""500""} | {""choice"": 0} | {""choice"": ""500""} |",25.72,0
img_0027,181,1810,1,9,"{""choice"": 50} | {""choice"": ""100""} | {""choice"": ""100""} | {""choice"": 0} | {""choice"": ""500""} | {""choice"": ""500""} | {""choice"": ""10""} | {""choice"": ""500""} ",25.71,0
img_0015,413,3120,1,9,"{""choice"": ""500""} | {""choice"": ""500""} | {""choice"": ""10""} | {""choice"": ""500""} | {""choice"": ""500""} | {""choice"": ""100""} | {""choice"": ""500""} | {""choice"": ",25.96,0
img_0004,183,3010,1,9,"{""choice"": 0} | {""choice"": ""500""} | {""choice"": ""500""} | {""choice"": 0} | {""choice"": ""500""} | {""choice"": ""500""} | {""choice"": ""10""} | {""choice"": ""500""} |",25.97,0
img_0014,225,1470,1,9,"{""choice"": ""500""} | {""choice"": ""100""} | {""choice"": ""10""} | {""choice"": ""500""} | {""choice"": ""100""} | {""choice"": ""10""} | {""choice"": ""100""} | {""choice"": """,26.20,0
img_0029,450,2310,1,9,"{""choice"": ""100""} | {""choice"": ""500""} | {""choice"": ""50""} | {""choice"": ""500""} | {""choice"": ""500""} | {""choice"": ""50""} | {""choice"": ""500""} | {""choice"": """,26.28,0
img_0021,127,1600,1,9,"{""choice"": ""100""} | {""choice"": ""100""} | {""choice"": ""50""} | {""choice"": ""500""} | {""choice"": ""100""} | {""choice"": ""100""} | {""choice"": ""500""} | {""choice"": ",26.63,0
img_0023,274,4010,1,9,"{""choice"": ""1000""} | {""choice"": ""500""} | {""choice"": ""500""} | {""choice"": ""0""} | {""choice"": ""10""} | {""choice"": ""500""} | {""choice"": ""500""} | {""choice"": """,26.96,0
img_0020,133,2500,1,9,"{""choice"": ""500""} | {""choice"": ""500""} | {""choice"": ""100""} | {""choice"": ""100""} | {""choice"": ""500""} | {""choice"": ""100""} | {""choice"": ""100""} | {""choice"":",27.09,0
img_0039,88,340,1,9,"{""choice"": ""100""} | {""choice"": ""10""} | {""choice"": ""10""} | {""choice"": ""50""} | {""choice"": ""50""} | {""choice"": ""10""} | {""choice"": ""50""} | {""choice"": ""50""}",21.95,0
img_0040,201,580,1,9,"{""choice"": ""10""} | {""choice"": ""100""} | {""choice"": ""50""} | {""choice"": ""100""} | {""choice"": ""100""} | {""choice"": ""10""} | {""choice"": ""100""} | {""choice"": ""1",22.02,0
img_0037,2530,7500,1,9,"{""choice"": ""1000""} | {""choice"": ""1000""} | {""choice"": ""500""} | {""choice"": ""1000""} | {""choice"": ""1000""} | {""choice"": ""500""} | {""choice"": ""1000""} | {""cho",22.86,0
img_0033,129,840,1,9,"{""choice"": 0} | {""choice"": ""10""} | {""choice"": ""10""} | {""choice"": ""100""} | {""choice"": ""100""} | {""choice"": ""10""} | {""choice"": ""500""} | {""choice"": ""100""}",26.21,0
img_0034,221,1810,1,9,"{""choice"": ""500""} | {""choice"": ""50""} | {""choice"": 0} | {""choice"": ""500""} | {""choice"": ""100""} | {""choice"": ""10""} | {""choice"": ""500""} | {""choice"": ""100""",26.64,0
img_0044,169,1430,1,9,"{""choice"": ""500""} | {""choice"": ""500""} | {""choice"": ""10""} | {""choice"": ""100""} | {""choice"": ""100""} | {""choice"": ""10""} | {""choice"": ""100""} | {""choice"": """,22.28,0
img_0038,297,2350,1,9,"{""choice"": ""500""} | {""choice"": ""100""} | {""choice"": 0} | {""choice"": ""500""} | {""choice"": ""500""} | {""choice"": ""50""} | {""choice"": ""100""} | {""choice"": ""500",25.26,0
img_0041,960,5200,1,9,"{""choice"": ""1000""} | {""choice"": ""500""} | {""choice"": ""100""} | {""choice"": ""1000""} | {""choice"": ""500""} | {""choice"": ""500""} | {""choice"": ""1000""} | {""choic",25.15,0
img_0047,100,820,1,9,"{""choice"": 0} | {""choice"": ""100""} | {""choice"": ""100""} | {""choice"": 0} | {""choice"": ""500""} | {""choice"": ""10""} | {""choice"": 0} | {""choice"": ""100""} | {""c",21.29,0
img_0035,1018,3300,1,9,"{""choice"": 0} | {""choice"": ""1000""} | {""choice"": ""100""} | {""choice"": 0} | {""choice"": ""1000""} | {""choice"": ""100""} | {""choice"": 0} | {""choice"": ""1000""} |",26.54,0
img_0036,302,2630,1,9,"{""choice"": ""100""} | {""choice"": ""500""} | {""choice"": ""10""} | {""choice"": ""500""} | {""choice"": ""500""} | {""choice"": ""10""} | {""choice"": ""500""} | {""choice"": """,27.02,0
img_0043,155,1250,1,9,"{""choice"": ""100""} | {""choice"": ""100""} | {""choice"": ""50""} | {""choice"": ""100""} | {""choice"": ""100""} | {""choice"": ""100""} | {""choice"": ""500""} | {""choice"": ",26.85,0
img_0042,130,2270,1,9,"{""choice"": ""500""} | {""choice"": ""500""} | {""choice"": ""50""} | {""choice"": ""500""} | {""choice"": ""100""} | {""choice"": ""10""} | {""choice"": ""500""} | {""choice"": """,27.23,0
img_0046,177,2010,1,9,"{""choice"": ""500""} | {""choice"": ""500""} | {""choice"": ""100""} | {""choice"": ""100""} | {""choice"": ""500""} | {""choice"": ""100""} | {""choice"": ""10""} | {""choice"": ",25.49,0
img_0049,2494,6500,1,9,"{""choice"": 0} | {""choice"": ""1000""} | {""choice"": ""1000""} | {""choice"": 0} | {""choice"": ""1000""} | {""choice"": ""1000""} | {""choice"": ""500""} | {""choice"": ""10",23.90,0
img_0045,153,2010,1,9,"{""choice"": ""500""} | {""choice"": ""500""} | {""choice"": 10} | {""choice"": ""100""} | {""choice"": ""100""} | {""choice"": 100} | {""choice"": ""500""} | {""choice"": ""100",26.90,0
img_0051,187,1650,1,9,"{""choice"": ""500""} | {""choice"": ""100""} | {""choice"": ""100""} | {""choice"": ""100""} | {""choice"": ""500""} | {""choice"": ""100""} | {""choice"": ""100""} | {""choice"":",23.91,0
img_0060,227,1220,1,9,"{""choice"": 0} | {""choice"": ""500""} | {""choice"": ""10""} | {""choice"": 0} | {""choice"": ""500""} | {""choice"": ""100""} | {""choice"": 0} | {""choice"": ""100""} | {""c",22.31,0
img_0054,597,6000,1,9,"{""choice"": ""1000""} | {""choice"": ""500""} | {""choice"": ""500""} | {""choice"": ""1000""} | {""choice"": ""500""} | {""choice"": ""500""} | {""choice"": ""1000""} | {""choic",23.80,0
img_0048,1211,4510,1,9,"{""choice"": 0} | {""choice"": ""500""} | {""choice"": ""1000""} | {""choice"": 0} | {""choice"": ""500""} | {""choice"": ""1000""} | {""choice"": ""10""} | {""choice"": ""500""}",25.91,0
img_0053,954,5100,1,9,"{""choice"": ""1000""} | {""choice"": ""1000""} | {""choice"": ""500""} | {""choice"": ""500""} | {""choice"": ""500""} | {""choice"": ""500""} | {""choice"": ""100""} | {""choice",25.55,0
img_0050,425,2410,1,9,"{""choice"": ""100""} | {""choice"": ""500""} | {""choice"": ""100""} | {""choice"": ""100""} | {""choice"": ""500""} | {""choice"": ""100""} | {""choice"": ""10""} | {""choice"": ",26.60,0
img_0052,139,2630,1,9,"{""choice"": ""500""} | {""choice"": ""100""} | {""choice"": 10} | {""choice"": ""500""} | {""choice"": ""500""} | {""choice"": ""10""} | {""choice"": ""500""} | {""choice"": ""50",26.66,0
img_0055,361,1750,1,9,"{""choice"": 0} | {""choice"": ""500""} | {""choice"": ""100""} | {""choice"": 0} | {""choice"": ""500""} | {""choice"": ""100""} | {""choice"": 0} | {""choice"": ""500""} | {""",25.75,0
img_0056,194,1800,1,9,"{""choice"": 0} | {""choice"": ""500""} | {""choice"": ""100""} | {""choice"": 0} | {""choice"": ""500""} | {""choice"": ""100""} | {""choice"": 0} | {""choice"": ""500""} | {""",25.92,0
img_0057,687,4600,1,9,"{""choice"": ""500""} | {""choice"": ""500""} | {""choice"": ""100""} | {""choice"": ""500""} | {""choice"": ""500""} | {""choice"": ""500""} | {""choice"": ""500""} | {""choice"":",26.36,0
img_0059,452,4100,1,9,"{""choice"": ""500""} | {""choice"": ""500""} | {""choice"": ""500""} | {""choice"": ""500""} | {""choice"": ""500""} | {""choice"": ""500""} | {""choice"": ""100""} | {""choice"":",26.35,0
img_0058,4535,6500,1,9,"{""choice"": ""1000""} | {""choice"": ""500""} | {""choice"": ""500""} | {""choice"": ""1000""} | {""choice"": ""1000""} | {""choice"": ""500""} | {""choice"": ""1000""} | {""choi",26.39,0
img_0061,236,4500,1,9,"{""choice"": ""500""} | {""choice"": ""500""} | {""choice"": ""500""} | {""choice"": ""500""} | {""choice"": ""500""} | {""choice"": ""500""} | {""choice"": ""500""} | {""choice"":",26.23,0
img_0064,1357,4060,1,9,"{""choice"": ""500""} | {""choice"": ""1000""} | {""choice"": 0} | {""choice"": ""500""} | {""choice"": ""500""} | {""choice"": ""10""} | {""choice"": ""500""} | {""choice"": ""10",25.70,0
img_0063,1149,3620,1,9,"{""choice"": ""500""} | {""choice"": ""500""} | {""choice"": ""10""} | {""choice"": ""1000""} | {""choice"": ""500""} | {""choice"": 10} | {""choice"": ""500""} | {""choice"": ""5",26.54,0
img_0062,2638,7500,1,9,"{""choice"": ""1000""} | {""choice"": ""1000""} | {""choice"": ""500""} | {""choice"": ""1000""} | {""choice"": ""1000""} | {""choice"": ""500""} | {""choice"": ""1000""} | {""cho",27.05,0
img_0068,363,1080,1,9,"{""choice"": 0} | {""choice"": ""500""} | {""choice"": ""10""} | {""choice"": 0} | {""choice"": ""500""} | {""choice"": ""10""} | {""choice"": 0} | {""choice"": ""50""} | {""cho",19.05,0
img_0070,233,1300,1,9,"{""choice"": ""100""} | {""choice"": ""100""} | {""choice"": ""100""} | {""choice"": ""500""} | {""choice"": ""100""} | {""choice"": ""100""} | {""choice"": ""100""} | {""choice"":",21.67,0
img_0066,2980,6160,1,9,"{""choice"": ""1000""} | {""choice"": ""1000""} | {""choice"": ""10""} | {""choice"": ""1000""} | {""choice"": ""1000""} | {""choice"": 50} | {""choice"": ""1000""} | {""choice""",24.17,0
img_0065,490,4000,1,9,"{""choice"": 0} | {""choice"": ""1000""} | {""choice"": ""500""} | {""choice"": 0} | {""choice"": ""1000""} | {""choice"": ""500""} | {""choice"": 0} | {""choice"": ""500""} | ",26.01,0
img_0067,255,2230,1,9,"{""choice"": ""500""} | {""choice"": ""100""} | {""choice"": ""10""} | {""choice"": ""500""} | {""choice"": ""500""} | {""choice"": ""10""} | {""choice"": ""500""} | {""choice"": """,25.80,0
img_0072,241,4300,1,9,"{""choice"": ""500""} | {""choice"": ""500""} | {""choice"": ""100""} | {""choice"": ""1000""} | {""choice"": ""1000""} | {""choice"": ""100""} | {""choice"": ""500""} | {""choice",24.37,0
img_0080,347,2200,1,9,"{""choice"": 0} | {""choice"": ""500""} | {""choice"": ""500""} | {""choice"": 0} | {""choice"": ""500""} | {""choice"": ""100""} | {""choice"": 0} | {""choice"": ""500""} | {""",20.30,0
img_0069,547,2320,1,9,"{""choice"": ""10""} | {""choice"": ""100""} | {""choice"": ""50""} | {""choice"": ""1000""} | {""choice"": ""500""} | {""choice"": ""50""} | {""choice"": ""100""} | {""choice"": """,25.74,0
img_0071,1236,6000,1,9,"{""choice"": ""500""} | {""choice"": ""1000""} | {""choice"": ""500""} | {""choice"": ""500""} | {""choice"": ""1000""} | {""choice"": ""500""} | {""choice"": ""500""} | {""choice",25.59,0
img_0081,121,2500,1,9,"{""choice"": ""500""} | {""choice"": ""100""} | {""choice"": ""100""} | {""choice"": ""500""} | {""choice"": ""500""} | {""choice"": ""100""} | {""choice"": ""500""} | {""choice"":",21.89,0
img_0084,322,4500,1,9,"{""choice"": ""500""} | {""choice"": ""500""} | {""choice"": ""500""} | {""choice"": ""500""} | {""choice"": ""500""} | {""choice"": ""500""} | {""choice"": ""500""} | {""choice"":",20.57,0
img_0076,489,3000,1,9,"{""choice"": 0} | {""choice"": ""500""} | {""choice"": ""500""} | {""choice"": 0} | {""choice"": ""500""} | {""choice"": ""500""} | {""choice"": 0} | {""choice"": ""500""} | {""",24.39,0
img_0073,481,4110,1,9,"{""choice"": 500} | {""choice"": ""500""} | {""choice"": ""50""} | {""choice"": ""1000""} | {""choice"": ""1000""} | {""choice"": ""50""} | {""choice"": ""500""} | {""choice"": """,25.56,0
img_0082,337,3250,1,9,"{""choice"": ""0""} | {""choice"": ""1000""} | {""choice"": ""1000""} | {""choice"": ""50""} | {""choice"": ""500""} | {""choice"": ""500""} | {""choice"": 0} | {""choice"": ""100",22.11,0
img_0074,704,4200,1,9,"{""choice"": ""500""} | {""choice"": ""500""} | {""choice"": ""100""} | {""choice"": ""1000""} | {""choice"": ""500""} | {""choice"": ""100""} | {""choice"": ""500""} | {""choice""",25.95,0
img_0075,253,2000,1,9,"{""choice"": ""500""} | {""choice"": ""100""} | {""choice"": ""100""} | {""choice"": ""500""} | {""choice"": ""500""} | {""choice"": 100} | {""choice"": ""100""} | {""choice"": """,25.73,0
img_0077,203,2100,1,9,"{""choice"": ""100""} | {""choice"": ""500""} | {""choice"": ""100""} | {""choice"": ""100""} | {""choice"": ""500""} | {""choice"": ""100""} | {""choice"": ""100""} | {""choice"":",25.05,0
img_0092,645,3060,1,9,"{""choice"": ""500""} | {""choice"": ""500""} | {""choice"": ""500""} | {""choice"": ""500""} | {""choice"": ""500""} | {""choice"": ""500""} | {""choice"": ""10""} | {""choice"": ",19.87,0
img_0078,1116,3260,1,9,"{""choice"": 50} | {""choice"": ""1000""} | {""choice"": ""50""} | {""choice"": ""500""} | {""choice"": ""1000""} | {""choice"": ""50""} | {""choice"": ""10""} | {""choice"": ""50",25.11,0
img_0079,1974,4530,1,9,"{""choice"": ""1000""} | {""choice"": ""500""} | {""choice"": ""10""} | {""choice"": ""1000""} | {""choice"": ""1000""} | {""choice"": ""10""} | {""choice"": ""500""} | {""choice""",24.63,0
img_0083,693,1800,1,9,"{""choice"": 0} | {""choice"": ""500""} | {""choice"": ""100""} | {""choice"": 0} | {""choice"": ""500""} | {""choice"": ""100""} | {""choice"": 0} | {""choice"": ""500""} | {""",24.88,0
img_0093,1929,4500,1,9,"{""choice"": 1000} | {""choice"": 0} | {""choice"": 0} | {""choice"": ""1000""} | {""choice"": ""500""} | {""choice"": 0} | {""choice"": ""1000""} | {""choice"": ""500""} | {",21.28,0
img_0085,283,2900,1,9,"{""choice"": ""500""} | {""choice"": ""500""} | {""choice"": ""100""} | {""choice"": ""500""} | {""choice"": ""500""} | {""choice"": ""100""} | {""choice"": ""100""} | {""choice"":",24.15,0
img_0091,636,3200,1,9,"{""choice"": ""500""} | {""choice"": ""500""} | {""choice"": ""100""} | {""choice"": ""500""} | {""choice"": ""500""} | {""choice"": ""50""} | {""choice"": ""500""} | {""choice"": ",22.66,0
img_0086,176,720,1,9,"{""choice"": ""100""} | {""choice"": ""100""} | {""choice"": ""10""} | {""choice"": ""100""} | {""choice"": ""100""} | {""choice"": ""100""} | {""choice"": ""100""} | {""choice"": ",24.62,0
img_0096,107,400,1,9,"{""choice"": ""100""} | {""choice"": ""10""} | {""choice"": ""10""} | {""choice"": ""100""} | {""choice"": ""50""} | {""choice"": ""10""} | {""choice"": ""100""} | {""choice"": ""10",22.42,0
img_0087,626,3300,1,9,"{""choice"": ""500""} | {""choice"": ""500""} | {""choice"": ""100""} | {""choice"": ""500""} | {""choice"": ""500""} | {""choice"": ""100""} | {""choice"": ""500""} | {""choice"":",25.10,0
img_0088,197,3610,1,9,"{""choice"": ""10""} | {""choice"": ""500""} | {""choice"": ""500""} | {""choice"": ""100""} | {""choice"": ""500""} | {""choice"": ""500""} | {""choice"": ""500""} | {""choice"": ",25.30,0
img_0089,1557,6550,1,9,"{""choice"": ""500""} | {""choice"": ""1000""} | {""choice"": ""500""} | {""choice"": ""1000""} | {""choice"": ""1000""} | {""choice"": ""500""} | {""choice"": ""1000""} | {""choi",25.14,0
img_0094,146,850,1,9,"{""choice"": ""100""} | {""choice"": ""100""} | {""choice"": ""50""} | {""choice"": ""100""} | {""choice"": ""100""} | {""choice"": ""100""} | {""choice"": ""100""} | {""choice"": ",24.19,0
img_0090,792,4200,1,9,"{""choice"": ""100""} | {""choice"": ""500""} | {""choice"": ""500""} | {""choice"": ""500""} | {""choice"": ""1000""} | {""choice"": ""500""} | {""choice"": ""100""} | {""choice""",25.15,0
img_0095,370,1810,1,9,"{""choice"": 0} | {""choice"": ""500""} | {""choice"": ""50""} | {""choice"": ""100""} | {""choice"": ""500""} | {""choice"": ""50""} | {""choice"": ""100""} | {""choice"": ""500""",23.97,0
img_0097,431,3020,1,9,"{""choice"": 500} | {""choice"": 500} | {""choice"": 500} | {""choice"": ""500""} | {""choice"": ""500""} | {""choice"": ""500""} | {""choice"": 10} | {""choice"": 0} | {""c",22.85,0
img_0099,304,2400,1,9,"{""choice"": ""50""} | {""choice"": ""500""} | {""choice"": ""100""} | {""choice"": ""100""} | {""choice"": ""500""} | {""choice"": ""100""} | {""choice"": ""500""} | {""choice"": ",19.49,0
img_0100,232,1430,1,9,"{""choice"": ""500""} | {""choice"": ""100""} | {""choice"": ""10""} | {""choice"": ""500""} | {""choice"": ""100""} | {""choice"": ""10""} | {""choice"": ""100""} | {""choice"": """,18.86,0
img_0101,175,1860,1,9,"{""choice"": 0} | {""choice"": ""500""} | {""choice"": ""100""} | {""choice"": ""50""} | {""choice"": ""500""} | {""choice"": ""100""} | {""choice"": ""10""} | {""choice"": ""500""",19.21,0
img_0102,264,3120,1,9,"{""choice"": ""500""} | {""choice"": ""500""} | {""choice"": ""10""} | {""choice"": ""500""} | {""choice"": ""500""} | {""choice"": ""10""} | {""choice"": ""500""} | {""choice"": """,18.56,0
img_0098,249,4100,1,9,"{""choice"": ""100""} | {""choice"": ""500""} | {""choice"": ""500""} | {""choice"": ""500""} | {""choice"": ""500""} | {""choice"": ""500""} | {""choice"": ""500""} | {""choice"":",22.85,0
img_0103,505,4500,1,9,"{""choice"": ""500""} | {""choice"": ""500""} | {""choice"": ""500""} | {""choice"": ""500""} | {""choice"": ""500""} | {""choice"": ""500""} | {""choice"": ""500""} | {""choice"":",20.38,0
img_0106,1443,7500,1,9,"{""choice"": ""1000""} | {""choice"": ""1000""} | {""choice"": ""500""} | {""choice"": ""1000""} | {""choice"": ""1000""} | {""choice"": ""500""} | {""choice"": ""1000""} | {""cho",18.99,0
img_0110,460,3300,1,9,"{""choice"": ""500""} | {""choice"": ""100""} | {""choice"": ""100""} | {""choice"": ""500""} | {""choice"": ""500""} | {""choice"": ""100""} | {""choice"": ""500""} | {""choice"":",18.74,0
img_0111,157,1800,1,9,"{""choice"": 0} | {""choice"": ""100""} | {""choice"": ""100""} | {""choice"": 0} | {""choice"": ""500""} | {""choice"": ""100""} | {""choice"": 0} | {""choice"": ""500""} | {""",18.75,0
img_0104,1387,5800,1,9,"{""choice"": ""500""} | {""choice"": ""1000""} | {""choice"": ""100""} | {""choice"": ""1000""} | {""choice"": ""1000""} | {""choice"": ""100""} | {""choice"": ""1000""} | {""choi",21.02,0
img_0115,291,3150,1,9,"{""choice"": ""500""} | {""choice"": ""500""} | {""choice"": ""50""} | {""choice"": ""500""} | {""choice"": ""500""} | {""choice"": ""50""} | {""choice"": ""500""} | {""choice"": """,18.76,0
img_0109,441,1210,1,9,"{""choice"": 0} | {""choice"": ""500""} | {""choice"": ""50""} | {""choice"": 0} | {""choice"": ""500""} | {""choice"": ""50""} | {""choice"": 0} | {""choice"": ""100""} | {""ch",20.78,0
img_0105,166,2410,1,9,"{""choice"": ""100""} | {""choice"": ""100""} | {""choice"": ""10""} | {""choice"": ""500""} | {""choice"": ""500""} | {""choice"": ""100""} | {""choice"": ""500""} | {""choice"": ",21.66,0
img_0119,723,3600,1,9,"{""choice"": 0} | {""choice"": ""500""} | {""choice"": ""500""} | {""choice"": 0} | {""choice"": ""1000""} | {""choice"": ""500""} | {""choice"": 0} | {""choice"": ""1000""} | ",18.31,0
img_0108,188,2200,1,9,"{""choice"": 0} | {""choice"": ""500""} | {""choice"": ""500""} | {""choice"": 0} | {""choice"": ""500""} | {""choice"": ""500""} | {""choice"": 0} | {""choice"": ""100""} | {""",22.58,0
img_0107,335,2450,1,9,"{""choice"": ""500""} | {""choice"": ""100""} | {""choice"": ""50""} | {""choice"": ""500""} | {""choice"": ""100""} | {""choice"": ""100""} | {""choice"": ""500""} | {""choice"": ",22.84,0
img_0112,1166,5500,1,9,"{""choice"": 0} | {""choice"": ""1000""} | {""choice"": ""1000""} | {""choice"": 0} | {""choice"": ""1000""} | {""choice"": ""1000""} | {""choice"": 0} | {""choice"": ""1000""}",22.10,0
img_0113,1278,4600,1,9,"{""choice"": ""100""} | {""choice"": ""1000""} | {""choice"": ""500""} | {""choice"": 0} | {""choice"": ""1000""} | {""choice"": ""500""} | {""choice"": 0} | {""choice"": ""1000",22.08,0
img_0120,763,4200,1,9,"{""choice"": ""500""} | {""choice"": ""500""} | {""choice"": ""100""} | {""choice"": ""500""} | {""choice"": ""1000""} | {""choice"": ""500""} | {""choice"": ""500""} | {""choice""",18.74,0
img_0116,760,7000,1,9,"{""choice"": ""1000""} | {""choice"": ""1000""} | {""choice"": ""500""} | {""choice"": ""1000""} | {""choice"": ""1000""} | {""choice"": ""500""} | {""choice"": ""500""} | {""choi",21.91,0
img_0121,150,2270,1,9,"{""choice"": ""50""} | {""choice"": ""500""} | {""choice"": ""100""} | {""choice"": ""100""} | {""choice"": ""500""} | {""choice"": ""10""} | {""choice"": ""500""} | {""choice"": """,19.21,0
img_0114,800,4200,1,9,"{""choice"": ""500""} | {""choice"": ""500""} | {""choice"": ""100""} | {""choice"": ""500""} | {""choice"": ""500""} | {""choice"": ""500""} | {""choice"": ""1000""} | {""choice""",23.04,0
img_0128,811,3600,1,9,"{""choice"": 0} | {""choice"": ""1000""} | {""choice"": ""500""} | {""choice"": ""100""} | {""choice"": ""500""} | {""choice"": ""500""} | {""choice"": ""0""} | {""choice"": ""500",17.83,0
img_0117,737,4500,1,9,"{""choice"": ""500""} | {""choice"": ""500""} | {""choice"": ""500""} | {""choice"": ""500""} | {""choice"": ""500""} | {""choice"": ""500""} | {""choice"": ""500""} | {""choice"":",23.06,0
img_0118,964,5000,1,9,"{""choice"": ""500""} | {""choice"": ""1000""} | {""choice"": ""500""} | {""choice"": ""500""} | {""choice"": ""500""} | {""choice"": ""500""} | {""choice"": ""500""} | {""choice""",23.00,0
img_0122,499,5000,1,9,"{""choice"": ""500""} | {""choice"": ""500""} | {""choice"": ""500""} | {""choice"": ""500""} | {""choice"": ""1000""} | {""choice"": ""500""} | {""choice"": ""500""} | {""choice""",20.92,0
img_0124,757,3110,1,9,"{""choice"": ""500""} | {""choice"": ""1000""} | {""choice"": 50} | {""choice"": 0} | {""choice"": ""1000""} | {""choice"": ""10""} | {""choice"": 0} | {""choice"": ""500""} | ",21.40,0
img_0126,305,1750,1,9,"{""choice"": 0} | {""choice"": ""500""} | {""choice"": ""100""} | {""choice"": 0} | {""choice"": ""500""} | {""choice"": ""50""} | {""choice"": 0} | {""choice"": ""500""} | {""c",22.30,0
img_0123,485,2900,1,9,"{""choice"": ""500""} | {""choice"": ""100""} | {""choice"": ""100""} | {""choice"": ""500""} | {""choice"": ""500""} | {""choice"": ""100""} | {""choice"": ""100""} | {""choice"":",23.17,0
img_0125,1256,5100,1,9,"{""choice"": ""1000""} | {""choice"": ""500""} | {""choice"": ""500""} | {""choice"": ""1000""} | {""choice"": ""500""} | {""choice"": ""500""} | {""choice"": ""500""} | {""choice",23.34,0
img_0127,408,4500,1,9,"{""choice"": ""500""} | {""choice"": ""500""} | {""choice"": ""500""} | {""choice"": ""500""} | {""choice"": ""500""} | {""choice"": ""500""} | {""choice"": ""500""} | {""choice"":",23.35,0
img_0134,152,1700,1,9,"{""choice"": ""100""} | {""choice"": ""100""} | {""choice"": ""100""} | {""choice"": ""100""} | {""choice"": ""500""} | {""choice"": ""100""} | {""choice"": ""100""} | {""choice"":",20.47,0
img_0130,456,4400,1,9,"{""choice"": ""1000""} | {""choice"": ""1000""} | {""choice"": ""100""} | {""choice"": ""1000""} | {""choice"": ""1000""} | {""choice"": ""100""} | {""choice"": ""50""} | {""choic",25.57,0
img_0131,475,3210,1,9,"{""choice"": 0} | {""choice"": ""1000""} | {""choice"": 50} | {""choice"": 100} | {""choice"": ""1000""} | {""choice"": ""10""} | {""choice"": 0} | {""choice"": ""1000""} | {",25.12,0
img_0129,311,2310,1,9,"{""choice"": ""500""} | {""choice"": ""500""} | {""choice"": ""10""} | {""choice"": ""100""} | {""choice"": ""500""} | {""choice"": ""50""} | {""choice"": ""100""} | {""choice"": """,26.48,0
img_0132,294,1910,1,9,"{""choice"": ""500""} | {""choice"": ""500""} | {""choice"": ""50""} | {""choice"": ""500""} | {""choice"": ""100""} | {""choice"": ""10""} | {""choice"": ""100""} | {""choice"": """,26.30,0
img_0133,944,6070,1,9,"{""choice"": ""1000""} | {""choice"": ""1000""} | {""choice"": ""10""} | {""choice"": ""1000""} | {""choice"": ""1000""} | {""choice"": ""10""} | {""choice"": ""1000""} | {""choic",25.85,0
img_0143,810,4500,1,9,"{""choice"": ""500""} | {""choice"": ""500""} | {""choice"": ""500""} | {""choice"": ""500""} | {""choice"": ""500""} | {""choice"": ""500""} | {""choice"": ""500""} | {""choice"":",23.39,0
img_0135,314,2310,1,9,"{""choice"": 10} | {""choice"": ""1000""} | {""choice"": ""100""} | {""choice"": 0} | {""choice"": ""500""} | {""choice"": ""100""} | {""choice"": 0} | {""choice"": ""500""} | ",26.97,0
img_0137,751,3600,1,9,"{""choice"": 0} | {""choice"": ""1000""} | {""choice"": ""500""} | {""choice"": 0} | {""choice"": ""1000""} | {""choice"": ""500""} | {""choice"": 0} | {""choice"": ""500""} | ",27.69,0
img_0136,652,4500,1,9,"{""choice"": ""500""} | {""choice"": ""500""} | {""choice"": ""500""} | {""choice"": ""500""} | {""choice"": ""500""} | {""choice"": ""500""} | {""choice"": ""500""} | {""choice"":",28.60,0
img_0139,428,2710,1,9,"{""choice"": ""500""} | {""choice"": ""100""} | {""choice"": ""50""} | {""choice"": ""500""} | {""choice"": ""500""} | {""choice"": ""50""} | {""choice"": ""500""} | {""choice"": """,27.95,0
img_0141,171,1600,1,9,"{""choice"": ""500""} | {""choice"": ""500""} | {""choice"": ""50""} | {""choice"": ""100""} | {""choice"": ""100""} | {""choice"": ""100""} | {""choice"": ""50""} | {""choice"": """,26.95,0
img_0138,632,4500,1,9,"{""choice"": ""500""} | {""choice"": ""500""} | {""choice"": ""500""} | {""choice"": ""500""} | {""choice"": ""500""} | {""choice"": ""500""} | {""choice"": ""500""} | {""choice"":",28.79,0
img_0155,845,7000,1,9,"{""choice"": ""1000""} | {""choice"": ""1000""} | {""choice"": ""1000""} | {""choice"": ""1000""} | {""choice"": ""500""} | {""choice"": ""500""} | {""choice"": ""1000""} | {""cho",22.50,0
img_0140,398,1820,1,9,"{""choice"": ""100""} | {""choice"": ""500""} | {""choice"": ""10""} | {""choice"": ""100""} | {""choice"": ""500""} | {""choice"": ""10""} | {""choice"": ""50""} | {""choice"": ""5",28.99,0
img_0144,446,1750,1,9,"{""choice"": 0} | {""choice"": ""500""} | {""choice"": ""100""} | {""choice"": 0} | {""choice"": ""500""} | {""choice"": ""100""} | {""choice"": 0} | {""choice"": ""500""} | {""",27.23,0
img_0142,353,4100,1,9,"{""choice"": ""500""} | {""choice"": ""500""} | {""choice"": ""100""} | {""choice"": ""500""} | {""choice"": ""500""} | {""choice"": ""500""} | {""choice"": ""500""} | {""choice"":",29.46,0
img_0145,161,810,1,9,"{""choice"": ""100""} | {""choice"": ""100""} | {""choice"": ""100""} | {""choice"": ""100""} | {""choice"": ""100""} | {""choice"": ""100""} | {""choice"": ""100""} | {""choice"":",28.51,0
img_0150,396,2400,1,9,"{""choice"": ""500""} | {""choice"": ""500""} | {""choice"": ""50""} | {""choice"": ""100""} | {""choice"": ""500""} | {""choice"": ""100""} | {""choice"": ""100""} | {""choice"": ",26.95,0
img_0147,135,440,1,9,"{""choice"": ""100""} | {""choice"": ""50""} | {""choice"": 10} | {""choice"": ""100""} | {""choice"": ""50""} | {""choice"": 10} | {""choice"": ""100""} | {""choice"": ""10""} |",28.16,0
img_0148,819,2750,1,9,"{""choice"": 0} | {""choice"": ""500""} | {""choice"": ""50""} | {""choice"": 0} | {""choice"": ""1000""} | {""choice"": ""100""} | {""choice"": 0} | {""choice"": ""1000""} | {",28.55,0
img_0146,387,2630,1,9,"{""choice"": ""500""} | {""choice"": ""100""} | {""choice"": ""10""} | {""choice"": ""500""} | {""choice"": ""500""} | {""choice"": ""10""} | {""choice"": ""500""} | {""choice"": """,29.04,0
img_0149,390,1900,1,9,"{""choice"": ""100""} | {""choice"": ""500""} | {""choice"": ""100""} | {""choice"": 0} | {""choice"": ""500""} | {""choice"": ""100""} | {""choice"": 0} | {""choice"": ""500""} ",28.52,0
img_0151,648,2700,1,9,"{""choice"": 0} | {""choice"": ""1000""} | {""choice"": ""500""} | {""choice"": 0} | {""choice"": ""500""} | {""choice"": ""100""} | {""choice"": 0} | {""choice"": ""500""} | {",28.77,0
img_0152,901,3250,1,9,"{""choice"": ""500""} | {""choice"": ""500""} | {""choice"": ""100""} | {""choice"": ""500""} | {""choice"": ""500""} | {""choice"": ""50""} | {""choice"": ""500""} | {""choice"": ",29.42,0
img_0153,641,3300,1,9,"{""choice"": 0} | {""choice"": ""1000""} | {""choice"": ""100""} | {""choice"": 0} | {""choice"": ""1000""} | {""choice"": ""100""} | {""choice"": 0} | {""choice"": ""1000""} |",28.74,0
img_0154,354,2700,1,9,"{""choice"": 0} | {""choice"": ""500""} | {""choice"": ""500""} | {""choice"": 0} | {""choice"": ""1000""} | {""choice"": ""100""} | {""choice"": 0} | {""choice"": ""500""} | {",28.85,0
img_0156,2075,5600,1,9,"{""choice"": ""500""} | {""choice"": ""1000""} | {""choice"": ""500""} | {""choice"": ""500""} | {""choice"": ""1000""} | {""choice"": ""500""} | {""choice"": ""100""} | {""choice",29.68,0
img_0158,247,1430,1,9,"{""choice"": ""100""} | {""choice"": ""100""} | {""choice"": ""10""} | {""choice"": ""500""} | {""choice"": ""500""} | {""choice"": ""10""} | {""choice"": ""100""} | {""choice"": """,29.98,0
img_0157,471,3700,1,9,"{""choice"": ""500""} | {""choice"": ""500""} | {""choice"": ""500""} | {""choice"": ""500""} | {""choice"": ""500""} | {""choice"": ""100""} | {""choice"": ""500""} | {""choice"":",30.40,0
img_0159,469,2900,1,9,"{""choice"": ""500""} | {""choice"": ""500""} | {""choice"": ""50""} | {""choice"": ""1000""} | {""choice"": ""500""} | {""choice"": ""100""} | {""choice"": ""50""} | {""choice"": ",29.98,0
img_0160,1063,3800,1,9,"{""choice"": ""500""} | {""choice"": ""1000""} | {""choice"": ""100""} | {""choice"": ""500""} | {""choice"": ""1000""} | {""choice"": ""100""} | {""choice"": ""0""} | {""choice"":",29.75,0
img_0161,313,1070,1,9,"{""choice"": ""100""} | {""choice"": ""500""} | {""choice"": ""50""} | {""choice"": ""100""} | {""choice"": ""100""} | {""choice"": ""10""} | {""choice"": ""100""} | {""choice"": """,29.57,0
img_0162,279,1400,1,9,"{""choice"": 0} | {""choice"": ""100""} | {""choice"": ""100""} | {""choice"": 0} | {""choice"": ""500""} | {""choice"": ""100""} | {""choice"": 0} | {""choice"": ""500""} | {""",29.16,0
img_0163,372,1800,1,9,"{""choice"": 0} | {""choice"": ""500""} | {""choice"": ""100""} | {""choice"": 0} | {""choice"": ""500""} | {""choice"": ""100""} | {""choice"": 0} | {""choice"": ""500""} | {""",28.72,0
img_0164,1586,7000,1,9,"{""choice"": ""1000""} | {""choice"": ""1000""} | {""choice"": ""500""} | {""choice"": ""1000""} | {""choice"": ""1000""} | {""choice"": ""500""} | {""choice"": ""1000""} | {""cho",29.60,0
img_0165,198,2400,1,9,"{""choice"": ""100""} | {""choice"": ""500""} | {""choice"": ""500""} | {""choice"": ""50""} | {""choice"": ""100""} | {""choice"": ""500""} | {""choice"": ""50""} | {""choice"": """,29.36,0
img_0166,2315,7000,1,9,"{""choice"": ""1000""} | {""choice"": ""1000""} | {""choice"": ""500""} | {""choice"": ""1000""} | {""choice"": ""1000""} | {""choice"": ""500""} | {""choice"": ""1000""} | {""cho",29.78,0
img_0170,148,800,1,9,"{""choice"": ""100""} | {""choice"": ""100""} | {""choice"": ""50""} | {""choice"": ""100""} | {""choice"": ""100""} | {""choice"": ""50""} | {""choice"": ""100""} | {""choice"": """,25.03,0
img_0175,117,460,1,9,"{""choice"": 0} | {""choice"": ""50""} | {""choice"": ""50""} | {""choice"": 0} | {""choice"": ""100""} | {""choice"": ""50""} | {""choice"": ""10""} | {""choice"": ""100""} | {""",23.25,0
img_0177,272,2810,1,9,"{""choice"": ""500""} | {""choice"": ""500""} | {""choice"": ""100""} | {""choice"": ""100""} | {""choice"": ""500""} | {""choice"": ""10""} | {""choice"": ""500""} | {""choice"": ",22.58,0
img_0168,138,1460,1,9,"{""choice"": ""100""} | {""choice"": ""100""} | {""choice"": ""50""} | {""choice"": ""500""} | {""choice"": ""100""} | {""choice"": ""10""} | {""choice"": ""500""} | {""choice"": """,28.65,0
img_0167,4195,7000,1,9,"{""choice"": ""500""} | {""choice"": ""1000""} | {""choice"": ""500""} | {""choice"": ""1000""} | {""choice"": ""1000""} | {""choice"": ""500""} | {""choice"": ""1000""} | {""choi",29.09,0
img_0169,174,1710,1,9,"{""choice"": 0} | {""choice"": ""500""} | {""choice"": ""100""} | {""choice"": 0} | {""choice"": ""500""} | {""choice"": ""100""} | {""choice"": 0} | {""choice"": ""500""} | {""",28.00,0
img_0174,259,2410,1,9,"{""choice"": ""10""} | {""choice"": ""500""} | {""choice"": ""100""} | {""choice"": ""100""} | {""choice"": ""500""} | {""choice"": ""100""} | {""choice"": ""500""} | {""choice"": ",25.76,0
img_0172,110,1400,1,9,"{""choice"": 0} | {""choice"": ""100""} | {""choice"": ""100""} | {""choice"": 0} | {""choice"": ""500""} | {""choice"": ""500""} | {""choice"": 0} | {""choice"": ""100""} | {""",28.50,0
img_0171,608,5200,1,9,"{""choice"": ""500""} | {""choice"": ""1000""} | {""choice"": ""100""} | {""choice"": ""500""} | {""choice"": ""1000""} | {""choice"": ""100""} | {""choice"": ""500""} | {""choice",29.29,0
img_0176,326,2150,1,9,"{""choice"": 0} | {""choice"": ""500""} | {""choice"": ""50""} | {""choice"": 0} | {""choice"": ""500""} | {""choice"": ""50""} | {""choice"": 0} | {""choice"": ""1000""} | {""c",27.32,0
img_0173,883,3120,1,9,"{""choice"": 10} | {""choice"": ""500""} | {""choice"": ""500""} | {""choice"": 10} | {""choice"": ""500""} | {""choice"": ""500""} | {""choice"": ""100""} | {""choice"": ""500""",29.17,0
img_0180,1315,5200,1,9,"{""choice"": ""1000""} | {""choice"": ""1000""} | {""choice"": ""100""} | {""choice"": ""500""} | {""choice"": ""1000""} | {""choice"": ""500""} | {""choice"": ""100""} | {""choic",26.84,0
img_0178,400,3100,1,9,"{""choice"": 0} | {""choice"": ""500""} | {""choice"": ""100""} | {""choice"": 0} | {""choice"": ""1000""} | {""choice"": ""500""} | {""choice"": 0} | {""choice"": ""500""} | {",26.89,0
img_0179,2021,6000,1,9,"{""choice"": 0} | {""choice"": ""1000""} | {""choice"": ""1000""} | {""choice"": 0} | {""choice"": ""1000""} | {""choice"": ""1000""} | {""choice"": 0} | {""choice"": ""1000""}",27.35,0
img_0181,466,2040,1,9,"{""choice"": ""10""} | {""choice"": ""10""} | {""choice"": ""10""} | {""choice"": ""10""} | {""choice"": ""500""} | {""choice"": ""500""} | {""choice"": 0} | {""choice"": ""500""} ",27.73,0
img_0182,269,1290,1,9,"{""choice"": ""500""} | {""choice"": ""100""} | {""choice"": ""10""} | {""choice"": ""500""} | {""choice"": ""50""} | {""choice"": ""10""} | {""choice"": ""100""} | {""choice"": ""1",27.97,0
img_0183,1758,4530,1,9,"{""choice"": ""1000""} | {""choice"": ""500""} | {""choice"": ""10""} | {""choice"": ""1000""} | {""choice"": ""500""} | {""choice"": ""10""} | {""choice"": ""1000""} | {""choice""",27.78,0
img_0184,2166,6100,1,9,"{""choice"": ""1000""} | {""choice"": ""1000""} | {""choice"": ""500""} | {""choice"": ""1000""} | {""choice"": ""1000""} | {""choice"": ""500""} | {""choice"": ""500""} | {""choi",27.78,0
img_0191,532,3270,1,9,"{""choice"": ""1000""} | {""choice"": ""500""} | {""choice"": ""50""} | {""choice"": ""1000""} | {""choice"": ""100""} | {""choice"": ""10""} | {""choice"": ""500""} | {""choice"":",22.15,0
img_0185,507,2300,1,9,"{""choice"": 0} | {""choice"": ""500""} | {""choice"": ""100""} | {""choice"": 0} | {""choice"": ""500""} | {""choice"": ""100""} | {""choice"": 0} | {""choice"": ""1000""} | {",27.56,0
img_0186,158,3070,1,9,"{""choice"": ""500""} | {""choice"": ""500""} | {""choice"": ""50""} | {""choice"": ""500""} | {""choice"": ""500""} | {""choice"": ""10""} | {""choice"": ""500""} | {""choice"": """,26.92,0
img_0187,403,2000,1,9,"{""choice"": 0} | {""choice"": 0} | {""choice"": ""500""} | {""choice"": 0} | {""choice"": ""0""} | {""choice"": ""1000""} | {""choice"": 0} | {""choice"": ""0""} | {""choice""",27.05,0
img_0188,275,2100,1,9,"{""choice"": ""500""} | {""choice"": ""100""} | {""choice"": ""100""} | {""choice"": ""500""} | {""choice"": ""100""} | {""choice"": ""100""} | {""choice"": ""500""} | {""choice"":",25.56,0
img_0189,122,640,1,9,"{""choice"": 0} | {""choice"": 0} | {""choice"": ""10""} | {""choice"": ""10""} | {""choice"": ""50""} | {""choice"": ""10""} | {""choice"": ""500""} | {""choice"": ""50""} | {""c",24.67,0
img_0190,732,2500,1,9,"{""choice"": ""100""} | {""choice"": ""500""} | {""choice"": ""500""} | {""choice"": ""100""} | {""choice"": ""100""} | {""choice"": ""500""} | {""choice"": ""100""} | {""choice"":",26.66,0
img_0192,195,750,1,9,"{""choice"": ""100""} | {""choice"": ""100""} | {""choice"": ""50""} | {""choice"": ""100""} | {""choice"": ""100""} | {""choice"": ""50""} | {""choice"": ""100""} | {""choice"": """,26.00,0
img_0195,211,2850,1,9,"{""choice"": ""500""} | {""choice"": ""500""} | {""choice"": ""100""} | {""choice"": ""500""} | {""choice"": ""500""} | {""choice"": ""100""} | {""choice"": ""100""} | {""choice"":",18.71,0
img_0194,159,1650,1,9,"{""choice"": ""100""} | {""choice"": ""500""} | {""choice"": ""100""} | {""choice"": ""100""} | {""choice"": ""500""} | {""choice"": ""100""} | {""choice"": ""50""} | {""choice"": ",20.25,0
img_0193,210,2900,1,9,"{""choice"": ""500""} | {""choice"": ""500""} | {""choice"": ""100""} | {""choice"": ""500""} | {""choice"": ""500""} | {""choice"": ""100""} | {""choice"": ""500""} | {""choice"":",22.98,0
img_0202,864,5500,1,9,"{""choice"": ""500""} | {""choice"": ""500""} | {""choice"": ""500""} | {""choice"": ""500""} | {""choice"": ""1000""} | {""choice"": ""500""} | {""choice"": ""500""} | {""choice""",18.24,0
img_0201,719,3610,1,9,"{""choice"": ""500""} | {""choice"": ""500""} | {""choice"": ""10""} | {""choice"": ""1000""} | {""choice"": ""500""} | {""choice"": ""50""} | {""choice"": ""500""} | {""choice"": ",21.48,0
img_0196,287,1800,1,9,"{""choice"": 0} | {""choice"": ""500""} | {""choice"": ""100""} | {""choice"": 0} | {""choice"": ""500""} | {""choice"": ""100""} | {""choice"": 0} | {""choice"": ""500""} | {""",24.69,0
img_0204,522,2710,1,9,"{""choice"": 0} | {""choice"": ""500""} | {""choice"": ""100""} | {""choice"": 0} | {""choice"": ""1000""} | {""choice"": ""100""} | {""choice"": 0} | {""choice"": ""1000""} | ",20.68,0
img_0197,165,3030,1,9,"{""choice"": ""500""} | {""choice"": ""500""} | {""choice"": ""10""} | {""choice"": ""500""} | {""choice"": ""500""} | {""choice"": ""10""} | {""choice"": ""500""} | {""choice"": """,23.91,0
img_0209,143,2400,1,9,"{""choice"": ""500""} | {""choice"": ""500""} | {""choice"": ""100""} | {""choice"": ""100""} | {""choice"": ""500""} | {""choice"": ""100""} | {""choice"": ""0""} | {""choice"": """,18.57,0
img_0205,778,3600,1,9,"{""choice"": 0} | {""choice"": ""1000""} | {""choice"": ""100""} | {""choice"": ""0""} | {""choice"": ""1000""} | {""choice"": ""500""} | {""choice"": 0} | {""choice"": ""500""} ",21.98,0
img_0203,368,1810,1,9,"{""choice"": ""50""} | {""choice"": ""500""} | {""choice"": ""50""} | {""choice"": ""50""} | {""choice"": ""500""} | {""choice"": ""100""} | {""choice"": 50} | {""choice"": ""500""",22.46,0
img_0199,263,2000,1,9,"{""choice"": ""100""} | {""choice"": ""500""} | {""choice"": ""500""} | {""choice"": ""50""} | {""choice"": ""500""} | {""choice"": ""100""} | {""choice"": ""100""} | {""choice"": ",24.88,0
img_0198,104,490,1,9,"{""choice"": ""10""} | {""choice"": ""50""} | {""choice"": ""10""} | {""choice"": ""100""} | {""choice"": ""100""} | {""choice"": ""10""} | {""choice"": ""100""} | {""choice"": ""10",25.63,0
img_0200,299,3250,1,9,"{""choice"": ""500""} | {""choice"": ""500""} | {""choice"": ""100""} | {""choice"": ""500""} | {""choice"": ""500""} | {""choice"": ""100""} | {""choice"": ""500""} | {""choice"":",25.38,0
img_0212,218,1950,1,9,"{""choice"": ""100""} | {""choice"": ""100""} | {""choice"": ""50""} | {""choice"": ""500""} | {""choice"": ""100""} | {""choice"": ""50""} | {""choice"": ""500""} | {""choice"": """,21.51,0
img_0206,2870,4500,1,9,"{""choice"": 0} | {""choice"": ""1000""} | {""choice"": ""500""} | {""choice"": 0} | {""choice"": ""1000""} | {""choice"": ""500""} | {""choice"": 0} | {""choice"": ""1000""} |",23.96,0
img_0215,1048,3800,1,9,"{""choice"": 100} | {""choice"": 500} | {""choice"": ""1000""} | {""choice"": ""0""} | {""choice"": ""0""} | {""choice"": ""1000""} | {""choice"": ""100""} | {""choice"": ""100""",21.16,0
img_0207,463,2350,1,9,"{""choice"": ""500""} | {""choice"": ""500""} | {""choice"": ""50""} | {""choice"": 0} | {""choice"": ""500""} | {""choice"": ""100""} | {""choice"": ""100""} | {""choice"": ""500",24.78,0
img_0219,535,3030,1,9,"{""choice"": ""500""} | {""choice"": ""500""} | {""choice"": ""10""} | {""choice"": ""500""} | {""choice"": ""500""} | {""choice"": ""10""} | {""choice"": ""500""} | {""choice"": """,20.23,0
img_0208,204,2100,1,9,"{""choice"": ""100""} | {""choice"": ""100""} | {""choice"": ""100""} | {""choice"": ""100""} | {""choice"": ""500""} | {""choice"": ""100""} | {""choice"": ""500""} | {""choice"":",25.47,0
img_0211,434,1910,1,9,"{""choice"": 0} | {""choice"": ""100""} | {""choice"": ""100""} | {""choice"": 100} | {""choice"": ""1000""} | {""choice"": ""100""} | {""choice"": 0} | {""choice"": ""500""} |",25.52,0
img_0210,421,4000,1,9,"{""choice"": 0} | {""choice"": ""1000""} | {""choice"": ""500""} | {""choice"": 0} | {""choice"": ""1000""} | {""choice"": ""500""} | {""choice"": 0} | {""choice"": ""500""} | ",26.16,0
img_0213,266,3800,1,9,"{""choice"": ""500""} | {""choice"": ""500""} | {""choice"": ""100""} | {""choice"": ""1000""} | {""choice"": ""500""} | {""choice"": ""100""} | {""choice"": ""500""} | {""choice""",26.00,0
img_0214,514,2670,1,9,"{""choice"": ""500""} | {""choice"": ""500""} | {""choice"": ""100""} | {""choice"": ""500""} | {""choice"": ""500""} | {""choice"": ""10""} | {""choice"": ""50""} | {""choice"": """,25.95,0
img_0218,712,3800,1,9,"{""choice"": ""500""} | {""choice"": ""1000""} | {""choice"": ""50""} | {""choice"": ""500""} | {""choice"": ""1000""} | {""choice"": ""50""} | {""choice"": ""100""} | {""choice"":",25.04,0
img_0220,2746,6200,1,9,"{""choice"": ""500""} | {""choice"": ""1000""} | {""choice"": ""100""} | {""choice"": ""1000""} | {""choice"": ""1000""} | {""choice"": ""500""} | {""choice"": ""1000""} | {""choi",25.32,0
img_0216,593,3900,1,9,"{""choice"": ""500""} | {""choice"": ""1000""} | {""choice"": ""100""} | {""choice"": ""500""} | {""choice"": ""1000""} | {""choice"": ""100""} | {""choice"": ""100""} | {""choice",26.48,0
img_0217,1775,3330,1,9,"{""choice"": ""1000""} | {""choice"": ""100""} | {""choice"": ""10""} | {""choice"": ""1000""} | {""choice"": ""100""} | {""choice"": ""10""} | {""choice"": ""1000""} | {""choice""",26.02,0
img_0221,1709,4200,1,9,"{""choice"": ""500""} | {""choice"": ""1000""} | {""choice"": ""500""} | {""choice"": ""500""} | {""choice"": ""500""} | {""choice"": ""100""} | {""choice"": ""500""} | {""choice""",25.75,0
img_0222,1890,5000,1,9,"{""choice"": ""500""} | {""choice"": ""500""} | {""choice"": ""500""} | {""choice"": ""1000""} | {""choice"": ""500""} | {""choice"": ""500""} | {""choice"": ""500""} | {""choice""",26.45,0
img_0224,379,3300,1,9,"{""choice"": ""500""} | {""choice"": ""500""} | {""choice"": ""100""} | {""choice"": ""500""} | {""choice"": ""500""} | {""choice"": ""100""} | {""choice"": ""500""} | {""choice"":",26.43,0
img_0223,1826,6610,1,9,"{""choice"": ""10""} | {""choice"": ""500""} | {""choice"": ""1000""} | {""choice"": ""100""} | {""choice"": ""1000""} | {""choice"": ""1000""} | {""choice"": ""1000""} | {""choic",26.93,0
img_0225,1191,4500,1,9,"{""choice"": ""500""} | {""choice"": ""500""} | {""choice"": ""500""} | {""choice"": ""500""} | {""choice"": ""500""} | {""choice"": ""500""} | {""choice"": ""500""} | {""choice"":",26.62,0
img_0226,1665,7500,1,9,"{""choice"": ""1000""} | {""choice"": ""1000""} | {""choice"": ""500""} | {""choice"": ""1000""} | {""choice"": ""1000""} | {""choice"": ""500""} | {""choice"": ""1000""} | {""cho",26.41,0
img_0235,125,570,1,9,"{""choice"": ""100""} | {""choice"": ""100""} | {""choice"": ""10""} | {""choice"": ""100""} | {""choice"": ""100""} | {""choice"": ""10""} | {""choice"": ""50""} | {""choice"": ""1",20.03,0
img_0227,612,3250,1,9,"{""choice"": ""500""} | {""choice"": ""500""} | {""choice"": ""50""} | {""choice"": ""500""} | {""choice"": ""500""} | {""choice"": ""100""} | {""choice"": ""500""} | {""choice"": ",26.42,0
img_0236,267,1670,1,9,"{""choice"": ""10""} | {""choice"": ""500""} | {""choice"": ""10""} | {""choice"": 0} | {""choice"": ""500""} | {""choice"": ""100""} | {""choice"": 0} | {""choice"": ""500""} | ",20.04,0
img_0234,244,630,1,9,"{""choice"": ""100""} | {""choice"": ""100""} | {""choice"": ""10""} | {""choice"": ""100""} | {""choice"": ""100""} | {""choice"": ""10""} | {""choice"": ""100""} | {""choice"": """,21.16,0
img_0228,172,2010,1,9,"{""choice"": ""500""} | {""choice"": ""100""} | {""choice"": ""100""} | {""choice"": ""500""} | {""choice"": ""100""} | {""choice"": ""100""} | {""choice"": ""500""} | {""choice"":",26.06,0
img_0238,170,2710,1,9,"{""choice"": ""500""} | {""choice"": ""500""} | {""choice"": ""50""} | {""choice"": ""500""} | {""choice"": ""500""} | {""choice"": ""50""} | {""choice"": ""500""} | {""choice"": """,21.21,0
img_0231,682,6700,1,9,"{""choice"": ""1000""} | {""choice"": ""1000""} | {""choice"": ""100""} | {""choice"": ""1000""} | {""choice"": ""1000""} | {""choice"": ""500""} | {""choice"": ""1000""} | {""cho",24.25,0
img_0239,306,2250,1,9,"{""choice"": ""500""} | {""choice"": ""500""} | {""choice"": ""50""} | {""choice"": ""50""} | {""choice"": ""500""} | {""choice"": ""50""} | {""choice"": 0} | {""choice"": ""500""}",19.61,0
img_0229,699,2800,1,9,"{""choice"": 0} | {""choice"": ""500""} | {""choice"": ""100""} | {""choice"": 0} | {""choice"": ""1000""} | {""choice"": ""100""} | {""choice"": 0} | {""choice"": ""1000""} | ",25.76,0
img_0242,238,1800,1,9,"{""choice"": 0} | {""choice"": ""500""} | {""choice"": ""100""} | {""choice"": 0} | {""choice"": ""500""} | {""choice"": ""100""} | {""choice"": 0} | {""choice"": ""500""} | {""",19.77,0
img_0243,289,2630,1,9,"{""choice"": ""500""} | {""choice"": ""500""} | {""choice"": ""10""} | {""choice"": ""500""} | {""choice"": ""500""} | {""choice"": ""10""} | {""choice"": ""500""} | {""choice"": """,19.37,0
img_0230,1454,6110,1,9,"{""choice"": ""100""} | {""choice"": ""500""} | {""choice"": ""1000""} | {""choice"": ""10""} | {""choice"": ""1000""} | {""choice"": ""1000""} | {""choice"": ""500""} | {""choice",26.39,0
img_0233,332,1800,1,9,"{""choice"": 0} | {""choice"": ""500""} | {""choice"": ""100""} | {""choice"": 0} | {""choice"": ""500""} | {""choice"": ""100""} | {""choice"": 0} | {""choice"": ""500""} | {""",26.00,0
img_0232,419,1750,1,9,"{""choice"": 0} | {""choice"": ""500""} | {""choice"": ""50""} | {""choice"": 0} | {""choice"": ""500""} | {""choice"": ""50""} | {""choice"": ""100""} | {""choice"": ""500""} | ",26.51,0
img_0237,178,1370,1,9,"{""choice"": ""50""} | {""choice"": ""50""} | {""choice"": ""10""} | {""choice"": ""100""} | {""choice"": ""100""} | {""choice"": ""10""} | {""choice"": ""500""} | {""choice"": ""50",24.67,0
img_0240,329,2410,1,9,"{""choice"": 100} | {""choice"": 100} | {""choice"": 0} | {""choice"": ""1000""} | {""choice"": ""500""} | {""choice"": ""100""} | {""choice"": ""500""} | {""choice"": ""100""}",26.03,0
img_0241,207,2600,1,9,"{""choice"": 0} | {""choice"": ""500""} | {""choice"": ""500""} | {""choice"": 0} | {""choice"": ""500""} | {""choice"": ""500""} | {""choice"": 0} | {""choice"": ""500""} | {""",25.04,0
img_0245,308,1820,1,9,"{""choice"": ""500""} | {""choice"": ""100""} | {""choice"": 50} | {""choice"": ""500""} | {""choice"": ""500""} | {""choice"": ""10""} | {""choice"": 50} | {""choice"": ""100""}",22.99,0
img_0252,340,1900,1,9,"{""choice"": ""100""} | {""choice"": ""500""} | {""choice"": ""100""} | {""choice"": ""0""} | {""choice"": ""500""} | {""choice"": ""100""} | {""choice"": ""0""} | {""choice"": ""50",19.98,0
img_0244,228,3300,1,9,"{""choice"": ""500""} | {""choice"": ""500""} | {""choice"": ""100""} | {""choice"": ""500""} | {""choice"": ""500""} | {""choice"": ""100""} | {""choice"": ""500""} | {""choice"":",25.67,0
img_0250,65,390,1,9,"{""choice"": ""10""} | {""choice"": ""100""} | {""choice"": ""10""} | {""choice"": ""50""} | {""choice"": ""100""} | {""choice"": ""10""} | {""choice"": ""50""} | {""choice"": ""50""",21.65,0
img_0246,1036,3220,1,9,"{""choice"": ""1000""} | {""choice"": ""50""} | {""choice"": 10} | {""choice"": ""1000""} | {""choice"": ""50""} | {""choice"": 50} | {""choice"": ""1000""} | {""choice"": ""10""",25.77,0
img_0247,214,1720,1,9,"{""choice"": ""10""} | {""choice"": ""500""} | {""choice"": 100} | {""choice"": ""10""} | {""choice"": ""500""} | {""choice"": ""50""} | {""choice"": 0} | {""choice"": ""500""} |",25.02,0
img_0248,205,3300,1,9,"{""choice"": ""500""} | {""choice"": ""500""} | {""choice"": ""100""} | {""choice"": ""500""} | {""choice"": ""500""} | {""choice"": ""100""} | {""choice"": ""500""} | {""choice"":",25.33,0
img_0249,83,660,1,9,"{""choice"": 10} | {""choice"": ""100""} | {""choice"": ""100""} | {""choice"": ""100""} | {""choice"": ""100""} | {""choice"": ""50""} | {""choice"": ""50""} | {""choice"": ""100",24.90,0
img_0253,163,1920,1,9,"{""choice"": ""500""} | {""choice"": ""100""} | {""choice"": 100} | {""choice"": ""500""} | {""choice"": ""100""} | {""choice"": ""10""} | {""choice"": ""500""} | {""choice"": 10",23.51,0
img_0251,184,4600,1,9,"{""choice"": ""500""} | {""choice"": ""500""} | {""choice"": ""500""} | {""choice"": ""1000""} | {""choice"": ""500""} | {""choice"": ""500""} | {""choice"": ""500""} | {""choice""",24.79,0
img_0254,829,5000,1,9,"{""choice"": ""500""} | {""choice"": ""500""} | {""choice"": ""500""} | {""choice"": ""500""} | {""choice"": ""1000""} | {""choice"": ""500""} | {""choice"": ""500""} | {""choice""",24.32,0
img_0257,2371,6000,1,9,"{""choice"": 0} | {""choice"": ""1000""} | {""choice"": ""1000""} | {""choice"": 0} | {""choice"": ""1000""} | {""choice"": ""1000""} | {""choice"": 0} | {""choice"": ""1000""}",19.84,0
img_0255,3970,7500,1,9,"{""choice"": ""1000""} | {""choice"": ""1000""} | {""choice"": ""500""} | {""choice"": ""1000""} | {""choice"": ""1000""} | {""choice"": ""500""} | {""choice"": ""1000""} | {""cho",23.71,0
img_0256,2240,5500,1,9,"{""choice"": ""1000""} | {""choice"": ""500""} | {""choice"": ""500""} | {""choice"": ""1000""} | {""choice"": ""500""} | {""choice"": ""500""} | {""choice"": ""500""} | {""choice",24.11,0
img_0263,258,3160,1,9,"{""choice"": ""500""} | {""choice"": ""500""} | {""choice"": ""10""} | {""choice"": ""500""} | {""choice"": ""500""} | {""choice"": ""50""} | {""choice"": ""500""} | {""choice"": """,18.58,0
img_0267,1103,7500,1,9,"{""choice"": ""500""} | {""choice"": ""1000""} | {""choice"": ""1000""} | {""choice"": ""1000""} | {""choice"": ""1000""} | {""choice"": ""500""} | {""choice"": ""1000""} | {""cho",18.50,0
img_0258,994,1910,1,9,"{""choice"": 0} | {""choice"": ""500""} | {""choice"": ""100""} | {""choice"": ""100""} | {""choice"": ""500""} | {""choice"": ""100""} | {""choice"": ""10""} | {""choice"": ""500",23.31,0
img_0259,338,1830,1,9,"{""choice"": ""500""} | {""choice"": ""100""} | {""choice"": ""10""} | {""choice"": ""500""} | {""choice"": ""100""} | {""choice"": ""10""} | {""choice"": ""500""} | {""choice"": """,22.16,0
img_0260,2116,5500,1,9,"{""choice"": ""500""} | {""choice"": ""500""} | {""choice"": ""500""} | {""choice"": ""500""} | {""choice"": ""500""} | {""choice"": ""500""} | {""choice"": ""1000""} | {""choice""",22.62,0
img_0261,343,4500,1,9,"{""choice"": ""500""} | {""choice"": ""500""} | {""choice"": ""500""} | {""choice"": ""500""} | {""choice"": ""500""} | {""choice"": ""500""} | {""choice"": ""500""} | {""choice"":",22.52,0
img_0265,245,1830,1,9,"{""choice"": ""500""} | {""choice"": ""100""} | {""choice"": ""10""} | {""choice"": ""500""} | {""choice"": ""100""} | {""choice"": ""10""} | {""choice"": ""500""} | {""choice"": """,20.27,0
img_0262,550,4800,1,9,"{""choice"": ""1000""} | {""choice"": ""500""} | {""choice"": ""100""} | {""choice"": ""1000""} | {""choice"": ""500""} | {""choice"": ""100""} | {""choice"": ""1000""} | {""choic",22.15,0
img_0271,916,2770,1,9,"{""choice"": ""100""} | {""choice"": ""1000""} | {""choice"": ""10""} | {""choice"": ""100""} | {""choice"": ""500""} | {""choice"": ""10""} | {""choice"": ""500""} | {""choice"": ",18.70,0
img_0268,1400,7500,1,9,"{""choice"": ""1000""} | {""choice"": ""500""} | {""choice"": ""1000""} | {""choice"": ""1000""} | {""choice"": ""1000""} | {""choice"": ""500""} | {""choice"": ""1000""} | {""cho",18.98,0
img_0270,276,5000,1,9,"{""choice"": ""500""} | {""choice"": ""500""} | {""choice"": ""500""} | {""choice"": ""1000""} | {""choice"": ""500""} | {""choice"": ""500""} | {""choice"": ""500""} | {""choice""",19.16,0
img_0266,3653,9000,1,9,"{""choice"": ""1000""} | {""choice"": ""1000""} | {""choice"": ""1000""} | {""choice"": ""1000""} | {""choice"": ""1000""} | {""choice"": ""1000""} | {""choice"": ""1000""} | {""c",21.03,0
img_0264,225,3210,1,9,"{""choice"": ""1000""} | {""choice"": ""500""} | {""choice"": ""100""} | {""choice"": 0} | {""choice"": ""500""} | {""choice"": ""100""} | {""choice"": 0} | {""choice"": ""1000""",21.36,0
img_0269,3304,8000,1,9,"{""choice"": ""1000""} | {""choice"": ""1000""} | {""choice"": ""1000""} | {""choice"": ""1000""} | {""choice"": ""500""} | {""choice"": ""1000""} | {""choice"": ""1000""} | {""ch",20.33,0
img_0273,948,4300,1,9,"{""choice"": ""100""} | {""choice"": ""500""} | {""choice"": ""500""} | {""choice"": ""100""} | {""choice"": ""1000""} | {""choice"": ""500""} | {""choice"": ""500""} | {""choice""",20.96,0
img_0272,1798,8500,1,9,"{""choice"": ""1000""} | {""choice"": ""1000""} | {""choice"": ""1000""} | {""choice"": ""1000""} | {""choice"": ""1000""} | {""choice"": ""500""} | {""choice"": ""1000""} | {""ch",21.46,0
img_0274,457,3700,1,9,"{""choice"": ""500""} | {""choice"": ""500""} | {""choice"": ""500""} | {""choice"": ""500""} | {""choice"": ""500""} | {""choice"": ""100""} | {""choice"": ""500""} | {""choice"":",17.74,0
img_0275,1070,5200,1,9,"{""choice"": ""500""} | {""choice"": ""100""} | {""choice"": ""100""} | {""choice"": ""1000""} | {""choice"": ""1000""} | {""choice"": ""500""} | {""choice"": ""1000""} | {""choic",17.74,0
img_0278,518,3300,1,9,"{""choice"": ""500""} | {""choice"": ""500""} | {""choice"": ""100""} | {""choice"": ""500""} | {""choice"": ""500""} | {""choice"": ""100""} | {""choice"": ""500""} | {""choice"":",15.93,0
img_0276,302,2800,1,9,"{""choice"": ""500""} | {""choice"": ""500""} | {""choice"": ""50""} | {""choice"": ""500""} | {""choice"": ""500""} | {""choice"": ""100""} | {""choice"": ""500""} | {""choice"": ",18.62,0
img_0280,558,3250,1,9,"{""choice"": ""500""} | {""choice"": ""500""} | {""choice"": ""100""} | {""choice"": ""500""} | {""choice"": ""500""} | {""choice"": ""100""} | {""choice"": ""500""} | {""choice"":",15.76,0
img_0282,574,4500,1,9,"{""choice"": ""500""} | {""choice"": ""500""} | {""choice"": ""500""} | {""choice"": ""500""} | {""choice"": ""500""} | {""choice"": ""500""} | {""choice"": ""500""} | {""choice"":",15.22,0
img_0279,560,6000,1,9,"{""choice"": ""1000""} | {""choice"": ""500""} | {""choice"": ""500""} | {""choice"": ""1000""} | {""choice"": ""500""} | {""choice"": ""500""} | {""choice"": ""1000""} | {""choic",17.05,0
img_0277,259,1800,1,9,"{""choice"": 0} | {""choice"": ""500""} | {""choice"": ""100""} | {""choice"": 0} | {""choice"": ""500""} | {""choice"": ""100""} | {""choice"": 0} | {""choice"": ""500""} | {""",19.57,0
img_0281,871,6000,1,9,"{""choice"": ""1000""} | {""choice"": ""500""} | {""choice"": ""500""} | {""choice"": ""500""} | {""choice"": ""1000""} | {""choice"": ""500""} | {""choice"": ""1000""} | {""choic",17.07,0
img_0285,582,3250,1,9,"{""choice"": ""500""} | {""choice"": ""500""} | {""choice"": ""50""} | {""choice"": ""500""} | {""choice"": ""500""} | {""choice"": ""100""} | {""choice"": ""500""} | {""choice"": ",15.45,0
img_0283,241,3300,1,9,"{""choice"": ""500""} | {""choice"": ""500""} | {""choice"": ""100""} | {""choice"": ""500""} | {""choice"": ""500""} | {""choice"": ""100""} | {""choice"": ""500""} | {""choice"":",18.07,0
img_0287,229,3700,1,9,"{""choice"": ""500""} | {""choice"": ""500""} | {""choice"": ""100""} | {""choice"": ""100""} | {""choice"": ""500""} | {""choice"": ""500""} | {""choice"": ""500""} | {""choice"":",15.40,0
img_0284,376,3150,1,9,"{""choice"": ""500""} | {""choice"": ""500""} | {""choice"": ""50""} | {""choice"": ""500""} | {""choice"": ""500""} | {""choice"": ""50""} | {""choice"": ""500""} | {""choice"": """,18.59,0
img_0286,937,6000,1,9,"{""choice"": ""1000""} | {""choice"": ""500""} | {""choice"": ""500""} | {""choice"": ""1000""} | {""choice"": ""500""} | {""choice"": ""500""} | {""choice"": ""1000""} | {""choic",16.53,0
img_0290,556,4500,1,9,"{""choice"": ""500""} | {""choice"": ""500""} | {""choice"": ""500""} | {""choice"": ""500""} | {""choice"": ""500""} | {""choice"": ""500""} | {""choice"": ""500""} | {""choice"":",15.51,0
img_0289,251,3030,1,9,"{""choice"": ""500""} | {""choice"": ""500""} | {""choice"": ""10""} | {""choice"": ""500""} | {""choice"": ""500""} | {""choice"": ""10""} | {""choice"": ""500""} | {""choice"": """,17.01,0
img_0288,216,2500,1,9,"{""choice"": ""100""} | {""choice"": ""500""} | {""choice"": ""100""} | {""choice"": ""500""} | {""choice"": ""500""} | {""choice"": ""100""} | {""choice"": ""100""} | {""choice"":",20.51,0
img_0291,357,3250,1,9,"{""choice"": ""50""} | {""choice"": ""500""} | {""choice"": ""500""} | {""choice"": ""100""} | {""choice"": ""500""} | {""choice"": ""500""} | {""choice"": ""100""} | {""choice"": ",17.78,0
img_0292,260,2900,1,9,"{""choice"": ""500""} | {""choice"": ""500""} | {""choice"": ""100""} | {""choice"": ""500""} | {""choice"": ""500""} | {""choice"": ""100""} | {""choice"": ""500""} | {""choice"":",17.76,0
img_0301,207,3030,1,9,"{""choice"": ""10""} | {""choice"": ""500""} | {""choice"": ""500""} | {""choice"": ""10""} | {""choice"": ""500""} | {""choice"": ""500""} | {""choice"": ""10""} | {""choice"": ""5",16.17,0
img_0299,165,2100,1,9,"{""choice"": ""100""} | {""choice"": ""100""} | {""choice"": ""100""} | {""choice"": ""100""} | {""choice"": ""500""} | {""choice"": ""100""} | {""choice"": ""500""} | {""choice"":",18.60,0
img_0302,315,3250,1,9,"{""choice"": ""500""} | {""choice"": ""500""} | {""choice"": ""50""} | {""choice"": ""500""} | {""choice"": ""500""} | {""choice"": ""100""} | {""choice"": ""500""} | {""choice"": ",18.29,0
img_0293,1433,4500,1,9,"{""choice"": 0} | {""choice"": ""1000""} | {""choice"": ""500""} | {""choice"": 0} | {""choice"": ""1000""} | {""choice"": ""500""} | {""choice"": 0} | {""choice"": ""1000""} |",20.43,0
img_0294,791,5500,1,9,"{""choice"": ""500""} | {""choice"": ""500""} | {""choice"": ""500""} | {""choice"": ""500""} | {""choice"": ""1000""} | {""choice"": ""500""} | {""choice"": ""500""} | {""choice""",21.08,0
img_0297,429,3310,1,9,"{""choice"": ""10""} | {""choice"": ""500""} | {""choice"": ""100""} | {""choice"": 0} | {""choice"": ""1000""} | {""choice"": ""100""} | {""choice"": ""500""} | {""choice"": ""10",20.89,0
img_0296,1341,5200,1,9,"{""choice"": ""1000""} | {""choice"": ""500""} | {""choice"": ""100""} | {""choice"": ""1000""} | {""choice"": ""500""} | {""choice"": ""500""} | {""choice"": ""1000""} | {""choic",21.61,0
img_0298,284,3700,1,9,"{""choice"": ""100""} | {""choice"": ""500""} | {""choice"": ""500""} | {""choice"": ""500""} | {""choice"": ""500""} | {""choice"": ""500""} | {""choice"": ""100""} | {""choice"":",21.07,0
img_0305,654,4600,1,9,"{""choice"": ""500""} | {""choice"": ""500""} | {""choice"": ""100""} | {""choice"": ""500""} | {""choice"": ""500""} | {""choice"": ""500""} | {""choice"": ""500""} | {""choice"":",18.29,0
img_0295,1477,5510,1,9,"{""choice"": ""500""} | {""choice"": ""1000""} | {""choice"": ""500""} | {""choice"": ""1000""} | {""choice"": ""1000""} | {""choice"": ""500""} | {""choice"": ""500""} | {""choic",22.73,0
img_0300,236,3700,1,9,"{""choice"": ""100""} | {""choice"": ""500""} | {""choice"": ""500""} | {""choice"": ""500""} | {""choice"": ""500""} | {""choice"": ""500""} | {""choice"": ""100""} | {""choice"":",22.15,0
img_0303,2154,7100,1,9,"{""choice"": ""1000""} | {""choice"": ""1000""} | {""choice"": ""100""} | {""choice"": ""1000""} | {""choice"": ""1000""} | {""choice"": ""500""} | {""choice"": ""1000""} | {""cho",21.67,0
img_0309,663,5500,1,9,"{""choice"": ""500""} | {""choice"": ""500""} | {""choice"": ""500""} | {""choice"": ""1000""} | {""choice"": ""1000""} | {""choice"": ""500""} | {""choice"": ""500""} | {""choice",18.79,0
img_0307,1077,5100,1,9,"{""choice"": 100} | {""choice"": ""500""} | {""choice"": ""1000""} | {""choice"": ""500""} | {""choice"": ""1000""} | {""choice"": ""500""} | {""choice"": ""500""} | {""choice"":",20.38,0
img_0304,2593,9000,1,9,"{""choice"": ""1000""} | {""choice"": ""1000""} | {""choice"": ""1000""} | {""choice"": ""1000""} | {""choice"": ""1000""} | {""choice"": ""1000""} | {""choice"": ""1000""} | {""c",21.01,0
img_0310,642,3650,1,9,"{""choice"": ""500""} | {""choice"": ""500""} | {""choice"": ""50""} | {""choice"": ""1000""} | {""choice"": ""500""} | {""choice"": ""50""} | {""choice"": ""500""} | {""choice"": ",19.36,0
img_0306,2702,6650,1,9,"{""choice"": ""1000""} | {""choice"": ""1000""} | {""choice"": ""50""} | {""choice"": ""1000""} | {""choice"": ""1000""} | {""choice"": ""100""} | {""choice"": ""1000""} | {""choi",21.73,0
img_0312,270,2400,1,9,"{""choice"": ""500""} | {""choice"": ""100""} | {""choice"": ""50""} | {""choice"": ""500""} | {""choice"": ""100""} | {""choice"": ""50""} | {""choice"": ""500""} | {""choice"": """,19.40,0
img_0308,3568,6700,1,9,"{""choice"": ""1000""} | {""choice"": ""1000""} | {""choice"": ""100""} | {""choice"": ""1000""} | {""choice"": ""1000""} | {""choice"": ""100""} | {""choice"": ""1000""} | {""cho",22.14,0
img_0311,909,4500,1,9,"{""choice"": ""500""} | {""choice"": ""500""} | {""choice"": ""500""} | {""choice"": ""500""} | {""choice"": ""500""} | {""choice"": ""500""} | {""choice"": ""500""} | {""choice"":",21.18,0
img_0313,465,2620,1,9,"{""choice"": 0} | {""choice"": ""500""} | {""choice"": ""10""} | {""choice"": 0} | {""choice"": ""1000""} | {""choice"": ""10""} | {""choice"": 0} | {""choice"": ""1000""} | {""",20.68,0
img_0314,820,6030,1,9,"{""choice"": ""1000""} | {""choice"": ""1000""} | {""choice"": ""10""} | {""choice"": ""1000""} | {""choice"": ""1000""} | {""choice"": ""10""} | {""choice"": ""1000""} | {""choic",21.11,0
img_0315,383,3700,1,9,"{""choice"": 0} | {""choice"": ""100""} | {""choice"": ""100""} | {""choice"": ""500""} | {""choice"": ""1000""} | {""choice"": ""500""} | {""choice"": ""500""} | {""choice"": ""5",21.09,0
img_0317,811,3500,1,9,"{""choice"": 0} | {""choice"": ""500""} | {""choice"": ""500""} | {""choice"": 0} | {""choice"": ""500""} | {""choice"": ""500""} | {""choice"": 0} | {""choice"": ""1000""} | {",19.77,0
img_0316,973,5500,1,9,"{""choice"": ""500""} | {""choice"": ""1000""} | {""choice"": ""500""} | {""choice"": ""1000""} | {""choice"": ""500""} | {""choice"": ""500""} | {""choice"": ""500""} | {""choice",20.37,0
img_0319,922,4000,1,9,"{""choice"": 0} | {""choice"": ""500""} | {""choice"": ""500""} | {""choice"": 0} | {""choice"": ""1000""} | {""choice"": ""500""} | {""choice"": 0} | {""choice"": ""1000""} | ",19.62,0
img_0318,1616,6200,1,9,"{""choice"": ""1000""} | {""choice"": ""1000""} | {""choice"": ""500""} | {""choice"": ""1000""} | {""choice"": ""1000""} | {""choice"": ""100""} | {""choice"": ""500""} | {""choi",20.28,0
img_0321,2472,9000,1,9,"{""choice"": ""1000""} | {""choice"": ""1000""} | {""choice"": ""1000""} | {""choice"": ""1000""} | {""choice"": ""1000""} | {""choice"": ""1000""} | {""choice"": ""1000""} | {""c",17.48,0
img_0320,2414,8010,1,9,"{""choice"": ""10""} | {""choice"": ""1000""} | {""choice"": ""1000""} | {""choice"": ""1000""} | {""choice"": ""1000""} | {""choice"": ""1000""} | {""choice"": ""1000""} | {""cho",19.19,0
img_0324,650,4300,1,9,"{""choice"": ""1000""} | {""choice"": ""500""} | {""choice"": ""100""} | {""choice"": ""1000""} | {""choice"": ""500""} | {""choice"": ""100""} | {""choice"": ""500""} | {""choice",15.06,0
img_0325,1659,8500,1,9,"{""choice"": ""1000""} | {""choice"": ""1000""} | {""choice"": ""500""} | {""choice"": ""1000""} | {""choice"": ""1000""} | {""choice"": ""1000""} | {""choice"": ""1000""} | {""ch",15.03,0
img_0322,1613,5500,1,9,"{""choice"": ""1000""} | {""choice"": ""500""} | {""choice"": ""500""} | {""choice"": ""500""} | {""choice"": ""500""} | {""choice"": ""500""} | {""choice"": ""500""} | {""choice""",16.02,0
img_0329,962,3650,1,9,"{""choice"": ""100""} | {""choice"": ""500""} | {""choice"": ""500""} | {""choice"": ""500""} | {""choice"": ""500""} | {""choice"": ""500""} | {""choice"": ""50""} | {""choice"": ",11.80,0
img_0328,426,4100,1,9,"{""choice"": ""500""} | {""choice"": ""500""} | {""choice"": ""500""} | {""choice"": ""500""} | {""choice"": ""500""} | {""choice"": ""500""} | {""choice"": ""500""} | {""choice"":",12.92,0
img_0326,165,850,1,9,"{""choice"": ""100""} | {""choice"": ""100""} | {""choice"": ""100""} | {""choice"": ""100""} | {""choice"": ""100""} | {""choice"": ""100""} | {""choice"": ""100""} | {""choice"":",13.60,0
img_0332,770,5500,1,9,"{""choice"": ""500""} | {""choice"": ""500""} | {""choice"": ""500""} | {""choice"": ""1000""} | {""choice"": ""500""} | {""choice"": ""500""} | {""choice"": ""1000""} | {""choice",11.15,0
img_0323,2033,6500,1,9,"{""choice"": ""1000""} | {""choice"": ""1000""} | {""choice"": ""500""} | {""choice"": ""500""} | {""choice"": ""1000""} | {""choice"": ""500""} | {""choice"": ""500""} | {""choic",16.05,0
img_0327,1408,6500,1,9,"{""choice"": ""1000""} | {""choice"": ""1000""} | {""choice"": ""500""} | {""choice"": ""1000""} | {""choice"": ""500""} | {""choice"": ""500""} | {""choice"": ""1000""} | {""choi",13.95,0
img_0334,1508,7500,1,9,"{""choice"": ""1000""} | {""choice"": ""1000""} | {""choice"": ""1000""} | {""choice"": ""1000""} | {""choice"": ""500""} | {""choice"": ""500""} | {""choice"": ""1000""} | {""cho",10.42,0
img_0333,601,6500,1,9,"{""choice"": ""1000""} | {""choice"": ""1000""} | {""choice"": ""500""} | {""choice"": ""1000""} | {""choice"": ""500""} | {""choice"": ""500""} | {""choice"": ""1000""} | {""choi",11.09,0
img_0330,1668,7000,1,9,"{""choice"": ""1000""} | {""choice"": ""500""} | {""choice"": ""500""} | {""choice"": ""1000""} | {""choice"": ""1000""} | {""choice"": ""500""} | {""choice"": ""1000""} | {""choi",11.94,0
img_0331,2607,7500,1,9,"{""choice"": ""1000""} | {""choice"": ""1000""} | {""choice"": ""500""} | {""choice"": ""1000""} | {""choice"": ""1000""} | {""choice"": ""500""} | {""choice"": ""1000""} | {""cho",11.75,0
img_0031,394,2250,1,9,"{""choice"": 0} | {""choice"": ""500""} | {""choice"": ""100""} | {""choice"": 0} | {""choice"": ""500""} | {""choice"": ""100""} | {""choice"": 0} | {""choice"": ""1000""} | {",60.97,0
img_0010,566,2450,1,9,"{""choice"": ""500""} | {""choice"": ""100""} | {""choice"": 50} | {""choice"": ""1000""} | {""choice"": ""100""} | {""choice"": ""50""} | {""choice"": ""500""} | {""choice"": ""1",63.73,0
img_0012,434,4800,1,9,"{""choice"": ""1000""} | {""choice"": ""500""} | {""choice"": ""100""} | {""choice"": ""1000""} | {""choice"": ""500""} | {""choice"": ""100""} | {""choice"": ""1000""} | {""choic",63.73,0
img_0017,191,550,1,9,"{""choice"": ""50""} | {""choice"": ""50""} | {""choice"": ""50""} | {""choice"": ""50""} | {""choice"": ""100""} | {""choice"": ""50""} | {""choice"": ""100""} | {""choice"": ""50""",64.11,0
img_0003,350,2680,1,9,"{""choice"": ""500""} | {""choice"": ""1000""} | {""choice"": 10} | {""choice"": ""500""} | {""choice"": ""500""} | {""choice"": 10} | {""choice"": ""50""} | {""choice"": ""100""",64.12,0
img_0026,113,280,1,9,"{""choice"": 0} | {""choice"": ""50""} | {""choice"": 10} | {""choice"": 0} | {""choice"": ""100""} | {""choice"": ""10""} | {""choice"": 0} | {""choice"": ""100""} | {""choic",64.11,0
img_0028,405,2250,1,9,"{""choice"": 0} | {""choice"": ""500""} | {""choice"": ""50""} | {""choice"": 0} | {""choice"": ""500""} | {""choice"": ""100""} | {""choice"": 0} | {""choice"": ""1000""} | {""",64.50,0
img_0007,77,240,1,9,"{""choice"": ""50""} | {""choice"": ""10""} | {""choice"": 0} | {""choice"": ""100""} | {""choice"": 10} | {""choice"": 10} | {""choice"": ""50""} | {""choice"": 10} | {""choi",64.52,0
img_0006,436,1900,1,9,"{""choice"": ""0""} | {""choice"": ""500""} | {""choice"": ""100""} | {""choice"": ""0""} | {""choice"": ""1000""} | {""choice"": ""100""} | {""choice"": ""0""} | {""choice"": ""100",64.53,0
img_0011,540,5750,1,9,"{""choice"": ""1000""} | {""choice"": ""500""} | {""choice"": 50} | {""choice"": ""1000""} | {""choice"": ""1000""} | {""choice"": ""100""} | {""choice"": ""1000""} | {""choice""",64.53,0
img_0030,367,1160,1,9,"{""choice"": ""500""} | {""choice"": 10} | {""choice"": 10} | {""choice"": ""100""} | {""choice"": 10} | {""choice"": 10} | {""choice"": ""500""} | {""choice"": 10} | {""cho",64.87,0
img_0013,1528,6300,1,9,"{""choice"": ""1000""} | {""choice"": ""1000""} | {""choice"": ""100""} | {""choice"": ""1000""} | {""choice"": ""1000""} | {""choice"": ""100""} | {""choice"": ""1000""} | {""cho",64.89,0
img_0022,479,4000,1,9,"{""choice"": ""0""} | {""choice"": ""500""} | {""choice"": ""500""} | {""choice"": ""0""} | {""choice"": ""1000""} | {""choice"": ""500""} | {""choice"": 0} | {""choice"": ""1000""",65.63,0
img_0001,977,5100,1,9,"{""choice"": ""500""} | {""choice"": ""1000""} | {""choice"": ""500""} | {""choice"": ""500""} | {""choice"": ""1000""} | {""choice"": ""500""} | {""choice"": ""500""} | {""choice",69.17,0
img_0025,319,1630,1,9,"{""choice"": 0} | {""choice"": ""1000""} | {""choice"": 10} | {""choice"": 0} | {""choice"": ""500""} | {""choice"": 10} | {""choice"": 0} | {""choice"": ""100""} | {""choic",70.72,0
img_0014,225,430,1,9,"{""choice"": ""100""} | {""choice"": 50} | {""choice"": 10} | {""choice"": ""100""} | {""choice"": ""50""} | {""choice"": 10} | {""choice"": ""50""} | {""choice"": ""50""} | {""",72.31,0
img_0032,674,2350,1,9,"{""choice"": 0} | {""choice"": ""1000""} | {""choice"": ""50""} | {""choice"": 0} | {""choice"": ""1000""} | {""choice"": ""100""} | {""choice"": 0} | {""choice"": ""100""} | {",72.30,0
img_0016,853,3200,1,9,"{""choice"": 0} | {""choice"": ""1000""} | {""choice"": ""100""} | {""choice"": 0} | {""choice"": ""1000""} | {""choice"": ""50""} | {""choice"": 0} | {""choice"": ""1000""} | ",73.01,0
img_0018,141,510,1,9,"{""choice"": 0} | {""choice"": ""10""} | {""choice"": ""100""} | {""choice"": 0} | {""choice"": ""100""} | {""choice"": ""100""} | {""choice"": 0} | {""choice"": ""100""} | {""c",74.95,0
img_0002,923,3560,1,9,"{""choice"": 0} | {""choice"": ""1000""} | {""choice"": ""500""} | {""choice"": 0} | {""choice"": ""1000""} | {""choice"": ""50""} | {""choice"": 0} | {""choice"": ""1000""} | ",76.11,0
img_0027,181,470,1,9,"{""choice"": 0} | {""choice"": ""50""} | {""choice"": ""100""} | {""choice"": 0} | {""choice"": ""100""} | {""choice"": ""100""} | {""choice"": 10} | {""choice"": ""100""} | {""",76.48,0
img_0005,103,200,1,9,"{""choice"": 0} | {""choice"": 0} | {""choice"": ""100""} | {""choice"": 0} | {""choice"": 0} | {""choice"": ""50""} | {""choice"": 0} | {""choice"": ""0""} | {""choice"": 50",76.91,0
img_0024,385,1970,1,9,"{""choice"": ""100""} | {""choice"": ""100""} | {""choice"": ""50""} | {""choice"": ""1000""} | {""choice"": ""500""} | {""choice"": ""10""} | {""choice"": ""100""} | {""choice"": ",77.29,0
img_0008,92,180,1,9,"{""choice"": 0} | {""choice"": 50} | {""choice"": 10} | {""choice"": 0} | {""choice"": ""50""} | {""choice"": 10} | {""choice"": 0} | {""choice"": ""50""} | {""choice"": 10",77.69,0
img_0009,237,730,1,9,"{""choice"": 0} | {""choice"": ""100""} | {""choice"": 10} | {""choice"": 0} | {""choice"": ""500""} | {""choice"": 10} | {""choice"": 0} | {""choice"": ""100""} | {""choice",78.11,0
img_0015,413,1820,1,9,"{""choice"": ""100""} | {""choice"": ""500""} | {""choice"": ""10""} | {""choice"": ""100""} | {""choice"": ""500""} | {""choice"": 10} | {""choice"": ""100""} | {""choice"": ""50",78.50,0
img_0019,137,610,1,9,"{""choice"": 10} | {""choice"": ""100""} | {""choice"": ""100""} | {""choice"": 0} | {""choice"": ""100""} | {""choice"": ""100""} | {""choice"": 0} | {""choice"": ""100""} | {",78.89,0
img_0023,274,1520,1,9,"{""choice"": 0} | {""choice"": 0} | {""choice"": ""500""} | {""choice"": 0} | {""choice"": 10} | {""choice"": ""500""} | {""choice"": 0} | {""choice"": ""10""} | {""choice"":",79.59,0
img_0004,183,600,1,9,"{""choice"": 0} | {""choice"": ""100""} | {""choice"": ""100""} | {""choice"": 0} | {""choice"": ""100""} | {""choice"": ""100""} | {""choice"": 0} | {""choice"": ""100""} | {""",80.40,0
img_0029,450,1420,1,9,"{""choice"": 50} | {""choice"": ""100""} | {""choice"": 50} | {""choice"": ""500""} | {""choice"": ""500""} | {""choice"": 10} | {""choice"": ""100""} | {""choice"": ""100""} |",81.16,0
img_0021,127,430,1,9,"{""choice"": ""50""} | {""choice"": 50} | {""choice"": 10} | {""choice"": ""100""} | {""choice"": ""50""} | {""choice"": 10} | {""choice"": ""100""} | {""choice"": ""50""} | {""",81.58,0
img_0020,133,620,1,9,"{""choice"": ""100""} | {""choice"": ""100""} | {""choice"": 10} | {""choice"": ""100""} | {""choice"": ""100""} | {""choice"": ""10""} | {""choice"": 0} | {""choice"": ""100""} ",82.38,0
img_0044,169,430,1,9,"{""choice"": ""50""} | {""choice"": ""100""} | {""choice"": 10} | {""choice"": ""50""} | {""choice"": ""100""} | {""choice"": 10} | {""choice"": ""50""} | {""choice"": ""50""} | ",54.29,0
img_0039,88,210,1,9,"{""choice"": 50} | {""choice"": 10} | {""choice"": 10} | {""choice"": ""50""} | {""choice"": 10} | {""choice"": 10} | {""choice"": ""50""} | {""choice"": 10} | {""choice"":",54.66,0
img_0040,201,490,1,9,"{""choice"": 10} | {""choice"": ""100""} | {""choice"": ""10""} | {""choice"": ""100""} | {""choice"": ""100""} | {""choice"": ""10""} | {""choice"": ""100""} | {""choice"": ""50""",63.70,0
img_0037,2530,6700,1,9,"{""choice"": ""1000""} | {""choice"": ""1000""} | {""choice"": ""100""} | {""choice"": ""1000""} | {""choice"": ""1000""} | {""choice"": ""100""} | {""choice"": ""1000""} | {""cho",66.86,0
img_0054,597,3900,1,9,"{""choice"": ""1000""} | {""choice"": ""100""} | {""choice"": ""100""} | {""choice"": ""1000""} | {""choice"": ""500""} | {""choice"": ""50""} | {""choice"": ""1000""} | {""choice",60.64,0
img_0038,297,970,1,9,"{""choice"": ""100""} | {""choice"": ""100""} | {""choice"": 0} | {""choice"": ""500""} | {""choice"": ""100""} | {""choice"": 10} | {""choice"": ""50""} | {""choice"": ""100""} ",74.13,0
img_0041,960,3810,1,9,"{""choice"": ""1000""} | {""choice"": ""100""} | {""choice"": ""50""} | {""choice"": ""1000""} | {""choice"": ""500""} | {""choice"": ""50""} | {""choice"": ""1000""} | {""choice""",74.44,0
img_0046,177,520,1,9,"{""choice"": ""100""} | {""choice"": ""100""} | {""choice"": ""10""} | {""choice"": ""50""} | {""choice"": ""100""} | {""choice"": ""50""} | {""choice"": 10} | {""choice"": ""50""}",69.92,0
img_0047,100,190,1,9,"{""choice"": ""0""} | {""choice"": ""50""} | {""choice"": ""10""} | {""choice"": 0} | {""choice"": ""100""} | {""choice"": ""10""} | {""choice"": ""0""} | {""choice"": ""10""} | {""",69.87,0
img_0051,187,430,1,9,"{""choice"": ""100""} | {""choice"": ""50""} | {""choice"": ""10""} | {""choice"": ""50""} | {""choice"": ""100""} | {""choice"": ""10""} | {""choice"": ""50""} | {""choice"": ""50""",67.92,0
img_0033,129,290,1,9,"{""choice"": 0} | {""choice"": 10} | {""choice"": 10} | {""choice"": ""50""} | {""choice"": ""50""} | {""choice"": 10} | {""choice"": ""100""} | {""choice"": ""50""} | {""choi",84.74,0
img_0060,227,680,1,9,"{""choice"": ""0""} | {""choice"": ""100""} | {""choice"": 10} | {""choice"": ""0""} | {""choice"": ""500""} | {""choice"": 10} | {""choice"": ""0""} | {""choice"": ""50""} | {""c",68.99,0
img_0034,221,1330,1,9,"{""choice"": ""100""} | {""choice"": ""10""} | {""choice"": 0} | {""choice"": ""500""} | {""choice"": ""100""} | {""choice"": 10} | {""choice"": ""500""} | {""choice"": ""100""} ",89.31,0
img_0035,1018,3250,1,9,"{""choice"": 0} | {""choice"": ""1000""} | {""choice"": ""50""} | {""choice"": 0} | {""choice"": ""1000""} | {""choice"": ""100""} | {""choice"": 0} | {""choice"": ""1000""} | ",89.31,0
img_0036,302,2230,1,9,"{""choice"": ""100""} | {""choice"": ""100""} | {""choice"": 10} | {""choice"": ""500""} | {""choice"": ""500""} | {""choice"": 10} | {""choice"": ""500""} | {""choice"": ""500""",89.04,0
img_0043,155,420,1,9,"{""choice"": ""50""} | {""choice"": ""50""} | {""choice"": ""10""} | {""choice"": ""50""} | {""choice"": ""50""} | {""choice"": ""10""} | {""choice"": ""100""} | {""choice"": ""50""}",88.91,0
img_0045,153,571,1,9,"{""choice"": ""100""} | {""choice"": ""100""} | {""choice"": 1} | {""choice"": ""50""} | {""choice"": ""100""} | {""choice"": 10} | {""choice"": ""100""} | {""choice"": ""100""} ",89.01,0
img_0042,130,1380,1,9,"{""choice"": ""500""} | {""choice"": ""100""} | {""choice"": 10} | {""choice"": ""500""} | {""choice"": ""100""} | {""choice"": 10} | {""choice"": ""100""} | {""choice"": ""50""}",90.77,0
img_0049,2494,7000,1,9,"{""choice"": 0} | {""choice"": ""1000""} | {""choice"": ""1000""} | {""choice"": 0} | {""choice"": ""1000""} | {""choice"": ""1000""} | {""choice"": ""1000""} | {""choice"": ""1",87.74,0
img_0053,954,3860,1,9,"{""choice"": ""1000""} | {""choice"": ""1000""} | {""choice"": ""100""} | {""choice"": ""500""} | {""choice"": ""1000""} | {""choice"": ""100""} | {""choice"": ""10""} | {""choice",84.09,0
img_0050,425,710,1,9,"{""choice"": ""100""} | {""choice"": ""100""} | {""choice"": ""50""} | {""choice"": ""50""} | {""choice"": ""100""} | {""choice"": ""100""} | {""choice"": 10} | {""choice"": ""100",90.13,0
img_0048,1211,4500,1,9,"{""choice"": 0} | {""choice"": ""500""} | {""choice"": ""1000""} | {""choice"": ""0""} | {""choice"": ""500""} | {""choice"": ""1000""} | {""choice"": ""0""} | {""choice"": ""500""",91.55,0
img_0055,361,2030,1,9,"{""choice"": 0} | {""choice"": ""500""} | {""choice"": 10} | {""choice"": ""0""} | {""choice"": ""1000""} | {""choice"": 10} | {""choice"": ""0""} | {""choice"": ""500""} | {""c",88.16,0
img_0056,194,1250,1,9,"{""choice"": 0} | {""choice"": ""500""} | {""choice"": ""50""} | {""choice"": 0} | {""choice"": ""500""} | {""choice"": ""50""} | {""choice"": 0} | {""choice"": ""100""} | {""ch",88.48,0
img_0052,139,1030,1,9,"{""choice"": ""100""} | {""choice"": ""100""} | {""choice"": 10} | {""choice"": ""100""} | {""choice"": ""100""} | {""choice"": 10} | {""choice"": ""500""} | {""choice"": ""100""",90.48,0
img_0059,452,1250,1,9,"{""choice"": ""100""} | {""choice"": ""500""} | {""choice"": ""100""} | {""choice"": ""100""} | {""choice"": ""100""} | {""choice"": ""100""} | {""choice"": ""50""} | {""choice"": ",88.81,0
img_0061,236,900,1,9,"{""choice"": ""100""} | {""choice"": ""100""} | {""choice"": ""100""} | {""choice"": ""100""} | {""choice"": ""100""} | {""choice"": ""100""} | {""choice"": ""100""} | {""choice"":",87.70,0
img_0063,1149,3620,1,9,"{""choice"": ""1000""} | {""choice"": ""500""} | {""choice"": 0} | {""choice"": ""1000""} | {""choice"": ""500""} | {""choice"": 10} | {""choice"": ""500""} | {""choice"": ""100",87.27,0
img_0057,687,5150,1,9,"{""choice"": ""500""} | {""choice"": ""500""} | {""choice"": ""50""} | {""choice"": ""500""} | {""choice"": ""1000""} | {""choice"": ""100""} | {""choice"": ""500""} | {""choice"":",91.10,0
img_0064,1357,6020,1,9,"{""choice"": ""1000""} | {""choice"": ""1000""} | {""choice"": 0} | {""choice"": ""1000""} | {""choice"": ""1000""} | {""choice"": 10} | {""choice"": ""1000""} | {""choice"": """,87.61,0
img_0058,4535,6200,1,9,"{""choice"": ""1000""} | {""choice"": ""500""} | {""choice"": ""100""} | {""choice"": ""1000""} | {""choice"": ""1000""} | {""choice"": ""500""} | {""choice"": ""1000""} | {""choi",91.50,0
img_0062,2638,7500,1,9,"{""choice"": ""1000""} | {""choice"": ""1000""} | {""choice"": ""500""} | {""choice"": ""1000""} | {""choice"": ""1000""} | {""choice"": ""500""} | {""choice"": ""1000""} | {""cho",92.73,0
img_0068,363,1580,1,9,"{""choice"": 0} | {""choice"": ""1000""} | {""choice"": ""10""} | {""choice"": 0} | {""choice"": ""500""} | {""choice"": 10} | {""choice"": 0} | {""choice"": ""50""} | {""choi",54.16,0
img_0066,2980,6070,1,9,"{""choice"": ""1000""} | {""choice"": ""1000""} | {""choice"": 10} | {""choice"": ""1000""} | {""choice"": ""1000""} | {""choice"": ""10""} | {""choice"": ""1000""} | {""choice""",80.27,0
img_0081,121,2380,1,9,"{""choice"": ""100""} | {""choice"": ""50""} | {""choice"": 10} | {""choice"": ""1000""} | {""choice"": ""100""} | {""choice"": ""10""} | {""choice"": ""1000""} | {""choice"": ""1",52.05,0
img_0070,233,550,1,9,"{""choice"": ""100""} | {""choice"": ""50""} | {""choice"": 50} | {""choice"": ""100""} | {""choice"": ""50""} | {""choice"": ""50""} | {""choice"": ""50""} | {""choice"": ""50""} ",69.69,0
img_0065,490,3700,1,9,"{""choice"": 0} | {""choice"": ""1000""} | {""choice"": ""500""} | {""choice"": 0} | {""choice"": ""1000""} | {""choice"": ""1000""} | {""choice"": ""0""} | {""choice"": ""100""}",92.08,0
img_0084,322,850,1,9,"{""choice"": ""100""} | {""choice"": ""100""} | {""choice"": ""100""} | {""choice"": ""100""} | {""choice"": ""100""} | {""choice"": ""100""} | {""choice"": ""100""} | {""choice"":",51.10,0
img_0080,347,850,1,9,"{""choice"": 0} | {""choice"": ""100""} | {""choice"": ""50""} | {""choice"": 0} | {""choice"": ""500""} | {""choice"": ""50""} | {""choice"": 0} | {""choice"": ""100""} | {""ch",57.88,0
img_0072,241,2330,1,9,"{""choice"": ""100""} | {""choice"": ""100""} | {""choice"": 10} | {""choice"": ""1000""} | {""choice"": ""500""} | {""choice"": 10} | {""choice"": ""100""} | {""choice"": ""500",78.50,0
img_0067,255,580,1,9,"{""choice"": ""100""} | {""choice"": ""100""} | {""choice"": 10} | {""choice"": ""100""} | {""choice"": ""100""} | {""choice"": 10} | {""choice"": ""100""} | {""choice"": 50} |",91.64,0
img_0082,337,3610,1,9,"{""choice"": 0} | {""choice"": ""1000""} | {""choice"": ""1000""} | {""choice"": 0} | {""choice"": ""1000""} | {""choice"": ""500""} | {""choice"": 0} | {""choice"": ""10""} | ",65.74,0
img_0069,547,1340,1,9,"{""choice"": 10} | {""choice"": ""50""} | {""choice"": 10} | {""choice"": ""1000""} | {""choice"": ""100""} | {""choice"": ""10""} | {""choice"": ""50""} | {""choice"": ""100""} ",88.82,0
img_0092,645,2210,1,9,"{""choice"": ""500""} | {""choice"": ""500""} | {""choice"": ""500""} | {""choice"": ""100""} | {""choice"": ""500""} | {""choice"": ""100""} | {""choice"": 0} | {""choice"": 0} ",60.36,0
img_0073,481,4130,1,9,"{""choice"": ""100""} | {""choice"": ""500""} | {""choice"": 10} | {""choice"": ""1000""} | {""choice"": ""1000""} | {""choice"": 10} | {""choice"": ""1000""} | {""choice"": ""5",89.73,0
img_0093,1929,5100,1,9,"{""choice"": ""1000""} | {""choice"": 0} | {""choice"": 0} | {""choice"": ""1000""} | {""choice"": ""1000""} | {""choice"": 0} | {""choice"": ""1000""} | {""choice"": ""1000""}",61.78,0
img_0076,489,3500,1,9,"{""choice"": 0} | {""choice"": ""500""} | {""choice"": ""500""} | {""choice"": 0} | {""choice"": ""1000""} | {""choice"": ""500""} | {""choice"": 0} | {""choice"": ""500""} | {",82.77,0
img_0078,1116,3180,1,9,"{""choice"": 10} | {""choice"": ""1000""} | {""choice"": ""10""} | {""choice"": ""100""} | {""choice"": ""1000""} | {""choice"": ""10""} | {""choice"": 0} | {""choice"": ""1000""",78.70,0
img_0071,1236,7500,1,9,"{""choice"": ""500""} | {""choice"": ""1000""} | {""choice"": ""1000""} | {""choice"": ""500""} | {""choice"": ""1000""} | {""choice"": ""1000""} | {""choice"": ""500""} | {""choi",93.14,0
img_0074,704,4300,1,9,"{""choice"": ""500""} | {""choice"": ""500""} | {""choice"": ""100""} | {""choice"": ""1000""} | {""choice"": ""500""} | {""choice"": ""100""} | {""choice"": ""1000""} | {""choice",90.11,0
img_0075,253,890,1,9,"{""choice"": ""500""} | {""choice"": ""100""} | {""choice"": 10} | {""choice"": ""100""} | {""choice"": ""100""} | {""choice"": 10} | {""choice"": ""50""} | {""choice"": 10} | ",87.61,0
img_0077,203,650,1,9,"{""choice"": ""50""} | {""choice"": ""100""} | {""choice"": ""50""} | {""choice"": ""50""} | {""choice"": ""100""} | {""choice"": ""50""} | {""choice"": ""50""} | {""choice"": ""100",81.89,0
img_0079,1974,5530,1,9,"{""choice"": ""1000""} | {""choice"": ""1000""} | {""choice"": 10} | {""choice"": ""1000""} | {""choice"": ""1000""} | {""choice"": 10} | {""choice"": ""1000""} | {""choice"": ",86.88,0
img_0085,283,700,1,9,"{""choice"": ""100""} | {""choice"": ""100""} | {""choice"": ""50""} | {""choice"": ""100""} | {""choice"": ""100""} | {""choice"": ""50""} | {""choice"": ""50""} | {""choice"": ""1",79.32,0
img_0099,304,530,1,9,"{""choice"": 10} | {""choice"": ""100""} | {""choice"": ""50""} | {""choice"": 10} | {""choice"": ""100""} | {""choice"": ""50""} | {""choice"": 100} | {""choice"": ""100""} | ",37.68,0
img_0100,232,390,1,9,"{""choice"": ""100""} | {""choice"": ""50""} | {""choice"": 10} | {""choice"": ""100""} | {""choice"": ""50""} | {""choice"": 10} | {""choice"": ""50""} | {""choice"": 10} | {""",36.46,0
img_0083,693,2150,1,9,"{""choice"": 0} | {""choice"": ""1000""} | {""choice"": ""50""} | {""choice"": 0} | {""choice"": ""500""} | {""choice"": ""50""} | {""choice"": 0} | {""choice"": ""500""} | {""c",85.54,0
img_0091,636,3150,1,9,"{""choice"": ""500""} | {""choice"": ""500""} | {""choice"": ""50""} | {""choice"": ""500""} | {""choice"": ""500""} | {""choice"": ""50""} | {""choice"": ""500""} | {""choice"": """,79.52,0
img_0096,107,250,1,9,"{""choice"": ""50""} | {""choice"": 10} | {""choice"": 0} | {""choice"": ""100""} | {""choice"": 10} | {""choice"": 10} | {""choice"": ""50""} | {""choice"": ""10""} | {""choi",73.74,0
img_0086,176,380,1,9,"{""choice"": 50} | {""choice"": ""50""} | {""choice"": 10} | {""choice"": ""50""} | {""choice"": ""50""} | {""choice"": 10} | {""choice"": ""100""} | {""choice"": ""50""} | {""c",84.16,0
img_0087,626,2710,1,9,"{""choice"": ""500""} | {""choice"": ""500""} | {""choice"": 10} | {""choice"": ""100""} | {""choice"": ""500""} | {""choice"": ""50""} | {""choice"": ""500""} | {""choice"": ""50",84.58,0
img_0088,197,1460,1,9,"{""choice"": 10} | {""choice"": ""500""} | {""choice"": ""50""} | {""choice"": 50} | {""choice"": ""100""} | {""choice"": ""100""} | {""choice"": ""100""} | {""choice"": ""500""}",85.46,0
img_0102,264,2730,1,9,"{""choice"": ""500""} | {""choice"": ""500""} | {""choice"": 10} | {""choice"": ""1000""} | {""choice"": ""100""} | {""choice"": 10} | {""choice"": ""500""} | {""choice"": ""100",41.53,0
img_0094,146,410,1,9,"{""choice"": ""50""} | {""choice"": 50} | {""choice"": 10} | {""choice"": ""50""} | {""choice"": ""50""} | {""choice"": 50} | {""choice"": ""50""} | {""choice"": ""50""} | {""ch",83.21,0
img_0103,505,1950,1,9,"{""choice"": ""500""} | {""choice"": ""100""} | {""choice"": ""50""} | {""choice"": ""500""} | {""choice"": ""100""} | {""choice"": ""50""} | {""choice"": ""500""} | {""choice"": """,41.94,0
img_0089,1557,6050,1,9,"{""choice"": ""500""} | {""choice"": ""500""} | {""choice"": ""500""} | {""choice"": ""1000""} | {""choice"": ""1000""} | {""choice"": ""500""} | {""choice"": ""1000""} | {""choic",87.43,0
img_0095,370,480,1,9,"{""choice"": 0} | {""choice"": ""100""} | {""choice"": 10} | {""choice"": ""50""} | {""choice"": ""100""} | {""choice"": 10} | {""choice"": ""100""} | {""choice"": ""100""} | {",84.37,0
img_0090,792,3360,1,9,"{""choice"": 50} | {""choice"": ""500""} | {""choice"": ""100""} | {""choice"": ""1000""} | {""choice"": ""1000""} | {""choice"": ""100""} | {""choice"": 10} | {""choice"": ""50",88.23,0
img_0101,175,330,1,9,"{""choice"": 0} | {""choice"": ""100""} | {""choice"": ""10""} | {""choice"": 0} | {""choice"": ""100""} | {""choice"": ""10""} | {""choice"": 0} | {""choice"": ""100""} | {""ch",50.13,0
img_0106,1443,6300,1,9,"{""choice"": ""1000""} | {""choice"": ""1000""} | {""choice"": ""100""} | {""choice"": ""1000""} | {""choice"": ""1000""} | {""choice"": ""100""} | {""choice"": ""1000""} | {""cho",43.44,0
img_0097,431,2761,1,9,"{""choice"": ""1000""} | {""choice"": ""1000""} | {""choice"": ""500""} | {""choice"": ""100""} | {""choice"": ""100""} | {""choice"": ""50""} | {""choice"": 1} | {""choice"": 0}",80.89,0
img_0115,291,480,1,9,"{""choice"": ""100""} | {""choice"": ""50""} | {""choice"": 10} | {""choice"": ""100""} | {""choice"": ""50""} | {""choice"": ""10""} | {""choice"": ""100""} | {""choice"": ""50""}",43.14,0
img_0110,460,750,1,9,"{""choice"": ""100""} | {""choice"": ""50""} | {""choice"": ""50""} | {""choice"": ""100""} | {""choice"": ""100""} | {""choice"": ""50""} | {""choice"": ""100""} | {""choice"": ""1",46.28,0
img_0098,249,850,1,9,"{""choice"": ""100""} | {""choice"": ""100""} | {""choice"": ""100""} | {""choice"": ""50""} | {""choice"": ""100""} | {""choice"": ""100""} | {""choice"": ""100""} | {""choice"": ",83.94,0
img_0121,150,440,1,9,"{""choice"": ""10""} | {""choice"": ""100""} | {""choice"": 10} | {""choice"": ""100""} | {""choice"": ""100""} | {""choice"": 10} | {""choice"": ""50""} | {""choice"": ""50""} |",42.29,0
img_0111,157,760,1,9,"{""choice"": 0} | {""choice"": ""50""} | {""choice"": 10} | {""choice"": 0} | {""choice"": ""100""} | {""choice"": 50} | {""choice"": 0} | {""choice"": ""500""} | {""choice""",58.83,0
img_0105,166,480,1,9,"{""choice"": ""50""} | {""choice"": ""50""} | {""choice"": 10} | {""choice"": ""100""} | {""choice"": ""100""} | {""choice"": ""10""} | {""choice"": ""100""} | {""choice"": ""50""}",76.56,0
img_0104,1387,6110,1,9,"{""choice"": ""1000""} | {""choice"": ""1000""} | {""choice"": ""10""} | {""choice"": ""1000""} | {""choice"": ""1000""} | {""choice"": ""50""} | {""choice"": ""1000""} | {""choic",80.20,0
img_0128,811,5110,1,9,"{""choice"": ""0""} | {""choice"": ""1000""} | {""choice"": ""1000""} | {""choice"": ""0""} | {""choice"": ""1000""} | {""choice"": ""100""} | {""choice"": ""10""} | {""choice"": """,45.33,0
img_0120,763,2500,1,9,"{""choice"": ""100""} | {""choice"": ""100""} | {""choice"": ""50""} | {""choice"": ""500""} | {""choice"": ""1000""} | {""choice"": ""100""} | {""choice"": ""100""} | {""choice"":",55.68,0
img_0119,723,3300,1,9,"{""choice"": 0} | {""choice"": ""1000""} | {""choice"": ""100""} | {""choice"": 0} | {""choice"": ""1000""} | {""choice"": ""100""} | {""choice"": 0} | {""choice"": ""1000""} |",56.15,0
img_0122,499,2050,1,9,"{""choice"": ""100""} | {""choice"": ""100""} | {""choice"": ""100""} | {""choice"": ""100""} | {""choice"": ""500""} | {""choice"": ""100""} | {""choice"": ""500""} | {""choice"":",58.95,0
img_0108,188,500,1,9,"{""choice"": 0} | {""choice"": ""100""} | {""choice"": ""100""} | {""choice"": 0} | {""choice"": ""100""} | {""choice"": ""100""} | {""choice"": 0} | {""choice"": ""50""} | {""c",78.70,0
img_0109,441,1080,1,9,"{""choice"": 0} | {""choice"": ""500""} | {""choice"": ""10""} | {""choice"": 0} | {""choice"": ""500""} | {""choice"": 10} | {""choice"": 0} | {""choice"": ""50""} | {""choic",79.06,0
img_0107,335,620,1,9,"{""choice"": ""100""} | {""choice"": ""50""} | {""choice"": ""10""} | {""choice"": ""100""} | {""choice"": ""100""} | {""choice"": ""50""} | {""choice"": ""100""} | {""choice"": ""1",85.19,0
img_0112,1166,5000,1,9,"{""choice"": 0} | {""choice"": ""1000""} | {""choice"": ""1000""} | {""choice"": 0} | {""choice"": ""1000""} | {""choice"": ""500""} | {""choice"": 0} | {""choice"": ""1000""} ",81.97,0
img_0134,152,410,1,9,"{""choice"": ""50""} | {""choice"": ""50""} | {""choice"": 10} | {""choice"": ""50""} | {""choice"": ""50""} | {""choice"": 50} | {""choice"": ""50""} | {""choice"": ""50""} | {""",49.33,0
img_0116,760,5700,1,9,"{""choice"": ""1000""} | {""choice"": ""1000""} | {""choice"": ""100""} | {""choice"": ""1000""} | {""choice"": ""1000""} | {""choice"": ""500""} | {""choice"": ""100""} | {""choi",80.30,0
img_0113,1278,4510,1,9,"{""choice"": ""10""} | {""choice"": ""1000""} | {""choice"": ""500""} | {""choice"": 0} | {""choice"": ""1000""} | {""choice"": ""500""} | {""choice"": 0} | {""choice"": ""1000""",83.12,0
img_0114,800,6250,1,9,"{""choice"": ""1000""} | {""choice"": ""1000""} | {""choice"": ""100""} | {""choice"": ""1000""} | {""choice"": ""1000""} | {""choice"": ""100""} | {""choice"": ""1000""} | {""cho",83.00,0
img_0117,737,2900,1,9,"{""choice"": ""500""} | {""choice"": ""500""} | {""choice"": ""100""} | {""choice"": ""500""} | {""choice"": ""100""} | {""choice"": ""100""} | {""choice"": ""500""} | {""choice"":",87.02,0
img_0124,757,3030,1,9,"{""choice"": 0} | {""choice"": ""1000""} | {""choice"": 10} | {""choice"": 0} | {""choice"": ""1000""} | {""choice"": 10} | {""choice"": 0} | {""choice"": ""1000""} | {""cho",80.68,0
img_0118,964,3800,1,9,"{""choice"": ""100""} | {""choice"": ""500""} | {""choice"": ""500""} | {""choice"": ""500""} | {""choice"": ""1000""} | {""choice"": ""500""} | {""choice"": ""100""} | {""choice""",86.22,0
img_0125,1256,3760,1,9,"{""choice"": ""1000""} | {""choice"": ""500""} | {""choice"": ""100""} | {""choice"": ""1000""} | {""choice"": ""500""} | {""choice"": ""50""} | {""choice"": ""500""} | {""choice""",79.23,0
img_0123,485,700,1,9,"{""choice"": ""100""} | {""choice"": ""50""} | {""choice"": ""50""} | {""choice"": ""100""} | {""choice"": ""100""} | {""choice"": ""50""} | {""choice"": ""50""} | {""choice"": ""10",86.81,0
img_0127,408,1700,1,9,"{""choice"": ""100""} | {""choice"": ""100""} | {""choice"": ""100""} | {""choice"": ""500""} | {""choice"": ""500""} | {""choice"": ""100""} | {""choice"": ""100""} | {""choice"":",82.08,0
img_0126,305,1530,1,9,"{""choice"": 0} | {""choice"": ""500""} | {""choice"": 10} | {""choice"": 0} | {""choice"": ""500""} | {""choice"": 10} | {""choice"": 0} | {""choice"": ""500""} | {""choice",83.66,0
img_0131,475,3040,1,9,"{""choice"": 0} | {""choice"": ""1000""} | {""choice"": 10} | {""choice"": 10} | {""choice"": ""1000""} | {""choice"": 10} | {""choice"": 0} | {""choice"": ""1000""} | {""ch",85.19,0
img_0132,294,880,1,9,"{""choice"": ""500""} | {""choice"": ""100""} | {""choice"": ""10""} | {""choice"": ""100""} | {""choice"": ""50""} | {""choice"": ""10""} | {""choice"": ""50""} | {""choice"": ""50",84.35,0
img_0129,311,630,1,9,"{""choice"": ""100""} | {""choice"": ""100""} | {""choice"": 10} | {""choice"": ""100""} | {""choice"": ""100""} | {""choice"": 10} | {""choice"": ""100""} | {""choice"": ""100""",89.64,0
img_0130,456,4050,1,9,"{""choice"": ""1000""} | {""choice"": ""1000""} | {""choice"": ""10""} | {""choice"": ""1000""} | {""choice"": ""1000""} | {""choice"": ""10""} | {""choice"": ""10""} | {""choice""",89.32,0
img_0133,944,6030,1,9,"{""choice"": ""1000""} | {""choice"": ""1000""} | {""choice"": 10} | {""choice"": ""1000""} | {""choice"": ""1000""} | {""choice"": 10} | {""choice"": ""1000""} | {""choice"": ",84.06,0
img_0135,314,2220,1,9,"{""choice"": ""10""} | {""choice"": ""1000""} | {""choice"": ""10""} | {""choice"": ""0""} | {""choice"": ""1000""} | {""choice"": 50} | {""choice"": ""0""} | {""choice"": ""100""}",86.33,0
img_0143,810,3700,1,9,"{""choice"": ""500""} | {""choice"": ""500""} | {""choice"": ""100""} | {""choice"": ""500""} | {""choice"": ""500""} | {""choice"": ""100""} | {""choice"": ""500""} | {""choice"":",55.82,0
img_0137,751,3250,1,9,"{""choice"": 0} | {""choice"": ""1000""} | {""choice"": ""100""} | {""choice"": 0} | {""choice"": ""1000""} | {""choice"": ""100""} | {""choice"": 0} | {""choice"": ""1000""} |",91.91,0
img_0136,652,5000,1,9,"{""choice"": ""500""} | {""choice"": ""500""} | {""choice"": ""500""} | {""choice"": ""500""} | {""choice"": ""500""} | {""choice"": ""500""} | {""choice"": ""1000""} | {""choice""",94.13,0
img_0138,632,3700,1,9,"{""choice"": ""500""} | {""choice"": ""500""} | {""choice"": ""500""} | {""choice"": ""500""} | {""choice"": ""500""} | {""choice"": ""500""} | {""choice"": ""100""} | {""choice"":",95.53,0
img_0139,428,1430,1,9,"{""choice"": ""100""} | {""choice"": ""100""} | {""choice"": 10} | {""choice"": ""100""} | {""choice"": ""500""} | {""choice"": 10} | {""choice"": ""100""} | {""choice"": ""500""",95.42,0
img_0140,398,840,1,9,"{""choice"": ""50""} | {""choice"": ""100""} | {""choice"": 10} | {""choice"": ""50""} | {""choice"": ""500""} | {""choice"": 10} | {""choice"": ""10""} | {""choice"": ""100""} |",96.25,0
img_0155,845,3350,1,9,"{""choice"": ""1000""} | {""choice"": ""500""} | {""choice"": ""100""} | {""choice"": ""500""} | {""choice"": ""500""} | {""choice"": ""100""} | {""choice"": ""500""} | {""choice""",61.50,0
img_0141,171,440,1,9,"{""choice"": ""100""} | {""choice"": ""100""} | {""choice"": 10} | {""choice"": ""50""} | {""choice"": ""100""} | {""choice"": 10} | {""choice"": 10} | {""choice"": ""50""} | {",94.35,0
img_0144,446,810,1,9,"{""choice"": 0} | {""choice"": ""100""} | {""choice"": ""10""} | {""choice"": 0} | {""choice"": ""100""} | {""choice"": ""50""} | {""choice"": 0} | {""choice"": ""500""} | {""ch",95.28,0
img_0142,353,1250,1,9,"{""choice"": ""100""} | {""choice"": ""100""} | {""choice"": ""50""} | {""choice"": ""500""} | {""choice"": ""100""} | {""choice"": ""100""} | {""choice"": ""100""} | {""choice"": ",100.45,0
img_0145,161,480,1,9,"{""choice"": ""100""} | {""choice"": ""50""} | {""choice"": 10} | {""choice"": ""100""} | {""choice"": ""50""} | {""choice"": 10} | {""choice"": ""100""} | {""choice"": ""50""} |",97.81,0
img_0147,135,290,1,9,"{""choice"": ""50""} | {""choice"": 50} | {""choice"": 10} | {""choice"": ""50""} | {""choice"": 50} | {""choice"": 10} | {""choice"": ""50""} | {""choice"": 10} | {""choice",96.37,0
img_0146,387,1030,1,9,"{""choice"": ""100""} | {""choice"": ""100""} | {""choice"": 10} | {""choice"": ""500""} | {""choice"": ""100""} | {""choice"": 10} | {""choice"": ""100""} | {""choice"": ""100""",98.60,0
img_0149,390,420,1,9,"{""choice"": ""10""} | {""choice"": ""100""} | {""choice"": 10} | {""choice"": ""0""} | {""choice"": ""100""} | {""choice"": ""50""} | {""choice"": 0} | {""choice"": ""100""} | {",96.05,0
img_0148,819,3030,1,9,"{""choice"": 0} | {""choice"": ""1000""} | {""choice"": 10} | {""choice"": 0} | {""choice"": ""1000""} | {""choice"": 10} | {""choice"": 0} | {""choice"": ""1000""} | {""cho",98.76,0
img_0150,396,1330,1,9,"{""choice"": ""100""} | {""choice"": ""500""} | {""choice"": ""10""} | {""choice"": ""50""} | {""choice"": ""500""} | {""choice"": ""10""} | {""choice"": ""50""} | {""choice"": ""10",95.91,0
img_0151,648,3100,1,9,"{""choice"": 0} | {""choice"": ""1000""} | {""choice"": ""500""} | {""choice"": 0} | {""choice"": ""1000""} | {""choice"": 50} | {""choice"": 0} | {""choice"": ""500""} | {""c",95.92,0
img_0153,641,3110,1,9,"{""choice"": 0} | {""choice"": ""1000""} | {""choice"": 50} | {""choice"": 0} | {""choice"": ""1000""} | {""choice"": 50} | {""choice"": 0} | {""choice"": ""1000""} | {""cho",95.24,0
img_0154,354,2160,1,9,"{""choice"": 0} | {""choice"": ""500""} | {""choice"": ""100""} | {""choice"": 0} | {""choice"": ""1000""} | {""choice"": ""50""} | {""choice"": 0} | {""choice"": ""500""} | {""",97.35,0
img_0152,901,3070,1,9,"{""choice"": ""500""} | {""choice"": ""500""} | {""choice"": ""50""} | {""choice"": ""500""} | {""choice"": ""500""} | {""choice"": 10} | {""choice"": ""500""} | {""choice"": ""50",98.82,0
img_0157,471,1950,1,9,"{""choice"": ""500""} | {""choice"": ""100""} | {""choice"": ""50""} | {""choice"": ""500""} | {""choice"": ""100""} | {""choice"": ""50""} | {""choice"": ""500""} | {""choice"": """,98.17,0
img_0158,247,980,1,9,"{""choice"": ""50""} | {""choice"": ""100""} | {""choice"": 10} | {""choice"": ""500""} | {""choice"": ""100""} | {""choice"": 10} | {""choice"": ""100""} | {""choice"": ""100""}",98.35,0
img_0156,2075,5650,1,9,"{""choice"": ""1000""} | {""choice"": ""1000""} | {""choice"": ""100""} | {""choice"": ""500""} | {""choice"": ""1000""} | {""choice"": ""500""} | {""choice"": ""50""} | {""choice",101.86,0
img_0159,469,2630,1,9,"{""choice"": ""500""} | {""choice"": ""500""} | {""choice"": 10} | {""choice"": ""1000""} | {""choice"": ""500""} | {""choice"": 10} | {""choice"": 10} | {""choice"": ""50""} |",98.37,0
img_0161,313,580,1,9,"{""choice"": ""100""} | {""choice"": ""100""} | {""choice"": 10} | {""choice"": ""100""} | {""choice"": ""100""} | {""choice"": 10} | {""choice"": ""50""} | {""choice"": ""100""}",98.26,0
img_0160,1063,4150,1,9,"{""choice"": ""1000""} | {""choice"": ""1000""} | {""choice"": ""50""} | {""choice"": ""500""} | {""choice"": ""1000""} | {""choice"": ""50""} | {""choice"": ""0""} | {""choice"": ",101.19,0
img_0162,279,460,1,9,"{""choice"": 0} | {""choice"": ""100""} | {""choice"": ""100""} | {""choice"": 0} | {""choice"": ""100""} | {""choice"": ""50""} | {""choice"": 0} | {""choice"": ""100""} | {""c",98.45,0
img_0163,372,450,1,9,"{""choice"": 0} | {""choice"": ""100""} | {""choice"": 50} | {""choice"": 0} | {""choice"": ""100""} | {""choice"": ""50""} | {""choice"": 0} | {""choice"": ""100""} | {""choi",98.59,0
img_0165,198,600,1,9,"{""choice"": ""50""} | {""choice"": ""100""} | {""choice"": ""100""} | {""choice"": ""50""} | {""choice"": ""50""} | {""choice"": ""100""} | {""choice"": ""50""} | {""choice"": ""50",96.94,0
img_0164,1586,6200,1,9,"{""choice"": ""1000""} | {""choice"": ""1000""} | {""choice"": ""100""} | {""choice"": ""1000""} | {""choice"": ""1000""} | {""choice"": ""500""} | {""choice"": ""1000""} | {""cho",101.48,0
img_0175,117,110,1,9,"{""choice"": 0} | {""choice"": ""10""} | {""choice"": 10} | {""choice"": 0} | {""choice"": ""50""} | {""choice"": 10} | {""choice"": ""10""} | {""choice"": ""10""} | {""choice",55.61,0
img_0166,2315,5800,1,9,"{""choice"": ""1000""} | {""choice"": ""1000""} | {""choice"": ""100""} | {""choice"": ""1000""} | {""choice"": ""1000""} | {""choice"": ""100""} | {""choice"": ""1000""} | {""cho",102.94,0
img_0168,138,390,1,9,"{""choice"": ""100""} | {""choice"": 50} | {""choice"": 10} | {""choice"": ""100""} | {""choice"": ""50""} | {""choice"": 10} | {""choice"": ""50""} | {""choice"": 10} | {""ch",96.37,0
img_0167,4195,6200,1,9,"{""choice"": ""500""} | {""choice"": ""1000""} | {""choice"": ""500""} | {""choice"": ""1000""} | {""choice"": ""1000""} | {""choice"": ""100""} | {""choice"": ""1000""} | {""choi",101.69,0
img_0170,148,370,1,9,"{""choice"": ""50""} | {""choice"": ""50""} | {""choice"": ""50""} | {""choice"": ""50""} | {""choice"": ""50""} | {""choice"": ""10""} | {""choice"": ""50""} | {""choice"": ""50""} ",83.44,0
img_0174,259,1320,1,9,"{""choice"": ""10""} | {""choice"": ""100""} | {""choice"": ""50""} | {""choice"": 10} | {""choice"": ""50""} | {""choice"": ""50""} | {""choice"": 0} | {""choice"": ""1000""} | ",68.33,0
img_0177,272,1730,1,9,"{""choice"": ""500""} | {""choice"": ""100""} | {""choice"": 10} | {""choice"": ""50""} | {""choice"": ""50""} | {""choice"": 10} | {""choice"": ""500""} | {""choice"": ""500""} ",61.40,0
img_0169,174,1130,1,9,"{""choice"": ""0""} | {""choice"": ""500""} | {""choice"": 10} | {""choice"": ""0""} | {""choice"": ""500""} | {""choice"": 10} | {""choice"": 0} | {""choice"": ""100""} | {""ch",95.50,0
img_0171,608,5350,1,9,"{""choice"": ""100""} | {""choice"": ""1000""} | {""choice"": ""100""} | {""choice"": ""1000""} | {""choice"": ""1000""} | {""choice"": ""50""} | {""choice"": ""1000""} | {""choic",96.44,0
img_0172,110,1000,1,9,"{""choice"": 0} | {""choice"": ""100""} | {""choice"": ""100""} | {""choice"": 0} | {""choice"": ""500""} | {""choice"": ""100""} | {""choice"": 0} | {""choice"": ""100""} | {""",93.21,0
img_0191,532,3180,1,9,"{""choice"": ""1000""} | {""choice"": ""50""} | {""choice"": 10} | {""choice"": ""1000""} | {""choice"": 50} | {""choice"": ""10""} | {""choice"": ""1000""} | {""choice"": ""50""",44.16,0
img_0173,883,2270,1,9,"{""choice"": ""10""} | {""choice"": ""500""} | {""choice"": ""100""} | {""choice"": 10} | {""choice"": ""500""} | {""choice"": ""500""} | {""choice"": ""50""} | {""choice"": ""500",93.18,0
img_0194,159,430,1,9,"{""choice"": 50} | {""choice"": ""100""} | {""choice"": 10} | {""choice"": 50} | {""choice"": ""50""} | {""choice"": 10} | {""choice"": 50} | {""choice"": ""100""} | {""choi",43.48,0
img_0195,211,480,1,9,"{""choice"": ""50""} | {""choice"": ""100""} | {""choice"": ""10""} | {""choice"": ""50""} | {""choice"": ""100""} | {""choice"": ""10""} | {""choice"": ""50""} | {""choice"": ""100",42.60,0
img_0176,326,3030,1,9,"{""choice"": 0} | {""choice"": ""1000""} | {""choice"": 10} | {""choice"": 0} | {""choice"": ""1000""} | {""choice"": 10} | {""choice"": 0} | {""choice"": ""1000""} | {""cho",92.25,0
img_0178,400,4100,1,9,"{""choice"": 0} | {""choice"": ""1000""} | {""choice"": ""100""} | {""choice"": 0} | {""choice"": ""1000""} | {""choice"": ""500""} | {""choice"": 0} | {""choice"": ""1000""} |",90.42,0
img_0180,1315,4300,1,9,"{""choice"": ""1000""} | {""choice"": ""1000""} | {""choice"": ""50""} | {""choice"": ""500""} | {""choice"": ""1000""} | {""choice"": ""100""} | {""choice"": ""50""} | {""choice""",86.90,0
img_0179,2021,6000,1,9,"{""choice"": ""0""} | {""choice"": ""1000""} | {""choice"": ""1000""} | {""choice"": 0} | {""choice"": ""1000""} | {""choice"": ""1000""} | {""choice"": 0} | {""choice"": ""1000",90.86,0
img_0181,466,2170,1,9,"{""choice"": 10} | {""choice"": 10} | {""choice"": 0} | {""choice"": 0} | {""choice"": ""1000""} | {""choice"": ""50""} | {""choice"": 0} | {""choice"": ""1000""} | {""choic",87.96,0
img_0202,864,3850,1,9,"{""choice"": ""0""} | {""choice"": ""1000""} | {""choice"": ""100""} | {""choice"": ""100""} | {""choice"": ""1000""} | {""choice"": ""100""} | {""choice"": ""500""} | {""choice"":",41.52,0
img_0186,158,630,1,9,"{""choice"": ""100""} | {""choice"": ""100""} | {""choice"": 10} | {""choice"": ""100""} | {""choice"": ""100""} | {""choice"": 10} | {""choice"": ""100""} | {""choice"": ""100""",82.57,0
img_0182,269,1250,1,9,"{""choice"": ""500""} | {""choice"": ""100""} | {""choice"": 10} | {""choice"": ""500""} | {""choice"": 10} | {""choice"": 10} | {""choice"": ""100""} | {""choice"": 10} | {""",89.76,0
img_0185,507,3030,1,9,"{""choice"": 0} | {""choice"": ""1000""} | {""choice"": 10} | {""choice"": 0} | {""choice"": ""1000""} | {""choice"": 10} | {""choice"": 0} | {""choice"": ""1000""} | {""cho",89.41,0
img_0183,1758,3730,1,9,"{""choice"": ""1000""} | {""choice"": ""500""} | {""choice"": 10} | {""choice"": ""1000""} | {""choice"": ""100""} | {""choice"": 10} | {""choice"": ""1000""} | {""choice"": ""1",91.41,0
img_0187,403,2010,1,9,"{""choice"": ""0""} | {""choice"": ""0""} | {""choice"": ""500""} | {""choice"": 0} | {""choice"": ""10""} | {""choice"": ""1000""} | {""choice"": 0} | {""choice"": 0} | {""choi",88.83,0
img_0184,2166,7010,1,9,"{""choice"": ""1000""} | {""choice"": ""1000""} | {""choice"": ""1000""} | {""choice"": ""1000""} | {""choice"": ""1000""} | {""choice"": ""500""} | {""choice"": ""500""} | {""cho",93.60,0
img_0188,275,480,1,9,"{""choice"": ""100""} | {""choice"": ""50""} | {""choice"": ""10""} | {""choice"": ""100""} | {""choice"": ""50""} | {""choice"": 10} | {""choice"": ""100""} | {""choice"": ""50""}",79.75,0
img_0189,122,150,1,9,"{""choice"": 0} | {""choice"": 0} | {""choice"": 0} | {""choice"": 10} | {""choice"": 10} | {""choice"": 10} | {""choice"": ""100""} | {""choice"": 10} | {""choice"": 10}",84.03,0
img_0193,210,930,1,9,"{""choice"": ""100""} | {""choice"": ""50""} | {""choice"": 10} | {""choice"": ""500""} | {""choice"": ""100""} | {""choice"": 10} | {""choice"": ""100""} | {""choice"": ""50""} ",81.00,0
img_0190,732,1950,1,9,"{""choice"": ""100""} | {""choice"": ""100""} | {""choice"": ""500""} | {""choice"": ""50""} | {""choice"": ""100""} | {""choice"": ""500""} | {""choice"": ""50""} | {""choice"": """,89.03,0
img_0192,195,430,1,9,"{""choice"": ""50""} | {""choice"": ""50""} | {""choice"": 10} | {""choice"": ""100""} | {""choice"": ""50""} | {""choice"": 10} | {""choice"": ""100""} | {""choice"": ""50""} | ",86.06,0
img_0209,143,2150,1,9,"{""choice"": 0} | {""choice"": ""500""} | {""choice"": ""50""} | {""choice"": 0} | {""choice"": ""500""} | {""choice"": 50} | {""choice"": 0} | {""choice"": ""1000""} | {""cho",42.36,0
img_0201,719,3730,1,9,"{""choice"": ""1000""} | {""choice"": ""100""} | {""choice"": 10} | {""choice"": ""1000""} | {""choice"": ""500""} | {""choice"": ""10""} | {""choice"": ""1000""} | {""choice"": ",70.00,0
img_0197,165,2330,1,9,"{""choice"": ""500""} | {""choice"": ""100""} | {""choice"": 10} | {""choice"": ""1000""} | {""choice"": ""500""} | {""choice"": 10} | {""choice"": ""100""} | {""choice"": ""100",80.84,0
img_0196,287,1750,1,9,"{""choice"": 0} | {""choice"": ""1000""} | {""choice"": ""50""} | {""choice"": 0} | {""choice"": ""500""} | {""choice"": 50} | {""choice"": 0} | {""choice"": ""100""} | {""cho",86.75,0
img_0198,104,280,1,9,"{""choice"": ""10""} | {""choice"": ""50""} | {""choice"": 10} | {""choice"": ""50""} | {""choice"": ""50""} | {""choice"": 10} | {""choice"": ""50""} | {""choice"": ""50""} | {""",85.73,0
img_0199,263,480,1,9,"{""choice"": ""50""} | {""choice"": ""100""} | {""choice"": ""100""} | {""choice"": ""10""} | {""choice"": ""100""} | {""choice"": ""50""} | {""choice"": ""10""} | {""choice"": ""50",84.56,0
img_0203,368,2130,1,9,"{""choice"": ""0""} | {""choice"": ""1000""} | {""choice"": 10} | {""choice"": ""0""} | {""choice"": ""500""} | {""choice"": 10} | {""choice"": ""100""} | {""choice"": ""500""} |",77.69,0
img_0204,522,2530,1,9,"{""choice"": 0} | {""choice"": ""500""} | {""choice"": ""10""} | {""choice"": 0} | {""choice"": ""1000""} | {""choice"": ""10""} | {""choice"": 0} | {""choice"": ""1000""} | {""",77.37,0
img_0200,299,3630,1,9,"{""choice"": ""500""} | {""choice"": ""100""} | {""choice"": 10} | {""choice"": ""1000""} | {""choice"": ""500""} | {""choice"": ""10""} | {""choice"": ""1000""} | {""choice"": """,88.19,0
img_0205,778,2610,1,9,"{""choice"": 0} | {""choice"": ""1000""} | {""choice"": ""10""} | {""choice"": ""0""} | {""choice"": ""1000""} | {""choice"": ""50""} | {""choice"": ""0""} | {""choice"": ""500""} ",79.25,0
img_0219,535,3030,1,9,"{""choice"": ""500""} | {""choice"": ""500""} | {""choice"": 10} | {""choice"": ""500""} | {""choice"": ""500""} | {""choice"": 10} | {""choice"": ""500""} | {""choice"": ""500""",61.53,0
img_0212,218,430,1,9,"{""choice"": ""50""} | {""choice"": ""50""} | {""choice"": ""10""} | {""choice"": ""100""} | {""choice"": ""100""} | {""choice"": 10} | {""choice"": ""50""} | {""choice"": ""50""} ",73.38,0
img_0206,2870,3300,1,9,"{""choice"": 0} | {""choice"": ""1000""} | {""choice"": ""100""} | {""choice"": 0} | {""choice"": ""1000""} | {""choice"": ""100""} | {""choice"": 0} | {""choice"": ""1000""} |",86.26,0
img_0207,463,3630,1,9,"{""choice"": ""1000""} | {""choice"": ""1000""} | {""choice"": 10} | {""choice"": ""0""} | {""choice"": ""1000""} | {""choice"": 10} | {""choice"": ""100""} | {""choice"": ""500",87.50,0
img_0208,204,530,1,9,"{""choice"": ""50""} | {""choice"": 50} | {""choice"": 10} | {""choice"": 100} | {""choice"": 100} | {""choice"": 10} | {""choice"": ""100""} | {""choice"": ""100""} | {""ch",90.01,0
img_0211,434,2080,1,9,"{""choice"": ""0""} | {""choice"": ""50""} | {""choice"": 10} | {""choice"": ""0""} | {""choice"": ""1000""} | {""choice"": 10} | {""choice"": ""0""} | {""choice"": ""1000""} | {",87.16,0
img_0210,421,3700,1,9,"{""choice"": 0} | {""choice"": ""1000""} | {""choice"": ""500""} | {""choice"": 0} | {""choice"": ""1000""} | {""choice"": ""100""} | {""choice"": 0} | {""choice"": ""1000""} |",89.32,0
img_0215,1048,4300,1,9,"{""choice"": ""100""} | {""choice"": ""1000""} | {""choice"": ""1000""} | {""choice"": 0} | {""choice"": ""0""} | {""choice"": ""1000""} | {""choice"": ""100""} | {""choice"": ""1",76.57,0
img_0218,712,2230,1,9,"{""choice"": ""500""} | {""choice"": ""500""} | {""choice"": ""10""} | {""choice"": ""100""} | {""choice"": ""500""} | {""choice"": 10} | {""choice"": ""100""} | {""choice"": ""50",75.81,0
img_0213,266,2130,1,9,"{""choice"": ""500""} | {""choice"": ""500""} | {""choice"": 10} | {""choice"": ""500""} | {""choice"": ""500""} | {""choice"": 10} | {""choice"": ""50""} | {""choice"": ""50""} ",88.16,0
img_0214,514,2140,1,9,"{""choice"": ""500""} | {""choice"": ""500""} | {""choice"": 10} | {""choice"": ""100""} | {""choice"": ""500""} | {""choice"": 10} | {""choice"": ""10""} | {""choice"": ""500""}",91.04,0
img_0217,1775,3140,1,9,"{""choice"": ""1000""} | {""choice"": ""50""} | {""choice"": 10} | {""choice"": ""1000""} | {""choice"": ""50""} | {""choice"": 10} | {""choice"": ""1000""} | {""choice"": ""10""",88.35,0
img_0216,593,2780,1,9,"{""choice"": ""100""} | {""choice"": ""1000""} | {""choice"": 10} | {""choice"": ""100""} | {""choice"": ""1000""} | {""choice"": 10} | {""choice"": ""50""} | {""choice"": ""500",89.26,0
img_0220,2746,5250,1,9,"{""choice"": ""500""} | {""choice"": ""500""} | {""choice"": ""100""} | {""choice"": ""1000""} | {""choice"": ""1000""} | {""choice"": ""100""} | {""choice"": ""1000""} | {""choic",87.02,0
img_0235,125,380,1,9,"{""choice"": ""50""} | {""choice"": ""100""} | {""choice"": 10} | {""choice"": ""50""} | {""choice"": ""100""} | {""choice"": 10} | {""choice"": ""10""} | {""choice"": ""50""} | ",53.69,0
img_0221,1709,4350,1,9,"{""choice"": ""1000""} | {""choice"": ""1000""} | {""choice"": ""100""} | {""choice"": ""1000""} | {""choice"": ""500""} | {""choice"": ""100""} | {""choice"": ""500""} | {""choic",89.66,0
img_0236,267,770,1,9,"{""choice"": 0} | {""choice"": ""100""} | {""choice"": 10} | {""choice"": 0} | {""choice"": ""500""} | {""choice"": ""50""} | {""choice"": 0} | {""choice"": ""100""} | {""choi",55.84,0
img_0222,1890,4800,1,9,"{""choice"": ""1000""} | {""choice"": ""500""} | {""choice"": ""100""} | {""choice"": ""1000""} | {""choice"": ""500""} | {""choice"": ""100""} | {""choice"": ""1000""} | {""choic",90.76,0
img_0223,1826,6110,1,9,"{""choice"": ""10""} | {""choice"": ""1000""} | {""choice"": ""1000""} | {""choice"": 100} | {""choice"": ""1000""} | {""choice"": ""1000""} | {""choice"": 0} | {""choice"": ""1",91.88,0
img_0224,379,750,1,9,"{""choice"": ""100""} | {""choice"": ""100""} | {""choice"": 50} | {""choice"": ""100""} | {""choice"": ""100""} | {""choice"": 50} | {""choice"": ""100""} | {""choice"": ""100""",89.36,0
img_0238,170,530,1,9,"{""choice"": ""50""} | {""choice"": ""100""} | {""choice"": ""10""} | {""choice"": ""100""} | {""choice"": ""100""} | {""choice"": ""10""} | {""choice"": ""100""} | {""choice"": ""5",55.66,0
img_0234,244,480,1,9,"{""choice"": ""100""} | {""choice"": ""50""} | {""choice"": ""10""} | {""choice"": ""100""} | {""choice"": ""50""} | {""choice"": 10} | {""choice"": ""100""} | {""choice"": ""50""}",67.87,0
img_0225,1191,3300,1,9,"{""choice"": ""500""} | {""choice"": ""500""} | {""choice"": ""100""} | {""choice"": ""500""} | {""choice"": ""500""} | {""choice"": ""100""} | {""choice"": ""500""} | {""choice"":",90.63,0
img_0226,1665,7500,1,9,"{""choice"": ""1000""} | {""choice"": ""1000""} | {""choice"": ""500""} | {""choice"": ""1000""} | {""choice"": ""1000""} | {""choice"": ""500""} | {""choice"": ""1000""} | {""cho",89.52,0
img_0228,172,630,1,9,"{""choice"": ""100""} | {""choice"": ""100""} | {""choice"": ""10""} | {""choice"": ""100""} | {""choice"": ""100""} | {""choice"": ""10""} | {""choice"": ""100""} | {""choice"": """,87.80,0
img_0229,699,2530,1,9,"{""choice"": 0} | {""choice"": ""500""} | {""choice"": 10} | {""choice"": 0} | {""choice"": ""1000""} | {""choice"": 10} | {""choice"": ""0""} | {""choice"": ""1000""} | {""ch",85.80,0
img_0227,612,2450,1,9,"{""choice"": ""1000""} | {""choice"": ""100""} | {""choice"": ""50""} | {""choice"": ""500""} | {""choice"": ""100""} | {""choice"": 50} | {""choice"": ""500""} | {""choice"": ""1",88.98,0
img_0231,682,6150,1,9,"{""choice"": ""1000""} | {""choice"": ""1000""} | {""choice"": ""50""} | {""choice"": ""1000""} | {""choice"": ""1000""} | {""choice"": ""50""} | {""choice"": ""1000""} | {""choic",84.66,0
img_0239,306,1280,1,9,"{""choice"": ""100""} | {""choice"": ""100""} | {""choice"": 10} | {""choice"": ""10""} | {""choice"": ""500""} | {""choice"": ""10""} | {""choice"": 0} | {""choice"": ""500""} |",52.28,0
img_0242,238,1610,1,9,"{""choice"": ""0""} | {""choice"": ""500""} | {""choice"": ""10""} | {""choice"": 0} | {""choice"": ""500""} | {""choice"": 50} | {""choice"": 0} | {""choice"": ""500""} | {""ch",48.10,0
img_0230,1454,5620,1,9,"{""choice"": 10} | {""choice"": ""500""} | {""choice"": ""1000""} | {""choice"": 10} | {""choice"": ""1000""} | {""choice"": ""1000""} | {""choice"": ""100""} | {""choice"": ""1",91.23,0
img_0232,419,2080,1,9,"{""choice"": 0} | {""choice"": ""500""} | {""choice"": 10} | {""choice"": 0} | {""choice"": ""1000""} | {""choice"": 10} | {""choice"": ""50""} | {""choice"": ""500""} | {""ch",88.58,0
img_0243,289,1380,1,9,"{""choice"": ""100""} | {""choice"": ""500""} | {""choice"": 10} | {""choice"": ""100""} | {""choice"": ""500""} | {""choice"": 10} | {""choice"": ""100""} | {""choice"": ""50""}",51.05,0
img_0233,332,850,1,9,"{""choice"": 0} | {""choice"": ""100""} | {""choice"": ""50""} | {""choice"": 0} | {""choice"": ""500""} | {""choice"": ""50""} | {""choice"": 0} | {""choice"": ""100""} | {""ch",89.84,0
img_0237,178,340,1,9,"{""choice"": ""10""} | {""choice"": ""50""} | {""choice"": ""10""} | {""choice"": ""50""} | {""choice"": ""50""} | {""choice"": 10} | {""choice"": ""100""} | {""choice"": ""50""} |",84.12,0
img_0252,340,1530,1,9,"{""choice"": 0} | {""choice"": ""500""} | {""choice"": 10} | {""choice"": 0} | {""choice"": ""500""} | {""choice"": 10} | {""choice"": 0} | {""choice"": ""500""} | {""choice",42.40,0
img_0257,2371,5500,1,9,"{""choice"": 0} | {""choice"": ""1000""} | {""choice"": ""1000""} | {""choice"": 0} | {""choice"": ""1000""} | {""choice"": ""1000""} | {""choice"": 0} | {""choice"": ""1000""}",50.17,0
img_0245,308,1740,1,9,"{""choice"": ""100""} | {""choice"": ""50""} | {""choice"": 10} | {""choice"": ""1000""} | {""choice"": ""500""} | {""choice"": 10} | {""choice"": 10} | {""choice"": ""50""} | ",74.56,0
img_0241,207,1410,1,9,"{""choice"": 0} | {""choice"": ""100""} | {""choice"": ""100""} | {""choice"": 0} | {""choice"": ""1000""} | {""choice"": ""100""} | {""choice"": 0} | {""choice"": ""100""} | {",84.12,0
img_0240,329,2190,1,9,"{""choice"": 10} | {""choice"": 10} | {""choice"": 0} | {""choice"": ""1000""} | {""choice"": ""100""} | {""choice"": 10} | {""choice"": ""1000""} | {""choice"": 50} | {""ch",85.52,0
img_0244,228,580,1,9,"{""choice"": ""100""} | {""choice"": ""100""} | {""choice"": 10} | {""choice"": ""100""} | {""choice"": ""100""} | {""choice"": 10} | {""choice"": ""100""} | {""choice"": 50} |",84.12,0
img_0247,214,1130,1,9,"{""choice"": 0} | {""choice"": ""500""} | {""choice"": 10} | {""choice"": 0} | {""choice"": ""100""} | {""choice"": 10} | {""choice"": 0} | {""choice"": ""500""} | {""choice",82.20,0
img_0246,1036,2560,1,9,"{""choice"": ""500""} | {""choice"": 10} | {""choice"": 10} | {""choice"": ""1000""} | {""choice"": 10} | {""choice"": 10} | {""choice"": ""1000""} | {""choice"": 10} | {""c",85.85,0
img_0250,65,170,1,9,"{""choice"": 10} | {""choice"": ""50""} | {""choice"": 10} | {""choice"": ""10""} | {""choice"": ""50""} | {""choice"": 10} | {""choice"": 10} | {""choice"": ""10""} | {""choi",75.63,0
img_0248,205,1830,1,9,"{""choice"": ""100""} | {""choice"": ""100""} | {""choice"": 10} | {""choice"": ""500""} | {""choice"": ""500""} | {""choice"": 10} | {""choice"": ""100""} | {""choice"": ""500""",83.75,0
img_0251,184,1320,1,9,"{""choice"": ""100""} | {""choice"": ""500""} | {""choice"": ""100""} | {""choice"": 0} | {""choice"": ""500""} | {""choice"": ""100""} | {""choice"": 0} | {""choice"": ""10""} |",79.46,0
img_0249,83,190,1,9,"{""choice"": 0} | {""choice"": ""50""} | {""choice"": ""10""} | {""choice"": 0} | {""choice"": ""50""} | {""choice"": 10} | {""choice"": 10} | {""choice"": 50} | {""choice"":",82.06,0
img_0253,163,2180,1,9,"{""choice"": ""500""} | {""choice"": ""50""} | {""choice"": 10} | {""choice"": ""1000""} | {""choice"": 50} | {""choice"": 10} | {""choice"": ""500""} | {""choice"": ""50""} | ",79.74,0
img_0263,258,1430,1,9,"{""choice"": ""100""} | {""choice"": ""100""} | {""choice"": 10} | {""choice"": ""500""} | {""choice"": ""100""} | {""choice"": 10} | {""choice"": ""100""} | {""choice"": ""500""",60.61,0
img_0255,3970,6300,1,9,"{""choice"": ""1000""} | {""choice"": ""1000""} | {""choice"": ""100""} | {""choice"": ""1000""} | {""choice"": ""1000""} | {""choice"": ""100""} | {""choice"": ""1000""} | {""cho",79.04,0
img_0265,245,480,1,9,"{""choice"": ""100""} | {""choice"": ""50""} | {""choice"": 10} | {""choice"": ""100""} | {""choice"": ""50""} | {""choice"": 10} | {""choice"": ""100""} | {""choice"": ""50""} |",63.74,0
img_0267,1103,5600,1,9,"{""choice"": ""500""} | {""choice"": ""1000""} | {""choice"": ""500""} | {""choice"": ""500""} | {""choice"": ""1000""} | {""choice"": ""500""} | {""choice"": ""1000""} | {""choic",60.99,0
img_0254,829,4000,1,9,"{""choice"": 0} | {""choice"": ""1000""} | {""choice"": ""500""} | {""choice"": 0} | {""choice"": ""1000""} | {""choice"": ""500""} | {""choice"": 0} | {""choice"": ""500""} | ",82.41,0
img_0258,994,2760,1,9,"{""choice"": 0} | {""choice"": ""500""} | {""choice"": 50} | {""choice"": ""100""} | {""choice"": ""1000""} | {""choice"": 50} | {""choice"": 10} | {""choice"": ""1000""} | {",79.60,0
img_0256,2240,5200,1,9,"{""choice"": ""1000""} | {""choice"": ""500""} | {""choice"": ""100""} | {""choice"": ""1000""} | {""choice"": ""1000""} | {""choice"": ""500""} | {""choice"": ""500""} | {""choic",82.80,0
img_0268,1400,8500,1,9,"{""choice"": ""1000""} | {""choice"": ""500""} | {""choice"": ""1000""} | {""choice"": ""1000""} | {""choice"": ""1000""} | {""choice"": ""1000""} | {""choice"": ""1000""} | {""ch",66.35,0
img_0259,338,1560,1,9,"{""choice"": ""500""} | {""choice"": 10} | {""choice"": 10} | {""choice"": ""500""} | {""choice"": 10} | {""choice"": 10} | {""choice"": ""500""} | {""choice"": 10} | {""cho",79.02,0
img_0264,225,2030,1,9,"{""choice"": ""0""} | {""choice"": ""500""} | {""choice"": 10} | {""choice"": 0} | {""choice"": ""500""} | {""choice"": 10} | {""choice"": 0} | {""choice"": ""1000""} | {""cho",70.83,0
img_0260,2116,6100,1,9,"{""choice"": ""500""} | {""choice"": ""1000""} | {""choice"": ""100""} | {""choice"": ""500""} | {""choice"": ""1000""} | {""choice"": ""500""} | {""choice"": ""1000""} | {""choic",80.08,0
img_0261,343,900,1,9,"{""choice"": ""100""} | {""choice"": ""100""} | {""choice"": ""100""} | {""choice"": ""100""} | {""choice"": ""100""} | {""choice"": ""100""} | {""choice"": ""100""} | {""choice"":",79.50,0
img_0262,550,3280,1,9,"{""choice"": ""1000""} | {""choice"": ""100""} | {""choice"": 10} | {""choice"": ""1000""} | {""choice"": ""100""} | {""choice"": 10} | {""choice"": ""1000""} | {""choice"": ""5",74.93,0
img_0271,916,4140,1,9,"{""choice"": ""10""} | {""choice"": ""1000""} | {""choice"": 10} | {""choice"": ""100""} | {""choice"": ""1000""} | {""choice"": 10} | {""choice"": ""1000""} | {""choice"": ""10",64.71,0
img_0270,276,900,1,9,"{""choice"": ""100""} | {""choice"": ""100""} | {""choice"": ""100""} | {""choice"": ""100""} | {""choice"": ""100""} | {""choice"": ""100""} | {""choice"": ""100""} | {""choice"":",67.11,0
img_0269,3304,8500,1,9,"{""choice"": ""1000""} | {""choice"": ""1000""} | {""choice"": ""1000""} | {""choice"": ""1000""} | {""choice"": ""1000""} | {""choice"": ""1000""} | {""choice"": ""1000""} | {""c",68.66,0
img_0266,3653,9000,1,9,"{""choice"": ""1000""} | {""choice"": ""1000""} | {""choice"": ""1000""} | {""choice"": ""1000""} | {""choice"": ""1000""} | {""choice"": ""1000""} | {""choice"": ""1000""} | {""c",74.13,0
img_0278,518,2050,1,9,"{""choice"": ""100""} | {""choice"": ""100""} | {""choice"": 50} | {""choice"": ""500""} | {""choice"": ""100""} | {""choice"": ""50""} | {""choice"": ""1000""} | {""choice"": ""1",41.20,0
img_0274,457,850,1,9,"{""choice"": ""100""} | {""choice"": ""100""} | {""choice"": ""100""} | {""choice"": ""100""} | {""choice"": ""100""} | {""choice"": ""100""} | {""choice"": ""100""} | {""choice"":",58.86,0
img_0273,948,3000,1,9,"{""choice"": ""50""} | {""choice"": ""500""} | {""choice"": ""100""} | {""choice"": ""50""} | {""choice"": ""1000""} | {""choice"": ""100""} | {""choice"": ""100""} | {""choice"": ",70.16,0
img_0272,1798,8000,1,9,"{""choice"": ""1000""} | {""choice"": ""1000""} | {""choice"": ""500""} | {""choice"": ""1000""} | {""choice"": ""1000""} | {""choice"": ""1000""} | {""choice"": ""1000""} | {""ch",73.62,0
img_0280,558,3070,1,9,"{""choice"": ""500""} | {""choice"": ""500""} | {""choice"": ""10""} | {""choice"": ""500""} | {""choice"": ""500""} | {""choice"": ""50""} | {""choice"": ""500""} | {""choice"": """,45.77,0
img_0279,560,2050,1,9,"{""choice"": ""500""} | {""choice"": ""100""} | {""choice"": ""50""} | {""choice"": ""500""} | {""choice"": ""100""} | {""choice"": ""100""} | {""choice"": ""500""} | {""choice"": ",46.91,0
img_0275,1070,4800,1,9,"{""choice"": ""500""} | {""choice"": ""50""} | {""choice"": ""50""} | {""choice"": ""1000""} | {""choice"": ""1000""} | {""choice"": ""100""} | {""choice"": ""1000""} | {""choice""",55.95,0
img_0282,574,1700,1,9,"{""choice"": ""500""} | {""choice"": ""100""} | {""choice"": ""100""} | {""choice"": ""500""} | {""choice"": ""100""} | {""choice"": ""100""} | {""choice"": ""100""} | {""choice"":",46.13,0
img_0281,871,3900,1,9,"{""choice"": ""500""} | {""choice"": ""500""} | {""choice"": ""100""} | {""choice"": ""500""} | {""choice"": ""1000""} | {""choice"": ""100""} | {""choice"": ""1000""} | {""choice",48.12,0
img_0287,229,560,1,9,"{""choice"": 100} | {""choice"": 50} | {""choice"": 10} | {""choice"": 50} | {""choice"": ""100""} | {""choice"": 50} | {""choice"": 50} | {""choice"": ""100""} | {""choic",38.92,0
img_0276,302,2450,1,9,"{""choice"": ""500""} | {""choice"": ""100""} | {""choice"": ""50""} | {""choice"": ""500""} | {""choice"": ""100""} | {""choice"": ""50""} | {""choice"": ""1000""} | {""choice"": ",61.92,0
img_0277,259,1310,1,9,"{""choice"": 0} | {""choice"": ""100""} | {""choice"": 50} | {""choice"": 0} | {""choice"": ""1000""} | {""choice"": 50} | {""choice"": ""0""} | {""choice"": ""100""} | {""cho",62.80,0
img_0285,582,1550,1,9,"{""choice"": ""100""} | {""choice"": ""100""} | {""choice"": ""50""} | {""choice"": ""500""} | {""choice"": ""100""} | {""choice"": ""50""} | {""choice"": ""500""} | {""choice"": """,46.53,0
img_0289,251,530,1,9,"{""choice"": ""100""} | {""choice"": 50} | {""choice"": 10} | {""choice"": ""100""} | {""choice"": ""100""} | {""choice"": 10} | {""choice"": ""100""} | {""choice"": 50} | {""",39.81,0
img_0291,357,1730,1,9,"{""choice"": 10} | {""choice"": ""500""} | {""choice"": ""50""} | {""choice"": 10} | {""choice"": ""500""} | {""choice"": ""50""} | {""choice"": ""10""} | {""choice"": ""500""} |",41.09,0
img_0290,556,3750,1,9,"{""choice"": ""500""} | {""choice"": ""500""} | {""choice"": ""100""} | {""choice"": ""1000""} | {""choice"": ""500""} | {""choice"": 100} | {""choice"": ""500""} | {""choice"": ",41.48,0
img_0292,260,1450,1,9,"{""choice"": ""500""} | {""choice"": ""100""} | {""choice"": 50} | {""choice"": ""500""} | {""choice"": ""100""} | {""choice"": ""50""} | {""choice"": ""50""} | {""choice"": 50} ",39.38,0
img_0286,937,4900,1,9,"{""choice"": ""1000""} | {""choice"": ""500""} | {""choice"": ""100""} | {""choice"": ""1000""} | {""choice"": ""100""} | {""choice"": ""100""} | {""choice"": ""1000""} | {""choic",47.38,0
img_0283,241,630,1,9,"{""choice"": ""100""} | {""choice"": ""100""} | {""choice"": ""10""} | {""choice"": ""100""} | {""choice"": ""100""} | {""choice"": ""10""} | {""choice"": ""100""} | {""choice"": """,54.73,0
img_0299,165,450,1,9,"{""choice"": ""50""} | {""choice"": 50} | {""choice"": 50} | {""choice"": 50} | {""choice"": ""50""} | {""choice"": 50} | {""choice"": 50} | {""choice"": ""50""} | {""choice",38.66,0
img_0301,207,450,1,9,"{""choice"": ""0""} | {""choice"": ""100""} | {""choice"": ""50""} | {""choice"": ""0""} | {""choice"": ""100""} | {""choice"": ""50""} | {""choice"": 0} | {""choice"": ""50""} | {",41.55,0
img_0284,376,1870,1,9,"{""choice"": ""100""} | {""choice"": ""100""} | {""choice"": 50} | {""choice"": ""500""} | {""choice"": ""500""} | {""choice"": 10} | {""choice"": ""500""} | {""choice"": ""100""",63.16,0
img_0302,315,750,1,9,"{""choice"": ""100""} | {""choice"": ""100""} | {""choice"": ""50""} | {""choice"": ""100""} | {""choice"": ""100""} | {""choice"": ""50""} | {""choice"": ""100""} | {""choice"": """,46.57,0
img_0288,216,600,1,9,"{""choice"": ""50""} | {""choice"": ""100""} | {""choice"": 50} | {""choice"": 100} | {""choice"": ""100""} | {""choice"": 50} | {""choice"": 0} | {""choice"": ""100""} | {""c",62.40,0
img_0293,1433,3700,1,9,"{""choice"": 0} | {""choice"": ""1000""} | {""choice"": ""100""} | {""choice"": ""0""} | {""choice"": ""1000""} | {""choice"": ""500""} | {""choice"": ""0""} | {""choice"": ""1000",61.68,0
img_0305,654,3400,1,9,"{""choice"": ""100""} | {""choice"": ""500""} | {""choice"": ""50""} | {""choice"": ""500""} | {""choice"": ""1000""} | {""choice"": ""100""} | {""choice"": ""100""} | {""choice"":",52.31,0
img_0297,429,2130,1,9,"{""choice"": ""0""} | {""choice"": ""100""} | {""choice"": 10} | {""choice"": ""0""} | {""choice"": ""1000""} | {""choice"": ""10""} | {""choice"": ""0""} | {""choice"": ""1000""} ",63.40,0
img_0296,1341,3460,1,9,"{""choice"": ""1000""} | {""choice"": ""100""} | {""choice"": 100} | {""choice"": ""1000""} | {""choice"": ""100""} | {""choice"": ""50""} | {""choice"": ""1000""} | {""choice"":",66.43,0
img_0294,791,3850,1,9,"{""choice"": ""100""} | {""choice"": ""500""} | {""choice"": ""50""} | {""choice"": ""500""} | {""choice"": ""1000""} | {""choice"": ""100""} | {""choice"": ""500""} | {""choice"":",67.23,0
img_0295,1477,5210,1,9,"{""choice"": ""500""} | {""choice"": ""1000""} | {""choice"": ""100""} | {""choice"": ""1000""} | {""choice"": ""1000""} | {""choice"": ""100""} | {""choice"": ""1000""} | {""choi",68.60,0
img_0300,236,450,1,9,"{""choice"": ""50""} | {""choice"": ""50""} | {""choice"": ""50""} | {""choice"": ""50""} | {""choice"": ""50""} | {""choice"": ""50""} | {""choice"": ""50""} | {""choice"": ""50""} ",65.57,0
img_0298,284,2000,1,9,"{""choice"": ""50""} | {""choice"": ""500""} | {""choice"": ""100""} | {""choice"": ""100""} | {""choice"": ""500""} | {""choice"": ""100""} | {""choice"": ""100""} | {""choice"": ",68.62,0
img_0304,2593,9000,1,9,"{""choice"": ""1000""} | {""choice"": ""1000""} | {""choice"": ""1000""} | {""choice"": ""1000""} | {""choice"": ""1000""} | {""choice"": ""1000""} | {""choice"": ""1000""} | {""c",63.58,0
img_0310,642,3280,1,9,"{""choice"": ""1000""} | {""choice"": ""100""} | {""choice"": 10} | {""choice"": ""1000""} | {""choice"": ""100""} | {""choice"": ""10""} | {""choice"": ""1000""} | {""choice"": ",50.61,0
img_0303,2154,6250,1,9,"{""choice"": ""1000""} | {""choice"": ""1000""} | {""choice"": 50} | {""choice"": ""1000""} | {""choice"": ""1000""} | {""choice"": ""100""} | {""choice"": ""1000""} | {""choice",67.59,0
img_0312,270,480,1,9,"{""choice"": ""100""} | {""choice"": ""50""} | {""choice"": 10} | {""choice"": ""100""} | {""choice"": ""50""} | {""choice"": 10} | {""choice"": ""100""} | {""choice"": ""50""} |",50.45,0
img_0309,663,3800,1,9,"{""choice"": ""500""} | {""choice"": ""500""} | {""choice"": ""50""} | {""choice"": ""1000""} | {""choice"": ""500""} | {""choice"": ""100""} | {""choice"": ""1000""} | {""choice""",56.45,0
img_0307,1077,3710,1,9,"{""choice"": ""10""} | {""choice"": ""500""} | {""choice"": ""1000""} | {""choice"": ""100""} | {""choice"": ""500""} | {""choice"": ""500""} | {""choice"": ""500""} | {""choice"":",65.07,0
img_0306,2702,6110,1,9,"{""choice"": ""1000""} | {""choice"": ""1000""} | {""choice"": 10} | {""choice"": ""1000""} | {""choice"": ""1000""} | {""choice"": ""50""} | {""choice"": ""1000""} | {""choice""",71.30,0
img_0308,3568,6200,1,9,"{""choice"": ""1000""} | {""choice"": ""1000""} | {""choice"": ""50""} | {""choice"": ""1000""} | {""choice"": ""1000""} | {""choice"": ""50""} | {""choice"": ""1000""} | {""choic",69.96,0
img_0321,2472,9000,1,9,"{""choice"": ""1000""} | {""choice"": ""1000""} | {""choice"": ""1000""} | {""choice"": ""1000""} | {""choice"": ""1000""} | {""choice"": ""1000""} | {""choice"": ""1000""} | {""c",55.63,0
img_0313,465,3030,1,9,"{""choice"": 0} | {""choice"": ""1000""} | {""choice"": 10} | {""choice"": 0} | {""choice"": ""1000""} | {""choice"": ""10""} | {""choice"": 0} | {""choice"": ""1000""} | {""c",66.07,0
img_0317,811,3500,1,9,"{""choice"": ""0""} | {""choice"": ""500""} | {""choice"": ""500""} | {""choice"": 0} | {""choice"": ""500""} | {""choice"": ""500""} | {""choice"": 0} | {""choice"": ""1000""} |",62.36,0
img_0311,909,4600,1,9,"{""choice"": ""500""} | {""choice"": ""500""} | {""choice"": ""500""} | {""choice"": ""1000""} | {""choice"": ""500""} | {""choice"": ""500""} | {""choice"": ""100""} | {""choice""",69.22,0
img_0314,820,6030,1,9,"{""choice"": ""1000""} | {""choice"": ""1000""} | {""choice"": 10} | {""choice"": ""1000""} | {""choice"": ""1000""} | {""choice"": 10} | {""choice"": ""1000""} | {""choice"": ",69.12,0
img_0315,383,1320,1,9,"{""choice"": 0} | {""choice"": 10} | {""choice"": 10} | {""choice"": ""100""} | {""choice"": ""500""} | {""choice"": ""50""} | {""choice"": ""100""} | {""choice"": ""500""} | {",68.27,0
img_0324,650,2780,1,9,"{""choice"": ""1000""} | {""choice"": ""100""} | {""choice"": 10} | {""choice"": ""1000""} | {""choice"": ""100""} | {""choice"": 10} | {""choice"": ""500""} | {""choice"": ""50",53.93,0
img_0328,426,2950,1,9,"{""choice"": ""1000""} | {""choice"": ""100""} | {""choice"": ""50""} | {""choice"": ""1000""} | {""choice"": ""100""} | {""choice"": ""50""} | {""choice"": ""500""} | {""choice"":",40.56,0
img_0316,973,4800,1,9,"{""choice"": ""1000""} | {""choice"": ""500""} | {""choice"": ""100""} | {""choice"": ""1000""} | {""choice"": ""500""} | {""choice"": ""100""} | {""choice"": ""1000""} | {""choic",67.72,0
img_0319,922,6000,1,9,"{""choice"": 0} | {""choice"": ""1000""} | {""choice"": ""1000""} | {""choice"": 0} | {""choice"": ""1000""} | {""choice"": ""1000""} | {""choice"": 0} | {""choice"": ""1000""}",66.18,0
img_0318,1616,6150,1,9,"{""choice"": ""1000""} | {""choice"": ""1000""} | {""choice"": ""50""} | {""choice"": ""1000""} | {""choice"": ""1000""} | {""choice"": ""50""} | {""choice"": ""1000""} | {""choic",66.59,0
img_0329,962,2460,1,9,"{""choice"": ""50""} | {""choice"": ""500""} | {""choice"": ""100""} | {""choice"": ""100""} | {""choice"": ""500""} | {""choice"": ""1000""} | {""choice"": ""10""} | {""choice"": ",40.37,0
img_0320,2414,8000,1,9,"{""choice"": ""0""} | {""choice"": ""1000""} | {""choice"": ""1000""} | {""choice"": ""1000""} | {""choice"": ""1000""} | {""choice"": ""1000""} | {""choice"": ""1000""} | {""choi",65.96,0
img_0322,1613,8000,1,9,"{""choice"": ""1000""} | {""choice"": ""1000""} | {""choice"": ""500""} | {""choice"": ""1000""} | {""choice"": ""1000""} | {""choice"": ""500""} | {""choice"": ""1000""} | {""cho",65.79,0
img_0326,165,450,1,9,"{""choice"": ""50""} | {""choice"": ""50""} | {""choice"": ""50""} | {""choice"": ""50""} | {""choice"": ""50""} | {""choice"": ""50""} | {""choice"": ""50""} | {""choice"": ""50""} ",50.68,0
img_0325,1659,9000,1,9,"{""choice"": ""1000""} | {""choice"": ""1000""} | {""choice"": ""1000""} | {""choice"": ""1000""} | {""choice"": ""1000""} | {""choice"": ""1000""} | {""choice"": ""1000""} | {""c",53.81,0
img_0323,2033,6100,1,9,"{""choice"": ""1000""} | {""choice"": ""1000""} | {""choice"": ""500""} | {""choice"": ""500""} | {""choice"": ""1000""} | {""choice"": ""500""} | {""choice"": ""500""} | {""choic",60.71,0
img_0332,770,3600,1,9,"{""choice"": ""1000""} | {""choice"": ""100""} | {""choice"": ""100""} | {""choice"": ""1000""} | {""choice"": ""100""} | {""choice"": ""100""} | {""choice"": ""1000""} | {""choic",36.63,0
img_0333,601,3000,1,9,"{""choice"": ""500""} | {""choice"": ""500""} | {""choice"": ""100""} | {""choice"": ""1000""} | {""choice"": ""100""} | {""choice"": ""100""} | {""choice"": ""500""} | {""choice""",35.23,0
img_0327,1408,6200,1,9,"{""choice"": ""1000""} | {""choice"": ""1000""} | {""choice"": ""500""} | {""choice"": ""1000""} | {""choice"": ""1000""} | {""choice"": ""100""} | {""choice"": ""1000""} | {""cho",48.72,0
img_0334,1508,8000,1,9,"{""choice"": ""1000""} | {""choice"": ""1000""} | {""choice"": ""1000""} | {""choice"": ""1000""} | {""choice"": ""1000""} | {""choice"": ""500""} | {""choice"": ""1000""} | {""ch",34.84,0
img_0330,1668,5300,1,9,"{""choice"": ""1000""} | {""choice"": ""500""} | {""choice"": ""100""} | {""choice"": ""1000""} | {""choice"": ""1000""} | {""choice"": ""100""} | {""choice"": ""1000""} | {""choi",39.59,0
img_0331,2607,5300,1,9,"{""choice"": ""1000""} | {""choice"": ""500""} | {""choice"": ""100""} | {""choice"": ""1000""} | {""choice"": ""1000""} | {""choice"": ""100""} | {""choice"": ""1000""} | {""choi",38.84,0
