item,gt,pred,ntiles,parse_ok,raw,latency_s,abstain
img_0017,191,280,1,4,"{""low"": 80, ""high"": 120} | {""low"": 50, ""high"": 100} | {""low"": 100, ""high"": 200} | {""low"": 50, ""high"": 100}",10.34,0
img_0030,367,415,1,4,"{""low"": 200, ""high"": 300} | {""low"": 7, ""high"": 12} | {""low"": 200, ""high"": 300} | {""low"": 8, ""high"": 15}",10.34,0
img_0022,479,550,1,4,"{""low"": 50, ""high"": 150} | {""low"": 200, ""high"": 500} | {""low"": 100, ""high"": 300} | {""low"": 200, ""high"": 500}",10.53,0
img_0003,350,480,1,4,"{""low"": 300, ""high"": 500} | {""low"": 50, ""high"": 100} | {""low"": 100, ""high"": 300} | {""low"": 30, ""high"": 50}",10.55,0
img_0026,113,200,1,4,"{""low"": 50, ""high"": 100} | {""low"": 50, ""high"": 100} | {""low"": 50, ""high"": 150} | {""low"": 50, ""high"": 100}",10.56,0
img_0010,566,1150,1,4,"{""low"": 500, ""high"": 1500} | {""low"": 100, ""high"": 200} | {""low"": 500, ""high"": 1500} | {""low"": 50, ""high"": 100}",10.78,0
img_0007,77,108,1,4,"{""low"": 50, ""high"": 100} | {""low"": 5, ""high"": 10} | {""low"": 50, ""high"": 100} | {""low"": 3, ""high"": 6}",10.78,0
img_0031,394,500,1,4,"{""low"": 100, ""high"": 200} | {""low"": 100, ""high"": 200} | {""low"": 100, ""high"": 200} | {""low"": 200, ""high"": 500}",10.76,0
img_0011,540,1200,1,4,"{""low"": 500, ""high"": 2000} | {""low"": 100, ""high"": 300} | {""low"": 500, ""high"": 2000} | {""low"": 100, ""high"": 300}",10.78,0
img_0012,434,1200,1,4,"{""low"": 500, ""high"": 1500} | {""low"": 100, ""high"": 300} | {""low"": 500, ""high"": 1500} | {""low"": 100, ""high"": 500}",10.84,0
img_0006,436,650,1,4,"{""low"": 100, ""high"": 300} | {""low"": 300, ""high"": 500} | {""low"": 100, ""high"": 200} | {""low"": 150, ""high"": 300}",11.01,0
img_0013,1528,1900,1,4,"{""low"": 1000, ""high"": 3000} | {""low"": 200, ""high"": 500} | {""low"": 500, ""high"": 1500} | {""low"": 200, ""high"": 300}",11.06,0
img_0028,405,700,1,4,"{""low"": 100, ""high"": 300} | {""low"": 300, ""high"": 500} | {""low"": 100, ""high"": 300} | {""low"": 200, ""high"": 500}",11.22,0
img_0018,141,205,1,4,"{""low"": 5, ""high"": 15} | {""low"": 50, ""high"": 150} | {""low"": 50, ""high"": 150} | {""low"": 100, ""high"": 300}",11.47,0
img_0005,103,100,1,4,"{""low"": 0, ""high"": 0} | {""low"": 50, ""high"": 100} | {""low"": 0, ""high"": 0} | {""low"": 50, ""high"": 100}",11.52,0
img_0016,853,1100,1,4,"{""low"": 200, ""high"": 500} | {""low"": 300, ""high"": 500} | {""low"": 300, ""high"": 600} | {""low"": 300, ""high"": 500}",11.51,0
img_0002,923,1000,1,4,"{""low"": 100, ""high"": 500} | {""low"": 200, ""high"": 500} | {""low"": 500, ""high"": 1500} | {""low"": 200, ""high"": 500}",11.75,0
img_0008,92,100,1,4,"{""low"": 30, ""high"": 50} | {""low"": 20, ""high"": 30} | {""low"": 30, ""high"": 60} | {""low"": 20, ""high"": 30}",11.90,0
img_0024,385,330,1,4,"{""low"": 100, ""high"": 200} | {""low"": 80, ""high"": 120} | {""low"": 100, ""high"": 300} | {""low"": 50, ""high"": 100}",11.89,0
img_0001,977,2600,1,4,"{""low"": 300, ""high"": 500} | {""low"": 1000, ""high"": 2000} | {""low"": 1000, ""high"": 2000} | {""low"": 300, ""high"": 500}",11.94,0
img_0025,319,300,1,4,"{""low"": 100, ""high"": 500} | {""low"": 100, ""high"": 300} | {""low"": 50, ""high"": 150} | {""low"": 50, ""high"": 150}",12.11,0
img_0014,225,230,1,4,"{""low"": 100, ""high"": 200} | {""low"": 15, ""high"": 25} | {""low"": 100, ""high"": 200} | {""low"": 15, ""high"": 25}",12.36,0
img_0027,181,170,1,4,"{""low"": 20, ""high"": 50} | {""low"": 50, ""high"": 100} | {""low"": 50, ""high"": 150} | {""low"": 50, ""high"": 100}",12.35,0
img_0032,674,350,1,4,"{""low"": 100, ""high"": 300} | {""low"": 100, ""high"": 300} | {""low"": 50, ""high"": 150} | {""low"": 100, ""high"": 200}",12.35,0
img_0019,137,230,1,4,"{""low"": 30, ""high"": 100} | {""low"": 50, ""high"": 150} | {""low"": 50, ""high"": 150} | {""low"": 100, ""high"": 200}",12.63,0
img_0015,413,350,1,4,"{""low"": 150, ""high"": 250} | {""low"": 50, ""high"": 100} | {""low"": 100, ""high"": 200} | {""low"": 50, ""high"": 150}",12.82,0
img_0023,274,350,1,4,"{""low"": 0, ""high"": 10} | {""low"": 200, ""high"": 500} | {""low"": 0, ""high"": 10} | {""low"": 150, ""high"": 300}",12.82,0
img_0021,127,185,1,4,"{""low"": 50, ""high"": 100} | {""low"": 15, ""high"": 30} | {""low"": 100, ""high"": 200} | {""low"": 20, ""high"": 30}",13.04,0
img_0009,237,400,1,4,"{""low"": 100, ""high"": 200} | {""low"": 100, ""high"": 200} | {""low"": 100, ""high"": 200} | {""low"": 100, ""high"": 200}",13.05,0
img_0004,183,230,1,4,"{""low"": 50, ""high"": 150} | {""low"": 100, ""high"": 200} | {""low"": 30, ""high"": 100} | {""low"": 50, ""high"": 150}",13.05,0
img_0029,450,430,1,4,"{""low"": 150, ""high"": 300} | {""low"": 100, ""high"": 200} | {""low"": 150, ""high"": 250} | {""low"": 30, ""high"": 50}",13.07,0
img_0020,133,250,1,4,"{""low"": 100, ""high"": 200} | {""low"": 50, ""high"": 100} | {""low"": 50, ""high"": 150} | {""low"": 50, ""high"": 100}",13.73,0
img_0039,88,94,1,4,"{""low"": 30, ""high"": 50} | {""low"": 7, ""high"": 12} | {""low"": 50, ""high"": 100} | {""low"": 7, ""high"": 12}",10.47,0
img_0033,129,95,1,4,"{""low"": 15, ""high"": 30} | {""low"": 15, ""high"": 25} | {""low"": 50, ""high"": 100} | {""low"": 15, ""high"": 25}",12.19,0
img_0040,201,270,1,4,"{""low"": 100, ""high"": 200} | {""low"": 50, ""high"": 100} | {""low"": 100, ""high"": 200} | {""low"": 20, ""high"": 40}",12.21,0
img_0044,169,160,1,4,"{""low"": 50, ""high"": 150} | {""low"": 30, ""high"": 50} | {""low"": 50, ""high"": 100} | {""low"": 30, ""high"": 50}",11.93,0
img_0041,960,1400,1,4,"{""low"": 300, ""high"": 500} | {""low"": 50, ""high"": 150} | {""low"": 1000, ""high"": 2000} | {""low"": 50, ""high"": 150}",12.50,0
img_0047,100,140,1,4,"{""low"": 50, ""high"": 100} | {""low"": 30, ""high"": 50} | {""low"": 30, ""high"": 100} | {""low"": 30, ""high"": 50}",11.77,0
img_0037,2530,2700,1,4,"{""low"": 1000, ""high"": 3000} | {""low"": 200, ""high"": 500} | {""low"": 1000, ""high"": 2000} | {""low"": 500, ""high"": 1500}",12.95,0
img_0038,297,260,1,4,"{""low"": 100, ""high"": 200} | {""low"": 10, ""high"": 20} | {""low"": 100, ""high"": 200} | {""low"": 50, ""high"": 100}",12.75,0
img_0034,221,161,1,4,"{""low"": 50, ""high"": 150} | {""low"": 6, ""high"": 12} | {""low"": 100, ""high"": 200} | {""low"": 5, ""high"": 10}",13.35,0
img_0036,302,175,1,4,"{""low"": 50, ""high"": 150} | {""low"": 15, ""high"": 30} | {""low"": 100, ""high"": 300} | {""low"": 10, ""high"": 20}",13.16,0
img_0045,153,125,1,4,"{""low"": 50, ""high"": 150} | {""low"": 10, ""high"": 20} | {""low"": 50, ""high"": 150} | {""low"": 15, ""high"": 30}",12.69,0
img_0042,130,164,1,4,"{""low"": 100, ""high"": 200} | {""low"": 7, ""high"": 12} | {""low"": 50, ""high"": 100} | {""low"": 7, ""high"": 12}",13.14,0
img_0046,177,210,1,4,"{""low"": 100, ""high"": 200} | {""low"": 50, ""high"": 100} | {""low"": 30, ""high"": 50} | {""low"": 30, ""high"": 50}",12.67,0
img_0051,187,230,1,4,"{""low"": 100, ""high"": 200} | {""low"": 20, ""high"": 40} | {""low"": 80, ""high"": 120} | {""low"": 30, ""high"": 60}",12.41,0
img_0043,155,160,1,4,"{""low"": 50, ""high"": 100} | {""low"": 30, ""high"": 50} | {""low"": 50, ""high"": 100} | {""low"": 30, ""high"": 50}",13.31,0
img_0052,139,118,1,4,"{""low"": 50, ""high"": 150} | {""low"": 8, ""high"": 15} | {""low"": 50, ""high"": 150} | {""low"": 10, ""high"": 20}",12.65,0
img_0054,597,700,1,4,"{""low"": 500, ""high"": 1500} | {""low"": 50, ""high"": 150} | {""low"": 100, ""high"": 500} | {""low"": 50, ""high"": 150}",12.22,0
img_0035,1018,2500,1,4,"{""low"": 1000, ""high"": 2000} | {""low"": 500, ""high"": 1500} | {""low"": 500, ""high"": 1500} | {""low"": 500, ""high"": 1000}",14.25,0
img_0048,1211,1800,1,4,"{""low"": 200, ""high"": 500} | {""low"": 500, ""high"": 1500} | {""low"": 100, ""high"": 300} | {""low"": 1000, ""high"": 2000}",13.73,0
img_0053,954,1550,1,4,"{""low"": 1000, ""high"": 2000} | {""low"": 300, ""high"": 500} | {""low"": 100, ""high"": 200} | {""low"": 150, ""high"": 250}",13.12,0
img_0049,2494,7000,1,4,"{""low"": 500, ""high"": 1500} | {""low"": 1000, ""high"": 2000} | {""low"": 500, ""high"": 1000} | {""low"": 5000, ""high"": 10000}",13.51,0
img_0050,425,400,1,4,"{""low"": 100, ""high"": 200} | {""low"": 100, ""high"": 200} | {""low"": 100, ""high"": 200} | {""low"": 100, ""high"": 200}",13.54,0
img_0057,687,350,1,4,"{""low"": 100, ""high"": 300} | {""low"": 50, ""high"": 150} | {""low"": 100, ""high"": 300} | {""low"": 100, ""high"": 300}",12.84,0
img_0055,361,700,1,4,"{""low"": 300, ""high"": 500} | {""low"": 100, ""high"": 200} | {""low"": 200, ""high"": 500} | {""low"": 100, ""high"": 200}",13.31,0
img_0056,194,280,1,4,"{""low"": 50, ""high"": 150} | {""low"": 100, ""high"": 200} | {""low"": 30, ""high"": 100} | {""low"": 100, ""high"": 200}",13.34,0
img_0060,227,400,1,4,"{""low"": 100, ""high"": 200} | {""low"": 100, ""high"": 200} | {""low"": 100, ""high"": 200} | {""low"": 100, ""high"": 200}",12.85,0
img_0061,236,250,1,4,"{""low"": 50, ""high"": 150} | {""low"": 50, ""high"": 100} | {""low"": 100, ""high"": 200} | {""low"": 50, ""high"": 100}",12.89,0
img_0063,1149,620,1,4,"{""low"": 100, ""high"": 500} | {""low"": 10, ""high"": 20} | {""low"": 500, ""high"": 1500} | {""low"": 10, ""high"": 20}",13.06,0
img_0059,452,550,1,4,"{""low"": 200, ""high"": 300} | {""low"": 100, ""high"": 200} | {""low"": 150, ""high"": 250} | {""low"": 100, ""high"": 200}",13.54,0
img_0058,4535,10600,1,4,"{""low"": 5000, ""high"": 10000} | {""low"": 300, ""high"": 500} | {""low"": 5000, ""high"": 10000} | {""low"": 300, ""high"": 500}",13.73,0
img_0062,2638,6800,1,4,"{""low"": 1000, ""high"": 5000} | {""low"": 300, ""high"": 500} | {""low"": 5000, ""high"": 10000} | {""low"": 500, ""high"": 1500}",14.15,0
img_0064,1357,2200,1,4,"{""low"": 1000, ""high"": 2000} | {""low"": 100, ""high"": 200} | {""low"": 1000, ""high"": 2000} | {""low"": 100, ""high"": 200}",13.90,0
img_0068,363,500,1,4,"{""low"": 300, ""high"": 500} | {""low"": 100, ""high"": 200} | {""low"": 50, ""high"": 150} | {""low"": 50, ""high"": 100}",11.32,0
img_0065,490,460,1,4,"{""low"": 50, ""high"": 200} | {""low"": 300, ""high"": 500} | {""low"": 10, ""high"": 50} | {""low"": 100, ""high"": 300}",13.87,0
img_0066,2980,2250,1,4,"{""low"": 1000, ""high"": 3000} | {""low"": 150, ""high"": 300} | {""low"": 1000, ""high"": 3000} | {""low"": 100, ""high"": 300}",13.51,0
img_0070,233,300,1,4,"{""low"": 100, ""high"": 200} | {""low"": 50, ""high"": 100} | {""low"": 100, ""high"": 200} | {""low"": 50, ""high"": 100}",12.89,0
img_0067,255,235,1,4,"{""low"": 100, ""high"": 200} | {""low"": 20, ""high"": 30} | {""low"": 100, ""high"": 200} | {""low"": 15, ""high"": 30}",13.18,0
img_0072,241,300,1,4,"{""low"": 100, ""high"": 300} | {""low"": 50, ""high"": 150} | {""low"": 100, ""high"": 500} | {""low"": 50, ""high"": 150}",12.98,0
img_0073,481,670,1,4,"{""low"": 300, ""high"": 500} | {""low"": 50, ""high"": 100} | {""low"": 300, ""high"": 500} | {""low"": 20, ""high"": 50}",13.16,0
img_0069,547,390,1,4,"{""low"": 100, ""high"": 200} | {""low"": 40, ""high"": 60} | {""low"": 200, ""high"": 500} | {""low"": 50, ""high"": 100}",13.58,0
img_0076,489,700,1,4,"{""low"": 50, ""high"": 150} | {""low"": 300, ""high"": 500} | {""low"": 50, ""high"": 150} | {""low"": 300, ""high"": 500}",13.37,0
img_0077,203,230,1,4,"{""low"": 50, ""high"": 100} | {""low"": 50, ""high"": 100} | {""low"": 80, ""high"": 120} | {""low"": 50, ""high"": 100}",13.21,0
img_0081,121,170,1,4,"{""low"": 50, ""high"": 150} | {""low"": 10, ""high"": 20} | {""low"": 100, ""high"": 200} | {""low"": 10, ""high"": 20}",13.00,0
img_0071,1236,1900,1,4,"{""low"": 300, ""high"": 500} | {""low"": 1000, ""high"": 2000} | {""low"": 500, ""high"": 1000} | {""low"": 100, ""high"": 500}",14.06,0
img_0084,322,300,1,4,"{""low"": 100, ""high"": 300} | {""low"": 50, ""high"": 150} | {""low"": 100, ""high"": 300} | {""low"": 50, ""high"": 150}",12.45,0
img_0074,704,800,1,4,"{""low"": 300, ""high"": 500} | {""low"": 100, ""high"": 200} | {""low"": 300, ""high"": 500} | {""low"": 100, ""high"": 200}",14.00,0
img_0075,253,185,1,4,"{""low"": 100, ""high"": 200} | {""low"": 20, ""high"": 30} | {""low"": 50, ""high"": 100} | {""low"": 15, ""high"": 25}",13.77,0
img_0080,347,500,1,4,"{""low"": 200, ""high"": 500} | {""low"": 100, ""high"": 200} | {""low"": 100, ""high"": 200} | {""low"": 100, ""high"": 200}",13.21,0
img_0082,337,530,1,4,"{""low"": 0, ""high"": 1} | {""low"": 500, ""high"": 1500} | {   ""low"": 0,   ""high"": 1 } | {""low"": 30, ""high"": 50}",13.24,0
img_0079,1974,1040,1,4,"{""low"": 500, ""high"": 1500} | {""low"": 20, ""high"": 30} | {""low"": 500, ""high"": 1500} | {""low"": 20, ""high"": 30}",13.85,0
img_0092,645,600,1,4,"{""low"": 200, ""high"": 300} | {""low"": 300, ""high"": 500} | {""low"": 50, ""high"": 150} | {""low"": 50, ""high"": 150}",12.23,0
img_0078,1116,2100,1,4,"{""low"": 1000, ""high"": 2000} | {""low"": 300, ""high"": 500} | {""low"": 500, ""high"": 1500} | {""low"": 300, ""high"": 500}",14.28,0
img_0085,283,400,1,4,"{""low"": 150, ""high"": 250} | {""low"": 100, ""high"": 150} | {""low"": 100, ""high"": 200} | {""low"": 50, ""high"": 100}",13.34,0
img_0086,176,220,1,4,"{""low"": 80, ""high"": 120} | {""low"": 20, ""high"": 30} | {""low"": 100, ""high"": 200} | {""low"": 20, ""high"": 30}",13.31,0
img_0087,626,350,1,4,"{""low"": 100, ""high"": 300} | {""low"": 100, ""high"": 200} | {""low"": 100, ""high"": 300} | {""low"": 50, ""high"": 150}",13.55,0
img_0083,693,450,1,4,"{""low"": 50, ""high"": 150} | {""low"": 150, ""high"": 300} | {""low"": 100, ""high"": 300} | {""low"": 150, ""high"": 250}",13.78,0
img_0091,636,350,1,4,"{""low"": 100, ""high"": 300} | {""low"": 50, ""high"": 100} | {""low"": 150, ""high"": 300} | {""low"": 50, ""high"": 100}",13.33,0
img_0093,1929,2100,1,4,"{""low"": 1000, ""high"": 5000} | {""low"": 0, ""high"": 2} | {""low"": 1000, ""high"": 3000} | {""low"": 100, ""high"": 200}",12.90,0
img_0088,197,350,1,4,"{""low"": 50, ""high"": 150} | {""low"": 100, ""high"": 200} | {""low"": 100, ""high"": 200} | {""low"": 100, ""high"": 200}",13.84,0
img_0094,146,260,1,4,"{""low"": 100, ""high"": 150} | {""low"": 30, ""high"": 50} | {""low"": 80, ""high"": 120} | {""low"": 50, ""high"": 100}",13.07,0
img_0096,107,110,1,4,"{""low"": 50, ""high"": 100} | {""low"": 5, ""high"": 9} | {""low"": 50, ""high"": 100} | {""low"": 5, ""high"": 8}",11.98,0
img_0090,792,1400,1,4,"{""low"": 300, ""high"": 500} | {""low"": 300, ""high"": 500} | {""low"": 500, ""high"": 1500} | {""low"": 300, ""high"": 500}",13.96,0
img_0089,1557,2700,1,4,"{""low"": 1000, ""high"": 3000} | {""low"": 500, ""high"": 1000} | {""low"": 1000, ""high"": 2000} | {""low"": 200, ""high"": 300}",14.52,0
img_0095,370,450,1,4,"{""low"": 150, ""high"": 300} | {""low"": 100, ""high"": 200} | {""low"": 150, ""high"": 300} | {""low"": 50, ""high"": 100}",13.82,0
img_0100,232,230,1,4,"{""low"": 100, ""high"": 300} | {""low"": 15, ""high"": 30} | {""low"": 100, ""high"": 200} | {""low"": 15, ""high"": 30}",9.48,0
img_0099,304,250,1,4,"{""low"": 50, ""high"": 150} | {""low"": 50, ""high"": 100} | {""low"": 50, ""high"": 200} | {""low"": 100, ""high"": 200}",9.80,0
img_0097,431,245,1,4,"{""low"": 100, ""high"": 300} | {""low"": 100, ""high"": 300} | {""low"": 15, ""high"": 30} | {""low"": 30, ""high"": 60}",11.94,0
img_0102,264,225,1,4,"{""low"": 100, ""high"": 500} | {""low"": 15, ""high"": 30} | {""low"": 100, ""high"": 500} | {""low"": 10, ""high"": 20}",9.76,0
img_0103,505,400,1,4,"{""low"": 100, ""high"": 500} | {""low"": 100, ""high"": 300} | {""low"": 100, ""high"": 500} | {""low"": 100, ""high"": 300}",9.66,0
img_0106,1443,2600,1,4,"{""low"": 1000, ""high"": 5000} | {""low"": 300, ""high"": 500} | {""low"": 1000, ""high"": 5000} | {""low"": 300, ""high"": 500}",9.36,0
img_0098,249,250,1,4,"{""low"": 50, ""high"": 150} | {""low"": 50, ""high"": 150} | {""low"": 100, ""high"": 200} | {""low"": 50, ""high"": 150}",11.61,0
img_0101,175,200,1,4,"{""low"": 50, ""high"": 150} | {""low"": 50, ""high"": 150} | {""low"": 50, ""high"": 150} | {""low"": 50, ""high"": 150}",11.02,0
img_0111,157,220,1,4,"{""low"": 20, ""high"": 50} | {""low"": 50, ""high"": 150} | {""low"": 50, ""high"": 150} | {""low"": 100, ""high"": 300}",9.90,0
img_0105,166,190,1,4,"{""low"": 50, ""high"": 100} | {""low"": 20, ""high"": 30} | {""low"": 100, ""high"": 200} | {""low"": 20, ""high"": 30}",10.45,0
img_0108,188,165,1,4,"{""low"": 10, ""high"": 20} | {""low"": 100, ""high"": 200} | {""low"": 5, ""high"": 15} | {""low"": 50, ""high"": 150}",10.49,0
img_0115,291,250,1,4,"{""low"": 100, ""high"": 200} | {""low"": 30, ""high"": 50} | {""low"": 100, ""high"": 200} | {""low"": 20, ""high"": 30}",9.83,0
img_0110,460,450,1,4,"{""low"": 150, ""high"": 250} | {""low"": 100, ""high"": 200} | {""low"": 100, ""high"": 200} | {""low"": 100, ""high"": 200}",10.75,0
img_0104,1387,1850,1,4,"{""low"": 1000, ""high"": 2000} | {""low"": 150, ""high"": 250} | {""low"": 500, ""high"": 1000} | {""low"": 200, ""high"": 300}",11.82,0
img_0121,150,270,1,4,"{""low"": 100, ""high"": 200} | {""low"": 50, ""high"": 100} | {""low"": 100, ""high"": 200} | {""low"": 20, ""high"": 50}",9.40,0
img_0107,335,280,1,4,"{""low"": 100, ""high"": 200} | {""low"": 30, ""high"": 50} | {""low"": 100, ""high"": 200} | {""low"": 50, ""high"": 100}",11.30,0
img_0109,441,300,1,4,"{""low"": 100, ""high"": 300} | {""low"": 100, ""high"": 300} | {""low"": 50, ""high"": 150} | {""low"": 50, ""high"": 150}",11.22,0
img_0120,763,950,1,4,"{""low"": 300, ""high"": 500} | {""low"": 200, ""high"": 300} | {""low"": 300, ""high"": 500} | {""low"": 150, ""high"": 250}",10.49,0
img_0112,1166,1500,1,4,"{""low"": 200, ""high"": 500} | {""low"": 500, ""high"": 1000} | {""low"": 300, ""high"": 500} | {""low"": 500, ""high"": 1000}",12.00,0
img_0116,760,1050,1,4,"{""low"": 500, ""high"": 1500} | {""low"": 150, ""high"": 300} | {""low"": 200, ""high"": 500} | {""low"": 200, ""high"": 500}",11.39,0
img_0114,800,1150,1,4,"{""low"": 500, ""high"": 1000} | {""low"": 100, ""high"": 200} | {""low"": 500, ""high"": 1000} | {""low"": 50, ""high"": 100}",11.86,0
img_0119,723,3000,1,4,"{""low"": 500, ""high"": 1500} | {""low"": 500, ""high"": 1000} | {""low"": 1000, ""high"": 5000} | {""low"": 1000, ""high"": 2000}",11.19,0
img_0113,1278,1600,1,4,"{""low"": 500, ""high"": 1500} | {""low"": 500, ""high"": 2000} | {""low"": 100, ""high"": 500} | {""low"": 500, ""high"": 1500}",12.40,0
img_0117,737,950,1,4,"{""low"": 300, ""high"": 500} | {""low"": 200, ""high"": 300} | {""low"": 300, ""high"": 500} | {""low"": 150, ""high"": 250}",11.84,0
img_0118,964,1200,1,4,"{""low"": 300, ""high"": 500} | {""low"": 500, ""high"": 1000} | {""low"": 200, ""high"": 300} | {""low"": 200, ""high"": 300}",11.74,0
img_0122,499,400,1,4,"{""low"": 100, ""high"": 300} | {""low"": 100, ""high"": 300} | {""low"": 100, ""high"": 300} | {""low"": 100, ""high"": 300}",11.40,0
img_0124,757,1150,1,4,"{""low"": 500, ""high"": 1500} | {""low"": 100, ""high"": 200} | {""low"": 500, ""high"": 1500} | {""low"": 50, ""high"": 100}",11.09,0
img_0128,811,400,1,4,"{""low"": 100, ""high"": 500} | {""low"": 100, ""high"": 500} | {""low"": 100, ""high"": 300} | {""low"": 100, ""high"": 500}",10.03,0
img_0123,485,450,1,4,"{""low"": 150, ""high"": 250} | {""low"": 100, ""high"": 150} | {""low"": 100, ""high"": 200} | {""low"": 100, ""high"": 200}",11.59,0
img_0126,305,400,1,4,"{""low"": 100, ""high"": 300} | {""low"": 100, ""high"": 200} | {""low"": 100, ""high"": 300} | {""low"": 100, ""high"": 200}",11.47,0
img_0125,1256,1450,1,4,"{""low"": 1000, ""high"": 2000} | {""low"": 100, ""high"": 200} | {""low"": 300, ""high"": 500} | {""low"": 50, ""high"": 100}",11.71,0
img_0127,408,750,1,4,"{""low"": 200, ""high"": 300} | {""low"": 150, ""high"": 250} | {""low"": 300, ""high"": 500} | {""low"": 100, ""high"": 200}",11.57,0
img_0129,311,280,1,4,"{""low"": 100, ""high"": 200} | {""low"": 50, ""high"": 100} | {""low"": 100, ""high"": 200} | {""low"": 30, ""high"": 50}",12.76,0
img_0130,456,470,1,4,"{""low"": 300, ""high"": 500} | {""low"": 50, ""high"": 100} | {""low"": 100, ""high"": 200} | {""low"": 20, ""high"": 30}",12.75,0
img_0134,152,180,1,4,"{""low"": 50, ""high"": 100} | {""low"": 30, ""high"": 50} | {""low"": 50, ""high"": 100} | {""low"": 50, ""high"": 100}",12.10,0
img_0132,294,330,1,4,"{""low"": 150, ""high"": 250} | {""low"": 50, ""high"": 100} | {""low"": 100, ""high"": 200} | {""low"": 30, ""high"": 50}",13.01,0
img_0135,314,300,1,4,"{""low"": 100, ""high"": 300} | {""low"": 100, ""high"": 200} | {""low"": 50, ""high"": 150} | {""low"": 50, ""high"": 150}",12.76,0
img_0133,944,1150,1,4,"{""low"": 500, ""high"": 1500} | {""low"": 50, ""high"": 100} | {""low"": 500, ""high"": 1000} | {""low"": 100, ""high"": 200}",13.40,0
img_0131,475,400,1,4,"{""low"": 100, ""high"": 300} | {""low"": 100, ""high"": 300} | {""low"": 100, ""high"": 500} | {""low"": 100, ""high"": 300}",13.70,0
img_0143,810,700,1,4,"{""low"": 200, ""high"": 500} | {""low"": 100, ""high"": 500} | {""low"": 300, ""high"": 500} | {""low"": 100, ""high"": 300}",11.94,0
img_0136,652,1500,1,4,"{""low"": 500, ""high"": 1000} | {""low"": 200, ""high"": 300} | {""low"": 500, ""high"": 1000} | {""low"": 300, ""high"": 500}",13.65,0
img_0141,171,190,1,4,"{""low"": 100, ""high"": 200} | {""low"": 30, ""high"": 60} | {""low"": 30, ""high"": 60} | {""low"": 30, ""high"": 60}",12.87,0
img_0138,632,750,1,4,"{""low"": 150, ""high"": 300} | {""low"": 300, ""high"": 500} | {""low"": 150, ""high"": 300} | {""low"": 150, ""high"": 250}",13.55,0
img_0137,751,2500,1,4,"{""low"": 1000, ""high"": 3000} | {""low"": 500, ""high"": 1500} | {""low"": 500, ""high"": 1500} | {""low"": 500, ""high"": 1500}",13.74,0
img_0139,428,500,1,4,"{""low"": 100, ""high"": 200} | {""low"": 100, ""high"": 200} | {""low"": 200, ""high"": 300} | {""low"": 100, ""high"": 200}",13.72,0
img_0140,398,600,1,4,"{""low"": 200, ""high"": 300} | {""low"": 100, ""high"": 200} | {""low"": 200, ""high"": 300} | {""low"": 100, ""high"": 200}",14.08,0
img_0145,161,125,1,4,"{""low"": 50, ""high"": 100} | {""low"": 15, ""high"": 25} | {""low"": 50, ""high"": 100} | {""low"": 10, ""high"": 20}",13.49,0
img_0144,446,400,1,4,"{""low"": 100, ""high"": 300} | {""low"": 100, ""high"": 200} | {""low"": 100, ""high"": 300} | {""low"": 100, ""high"": 200}",13.56,0
img_0142,353,500,1,4,"{""low"": 100, ""high"": 200} | {""low"": 100, ""high"": 200} | {""low"": 200, ""high"": 300} | {""low"": 100, ""high"": 200}",14.23,0
img_0146,387,350,1,4,"{""low"": 150, ""high"": 250} | {""low"": 30, ""high"": 50} | {""low"": 150, ""high"": 250} | {""low"": 20, ""high"": 40}",13.39,0
img_0147,135,125,1,4,"{""low"": 50, ""high"": 100} | {""low"": 15, ""high"": 25} | {""low"": 50, ""high"": 100} | {""low"": 10, ""high"": 15}",13.34,0
img_0149,390,300,1,4,"{""low"": 50, ""high"": 150} | {""low"": 50, ""high"": 150} | {""low"": 100, ""high"": 200} | {""low"": 100, ""high"": 200}",13.53,0
img_0148,819,1000,1,4,"{""low"": 300, ""high"": 500} | {""low"": 100, ""high"": 500} | {""low"": 500, ""high"": 1500} | {""low"": 100, ""high"": 500}",13.84,0
img_0150,396,450,1,4,"{""low"": 150, ""high"": 300} | {""low"": 100, ""high"": 200} | {""low"": 100, ""high"": 200} | {""low"": 100, ""high"": 200}",13.80,0
img_0155,845,2200,1,4,"{""low"": 1000, ""high"": 5000} | {""low"": 100, ""high"": 500} | {""low"": 1000, ""high"": 2000} | {""low"": 100, ""high"": 200}",13.52,0
img_0153,641,2000,1,4,"{""low"": 500, ""high"": 1500} | {""low"": 500, ""high"": 1000} | {""low"": 500, ""high"": 1500} | {""low"": 500, ""high"": 1500}",13.75,0
img_0152,901,750,1,4,"{""low"": 300, ""high"": 600} | {""low"": 100, ""high"": 200} | {""low"": 300, ""high"": 500} | {""low"": 50, ""high"": 100}",13.85,0
img_0154,354,350,1,4,"{""low"": 100, ""high"": 300} | {""low"": 100, ""high"": 500} | {""low"": 50, ""high"": 200} | {""low"": 100, ""high"": 300}",13.83,0
img_0151,648,1050,1,4,"{""low"": 500, ""high"": 2000} | {""low"": 300, ""high"": 500} | {""low"": 100, ""high"": 500} | {""low"": 150, ""high"": 300}",14.26,0
img_0157,471,500,1,4,"{""low"": 150, ""high"": 300} | {""low"": 100, ""high"": 150} | {""low"": 150, ""high"": 250} | {""low"": 100, ""high"": 150}",13.88,0
img_0159,469,680,1,4,"{""low"": 500, ""high"": 1500} | {""low"": 50, ""high"": 100} | {""low"": 100, ""high"": 200} | {""low"": 30, ""high"": 50}",13.82,0
img_0158,247,240,1,4,"{""low"": 100, ""high"": 200} | {""low"": 20, ""high"": 40} | {""low"": 100, ""high"": 200} | {""low"": 20, ""high"": 30}",13.87,0
img_0156,2075,3300,1,4,"{""low"": 1000, ""high"": 2000} | {""low"": 300, ""high"": 500} | {""low"": 1000, ""high"": 2000} | {""low"": 1000, ""high"": 2000}",14.81,0
img_0160,1063,1300,1,4,"{""low"": 500, ""high"": 1500} | {""low"": 200, ""high"": 300} | {""low"": 300, ""high"": 500} | {""low"": 300, ""high"": 500}",14.58,0
img_0161,313,220,1,4,"{""low"": 100, ""high"": 200} | {""low"": 50, ""high"": 100} | {""low"": 50, ""high"": 150} | {""low"": 20, ""high"": 50}",13.71,0
img_0162,279,350,1,4,"{""low"": 50, ""high"": 150} | {""low"": 100, ""high"": 200} | {""low"": 100, ""high"": 200} | {""low"": 100, ""high"": 200}",13.98,0
img_0163,372,450,1,4,"{""low"": 100, ""high"": 200} | {""low"": 150, ""high"": 250} | {""low"": 100, ""high"": 200} | {""low"": 100, ""high"": 200}",14.00,0
img_0165,198,250,1,4,"{""low"": 50, ""high"": 100} | {""low"": 100, ""high"": 200} | {""low"": 50, ""high"": 100} | {""low"": 50, ""high"": 100}",13.55,0
img_0168,138,140,1,4,"{""low"": 50, ""high"": 100} | {""low"": 20, ""high"": 30} | {""low"": 50, ""high"": 100} | {""low"": 20, ""high"": 30}",12.61,0
img_0164,1586,2500,1,4,"{""low"": 1000, ""high"": 2000} | {""low"": 300, ""high"": 500} | {""low"": 1000, ""high"": 2000} | {""low"": 200, ""high"": 300}",14.44,0
img_0166,2315,2450,1,4,"{""low"": 1000, ""high"": 2000} | {""low"": 300, ""high"": 500} | {""low"": 1000, ""high"": 2000} | {""low"": 150, ""high"": 250}",14.03,0
img_0167,4195,6800,1,4,"{""low"": 1000, ""high"": 2000} | {""low"": 500, ""high"": 1500} | {""low"": 5000, ""high"": 10000} | {""low"": 300, ""high"": 500}",14.35,0
img_0169,174,300,1,4,"{""low"": 100, ""high"": 200} | {""low"": 50, ""high"": 150} | {""low"": 100, ""high"": 200} | {""low"": 50, ""high"": 100}",13.51,0
img_0172,110,100,1,4,"{""low"": 0, ""high"": 0} | {""low"": 50, ""high"": 100} | {""low"": 0, ""high"": 0} | {""low"": 50, ""high"": 100}",13.20,0
img_0170,148,210,1,4,"{""low"": 50, ""high"": 100} | {""low"": 30, ""high"": 50} | {""low"": 80, ""high"": 120} | {""low"": 50, ""high"": 70}",13.47,0
img_0175,117,120,1,4,"{""low"": 30, ""high"": 60} | {""low"": 50, ""high"": 100} | {""low"": 10, ""high"": 30} | {""low"": 30, ""high"": 60}",12.60,0
img_0177,272,250,1,4,"{""low"": 100, ""high"": 200} | {""low"": 20, ""high"": 50} | {""low"": 100, ""high"": 200} | {""low"": 30, ""high"": 50}",12.11,0
img_0174,259,400,1,4,"{""low"": 50, ""high"": 100} | {""low"": 50, ""high"": 100} | {""low"": 200, ""high"": 500} | {""low"": 100, ""high"": 200}",12.94,0
img_0171,608,1150,1,4,"{""low"": 500, ""high"": 1500} | {""low"": 200, ""high"": 300} | {""low"": 300, ""high"": 500} | {""low"": 150, ""high"": 250}",14.34,0
img_0178,400,301,1,4,"{""low"": 0, ""high"": 10} | {""low"": 100, ""high"": 200} | {""low"": 1, ""high"": 2} | {""low"": 200, ""high"": 500}",12.84,0
img_0173,883,900,1,4,"{""low"": 100, ""high"": 200} | {""low"": 300, ""high"": 500} | {""low"": 200, ""high"": 500} | {""low"": 300, ""high"": 500}",14.38,0
img_0176,326,400,1,4,"{""low"": 100, ""high"": 500} | {""low"": 100, ""high"": 200} | {""low"": 100, ""high"": 500} | {""low"": 100, ""high"": 200}",13.76,0
img_0182,269,216,1,4,"{""low"": 100, ""high"": 200} | {""low"": 10, ""high"": 15} | {""low"": 100, ""high"": 200} | {""low"": 6, ""high"": 12}",12.58,0
img_0186,158,190,1,4,"{""low"": 50, ""high"": 150} | {""low"": 20, ""high"": 50} | {""low"": 100, ""high"": 300} | {""low"": 20, ""high"": 50}",12.32,0
img_0181,466,360,1,4,"{""low"": 10, ""high"": 20} | {""low"": 50, ""high"": 150} | {""low"": 100, ""high"": 300} | {""low"": 200, ""high"": 500}",13.00,0
img_0179,2021,2200,1,4,"{""low"": 100, ""high"": 300} | {""low"": 1000, ""high"": 2000} | {""low"": 100, ""high"": 500} | {""low"": 1000, ""high"": 2000}",13.73,0
img_0180,1315,2100,1,4,"{""low"": 1000, ""high"": 2000} | {""low"": 300, ""high"": 500} | {""low"": 300, ""high"": 500} | {""low"": 500, ""high"": 1000}",13.55,0
img_0183,1758,2060,1,4,"{""low"": 1000, ""high"": 2000} | {""low"": 30, ""high"": 50} | {""low"": 1000, ""high"": 2000} | {""low"": 30, ""high"": 50}",13.28,0
img_0191,532,1025,1,4,"{""low"": 500, ""high"": 1500} | {""low"": 15, ""high"": 30} | {""low"": 500, ""high"": 1500} | {""low"": 10, ""high"": 20}",11.65,0
img_0189,122,119,1,4,"{""low"": 4, ""high"": 6} | {""low"": 5, ""high"": 8} | {""low"": 100, ""high"": 200} | {""low"": 10, ""high"": 15}",12.58,0
img_0185,507,300,1,4,"{""low"": 50, ""high"": 150} | {""low"": 50, ""high"": 150} | {""low"": 100, ""high"": 500} | {""low"": 100, ""high"": 300}",13.49,0
img_0187,403,300,1,4,"{   ""low"": 0,   ""high"": 1 } | {""low"": 200, ""high"": 300} | {""low"": 0, ""high"": 0} | {""low"": 100, ""high"": 300}",13.27,0
img_0188,275,295,1,4,"{""low"": 150, ""high"": 250} | {""low"": 30, ""high"": 50} | {""low"": 100, ""high"": 200} | {""low"": 15, ""high"": 30}",13.00,0
img_0184,2166,2600,1,4,"{""low"": 500, ""high"": 1000} | {""low"": 1000, ""high"": 2000} | {""low"": 1000, ""high"": 2000} | {""low"": 100, ""high"": 300}",14.59,0
img_0190,732,400,1,4,"{""low"": 50, ""high"": 100} | {""low"": 150, ""high"": 300} | {""low"": 50, ""high"": 100} | {""low"": 150, ""high"": 300}",13.66,0
img_0192,195,230,1,4,"{""low"": 80, ""high"": 120} | {""low"": 20, ""high"": 30} | {""low"": 100, ""high"": 150} | {""low"": 30, ""high"": 50}",12.81,0
img_0194,159,210,1,4,"{""low"": 100, ""high"": 200} | {""low"": 30, ""high"": 60} | {""low"": 50, ""high"": 150} | {""low"": 30, ""high"": 60}",10.54,0
img_0195,211,300,1,4,"{""low"": 100, ""high"": 200} | {""low"": 50, ""high"": 100} | {""low"": 100, ""high"": 200} | {""low"": 50, ""high"": 100}",10.68,0
img_0193,210,250,1,4,"{""low"": 100, ""high"": 200} | {""low"": 30, ""high"": 60} | {""low"": 100, ""high"": 200} | {""low"": 20, ""high"": 40}",12.79,0
img_0197,165,235,1,4,"{""low"": 100, ""high"": 300} | {""low"": 20, ""high"": 30} | {""low"": 100, ""high"": 200} | {""low"": 15, ""high"": 25}",12.52,0
img_0196,287,300,1,4,"{""low"": 50, ""high"": 200} | {""low"": 100, ""high"": 300} | {""low"": 50, ""high"": 150} | {""low"": 100, ""high"": 200}",12.81,0
img_0198,104,85,1,4,"{""low"": 30, ""high"": 60} | {""low"": 15, ""high"": 25} | {""low"": 30, ""high"": 60} | {""low"": 10, ""high"": 15}",12.27,0
img_0202,864,400,1,4,"{""low"": 100, ""high"": 500} | {""low"": 100, ""high"": 300} | {""low"": 100, ""high"": 500} | {""low"": 100, ""high"": 500}",11.53,0
img_0201,719,860,1,4,"{""low"": 300, ""high"": 500} | {""low"": 30, ""high"": 50} | {""low"": 500, ""high"": 1500} | {""low"": 30, ""high"": 60}",12.40,0
img_0209,143,400,1,4,"{""low"": 100, ""high"": 300} | {""low"": 100, ""high"": 300} | {""low"": 100, ""high"": 500} | {""low"": 100, ""high"": 300}",10.72,0
img_0199,263,230,1,4,"{""low"": 50, ""high"": 150} | {""low"": 100, ""high"": 200} | {""low"": 50, ""high"": 100} | {""low"": 30, ""high"": 60}",13.05,0
img_0200,299,260,1,4,"{""low"": 100, ""high"": 300} | {""low"": 30, ""high"": 50} | {""low"": 100, ""high"": 300} | {""low"": 30, ""high"": 50}",12.81,0
img_0203,368,300,1,4,"{""low"": 100, ""high"": 300} | {""low"": 50, ""high"": 150} | {""low"": 100, ""high"": 500} | {""low"": 50, ""high"": 150}",13.00,0
img_0210,421,503,1,4,"{""low"": 0, ""high"": 0} | {""low"": 300, ""high"": 500} | {""low"": 3, ""high"": 7} | {""low"": 200, ""high"": 500}",12.06,0
img_0205,778,900,1,4,"{""low"": 500, ""high"": 1500} | {""low"": 200, ""high"": 500} | {""low"": 100, ""high"": 300} | {""low"": 100, ""high"": 300}",13.36,0
img_0204,522,800,1,4,"{""low"": 100, ""high"": 300} | {""low"": 100, ""high"": 300} | {""low"": 500, ""high"": 1500} | {""low"": 100, ""high"": 200}",13.49,0
img_0208,204,300,1,4,"{""low"": 100, ""high"": 150} | {""low"": 50, ""high"": 70} | {""low"": 100, ""high"": 200} | {""low"": 50, ""high"": 100}",12.95,0
img_0207,463,800,1,4,"{""low"": 500, ""high"": 1500} | {""low"": 100, ""high"": 200} | {""low"": 100, ""high"": 500} | {""low"": 100, ""high"": 300}",13.02,0
img_0212,218,280,1,4,"{""low"": 100, ""high"": 200} | {""low"": 30, ""high"": 50} | {""low"": 100, ""high"": 200} | {""low"": 50, ""high"": 100}",12.24,0
img_0206,2870,16000,1,4,"{""low"": 5000, ""high"": 10000} | {""low"": 5000, ""high"": 10000} | {""low"": 5000, ""high"": 10000} | {""low"": 1000, ""high"": 2000}",14.08,0
img_0215,1048,6200,1,4,"{""low"": 100, ""high"": 200} | {""low"": 1000, ""high"": 5000} | {""low"": 100, ""high"": 200} | {""low"": 5000, ""high"": 10000}",12.69,0
img_0214,514,550,1,4,"{""low"": 300, ""high"": 500} | {""low"": 50, ""high"": 100} | {""low"": 150, ""high"": 300} | {""low"": 50, ""high"": 100}",13.15,0
img_0211,434,750,1,4,"{""low"": 100, ""high"": 200} | {""low"": 50, ""high"": 100} | {""low"": 500, ""high"": 1500} | {""low"": 100, ""high"": 200}",13.64,0
img_0219,535,700,1,4,"{""low"": 300, ""high"": 500} | {""low"": 50, ""high"": 100} | {""low"": 300, ""high"": 500} | {""low"": 50, ""high"": 100}",12.60,0
img_0213,266,240,1,4,"{""low"": 100, ""high"": 200} | {""low"": 20, ""high"": 30} | {""low"": 100, ""high"": 200} | {""low"": 20, ""high"": 50}",13.67,0
img_0216,593,500,1,4,"{""low"": 200, ""high"": 500} | {""low"": 100, ""high"": 300} | {""low"": 100, ""high"": 300} | {""low"": 100, ""high"": 300}",13.58,0
img_0217,1775,1020,1,4,"{""low"": 500, ""high"": 1000} | {""low"": 10, ""high"": 20} | {""low"": 500, ""high"": 1000} | {""low"": 10, ""high"": 20}",13.70,0
img_0218,712,1900,1,4,"{""low"": 1000, ""high"": 2000} | {""low"": 200, ""high"": 500} | {""low"": 500, ""high"": 1000} | {""low"": 200, ""high"": 300}",13.61,0
img_0221,1709,1000,1,4,"{""low"": 500, ""high"": 1500} | {""low"": 100, ""high"": 200} | {""low"": 300, ""high"": 500} | {""low"": 100, ""high"": 200}",13.61,0
img_0220,2746,2400,1,4,"{""low"": 1000, ""high"": 2000} | {""low"": 200, ""high"": 300} | {""low"": 1000, ""high"": 2000} | {""low"": 200, ""high"": 300}",13.67,0
img_0224,379,300,1,4,"{""low"": 100, ""high"": 200} | {""low"": 50, ""high"": 100} | {""low"": 100, ""high"": 300} | {""low"": 50, ""high"": 100}",13.32,0
img_0223,1826,3000,1,4,"{""low"": 500, ""high"": 1500} | {""low"": 1000, ""high"": 2000} | {""low"": 500, ""high"": 1500} | {""low"": 1000, ""high"": 3000}",13.65,0
img_0222,1890,1200,1,4,"{""low"": 500, ""high"": 1000} | {""low"": 100, ""high"": 200} | {""low"": 500, ""high"": 1000} | {""low"": 100, ""high"": 200}",14.16,0
img_0235,125,190,1,4,"{""low"": 100, ""high"": 200} | {""low"": 30, ""high"": 60} | {""low"": 50, ""high"": 150} | {""low"": 10, ""high"": 20}",9.33,0
img_0225,1191,700,1,4,"{""low"": 300, ""high"": 500} | {""low"": 100, ""high"": 300} | {""low"": 200, ""high"": 500} | {""low"": 100, ""high"": 200}",13.45,0
img_0226,1665,1700,1,4,"{""low"": 500, ""high"": 1500} | {""low"": 500, ""high"": 1500} | {""low"": 500, ""high"": 1500} | {""low"": 200, ""high"": 500}",14.27,0
img_0227,612,400,1,4,"{""low"": 150, ""high"": 300} | {""low"": 50, ""high"": 100} | {""low"": 150, ""high"": 300} | {""low"": 50, ""high"": 100}",13.53,0
img_0228,172,260,1,4,"{""low"": 100, ""high"": 200} | {""low"": 30, ""high"": 50} | {""low"": 100, ""high"": 200} | {""low"": 30, ""high"": 50}",12.70,0
img_0229,699,1500,1,4,"{""low"": 500, ""high"": 1500} | {""low"": 200, ""high"": 300} | {""low"": 500, ""high"": 1500} | {""low"": 300, ""high"": 500}",12.93,0
img_0231,682,1150,1,4,"{""low"": 500, ""high"": 1000} | {""low"": 100, ""high"": 200} | {""low"": 500, ""high"": 2000} | {""low"": 50, ""high"": 100}",12.94,0
img_0234,244,250,1,4,"{""low"": 100, ""high"": 200} | {""low"": 20, ""high"": 30} | {""low"": 100, ""high"": 200} | {""low"": 30, ""high"": 50}",12.14,0
img_0238,170,140,1,4,"{""low"": 50, ""high"": 150} | {""low"": 30, ""high"": 50} | {""low"": 50, ""high"": 100} | {""low"": 10, ""high"": 20}",10.78,0
img_0236,267,350,1,4,"{""low"": 100, ""high"": 300} | {""low"": 100, ""high"": 200} | {""low"": 100, ""high"": 300} | {""low"": 50, ""high"": 150}",11.83,0
img_0230,1454,2150,1,4,"{""low"": 50, ""high"": 150} | {""low"": 1000, ""high"": 2000} | {""low"": 100, ""high"": 300} | {""low"": 1000, ""high"": 2000}",13.65,0
img_0233,332,350,1,4,"{""low"": 50, ""high"": 150} | {""low"": 100, ""high"": 200} | {""low"": 100, ""high"": 200} | {""low"": 100, ""high"": 200}",13.00,0
img_0237,178,200,1,4,"{""low"": 50, ""high"": 100} | {""low"": 20, ""high"": 30} | {""low"": 100, ""high"": 200} | {""low"": 30, ""high"": 50}",12.28,0
img_0232,419,400,1,4,"{""low"": 100, ""high"": 300} | {""low"": 100, ""high"": 200} | {""low"": 100, ""high"": 300} | {""low"": 100, ""high"": 200}",13.82,0
img_0243,289,250,1,4,"{""low"": 100, ""high"": 300} | {""low"": 30, ""high"": 50} | {""low"": 100, ""high"": 200} | {""low"": 20, ""high"": 30}",11.51,0
img_0242,238,500,1,4,"{""low"": 200, ""high"": 500} | {""low"": 100, ""high"": 300} | {""low"": 100, ""high"": 500} | {""low"": 100, ""high"": 300}",11.98,0
img_0239,306,350,1,4,"{""low"": 100, ""high"": 200} | {""low"": 50, ""high"": 100} | {""low"": 100, ""high"": 300} | {""low"": 100, ""high"": 200}",12.56,0
img_0241,207,260,1,4,"{""low"": 10, ""high"": 30} | {""low"": 100, ""high"": 300} | {""low"": 50, ""high"": 150} | {""low"": 100, ""high"": 200}",12.51,0
img_0240,329,213,1,4,"{""low"": 100, ""high"": 300} | {""low"": 6, ""high"": 10} | {""low"": 100, ""high"": 300} | {""low"": 7, ""high"": 15}",12.56,0
img_0244,228,260,1,4,"{""low"": 100, ""high"": 200} | {""low"": 30, ""high"": 50} | {""low"": 100, ""high"": 200} | {""low"": 30, ""high"": 50}",11.89,0
img_0245,308,235,1,4,"{""low"": 100, ""high"": 300} | {""low"": 15, ""high"": 30} | {""low"": 100, ""high"": 200} | {""low"": 20, ""high"": 30}",12.32,0
img_0252,340,600,1,4,"{""low"": 300, ""high"": 600} | {""low"": 100, ""high"": 300} | {""low"": 100, ""high"": 500} | {""low"": 100, ""high"": 500}",10.94,0
img_0248,205,230,1,4,"{""low"": 100, ""high"": 200} | {""low"": 15, ""high"": 30} | {""low"": 100, ""high"": 200} | {""low"": 15, ""high"": 30}",12.26,0
img_0247,214,350,1,4,"{""low"": 100, ""high"": 300} | {""low"": 100, ""high"": 200} | {""low"": 100, ""high"": 200} | {""low"": 50, ""high"": 100}",12.38,0
img_0250,65,95,1,4,"{""low"": 50, ""high"": 100} | {""low"": 15, ""high"": 25} | {""low"": 20, ""high"": 30} | {""low"": 10, ""high"": 20}",11.75,0
img_0246,1036,614,1,4,"{""low"": 300, ""high"": 500} | {""low"": 8, ""high"": 15} | {""low"": 300, ""high"": 500} | {""low"": 6, ""high"": 10}",12.97,0
img_0253,163,213,1,4,"{""low"": 100, ""high"": 300} | {""low"": 8, ""high"": 15} | {""low"": 100, ""high"": 300} | {""low"": 5, ""high"": 8}",11.80,0
img_0251,184,355,1,4,"{""low"": 100, ""high"": 300} | {""low"": 200, ""high"": 500} | {""low"": 5, ""high"": 10} | {""low"": 50, ""high"": 150}",12.12,0
img_0249,83,110,1,4,"{""low"": 30, ""high"": 100} | {""low"": 30, ""high"": 50} | {""low"": 30, ""high"": 60} | {""low"": 20, ""high"": 50}",12.80,0
img_0254,829,620,1,4,"{""low"": 20, ""high"": 50} | {""low"": 300, ""high"": 500} | {""low"": 0, ""high"": 1} | {""low"": 300, ""high"": 500}",11.82,0
img_0255,3970,3500,1,4,"{""low"": 1000, ""high"": 2000} | {""low"": 500, ""high"": 1000} | {""low"": 1000, ""high"": 2000} | {""low"": 1000, ""high"": 2000}",13.32,0
img_0256,2240,2100,1,4,"{""low"": 1000, ""high"": 2000} | {""low"": 300, ""high"": 500} | {""low"": 500, ""high"": 1000} | {""low"": 300, ""high"": 500}",13.08,0
img_0257,2371,1150,1,4,"{""low"": 50, ""high"": 200} | {""low"": 500, ""high"": 1000} | {""low"": 100, ""high"": 500} | {""low"": 500, ""high"": 1500}",10.84,0
img_0263,258,240,1,4,"{""low"": 100, ""high"": 200} | {""low"": 20, ""high"": 50} | {""low"": 100, ""high"": 300} | {""low"": 20, ""high"": 50}",8.83,0
img_0258,994,1600,1,4,"{""low"": 300, ""high"": 500} | {""low"": 300, ""high"": 500} | {""low"": 500, ""high"": 1000} | {""low"": 500, ""high"": 1000}",12.32,0
img_0259,338,265,1,4,"{""low"": 100, ""high"": 300} | {""low"": 7, ""high"": 15} | {""low"": 150, ""high"": 250} | {""low"": 8, ""high"": 15}",11.16,0
img_0265,245,220,1,4,"{""low"": 100, ""high"": 200} | {""low"": 10, ""high"": 20} | {""low"": 100, ""high"": 200} | {""low"": 10, ""high"": 20}",9.95,0
img_0262,550,1025,1,4,"{""low"": 500, ""high"": 1000} | {""low"": 15, ""high"": 25} | {""low"": 500, ""high"": 1000} | {""low"": 10, ""high"": 20}",11.07,0
img_0261,343,400,1,4,"{""low"": 100, ""high"": 200} | {""low"": 100, ""high"": 200} | {""low"": 100, ""high"": 200} | {""low"": 100, ""high"": 200}",11.42,0
img_0264,225,400,1,4,"{""low"": 100, ""high"": 500} | {""low"": 100, ""high"": 300} | {""low"": 100, ""high"": 500} | {""low"": 100, ""high"": 300}",10.77,0
img_0267,1103,2100,1,4,"{""low"": 500, ""high"": 1500} | {""low"": 1000, ""high"": 5000} | {""low"": 500, ""high"": 1500} | {""low"": 100, ""high"": 500}",10.59,0
img_0260,2116,3000,1,4,"{""low"": 1000, ""high"": 2000} | {""low"": 500, ""high"": 1000} | {""low"": 1000, ""high"": 2000} | {""low"": 500, ""high"": 1000}",12.05,0
img_0268,1400,2600,1,4,"{""low"": 1000, ""high"": 5000} | {""low"": 500, ""high"": 1500} | {""low"": 1000, ""high"": 5000} | {""low"": 100, ""high"": 500}",10.75,0
img_0274,457,500,1,4,"{""low"": 150, ""high"": 250} | {""low"": 150, ""high"": 250} | {""low"": 100, ""high"": 200} | {""low"": 100, ""high"": 200}",9.91,0
img_0270,276,400,1,4,"{""low"": 100, ""high"": 500} | {""low"": 100, ""high"": 300} | {""low"": 100, ""high"": 500} | {""low"": 100, ""high"": 500}",10.56,0
img_0266,3653,30000,1,4,"{""low"": 10000, ""high"": 20000} | {""low"": 5000, ""high"": 15000} | {""low"": 10000, ""high"": 50000} | {""low"": 5000, ""high"": 15000}",11.72,0
img_0271,916,1230,1,4,"{""low"": 1000, ""high"": 2000} | {""low"": 100, ""high"": 1000} | {""low"": 100, ""high"": 300} | {""low"": 30, ""high"": 100}",10.51,0
img_0275,1070,1600,1,4,"{""low"": 300, ""high"": 500} | {""low"": 100, ""high"": 200} | {""low"": 1000, ""high"": 2000} | {""low"": 200, ""high"": 300}",10.12,0
img_0278,518,550,1,4,"{""low"": 100, ""high"": 200} | {""low"": 100, ""high"": 200} | {""low"": 300, ""high"": 500} | {""low"": 50, ""high"": 150}",9.06,0
img_0269,3304,11100,1,4,"{""low"": 5000, ""high"": 10000} | {""low"": 5000, ""high"": 10000} | {""low"": 100, ""high"": 500} | {""low"": 1000, ""high"": 2000}",11.03,0
img_0276,302,450,1,4,"{""low"": 200, ""high"": 300} | {""low"": 50, ""high"": 100} | {""low"": 150, ""high"": 250} | {""low"": 50, ""high"": 100}",10.11,0
img_0273,948,1600,1,4,"{""low"": 300, ""high"": 500} | {""low"": 500, ""high"": 1000} | {""low"": 500, ""high"": 1000} | {""low"": 300, ""high"": 500}",10.75,0
img_0280,558,500,1,4,"{""low"": 200, ""high"": 500} | {""low"": 50, ""high"": 100} | {""low"": 200, ""high"": 500} | {""low"": 50, ""high"": 150}",9.27,0
img_0272,1798,3000,1,4,"{""low"": 1000, ""high"": 5000} | {""low"": 500, ""high"": 1500} | {""low"": 1000, ""high"": 3000} | {""low"": 500, ""high"": 1500}",11.15,0
img_0281,871,400,1,4,"{""low"": 100, ""high"": 500} | {""low"": 100, ""high"": 500} | {""low"": 100, ""high"": 500} | {""low"": 100, ""high"": 500}",9.27,0
img_0282,574,500,1,4,"{""low"": 100, ""high"": 300} | {""low"": 100, ""high"": 200} | {""low"": 200, ""high"": 300} | {""low"": 100, ""high"": 200}",9.03,0
img_0279,560,600,1,4,"{""low"": 100, ""high"": 500} | {""low"": 100, ""high"": 200} | {""low"": 300, ""high"": 500} | {""low"": 100, ""high"": 200}",9.49,0
img_0277,259,400,1,4,"{""low"": 100, ""high"": 300} | {""low"": 100, ""high"": 200} | {""low"": 100, ""high"": 200} | {""low"": 100, ""high"": 200}",10.20,0
img_0283,241,280,1,4,"{""low"": 100, ""high"": 200} | {""low"": 30, ""high"": 50} | {""low"": 100, ""high"": 200} | {""low"": 50, ""high"": 100}",9.14,0
img_0284,376,500,1,4,"{""low"": 200, ""high"": 300} | {""low"": 50, ""high"": 100} | {""low"": 200, ""high"": 300} | {""low"": 50, ""high"": 100}",9.83,0
img_0285,582,650,1,4,"{""low"": 150, ""high"": 300} | {""low"": 100, ""high"": 200} | {""low"": 300, ""high"": 500} | {""low"": 100, ""high"": 200}",9.43,0
img_0286,937,1200,1,4,"{""low"": 500, ""high"": 2000} | {""low"": 100, ""high"": 500} | {""low"": 500, ""high"": 1500} | {""low"": 100, ""high"": 500}",9.22,0
img_0287,229,200,1,4,"{""low"": 50, ""high"": 150} | {""low"": 50, ""high"": 150} | {""low"": 50, ""high"": 150} | {""low"": 50, ""high"": 150}",8.33,0
img_0288,216,200,1,4,"{""low"": 50, ""high"": 150} | {""low"": 50, ""high"": 100} | {""low"": 50, ""high"": 150} | {""low"": 50, ""high"": 150}",8.91,0
img_0289,251,250,1,4,"{""low"": 100, ""high"": 200} | {""low"": 30, ""high"": 50} | {""low"": 100, ""high"": 200} | {""low"": 20, ""high"": 40}",8.37,0
img_0290,556,800,1,4,"{""low"": 500, ""high"": 1500} | {""low"": 100, ""high"": 200} | {""low"": 100, ""high"": 500} | {""low"": 100, ""high"": 300}",8.87,0
img_0292,260,280,1,4,"{""low"": 100, ""high"": 300} | {""low"": 50, ""high"": 150} | {""low"": 100, ""high"": 300} | {""low"": 30, ""high"": 60}",8.70,0
img_0291,357,400,1,4,"{""low"": 100, ""high"": 500} | {""low"": 100, ""high"": 300} | {""low"": 100, ""high"": 500} | {""low"": 100, ""high"": 300}",8.95,0
img_0296,1341,900,1,4,"{""low"": 300, ""high"": 500} | {""low"": 50, ""high"": 100} | {""low"": 500, ""high"": 1500} | {""low"": 50, ""high"": 100}",9.78,0
img_0293,1433,3000,1,4,"{""low"": 500, ""high"": 1500} | {""low"": 500, ""high"": 1500} | {""low"": 1000, ""high"": 2000} | {""low"": 1000, ""high"": 2000}",10.59,0
img_0299,165,200,1,4,"{""low"": 50, ""high"": 100} | {""low"": 50, ""high"": 100} | {""low"": 50, ""high"": 100} | {""low"": 50, ""high"": 100}",9.56,0
img_0294,791,700,1,4,"{""low"": 200, ""high"": 500} | {""low"": 100, ""high"": 300} | {""low"": 300, ""high"": 500} | {""low"": 100, ""high"": 500}",10.52,0
img_0301,207,300,1,4,"{""low"": 100, ""high"": 300} | {""low"": 50, ""high"": 150} | {""low"": 50, ""high"": 150} | {""low"": 100, ""high"": 500}",9.25,0
img_0310,642,340,1,4,"{""low"": 200, ""high"": 500} | {""low"": 20, ""high"": 30} | {""low"": 100, ""high"": 500} | {""low"": 20, ""high"": 30}",8.78,0
img_0302,315,500,1,4,"{""low"": 150, ""high"": 250} | {""low"": 100, ""high"": 150} | {""low"": 150, ""high"": 250} | {""low"": 100, ""high"": 200}",9.88,0
img_0297,429,800,1,4,"{""low"": 100, ""high"": 300} | {""low"": 100, ""high"": 200} | {""low"": 500, ""high"": 1500} | {""low"": 100, ""high"": 300}",10.98,0
img_0295,1477,1900,1,4,"{""low"": 1000, ""high"": 3000} | {""low"": 300, ""high"": 500} | {""low"": 500, ""high"": 1500} | {""low"": 100, ""high"": 200}",11.48,0
img_0305,654,800,1,4,"{""low"": 100, ""high"": 200} | {""low"": 100, ""high"": 200} | {""low"": 500, ""high"": 1000} | {""low"": 100, ""high"": 500}",9.77,0
img_0312,270,280,1,4,"{""low"": 100, ""high"": 200} | {""low"": 50, ""high"": 100} | {""low"": 100, ""high"": 200} | {""low"": 30, ""high"": 50}",9.21,0
img_0298,284,450,1,4,"{""low"": 100, ""high"": 200} | {""low"": 100, ""high"": 200} | {""low"": 100, ""high"": 200} | {""low"": 150, ""high"": 300}",11.06,0
img_0309,663,800,1,4,"{""low"": 100, ""high"": 500} | {""low"": 100, ""high"": 200} | {""low"": 500, ""high"": 1500} | {""low"": 100, ""high"": 200}",9.68,0
img_0300,236,400,1,4,"{""low"": 100, ""high"": 150} | {""low"": 100, ""high"": 200} | {""low"": 100, ""high"": 150} | {""low"": 100, ""high"": 200}",10.58,0
img_0304,2593,8000,1,4,"{""low"": 5000, ""high"": 15000} | {""low"": 1000, ""high"": 5000} | {""low"": 1000, ""high"": 5000} | {""low"": 1000, ""high"": 5000}",10.81,0
img_0307,1077,800,1,4,"{""low"": 100, ""high"": 300} | {""low"": 300, ""high"": 500} | {""low"": 300, ""high"": 500} | {""low"": 100, ""high"": 300}",10.43,0
img_0303,2154,20300,1,4,"{""low"": 10000, ""high"": 15000} | {""low"": 100, ""high"": 300} | {""low"": 10000, ""high"": 20000} | {""low"": 200, ""high"": 300}",11.25,0
img_0313,465,1200,1,4,"{""low"": 500, ""high"": 1500} | {""low"": 100, ""high"": 500} | {""low"": 500, ""high"": 1500} | {""low"": 100, ""high"": 500}",10.57,0
img_0306,2702,11000,1,4,"{""low"": 5000, ""high"": 15000} | {""low"": 500, ""high"": 1500} | {""low"": 5000, ""high"": 15000} | {""low"": 500, ""high"": 1500}",11.44,0
img_0311,909,1100,1,4,"{""low"": 300, ""high"": 500} | {""low"": 300, ""high"": 500} | {""low"": 200, ""high"": 300} | {""low"": 300, ""high"": 500}",10.93,0
img_0314,820,1080,1,4,"{""low"": 500, ""high"": 1000} | {""low"": 50, ""high"": 100} | {""low"": 500, ""high"": 1500} | {""low"": 30, ""high"": 50}",10.66,0
img_0315,383,400,1,4,"{""low"": 50, ""high"": 150} | {""low"": 100, ""high"": 200} | {""low"": 100, ""high"": 300} | {""low"": 150, ""high"": 300}",10.59,0
img_0308,3568,11500,1,4,"{""low"": 5000, ""high"": 15000} | {""low"": 500, ""high"": 1500} | {""low"": 5000, ""high"": 15000} | {""low"": 1000, ""high"": 3000}",11.41,0
img_0317,811,1050,1,4,"{""low"": 50, ""high"": 150} | {""low"": 200, ""high"": 300} | {""low"": 300, ""high"": 500} | {""low"": 500, ""high"": 1500}",9.92,0
img_0319,922,802,1,4,"{""low"": 1, ""high"": 10} | {""low"": 300, ""high"": 500} | {""low"": 1, ""high"": 10} | {""low"": 500, ""high"": 1500}",9.09,0
img_0318,1616,2200,1,4,"{""low"": 1000, ""high"": 2000} | {""low"": 100, ""high"": 300} | {""low"": 1000, ""high"": 2000} | {""low"": 100, ""high"": 200}",9.69,0
img_0316,973,1200,1,4,"{""low"": 500, ""high"": 1000} | {""low"": 100, ""high"": 200} | {""low"": 500, ""high"": 1000} | {""low"": 100, ""high"": 300}",9.98,0
img_0321,2472,4000,1,4,"{""low"": 1000, ""high"": 5000} | {""low"": 1000, ""high"": 2000} | {""low"": 1000, ""high"": 5000} | {""low"": 1000, ""high"": 2000}",8.75,0
img_0322,1613,3300,1,4,"{""low"": 1000, ""high"": 2000} | {""low"": 300, ""high"": 500} | {""low"": 1000, ""high"": 2000} | {""low"": 1000, ""high"": 2000}",7.72,0
img_0320,2414,7500,1,4,"{""low"": 500, ""high"": 1500} | {""low"": 1000, ""high"": 2000} | {""low"": 5000, ""high"": 10000} | {""low"": 1000, ""high"": 2000}",9.51,0
img_0324,650,1380,1,4,"{""low"": 1000, ""high"": 2000} | {""low"": 50, ""high"": 100} | {""low"": 300, ""high"": 500} | {""low"": 30, ""high"": 50}",7.47,0
img_0329,962,600,1,4,"{""low"": 100, ""high"": 200} | {""low"": 200, ""high"": 500} | {""low"": 100, ""high"": 200} | {""low"": 200, ""high"": 500}",4.94,0
img_0328,426,800,1,4,"{""low"": 300, ""high"": 500} | {""low"": 100, ""high"": 200} | {""low"": 300, ""high"": 500} | {""low"": 100, ""high"": 200}",4.95,0
img_0323,2033,3300,1,4,"{""low"": 1000, ""high"": 2000} | {""low"": 1000, ""high"": 2000} | {""low"": 1000, ""high"": 2000} | {""low"": 300, ""high"": 500}",7.76,0
img_0326,165,250,1,4,"{""low"": 50, ""high"": 100} | {""low"": 50, ""high"": 100} | {""low"": 100, ""high"": 150} | {""low"": 50, ""high"": 100}",5.69,0
img_0325,1659,4000,1,4,"{""low"": 1000, ""high"": 5000} | {""low"": 1000, ""high"": 3000} | {""low"": 1000, ""high"": 3000} | {""low"": 1000, ""high"": 2000}",5.70,0
img_0332,770,800,1,4,"{""low"": 500, ""high"": 1500} | {""low"": 100, ""high"": 200} | {""low"": 100, ""high"": 500} | {""low"": 100, ""high"": 300}",4.61,0
img_0333,601,500,1,4,"{""low"": 100, ""high"": 500} | {""low"": 100, ""high"": 300} | {""low"": 200, ""high"": 500} | {""low"": 100, ""high"": 200}",4.51,0
img_0327,1408,6400,1,4,"{""low"": 5000, ""high"": 8000} | {""low"": 300, ""high"": 500} | {""low"": 1000, ""high"": 2000} | {""low"": 100, ""high"": 300}",5.67,0
img_0334,1508,3000,1,4,"{""low"": 1000, ""high"": 2000} | {""low"": 500, ""high"": 1500} | {""low"": 1000, ""high"": 3000} | {""low"": 500, ""high"": 1000}",4.52,0
img_0330,1668,2400,1,4,"{""low"": 1000, ""high"": 2000} | {""low"": 200, ""high"": 300} | {""low"": 1000, ""high"": 2000} | {""low"": 200, ""high"": 300}",4.88,0
img_0331,2607,2500,1,4,"{""low"": 1000, ""high"": 2000} | {""low"": 200, ""high"": 300} | {""low"": 1000, ""high"": 3000} | {""low"": 300, ""high"": 500}",4.66,0
img_0017,191,290,1,4,"{""low"": 70, ""high"": 90} | {""low"": 70, ""high"": 90} | {""low"": 80, ""high"": 100} | {""low"": 70, ""high"": 90}",33.14,0
img_0026,113,200,1,4,"{""low"": 50, ""high"": 100} | {""low"": 50, ""high"": 70} | {""low"": 50, ""high"": 100} | {""low"": 50, ""high"": 70}",33.14,0
img_0003,350,775,1,4,"{""low"": 500, ""high"": 800} | {""low"": 50, ""high"": 100} | {""low"": 200, ""high"": 300} | {""low"": 25, ""high"": 35}",33.92,0
img_0007,77,110,1,4,"{""low"": 70, ""high"": 100} | {""low"": 6, ""high"": 9} | {""low"": 30, ""high"": 50} | {""low"": 4, ""high"": 6}",33.92,0
img_0010,566,1200,1,4,"{""low"": 500, ""high"": 1000} | {""low"": 100, ""high"": 150} | {""low"": 500, ""high"": 1000} | {""low"": 100, ""high"": 150}",34.00,0
img_0031,394,1400,1,4,"{""low"": 200, ""high"": 500} | {""low"": 200, ""high"": 300} | {""low"": 500, ""high"": 1000} | {""low"": 500, ""high"": 1000}",34.64,0
img_0013,1528,8000,1,4,"{""low"": 5000, ""high"": 10000} | {""low"": 500, ""high"": 700} | {""low"": 2000, ""high"": 3000} | {""low"": 500, ""high"": 700}",35.40,0
img_0012,434,1400,1,4,"{""low"": 500, ""high"": 1000} | {""low"": 200, ""high"": 300} | {""low"": 500, ""high"": 1000} | {""low"": 200, ""high"": 300}",35.41,0
img_0005,103,170,1,4,"{""low"": 0, ""high"": 0} | {""low"": 100, ""high"": 150} | {""low"": 0, ""high"": 0} | {""low"": 70, ""high"": 90}",35.41,0
img_0011,540,6400,1,4,"{""low"": 5000, ""high"": 10000} | {""low"": 200, ""high"": 300} | {""low"": 1000, ""high"": 2000} | {""low"": 200, ""high"": 300}",35.41,0
img_0030,367,420,1,4,"{""low"": 200, ""high"": 300} | {""low"": 10, ""high"": 15} | {""low"": 200, ""high"": 300} | {""low"": 10, ""high"": 15}",35.40,0
img_0006,436,1400,1,4,"{""low"": 500, ""high"": 1000} | {""low"": 500, ""high"": 800} | {""low"": 200, ""high"": 300} | {""low"": 200, ""high"": 300}",36.95,0
img_0008,92,135,1,4,"{""low"": 40, ""high"": 60} | {""low"": 30, ""high"": 40} | {""low"": 40, ""high"": 60} | {""low"": 25, ""high"": 35}",36.95,0
img_0022,479,1700,1,4,"{""low"": 200, ""high"": 500} | {""low"": 500, ""high"": 1000} | {""low"": 500, ""high"": 1000} | {""low"": 500, ""high"": 1000}",37.07,0
img_0028,405,1700,1,4,"{""low"": 500, ""high"": 1000} | {""low"": 500, ""high"": 1000} | {""low"": 200, ""high"": 500} | {""low"": 500, ""high"": 1000}",37.07,0
img_0024,385,1120,1,4,"{""low"": 500, ""high"": 1000} | {""low"": 70, ""high"": 90} | {""low"": 500, ""high"": 1000} | {""low"": 50, ""high"": 70}",37.83,0
img_0001,977,2800,1,4,"{""low"": 800, ""high"": 1200} | {""low"": 500, ""high"": 800} | {""low"": 1000, ""high"": 2000} | {""low"": 500, ""high"": 700}",37.84,0
img_0016,853,2500,1,4,"{""low"": 500, ""high"": 1000} | {""low"": 500, ""high"": 1000} | {""low"": 1000, ""high"": 2000} | {""low"": 500, ""high"": 1000}",38.60,0
img_0032,674,2300,1,4,"{""low"": 1000, ""high"": 3000} | {""low"": 1000, ""high"": 2000} | {""low"": 100, ""high"": 300} | {""low"": 200, ""high"": 300}",39.24,0
img_0025,319,1200,1,4,"{""low"": 500, ""high"": 1000} | {""low"": 500, ""high"": 1000} | {""low"": 100, ""high"": 200} | {""low"": 100, ""high"": 150}",39.36,0
img_0015,413,620,1,4,"{""low"": 300, ""high"": 500} | {""low"": 50, ""high"": 70} | {""low"": 200, ""high"": 300} | {""low"": 70, ""high"": 100}",39.37,0
img_0014,225,330,1,4,"{""low"": 200, ""high"": 300} | {""low"": 15, ""high"": 25} | {""low"": 100, ""high"": 150} | {""low"": 15, ""high"": 25}",40.21,0
img_0018,141,408,1,4,"{""low"": 8, ""high"": 12} | {""low"": 100, ""high"": 150} | {""low"": 100, ""high"": 200} | {""low"": 200, ""high"": 300}",40.21,0
img_0002,923,2500,1,4,"{""low"": 500, ""high"": 1000} | {""low"": 500, ""high"": 1000} | {""low"": 1000, ""high"": 3000} | {""low"": 500, ""high"": 1000}",40.78,0
img_0027,181,300,1,4,"{""low"": 30, ""high"": 50} | {""low"": 100, ""high"": 200} | {""low"": 100, ""high"": 150} | {""low"": 70, ""high"": 100}",41.42,0
img_0023,274,1000,1,4,"{""low"": 0, ""high"": 0} | {""low"": 500, ""high"": 1000} | {""low"": 0, ""high"": 0} | {""low"": 500, ""high"": 800}",41.42,0
img_0019,137,370,1,4,"{""low"": 20, ""high"": 40} | {""low"": 100, ""high"": 200} | {""low"": 100, ""high"": 200} | {""low"": 150, ""high"": 250}",42.16,0
img_0021,127,190,1,4,"{""low"": 50, ""high"": 100} | {""low"": 15, ""high"": 25} | {""low"": 100, ""high"": 150} | {""low"": 25, ""high"": 35}",42.16,0
img_0009,237,700,1,4,"{""low"": 150, ""high"": 250} | {""low"": 150, ""high"": 200} | {""low"": 200, ""high"": 300} | {""low"": 200, ""high"": 300}",42.24,0
img_0029,450,930,1,4,"{""low"": 500, ""high"": 800} | {""low"": 100, ""high"": 150} | {""low"": 300, ""high"": 500} | {""low"": 30, ""high"": 45}",43.66,0
img_0004,183,330,1,4,"{""low"": 50, ""high"": 70} | {""low"": 150, ""high"": 200} | {""low"": 30, ""high"": 45} | {""low"": 100, ""high"": 150}",43.89,0
img_0020,133,300,1,4,"{""low"": 100, ""high"": 150} | {""low"": 50, ""high"": 70} | {""low"": 100, ""high"": 200} | {""low"": 50, ""high"": 100}",45.67,0
img_0033,129,150,1,4,"{""low"": 20, ""high"": 30} | {""low"": 15, ""high"": 20} | {""low"": 100, ""high"": 150} | {""low"": 15, ""high"": 20}",39.12,0
img_0039,88,90,1,4,"{""low"": 30, ""high"": 40} | {""low"": 10, ""high"": 15} | {""low"": 40, ""high"": 50} | {""low"": 10, ""high"": 12}",38.24,0
img_0040,201,220,1,4,"{""low"": 80, ""high"": 120} | {""low"": 40, ""high"": 60} | {""low"": 70, ""high"": 100} | {""low"": 30, ""high"": 40}",38.33,0
img_0054,597,1100,1,4,"{""low"": 500, ""high"": 1000} | {""low"": 50, ""high"": 100} | {""low"": 500, ""high"": 1000} | {""low"": 50, ""high"": 100}",34.16,0
img_0044,169,230,1,4,"{""low"": 100, ""high"": 150} | {""low"": 30, ""high"": 40} | {""low"": 70, ""high"": 100} | {""low"": 30, ""high"": 40}",37.63,0
img_0034,221,314,1,4,"{""low"": 100, ""high"": 200} | {""low"": 8, ""high"": 12} | {""low"": 200, ""high"": 300} | {""low"": 6, ""high"": 10}",41.95,0
img_0036,302,340,1,4,"{""low"": 100, ""high"": 200} | {""low"": 25, ""high"": 35} | {""low"": 200, ""high"": 300} | {""low"": 15, ""high"": 25}",41.93,0
img_0037,2530,11000,1,4,"{""low"": 5000, ""high"": 10000} | {""low"": 500, ""high"": 1000} | {""low"": 5000, ""high"": 10000} | {""low"": 500, ""high"": 1000}",41.85,0
img_0047,100,180,1,4,"{""low"": 50, ""high"": 100} | {""low"": 50, ""high"": 70} | {""low"": 50, ""high"": 70} | {""low"": 30, ""high"": 40}",39.42,0
img_0038,297,470,1,4,"{""low"": 200, ""high"": 300} | {""low"": 20, ""high"": 30} | {""low"": 200, ""high"": 300} | {""low"": 50, ""high"": 70}",42.63,0
img_0043,155,190,1,4,"{""low"": 50, ""high"": 70} | {""low"": 30, ""high"": 40} | {""low"": 70, ""high"": 100} | {""low"": 40, ""high"": 60}",41.87,0
img_0042,130,266,1,4,"{""low"": 200, ""high"": 300} | {""low"": 8, ""high"": 12} | {""low"": 50, ""high"": 100} | {""low"": 8, ""high"": 12}",42.55,0
img_0046,177,340,1,4,"{""low"": 200, ""high"": 300} | {""low"": 50, ""high"": 70} | {""low"": 40, ""high"": 50} | {""low"": 50, ""high"": 70}",41.63,0
img_0045,153,185,1,4,"{""low"": 100, ""high"": 200} | {""low"": 15, ""high"": 20} | {""low"": 50, ""high"": 100} | {""low"": 20, ""high"": 30}",42.42,0
img_0035,1018,6000,1,4,"{""low"": 2000, ""high"": 5000} | {""low"": 1000, ""high"": 2000} | {""low"": 2000, ""high"": 5000} | {""low"": 1000, ""high"": 2000}",46.10,0
img_0041,960,1650,1,4,"{""low"": 500, ""high"": 1000} | {""low"": 100, ""high"": 200} | {""low"": 1000, ""high"": 2000} | {""low"": 50, ""high"": 100}",44.83,0
img_0050,425,750,1,4,"{""low"": 200, ""high"": 300} | {""low"": 200, ""high"": 300} | {""low"": 150, ""high"": 200} | {""low"": 200, ""high"": 300}",42.15,0
img_0051,187,300,1,4,"{""low"": 150, ""high"": 200} | {""low"": 30, ""high"": 40} | {""low"": 80, ""high"": 120} | {""low"": 40, ""high"": 50}",41.51,0
img_0052,139,270,1,4,"{""low"": 100, ""high"": 200} | {""low"": 10, ""high"": 15} | {""low"": 150, ""high"": 300} | {""low"": 10, ""high"": 15}",41.39,0
img_0056,194,400,1,4,"{""low"": 100, ""high"": 200} | {""low"": 150, ""high"": 200} | {""low"": 50, ""high"": 100} | {""low"": 100, ""high"": 150}",41.43,0
img_0048,1211,3800,1,4,"{""low"": 500, ""high"": 1000} | {""low"": 1500, ""high"": 2000} | {""low"": 300, ""high"": 500} | {""low"": 1500, ""high"": 2000}",45.23,0
img_0053,954,2500,1,4,"{""low"": 1500, ""high"": 2500} | {""low"": 500, ""high"": 1000} | {""low"": 200, ""high"": 300} | {""low"": 300, ""high"": 400}",43.69,0
img_0060,227,600,1,4,"{""low"": 200, ""high"": 300} | {""low"": 100, ""high"": 150} | {""low"": 200, ""high"": 300} | {""low"": 100, ""high"": 150}",41.54,0
img_0049,2494,14000,1,4,"{""low"": 2000, ""high"": 5000} | {""low"": 2000, ""high"": 3000} | {""low"": 5000, ""high"": 10000} | {""low"": 5000, ""high"": 10000}",46.00,0
img_0055,361,1850,1,4,"{""low"": 1000, ""high"": 2000} | {""low"": 200, ""high"": 300} | {""low"": 500, ""high"": 1000} | {""low"": 150, ""high"": 200}",44.26,0
img_0061,236,300,1,4,"{""low"": 75, ""high"": 100} | {""low"": 50, ""high"": 70} | {""low"": 100, ""high"": 150} | {""low"": 75, ""high"": 100}",43.71,0
img_0057,687,1600,1,4,"{""low"": 500, ""high"": 1000} | {""low"": 100, ""high"": 200} | {""low"": 500, ""high"": 1000} | {""low"": 500, ""high"": 1000}",44.63,0
img_0059,452,800,1,4,"{""low"": 200, ""high"": 300} | {""low"": 200, ""high"": 300} | {""low"": 200, ""high"": 300} | {""low"": 200, ""high"": 300}",45.96,0
img_0063,1149,2020,1,4,"{""low"": 1000, ""high"": 2000} | {""low"": 10, ""high"": 15} | {""low"": 1000, ""high"": 2000} | {""low"": 10, ""high"": 15}",45.13,0
img_0058,4535,16500,1,4,"{""low"": 5000, ""high"": 10000} | {""low"": 500, ""high"": 700} | {""low"": 10000, ""high"": 20000} | {""low"": 1000, ""high"": 1500}",48.24,0
img_0062,2638,11500,1,4,"{""low"": 5000, ""high"": 10000} | {""low"": 500, ""high"": 1000} | {""low"": 5000, ""high"": 10000} | {""low"": 1000, ""high"": 2000}",48.22,0
img_0064,1357,5200,1,4,"{""low"": 2000, ""high"": 3000} | {""low"": 100, ""high"": 200} | {""low"": 3000, ""high"": 4000} | {""low"": 100, ""high"": 200}",46.95,0
img_0068,363,780,1,4,"{""low"": 500, ""high"": 1000} | {""low"": 200, ""high"": 300} | {""low"": 50, ""high"": 100} | {""low"": 30, ""high"": 45}",40.61,0
img_0081,121,225,1,4,"{""low"": 100, ""high"": 200} | {""low"": 10, ""high"": 15} | {""low"": 100, ""high"": 200} | {""low"": 15, ""high"": 25}",34.33,0
img_0065,490,850,1,4,"{""low"": 100, ""high"": 500} | {""low"": 500, ""high"": 1500} | {""low"": 50, ""high"": 100} | {""low"": 200, ""high"": 400}",44.18,0
img_0067,255,400,1,4,"{""low"": 200, ""high"": 300} | {""low"": 25, ""high"": 35} | {""low"": 150, ""high"": 200} | {""low"": 25, ""high"": 35}",42.80,0
img_0070,233,290,1,4,"{""low"": 100, ""high"": 150} | {""low"": 50, ""high"": 70} | {""low"": 100, ""high"": 150} | {""low"": 40, ""high"": 50}",42.10,0
img_0069,547,1090,1,4,"{""low"": 500, ""high"": 800} | {""low"": 40, ""high"": 50} | {""low"": 500, ""high"": 1000} | {""low"": 50, ""high"": 70}",44.16,0
img_0066,2980,10400,1,4,"{""low"": 5000, ""high"": 10000} | {""low"": 200, ""high"": 300} | {""low"": 5000, ""high"": 10000} | {""low"": 200, ""high"": 300}",45.10,0
img_0072,241,1100,1,4,"{""low"": 500, ""high"": 1000} | {""low"": 50, ""high"": 100} | {""low"": 500, ""high"": 1000} | {""low"": 50, ""high"": 100}",43.77,0
img_0080,347,1050,1,4,"{""low"": 500, ""high"": 800} | {""low"": 200, ""high"": 300} | {""low"": 200, ""high"": 300} | {""low"": 150, ""high"": 200}",39.78,0
img_0073,481,1630,1,4,"{""low"": 1000, ""high"": 1500} | {""low"": 100, ""high"": 150} | {""low"": 500, ""high"": 1000} | {""low"": 30, ""high"": 40}",43.52,0
img_0075,253,390,1,4,"{""low"": 300, ""high"": 500} | {""low"": 20, ""high"": 30} | {""low"": 50, ""high"": 70} | {""low"": 20, ""high"": 30}",43.57,0
img_0084,322,440,1,4,"{""low"": 150, ""high"": 250} | {""low"": 70, ""high"": 100} | {""low"": 150, ""high"": 250} | {""low"": 70, ""high"": 100}",38.98,0
img_0082,337,552,1,4,"{""low"": 1, ""high"": 1} | {""low"": 500, ""high"": 1000} | {""low"": 1, ""high"": 1} | {""low"": 50, ""high"": 100}",41.21,0
img_0077,203,340,1,4,"{""low"": 70, ""high"": 100} | {""low"": 100, ""high"": 150} | {""low"": 70, ""high"": 90} | {""low"": 100, ""high"": 150}",44.29,0
img_0071,1236,3300,1,4,"{""low"": 500, ""high"": 800} | {""low"": 1000, ""high"": 2000} | {""low"": 800, ""high"": 1200} | {""low"": 1000, ""high"": 2000}",47.14,0
img_0074,704,1300,1,4,"{""low"": 500, ""high"": 1000} | {""low"": 150, ""high"": 200} | {""low"": 500, ""high"": 1000} | {""low"": 150, ""high"": 200}",46.10,0
img_0076,489,1200,1,4,"{""low"": 100, ""high"": 200} | {""low"": 500, ""high"": 1000} | {""low"": 100, ""high"": 300} | {""low"": 500, ""high"": 1000}",46.18,0
img_0079,1974,4055,1,4,"{""low"": 2000, ""high"": 5000} | {""low"": 30, ""high"": 40} | {""low"": 2000, ""high"": 3000} | {""low"": 25, ""high"": 35}",44.52,0
img_0086,176,215,1,4,"{""low"": 70, ""high"": 100} | {""low"": 25, ""high"": 30} | {""low"": 100, ""high"": 150} | {""low"": 20, ""high"": 30}",42.23,0
img_0083,693,700,1,4,"{""low"": 100, ""high"": 200} | {""low"": 200, ""high"": 300} | {""low"": 200, ""high"": 500} | {""low"": 200, ""high"": 300}",45.67,0
img_0085,283,450,1,4,"{""low"": 150, ""high"": 200} | {""low"": 80, ""high"": 100} | {""low"": 150, ""high"": 200} | {""low"": 70, ""high"": 90}",43.36,0
img_0087,626,1000,1,4,"{""low"": 500, ""high"": 800} | {""low"": 200, ""high"": 300} | {""low"": 200, ""high"": 300} | {""low"": 100, ""high"": 150}",44.15,0
img_0078,1116,11000,1,4,"{""low"": 5000, ""high"": 10000} | {""low"": 500, ""high"": 1000} | {""low"": 5000, ""high"": 10000} | {""low"": 500, ""high"": 1000}",48.50,0
img_0091,636,1120,1,4,"{""low"": 500, ""high"": 1000} | {""low"": 50, ""high"": 70} | {""low"": 500, ""high"": 800} | {""low"": 70, ""high"": 100}",42.21,0
img_0088,197,700,1,4,"{""low"": 100, ""high"": 200} | {""low"": 200, ""high"": 300} | {""low"": 200, ""high"": 300} | {""low"": 200, ""high"": 300}",44.42,0
img_0092,645,900,1,4,"{""low"": 500, ""high"": 800} | {""low"": 300, ""high"": 400} | {""low"": 50, ""high"": 100} | {""low"": 50, ""high"": 100}",40.51,0
img_0089,1557,8500,1,4,"{""low"": 2000, ""high"": 5000} | {""low"": 1000, ""high"": 1500} | {""low"": 5000, ""high"": 10000} | {""low"": 500, ""high"": 700}",45.31,0
img_0094,146,220,1,4,"{""low"": 70, ""high"": 90} | {""low"": 30, ""high"": 45} | {""low"": 70, ""high"": 90} | {""low"": 50, ""high"": 70}",40.89,0
img_0090,792,3000,1,4,"{""low"": 1000, ""high"": 2000} | {""low"": 500, ""high"": 800} | {""low"": 1000, ""high"": 2000} | {""low"": 500, ""high"": 700}",44.59,0
img_0096,107,112,1,4,"{""low"": 50, ""high"": 70} | {""low"": 6, ""high"": 8} | {""low"": 50, ""high"": 70} | {""low"": 6, ""high"": 8}",38.83,0
img_0093,1929,10100,1,4,"{""low"": 5000, ""high"": 10000} | {""low"": 0, ""high"": 0} | {""low"": 5000, ""high"": 10000} | {""low"": 100, ""high"": 150}",42.83,0
img_0095,370,740,1,4,"{""low"": 300, ""high"": 500} | {""low"": 70, ""high"": 100} | {""low"": 300, ""high"": 500} | {""low"": 70, ""high"": 100}",41.82,0
img_0100,232,340,1,4,"{""low"": 200, ""high"": 300} | {""low"": 20, ""high"": 30} | {""low"": 100, ""high"": 200} | {""low"": 20, ""high"": 30}",27.81,0
img_0099,304,450,1,4,"{""low"": 50, ""high"": 100} | {""low"": 100, ""high"": 150} | {""low"": 200, ""high"": 500} | {""low"": 100, ""high"": 150}",32.41,0
img_0103,505,1300,1,4,"{""low"": 500, ""high"": 1000} | {""low"": 150, ""high"": 250} | {""low"": 500, ""high"": 800} | {""low"": 150, ""high"": 250}",30.48,0
img_0102,264,1030,1,4,"{""low"": 500, ""high"": 1000} | {""low"": 15, ""high"": 25} | {""low"": 500, ""high"": 1000} | {""low"": 15, ""high"": 25}",30.86,0
img_0101,175,240,1,4,"{""low"": 50, ""high"": 70} | {""low"": 70, ""high"": 100} | {""low"": 50, ""high"": 70} | {""low"": 70, ""high"": 100}",32.78,0
img_0097,431,2570,1,4,"{""low"": 2000, ""high"": 3000} | {""low"": 500, ""high"": 1000} | {""low"": 20, ""high"": 30} | {""low"": 50, ""high"": 70}",35.66,0
img_0098,249,400,1,4,"{""low"": 100, ""high"": 150} | {""low"": 100, ""high"": 150} | {""low"": 100, ""high"": 150} | {""low"": 100, ""high"": 150}",37.49,0
img_0106,1443,6200,1,4,"{""low"": 5000, ""high"": 10000} | {""low"": 500, ""high"": 700} | {""low"": 500, ""high"": 1000} | {""low"": 200, ""high"": 300}",32.95,0
img_0105,166,270,1,4,"{""low"": 70, ""high"": 100} | {""low"": 25, ""high"": 35} | {""low"": 150, ""high"": 200} | {""low"": 25, ""high"": 35}",34.46,0
img_0115,291,305,1,4,"{""low"": 150, ""high"": 200} | {""low"": 30, ""high"": 40} | {""low"": 100, ""high"": 150} | {""low"": 25, ""high"": 30}",29.93,0
img_0107,335,490,1,4,"{""low"": 200, ""high"": 300} | {""low"": 40, ""high"": 50} | {""low"": 200, ""high"": 300} | {""low"": 50, ""high"": 70}",35.53,0
img_0108,188,268,1,4,"{""low"": 10, ""high"": 20} | {""low"": 150, ""high"": 200} | {""low"": 8, ""high"": 12} | {""low"": 100, ""high"": 150}",35.41,0
img_0104,1387,8000,1,4,"{""low"": 2000, ""high"": 3000} | {""low"": 500, ""high"": 700} | {""low"": 5000, ""high"": 10000} | {""low"": 500, ""high"": 700}",38.12,0
img_0111,157,320,1,4,"{""low"": 20, ""high"": 30} | {""low"": 50, ""high"": 70} | {""low"": 100, ""high"": 200} | {""low"": 150, ""high"": 250}",35.20,0
img_0110,460,550,1,4,"{""low"": 200, ""high"": 300} | {""low"": 100, ""high"": 150} | {""low"": 150, ""high"": 200} | {""low"": 100, ""high"": 150}",35.20,0
img_0109,441,1000,1,4,"{""low"": 500, ""high"": 1000} | {""low"": 200, ""high"": 300} | {""low"": 200, ""high"": 300} | {""low"": 100, ""high"": 150}",39.28,0
img_0121,150,250,1,4,"{""low"": 100, ""high"": 200} | {""low"": 30, ""high"": 50} | {""low"": 100, ""high"": 200} | {""low"": 20, ""high"": 30}",33.68,0
img_0114,800,2300,1,4,"{""low"": 1000, ""high"": 2000} | {""low"": 200, ""high"": 300} | {""low"": 1000, ""high"": 2000} | {""low"": 100, ""high"": 150}",37.42,0
img_0112,1166,5000,1,4,"{""low"": 500, ""high"": 1000} | {""low"": 2000, ""high"": 3000} | {""low"": 500, ""high"": 1000} | {""low"": 2000, ""high"": 3000}",38.94,0
img_0120,763,1400,1,4,"{""low"": 500, ""high"": 800} | {""low"": 200, ""high"": 300} | {""low"": 500, ""high"": 700} | {""low"": 200, ""high"": 300}",34.46,0
img_0113,1278,5500,1,4,"{""low"": 2000, ""high"": 5000} | {""low"": 2000, ""high"": 3000} | {""low"": 500, ""high"": 1000} | {""low"": 1000, ""high"": 2000}",40.09,0
img_0117,737,1500,1,4,"{""low"": 500, ""high"": 700} | {""low"": 300, ""high"": 400} | {""low"": 500, ""high"": 700} | {""low"": 200, ""high"": 300}",38.20,0
img_0116,760,3500,1,4,"{""low"": 2000, ""high"": 5000} | {""low"": 500, ""high"": 1000} | {""low"": 500, ""high"": 1000} | {""low"": 500, ""high"": 1000}",38.20,0
img_0118,964,1800,1,4,"{""low"": 500, ""high"": 800} | {""low"": 500, ""high"": 800} | {""low"": 300, ""high"": 500} | {""low"": 500, ""high"": 800}",37.51,0
img_0122,499,1100,1,4,"{""low"": 200, ""high"": 300} | {""low"": 200, ""high"": 300} | {""low"": 500, ""high"": 800} | {""low"": 200, ""high"": 300}",37.52,0
img_0128,811,2000,1,4,"{""low"": 500, ""high"": 1000} | {""low"": 500, ""high"": 1000} | {""low"": 500, ""high"": 1000} | {""low"": 500, ""high"": 1000}",32.83,0
img_0123,485,570,1,4,"{""low"": 200, ""high"": 300} | {""low"": 70, ""high"": 90} | {""low"": 150, ""high"": 200} | {""low"": 150, ""high"": 200}",36.76,0
img_0125,1256,3270,1,4,"{""low"": 2000, ""high"": 3000} | {""low"": 200, ""high"": 300} | {""low"": 1000, ""high"": 1500} | {""low"": 70, ""high"": 90}",37.16,0
img_0119,723,13000,1,4,"{""low"": 5000, ""high"": 10000} | {""low"": 1000, ""high"": 2000} | {""low"": 5000, ""high"": 10000} | {""low"": 2000, ""high"": 3000}",40.60,0
img_0124,757,1700,1,4,"{""low"": 1000, ""high"": 2000} | {""low"": 150, ""high"": 200} | {""low"": 500, ""high"": 1000} | {""low"": 50, ""high"": 70}",38.66,0
img_0126,305,1400,1,4,"{""low"": 500, ""high"": 800} | {""low"": 200, ""high"": 300} | {""low"": 500, ""high"": 1000} | {""low"": 200, ""high"": 300}",39.13,0
img_0127,408,730,1,4,"{""low"": 300, ""high"": 400} | {""low"": 150, ""high"": 200} | {""low"": 200, ""high"": 300} | {""low"": 80, ""high"": 100}",38.75,0
img_0129,311,580,1,4,"{""low"": 300, ""high"": 500} | {""low"": 40, ""high"": 60} | {""low"": 200, ""high"": 300} | {""low"": 40, ""high"": 50}",39.88,0
img_0134,152,230,1,4,"{""low"": 50, ""high"": 70} | {""low"": 30, ""high"": 40} | {""low"": 100, ""high"": 150} | {""low"": 50, ""high"": 70}",35.49,0
img_0130,456,625,1,4,"{""low"": 500, ""high"": 1000} | {""low"": 50, ""high"": 70} | {""low"": 50, ""high"": 100} | {""low"": 25, ""high"": 35}",41.11,0
img_0132,294,380,1,4,"{""low"": 200, ""high"": 300} | {""low"": 50, ""high"": 70} | {""low"": 100, ""high"": 150} | {""low"": 30, ""high"": 40}",41.92,0
img_0131,475,2000,1,4,"{""low"": 500, ""high"": 1000} | {""low"": 500, ""high"": 1000} | {""low"": 500, ""high"": 1000} | {""low"": 500, ""high"": 1000}",43.99,0
img_0133,944,4125,1,4,"{""low"": 2000, ""high"": 3000} | {""low"": 50, ""high"": 100} | {""low"": 2000, ""high"": 3000} | {""low"": 75, ""high"": 100}",45.16,0
img_0135,314,900,1,4,"{""low"": 500, ""high"": 1000} | {""low"": 200, ""high"": 300} | {""low"": 100, ""high"": 200} | {""low"": 100, ""high"": 150}",43.72,0
img_0143,810,1400,1,4,"{""low"": 500, ""high"": 1000} | {""low"": 200, ""high"": 300} | {""low"": 500, ""high"": 700} | {""low"": 200, ""high"": 300}",40.38,0
img_0136,652,3000,1,4,"{""low"": 1000, ""high"": 1500} | {""low"": 500, ""high"": 700} | {""low"": 1000, ""high"": 2000} | {""low"": 500, ""high"": 1000}",45.61,0
img_0138,632,1800,1,4,"{""low"": 500, ""high"": 700} | {""low"": 500, ""high"": 700} | {""low"": 300, ""high"": 500} | {""low"": 500, ""high"": 700}",43.73,0
img_0141,171,240,1,4,"{""low"": 150, ""high"": 200} | {""low"": 30, ""high"": 45} | {""low"": 30, ""high"": 45} | {""low"": 30, ""high"": 45}",42.76,0
img_0137,751,6000,1,4,"{""low"": 2000, ""high"": 5000} | {""low"": 1000, ""high"": 2000} | {""low"": 2000, ""high"": 5000} | {""low"": 1000, ""high"": 2000}",46.40,0
img_0139,428,1050,1,4,"{""low"": 300, ""high"": 500} | {""low"": 150, ""high"": 200} | {""low"": 500, ""high"": 800} | {""low"": 100, ""high"": 150}",44.51,0
img_0140,398,1180,1,4,"{""low"": 500, ""high"": 800} | {""low"": 80, ""high"": 120} | {""low"": 500, ""high"": 700} | {""low"": 100, ""high"": 150}",45.05,0
img_0142,353,570,1,4,"{""low"": 150, ""high"": 200} | {""low"": 70, ""high"": 90} | {""low"": 200, ""high"": 300} | {""low"": 150, ""high"": 200}",44.61,0
img_0145,161,170,1,4,"{""low"": 70, ""high"": 100} | {""low"": 15, ""high"": 25} | {""low"": 70, ""high"": 100} | {""low"": 15, ""high"": 25}",42.31,0
img_0147,135,152,1,4,"{""low"": 50, ""high"": 70} | {""low"": 20, ""high"": 25} | {""low"": 70, ""high"": 90} | {""low"": 12, ""high"": 15}",42.30,0
img_0146,387,555,1,4,"{""low"": 200, ""high"": 300} | {""low"": 30, ""high"": 40} | {""low"": 300, ""high"": 400} | {""low"": 25, ""high"": 35}",43.79,0
img_0144,446,750,1,4,"{""low"": 200, ""high"": 300} | {""low"": 200, ""high"": 300} | {""low"": 200, ""high"": 300} | {""low"": 150, ""high"": 250}",45.64,0
img_0148,819,2000,1,4,"{""low"": 500, ""high"": 1000} | {""low"": 500, ""high"": 1000} | {""low"": 500, ""high"": 1000} | {""low"": 500, ""high"": 1000}",46.14,0
img_0149,390,500,1,4,"{""low"": 100, ""high"": 150} | {""low"": 100, ""high"": 150} | {""low"": 150, ""high"": 250} | {""low"": 150, ""high"": 200}",44.63,0
img_0150,396,1000,1,4,"{""low"": 500, ""high"": 800} | {""low"": 200, ""high"": 300} | {""low"": 200, ""high"": 300} | {""low"": 100, ""high"": 150}",44.98,0
img_0155,845,1300,1,4,"{""low"": 500, ""high"": 1000} | {""low"": 200, ""high"": 300} | {""low"": 500, ""high"": 700} | {""low"": 100, ""high"": 150}",43.41,0
img_0151,648,6700,1,4,"{""low"": 5000, ""high"": 10000} | {""low"": 1000, ""high"": 2000} | {""low"": 500, ""high"": 1000} | {""low"": 200, ""high"": 300}",46.75,0
img_0152,901,1700,1,4,"{""low"": 1000, ""high"": 2000} | {""low"": 150, ""high"": 200} | {""low"": 500, ""high"": 1000} | {""low"": 50, ""high"": 70}",46.10,0
img_0153,641,2500,1,4,"{""low"": 500, ""high"": 1000} | {""low"": 500, ""high"": 1000} | {""low"": 1000, ""high"": 2000} | {""low"": 500, ""high"": 1000}",45.98,0
img_0158,247,455,1,4,"{""low"": 200, ""high"": 300} | {""low"": 30, ""high"": 40} | {""low"": 200, ""high"": 300} | {""low"": 25, ""high"": 35}",44.53,0
img_0157,471,550,1,4,"{""low"": 200, ""high"": 300} | {""low"": 80, ""high"": 100} | {""low"": 200, ""high"": 300} | {""low"": 70, ""high"": 100}",45.27,0
img_0154,354,1100,1,4,"{""low"": 200, ""high"": 500} | {""low"": 500, ""high"": 1000} | {""low"": 200, ""high"": 500} | {""low"": 200, ""high"": 300}",47.22,0
img_0159,469,800,1,4,"{""low"": 500, ""high"": 1000} | {""low"": 50, ""high"": 100} | {""low"": 200, ""high"": 300} | {""low"": 50, ""high"": 70}",44.52,0
img_0156,2075,6500,1,4,"{""low"": 2000, ""high"": 3000} | {""low"": 1000, ""high"": 1500} | {""low"": 1500, ""high"": 2000} | {""low"": 2000, ""high"": 3000}",50.50,0
img_0160,1063,3000,1,4,"{""low"": 1000, ""high"": 2000} | {""low"": 500, ""high"": 700} | {""low"": 1000, ""high"": 2000} | {""low"": 500, ""high"": 1000}",47.71,0
img_0161,313,450,1,4,"{""low"": 200, ""high"": 300} | {""low"": 70, ""high"": 100} | {""low"": 150, ""high"": 250} | {""low"": 30, ""high"": 50}",44.58,0
img_0162,279,550,1,4,"{""low"": 100, ""high"": 150} | {""low"": 150, ""high"": 200} | {""low"": 150, ""high"": 200} | {""low"": 150, ""high"": 200}",44.84,0
img_0175,117,125,1,4,"{""low"": 30, ""high"": 40} | {""low"": 40, ""high"": 55} | {""low"": 15, ""high"": 25} | {""low"": 40, ""high"": 55}",33.53,0
img_0163,372,750,1,4,"{""low"": 200, ""high"": 300} | {""low"": 200, ""high"": 300} | {""low"": 150, ""high"": 250} | {""low"": 200, ""high"": 300}",46.37,0
img_0174,259,700,1,4,"{""low"": 50, ""high"": 100} | {""low"": 50, ""high"": 100} | {""low"": 500, ""high"": 1000} | {""low"": 100, ""high"": 200}",36.20,0
img_0165,198,280,1,4,"{""low"": 60, ""high"": 80} | {""low"": 100, ""high"": 150} | {""low"": 50, ""high"": 70} | {""low"": 70, ""high"": 90}",45.39,0
img_0164,1586,8000,1,4,"{""low"": 2000, ""high"": 3000} | {""low"": 500, ""high"": 700} | {""low"": 5000, ""high"": 7000} | {""low"": 500, ""high"": 700}",47.74,0
img_0170,148,190,1,4,"{""low"": 50, ""high"": 70} | {""low"": 30, ""high"": 40} | {""low"": 70, ""high"": 90} | {""low"": 40, ""high"": 55}",41.79,0
img_0166,2315,5250,1,4,"{""low"": 2000, ""high"": 3000} | {""low"": 1000, ""high"": 1500} | {""low"": 2000, ""high"": 3000} | {""low"": 250, ""high"": 350}",46.33,0
img_0168,138,220,1,4,"{""low"": 100, ""high"": 150} | {""low"": 25, ""high"": 35} | {""low"": 70, ""high"": 100} | {""low"": 25, ""high"": 35}",43.67,0
img_0172,110,175,1,4,"{""low"": 0, ""high"": 0} | {""low"": 75, ""high"": 100} | {""low"": 0, ""high"": 0} | {""low"": 100, ""high"": 200}",42.00,0
img_0169,174,525,1,4,"{""low"": 200, ""high"": 300} | {""low"": 100, ""high"": 150} | {""low"": 150, ""high"": 250} | {""low"": 75, ""high"": 100}",45.07,0
img_0167,4195,8500,1,4,"{""low"": 2000, ""high"": 3000} | {""low"": 1000, ""high"": 1500} | {""low"": 5000, ""high"": 10000} | {""low"": 500, ""high"": 700}",47.35,0
img_0171,608,4000,1,4,"{""low"": 1000, ""high"": 2000} | {""low"": 500, ""high"": 700} | {""low"": 2000, ""high"": 3000} | {""low"": 500, ""high"": 700}",46.33,0
img_0177,272,440,1,4,"{""low"": 200, ""high"": 300} | {""low"": 15, ""high"": 20} | {""low"": 200, ""high"": 300} | {""low"": 25, ""high"": 35}",42.22,0
img_0178,400,1001,1,4,"{""low"": 0, ""high"": 0} | {""low"": 500, ""high"": 800} | {""low"": 1, ""high"": 3} | {""low"": 500, ""high"": 1000}",42.59,0
img_0173,883,2200,1,4,"{""low"": 200, ""high"": 300} | {""low"": 500, ""high"": 1000} | {""low"": 500, ""high"": 1000} | {""low"": 1000, ""high"": 2000}",48.11,0
img_0176,326,1400,1,4,"{""low"": 500, ""high"": 1000} | {""low"": 200, ""high"": 300} | {""low"": 500, ""high"": 1000} | {""low"": 200, ""high"": 300}",45.39,0
img_0182,269,320,1,4,"{""low"": 200, ""high"": 300} | {""low"": 12, ""high"": 18} | {""low"": 100, ""high"": 200} | {""low"": 8, ""high"": 12}",41.68,0
img_0181,466,1105,1,4,"{""low"": 5, ""high"": 10} | {""low"": 100, ""high"": 200} | {""low"": 500, ""high"": 1000} | {""low"": 500, ""high"": 1000}",43.08,0
img_0179,2021,11000,1,4,"{""low"": 500, ""high"": 1000} | {""low"": 5000, ""high"": 10000} | {""low"": 500, ""high"": 1000} | {""low"": 5000, ""high"": 10000}",46.40,0
img_0180,1315,3500,1,4,"{""low"": 2000, ""high"": 5000} | {""low"": 500, ""high"": 700} | {""low"": 500, ""high"": 800} | {""low"": 500, ""high"": 800}",44.45,0
img_0189,122,101,1,4,"{""low"": 5, ""high"": 6} | {""low"": 6, ""high"": 8} | {""low"": 80, ""high"": 120} | {""low"": 10, ""high"": 15}",40.30,0
img_0188,275,350,1,4,"{""low"": 150, ""high"": 200} | {""low"": 30, ""high"": 40} | {""low"": 150, ""high"": 200} | {""low"": 20, ""high"": 30}",40.43,0
img_0183,1758,7060,1,4,"{""low"": 5000, ""high"": 7000} | {""low"": 30, ""high"": 40} | {""low"": 2000, ""high"": 3000} | {""low"": 30, ""high"": 40}",44.89,0
img_0186,158,410,1,4,"{""low"": 150, ""high"": 250} | {""low"": 30, ""high"": 45} | {""low"": 200, ""high"": 300} | {""low"": 30, ""high"": 50}",43.47,0
img_0191,532,5535,1,4,"{""low"": 5000, ""high"": 10000} | {""low"": 20, ""high"": 30} | {""low"": 500, ""high"": 1000} | {""low"": 15, ""high"": 20}",37.53,0
img_0187,403,1000,1,4,"{""low"": 0, ""high"": 0} | {""low"": 500, ""high"": 1000} | {""low"": 0, ""high"": 0} | {""low"": 500, ""high"": 1000}",42.63,0
img_0185,507,1600,1,4,"{""low"": 500, ""high"": 1000} | {""low"": 100, ""high"": 200} | {""low"": 500, ""high"": 1000} | {""low"": 500, ""high"": 1000}",45.67,0
img_0184,2166,5500,1,4,"{""low"": 2000, ""high"": 3000} | {""low"": 1500, ""high"": 2000} | {""low"": 1500, ""high"": 2000} | {""low"": 500, ""high"": 700}",45.78,0
img_0190,732,1170,1,4,"{""low"": 100, ""high"": 150} | {""low"": 500, ""high"": 700} | {""low"": 70, ""high"": 90} | {""low"": 500, ""high"": 700}",43.44,0
img_0192,195,225,1,4,"{""low"": 70, ""high"": 90} | {""low"": 25, ""high"": 30} | {""low"": 100, ""high"": 150} | {""low"": 30, ""high"": 40}",41.74,0
img_0194,159,210,1,4,"{""low"": 100, ""high"": 150} | {""low"": 30, ""high"": 50} | {""low"": 50, ""high"": 100} | {""low"": 30, ""high"": 50}",34.41,0
img_0195,211,290,1,4,"{""low"": 100, ""high"": 150} | {""low"": 50, ""high"": 70} | {""low"": 100, ""high"": 150} | {""low"": 40, ""high"": 50}",33.96,0
img_0193,210,460,1,4,"{""low"": 200, ""high"": 300} | {""low"": 30, ""high"": 45} | {""low"": 200, ""high"": 300} | {""low"": 30, ""high"": 40}",41.61,0
img_0196,287,800,1,4,"{""low"": 100, ""high"": 300} | {""low"": 500, ""high"": 700} | {""low"": 50, ""high"": 100} | {""low"": 150, ""high"": 250}",41.02,0
img_0197,165,745,1,4,"{""low"": 200, ""high"": 300} | {""low"": 20, ""high"": 30} | {""low"": 500, ""high"": 700} | {""low"": 25, ""high"": 35}",40.84,0
img_0198,104,120,1,4,"{""low"": 40, ""high"": 60} | {""low"": 20, ""high"": 25} | {""low"": 50, ""high"": 70} | {""low"": 10, ""high"": 15}",40.93,0
img_0201,719,1570,1,4,"{""low"": 500, ""high"": 1000} | {""low"": 30, ""high"": 50} | {""low"": 1000, ""high"": 2000} | {""low"": 40, ""high"": 60}",40.01,0
img_0202,864,1700,1,4,"{""low"": 500, ""high"": 1000} | {""low"": 200, ""high"": 300} | {""low"": 500, ""high"": 1000} | {""low"": 500, ""high"": 1000}",39.34,0
img_0199,263,350,1,4,"{""low"": 100, ""high"": 200} | {""low"": 150, ""high"": 200} | {""low"": 50, ""high"": 70} | {""low"": 50, ""high"": 70}",42.96,0
img_0200,299,1060,1,4,"{""low"": 500, ""high"": 1000} | {""low"": 30, ""high"": 50} | {""low"": 500, ""high"": 1000} | {""low"": 30, ""high"": 50}",42.25,0
img_0203,368,1100,1,4,"{""low"": 500, ""high"": 1000} | {""low"": 50, ""high"": 100} | {""low"": 500, ""high"": 1000} | {""low"": 50, ""high"": 100}",40.98,0
img_0204,522,1700,1,4,"{""low"": 500, ""high"": 1000} | {""low"": 200, ""high"": 300} | {""low"": 500, ""high"": 1000} | {""low"": 500, ""high"": 1000}",42.52,0
img_0205,778,6500,1,4,"{""low"": 5000, ""high"": 10000} | {""low"": 500, ""high"": 1000} | {""low"": 500, ""high"": 1000} | {""low"": 500, ""high"": 1000}",43.27,0
img_0208,204,310,1,4,"{""low"": 70, ""high"": 90} | {""low"": 40, ""high"": 50} | {""low"": 150, ""high"": 200} | {""low"": 50, ""high"": 70}",40.91,0
img_0210,421,1005,1,4,"{""low"": 0, ""high"": 0} | {""low"": 500, ""high"": 1000} | {""low"": 5, ""high"": 10} | {""low"": 500, ""high"": 1000}",40.10,0
img_0207,463,5700,1,4,"{""low"": 5000, ""high"": 10000} | {""low"": 100, ""high"": 200} | {""low"": 500, ""high"": 1000} | {""low"": 100, ""high"": 200}",43.77,0
img_0209,143,1400,1,4,"{""low"": 500, ""high"": 1000} | {""low"": 200, ""high"": 300} | {""low"": 500, ""high"": 1000} | {""low"": 200, ""high"": 500}",42.16,0
img_0212,218,310,1,4,"{""low"": 100, ""high"": 150} | {""low"": 30, ""high"": 40} | {""low"": 150, ""high"": 200} | {""low"": 30, ""high"": 45}",40.07,0
img_0219,535,1120,1,4,"{""low"": 500, ""high"": 800} | {""low"": 50, ""high"": 100} | {""low"": 500, ""high"": 800} | {""low"": 70, ""high"": 100}",38.48,0
img_0206,2870,20000,1,4,"{""low"": 5000, ""high"": 10000} | {""low"": 5000, ""high"": 10000} | {""low"": 5000, ""high"": 10000} | {""low"": 5000, ""high"": 10000}",48.14,0
img_0211,434,5450,1,4,"{""low"": 200, ""high"": 300} | {""low"": 50, ""high"": 70} | {""low"": 5000, ""high"": 10000} | {""low"": 200, ""high"": 300}",44.33,0
img_0213,266,755,1,4,"{""low"": 500, ""high"": 700} | {""low"": 30, ""high"": 40} | {""low"": 200, ""high"": 300} | {""low"": 25, ""high"": 35}",42.31,0
img_0215,1048,10100,1,4,"{""low"": 50, ""high"": 100} | {""low"": 5000, ""high"": 7000} | {""low"": 50, ""high"": 100} | {""low"": 5000, ""high"": 10000}",42.40,0
img_0214,514,1170,1,4,"{""low"": 500, ""high"": 1000} | {""low"": 70, ""high"": 100} | {""low"": 500, ""high"": 700} | {""low"": 100, ""high"": 150}",43.16,0
img_0217,1775,6020,1,4,"{""low"": 1000, ""high"": 2000} | {""low"": 10, ""high"": 15} | {""low"": 5000, ""high"": 7000} | {""low"": 10, ""high"": 15}",42.27,0
img_0216,593,2200,1,4,"{""low"": 1000, ""high"": 2000} | {""low"": 500, ""high"": 1000} | {""low"": 500, ""high"": 1000} | {""low"": 200, ""high"": 300}",43.89,0
img_0218,712,2300,1,4,"{""low"": 1000, ""high"": 1500} | {""low"": 200, ""high"": 300} | {""low"": 800, ""high"": 1200} | {""low"": 300, ""high"": 500}",43.16,0
img_0222,1890,1400,1,4,"{""low"": 500, ""high"": 1000} | {""low"": 200, ""high"": 300} | {""low"": 500, ""high"": 1000} | {""low"": 200, ""high"": 300}",42.10,0
img_0221,1709,2300,1,4,"{""low"": 1500, ""high"": 2500} | {""low"": 200, ""high"": 300} | {""low"": 500, ""high"": 1000} | {""low"": 100, ""high"": 150}",42.18,0
img_0220,2746,3900,1,4,"{""low"": 1500, ""high"": 2500} | {""low"": 200, ""high"": 300} | {""low"": 2000, ""high"": 3000} | {""low"": 200, ""high"": 300}",43.62,0
img_0224,379,540,1,4,"{""low"": 200, ""high"": 300} | {""low"": 70, ""high"": 100} | {""low"": 200, ""high"": 300} | {""low"": 70, ""high"": 100}",42.35,0
img_0223,1826,8500,1,4,"{""low"": 5000, ""high"": 8000} | {""low"": 2000, ""high"": 3000} | {""low"": 500, ""high"": 1000} | {""low"": 1000, ""high"": 2000}",44.47,0
img_0225,1191,1350,1,4,"{""low"": 500, ""high"": 1000} | {""low"": 200, ""high"": 300} | {""low"": 500, ""high"": 1000} | {""low"": 150, ""high"": 250}",42.27,0
img_0227,612,940,1,4,"{""low"": 500, ""high"": 1000} | {""low"": 70, ""high"": 90} | {""low"": 300, ""high"": 500} | {""low"": 70, ""high"": 90}",40.86,0
img_0226,1665,3000,1,4,"{""low"": 1000, ""high"": 2000} | {""low"": 500, ""high"": 1000} | {""low"": 1000, ""high"": 2000} | {""low"": 500, ""high"": 1000}",45.46,0
img_0228,172,360,1,4,"{""low"": 150, ""high"": 200} | {""low"": 30, ""high"": 40} | {""low"": 150, ""high"": 200} | {""low"": 30, ""high"": 40}",41.02,0
img_0235,125,187,1,4,"{""low"": 100, ""high"": 150} | {""low"": 25, ""high"": 35} | {""low"": 50, ""high"": 100} | {""low"": 12, ""high"": 18}",37.59,0
img_0234,244,310,1,4,"{""low"": 150, ""high"": 200} | {""low"": 30, ""high"": 40} | {""low"": 100, ""high"": 150} | {""low"": 30, ""high"": 40}",39.14,0
img_0232,419,1250,1,4,"{""low"": 500, ""high"": 1000} | {""low"": 150, ""high"": 250} | {""low"": 500, ""high"": 1000} | {""low"": 100, ""high"": 200}",40.56,0
img_0229,699,4000,1,4,"{""low"": 1000, ""high"": 2000} | {""low"": 500, ""high"": 700} | {""low"": 2000, ""high"": 3000} | {""low"": 500, ""high"": 1000}",43.44,0
img_0236,267,900,1,4,"{""low"": 200, ""high"": 300} | {""low"": 100, ""high"": 200} | {""low"": 500, ""high"": 800} | {""low"": 100, ""high"": 150}",35.99,0
img_0230,1454,7350,1,4,"{""low"": 150, ""high"": 250} | {""low"": 2000, ""high"": 3000} | {""low"": 200, ""high"": 500} | {""low"": 5000, ""high"": 10000}",42.96,0
img_0233,332,550,1,4,"{""low"": 50, ""high"": 100} | {""low"": 150, ""high"": 250} | {""low"": 150, ""high"": 250} | {""low"": 200, ""high"": 300}",41.81,0
img_0231,682,10250,1,4,"{""low"": 5000, ""high"": 10000} | {""low"": 100, ""high"": 200} | {""low"": 5000, ""high"": 10000} | {""low"": 150, ""high"": 200}",43.71,0
img_0237,178,210,1,4,"{""low"": 50, ""high"": 60} | {""low"": 25, ""high"": 35} | {""low"": 100, ""high"": 150} | {""low"": 35, ""high"": 45}",38.74,0
img_0238,170,265,1,4,"{""low"": 100, ""high"": 150} | {""low"": 50, ""high"": 100} | {""low"": 100, ""high"": 150} | {""low"": 15, ""high"": 25}",38.29,0
img_0239,306,650,1,4,"{""low"": 200, ""high"": 300} | {""low"": 50, ""high"": 100} | {""low"": 200, ""high"": 300} | {""low"": 200, ""high"": 300}",38.57,0
img_0242,238,1300,1,4,"{""low"": 500, ""high"": 1000} | {""low"": 100, ""high"": 200} | {""low"": 500, ""high"": 1000} | {""low"": 200, ""high"": 300}",36.30,0
img_0240,329,715,1,4,"{""low"": 200, ""high"": 300} | {""low"": 7, ""high"": 10} | {""low"": 500, ""high"": 1000} | {""low"": 8, ""high"": 12}",38.07,0
img_0241,207,510,1,4,"{""low"": 10, ""high"": 30} | {""low"": 200, ""high"": 300} | {""low"": 100, ""high"": 200} | {""low"": 200, ""high"": 300}",38.97,0
img_0243,289,450,1,4,"{""low"": 200, ""high"": 300} | {""low"": 30, ""high"": 50} | {""low"": 200, ""high"": 300} | {""low"": 20, ""high"": 30}",36.70,0
img_0244,228,380,1,4,"{""low"": 200, ""high"": 300} | {""low"": 50, ""high"": 70} | {""low"": 100, ""high"": 200} | {""low"": 30, ""high"": 40}",38.51,0
img_0245,308,735,1,4,"{""low"": 500, ""high"": 800} | {""low"": 15, ""high"": 25} | {""low"": 200, ""high"": 300} | {""low"": 20, ""high"": 30}",38.27,0
img_0246,1036,1518,1,4,"{""low"": 500, ""high"": 1000} | {""low"": 10, ""high"": 15} | {""low"": 1000, ""high"": 2000} | {""low"": 8, ""high"": 12}",39.04,0
img_0249,83,180,1,4,"{""low"": 50, ""high"": 100} | {""low"": 50, ""high"": 70} | {""low"": 50, ""high"": 70} | {""low"": 30, ""high"": 40}",38.37,0
img_0248,205,735,1,4,"{""low"": 200, ""high"": 300} | {""low"": 15, ""high"": 25} | {""low"": 500, ""high"": 1000} | {""low"": 20, ""high"": 30}",39.35,0
img_0247,214,850,1,4,"{""low"": 500, ""high"": 1000} | {""low"": 100, ""high"": 150} | {""low"": 200, ""high"": 300} | {""low"": 50, ""high"": 70}",39.73,0
img_0251,184,836,1,4,"{""low"": 500, ""high"": 1000} | {""low"": 300, ""high"": 500} | {""low"": 6, ""high"": 9} | {""low"": 30, ""high"": 50}",38.22,0
img_0253,163,713,1,4,"{""low"": 200, ""high"": 500} | {""low"": 8, ""high"": 12} | {""low"": 500, ""high"": 1000} | {""low"": 5, ""high"": 7}",37.65,0
img_0250,65,110,1,4,"{""low"": 50, ""high"": 70} | {""low"": 20, ""high"": 30} | {""low"": 25, ""high"": 35} | {""low"": 15, ""high"": 20}",39.25,0
img_0252,340,1700,1,4,"{""low"": 500, ""high"": 1000} | {""low"": 200, ""high"": 300} | {""low"": 500, ""high"": 1000} | {""low"": 500, ""high"": 1000}",38.40,0
img_0254,829,1530,1,4,"{""low"": 30, ""high"": 50} | {""low"": 500, ""high"": 1000} | {""low"": 0, ""high"": 0} | {""low"": 1000, ""high"": 1500}",40.79,0
img_0257,2371,6100,1,4,"{""low"": 0, ""high"": 0} | {""low"": 5000, ""high"": 10000} | {""low"": 100, ""high"": 300} | {""low"": 1000, ""high"": 2000}",35.42,0
img_0255,3970,8600,1,4,"{""low"": 2000, ""high"": 3000} | {""low"": 800, ""high"": 1000} | {""low"": 5000, ""high"": 7000} | {""low"": 800, ""high"": 1200}",43.39,0
img_0256,2240,4500,1,4,"{""low"": 2000, ""high"": 3000} | {""low"": 500, ""high"": 1000} | {""low"": 1500, ""high"": 2500} | {""low"": 500, ""high"": 1000}",43.20,0
img_0258,994,3500,1,4,"{""low"": 1000, ""high"": 1500} | {""low"": 500, ""high"": 700} | {""low"": 1500, ""high"": 2500} | {""low"": 500, ""high"": 1000}",39.45,0
img_0259,338,418,1,4,"{""low"": 200, ""high"": 300} | {""low"": 8, ""high"": 12} | {""low"": 200, ""high"": 300} | {""low"": 10, ""high"": 15}",35.75,0
img_0263,258,445,1,4,"{""low"": 200, ""high"": 300} | {""low"": 20, ""high"": 30} | {""low"": 200, ""high"": 300} | {""low"": 25, ""high"": 35}",30.88,0
img_0265,245,330,1,4,"{""low"": 150, ""high"": 200} | {""low"": 15, ""high"": 20} | {""low"": 150, ""high"": 200} | {""low"": 15, ""high"": 20}",32.79,0
img_0260,2116,3000,1,4,"{""low"": 1000, ""high"": 1500} | {""low"": 500, ""high"": 1000} | {""low"": 1000, ""high"": 2000} | {""low"": 500, ""high"": 1000}",38.28,0
img_0267,1103,2000,1,4,"{""low"": 500, ""high"": 1000} | {""low"": 500, ""high"": 1000} | {""low"": 500, ""high"": 1000} | {""low"": 500, ""high"": 700}",32.63,0
img_0261,343,600,1,4,"{""low"": 200, ""high"": 300} | {""low"": 100, ""high"": 150} | {""low"": 200, ""high"": 300} | {""low"": 100, ""high"": 150}",35.50,0
img_0264,225,1400,1,4,"{""low"": 500, ""high"": 1000} | {""low"": 200, ""high"": 300} | {""low"": 500, ""high"": 1000} | {""low"": 200, ""high"": 300}",36.14,0
img_0268,1400,11500,1,4,"{""low"": 5000, ""high"": 10000} | {""low"": 500, ""high"": 1000} | {""low"": 5000, ""high"": 10000} | {""low"": 1000, ""high"": 2000}",33.10,0
img_0262,550,1532,1,4,"{""low"": 1000, ""high"": 2000} | {""low"": 20, ""high"": 30} | {""low"": 500, ""high"": 1000} | {""low"": 12, ""high"": 18}",36.16,0
img_0270,276,450,1,4,"{""low"": 150, ""high"": 250} | {""low"": 100, ""high"": 150} | {""low"": 100, ""high"": 200} | {""low"": 100, ""high"": 200}",32.22,0
img_0274,457,580,1,4,"{""low"": 200, ""high"": 300} | {""low"": 150, ""high"": 200} | {""low"": 150, ""high"": 200} | {""low"": 80, ""high"": 100}",30.92,0
img_0271,916,3070,1,4,"{""low"": 2000, ""high"": 3000} | {""low"": 500, ""high"": 1000} | {""low"": 500, ""high"": 1000} | {""low"": 70, ""high"": 100}",33.42,0
img_0266,3653,110000,1,4,"{""low"": 50000, ""high"": 100000} | {""low"": 5000, ""high"": 10000} | {""low"": 50000, ""high"": 100000} | {""low"": 5000, ""high"": 10000}",39.35,0
img_0269,3304,14000,1,4,"{""low"": 5000, ""high"": 10000} | {""low"": 5000, ""high"": 7000} | {""low"": 2000, ""high"": 3000} | {""low"": 2000, ""high"": 3000}",36.22,0
img_0272,1798,6500,1,4,"{""low"": 5000, ""high"": 7000} | {""low"": 500, ""high"": 1000} | {""low"": 500, ""high"": 1000} | {""low"": 500, ""high"": 1000}",34.10,0
img_0275,1070,2950,1,4,"{""low"": 500, ""high"": 1000} | {""low"": 150, ""high"": 200} | {""low"": 2000, ""high"": 3000} | {""low"": 300, ""high"": 400}",31.50,0
img_0273,948,3000,1,4,"{""low"": 500, ""high"": 1000} | {""low"": 1000, ""high"": 1500} | {""low"": 1000, ""high"": 2000} | {""low"": 500, ""high"": 700}",34.08,0
img_0278,518,880,1,4,"{""low"": 200, ""high"": 300} | {""low"": 80, ""high"": 120} | {""low"": 500, ""high"": 1000} | {""low"": 100, ""high"": 150}",28.40,0
img_0276,302,620,1,4,"{""low"": 300, ""high"": 500} | {""low"": 70, ""high"": 90} | {""low"": 200, ""high"": 300} | {""low"": 50, ""high"": 70}",30.10,0
img_0280,558,1140,1,4,"{""low"": 500, ""high"": 800} | {""low"": 70, ""high"": 100} | {""low"": 500, ""high"": 800} | {""low"": 70, ""high"": 100}",27.77,0
img_0279,560,1300,1,4,"{""low"": 500, ""high"": 1000} | {""low"": 150, ""high"": 200} | {""low"": 500, ""high"": 1000} | {""low"": 150, ""high"": 200}",29.40,0
img_0281,871,2000,1,4,"{""low"": 500, ""high"": 1000} | {""low"": 500, ""high"": 1000} | {""low"": 500, ""high"": 1000} | {""low"": 500, ""high"": 1000}",29.70,0
img_0277,259,1100,1,4,"{""low"": 500, ""high"": 1000} | {""low"": 200, ""high"": 300} | {""low"": 200, ""high"": 300} | {""low"": 200, ""high"": 300}",31.99,0
img_0282,574,650,1,4,"{""low"": 200, ""high"": 300} | {""low"": 100, ""high"": 150} | {""low"": 200, ""high"": 300} | {""low"": 150, ""high"": 200}",29.33,0
img_0283,241,450,1,4,"{""low"": 200, ""high"": 300} | {""low"": 50, ""high"": 70} | {""low"": 150, ""high"": 250} | {""low"": 50, ""high"": 70}",29.33,0
img_0285,582,930,1,4,"{""low"": 200, ""high"": 300} | {""low"": 80, ""high"": 100} | {""low"": 500, ""high"": 700} | {""low"": 150, ""high"": 200}",29.90,0
img_0284,376,770,1,4,"{""low"": 300, ""high"": 500} | {""low"": 100, ""high"": 150} | {""low"": 300, ""high"": 500} | {""low"": 70, ""high"": 90}",30.22,0
img_0287,229,250,1,4,"{""low"": 100, ""high"": 200} | {""low"": 50, ""high"": 100} | {""low"": 50, ""high"": 100} | {""low"": 50, ""high"": 100}",27.03,0
img_0286,937,11000,1,4,"{""low"": 5000, ""high"": 10000} | {""low"": 500, ""high"": 700} | {""low"": 5000, ""high"": 10000} | {""low"": 500, ""high"": 1000}",29.88,0
img_0289,251,245,1,4,"{""low"": 100, ""high"": 150} | {""low"": 20, ""high"": 30} | {""low"": 100, ""high"": 200} | {""low"": 25, ""high"": 35}",26.42,0
img_0288,216,400,1,4,"{""low"": 100, ""high"": 200} | {""low"": 100, ""high"": 150} | {""low"": 100, ""high"": 200} | {""low"": 100, ""high"": 200}",29.69,0
img_0290,556,1200,1,4,"{""low"": 500, ""high"": 1000} | {""low"": 100, ""high"": 200} | {""low"": 500, ""high"": 800} | {""low"": 100, ""high"": 200}",28.10,0
img_0291,357,500,1,4,"{""low"": 100, ""high"": 200} | {""low"": 100, ""high"": 200} | {""low"": 200, ""high"": 300} | {""low"": 100, ""high"": 200}",28.06,0
img_0292,260,850,1,4,"{""low"": 500, ""high"": 800} | {""low"": 100, ""high"": 150} | {""low"": 200, ""high"": 300} | {""low"": 50, ""high"": 70}",27.55,0
img_0299,165,190,1,4,"{""low"": 50, ""high"": 70} | {""low"": 40, ""high"": 60} | {""low"": 50, ""high"": 70} | {""low"": 50, ""high"": 70}",25.61,0
img_0294,791,1400,1,4,"{""low"": 500, ""high"": 800} | {""low"": 200, ""high"": 300} | {""low"": 500, ""high"": 1000} | {""low"": 200, ""high"": 300}",30.37,0
img_0296,1341,2100,1,4,"{""low"": 1000, ""high"": 2000} | {""low"": 50, ""high"": 70} | {""low"": 1000, ""high"": 2000} | {""low"": 50, ""high"": 70}",30.75,0
img_0298,284,850,1,4,"{""low"": 300, ""high"": 500} | {""low"": 200, ""high"": 300} | {""low"": 200, ""high"": 300} | {""low"": 150, ""high"": 200}",30.73,0
img_0293,1433,17000,1,4,"{""low"": 5000, ""high"": 10000} | {""low"": 5000, ""high"": 10000} | {""low"": 5000, ""high"": 10000} | {""low"": 2000, ""high"": 3000}",35.61,0
img_0301,207,400,1,4,"{""low"": 150, ""high"": 250} | {""low"": 100, ""high"": 200} | {""low"": 50, ""high"": 100} | {""low"": 100, ""high"": 150}",30.70,0
img_0297,429,1300,1,4,"{""low"": 200, ""high"": 300} | {""low"": 100, ""high"": 150} | {""low"": 500, ""high"": 1000} | {""low"": 500, ""high"": 1000}",33.49,0
img_0295,1477,3650,1,4,"{""low"": 2000, ""high"": 3000} | {""low"": 500, ""high"": 1000} | {""low"": 1000, ""high"": 2000} | {""low"": 150, ""high"": 250}",35.10,0
img_0300,236,350,1,4,"{""low"": 80, ""high"": 120} | {""low"": 100, ""high"": 150} | {""low"": 70, ""high"": 90} | {""low"": 100, ""high"": 150}",32.38,0
img_0302,315,440,1,4,"{""low"": 150, ""high"": 200} | {""low"": 40, ""high"": 50} | {""low"": 150, ""high"": 200} | {""low"": 100, ""high"": 150}",31.21,0
img_0305,654,2200,1,4,"{""low"": 500, ""high"": 800} | {""low"": 200, ""high"": 300} | {""low"": 1000, ""high"": 2000} | {""low"": 500, ""high"": 800}",32.19,0
img_0310,642,1545,1,4,"{""low"": 500, ""high"": 1000} | {""low"": 25, ""high"": 35} | {""low"": 1000, ""high"": 2000} | {""low"": 20, ""high"": 25}",31.00,0
img_0309,663,1300,1,4,"{""low"": 500, ""high"": 1000} | {""low"": 150, ""high"": 200} | {""low"": 500, ""high"": 1000} | {""low"": 150, ""high"": 200}",31.11,0
img_0304,2593,12000,1,4,"{""low"": 5000, ""high"": 7000} | {""low"": 1000, ""high"": 2000} | {""low"": 5000, ""high"": 7000} | {""low"": 1000, ""high"": 2000}",33.48,0
img_0307,1077,2200,1,4,"{""low"": 200, ""high"": 300} | {""low"": 1000, ""high"": 1500} | {""low"": 500, ""high"": 800} | {""low"": 500, ""high"": 700}",32.69,0
img_0303,2154,10700,1,4,"{""low"": 5000, ""high"": 10000} | {""low"": 200, ""high"": 300} | {""low"": 5000, ""high"": 10000} | {""low"": 500, ""high"": 1000}",35.37,0
img_0312,270,260,1,4,"{""low"": 100, ""high"": 150} | {""low"": 30, ""high"": 40} | {""low"": 100, ""high"": 150} | {""low"": 30, ""high"": 40}",32.03,0
img_0306,2702,22000,1,4,"{""low"": 10000, ""high"": 20000} | {""low"": 1000, ""high"": 2000} | {""low"": 10000, ""high"": 20000} | {""low"": 1000, ""high"": 2000}",36.31,0
img_0308,3568,21500,1,4,"{""low"": 10000, ""high"": 20000} | {""low"": 1000, ""high"": 2000} | {""low"": 10000, ""high"": 20000} | {""low"": 500, ""high"": 1000}",36.80,0
img_0314,820,7080,1,4,"{""low"": 2000, ""high"": 3000} | {""low"": 50, ""high"": 70} | {""low"": 5000, ""high"": 7000} | {""low"": 30, ""high"": 40}",33.58,0
img_0311,909,2800,1,4,"{""low"": 1000, ""high"": 1500} | {""low"": 500, ""high"": 800} | {""low"": 800, ""high"": 1200} | {""low"": 500, ""high"": 1000}",35.74,0
img_0315,383,850,1,4,"{""low"": 50, ""high"": 100} | {""low"": 100, ""high"": 150} | {""low"": 500, ""high"": 800} | {""low"": 200, ""high"": 300}",34.49,0
img_0317,811,2100,1,4,"{""low"": 100, ""high"": 200} | {""low"": 500, ""high"": 700} | {""low"": 500, ""high"": 1000} | {""low"": 1000, ""high"": 2000}",33.72,0
img_0313,465,3000,1,4,"{""low"": 1000, ""high"": 2000} | {""low"": 500, ""high"": 1000} | {""low"": 1000, ""high"": 2000} | {""low"": 500, ""high"": 1000}",35.40,0
img_0316,973,2200,1,4,"{""low"": 500, ""high"": 1000} | {""low"": 200, ""high"": 300} | {""low"": 1000, ""high"": 2000} | {""low"": 500, ""high"": 700}",33.74,0
img_0319,922,3010,1,4,"{""low"": 10, ""high"": 20} | {""low"": 1000, ""high"": 2000} | {""low"": 0, ""high"": 10} | {""low"": 2000, ""high"": 3000}",30.64,0
img_0318,1616,7350,1,4,"{""low"": 5000, ""high"": 10000} | {""low"": 200, ""high"": 300} | {""low"": 2000, ""high"": 3000} | {""low"": 150, ""high"": 200}",31.94,0
img_0320,2414,13000,1,4,"{""low"": 1000, ""high"": 2000} | {""low"": 2000, ""high"": 3000} | {""low"": 5000, ""high"": 10000} | {""low"": 5000, ""high"": 7000}",29.82,0
img_0324,650,5570,1,4,"{""low"": 5000, ""high"": 10000} | {""low"": 40, ""high"": 60} | {""low"": 500, ""high"": 1000} | {""low"": 30, ""high"": 40}",24.37,0
img_0321,2472,12000,1,4,"{""low"": 5000, ""high"": 10000} | {""low"": 1000, ""high"": 2000} | {""low"": 5000, ""high"": 10000} | {""low"": 1000, ""high"": 2000}",29.47,0
img_0323,2033,5000,1,4,"{""low"": 2000, ""high"": 3000} | {""low"": 1000, ""high"": 1500} | {""low"": 1500, ""high"": 2000} | {""low"": 500, ""high"": 700}",25.91,0
img_0326,165,260,1,4,"{""low"": 70, ""high"": 90} | {""low"": 70, ""high"": 90} | {""low"": 70, ""high"": 90} | {""low"": 50, ""high"": 70}",18.43,0
img_0322,1613,5500,1,4,"{""low"": 2000, ""high"": 3000} | {""low"": 500, ""high"": 1000} | {""low"": 2000, ""high"": 3000} | {""low"": 1000, ""high"": 2000}",26.65,0
img_0328,426,820,1,4,"{""low"": 500, ""high"": 700} | {""low"": 50, ""high"": 70} | {""low"": 200, ""high"": 300} | {""low"": 70, ""high"": 90}",16.58,0
img_0325,1659,20000,1,4,"{""low"": 5000, ""high"": 10000} | {""low"": 5000, ""high"": 10000} | {""low"": 5000, ""high"": 10000} | {""low"": 5000, ""high"": 7000}",22.67,0
img_0329,962,1700,1,4,"{""low"": 500, ""high"": 800} | {""low"": 500, ""high"": 1000} | {""low"": 200, ""high"": 300} | {""low"": 500, ""high"": 1000}",16.03,0
img_0332,770,1350,1,4,"{""low"": 500, ""high"": 1000} | {""low"": 150, ""high"": 250} | {""low"": 500, ""high"": 1000} | {""low"": 200, ""high"": 300}",15.22,0
img_0330,1668,3000,1,4,"{""low"": 1000, ""high"": 1500} | {""low"": 500, ""high"": 700} | {""low"": 1000, ""high"": 1500} | {""low"": 500, ""high"": 700}",15.33,0
img_0333,601,1350,1,4,"{""low"": 500, ""high"": 1000} | {""low"": 150, ""high"": 200} | {""low"": 500, ""high"": 1000} | {""low"": 200, ""high"": 300}",14.99,0
img_0334,1508,7500,1,4,"{""low"": 1000, ""high"": 2000} | {""low"": 1000, ""high"": 2000} | {""low"": 5000, ""high"": 10000} | {""low"": 500, ""high"": 1000}",14.19,0
img_0327,1408,8000,1,4,"{""low"": 5000, ""high"": 7000} | {""low"": 500, ""high"": 1000} | {""low"": 2000, ""high"": 3000} | {""low"": 500, ""high"": 700}",19.42,0
img_0331,2607,8000,1,4,"{""low"": 2000, ""high"": 3000} | {""low"": 500, ""high"": 700} | {""low"": 5000, ""high"": 7000} | {""low"": 500, ""high"": 700}",15.36,0
