item,gt,pred,ntiles,parse_ok,raw,latency_s,abstain
img_0026,113,116,1,9,"{""count"": 0} | {""count"": 24} | {""count"": 10} | {""count"": 0} | {""count"": 30} | {""count"": 14} | {""count"": 0} | {""count"": 30} | {""count"": 8}",17.35,0
img_0010,566,494,1,9,"{""count"": 100} | {""count"": 50} | {""count"": 22} | {""count"": 100} | {""count"": 50} | {""count"": 24} | {""count"": 100} | {""count"": 30} | {""count"": 18}",17.47,0
img_0031,394,305,1,9,"{""count"": 0} | {""count"": 50} | {""count"": 20} | {""count"": 0} | {""count"": 87} | {""count"": 24} | {""count"": 0} | {""count"": 100} | {""count"": 24}",17.68,0
img_0007,77,100,1,9,"{""count"": 24} | {""count"": 12} | {""count"": 3} | {""count"": 30} | {""count"": 12} | {""count"": 2} | {""count"": 12} | {""count"": 3} | {""count"": 2}",18.43,0
img_0017,191,247,1,9,"{""count"": 27} | {""count"": 27} | {""count"": 24} | {""count"": 30} | {""count"": 30} | {""count"": 27} | {""count"": 30} | {""count"": 30} | {""count"": 22}",18.55,0
img_0028,405,370,1,9,"{""count"": 0} | {""count"": 100} | {""count"": 24} | {""count"": 0} | {""count"": 100} | {""count"": 22} | {""count"": 0} | {""count"": 100} | {""count"": 24}",18.55,0
img_0011,540,678,1,9,"{""count"": 100} | {""count"": 100} | {""count"": 24} | {""count"": 100} | {""count"": 100} | {""count"": 30} | {""count"": 100} | {""count"": 100} | {""count"": 24}",18.68,0
img_0030,367,359,1,9,"{""count"": 100} | {""count"": 14} | {""count"": 5} | {""count"": 100} | {""count"": 15} | {""count"": 5} | {""count"": 100} | {""count"": 15} | {""count"": 5}",18.78,0
img_0012,434,476,1,9,"{""count"": 100} | {""count"": 50} | {""count"": 22} | {""count"": 100} | {""count"": 50} | {""count"": 30} | {""count"": 50} | {""count"": 50} | {""count"": 24}",18.79,0
img_0003,350,480,1,9,"{""count"": 100} | {""count"": 100} | {""count"": 10} | {""count"": 100} | {""count"": 100} | {""count"": 10} | {""count"": 20} | {""count"": 30} | {""count"": 10}",18.80,0
img_0006,436,430,1,9,"{""count"": 0} | {""count"": 100} | {""count"": 50} | {""count"": 0} | {""count"": 100} | {""count"": 50} | {""count"": 0} | {""count"": 100} | {""count"": 30}",18.80,0
img_0022,479,553,1,9,"{""count"": 0} | {""count"": 100} | {""count"": 50} | {""count"": 1} | {""count"": 100} | {""count"": 100} | {""count"": 2} | {""count"": 100} | {""count"": 100}",19.02,0
img_0013,1528,748,1,9,"{""count"": 100} | {""count"": 100} | {""count"": 50} | {""count"": 100} | {""count"": 100} | {""count"": 50} | {""count"": 100} | {""count"": 100} | {""count"": 48}",19.03,0
img_0001,977,950,1,9,"{""count"": 100} | {""count"": 100} | {""count"": 100} | {""count"": 100} | {""count"": 100} | {""count"": 100} | {""count"": 150} | {""count"": 100} | {""count"": 100}",19.26,0
img_0025,319,190,1,9,"{""count"": 0} | {""count"": 78} | {""count"": 10} | {""count"": 0} | {""count"": 50} | {""count"": 10} | {""count"": 0} | {""count"": 30} | {""count"": 12}",23.53,0
img_0024,385,367,1,9,"{""count"": 30} | {""count"": 50} | {""count"": 15} | {""count"": 100} | {""count"": 100} | {""count"": 15} | {""count"": 14} | {""count"": 30} | {""count"": 13}",23.66,0
img_0016,853,523,1,9,"{""count"": 1} | {""count"": 150} | {""count"": 24} | {""count"": 0} | {""count"": 150} | {""count"": 24} | {""count"": 0} | {""count"": 150} | {""count"": 24}",23.88,0
img_0018,141,175,1,9,"{""count"": 2} | {""count"": 8} | {""count"": 24} | {""count"": 1} | {""count"": 30} | {""count"": 30} | {""count"": 0} | {""count"": 50} | {""count"": 30}",23.98,0
img_0008,92,106,1,9,"{""count"": 0} | {""count"": 27} | {""count"": 8} | {""count"": 2} | {""count"": 30} | {""count"": 8} | {""count"": 0} | {""count"": 27} | {""count"": 4}",24.33,0
img_0032,674,328,1,9,"{""count"": 1} | {""count"": 100} | {""count"": 30} | {""count"": 0} | {""count"": 100} | {""count"": 50} | {""count"": 0} | {""count"": 10} | {""count"": 37}",24.33,0
img_0014,225,282,1,9,"{""count"": 72} | {""count"": 18} | {""count"": 5} | {""count"": 100} | {""count"": 22} | {""count"": 7} | {""count"": 30} | {""count"": 22} | {""count"": 6}",24.57,0
img_0002,923,366,1,9,"{""count"": 0} | {""count"": 100} | {""count"": 30} | {""count"": 0} | {""count"": 100} | {""count"": 22} | {""count"": 0} | {""count"": 100} | {""count"": 14}",24.91,0
img_0005,103,90,1,9,"{""count"": 0} | {""count"": 0} | {""count"": 30} | {""count"": 0} | {""count"": 0} | {""count"": 30} | {""count"": 0} | {""count"": 0} | {""count"": 30}",25.14,0
img_0009,237,223,1,9,"{""count"": 2} | {""count"": 30} | {""count"": 12} | {""count"": 2} | {""count"": 100} | {""count"": 15} | {""count"": 0} | {""count"": 50} | {""count"": 12}",25.26,0
img_0019,137,148,1,9,"{""count"": 1} | {""count"": 20} | {""count"": 20} | {""count"": 0} | {""count"": 30} | {""count"": 24} | {""count"": 1} | {""count"": 30} | {""count"": 22}",25.38,0
img_0027,181,163,1,9,"{""count"": 0} | {""count"": 14} | {""count"": 20} | {""count"": 1} | {""count"": 50} | {""count"": 24} | {""count"": 7} | {""count"": 37} | {""count"": 10}",25.61,0
img_0023,274,208,1,9,"{""count"": 0} | {""count"": 2} | {""count"": 50} | {""count"": 0} | {""count"": 4} | {""count"": 100} | {""count"": 0} | {""count"": 2} | {""count"": 50}",25.86,0
img_0015,413,588,1,9,"{""count"": 100} | {""count"": 100} | {""count"": 10} | {""count"": 100} | {""count"": 100} | {""count"": 5} | {""count"": 72} | {""count"": 100} | {""count"": 1}",25.88,0
img_0004,183,179,1,9,"{""count"": 0} | {""count"": 50} | {""count"": 24} | {""count"": 0} | {""count"": 30} | {""count"": 22} | {""count"": 1} | {""count"": 30} | {""count"": 22}",26.34,0
img_0029,450,552,1,9,"{""count"": 12} | {""count"": 100} | {""count"": 18} | {""count"": 100} | {""count"": 150} | {""count"": 16} | {""count"": 100} | {""count"": 50} | {""count"": 6}",26.33,0
img_0020,133,159,1,9,"{""count"": 22} | {""count"": 30} | {""count"": 12} | {""count"": 12} | {""count"": 30} | {""count"": 15} | {""count"": 1} | {""count"": 24} | {""count"": 13}",26.56,0
img_0021,127,151,1,9,"{""count"": 18} | {""count"": 18} | {""count"": 7} | {""count"": 24} | {""count"": 22} | {""count"": 8} | {""count"": 24} | {""count"": 22} | {""count"": 8}",26.56,0
img_0033,129,126,1,9,"{""count"": 1} | {""count"": 9} | {""count"": 6} | {""count"": 14} | {""count"": 30} | {""count"": 7} | {""count"": 30} | {""count"": 23} | {""count"": 6}",25.32,0
img_0039,88,130,1,9,"{""count"": 23} | {""count"": 11} | {""count"": 3} | {""count"": 27} | {""count"": 15} | {""count"": 6} | {""count"": 27} | {""count"": 15} | {""count"": 3}",24.40,0
img_0034,221,148,1,9,"{""count"": 20} | {""count"": 15} | {""count"": 2} | {""count"": 30} | {""count"": 20} | {""count"": 3} | {""count"": 30} | {""count"": 24} | {""count"": 4}",25.86,0
img_0044,169,198,1,9,"{""count"": 20} | {""count"": 50} | {""count"": 10} | {""count"": 20} | {""count"": 30} | {""count"": 10} | {""count"": 20} | {""count"": 30} | {""count"": 8}",24.52,0
img_0040,201,261,1,9,"{""count"": 8} | {""count"": 50} | {""count"": 12} | {""count"": 20} | {""count"": 50} | {""count"": 12} | {""count"": 50} | {""count"": 48} | {""count"": 11}",24.80,0
img_0037,2530,1892,1,9,"{""count"": 300} | {""count"": 150} | {""count"": 50} | {""count"": 1000} | {""count"": 100} | {""count"": 50} | {""count"": 100} | {""count"": 100} | {""count"": 42}",25.23,0
img_0038,297,457,1,9,"{""count"": 100} | {""count"": 50} | {""count"": 1} | {""count"": 100} | {""count"": 100} | {""count"": 12} | {""count"": 30} | {""count"": 50} | {""count"": 14}",25.28,0
img_0046,177,217,1,9,"{""count"": 50} | {""count"": 30} | {""count"": 15} | {""count"": 30} | {""count"": 30} | {""count"": 17} | {""count"": 7} | {""count"": 23} | {""count"": 15}",24.57,0
img_0041,960,1390,1,9,"{""count"": 100} | {""count"": 50} | {""count"": 15} | {""count"": 1000} | {""count"": 50} | {""count"": 15} | {""count"": 100} | {""count"": 48} | {""count"": 12}",25.04,0
img_0035,1018,725,1,9,"{""count"": 0} | {""count"": 200} | {""count"": 24} | {""count"": 0} | {""count"": 300} | {""count"": 27} | {""count"": 0} | {""count"": 150} | {""count"": 24}",26.36,0
img_0036,302,336,1,9,"{""count"": 15} | {""count"": 24} | {""count"": 6} | {""count"": 100} | {""count"": 50} | {""count"": 5} | {""count"": 100} | {""count"": 30} | {""count"": 6}",26.10,0
img_0045,153,149,1,9,"{""count"": 20} | {""count"": 30} | {""count"": 1} | {""count"": 20} | {""count"": 24} | {""count"": 2} | {""count"": 20} | {""count"": 30} | {""count"": 2}",25.67,0
img_0042,130,148,1,9,"{""count"": 30} | {""count"": 24} | {""count"": 5} | {""count"": 20} | {""count"": 20} | {""count"": 4} | {""count"": 20} | {""count"": 20} | {""count"": 5}",26.40,0
img_0043,155,190,1,9,"{""count"": 24} | {""count"": 20} | {""count"": 15} | {""count"": 27} | {""count"": 22} | {""count"": 13} | {""count"": 30} | {""count"": 22} | {""count"": 17}",26.62,0
img_0047,100,126,1,9,"{""count"": 0} | {""count"": 30} | {""count"": 14} | {""count"": 0} | {""count"": 50} | {""count"": 13} | {""count"": 1} | {""count"": 15} | {""count"": 3}",22.71,0
img_0051,187,291,1,9,"{""count"": 50} | {""count"": 30} | {""count"": 8} | {""count"": 50} | {""count"": 47} | {""count"": 15} | {""count"": 47} | {""count"": 27} | {""count"": 17}",22.17,0
img_0054,597,445,1,9,"{""count"": 100} | {""count"": 50} | {""count"": 15} | {""count"": 100} | {""count"": 20} | {""count"": 15} | {""count"": 100} | {""count"": 30} | {""count"": 15}",23.34,0
img_0060,227,130,1,9,"{""count"": 0} | {""count"": 30} | {""count"": 7} | {""count"": 0} | {""count"": 50} | {""count"": 8} | {""count"": 0} | {""count"": 30} | {""count"": 5}",22.83,0
img_0049,2494,1320,1,9,"{""count"": 0} | {""count"": 200} | {""count"": 150} | {""count"": 0} | {""count"": 100} | {""count"": 150} | {""count"": 100} | {""count"": 500} | {""count"": 120}",25.05,0
img_0053,954,815,1,9,"{""count"": 150} | {""count"": 200} | {""count"": 50} | {""count"": 100} | {""count"": 150} | {""count"": 78} | {""count"": 7} | {""count"": 30} | {""count"": 50}",24.81,0
img_0052,139,155,1,9,"{""count"": 24} | {""count"": 22} | {""count"": 3} | {""count"": 24} | {""count"": 24} | {""count"": 3} | {""count"": 25} | {""count"": 27} | {""count"": 3}",25.53,0
img_0050,425,465,1,9,"{""count"": 47} | {""count"": 78} | {""count"": 30} | {""count"": 24} | {""count"": 100} | {""count"": 30} | {""count"": 6} | {""count"": 100} | {""count"": 50}",26.57,0
img_0055,361,280,1,9,"{""count"": 0} | {""count"": 100} | {""count"": 12} | {""count"": 0} | {""count"": 100} | {""count"": 9} | {""count"": 0} | {""count"": 50} | {""count"": 9}",25.42,0
img_0048,1211,755,1,9,"{""count"": 1} | {""count"": 100} | {""count"": 150} | {""count"": 2} | {""count"": 100} | {""count"": 150} | {""count"": 2} | {""count"": 100} | {""count"": 150}",26.95,0
img_0056,194,197,1,9,"{""count"": 0} | {""count"": 50} | {""count"": 20} | {""count"": 0} | {""count"": 50} | {""count"": 24} | {""count"": 0} | {""count"": 30} | {""count"": 23}",25.71,0
img_0057,687,692,1,9,"{""count"": 100} | {""count"": 50} | {""count"": 12} | {""count"": 100} | {""count"": 100} | {""count"": 30} | {""count"": 100} | {""count"": 100} | {""count"": 100}",26.07,0
img_0059,452,417,1,9,"{""count"": 50} | {""count"": 50} | {""count"": 50} | {""count"": 50} | {""count"": 50} | {""count"": 50} | {""count"": 37} | {""count"": 50} | {""count"": 30}",25.63,0
img_0061,236,221,1,9,"{""count"": 24} | {""count"": 24} | {""count"": 22} | {""count"": 24} | {""count"": 22} | {""count"": 27} | {""count"": 30} | {""count"": 24} | {""count"": 24}",25.33,0
img_0058,4535,2734,1,9,"{""count"": 300} | {""count"": 100} | {""count"": 57} | {""count"": 1000} | {""count"": 500} | {""count"": 100} | {""count"": 500} | {""count"": 120} | {""count"": 57}",26.09,0
img_0064,1357,824,1,9,"{""count"": 200} | {""count"": 100} | {""count"": 2} | {""count"": 200} | {""count"": 100} | {""count"": 12} | {""count"": 100} | {""count"": 100} | {""count"": 10}",25.37,0
img_0063,1149,257,1,9,"{""count"": 30} | {""count"": 30} | {""count"": 3} | {""count"": 100} | {""count"": 30} | {""count"": 5} | {""count"": 30} | {""count"": 24} | {""count"": 5}",25.56,0
img_0062,2638,3556,1,9,"{""count"": 1000} | {""count"": 100} | {""count"": 78} | {""count"": 1000} | {""count"": 100} | {""count"": 78} | {""count"": 1000} | {""count"": 150} | {""count"": 50}",26.71,0
img_0068,363,227,1,9,"{""count"": 0} | {""count"": 100} | {""count"": 8} | {""count"": 0} | {""count"": 78} | {""count"": 10} | {""count"": 0} | {""count"": 22} | {""count"": 9}",20.34,0
img_0066,2980,4509,1,9,"{""count"": 1000} | {""count"": 1000} | {""count"": 15} | {""count"": 300} | {""count"": 1000} | {""count"": 20} | {""count"": 150} | {""count"": 1000} | {""count"": 24",23.09,0
img_0070,233,304,1,9,"{""count"": 50} | {""count"": 30} | {""count"": 22} | {""count"": 50} | {""count"": 30} | {""count"": 22} | {""count"": 50} | {""count"": 30} | {""count"": 20}",22.84,0
img_0080,347,297,1,9,"{""count"": 0} | {""count"": 78} | {""count"": 24} | {""count"": 0} | {""count"": 100} | {""count"": 23} | {""count"": 0} | {""count"": 50} | {""count"": 22}",20.35,0
img_0072,241,333,1,9,"{""count"": 15} | {""count"": 30} | {""count"": 8} | {""count"": 100} | {""count"": 100} | {""count"": 10} | {""count"": 15} | {""count"": 50} | {""count"": 5}",23.66,0
img_0065,490,439,1,9,"{""count"": 0} | {""count"": 100} | {""count"": 100} | {""count"": 0} | {""count"": 100} | {""count"": 100} | {""count"": 0} | {""count"": 2} | {""count"": 37}",25.29,0
img_0067,255,346,1,9,"{""count"": 78} | {""count"": 37} | {""count"": 8} | {""count"": 78} | {""count"": 48} | {""count"": 10} | {""count"": 50} | {""count"": 30} | {""count"": 7}",24.86,0
img_0081,121,144,1,9,"{""count"": 20} | {""count"": 20} | {""count"": 4} | {""count"": 30} | {""count"": 24} | {""count"": 5} | {""count"": 12} | {""count"": 24} | {""count"": 5}",20.38,0
img_0077,203,252,1,9,"{""count"": 27} | {""count"": 27} | {""count"": 30} | {""count"": 27} | {""count"": 27} | {""count"": 27} | {""count"": 30} | {""count"": 30} | {""count"": 27}",23.70,0
img_0069,547,385,1,9,"{""count"": 8} | {""count"": 23} | {""count"": 17} | {""count"": 100} | {""count"": 100} | {""count"": 17} | {""count"": 30} | {""count"": 78} | {""count"": 12}",25.53,0
img_0073,481,575,1,9,"{""count"": 50} | {""count"": 100} | {""count"": 11} | {""count"": 100} | {""count"": 100} | {""count"": 10} | {""count"": 100} | {""count"": 100} | {""count"": 4}",25.46,0
img_0076,489,410,1,9,"{""count"": 0} | {""count"": 100} | {""count"": 50} | {""count"": 10} | {""count"": 100} | {""count"": 50} | {""count"": 0} | {""count"": 50} | {""count"": 50}",24.62,0
img_0075,253,231,1,9,"{""count"": 78} | {""count"": 24} | {""count"": 3} | {""count"": 50} | {""count"": 30} | {""count"": 3} | {""count"": 22} | {""count"": 18} | {""count"": 3}",25.25,0
img_0071,1236,1350,1,9,"{""count"": 100} | {""count"": 300} | {""count"": 100} | {""count"": 100} | {""count"": 250} | {""count"": 100} | {""count"": 100} | {""count"": 200} | {""count"": 100}",26.14,0
img_0074,704,675,1,9,"{""count"": 100} | {""count"": 78} | {""count"": 30} | {""count"": 100} | {""count"": 100} | {""count"": 30} | {""count"": 100} | {""count"": 100} | {""count"": 37}",26.18,0
img_0078,1116,629,1,9,"{""count"": 10} | {""count"": 150} | {""count"": 15} | {""count"": 20} | {""count"": 300} | {""count"": 15} | {""count"": 4} | {""count"": 100} | {""count"": 15}",25.05,0
img_0079,1974,1271,1,9,"{""count"": 300} | {""count"": 100} | {""count"": 6} | {""count"": 500} | {""count"": 100} | {""count"": 8} | {""count"": 200} | {""count"": 50} | {""count"": 7}",24.23,0
img_0084,322,250,1,9,"{""count"": 30} | {""count"": 24} | {""count"": 24} | {""count"": 50} | {""count"": 20} | {""count"": 24} | {""count"": 30} | {""count"": 30} | {""count"": 18}",21.69,0
img_0082,337,243,1,9,"{""count"": 0} | {""count"": 100} | {""count"": 100} | {""count"": 1} | {""count"": 1} | {""count"": 20} | {""count"": 0} | {""count"": 6} | {""count"": 15}",22.63,0
img_0092,645,557,1,9,"{""count"": 100} | {""count"": 100} | {""count"": 100} | {""count"": 72} | {""count"": 100} | {""count"": 72} | {""count"": 3} | {""count"": 0} | {""count"": 10}",20.37,0
img_0083,693,376,1,9,"{""count"": 0} | {""count"": 100} | {""count"": 27} | {""count"": 0} | {""count"": 100} | {""count"": 27} | {""count"": 0} | {""count"": 100} | {""count"": 22}",24.15,0
img_0093,1929,1373,1,9,"{""count"": 100} | {""count"": 0} | {""count"": 0} | {""count"": 1000} | {""count"": 50} | {""count"": 1} | {""count"": 100} | {""count"": 100} | {""count"": 22}",22.07,0
img_0085,283,324,1,9,"{""count"": 50} | {""count"": 50} | {""count"": 24} | {""count"": 57} | {""count"": 37} | {""count"": 24} | {""count"": 30} | {""count"": 30} | {""count"": 22}",23.97,0
img_0096,107,150,1,9,"{""count"": 37} | {""count"": 6} | {""count"": 3} | {""count"": 50} | {""count"": 12} | {""count"": 3} | {""count"": 27} | {""count"": 10} | {""count"": 2}",21.21,0
img_0091,636,508,1,9,"{""count"": 100} | {""count"": 50} | {""count"": 22} | {""count"": 100} | {""count"": 50} | {""count"": 18} | {""count"": 100} | {""count"": 50} | {""count"": 18}",23.25,0
img_0086,176,216,1,9,"{""count"": 30} | {""count"": 23} | {""count"": 7} | {""count"": 37} | {""count"": 24} | {""count"": 7} | {""count"": 50} | {""count"": 30} | {""count"": 8}",24.64,0
img_0088,197,234,1,9,"{""count"": 3} | {""count"": 30} | {""count"": 17} | {""count"": 12} | {""count"": 50} | {""count"": 22} | {""count"": 30} | {""count"": 50} | {""count"": 20}",24.86,0
img_0087,626,463,1,9,"{""count"": 50} | {""count"": 100} | {""count"": 15} | {""count"": 50} | {""count"": 100} | {""count"": 24} | {""count"": 50} | {""count"": 50} | {""count"": 24}",25.13,0
img_0094,146,214,1,9,"{""count"": 24} | {""count"": 23} | {""count"": 15} | {""count"": 30} | {""count"": 24} | {""count"": 22} | {""count"": 30} | {""count"": 24} | {""count"": 22}",23.94,0
img_0090,792,648,1,9,"{""count"": 1} | {""count"": 100} | {""count"": 30} | {""count"": 100} | {""count"": 200} | {""count"": 48} | {""count"": 12} | {""count"": 100} | {""count"": 57}",24.46,0
img_0095,370,283,1,9,"{""count"": 2} | {""count"": 50} | {""count"": 15} | {""count"": 15} | {""count"": 78} | {""count"": 15} | {""count"": 20} | {""count"": 78} | {""count"": 10}",23.98,0
img_0089,1557,1723,1,9,"{""count"": 100} | {""count"": 100} | {""count"": 100} | {""count"": 100} | {""count"": 1000} | {""count"": 100} | {""count"": 100} | {""count"": 100} | {""count"": 23}",25.62,0
img_0100,232,177,1,9,"{""count"": 45} | {""count"": 18} | {""count"": 5} | {""count"": 30} | {""count"": 22} | {""count"": 7} | {""count"": 30} | {""count"": 15} | {""count"": 5}",18.59,0
img_0097,431,186,1,9,"{""count"": 100} | {""count"": 1} | {""count"": 1} | {""count"": 30} | {""count"": 30} | {""count"": 20} | {""count"": 1} | {""count"": 1} | {""count"": 2}",22.26,0
img_0102,264,229,1,9,"{""count"": 50} | {""count"": 30} | {""count"": 6} | {""count"": 50} | {""count"": 25} | {""count"": 5} | {""count"": 30} | {""count"": 30} | {""count"": 3}",18.34,0
img_0099,304,176,1,9,"{""count"": 10} | {""count"": 20} | {""count"": 20} | {""count"": 12} | {""count"": 30} | {""count"": 24} | {""count"": 10} | {""count"": 30} | {""count"": 20}",19.73,0
img_0101,175,199,1,9,"{""count"": 0} | {""count"": 50} | {""count"": 15} | {""count"": 3} | {""count"": 50} | {""count"": 14} | {""count"": 2} | {""count"": 50} | {""count"": 15}",19.25,0
img_0103,505,655,1,9,"{""count"": 100} | {""count"": 100} | {""count"": 20} | {""count"": 100} | {""count"": 100} | {""count"": 15} | {""count"": 100} | {""count"": 100} | {""count"": 20}",18.76,0
img_0110,460,622,1,9,"{""count"": 100} | {""count"": 50} | {""count"": 50} | {""count"": 100} | {""count"": 50} | {""count"": 50} | {""count"": 100} | {""count"": 72} | {""count"": 50}",17.68,0
img_0106,1443,700,1,9,"{""count"": 100} | {""count"": 100} | {""count"": 100} | {""count"": 100} | {""count"": 100} | {""count"": 50} | {""count"": 0} | {""count"": 100} | {""count"": 50}",18.54,0
img_0098,249,232,1,9,"{""count"": 20} | {""count"": 30} | {""count"": 23} | {""count"": 27} | {""count"": 30} | {""count"": 24} | {""count"": 24} | {""count"": 30} | {""count"": 24}",22.17,0
img_0111,157,106,1,9,"{""count"": 0} | {""count"": 14} | {""count"": 12} | {""count"": 0} | {""count"": 20} | {""count"": 15} | {""count"": 0} | {""count"": 30} | {""count"": 15}",18.53,0
img_0115,291,410,1,9,"{""count"": 78} | {""count"": 50} | {""count"": 6} | {""count"": 100} | {""count"": 50} | {""count"": 15} | {""count"": 78} | {""count"": 27} | {""count"": 6}",18.05,0
img_0105,166,230,1,9,"{""count"": 14} | {""count"": 30} | {""count"": 9} | {""count"": 30} | {""count"": 50} | {""count"": 13} | {""count"": 50} | {""count"": 24} | {""count"": 10}",20.75,0
img_0104,1387,1069,1,9,"{""count"": 100} | {""count"": 200} | {""count"": 22} | {""count"": 100} | {""count"": 300} | {""count"": 24} | {""count"": 100} | {""count"": 200} | {""count"": 23}",21.48,0
img_0109,441,237,1,9,"{""count"": 0} | {""count"": 100} | {""count"": 4} | {""count"": 0} | {""count"": 100} | {""count"": 7} | {""count"": 0} | {""count"": 20} | {""count"": 6}",21.17,0
img_0108,188,156,1,9,"{""count"": 0} | {""count"": 30} | {""count"": 24} | {""count"": 0} | {""count"": 30} | {""count"": 24} | {""count"": 0} | {""count"": 24} | {""count"": 24}",22.34,0
img_0121,150,190,1,9,"{""count"": 8} | {""count"": 50} | {""count"": 8} | {""count"": 30} | {""count"": 50} | {""count"": 8} | {""count"": 10} | {""count"": 20} | {""count"": 6}",17.40,0
img_0112,1166,750,1,9,"{""count"": 0} | {""count"": 150} | {""count"": 100} | {""count"": 0} | {""count"": 200} | {""count"": 100} | {""count"": 0} | {""count"": 150} | {""count"": 50}",21.85,0
img_0107,335,289,1,9,"{""count"": 50} | {""count"": 30} | {""count"": 13} | {""count"": 50} | {""count"": 30} | {""count"": 19} | {""count"": 50} | {""count"": 30} | {""count"": 17}",23.05,0
img_0113,1278,551,1,9,"{""count"": 1} | {""count"": 150} | {""count"": 50} | {""count"": 0} | {""count"": 150} | {""count"": 50} | {""count"": 0} | {""count"": 100} | {""count"": 50}",22.34,0
img_0114,800,557,1,9,"{""count"": 100} | {""count"": 78} | {""count"": 30} | {""count"": 100} | {""count"": 50} | {""count"": 27} | {""count"": 100} | {""count"": 50} | {""count"": 22}",22.21,0
img_0119,723,450,1,9,"{""count"": 0} | {""count"": 100} | {""count"": 50} | {""count"": 0} | {""count"": 100} | {""count"": 50} | {""count"": 0} | {""count"": 100} | {""count"": 50}",19.62,0
img_0120,763,787,1,9,"{""count"": 50} | {""count"": 100} | {""count"": 37} | {""count"": 150} | {""count"": 150} | {""count"": 50} | {""count"": 100} | {""count"": 100} | {""count"": 50}",20.08,0
img_0116,760,640,1,9,"{""count"": 100} | {""count"": 100} | {""count"": 30} | {""count"": 100} | {""count"": 100} | {""count"": 50} | {""count"": 10} | {""count"": 100} | {""count"": 50}",22.52,0
img_0128,811,600,1,9,"{""count"": 0} | {""count"": 100} | {""count"": 100} | {""count"": 0} | {""count"": 100} | {""count"": 100} | {""count"": 0} | {""count"": 100} | {""count"": 100}",18.15,0
img_0122,499,524,1,9,"{""count"": 20} | {""count"": 50} | {""count"": 50} | {""count"": 30} | {""count"": 100} | {""count"": 50} | {""count"": 100} | {""count"": 100} | {""count"": 24}",19.55,0
img_0117,737,684,1,9,"{""count"": 100} | {""count"": 78} | {""count"": 50} | {""count"": 100} | {""count"": 78} | {""count"": 50} | {""count"": 100} | {""count"": 78} | {""count"": 50}",23.72,0
img_0124,757,249,1,9,"{""count"": 0} | {""count"": 100} | {""count"": 7} | {""count"": 0} | {""count"": 100} | {""count"": 5} | {""count"": 0} | {""count"": 30} | {""count"": 7}",21.31,0
img_0118,964,876,1,9,"{""count"": 100} | {""count"": 120} | {""count"": 100} | {""count"": 100} | {""count"": 100} | {""count"": 100} | {""count"": 78} | {""count"": 100} | {""count"": 78}",23.49,0
img_0125,1256,583,1,9,"{""count"": 100} | {""count"": 100} | {""count"": 30} | {""count"": 100} | {""count"": 78} | {""count"": 30} | {""count"": 78} | {""count"": 50} | {""count"": 17}",21.85,0
img_0123,485,390,1,9,"{""count"": 50} | {""count"": 37} | {""count"": 37} | {""count"": 62} | {""count"": 50} | {""count"": 30} | {""count"": 24} | {""count"": 50} | {""count"": 50}",22.67,0
img_0126,305,165,1,9,"{""count"": 0} | {""count"": 50} | {""count"": 13} | {""count"": 0} | {""count"": 50} | {""count"": 14} | {""count"": 0} | {""count"": 30} | {""count"": 8}",22.92,0
img_0127,408,539,1,9,"{""count"": 78} | {""count"": 78} | {""count"": 30} | {""count"": 120} | {""count"": 100} | {""count"": 30} | {""count"": 30} | {""count"": 50} | {""count"": 23}",22.97,0
img_0134,152,214,1,9,"{""count"": 22} | {""count"": 23} | {""count"": 14} | {""count"": 27} | {""count"": 30} | {""count"": 18} | {""count"": 30} | {""count"": 30} | {""count"": 20}",19.32,0
img_0143,810,800,1,9,"{""count"": 100} | {""count"": 100} | {""count"": 50} | {""count"": 100} | {""count"": 100} | {""count"": 50} | {""count"": 100} | {""count"": 100} | {""count"": 100}",20.26,0
img_0129,311,337,1,9,"{""count"": 50} | {""count"": 50} | {""count"": 7} | {""count"": 50} | {""count"": 50} | {""count"": 10} | {""count"": 57} | {""count"": 50} | {""count"": 13}",26.75,0
img_0131,475,256,1,9,"{""count"": 0} | {""count"": 30} | {""count"": 8} | {""count"": 0} | {""count"": 100} | {""count"": 8} | {""count"": 0} | {""count"": 100} | {""count"": 10}",26.10,0
img_0132,294,358,1,9,"{""count"": 100} | {""count"": 47} | {""count"": 17} | {""count"": 78} | {""count"": 30} | {""count"": 15} | {""count"": 30} | {""count"": 24} | {""count"": 17}",26.25,0
img_0130,456,449,1,9,"{""count"": 100} | {""count"": 100} | {""count"": 8} | {""count"": 100} | {""count"": 100} | {""count"": 14} | {""count"": 10} | {""count"": 10} | {""count"": 7}",27.08,0
img_0133,944,680,1,9,"{""count"": 100} | {""count"": 100} | {""count"": 9} | {""count"": 150} | {""count"": 100} | {""count"": 9} | {""count"": 100} | {""count"": 100} | {""count"": 12}",26.49,0
img_0135,314,172,1,9,"{""count"": 2} | {""count"": 50} | {""count"": 13} | {""count"": 1} | {""count"": 50} | {""count"": 15} | {""count"": 0} | {""count"": 24} | {""count"": 17}",25.61,0
img_0136,652,662,1,9,"{""count"": 78} | {""count"": 50} | {""count"": 50} | {""count"": 78} | {""count"": 100} | {""count"": 78} | {""count"": 100} | {""count"": 78} | {""count"": 50}",28.09,0
img_0137,751,422,1,9,"{""count"": 0} | {""count"": 100} | {""count"": 30} | {""count"": 0} | {""count"": 100} | {""count"": 24} | {""count"": 0} | {""count"": 150} | {""count"": 18}",27.86,0
img_0155,845,709,1,9,"{""count"": 100} | {""count"": 100} | {""count"": 72} | {""count"": 100} | {""count"": 100} | {""count"": 50} | {""count"": 100} | {""count"": 50} | {""count"": 37}",19.64,0
img_0138,632,731,1,9,"{""count"": 100} | {""count"": 100} | {""count"": 100} | {""count"": 72} | {""count"": 100} | {""count"": 50} | {""count"": 72} | {""count"": 100} | {""count"": 37}",28.75,0
img_0139,428,327,1,9,"{""count"": 30} | {""count"": 50} | {""count"": 10} | {""count"": 1} | {""count"": 100} | {""count"": 9} | {""count"": 20} | {""count"": 100} | {""count"": 7}",28.31,0
img_0141,171,224,1,9,"{""count"": 50} | {""count"": 50} | {""count"": 12} | {""count"": 30} | {""count"": 30} | {""count"": 15} | {""count"": 8} | {""count"": 15} | {""count"": 14}",27.65,0
img_0140,398,383,1,9,"{""count"": 20} | {""count"": 100} | {""count"": 8} | {""count"": 20} | {""count"": 100} | {""count"": 13} | {""count"": 12} | {""count"": 100} | {""count"": 10}",28.99,0
img_0144,446,274,1,9,"{""count"": 0} | {""count"": 72} | {""count"": 15} | {""count"": 0} | {""count"": 50} | {""count"": 20} | {""count"": 0} | {""count"": 100} | {""count"": 17}",28.33,0
img_0142,353,420,1,9,"{""count"": 48} | {""count"": 47} | {""count"": 30} | {""count"": 50} | {""count"": 50} | {""count"": 30} | {""count"": 78} | {""count"": 50} | {""count"": 37}",29.73,0
img_0145,161,173,1,9,"{""count"": 30} | {""count"": 22} | {""count"": 7} | {""count"": 30} | {""count"": 22} | {""count"": 7} | {""count"": 30} | {""count"": 20} | {""count"": 5}",28.58,0
img_0147,135,161,1,9,"{""count"": 30} | {""count"": 20} | {""count"": 6} | {""count"": 30} | {""count"": 19} | {""count"": 5} | {""count"": 37} | {""count"": 11} | {""count"": 3}",28.50,0
img_0146,387,520,1,9,"{""count"": 50} | {""count"": 50} | {""count"": 8} | {""count"": 100} | {""count"": 100} | {""count"": 7} | {""count"": 100} | {""count"": 100} | {""count"": 5}",29.43,0
img_0149,390,336,1,9,"{""count"": 5} | {""count"": 50} | {""count"": 13} | {""count"": 0} | {""count"": 100} | {""count"": 30} | {""count"": 1} | {""count"": 100} | {""count"": 37}",28.57,0
img_0148,819,376,1,9,"{""count"": 0} | {""count"": 100} | {""count"": 10} | {""count"": 0} | {""count"": 100} | {""count"": 8} | {""count"": 0} | {""count"": 150} | {""count"": 8}",28.99,0
img_0150,396,363,1,9,"{""count"": 10} | {""count"": 100} | {""count"": 17} | {""count"": 37} | {""count"": 100} | {""count"": 20} | {""count"": 12} | {""count"": 50} | {""count"": 17}",28.36,0
img_0153,641,359,1,9,"{""count"": 0} | {""count"": 100} | {""count"": 14} | {""count"": 0} | {""count"": 120} | {""count"": 15} | {""count"": 0} | {""count"": 100} | {""count"": 10}",28.86,0
img_0151,648,331,1,9,"{""count"": 0} | {""count"": 100} | {""count"": 37} | {""count"": 0} | {""count"": 100} | {""count"": 24} | {""count"": 0} | {""count"": 50} | {""count"": 20}",29.49,0
img_0152,901,625,1,9,"{""count"": 100} | {""count"": 100} | {""count"": 23} | {""count"": 100} | {""count"": 100} | {""count"": 12} | {""count"": 100} | {""count"": 78} | {""count"": 12}",29.93,0
img_0154,354,270,1,9,"{""count"": 2} | {""count"": 100} | {""count"": 20} | {""count"": 0} | {""count"": 100} | {""count"": 15} | {""count"": 1} | {""count"": 20} | {""count"": 12}",29.51,0
img_0157,471,411,1,9,"{""count"": 78} | {""count"": 37} | {""count"": 27} | {""count"": 78} | {""count"": 50} | {""count"": 30} | {""count"": 58} | {""count"": 30} | {""count"": 23}",29.50,0
img_0156,2075,1465,1,9,"{""count"": 150} | {""count"": 200} | {""count"": 50} | {""count"": 100} | {""count"": 250} | {""count"": 78} | {""count"": 37} | {""count"": 500} | {""count"": 100}",30.21,0
img_0159,469,351,1,9,"{""count"": 100} | {""count"": 50} | {""count"": 11} | {""count"": 100} | {""count"": 30} | {""count"": 12} | {""count"": 10} | {""count"": 24} | {""count"": 14}",29.51,0
img_0158,247,368,1,9,"{""count"": 22} | {""count"": 37} | {""count"": 7} | {""count"": 100} | {""count"": 100} | {""count"": 8} | {""count"": 37} | {""count"": 50} | {""count"": 7}",30.21,0
img_0160,1063,572,1,9,"{""count"": 100} | {""count"": 100} | {""count"": 24} | {""count"": 100} | {""count"": 100} | {""count"": 27} | {""count"": 1} | {""count"": 100} | {""count"": 20}",29.97,0
img_0161,313,306,1,9,"{""count"": 20} | {""count"": 100} | {""count"": 16} | {""count"": 20} | {""count"": 50} | {""count"": 10} | {""count"": 15} | {""count"": 72} | {""count"": 3}",29.31,0
img_0162,279,237,1,9,"{""count"": 0} | {""count"": 50} | {""count"": 30} | {""count"": 0} | {""count"": 62} | {""count"": 30} | {""count"": 0} | {""count"": 50} | {""count"": 15}",29.08,0
img_0163,372,347,1,9,"{""count"": 0} | {""count"": 100} | {""count"": 24} | {""count"": 0} | {""count"": 100} | {""count"": 24} | {""count"": 0} | {""count"": 72} | {""count"": 27}",28.83,0
img_0165,198,262,1,9,"{""count"": 29} | {""count"": 30} | {""count"": 30} | {""count"": 23} | {""count"": 30} | {""count"": 30} | {""count"": 29} | {""count"": 37} | {""count"": 24}",28.61,0
img_0174,259,195,1,9,"{""count"": 3} | {""count"": 22} | {""count"": 18} | {""count"": 2} | {""count"": 20} | {""count"": 15} | {""count"": 0} | {""count"": 100} | {""count"": 15}",23.97,0
img_0168,138,183,1,9,"{""count"": 30} | {""count"": 22} | {""count"": 14} | {""count"": 30} | {""count"": 20} | {""count"": 11} | {""count"": 27} | {""count"": 15} | {""count"": 14}",28.67,0
img_0175,117,137,1,9,"{""count"": 0} | {""count"": 22} | {""count"": 24} | {""count"": 1} | {""count"": 32} | {""count"": 17} | {""count"": 2} | {""count"": 15} | {""count"": 24}",23.49,0
img_0164,1586,1678,1,9,"{""count"": 100} | {""count"": 100} | {""count"": 78} | {""count"": 1000} | {""count"": 100} | {""count"": 50} | {""count"": 100} | {""count"": 100} | {""count"": 50}",29.95,0
img_0170,148,238,1,9,"{""count"": 27} | {""count"": 27} | {""count"": 17} | {""count"": 37} | {""count"": 30} | {""count"": 17} | {""count"": 30} | {""count"": 30} | {""count"": 23}",26.41,0
img_0167,4195,3145,1,9,"{""count"": 100} | {""count"": 300} | {""count"": 100} | {""count"": 300} | {""count"": 1000} | {""count"": 78} | {""count"": 1000} | {""count"": 200} | {""count"": 67}",29.59,0
img_0166,2315,3027,1,9,"{""count"": 150} | {""count"": 1000} | {""count"": 62} | {""count"": 300} | {""count"": 300} | {""count"": 58} | {""count"": 1000} | {""count"": 100} | {""count"": 57}",29.81,0
img_0177,272,261,1,9,"{""count"": 50} | {""count"": 50} | {""count"": 7} | {""count"": 10} | {""count"": 30} | {""count"": 6} | {""count"": 50} | {""count"": 50} | {""count"": 8}",22.81,0
img_0169,174,133,1,9,"{""count"": 0} | {""count"": 30} | {""count"": 7} | {""count"": 0} | {""count"": 30} | {""count"": 9} | {""count"": 0} | {""count"": 48} | {""count"": 9}",28.14,0
img_0172,110,126,1,9,"{""count"": 0} | {""count"": 24} | {""count"": 24} | {""count"": 0} | {""count"": 20} | {""count"": 24} | {""count"": 0} | {""count"": 10} | {""count"": 24}",27.55,0
img_0171,608,591,1,9,"{""count"": 10} | {""count"": 100} | {""count"": 27} | {""count"": 100} | {""count"": 100} | {""count"": 27} | {""count"": 100} | {""count"": 100} | {""count"": 27}",29.07,0
img_0173,883,508,1,9,"{""count"": 3} | {""count"": 100} | {""count"": 50} | {""count"": 7} | {""count"": 100} | {""count"": 78} | {""count"": 20} | {""count"": 100} | {""count"": 50}",28.93,0
img_0176,326,186,1,9,"{""count"": 0} | {""count"": 50} | {""count"": 10} | {""count"": 0} | {""count"": 50} | {""count"": 11} | {""count"": 2} | {""count"": 50} | {""count"": 13}",27.09,0
img_0180,1315,830,1,9,"{""count"": 100} | {""count"": 150} | {""count"": 32} | {""count"": 100} | {""count"": 200} | {""count"": 50} | {""count"": 20} | {""count"": 100} | {""count"": 78}",26.45,0
img_0178,400,322,1,9,"{""count"": 0} | {""count"": 12} | {""count"": 30} | {""count"": 0} | {""count"": 100} | {""count"": 50} | {""count"": 0} | {""count"": 100} | {""count"": 30}",27.78,0
img_0179,2021,1550,1,9,"{""count"": 0} | {""count"": 150} | {""count"": 100} | {""count"": 0} | {""count"": 1000} | {""count"": 100} | {""count"": 0} | {""count"": 100} | {""count"": 100}",28.02,0
img_0181,466,255,1,9,"{""count"": 4} | {""count"": 2} | {""count"": 3} | {""count"": 2} | {""count"": 100} | {""count"": 20} | {""count"": 0} | {""count"": 100} | {""count"": 24}",27.33,0
img_0182,269,265,1,9,"{""count"": 100} | {""count"": 30} | {""count"": 5} | {""count"": 78} | {""count"": 14} | {""count"": 4} | {""count"": 24} | {""count"": 7} | {""count"": 3}",27.50,0
img_0191,532,377,1,9,"{""count"": 100} | {""count"": 22} | {""count"": 8} | {""count"": 100} | {""count"": 18} | {""count"": 7} | {""count"": 100} | {""count"": 15} | {""count"": 7}",21.65,0
img_0183,1758,1387,1,9,"{""count"": 300} | {""count"": 78} | {""count"": 9} | {""count"": 500} | {""count"": 100} | {""count"": 10} | {""count"": 300} | {""count"": 78} | {""count"": 12}",27.78,0
img_0185,507,186,1,9,"{""count"": 0} | {""count"": 20} | {""count"": 12} | {""count"": 0} | {""count"": 30} | {""count"": 12} | {""count"": 0} | {""count"": 100} | {""count"": 12}",27.08,0
img_0186,158,166,1,9,"{""count"": 20} | {""count"": 30} | {""count"": 6} | {""count"": 20} | {""count"": 30} | {""count"": 5} | {""count"": 20} | {""count"": 30} | {""count"": 5}",26.45,0
img_0188,275,312,1,9,"{""count"": 72} | {""count"": 30} | {""count"": 14} | {""count"": 50} | {""count"": 23} | {""count"": 10} | {""count"": 78} | {""count"": 24} | {""count"": 11}",24.15,0
img_0184,2166,1926,1,9,"{""count"": 500} | {""count"": 200} | {""count"": 100} | {""count"": 500} | {""count"": 300} | {""count"": 72} | {""count"": 120} | {""count"": 120} | {""count"": 14}",28.19,0
img_0187,403,181,1,9,"{""count"": 0} | {""count"": 0} | {""count"": 50} | {""count"": 0} | {""count"": 0} | {""count"": 100} | {""count"": 0} | {""count"": 1} | {""count"": 30}",26.41,0
img_0189,122,149,1,9,"{""count"": 0} | {""count"": 0} | {""count"": 1} | {""count"": 10} | {""count"": 13} | {""count"": 7} | {""count"": 100} | {""count"": 15} | {""count"": 3}",25.49,0
img_0190,732,606,1,9,"{""count"": 57} | {""count"": 78} | {""count"": 100} | {""count"": 37} | {""count"": 57} | {""count"": 100} | {""count"": 30} | {""count"": 47} | {""count"": 100}",26.64,0
img_0192,195,262,1,9,"{""count"": 47} | {""count"": 23} | {""count"": 6} | {""count"": 50} | {""count"": 30} | {""count"": 8} | {""count"": 50} | {""count"": 37} | {""count"": 11}",25.98,0
img_0193,210,253,1,9,"{""count"": 50} | {""count"": 24} | {""count"": 9} | {""count"": 50} | {""count"": 24} | {""count"": 12} | {""count"": 50} | {""count"": 24} | {""count"": 10}",23.70,0
img_0194,159,202,1,9,"{""count"": 20} | {""count"": 45} | {""count"": 10} | {""count"": 20} | {""count"": 45} | {""count"": 7} | {""count"": 15} | {""count"": 30} | {""count"": 10}",21.22,0
img_0195,211,282,1,9,"{""count"": 30} | {""count"": 50} | {""count"": 12} | {""count"": 30} | {""count"": 50} | {""count"": 15} | {""count"": 30} | {""count"": 50} | {""count"": 15}",21.44,0
img_0197,165,318,1,9,"{""count"": 30} | {""count"": 27} | {""count"": 7} | {""count"": 100} | {""count"": 100} | {""count"": 7} | {""count"": 12} | {""count"": 30} | {""count"": 5}",22.97,0
img_0202,864,502,1,9,"{""count"": 2} | {""count"": 100} | {""count"": 30} | {""count"": 10} | {""count"": 100} | {""count"": 30} | {""count"": 100} | {""count"": 100} | {""count"": 30}",22.32,0
img_0201,719,482,1,9,"{""count"": 100} | {""count"": 50} | {""count"": 10} | {""count"": 100} | {""count"": 50} | {""count"": 12} | {""count"": 100} | {""count"": 50} | {""count"": 10}",22.54,0
img_0196,287,201,1,9,"{""count"": 0} | {""count"": 72} | {""count"": 17} | {""count"": 0} | {""count"": 50} | {""count"": 17} | {""count"": 0} | {""count"": 30} | {""count"": 15}",24.14,0
img_0203,368,144,1,9,"{""count"": 0} | {""count"": 50} | {""count"": 4} | {""count"": 0} | {""count"": 50} | {""count"": 5} | {""count"": 0} | {""count"": 30} | {""count"": 5}",22.52,0
img_0204,522,169,1,9,"{""count"": 0} | {""count"": 50} | {""count"": 14} | {""count"": 0} | {""count"": 50} | {""count"": 15} | {""count"": 0} | {""count"": 30} | {""count"": 10}",22.12,0
img_0198,104,157,1,9,"{""count"": 10} | {""count"": 23} | {""count"": 4} | {""count"": 30} | {""count"": 30} | {""count"": 4} | {""count"": 27} | {""count"": 27} | {""count"": 2}",24.37,0
img_0199,263,232,1,9,"{""count"": 24} | {""count"": 50} | {""count"": 30} | {""count"": 14} | {""count"": 37} | {""count"": 20} | {""count"": 14} | {""count"": 30} | {""count"": 13}",24.59,0
img_0205,778,286,1,9,"{""count"": 0} | {""count"": 100} | {""count"": 14} | {""count"": 0} | {""count"": 100} | {""count"": 22} | {""count"": 0} | {""count"": 30} | {""count"": 20}",22.89,0
img_0209,143,196,1,9,"{""count"": 0} | {""count"": 30} | {""count"": 10} | {""count"": 0} | {""count"": 100} | {""count"": 14} | {""count"": 0} | {""count"": 30} | {""count"": 12}",19.40,0
img_0200,299,391,1,9,"{""count"": 50} | {""count"": 30} | {""count"": 8} | {""count"": 100} | {""count"": 48} | {""count"": 12} | {""count"": 100} | {""count"": 30} | {""count"": 13}",25.06,0
img_0206,2870,3150,1,9,"{""count"": 0} | {""count"": 1000} | {""count"": 50} | {""count"": 0} | {""count"": 1000} | {""count"": 50} | {""count"": 0} | {""count"": 1000} | {""count"": 50}",24.45,0
img_0207,463,375,1,9,"{""count"": 150} | {""count"": 100} | {""count"": 10} | {""count"": 3} | {""count"": 50} | {""count"": 12} | {""count"": 12} | {""count"": 30} | {""count"": 8}",23.92,0
img_0212,218,239,1,9,"{""count"": 30} | {""count"": 27} | {""count"": 15} | {""count"": 50} | {""count"": 30} | {""count"": 17} | {""count"": 30} | {""count"": 27} | {""count"": 13}",20.66,0
img_0208,204,286,1,9,"{""count"": 30} | {""count"": 30} | {""count"": 17} | {""count"": 47} | {""count"": 30} | {""count"": 18} | {""count"": 50} | {""count"": 47} | {""count"": 17}",24.19,0
img_0215,1048,328,1,9,"{""count"": 1} | {""count"": 1} | {""count"": 100} | {""count"": 0} | {""count"": 2} | {""count"": 100} | {""count"": 12} | {""count"": 12} | {""count"": 100}",22.68,0
img_0219,535,579,1,9,"{""count"": 100} | {""count"": 50} | {""count"": 7} | {""count"": 100} | {""count"": 100} | {""count"": 10} | {""count"": 100} | {""count"": 100} | {""count"": 12}",21.66,0
img_0211,434,246,1,9,"{""count"": 0} | {""count"": 27} | {""count"": 4} | {""count"": 1} | {""count"": 100} | {""count"": 6} | {""count"": 2} | {""count"": 100} | {""count"": 6}",24.68,0
img_0210,421,340,1,9,"{""count"": 0} | {""count"": 100} | {""count"": 50} | {""count"": 0} | {""count"": 100} | {""count"": 30} | {""count"": 0} | {""count"": 30} | {""count"": 30}",25.38,0
img_0213,266,354,1,9,"{""count"": 100} | {""count"": 50} | {""count"": 10} | {""count"": 78} | {""count"": 50} | {""count"": 12} | {""count"": 20} | {""count"": 24} | {""count"": 10}",25.34,0
img_0214,514,419,1,9,"{""count"": 50} | {""count"": 100} | {""count"": 11} | {""count"": 50} | {""count"": 100} | {""count"": 10} | {""count"": 12} | {""count"": 78} | {""count"": 8}",25.16,0
img_0218,712,601,1,9,"{""count"": 100} | {""count"": 100} | {""count"": 20} | {""count"": 100} | {""count"": 100} | {""count"": 14} | {""count"": 50} | {""count"": 100} | {""count"": 17}",24.28,0
img_0216,593,394,1,9,"{""count"": 30} | {""count"": 100} | {""count"": 7} | {""count"": 30} | {""count"": 100} | {""count"": 10} | {""count"": 14} | {""count"": 100} | {""count"": 3}",25.63,0
img_0217,1775,363,1,9,"{""count"": 100} | {""count"": 17} | {""count"": 5} | {""count"": 100} | {""count"": 15} | {""count"": 5} | {""count"": 100} | {""count"": 17} | {""count"": 4}",25.34,0
img_0220,2746,3044,1,9,"{""count"": 300} | {""count"": 200} | {""count"": 47} | {""count"": 1000} | {""count"": 200} | {""count"": 50} | {""count"": 1000} | {""count"": 200} | {""count"": 47}",25.62,0
img_0221,1709,910,1,9,"{""count"": 200} | {""count"": 100} | {""count"": 48} | {""count"": 200} | {""count"": 100} | {""count"": 37} | {""count"": 120} | {""count"": 78} | {""count"": 27}",25.73,0
img_0222,1890,1115,1,9,"{""count"": 300} | {""count"": 100} | {""count"": 48} | {""count"": 200} | {""count"": 100} | {""count"": 30} | {""count"": 200} | {""count"": 100} | {""count"": 37}",25.95,0
img_0223,1826,911,1,9,"{""count"": 10} | {""count"": 200} | {""count"": 100} | {""count"": 1} | {""count"": 300} | {""count"": 100} | {""count"": 0} | {""count"": 100} | {""count"": 100}",25.68,0
img_0224,379,338,1,9,"{""count"": 50} | {""count"": 50} | {""count"": 18} | {""count"": 50} | {""count"": 50} | {""count"": 20} | {""count"": 50} | {""count"": 30} | {""count"": 20}",25.98,0
img_0225,1191,684,1,9,"{""count"": 150} | {""count"": 100} | {""count"": 30} | {""count"": 100} | {""count"": 100} | {""count"": 30} | {""count"": 100} | {""count"": 50} | {""count"": 24}",26.10,0
img_0236,267,245,1,9,"{""count"": 3} | {""count"": 50} | {""count"": 10} | {""count"": 0} | {""count"": 100} | {""count"": 15} | {""count"": 0} | {""count"": 50} | {""count"": 17}",20.41,0
img_0235,125,159,1,9,"{""count"": 20} | {""count"": 50} | {""count"": 5} | {""count"": 12} | {""count"": 30} | {""count"": 7} | {""count"": 10} | {""count"": 24} | {""count"": 1}",20.65,0
img_0234,244,279,1,9,"{""count"": 50} | {""count"": 30} | {""count"": 12} | {""count"": 50} | {""count"": 30} | {""count"": 10} | {""count"": 50} | {""count"": 37} | {""count"": 10}",21.32,0
img_0238,170,207,1,9,"{""count"": 20} | {""count"": 50} | {""count"": 15} | {""count"": 30} | {""count"": 30} | {""count"": 7} | {""count"": 30} | {""count"": 20} | {""count"": 5}",20.23,0
img_0226,1665,1640,1,9,"{""count"": 100} | {""count"": 100} | {""count"": 30} | {""count"": 1000} | {""count"": 100} | {""count"": 30} | {""count"": 150} | {""count"": 100} | {""count"": 30}",26.35,0
img_0227,612,437,1,9,"{""count"": 50} | {""count"": 50} | {""count"": 17} | {""count"": 100} | {""count"": 50} | {""count"": 20} | {""count"": 78} | {""count"": 50} | {""count"": 22}",26.28,0
img_0231,682,578,1,9,"{""count"": 100} | {""count"": 100} | {""count"": 15} | {""count"": 100} | {""count"": 100} | {""count"": 18} | {""count"": 30} | {""count"": 100} | {""count"": 15}",24.33,0
img_0239,306,332,1,9,"{""count"": 50} | {""count"": 30} | {""count"": 7} | {""count"": 10} | {""count"": 100} | {""count"": 15} | {""count"": 0} | {""count"": 100} | {""count"": 20}",20.41,0
img_0242,238,191,1,9,"{""count"": 0} | {""count"": 50} | {""count"": 8} | {""count"": 0} | {""count"": 50} | {""count"": 15} | {""count"": 0} | {""count"": 50} | {""count"": 18}",19.71,0
img_0237,178,273,1,9,"{""count"": 23} | {""count"": 27} | {""count"": 12} | {""count"": 47} | {""count"": 30} | {""count"": 12} | {""count"": 57} | {""count"": 50} | {""count"": 15}",23.82,0
img_0229,699,444,1,9,"{""count"": 0} | {""count"": 100} | {""count"": 14} | {""count"": 0} | {""count"": 150} | {""count"": 15} | {""count"": 0} | {""count"": 150} | {""count"": 15}",25.86,0
img_0243,289,290,1,9,"{""count"": 30} | {""count"": 50} | {""count"": 7} | {""count"": 100} | {""count"": 50} | {""count"": 7} | {""count"": 20} | {""count"": 20} | {""count"": 6}",18.77,0
img_0228,172,231,1,9,"{""count"": 48} | {""count"": 23} | {""count"": 10} | {""count"": 50} | {""count"": 23} | {""count"": 13} | {""count"": 30} | {""count"": 24} | {""count"": 10}",26.78,0
img_0230,1454,1522,1,9,"{""count"": 15} | {""count"": 100} | {""count"": 100} | {""count"": 5} | {""count"": 1000} | {""count"": 100} | {""count"": 2} | {""count"": 100} | {""count"": 100}",26.71,0
img_0232,419,257,1,9,"{""count"": 0} | {""count"": 50} | {""count"": 10} | {""count"": 0} | {""count"": 100} | {""count"": 9} | {""count"": 30} | {""count"": 50} | {""count"": 8}",26.32,0
img_0233,332,245,1,9,"{""count"": 1} | {""count"": 30} | {""count"": 23} | {""count"": 0} | {""count"": 100} | {""count"": 24} | {""count"": 2} | {""count"": 50} | {""count"": 15}",26.50,0
img_0241,207,150,1,9,"{""count"": 0} | {""count"": 10} | {""count"": 24} | {""count"": 0} | {""count"": 50} | {""count"": 24} | {""count"": 0} | {""count"": 30} | {""count"": 12}",25.28,0
img_0240,329,196,1,9,"{""count"": 10} | {""count"": 10} | {""count"": 2} | {""count"": 100} | {""count"": 20} | {""count"": 4} | {""count"": 30} | {""count"": 15} | {""count"": 5}",25.68,0
img_0245,308,292,1,9,"{""count"": 20} | {""count"": 30} | {""count"": 5} | {""count"": 100} | {""count"": 100} | {""count"": 8} | {""count"": 2} | {""count"": 22} | {""count"": 5}",24.59,0
img_0252,340,275,1,9,"{""count"": 0} | {""count"": 30} | {""count"": 15} | {""count"": 0} | {""count"": 100} | {""count"": 15} | {""count"": 0} | {""count"": 100} | {""count"": 15}",20.60,0
img_0244,228,259,1,9,"{""count"": 50} | {""count"": 24} | {""count"": 14} | {""count"": 50} | {""count"": 24} | {""count"": 15} | {""count"": 48} | {""count"": 22} | {""count"": 12}",25.41,0
img_0247,214,186,1,9,"{""count"": 3} | {""count"": 78} | {""count"": 10} | {""count"": 3} | {""count"": 50} | {""count"": 10} | {""count"": 0} | {""count"": 24} | {""count"": 8}",24.66,0
img_0246,1036,331,1,9,"{""count"": 100} | {""count"": 6} | {""count"": 3} | {""count"": 100} | {""count"": 7} | {""count"": 6} | {""count"": 100} | {""count"": 4} | {""count"": 5}",26.16,0
img_0250,65,127,1,9,"{""count"": 11} | {""count"": 30} | {""count"": 5} | {""count"": 17} | {""count"": 30} | {""count"": 7} | {""count"": 8} | {""count"": 15} | {""count"": 4}",23.68,0
img_0248,205,166,1,9,"{""count"": 20} | {""count"": 30} | {""count"": 6} | {""count"": 30} | {""count"": 30} | {""count"": 5} | {""count"": 10} | {""count"": 30} | {""count"": 5}",25.08,0
img_0249,83,105,1,9,"{""count"": 1} | {""count"": 20} | {""count"": 12} | {""count"": 3} | {""count"": 22} | {""count"": 8} | {""count"": 8} | {""count"": 24} | {""count"": 7}",25.07,0
img_0251,184,203,1,9,"{""count"": 10} | {""count"": 100} | {""count"": 22} | {""count"": 0} | {""count"": 30} | {""count"": 24} | {""count"": 0} | {""count"": 5} | {""count"": 12}",24.92,0
img_0253,163,138,1,9,"{""count"": 30} | {""count"": 15} | {""count"": 4} | {""count"": 30} | {""count"": 13} | {""count"": 4} | {""count"": 30} | {""count"": 10} | {""count"": 2}",23.40,0
img_0254,829,700,1,9,"{""count"": 0} | {""count"": 150} | {""count"": 100} | {""count"": 0} | {""count"": 150} | {""count"": 100} | {""count"": 0} | {""count"": 100} | {""count"": 100}",24.49,0
img_0255,3970,5100,1,9,"{""count"": 1000} | {""count"": 300} | {""count"": 100} | {""count"": 1000} | {""count"": 500} | {""count"": 100} | {""count"": 1000} | {""count"": 1000} | {""count"": ",23.48,0
img_0256,2240,1626,1,9,"{""count"": 300} | {""count"": 150} | {""count"": 78} | {""count"": 500} | {""count"": 150} | {""count"": 100} | {""count"": 150} | {""count"": 120} | {""count"": 78}",24.53,0
img_0257,2371,2400,1,9,"{""count"": 0} | {""count"": 100} | {""count"": 1000} | {""count"": 0} | {""count"": 100} | {""count"": 1000} | {""count"": 0} | {""count"": 100} | {""count"": 100}",20.86,0
img_0263,258,324,1,9,"{""count"": 50} | {""count"": 24} | {""count"": 7} | {""count"": 78} | {""count"": 50} | {""count"": 7} | {""count"": 72} | {""count"": 30} | {""count"": 6}",19.09,0
img_0265,245,292,1,9,"{""count"": 62} | {""count"": 22} | {""count"": 3} | {""count"": 78} | {""count"": 22} | {""count"": 3} | {""count"": 78} | {""count"": 20} | {""count"": 4}",18.41,0
img_0262,550,385,1,9,"{""count"": 100} | {""count"": 24} | {""count"": 7} | {""count"": 100} | {""count"": 24} | {""count"": 5} | {""count"": 100} | {""count"": 20} | {""count"": 5}",20.69,0
img_0259,338,351,1,9,"{""count"": 100} | {""count"": 10} | {""count"": 3} | {""count"": 100} | {""count"": 14} | {""count"": 4} | {""count"": 100} | {""count"": 15} | {""count"": 5}",22.07,0
img_0258,994,550,1,9,"{""count"": 0} | {""count"": 120} | {""count"": 15} | {""count"": 20} | {""count"": 200} | {""count"": 22} | {""count"": 6} | {""count"": 150} | {""count"": 17}",22.28,0
img_0261,343,388,1,9,"{""count"": 50} | {""count"": 48} | {""count"": 30} | {""count"": 50} | {""count"": 50} | {""count"": 30} | {""count"": 50} | {""count"": 50} | {""count"": 30}",22.09,0
img_0264,225,131,1,9,"{""count"": 0} | {""count"": 30} | {""count"": 8} | {""count"": 0} | {""count"": 50} | {""count"": 8} | {""count"": 0} | {""count"": 30} | {""count"": 5}",20.48,0
img_0267,1103,860,1,9,"{""count"": 100} | {""count"": 100} | {""count"": 100} | {""count"": 100} | {""count"": 100} | {""count"": 100} | {""count"": 100} | {""count"": 100} | {""count"": 60}",19.63,0
img_0270,276,233,1,9,"{""count"": 30} | {""count"": 24} | {""count"": 24} | {""count"": 30} | {""count"": 30} | {""count"": 20} | {""count"": 30} | {""count"": 20} | {""count"": 25}",18.93,0
img_0268,1400,850,1,9,"{""count"": 100} | {""count"": 50} | {""count"": 100} | {""count"": 100} | {""count"": 100} | {""count"": 100} | {""count"": 100} | {""count"": 100} | {""count"": 100}",19.58,0
img_0271,916,551,1,9,"{""count"": 2} | {""count"": 300} | {""count"": 5} | {""count"": 10} | {""count"": 100} | {""count"": 10} | {""count"": 10} | {""count"": 100} | {""count"": 14}",18.75,0
img_0266,3653,8100,1,9,"{""count"": 1000} | {""count"": 1000} | {""count"": 1000} | {""count"": 1000} | {""count"": 1000} | {""count"": 1000} | {""count"": 1000} | {""count"": 1000} | {""coun",20.28,0
img_0260,2116,2050,1,9,"{""count"": 250} | {""count"": 200} | {""count"": 100} | {""count"": 300} | {""count"": 200} | {""count"": 100} | {""count"": 300} | {""count"": 500} | {""count"": 100}",23.22,0
img_0269,3304,4430,1,9,"{""count"": 1000} | {""count"": 1000} | {""count"": 1000} | {""count"": 100} | {""count"": 100} | {""count"": 100} | {""count"": 100} | {""count"": 30} | {""count"": 10",20.59,0
img_0272,1798,1800,1,9,"{""count"": 1000} | {""count"": 100} | {""count"": 100} | {""count"": 100} | {""count"": 100} | {""count"": 100} | {""count"": 100} | {""count"": 100} | {""count"": 100",21.19,0
img_0273,948,748,1,9,"{""count"": 20} | {""count"": 100} | {""count"": 100} | {""count"": 20} | {""count"": 200} | {""count"": 78} | {""count"": 30} | {""count"": 150} | {""count"": 50}",21.07,0
img_0274,457,475,1,9,"{""count"": 78} | {""count"": 50} | {""count"": 50} | {""count"": 50} | {""count"": 50} | {""count"": 50} | {""count"": 50} | {""count"": 50} | {""count"": 47}",18.30,0
img_0275,1070,730,1,9,"{""count"": 100} | {""count"": 30} | {""count"": 50} | {""count"": 100} | {""count"": 100} | {""count"": 50} | {""count"": 150} | {""count"": 100} | {""count"": 50}",18.73,0
img_0276,302,295,1,9,"{""count"": 50} | {""count"": 30} | {""count"": 20} | {""count"": 50} | {""count"": 30} | {""count"": 23} | {""count"": 50} | {""count"": 24} | {""count"": 18}",17.45,0
img_0278,518,462,1,9,"{""count"": 50} | {""count"": 48} | {""count"": 24} | {""count"": 100} | {""count"": 48} | {""count"": 24} | {""count"": 100} | {""count"": 50} | {""count"": 18}",17.31,0
img_0279,560,640,1,9,"{""count"": 100} | {""count"": 100} | {""count"": 30} | {""count"": 100} | {""count"": 100} | {""count"": 30} | {""count"": 100} | {""count"": 50} | {""count"": 30}",16.76,0
img_0280,558,645,1,9,"{""count"": 100} | {""count"": 100} | {""count"": 17} | {""count"": 100} | {""count"": 100} | {""count"": 15} | {""count"": 100} | {""count"": 100} | {""count"": 13}",16.68,0
img_0277,259,153,1,9,"{""count"": 0} | {""count"": 30} | {""count"": 15} | {""count"": 0} | {""count"": 50} | {""count"": 15} | {""count"": 3} | {""count"": 30} | {""count"": 10}",18.57,0
img_0283,241,241,1,9,"{""count"": 30} | {""count"": 30} | {""count"": 15} | {""count"": 50} | {""count"": 30} | {""count"": 17} | {""count"": 24} | {""count"": 30} | {""count"": 15}",16.72,0
img_0282,574,584,1,9,"{""count"": 100} | {""count"": 50} | {""count"": 24} | {""count"": 100} | {""count"": 50} | {""count"": 30} | {""count"": 100} | {""count"": 100} | {""count"": 30}",17.19,0
img_0281,871,900,1,9,"{""count"": 100} | {""count"": 100} | {""count"": 100} | {""count"": 100} | {""count"": 100} | {""count"": 100} | {""count"": 100} | {""count"": 100} | {""count"": 100}",17.69,0
img_0285,582,564,1,9,"{""count"": 30} | {""count"": 50} | {""count"": 24} | {""count"": 100} | {""count"": 100} | {""count"": 30} | {""count"": 100} | {""count"": 100} | {""count"": 30}",15.96,0
img_0286,937,728,1,9,"{""count"": 100} | {""count"": 78} | {""count"": 50} | {""count"": 100} | {""count"": 100} | {""count"": 50} | {""count"": 100} | {""count"": 100} | {""count"": 50}",15.84,0
img_0287,229,208,1,9,"{""count"": 32} | {""count"": 24} | {""count"": 15} | {""count"": 24} | {""count"": 24} | {""count"": 15} | {""count"": 24} | {""count"": 30} | {""count"": 20}",15.10,0
img_0284,376,477,1,9,"{""count"": 50} | {""count"": 50} | {""count"": 17} | {""count"": 100} | {""count"": 78} | {""count"": 17} | {""count"": 100} | {""count"": 50} | {""count"": 15}",18.33,0
img_0289,251,179,1,9,"{""count"": 30} | {""count"": 24} | {""count"": 7} | {""count"": 30} | {""count"": 20} | {""count"": 8} | {""count"": 30} | {""count"": 20} | {""count"": 10}",15.73,0
img_0290,556,510,1,9,"{""count"": 100} | {""count"": 50} | {""count"": 20} | {""count"": 100} | {""count"": 50} | {""count"": 20} | {""count"": 100} | {""count"": 50} | {""count"": 20}",15.60,0
img_0288,216,180,1,9,"{""count"": 10} | {""count"": 30} | {""count"": 22} | {""count"": 8} | {""count"": 30} | {""count"": 24} | {""count"": 2} | {""count"": 30} | {""count"": 24}",19.63,0
img_0292,260,392,1,9,"{""count"": 100} | {""count"": 45} | {""count"": 20} | {""count"": 100} | {""count"": 50} | {""count"": 18} | {""count"": 20} | {""count"": 24} | {""count"": 15}",16.80,0
img_0299,165,187,1,9,"{""count"": 24} | {""count"": 22} | {""count"": 18} | {""count"": 24} | {""count"": 20} | {""count"": 20} | {""count"": 20} | {""count"": 24} | {""count"": 15}",16.35,0
img_0291,357,395,1,9,"{""count"": 3} | {""count"": 100} | {""count"": 24} | {""count"": 10} | {""count"": 100} | {""count"": 24} | {""count"": 10} | {""count"": 100} | {""count"": 24}",18.59,0
img_0301,207,180,1,9,"{""count"": 0} | {""count"": 30} | {""count"": 20} | {""count"": 2} | {""count"": 50} | {""count"": 20} | {""count"": 3} | {""count"": 30} | {""count"": 25}",16.35,0
img_0302,315,392,1,9,"{""count"": 50} | {""count"": 37} | {""count"": 20} | {""count"": 78} | {""count"": 50} | {""count"": 27} | {""count"": 50} | {""count"": 50} | {""count"": 30}",18.85,0
img_0293,1433,878,1,9,"{""count"": 0} | {""count"": 150} | {""count"": 50} | {""count"": 0} | {""count"": 300} | {""count"": 100} | {""count"": 0} | {""count"": 200} | {""count"": 78}",20.36,0
img_0294,791,684,1,9,"{""count"": 100} | {""count"": 100} | {""count"": 24} | {""count"": 100} | {""count"": 100} | {""count"": 30} | {""count"": 100} | {""count"": 100} | {""count"": 30}",21.53,0
img_0296,1341,487,1,9,"{""count"": 100} | {""count"": 50} | {""count"": 12} | {""count"": 100} | {""count"": 48} | {""count"": 15} | {""count"": 100} | {""count"": 50} | {""count"": 12}",20.90,0
img_0297,429,218,1,9,"{""count"": 1} | {""count"": 30} | {""count"": 14} | {""count"": 0} | {""count"": 50} | {""count"": 10} | {""count"": 1} | {""count"": 100} | {""count"": 12}",21.16,0
img_0298,284,319,1,9,"{""count"": 15} | {""count"": 78} | {""count"": 27} | {""count"": 30} | {""count"": 50} | {""count"": 30} | {""count"": 12} | {""count"": 50} | {""count"": 27}",21.28,0
img_0295,1477,1244,1,9,"{""count"": 100} | {""count"": 300} | {""count"": 50} | {""count"": 100} | {""count"": 500} | {""count"": 37} | {""count"": 100} | {""count"": 50} | {""count"": 7}",22.29,0
img_0300,236,258,1,9,"{""count"": 27} | {""count"": 30} | {""count"": 27} | {""count"": 30} | {""count"": 30} | {""count"": 30} | {""count"": 27} | {""count"": 30} | {""count"": 27}",21.75,0
img_0305,654,647,1,9,"{""count"": 30} | {""count"": 100} | {""count"": 30} | {""count"": 100} | {""count"": 100} | {""count"": 50} | {""count"": 100} | {""count"": 100} | {""count"": 37}",19.42,0
img_0304,2593,5400,1,9,"{""count"": 1000} | {""count"": 1000} | {""count"": 100} | {""count"": 1000} | {""count"": 1000} | {""count"": 100} | {""count"": 1000} | {""count"": 100} | {""count"":",19.88,0
img_0309,663,634,1,9,"{""count"": 100} | {""count"": 100} | {""count"": 30} | {""count"": 100} | {""count"": 100} | {""count"": 30} | {""count"": 100} | {""count"": 50} | {""count"": 24}",17.32,0
img_0310,642,436,1,9,"{""count"": 100} | {""count"": 30} | {""count"": 8} | {""count"": 100} | {""count"": 50} | {""count"": 10} | {""count"": 100} | {""count"": 30} | {""count"": 8}",17.91,0
img_0303,2154,4280,1,9,"{""count"": 1000} | {""count"": 100} | {""count"": 20} | {""count"": 1000} | {""count"": 100} | {""count"": 30} | {""count"": 1000} | {""count"": 1000} | {""count"": 30",22.20,0
img_0312,270,267,1,9,"{""count"": 50} | {""count"": 24} | {""count"": 15} | {""count"": 50} | {""count"": 24} | {""count"": 15} | {""count"": 50} | {""count"": 24} | {""count"": 15}",18.50,0
img_0307,1077,1052,1,9,"{""count"": 10} | {""count"": 100} | {""count"": 200} | {""count"": 100} | {""count"": 150} | {""count"": 200} | {""count"": 100} | {""count"": 120} | {""count"": 72}",21.15,0
img_0306,2702,6049,1,9,"{""count"": 1000} | {""count"": 1000} | {""count"": 12} | {""count"": 1000} | {""count"": 1000} | {""count"": 22} | {""count"": 1000} | {""count"": 1000} | {""count"": ",23.07,0
img_0313,465,326,1,9,"{""count"": 0} | {""count"": 100} | {""count"": 7} | {""count"": 0} | {""count"": 100} | {""count"": 9} | {""count"": 0} | {""count"": 100} | {""count"": 10}",20.96,0
img_0308,3568,6057,1,9,"{""count"": 1000} | {""count"": 1000} | {""count"": 15} | {""count"": 1000} | {""count"": 1000} | {""count"": 22} | {""count"": 1000} | {""count"": 1000} | {""count"": ",23.19,0
img_0314,820,622,1,9,"{""count"": 100} | {""count"": 100} | {""count"": 8} | {""count"": 100} | {""count"": 100} | {""count"": 7} | {""count"": 100} | {""count"": 100} | {""count"": 7}",21.42,0
img_0311,909,806,1,9,"{""count"": 100} | {""count"": 100} | {""count"": 78} | {""count"": 100} | {""count"": 100} | {""count"": 78} | {""count"": 100} | {""count"": 100} | {""count"": 50}",22.61,0
img_0315,383,323,1,9,"{""count"": 0} | {""count"": 10} | {""count"": 15} | {""count"": 30} | {""count"": 100} | {""count"": 24} | {""count"": 20} | {""count"": 100} | {""count"": 24}",21.90,0
img_0316,973,668,1,9,"{""count"": 100} | {""count"": 100} | {""count"": 50} | {""count"": 100} | {""count"": 78} | {""count"": 48} | {""count"": 100} | {""count"": 62} | {""count"": 30}",21.65,0
img_0317,811,578,1,9,"{""count"": 0} | {""count"": 100} | {""count"": 100} | {""count"": 0} | {""count"": 100} | {""count"": 100} | {""count"": 0} | {""count"": 100} | {""count"": 78}",20.69,0
img_0319,922,640,1,9,"{""count"": 0} | {""count"": 120} | {""count"": 100} | {""count"": 0} | {""count"": 120} | {""count"": 100} | {""count"": 0} | {""count"": 100} | {""count"": 100}",20.91,0
img_0318,1616,1027,1,9,"{""count"": 150} | {""count"": 100} | {""count"": 30} | {""count"": 300} | {""count"": 100} | {""count"": 23} | {""count"": 200} | {""count"": 100} | {""count"": 24}",21.41,0
img_0321,2472,900,1,9,"{""count"": 100} | {""count"": 100} | {""count"": 100} | {""count"": 100} | {""count"": 100} | {""count"": 100} | {""count"": 100} | {""count"": 100} | {""count"": 100}",17.38,0
img_0320,2414,2602,1,9,"{""count"": 2} | {""count"": 150} | {""count"": 150} | {""count"": 100} | {""count"": 500} | {""count"": 200} | {""count"": 300} | {""count"": 1000} | {""count"": 200}",19.51,0
img_0328,426,520,1,9,"{""count"": 100} | {""count"": 50} | {""count"": 24} | {""count"": 100} | {""count"": 50} | {""count"": 24} | {""count"": 100} | {""count"": 50} | {""count"": 22}",12.31,0
img_0324,650,435,1,9,"{""count"": 100} | {""count"": 30} | {""count"": 14} | {""count"": 100} | {""count"": 30} | {""count"": 17} | {""count"": 100} | {""count"": 30} | {""count"": 14}",15.27,0
img_0326,165,262,1,9,"{""count"": 27} | {""count"": 27} | {""count"": 24} | {""count"": 30} | {""count"": 27} | {""count"": 27} | {""count"": 50} | {""count"": 27} | {""count"": 23}",15.15,0
img_0322,1613,998,1,9,"{""count"": 150} | {""count"": 100} | {""count"": 78} | {""count"": 150} | {""count"": 100} | {""count"": 100} | {""count"": 120} | {""count"": 100} | {""count"": 100}",17.45,0
img_0325,1659,3600,1,9,"{""count"": 100} | {""count"": 1000} | {""count"": 100} | {""count"": 100} | {""count"": 1000} | {""count"": 100} | {""count"": 100} | {""count"": 1000} | {""count"": 1",15.67,0
img_0323,2033,1630,1,9,"{""count"": 200} | {""count"": 300} | {""count"": 100} | {""count"": 250} | {""count"": 300} | {""count"": 78} | {""count"": 250} | {""count"": 100} | {""count"": 52}",16.58,0
img_0332,770,586,1,9,"{""count"": 100} | {""count"": 100} | {""count"": 24} | {""count"": 100} | {""count"": 50} | {""count"": 30} | {""count"": 100} | {""count"": 50} | {""count"": 32}",10.96,0
img_0329,962,739,1,9,"{""count"": 27} | {""count"": 100} | {""count"": 100} | {""count"": 50} | {""count"": 150} | {""count"": 150} | {""count"": 12} | {""count"": 50} | {""count"": 100}",11.70,0
img_0333,601,750,1,9,"{""count"": 100} | {""count"": 100} | {""count"": 50} | {""count"": 100} | {""count"": 100} | {""count"": 50} | {""count"": 100} | {""count"": 100} | {""count"": 50}",10.96,0
img_0327,1408,2700,1,9,"{""count"": 1000} | {""count"": 150} | {""count"": 100} | {""count"": 1000} | {""count"": 100} | {""count"": 50} | {""count"": 150} | {""count"": 100} | {""count"": 50}",13.30,0
img_0334,1508,900,1,9,"{""count"": 100} | {""count"": 100} | {""count"": 100} | {""count"": 100} | {""count"": 100} | {""count"": 100} | {""count"": 100} | {""count"": 100} | {""count"": 100}",10.63,0
img_0331,2607,2550,1,9,"{""count"": 500} | {""count"": 100} | {""count"": 72} | {""count"": 1000} | {""count"": 100} | {""count"": 100} | {""count"": 500} | {""count"": 100} | {""count"": 78}",11.72,0
img_0330,1668,3628,1,9,"{""count"": 1000} | {""count"": 100} | {""count"": 78} | {""count"": 1000} | {""count"": 150} | {""count"": 100} | {""count"": 1000} | {""count"": 100} | {""count"": 10",12.19,0
img_0026,113,97,1,9,"{""count"": 0} | {""count"": 20} | {""count"": 10} | {""count"": 0} | {""count"": 25} | {""count"": 9} | {""count"": 0} | {""count"": 25} | {""count"": 8}",56.58,0
img_0017,191,243,1,9,"{""count"": 25} | {""count"": 28} | {""count"": 25} | {""count"": 30} | {""count"": 30} | {""count"": 25} | {""count"": 30} | {""count"": 30} | {""count"": 20}",56.97,0
img_0010,566,763,1,9,"{""count"": 200} | {""count"": 50} | {""count"": 25} | {""count"": 200} | {""count"": 50} | {""count"": 25} | {""count"": 150} | {""count"": 45} | {""count"": 18}",56.99,0
img_0031,394,363,1,9,"{""count"": 0} | {""count"": 100} | {""count"": 18} | {""count"": 0} | {""count"": 100} | {""count"": 25} | {""count"": 0} | {""count"": 100} | {""count"": 20}",56.98,0
img_0012,434,745,1,9,"{""count"": 200} | {""count"": 100} | {""count"": 20} | {""count"": 100} | {""count"": 100} | {""count"": 45} | {""count"": 100} | {""count"": 50} | {""count"": 30}",57.80,0
img_0011,540,1590,1,9,"{""count"": 500} | {""count"": 100} | {""count"": 30} | {""count"": 500} | {""count"": 100} | {""count"": 35} | {""count"": 200} | {""count"": 100} | {""count"": 25}",57.80,0
img_0022,479,551,1,9,"{""count"": 0} | {""count"": 100} | {""count"": 50} | {""count"": 0} | {""count"": 100} | {""count"": 100} | {""count"": 1} | {""count"": 100} | {""count"": 100}",59.25,0
img_0007,77,106,1,9,"{""count"": 28} | {""count"": 10} | {""count"": 3} | {""count"": 35} | {""count"": 10} | {""count"": 2} | {""count"": 12} | {""count"": 4} | {""count"": 2}",64.64,0
img_0003,350,481,1,9,"{""count"": 100} | {""count"": 100} | {""count"": 8} | {""count"": 100} | {""count"": 100} | {""count"": 9} | {""count"": 25} | {""count"": 30} | {""count"": 9}",64.64,0
img_0030,367,356,1,9,"{""count"": 100} | {""count"": 13} | {""count"": 5} | {""count"": 100} | {""count"": 14} | {""count"": 4} | {""count"": 100} | {""count"": 15} | {""count"": 5}",64.99,0
img_0028,405,475,1,9,"{""count"": 0} | {""count"": 150} | {""count"": 25} | {""count"": 0} | {""count"": 150} | {""count"": 25} | {""count"": 0} | {""count"": 100} | {""count"": 25}",64.99,0
img_0006,436,638,1,9,"{""count"": 0} | {""count"": 150} | {""count"": 45} | {""count"": 0} | {""count"": 300} | {""count"": 58} | {""count"": 0} | {""count"": 50} | {""count"": 35}",65.00,0
img_0013,1528,4040,1,9,"{""count"": 1000} | {""count"": 200} | {""count"": 45} | {""count"": 1000} | {""count"": 500} | {""count"": 50} | {""count"": 1000} | {""count"": 200} | {""count"": 45}",65.32,0
img_0001,977,1542,1,9,"{""count"": 120} | {""count"": 250} | {""count"": 150} | {""count"": 150} | {""count"": 250} | {""count"": 100} | {""count"": 250} | {""count"": 200} | {""count"": 72}",68.89,0
img_0016,853,1389,1,9,"{""count"": 1} | {""count"": 300} | {""count"": 30} | {""count"": 0} | {""count"": 500} | {""count"": 30} | {""count"": 0} | {""count"": 500} | {""count"": 28}",73.28,0
img_0025,319,315,1,9,"{""count"": 0} | {""count"": 150} | {""count"": 10} | {""count"": 0} | {""count"": 100} | {""count"": 9} | {""count"": 0} | {""count"": 35} | {""count"": 11}",73.41,0
img_0019,137,181,1,9,"{""count"": 1} | {""count"": 25} | {""count"": 25} | {""count"": 0} | {""count"": 30} | {""count"": 25} | {""count"": 0} | {""count"": 50} | {""count"": 25}",74.18,0
img_0005,103,93,1,9,"{""count"": 0} | {""count"": 0} | {""count"": 35} | {""count"": 0} | {""count"": 0} | {""count"": 30} | {""count"": 0} | {""count"": 0} | {""count"": 28}",74.82,0
img_0032,674,848,1,9,"{""count"": 1} | {""count"": 500} | {""count"": 35} | {""count"": 0} | {""count"": 200} | {""count"": 58} | {""count"": 0} | {""count"": 12} | {""count"": 42}",74.94,0
img_0002,923,1340,1,9,"{""count"": 0} | {""count"": 200} | {""count"": 100} | {""count"": 0} | {""count"": 500} | {""count"": 25} | {""count"": 0} | {""count"": 500} | {""count"": 15}",78.64,0
img_0008,92,101,1,9,"{""count"": 0} | {""count"": 25} | {""count"": 9} | {""count"": 2} | {""count"": 28} | {""count"": 7} | {""count"": 0} | {""count"": 25} | {""count"": 5}",78.63,0
img_0018,141,222,1,9,"{""count"": 2} | {""count"": 9} | {""count"": 25} | {""count"": 1} | {""count"": 30} | {""count"": 45} | {""count"": 0} | {""count"": 75} | {""count"": 35}",79.39,0
img_0024,385,618,1,9,"{""count"": 30} | {""count"": 78} | {""count"": 17} | {""count"": 200} | {""count"": 200} | {""count"": 15} | {""count"": 20} | {""count"": 45} | {""count"": 13}",79.53,0
img_0009,237,296,1,9,"{""count"": 2} | {""count"": 30} | {""count"": 10} | {""count"": 2} | {""count"": 150} | {""count"": 15} | {""count"": 0} | {""count"": 75} | {""count"": 12}",80.29,0
img_0015,413,621,1,9,"{""count"": 100} | {""count"": 100} | {""count"": 9} | {""count"": 58} | {""count"": 150} | {""count"": 5} | {""count"": 78} | {""count"": 120} | {""count"": 1}",80.93,0
img_0027,181,228,1,9,"{""count"": 0} | {""count"": 25} | {""count"": 25} | {""count"": 1} | {""count"": 100} | {""count"": 25} | {""count"": 7} | {""count"": 35} | {""count"": 10}",80.93,0
img_0014,225,364,1,9,"{""count"": 100} | {""count"": 18} | {""count"": 6} | {""count"": 150} | {""count"": 20} | {""count"": 8} | {""count"": 35} | {""count"": 20} | {""count"": 7}",81.70,0
img_0004,183,201,1,9,"{""count"": 0} | {""count"": 50} | {""count"": 25} | {""count"": 0} | {""count"": 45} | {""count"": 25} | {""count"": 1} | {""count"": 30} | {""count"": 25}",82.48,0
img_0021,127,161,1,9,"{""count"": 18} | {""count"": 18} | {""count"": 7} | {""count"": 25} | {""count"": 25} | {""count"": 9} | {""count"": 25} | {""count"": 25} | {""count"": 9}",82.64,0
img_0020,133,174,1,9,"{""count"": 18} | {""count"": 30} | {""count"": 12} | {""count"": 15} | {""count"": 45} | {""count"": 15} | {""count"": 0} | {""count"": 25} | {""count"": 14}",82.64,0
img_0029,450,735,1,9,"{""count"": 15} | {""count"": 100} | {""count"": 20} | {""count"": 150} | {""count"": 250} | {""count"": 18} | {""count"": 100} | {""count"": 75} | {""count"": 7}",83.40,0
img_0023,274,306,1,9,"{""count"": 0} | {""count"": 0} | {""count"": 100} | {""count"": 0} | {""count"": 3} | {""count"": 100} | {""count"": 0} | {""count"": 3} | {""count"": 100}",84.04,0
img_0039,88,122,1,9,"{""count"": 24} | {""count"": 10} | {""count"": 3} | {""count"": 25} | {""count"": 13} | {""count"": 6} | {""count"": 25} | {""count"": 13} | {""count"": 3}",67.14,0
img_0040,201,247,1,9,"{""count"": 8} | {""count"": 45} | {""count"": 12} | {""count"": 30} | {""count"": 50} | {""count"": 12} | {""count"": 45} | {""count"": 35} | {""count"": 10}",62.20,0
img_0044,169,217,1,9,"{""count"": 20} | {""count"": 45} | {""count"": 9} | {""count"": 25} | {""count"": 40} | {""count"": 10} | {""count"": 20} | {""count"": 40} | {""count"": 8}",63.75,0
img_0038,297,491,1,9,"{""count"": 85} | {""count"": 58} | {""count"": 1} | {""count"": 150} | {""count"": 100} | {""count"": 10} | {""count"": 30} | {""count"": 45} | {""count"": 12}",79.13,0
img_0041,960,1564,1,9,"{""count"": 100} | {""count"": 75} | {""count"": 15} | {""count"": 1000} | {""count"": 100} | {""count"": 12} | {""count"": 200} | {""count"": 50} | {""count"": 12}",72.52,0
img_0037,2530,4275,1,9,"{""count"": 1000} | {""count"": 200} | {""count"": 50} | {""count"": 2000} | {""count"": 200} | {""count"": 50} | {""count"": 500} | {""count"": 200} | {""count"": 75}",79.36,0
img_0054,597,450,1,9,"{""count"": 100} | {""count"": 50} | {""count"": 15} | {""count"": 100} | {""count"": 25} | {""count"": 15} | {""count"": 100} | {""count"": 30} | {""count"": 15}",59.85,0
img_0047,100,107,1,9,"{""count"": 0} | {""count"": 30} | {""count"": 12} | {""count"": 0} | {""count"": 35} | {""count"": 11} | {""count"": 0} | {""count"": 15} | {""count"": 4}",67.52,0
img_0033,129,127,1,9,"{""count"": 1} | {""count"": 9} | {""count"": 6} | {""count"": 15} | {""count"": 28} | {""count"": 7} | {""count"": 30} | {""count"": 25} | {""count"": 6}",85.82,0
img_0046,177,253,1,9,"{""count"": 75} | {""count"": 45} | {""count"": 13} | {""count"": 30} | {""count"": 28} | {""count"": 15} | {""count"": 7} | {""count"": 25} | {""count"": 15}",73.90,0
img_0036,302,463,1,9,"{""count"": 15} | {""count"": 30} | {""count"": 6} | {""count"": 100} | {""count"": 50} | {""count"": 6} | {""count"": 150} | {""count"": 100} | {""count"": 6}",87.65,0
img_0034,221,249,1,9,"{""count"": 25} | {""count"": 15} | {""count"": 2} | {""count"": 100} | {""count"": 25} | {""count"": 4} | {""count"": 45} | {""count"": 30} | {""count"": 3}",88.02,0
img_0035,1018,2090,1,9,"{""count"": 0} | {""count"": 1000} | {""count"": 25} | {""count"": 0} | {""count"": 500} | {""count"": 35} | {""count"": 0} | {""count"": 500} | {""count"": 30}",88.78,0
img_0051,187,273,1,9,"{""count"": 60} | {""count"": 30} | {""count"": 7} | {""count"": 45} | {""count"": 45} | {""count"": 13} | {""count"": 30} | {""count"": 28} | {""count"": 15}",73.84,0
img_0060,227,179,1,9,"{""count"": 0} | {""count"": 28} | {""count"": 7} | {""count"": 0} | {""count"": 100} | {""count"": 8} | {""count"": 0} | {""count"": 30} | {""count"": 6}",68.14,0
img_0045,153,190,1,9,"{""count"": 30} | {""count"": 50} | {""count"": 1} | {""count"": 25} | {""count"": 30} | {""count"": 2} | {""count"": 20} | {""count"": 30} | {""count"": 2}",85.63,0
img_0042,130,180,1,9,"{""count"": 50} | {""count"": 25} | {""count"": 5} | {""count"": 25} | {""count"": 25} | {""count"": 5} | {""count"": 20} | {""count"": 20} | {""count"": 5}",87.47,0
img_0049,2494,3400,1,9,"{""count"": 0} | {""count"": 1000} | {""count"": 250} | {""count"": 0} | {""count"": 500} | {""count"": 300} | {""count"": 100} | {""count"": 1000} | {""count"": 250}",79.38,0
img_0043,155,224,1,9,"{""count"": 25} | {""count"": 25} | {""count"": 16} | {""count"": 35} | {""count"": 25} | {""count"": 15} | {""count"": 35} | {""count"": 28} | {""count"": 20}",90.09,0
img_0053,954,1579,1,9,"{""count"": 500} | {""count"": 500} | {""count"": 45} | {""count"": 100} | {""count"": 300} | {""count"": 50} | {""count"": 6} | {""count"": 28} | {""count"": 50}",80.67,0
img_0048,1211,1754,1,9,"{""count"": 2} | {""count"": 250} | {""count"": 250} | {""count"": 0} | {""count"": 300} | {""count"": 500} | {""count"": 2} | {""count"": 150} | {""count"": 300}",90.42,0
img_0050,425,525,1,9,"{""count"": 45} | {""count"": 100} | {""count"": 30} | {""count"": 22} | {""count"": 100} | {""count"": 45} | {""count"": 5} | {""count"": 100} | {""count"": 78}",89.74,0
img_0052,139,292,1,9,"{""count"": 50} | {""count"": 25} | {""count"": 3} | {""count"": 50} | {""count"": 30} | {""count"": 1} | {""count"": 100} | {""count"": 30} | {""count"": 3}",85.93,0
img_0055,361,381,1,9,"{""count"": 0} | {""count"": 150} | {""count"": 12} | {""count"": 0} | {""count"": 100} | {""count"": 10} | {""count"": 0} | {""count"": 100} | {""count"": 9}",86.98,0
img_0056,194,205,1,9,"{""count"": 0} | {""count"": 50} | {""count"": 15} | {""count"": 0} | {""count"": 50} | {""count"": 25} | {""count"": 0} | {""count"": 45} | {""count"": 20}",87.01,0
img_0059,452,563,1,9,"{""count"": 78} | {""count"": 78} | {""count"": 78} | {""count"": 78} | {""count"": 58} | {""count"": 50} | {""count"": 35} | {""count"": 58} | {""count"": 50}",86.71,0
img_0057,687,1142,1,9,"{""count"": 100} | {""count"": 50} | {""count"": 12} | {""count"": 100} | {""count"": 100} | {""count"": 30} | {""count"": 150} | {""count"": 500} | {""count"": 100}",87.48,0
img_0061,236,240,1,9,"{""count"": 25} | {""count"": 25} | {""count"": 25} | {""count"": 25} | {""count"": 25} | {""count"": 30} | {""count"": 30} | {""count"": 30} | {""count"": 25}",87.55,0
img_0063,1149,1331,1,9,"{""count"": 100} | {""count"": 50} | {""count"": 2} | {""count"": 1000} | {""count"": 40} | {""count"": 4} | {""count"": 100} | {""count"": 30} | {""count"": 5}",87.15,0
img_0064,1357,1672,1,9,"{""count"": 300} | {""count"": 300} | {""count"": 2} | {""count"": 300} | {""count"": 250} | {""count"": 10} | {""count"": 300} | {""count"": 200} | {""count"": 10}",86.50,0
img_0058,4535,13936,1,9,"{""count"": 1000} | {""count"": 150} | {""count"": 78} | {""count"": 10000} | {""count"": 1000} | {""count"": 150} | {""count"": 1000} | {""count"": 500} | {""count"": ",92.41,0
img_0062,2638,4500,1,9,"{""count"": 1000} | {""count"": 300} | {""count"": 150} | {""count"": 1000} | {""count"": 300} | {""count"": 150} | {""count"": 1000} | {""count"": 500} | {""count"": 1",94.17,0
img_0068,363,351,1,9,"{""count"": 0} | {""count"": 200} | {""count"": 8} | {""count"": 0} | {""count"": 100} | {""count"": 9} | {""count"": 0} | {""count"": 25} | {""count"": 9}",53.46,0
img_0070,233,303,1,9,"{""count"": 45} | {""count"": 35} | {""count"": 25} | {""count"": 50} | {""count"": 35} | {""count"": 19} | {""count"": 45} | {""count"": 30} | {""count"": 19}",66.83,0
img_0080,347,370,1,9,"{""count"": 0} | {""count"": 100} | {""count"": 25} | {""count"": 0} | {""count"": 150} | {""count"": 25} | {""count"": 0} | {""count"": 45} | {""count"": 25}",54.26,0
img_0081,121,155,1,9,"{""count"": 20} | {""count"": 15} | {""count"": 4} | {""count"": 30} | {""count"": 30} | {""count"": 6} | {""count"": 15} | {""count"": 30} | {""count"": 5}",56.12,0
img_0066,2980,5552,1,9,"{""count"": 1000} | {""count"": 1000} | {""count"": 10} | {""count"": 1000} | {""count"": 1000} | {""count"": 15} | {""count"": 1000} | {""count"": 500} | {""count"": 2",84.50,0
img_0084,322,285,1,9,"{""count"": 30} | {""count"": 30} | {""count"": 25} | {""count"": 50} | {""count"": 20} | {""count"": 30} | {""count"": 45} | {""count"": 35} | {""count"": 20}",55.20,0
img_0065,490,1802,1,9,"{""count"": 0} | {""count"": 1000} | {""count"": 100} | {""count"": 0} | {""count"": 500} | {""count"": 150} | {""count"": 0} | {""count"": 20} | {""count"": 32}",90.59,0
img_0067,255,345,1,9,"{""count"": 78} | {""count"": 35} | {""count"": 9} | {""count"": 87} | {""count"": 45} | {""count"": 10} | {""count"": 45} | {""count"": 30} | {""count"": 6}",88.25,0
img_0072,241,748,1,9,"{""count"": 25} | {""count"": 35} | {""count"": 8} | {""count"": 500} | {""count"": 100} | {""count"": 10} | {""count"": 15} | {""count"": 50} | {""count"": 5}",79.05,0
img_0082,337,347,1,9,"{""count"": 0} | {""count"": 100} | {""count"": 100} | {""count"": 1} | {""count"": 100} | {""count"": 25} | {""count"": 0} | {""count"": 6} | {""count"": 15}",67.82,0
img_0069,547,783,1,9,"{""count"": 8} | {""count"": 20} | {""count"": 17} | {""count"": 500} | {""count"": 100} | {""count"": 17} | {""count"": 30} | {""count"": 78} | {""count"": 13}",88.80,0
img_0077,203,256,1,9,"{""count"": 28} | {""count"": 30} | {""count"": 25} | {""count"": 28} | {""count"": 25} | {""count"": 30} | {""count"": 30} | {""count"": 30} | {""count"": 30}",81.13,0
img_0071,1236,2420,1,9,"{""count"": 120} | {""count"": 500} | {""count"": 200} | {""count"": 150} | {""count"": 500} | {""count"": 200} | {""count"": 150} | {""count"": 500} | {""count"": 100}",90.46,0
img_0076,489,510,1,9,"{""count"": 0} | {""count"": 150} | {""count"": 50} | {""count"": 10} | {""count"": 100} | {""count"": 50} | {""count"": 0} | {""count"": 100} | {""count"": 50}",84.84,0
img_0078,1116,1778,1,9,"{""count"": 8} | {""count"": 500} | {""count"": 13} | {""count"": 25} | {""count"": 1000} | {""count"": 15} | {""count"": 3} | {""count"": 200} | {""count"": 14}",81.84,0
img_0073,481,925,1,9,"{""count"": 50} | {""count"": 150} | {""count"": 10} | {""count"": 200} | {""count"": 200} | {""count"": 10} | {""count"": 200} | {""count"": 100} | {""count"": 5}",89.60,0
img_0075,253,263,1,9,"{""count"": 100} | {""count"": 25} | {""count"": 3} | {""count"": 45} | {""count"": 45} | {""count"": 4} | {""count"": 20} | {""count"": 17} | {""count"": 4}",88.13,0
img_0074,704,1010,1,9,"{""count"": 150} | {""count"": 100} | {""count"": 30} | {""count"": 250} | {""count"": 100} | {""count"": 35} | {""count"": 200} | {""count"": 100} | {""count"": 45}",90.87,0
img_0079,1974,2821,1,9,"{""count"": 1000} | {""count"": 100} | {""count"": 7} | {""count"": 1000} | {""count"": 100} | {""count"": 7} | {""count"": 500} | {""count"": 100} | {""count"": 7}",86.25,0
img_0092,645,604,1,9,"{""count"": 108} | {""count"": 150} | {""count"": 100} | {""count"": 58} | {""count"": 100} | {""count"": 75} | {""count"": 3} | {""count"": 0} | {""count"": 10}",66.69,0
img_0091,636,614,1,9,"{""count"": 100} | {""count"": 50} | {""count"": 25} | {""count"": 150} | {""count"": 75} | {""count"": 20} | {""count"": 100} | {""count"": 75} | {""count"": 19}",69.28,0
img_0093,1929,3170,1,9,"{""count"": 1000} | {""count"": 0} | {""count"": 0} | {""count"": 1000} | {""count"": 50} | {""count"": 1} | {""count"": 999} | {""count"": 100} | {""count"": 20}",67.48,0
img_0083,693,620,1,9,"{""count"": 0} | {""count"": 200} | {""count"": 25} | {""count"": 0} | {""count"": 200} | {""count"": 25} | {""count"": 0} | {""count"": 150} | {""count"": 20}",86.48,0
img_0096,107,125,1,9,"{""count"": 30} | {""count"": 6} | {""count"": 3} | {""count"": 35} | {""count"": 10} | {""count"": 2} | {""count"": 28} | {""count"": 9} | {""count"": 2}",68.62,0
img_0099,304,206,1,9,"{""count"": 8} | {""count"": 25} | {""count"": 20} | {""count"": 10} | {""count"": 50} | {""count"": 25} | {""count"": 0} | {""count"": 50} | {""count"": 18}",40.62,0
img_0085,283,363,1,9,"{""count"": 58} | {""count"": 50} | {""count"": 25} | {""count"": 58} | {""count"": 45} | {""count"": 25} | {""count"": 42} | {""count"": 35} | {""count"": 25}",83.53,0
img_0086,176,246,1,9,"{""count"": 35} | {""count"": 25} | {""count"": 7} | {""count"": 35} | {""count"": 25} | {""count"": 8} | {""count"": 75} | {""count"": 28} | {""count"": 8}",84.00,0
img_0100,232,311,1,9,"{""count"": 100} | {""count"": 25} | {""count"": 5} | {""count"": 100} | {""count"": 30} | {""count"": 6} | {""count"": 25} | {""count"": 15} | {""count"": 5}",41.55,0
img_0088,197,296,1,9,"{""count"": 4} | {""count"": 30} | {""count"": 18} | {""count"": 14} | {""count"": 50} | {""count"": 25} | {""count"": 30} | {""count"": 100} | {""count"": 25}",84.87,0
img_0094,146,231,1,9,"{""count"": 28} | {""count"": 25} | {""count"": 15} | {""count"": 35} | {""count"": 25} | {""count"": 20} | {""count"": 30} | {""count"": 28} | {""count"": 25}",81.20,0
img_0087,626,740,1,9,"{""count"": 100} | {""count"": 150} | {""count"": 15} | {""count"": 75} | {""count"": 150} | {""count"": 25} | {""count"": 100} | {""count"": 100} | {""count"": 25}",87.59,0
img_0089,1557,3375,1,9,"{""count"": 100} | {""count"": 100} | {""count"": 150} | {""count"": 1000} | {""count"": 1000} | {""count"": 200} | {""count"": 500} | {""count"": 300} | {""count"": 25",85.92,0
img_0090,792,1673,1,9,"{""count"": 10} | {""count"": 150} | {""count"": 45} | {""count"": 200} | {""count"": 1000} | {""count"": 45} | {""count"": 15} | {""count"": 150} | {""count"": 58}",85.67,0
img_0095,370,376,1,9,"{""count"": 2} | {""count"": 100} | {""count"": 13} | {""count"": 20} | {""count"": 100} | {""count"": 14} | {""count"": 30} | {""count"": 87} | {""count"": 10}",83.15,0
img_0102,264,398,1,9,"{""count"": 100} | {""count"": 30} | {""count"": 5} | {""count"": 100} | {""count"": 25} | {""count"": 5} | {""count"": 100} | {""count"": 30} | {""count"": 3}",48.60,0
img_0097,431,2125,1,9,"{""count"": 1000} | {""count"": 1000} | {""count"": 10} | {""count"": 30} | {""count"": 50} | {""count"": 30} | {""count"": 1} | {""count"": 2} | {""count"": 2}",77.80,0
img_0101,175,190,1,9,"{""count"": 0} | {""count"": 50} | {""count"": 13} | {""count"": 3} | {""count"": 45} | {""count"": 12} | {""count"": 2} | {""count"": 50} | {""count"": 15}",58.62,0
img_0106,1443,4494,1,9,"{""count"": 1000} | {""count"": 500} | {""count"": 100} | {""count"": 1000} | {""count"": 500} | {""count"": 72} | {""count"": 1000} | {""count"": 250} | {""count"": 72",50.18,0
img_0103,505,765,1,9,"{""count"": 150} | {""count"": 100} | {""count"": 25} | {""count"": 150} | {""count"": 100} | {""count"": 20} | {""count"": 100} | {""count"": 100} | {""count"": 20}",57.68,0
img_0110,460,494,1,9,"{""count"": 78} | {""count"": 48} | {""count"": 42} | {""count"": 72} | {""count"": 48} | {""count"": 45} | {""count"": 58} | {""count"": 58} | {""count"": 45}",52.49,0
img_0121,150,242,1,9,"{""count"": 10} | {""count"": 35} | {""count"": 8} | {""count"": 50} | {""count"": 100} | {""count"": 8} | {""count"": 10} | {""count"": 15} | {""count"": 6}",38.01,0
img_0098,249,255,1,9,"{""count"": 20} | {""count"": 30} | {""count"": 25} | {""count"": 30} | {""count"": 45} | {""count"": 25} | {""count"": 25} | {""count"": 30} | {""count"": 25}",79.86,0
img_0115,291,356,1,9,"{""count"": 78} | {""count"": 45} | {""count"": 6} | {""count"": 87} | {""count"": 45} | {""count"": 15} | {""count"": 50} | {""count"": 25} | {""count"": 5}",52.25,0
img_0111,157,140,1,9,"{""count"": 0} | {""count"": 15} | {""count"": 12} | {""count"": 0} | {""count"": 30} | {""count"": 18} | {""count"": 0} | {""count"": 50} | {""count"": 15}",59.30,0
img_0104,1387,4665,1,9,"{""count"": 100} | {""count"": 500} | {""count"": 20} | {""count"": 1000} | {""count"": 1000} | {""count"": 25} | {""count"": 1000} | {""count"": 1000} | {""count"": 20",73.88,0
img_0128,811,1800,1,9,"{""count"": 0} | {""count"": 500} | {""count"": 100} | {""count"": 0} | {""count"": 1000} | {""count"": 0} | {""count"": 0} | {""count"": 100} | {""count"": 100}",40.39,0
img_0119,723,1368,1,9,"{""count"": 0} | {""count"": 200} | {""count"": 45} | {""count"": 0} | {""count"": 500} | {""count"": 78} | {""count"": 0} | {""count"": 500} | {""count"": 45}",54.92,0
img_0120,763,1380,1,9,"{""count"": 50} | {""count"": 150} | {""count"": 35} | {""count"": 300} | {""count"": 500} | {""count"": 45} | {""count"": 120} | {""count"": 150} | {""count"": 30}",51.94,0
img_0105,166,243,1,9,"{""count"": 15} | {""count"": 25} | {""count"": 8} | {""count"": 50} | {""count"": 50} | {""count"": 10} | {""count"": 50} | {""count"": 25} | {""count"": 10}",78.10,0
img_0108,188,180,1,9,"{""count"": 0} | {""count"": 35} | {""count"": 30} | {""count"": 0} | {""count"": 35} | {""count"": 30} | {""count"": 0} | {""count"": 25} | {""count"": 25}",76.93,0
img_0107,335,412,1,9,"{""count"": 58} | {""count"": 35} | {""count"": 12} | {""count"": 87} | {""count"": 38} | {""count"": 20} | {""count"": 100} | {""count"": 45} | {""count"": 17}",80.73,0
img_0109,441,246,1,9,"{""count"": 0} | {""count"": 100} | {""count"": 6} | {""count"": 0} | {""count"": 100} | {""count"": 7} | {""count"": 0} | {""count"": 25} | {""count"": 8}",77.68,0
img_0122,499,555,1,9,"{""count"": 25} | {""count"": 50} | {""count"": 50} | {""count"": 50} | {""count"": 100} | {""count"": 50} | {""count"": 100} | {""count"": 100} | {""count"": 30}",60.71,0
img_0116,760,1190,1,9,"{""count"": 100} | {""count"": 500} | {""count"": 50} | {""count"": 100} | {""count"": 200} | {""count"": 75} | {""count"": 15} | {""count"": 100} | {""count"": 50}",75.84,0
img_0112,1166,2300,1,9,"{""count"": 0} | {""count"": 500} | {""count"": 100} | {""count"": 0} | {""count"": 1000} | {""count"": 100} | {""count"": 0} | {""count"": 500} | {""count"": 100}",83.39,0
img_0114,800,1212,1,9,"{""count"": 300} | {""count"": 100} | {""count"": 35} | {""count"": 250} | {""count"": 100} | {""count"": 30} | {""count"": 300} | {""count"": 75} | {""count"": 22}",81.91,0
img_0134,152,202,1,9,"{""count"": 20} | {""count"": 20} | {""count"": 12} | {""count"": 28} | {""count"": 30} | {""count"": 16} | {""count"": 30} | {""count"": 30} | {""count"": 16}",44.49,0
img_0113,1278,1752,1,9,"{""count"": 2} | {""count"": 500} | {""count"": 50} | {""count"": 0} | {""count"": 500} | {""count"": 100} | {""count"": 0} | {""count"": 500} | {""count"": 100}",83.28,0
img_0117,737,956,1,9,"{""count"": 150} | {""count"": 100} | {""count"": 78} | {""count"": 150} | {""count"": 100} | {""count"": 78} | {""count"": 150} | {""count"": 100} | {""count"": 50}",82.20,0
img_0118,964,1328,1,9,"{""count"": 100} | {""count"": 200} | {""count"": 150} | {""count"": 150} | {""count"": 300} | {""count"": 150} | {""count"": 78} | {""count"": 100} | {""count"": 100}",83.76,0
img_0124,757,820,1,9,"{""count"": 0} | {""count"": 200} | {""count"": 8} | {""count"": 0} | {""count"": 500} | {""count"": 6} | {""count"": 0} | {""count"": 100} | {""count"": 6}",79.01,0
img_0125,1256,1976,1,9,"{""count"": 1000} | {""count"": 100} | {""count"": 50} | {""count"": 500} | {""count"": 100} | {""count"": 35} | {""count"": 100} | {""count"": 75} | {""count"": 16}",79.54,0
img_0123,485,493,1,9,"{""count"": 58} | {""count"": 35} | {""count"": 30} | {""count"": 100} | {""count"": 87} | {""count"": 30} | {""count"": 25} | {""count"": 50} | {""count"": 78}",83.74,0
img_0126,305,285,1,9,"{""count"": 0} | {""count"": 100} | {""count"": 13} | {""count"": 0} | {""count"": 100} | {""count"": 13} | {""count"": 0} | {""count"": 50} | {""count"": 9}",83.40,0
img_0127,408,591,1,9,"{""count"": 78} | {""count"": 78} | {""count"": 30} | {""count"": 150} | {""count"": 100} | {""count"": 35} | {""count"": 50} | {""count"": 45} | {""count"": 25}",83.81,0
img_0129,311,393,1,9,"{""count"": 50} | {""count"": 87} | {""count"": 7} | {""count"": 58} | {""count"": 75} | {""count"": 9} | {""count"": 45} | {""count"": 50} | {""count"": 12}",84.14,0
img_0130,456,2250,1,9,"{""count"": 1000} | {""count"": 100} | {""count"": 9} | {""count"": 1000} | {""count"": 100} | {""count"": 15} | {""count"": 8} | {""count"": 10} | {""count"": 8}",87.46,0
img_0131,475,328,1,9,"{""count"": 0} | {""count"": 100} | {""count"": 9} | {""count"": 0} | {""count"": 100} | {""count"": 9} | {""count"": 0} | {""count"": 100} | {""count"": 10}",84.62,0
img_0143,810,950,1,9,"{""count"": 100} | {""count"": 100} | {""count"": 50} | {""count"": 200} | {""count"": 100} | {""count"": 50} | {""count"": 150} | {""count"": 100} | {""count"": 100}",52.73,0
img_0133,944,1927,1,9,"{""count"": 500} | {""count"": 200} | {""count"": 8} | {""count"": 500} | {""count"": 200} | {""count"": 8} | {""count"": 200} | {""count"": 300} | {""count"": 11}",82.88,0
img_0132,294,361,1,9,"{""count"": 100} | {""count"": 45} | {""count"": 17} | {""count"": 78} | {""count"": 35} | {""count"": 16} | {""count"": 30} | {""count"": 25} | {""count"": 15}",86.89,0
img_0135,314,270,1,9,"{""count"": 2} | {""count"": 100} | {""count"": 14} | {""count"": 0} | {""count"": 100} | {""count"": 14} | {""count"": 0} | {""count"": 25} | {""count"": 15}",86.86,0
img_0155,845,855,1,9,"{""count"": 200} | {""count"": 100} | {""count"": 72} | {""count"": 150} | {""count"": 100} | {""count"": 45} | {""count"": 100} | {""count"": 50} | {""count"": 38}",56.53,0
img_0137,751,1580,1,9,"{""count"": 0} | {""count"": 500} | {""count"": 30} | {""count"": 0} | {""count"": 500} | {""count"": 30} | {""count"": 0} | {""count"": 500} | {""count"": 20}",93.23,0
img_0136,652,978,1,9,"{""count"": 150} | {""count"": 78} | {""count"": 100} | {""count"": 150} | {""count"": 100} | {""count"": 100} | {""count"": 100} | {""count"": 100} | {""count"": 100}",96.31,0
img_0138,632,993,1,9,"{""count"": 78} | {""count"": 150} | {""count"": 150} | {""count"": 87} | {""count"": 150} | {""count"": 100} | {""count"": 78} | {""count"": 150} | {""count"": 50}",95.55,0
img_0139,428,462,1,9,"{""count"": 100} | {""count"": 58} | {""count"": 8} | {""count"": 10} | {""count"": 150} | {""count"": 9} | {""count"": 20} | {""count"": 100} | {""count"": 7}",96.14,0
img_0140,398,488,1,9,"{""count"": 20} | {""count"": 150} | {""count"": 8} | {""count"": 25} | {""count"": 150} | {""count"": 13} | {""count"": 12} | {""count"": 100} | {""count"": 10}",96.10,0
img_0141,171,251,1,9,"{""count"": 50} | {""count"": 60} | {""count"": 13} | {""count"": 30} | {""count"": 45} | {""count"": 15} | {""count"": 8} | {""count"": 16} | {""count"": 14}",95.15,0
img_0142,353,484,1,9,"{""count"": 50} | {""count"": 45} | {""count"": 30} | {""count"": 78} | {""count"": 50} | {""count"": 30} | {""count"": 78} | {""count"": 78} | {""count"": 45}",96.96,0
img_0144,446,300,1,9,"{""count"": 0} | {""count"": 100} | {""count"": 15} | {""count"": 0} | {""count"": 50} | {""count"": 18} | {""count"": 0} | {""count"": 100} | {""count"": 17}",95.45,0
img_0145,161,228,1,9,"{""count"": 45} | {""count"": 25} | {""count"": 6} | {""count"": 45} | {""count"": 25} | {""count"": 7} | {""count"": 45} | {""count"": 25} | {""count"": 5}",98.54,0
img_0146,387,570,1,9,"{""count"": 75} | {""count"": 75} | {""count"": 8} | {""count"": 100} | {""count"": 100} | {""count"": 7} | {""count"": 100} | {""count"": 100} | {""count"": 5}",97.19,0
img_0147,135,190,1,9,"{""count"": 35} | {""count"": 25} | {""count"": 6} | {""count"": 38} | {""count"": 20} | {""count"": 5} | {""count"": 45} | {""count"": 12} | {""count"": 4}",97.26,0
img_0150,396,466,1,9,"{""count"": 10} | {""count"": 150} | {""count"": 17} | {""count"": 38} | {""count"": 150} | {""count"": 18} | {""count"": 10} | {""count"": 58} | {""count"": 15}",91.94,0
img_0148,819,1526,1,9,"{""count"": 0} | {""count"": 500} | {""count"": 10} | {""count"": 0} | {""count"": 500} | {""count"": 8} | {""count"": 0} | {""count"": 500} | {""count"": 8}",98.01,0
img_0149,390,343,1,9,"{""count"": 5} | {""count"": 45} | {""count"": 13} | {""count"": 0} | {""count"": 120} | {""count"": 30} | {""count"": 0} | {""count"": 100} | {""count"": 30}",97.64,0
img_0151,648,795,1,9,"{""count"": 0} | {""count"": 500} | {""count"": 50} | {""count"": 0} | {""count"": 100} | {""count"": 28} | {""count"": 0} | {""count"": 100} | {""count"": 17}",97.69,0
img_0153,641,940,1,9,"{""count"": 0} | {""count"": 200} | {""count"": 15} | {""count"": 0} | {""count"": 200} | {""count"": 15} | {""count"": 0} | {""count"": 500} | {""count"": 10}",98.14,0
img_0154,354,459,1,9,"{""count"": 2} | {""count"": 150} | {""count"": 30} | {""count"": 0} | {""count"": 200} | {""count"": 15} | {""count"": 0} | {""count"": 50} | {""count"": 12}",99.31,0
img_0152,901,1147,1,9,"{""count"": 200} | {""count"": 200} | {""count"": 25} | {""count"": 300} | {""count"": 150} | {""count"": 12} | {""count"": 150} | {""count"": 100} | {""count"": 10}",100.50,0
img_0156,2075,3812,1,9,"{""count"": 300} | {""count"": 999} | {""count"": 78} | {""count"": 150} | {""count"": 1000} | {""count"": 100} | {""count"": 35} | {""count"": 1000} | {""count"": 150}",100.63,0
img_0175,117,113,1,9,"{""count"": 0} | {""count"": 18} | {""count"": 20} | {""count"": 0} | {""count"": 27} | {""count"": 14} | {""count"": 2} | {""count"": 14} | {""count"": 18}",39.44,0
img_0157,471,512,1,9,"{""count"": 100} | {""count"": 45} | {""count"": 30} | {""count"": 100} | {""count"": 50} | {""count"": 30} | {""count"": 87} | {""count"": 45} | {""count"": 25}",101.36,0
img_0158,247,427,1,9,"{""count"": 25} | {""count"": 35} | {""count"": 7} | {""count"": 100} | {""count"": 150} | {""count"": 8} | {""count"": 45} | {""count"": 50} | {""count"": 7}",99.59,0
img_0159,469,772,1,9,"{""count"": 100} | {""count"": 50} | {""count"": 10} | {""count"": 500} | {""count"": 50} | {""count"": 12} | {""count"": 10} | {""count"": 25} | {""count"": 15}",99.65,0
img_0161,313,349,1,9,"{""count"": 30} | {""count"": 100} | {""count"": 16} | {""count"": 25} | {""count"": 50} | {""count"": 10} | {""count"": 15} | {""count"": 100} | {""count"": 3}",99.09,0
img_0162,279,333,1,9,"{""count"": 0} | {""count"": 75} | {""count"": 30} | {""count"": 0} | {""count"": 100} | {""count"": 28} | {""count"": 0} | {""count"": 85} | {""count"": 15}",98.36,0
img_0160,1063,1224,1,9,"{""count"": 100} | {""count"": 500} | {""count"": 25} | {""count"": 50} | {""count"": 300} | {""count"": 28} | {""count"": 1} | {""count"": 200} | {""count"": 20}",101.78,0
img_0163,372,435,1,9,"{""count"": 0} | {""count"": 100} | {""count"": 25} | {""count"": 0} | {""count"": 150} | {""count"": 25} | {""count"": 0} | {""count"": 100} | {""count"": 35}",98.94,0
img_0165,198,286,1,9,"{""count"": 27} | {""count"": 45} | {""count"": 35} | {""count"": 22} | {""count"": 35} | {""count"": 35} | {""count"": 27} | {""count"": 35} | {""count"": 25}",99.55,0
img_0177,272,404,1,9,"{""count"": 100} | {""count"": 45} | {""count"": 6} | {""count"": 15} | {""count"": 25} | {""count"": 5} | {""count"": 100} | {""count"": 100} | {""count"": 8}",57.93,0
img_0164,1586,3828,1,9,"{""count"": 1000} | {""count"": 200} | {""count"": 100} | {""count"": 1000} | {""count"": 200} | {""count"": 100} | {""count"": 1000} | {""count"": 150} | {""count"": 7",103.78,0
img_0166,2315,3930,1,9,"{""count"": 500} | {""count"": 1000} | {""count"": 100} | {""count"": 1000} | {""count"": 500} | {""count"": 58} | {""count"": 500} | {""count"": 200} | {""count"": 72}",102.11,0
img_0174,259,197,1,9,"{""count"": 3} | {""count"": 25} | {""count"": 18} | {""count"": 1} | {""count"": 20} | {""count"": 15} | {""count"": 0} | {""count"": 100} | {""count"": 15}",70.15,0
img_0167,4195,4778,1,9,"{""count"": 150} | {""count"": 1000} | {""count"": 150} | {""count"": 1000} | {""count"": 1000} | {""count"": 100} | {""count"": 1000} | {""count"": 300} | {""count"": ",101.41,0
img_0168,138,219,1,9,"{""count"": 45} | {""count"": 25} | {""count"": 13} | {""count"": 45} | {""count"": 18} | {""count"": 10} | {""count"": 35} | {""count"": 15} | {""count"": 13}",98.15,0
img_0170,148,211,1,9,"{""count"": 25} | {""count"": 25} | {""count"": 15} | {""count"": 30} | {""count"": 25} | {""count"": 15} | {""count"": 28} | {""count"": 30} | {""count"": 18}",82.94,0
img_0191,532,1372,1,9,"{""count"": 1000} | {""count"": 20} | {""count"": 7} | {""count"": 200} | {""count"": 15} | {""count"": 8} | {""count"": 100} | {""count"": 15} | {""count"": 7}",37.51,0
img_0169,174,150,1,9,"{""count"": 0} | {""count"": 30} | {""count"": 7} | {""count"": 0} | {""count"": 50} | {""count"": 9} | {""count"": 0} | {""count"": 45} | {""count"": 9}",92.00,0
img_0171,608,1503,1,9,"{""count"": 20} | {""count"": 200} | {""count"": 25} | {""count"": 100} | {""count"": 500} | {""count"": 28} | {""count"": 100} | {""count"": 500} | {""count"": 30}",95.06,0
img_0195,211,310,1,9,"{""count"": 25} | {""count"": 50} | {""count"": 10} | {""count"": 20} | {""count"": 50} | {""count"": 13} | {""count"": 30} | {""count"": 100} | {""count"": 12}",36.78,0
img_0172,110,140,1,9,"{""count"": 0} | {""count"": 25} | {""count"": 25} | {""count"": 0} | {""count"": 25} | {""count"": 30} | {""count"": 0} | {""count"": 10} | {""count"": 25}",94.69,0
img_0194,159,183,1,9,"{""count"": 25} | {""count"": 30} | {""count"": 10} | {""count"": 20} | {""count"": 35} | {""count"": 8} | {""count"": 15} | {""count"": 30} | {""count"": 10}",37.90,0
img_0180,1315,1760,1,9,"{""count"": 500} | {""count"": 500} | {""count"": 30} | {""count"": 150} | {""count"": 300} | {""count"": 45} | {""count"": 25} | {""count"": 150} | {""count"": 60}",73.90,0
img_0173,883,878,1,9,"{""count"": 1} | {""count"": 100} | {""count"": 100} | {""count"": 7} | {""count"": 250} | {""count"": 100} | {""count"": 20} | {""count"": 250} | {""count"": 50}",97.20,0
img_0176,326,334,1,9,"{""count"": 0} | {""count"": 100} | {""count"": 10} | {""count"": 0} | {""count"": 100} | {""count"": 12} | {""count"": 0} | {""count"": 100} | {""count"": 12}",92.26,0
img_0178,400,1385,1,9,"{""count"": 0} | {""count"": 100} | {""count"": 35} | {""count"": 0} | {""count"": 1000} | {""count"": 100} | {""count"": 0} | {""count"": 100} | {""count"": 50}",94.22,0
img_0181,466,1575,1,9,"{""count"": 4} | {""count"": 2} | {""count"": 2} | {""count"": 2} | {""count"": 1000} | {""count"": 20} | {""count"": 0} | {""count"": 500} | {""count"": 45}",91.92,0
img_0179,2021,5200,1,9,"{""count"": 0} | {""count"": 1000} | {""count"": 200} | {""count"": 0} | {""count"": 1000} | {""count"": 1000} | {""count"": 0} | {""count"": 1000} | {""count"": 1000}",95.70,0
img_0182,269,293,1,9,"{""count"": 100} | {""count"": 30} | {""count"": 5} | {""count"": 100} | {""count"": 13} | {""count"": 4} | {""count"": 30} | {""count"": 7} | {""count"": 4}",92.72,0
img_0188,275,337,1,9,"{""count"": 78} | {""count"": 30} | {""count"": 15} | {""count"": 75} | {""count"": 20} | {""count"": 9} | {""count"": 75} | {""count"": 25} | {""count"": 10}",77.29,0
img_0202,864,885,1,9,"{""count"": 0} | {""count"": 100} | {""count"": 45} | {""count"": 10} | {""count"": 100} | {""count"": 45} | {""count"": 50} | {""count"": 500} | {""count"": 35}",43.20,0
img_0183,1758,3329,1,9,"{""count"": 1000} | {""count"": 100} | {""count"": 9} | {""count"": 1000} | {""count"": 100} | {""count"": 10} | {""count"": 1000} | {""count"": 100} | {""count"": 10}",97.62,0
img_0186,158,240,1,9,"{""count"": 20} | {""count"": 35} | {""count"": 5} | {""count"": 25} | {""count"": 45} | {""count"": 5} | {""count"": 50} | {""count"": 50} | {""count"": 5}",89.37,0
img_0187,403,402,1,9,"{""count"": 0} | {""count"": 0} | {""count"": 100} | {""count"": 0} | {""count"": 1} | {""count"": 200} | {""count"": 0} | {""count"": 1} | {""count"": 100}",90.28,0
img_0185,507,263,1,9,"{""count"": 0} | {""count"": 25} | {""count"": 12} | {""count"": 0} | {""count"": 100} | {""count"": 12} | {""count"": 0} | {""count"": 100} | {""count"": 14}",92.79,0
img_0184,2166,5134,1,9,"{""count"": 1000} | {""count"": 1000} | {""count"": 300} | {""count"": 1024} | {""count"": 1000} | {""count"": 100} | {""count"": 200} | {""count"": 500} | {""count"": ",95.56,0
img_0189,122,127,1,9,"{""count"": 0} | {""count"": 0} | {""count"": 1} | {""count"": 11} | {""count"": 14} | {""count"": 8} | {""count"": 75} | {""count"": 14} | {""count"": 4}",86.00,0
img_0193,210,278,1,9,"{""count"": 50} | {""count"": 25} | {""count"": 9} | {""count"": 75} | {""count"": 25} | {""count"": 10} | {""count"": 50} | {""count"": 25} | {""count"": 9}",82.55,0
img_0192,195,274,1,9,"{""count"": 45} | {""count"": 25} | {""count"": 7} | {""count"": 58} | {""count"": 30} | {""count"": 9} | {""count"": 50} | {""count"": 40} | {""count"": 10}",89.45,0
img_0190,732,756,1,9,"{""count"": 52} | {""count"": 78} | {""count"": 150} | {""count"": 30} | {""count"": 68} | {""count"": 150} | {""count"": 30} | {""count"": 48} | {""count"": 150}",91.77,0
img_0209,143,204,1,9,"{""count"": 0} | {""count"": 50} | {""count"": 10} | {""count"": 0} | {""count"": 15} | {""count"": 14} | {""count"": 0} | {""count"": 100} | {""count"": 15}",50.51,0
img_0196,287,353,1,9,"{""count"": 0} | {""count"": 100} | {""count"": 18} | {""count"": 0} | {""count"": 150} | {""count"": 20} | {""count"": 0} | {""count"": 50} | {""count"": 15}",85.24,0
img_0201,719,781,1,9,"{""count"": 200} | {""count"": 50} | {""count"": 9} | {""count"": 200} | {""count"": 50} | {""count"": 12} | {""count"": 200} | {""count"": 50} | {""count"": 10}",72.73,0
img_0203,368,266,1,9,"{""count"": 0} | {""count"": 100} | {""count"": 4} | {""count"": 0} | {""count"": 100} | {""count"": 7} | {""count"": 0} | {""count"": 50} | {""count"": 5}",75.78,0
img_0197,165,314,1,9,"{""count"": 30} | {""count"": 25} | {""count"": 7} | {""count"": 100} | {""count"": 100} | {""count"": 7} | {""count"": 15} | {""count"": 25} | {""count"": 5}",86.78,0
img_0204,522,285,1,9,"{""count"": 0} | {""count"": 50} | {""count"": 12} | {""count"": 0} | {""count"": 100} | {""count"": 14} | {""count"": 0} | {""count"": 100} | {""count"": 9}",77.83,0
img_0198,104,167,1,9,"{""count"": 10} | {""count"": 25} | {""count"": 5} | {""count"": 30} | {""count"": 35} | {""count"": 4} | {""count"": 28} | {""count"": 28} | {""count"": 2}",89.16,0
img_0199,263,265,1,9,"{""count"": 25} | {""count"": 58} | {""count"": 45} | {""count"": 14} | {""count"": 35} | {""count"": 25} | {""count"": 14} | {""count"": 35} | {""count"": 14}",89.15,0
img_0200,299,390,1,9,"{""count"": 50} | {""count"": 30} | {""count"": 8} | {""count"": 100} | {""count"": 50} | {""count"": 10} | {""count"": 100} | {""count"": 30} | {""count"": 12}",88.71,0
img_0205,778,2153,1,9,"{""count"": 0} | {""count"": 1000} | {""count"": 13} | {""count"": 0} | {""count"": 1000} | {""count"": 20} | {""count"": 0} | {""count"": 100} | {""count"": 20}",81.67,0
img_0206,2870,3145,1,9,"{""count"": 0} | {""count"": 1000} | {""count"": 50} | {""count"": 0} | {""count"": 1000} | {""count"": 50} | {""count"": 0} | {""count"": 1000} | {""count"": 45}",85.28,0
img_0212,218,267,1,9,"{""count"": 35} | {""count"": 25} | {""count"": 13} | {""count"": 50} | {""count"": 42} | {""count"": 15} | {""count"": 45} | {""count"": 30} | {""count"": 12}",72.36,0
img_0207,463,774,1,9,"{""count"": 500} | {""count"": 100} | {""count"": 10} | {""count"": 2} | {""count"": 100} | {""count"": 13} | {""count"": 10} | {""count"": 30} | {""count"": 9}",86.68,0
img_0219,535,604,1,9,"{""count"": 100} | {""count"": 78} | {""count"": 8} | {""count"": 100} | {""count"": 100} | {""count"": 9} | {""count"": 100} | {""count"": 100} | {""count"": 9}",62.20,0
img_0208,204,303,1,9,"{""count"": 30} | {""count"": 30} | {""count"": 15} | {""count"": 48} | {""count"": 42} | {""count"": 18} | {""count"": 58} | {""count"": 45} | {""count"": 17}",88.93,0
img_0210,421,1395,1,9,"{""count"": 0} | {""count"": 1000} | {""count"": 100} | {""count"": 0} | {""count"": 100} | {""count"": 50} | {""count"": 0} | {""count"": 100} | {""count"": 45}",88.99,0
img_0211,434,1147,1,9,"{""count"": 0} | {""count"": 28} | {""count"": 4} | {""count"": 1} | {""count"": 100} | {""count"": 6} | {""count"": 2} | {""count"": 1000} | {""count"": 6}",88.36,0
img_0213,266,460,1,9,"{""count"": 150} | {""count"": 50} | {""count"": 10} | {""count"": 100} | {""count"": 75} | {""count"": 10} | {""count"": 25} | {""count"": 30} | {""count"": 10}",88.77,0
img_0215,1048,1855,1,9,"{""count"": 15} | {""count"": 10} | {""count"": 500} | {""count"": 0} | {""count"": 0} | {""count"": 300} | {""count"": 15} | {""count"": 15} | {""count"": 1000}",77.00,0
img_0214,514,740,1,9,"{""count"": 100} | {""count"": 200} | {""count"": 11} | {""count"": 50} | {""count"": 200} | {""count"": 10} | {""count"": 10} | {""count"": 150} | {""count"": 9}",88.85,0
img_0218,712,921,1,9,"{""count"": 100} | {""count"": 200} | {""count"": 15} | {""count"": 78} | {""count"": 250} | {""count"": 13} | {""count"": 50} | {""count"": 200} | {""count"": 15}",81.99,0
img_0216,593,523,1,9,"{""count"": 30} | {""count"": 100} | {""count"": 10} | {""count"": 50} | {""count"": 200} | {""count"": 10} | {""count"": 20} | {""count"": 100} | {""count"": 3}",87.34,0
img_0217,1775,2263,1,9,"{""count"": 200} | {""count"": 17} | {""count"": 5} | {""count"": 1000} | {""count"": 17} | {""count"": 5} | {""count"": 1000} | {""count"": 15} | {""count"": 4}",89.51,0
img_0235,125,178,1,9,"{""count"": 25} | {""count"": 50} | {""count"": 5} | {""count"": 20} | {""count"": 35} | {""count"": 6} | {""count"": 10} | {""count"": 25} | {""count"": 2}",50.80,0
img_0220,2746,3432,1,9,"{""count"": 500} | {""count"": 250} | {""count"": 45} | {""count"": 1000} | {""count"": 300} | {""count"": 45} | {""count"": 1000} | {""count"": 250} | {""count"": 42}",88.85,0
img_0236,267,293,1,9,"{""count"": 3} | {""count"": 50} | {""count"": 10} | {""count"": 0} | {""count"": 150} | {""count"": 15} | {""count"": 0} | {""count"": 50} | {""count"": 15}",53.97,0
img_0221,1709,2020,1,9,"{""count"": 500} | {""count"": 250} | {""count"": 50} | {""count"": 500} | {""count"": 250} | {""count"": 45} | {""count"": 300} | {""count"": 100} | {""count"": 25}",90.67,0
img_0224,379,470,1,9,"{""count"": 50} | {""count"": 50} | {""count"": 20} | {""count"": 75} | {""count"": 75} | {""count"": 25} | {""count"": 100} | {""count"": 50} | {""count"": 25}",87.56,0
img_0222,1890,2694,1,9,"{""count"": 500} | {""count"": 200} | {""count"": 50} | {""count"": 999} | {""count"": 200} | {""count"": 50} | {""count"": 500} | {""count"": 150} | {""count"": 45}",90.18,0
img_0225,1191,1275,1,9,"{""count"": 250} | {""count"": 200} | {""count"": 50} | {""count"": 250} | {""count"": 150} | {""count"": 45} | {""count"": 200} | {""count"": 100} | {""count"": 30}",85.42,0
img_0223,1826,3258,1,9,"{""count"": 8} | {""count"": 1000} | {""count"": 250} | {""count"": 0} | {""count"": 1000} | {""count"": 300} | {""count"": 0} | {""count"": 500} | {""count"": 200}",91.56,0
img_0238,170,243,1,9,"{""count"": 25} | {""count"": 50} | {""count"": 15} | {""count"": 45} | {""count"": 30} | {""count"": 8} | {""count"": 45} | {""count"": 20} | {""count"": 5}",50.46,0
img_0242,238,338,1,9,"{""count"": 0} | {""count"": 100} | {""count"": 9} | {""count"": 0} | {""count"": 100} | {""count"": 14} | {""count"": 0} | {""count"": 100} | {""count"": 15}",40.15,0
img_0226,1665,2200,1,9,"{""count"": 500} | {""count"": 200} | {""count"": 50} | {""count"": 500} | {""count"": 200} | {""count"": 50} | {""count"": 500} | {""count"": 150} | {""count"": 50}",90.80,0
img_0227,612,647,1,9,"{""count"": 100} | {""count"": 78} | {""count"": 18} | {""count"": 150} | {""count"": 78} | {""count"": 20} | {""count"": 100} | {""count"": 78} | {""count"": 25}",87.83,0
img_0234,244,312,1,9,"{""count"": 50} | {""count"": 45} | {""count"": 10} | {""count"": 78} | {""count"": 30} | {""count"": 10} | {""count"": 45} | {""count"": 35} | {""count"": 9}",71.78,0
img_0228,172,247,1,9,"{""count"": 50} | {""count"": 25} | {""count"": 10} | {""count"": 50} | {""count"": 25} | {""count"": 12} | {""count"": 40} | {""count"": 25} | {""count"": 10}",87.34,0
img_0243,289,199,1,9,"{""count"": 20} | {""count"": 50} | {""count"": 7} | {""count"": 15} | {""count"": 50} | {""count"": 6} | {""count"": 25} | {""count"": 20} | {""count"": 6}",48.49,0
img_0231,682,4248,1,9,"{""count"": 1000} | {""count"": 1000} | {""count"": 15} | {""count"": 1000} | {""count"": 1000} | {""count"": 18} | {""count"": 100} | {""count"": 100} | {""count"": 15",82.66,0
img_0239,306,349,1,9,"{""count"": 50} | {""count"": 50} | {""count"": 7} | {""count"": 10} | {""count"": 100} | {""count"": 15} | {""count"": 0} | {""count"": 100} | {""count"": 17}",58.26,0
img_0229,699,1843,1,9,"{""count"": 0} | {""count"": 300} | {""count"": 14} | {""count"": 0} | {""count"": 1000} | {""count"": 14} | {""count"": 0} | {""count"": 500} | {""count"": 15}",88.94,0
img_0230,1454,4670,1,9,"{""count"": 15} | {""count"": 100} | {""count"": 500} | {""count"": 5} | {""count"": 1000} | {""count"": 1000} | {""count"": 50} | {""count"": 1000} | {""count"": 1000}",90.47,0
img_0233,332,250,1,9,"{""count"": 0} | {""count"": 30} | {""count"": 25} | {""count"": 0} | {""count"": 100} | {""count"": 25} | {""count"": 0} | {""count"": 50} | {""count"": 20}",88.39,0
img_0232,419,352,1,9,"{""count"": 0} | {""count"": 100} | {""count"": 9} | {""count"": 0} | {""count"": 100} | {""count"": 9} | {""count"": 25} | {""count"": 100} | {""count"": 9}",89.29,0
img_0237,178,259,1,9,"{""count"": 20} | {""count"": 28} | {""count"": 12} | {""count"": 38} | {""count"": 30} | {""count"": 13} | {""count"": 58} | {""count"": 45} | {""count"": 15}",85.39,0
img_0252,340,437,1,9,"{""count"": 0} | {""count"": 100} | {""count"": 12} | {""count"": 0} | {""count"": 200} | {""count"": 15} | {""count"": 0} | {""count"": 100} | {""count"": 10}",40.62,0
img_0257,2371,5150,1,9,"{""count"": 0} | {""count"": 1000} | {""count"": 1000} | {""count"": 0} | {""count"": 1000} | {""count"": 1000} | {""count"": 0} | {""count"": 1000} | {""count"": 150}",45.65,0
img_0240,329,370,1,9,"{""count"": 10} | {""count"": 8} | {""count"": 2} | {""count"": 200} | {""count"": 25} | {""count"": 4} | {""count"": 100} | {""count"": 17} | {""count"": 4}",87.81,0
img_0241,207,252,1,9,"{""count"": 0} | {""count"": 15} | {""count"": 30} | {""count"": 0} | {""count"": 100} | {""count"": 50} | {""count"": 0} | {""count"": 45} | {""count"": 12}",82.97,0
img_0245,308,691,1,9,"{""count"": 25} | {""count"": 28} | {""count"": 5} | {""count"": 500} | {""count"": 100} | {""count"": 8} | {""count"": 0} | {""count"": 20} | {""count"": 5}",82.17,0
img_0244,228,332,1,9,"{""count"": 75} | {""count"": 35} | {""count"": 14} | {""count"": 75} | {""count"": 30} | {""count"": 16} | {""count"": 50} | {""count"": 25} | {""count"": 12}",86.46,0
img_0246,1036,933,1,9,"{""count"": 300} | {""count"": 7} | {""count"": 3} | {""count"": 300} | {""count"": 8} | {""count"": 5} | {""count"": 300} | {""count"": 5} | {""count"": 5}",84.15,0
img_0247,214,239,1,9,"{""count"": 3} | {""count"": 100} | {""count"": 9} | {""count"": 3} | {""count"": 75} | {""count"": 10} | {""count"": 0} | {""count"": 30} | {""count"": 9}",85.60,0
img_0263,258,345,1,9,"{""count"": 50} | {""count"": 25} | {""count"": 7} | {""count"": 100} | {""count"": 45} | {""count"": 7} | {""count"": 75} | {""count"": 30} | {""count"": 6}",50.78,0
img_0250,65,115,1,9,"{""count"": 9} | {""count"": 25} | {""count"": 5} | {""count"": 15} | {""count"": 25} | {""count"": 8} | {""count"": 8} | {""count"": 15} | {""count"": 5}",76.26,0
img_0248,205,222,1,9,"{""count"": 25} | {""count"": 35} | {""count"": 6} | {""count"": 50} | {""count"": 50} | {""count"": 5} | {""count"": 15} | {""count"": 30} | {""count"": 6}",83.28,0
img_0249,83,109,1,9,"{""count"": 1} | {""count"": 20} | {""count"": 11} | {""count"": 3} | {""count"": 25} | {""count"": 8} | {""count"": 9} | {""count"": 25} | {""count"": 7}",84.25,0
img_0251,184,613,1,9,"{""count"": 10} | {""count"": 500} | {""count"": 25} | {""count"": 0} | {""count"": 30} | {""count"": 30} | {""count"": 0} | {""count"": 6} | {""count"": 12}",82.38,0
img_0265,245,292,1,9,"{""count"": 75} | {""count"": 20} | {""count"": 3} | {""count"": 75} | {""count"": 20} | {""count"": 3} | {""count"": 75} | {""count"": 17} | {""count"": 4}",61.88,0
img_0253,163,251,1,9,"{""count"": 50} | {""count"": 15} | {""count"": 3} | {""count"": 100} | {""count"": 15} | {""count"": 4} | {""count"": 50} | {""count"": 12} | {""count"": 2}",79.84,0
img_0267,1103,1978,1,9,"{""count"": 250} | {""count"": 250} | {""count"": 100} | {""count"": 200} | {""count"": 500} | {""count"": 100} | {""count"": 300} | {""count"": 200} | {""count"": 78}",61.34,0
img_0255,3970,5599,1,9,"{""count"": 1000} | {""count"": 500} | {""count"": 100} | {""count"": 1500} | {""count"": 300} | {""count"": 100} | {""count"": 1000} | {""count"": 999} | {""count"": 1",79.10,0
img_0258,994,1346,1,9,"{""count"": 0} | {""count"": 250} | {""count"": 15} | {""count"": 30} | {""count"": 500} | {""count"": 25} | {""count"": 6} | {""count"": 500} | {""count"": 20}",80.49,0
img_0254,829,1600,1,9,"{""count"": 0} | {""count"": 300} | {""count"": 100} | {""count"": 0} | {""count"": 500} | {""count"": 300} | {""count"": 0} | {""count"": 100} | {""count"": 300}",83.49,0
img_0259,338,450,1,9,"{""count"": 150} | {""count"": 10} | {""count"": 3} | {""count"": 150} | {""count"": 13} | {""count"": 4} | {""count"": 100} | {""count"": 15} | {""count"": 5}",79.93,0
img_0266,3653,36000,1,9,"{""count"": 1000} | {""count"": 10000} | {""count"": 1000} | {""count"": 10000} | {""count"": 10000} | {""count"": 1000} | {""count"": 1000} | {""count"": 1000} | {""c",68.96,0
img_0256,2240,2887,1,9,"{""count"": 500} | {""count"": 250} | {""count"": 87} | {""count"": 1000} | {""count"": 300} | {""count"": 100} | {""count"": 300} | {""count"": 250} | {""count"": 100}",84.35,0
img_0268,1400,4650,1,9,"{""count"": 100} | {""count"": 50} | {""count"": 200} | {""count"": 1000} | {""count"": 1000} | {""count"": 200} | {""count"": 1000} | {""count"": 1000} | {""count"": 1",68.89,0
img_0264,225,273,1,9,"{""count"": 0} | {""count"": 50} | {""count"": 8} | {""count"": 0} | {""count"": 100} | {""count"": 9} | {""count"": 0} | {""count"": 100} | {""count"": 6}",71.65,0
img_0262,550,2287,1,9,"{""count"": 1000} | {""count"": 25} | {""count"": 8} | {""count"": 1000} | {""count"": 25} | {""count"": 6} | {""count"": 200} | {""count"": 18} | {""count"": 5}",73.28,0
img_0260,2116,3420,1,9,"{""count"": 500} | {""count"": 300} | {""count"": 100} | {""count"": 500} | {""count"": 300} | {""count"": 100} | {""count"": 1000} | {""count"": 500} | {""count"": 120",82.67,0
img_0270,276,352,1,9,"{""count"": 45} | {""count"": 30} | {""count"": 30} | {""count"": 50} | {""count"": 45} | {""count"": 30} | {""count"": 50} | {""count"": 42} | {""count"": 30}",64.22,0
img_0269,3304,14950,1,9,"{""count"": 10000} | {""count"": 1000} | {""count"": 1000} | {""count"": 1000} | {""count"": 100} | {""count"": 500} | {""count"": 300} | {""count"": 50} | {""count"": ",70.36,0
img_0261,343,431,1,9,"{""count"": 50} | {""count"": 50} | {""count"": 30} | {""count"": 78} | {""count"": 50} | {""count"": 35} | {""count"": 58} | {""count"": 50} | {""count"": 30}",82.39,0
img_0274,457,538,1,9,"{""count"": 100} | {""count"": 100} | {""count"": 45} | {""count"": 78} | {""count"": 50} | {""count"": 40} | {""count"": 50} | {""count"": 45} | {""count"": 30}",55.53,0
img_0278,518,1443,1,9,"{""count"": 50} | {""count"": 78} | {""count"": 25} | {""count"": 100} | {""count"": 50} | {""count"": 25} | {""count"": 1000} | {""count"": 100} | {""count"": 15}",40.19,0
img_0271,916,1534,1,9,"{""count"": 0} | {""count"": 1000} | {""count"": 5} | {""count"": 10} | {""count"": 300} | {""count"": 9} | {""count"": 100} | {""count"": 100} | {""count"": 10}",65.39,0
img_0279,560,685,1,9,"{""count"": 100} | {""count"": 100} | {""count"": 25} | {""count"": 100} | {""count"": 100} | {""count"": 30} | {""count"": 100} | {""count"": 100} | {""count"": 30}",42.07,0
img_0272,1798,3100,1,9,"{""count"": 1000} | {""count"": 250} | {""count"": 250} | {""count"": 200} | {""count"": 250} | {""count"": 200} | {""count"": 500} | {""count"": 250} | {""count"": 200",72.39,0
img_0280,558,939,1,9,"{""count"": 200} | {""count"": 150} | {""count"": 14} | {""count"": 150} | {""count"": 100} | {""count"": 15} | {""count"": 150} | {""count"": 150} | {""count"": 10}",42.85,0
img_0275,1070,1806,1,9,"{""count"": 100} | {""count"": 28} | {""count"": 38} | {""count"": 500} | {""count"": 300} | {""count"": 45} | {""count"": 500} | {""count"": 250} | {""count"": 45}",56.59,0
img_0273,948,2080,1,9,"{""count"": 25} | {""count"": 250} | {""count"": 100} | {""count"": 30} | {""count"": 1000} | {""count"": 100} | {""count"": 30} | {""count"": 500} | {""count"": 45}",72.93,0
img_0281,871,1300,1,9,"{""count"": 250} | {""count"": 100} | {""count"": 100} | {""count"": 250} | {""count"": 200} | {""count"": 100} | {""count"": 100} | {""count"": 100} | {""count"": 100}",43.47,0
img_0276,302,431,1,9,"{""count"": 100} | {""count"": 45} | {""count"": 20} | {""count"": 78} | {""count"": 45} | {""count"": 20} | {""count"": 75} | {""count"": 30} | {""count"": 18}",62.40,0
img_0282,574,480,1,9,"{""count"": 75} | {""count"": 45} | {""count"": 25} | {""count"": 75} | {""count"": 50} | {""count"": 30} | {""count"": 78} | {""count"": 72} | {""count"": 30}",45.95,0
img_0287,229,185,1,9,"{""count"": 30} | {""count"": 25} | {""count"": 15} | {""count"": 25} | {""count"": 15} | {""count"": 15} | {""count"": 15} | {""count"": 25} | {""count"": 20}",37.10,0
img_0289,251,190,1,9,"{""count"": 45} | {""count"": 25} | {""count"": 6} | {""count"": 30} | {""count"": 25} | {""count"": 8} | {""count"": 25} | {""count"": 16} | {""count"": 10}",38.23,0
img_0277,259,1117,1,9,"{""count"": 0} | {""count"": 30} | {""count"": 15} | {""count"": 0} | {""count"": 1000} | {""count"": 15} | {""count"": 2} | {""count"": 45} | {""count"": 10}",67.78,0
img_0285,582,668,1,9,"{""count"": 35} | {""count"": 50} | {""count"": 25} | {""count"": 150} | {""count"": 100} | {""count"": 28} | {""count"": 150} | {""count"": 100} | {""count"": 30}",47.72,0
img_0286,937,3480,1,9,"{""count"": 1000} | {""count"": 100} | {""count"": 50} | {""count"": 1000} | {""count"": 100} | {""count"": 100} | {""count"": 1000} | {""count"": 100} | {""count"": 30",44.97,0
img_0283,241,263,1,9,"{""count"": 30} | {""count"": 35} | {""count"": 13} | {""count"": 50} | {""count"": 50} | {""count"": 15} | {""count"": 25} | {""count"": 30} | {""count"": 15}",55.30,0
img_0290,556,1542,1,9,"{""count"": 1000} | {""count"": 100} | {""count"": 12} | {""count"": 100} | {""count"": 100} | {""count"": 15} | {""count"": 100} | {""count"": 100} | {""count"": 15}",41.31,0
img_0291,357,390,1,9,"{""count"": 4} | {""count"": 100} | {""count"": 25} | {""count"": 3} | {""count"": 100} | {""count"": 25} | {""count"": 8} | {""count"": 100} | {""count"": 25}",40.75,0
img_0292,260,1455,1,9,"{""count"": 150} | {""count"": 100} | {""count"": 25} | {""count"": 1000} | {""count"": 100} | {""count"": 25} | {""count"": 15} | {""count"": 25} | {""count"": 15}",40.69,0
img_0301,207,164,1,9,"{""count"": 2} | {""count"": 30} | {""count"": 15} | {""count"": 1} | {""count"": 45} | {""count"": 15} | {""count"": 1} | {""count"": 30} | {""count"": 25}",38.91,0
img_0299,165,186,1,9,"{""count"": 25} | {""count"": 18} | {""count"": 15} | {""count"": 25} | {""count"": 18} | {""count"": 20} | {""count"": 25} | {""count"": 25} | {""count"": 15}",41.51,0
img_0302,315,389,1,9,"{""count"": 50} | {""count"": 45} | {""count"": 19} | {""count"": 72} | {""count"": 50} | {""count"": 25} | {""count"": 50} | {""count"": 48} | {""count"": 30}",43.12,0
img_0284,376,721,1,9,"{""count"": 78} | {""count"": 100} | {""count"": 15} | {""count"": 150} | {""count"": 100} | {""count"": 15} | {""count"": 150} | {""count"": 100} | {""count"": 13}",67.08,0
img_0305,654,872,1,9,"{""count"": 50} | {""count"": 100} | {""count"": 30} | {""count"": 100} | {""count"": 250} | {""count"": 50} | {""count"": 50} | {""count"": 200} | {""count"": 42}",45.79,0
img_0288,216,245,1,9,"{""count"": 10} | {""count"": 50} | {""count"": 25} | {""count"": 8} | {""count"": 50} | {""count"": 25} | {""count"": 2} | {""count"": 50} | {""count"": 25}",66.07,0
img_0293,1433,3325,1,9,"{""count"": 0} | {""count"": 1000} | {""count"": 75} | {""count"": 0} | {""count"": 1000} | {""count"": 150} | {""count"": 0} | {""count"": 1000} | {""count"": 100}",64.14,0
img_0296,1341,2204,1,9,"{""count"": 500} | {""count"": 75} | {""count"": 10} | {""count"": 500} | {""count"": 45} | {""count"": 15} | {""count"": 999} | {""count"": 50} | {""count"": 10}",66.40,0
img_0304,2593,6750,1,9,"{""count"": 1000} | {""count"": 1000} | {""count"": 500} | {""count"": 1000} | {""count"": 1000} | {""count"": 500} | {""count"": 1000} | {""count"": 500} | {""count"":",59.08,0
img_0294,791,1075,1,9,"{""count"": 50} | {""count"": 100} | {""count"": 30} | {""count"": 150} | {""count"": 300} | {""count"": 45} | {""count"": 150} | {""count"": 200} | {""count"": 50}",68.31,0
img_0297,429,686,1,9,"{""count"": 0} | {""count"": 50} | {""count"": 14} | {""count"": 0} | {""count"": 100} | {""count"": 10} | {""count"": 0} | {""count"": 500} | {""count"": 12}",67.50,0
img_0310,642,955,1,9,"{""count"": 100} | {""count"": 50} | {""count"": 8} | {""count"": 500} | {""count"": 50} | {""count"": 9} | {""count"": 200} | {""count"": 30} | {""count"": 8}",48.02,0
img_0309,663,720,1,9,"{""count"": 100} | {""count"": 100} | {""count"": 45} | {""count"": 100} | {""count"": 100} | {""count"": 45} | {""count"": 100} | {""count"": 100} | {""count"": 30}",51.26,0
img_0312,270,265,1,9,"{""count"": 50} | {""count"": 25} | {""count"": 15} | {""count"": 50} | {""count"": 25} | {""count"": 13} | {""count"": 50} | {""count"": 25} | {""count"": 12}",45.31,0
img_0295,1477,3085,1,9,"{""count"": 150} | {""count"": 1000} | {""count"": 78} | {""count"": 500} | {""count"": 1000} | {""count"": 50} | {""count"": 200} | {""count"": 100} | {""count"": 7}",72.18,0
img_0298,284,450,1,9,"{""count"": 20} | {""count"": 100} | {""count"": 30} | {""count"": 25} | {""count"": 100} | {""count"": 35} | {""count"": 10} | {""count"": 100} | {""count"": 30}",72.26,0
img_0300,236,360,1,9,"{""count"": 35} | {""count"": 45} | {""count"": 45} | {""count"": 45} | {""count"": 45} | {""count"": 45} | {""count"": 30} | {""count"": 35} | {""count"": 35}",71.90,0
img_0303,2154,4820,1,9,"{""count"": 1000} | {""count"": 200} | {""count"": 20} | {""count"": 1000} | {""count"": 500} | {""count"": 50} | {""count"": 1000} | {""count"": 1000} | {""count"": 50",70.99,0
img_0307,1077,1463,1,9,"{""count"": 5} | {""count"": 100} | {""count"": 300} | {""count"": 30} | {""count"": 300} | {""count"": 250} | {""count"": 150} | {""count"": 250} | {""count"": 78}",67.81,0
img_0306,2702,42050,1,9,"{""count"": 10000} | {""count"": 1000} | {""count"": 10} | {""count"": 10000} | {""count"": 10000} | {""count"": 25} | {""count"": 10000} | {""count"": 1000} | {""coun",75.93,0
img_0321,2472,4600,1,9,"{""count"": 1000} | {""count"": 300} | {""count"": 300} | {""count"": 1000} | {""count"": 500} | {""count"": 200} | {""count"": 500} | {""count"": 500} | {""count"": 30",51.31,0
img_0308,3568,24061,1,9,"{""count"": 10000} | {""count"": 1000} | {""count"": 16} | {""count"": 1000} | {""count"": 10000} | {""count"": 25} | {""count"": 1000} | {""count"": 1000} | {""count""",72.86,0
img_0313,465,2126,1,9,"{""count"": 0} | {""count"": 100} | {""count"": 7} | {""count"": 0} | {""count"": 1000} | {""count"": 9} | {""count"": 0} | {""count"": 1000} | {""count"": 10}",66.92,0
img_0324,650,1016,1,9,"{""count"": 500} | {""count"": 45} | {""count"": 14} | {""count"": 200} | {""count"": 45} | {""count"": 15} | {""count"": 150} | {""count"": 35} | {""count"": 12}",51.89,0
img_0311,909,1320,1,9,"{""count"": 150} | {""count"": 250} | {""count"": 100} | {""count"": 150} | {""count"": 250} | {""count"": 100} | {""count"": 120} | {""count"": 150} | {""count"": 50}",73.57,0
img_0328,426,465,1,9,"{""count"": 100} | {""count"": 30} | {""count"": 20} | {""count"": 100} | {""count"": 30} | {""count"": 20} | {""count"": 100} | {""count"": 45} | {""count"": 20}",39.80,0
img_0314,820,5525,1,9,"{""count"": 500} | {""count"": 1000} | {""count"": 9} | {""count"": 1000} | {""count"": 1000} | {""count"": 8} | {""count"": 1000} | {""count"": 1000} | {""count"": 8}",69.32,0
img_0317,811,1750,1,9,"{""count"": 0} | {""count"": 200} | {""count"": 100} | {""count"": 0} | {""count"": 250} | {""count"": 100} | {""count"": 0} | {""count"": 1000} | {""count"": 100}",64.26,0
img_0315,383,340,1,9,"{""count"": 0} | {""count"": 10} | {""count"": 15} | {""count"": 30} | {""count"": 100} | {""count"": 30} | {""count"": 25} | {""count"": 100} | {""count"": 30}",68.83,0
img_0316,973,1772,1,9,"{""count"": 1000} | {""count"": 100} | {""count"": 72} | {""count"": 200} | {""count"": 100} | {""count"": 50} | {""count"": 100} | {""count"": 100} | {""count"": 50}",69.51,0
img_0329,962,930,1,9,"{""count"": 20} | {""count"": 100} | {""count"": 100} | {""count"": 58} | {""count"": 250} | {""count"": 250} | {""count"": 10} | {""count"": 42} | {""count"": 100}",38.39,0
img_0319,922,2300,1,9,"{""count"": 0} | {""count"": 500} | {""count"": 100} | {""count"": 0} | {""count"": 500} | {""count"": 100} | {""count"": 0} | {""count"": 1000} | {""count"": 100}",65.43,0
img_0326,165,257,1,9,"{""count"": 28} | {""count"": 28} | {""count"": 30} | {""count"": 30} | {""count"": 25} | {""count"": 28} | {""count"": 38} | {""count"": 25} | {""count"": 25}",51.72,0
img_0325,1659,5300,1,9,"{""count"": 500} | {""count"": 1000} | {""count"": 100} | {""count"": 500} | {""count"": 1000} | {""count"": 100} | {""count"": 1000} | {""count"": 1000} | {""count"": ",54.10,0
img_0320,2414,5799,1,9,"{""count"": 0} | {""count"": 500} | {""count"": 300} | {""count"": 500} | {""count"": 1000} | {""count"": 999} | {""count"": 1000} | {""count"": 1000} | {""count"": 500",66.21,0
img_0318,1616,4035,1,9,"{""count"": 1000} | {""count"": 500} | {""count"": 35} | {""count"": 1000} | {""count"": 200} | {""count"": 25} | {""count"": 1000} | {""count"": 250} | {""count"": 25}",67.72,0
img_0332,770,970,1,9,"{""count"": 100} | {""count"": 100} | {""count"": 30} | {""count"": 250} | {""count"": 100} | {""count"": 45} | {""count"": 200} | {""count"": 100} | {""count"": 45}",34.88,0
img_0322,1613,2750,1,9,"{""count"": 500} | {""count"": 250} | {""count"": 100} | {""count"": 500} | {""count"": 500} | {""count"": 100} | {""count"": 300} | {""count"": 300} | {""count"": 200}",64.69,0
img_0323,2033,3928,1,9,"{""count"": 500} | {""count"": 1000} | {""count"": 150} | {""count"": 300} | {""count"": 1000} | {""count"": 100} | {""count"": 300} | {""count"": 500} | {""count"": 78",61.32,0
img_0333,601,745,1,9,"{""count"": 100} | {""count"": 100} | {""count"": 50} | {""count"": 100} | {""count"": 100} | {""count"": 50} | {""count"": 100} | {""count"": 100} | {""count"": 45}",35.46,0
img_0327,1408,3065,1,9,"{""count"": 1000} | {""count"": 300} | {""count"": 58} | {""count"": 999} | {""count"": 200} | {""count"": 50} | {""count"": 300} | {""count"": 100} | {""count"": 58}",49.37,0
img_0334,1508,2400,1,9,"{""count"": 250} | {""count"": 250} | {""count"": 250} | {""count"": 250} | {""count"": 250} | {""count"": 250} | {""count"": 500} | {""count"": 250} | {""count"": 150}",34.94,0
img_0330,1668,2350,1,9,"{""count"": 500} | {""count"": 250} | {""count"": 100} | {""count"": 500} | {""count"": 300} | {""count"": 100} | {""count"": 300} | {""count"": 200} | {""count"": 100}",38.03,0
img_0331,2607,4450,1,9,"{""count"": 1000} | {""count"": 250} | {""count"": 100} | {""count"": 1000} | {""count"": 500} | {""count"": 150} | {""count"": 1000} | {""count"": 300} | {""count"": 1",38.18,0
