model,task,list,item,arm,gt,pred,parse_ok,http_err,raw
Qwen3-VL-32B-Instruct,g8b,st_a,IMG_106,cn:base,1232,0,1,0,"{""count"": 0}"
Qwen3-VL-32B-Instruct,g8b,st_a,IMG_100,cn:base,389,0,1,0,"{""count"": 0}"
Qwen3-VL-32B-Instruct,g8b,st_a,IMG_102,cn:base,223,200,1,0,"{""count"": 200}"
Qwen3-VL-32B-Instruct,g8b,st_a,IMG_102,en:base,223,200,1,0,"{""count"": 200}"
Qwen3-VL-32B-Instruct,g8b,st_a,IMG_108,cn:base,182,100,1,0,"{""count"": 100}"
Qwen3-VL-32B-Instruct,g8b,st_a,IMG_108,en:base,182,200,1,0,"{""count"": 200}"
Qwen3-VL-32B-Instruct,g8b,st_a,IMG_100,en:base,389,1000,1,0,"{""count"": 1000}"
Qwen3-VL-32B-Instruct,g8b,st_a,IMG_106,en:base,1232,1000,1,0,"{""count"": 1000}"
Qwen3-VL-32B-Instruct,g8b,st_a,IMG_111,cn:base,452,0,1,0,"{""count"": 0}"
Qwen3-VL-32B-Instruct,g8b,st_a,IMG_1,en:base,172,200,1,0,"{""count"": 200}"
Qwen3-VL-32B-Instruct,g8b,st_a,IMG_1,cn:base,172,100,1,0,"{""count"": 100}"
Qwen3-VL-32B-Instruct,g8b,st_a,IMG_107,cn:base,289,10,1,0,"{""count"": 10}"
Qwen3-VL-32B-Instruct,g8b,st_a,IMG_111,en:base,452,1000,1,0,"{""count"": 1000}"
Qwen3-VL-32B-Instruct,g8b,st_a,IMG_107,en:base,289,100,1,0,"{""count"": 100}"
Qwen3-VL-32B-Instruct,g8b,st_a,IMG_110,en:base,1021,1000,1,0,"{""count"": 1000}"
Qwen3-VL-32B-Instruct,g8b,st_a,IMG_110,cn:base,1021,1000,1,0,"{""count"": 1000}"
Qwen3-VL-32B-Instruct,g8b,st_a,IMG_105,en:base,265,200,1,0,"{""count"": 200}"
Qwen3-VL-32B-Instruct,g8b,st_a,IMG_104,en:base,1175,0,1,0,"{""count"": 0}"
Qwen3-VL-32B-Instruct,g8b,st_a,IMG_104,cn:base,1175,0,1,0,"{""count"": 0}"
Qwen3-VL-32B-Instruct,g8b,st_a,IMG_105,cn:base,265,100,1,0,"{""count"": 100}"
Qwen3-VL-32B-Instruct,g8b,st_a,IMG_101,en:base,211,100,1,0,"{""count"": 100}"
Qwen3-VL-32B-Instruct,g8b,st_a,IMG_101,cn:base,211,100,1,0,"{""count"": 100}"
Qwen3-VL-32B-Instruct,g8b,st_a,IMG_11,en:base,1068,1000,1,0,"{""count"": 1000}"
Qwen3-VL-32B-Instruct,g8b,st_a,IMG_11,cn:base,1068,1000,1,0,"{""count"": 1000}"
Qwen3-VL-32B-Instruct,g8b,st_a,IMG_115,cn:base,1191,0,1,0,"{""count"": 0}"
Qwen3-VL-32B-Instruct,g8b,st_a,IMG_103,en:base,431,300,1,0,"{""count"": 300}"
Qwen3-VL-32B-Instruct,g8b,st_a,IMG_103,cn:base,431,200,1,0,"{""count"": 200}"
Qwen3-VL-32B-Instruct,g8b,st_a,IMG_112,en:base,256,300,1,0,"{""count"": 300}"
Qwen3-VL-32B-Instruct,g8b,st_a,IMG_112,cn:base,256,250,1,0,"{""count"": 250}"
Qwen3-VL-32B-Instruct,g8b,st_a,IMG_115,en:base,1191,1000,1,0,"{""count"": 1000}"
Qwen3-VL-32B-Instruct,g8b,st_a,IMG_10,cn:base,502,300,1,0,"{""count"": 300}"
Qwen3-VL-32B-Instruct,g8b,st_a,IMG_10,en:base,502,300,1,0,"{""count"": 300}"
Qwen3-VL-32B-Instruct,g8b,st_a,IMG_116,cn:base,288,0,1,0,"{""count"": 0}"
Qwen3-VL-32B-Instruct,g8b,st_a,IMG_116,en:base,288,1000,1,0,"{""count"": 1000}"
Qwen3-VL-32B-Instruct,g8b,st_a,IMG_113,cn:base,66,50,1,0,"{""count"": 50}"
Qwen3-VL-32B-Instruct,g8b,st_a,IMG_117,cn:base,1603,0,1,0,"{""count"": 0}"
Qwen3-VL-32B-Instruct,g8b,st_a,IMG_113,en:base,66,54,1,0,"{""count"": 54}"
Qwen3-VL-32B-Instruct,g8b,st_a,IMG_117,en:base,1603,1000,1,0,"{""count"": 1000}"
Qwen3-VL-32B-Instruct,g8b,st_a,IMG_109,en:base,379,300,1,0,"{""count"": 300}"
Qwen3-VL-32B-Instruct,g8b,st_a,IMG_109,cn:base,379,300,1,0,"{""count"": 300}"
Qwen3-VL-32B-Instruct,g8b,st_a,IMG_12,en:base,321,100,1,0,"{""count"": 100}"
Qwen3-VL-32B-Instruct,g8b,st_a,IMG_12,cn:base,321,0,1,0,"{""count"": 0}"
Qwen3-VL-32B-Instruct,g8b,st_a,IMG_114,cn:base,141,108,1,0,"{""count"": 108}"
Qwen3-VL-32B-Instruct,g8b,st_a,IMG_118,en:base,241,200,1,0,"{""count"": 200}"
Qwen3-VL-32B-Instruct,g8b,st_a,IMG_114,en:base,141,108,1,0,"{""count"": 108}"
Qwen3-VL-32B-Instruct,g8b,st_a,IMG_118,cn:base,241,150,1,0,"{""count"": 150}"
Qwen3-VL-32B-Instruct,g8b,st_a,IMG_119,cn:base,250,250,1,0,"{""count"": 250}"
Qwen3-VL-32B-Instruct,g8b,st_a,IMG_119,en:base,250,300,1,0,"{""count"": 300}"
Qwen3-VL-32B-Instruct,g8b,st_a,IMG_122,cn:base,1153,0,1,0,"{""count"": 0}"
Qwen3-VL-32B-Instruct,g8b,st_a,IMG_122,en:base,1153,0,1,0,"{""count"": 0}"
Qwen3-VL-32B-Instruct,g8b,st_a,IMG_121,en:base,1210,1000,1,0,"{""count"": 1000}"
Qwen3-VL-32B-Instruct,g8b,st_a,IMG_121,cn:base,1210,1000,1,0,"{""count"": 1000}"
Qwen3-VL-32B-Instruct,g8b,st_a,IMG_120,en:base,133,128,1,0,"{""count"": 128}"
Qwen3-VL-32B-Instruct,g8b,st_a,IMG_120,cn:base,133,108,1,0,"{""count"": 108}"
Qwen3-VL-32B-Instruct,g8b,st_a,IMG_124,cn:base,226,100,1,0,"{""count"": 100}"
Qwen3-VL-32B-Instruct,g8b,st_a,IMG_124,en:base,226,200,1,0,"{""count"": 200}"
Qwen3-VL-32B-Instruct,g8b,st_a,IMG_128,cn:base,419,0,1,0,"{""count"": 0}"
Qwen3-VL-32B-Instruct,g8b,st_a,IMG_127,cn:base,986,0,1,0,"{""count"": 0}"
Qwen3-VL-32B-Instruct,g8b,st_a,IMG_126,cn:base,440,200,1,0,"{""count"": 200}"
Qwen3-VL-32B-Instruct,g8b,st_a,IMG_126,en:base,440,300,1,0,"{""count"": 300}"
Qwen3-VL-32B-Instruct,g8b,st_a,IMG_128,en:base,419,1000,1,0,"{""count"": 1000}"
Qwen3-VL-32B-Instruct,g8b,st_a,IMG_127,en:base,986,1000,1,0,"{""count"": 1000}"
Qwen3-VL-32B-Instruct,g8b,st_a,IMG_123,en:base,115,88,1,0,"{""count"": 88}"
Qwen3-VL-32B-Instruct,g8b,st_a,IMG_123,cn:base,115,88,1,0,"{""count"": 88}"
Qwen3-VL-32B-Instruct,g8b,st_a,IMG_125,cn:base,269,300,1,0,"{""count"": 300}"
Qwen3-VL-32B-Instruct,g8b,st_a,IMG_129,cn:base,298,0,1,0,"{""count"": 0}"
Qwen3-VL-32B-Instruct,g8b,st_a,IMG_125,en:base,269,300,1,0,"{""count"": 300}"
Qwen3-VL-32B-Instruct,g8b,st_a,IMG_129,en:base,298,300,1,0,"{""count"": 300}"
Qwen3-VL-32B-Instruct,g8b,st_a,IMG_130,en:base,921,1000,1,0,"{""count"": 1000}"
Qwen3-VL-32B-Instruct,g8b,st_a,IMG_130,cn:base,921,1000,1,0,"{""count"": 1000}"
Qwen3-VL-32B-Instruct,g8b,st_a,IMG_13,cn:base,584,0,1,0,"{""count"": 0}"
Qwen3-VL-32B-Instruct,g8b,st_a,IMG_13,en:base,584,1000,1,0,"{""count"": 1000}"
Qwen3-VL-32B-Instruct,g8b,st_a,IMG_132,cn:base,375,0,1,0,"{""count"": 0}"
Qwen3-VL-32B-Instruct,g8b,st_a,IMG_132,en:base,375,0,1,0,"{""count"": 0}"
Qwen3-VL-32B-Instruct,g8b,st_a,IMG_133,en:base,135,100,1,0,"{""count"": 100}"
Qwen3-VL-32B-Instruct,g8b,st_a,IMG_133,cn:base,135,100,1,0,"{""count"": 100}"
Qwen3-VL-32B-Instruct,g8b,st_a,IMG_137,cn:base,489,0,1,0,"{""count"": 0}"
Qwen3-VL-32B-Instruct,g8b,st_a,IMG_137,en:base,489,1000,1,0,"{""count"": 1000}"
Qwen3-VL-32B-Instruct,g8b,st_a,IMG_135,en:base,72,45,1,0,"{""count"": 45}"
Qwen3-VL-32B-Instruct,g8b,st_a,IMG_135,cn:base,72,45,1,0,"{""count"": 45}"
Qwen3-VL-32B-Instruct,g8b,st_a,IMG_136,en:base,102,78,1,0,"{""count"": 78}"
Qwen3-VL-32B-Instruct,g8b,st_a,IMG_131,cn:base,604,300,1,0,"{""count"": 300}"
Qwen3-VL-32B-Instruct,g8b,st_a,IMG_131,en:base,604,300,1,0,"{""count"": 300}"
Qwen3-VL-32B-Instruct,g8b,st_a,IMG_136,cn:base,102,50,1,0,"{""count"": 50}"
Qwen3-VL-32B-Instruct,g8b,st_a,IMG_134,en:base,165,150,1,0,"{""count"": 150}"
Qwen3-VL-32B-Instruct,g8b,st_a,IMG_134,cn:base,165,150,1,0,"{""count"": 150}"
Qwen3-VL-32B-Instruct,g8b,st_a,IMG_139,en:base,355,250,1,0,"{""count"": 250}"
Qwen3-VL-32B-Instruct,g8b,st_a,IMG_139,cn:base,355,200,1,0,"{""count"": 200}"
Qwen3-VL-32B-Instruct,g8b,st_a,IMG_138,en:base,292,300,1,0,"{""count"": 300}"
Qwen3-VL-32B-Instruct,g8b,st_a,IMG_138,cn:base,292,300,1,0,"{""count"": 300}"
Qwen3-VL-32B-Instruct,g8b,st_a,IMG_14,en:base,762,1000,1,0,"{""count"": 1000}"
Qwen3-VL-32B-Instruct,g8b,st_a,IMG_14,cn:base,762,1000,1,0,"{""count"": 1000}"
Qwen3-VL-32B-Instruct,g8b,st_a,IMG_141,cn:base,475,0,1,0,"{""count"": 0}"
Qwen3-VL-32B-Instruct,g8b,st_a,IMG_141,en:base,475,1000,1,0,"{""count"": 1000}"
Qwen3-VL-32B-Instruct,g8b,st_a,IMG_142,en:base,211,250,1,0,"{""count"": 250}"
Qwen3-VL-32B-Instruct,g8b,st_a,IMG_142,cn:base,211,200,1,0,"{""count"": 200}"
Qwen3-VL-32B-Instruct,g8b,st_a,IMG_143,cn:base,357,0,1,0,"{""count"": 0}"
Qwen3-VL-32B-Instruct,g8b,st_a,IMG_143,en:base,357,300,1,0,"{""count"": 300}"
Qwen3-VL-32B-Instruct,g8b,st_a,IMG_146,en:base,479,0,1,0,"{""count"": 0}"
Qwen3-VL-32B-Instruct,g8b,st_a,IMG_140,cn:base,93,50,1,0,"{""count"": 50}"
Qwen3-VL-32B-Instruct,g8b,st_a,IMG_140,en:base,93,58,1,0,"{""count"": 58}"
Qwen3-VL-32B-Instruct,g8b,st_a,IMG_146,cn:base,479,0,1,0,"{""count"": 0}"
Qwen3-VL-32B-Instruct,g8b,st_a,IMG_145,en:base,261,250,1,0,"{""count"": 250}"
Qwen3-VL-32B-Instruct,g8b,st_a,IMG_145,cn:base,261,200,1,0,"{""count"": 200}"
Qwen3-VL-32B-Instruct,g8b,st_a,IMG_144,en:base,262,300,1,0,"{""count"": 300}"
Qwen3-VL-32B-Instruct,g8b,st_a,IMG_15,en:base,341,300,1,0,"{""count"": 300}"
Qwen3-VL-32B-Instruct,g8b,st_a,IMG_144,cn:base,262,300,1,0,"{""count"": 300}"
Qwen3-VL-32B-Instruct,g8b,st_a,IMG_147,en:base,587,0,1,0,"{""count"": 0}"
Qwen3-VL-32B-Instruct,g8b,st_a,IMG_147,cn:base,587,0,1,0,"{""count"": 0}"
Qwen3-VL-32B-Instruct,g8b,st_a,IMG_15,cn:base,341,300,1,0,"{""count"": 300}"
Qwen3-VL-32B-Instruct,g8b,st_a,IMG_150,en:base,1303,1000,1,0,"{""count"": 1000}"
Qwen3-VL-32B-Instruct,g8b,st_a,IMG_150,cn:base,1303,1000,1,0,"{""count"": 1000}"
Qwen3-VL-32B-Instruct,g8b,st_a,IMG_148,en:base,208,200,1,0,"{""count"": 200}"
Qwen3-VL-32B-Instruct,g8b,st_a,IMG_154,cn:base,495,0,1,0,"{""count"": 0}"
Qwen3-VL-32B-Instruct,g8b,st_a,IMG_148,cn:base,208,150,1,0,"{""count"": 150}"
Qwen3-VL-32B-Instruct,g8b,st_a,IMG_151,en:base,253,200,1,0,"{""count"": 200}"
Qwen3-VL-32B-Instruct,g8b,st_a,IMG_151,cn:base,253,200,1,0,"{""count"": 200}"
Qwen3-VL-32B-Instruct,g8b,st_a,IMG_154,en:base,495,1000,1,0,"{""count"": 1000}"
Qwen3-VL-32B-Instruct,g8b,st_a,IMG_149,en:base,230,200,1,0,"{""count"": 200}"
Qwen3-VL-32B-Instruct,g8b,st_a,IMG_149,cn:base,230,150,1,0,"{""count"": 150}"
Qwen3-VL-32B-Instruct,g8b,st_a,IMG_157,cn:base,390,0,1,0,"{""count"": 0}"
Qwen3-VL-32B-Instruct,g8b,st_a,IMG_158,en:base,308,0,1,0,"{""count"": 0}"
Qwen3-VL-32B-Instruct,g8b,st_a,IMG_158,cn:base,308,0,1,0,"{""count"": 0}"
Qwen3-VL-32B-Instruct,g8b,st_a,IMG_153,en:base,395,300,1,0,"{""count"": 300}"
Qwen3-VL-32B-Instruct,g8b,st_a,IMG_157,en:base,390,1000,1,0,"{""count"": 1000}"
Qwen3-VL-32B-Instruct,g8b,st_a,IMG_153,cn:base,395,300,1,0,"{""count"": 300}"
Qwen3-VL-32B-Instruct,g8b,st_a,IMG_16,cn:base,416,0,1,0,"{""count"": 0}"
Qwen3-VL-32B-Instruct,g8b,st_a,IMG_16,en:base,416,1000,1,0,"{""count"": 1000}"
Qwen3-VL-32B-Instruct,g8b,st_a,IMG_152,en:base,277,300,1,0,"{""count"": 300}"
Qwen3-VL-32B-Instruct,g8b,st_a,IMG_156,en:base,199,100,1,0,"{""count"": 100}"
Qwen3-VL-32B-Instruct,g8b,st_a,IMG_152,cn:base,277,300,1,0,"{""count"": 300}"
Qwen3-VL-32B-Instruct,g8b,st_a,IMG_156,cn:base,199,100,1,0,"{""count"": 100}"
Qwen3-VL-32B-Instruct,g8b,st_a,IMG_159,cn:base,199,256,1,0,"{""count"": 256}"
Qwen3-VL-32B-Instruct,g8b,st_a,IMG_159,en:base,199,256,1,0,"{""count"": 256}"
Qwen3-VL-32B-Instruct,g8b,st_a,IMG_160,en:base,121,100,1,0,"{""count"": 100}"
Qwen3-VL-32B-Instruct,g8b,st_a,IMG_160,cn:base,121,100,1,0,"{""count"": 100}"
Qwen3-VL-32B-Instruct,g8b,st_a,IMG_155,en:base,165,150,1,0,"{""count"": 150}"
Qwen3-VL-32B-Instruct,g8b,st_a,IMG_162,en:base,219,300,1,0,"{""count"": 300}"
Qwen3-VL-32B-Instruct,g8b,st_a,IMG_163,cn:base,162,0,1,0,"{""count"": 0}"
Qwen3-VL-32B-Instruct,g8b,st_a,IMG_155,cn:base,165,150,1,0,"{""count"": 150}"
Qwen3-VL-32B-Instruct,g8b,st_a,IMG_163,en:base,162,0,1,0,"{""count"": 0}"
Qwen3-VL-32B-Instruct,g8b,st_a,IMG_162,cn:base,219,200,1,0,"{""count"": 200}"
Qwen3-VL-32B-Instruct,g8b,st_a,IMG_161,en:base,266,150,1,0,"{""count"": 150}"
Qwen3-VL-32B-Instruct,g8b,st_a,IMG_161,cn:base,266,158,1,0,"{""count"": 158}"
Qwen3-VL-32B-Instruct,g8b,st_a,IMG_165,cn:base,1581,0,1,0,"{""count"": 0}"
Qwen3-VL-32B-Instruct,g8b,st_a,IMG_165,en:base,1581,1000,1,0,"{""count"": 1000}"
Qwen3-VL-32B-Instruct,g8b,st_a,IMG_164,en:base,302,300,1,0,"{""count"": 300}"
Qwen3-VL-32B-Instruct,g8b,st_a,IMG_167,cn:base,112,100,1,0,"{""count"": 100}"
Qwen3-VL-32B-Instruct,g8b,st_a,IMG_167,en:base,112,100,1,0,"{""count"": 100}"
Qwen3-VL-32B-Instruct,g8b,st_a,IMG_164,cn:base,302,200,1,0,"{""count"": 200}"
Qwen3-VL-32B-Instruct,g8b,st_a,IMG_17,cn:base,1156,1000,1,0,"{""count"": 1000}"
Qwen3-VL-32B-Instruct,g8b,st_a,IMG_168,en:base,240,0,1,0,"{""count"": 0}"
Qwen3-VL-32B-Instruct,g8b,st_a,IMG_17,en:base,1156,1000,1,0,"{""count"": 1000}"
Qwen3-VL-32B-Instruct,g8b,st_a,IMG_172,en:base,1171,1000,1,0,"{""count"": 1000}"
Qwen3-VL-32B-Instruct,g8b,st_a,IMG_168,cn:base,240,0,1,0,"{""count"": 0}"
Qwen3-VL-32B-Instruct,g8b,st_a,IMG_166,en:base,126,150,1,0,"{""count"": 150}"
Qwen3-VL-32B-Instruct,g8b,st_a,IMG_172,cn:base,1171,1000,1,0,"{""count"": 1000}"
Qwen3-VL-32B-Instruct,g8b,st_a,IMG_166,cn:base,126,150,1,0,"{""count"": 150}"
Qwen3-VL-32B-Instruct,g8b,st_a,IMG_175,cn:base,442,0,1,0,"{""count"": 0}"
Qwen3-VL-32B-Instruct,g8b,st_a,IMG_169,en:base,218,250,1,0,"{""count"": 250}"
Qwen3-VL-32B-Instruct,g8b,st_a,IMG_175,en:base,442,999,1,0,"{""count"": 999}"
Qwen3-VL-32B-Instruct,g8b,st_a,IMG_169,cn:base,218,256,1,0,"{""count"": 256}"
Qwen3-VL-32B-Instruct,g8b,st_a,IMG_170,cn:base,670,1000,1,0,"{""count"": 1000}"
Qwen3-VL-32B-Instruct,g8b,st_a,IMG_170,en:base,670,1000,1,0,"{""count"": 1000}"
Qwen3-VL-32B-Instruct,g8b,st_a,IMG_171,cn:base,239,200,1,0,"{""count"": 200}"
Qwen3-VL-32B-Instruct,g8b,st_a,IMG_171,en:base,239,200,1,0,"{""count"": 200}"
Qwen3-VL-32B-Instruct,g8b,st_a,IMG_173,cn:base,481,0,1,0,"{""count"": 0}"
Qwen3-VL-32B-Instruct,g8b,st_a,IMG_176,cn:base,213,0,1,0,"{""count"": 0}"
Qwen3-VL-32B-Instruct,g8b,st_a,IMG_176,en:base,213,0,1,0,"{""count"": 0}"
Qwen3-VL-32B-Instruct,g8b,st_a,IMG_177,cn:base,363,0,1,0,"{""count"": 0}"
Qwen3-VL-32B-Instruct,g8b,st_a,IMG_173,en:base,481,1000,1,0,"{""count"": 1000}"
Qwen3-VL-32B-Instruct,g8b,st_a,IMG_174,en:base,129,100,1,0,"{""count"": 100}"
Qwen3-VL-32B-Instruct,g8b,st_a,IMG_174,cn:base,129,100,1,0,"{""count"": 100}"
Qwen3-VL-32B-Instruct,g8b,st_a,IMG_177,en:base,363,1000,1,0,"{""count"": 1000}"
Qwen3-VL-32B-Instruct,g8b,st_a,IMG_178,cn:base,549,0,1,0,"{""count"": 0}"
Qwen3-VL-32B-Instruct,g8b,st_a,IMG_178,en:base,549,1000,1,0,"{""count"": 1000}"
Qwen3-VL-32B-Instruct,g8b,st_a,IMG_179,cn:base,400,100,1,0,"{""count"": 100}"
Qwen3-VL-32B-Instruct,g8b,st_a,IMG_18,en:base,227,100,1,0,"{""count"": 100}"
Qwen3-VL-32B-Instruct,g8b,st_a,IMG_180,cn:base,398,0,1,0,"{""count"": 0}"
Qwen3-VL-32B-Instruct,g8b,st_a,IMG_18,cn:base,227,100,1,0,"{""count"": 100}"
Qwen3-VL-32B-Instruct,g8b,st_a,IMG_179,en:base,400,1000,1,0,"{""count"": 1000}"
Qwen3-VL-32B-Instruct,g8b,st_a,IMG_180,en:base,398,1000,1,0,"{""count"": 1000}"
Qwen3-VL-32B-Instruct,g8b,st_a,IMG_19,cn:base,230,0,1,0,"{""count"": 0}"
Qwen3-VL-32B-Instruct,g8b,st_a,IMG_19,en:base,230,100,1,0,"{""count"": 100}"
Qwen3-VL-32B-Instruct,g8b,st_a,IMG_181,en:base,216,256,1,0,"{""count"": 256}"
Qwen3-VL-32B-Instruct,g8b,st_a,IMG_182,en:base,199,100,1,0,"{""count"": 100}"
Qwen3-VL-32B-Instruct,g8b,st_a,IMG_182,cn:base,199,100,1,0,"{""count"": 100}"
Qwen3-VL-32B-Instruct,g8b,st_a,IMG_181,cn:base,216,200,1,0,"{""count"": 200}"
Qwen3-VL-32B-Instruct,g8b,st_a,IMG_20,cn:base,460,1000,1,0,"{""count"": 1000}"
Qwen3-VL-32B-Instruct,g8b,st_a,IMG_20,en:base,460,1000,1,0,"{""count"": 1000}"
Qwen3-VL-32B-Instruct,g8b,st_a,IMG_22,cn:base,212,0,1,0,"{""count"": 0}"
Qwen3-VL-32B-Instruct,g8b,st_a,IMG_2,cn:base,1111,0,1,0,"{""count"": 0}"
Qwen3-VL-32B-Instruct,g8b,st_a,IMG_22,en:base,212,1000,1,0,"{""count"": 1000}"
Qwen3-VL-32B-Instruct,g8b,st_a,IMG_21,cn:base,717,0,1,0,"{""count"": 0}"
Qwen3-VL-32B-Instruct,g8b,st_a,IMG_26,en:base,497,0,1,0,"{""count"": 0}"
Qwen3-VL-32B-Instruct,g8b,st_a,IMG_26,cn:base,497,0,1,0,"{""count"": 0}"
Qwen3-VL-32B-Instruct,g8b,st_a,IMG_21,en:base,717,1000,1,0,"{""count"": 1000}"
Qwen3-VL-32B-Instruct,g8b,st_a,IMG_2,en:base,1111,1000,1,0,"{""count"": 1000}"
Qwen3-VL-32B-Instruct,g8b,st_a,IMG_23,cn:base,429,0,1,0,"{""count"": 0}"
Qwen3-VL-32B-Instruct,g8b,st_a,IMG_24,en:base,553,450,1,0,"{""count"": 450}"
Qwen3-VL-32B-Instruct,g8b,st_a,IMG_23,en:base,429,0,1,0,"{""count"": 0}"
Qwen3-VL-32B-Instruct,g8b,st_a,IMG_24,cn:base,553,500,1,0,"{""count"": 500}"
Qwen3-VL-32B-Instruct,g8b,st_a,IMG_27,cn:base,760,0,1,0,"{""count"": 0}"
Qwen3-VL-32B-Instruct,g8b,st_a,IMG_25,cn:base,243,100,1,0,"{""count"": 100}"
Qwen3-VL-32B-Instruct,g8b,st_a,IMG_25,en:base,243,100,1,0,"{""count"": 100}"
Qwen3-VL-32B-Instruct,g8b,st_a,IMG_27,en:base,760,1000,1,0,"{""count"": 1000}"
Qwen3-VL-32B-Instruct,g8b,st_a,IMG_28,en:base,423,0,1,0,"{""count"": 0}"
Qwen3-VL-32B-Instruct,g8b,st_a,IMG_28,cn:base,423,0,1,0,"{""count"": 0}"
Qwen3-VL-32B-Instruct,g8b,st_a,IMG_29,en:base,309,100,1,0,"{""count"": 100}"
Qwen3-VL-32B-Instruct,g8b,st_a,IMG_3,cn:base,297,0,1,0,"{""count"": 0}"
Qwen3-VL-32B-Instruct,g8b,st_a,IMG_29,cn:base,309,100,1,0,"{""count"": 100}"
Qwen3-VL-32B-Instruct,g8b,st_a,IMG_3,en:base,297,1000,1,0,"{""count"": 1000}"
Qwen3-VL-32B-Instruct,g8b,st_a,IMG_30,en:base,307,300,1,0,"{""count"": 300}"
Qwen3-VL-32B-Instruct,g8b,st_a,IMG_30,cn:base,307,300,1,0,"{""count"": 300}"
Qwen3-VL-32B-Instruct,g8b,st_a,IMG_36,cn:base,1266,0,1,0,"{""count"": 0}"
Qwen3-VL-32B-Instruct,g8b,st_a,IMG_36,en:base,1266,1000,1,0,"{""count"": 1000}"
Qwen3-VL-32B-Instruct,g8b,st_a,IMG_33,cn:base,475,0,1,0,"{""count"": 0}"
Qwen3-VL-32B-Instruct,g8b,st_a,IMG_33,en:base,475,1000,1,0,"{""count"": 1000}"
Qwen3-VL-32B-Instruct,g8b,st_a,IMG_35,en:base,567,1000,1,0,"{""count"": 1000}"
Qwen3-VL-32B-Instruct,g8b,st_a,IMG_35,cn:base,567,1000,1,0,"{""count"": 1000}"
Qwen3-VL-32B-Instruct,g8b,st_a,IMG_31,cn:base,250,250,1,0,"{""count"": 250}"
Qwen3-VL-32B-Instruct,g8b,st_a,IMG_31,en:base,250,300,1,0,"{""count"": 300}"
Qwen3-VL-32B-Instruct,g8b,st_a,IMG_34,en:base,89,100,1,0,"{""count"": 100}"
Qwen3-VL-32B-Instruct,g8b,st_a,IMG_34,cn:base,89,100,1,0,"{""count"": 100}"
Qwen3-VL-32B-Instruct,g8b,st_a,IMG_37,en:base,195,250,1,0,"{""count"": 250}"
Qwen3-VL-32B-Instruct,g8b,st_a,IMG_32,cn:base,961,0,1,0,"{""count"": 0}"
Qwen3-VL-32B-Instruct,g8b,st_a,IMG_37,cn:base,195,100,1,0,"{""count"": 100}"
Qwen3-VL-32B-Instruct,g8b,st_a,IMG_32,en:base,961,1000,1,0,"{""count"": 1000}"
Qwen3-VL-32B-Instruct,g8b,st_a,IMG_38,cn:base,717,1000,1,0,"{""count"": 1000}"
Qwen3-VL-32B-Instruct,g8b,st_a,IMG_38,en:base,717,1000,1,0,"{""count"": 1000}"
Qwen3-VL-32B-Instruct,g8b,st_a,IMG_40,cn:base,236,0,1,0,"{""count"": 0}"
Qwen3-VL-32B-Instruct,g8b,st_a,IMG_40,en:base,236,100,1,0,"{""count"": 100}"
Qwen3-VL-32B-Instruct,g8b,st_a,IMG_4,en:base,170,250,1,0,"{""count"": 250}"
Qwen3-VL-32B-Instruct,g8b,st_a,IMG_4,cn:base,170,150,1,0,"{""count"": 150}"
Qwen3-VL-32B-Instruct,g8b,st_a,IMG_44,en:base,366,300,1,0,"{""count"": 300}"
Qwen3-VL-32B-Instruct,g8b,st_a,IMG_44,cn:base,366,300,1,0,"{""count"": 300}"
Qwen3-VL-32B-Instruct,g8b,st_a,IMG_39,en:base,196,150,1,0,"{""count"": 150}"
Qwen3-VL-32B-Instruct,g8b,st_a,IMG_39,cn:base,196,150,1,0,"{""count"": 150}"
Qwen3-VL-32B-Instruct,g8b,st_a,IMG_42,cn:base,797,1000,1,0,"{""count"": 1000}"
Qwen3-VL-32B-Instruct,g8b,st_a,IMG_42,en:base,797,1000,1,0,"{""count"": 1000}"
Qwen3-VL-32B-Instruct,g8b,st_a,IMG_41,cn:base,249,100,1,0,"{""count"": 100}"
Qwen3-VL-32B-Instruct,g8b,st_a,IMG_45,cn:base,138,0,1,0,"{""count"": 0}"
Qwen3-VL-32B-Instruct,g8b,st_a,IMG_41,en:base,249,100,1,0,"{""count"": 100}"
Qwen3-VL-32B-Instruct,g8b,st_a,IMG_45,en:base,138,100,1,0,"{""count"": 100}"
Qwen3-VL-32B-Instruct,g8b,st_a,IMG_43,en:base,116,45,1,0,"{""count"": 45}"
Qwen3-VL-32B-Instruct,g8b,st_a,IMG_43,cn:base,116,45,1,0,"{""count"": 45}"
Qwen3-VL-32B-Instruct,g8b,st_a,IMG_49,cn:base,511,0,1,0,"{""count"": 0}"
Qwen3-VL-32B-Instruct,g8b,st_a,IMG_49,en:base,511,0,1,0,"{""count"": 0}"
Qwen3-VL-32B-Instruct,g8b,st_a,IMG_47,en:base,316,1024,1,0,"{""count"": 1024}"
Qwen3-VL-32B-Instruct,g8b,st_a,IMG_47,cn:base,316,1024,1,0,"{""count"": 1024}"
Qwen3-VL-32B-Instruct,g8b,st_a,IMG_46,en:base,373,300,1,0,"{""count"": 300}"
Qwen3-VL-32B-Instruct,g8b,st_a,IMG_46,cn:base,373,300,1,0,"{""count"": 300}"
Qwen3-VL-32B-Instruct,g8b,st_a,IMG_5,en:base,817,1000,1,0,"{""count"": 1000}"
Qwen3-VL-32B-Instruct,g8b,st_a,IMG_48,en:base,384,500,1,0,"{""count"": 500}"
Qwen3-VL-32B-Instruct,g8b,st_a,IMG_48,cn:base,384,300,1,0,"{""count"": 300}"
Qwen3-VL-32B-Instruct,g8b,st_a,IMG_5,cn:base,817,1000,1,0,"{""count"": 1000}"
Qwen3-VL-32B-Instruct,g8b,st_a,IMG_50,cn:base,997,0,1,0,"{""count"": 0}"
Qwen3-VL-32B-Instruct,g8b,st_a,IMG_51,cn:base,297,300,1,0,"{""count"": 300}"
Qwen3-VL-32B-Instruct,g8b,st_a,IMG_51,en:base,297,300,1,0,"{""count"": 300}"
Qwen3-VL-32B-Instruct,g8b,st_a,IMG_50,en:base,997,1000,1,0,"{""count"": 1000}"
Qwen3-VL-32B-Instruct,g8b,st_a,IMG_53,cn:base,175,0,1,0,"{""count"": 0}"
Qwen3-VL-32B-Instruct,g8b,st_a,IMG_52,cn:base,134,100,1,0,"{""count"": 100}"
Qwen3-VL-32B-Instruct,g8b,st_a,IMG_53,en:base,175,100,1,0,"{""count"": 100}"
Qwen3-VL-32B-Instruct,g8b,st_a,IMG_52,en:base,134,100,1,0,"{""count"": 100}"
Qwen3-VL-32B-Instruct,g8b,st_a,IMG_54,en:base,529,0,1,0,"{""count"": 0}"
Qwen3-VL-32B-Instruct,g8b,st_a,IMG_54,cn:base,529,0,1,0,"{""count"": 0}"
Qwen3-VL-32B-Instruct,g8b,st_a,IMG_56,cn:base,349,0,1,0,"{""count"": 0}"
Qwen3-VL-32B-Instruct,g8b,st_a,IMG_56,en:base,349,500,1,0,"{""count"": 500}"
Qwen3-VL-32B-Instruct,g8b,st_a,IMG_57,cn:base,356,0,1,0,"{""count"": 0}"
Qwen3-VL-32B-Instruct,g8b,st_a,IMG_57,en:base,356,500,1,0,"{""count"": 500}"
Qwen3-VL-32B-Instruct,g8b,st_a,IMG_59,en:base,466,1000,1,0,"{""count"": 1000}"
Qwen3-VL-32B-Instruct,g8b,st_a,IMG_59,cn:base,466,1000,1,0,"{""count"": 1000}"
Qwen3-VL-32B-Instruct,g8b,st_a,IMG_55,en:base,149,100,1,0,"{""count"": 100}"
Qwen3-VL-32B-Instruct,g8b,st_a,IMG_55,cn:base,149,100,1,0,"{""count"": 100}"
Qwen3-VL-32B-Instruct,g8b,st_a,IMG_61,en:base,193,100,1,0,"{""count"": 100}"
Qwen3-VL-32B-Instruct,g8b,st_a,IMG_61,cn:base,193,100,1,0,"{""count"": 100}"
Qwen3-VL-32B-Instruct,g8b,st_a,IMG_60,cn:base,291,0,1,0,"{""count"": 0}"
Qwen3-VL-32B-Instruct,g8b,st_a,IMG_60,en:base,291,250,1,0,"{""count"": 250}"
Qwen3-VL-32B-Instruct,g8b,st_a,IMG_58,cn:base,198,150,1,0,"{""count"": 150}"
Qwen3-VL-32B-Instruct,g8b,st_a,IMG_58,en:base,198,150,1,0,"{""count"": 150}"
Qwen3-VL-32B-Instruct,g8b,st_a,IMG_62,cn:base,337,0,1,0,"{""count"": 0}"
Qwen3-VL-32B-Instruct,g8b,st_a,IMG_62,en:base,337,300,1,0,"{""count"": 300}"
Qwen3-VL-32B-Instruct,g8b,st_a,IMG_63,cn:base,1121,0,1,0,"{""count"": 0}"
Qwen3-VL-32B-Instruct,g8b,st_a,IMG_63,en:base,1121,1000,1,0,"{""count"": 1000}"
Qwen3-VL-32B-Instruct,g8b,st_a,IMG_6,en:base,361,300,1,0,"{""count"": 300}"
Qwen3-VL-32B-Instruct,g8b,st_a,IMG_6,cn:base,361,300,1,0,"{""count"": 300}"
Qwen3-VL-32B-Instruct,g8b,st_a,IMG_64,en:base,287,0,1,0,"{""count"": 0}"
Qwen3-VL-32B-Instruct,g8b,st_a,IMG_64,cn:base,287,0,1,0,"{""count"": 0}"
Qwen3-VL-32B-Instruct,g8b,st_a,IMG_65,en:base,214,100,1,0,"{""count"": 100}"
Qwen3-VL-32B-Instruct,g8b,st_a,IMG_65,cn:base,214,100,1,0,"{""count"": 100}"
Qwen3-VL-32B-Instruct,g8b,st_a,IMG_7,en:base,568,1000,1,0,"{""count"": 1000}"
Qwen3-VL-32B-Instruct,g8b,st_a,IMG_7,cn:base,568,0,1,0,"{""count"": 0}"
Qwen3-VL-32B-Instruct,g8b,st_a,IMG_67,en:base,192,150,1,0,"{""count"": 150}"
Qwen3-VL-32B-Instruct,g8b,st_a,IMG_67,cn:base,192,150,1,0,"{""count"": 150}"
Qwen3-VL-32B-Instruct,g8b,st_a,IMG_70,cn:base,412,0,1,0,"{""count"": 0}"
Qwen3-VL-32B-Instruct,g8b,st_a,IMG_68,en:base,212,100,1,0,"{""count"": 100}"
Qwen3-VL-32B-Instruct,g8b,st_a,IMG_68,cn:base,212,100,1,0,"{""count"": 100}"
Qwen3-VL-32B-Instruct,g8b,st_a,IMG_70,en:base,412,300,1,0,"{""count"": 300}"
Qwen3-VL-32B-Instruct,g8b,st_a,IMG_66,cn:base,823,300,1,0,"{""count"": 300}"
Qwen3-VL-32B-Instruct,g8b,st_a,IMG_66,en:base,823,1000,1,0,"{""count"": 1000}"
Qwen3-VL-32B-Instruct,g8b,st_a,IMG_69,en:base,166,150,1,0,"{""count"": 150}"
Qwen3-VL-32B-Instruct,g8b,st_a,IMG_69,cn:base,166,100,1,0,"{""count"": 100}"
Qwen3-VL-32B-Instruct,g8b,st_a,IMG_71,cn:base,602,0,1,0,"{""count"": 0}"
Qwen3-VL-32B-Instruct,g8b,st_a,IMG_72,en:base,589,1000,1,0,"{""count"": 1000}"
Qwen3-VL-32B-Instruct,g8b,st_a,IMG_72,cn:base,589,1000,1,0,"{""count"": 1000}"
Qwen3-VL-32B-Instruct,g8b,st_a,IMG_71,en:base,602,1000,1,0,"{""count"": 1000}"
Qwen3-VL-32B-Instruct,g8b,st_a,IMG_76,cn:base,485,0,1,0,"{""count"": 0}"
Qwen3-VL-32B-Instruct,g8b,st_a,IMG_74,cn:base,855,1000,1,0,"{""count"": 1000}"
Qwen3-VL-32B-Instruct,g8b,st_a,IMG_74,en:base,855,1000,1,0,"{""count"": 1000}"
Qwen3-VL-32B-Instruct,g8b,st_a,IMG_75,en:base,665,0,1,0,"{""count"": 0}"
Qwen3-VL-32B-Instruct,g8b,st_a,IMG_75,cn:base,665,0,1,0,"{""count"": 0}"
Qwen3-VL-32B-Instruct,g8b,st_a,IMG_76,en:base,485,1000,1,0,"{""count"": 1000}"
Qwen3-VL-32B-Instruct,g8b,st_a,IMG_73,en:base,153,150,1,0,"{""count"": 150}"
Qwen3-VL-32B-Instruct,g8b,st_a,IMG_73,cn:base,153,150,1,0,"{""count"": 150}"
Qwen3-VL-32B-Instruct,g8b,st_a,IMG_8,cn:base,1326,0,1,0,"{""count"": 0}"
Qwen3-VL-32B-Instruct,g8b,st_a,IMG_8,en:base,1326,1000,1,0,"{""count"": 1000}"
Qwen3-VL-32B-Instruct,g8b,st_a,IMG_78,en:base,271,300,1,0,"{""count"": 300}"
Qwen3-VL-32B-Instruct,g8b,st_a,IMG_78,cn:base,271,300,1,0,"{""count"": 300}"
Qwen3-VL-32B-Instruct,g8b,st_a,IMG_77,cn:base,207,158,1,0,"{""count"": 158}"
Qwen3-VL-32B-Instruct,g8b,st_a,IMG_77,en:base,207,158,1,0,"{""count"": 158}"
Qwen3-VL-32B-Instruct,g8b,st_a,IMG_79,en:base,186,150,1,0,"{""count"": 150}"
Qwen3-VL-32B-Instruct,g8b,st_a,IMG_79,cn:base,186,150,1,0,"{""count"": 150}"
Qwen3-VL-32B-Instruct,g8b,st_a,IMG_81,cn:base,356,0,1,0,"{""count"": 0}"
Qwen3-VL-32B-Instruct,g8b,st_a,IMG_81,en:base,356,1000,1,0,"{""count"": 1000}"
Qwen3-VL-32B-Instruct,g8b,st_a,IMG_82,cn:base,217,100,1,0,"{""count"": 100}"
Qwen3-VL-32B-Instruct,g8b,st_a,IMG_82,en:base,217,250,1,0,"{""count"": 250}"
Qwen3-VL-32B-Instruct,g8b,st_a,IMG_80,cn:base,157,100,1,0,"{""count"": 100}"
Qwen3-VL-32B-Instruct,g8b,st_a,IMG_80,en:base,157,108,1,0,"{""count"": 108}"
Qwen3-VL-32B-Instruct,g8b,st_a,IMG_84,en:base,122,108,1,0,"{""count"": 108}"
Qwen3-VL-32B-Instruct,g8b,st_a,IMG_84,cn:base,122,108,1,0,"{""count"": 108}"
Qwen3-VL-32B-Instruct,g8b,st_a,IMG_85,en:base,97,58,1,0,"{""count"": 58}"
Qwen3-VL-32B-Instruct,g8b,st_a,IMG_85,cn:base,97,50,1,0,"{""count"": 50}"
Qwen3-VL-32B-Instruct,g8b,st_a,IMG_83,en:base,218,256,1,0,"{""count"": 256}"
Qwen3-VL-32B-Instruct,g8b,st_a,IMG_83,cn:base,218,256,1,0,"{""count"": 256}"
Qwen3-VL-32B-Instruct,g8b,st_a,IMG_89,cn:base,383,300,1,0,"{""count"": 300}"
Qwen3-VL-32B-Instruct,g8b,st_a,IMG_89,en:base,383,300,1,0,"{""count"": 300}"
Qwen3-VL-32B-Instruct,g8b,st_a,IMG_87,en:base,417,300,1,0,"{""count"": 300}"
Qwen3-VL-32B-Instruct,g8b,st_a,IMG_87,cn:base,417,300,1,0,"{""count"": 300}"
Qwen3-VL-32B-Instruct,g8b,st_a,IMG_90,en:base,2256,0,1,0,"{""count"": 0}"
Qwen3-VL-32B-Instruct,g8b,st_a,IMG_90,cn:base,2256,0,1,0,"{""count"": 0}"
Qwen3-VL-32B-Instruct,g8b,st_a,IMG_88,en:base,86,58,1,0,"{""count"": 58}"
Qwen3-VL-32B-Instruct,g8b,st_a,IMG_88,cn:base,86,50,1,0,"{""count"": 50}"
Qwen3-VL-32B-Instruct,g8b,st_a,IMG_86,en:base,579,542,1,0,"{""count"": 542}"
Qwen3-VL-32B-Instruct,g8b,st_a,IMG_86,cn:base,579,500,1,0,"{""count"": 500}"
Qwen3-VL-32B-Instruct,g8b,st_a,IMG_9,en:base,371,100,1,0,"{""count"": 100}"
Qwen3-VL-32B-Instruct,g8b,st_a,IMG_9,cn:base,371,100,1,0,"{""count"": 100}"
Qwen3-VL-32B-Instruct,g8b,st_a,IMG_92,cn:base,1366,0,1,0,"{""count"": 0}"
Qwen3-VL-32B-Instruct,g8b,st_a,IMG_91,cn:base,101,78,1,0,"{""count"": 78}"
Qwen3-VL-32B-Instruct,g8b,st_a,IMG_91,en:base,101,78,1,0,"{""count"": 78}"
Qwen3-VL-32B-Instruct,g8b,st_a,IMG_92,en:base,1366,10000,1,0,"{""count"": 10000}"
Qwen3-VL-32B-Instruct,g8b,st_a,IMG_94,cn:base,69,50,1,0,"{""count"": 50}"
Qwen3-VL-32B-Instruct,g8b,st_a,IMG_94,en:base,69,50,1,0,"{""count"": 50}"
Qwen3-VL-32B-Instruct,g8b,st_a,IMG_93,en:base,255,250,1,0,"{""count"": 250}"
Qwen3-VL-32B-Instruct,g8b,st_a,IMG_93,cn:base,255,250,1,0,"{""count"": 250}"
Qwen3-VL-32B-Instruct,g8b,st_a,IMG_95,en:base,190,100,1,0,"{""count"": 100}"
Qwen3-VL-32B-Instruct,g8b,st_a,IMG_95,cn:base,190,100,1,0,"{""count"": 100}"
Qwen3-VL-32B-Instruct,g8b,st_a,IMG_97,en:base,521,1000,1,0,"{""count"": 1000}"
Qwen3-VL-32B-Instruct,g8b,st_a,IMG_97,cn:base,521,1000,1,0,"{""count"": 1000}"
Qwen3-VL-32B-Instruct,g8b,st_a,IMG_96,cn:base,246,256,1,0,"{""count"": 256}"
Qwen3-VL-32B-Instruct,g8b,st_a,IMG_96,en:base,246,256,1,0,"{""count"": 256}"
Qwen3-VL-32B-Instruct,g8b,st_a,IMG_99,en:base,242,250,1,0,"{""count"": 250}"
Qwen3-VL-32B-Instruct,g8b,st_a,IMG_99,cn:base,242,100,1,0,"{""count"": 100}"
Qwen3-VL-32B-Instruct,g8b,st_a,IMG_98,en:base,153,150,1,0,"{""count"": 150}"
Qwen3-VL-32B-Instruct,g8b,st_a,IMG_98,cn:base,153,100,1,0,"{""count"": 100}"
Qwen3-VL-32B-Instruct,g8b,visdrone,0000063_03139_d_0000004,cn:base,42,35,1,0,"{""count"": 35}"
Qwen3-VL-32B-Instruct,g8b,visdrone,0000063_03139_d_0000004,en:base,42,37,1,0,"{""count"": 37}"
Qwen3-VL-32B-Instruct,g8b,visdrone,0000074_14850_d_0000029,cn:base,96,100,1,0,"{""count"": 100}"
Qwen3-VL-32B-Instruct,g8b,visdrone,0000074_14850_d_0000029,en:base,96,108,1,0,"{""count"": 108}"
Qwen3-VL-32B-Instruct,g8b,visdrone,0000063_07000_d_0000008,en:base,55,50,1,0,"{""count"": 50}"
Qwen3-VL-32B-Instruct,g8b,visdrone,0000063_07000_d_0000008,cn:base,55,48,1,0,"{""count"": 48}"
Qwen3-VL-32B-Instruct,g8b,visdrone,0000066_01097_d_0000002,en:base,262,300,1,0,"{""count"": 300}"
Qwen3-VL-32B-Instruct,g8b,visdrone,0000066_01097_d_0000002,cn:base,262,256,1,0,"{""count"": 256}"
Qwen3-VL-32B-Instruct,g8b,visdrone,0000011_01955_d_0000004,en:base,38,25,1,0,"{""count"": 25}"
Qwen3-VL-32B-Instruct,g8b,visdrone,0000078_01314_d_0000004,en:base,2,2,1,0,"{""count"": 2}"
Qwen3-VL-32B-Instruct,g8b,visdrone,0000078_01314_d_0000004,cn:base,2,2,1,0,"{""count"": 2}"
Qwen3-VL-32B-Instruct,g8b,visdrone,0000011_01955_d_0000004,cn:base,38,24,1,0,"{""count"": 24}"
Qwen3-VL-32B-Instruct,g8b,visdrone,0000063_12500_d_0000014,en:base,163,100,1,0,"{""count"": 100}"
Qwen3-VL-32B-Instruct,g8b,visdrone,0000063_12500_d_0000014,cn:base,163,100,1,0,"{""count"": 100}"
Qwen3-VL-32B-Instruct,g8b,visdrone,0000011_00234_d_0000001,en:base,67,25,1,0,"{""count"": 25}"
Qwen3-VL-32B-Instruct,g8b,visdrone,0000011_00234_d_0000001,cn:base,67,28,1,0,"{""count"": 28}"
Qwen3-VL-32B-Instruct,g8b,visdrone,0000083_00803_d_0000003,en:base,33,24,1,0,"{""count"": 24}"
Qwen3-VL-32B-Instruct,g8b,visdrone,0000083_00803_d_0000003,cn:base,33,24,1,0,"{""count"": 24}"
Qwen3-VL-32B-Instruct,g8b,visdrone,0000074_11827_d_0000023,cn:base,112,100,1,0,"{""count"": 100}"
Qwen3-VL-32B-Instruct,g8b,visdrone,0000074_11827_d_0000023,en:base,112,100,1,0,"{""count"": 100}"
Qwen3-VL-32B-Instruct,g8b,visdrone,0000078_03171_d_0000009,en:base,28,14,1,0,"{""count"": 14}"
Qwen3-VL-32B-Instruct,g8b,visdrone,0000078_03171_d_0000009,cn:base,28,14,1,0,"{""count"": 14}"
Qwen3-VL-32B-Instruct,g8b,visdrone,0000078_02778_d_0000008,en:base,17,10,1,0,"{""count"": 10}"
Qwen3-VL-32B-Instruct,g8b,visdrone,0000078_02778_d_0000008,cn:base,17,10,1,0,"{""count"": 10}"
Qwen3-VL-32B-Instruct,g8b,visdrone,0000006_01275_d_0000004,en:base,1,1,1,0,"{""count"": 1}"
Qwen3-VL-32B-Instruct,g8b,visdrone,0000006_01275_d_0000004,cn:base,1,1,1,0,"{""count"": 1}"
Qwen3-VL-32B-Instruct,g8b,visdrone,0000011_08299_d_0000012,en:base,10,15,1,0,"{""count"": 15}"
Qwen3-VL-32B-Instruct,g8b,visdrone,0000011_08299_d_0000012,cn:base,10,15,1,0,"{""count"": 15}"
Qwen3-VL-32B-Instruct,g8b,visdrone,0000074_15793_d_0000031,en:base,64,58,1,0,"{""count"": 58}"
Qwen3-VL-32B-Instruct,g8b,visdrone,0000074_15793_d_0000031,cn:base,64,58,1,0,"{""count"": 58}"
Qwen3-VL-32B-Instruct,g8b,visdrone,0000011_02800_d_0000005,en:base,34,22,1,0,"{""count"": 22}"
Qwen3-VL-32B-Instruct,g8b,visdrone,0000011_02800_d_0000005,cn:base,34,20,1,0,"{""count"": 20}"
Qwen3-VL-32B-Instruct,g8b,visdrone,0000105_02539_d_0000072,cn:base,12,5,1,0,"{""count"": 5}"
Qwen3-VL-32B-Instruct,g8b,visdrone,0000105_02539_d_0000072,en:base,12,5,1,0,"{""count"": 5}"
Qwen3-VL-32B-Instruct,g8b,visdrone,0000074_03738_d_0000007,en:base,82,58,1,0,"{""count"": 58}"
Qwen3-VL-32B-Instruct,g8b,visdrone,0000074_03738_d_0000007,cn:base,82,58,1,0,"{""count"": 58}"
Qwen3-VL-32B-Instruct,g8b,visdrone,0000073_01275_d_0000002,en:base,115,108,1,0,"{""count"": 108}"
Qwen3-VL-32B-Instruct,g8b,visdrone,0000073_01275_d_0000002,cn:base,115,108,1,0,"{""count"": 108}"
Qwen3-VL-32B-Instruct,g8b,visdrone,0000074_06746_d_0000013,en:base,73,100,1,0,"{""count"": 100}"
Qwen3-VL-32B-Instruct,g8b,visdrone,0000074_06746_d_0000013,cn:base,73,100,1,0,"{""count"": 100}"
Qwen3-VL-32B-Instruct,g8b,visdrone,0000011_05068_d_0000008,en:base,27,24,1,0,"{""count"": 24}"
Qwen3-VL-32B-Instruct,g8b,visdrone,0000011_05068_d_0000008,cn:base,27,20,1,0,"{""count"": 20}"
Qwen3-VL-32B-Instruct,g8b,visdrone,0000011_06000_d_0000009,cn:base,56,20,1,0,"{""count"": 20}"
Qwen3-VL-32B-Instruct,g8b,visdrone,0000011_06000_d_0000009,en:base,56,20,1,0,"{""count"": 20}"
Qwen3-VL-32B-Instruct,g8b,visdrone,0000074_08202_d_0000016,en:base,77,100,1,0,"{""count"": 100}"
Qwen3-VL-32B-Instruct,g8b,visdrone,0000120_00559_d_0000092,en:base,31,28,1,0,"{""count"": 28}"
Qwen3-VL-32B-Instruct,g8b,visdrone,0000074_08202_d_0000016,cn:base,77,100,1,0,"{""count"": 100}"
Qwen3-VL-32B-Instruct,g8b,visdrone,0000120_00559_d_0000092,cn:base,31,25,1,0,"{""count"": 25}"
Qwen3-VL-32B-Instruct,g8b,visdrone,0000120_02946_d_0000098,en:base,12,18,1,0,"{""count"": 18}"
Qwen3-VL-32B-Instruct,g8b,visdrone,0000120_02946_d_0000098,cn:base,12,15,1,0,"{""count"": 15}"
Qwen3-VL-32B-Instruct,g8b,visdrone,0000074_09738_d_0000019,cn:base,86,78,1,0,"{""count"": 78}"
Qwen3-VL-32B-Instruct,g8b,visdrone,0000074_09738_d_0000019,en:base,86,108,1,0,"{""count"": 108}"
Qwen3-VL-32B-Instruct,g8b,visdrone,0000152_02214_d_0000150,en:base,26,0,1,0,"{""count"": 0}"
Qwen3-VL-32B-Instruct,g8b,visdrone,0000152_02214_d_0000150,cn:base,26,0,1,0,"{""count"": 0}"
Qwen3-VL-32B-Instruct,g8b,visdrone,0000074_11362_d_0000022,cn:base,101,100,1,0,"{""count"": 100}"
Qwen3-VL-32B-Instruct,g8b,visdrone,0000074_11362_d_0000022,en:base,101,100,1,0,"{""count"": 100}"
Qwen3-VL-32B-Instruct,g8b,visdrone,0000152_00599_d_0000146,cn:base,19,0,1,0,"{""count"": 0}"
Qwen3-VL-32B-Instruct,g8b,visdrone,0000127_01002_d_0000123,en:base,45,24,1,0,"{""count"": 24}"
Qwen3-VL-32B-Instruct,g8b,visdrone,0000074_12322_d_0000024,en:base,74,108,1,0,"{""count"": 108}"
Qwen3-VL-32B-Instruct,g8b,visdrone,0000127_01002_d_0000123,cn:base,45,20,1,0,"{""count"": 20}"
Qwen3-VL-32B-Instruct,g8b,visdrone,0000152_00599_d_0000146,en:base,19,0,1,0,"{""count"": 0}"
Qwen3-VL-32B-Instruct,g8b,visdrone,0000074_12322_d_0000024,cn:base,74,100,1,0,"{""count"": 100}"
Qwen3-VL-32B-Instruct,g8b,visdrone,0000207_00500_d_0000006,en:base,12,0,1,0,"{""count"": 0}"
Qwen3-VL-32B-Instruct,g8b,visdrone,0000207_00500_d_0000006,cn:base,12,1,1,0,"{""count"": 1}"
Qwen3-VL-32B-Instruct,g8b,visdrone,0000250_02350_d_0000001,cn:base,1,0,1,0,"{""count"": 0}"
Qwen3-VL-32B-Instruct,g8b,visdrone,0000250_02350_d_0000001,en:base,1,0,1,0,"{""count"": 0}"
Qwen3-VL-32B-Instruct,g8b,visdrone,0000127_00002_d_0000119,cn:base,52,28,1,0,"{""count"": 28}"
Qwen3-VL-32B-Instruct,g8b,visdrone,0000127_00002_d_0000119,en:base,52,28,1,0,"{""count"": 28}"
Qwen3-VL-32B-Instruct,g8b,visdrone,0000259_03500_d_0000008,cn:base,7,4,1,0,"{""count"": 4}"
Qwen3-VL-32B-Instruct,g8b,visdrone,0000259_03500_d_0000008,en:base,7,3,1,0,"{""count"": 3}"
Qwen3-VL-32B-Instruct,g8b,visdrone,0000152_03226_d_0000153,cn:base,24,10,1,0,"{""count"": 10}"
Qwen3-VL-32B-Instruct,g8b,visdrone,0000152_03226_d_0000153,en:base,24,10,1,0,"{""count"": 10}"
Qwen3-VL-32B-Instruct,g8b,visdrone,0000259_03000_d_0000007,en:base,17,10,1,0,"{""count"": 10}"
Qwen3-VL-32B-Instruct,g8b,visdrone,0000259_03000_d_0000007,cn:base,17,10,1,0,"{""count"": 10}"
Qwen3-VL-32B-Instruct,g8b,visdrone,0000265_03500_d_0000008,cn:base,61,0,1,0,"{""count"": 0}"
Qwen3-VL-32B-Instruct,g8b,visdrone,0000265_03500_d_0000008,en:base,61,0,1,0,"{""count"": 0}"
Qwen3-VL-32B-Instruct,g8b,visdrone,0000265_05000_d_0000011,cn:base,33,18,1,0,"{""count"": 18}"
Qwen3-VL-32B-Instruct,g8b,visdrone,0000265_05000_d_0000011,en:base,33,18,1,0,"{""count"": 18}"
Qwen3-VL-32B-Instruct,g8b,visdrone,0000265_04500_d_0000010,en:base,43,28,1,0,"{""count"": 28}"
Qwen3-VL-32B-Instruct,g8b,visdrone,0000265_04500_d_0000010,cn:base,43,30,1,0,"{""count"": 30}"
Qwen3-VL-32B-Instruct,g8b,visdrone,0000272_02000_d_0000005,en:base,13,3,1,0,"{""count"": 3}"
Qwen3-VL-32B-Instruct,g8b,visdrone,0000272_02000_d_0000005,cn:base,13,3,1,0,"{""count"": 3}"
Qwen3-VL-32B-Instruct,g8b,visdrone,0000278_02251_d_0000001,en:base,7,4,1,0,"{""count"": 4}"
Qwen3-VL-32B-Instruct,g8b,visdrone,0000278_02251_d_0000001,cn:base,7,4,1,0,"{""count"": 4}"
Qwen3-VL-32B-Instruct,g8b,visdrone,0000278_02451_d_0000003,en:base,5,3,1,0,"{""count"": 3}"
Qwen3-VL-32B-Instruct,g8b,visdrone,0000299_01800_d_0000100,en:base,20,4,1,0,"{""count"": 4}"
Qwen3-VL-32B-Instruct,g8b,visdrone,0000299_01800_d_0000100,cn:base,20,4,1,0,"{""count"": 4}"
Qwen3-VL-32B-Instruct,g8b,visdrone,0000278_02451_d_0000003,cn:base,5,3,1,0,"{""count"": 3}"
Qwen3-VL-32B-Instruct,g8b,visdrone,0000299_03500_d_0000104,en:base,21,0,1,0,"{""count"": 0}"
Qwen3-VL-32B-Instruct,g8b,visdrone,0000299_03500_d_0000104,cn:base,21,0,1,0,"{""count"": 0}"
Qwen3-VL-32B-Instruct,g8b,visdrone,0000299_00000_d_0000088,en:base,15,10,1,0,"{""count"": 10}"
Qwen3-VL-32B-Instruct,g8b,visdrone,0000299_00000_d_0000088,cn:base,15,10,1,0,"{""count"": 10}"
Qwen3-VL-32B-Instruct,g8b,visdrone,0000299_05500_d_0000108,en:base,35,14,1,0,"{""count"": 14}"
Qwen3-VL-32B-Instruct,g8b,visdrone,0000299_04000_d_0000105,cn:base,8,10,1,0,"{""count"": 10}"
Qwen3-VL-32B-Instruct,g8b,visdrone,0000299_05500_d_0000108,cn:base,35,14,1,0,"{""count"": 14}"
Qwen3-VL-32B-Instruct,g8b,visdrone,0000299_04000_d_0000105,en:base,8,10,1,0,"{""count"": 10}"
Qwen3-VL-32B-Instruct,g8b,visdrone,0000310_02500_d_0000123,en:base,22,10,1,0,"{""count"": 10}"
Qwen3-VL-32B-Instruct,g8b,visdrone,0000310_02500_d_0000123,cn:base,22,10,1,0,"{""count"": 10}"
Qwen3-VL-32B-Instruct,g8b,visdrone,0000314_01000_d_0000144,en:base,9,8,1,0,"{""count"": 8}"
Qwen3-VL-32B-Instruct,g8b,visdrone,0000314_01000_d_0000144,cn:base,9,8,1,0,"{""count"": 8}"
Qwen3-VL-32B-Instruct,g8b,visdrone,0000314_00000_d_0000142,cn:base,14,10,1,0,"{""count"": 10}"
Qwen3-VL-32B-Instruct,g8b,visdrone,0000314_00000_d_0000142,en:base,14,10,1,0,"{""count"": 10}"
Qwen3-VL-32B-Instruct,g8b,visdrone,0000310_04000_d_0000126,cn:base,33,20,1,0,"{""count"": 20}"
Qwen3-VL-32B-Instruct,g8b,visdrone,0000310_04000_d_0000126,en:base,33,20,1,0,"{""count"": 20}"
Qwen3-VL-32B-Instruct,g8b,visdrone,0000320_00450_d_0000005,en:base,4,3,1,0,"{""count"": 3}"
Qwen3-VL-32B-Instruct,g8b,visdrone,0000320_00450_d_0000005,cn:base,4,3,1,0,"{""count"": 3}"
Qwen3-VL-32B-Instruct,g8b,visdrone,0000320_01200_d_0000010,en:base,40,20,1,0,"{""count"": 20}"
Qwen3-VL-32B-Instruct,g8b,visdrone,0000328_00300_d_0000020,en:base,21,1,1,0,"{""count"": 1}"
Qwen3-VL-32B-Instruct,g8b,visdrone,0000320_01200_d_0000010,cn:base,40,20,1,0,"{""count"": 20}"
Qwen3-VL-32B-Instruct,g8b,visdrone,0000328_00300_d_0000020,cn:base,21,1,1,0,"{""count"": 1}"
Qwen3-VL-32B-Instruct,g8b,visdrone,0000320_04375_d_0000014,cn:base,11,10,1,0,"{""count"": 10}"
Qwen3-VL-32B-Instruct,g8b,visdrone,0000320_04375_d_0000014,en:base,11,10,1,0,"{""count"": 10}"
Qwen3-VL-32B-Instruct,g8b,visdrone,0000328_00600_d_0000022,cn:base,23,10,1,0,"{""count"": 10}"
Qwen3-VL-32B-Instruct,g8b,visdrone,0000328_00600_d_0000022,en:base,23,10,1,0,"{""count"": 10}"
Qwen3-VL-32B-Instruct,g8b,visdrone,0000328_01050_d_0000025,cn:base,18,10,1,0,"{""count"": 10}"
Qwen3-VL-32B-Instruct,g8b,visdrone,0000337_01000_d_0000038,en:base,8,18,1,0,"{""count"": 18}"
Qwen3-VL-32B-Instruct,g8b,visdrone,0000328_01050_d_0000025,en:base,18,10,1,0,"{""count"": 10}"
Qwen3-VL-32B-Instruct,g8b,visdrone,0000337_01000_d_0000038,cn:base,8,18,1,0,"{""count"": 18}"
Qwen3-VL-32B-Instruct,g8b,visdrone,0000337_00500_d_0000037,en:base,5,10,1,0,"{""count"": 10}"
Qwen3-VL-32B-Instruct,g8b,visdrone,0000337_00500_d_0000037,cn:base,5,14,1,0,"{""count"": 14}"
Qwen3-VL-32B-Instruct,g8b,visdrone,0000337_01500_d_0000039,en:base,18,10,1,0,"{""count"": 10}"
Qwen3-VL-32B-Instruct,g8b,visdrone,0000337_01500_d_0000039,cn:base,18,10,1,0,"{""count"": 10}"
Qwen3-VL-32B-Instruct,g8b,visdrone,0000337_03500_d_0000043,cn:base,6,0,1,0,"{""count"": 0}"
Qwen3-VL-32B-Instruct,g8b,visdrone,0000337_03500_d_0000043,en:base,6,0,1,0,"{""count"": 0}"
Qwen3-VL-32B-Instruct,g8b,visdrone,0000337_03000_d_0000042,cn:base,15,10,1,0,"{""count"": 10}"
Qwen3-VL-32B-Instruct,g8b,visdrone,0000337_02500_d_0000041,cn:base,13,18,1,0,"{""count"": 18}"
Qwen3-VL-32B-Instruct,g8b,visdrone,0000337_02500_d_0000041,en:base,13,20,1,0,"{""count"": 20}"
Qwen3-VL-32B-Instruct,g8b,visdrone,0000337_03000_d_0000042,en:base,15,10,1,0,"{""count"": 10}"
Qwen3-VL-32B-Instruct,g8b,visdrone,0000337_04000_d_0000044,en:base,2,0,1,0,"{""count"": 0}"
Qwen3-VL-32B-Instruct,g8b,visdrone,0000337_04000_d_0000044,cn:base,2,0,1,0,"{""count"": 0}"
Qwen3-VL-32B-Instruct,g8b,visdrone,0000347_00800_d_0000049,en:base,18,6,1,0,"{""count"": 6}"
Qwen3-VL-32B-Instruct,g8b,visdrone,0000347_00800_d_0000049,cn:base,18,7,1,0,"{""count"": 7}"
Qwen3-VL-32B-Instruct,g8b,visdrone,0000353_00500_d_0000189,en:base,17,10,1,0,"{""count"": 10}"
Qwen3-VL-32B-Instruct,g8b,visdrone,0000353_00500_d_0000189,cn:base,17,10,1,0,"{""count"": 10}"
Qwen3-VL-32B-Instruct,g8b,visdrone,0000353_01000_d_0000190,en:base,30,14,1,0,"{""count"": 14}"
Qwen3-VL-32B-Instruct,g8b,visdrone,0000353_01000_d_0000190,cn:base,30,14,1,0,"{""count"": 14}"
Qwen3-VL-32B-Instruct,g8b,visdrone,0000353_05500_d_0000199,en:base,8,0,1,0,"{""count"": 0}"
Qwen3-VL-32B-Instruct,g8b,visdrone,0000353_05500_d_0000199,cn:base,8,0,1,0,"{""count"": 0}"
Qwen3-VL-32B-Instruct,g8b,visdrone,0000355_00000_d_0000206,cn:base,8,1,1,0,"{""count"": 1}"
Qwen3-VL-32B-Instruct,g8b,visdrone,0000355_00000_d_0000206,en:base,8,1,1,0,"{""count"": 1}"
Qwen3-VL-32B-Instruct,g8b,visdrone,0000355_02500_d_0000211,en:base,1,1,1,0,"{""count"": 1}"
Qwen3-VL-32B-Instruct,g8b,visdrone,0000355_02500_d_0000211,cn:base,1,0,1,0,"{""count"": 0}"
Qwen3-VL-32B-Instruct,g8b,visdrone,0000353_01500_d_0000191,en:base,24,14,1,0,"{""count"": 14}"
Qwen3-VL-32B-Instruct,g8b,visdrone,0000353_01500_d_0000191,cn:base,24,12,1,0,"{""count"": 12}"
Qwen3-VL-32B-Instruct,g8b,visdrone,0000365_00000_d_0000223,en:base,38,10,1,0,"{""count"": 10}"
Qwen3-VL-32B-Instruct,g8b,visdrone,0000365_00000_d_0000223,cn:base,38,10,1,0,"{""count"": 10}"
Qwen3-VL-32B-Instruct,g8b,visdrone,9999938_00000_d_0000003,en:base,11,0,1,0,"{""count"": 0}"
Qwen3-VL-32B-Instruct,g8b,visdrone,9999938_00000_d_0000003,cn:base,11,0,1,0,"{""count"": 0}"
Qwen3-VL-32B-Instruct,g8b,visdrone,9999938_00000_d_0000010,en:base,7,0,1,0,"{""count"": 0}"
Qwen3-VL-32B-Instruct,g8b,visdrone,9999938_00000_d_0000010,cn:base,7,0,1,0,"{""count"": 0}"
Qwen3-VL-32B-Instruct,g8b,visdrone,9999938_00000_d_0000002,en:base,26,10,1,0,"{""count"": 10}"
Qwen3-VL-32B-Instruct,g8b,visdrone,9999938_00000_d_0000002,cn:base,26,10,1,0,"{""count"": 10}"
Qwen3-VL-32B-Instruct,g8b,visdrone,9999938_00000_d_0000030,en:base,4,0,1,0,"{""count"": 0}"
Qwen3-VL-32B-Instruct,g8b,visdrone,9999938_00000_d_0000030,cn:base,4,0,1,0,"{""count"": 0}"
Qwen3-VL-32B-Instruct,g8b,visdrone,9999938_00000_d_0000018,en:base,6,0,1,0,"{""count"": 0}"
Qwen3-VL-32B-Instruct,g8b,visdrone,9999938_00000_d_0000018,cn:base,6,0,1,0,"{""count"": 0}"
Qwen3-VL-32B-Instruct,g8b,visdrone,9999938_00000_d_0000032,en:base,12,0,1,0,"{""count"": 0}"
Qwen3-VL-32B-Instruct,g8b,visdrone,9999938_00000_d_0000032,cn:base,12,0,1,0,"{""count"": 0}"
Qwen3-VL-32B-Instruct,g8b,visdrone,9999938_00000_d_0000031,cn:base,8,0,1,0,"{""count"": 0}"
Qwen3-VL-32B-Instruct,g8b,visdrone,9999938_00000_d_0000031,en:base,8,0,1,0,"{""count"": 0}"
Qwen3-VL-32B-Instruct,g8b,visdrone,9999938_00000_d_0000034,en:base,9,0,1,0,"{""count"": 0}"
Qwen3-VL-32B-Instruct,g8b,visdrone,9999938_00000_d_0000034,cn:base,9,0,1,0,"{""count"": 0}"
Qwen3-VL-32B-Instruct,g8b,visdrone,9999938_00000_d_0000036,en:base,13,0,1,0,"{""count"": 0}"
Qwen3-VL-32B-Instruct,g8b,visdrone,9999938_00000_d_0000036,cn:base,13,0,1,0,"{""count"": 0}"
Qwen3-VL-32B-Instruct,g8b,visdrone,9999938_00000_d_0000040,en:base,12,0,1,0,"{""count"": 0}"
Qwen3-VL-32B-Instruct,g8b,visdrone,9999938_00000_d_0000048,cn:base,10,0,1,0,"{""count"": 0}"
Qwen3-VL-32B-Instruct,g8b,visdrone,9999938_00000_d_0000040,cn:base,12,0,1,0,"{""count"": 0}"
Qwen3-VL-32B-Instruct,g8b,visdrone,9999938_00000_d_0000048,en:base,10,0,1,0,"{""count"": 0}"
Qwen3-VL-32B-Instruct,g8b,visdrone,9999938_00000_d_0000050,cn:base,6,0,1,0,"{""count"": 0}"
Qwen3-VL-32B-Instruct,g8b,visdrone,9999938_00000_d_0000050,en:base,6,0,1,0,"{""count"": 0}"
Qwen3-VL-32B-Instruct,g8b,visdrone,9999938_00000_d_0000053,en:base,18,0,1,0,"{""count"": 0}"
Qwen3-VL-32B-Instruct,g8b,visdrone,9999938_00000_d_0000053,cn:base,18,0,1,0,"{""count"": 0}"
Qwen3-VL-32B-Instruct,g8b,visdrone,9999938_00000_d_0000059,en:base,15,0,1,0,"{""count"": 0}"
Qwen3-VL-32B-Instruct,g8b,visdrone,9999938_00000_d_0000055,en:base,5,0,1,0,"{""count"": 0}"
Qwen3-VL-32B-Instruct,g8b,visdrone,9999938_00000_d_0000059,cn:base,15,0,1,0,"{""count"": 0}"
Qwen3-VL-32B-Instruct,g8b,visdrone,9999938_00000_d_0000055,cn:base,5,0,1,0,"{""count"": 0}"
Qwen3-VL-32B-Instruct,g8b,visdrone,9999938_00000_d_0000070,en:base,4,0,1,0,"{""count"": 0}"
Qwen3-VL-32B-Instruct,g8b,visdrone,9999938_00000_d_0000070,cn:base,4,0,1,0,"{""count"": 0}"
Qwen3-VL-32B-Instruct,g8b,visdrone,9999938_00000_d_0000080,en:base,89,0,1,0,"{""count"": 0}"
Qwen3-VL-32B-Instruct,g8b,visdrone,9999938_00000_d_0000073,en:base,54,38,1,0,"{""count"": 38}"
Qwen3-VL-32B-Instruct,g8b,visdrone,9999938_00000_d_0000073,cn:base,54,30,1,0,"{""count"": 30}"
Qwen3-VL-32B-Instruct,g8b,visdrone,9999938_00000_d_0000080,cn:base,89,0,1,0,"{""count"": 0}"
Qwen3-VL-32B-Instruct,g8b,visdrone,9999938_00000_d_0000074,cn:base,40,24,1,0,"{""count"": 24}"
Qwen3-VL-32B-Instruct,g8b,visdrone,9999938_00000_d_0000074,en:base,40,28,1,0,"{""count"": 28}"
Qwen3-VL-32B-Instruct,g8b,visdrone,9999938_00000_d_0000082,en:base,53,10,1,0,"{""count"": 10}"
Qwen3-VL-32B-Instruct,g8b,visdrone,9999938_00000_d_0000082,cn:base,53,10,1,0,"{""count"": 10}"
Qwen3-VL-32B-Instruct,g8b,visdrone,9999938_00000_d_0000093,en:base,13,0,1,0,"{""count"": 0}"
Qwen3-VL-32B-Instruct,g8b,visdrone,9999938_00000_d_0000093,cn:base,13,0,1,0,"{""count"": 0}"
Qwen3-VL-32B-Instruct,g8b,visdrone,9999938_00000_d_0000083,cn:base,27,17,1,0,"{""count"": 17}"
Qwen3-VL-32B-Instruct,g8b,visdrone,9999938_00000_d_0000089,cn:base,42,14,1,0,"{""count"": 14}"
Qwen3-VL-32B-Instruct,g8b,visdrone,9999938_00000_d_0000089,en:base,42,14,1,0,"{""count"": 14}"
Qwen3-VL-32B-Instruct,g8b,visdrone,9999938_00000_d_0000083,en:base,27,18,1,0,"{""count"": 18}"
Qwen3-VL-32B-Instruct,g8b,visdrone,9999938_00000_d_0000099,cn:base,85,20,1,0,"{""count"": 20}"
Qwen3-VL-32B-Instruct,g8b,visdrone,9999938_00000_d_0000099,en:base,85,25,1,0,"{""count"": 25}"
Qwen3-VL-32B-Instruct,g8b,visdrone,9999938_00000_d_0000100,en:base,64,18,1,0,"{""count"": 18}"
Qwen3-VL-32B-Instruct,g8b,visdrone,9999938_00000_d_0000100,cn:base,64,18,1,0,"{""count"": 18}"
Qwen3-VL-32B-Instruct,g8b,visdrone,9999938_00000_d_0000102,cn:base,12,8,1,0,"{""count"": 8}"
Qwen3-VL-32B-Instruct,g8b,visdrone,9999938_00000_d_0000102,en:base,12,10,1,0,"{""count"": 10}"
Qwen3-VL-32B-Instruct,g8b,visdrone,9999938_00000_d_0000105,en:base,112,48,1,0,"{""count"": 48}"
Qwen3-VL-32B-Instruct,g8b,visdrone,9999938_00000_d_0000105,cn:base,112,48,1,0,"{""count"": 48}"
Qwen3-VL-32B-Instruct,g8b,visdrone,9999938_00000_d_0000107,en:base,146,0,1,0,"{""count"": 0}"
Qwen3-VL-32B-Instruct,g8b,visdrone,9999938_00000_d_0000107,cn:base,146,0,1,0,"{""count"": 0}"
Qwen3-VL-32B-Instruct,g8b,visdrone,9999938_00000_d_0000113,en:base,13,4,1,0,"{""count"": 4}"
Qwen3-VL-32B-Instruct,g8b,visdrone,9999938_00000_d_0000113,cn:base,13,4,1,0,"{""count"": 4}"
Qwen3-VL-32B-Instruct,g8b,visdrone,9999938_00000_d_0000121,en:base,176,0,1,0,"{""count"": 0}"
Qwen3-VL-32B-Instruct,g8b,visdrone,9999938_00000_d_0000122,en:base,89,38,1,0,"{""count"": 38}"
Qwen3-VL-32B-Instruct,g8b,visdrone,9999938_00000_d_0000122,cn:base,89,38,1,0,"{""count"": 38}"
Qwen3-VL-32B-Instruct,g8b,visdrone,9999938_00000_d_0000121,cn:base,176,100,1,0,"{""count"": 100}"
Qwen3-VL-32B-Instruct,g8b,visdrone,9999938_00000_d_0000125,cn:base,117,0,1,0,"{""count"": 0}"
Qwen3-VL-32B-Instruct,g8b,visdrone,9999938_00000_d_0000125,en:base,117,0,1,0,"{""count"": 0}"
Qwen3-VL-32B-Instruct,g8b,visdrone,9999938_00000_d_0000130,cn:base,68,15,1,0,"{""count"": 15}"
Qwen3-VL-32B-Instruct,g8b,visdrone,9999938_00000_d_0000144,en:base,19,0,1,0,"{""count"": 0}"
Qwen3-VL-32B-Instruct,g8b,visdrone,9999938_00000_d_0000135,cn:base,30,0,1,0,"{""count"": 0}"
Qwen3-VL-32B-Instruct,g8b,visdrone,9999938_00000_d_0000130,en:base,68,18,1,0,"{""count"": 18}"
Qwen3-VL-32B-Instruct,g8b,visdrone,9999938_00000_d_0000135,en:base,30,0,1,0,"{""count"": 0}"
Qwen3-VL-32B-Instruct,g8b,visdrone,9999938_00000_d_0000144,cn:base,19,0,1,0,"{""count"": 0}"
Qwen3-VL-32B-Instruct,g8b,visdrone,9999938_00000_d_0000148,cn:base,18,0,1,0,"{""count"": 0}"
Qwen3-VL-32B-Instruct,g8b,visdrone,9999938_00000_d_0000148,en:base,18,0,1,0,"{""count"": 0}"
Qwen3-VL-32B-Instruct,g8b,visdrone,9999938_00000_d_0000164,en:base,15,0,1,0,"{""count"": 0}"
Qwen3-VL-32B-Instruct,g8b,visdrone,9999938_00000_d_0000164,cn:base,15,0,1,0,"{""count"": 0}"
Qwen3-VL-32B-Instruct,g8b,visdrone,9999938_00000_d_0000156,cn:base,11,10,1,0,"{""count"": 10}"
Qwen3-VL-32B-Instruct,g8b,visdrone,9999938_00000_d_0000156,en:base,11,10,1,0,"{""count"": 10}"
Qwen3-VL-32B-Instruct,g8b,visdrone,9999938_00000_d_0000157,en:base,6,10,1,0,"{""count"": 10}"
Qwen3-VL-32B-Instruct,g8b,visdrone,9999938_00000_d_0000157,cn:base,6,10,1,0,"{""count"": 10}"
Qwen3-VL-32B-Instruct,g8b,visdrone,9999938_00000_d_0000167,en:base,16,7,1,0,"{""count"": 7}"
Qwen3-VL-32B-Instruct,g8b,visdrone,9999938_00000_d_0000167,cn:base,16,7,1,0,"{""count"": 7}"
Qwen3-VL-32B-Instruct,g8b,visdrone,9999938_00000_d_0000174,cn:base,15,0,1,0,"{""count"": 0}"
Qwen3-VL-32B-Instruct,g8b,visdrone,9999938_00000_d_0000174,en:base,15,0,1,0,"{""count"": 0}"
Qwen3-VL-32B-Instruct,g8b,visdrone,9999938_00000_d_0000177,cn:base,35,0,1,0,"{""count"": 0}"
Qwen3-VL-32B-Instruct,g8b,visdrone,9999938_00000_d_0000177,en:base,35,0,1,0,"{""count"": 0}"
Qwen3-VL-32B-Instruct,g8b,visdrone,9999938_00000_d_0000169,cn:base,53,15,1,0,"{""count"": 15}"
Qwen3-VL-32B-Instruct,g8b,visdrone,9999938_00000_d_0000169,en:base,53,18,1,0,"{""count"": 18}"
Qwen3-VL-32B-Instruct,g8b,visdrone,9999938_00000_d_0000180,cn:base,62,0,1,0,"{""count"": 0}"
Qwen3-VL-32B-Instruct,g8b,visdrone,9999938_00000_d_0000180,en:base,62,0,1,0,"{""count"": 0}"
Qwen3-VL-32B-Instruct,g8b,visdrone,9999938_00000_d_0000187,cn:base,7,0,1,0,"{""count"": 0}"
Qwen3-VL-32B-Instruct,g8b,visdrone,9999938_00000_d_0000188,cn:base,129,0,1,0,"{""count"": 0}"
Qwen3-VL-32B-Instruct,g8b,visdrone,9999938_00000_d_0000188,en:base,129,0,1,0,"{""count"": 0}"
Qwen3-VL-32B-Instruct,g8b,visdrone,9999938_00000_d_0000184,en:base,15,0,1,0,"{""count"": 0}"
Qwen3-VL-32B-Instruct,g8b,visdrone,9999938_00000_d_0000184,cn:base,15,0,1,0,"{""count"": 0}"
Qwen3-VL-32B-Instruct,g8b,visdrone,9999938_00000_d_0000187,en:base,7,0,1,0,"{""count"": 0}"
Qwen3-VL-32B-Instruct,g8b,visdrone,9999938_00000_d_0000191,en:base,12,0,1,0,"{""count"": 0}"
Qwen3-VL-32B-Instruct,g8b,visdrone,9999938_00000_d_0000191,cn:base,12,0,1,0,"{""count"": 0}"
Qwen3-VL-32B-Instruct,g8b,visdrone,9999938_00000_d_0000206,cn:base,174,0,1,0,"{""count"": 0}"
Qwen3-VL-32B-Instruct,g8b,visdrone,9999938_00000_d_0000196,cn:base,9,0,1,0,"{""count"": 0}"
Qwen3-VL-32B-Instruct,g8b,visdrone,9999938_00000_d_0000197,en:base,12,0,1,0,"{""count"": 0}"
Qwen3-VL-32B-Instruct,g8b,visdrone,9999938_00000_d_0000197,cn:base,12,0,1,0,"{""count"": 0}"
Qwen3-VL-32B-Instruct,g8b,visdrone,9999938_00000_d_0000196,en:base,9,0,1,0,"{""count"": 0}"
Qwen3-VL-32B-Instruct,g8b,visdrone,9999938_00000_d_0000206,en:base,174,0,1,0,"{""count"": 0}"
Qwen3-VL-32B-Instruct,g8b,visdrone,9999938_00000_d_0000208,en:base,286,0,1,0,"{""count"": 0}"
Qwen3-VL-32B-Instruct,g8b,visdrone,9999938_00000_d_0000208,cn:base,286,0,1,0,"{""count"": 0}"
Qwen3-VL-32B-Instruct,g8b,visdrone,9999938_00000_d_0000219,en:base,135,0,1,0,"{""count"": 0}"
Qwen3-VL-32B-Instruct,g8b,visdrone,9999938_00000_d_0000212,cn:base,224,0,1,0,"{""count"": 0}"
Qwen3-VL-32B-Instruct,g8b,visdrone,9999938_00000_d_0000212,en:base,224,0,1,0,"{""count"": 0}"
Qwen3-VL-32B-Instruct,g8b,visdrone,9999938_00000_d_0000219,cn:base,135,0,1,0,"{""count"": 0}"
Qwen3-VL-32B-Instruct,g8b,visdrone,9999938_00000_d_0000210,cn:base,270,0,1,0,"{""count"": 0}"
Qwen3-VL-32B-Instruct,g8b,visdrone,9999938_00000_d_0000210,en:base,270,0,1,0,"{""count"": 0}"
Qwen3-VL-32B-Instruct,g8b,visdrone,9999938_00000_d_0000226,en:base,16,0,1,0,"{""count"": 0}"
Qwen3-VL-32B-Instruct,g8b,visdrone,9999938_00000_d_0000226,cn:base,16,0,1,0,"{""count"": 0}"
Qwen3-VL-32B-Instruct,g8b,visdrone,9999938_00000_d_0000233,en:base,7,0,1,0,"{""count"": 0}"
Qwen3-VL-32B-Instruct,g8b,visdrone,9999938_00000_d_0000229,cn:base,10,0,1,0,"{""count"": 0}"
Qwen3-VL-32B-Instruct,g8b,visdrone,9999938_00000_d_0000240,cn:base,6,0,1,0,"{""count"": 0}"
Qwen3-VL-32B-Instruct,g8b,visdrone,9999938_00000_d_0000240,en:base,6,0,1,0,"{""count"": 0}"
Qwen3-VL-32B-Instruct,g8b,visdrone,9999938_00000_d_0000233,cn:base,7,0,1,0,"{""count"": 0}"
Qwen3-VL-32B-Instruct,g8b,visdrone,9999938_00000_d_0000229,en:base,10,0,1,0,"{""count"": 0}"
Qwen3-VL-32B-Instruct,g8b,visdrone,9999938_00000_d_0000243,en:base,5,0,1,0,"{""count"": 0}"
Qwen3-VL-32B-Instruct,g8b,visdrone,9999938_00000_d_0000243,cn:base,5,0,1,0,"{""count"": 0}"
Qwen3-VL-32B-Instruct,g8b,visdrone,9999938_00000_d_0000253,en:base,36,0,1,0,"{""count"": 0}"
Qwen3-VL-32B-Instruct,g8b,visdrone,9999938_00000_d_0000253,cn:base,36,0,1,0,"{""count"": 0}"
Qwen3-VL-32B-Instruct,g8b,visdrone,9999938_00000_d_0000254,en:base,51,0,1,0,"{""count"": 0}"
Qwen3-VL-32B-Instruct,g8b,visdrone,9999938_00000_d_0000254,cn:base,51,0,1,0,"{""count"": 0}"
Qwen3-VL-32B-Instruct,g8b,visdrone,9999938_00000_d_0000245,en:base,5,0,1,0,"{""count"": 0}"
Qwen3-VL-32B-Instruct,g8b,visdrone,9999938_00000_d_0000245,cn:base,5,0,1,0,"{""count"": 0}"
Qwen3-VL-32B-Instruct,g8b,visdrone,9999938_00000_d_0000257,en:base,38,0,1,0,"{""count"": 0}"
Qwen3-VL-32B-Instruct,g8b,visdrone,9999938_00000_d_0000257,cn:base,38,0,1,0,"{""count"": 0}"
Qwen3-VL-32B-Instruct,g8b,visdrone,9999938_00000_d_0000258,en:base,46,0,1,0,"{""count"": 0}"
Qwen3-VL-32B-Instruct,g8b,visdrone,9999938_00000_d_0000258,cn:base,46,0,1,0,"{""count"": 0}"
Qwen3-VL-32B-Instruct,g8b,visdrone,9999938_00000_d_0000261,cn:base,7,0,1,0,"{""count"": 0}"
Qwen3-VL-32B-Instruct,g8b,visdrone,9999938_00000_d_0000259,cn:base,8,0,1,0,"{""count"": 0}"
Qwen3-VL-32B-Instruct,g8b,visdrone,9999938_00000_d_0000259,en:base,8,0,1,0,"{""count"": 0}"
Qwen3-VL-32B-Instruct,g8b,visdrone,9999938_00000_d_0000261,en:base,7,0,1,0,"{""count"": 0}"
Qwen3-VL-32B-Instruct,g8b,visdrone,9999938_00000_d_0000263,cn:base,19,0,1,0,"{""count"": 0}"
Qwen3-VL-32B-Instruct,g8b,visdrone,9999938_00000_d_0000263,en:base,19,0,1,0,"{""count"": 0}"
Qwen3-VL-32B-Instruct,g8b,visdrone,9999938_00000_d_0000271,en:base,2,0,1,0,"{""count"": 0}"
Qwen3-VL-32B-Instruct,g8b,visdrone,9999938_00000_d_0000278,en:base,4,0,1,0,"{""count"": 0}"
Qwen3-VL-32B-Instruct,g8b,visdrone,9999938_00000_d_0000276,cn:base,3,0,1,0,"{""count"": 0}"
Qwen3-VL-32B-Instruct,g8b,visdrone,9999938_00000_d_0000271,cn:base,2,0,1,0,"{""count"": 0}"
Qwen3-VL-32B-Instruct,g8b,visdrone,9999938_00000_d_0000278,cn:base,4,0,1,0,"{""count"": 0}"
Qwen3-VL-32B-Instruct,g8b,visdrone,9999938_00000_d_0000276,en:base,3,0,1,0,"{""count"": 0}"
Qwen3-VL-32B-Instruct,g8b,visdrone,9999938_00000_d_0000283,en:base,2,0,1,0,"{""count"": 0}"
Qwen3-VL-32B-Instruct,g8b,visdrone,9999938_00000_d_0000283,cn:base,2,0,1,0,"{""count"": 0}"
Qwen3-VL-32B-Instruct,g8b,visdrone,9999938_00000_d_0000285,en:base,2,0,1,0,"{""count"": 0}"
Qwen3-VL-32B-Instruct,g8b,visdrone,9999938_00000_d_0000285,cn:base,2,0,1,0,"{""count"": 0}"
Qwen3-VL-32B-Instruct,g8b,visdrone,9999938_00000_d_0000295,en:base,7,0,1,0,"{""count"": 0}"
Qwen3-VL-32B-Instruct,g8b,visdrone,9999938_00000_d_0000298,cn:base,6,0,1,0,"{""count"": 0}"
Qwen3-VL-32B-Instruct,g8b,visdrone,9999938_00000_d_0000295,cn:base,7,0,1,0,"{""count"": 0}"
Qwen3-VL-32B-Instruct,g8b,visdrone,9999938_00000_d_0000298,en:base,6,0,1,0,"{""count"": 0}"
Qwen3-VL-32B-Instruct,g8b,visdrone,9999938_00000_d_0000299,cn:base,2,0,1,0,"{""count"": 0}"
Qwen3-VL-32B-Instruct,g8b,visdrone,9999938_00000_d_0000299,en:base,2,0,1,0,"{""count"": 0}"
Qwen3-VL-32B-Instruct,g8b,visdrone,9999938_00000_d_0000300,en:base,31,0,1,0,"{""count"": 0}"
Qwen3-VL-32B-Instruct,g8b,visdrone,9999938_00000_d_0000304,en:base,1,0,1,0,"{""count"": 0}"
Qwen3-VL-32B-Instruct,g8b,visdrone,9999938_00000_d_0000300,cn:base,31,0,1,0,"{""count"": 0}"
Qwen3-VL-32B-Instruct,g8b,visdrone,9999938_00000_d_0000312,cn:base,44,0,1,0,"{""count"": 0}"
Qwen3-VL-32B-Instruct,g8b,visdrone,9999938_00000_d_0000304,cn:base,1,0,1,0,"{""count"": 0}"
Qwen3-VL-32B-Instruct,g8b,visdrone,9999938_00000_d_0000312,en:base,44,0,1,0,"{""count"": 0}"
Qwen3-VL-32B-Instruct,g8b,visdrone,9999938_00000_d_0000313,en:base,32,0,1,0,"{""count"": 0}"
Qwen3-VL-32B-Instruct,g8b,visdrone,9999938_00000_d_0000313,cn:base,32,0,1,0,"{""count"": 0}"
Qwen3-VL-32B-Instruct,g8b,visdrone,9999938_00000_d_0000319,cn:base,12,0,1,0,"{""count"": 0}"
Qwen3-VL-32B-Instruct,g8b,visdrone,9999938_00000_d_0000315,cn:base,12,0,1,0,"{""count"": 0}"
Qwen3-VL-32B-Instruct,g8b,visdrone,9999938_00000_d_0000316,en:base,17,0,1,0,"{""count"": 0}"
Qwen3-VL-32B-Instruct,g8b,visdrone,9999938_00000_d_0000315,en:base,12,0,1,0,"{""count"": 0}"
Qwen3-VL-32B-Instruct,g8b,visdrone,9999938_00000_d_0000319,en:base,12,0,1,0,"{""count"": 0}"
Qwen3-VL-32B-Instruct,g8b,visdrone,9999938_00000_d_0000316,cn:base,17,0,1,0,"{""count"": 0}"
Qwen3-VL-32B-Instruct,g8b,visdrone,9999938_00000_d_0000323,cn:base,24,0,1,0,"{""count"": 0}"
Qwen3-VL-32B-Instruct,g8b,visdrone,9999938_00000_d_0000323,en:base,24,0,1,0,"{""count"": 0}"
Qwen3-VL-32B-Instruct,g8b,visdrone,9999938_00000_d_0000326,en:base,28,0,1,0,"{""count"": 0}"
Qwen3-VL-32B-Instruct,g8b,visdrone,9999938_00000_d_0000331,cn:base,36,0,1,0,"{""count"": 0}"
Qwen3-VL-32B-Instruct,g8b,visdrone,9999938_00000_d_0000327,en:base,38,0,1,0,"{""count"": 0}"
Qwen3-VL-32B-Instruct,g8b,visdrone,9999938_00000_d_0000326,cn:base,28,0,1,0,"{""count"": 0}"
Qwen3-VL-32B-Instruct,g8b,visdrone,9999938_00000_d_0000327,cn:base,38,0,1,0,"{""count"": 0}"
Qwen3-VL-32B-Instruct,g8b,visdrone,9999938_00000_d_0000331,en:base,36,0,1,0,"{""count"": 0}"
Qwen3-VL-32B-Instruct,g8b,visdrone,9999938_00000_d_0000335,en:base,24,0,1,0,"{""count"": 0}"
Qwen3-VL-32B-Instruct,g8b,visdrone,9999938_00000_d_0000335,cn:base,24,0,1,0,"{""count"": 0}"
Qwen3-VL-32B-Instruct,g8b,visdrone,9999938_00000_d_0000337,en:base,3,0,1,0,"{""count"": 0}"
Qwen3-VL-32B-Instruct,g8b,visdrone,9999938_00000_d_0000336,en:base,4,0,1,0,"{""count"": 0}"
Qwen3-VL-32B-Instruct,g8b,visdrone,9999938_00000_d_0000339,en:base,3,0,1,0,"{""count"": 0}"
Qwen3-VL-32B-Instruct,g8b,visdrone,9999938_00000_d_0000339,cn:base,3,0,1,0,"{""count"": 0}"
Qwen3-VL-32B-Instruct,g8b,visdrone,9999938_00000_d_0000336,cn:base,4,0,1,0,"{""count"": 0}"
Qwen3-VL-32B-Instruct,g8b,visdrone,9999938_00000_d_0000337,cn:base,3,0,1,0,"{""count"": 0}"
Qwen3-VL-32B-Instruct,g8b,visdrone,9999938_00000_d_0000340,cn:base,3,0,1,0,"{""count"": 0}"
Qwen3-VL-32B-Instruct,g8b,visdrone,9999938_00000_d_0000340,en:base,3,0,1,0,"{""count"": 0}"
Qwen3-VL-32B-Instruct,g8b,visdrone,9999938_00000_d_0000342,en:base,9,0,1,0,"{""count"": 0}"
Qwen3-VL-32B-Instruct,g8b,visdrone,9999938_00000_d_0000342,cn:base,9,0,1,0,"{""count"": 0}"
Qwen3-VL-32B-Instruct,g8b,visdrone,9999938_00000_d_0000346,en:base,2,0,1,0,"{""count"": 0}"
Qwen3-VL-32B-Instruct,g8b,visdrone,9999938_00000_d_0000343,cn:base,2,0,1,0,"{""count"": 0}"
Qwen3-VL-32B-Instruct,g8b,visdrone,9999938_00000_d_0000343,en:base,2,0,1,0,"{""count"": 0}"
Qwen3-VL-32B-Instruct,g8b,visdrone,9999938_00000_d_0000346,cn:base,2,0,1,0,"{""count"": 0}"
Qwen3-VL-32B-Instruct,g8b,visdrone,9999938_00000_d_0000347,cn:base,1,0,1,0,"{""count"": 0}"
Qwen3-VL-32B-Instruct,g8b,visdrone,9999938_00000_d_0000347,en:base,1,0,1,0,"{""count"": 0}"
Qwen3-VL-32B-Instruct,g8b,visdrone,9999938_00000_d_0000349,en:base,9,0,1,0,"{""count"": 0}"
Qwen3-VL-32B-Instruct,g8b,visdrone,9999938_00000_d_0000349,cn:base,9,0,1,0,"{""count"": 0}"
Qwen3-VL-32B-Instruct,g8b,visdrone,9999938_00000_d_0000372,cn:base,2,0,1,0,"{""count"": 0}"
Qwen3-VL-32B-Instruct,g8b,visdrone,9999938_00000_d_0000359,en:base,3,0,1,0,"{""count"": 0}"
Qwen3-VL-32B-Instruct,g8b,visdrone,9999938_00000_d_0000359,cn:base,3,0,1,0,"{""count"": 0}"
Qwen3-VL-32B-Instruct,g8b,visdrone,9999938_00000_d_0000372,en:base,2,0,1,0,"{""count"": 0}"
Qwen3-VL-32B-Instruct,g8b,visdrone,9999941_00000_d_0000002,cn:base,4,0,1,0,"{""count"": 0}"
Qwen3-VL-32B-Instruct,g8b,visdrone,9999941_00000_d_0000002,en:base,4,0,1,0,"{""count"": 0}"
Qwen3-VL-32B-Instruct,g8b,visdrone,9999941_00000_d_0000005,cn:base,30,0,1,0,"{""count"": 0}"
Qwen3-VL-32B-Instruct,g8b,visdrone,9999941_00000_d_0000005,en:base,30,0,1,0,"{""count"": 0}"
Qwen3-VL-32B-Instruct,g8b,visdrone,9999941_00000_d_0000008,en:base,39,0,1,0,"{""count"": 0}"
Qwen3-VL-32B-Instruct,g8b,visdrone,9999941_00000_d_0000007,cn:base,34,0,1,0,"{""count"": 0}"
Qwen3-VL-32B-Instruct,g8b,visdrone,9999941_00000_d_0000007,en:base,34,0,1,0,"{""count"": 0}"
Qwen3-VL-32B-Instruct,g8b,visdrone,9999941_00000_d_0000008,cn:base,39,0,1,0,"{""count"": 0}"
Qwen3-VL-32B-Instruct,g8b,visdrone,9999941_00000_d_0000009,en:base,20,0,1,0,"{""count"": 0}"
Qwen3-VL-32B-Instruct,g8b,visdrone,9999941_00000_d_0000009,cn:base,20,0,1,0,"{""count"": 0}"
Qwen3-VL-32B-Instruct,g8b,visdrone,9999941_00000_d_0000012,cn:base,20,0,1,0,"{""count"": 0}"
Qwen3-VL-32B-Instruct,g8b,visdrone,9999941_00000_d_0000012,en:base,20,0,1,0,"{""count"": 0}"
Qwen3-VL-32B-Instruct,g8b,visdrone,9999941_00000_d_0000014,cn:base,39,0,1,0,"{""count"": 0}"
Qwen3-VL-32B-Instruct,g8b,visdrone,9999941_00000_d_0000015,en:base,30,0,1,0,"{""count"": 0}"
Qwen3-VL-32B-Instruct,g8b,visdrone,9999941_00000_d_0000015,cn:base,30,0,1,0,"{""count"": 0}"
Qwen3-VL-32B-Instruct,g8b,visdrone,9999941_00000_d_0000014,en:base,39,0,1,0,"{""count"": 0}"
Qwen3-VL-32B-Instruct,g8b,visdrone,9999941_00000_d_0000017,cn:base,8,6,1,0,"{""count"": 6}"
Qwen3-VL-32B-Instruct,g8b,visdrone,9999941_00000_d_0000017,en:base,8,7,1,0,"{""count"": 7}"
Qwen3-VL-32B-Instruct,g8b,visdrone,9999941_00000_d_0000018,en:base,12,0,1,0,"{""count"": 0}"
Qwen3-VL-32B-Instruct,g8b,visdrone,9999941_00000_d_0000018,cn:base,12,0,1,0,"{""count"": 0}"
Qwen3-VL-32B-Instruct,g8b,visdrone,9999941_00000_d_0000020,en:base,39,0,1,0,"{""count"": 0}"
Qwen3-VL-32B-Instruct,g8b,visdrone,9999941_00000_d_0000020,cn:base,39,0,1,0,"{""count"": 0}"
Qwen3-VL-32B-Instruct,g8b,visdrone,9999941_00000_d_0000021,cn:base,6,0,1,0,"{""count"": 0}"
Qwen3-VL-32B-Instruct,g8b,visdrone,9999941_00000_d_0000021,en:base,6,0,1,0,"{""count"": 0}"
Qwen3-VL-32B-Instruct,g8b,visdrone,9999941_00000_d_0000022,cn:base,34,0,1,0,"{""count"": 0}"
Qwen3-VL-32B-Instruct,g8b,visdrone,9999941_00000_d_0000022,en:base,34,0,1,0,"{""count"": 0}"
Qwen3-VL-32B-Instruct,g8b,visdrone,9999941_00000_d_0000024,en:base,13,0,1,0,"{""count"": 0}"
Qwen3-VL-32B-Instruct,g8b,visdrone,9999941_00000_d_0000023,cn:base,41,0,1,0,"{""count"": 0}"
Qwen3-VL-32B-Instruct,g8b,visdrone,9999941_00000_d_0000023,en:base,41,0,1,0,"{""count"": 0}"
Qwen3-VL-32B-Instruct,g8b,visdrone,9999941_00000_d_0000025,en:base,27,0,1,0,"{""count"": 0}"
Qwen3-VL-32B-Instruct,g8b,visdrone,9999941_00000_d_0000024,cn:base,13,0,1,0,"{""count"": 0}"
Qwen3-VL-32B-Instruct,g8b,visdrone,9999941_00000_d_0000025,cn:base,27,0,1,0,"{""count"": 0}"
Qwen3-VL-32B-Instruct,g8b,visdrone,9999941_00000_d_0000029,en:base,27,0,1,0,"{""count"": 0}"
Qwen3-VL-32B-Instruct,g8b,visdrone,9999941_00000_d_0000029,cn:base,27,0,1,0,"{""count"": 0}"
Qwen3-VL-32B-Instruct,g8b,visdrone,9999941_00000_d_0000032,en:base,1,1,1,0,"{""count"": 1}"
Qwen3-VL-32B-Instruct,g8b,visdrone,9999941_00000_d_0000032,cn:base,1,1,1,0,"{""count"": 1}"
Qwen3-VL-32B-Instruct,g8b,visdrone,9999947_00000_d_0000013,en:base,48,0,1,0,"{""count"": 0}"
Qwen3-VL-32B-Instruct,g8b,visdrone,9999947_00000_d_0000013,cn:base,48,0,1,0,"{""count"": 0}"
Qwen3-VL-32B-Instruct,g8b,visdrone,9999947_00000_d_0000005,cn:base,44,28,1,0,"{""count"": 28}"
Qwen3-VL-32B-Instruct,g8b,visdrone,9999947_00000_d_0000005,en:base,44,28,1,0,"{""count"": 28}"
Qwen3-VL-32B-Instruct,g8b,visdrone,9999947_00000_d_0000014,cn:base,57,0,1,0,"{""count"": 0}"
Qwen3-VL-32B-Instruct,g8b,visdrone,9999947_00000_d_0000014,en:base,57,0,1,0,"{""count"": 0}"
Qwen3-VL-32B-Instruct,g8b,visdrone,9999947_00000_d_0000017,cn:base,30,28,1,0,"{""count"": 28}"
Qwen3-VL-32B-Instruct,g8b,visdrone,9999947_00000_d_0000020,en:base,94,0,1,0,"{""count"": 0}"
Qwen3-VL-32B-Instruct,g8b,visdrone,9999947_00000_d_0000017,en:base,30,28,1,0,"{""count"": 28}"
Qwen3-VL-32B-Instruct,g8b,visdrone,9999947_00000_d_0000021,cn:base,97,0,1,0,"{""count"": 0}"
Qwen3-VL-32B-Instruct,g8b,visdrone,9999947_00000_d_0000020,cn:base,94,0,1,0,"{""count"": 0}"
Qwen3-VL-32B-Instruct,g8b,visdrone,9999947_00000_d_0000021,en:base,97,0,1,0,"{""count"": 0}"
Qwen3-VL-32B-Instruct,g8b,visdrone,9999947_00000_d_0000026,en:base,57,34,1,0,"{""count"": 34}"
Qwen3-VL-32B-Instruct,g8b,visdrone,9999947_00000_d_0000026,cn:base,57,30,1,0,"{""count"": 30}"
Qwen3-VL-32B-Instruct,g8b,visdrone,9999952_00000_d_0000004,cn:base,9,0,1,0,"{""count"": 0}"
Qwen3-VL-32B-Instruct,g8b,visdrone,9999952_00000_d_0000002,en:base,15,0,1,0,"{""count"": 0}"
Qwen3-VL-32B-Instruct,g8b,visdrone,9999952_00000_d_0000015,en:base,10,5,1,0,"{""count"": 5}"
Qwen3-VL-32B-Instruct,g8b,visdrone,9999952_00000_d_0000015,cn:base,10,5,1,0,"{""count"": 5}"
Qwen3-VL-32B-Instruct,g8b,visdrone,9999952_00000_d_0000004,en:base,9,0,1,0,"{""count"": 0}"
Qwen3-VL-32B-Instruct,g8b,visdrone,9999952_00000_d_0000002,cn:base,15,0,1,0,"{""count"": 0}"
Qwen3-VL-32B-Instruct,g8b,visdrone,9999952_00000_d_0000016,en:base,3,0,1,0,"{""count"": 0}"
Qwen3-VL-32B-Instruct,g8b,visdrone,9999952_00000_d_0000016,cn:base,3,0,1,0,"{""count"": 0}"
Qwen3-VL-32B-Instruct,g8b,visdrone,9999952_00000_d_0000019,cn:base,5,0,1,0,"{""count"": 0}"
Qwen3-VL-32B-Instruct,g8b,visdrone,9999952_00000_d_0000017,cn:base,1,0,1,0,"{""count"": 0}"
Qwen3-VL-32B-Instruct,g8b,visdrone,9999952_00000_d_0000030,en:base,2,0,1,0,"{""count"": 0}"
Qwen3-VL-32B-Instruct,g8b,visdrone,9999952_00000_d_0000030,cn:base,2,0,1,0,"{""count"": 0}"
Qwen3-VL-32B-Instruct,g8b,visdrone,9999952_00000_d_0000017,en:base,1,0,1,0,"{""count"": 0}"
Qwen3-VL-32B-Instruct,g8b,visdrone,9999952_00000_d_0000019,en:base,5,0,1,0,"{""count"": 0}"
Qwen3-VL-32B-Instruct,g8b,visdrone,9999952_00000_d_0000033,en:base,1,0,1,0,"{""count"": 0}"
Qwen3-VL-32B-Instruct,g8b,visdrone,9999952_00000_d_0000033,cn:base,1,0,1,0,"{""count"": 0}"
Qwen3-VL-32B-Instruct,g8b,visdrone,9999952_00000_d_0000041,cn:base,1,0,1,0,"{""count"": 0}"
Qwen3-VL-32B-Instruct,g8b,visdrone,9999952_00000_d_0000041,en:base,1,0,1,0,"{""count"": 0}"
Qwen3-VL-32B-Instruct,g8b,visdrone,9999952_00000_d_0000051,cn:base,3,0,1,0,"{""count"": 0}"
Qwen3-VL-32B-Instruct,g8b,visdrone,9999952_00000_d_0000050,en:base,2,0,1,0,"{""count"": 0}"
Qwen3-VL-32B-Instruct,g8b,visdrone,9999952_00000_d_0000050,cn:base,2,0,1,0,"{""count"": 0}"
Qwen3-VL-32B-Instruct,g8b,visdrone,9999952_00000_d_0000051,en:base,3,0,1,0,"{""count"": 0}"
Qwen3-VL-32B-Instruct,g8b,visdrone,9999952_00000_d_0000056,en:base,1,0,1,0,"{""count"": 0}"
Qwen3-VL-32B-Instruct,g8b,visdrone,9999952_00000_d_0000056,cn:base,1,0,1,0,"{""count"": 0}"
Qwen3-VL-32B-Instruct,g8b,visdrone,9999952_00000_d_0000064,en:base,1,0,1,0,"{""count"": 0}"
Qwen3-VL-32B-Instruct,g8b,visdrone,9999952_00000_d_0000064,cn:base,1,0,1,0,"{""count"": 0}"
Qwen3-VL-32B-Instruct,g8b,visdrone,9999952_00000_d_0000069,en:base,1,0,1,0,"{""count"": 0}"
Qwen3-VL-32B-Instruct,g8b,visdrone,9999952_00000_d_0000068,en:base,1,0,1,0,"{""count"": 0}"
Qwen3-VL-32B-Instruct,g8b,visdrone,9999952_00000_d_0000069,cn:base,1,0,1,0,"{""count"": 0}"
Qwen3-VL-32B-Instruct,g8b,visdrone,9999952_00000_d_0000068,cn:base,1,0,1,0,"{""count"": 0}"
Qwen3-VL-32B-Instruct,g8b,visdrone,9999952_00000_d_0000072,cn:base,9,0,1,0,"{""count"": 0}"
Qwen3-VL-32B-Instruct,g8b,visdrone,9999952_00000_d_0000072,en:base,9,0,1,0,"{""count"": 0}"
Qwen3-VL-32B-Instruct,g8b,visdrone,9999952_00000_d_0000073,en:base,2,0,1,0,"{""count"": 0}"
Qwen3-VL-32B-Instruct,g8b,visdrone,9999952_00000_d_0000073,cn:base,2,0,1,0,"{""count"": 0}"
Qwen3-VL-32B-Instruct,g8b,visdrone,9999952_00000_d_0000080,en:base,1,0,1,0,"{""count"": 0}"
Qwen3-VL-32B-Instruct,g8b,visdrone,9999952_00000_d_0000079,cn:base,1,0,1,0,"{""count"": 0}"
Qwen3-VL-32B-Instruct,g8b,visdrone,9999952_00000_d_0000080,cn:base,1,0,1,0,"{""count"": 0}"
Qwen3-VL-32B-Instruct,g8b,visdrone,9999952_00000_d_0000079,en:base,1,0,1,0,"{""count"": 0}"
Qwen3-VL-32B-Instruct,g8b,visdrone,9999952_00000_d_0000092,en:base,1,0,1,0,"{""count"": 0}"
Qwen3-VL-32B-Instruct,g8b,visdrone,9999952_00000_d_0000092,cn:base,1,0,1,0,"{""count"": 0}"
Qwen3-VL-32B-Instruct,g8b,visdrone,9999952_00000_d_0000101,cn:base,8,0,1,0,"{""count"": 0}"
Qwen3-VL-32B-Instruct,g8b,visdrone,9999952_00000_d_0000101,en:base,8,0,1,0,"{""count"": 0}"
Qwen3-VL-32B-Instruct,g8b,visdrone,9999952_00000_d_0000103,en:base,26,0,1,0,"{""count"": 0}"
Qwen3-VL-32B-Instruct,g8b,visdrone,9999952_00000_d_0000104,cn:base,1,0,1,0,"{""count"": 0}"
Qwen3-VL-32B-Instruct,g8b,visdrone,9999952_00000_d_0000104,en:base,1,0,1,0,"{""count"": 0}"
Qwen3-VL-32B-Instruct,g8b,visdrone,9999952_00000_d_0000103,cn:base,26,0,1,0,"{""count"": 0}"
Qwen3-VL-32B-Instruct,g8b,visdrone,9999952_00000_d_0000112,en:base,8,0,1,0,"{""count"": 0}"
Qwen3-VL-32B-Instruct,g8b,visdrone,9999952_00000_d_0000112,cn:base,8,0,1,0,"{""count"": 0}"
Qwen3-VL-32B-Instruct,g8b,visdrone,9999952_00000_d_0000116,en:base,2,0,1,0,"{""count"": 0}"
Qwen3-VL-32B-Instruct,g8b,visdrone,9999952_00000_d_0000116,cn:base,2,0,1,0,"{""count"": 0}"
Qwen3-VL-32B-Instruct,g8b,visdrone,9999952_00000_d_0000117,en:base,1,0,1,0,"{""count"": 0}"
Qwen3-VL-32B-Instruct,g8b,visdrone,9999952_00000_d_0000118,en:base,3,0,1,0,"{""count"": 0}"
Qwen3-VL-32B-Instruct,g8b,visdrone,9999952_00000_d_0000118,cn:base,3,0,1,0,"{""count"": 0}"
Qwen3-VL-32B-Instruct,g8b,visdrone,9999952_00000_d_0000117,cn:base,1,0,1,0,"{""count"": 0}"
Qwen3-VL-32B-Instruct,g8b,visdrone,9999952_00000_d_0000119,en:base,3,0,1,0,"{""count"": 0}"
Qwen3-VL-32B-Instruct,g8b,visdrone,9999952_00000_d_0000119,cn:base,3,0,1,0,"{""count"": 0}"
Qwen3-VL-32B-Instruct,g8b,visdrone,9999952_00000_d_0000121,cn:base,2,0,1,0,"{""count"": 0}"
Qwen3-VL-32B-Instruct,g8b,visdrone,9999952_00000_d_0000132,cn:base,2,0,1,0,"{""count"": 0}"
Qwen3-VL-32B-Instruct,g8b,visdrone,9999952_00000_d_0000132,en:base,2,0,1,0,"{""count"": 0}"
Qwen3-VL-32B-Instruct,g8b,visdrone,9999952_00000_d_0000121,en:base,2,0,1,0,"{""count"": 0}"
Qwen3-VL-32B-Instruct,g8b,visdrone,9999952_00000_d_0000135,en:base,4,0,1,0,"{""count"": 0}"
Qwen3-VL-32B-Instruct,g8b,visdrone,9999952_00000_d_0000135,cn:base,4,0,1,0,"{""count"": 0}"
Qwen3-VL-32B-Instruct,g8b,visdrone,9999952_00000_d_0000142,en:base,2,0,1,0,"{""count"": 0}"
Qwen3-VL-32B-Instruct,g8b,visdrone,9999952_00000_d_0000142,cn:base,2,0,1,0,"{""count"": 0}"
Qwen3-VL-32B-Instruct,g8b,visdrone,9999952_00000_d_0000141,en:base,7,0,1,0,"{""count"": 0}"
Qwen3-VL-32B-Instruct,g8b,visdrone,9999952_00000_d_0000141,cn:base,7,0,1,0,"{""count"": 0}"
Qwen3-VL-32B-Instruct,g8b,visdrone,9999952_00000_d_0000148,en:base,2,0,1,0,"{""count"": 0}"
Qwen3-VL-32B-Instruct,g8b,visdrone,9999952_00000_d_0000149,en:base,3,0,1,0,"{""count"": 0}"
Qwen3-VL-32B-Instruct,g8b,visdrone,9999952_00000_d_0000149,cn:base,3,0,1,0,"{""count"": 0}"
Qwen3-VL-32B-Instruct,g8b,visdrone,9999952_00000_d_0000148,cn:base,2,0,1,0,"{""count"": 0}"
Qwen3-VL-32B-Instruct,g8b,visdrone,9999952_00000_d_0000151,cn:base,1,0,1,0,"{""count"": 0}"
Qwen3-VL-32B-Instruct,g8b,visdrone,9999952_00000_d_0000151,en:base,1,0,1,0,"{""count"": 0}"
Qwen3-VL-32B-Instruct,g8b,visdrone,9999952_00000_d_0000161,en:base,3,0,1,0,"{""count"": 0}"
Qwen3-VL-32B-Instruct,g8b,visdrone,9999952_00000_d_0000161,cn:base,3,0,1,0,"{""count"": 0}"
Qwen3-VL-32B-Instruct,g8b,visdrone,9999952_00000_d_0000162,cn:base,1,0,1,0,"{""count"": 0}"
Qwen3-VL-32B-Instruct,g8b,visdrone,9999952_00000_d_0000168,cn:base,7,0,1,0,"{""count"": 0}"
Qwen3-VL-32B-Instruct,g8b,visdrone,9999952_00000_d_0000162,en:base,1,0,1,0,"{""count"": 0}"
Qwen3-VL-32B-Instruct,g8b,visdrone,9999952_00000_d_0000168,en:base,7,0,1,0,"{""count"": 0}"
Qwen3-VL-32B-Instruct,g8b,visdrone,9999952_00000_d_0000177,cn:base,1,0,1,0,"{""count"": 0}"
Qwen3-VL-32B-Instruct,g8b,visdrone,9999952_00000_d_0000177,en:base,1,0,1,0,"{""count"": 0}"
Qwen3-VL-32B-Instruct,g8b,visdrone,9999952_00000_d_0000193,en:base,6,0,1,0,"{""count"": 0}"
Qwen3-VL-32B-Instruct,g8b,visdrone,9999952_00000_d_0000193,cn:base,6,0,1,0,"{""count"": 0}"
Qwen3-VL-32B-Instruct,g8b,visdrone,9999952_00000_d_0000214,en:base,9,0,1,0,"{""count"": 0}"
Qwen3-VL-32B-Instruct,g8b,visdrone,9999952_00000_d_0000197,cn:base,4,0,1,0,"{""count"": 0}"
Qwen3-VL-32B-Instruct,g8b,visdrone,9999952_00000_d_0000197,en:base,4,0,1,0,"{""count"": 0}"
Qwen3-VL-32B-Instruct,g8b,visdrone,9999952_00000_d_0000214,cn:base,9,0,1,0,"{""count"": 0}"
Qwen3-VL-32B-Instruct,g8b,visdrone,9999952_00000_d_0000216,en:base,1,0,1,0,"{""count"": 0}"
Qwen3-VL-32B-Instruct,g8b,visdrone,9999952_00000_d_0000216,cn:base,1,0,1,0,"{""count"": 0}"
Qwen3-VL-32B-Instruct,g8b,visdrone,9999952_00000_d_0000217,en:base,7,0,1,0,"{""count"": 0}"
Qwen3-VL-32B-Instruct,g8b,visdrone,9999952_00000_d_0000217,cn:base,7,0,1,0,"{""count"": 0}"
Qwen3-VL-32B-Instruct,g8b,visdrone,9999952_00000_d_0000223,cn:base,2,0,1,0,"{""count"": 0}"
Qwen3-VL-32B-Instruct,g8b,visdrone,9999952_00000_d_0000218,cn:base,1,0,1,0,"{""count"": 0}"
Qwen3-VL-32B-Instruct,g8b,visdrone,9999952_00000_d_0000218,en:base,1,0,1,0,"{""count"": 0}"
Qwen3-VL-32B-Instruct,g8b,visdrone,9999952_00000_d_0000223,en:base,2,0,1,0,"{""count"": 0}"
Qwen3-VL-32B-Instruct,g8b,visdrone,9999952_00000_d_0000229,cn:base,2,0,1,0,"{""count"": 0}"
Qwen3-VL-32B-Instruct,g8b,visdrone,9999952_00000_d_0000229,en:base,2,0,1,0,"{""count"": 0}"
Qwen3-VL-32B-Instruct,g8b,visdrone,9999952_00000_d_0000233,en:base,3,0,1,0,"{""count"": 0}"
Qwen3-VL-32B-Instruct,g8b,visdrone,9999952_00000_d_0000233,cn:base,3,0,1,0,"{""count"": 0}"
Qwen3-VL-32B-Instruct,g8b,visdrone,9999952_00000_d_0000251,en:base,4,0,1,0,"{""count"": 0}"
Qwen3-VL-32B-Instruct,g8b,visdrone,9999952_00000_d_0000238,cn:base,3,0,1,0,"{""count"": 0}"
Qwen3-VL-32B-Instruct,g8b,visdrone,9999952_00000_d_0000251,cn:base,4,0,1,0,"{""count"": 0}"
Qwen3-VL-32B-Instruct,g8b,visdrone,9999952_00000_d_0000238,en:base,3,0,1,0,"{""count"": 0}"
Qwen3-VL-32B-Instruct,g8b,visdrone,9999952_00000_d_0000256,cn:base,5,0,1,0,"{""count"": 0}"
Qwen3-VL-32B-Instruct,g8b,visdrone,9999952_00000_d_0000256,en:base,5,0,1,0,"{""count"": 0}"
Qwen3-VL-32B-Instruct,g8b,visdrone,9999952_00000_d_0000258,en:base,4,0,1,0,"{""count"": 0}"
Qwen3-VL-32B-Instruct,g8b,visdrone,9999952_00000_d_0000258,cn:base,4,0,1,0,"{""count"": 0}"
Qwen3-VL-32B-Instruct,g8b,visdrone,9999952_00000_d_0000264,en:base,4,0,1,0,"{""count"": 0}"
Qwen3-VL-32B-Instruct,g8b,visdrone,9999952_00000_d_0000270,cn:base,7,0,1,0,"{""count"": 0}"
Qwen3-VL-32B-Instruct,g8b,visdrone,9999952_00000_d_0000264,cn:base,4,0,1,0,"{""count"": 0}"
Qwen3-VL-32B-Instruct,g8b,visdrone,9999952_00000_d_0000270,en:base,7,0,1,0,"{""count"": 0}"
Qwen3-VL-32B-Instruct,g8b,visdrone,9999952_00000_d_0000274,cn:base,2,0,1,0,"{""count"": 0}"
Qwen3-VL-32B-Instruct,g8b,visdrone,9999952_00000_d_0000274,en:base,2,0,1,0,"{""count"": 0}"
Qwen3-VL-32B-Instruct,g8b,visdrone,9999952_00000_d_0000276,en:base,3,0,1,0,"{""count"": 0}"
Qwen3-VL-32B-Instruct,g8b,visdrone,9999952_00000_d_0000276,cn:base,3,0,1,0,"{""count"": 0}"
Qwen3-VL-32B-Instruct,g8b,visdrone,9999952_00000_d_0000284,en:base,6,0,1,0,"{""count"": 0}"
Qwen3-VL-32B-Instruct,g8b,visdrone,9999952_00000_d_0000289,cn:base,1,0,1,0,"{""count"": 0}"
Qwen3-VL-32B-Instruct,g8b,visdrone,9999952_00000_d_0000289,en:base,1,0,1,0,"{""count"": 0}"
Qwen3-VL-32B-Instruct,g8b,visdrone,9999952_00000_d_0000284,cn:base,6,0,1,0,"{""count"": 0}"
Qwen3-VL-32B-Instruct,g8b,visdrone,9999952_00000_d_0000296,en:base,4,0,1,0,"{""count"": 0}"
Qwen3-VL-32B-Instruct,g8b,visdrone,9999952_00000_d_0000296,cn:base,4,0,1,0,"{""count"": 0}"
Qwen3-VL-32B-Instruct,g8b,visdrone,9999952_00000_d_0000303,cn:base,2,0,1,0,"{""count"": 0}"
Qwen3-VL-32B-Instruct,g8b,visdrone,9999952_00000_d_0000303,en:base,2,0,1,0,"{""count"": 0}"
Qwen3-VL-32B-Instruct,g8b,visdrone,9999952_00000_d_0000308,en:base,3,0,1,0,"{""count"": 0}"
Qwen3-VL-32B-Instruct,g8b,visdrone,9999952_00000_d_0000312,en:base,3,0,1,0,"{""count"": 0}"
Qwen3-VL-32B-Instruct,g8b,visdrone,9999952_00000_d_0000312,cn:base,3,0,1,0,"{""count"": 0}"
Qwen3-VL-32B-Instruct,g8b,visdrone,9999952_00000_d_0000308,cn:base,3,0,1,0,"{""count"": 0}"
Qwen3-VL-32B-Instruct,g8b,visdrone,9999952_00000_d_0000317,cn:base,3,0,1,0,"{""count"": 0}"
Qwen3-VL-32B-Instruct,g8b,visdrone,9999952_00000_d_0000317,en:base,3,0,1,0,"{""count"": 0}"
Qwen3-VL-32B-Instruct,g8b,visdrone,9999952_00000_d_0000318,en:base,3,0,1,0,"{""count"": 0}"
Qwen3-VL-32B-Instruct,g8b,visdrone,9999952_00000_d_0000318,cn:base,3,0,1,0,"{""count"": 0}"
Qwen3-VL-32B-Instruct,g8b,visdrone,9999952_00000_d_0000322,en:base,16,0,1,0,"{""count"": 0}"
Qwen3-VL-32B-Instruct,g8b,visdrone,9999952_00000_d_0000322,cn:base,16,0,1,0,"{""count"": 0}"
Qwen3-VL-32B-Instruct,g8b,visdrone,9999952_00000_d_0000323,en:base,6,0,1,0,"{""count"": 0}"
Qwen3-VL-32B-Instruct,g8b,visdrone,9999952_00000_d_0000323,cn:base,6,0,1,0,"{""count"": 0}"
Qwen3-VL-32B-Instruct,g8b,visdrone,9999952_00000_d_0000325,en:base,6,2,1,0,"{""count"": 2}"
Qwen3-VL-32B-Instruct,g8b,visdrone,9999952_00000_d_0000325,cn:base,6,2,1,0,"{""count"": 2}"
Qwen3-VL-32B-Instruct,g8b,visdrone,9999952_00000_d_0000332,en:base,14,0,1,0,"{""count"": 0}"
Qwen3-VL-32B-Instruct,g8b,visdrone,9999952_00000_d_0000332,cn:base,14,0,1,0,"{""count"": 0}"
Qwen3-VL-32B-Instruct,g8b,visdrone,9999952_00000_d_0000333,cn:base,17,0,1,0,"{""count"": 0}"
Qwen3-VL-32B-Instruct,g8b,visdrone,9999952_00000_d_0000341,en:base,19,0,1,0,"{""count"": 0}"
Qwen3-VL-32B-Instruct,g8b,visdrone,9999952_00000_d_0000341,cn:base,19,0,1,0,"{""count"": 0}"
Qwen3-VL-32B-Instruct,g8b,visdrone,9999952_00000_d_0000333,en:base,17,0,1,0,"{""count"": 0}"
Qwen3-VL-32B-Instruct,g8b,visdrone,9999952_00000_d_0000343,cn:base,8,0,1,0,"{""count"": 0}"
Qwen3-VL-32B-Instruct,g8b,visdrone,9999952_00000_d_0000343,en:base,8,0,1,0,"{""count"": 0}"
Qwen3-VL-32B-Instruct,g8b,visdrone,9999952_00000_d_0000344,en:base,8,0,1,0,"{""count"": 0}"
Qwen3-VL-32B-Instruct,g8b,visdrone,9999952_00000_d_0000344,cn:base,8,0,1,0,"{""count"": 0}"
Qwen3-VL-32B-Instruct,g8b,visdrone,9999963_00000_d_0000001,en:base,5,3,1,0,"{""count"": 3}"
Qwen3-VL-32B-Instruct,g8b,visdrone,9999963_00000_d_0000001,cn:base,5,3,1,0,"{""count"": 3}"
Qwen3-VL-32B-Instruct,g8b,visdrone,9999963_00000_d_0000004,en:base,3,0,1,0,"{""count"": 0}"
Qwen3-VL-32B-Instruct,g8b,visdrone,9999963_00000_d_0000004,cn:base,3,0,1,0,"{""count"": 0}"
Qwen3-VL-32B-Instruct,g8b,visdrone,9999963_00000_d_0000006,en:base,26,10,1,0,"{""count"": 10}"
Qwen3-VL-32B-Instruct,g8b,visdrone,9999963_00000_d_0000006,cn:base,26,10,1,0,"{""count"": 10}"
Qwen3-VL-32B-Instruct,g8b,visdrone,9999963_00000_d_0000007,en:base,20,14,1,0,"{""count"": 14}"
Qwen3-VL-32B-Instruct,g8b,visdrone,9999963_00000_d_0000010,cn:base,22,0,1,0,"{""count"": 0}"
Qwen3-VL-32B-Instruct,g8b,visdrone,9999963_00000_d_0000007,cn:base,20,14,1,0,"{""count"": 14}"
Qwen3-VL-32B-Instruct,g8b,visdrone,9999963_00000_d_0000010,en:base,22,0,1,0,"{""count"": 0}"
Qwen3-VL-32B-Instruct,g8b,visdrone,9999963_00000_d_0000011,en:base,20,10,1,0,"{""count"": 10}"
Qwen3-VL-32B-Instruct,g8b,visdrone,9999963_00000_d_0000011,cn:base,20,10,1,0,"{""count"": 10}"
Qwen3-VL-32B-Instruct,g8b,visdrone,9999963_00000_d_0000016,cn:base,3,0,1,0,"{""count"": 0}"
Qwen3-VL-32B-Instruct,g8b,visdrone,9999963_00000_d_0000016,en:base,3,0,1,0,"{""count"": 0}"
Qwen3-VL-32B-Instruct,g8b,visdrone,9999963_00000_d_0000020,cn:base,3,2,1,0,"{""count"": 2}"
Qwen3-VL-32B-Instruct,g8b,visdrone,9999963_00000_d_0000020,en:base,3,0,1,0,"{""count"": 0}"
Qwen3-VL-32B-Instruct,g8b,visdrone,9999963_00000_d_0000023,cn:base,18,10,1,0,"{""count"": 10}"
Qwen3-VL-32B-Instruct,g8b,visdrone,9999963_00000_d_0000013,en:base,18,10,1,0,"{""count"": 10}"
Qwen3-VL-32B-Instruct,g8b,visdrone,9999963_00000_d_0000013,cn:base,18,10,1,0,"{""count"": 10}"
Qwen3-VL-32B-Instruct,g8b,visdrone,9999963_00000_d_0000023,en:base,18,10,1,0,"{""count"": 10}"
Qwen3-VL-32B-Instruct,g8b,visdrone,9999963_00000_d_0000029,en:base,5,2,1,0,"{""count"": 2}"
Qwen3-VL-32B-Instruct,g8b,visdrone,9999963_00000_d_0000029,cn:base,5,2,1,0,"{""count"": 2}"
Qwen3-VL-32B-Instruct,g8b,visdrone,9999963_00000_d_0000030,en:base,5,4,1,0,"{""count"": 4}"
Qwen3-VL-32B-Instruct,g8b,visdrone,9999963_00000_d_0000030,cn:base,5,4,1,0,"{""count"": 4}"
Qwen3-VL-32B-Instruct,g8b,visdrone,9999963_00000_d_0000034,cn:base,7,5,1,0,"{""count"": 5}"
Qwen3-VL-32B-Instruct,g8b,visdrone,9999963_00000_d_0000034,en:base,7,5,1,0,"{""count"": 5}"
Qwen3-VL-32B-Instruct,g8b,visdrone,9999963_00000_d_0000025,en:base,20,10,1,0,"{""count"": 10}"
Qwen3-VL-32B-Instruct,g8b,visdrone,9999963_00000_d_0000025,cn:base,20,10,1,0,"{""count"": 10}"
Qwen3-VL-32B-Instruct,g8b,visdrone,9999963_00000_d_0000036,cn:base,43,15,1,0,"{""count"": 15}"
Qwen3-VL-32B-Instruct,g8b,visdrone,9999963_00000_d_0000036,en:base,43,15,1,0,"{""count"": 15}"
Qwen3-VL-32B-Instruct,g8b,visdrone,9999963_00000_d_0000040,cn:base,27,15,1,0,"{""count"": 15}"
Qwen3-VL-32B-Instruct,g8b,visdrone,9999963_00000_d_0000035,cn:base,21,10,1,0,"{""count"": 10}"
Qwen3-VL-32B-Instruct,g8b,visdrone,9999963_00000_d_0000039,cn:base,17,12,1,0,"{""count"": 12}"
Qwen3-VL-32B-Instruct,g8b,visdrone,9999963_00000_d_0000039,en:base,17,12,1,0,"{""count"": 12}"
Qwen3-VL-32B-Instruct,g8b,visdrone,9999963_00000_d_0000040,en:base,27,15,1,0,"{""count"": 15}"
Qwen3-VL-32B-Instruct,g8b,visdrone,9999963_00000_d_0000035,en:base,21,10,1,0,"{""count"": 10}"
Qwen3-VL-32B-Instruct,g8b,visdrone,9999963_00000_d_0000043,cn:base,7,5,1,0,"{""count"": 5}"
Qwen3-VL-32B-Instruct,g8b,visdrone,9999963_00000_d_0000043,en:base,7,5,1,0,"{""count"": 5}"
Qwen3-VL-32B-Instruct,g8b,visdrone,9999963_00000_d_0000047,en:base,16,7,1,0,"{""count"": 7}"
Qwen3-VL-32B-Instruct,g8b,visdrone,9999963_00000_d_0000042,en:base,8,4,1,0,"{""count"": 4}"
Qwen3-VL-32B-Instruct,g8b,visdrone,9999963_00000_d_0000049,cn:base,3,0,1,0,"{""count"": 0}"
Qwen3-VL-32B-Instruct,g8b,visdrone,9999963_00000_d_0000042,cn:base,8,3,1,0,"{""count"": 3}"
Qwen3-VL-32B-Instruct,g8b,visdrone,9999963_00000_d_0000047,cn:base,16,7,1,0,"{""count"": 7}"
Qwen3-VL-32B-Instruct,g8b,visdrone,9999963_00000_d_0000049,en:base,3,0,1,0,"{""count"": 0}"
Qwen3-VL-32B-Instruct,g8b,visdrone,9999963_00000_d_0000057,cn:base,5,1,1,0,"{""count"": 1}"
Qwen3-VL-32B-Instruct,g8b,visdrone,9999963_00000_d_0000057,en:base,5,1,1,0,"{""count"": 1}"
Qwen3-VL-32B-Instruct,g8b,visdrone,9999963_00000_d_0000061,cn:base,3,2,1,0,"{""count"": 2}"
Qwen3-VL-32B-Instruct,g8b,visdrone,9999963_00000_d_0000060,en:base,5,2,1,0,"{""count"": 2}"
Qwen3-VL-32B-Instruct,g8b,visdrone,9999963_00000_d_0000060,cn:base,5,2,1,0,"{""count"": 2}"
Qwen3-VL-32B-Instruct,g8b,visdrone,9999963_00000_d_0000061,en:base,3,2,1,0,"{""count"": 2}"
Qwen3-VL-32B-Instruct,g8b,visdrone,9999963_00000_d_0000052,cn:base,29,10,1,0,"{""count"": 10}"
Qwen3-VL-32B-Instruct,g8b,visdrone,9999963_00000_d_0000052,en:base,29,10,1,0,"{""count"": 10}"
Qwen3-VL-32B-Instruct,g8b,visdrone,9999963_00000_d_0000064,en:base,5,2,1,0,"{""count"": 2}"
Qwen3-VL-32B-Instruct,g8b,visdrone,9999963_00000_d_0000064,cn:base,5,2,1,0,"{""count"": 2}"
Qwen3-VL-32B-Instruct,g8b,visdrone,9999963_00000_d_0000071,en:base,3,0,1,0,"{""count"": 0}"
Qwen3-VL-32B-Instruct,g8b,visdrone,9999963_00000_d_0000067,en:base,5,2,1,0,"{""count"": 2}"
Qwen3-VL-32B-Instruct,g8b,visdrone,9999963_00000_d_0000067,cn:base,5,2,1,0,"{""count"": 2}"
Qwen3-VL-32B-Instruct,g8b,visdrone,9999963_00000_d_0000070,en:base,4,0,1,0,"{""count"": 0}"
Qwen3-VL-32B-Instruct,g8b,visdrone,9999963_00000_d_0000071,cn:base,3,0,1,0,"{""count"": 0}"
Qwen3-VL-32B-Instruct,g8b,visdrone,9999963_00000_d_0000070,cn:base,4,2,1,0,"{""count"": 2}"
Qwen3-VL-32B-Instruct,g8b,visdrone,9999973_00000_d_0000001,en:base,7,2,1,0,"{""count"": 2}"
Qwen3-VL-32B-Instruct,g8b,visdrone,9999973_00000_d_0000001,cn:base,7,2,1,0,"{""count"": 2}"
Qwen3-VL-32B-Instruct,g8b,visdrone,9999973_00000_d_0000005,cn:base,8,0,1,0,"{""count"": 0}"
Qwen3-VL-32B-Instruct,g8b,visdrone,9999973_00000_d_0000002,en:base,3,2,1,0,"{""count"": 2}"
Qwen3-VL-32B-Instruct,g8b,visdrone,9999973_00000_d_0000011,en:base,4,2,1,0,"{""count"": 2}"
Qwen3-VL-32B-Instruct,g8b,visdrone,9999973_00000_d_0000002,cn:base,3,2,1,0,"{""count"": 2}"
Qwen3-VL-32B-Instruct,g8b,visdrone,9999973_00000_d_0000011,cn:base,4,2,1,0,"{""count"": 2}"
Qwen3-VL-32B-Instruct,g8b,visdrone,9999973_00000_d_0000005,en:base,8,0,1,0,"{""count"": 0}"
Qwen3-VL-32B-Instruct,g8b,visdrone,9999973_00000_d_0000014,cn:base,1,0,1,0,"{""count"": 0}"
Qwen3-VL-32B-Instruct,g8b,visdrone,9999973_00000_d_0000014,en:base,1,0,1,0,"{""count"": 0}"
Qwen3-VL-32B-Instruct,g8b,visdrone,9999973_00000_d_0000013,cn:base,12,0,1,0,"{""count"": 0}"
Qwen3-VL-32B-Instruct,g8b,visdrone,9999973_00000_d_0000013,en:base,12,0,1,0,"{""count"": 0}"
Qwen3-VL-32B-Instruct,g8b,visdrone,9999973_00000_d_0000027,cn:base,5,0,1,0,"{""count"": 0}"
Qwen3-VL-32B-Instruct,g8b,visdrone,9999973_00000_d_0000021,en:base,3,0,1,0,"{""count"": 0}"
Qwen3-VL-32B-Instruct,g8b,visdrone,9999973_00000_d_0000027,en:base,5,0,1,0,"{""count"": 0}"
Qwen3-VL-32B-Instruct,g8b,visdrone,9999973_00000_d_0000021,cn:base,3,0,1,0,"{""count"": 0}"
Qwen3-VL-32B-Instruct,g8b,visdrone,9999973_00000_d_0000031,cn:base,1,0,1,0,"{""count"": 0}"
Qwen3-VL-32B-Instruct,g8b,visdrone,9999973_00000_d_0000031,en:base,1,0,1,0,"{""count"": 0}"
Qwen3-VL-32B-Instruct,g8b,visdrone,9999973_00000_d_0000044,en:base,4,0,1,0,"{""count"": 0}"
Qwen3-VL-32B-Instruct,g8b,visdrone,9999973_00000_d_0000040,en:base,6,0,1,0,"{""count"": 0}"
Qwen3-VL-32B-Instruct,g8b,visdrone,9999973_00000_d_0000040,cn:base,6,0,1,0,"{""count"": 0}"
Qwen3-VL-32B-Instruct,g8b,visdrone,9999973_00000_d_0000044,cn:base,4,0,1,0,"{""count"": 0}"
Qwen3-VL-32B-Instruct,g8b,visdrone,9999973_00000_d_0000045,en:base,3,0,1,0,"{""count"": 0}"
Qwen3-VL-32B-Instruct,g8b,visdrone,9999973_00000_d_0000045,cn:base,3,0,1,0,"{""count"": 0}"
Qwen3-VL-32B-Instruct,g8b,visdrone,9999973_00000_d_0000047,en:base,6,0,1,0,"{""count"": 0}"
Qwen3-VL-32B-Instruct,g8b,visdrone,9999973_00000_d_0000047,cn:base,6,0,1,0,"{""count"": 0}"
Qwen3-VL-32B-Instruct,g8b,visdrone,9999973_00000_d_0000050,cn:base,14,0,1,0,"{""count"": 0}"
Qwen3-VL-32B-Instruct,g8b,visdrone,9999973_00000_d_0000050,en:base,14,0,1,0,"{""count"": 0}"
Qwen3-VL-32B-Instruct,g8b,visdrone,9999973_00000_d_0000057,cn:base,8,0,1,0,"{""count"": 0}"
Qwen3-VL-32B-Instruct,g8b,visdrone,9999973_00000_d_0000060,cn:base,2,0,1,0,"{""count"": 0}"
Qwen3-VL-32B-Instruct,g8b,visdrone,9999973_00000_d_0000060,en:base,2,0,1,0,"{""count"": 0}"
Qwen3-VL-32B-Instruct,g8b,visdrone,9999973_00000_d_0000057,en:base,8,0,1,0,"{""count"": 0}"
Qwen3-VL-32B-Instruct,g8b,visdrone,9999973_00000_d_0000061,cn:base,12,0,1,0,"{""count"": 0}"
Qwen3-VL-32B-Instruct,g8b,visdrone,9999973_00000_d_0000061,en:base,12,0,1,0,"{""count"": 0}"
Qwen3-VL-32B-Instruct,g8b,visdrone,9999973_00000_d_0000067,en:base,6,0,1,0,"{""count"": 0}"
Qwen3-VL-32B-Instruct,g8b,visdrone,9999973_00000_d_0000067,cn:base,6,0,1,0,"{""count"": 0}"
Qwen3-VL-32B-Instruct,g8b,visdrone,9999973_00000_d_0000068,en:base,3,2,1,0,"{""count"": 2}"
Qwen3-VL-32B-Instruct,g8b,visdrone,9999973_00000_d_0000071,cn:base,2,0,1,0,"{""count"": 0}"
Qwen3-VL-32B-Instruct,g8b,visdrone,9999973_00000_d_0000071,en:base,2,0,1,0,"{""count"": 0}"
Qwen3-VL-32B-Instruct,g8b,visdrone,9999973_00000_d_0000068,cn:base,3,2,1,0,"{""count"": 2}"
Qwen3-VL-32B-Instruct,g8b,visdrone,9999973_00000_d_0000072,en:base,1,0,1,0,"{""count"": 0}"
Qwen3-VL-32B-Instruct,g8b,visdrone,9999973_00000_d_0000072,cn:base,1,0,1,0,"{""count"": 0}"
Qwen3-VL-32B-Instruct,g8b,visdrone,9999973_00000_d_0000075,cn:base,6,0,1,0,"{""count"": 0}"
Qwen3-VL-32B-Instruct,g8b,visdrone,9999973_00000_d_0000075,en:base,6,0,1,0,"{""count"": 0}"
Qwen3-VL-32B-Instruct,g8b,visdrone,9999973_00000_d_0000076,cn:base,5,0,1,0,"{""count"": 0}"
Qwen3-VL-32B-Instruct,g8b,visdrone,9999973_00000_d_0000081,en:base,5,0,1,0,"{""count"": 0}"
Qwen3-VL-32B-Instruct,g8b,visdrone,9999973_00000_d_0000081,cn:base,5,0,1,0,"{""count"": 0}"
Qwen3-VL-32B-Instruct,g8b,visdrone,9999973_00000_d_0000076,en:base,5,0,1,0,"{""count"": 0}"
Qwen3-VL-32B-Instruct,g8b,visdrone,9999973_00000_d_0000084,cn:base,10,4,1,0,"{""count"": 4}"
Qwen3-VL-32B-Instruct,g8b,visdrone,9999973_00000_d_0000084,en:base,10,0,1,0,"{""count"": 0}"
Qwen3-VL-32B-Instruct,g8b,visdrone,9999973_00000_d_0000093,en:base,2,2,1,0,"{""count"": 2}"
Qwen3-VL-32B-Instruct,g8b,visdrone,9999973_00000_d_0000093,cn:base,2,2,1,0,"{""count"": 2}"
Qwen3-VL-32B-Instruct,g8b,visdrone,9999973_00000_d_0000098,cn:base,1,0,1,0,"{""count"": 0}"
Qwen3-VL-32B-Instruct,g8b,visdrone,9999973_00000_d_0000095,en:base,3,0,1,0,"{""count"": 0}"
Qwen3-VL-32B-Instruct,g8b,visdrone,9999973_00000_d_0000098,en:base,1,0,1,0,"{""count"": 0}"
Qwen3-VL-32B-Instruct,g8b,visdrone,9999973_00000_d_0000095,cn:base,3,0,1,0,"{""count"": 0}"
Qwen3-VL-32B-Instruct,g8b,visdrone,9999973_00000_d_0000103,en:base,1,0,1,0,"{""count"": 0}"
Qwen3-VL-32B-Instruct,g8b,visdrone,9999973_00000_d_0000103,cn:base,1,0,1,0,"{""count"": 0}"
Qwen3-VL-32B-Instruct,g8b,visdrone,9999973_00000_d_0000100,en:base,4,0,1,0,"{""count"": 0}"
Qwen3-VL-32B-Instruct,g8b,visdrone,9999973_00000_d_0000100,cn:base,4,0,1,0,"{""count"": 0}"
Qwen3-VL-32B-Instruct,g8b,visdrone,9999973_00000_d_0000109,cn:base,2,0,1,0,"{""count"": 0}"
Qwen3-VL-32B-Instruct,g8b,visdrone,9999973_00000_d_0000104,en:base,1,0,1,0,"{""count"": 0}"
Qwen3-VL-32B-Instruct,g8b,visdrone,9999973_00000_d_0000104,cn:base,1,0,1,0,"{""count"": 0}"
Qwen3-VL-32B-Instruct,g8b,visdrone,9999973_00000_d_0000109,en:base,2,0,1,0,"{""count"": 0}"
Qwen3-VL-32B-Instruct,g8b,visdrone,9999973_00000_d_0000110,en:base,8,0,1,0,"{""count"": 0}"
Qwen3-VL-32B-Instruct,g8b,visdrone,9999973_00000_d_0000110,cn:base,8,0,1,0,"{""count"": 0}"
Qwen3-VL-32B-Instruct,g8b,visdrone,9999973_00000_d_0000114,cn:base,3,0,1,0,"{""count"": 0}"
Qwen3-VL-32B-Instruct,g8b,visdrone,9999973_00000_d_0000114,en:base,3,0,1,0,"{""count"": 0}"
Qwen3-VL-32B-Instruct,g8b,visdrone,9999973_00000_d_0000116,cn:base,2,0,1,0,"{""count"": 0}"
Qwen3-VL-32B-Instruct,g8b,visdrone,9999973_00000_d_0000131,en:base,6,0,1,0,"{""count"": 0}"
Qwen3-VL-32B-Instruct,g8b,visdrone,9999973_00000_d_0000116,en:base,2,0,1,0,"{""count"": 0}"
Qwen3-VL-32B-Instruct,g8b,visdrone,9999973_00000_d_0000131,cn:base,6,0,1,0,"{""count"": 0}"
Qwen3-VL-32B-Instruct,g8b,visdrone,9999973_00000_d_0000142,cn:base,9,0,1,0,"{""count"": 0}"
Qwen3-VL-32B-Instruct,g8b,visdrone,9999973_00000_d_0000142,en:base,9,0,1,0,"{""count"": 0}"
Qwen3-VL-32B-Instruct,g8b,visdrone,9999973_00000_d_0000148,en:base,12,0,1,0,"{""count"": 0}"
Qwen3-VL-32B-Instruct,g8b,visdrone,9999973_00000_d_0000148,cn:base,12,0,1,0,"{""count"": 0}"
Qwen3-VL-32B-Instruct,g8b,visdrone,9999976_00000_d_0000005,en:base,9,0,1,0,"{""count"": 0}"
Qwen3-VL-32B-Instruct,g8b,visdrone,9999976_00000_d_0000005,cn:base,9,0,1,0,"{""count"": 0}"
Qwen3-VL-32B-Instruct,g8b,visdrone,9999976_00000_d_0000008,cn:base,5,0,1,0,"{""count"": 0}"
Qwen3-VL-32B-Instruct,g8b,visdrone,9999976_00000_d_0000008,en:base,5,0,1,0,"{""count"": 0}"
Qwen3-VL-32B-Instruct,g8b,visdrone,9999976_00000_d_0000010,en:base,12,0,1,0,"{""count"": 0}"
Qwen3-VL-32B-Instruct,g8b,visdrone,9999976_00000_d_0000010,cn:base,12,0,1,0,"{""count"": 0}"
Qwen3-VL-32B-Instruct,g8b,visdrone,9999976_00000_d_0000011,cn:base,3,0,1,0,"{""count"": 0}"
Qwen3-VL-32B-Instruct,g8b,visdrone,9999976_00000_d_0000011,en:base,3,0,1,0,"{""count"": 0}"
Qwen3-VL-32B-Instruct,g8b,visdrone,9999976_00000_d_0000016,cn:base,6,0,1,0,"{""count"": 0}"
Qwen3-VL-32B-Instruct,g8b,visdrone,9999976_00000_d_0000012,cn:base,14,0,1,0,"{""count"": 0}"
Qwen3-VL-32B-Instruct,g8b,visdrone,9999976_00000_d_0000012,en:base,14,0,1,0,"{""count"": 0}"
Qwen3-VL-32B-Instruct,g8b,visdrone,9999976_00000_d_0000016,en:base,6,0,1,0,"{""count"": 0}"
Qwen3-VL-32B-Instruct,g8b,visdrone,9999976_00000_d_0000017,cn:base,3,0,1,0,"{""count"": 0}"
Qwen3-VL-32B-Instruct,g8b,visdrone,9999976_00000_d_0000017,en:base,3,0,1,0,"{""count"": 0}"
Qwen3-VL-32B-Instruct,g8b,visdrone,9999976_00000_d_0000019,cn:base,6,0,1,0,"{""count"": 0}"
Qwen3-VL-32B-Instruct,g8b,visdrone,9999976_00000_d_0000019,en:base,6,0,1,0,"{""count"": 0}"
Qwen3-VL-32B-Instruct,g8b,visdrone,9999976_00000_d_0000023,en:base,2,0,1,0,"{""count"": 0}"
Qwen3-VL-32B-Instruct,g8b,visdrone,9999976_00000_d_0000023,cn:base,2,0,1,0,"{""count"": 0}"
Qwen3-VL-32B-Instruct,g8b,visdrone,9999976_00000_d_0000024,en:base,5,0,1,0,"{""count"": 0}"
Qwen3-VL-32B-Instruct,g8b,visdrone,9999976_00000_d_0000024,cn:base,5,0,1,0,"{""count"": 0}"
Qwen3-VL-32B-Instruct,g8b,visdrone,9999976_00000_d_0000033,en:base,7,0,1,0,"{""count"": 0}"
Qwen3-VL-32B-Instruct,g8b,visdrone,9999976_00000_d_0000033,cn:base,7,8,1,0,"{""count"": 8}"
Qwen3-VL-32B-Instruct,g8b,visdrone,9999976_00000_d_0000029,cn:base,6,0,1,0,"{""count"": 0}"
Qwen3-VL-32B-Instruct,g8b,visdrone,9999976_00000_d_0000029,en:base,6,0,1,0,"{""count"": 0}"
Qwen3-VL-32B-Instruct,g8b,visdrone,9999979_00000_d_0000002,en:base,16,0,1,0,"{""count"": 0}"
Qwen3-VL-32B-Instruct,g8b,visdrone,9999979_00000_d_0000002,cn:base,16,0,1,0,"{""count"": 0}"
Qwen3-VL-32B-Instruct,g8b,visdrone,9999979_00000_d_0000004,cn:base,14,0,1,0,"{""count"": 0}"
Qwen3-VL-32B-Instruct,g8b,visdrone,9999979_00000_d_0000004,en:base,14,0,1,0,"{""count"": 0}"
Qwen3-VL-32B-Instruct,g8b,visdrone,9999979_00000_d_0000023,en:base,63,0,1,0,"{""count"": 0}"
Qwen3-VL-32B-Instruct,g8b,visdrone,9999979_00000_d_0000023,cn:base,63,0,1,0,"{""count"": 0}"
Qwen3-VL-32B-Instruct,g8b,visdrone,9999979_00000_d_0000007,cn:base,2,0,1,0,"{""count"": 0}"
Qwen3-VL-32B-Instruct,g8b,visdrone,9999979_00000_d_0000007,en:base,2,0,1,0,"{""count"": 0}"
Qwen3-VL-32B-Instruct,g8b,visdrone,9999979_00000_d_0000025,en:base,58,0,1,0,"{""count"": 0}"
Qwen3-VL-32B-Instruct,g8b,visdrone,9999979_00000_d_0000025,cn:base,58,0,1,0,"{""count"": 0}"
Qwen3-VL-32B-Instruct,g8b,visdrone,9999979_00000_d_0000027,cn:base,4,0,1,0,"{""count"": 0}"
Qwen3-VL-32B-Instruct,g8b,visdrone,9999979_00000_d_0000027,en:base,4,0,1,0,"{""count"": 0}"
Qwen3-VL-32B-Instruct,g8b,visdrone,9999979_00000_d_0000030,en:base,74,0,1,0,"{""count"": 0}"
Qwen3-VL-32B-Instruct,g8b,visdrone,9999979_00000_d_0000031,cn:base,2,0,1,0,"{""count"": 0}"
Qwen3-VL-32B-Instruct,g8b,visdrone,9999979_00000_d_0000030,cn:base,74,0,1,0,"{""count"": 0}"
Qwen3-VL-32B-Instruct,g8b,visdrone,9999979_00000_d_0000034,en:base,36,0,1,0,"{""count"": 0}"
Qwen3-VL-32B-Instruct,g8b,visdrone,9999979_00000_d_0000033,cn:base,61,0,1,0,"{""count"": 0}"
Qwen3-VL-32B-Instruct,g8b,visdrone,9999979_00000_d_0000031,en:base,2,0,1,0,"{""count"": 0}"
Qwen3-VL-32B-Instruct,g8b,visdrone,9999979_00000_d_0000033,en:base,61,0,1,0,"{""count"": 0}"
Qwen3-VL-32B-Instruct,g8b,visdrone,9999979_00000_d_0000034,cn:base,36,0,1,0,"{""count"": 0}"
Qwen3-VL-32B-Instruct,g8b,visdrone,9999979_00000_d_0000043,en:base,24,0,1,0,"{""count"": 0}"
Qwen3-VL-32B-Instruct,g8b,visdrone,9999979_00000_d_0000043,cn:base,24,0,1,0,"{""count"": 0}"
Qwen3-VL-32B-Instruct,g8b,visdrone,9999979_00000_d_0000044,en:base,9,0,1,0,"{""count"": 0}"
Qwen3-VL-32B-Instruct,g8b,visdrone,9999979_00000_d_0000044,cn:base,9,0,1,0,"{""count"": 0}"
Qwen3-VL-32B-Instruct,g8b,visdrone,9999979_00000_d_0000047,cn:base,42,0,1,0,"{""count"": 0}"
Qwen3-VL-32B-Instruct,g8b,visdrone,9999979_00000_d_0000036,cn:base,30,0,1,0,"{""count"": 0}"
Qwen3-VL-32B-Instruct,g8b,visdrone,9999979_00000_d_0000036,en:base,30,0,1,0,"{""count"": 0}"
Qwen3-VL-32B-Instruct,g8b,visdrone,9999979_00000_d_0000047,en:base,42,0,1,0,"{""count"": 0}"
Qwen3-VL-32B-Instruct,g8b,visdrone,9999979_00000_d_0000051,cn:base,3,0,1,0,"{""count"": 0}"
Qwen3-VL-32B-Instruct,g8b,visdrone,9999979_00000_d_0000051,en:base,3,0,1,0,"{""count"": 0}"
Qwen3-VL-32B-Instruct,g8b,visdrone,9999979_00000_d_0000053,en:base,24,0,1,0,"{""count"": 0}"
Qwen3-VL-32B-Instruct,g8b,visdrone,9999980_00000_d_0000005,cn:base,3,0,1,0,"{""count"": 0}"
Qwen3-VL-32B-Instruct,g8b,visdrone,9999980_00000_d_0000005,en:base,3,0,1,0,"{""count"": 0}"
Qwen3-VL-32B-Instruct,g8b,visdrone,9999979_00000_d_0000053,cn:base,24,0,1,0,"{""count"": 0}"
Qwen3-VL-32B-Instruct,g8b,visdrone,9999986_00000_d_0000002,cn:base,30,14,1,0,"{""count"": 14}"
Qwen3-VL-32B-Instruct,g8b,visdrone,9999986_00000_d_0000002,en:base,30,14,1,0,"{""count"": 14}"
Qwen3-VL-32B-Instruct,g8b,visdrone,9999986_00000_d_0000003,en:base,32,10,1,0,"{""count"": 10}"
Qwen3-VL-32B-Instruct,g8b,visdrone,9999986_00000_d_0000003,cn:base,32,10,1,0,"{""count"": 10}"
Qwen3-VL-32B-Instruct,g8b,visdrone,9999986_00000_d_0000007,en:base,28,18,1,0,"{""count"": 18}"
Qwen3-VL-32B-Instruct,g8b,visdrone,9999986_00000_d_0000006,cn:base,28,10,1,0,"{""count"": 10}"
Qwen3-VL-32B-Instruct,g8b,visdrone,9999986_00000_d_0000005,cn:base,24,10,1,0,"{""count"": 10}"
Qwen3-VL-32B-Instruct,g8b,visdrone,9999986_00000_d_0000007,cn:base,28,18,1,0,"{""count"": 18}"
Qwen3-VL-32B-Instruct,g8b,visdrone,9999986_00000_d_0000006,en:base,28,15,1,0,"{""count"": 15}"
Qwen3-VL-32B-Instruct,g8b,visdrone,9999986_00000_d_0000005,en:base,24,10,1,0,"{""count"": 10}"
Qwen3-VL-32B-Instruct,g8b,visdrone,9999986_00000_d_0000008,en:base,23,17,1,0,"{""count"": 17}"
Qwen3-VL-32B-Instruct,g8b,visdrone,9999986_00000_d_0000008,cn:base,23,17,1,0,"{""count"": 17}"
Qwen3-VL-32B-Instruct,g8b,visdrone,9999986_00000_d_0000017,en:base,10,7,1,0,"{""count"": 7}"
Qwen3-VL-32B-Instruct,g8b,visdrone,9999986_00000_d_0000022,en:base,2,3,1,0,"{""count"": 3}"
Qwen3-VL-32B-Instruct,g8b,visdrone,9999986_00000_d_0000017,cn:base,10,7,1,0,"{""count"": 7}"
Qwen3-VL-32B-Instruct,g8b,visdrone,9999986_00000_d_0000022,cn:base,2,3,1,0,"{""count"": 3}"
Qwen3-VL-32B-Instruct,g8b,visdrone,9999986_00000_d_0000013,en:base,14,10,1,0,"{""count"": 10}"
Qwen3-VL-32B-Instruct,g8b,visdrone,9999986_00000_d_0000013,cn:base,14,10,1,0,"{""count"": 10}"
Qwen3-VL-32B-Instruct,g8b,visdrone,9999986_00000_d_0000029,en:base,8,5,1,0,"{""count"": 5}"
Qwen3-VL-32B-Instruct,g8b,visdrone,9999986_00000_d_0000029,cn:base,8,5,1,0,"{""count"": 5}"
Qwen3-VL-32B-Instruct,g8b,visdrone,9999986_00000_d_0000027,en:base,5,0,1,0,"{""count"": 0}"
Qwen3-VL-32B-Instruct,g8b,visdrone,9999986_00000_d_0000027,cn:base,5,0,1,0,"{""count"": 0}"
Qwen3-VL-32B-Instruct,g8b,visdrone,9999986_00000_d_0000037,en:base,8,5,1,0,"{""count"": 5}"
Qwen3-VL-32B-Instruct,g8b,visdrone,9999986_00000_d_0000035,en:base,8,3,1,0,"{""count"": 3}"
Qwen3-VL-32B-Instruct,g8b,visdrone,9999986_00000_d_0000037,cn:base,8,5,1,0,"{""count"": 5}"
Qwen3-VL-32B-Instruct,g8b,visdrone,9999986_00000_d_0000035,cn:base,8,3,1,0,"{""count"": 3}"
Qwen3-VL-32B-Instruct,g8b,visdrone,9999986_00000_d_0000052,cn:base,3,2,1,0,"{""count"": 2}"
Qwen3-VL-32B-Instruct,g8b,visdrone,9999986_00000_d_0000052,en:base,3,2,1,0,"{""count"": 2}"
Qwen3-VL-32B-Instruct,g8b,visdrone,9999986_00000_d_0000042,en:base,11,6,1,0,"{""count"": 6}"
Qwen3-VL-32B-Instruct,g8b,visdrone,9999986_00000_d_0000042,cn:base,11,6,1,0,"{""count"": 6}"
Qwen3-VL-32B-Instruct,g8b,visdrone,9999993_00000_d_0000001,cn:base,43,0,1,0,"{""count"": 0}"
Qwen3-VL-32B-Instruct,g8b,visdrone,9999993_00000_d_0000001,en:base,43,0,1,0,"{""count"": 0}"
Qwen3-VL-32B-Instruct,g8b,visdrone,9999993_00000_d_0000002,en:base,13,10,1,0,"{""count"": 10}"
Qwen3-VL-32B-Instruct,g8b,visdrone,9999993_00000_d_0000002,cn:base,13,10,1,0,"{""count"": 10}"
Qwen3-VL-32B-Instruct,g8b,visdrone,9999993_00000_d_0000006,en:base,22,0,1,0,"{""count"": 0}"
Qwen3-VL-32B-Instruct,g8b,visdrone,9999993_00000_d_0000006,cn:base,22,0,1,0,"{""count"": 0}"
Qwen3-VL-32B-Instruct,g8b,visdrone,9999993_00000_d_0000008,cn:base,4,0,1,0,"{""count"": 0}"
Qwen3-VL-32B-Instruct,g8b,visdrone,9999993_00000_d_0000008,en:base,4,0,1,0,"{""count"": 0}"
Qwen3-VL-32B-Instruct,g8b,visdrone,9999993_00000_d_0000009,en:base,11,0,1,0,"{""count"": 0}"
Qwen3-VL-32B-Instruct,g8b,visdrone,9999993_00000_d_0000009,cn:base,11,0,1,0,"{""count"": 0}"
Qwen3-VL-32B-Instruct,g8b,visdrone,9999993_00000_d_0000010,cn:base,3,0,1,0,"{""count"": 0}"
Qwen3-VL-32B-Instruct,g8b,visdrone,9999993_00000_d_0000010,en:base,3,0,1,0,"{""count"": 0}"
Qwen3-VL-32B-Instruct,g8b,visdrone,9999993_00000_d_0000011,en:base,19,0,1,0,"{""count"": 0}"
Qwen3-VL-32B-Instruct,g8b,visdrone,9999993_00000_d_0000013,en:base,12,0,1,0,"{""count"": 0}"
Qwen3-VL-32B-Instruct,g8b,visdrone,9999993_00000_d_0000013,cn:base,12,0,1,0,"{""count"": 0}"
Qwen3-VL-32B-Instruct,g8b,visdrone,9999993_00000_d_0000011,cn:base,19,10,1,0,"{""count"": 10}"
Qwen3-VL-32B-Instruct,g8b,visdrone,9999993_00000_d_0000023,cn:base,42,10,1,0,"{""count"": 10}"
Qwen3-VL-32B-Instruct,g8b,visdrone,9999993_00000_d_0000023,en:base,42,10,1,0,"{""count"": 10}"
Qwen3-VL-32B-Instruct,g8b,visdrone,9999993_00000_d_0000018,en:base,7,10,1,0,"{""count"": 10}"
Qwen3-VL-32B-Instruct,g8b,visdrone,9999993_00000_d_0000018,cn:base,7,10,1,0,"{""count"": 10}"
Qwen3-VL-32B-Instruct,g8b,visdrone,9999996_00000_d_0000006,cn:base,3,3,1,0,"{""count"": 3}"
Qwen3-VL-32B-Instruct,g8b,visdrone,9999996_00000_d_0000006,en:base,3,3,1,0,"{""count"": 3}"
Qwen3-VL-32B-Instruct,g8b,visdrone,9999996_00000_d_0000001,en:base,2,0,1,0,"{""count"": 0}"
Qwen3-VL-32B-Instruct,g8b,visdrone,9999996_00000_d_0000001,cn:base,2,0,1,0,"{""count"": 0}"
Qwen3-VL-32B-Instruct,g8b,visdrone,9999996_00000_d_0000015,en:base,2,1,1,0,"{""count"": 1}"
Qwen3-VL-32B-Instruct,g8b,visdrone,9999996_00000_d_0000015,cn:base,2,1,1,0,"{""count"": 1}"
Qwen3-VL-32B-Instruct,g8b,visdrone,9999996_00000_d_0000014,en:base,20,10,1,0,"{""count"": 10}"
Qwen3-VL-32B-Instruct,g8b,visdrone,9999996_00000_d_0000014,cn:base,20,10,1,0,"{""count"": 10}"
Qwen3-VL-32B-Instruct,g8b,visdrone,9999996_00000_d_0000016,cn:base,2,1,1,0,"{""count"": 1}"
Qwen3-VL-32B-Instruct,g8b,visdrone,9999996_00000_d_0000016,en:base,2,1,1,0,"{""count"": 1}"
Qwen3-VL-32B-Instruct,g8b,visdrone,9999996_00000_d_0000018,cn:base,16,0,1,0,"{""count"": 0}"
Qwen3-VL-32B-Instruct,g8b,visdrone,9999996_00000_d_0000018,en:base,16,0,1,0,"{""count"": 0}"
Qwen3-VL-32B-Instruct,g8b,visdrone,9999996_00000_d_0000024,en:base,4,0,1,0,"{""count"": 0}"
Qwen3-VL-32B-Instruct,g8b,visdrone,9999996_00000_d_0000024,cn:base,4,0,1,0,"{""count"": 0}"
Qwen3-VL-32B-Instruct,g8b,visdrone,9999996_00000_d_0000027,cn:base,3,0,1,0,"{""count"": 0}"
Qwen3-VL-32B-Instruct,g8b,visdrone,9999996_00000_d_0000027,en:base,3,0,1,0,"{""count"": 0}"
Qwen3-VL-32B-Instruct,g8b,aitod,0000059_01886_d_0000114__0_0,en:base,811,0,1,0,"{""count"": 0}"
Qwen3-VL-32B-Instruct,g8b,aitod,0000059_01886_d_0000114__0_0,cn:base,811,0,1,0,"{""count"": 0}"
Qwen3-VL-32B-Instruct,g8b,aitod,0000126_11844_d_0000130__1200_0,cn:base,8,3,1,0,"{""count"": 3}"
Qwen3-VL-32B-Instruct,g8b,aitod,0000126_11844_d_0000130__1200_0,en:base,8,4,1,0,"{""count"": 4}"
Qwen3-VL-32B-Instruct,g8b,aitod,0000024_01000_d_0000014__160_0,en:base,10,5,1,0,"{""count"": 5}"
Qwen3-VL-32B-Instruct,g8b,aitod,0000101_01189_d_0000017__0_0,cn:base,9,7,1,0,"{""count"": 7}"
Qwen3-VL-32B-Instruct,g8b,aitod,0000024_01000_d_0000014__160_0,cn:base,10,5,1,0,"{""count"": 5}"
Qwen3-VL-32B-Instruct,g8b,aitod,0000101_01189_d_0000017__0_0,en:base,9,7,1,0,"{""count"": 7}"
Qwen3-VL-32B-Instruct,g8b,aitod,0000225_05003_d_0000016__600_0,en:base,1,0,1,0,"{""count"": 0}"
Qwen3-VL-32B-Instruct,g8b,aitod,0000225_05003_d_0000016__600_0,cn:base,1,0,1,0,"{""count"": 0}"
Qwen3-VL-32B-Instruct,g8b,aitod,0000225_03052_d_0000011__1120_280,en:base,2,0,1,0,"{""count"": 0}"
Qwen3-VL-32B-Instruct,g8b,aitod,0000225_03052_d_0000011__1120_280,cn:base,2,0,1,0,"{""count"": 0}"
Qwen3-VL-32B-Instruct,g8b,aitod,0000156_00154_d_0000077__0_0,en:base,31,10,1,0,"{""count"": 10}"
Qwen3-VL-32B-Instruct,g8b,aitod,0000126_11844_d_0000130__1120_280,en:base,15,10,1,0,"{""count"": 10}"
Qwen3-VL-32B-Instruct,g8b,aitod,0000126_11844_d_0000130__1120_280,cn:base,15,10,1,0,"{""count"": 10}"
Qwen3-VL-32B-Instruct,g8b,aitod,0000156_00154_d_0000077__0_0,cn:base,31,10,1,0,"{""count"": 10}"
Qwen3-VL-32B-Instruct,g8b,aitod,0000228_00001_d_0000001__1120_0,en:base,8,10,1,0,"{""count"": 10}"
Qwen3-VL-32B-Instruct,g8b,aitod,0000228_00001_d_0000001__1120_0,cn:base,8,10,1,0,"{""count"": 10}"
Qwen3-VL-32B-Instruct,g8b,aitod,0000239_08430_d_0000022__0_0,cn:base,13,0,1,0,"{""count"": 0}"
Qwen3-VL-32B-Instruct,g8b,aitod,0000228_00001_d_0000001__1200_0,cn:base,7,10,1,0,"{""count"": 10}"
Qwen3-VL-32B-Instruct,g8b,aitod,0000228_00001_d_0000001__1200_0,en:base,7,10,1,0,"{""count"": 10}"
Qwen3-VL-32B-Instruct,g8b,aitod,0000239_08430_d_0000022__0_0,en:base,13,0,1,0,"{""count"": 0}"
Qwen3-VL-32B-Instruct,g8b,aitod,0000182_01220_d_0000039__0_0,en:base,21,0,1,0,"{""count"": 0}"
Qwen3-VL-32B-Instruct,g8b,aitod,0000182_01220_d_0000039__0_0,cn:base,21,0,1,0,"{""count"": 0}"
Qwen3-VL-32B-Instruct,g8b,aitod,0000193_02606_d_0000117__0_0,cn:base,25,10,1,0,"{""count"": 10}"
Qwen3-VL-32B-Instruct,g8b,aitod,0000193_02606_d_0000117__0_0,en:base,25,10,1,0,"{""count"": 10}"
Qwen3-VL-32B-Instruct,g8b,aitod,0000239_07930_d_0000021__160_0,cn:base,12,0,1,0,"{""count"": 0}"
Qwen3-VL-32B-Instruct,g8b,aitod,0000239_07930_d_0000021__160_0,en:base,12,0,1,0,"{""count"": 0}"
Qwen3-VL-32B-Instruct,g8b,aitod,0000174_00801_d_0000001__160_0,en:base,13,10,1,0,"{""count"": 10}"
Qwen3-VL-32B-Instruct,g8b,aitod,0000181_00000_d_0000028__160_0,en:base,19,10,1,0,"{""count"": 10}"
Qwen3-VL-32B-Instruct,g8b,aitod,0000174_00801_d_0000001__160_0,cn:base,13,10,1,0,"{""count"": 10}"
Qwen3-VL-32B-Instruct,g8b,aitod,0000181_00000_d_0000028__160_0,cn:base,19,10,1,0,"{""count"": 10}"
Qwen3-VL-32B-Instruct,g8b,aitod,0000242_02400_d_0000009__160_0,en:base,9,4,1,0,"{""count"": 4}"
Qwen3-VL-32B-Instruct,g8b,aitod,0000133_00078_d_0000141__0_0,cn:base,38,0,1,0,"{""count"": 0}"
Qwen3-VL-32B-Instruct,g8b,aitod,0000133_00078_d_0000141__0_0,en:base,38,0,1,0,"{""count"": 0}"
Qwen3-VL-32B-Instruct,g8b,aitod,0000199_00303_d_0000163__160_0,en:base,23,0,1,0,"{""count"": 0}"
Qwen3-VL-32B-Instruct,g8b,aitod,0000199_00303_d_0000163__160_0,cn:base,23,0,1,0,"{""count"": 0}"
Qwen3-VL-32B-Instruct,g8b,aitod,0000242_02400_d_0000009__160_0,cn:base,9,4,1,0,"{""count"": 4}"
Qwen3-VL-32B-Instruct,g8b,aitod,0000197_03351_d_0000154__1120_0,en:base,2,0,1,0,"{""count"": 0}"
Qwen3-VL-32B-Instruct,g8b,aitod,0000197_03351_d_0000154__1120_0,cn:base,2,0,1,0,"{""count"": 0}"
Qwen3-VL-32B-Instruct,g8b,aitod,0000197_02416_d_0000152__0_0,en:base,18,1,1,0,"{""count"": 1}"
Qwen3-VL-32B-Instruct,g8b,aitod,0000244_01500_d_0000004__160_0,en:base,8,0,1,0,"{""count"": 0}"
Qwen3-VL-32B-Instruct,g8b,aitod,0000194_00998_d_0000124__160_0,cn:base,16,0,1,0,"{""count"": 0}"
Qwen3-VL-32B-Instruct,g8b,aitod,0000197_02416_d_0000152__0_0,cn:base,18,1,1,0,"{""count"": 1}"
Qwen3-VL-32B-Instruct,g8b,aitod,0000244_01500_d_0000004__160_0,cn:base,8,0,1,0,"{""count"": 0}"
Qwen3-VL-32B-Instruct,g8b,aitod,0000194_00998_d_0000124__160_0,en:base,16,0,1,0,"{""count"": 0}"
Qwen3-VL-32B-Instruct,g8b,aitod,0000193_02606_d_0000117__160_0,cn:base,25,10,1,0,"{""count"": 10}"
Qwen3-VL-32B-Instruct,g8b,aitod,0000193_02606_d_0000117__160_0,en:base,25,10,1,0,"{""count"": 10}"
Qwen3-VL-32B-Instruct,g8b,aitod,0000244_05400_d_0000012__160_0,en:base,19,10,1,0,"{""count"": 10}"
Qwen3-VL-32B-Instruct,g8b,aitod,0000244_05400_d_0000012__160_0,cn:base,19,10,1,0,"{""count"": 10}"
Qwen3-VL-32B-Instruct,g8b,aitod,0000228_00500_d_0000002__1120_0,en:base,15,0,1,0,"{""count"": 0}"
Qwen3-VL-32B-Instruct,g8b,aitod,0000228_00500_d_0000002__1120_0,cn:base,15,0,1,0,"{""count"": 0}"
Qwen3-VL-32B-Instruct,g8b,aitod,0000213_02500_d_0000240__600_0,cn:base,15,2,1,0,"{""count"": 2}"
Qwen3-VL-32B-Instruct,g8b,aitod,0000242_05059_d_0000015__0_0,en:base,11,0,1,0,"{""count"": 0}"
Qwen3-VL-32B-Instruct,g8b,aitod,0000242_05059_d_0000015__0_0,cn:base,11,0,1,0,"{""count"": 0}"
Qwen3-VL-32B-Instruct,g8b,aitod,0000213_02500_d_0000240__600_0,en:base,15,2,1,0,"{""count"": 2}"
Qwen3-VL-32B-Instruct,g8b,aitod,0000201_00000_d_0000171__0_0,en:base,12,0,1,0,"{""count"": 0}"
Qwen3-VL-32B-Instruct,g8b,aitod,0000200_00297_d_0000169__0_0,cn:base,4,0,1,0,"{""count"": 0}"
Qwen3-VL-32B-Instruct,g8b,aitod,0000200_00297_d_0000169__0_0,en:base,4,0,1,0,"{""count"": 0}"
Qwen3-VL-32B-Instruct,g8b,aitod,0000249_00603_d_0000003__160_0,cn:base,4,1,1,0,"{""count"": 1}"
Qwen3-VL-32B-Instruct,g8b,aitod,0000249_00603_d_0000003__160_0,en:base,4,1,1,0,"{""count"": 1}"
Qwen3-VL-32B-Instruct,g8b,aitod,0000257_04349_d_0000067__560_0,en:base,47,0,1,0,"{""count"": 0}"
Qwen3-VL-32B-Instruct,g8b,aitod,0000257_04349_d_0000067__560_0,cn:base,47,0,1,0,"{""count"": 0}"
Qwen3-VL-32B-Instruct,g8b,aitod,0000201_00000_d_0000171__0_0,cn:base,12,0,1,0,"{""count"": 0}"
Qwen3-VL-32B-Instruct,g8b,aitod,0000264_01801_d_0000203__600_0,cn:base,1,0,1,0,"{""count"": 0}"
Qwen3-VL-32B-Instruct,g8b,aitod,0000264_01401_d_0000201__560_0,en:base,9,0,1,0,"{""count"": 0}"
Qwen3-VL-32B-Instruct,g8b,aitod,0000264_01401_d_0000201__560_0,cn:base,9,0,1,0,"{""count"": 0}"
Qwen3-VL-32B-Instruct,g8b,aitod,0000264_01801_d_0000203__600_0,en:base,1,0,1,0,"{""count"": 0}"
Qwen3-VL-32B-Instruct,g8b,aitod,0000271_07201_d_0000408__600_0,en:base,8,4,1,0,"{""count"": 4}"
Qwen3-VL-32B-Instruct,g8b,aitod,0000271_07201_d_0000408__600_0,cn:base,8,3,1,0,"{""count"": 3}"
Qwen3-VL-32B-Instruct,g8b,aitod,0000270_03801_d_0000372__0_0,en:base,26,10,1,0,"{""count"": 10}"
Qwen3-VL-32B-Instruct,g8b,aitod,0000270_03801_d_0000372__0_0,cn:base,26,10,1,0,"{""count"": 10}"
Qwen3-VL-32B-Instruct,g8b,aitod,0000315_00401_d_0000503__560_0,en:base,20,0,1,0,"{""count"": 0}"
Qwen3-VL-32B-Instruct,g8b,aitod,0000303_03601_d_0000201__600_0,en:base,12,1,1,0,"{""count"": 1}"
Qwen3-VL-32B-Instruct,g8b,aitod,0000303_03601_d_0000201__600_0,cn:base,12,1,1,0,"{""count"": 1}"
Qwen3-VL-32B-Instruct,g8b,aitod,0000303_03401_d_0000200__600_0,en:base,10,0,1,0,"{""count"": 0}"
Qwen3-VL-32B-Instruct,g8b,aitod,0000303_03401_d_0000200__600_0,cn:base,10,0,1,0,"{""count"": 0}"
Qwen3-VL-32B-Instruct,g8b,aitod,0000315_00401_d_0000503__560_0,cn:base,20,0,1,0,"{""count"": 0}"
Qwen3-VL-32B-Instruct,g8b,aitod,0000344_02941_d_0000308__560_0,en:base,9,0,1,0,"{""count"": 0}"
Qwen3-VL-32B-Instruct,g8b,aitod,0000344_02941_d_0000308__560_0,cn:base,9,0,1,0,"{""count"": 0}"
Qwen3-VL-32B-Instruct,g8b,aitod,9999937_00000_d_0000005__544_0,en:base,5,0,1,0,"{""count"": 0}"
Qwen3-VL-32B-Instruct,g8b,aitod,9999937_00000_d_0000005__544_0,cn:base,5,0,1,0,"{""count"": 0}"
Qwen3-VL-32B-Instruct,g8b,aitod,0000339_02157_d_0000172__560_0,cn:base,8,0,1,0,"{""count"": 0}"
Qwen3-VL-32B-Instruct,g8b,aitod,0000339_02157_d_0000172__560_0,en:base,8,0,1,0,"{""count"": 0}"
Qwen3-VL-32B-Instruct,g8b,aitod,9999937_00000_d_0000013__0_0,cn:base,6,0,1,0,"{""count"": 0}"
Qwen3-VL-32B-Instruct,g8b,aitod,9999937_00000_d_0000013__0_0,en:base,6,0,1,0,"{""count"": 0}"
Qwen3-VL-32B-Instruct,g8b,aitod,0000366_06273_d_0000808__560_0,en:base,13,12,1,0,"{""count"": 12}"
Qwen3-VL-32B-Instruct,g8b,aitod,0000366_06273_d_0000808__560_0,cn:base,13,12,1,0,"{""count"": 12}"
Qwen3-VL-32B-Instruct,g8b,aitod,0000366_08233_d_0000814__0_0,cn:base,4,10,1,0,"{""count"": 10}"
Qwen3-VL-32B-Instruct,g8b,aitod,9999937_00000_d_0000007__0_0,cn:base,13,6,1,0,"{""count"": 6}"
Qwen3-VL-32B-Instruct,g8b,aitod,9999937_00000_d_0000168__1116_278,en:base,3,0,1,0,"{""count"": 0}"
Qwen3-VL-32B-Instruct,g8b,aitod,9999937_00000_d_0000007__0_0,en:base,13,6,1,0,"{""count"": 6}"
Qwen3-VL-32B-Instruct,g8b,aitod,9999937_00000_d_0000168__1116_278,cn:base,3,3,1,0,"{""count"": 3}"
Qwen3-VL-32B-Instruct,g8b,aitod,0000366_08233_d_0000814__0_0,en:base,4,10,1,0,"{""count"": 10}"
Qwen3-VL-32B-Instruct,g8b,aitod,9999937_00000_d_0000161__1116_278,en:base,14,5,1,0,"{""count"": 5}"
Qwen3-VL-32B-Instruct,g8b,aitod,9999937_00000_d_0000161__1116_278,cn:base,14,5,1,0,"{""count"": 5}"
Qwen3-VL-32B-Instruct,g8b,aitod,9999937_00000_d_0000161__1200_278,en:base,11,6,1,0,"{""count"": 6}"
Qwen3-VL-32B-Instruct,g8b,aitod,9999940_00000_d_0000026__0_0,en:base,5,0,1,0,"{""count"": 0}"
Qwen3-VL-32B-Instruct,g8b,aitod,9999940_00000_d_0000033__600_0,cn:base,1,0,1,0,"{""count"": 0}"
Qwen3-VL-32B-Instruct,g8b,aitod,9999940_00000_d_0000064__600_0,cn:base,1,0,1,0,"{""count"": 0}"
Qwen3-VL-32B-Instruct,g8b,aitod,9999940_00000_d_0000033__600_0,en:base,1,0,1,0,"{""count"": 0}"
Qwen3-VL-32B-Instruct,g8b,aitod,9999940_00000_d_0000064__600_0,en:base,1,0,1,0,"{""count"": 0}"
Qwen3-VL-32B-Instruct,g8b,aitod,9999937_00000_d_0000161__1200_278,cn:base,11,6,1,0,"{""count"": 6}"
Qwen3-VL-32B-Instruct,g8b,aitod,9999940_00000_d_0000026__0_0,cn:base,5,0,1,0,"{""count"": 0}"
Qwen3-VL-32B-Instruct,g8b,aitod,9999940_00000_d_0000076__600_0,en:base,16,0,1,0,"{""count"": 0}"
Qwen3-VL-32B-Instruct,g8b,aitod,9999945_00000_d_0000004__0_0,en:base,2,0,1,0,"{""count"": 0}"
Qwen3-VL-32B-Instruct,g8b,aitod,9999942_00000_d_0000254__600_250,en:base,20,0,1,0,"{""count"": 0}"
Qwen3-VL-32B-Instruct,g8b,aitod,9999945_00000_d_0000004__600_0,cn:base,22,0,1,0,"{""count"": 0}"
Qwen3-VL-32B-Instruct,g8b,aitod,9999945_00000_d_0000004__0_0,cn:base,2,0,1,0,"{""count"": 0}"
Qwen3-VL-32B-Instruct,g8b,aitod,9999942_00000_d_0000254__600_250,cn:base,20,0,1,0,"{""count"": 0}"
Qwen3-VL-32B-Instruct,g8b,aitod,9999940_00000_d_0000076__600_0,cn:base,16,0,1,0,"{""count"": 0}"
Qwen3-VL-32B-Instruct,g8b,aitod,9999945_00000_d_0000004__600_0,en:base,22,0,1,0,"{""count"": 0}"
Qwen3-VL-32B-Instruct,g8b,aitod,9999942_00000_d_0000254__0_0,en:base,7,3,1,0,"{""count"": 3}"
Qwen3-VL-32B-Instruct,g8b,aitod,9999942_00000_d_0000254__0_0,cn:base,7,3,1,0,"{""count"": 3}"
Qwen3-VL-32B-Instruct,g8b,aitod,9999945_00000_d_0000052__0_0,cn:base,11,0,1,0,"{""count"": 0}"
Qwen3-VL-32B-Instruct,g8b,aitod,9999945_00000_d_0000004__600_250,en:base,50,0,1,0,"{""count"": 0}"
Qwen3-VL-32B-Instruct,g8b,aitod,9999945_00000_d_0000042__600_0,cn:base,7,0,1,0,"{""count"": 0}"
Qwen3-VL-32B-Instruct,g8b,aitod,9999945_00000_d_0000004__600_250,cn:base,50,0,1,0,"{""count"": 0}"
Qwen3-VL-32B-Instruct,g8b,aitod,9999945_00000_d_0000052__0_0,en:base,11,0,1,0,"{""count"": 0}"
Qwen3-VL-32B-Instruct,g8b,aitod,9999945_00000_d_0000042__600_0,en:base,7,0,1,0,"{""count"": 0}"
Qwen3-VL-32B-Instruct,g8b,aitod,9999945_00000_d_0000099__600_0,cn:base,9,0,1,0,"{""count"": 0}"
Qwen3-VL-32B-Instruct,g8b,aitod,9999945_00000_d_0000099__600_0,en:base,9,0,1,0,"{""count"": 0}"
Qwen3-VL-32B-Instruct,g8b,aitod,9999945_00000_d_0000133__600_0,en:base,38,0,1,0,"{""count"": 0}"
Qwen3-VL-32B-Instruct,g8b,aitod,9999945_00000_d_0000158__600_0,en:base,11,0,1,0,"{""count"": 0}"
Qwen3-VL-32B-Instruct,g8b,aitod,9999945_00000_d_0000133__600_0,cn:base,38,0,1,0,"{""count"": 0}"
Qwen3-VL-32B-Instruct,g8b,aitod,9999945_00000_d_0000078__0_250,cn:base,4,0,1,0,"{""count"": 0}"
Qwen3-VL-32B-Instruct,g8b,aitod,9999945_00000_d_0000078__0_250,en:base,4,0,1,0,"{""count"": 0}"
Qwen3-VL-32B-Instruct,g8b,aitod,9999945_00000_d_0000158__600_0,cn:base,11,0,1,0,"{""count"": 0}"
Qwen3-VL-32B-Instruct,g8b,aitod,9999945_00000_d_0000171__600_0,en:base,4,0,1,0,"{""count"": 0}"
Qwen3-VL-32B-Instruct,g8b,aitod,9999945_00000_d_0000171__600_0,cn:base,4,0,1,0,"{""count"": 0}"
Qwen3-VL-32B-Instruct,g8b,aitod,9999945_00000_d_0000119__600_0,cn:base,69,0,1,0,"{""count"": 0}"
Qwen3-VL-32B-Instruct,g8b,aitod,9999945_00000_d_0000179__0_0,en:base,5,1,1,0,"{""count"": 1}"
Qwen3-VL-32B-Instruct,g8b,aitod,9999945_00000_d_0000119__600_0,en:base,69,0,1,0,"{""count"": 0}"
Qwen3-VL-32B-Instruct,g8b,aitod,9999945_00000_d_0000179__0_0,cn:base,5,1,1,0,"{""count"": 1}"
Qwen3-VL-32B-Instruct,g8b,aitod,9999951_00000_d_0000282__600_0,en:base,41,28,1,0,"{""count"": 28}"
Qwen3-VL-32B-Instruct,g8b,aitod,9999951_00000_d_0000282__600_0,cn:base,41,30,1,0,"{""count"": 30}"
Qwen3-VL-32B-Instruct,g8b,aitod,9999951_00000_d_0000001__600_0,cn:base,15,15,1,0,"{""count"": 15}"
Qwen3-VL-32B-Instruct,g8b,aitod,9999951_00000_d_0000001__600_0,en:base,15,15,1,0,"{""count"": 15}"
Qwen3-VL-32B-Instruct,g8b,aitod,9999951_00000_d_0000283__600_0,cn:base,38,34,1,0,"{""count"": 34}"
Qwen3-VL-32B-Instruct,g8b,aitod,9999951_00000_d_0000283__600_0,en:base,38,38,1,0,"{""count"": 38}"
Qwen3-VL-32B-Instruct,g8b,aitod,9999951_00000_d_0000272__0_0,cn:base,58,38,1,0,"{""count"": 38}"
Qwen3-VL-32B-Instruct,g8b,aitod,9999951_00000_d_0000010__600_0,en:base,21,14,1,0,"{""count"": 14}"
Qwen3-VL-32B-Instruct,g8b,aitod,9999951_00000_d_0000010__600_0,cn:base,21,14,1,0,"{""count"": 14}"
Qwen3-VL-32B-Instruct,g8b,aitod,9999951_00000_d_0000272__0_0,en:base,58,38,1,0,"{""count"": 38}"
Qwen3-VL-32B-Instruct,g8b,aitod,9999951_00000_d_0000313__0_0,cn:base,22,18,1,0,"{""count"": 18}"
Qwen3-VL-32B-Instruct,g8b,aitod,9999951_00000_d_0000313__0_0,en:base,22,18,1,0,"{""count"": 18}"
Qwen3-VL-32B-Instruct,g8b,aitod,9999955_00000_d_0000006__600_0,en:base,3,0,1,0,"{""count"": 0}"
Qwen3-VL-32B-Instruct,g8b,aitod,9999955_00000_d_0000006__600_0,cn:base,3,0,1,0,"{""count"": 0}"
Qwen3-VL-32B-Instruct,g8b,aitod,9999951_00000_d_0000314__0_0,cn:base,28,20,1,0,"{""count"": 20}"
Qwen3-VL-32B-Instruct,g8b,aitod,9999951_00000_d_0000327__0_0,cn:base,31,20,1,0,"{""count"": 20}"
Qwen3-VL-32B-Instruct,g8b,aitod,9999951_00000_d_0000327__0_0,en:base,31,22,1,0,"{""count"": 22}"
Qwen3-VL-32B-Instruct,g8b,aitod,9999951_00000_d_0000314__0_0,en:base,28,20,1,0,"{""count"": 20}"
Qwen3-VL-32B-Instruct,g8b,aitod,9999955_00000_d_0000001__600_0,cn:base,5,0,1,0,"{""count"": 0}"
Qwen3-VL-32B-Instruct,g8b,aitod,9999955_00000_d_0000001__600_0,en:base,5,0,1,0,"{""count"": 0}"
Qwen3-VL-32B-Instruct,g8b,aitod,9999951_00000_d_0000332__0_0,cn:base,4,4,1,0,"{""count"": 4}"
Qwen3-VL-32B-Instruct,g8b,aitod,9999951_00000_d_0000332__0_0,en:base,4,4,1,0,"{""count"": 4}"
Qwen3-VL-32B-Instruct,g8b,aitod,9999955_00000_d_0000018__0_0,cn:base,58,0,1,0,"{""count"": 0}"
Qwen3-VL-32B-Instruct,g8b,aitod,9999955_00000_d_0000018__0_0,en:base,58,0,1,0,"{""count"": 0}"
Qwen3-VL-32B-Instruct,g8b,aitod,9999955_00000_d_0000046__600_0,en:base,2,2,1,0,"{""count"": 2}"
Qwen3-VL-32B-Instruct,g8b,aitod,9999955_00000_d_0000046__600_0,cn:base,2,2,1,0,"{""count"": 2}"
Qwen3-VL-32B-Instruct,g8b,aitod,9999955_00000_d_0000101__0_0,en:base,1,0,1,0,"{""count"": 0}"
Qwen3-VL-32B-Instruct,g8b,aitod,9999955_00000_d_0000021__0_0,en:base,40,14,1,0,"{""count"": 14}"
Qwen3-VL-32B-Instruct,g8b,aitod,9999955_00000_d_0000101__0_0,cn:base,1,0,1,0,"{""count"": 0}"
Qwen3-VL-32B-Instruct,g8b,aitod,9999955_00000_d_0000021__0_0,cn:base,40,14,1,0,"{""count"": 14}"
Qwen3-VL-32B-Instruct,g8b,aitod,9999955_00000_d_0000084__600_0,en:base,10,0,1,0,"{""count"": 0}"
Qwen3-VL-32B-Instruct,g8b,aitod,9999955_00000_d_0000084__600_0,cn:base,10,0,1,0,"{""count"": 0}"
Qwen3-VL-32B-Instruct,g8b,aitod,9999955_00000_d_0000156__600_0,cn:base,51,28,1,0,"{""count"": 28}"
Qwen3-VL-32B-Instruct,g8b,aitod,9999955_00000_d_0000156__600_0,en:base,51,30,1,0,"{""count"": 30}"
Qwen3-VL-32B-Instruct,g8b,aitod,9999955_00000_d_0000224__600_0,en:base,123,48,1,0,"{""count"": 48}"
Qwen3-VL-32B-Instruct,g8b,aitod,9999955_00000_d_0000225__600_0,cn:base,49,48,1,0,"{""count"": 48}"
Qwen3-VL-32B-Instruct,g8b,aitod,9999955_00000_d_0000224__600_0,cn:base,123,48,1,0,"{""count"": 48}"
Qwen3-VL-32B-Instruct,g8b,aitod,9999955_00000_d_0000225__600_0,en:base,49,48,1,0,"{""count"": 48}"
Qwen3-VL-32B-Instruct,g8b,aitod,9999955_00000_d_0000227__600_0,en:base,99,58,1,0,"{""count"": 58}"
Qwen3-VL-32B-Instruct,g8b,aitod,9999955_00000_d_0000184__600_0,en:base,7,10,1,0,"{""count"": 10}"
Qwen3-VL-32B-Instruct,g8b,aitod,9999955_00000_d_0000184__600_0,cn:base,7,10,1,0,"{""count"": 10}"
Qwen3-VL-32B-Instruct,g8b,aitod,9999955_00000_d_0000227__600_0,cn:base,99,58,1,0,"{""count"": 58}"
Qwen3-VL-32B-Instruct,g8b,aitod,9999955_00000_d_0000284__0_0,en:base,112,0,1,0,"{""count"": 0}"
Qwen3-VL-32B-Instruct,g8b,aitod,9999955_00000_d_0000284__0_0,cn:base,112,0,1,0,"{""count"": 0}"
Qwen3-VL-32B-Instruct,g8b,aitod,9999955_00000_d_0000431__0_0,en:base,8,0,1,0,"{""count"": 0}"
Qwen3-VL-32B-Instruct,g8b,aitod,9999955_00000_d_0000346__600_0,en:base,1,0,1,0,"{""count"": 0}"
Qwen3-VL-32B-Instruct,g8b,aitod,9999955_00000_d_0000346__600_0,cn:base,1,0,1,0,"{""count"": 0}"
Qwen3-VL-32B-Instruct,g8b,aitod,9999965_00000_d_0000033__0_0,en:base,12,6,1,0,"{""count"": 6}"
Qwen3-VL-32B-Instruct,g8b,aitod,9999955_00000_d_0000431__0_0,cn:base,8,0,1,0,"{""count"": 0}"
Qwen3-VL-32B-Instruct,g8b,aitod,9999965_00000_d_0000033__0_0,cn:base,12,10,1,0,"{""count"": 10}"
Qwen3-VL-32B-Instruct,g8b,aitod,9999966_00000_d_0000015__600_250,en:base,33,11,1,0,"{""count"": 11}"
Qwen3-VL-32B-Instruct,g8b,aitod,9999966_00000_d_0000015__600_250,cn:base,33,10,1,0,"{""count"": 10}"
Qwen3-VL-32B-Instruct,g8b,aitod,9999975_00000_d_0000005__600_0,en:base,6,0,1,0,"{""count"": 0}"
Qwen3-VL-32B-Instruct,g8b,aitod,9999970_00000_d_0000010__0_0,en:base,9,2,1,0,"{""count"": 2}"
Qwen3-VL-32B-Instruct,g8b,aitod,9999975_00000_d_0000005__600_0,cn:base,6,0,1,0,"{""count"": 0}"
Qwen3-VL-32B-Instruct,g8b,aitod,9999970_00000_d_0000010__0_0,cn:base,9,2,1,0,"{""count"": 2}"
Qwen3-VL-32B-Instruct,g8b,aitod,9999965_00000_d_0000033__600_0,cn:base,61,38,1,0,"{""count"": 38}"
Qwen3-VL-32B-Instruct,g8b,aitod,9999965_00000_d_0000033__600_0,en:base,61,38,1,0,"{""count"": 38}"
Qwen3-VL-32B-Instruct,g8b,aitod,9999974_00000_d_0000019__1200_278,cn:base,1,1,1,0,"{""count"": 1}"
Qwen3-VL-32B-Instruct,g8b,aitod,9999974_00000_d_0000019__1200_278,en:base,1,1,1,0,"{""count"": 1}"
Qwen3-VL-32B-Instruct,g8b,aitod,9999975_00000_d_0000025__0_0,cn:base,1,0,1,0,"{""count"": 0}"
Qwen3-VL-32B-Instruct,g8b,aitod,9999972_00000_d_0000050__0_278,en:base,1,0,1,0,"{""count"": 0}"
Qwen3-VL-32B-Instruct,g8b,aitod,9999975_00000_d_0000025__0_0,en:base,1,0,1,0,"{""count"": 0}"
Qwen3-VL-32B-Instruct,g8b,aitod,9999972_00000_d_0000050__0_278,cn:base,1,0,1,0,"{""count"": 0}"
Qwen3-VL-32B-Instruct,g8b,aitod,9999977_00000_d_0000045__0_0,en:base,3,0,1,0,"{""count"": 0}"
Qwen3-VL-32B-Instruct,g8b,aitod,9999977_00000_d_0000045__0_0,cn:base,3,0,1,0,"{""count"": 0}"
Qwen3-VL-32B-Instruct,g8b,aitod,9999977_00000_d_0000002__1116_278,cn:base,5,6,1,0,"{""count"": 6}"
Qwen3-VL-32B-Instruct,g8b,aitod,9999977_00000_d_0000002__1116_278,en:base,5,6,1,0,"{""count"": 6}"
Qwen3-VL-32B-Instruct,g8b,aitod,9999977_00000_d_0000001__600_278,en:base,5,5,1,0,"{""count"": 5}"
Qwen3-VL-32B-Instruct,g8b,aitod,9999977_00000_d_0000043__600_0,cn:base,9,0,1,0,"{""count"": 0}"
Qwen3-VL-32B-Instruct,g8b,aitod,9999977_00000_d_0000043__600_0,en:base,9,0,1,0,"{""count"": 0}"
Qwen3-VL-32B-Instruct,g8b,aitod,9999977_00000_d_0000001__600_278,cn:base,5,5,1,0,"{""count"": 5}"
Qwen3-VL-32B-Instruct,g8b,aitod,9999977_00000_d_0000051__1116_278,en:base,8,7,1,0,"{""count"": 7}"
Qwen3-VL-32B-Instruct,g8b,aitod,9999977_00000_d_0000051__1116_278,cn:base,8,7,1,0,"{""count"": 7}"
Qwen3-VL-32B-Instruct,g8b,aitod,9999977_00000_d_0000039__1116_0,en:base,1,0,1,0,"{""count"": 0}"
Qwen3-VL-32B-Instruct,g8b,aitod,9999977_00000_d_0000039__1116_0,cn:base,1,0,1,0,"{""count"": 0}"
Qwen3-VL-32B-Instruct,g8b,aitod,9999977_00000_d_0000047__0_278,cn:base,3,2,1,0,"{""count"": 2}"
Qwen3-VL-32B-Instruct,g8b,aitod,9999977_00000_d_0000049__0_0,cn:base,6,0,1,0,"{""count"": 0}"
Qwen3-VL-32B-Instruct,g8b,aitod,9999977_00000_d_0000047__0_278,en:base,3,2,1,0,"{""count"": 2}"
Qwen3-VL-32B-Instruct,g8b,aitod,9999977_00000_d_0000049__0_0,en:base,6,0,1,0,"{""count"": 0}"
Qwen3-VL-32B-Instruct,g8b,aitod,9999977_00000_d_0000055__0_0,cn:base,1,1,1,0,"{""count"": 1}"
Qwen3-VL-32B-Instruct,g8b,aitod,9999977_00000_d_0000055__0_0,en:base,1,1,1,0,"{""count"": 1}"
Qwen3-VL-32B-Instruct,g8b,aitod,9999981_00000_d_0000012__600_250,en:base,12,7,1,0,"{""count"": 7}"
Qwen3-VL-32B-Instruct,g8b,aitod,9999981_00000_d_0000012__600_250,cn:base,12,7,1,0,"{""count"": 7}"
Qwen3-VL-32B-Instruct,g8b,aitod,9999977_00000_d_0000052__1200_0,en:base,3,0,1,0,"{""count"": 0}"
Qwen3-VL-32B-Instruct,g8b,aitod,9999981_00000_d_0000153__0_0,cn:base,16,0,1,0,"{""count"": 0}"
Qwen3-VL-32B-Instruct,g8b,aitod,9999981_00000_d_0000153__0_0,en:base,16,0,1,0,"{""count"": 0}"
Qwen3-VL-32B-Instruct,g8b,aitod,9999977_00000_d_0000054__600_0,cn:base,12,0,1,0,"{""count"": 0}"
Qwen3-VL-32B-Instruct,g8b,aitod,9999977_00000_d_0000052__1200_0,cn:base,3,0,1,0,"{""count"": 0}"
Qwen3-VL-32B-Instruct,g8b,aitod,9999977_00000_d_0000054__600_0,en:base,12,0,1,0,"{""count"": 0}"
Qwen3-VL-32B-Instruct,g8b,aitod,9999977_00000_d_0000057__600_278,en:base,4,0,1,0,"{""count"": 0}"
Qwen3-VL-32B-Instruct,g8b,aitod,9999977_00000_d_0000057__600_278,cn:base,4,0,1,0,"{""count"": 0}"
Qwen3-VL-32B-Instruct,g8b,aitod,9999981_00000_d_0000096__600_250,cn:base,10,0,1,0,"{""count"": 0}"
Qwen3-VL-32B-Instruct,g8b,aitod,9999981_00000_d_0000154__600_0,en:base,58,0,1,0,"{""count"": 0}"
Qwen3-VL-32B-Instruct,g8b,aitod,9999981_00000_d_0000096__600_250,en:base,10,0,1,0,"{""count"": 0}"
Qwen3-VL-32B-Instruct,g8b,aitod,9999982_00000_d_0000009__600_0,en:base,1,0,1,0,"{""count"": 0}"
Qwen3-VL-32B-Instruct,g8b,aitod,9999981_00000_d_0000154__600_0,cn:base,58,0,1,0,"{""count"": 0}"
Qwen3-VL-32B-Instruct,g8b,aitod,9999982_00000_d_0000009__600_0,cn:base,1,0,1,0,"{""count"": 0}"
Qwen3-VL-32B-Instruct,g8b,aitod,9999982_00000_d_0000007__0_250,cn:base,20,25,1,0,"{""count"": 25}"
Qwen3-VL-32B-Instruct,g8b,aitod,9999982_00000_d_0000015__0_0,cn:base,1,0,1,0,"{""count"": 0}"
Qwen3-VL-32B-Instruct,g8b,aitod,9999982_00000_d_0000007__0_250,en:base,20,28,1,0,"{""count"": 28}"
Qwen3-VL-32B-Instruct,g8b,aitod,9999982_00000_d_0000015__0_0,en:base,1,0,1,0,"{""count"": 0}"
Qwen3-VL-32B-Instruct,g8b,aitod,9999982_00000_d_0000025__0_0,cn:base,5,0,1,0,"{""count"": 0}"
Qwen3-VL-32B-Instruct,g8b,aitod,9999982_00000_d_0000025__0_0,en:base,5,0,1,0,"{""count"": 0}"
Qwen3-VL-32B-Instruct,g8b,aitod,9999982_00000_d_0000015__600_250,cn:base,2,0,1,0,"{""count"": 0}"
Qwen3-VL-32B-Instruct,g8b,aitod,9999982_00000_d_0000015__600_250,en:base,2,0,1,0,"{""count"": 0}"
Qwen3-VL-32B-Instruct,g8b,aitod,9999982_00000_d_0000029__600_250,en:base,3,0,1,0,"{""count"": 0}"
Qwen3-VL-32B-Instruct,g8b,aitod,9999982_00000_d_0000029__600_250,cn:base,3,0,1,0,"{""count"": 0}"
Qwen3-VL-32B-Instruct,g8b,aitod,9999982_00000_d_0000019__600_0,cn:base,2,0,1,0,"{""count"": 0}"
Qwen3-VL-32B-Instruct,g8b,aitod,9999982_00000_d_0000021__0_250,cn:base,2,0,1,0,"{""count"": 0}"
Qwen3-VL-32B-Instruct,g8b,aitod,9999982_00000_d_0000019__600_0,en:base,2,0,1,0,"{""count"": 0}"
Qwen3-VL-32B-Instruct,g8b,aitod,9999982_00000_d_0000038__600_0,cn:base,3,0,1,0,"{""count"": 0}"
Qwen3-VL-32B-Instruct,g8b,aitod,9999982_00000_d_0000038__600_0,en:base,3,0,1,0,"{""count"": 0}"
Qwen3-VL-32B-Instruct,g8b,aitod,9999982_00000_d_0000021__0_250,en:base,2,0,1,0,"{""count"": 0}"
Qwen3-VL-32B-Instruct,g8b,aitod,9999982_00000_d_0000031__600_0,en:base,4,0,1,0,"{""count"": 0}"
Qwen3-VL-32B-Instruct,g8b,aitod,9999982_00000_d_0000031__600_0,cn:base,4,0,1,0,"{""count"": 0}"
Qwen3-VL-32B-Instruct,g8b,aitod,9999982_00000_d_0000069__0_0,cn:base,1,0,1,0,"{""count"": 0}"
Qwen3-VL-32B-Instruct,g8b,aitod,9999982_00000_d_0000059__0_0,en:base,3,3,1,0,"{""count"": 3}"
Qwen3-VL-32B-Instruct,g8b,aitod,9999982_00000_d_0000059__0_0,cn:base,3,3,1,0,"{""count"": 3}"
Qwen3-VL-32B-Instruct,g8b,aitod,9999982_00000_d_0000069__0_0,en:base,1,0,1,0,"{""count"": 0}"
Qwen3-VL-32B-Instruct,g8b,aitod,9999982_00000_d_0000053__0_250,en:base,1,0,1,0,"{""count"": 0}"
Qwen3-VL-32B-Instruct,g8b,aitod,9999982_00000_d_0000053__0_250,cn:base,1,0,1,0,"{""count"": 0}"
Qwen3-VL-32B-Instruct,g8b,aitod,9999982_00000_d_0000045__0_0,en:base,9,0,1,0,"{""count"": 0}"
Qwen3-VL-32B-Instruct,g8b,aitod,9999982_00000_d_0000045__0_0,cn:base,9,0,1,0,"{""count"": 0}"
Qwen3-VL-32B-Instruct,g8b,aitod,9999982_00000_d_0000091__0_250,cn:base,1,0,1,0,"{""count"": 0}"
Qwen3-VL-32B-Instruct,g8b,aitod,9999982_00000_d_0000085__0_250,en:base,1,0,1,0,"{""count"": 0}"
Qwen3-VL-32B-Instruct,g8b,aitod,9999982_00000_d_0000085__0_250,cn:base,1,0,1,0,"{""count"": 0}"
Qwen3-VL-32B-Instruct,g8b,aitod,9999982_00000_d_0000083__600_0,en:base,8,0,1,0,"{""count"": 0}"
Qwen3-VL-32B-Instruct,g8b,aitod,9999982_00000_d_0000083__600_0,cn:base,8,0,1,0,"{""count"": 0}"
Qwen3-VL-32B-Instruct,g8b,aitod,9999982_00000_d_0000091__0_250,en:base,1,0,1,0,"{""count"": 0}"
Qwen3-VL-32B-Instruct,g8b,aitod,9999982_00000_d_0000099__600_0,cn:base,4,0,1,0,"{""count"": 0}"
Qwen3-VL-32B-Instruct,g8b,aitod,9999982_00000_d_0000099__600_0,en:base,4,0,1,0,"{""count"": 0}"
Qwen3-VL-32B-Instruct,g8b,aitod,9999982_00000_d_0000175__600_250,en:base,12,0,1,0,"{""count"": 0}"
Qwen3-VL-32B-Instruct,g8b,aitod,9999982_00000_d_0000123__600_0,cn:base,3,0,1,0,"{""count"": 0}"
Qwen3-VL-32B-Instruct,g8b,aitod,9999982_00000_d_0000123__600_0,en:base,3,0,1,0,"{""count"": 0}"
Qwen3-VL-32B-Instruct,g8b,aitod,9999982_00000_d_0000095__0_250,cn:base,2,0,1,0,"{""count"": 0}"
Qwen3-VL-32B-Instruct,g8b,aitod,9999982_00000_d_0000095__0_250,en:base,2,0,1,0,"{""count"": 0}"
Qwen3-VL-32B-Instruct,g8b,aitod,9999982_00000_d_0000175__600_250,cn:base,12,0,1,0,"{""count"": 0}"
Qwen3-VL-32B-Instruct,g8b,aitod,9999982_00000_d_0000170__0_0,en:base,48,0,1,0,"{""count"": 0}"
Qwen3-VL-32B-Instruct,g8b,aitod,9999982_00000_d_0000170__0_0,cn:base,48,0,1,0,"{""count"": 0}"
Qwen3-VL-32B-Instruct,g8b,aitod,9999982_00000_d_0000130__600_0,en:base,1,0,1,0,"{""count"": 0}"
Qwen3-VL-32B-Instruct,g8b,aitod,9999982_00000_d_0000172__0_0,en:base,37,0,1,0,"{""count"": 0}"
Qwen3-VL-32B-Instruct,g8b,aitod,9999982_00000_d_0000172__0_0,cn:base,37,0,1,0,"{""count"": 0}"
Qwen3-VL-32B-Instruct,g8b,aitod,9999982_00000_d_0000130__600_0,cn:base,1,0,1,0,"{""count"": 0}"
Qwen3-VL-32B-Instruct,g8b,aitod,9999982_00000_d_0000208__600_0,en:base,3,0,1,0,"{""count"": 0}"
Qwen3-VL-32B-Instruct,g8b,aitod,9999982_00000_d_0000208__600_0,cn:base,3,0,1,0,"{""count"": 0}"
Qwen3-VL-32B-Instruct,g8b,aitod,9999982_00000_d_0000171__0_250,cn:base,51,0,1,0,"{""count"": 0}"
Qwen3-VL-32B-Instruct,g8b,aitod,9999982_00000_d_0000171__0_250,en:base,51,0,1,0,"{""count"": 0}"
Qwen3-VL-32B-Instruct,g8b,aitod,9999982_00000_d_0000178__600_0,cn:base,15,0,1,0,"{""count"": 0}"
Qwen3-VL-32B-Instruct,g8b,aitod,9999982_00000_d_0000222__0_0,cn:base,6,0,1,0,"{""count"": 0}"
Qwen3-VL-32B-Instruct,g8b,aitod,9999982_00000_d_0000222__0_0,en:base,6,0,1,0,"{""count"": 0}"
Qwen3-VL-32B-Instruct,g8b,aitod,9999982_00000_d_0000178__600_0,en:base,15,0,1,0,"{""count"": 0}"
Qwen3-VL-32B-Instruct,g8b,aitod,9999982_00000_d_0000179__0_0,cn:base,3,0,1,0,"{""count"": 0}"
Qwen3-VL-32B-Instruct,g8b,aitod,9999982_00000_d_0000179__0_0,en:base,3,0,1,0,"{""count"": 0}"
Qwen3-VL-32B-Instruct,g8b,aitod,9999982_00000_d_0000247__0_0,cn:base,13,0,1,0,"{""count"": 0}"
Qwen3-VL-32B-Instruct,g8b,aitod,9999982_00000_d_0000247__0_0,en:base,13,0,1,0,"{""count"": 0}"
Qwen3-VL-32B-Instruct,g8b,aitod,9999982_00000_d_0000245__600_0,en:base,41,0,1,0,"{""count"": 0}"
Qwen3-VL-32B-Instruct,g8b,aitod,9999982_00000_d_0000244__0_0,cn:base,29,0,1,0,"{""count"": 0}"
Qwen3-VL-32B-Instruct,g8b,aitod,9999982_00000_d_0000245__600_0,cn:base,41,0,1,0,"{""count"": 0}"
Qwen3-VL-32B-Instruct,g8b,aitod,9999982_00000_d_0000244__0_0,en:base,29,0,1,0,"{""count"": 0}"
Qwen3-VL-32B-Instruct,g8b,aitod,9999984_00000_d_0000014__600_0,en:base,1,0,1,0,"{""count"": 0}"
Qwen3-VL-32B-Instruct,g8b,aitod,9999984_00000_d_0000014__600_0,cn:base,1,0,1,0,"{""count"": 0}"
Qwen3-VL-32B-Instruct,g8b,aitod,9999982_00000_d_0000251__0_250,cn:base,33,0,1,0,"{""count"": 0}"
Qwen3-VL-32B-Instruct,g8b,aitod,9999982_00000_d_0000251__0_250,en:base,33,0,1,0,"{""count"": 0}"
Qwen3-VL-32B-Instruct,g8b,aitod,9999984_00000_d_0000020__0_0,cn:base,13,5,1,0,"{""count"": 5}"
Qwen3-VL-32B-Instruct,g8b,aitod,9999984_00000_d_0000029__0_0,cn:base,4,0,1,0,"{""count"": 0}"
Qwen3-VL-32B-Instruct,g8b,aitod,9999984_00000_d_0000029__0_0,en:base,4,0,1,0,"{""count"": 0}"
Qwen3-VL-32B-Instruct,g8b,aitod,9999984_00000_d_0000020__0_0,en:base,13,0,1,0,"{""count"": 0}"
Qwen3-VL-32B-Instruct,g8b,aitod,9999984_00000_d_0000034__0_0,en:base,7,0,1,0,"{""count"": 0}"
Qwen3-VL-32B-Instruct,g8b,aitod,9999984_00000_d_0000034__0_0,cn:base,7,0,1,0,"{""count"": 0}"
Qwen3-VL-32B-Instruct,g8b,aitod,9999984_00000_d_0000033__0_250,cn:base,21,14,1,0,"{""count"": 14}"
Qwen3-VL-32B-Instruct,g8b,aitod,9999984_00000_d_0000048__600_0,en:base,2,0,1,0,"{""count"": 0}"
Qwen3-VL-32B-Instruct,g8b,aitod,9999984_00000_d_0000048__600_0,cn:base,2,0,1,0,"{""count"": 0}"
Qwen3-VL-32B-Instruct,g8b,aitod,9999984_00000_d_0000036__600_0,cn:base,16,0,1,0,"{""count"": 0}"
Qwen3-VL-32B-Instruct,g8b,aitod,9999984_00000_d_0000036__600_0,en:base,16,0,1,0,"{""count"": 0}"
Qwen3-VL-32B-Instruct,g8b,aitod,9999984_00000_d_0000033__0_250,en:base,21,14,1,0,"{""count"": 14}"
Qwen3-VL-32B-Instruct,g8b,aitod,9999984_00000_d_0000071__0_250,cn:base,14,10,1,0,"{""count"": 10}"
Qwen3-VL-32B-Instruct,g8b,aitod,9999984_00000_d_0000071__0_250,en:base,14,10,1,0,"{""count"": 10}"
Qwen3-VL-32B-Instruct,g8b,aitod,9999984_00000_d_0000076__0_0,en:base,8,0,1,0,"{""count"": 0}"
Qwen3-VL-32B-Instruct,g8b,aitod,9999984_00000_d_0000054__600_0,cn:base,2,0,1,0,"{""count"": 0}"
Qwen3-VL-32B-Instruct,g8b,aitod,9999984_00000_d_0000092__600_250,en:base,10,7,1,0,"{""count"": 7}"
Qwen3-VL-32B-Instruct,g8b,aitod,9999984_00000_d_0000054__600_0,en:base,2,0,1,0,"{""count"": 0}"
Qwen3-VL-32B-Instruct,g8b,aitod,9999984_00000_d_0000085__0_250,en:base,7,0,1,0,"{""count"": 0}"
Qwen3-VL-32B-Instruct,g8b,aitod,9999984_00000_d_0000076__0_0,cn:base,8,0,1,0,"{""count"": 0}"
Qwen3-VL-32B-Instruct,g8b,aitod,9999984_00000_d_0000085__0_250,cn:base,7,0,1,0,"{""count"": 0}"
Qwen3-VL-32B-Instruct,g8b,aitod,9999984_00000_d_0000092__600_250,cn:base,10,7,1,0,"{""count"": 7}"
Qwen3-VL-32B-Instruct,g8b,aitod,9999984_00000_d_0000093__0_0,cn:base,15,10,1,0,"{""count"": 10}"
Qwen3-VL-32B-Instruct,g8b,aitod,9999984_00000_d_0000093__0_0,en:base,15,12,1,0,"{""count"": 12}"
Qwen3-VL-32B-Instruct,g8b,aitod,9999984_00000_d_0000102__0_250,en:base,15,10,1,0,"{""count"": 10}"
Qwen3-VL-32B-Instruct,g8b,aitod,9999984_00000_d_0000110__600_0,cn:base,5,0,1,0,"{""count"": 0}"
Qwen3-VL-32B-Instruct,g8b,aitod,9999984_00000_d_0000094__0_250,en:base,6,7,1,0,"{""count"": 7}"
Qwen3-VL-32B-Instruct,g8b,aitod,9999984_00000_d_0000110__600_0,en:base,5,1,1,0,"{""count"": 1}"
Qwen3-VL-32B-Instruct,g8b,aitod,9999984_00000_d_0000094__0_250,cn:base,6,7,1,0,"{""count"": 7}"
Qwen3-VL-32B-Instruct,g8b,aitod,9999984_00000_d_0000102__0_250,cn:base,15,10,1,0,"{""count"": 10}"
Qwen3-VL-32B-Instruct,g8b,aitod,9999984_00000_d_0000109__600_250,cn:base,8,0,1,0,"{""count"": 0}"
Qwen3-VL-32B-Instruct,g8b,aitod,9999984_00000_d_0000093__0_250,en:base,13,10,1,0,"{""count"": 10}"
Qwen3-VL-32B-Instruct,g8b,aitod,9999984_00000_d_0000109__600_250,en:base,8,0,1,0,"{""count"": 0}"
Qwen3-VL-32B-Instruct,g8b,aitod,9999984_00000_d_0000093__0_250,cn:base,13,10,1,0,"{""count"": 10}"
Qwen3-VL-32B-Instruct,g8b,aitod,9999984_00000_d_0000105__600_250,en:base,13,14,1,0,"{""count"": 14}"
Qwen3-VL-32B-Instruct,g8b,aitod,9999984_00000_d_0000155__600_250,cn:base,2,2,1,0,"{""count"": 2}"
Qwen3-VL-32B-Instruct,g8b,aitod,9999984_00000_d_0000155__600_250,en:base,2,2,1,0,"{""count"": 2}"
Qwen3-VL-32B-Instruct,g8b,aitod,9999984_00000_d_0000105__600_250,cn:base,13,12,1,0,"{""count"": 12}"
Qwen3-VL-32B-Instruct,g8b,aitod,9999984_00000_d_0000125__0_0,cn:base,8,0,1,0,"{""count"": 0}"
Qwen3-VL-32B-Instruct,g8b,aitod,9999984_00000_d_0000158__0_0,cn:base,5,5,1,0,"{""count"": 5}"
Qwen3-VL-32B-Instruct,g8b,aitod,9999984_00000_d_0000122__600_0,en:base,2,0,1,0,"{""count"": 0}"
Qwen3-VL-32B-Instruct,g8b,aitod,9999984_00000_d_0000158__0_0,en:base,5,5,1,0,"{""count"": 5}"
Qwen3-VL-32B-Instruct,g8b,aitod,9999984_00000_d_0000156__600_250,cn:base,6,2,1,0,"{""count"": 2}"
Qwen3-VL-32B-Instruct,g8b,aitod,9999984_00000_d_0000156__600_250,en:base,6,3,1,0,"{""count"": 3}"
Qwen3-VL-32B-Instruct,g8b,aitod,9999984_00000_d_0000122__600_0,cn:base,2,0,1,0,"{""count"": 0}"
Qwen3-VL-32B-Instruct,g8b,aitod,9999984_00000_d_0000125__0_0,en:base,8,0,1,0,"{""count"": 0}"
Qwen3-VL-32B-Instruct,g8b,aitod,9999984_00000_d_0000158__600_250,en:base,5,2,1,0,"{""count"": 2}"
Qwen3-VL-32B-Instruct,g8b,aitod,9999984_00000_d_0000174__600_0,cn:base,2,0,1,0,"{""count"": 0}"
Qwen3-VL-32B-Instruct,g8b,aitod,9999984_00000_d_0000156__600_0,en:base,5,0,1,0,"{""count"": 0}"
Qwen3-VL-32B-Instruct,g8b,aitod,9999984_00000_d_0000174__600_0,en:base,2,0,1,0,"{""count"": 0}"
Qwen3-VL-32B-Instruct,g8b,aitod,9999984_00000_d_0000162__600_0,cn:base,1,0,1,0,"{""count"": 0}"
Qwen3-VL-32B-Instruct,g8b,aitod,9999984_00000_d_0000162__600_0,en:base,1,0,1,0,"{""count"": 0}"
Qwen3-VL-32B-Instruct,g8b,aitod,9999984_00000_d_0000158__600_250,cn:base,5,2,1,0,"{""count"": 2}"
Qwen3-VL-32B-Instruct,g8b,aitod,9999984_00000_d_0000156__600_0,cn:base,5,0,1,0,"{""count"": 0}"
Qwen3-VL-32B-Instruct,g8b,aitod,9999985_00000_d_0000025__600_250,en:base,3,0,1,0,"{""count"": 0}"
Qwen3-VL-32B-Instruct,g8b,aitod,9999985_00000_d_0000054__0_0,cn:base,13,0,1,0,"{""count"": 0}"
Qwen3-VL-32B-Instruct,g8b,aitod,9999985_00000_d_0000054__0_0,en:base,13,0,1,0,"{""count"": 0}"
Qwen3-VL-32B-Instruct,g8b,aitod,9999985_00000_d_0000025__600_250,cn:base,3,0,1,0,"{""count"": 0}"
Qwen3-VL-32B-Instruct,g8b,aitod,9999985_00000_d_0000063__0_0,cn:base,20,0,1,0,"{""count"": 0}"
Qwen3-VL-32B-Instruct,g8b,aitod,9999985_00000_d_0000063__0_0,en:base,20,0,1,0,"{""count"": 0}"
Qwen3-VL-32B-Instruct,g8b,aitod,9999987_00000_d_0000004__600_250,cn:base,21,14,1,0,"{""count"": 14}"
Qwen3-VL-32B-Instruct,g8b,aitod,9999987_00000_d_0000004__600_250,en:base,21,14,1,0,"{""count"": 14}"
Qwen3-VL-32B-Instruct,g8b,aitod,9999987_00000_d_0000018__0_250,en:base,38,24,1,0,"{""count"": 24}"
Qwen3-VL-32B-Instruct,g8b,aitod,9999987_00000_d_0000018__600_0,cn:base,12,5,1,0,"{""count"": 5}"
Qwen3-VL-32B-Instruct,g8b,aitod,9999987_00000_d_0000018__600_0,en:base,12,5,1,0,"{""count"": 5}"
Qwen3-VL-32B-Instruct,g8b,aitod,9999987_00000_d_0000019__0_0,en:base,12,8,1,0,"{""count"": 8}"
Qwen3-VL-32B-Instruct,g8b,aitod,9999987_00000_d_0000019__0_0,cn:base,12,8,1,0,"{""count"": 8}"
Qwen3-VL-32B-Instruct,g8b,aitod,9999987_00000_d_0000009__0_0,cn:base,29,20,1,0,"{""count"": 20}"
Qwen3-VL-32B-Instruct,g8b,aitod,9999987_00000_d_0000009__0_0,en:base,29,20,1,0,"{""count"": 20}"
Qwen3-VL-32B-Instruct,g8b,aitod,9999987_00000_d_0000018__0_250,cn:base,38,24,1,0,"{""count"": 24}"
Qwen3-VL-32B-Instruct,g8b,aitod,9999989_00000_d_0000006__600_250,en:base,48,24,1,0,"{""count"": 24}"
Qwen3-VL-32B-Instruct,g8b,aitod,9999990_00000_d_0000012__0_250,en:base,5,5,1,0,"{""count"": 5}"
Qwen3-VL-32B-Instruct,g8b,aitod,9999987_00000_d_0000023__0_0,en:base,34,24,1,0,"{""count"": 24}"
Qwen3-VL-32B-Instruct,g8b,aitod,9999994_00000_d_0000027__0_250,en:base,1,0,1,0,"{""count"": 0}"
Qwen3-VL-32B-Instruct,g8b,aitod,9999987_00000_d_0000023__0_0,cn:base,34,20,1,0,"{""count"": 20}"
Qwen3-VL-32B-Instruct,g8b,aitod,9999990_00000_d_0000012__0_250,cn:base,5,5,1,0,"{""count"": 5}"
Qwen3-VL-32B-Instruct,g8b,aitod,9999994_00000_d_0000027__0_250,cn:base,1,0,1,0,"{""count"": 0}"
Qwen3-VL-32B-Instruct,g8b,aitod,9999989_00000_d_0000006__600_250,cn:base,48,24,1,0,"{""count"": 24}"
Qwen3-VL-32B-Instruct,g8b,aitod,9999994_00000_d_0000002__0_250,cn:base,1,0,1,0,"{""count"": 0}"
Qwen3-VL-32B-Instruct,g8b,aitod,9999987_00000_d_0000031__600_250,cn:base,22,10,1,0,"{""count"": 10}"
Qwen3-VL-32B-Instruct,g8b,aitod,9999987_00000_d_0000031__600_250,en:base,22,10,1,0,"{""count"": 10}"
Qwen3-VL-32B-Instruct,g8b,aitod,9999990_00000_d_0000060__600_250,cn:base,16,0,1,0,"{""count"": 0}"
Qwen3-VL-32B-Instruct,g8b,aitod,9999990_00000_d_0000060__600_250,en:base,16,0,1,0,"{""count"": 0}"
Qwen3-VL-32B-Instruct,g8b,aitod,9999994_00000_d_0000002__0_250,en:base,1,0,1,0,"{""count"": 0}"
Qwen3-VL-32B-Instruct,g8b,aitod,9999994_00000_d_0000028__0_250,cn:base,3,0,1,0,"{""count"": 0}"
Qwen3-VL-32B-Instruct,g8b,aitod,9999994_00000_d_0000028__0_250,en:base,3,0,1,0,"{""count"": 0}"
Qwen3-VL-32B-Instruct,g8b,aitod,9999994_00000_d_0000036__0_0,en:base,1,0,1,0,"{""count"": 0}"
Qwen3-VL-32B-Instruct,g8b,aitod,9999994_00000_d_0000029__0_0,cn:base,1,0,1,0,"{""count"": 0}"
Qwen3-VL-32B-Instruct,g8b,aitod,9999994_00000_d_0000033__0_250,en:base,1,0,1,0,"{""count"": 0}"
Qwen3-VL-32B-Instruct,g8b,aitod,9999994_00000_d_0000029__0_0,en:base,1,0,1,0,"{""count"": 0}"
Qwen3-VL-32B-Instruct,g8b,aitod,9999994_00000_d_0000036__0_0,cn:base,1,0,1,0,"{""count"": 0}"
Qwen3-VL-32B-Instruct,g8b,aitod,9999994_00000_d_0000071__0_0,en:base,8,0,1,0,"{""count"": 0}"
Qwen3-VL-32B-Instruct,g8b,aitod,9999994_00000_d_0000033__0_250,cn:base,1,0,1,0,"{""count"": 0}"
Qwen3-VL-32B-Instruct,g8b,aitod,9999994_00000_d_0000071__0_0,cn:base,8,0,1,0,"{""count"": 0}"
Qwen3-VL-32B-Instruct,g8b,aitod,9999994_00000_d_0000037__600_0,en:base,1,0,1,0,"{""count"": 0}"
Qwen3-VL-32B-Instruct,g8b,aitod,9999994_00000_d_0000036__0_250,cn:base,1,0,1,0,"{""count"": 0}"
Qwen3-VL-32B-Instruct,g8b,aitod,9999994_00000_d_0000036__0_250,en:base,1,0,1,0,"{""count"": 0}"
Qwen3-VL-32B-Instruct,g8b,aitod,9999994_00000_d_0000037__600_0,cn:base,1,0,1,0,"{""count"": 0}"
Qwen3-VL-32B-Instruct,g8b,aitod,9999994_00000_d_0000077__600_250,en:base,11,0,1,0,"{""count"": 0}"
Qwen3-VL-32B-Instruct,g8b,aitod,9999994_00000_d_0000080__0_0,en:base,2,0,1,0,"{""count"": 0}"
Qwen3-VL-32B-Instruct,g8b,aitod,9999994_00000_d_0000080__0_0,cn:base,2,0,1,0,"{""count"": 0}"
Qwen3-VL-32B-Instruct,g8b,aitod,9999994_00000_d_0000077__600_250,cn:base,11,0,1,0,"{""count"": 0}"
Qwen3-VL-32B-Instruct,g8b,aitod,9999994_00000_d_0000075__0_0,cn:base,2,0,1,0,"{""count"": 0}"
Qwen3-VL-32B-Instruct,g8b,aitod,9999994_00000_d_0000075__0_0,en:base,2,0,1,0,"{""count"": 0}"
Qwen3-VL-32B-Instruct,g8b,aitod,9999994_00000_d_0000079__600_0,en:base,16,0,1,0,"{""count"": 0}"
Qwen3-VL-32B-Instruct,g8b,aitod,9999994_00000_d_0000079__600_0,cn:base,16,0,1,0,"{""count"": 0}"
Qwen3-VL-32B-Instruct,g8b,aitod,9999994_00000_d_0000092__600_0,en:base,5,0,1,0,"{""count"": 0}"
Qwen3-VL-32B-Instruct,g8b,aitod,9999994_00000_d_0000091__0_250,cn:base,2,0,1,0,"{""count"": 0}"
Qwen3-VL-32B-Instruct,g8b,aitod,9999994_00000_d_0000092__600_0,cn:base,5,0,1,0,"{""count"": 0}"
Qwen3-VL-32B-Instruct,g8b,aitod,9999994_00000_d_0000091__0_250,en:base,2,0,1,0,"{""count"": 0}"
Qwen3-VL-32B-Instruct,g8b,aitod,9999994_00000_d_0000094__0_0,en:base,12,1,1,0,"{""count"": 1}"
Qwen3-VL-32B-Instruct,g8b,aitod,9999994_00000_d_0000094__0_0,cn:base,12,1,1,0,"{""count"": 1}"
Qwen3-VL-32B-Instruct,g8b,aitod,9999994_00000_d_0000095__600_250,cn:base,2,0,1,0,"{""count"": 0}"
Qwen3-VL-32B-Instruct,g8b,aitod,9999997_00000_d_0000019__600_0,en:base,5,2,1,0,"{""count"": 2}"
Qwen3-VL-32B-Instruct,g8b,aitod,9999997_00000_d_0000019__600_0,cn:base,5,2,1,0,"{""count"": 2}"
Qwen3-VL-32B-Instruct,g8b,aitod,9999994_00000_d_0000095__600_250,en:base,2,0,1,0,"{""count"": 0}"
Qwen3-VL-32B-Instruct,g8b,aitod,9999994_00000_d_0000100__600_0,cn:base,5,0,1,0,"{""count"": 0}"
Qwen3-VL-32B-Instruct,g8b,aitod,9999994_00000_d_0000100__600_0,en:base,5,0,1,0,"{""count"": 0}"
Qwen3-VL-32B-Instruct,g8b,aitod,9999997_00000_d_0000024__0_0,cn:base,2,0,1,0,"{""count"": 0}"
Qwen3-VL-32B-Instruct,g8b,aitod,9999997_00000_d_0000024__0_0,en:base,2,0,1,0,"{""count"": 0}"
Qwen3-VL-32B-Instruct,g8b,aitod,9999997_00000_d_0000031__0_250,en:base,6,0,1,0,"{""count"": 0}"
Qwen3-VL-32B-Instruct,g8b,aitod,9999994_00000_d_0000119__600_0,cn:base,1,0,1,0,"{""count"": 0}"
Qwen3-VL-32B-Instruct,g8b,aitod,9999997_00000_d_0000031__0_250,cn:base,6,0,1,0,"{""count"": 0}"
Qwen3-VL-32B-Instruct,g8b,aitod,9999997_00000_d_0000031__600_0,en:base,5,0,1,0,"{""count"": 0}"
Qwen3-VL-32B-Instruct,g8b,aitod,9999994_00000_d_0000119__600_0,en:base,1,0,1,0,"{""count"": 0}"
Qwen3-VL-32B-Instruct,g8b,aitod,9999997_00000_d_0000031__600_0,cn:base,5,0,1,0,"{""count"": 0}"
Qwen3-VL-32B-Instruct,g8b,aitod,9999997_00000_d_0000065__0_250,en:base,8,0,1,0,"{""count"": 0}"
Qwen3-VL-32B-Instruct,g8b,aitod,9999997_00000_d_0000065__0_250,cn:base,8,1,1,0,"{""count"": 1}"
Qwen3-VL-32B-Instruct,g8b,aitod,9999997_00000_d_0000068__600_0,en:base,1,0,1,0,"{""count"": 0}"
Qwen3-VL-32B-Instruct,g8b,aitod,9999997_00000_d_0000068__600_0,cn:base,1,0,1,0,"{""count"": 0}"
Qwen3-VL-32B-Instruct,g8b,aitod,9999997_00000_d_0000053__0_250,en:base,1,0,1,0,"{""count"": 0}"
Qwen3-VL-32B-Instruct,g8b,aitod,9999997_00000_d_0000051__0_250,cn:base,2,0,1,0,"{""count"": 0}"
Qwen3-VL-32B-Instruct,g8b,aitod,9999997_00000_d_0000051__0_250,en:base,2,0,1,0,"{""count"": 0}"
Qwen3-VL-32B-Instruct,g8b,aitod,9999997_00000_d_0000053__0_250,cn:base,1,0,1,0,"{""count"": 0}"
Qwen3-VL-32B-Instruct,g8b,aitod,9999998_00066_d_0000051__600_0,en:base,2,0,1,0,"{""count"": 0}"
Qwen3-VL-32B-Instruct,g8b,aitod,9999998_00066_d_0000051__600_0,cn:base,2,0,1,0,"{""count"": 0}"
Qwen3-VL-32B-Instruct,g8b,aitod,9999998_00059_d_0000045__1200_0,en:base,3,0,1,0,"{""count"": 0}"
Qwen3-VL-32B-Instruct,g8b,aitod,9999998_00015_d_0000011__0_700,en:base,1,0,1,0,"{""count"": 0}"
Qwen3-VL-32B-Instruct,g8b,aitod,9999998_00059_d_0000045__1200_0,cn:base,3,0,1,0,"{""count"": 0}"
Qwen3-VL-32B-Instruct,g8b,aitod,9999998_00208_d_0000165__1200_0,cn:base,1,0,1,0,"{""count"": 0}"
Qwen3-VL-32B-Instruct,g8b,aitod,9999998_00208_d_0000165__1200_0,en:base,1,0,1,0,"{""count"": 0}"
Qwen3-VL-32B-Instruct,g8b,aitod,9999998_00015_d_0000011__0_700,cn:base,1,0,1,0,"{""count"": 0}"
Qwen3-VL-32B-Instruct,g8b,aitod,9999998_00067_d_0000052__0_0,en:base,3,0,1,0,"{""count"": 0}"
Qwen3-VL-32B-Instruct,g8b,aitod,9999998_00067_d_0000052__0_0,cn:base,3,0,1,0,"{""count"": 0}"
Qwen3-VL-32B-Instruct,g8b,aitod,9999998_00090_d_0000073__1200_700,en:base,7,2,1,0,"{""count"": 2}"
Qwen3-VL-32B-Instruct,g8b,aitod,9999998_00224_d_0000180__600_0,en:base,5,0,1,0,"{""count"": 0}"
Qwen3-VL-32B-Instruct,g8b,aitod,9999998_00224_d_0000180__600_0,cn:base,5,0,1,0,"{""count"": 0}"
Qwen3-VL-32B-Instruct,g8b,aitod,9999999_00598_d_0000271__0_0,cn:base,7,0,1,0,"{""count"": 0}"
Qwen3-VL-32B-Instruct,g8b,aitod,9999999_00598_d_0000271__0_0,en:base,7,0,1,0,"{""count"": 0}"
Qwen3-VL-32B-Instruct,g8b,aitod,9999998_00090_d_0000073__1200_700,cn:base,7,2,1,0,"{""count"": 2}"
Qwen3-VL-32B-Instruct,g8b,aitod,9999998_00221_d_0000177__1200_600,en:base,1,2,1,0,"{""count"": 2}"
Qwen3-VL-32B-Instruct,g8b,aitod,9999998_00221_d_0000177__1200_600,cn:base,1,1,1,0,"{""count"": 1}"
Qwen3-VL-32B-Instruct,g8b,aitod,9999999_00727_d_0000331__600_0,en:base,16,0,1,0,"{""count"": 0}"
Qwen3-VL-32B-Instruct,g8b,aitod,9999999_00727_d_0000331__600_0,cn:base,16,0,1,0,"{""count"": 0}"
