item,domain,arm,budget,tilek,rep,gt,pred,parse_ok,tile_ok,ntile,abstain,refuse,http_err,model,raw
IMG_1.jpg,st_a,V2_number,1048576,1,1,172,150,1,1,1,0,0,0,Qwen3-VL-32B-Instruct,150
IMG_1.jpg,st_a,neutral0,1048576,1,1,172,0,1,1,1,1,0,0,Qwen3-VL-32B-Instruct,"{""count"": 0}"
IMG_1.jpg,st_a,V3_locate,1048576,1,1,172,0,1,1,1,1,0,0,Qwen3-VL-32B-Instruct,"{""count"": 0}"
IMG_1.jpg,st_a,V5_region,1048576,1,1,172,300,1,1,1,0,0,0,Qwen3-VL-32B-Instruct,"{""count"": 300}"
IMG_1.jpg,st_a,forbid0n,1048576,1,1,172,300,1,1,1,0,0,0,Qwen3-VL-32B-Instruct,"{""count"": 300}"
IMG_1.jpg,st_a,forbid0,1048576,1,1,172,200,1,1,1,0,0,0,Qwen3-VL-32B-Instruct,"{""count"": 200}"
IMG_1.jpg,st_a,V1_json,1048576,1,1,172,100,1,1,1,0,0,0,Qwen3-VL-32B-Instruct,"{""count"": 100}"
IMG_1.jpg,st_a,V4_estimate,1048576,1,1,172,300,1,1,1,0,0,0,Qwen3-VL-32B-Instruct,"{""count"": 300}"
IMG_1.jpg,st_a,base,1048576,1,1,172,100,1,1,1,0,0,0,Qwen3-VL-32B-Instruct,"{""count"": 100}"
IMG_1.jpg,st_a,choicen,1048576,1,1,172,500,1,1,1,0,0,0,Qwen3-VL-32B-Instruct,"{""choice"": ""500""}"
IMG_1.jpg,st_a,choice,1048576,1,1,172,500,1,1,1,0,0,0,Qwen3-VL-32B-Instruct,"{""choice"": ""500""}"
IMG_10.jpg,st_a,base,1048576,1,1,502,300,1,1,1,0,0,0,Qwen3-VL-32B-Instruct,"{""count"": 300}"
IMG_10.jpg,st_a,forbid0,1048576,1,1,502,300,1,1,1,0,0,0,Qwen3-VL-32B-Instruct,"{""count"": 300}"
IMG_10.jpg,st_a,choice,1048576,1,1,502,1000,1,1,1,0,0,0,Qwen3-VL-32B-Instruct,"{""choice"": ""1000""}"
IMG_10.jpg,st_a,neutral0,1048576,1,1,502,0,1,1,1,1,0,0,Qwen3-VL-32B-Instruct,"{""count"": 0}"
IMG_10.jpg,st_a,V2_number,1048576,1,1,502,200,1,1,1,0,0,0,Qwen3-VL-32B-Instruct,200
IMG_10.jpg,st_a,forbid0n,1048576,1,1,502,500,1,1,1,0,0,0,Qwen3-VL-32B-Instruct,"{""count"": 500}"
IMG_1.jpg,st_a,range,1048576,1,1,172,300,1,1,1,0,0,0,Qwen3-VL-32B-Instruct,"{""low"": 300, ""high"": 500}"
IMG_10.jpg,st_a,range,1048576,1,1,502,500,1,1,1,0,0,0,Qwen3-VL-32B-Instruct,"{""low"": 500, ""high"": 700}"
IMG_100.jpg,st_a,neutral0,1048576,1,1,389,0,1,1,1,1,0,0,Qwen3-VL-32B-Instruct,"{""count"": 0}"
IMG_10.jpg,st_a,choicen,1048576,1,1,502,1000,1,1,1,0,0,0,Qwen3-VL-32B-Instruct,"{""choice"": ""1000""}"
IMG_100.jpg,st_a,base,1048576,1,1,389,0,1,1,1,1,0,0,Qwen3-VL-32B-Instruct,"{""count"": 0}"
IMG_10.jpg,st_a,V1_json,1048576,1,1,502,300,1,1,1,0,0,0,Qwen3-VL-32B-Instruct,"{""count"": 300}"
IMG_10.jpg,st_a,V4_estimate,1048576,1,1,502,500,1,1,1,0,0,0,Qwen3-VL-32B-Instruct,"{""count"": 500}"
IMG_10.jpg,st_a,V3_locate,1048576,1,1,502,300,1,1,1,0,0,0,Qwen3-VL-32B-Instruct,"{""count"": 300}"
IMG_10.jpg,st_a,V5_region,1048576,1,1,502,500,1,1,1,0,0,0,Qwen3-VL-32B-Instruct,"{""count"": 500}"
IMG_100.jpg,st_a,choice,1048576,1,1,389,1000,1,1,1,0,0,0,Qwen3-VL-32B-Instruct,"{""choice"": ""1000""}"
IMG_100.jpg,st_a,forbid0,1048576,1,1,389,1000,1,1,1,0,0,0,Qwen3-VL-32B-Instruct,"{""count"": 1000}"
IMG_100.jpg,st_a,forbid0n,1048576,1,1,389,1000,1,1,1,0,0,0,Qwen3-VL-32B-Instruct,"{""count"": 1000}"
IMG_100.jpg,st_a,V2_number,1048576,1,1,389,1000,1,1,1,0,0,0,Qwen3-VL-32B-Instruct,1000
IMG_100.jpg,st_a,V1_json,1048576,1,1,389,0,1,1,1,1,0,0,Qwen3-VL-32B-Instruct,"{""count"": 0}"
IMG_100.jpg,st_a,V3_locate,1048576,1,1,389,0,1,1,1,1,0,0,Qwen3-VL-32B-Instruct,"{""count"": 0}"
IMG_100.jpg,st_a,choicen,1048576,1,1,389,5000,1,1,1,0,0,0,Qwen3-VL-32B-Instruct,"{""choice"": ""5000""}"
IMG_101.jpg,st_a,V2_number,1048576,1,1,211,150,1,1,1,0,0,0,Qwen3-VL-32B-Instruct,150
IMG_100.jpg,st_a,V4_estimate,1048576,1,1,389,1500,1,1,1,0,0,0,Qwen3-VL-32B-Instruct,"{""count"": 1500}"
IMG_101.jpg,st_a,neutral0,1048576,1,1,211,0,1,1,1,1,0,0,Qwen3-VL-32B-Instruct,"{""count"": 0}"
IMG_101.jpg,st_a,base,1048576,1,1,211,100,1,1,1,0,0,0,Qwen3-VL-32B-Instruct,"{""count"": 100}"
IMG_101.jpg,st_a,forbid0,1048576,1,1,211,150,1,1,1,0,0,0,Qwen3-VL-32B-Instruct,"{""count"": 150}"
IMG_100.jpg,st_a,V5_region,1048576,1,1,389,1200,1,1,1,0,0,0,Qwen3-VL-32B-Instruct,"{""count"": 1200}"
IMG_100.jpg,st_a,range,1048576,1,1,389,1000,1,1,1,0,0,0,Qwen3-VL-32B-Instruct,"{""low"": 1000, ""high"": 1500}"
IMG_101.jpg,st_a,choice,1048576,1,1,211,500,1,1,1,0,0,0,Qwen3-VL-32B-Instruct,"{""choice"": ""500""}"
IMG_101.jpg,st_a,forbid0n,1048576,1,1,211,250,1,1,1,0,0,0,Qwen3-VL-32B-Instruct,"{""count"": 250}"
IMG_101.jpg,st_a,choicen,1048576,1,1,211,500,1,1,1,0,0,0,Qwen3-VL-32B-Instruct,"{""choice"": ""500""}"
IMG_101.jpg,st_a,V1_json,1048576,1,1,211,100,1,1,1,0,0,0,Qwen3-VL-32B-Instruct,"{""count"": 100}"
IMG_101.jpg,st_a,V3_locate,1048576,1,1,211,0,1,1,1,1,0,0,Qwen3-VL-32B-Instruct,"{""count"": 0}"
IMG_101.jpg,st_a,V4_estimate,1048576,1,1,211,300,1,1,1,0,0,0,Qwen3-VL-32B-Instruct,"{""count"": 300}"
IMG_102.jpg,st_a,base,1048576,1,1,223,200,1,1,1,0,0,0,Qwen3-VL-32B-Instruct,"{""count"": 200}"
IMG_101.jpg,st_a,V5_region,1048576,1,1,211,300,1,1,1,0,0,0,Qwen3-VL-32B-Instruct,"{""count"": 300}"
IMG_102.jpg,st_a,V2_number,1048576,1,1,223,100,1,1,1,0,0,0,Qwen3-VL-32B-Instruct,100
IMG_101.jpg,st_a,range,1048576,1,1,211,200,1,1,1,0,0,0,Qwen3-VL-32B-Instruct,"{""low"": 200, ""high"": 300}"
IMG_102.jpg,st_a,forbid0,1048576,1,1,223,200,1,1,1,0,0,0,Qwen3-VL-32B-Instruct,"{""count"": 200}"
IMG_102.jpg,st_a,choice,1048576,1,1,223,100,1,1,1,0,0,0,Qwen3-VL-32B-Instruct,"{""choice"": 100}"
IMG_102.jpg,st_a,forbid0n,1048576,1,1,223,256,1,1,1,0,0,0,Qwen3-VL-32B-Instruct,"{""count"": 256}"
IMG_102.jpg,st_a,V1_json,1048576,1,1,223,200,1,1,1,0,0,0,Qwen3-VL-32B-Instruct,"{""count"": 200}"
IMG_102.jpg,st_a,choicen,1048576,1,1,223,200,1,1,1,0,0,0,Qwen3-VL-32B-Instruct,"{""choice"": ""200""}"
IMG_102.jpg,st_a,neutral0,1048576,1,1,223,198,1,1,1,0,0,0,Qwen3-VL-32B-Instruct,"{""count"": 198}"
IMG_102.jpg,st_a,V3_locate,1048576,1,1,223,200,1,1,1,0,0,0,Qwen3-VL-32B-Instruct,"{""count"": 200}"
IMG_102.jpg,st_a,V4_estimate,1048576,1,1,223,200,1,1,1,0,0,0,Qwen3-VL-32B-Instruct,"{""count"": 200}"
IMG_102.jpg,st_a,V5_region,1048576,1,1,223,200,1,1,1,0,0,0,Qwen3-VL-32B-Instruct,"{""count"": 200}"
IMG_103.jpg,st_a,base,1048576,1,1,431,200,1,1,1,0,0,0,Qwen3-VL-32B-Instruct,"{""count"": 200}"
IMG_103.jpg,st_a,forbid0,1048576,1,1,431,300,1,1,1,0,0,0,Qwen3-VL-32B-Instruct,"{""count"": 300}"
IMG_103.jpg,st_a,neutral0,1048576,1,1,431,0,1,1,1,1,0,0,Qwen3-VL-32B-Instruct,"{""count"": 0}"
IMG_103.jpg,st_a,choice,1048576,1,1,431,1000,1,1,1,0,0,0,Qwen3-VL-32B-Instruct,"{""choice"": ""1000""}"
IMG_102.jpg,st_a,range,1048576,1,1,223,200,1,1,1,0,0,0,Qwen3-VL-32B-Instruct,"{""low"": 200, ""high"": 300}"
IMG_103.jpg,st_a,V2_number,1048576,1,1,431,1000,1,1,1,0,0,0,Qwen3-VL-32B-Instruct,1000
IMG_103.jpg,st_a,forbid0n,1048576,1,1,431,500,1,1,1,0,0,0,Qwen3-VL-32B-Instruct,"{""count"": 500}"
IMG_103.jpg,st_a,V3_locate,1048576,1,1,431,0,1,1,1,1,0,0,Qwen3-VL-32B-Instruct,"{""count"": 0}"
IMG_103.jpg,st_a,V1_json,1048576,1,1,431,200,1,1,1,0,0,0,Qwen3-VL-32B-Instruct,"{""count"": 200}"
IMG_103.jpg,st_a,choicen,1048576,1,1,431,10000,1,1,1,0,0,0,Qwen3-VL-32B-Instruct,"{""choice"": ""10000""}"
IMG_104.jpg,st_a,base,1048576,1,1,1175,0,1,1,1,1,0,0,Qwen3-VL-32B-Instruct,"{""count"": 0}"
IMG_104.jpg,st_a,neutral0,1048576,1,1,1175,0,1,1,1,1,0,0,Qwen3-VL-32B-Instruct,"{""count"": 0}"
IMG_103.jpg,st_a,V4_estimate,1048576,1,1,431,1500,1,1,1,0,0,0,Qwen3-VL-32B-Instruct,"{""count"": 1500}"
IMG_103.jpg,st_a,V5_region,1048576,1,1,431,1000,1,1,1,0,0,0,Qwen3-VL-32B-Instruct,"{""count"": 1000}"
IMG_104.jpg,st_a,forbid0,1048576,1,1,1175,10000,1,1,1,0,0,0,Qwen3-VL-32B-Instruct,"{""count"": 10000}"
IMG_104.jpg,st_a,choice,1048576,1,1,1175,1000,1,1,1,0,0,0,Qwen3-VL-32B-Instruct,"{""choice"": ""1000""}"
IMG_104.jpg,st_a,V2_number,1048576,1,1,1175,10000,1,1,1,0,0,0,Qwen3-VL-32B-Instruct,10000
IMG_104.jpg,st_a,V1_json,1048576,1,1,1175,0,1,1,1,1,0,0,Qwen3-VL-32B-Instruct,"{""count"": 0}"
IMG_103.jpg,st_a,range,1048576,1,1,431,1000,1,1,1,0,0,0,Qwen3-VL-32B-Instruct,"{""low"": 1000, ""high"": 1500}"
IMG_104.jpg,st_a,forbid0n,1048576,1,1,1175,5000,1,1,1,0,0,0,Qwen3-VL-32B-Instruct,"{""count"": 5000}"
IMG_104.jpg,st_a,V3_locate,1048576,1,1,1175,0,1,1,1,1,0,0,Qwen3-VL-32B-Instruct,"{""count"": 0}"
IMG_104.jpg,st_a,choicen,1048576,1,1,1175,10000,1,1,1,0,0,0,Qwen3-VL-32B-Instruct,"{""choice"": ""10000""}"
IMG_104.jpg,st_a,V4_estimate,1048576,1,1,1175,5000,1,1,1,0,0,0,Qwen3-VL-32B-Instruct,"{""count"": 5000}"
IMG_105.jpg,st_a,V2_number,1048576,1,1,265,100,1,1,1,0,0,0,Qwen3-VL-32B-Instruct,100
IMG_105.jpg,st_a,neutral0,1048576,1,1,265,0,1,1,1,1,0,0,Qwen3-VL-32B-Instruct,"{""count"": 0}"
IMG_105.jpg,st_a,base,1048576,1,1,265,100,1,1,1,0,0,0,Qwen3-VL-32B-Instruct,"{""count"": 100}"
IMG_104.jpg,st_a,V5_region,1048576,1,1,1175,10000,1,1,1,0,0,0,Qwen3-VL-32B-Instruct,"{""count"": 10000}"
IMG_105.jpg,st_a,forbid0,1048576,1,1,265,200,1,1,1,0,0,0,Qwen3-VL-32B-Instruct,"{""count"": 200}"
IMG_104.jpg,st_a,range,1048576,1,1,1175,5000,1,1,1,0,0,0,Qwen3-VL-32B-Instruct,"{""low"": 5000, ""high"": 10000}"
IMG_105.jpg,st_a,choice,1048576,1,1,265,1000,1,1,1,0,0,0,Qwen3-VL-32B-Instruct,"{""choice"": ""1000""}"
IMG_105.jpg,st_a,V3_locate,1048576,1,1,265,0,1,1,1,1,0,0,Qwen3-VL-32B-Instruct,"{""count"": 0}"
IMG_105.jpg,st_a,forbid0n,1048576,1,1,265,300,1,1,1,0,0,0,Qwen3-VL-32B-Instruct,"{""count"": 300}"
IMG_105.jpg,st_a,V1_json,1048576,1,1,265,100,1,1,1,0,0,0,Qwen3-VL-32B-Instruct,"{""count"": 100}"
IMG_105.jpg,st_a,choicen,1048576,1,1,265,1000,1,1,1,0,0,0,Qwen3-VL-32B-Instruct,"{""choice"": ""1000""}"
IMG_105.jpg,st_a,V4_estimate,1048576,1,1,265,500,1,1,1,0,0,0,Qwen3-VL-32B-Instruct,"{""count"": 500}"
IMG_105.jpg,st_a,V5_region,1048576,1,1,265,500,1,1,1,0,0,0,Qwen3-VL-32B-Instruct,"{""count"": 500}"
IMG_106.jpg,st_a,base,1048576,1,1,1232,0,1,1,1,1,0,0,Qwen3-VL-32B-Instruct,"{""count"": 0}"
IMG_105.jpg,st_a,range,1048576,1,1,265,500,1,1,1,0,0,0,Qwen3-VL-32B-Instruct,"{""low"": 500, ""high"": 800}"
IMG_106.jpg,st_a,V2_number,1048576,1,1,1232,1000,1,1,1,0,0,0,Qwen3-VL-32B-Instruct,1000
IMG_106.jpg,st_a,neutral0,1048576,1,1,1232,0,1,1,1,1,0,0,Qwen3-VL-32B-Instruct,"{""count"": 0}"
IMG_106.jpg,st_a,forbid0,1048576,1,1,1232,1000,1,1,1,0,0,0,Qwen3-VL-32B-Instruct,"{""count"": 1000}"
IMG_106.jpg,st_a,V1_json,1048576,1,1,1232,0,1,1,1,1,0,0,Qwen3-VL-32B-Instruct,"{""count"": 0}"
IMG_106.jpg,st_a,choice,1048576,1,1,1232,1000,1,1,1,0,0,0,Qwen3-VL-32B-Instruct,"{""choice"": ""1000""}"
IMG_106.jpg,st_a,choicen,1048576,1,1,1232,5000,1,1,1,0,0,0,Qwen3-VL-32B-Instruct,"{""choice"": ""5000""}"
IMG_106.jpg,st_a,forbid0n,1048576,1,1,1232,1500,1,1,1,0,0,0,Qwen3-VL-32B-Instruct,"{""count"": 1500}"
IMG_106.jpg,st_a,V3_locate,1048576,1,1,1232,0,1,1,1,1,0,0,Qwen3-VL-32B-Instruct,"{""count"": 0}"
IMG_107.jpg,st_a,base,1048576,1,1,289,10,1,1,1,0,0,0,Qwen3-VL-32B-Instruct,"{""count"": 10}"
IMG_106.jpg,st_a,V5_region,1048576,1,1,1232,1500,1,1,1,0,0,0,Qwen3-VL-32B-Instruct,"{""count"": 1500}"
IMG_106.jpg,st_a,V4_estimate,1048576,1,1,1232,1500,1,1,1,0,0,0,Qwen3-VL-32B-Instruct,"{""count"": 1500}"
IMG_107.jpg,st_a,forbid0,1048576,1,1,289,200,1,1,1,0,0,0,Qwen3-VL-32B-Instruct,"{""count"": 200}"
IMG_107.jpg,st_a,V2_number,1048576,1,1,289,1000,1,1,1,0,0,0,Qwen3-VL-32B-Instruct,1000
IMG_107.jpg,st_a,neutral0,1048576,1,1,289,0,1,1,1,1,0,0,Qwen3-VL-32B-Instruct,"{""count"": 0}"
IMG_107.jpg,st_a,choice,1048576,1,1,289,1000,1,1,1,0,0,0,Qwen3-VL-32B-Instruct,"{""choice"": ""1000""}"
IMG_106.jpg,st_a,range,1048576,1,1,1232,1500,1,1,1,0,0,0,Qwen3-VL-32B-Instruct,"{""low"": 1500, ""high"": 2000}"
IMG_107.jpg,st_a,forbid0n,1048576,1,1,289,300,1,1,1,0,0,0,Qwen3-VL-32B-Instruct,"{""count"": 300}"
IMG_107.jpg,st_a,V3_locate,1048576,1,1,289,0,1,1,1,1,0,0,Qwen3-VL-32B-Instruct,"{""count"": 0}"
IMG_107.jpg,st_a,V1_json,1048576,1,1,289,10,1,1,1,0,0,0,Qwen3-VL-32B-Instruct,"{""count"": 10}"
IMG_107.jpg,st_a,choicen,1048576,1,1,289,1000,1,1,1,0,0,0,Qwen3-VL-32B-Instruct,"{""choice"": ""1000""}"
IMG_107.jpg,st_a,V5_region,1048576,1,1,289,500,1,1,1,0,0,0,Qwen3-VL-32B-Instruct,"{""count"": 500}"
IMG_107.jpg,st_a,V4_estimate,1048576,1,1,289,500,1,1,1,0,0,0,Qwen3-VL-32B-Instruct,"{""count"": 500}"
IMG_108.jpg,st_a,base,1048576,1,1,182,100,1,1,1,0,0,0,Qwen3-VL-32B-Instruct,"{""count"": 100}"
IMG_107.jpg,st_a,range,1048576,1,1,289,500,1,1,1,0,0,0,Qwen3-VL-32B-Instruct,"{""low"": 500, ""high"": 800}"
IMG_108.jpg,st_a,neutral0,1048576,1,1,182,0,1,1,1,1,0,0,Qwen3-VL-32B-Instruct,"{""count"": 0}"
IMG_108.jpg,st_a,forbid0,1048576,1,1,182,200,1,1,1,0,0,0,Qwen3-VL-32B-Instruct,"{""count"": 200}"
IMG_108.jpg,st_a,V2_number,1048576,1,1,182,100,1,1,1,0,0,0,Qwen3-VL-32B-Instruct,100
IMG_108.jpg,st_a,choice,1048576,1,1,182,500,1,1,1,0,0,0,Qwen3-VL-32B-Instruct,"{""choice"": ""500""}"
IMG_108.jpg,st_a,forbid0n,1048576,1,1,182,250,1,1,1,0,0,0,Qwen3-VL-32B-Instruct,"{""count"": 250}"
IMG_108.jpg,st_a,V3_locate,1048576,1,1,182,0,1,1,1,1,0,0,Qwen3-VL-32B-Instruct,"{""count"": 0}"
IMG_108.jpg,st_a,choicen,1048576,1,1,182,500,1,1,1,0,0,0,Qwen3-VL-32B-Instruct,"{""choice"": ""500""}"
IMG_108.jpg,st_a,V1_json,1048576,1,1,182,100,1,1,1,0,0,0,Qwen3-VL-32B-Instruct,"{""count"": 100}"
IMG_108.jpg,st_a,V4_estimate,1048576,1,1,182,300,1,1,1,0,0,0,Qwen3-VL-32B-Instruct,"{""count"": 300}"
IMG_108.jpg,st_a,V5_region,1048576,1,1,182,250,1,1,1,0,0,0,Qwen3-VL-32B-Instruct,"{""count"": 250}"
IMG_109.jpg,st_a,V2_number,1048576,1,1,379,300,1,1,1,0,0,0,Qwen3-VL-32B-Instruct,300
IMG_109.jpg,st_a,neutral0,1048576,1,1,379,0,1,1,1,1,0,0,Qwen3-VL-32B-Instruct,"{""count"": 0}"
IMG_109.jpg,st_a,base,1048576,1,1,379,300,1,1,1,0,0,0,Qwen3-VL-32B-Instruct,"{""count"": 300}"
IMG_109.jpg,st_a,forbid0,1048576,1,1,379,300,1,1,1,0,0,0,Qwen3-VL-32B-Instruct,"{""count"": 300}"
IMG_108.jpg,st_a,range,1048576,1,1,182,200,1,1,1,0,0,0,Qwen3-VL-32B-Instruct,"{""low"": 200, ""high"": 300}"
IMG_109.jpg,st_a,choice,1048576,1,1,379,500,1,1,1,0,0,0,Qwen3-VL-32B-Instruct,"{""choice"": ""500""}"
IMG_109.jpg,st_a,forbid0n,1048576,1,1,379,500,1,1,1,0,0,0,Qwen3-VL-32B-Instruct,"{""count"": 500}"
IMG_109.jpg,st_a,V1_json,1048576,1,1,379,300,1,1,1,0,0,0,Qwen3-VL-32B-Instruct,"{""count"": 300}"
IMG_109.jpg,st_a,choicen,1048576,1,1,379,1000,1,1,1,0,0,0,Qwen3-VL-32B-Instruct,"{""choice"": ""1000""}"
IMG_109.jpg,st_a,V3_locate,1048576,1,1,379,300,1,1,1,0,0,0,Qwen3-VL-32B-Instruct,"{""count"": 300}"
IMG_109.jpg,st_a,V4_estimate,1048576,1,1,379,500,1,1,1,0,0,0,Qwen3-VL-32B-Instruct,"{""count"": 500}"
IMG_109.jpg,st_a,V5_region,1048576,1,1,379,500,1,1,1,0,0,0,Qwen3-VL-32B-Instruct,"{""count"": 500}"
IMG_11.jpg,st_a,V2_number,1048576,1,1,1068,1000,1,1,1,0,0,0,Qwen3-VL-32B-Instruct,1000
IMG_109.jpg,st_a,range,1048576,1,1,379,500,1,1,1,0,0,0,Qwen3-VL-32B-Instruct,"{""low"": 500, ""high"": 700}"
IMG_11.jpg,st_a,neutral0,1048576,1,1,1068,0,1,1,1,1,0,0,Qwen3-VL-32B-Instruct,"{""count"": 0}"
IMG_11.jpg,st_a,base,1048576,1,1,1068,1000,1,1,1,0,0,0,Qwen3-VL-32B-Instruct,"{""count"": 1000}"
IMG_11.jpg,st_a,forbid0,1048576,1,1,1068,1500,1,1,1,0,0,0,Qwen3-VL-32B-Instruct,"{""count"": 1500}"
IMG_11.jpg,st_a,choice,1048576,1,1,1068,1000,1,1,1,0,0,0,Qwen3-VL-32B-Instruct,"{""choice"": ""1000""}"
IMG_11.jpg,st_a,forbid0n,1048576,1,1,1068,2500,1,1,1,0,0,0,Qwen3-VL-32B-Instruct,"{""count"": 2500}"
IMG_11.jpg,st_a,choicen,1048576,1,1,1068,5000,1,1,1,0,0,0,Qwen3-VL-32B-Instruct,"{""choice"": ""5000""}"
IMG_11.jpg,st_a,V1_json,1048576,1,1,1068,1000,1,1,1,0,0,0,Qwen3-VL-32B-Instruct,"{""count"": 1000}"
IMG_11.jpg,st_a,V3_locate,1048576,1,1,1068,1000,1,1,1,0,0,0,Qwen3-VL-32B-Instruct,"{""count"": 1000}"
IMG_11.jpg,st_a,V4_estimate,1048576,1,1,1068,2500,1,1,1,0,0,0,Qwen3-VL-32B-Instruct,"{""count"": 2500}"
IMG_11.jpg,st_a,V5_region,1048576,1,1,1068,2500,1,1,1,0,0,0,Qwen3-VL-32B-Instruct,"{""count"": 2500}"
IMG_110.jpg,st_a,V2_number,1048576,1,1,1021,1000,1,1,1,0,0,0,Qwen3-VL-32B-Instruct,1000
IMG_110.jpg,st_a,neutral0,1048576,1,1,1021,0,1,1,1,1,0,0,Qwen3-VL-32B-Instruct,"{""count"": 0}"
IMG_110.jpg,st_a,forbid0,1048576,1,1,1021,1000,1,1,1,0,0,0,Qwen3-VL-32B-Instruct,"{""count"": 1000}"
IMG_110.jpg,st_a,base,1048576,1,1,1021,1000,1,1,1,0,0,0,Qwen3-VL-32B-Instruct,"{""count"": 1000}"
IMG_11.jpg,st_a,range,1048576,1,1,1068,2000,1,1,1,0,0,0,Qwen3-VL-32B-Instruct,"{""low"": 2000, ""high"": 3000}"
IMG_110.jpg,st_a,choice,1048576,1,1,1021,1000,1,1,1,0,0,0,Qwen3-VL-32B-Instruct,"{""choice"": ""1000""}"
IMG_110.jpg,st_a,forbid0n,1048576,1,1,1021,1500,1,1,1,0,0,0,Qwen3-VL-32B-Instruct,"{""count"": 1500}"
IMG_110.jpg,st_a,V1_json,1048576,1,1,1021,1000,1,1,1,0,0,0,Qwen3-VL-32B-Instruct,"{""count"": 1000}"
IMG_110.jpg,st_a,choicen,1048576,1,1,1021,5000,1,1,1,0,0,0,Qwen3-VL-32B-Instruct,"{""choice"": ""5000""}"
IMG_110.jpg,st_a,V3_locate,1048576,1,1,1021,1000,1,1,1,0,0,0,Qwen3-VL-32B-Instruct,"{""count"": 1000}"
IMG_110.jpg,st_a,V5_region,1048576,1,1,1021,2500,1,1,1,0,0,0,Qwen3-VL-32B-Instruct,"{""count"": 2500}"
IMG_110.jpg,st_a,V4_estimate,1048576,1,1,1021,5000,1,1,1,0,0,0,Qwen3-VL-32B-Instruct,"{""count"": 5000}"
IMG_111.jpg,st_a,base,1048576,1,1,452,0,1,1,1,1,0,0,Qwen3-VL-32B-Instruct,"{""count"": 0}"
IMG_111.jpg,st_a,neutral0,1048576,1,1,452,0,1,1,1,1,0,0,Qwen3-VL-32B-Instruct,"{""count"": 0}"
IMG_111.jpg,st_a,V2_number,1048576,1,1,452,1000,1,1,1,0,0,0,Qwen3-VL-32B-Instruct,1000
IMG_111.jpg,st_a,V1_json,1048576,1,1,452,0,1,1,1,1,0,0,Qwen3-VL-32B-Instruct,"{""count"": 0}"
IMG_111.jpg,st_a,forbid0,1048576,1,1,452,1000,1,1,1,0,0,0,Qwen3-VL-32B-Instruct,"{""count"": 1000}"
IMG_110.jpg,st_a,range,1048576,1,1,1021,5000,1,1,1,0,0,0,Qwen3-VL-32B-Instruct,"{""low"": 5000, ""high"": 7000}"
IMG_111.jpg,st_a,choice,1048576,1,1,452,1000,1,1,1,0,0,0,Qwen3-VL-32B-Instruct,"{""choice"": ""1000""}"
IMG_111.jpg,st_a,V3_locate,1048576,1,1,452,0,1,1,1,1,0,0,Qwen3-VL-32B-Instruct,"{""count"": 0}"
IMG_111.jpg,st_a,forbid0n,1048576,1,1,452,1500,1,1,1,0,0,0,Qwen3-VL-32B-Instruct,"{""count"": 1500}"
IMG_111.jpg,st_a,choicen,1048576,1,1,452,5000,1,1,1,0,0,0,Qwen3-VL-32B-Instruct,"{""choice"": ""5000""}"
IMG_111.jpg,st_a,V4_estimate,1048576,1,1,452,2000,1,1,1,0,0,0,Qwen3-VL-32B-Instruct,"{""count"": 2000}"
IMG_111.jpg,st_a,V5_region,1048576,1,1,452,1500,1,1,1,0,0,0,Qwen3-VL-32B-Instruct,"{""count"": 1500}"
IMG_112.jpg,st_a,V2_number,1048576,1,1,256,200,1,1,1,0,0,0,Qwen3-VL-32B-Instruct,200
IMG_112.jpg,st_a,base,1048576,1,1,256,250,1,1,1,0,0,0,Qwen3-VL-32B-Instruct,"{""count"": 250}"
IMG_112.jpg,st_a,neutral0,1048576,1,1,256,0,1,1,1,1,0,0,Qwen3-VL-32B-Instruct,"{""count"": 0}"
IMG_112.jpg,st_a,choice,1048576,1,1,256,500,1,1,1,0,0,0,Qwen3-VL-32B-Instruct,"{""choice"": ""500""}"
IMG_112.jpg,st_a,forbid0,1048576,1,1,256,300,1,1,1,0,0,0,Qwen3-VL-32B-Instruct,"{""count"": 300}"
IMG_111.jpg,st_a,range,1048576,1,1,452,1500,1,1,1,0,0,0,Qwen3-VL-32B-Instruct,"{""low"": 1500, ""high"": 2500}"
IMG_112.jpg,st_a,V1_json,1048576,1,1,256,250,1,1,1,0,0,0,Qwen3-VL-32B-Instruct,"{""count"": 250}"
IMG_112.jpg,st_a,forbid0n,1048576,1,1,256,500,1,1,1,0,0,0,Qwen3-VL-32B-Instruct,"{""count"": 500}"
IMG_112.jpg,st_a,choicen,1048576,1,1,256,1000,1,1,1,0,0,0,Qwen3-VL-32B-Instruct,"{""choice"": ""1000""}"
IMG_112.jpg,st_a,V4_estimate,1048576,1,1,256,500,1,1,1,0,0,0,Qwen3-VL-32B-Instruct,"{""count"": 500}"
IMG_112.jpg,st_a,V5_region,1048576,1,1,256,500,1,1,1,0,0,0,Qwen3-VL-32B-Instruct,"{""count"": 500}"
IMG_113.jpg,st_a,V2_number,1048576,1,1,66,45,1,1,1,0,0,0,Qwen3-VL-32B-Instruct,45
IMG_112.jpg,st_a,V3_locate,1048576,1,1,256,250,1,1,1,0,0,0,Qwen3-VL-32B-Instruct,"{""count"": 250}"
IMG_113.jpg,st_a,base,1048576,1,1,66,50,1,1,1,0,0,0,Qwen3-VL-32B-Instruct,"{""count"": 50}"
IMG_113.jpg,st_a,forbid0,1048576,1,1,66,50,1,1,1,0,0,0,Qwen3-VL-32B-Instruct,"{""count"": 50}"
IMG_112.jpg,st_a,range,1048576,1,1,256,500,1,1,1,0,0,0,Qwen3-VL-32B-Instruct,"{""low"": 500, ""high"": 700}"
IMG_113.jpg,st_a,neutral0,1048576,1,1,66,0,1,1,1,1,0,0,Qwen3-VL-32B-Instruct,"{""count"": 0}"
IMG_113.jpg,st_a,choice,1048576,1,1,66,50,1,1,1,0,0,0,Qwen3-VL-32B-Instruct,"{""choice"": 50}"
IMG_113.jpg,st_a,forbid0n,1048576,1,1,66,58,1,1,1,0,0,0,Qwen3-VL-32B-Instruct,"{""count"": 58}"
IMG_113.jpg,st_a,V1_json,1048576,1,1,66,50,1,1,1,0,0,0,Qwen3-VL-32B-Instruct,"{""count"": 50}"
IMG_113.jpg,st_a,choicen,1048576,1,1,66,50,1,1,1,0,0,0,Qwen3-VL-32B-Instruct,"{""choice"": 50}"
IMG_113.jpg,st_a,V3_locate,1048576,1,1,66,0,1,1,1,1,0,0,Qwen3-VL-32B-Instruct,"{""count"": 0}"
IMG_113.jpg,st_a,V4_estimate,1048576,1,1,66,50,1,1,1,0,0,0,Qwen3-VL-32B-Instruct,"{""count"": 50}"
IMG_113.jpg,st_a,V5_region,1048576,1,1,66,50,1,1,1,0,0,0,Qwen3-VL-32B-Instruct,"{""count"": 50}"
IMG_113.jpg,st_a,range,1048576,1,1,66,50,1,1,1,0,0,0,Qwen3-VL-32B-Instruct,"{""low"": 50, ""high"": 70}"
IMG_114.jpg,st_a,V2_number,1048576,1,1,141,100,1,1,1,0,0,0,Qwen3-VL-32B-Instruct,100
IMG_114.jpg,st_a,base,1048576,1,1,141,108,1,1,1,0,0,0,Qwen3-VL-32B-Instruct,"{""count"": 108}"
IMG_114.jpg,st_a,choice,1048576,1,1,141,100,1,1,1,0,0,0,Qwen3-VL-32B-Instruct,"{""choice"": ""100""}"
IMG_114.jpg,st_a,forbid0,1048576,1,1,141,120,1,1,1,0,0,0,Qwen3-VL-32B-Instruct,"{""count"": 120}"
IMG_114.jpg,st_a,neutral0,1048576,1,1,141,100,1,1,1,0,0,0,Qwen3-VL-32B-Instruct,"{""count"": 100}"
IMG_114.jpg,st_a,forbid0n,1048576,1,1,141,125,1,1,1,0,0,0,Qwen3-VL-32B-Instruct,"{""count"": 125}"
IMG_114.jpg,st_a,choicen,1048576,1,1,141,200,1,1,1,0,0,0,Qwen3-VL-32B-Instruct,"{""choice"": ""200""}"
IMG_114.jpg,st_a,V1_json,1048576,1,1,141,108,1,1,1,0,0,0,Qwen3-VL-32B-Instruct,"{""count"": 108}"
IMG_115.jpg,st_a,base,1048576,1,1,1191,0,1,1,1,1,0,0,Qwen3-VL-32B-Instruct,"{""count"": 0}"
IMG_114.jpg,st_a,V3_locate,1048576,1,1,141,100,1,1,1,0,0,0,Qwen3-VL-32B-Instruct,"{""count"": 100}"
IMG_114.jpg,st_a,V5_region,1048576,1,1,141,150,1,1,1,0,0,0,Qwen3-VL-32B-Instruct,"{""count"": 150}"
IMG_114.jpg,st_a,V4_estimate,1048576,1,1,141,150,1,1,1,0,0,0,Qwen3-VL-32B-Instruct,"{""count"": 150}"
IMG_115.jpg,st_a,neutral0,1048576,1,1,1191,0,1,1,1,1,0,0,Qwen3-VL-32B-Instruct,"{""count"": 0}"
IMG_114.jpg,st_a,range,1048576,1,1,141,150,1,1,1,0,0,0,Qwen3-VL-32B-Instruct,"{""low"": 150, ""high"": 200}"
IMG_115.jpg,st_a,forbid0,1048576,1,1,1191,10000,1,1,1,0,0,0,Qwen3-VL-32B-Instruct,"{""count"": 10000}"
IMG_115.jpg,st_a,V2_number,1048576,1,1,1191,10000,1,1,1,0,0,0,Qwen3-VL-32B-Instruct,10000
IMG_115.jpg,st_a,V1_json,1048576,1,1,1191,0,1,1,1,1,0,0,Qwen3-VL-32B-Instruct,"{""count"": 0}"
IMG_115.jpg,st_a,choice,1048576,1,1,1191,1000,1,1,1,0,0,0,Qwen3-VL-32B-Instruct,"{""choice"": 1000}"
IMG_116.jpg,st_a,base,1048576,1,1,288,0,1,1,1,1,0,0,Qwen3-VL-32B-Instruct,"{""count"": 0}"
IMG_115.jpg,st_a,forbid0n,1048576,1,1,1191,10000,1,1,1,0,0,0,Qwen3-VL-32B-Instruct,"{""count"": 10000}"
IMG_115.jpg,st_a,V3_locate,1048576,1,1,1191,1000,1,1,1,0,0,0,Qwen3-VL-32B-Instruct,"{""count"": 1000}"
IMG_115.jpg,st_a,choicen,1048576,1,1,1191,100000,1,1,1,0,0,0,Qwen3-VL-32B-Instruct,"{""choice"": ""100000""}"
IMG_116.jpg,st_a,forbid0,1048576,1,1,288,1000,1,1,1,0,0,0,Qwen3-VL-32B-Instruct,"{""count"": 1000}"
IMG_115.jpg,st_a,V4_estimate,1048576,1,1,1191,10000,1,1,1,0,0,0,Qwen3-VL-32B-Instruct,"{""count"": 10000}"
IMG_116.jpg,st_a,V2_number,1048576,1,1,288,1000,1,1,1,0,0,0,Qwen3-VL-32B-Instruct,1000
IMG_115.jpg,st_a,V5_region,1048576,1,1,1191,10000,1,1,1,0,0,0,Qwen3-VL-32B-Instruct,"{""count"": 10000}"
IMG_116.jpg,st_a,neutral0,1048576,1,1,288,0,1,1,1,1,0,0,Qwen3-VL-32B-Instruct,"{""count"": 0}"
IMG_116.jpg,st_a,choice,1048576,1,1,288,1000,1,1,1,0,0,0,Qwen3-VL-32B-Instruct,"{""choice"": ""1000""}"
IMG_116.jpg,st_a,V1_json,1048576,1,1,288,0,1,1,1,1,0,0,Qwen3-VL-32B-Instruct,"{""count"": 0}"
IMG_115.jpg,st_a,range,1048576,1,1,1191,5000,1,1,1,0,0,0,Qwen3-VL-32B-Instruct,"{""low"": 5000, ""high"": 10000}"
IMG_116.jpg,st_a,V3_locate,1048576,1,1,288,0,1,1,1,1,0,0,Qwen3-VL-32B-Instruct,"{""count"": 0}"
IMG_116.jpg,st_a,forbid0n,1048576,1,1,288,1000,1,1,1,0,0,0,Qwen3-VL-32B-Instruct,"{""count"": 1000}"
IMG_116.jpg,st_a,choicen,1048576,1,1,288,10000,1,1,1,0,0,0,Qwen3-VL-32B-Instruct,"{""choice"": ""10000""}"
IMG_117.jpg,st_a,base,1048576,1,1,1603,0,1,1,1,1,0,0,Qwen3-VL-32B-Instruct,"{""count"": 0}"
IMG_116.jpg,st_a,V5_region,1048576,1,1,288,5000,1,1,1,0,0,0,Qwen3-VL-32B-Instruct,"{""count"": 5000}"
IMG_116.jpg,st_a,V4_estimate,1048576,1,1,288,2500,1,1,1,0,0,0,Qwen3-VL-32B-Instruct,"{""count"": 2500}"
IMG_117.jpg,st_a,neutral0,1048576,1,1,1603,0,1,1,1,1,0,0,Qwen3-VL-32B-Instruct,"{""count"": 0}"
IMG_116.jpg,st_a,range,1048576,1,1,288,2000,1,1,1,0,0,0,Qwen3-VL-32B-Instruct,"{""low"": 2000, ""high"": 3000}"
IMG_117.jpg,st_a,V1_json,1048576,1,1,1603,0,1,1,1,1,0,0,Qwen3-VL-32B-Instruct,"{""count"": 0}"
IMG_117.jpg,st_a,V2_number,1048576,1,1,1603,10000,1,1,1,0,0,0,Qwen3-VL-32B-Instruct,10000
IMG_117.jpg,st_a,V3_locate,1048576,1,1,1603,0,1,1,1,1,0,0,Qwen3-VL-32B-Instruct,"{""count"": 0}"
IMG_117.jpg,st_a,forbid0,1048576,1,1,1603,10000,1,1,1,0,0,0,Qwen3-VL-32B-Instruct,"{""count"": 10000}"
IMG_117.jpg,st_a,forbid0n,1048576,1,1,1603,5000,1,1,1,0,0,0,Qwen3-VL-32B-Instruct,"{""count"": 5000}"
IMG_117.jpg,st_a,choice,1048576,1,1,1603,1000,1,1,1,0,0,0,Qwen3-VL-32B-Instruct,"{""choice"": ""1000""}"
IMG_117.jpg,st_a,choicen,1048576,1,1,1603,100000,1,1,1,0,0,0,Qwen3-VL-32B-Instruct,"{""choice"": ""100000""}"
IMG_117.jpg,st_a,V4_estimate,1048576,1,1,1603,10000,1,1,1,0,0,0,Qwen3-VL-32B-Instruct,"{""count"": 10000}"
IMG_117.jpg,st_a,V5_region,1048576,1,1,1603,10000,1,1,1,0,0,0,Qwen3-VL-32B-Instruct,"{""count"": 10000}"
IMG_118.jpg,st_a,base,1048576,1,1,241,150,1,1,1,0,0,0,Qwen3-VL-32B-Instruct,"{""count"": 150}"
IMG_118.jpg,st_a,V2_number,1048576,1,1,241,100,1,1,1,0,0,0,Qwen3-VL-32B-Instruct,100
IMG_118.jpg,st_a,neutral0,1048576,1,1,241,0,1,1,1,1,0,0,Qwen3-VL-32B-Instruct,"{""count"": 0}"
IMG_118.jpg,st_a,forbid0,1048576,1,1,241,200,1,1,1,0,0,0,Qwen3-VL-32B-Instruct,"{""count"": 200}"
IMG_118.jpg,st_a,choice,1048576,1,1,241,500,1,1,1,0,0,0,Qwen3-VL-32B-Instruct,"{""choice"": ""500""}"
IMG_118.jpg,st_a,V3_locate,1048576,1,1,241,0,1,1,1,1,0,0,Qwen3-VL-32B-Instruct,"{""count"": 0}"
IMG_118.jpg,st_a,V1_json,1048576,1,1,241,150,1,1,1,0,0,0,Qwen3-VL-32B-Instruct,"{""count"": 150}"
IMG_118.jpg,st_a,forbid0n,1048576,1,1,241,250,1,1,1,0,0,0,Qwen3-VL-32B-Instruct,"{""count"": 250}"
IMG_118.jpg,st_a,choicen,1048576,1,1,241,500,1,1,1,0,0,0,Qwen3-VL-32B-Instruct,"{""choice"": ""500""}"
IMG_117.jpg,st_a,range,1048576,1,1,1603,5000,1,1,1,0,0,0,Qwen3-VL-32B-Instruct,"{""low"": 5000, ""high"": 10000}"
IMG_118.jpg,st_a,V5_region,1048576,1,1,241,300,1,1,1,0,0,0,Qwen3-VL-32B-Instruct,"{""count"": 300}"
IMG_118.jpg,st_a,V4_estimate,1048576,1,1,241,300,1,1,1,0,0,0,Qwen3-VL-32B-Instruct,"{""count"": 300}"
IMG_119.jpg,st_a,base,1048576,1,1,250,250,1,1,1,0,0,0,Qwen3-VL-32B-Instruct,"{""count"": 250}"
IMG_119.jpg,st_a,forbid0,1048576,1,1,250,250,1,1,1,0,0,0,Qwen3-VL-32B-Instruct,"{""count"": 250}"
IMG_119.jpg,st_a,neutral0,1048576,1,1,250,0,1,1,1,1,0,0,Qwen3-VL-32B-Instruct,"{""count"": 0}"
IMG_118.jpg,st_a,range,1048576,1,1,241,200,1,1,1,0,0,0,Qwen3-VL-32B-Instruct,"{""low"": 200, ""high"": 300}"
IMG_119.jpg,st_a,V2_number,1048576,1,1,250,1000,1,1,1,0,0,0,Qwen3-VL-32B-Instruct,1000
IMG_119.jpg,st_a,choice,1048576,1,1,250,500,1,1,1,0,0,0,Qwen3-VL-32B-Instruct,"{""choice"": ""500""}"
IMG_119.jpg,st_a,forbid0n,1048576,1,1,250,300,1,1,1,0,0,0,Qwen3-VL-32B-Instruct,"{""count"": 300}"
IMG_119.jpg,st_a,V3_locate,1048576,1,1,250,0,1,1,1,1,0,0,Qwen3-VL-32B-Instruct,"{""count"": 0}"
IMG_119.jpg,st_a,choicen,1048576,1,1,250,1000,1,1,1,0,0,0,Qwen3-VL-32B-Instruct,"{""choice"": ""1000""}"
IMG_119.jpg,st_a,V1_json,1048576,1,1,250,250,1,1,1,0,0,0,Qwen3-VL-32B-Instruct,"{""count"": 250}"
IMG_12.jpg,st_a,base,1048576,1,1,321,0,1,1,1,1,0,0,Qwen3-VL-32B-Instruct,"{""count"": 0}"
IMG_119.jpg,st_a,V5_region,1048576,1,1,250,200,1,1,1,0,0,0,Qwen3-VL-32B-Instruct,"{""count"": 200}"
IMG_119.jpg,st_a,V4_estimate,1048576,1,1,250,500,1,1,1,0,0,0,Qwen3-VL-32B-Instruct,"{""count"": 500}"
IMG_12.jpg,st_a,V2_number,1048576,1,1,321,999,1,1,1,0,0,0,Qwen3-VL-32B-Instruct,999
IMG_12.jpg,st_a,forbid0,1048576,1,1,321,500,1,1,1,0,0,0,Qwen3-VL-32B-Instruct,"{""count"": 500}"
IMG_119.jpg,st_a,range,1048576,1,1,250,500,1,1,1,0,0,0,Qwen3-VL-32B-Instruct,"{""low"": 500, ""high"": 700}"
IMG_12.jpg,st_a,neutral0,1048576,1,1,321,0,1,1,1,1,0,0,Qwen3-VL-32B-Instruct,"{""count"": 0}"
IMG_12.jpg,st_a,V1_json,1048576,1,1,321,0,1,1,1,1,0,0,Qwen3-VL-32B-Instruct,"{""count"": 0}"
IMG_12.jpg,st_a,choice,1048576,1,1,321,1000,1,1,1,0,0,0,Qwen3-VL-32B-Instruct,"{""choice"": ""1000""}"
IMG_12.jpg,st_a,forbid0n,1048576,1,1,321,500,1,1,1,0,0,0,Qwen3-VL-32B-Instruct,"{""count"": 500}"
IMG_12.jpg,st_a,V3_locate,1048576,1,1,321,0,1,1,1,1,0,0,Qwen3-VL-32B-Instruct,"{""count"": 0}"
IMG_12.jpg,st_a,choicen,1048576,1,1,321,10000,1,1,1,0,0,0,Qwen3-VL-32B-Instruct,"{""choice"": ""10000""}"
IMG_120.jpg,st_a,base,1048576,1,1,133,100,1,1,1,0,0,0,Qwen3-VL-32B-Instruct,"{""count"": 100}"
IMG_120.jpg,st_a,V2_number,1048576,1,1,133,100,1,1,1,0,0,0,Qwen3-VL-32B-Instruct,100
IMG_12.jpg,st_a,V4_estimate,1048576,1,1,321,2000,1,1,1,0,0,0,Qwen3-VL-32B-Instruct,"{""count"": 2000}"
IMG_12.jpg,st_a,V5_region,1048576,1,1,321,1500,1,1,1,0,0,0,Qwen3-VL-32B-Instruct,"{""count"": 1500}"
IMG_120.jpg,st_a,forbid0,1048576,1,1,133,120,1,1,1,0,0,0,Qwen3-VL-32B-Instruct,"{""count"": 120}"
IMG_120.jpg,st_a,choice,1048576,1,1,133,100,1,1,1,0,0,0,Qwen3-VL-32B-Instruct,"{""choice"": ""100""}"
IMG_12.jpg,st_a,range,1048576,1,1,321,1000,1,1,1,0,0,0,Qwen3-VL-32B-Instruct,"{""low"": 1000, ""high"": 2000}"
IMG_120.jpg,st_a,neutral0,1048576,1,1,133,100,1,1,1,0,0,0,Qwen3-VL-32B-Instruct,"{""count"": 100}"
IMG_120.jpg,st_a,forbid0n,1048576,1,1,133,128,1,1,1,0,0,0,Qwen3-VL-32B-Instruct,"{""count"": 128}"
IMG_120.jpg,st_a,choicen,1048576,1,1,133,300,1,1,1,0,0,0,Qwen3-VL-32B-Instruct,"{""choice"": ""300""}"
IMG_120.jpg,st_a,V1_json,1048576,1,1,133,100,1,1,1,0,0,0,Qwen3-VL-32B-Instruct,"{""count"": 100}"
IMG_120.jpg,st_a,V3_locate,1048576,1,1,133,100,1,1,1,0,0,0,Qwen3-VL-32B-Instruct,"{""count"": 100}"
IMG_120.jpg,st_a,V4_estimate,1048576,1,1,133,150,1,1,1,0,0,0,Qwen3-VL-32B-Instruct,"{""count"": 150}"
IMG_120.jpg,st_a,V5_region,1048576,1,1,133,150,1,1,1,0,0,0,Qwen3-VL-32B-Instruct,"{""count"": 150}"
IMG_121.jpg,st_a,neutral0,1048576,1,1,1210,0,1,1,1,1,0,0,Qwen3-VL-32B-Instruct,"{""count"": 0}"
IMG_120.jpg,st_a,range,1048576,1,1,133,150,1,1,1,0,0,0,Qwen3-VL-32B-Instruct,"{""low"": 150, ""high"": 200}"
IMG_121.jpg,st_a,base,1048576,1,1,1210,1000,1,1,1,0,0,0,Qwen3-VL-32B-Instruct,"{""count"": 1000}"
IMG_121.jpg,st_a,V2_number,1048576,1,1,1210,10000,1,1,1,0,0,0,Qwen3-VL-32B-Instruct,10000
IMG_121.jpg,st_a,choice,1048576,1,1,1210,1000,1,1,1,0,0,0,Qwen3-VL-32B-Instruct,"{""choice"": ""1000""}"
IMG_121.jpg,st_a,forbid0,1048576,1,1,1210,10000,1,1,1,0,0,0,Qwen3-VL-32B-Instruct,"{""count"": 10000}"
IMG_121.jpg,st_a,V3_locate,1048576,1,1,1210,0,1,1,1,1,0,0,Qwen3-VL-32B-Instruct,"{""count"": 0}"
IMG_121.jpg,st_a,forbid0n,1048576,1,1,1210,5000,1,1,1,0,0,0,Qwen3-VL-32B-Instruct,"{""count"": 5000}"
IMG_121.jpg,st_a,V1_json,1048576,1,1,1210,1000,1,1,1,0,0,0,Qwen3-VL-32B-Instruct,"{""count"": 1000}"
IMG_121.jpg,st_a,choicen,1048576,1,1,1210,10000,1,1,1,0,0,0,Qwen3-VL-32B-Instruct,"{""choice"": ""10000""}"
IMG_121.jpg,st_a,V5_region,1048576,1,1,1210,5000,1,1,1,0,0,0,Qwen3-VL-32B-Instruct,"{""count"": 5000}"
IMG_122.jpg,st_a,base,1048576,1,1,1153,0,1,1,1,1,0,0,Qwen3-VL-32B-Instruct,"{""count"": 0}"
IMG_121.jpg,st_a,V4_estimate,1048576,1,1,1210,5000,1,1,1,0,0,0,Qwen3-VL-32B-Instruct,"{""count"": 5000}"
IMG_122.jpg,st_a,V2_number,1048576,1,1,1153,9999,1,1,1,0,0,0,Qwen3-VL-32B-Instruct,9999
IMG_122.jpg,st_a,neutral0,1048576,1,1,1153,0,1,1,1,1,0,0,Qwen3-VL-32B-Instruct,"{""count"": 0}"
IMG_122.jpg,st_a,forbid0,1048576,1,1,1153,10000,1,1,1,0,0,0,Qwen3-VL-32B-Instruct,"{""count"": 10000}"
IMG_122.jpg,st_a,V1_json,1048576,1,1,1153,0,1,1,1,1,0,0,Qwen3-VL-32B-Instruct,"{""count"": 0}"
IMG_121.jpg,st_a,range,1048576,1,1,1210,5000,1,1,1,0,0,0,Qwen3-VL-32B-Instruct,"{""low"": 5000, ""high"": 8000}"
IMG_122.jpg,st_a,choice,1048576,1,1,1153,1000,1,1,1,0,0,0,Qwen3-VL-32B-Instruct,"{""choice"": ""1000""}"
IMG_122.jpg,st_a,V3_locate,1048576,1,1,1153,0,1,1,1,1,0,0,Qwen3-VL-32B-Instruct,"{""count"": 0}"
IMG_122.jpg,st_a,forbid0n,1048576,1,1,1153,10000,1,1,1,0,0,0,Qwen3-VL-32B-Instruct,"{""count"": 10000}"
IMG_122.jpg,st_a,choicen,1048576,1,1,1153,100000,1,1,1,0,0,0,Qwen3-VL-32B-Instruct,"{""choice"": ""100000""}"
IMG_123.jpg,st_a,base,1048576,1,1,115,88,1,1,1,0,0,0,Qwen3-VL-32B-Instruct,"{""count"": 88}"
IMG_123.jpg,st_a,forbid0,1048576,1,1,115,84,1,1,1,0,0,0,Qwen3-VL-32B-Instruct,"{""count"": 84}"
IMG_122.jpg,st_a,V4_estimate,1048576,1,1,1153,10000,1,1,1,0,0,0,Qwen3-VL-32B-Instruct,"{""count"": 10000}"
IMG_123.jpg,st_a,V2_number,1048576,1,1,115,72,1,1,1,0,0,0,Qwen3-VL-32B-Instruct,72
IMG_123.jpg,st_a,choice,1048576,1,1,115,100,1,1,1,0,0,0,Qwen3-VL-32B-Instruct,"{""choice"": 100}"
IMG_122.jpg,st_a,V5_region,1048576,1,1,1153,10000,1,1,1,0,0,0,Qwen3-VL-32B-Instruct,"{""count"": 10000}"
IMG_123.jpg,st_a,forbid0n,1048576,1,1,115,88,1,1,1,0,0,0,Qwen3-VL-32B-Instruct,"{""count"": 88}"
IMG_123.jpg,st_a,neutral0,1048576,1,1,115,84,1,1,1,0,0,0,Qwen3-VL-32B-Instruct,"{""count"": 84}"
IMG_122.jpg,st_a,range,1048576,1,1,1153,10000,1,1,1,0,0,0,Qwen3-VL-32B-Instruct,"{""low"": 10000, ""high"": 20000}"
IMG_123.jpg,st_a,V1_json,1048576,1,1,115,88,1,1,1,0,0,0,Qwen3-VL-32B-Instruct,"{""count"": 88}"
IMG_123.jpg,st_a,V3_locate,1048576,1,1,115,80,1,1,1,0,0,0,Qwen3-VL-32B-Instruct,"{""count"": 80}"
IMG_123.jpg,st_a,choicen,1048576,1,1,115,100,1,1,1,0,0,0,Qwen3-VL-32B-Instruct,"{""choice"": ""100""}"
IMG_123.jpg,st_a,V4_estimate,1048576,1,1,115,85,1,1,1,0,0,0,Qwen3-VL-32B-Instruct,"{""count"": 85}"
IMG_123.jpg,st_a,range,1048576,1,1,115,80,1,1,1,0,0,0,Qwen3-VL-32B-Instruct,"{""low"": 80, ""high"": 100}"
IMG_124.jpg,st_a,neutral0,1048576,1,1,226,0,1,1,1,1,0,0,Qwen3-VL-32B-Instruct,"{""count"": 0}"
IMG_123.jpg,st_a,V5_region,1048576,1,1,115,100,1,1,1,0,0,0,Qwen3-VL-32B-Instruct,"{""count"": 100}"
IMG_124.jpg,st_a,V2_number,1048576,1,1,226,100,1,1,1,0,0,0,Qwen3-VL-32B-Instruct,100
IMG_124.jpg,st_a,forbid0,1048576,1,1,226,200,1,1,1,0,0,0,Qwen3-VL-32B-Instruct,"{""count"": 200}"
IMG_124.jpg,st_a,base,1048576,1,1,226,100,1,1,1,0,0,0,Qwen3-VL-32B-Instruct,"{""count"": 100}"
IMG_124.jpg,st_a,choice,1048576,1,1,226,500,1,1,1,0,0,0,Qwen3-VL-32B-Instruct,"{""choice"": ""500""}"
IMG_124.jpg,st_a,forbid0n,1048576,1,1,226,250,1,1,1,0,0,0,Qwen3-VL-32B-Instruct,"{""count"": 250}"
IMG_124.jpg,st_a,V3_locate,1048576,1,1,226,0,1,1,1,1,0,0,Qwen3-VL-32B-Instruct,"{""count"": 0}"
IMG_124.jpg,st_a,choicen,1048576,1,1,226,1000,1,1,1,0,0,0,Qwen3-VL-32B-Instruct,"{""choice"": ""1000""}"
IMG_124.jpg,st_a,V1_json,1048576,1,1,226,100,1,1,1,0,0,0,Qwen3-VL-32B-Instruct,"{""count"": 100}"
IMG_124.jpg,st_a,V4_estimate,1048576,1,1,226,300,1,1,1,0,0,0,Qwen3-VL-32B-Instruct,"{""count"": 300}"
IMG_124.jpg,st_a,V5_region,1048576,1,1,226,200,1,1,1,0,0,0,Qwen3-VL-32B-Instruct,"{""count"": 200}"
IMG_125.jpg,st_a,forbid0,1048576,1,1,269,300,1,1,1,0,0,0,Qwen3-VL-32B-Instruct,"{""count"": 300}"
IMG_125.jpg,st_a,base,1048576,1,1,269,300,1,1,1,0,0,0,Qwen3-VL-32B-Instruct,"{""count"": 300}"
IMG_125.jpg,st_a,V2_number,1048576,1,1,269,1000,1,1,1,0,0,0,Qwen3-VL-32B-Instruct,1000
IMG_124.jpg,st_a,range,1048576,1,1,226,200,1,1,1,0,0,0,Qwen3-VL-32B-Instruct,"{""low"": 200, ""high"": 300}"
IMG_125.jpg,st_a,neutral0,1048576,1,1,269,0,1,1,1,1,0,0,Qwen3-VL-32B-Instruct,"{""count"": 0}"
IMG_125.jpg,st_a,choice,1048576,1,1,269,1000,1,1,1,0,0,0,Qwen3-VL-32B-Instruct,"{""choice"": ""1000""}"
IMG_125.jpg,st_a,forbid0n,1048576,1,1,269,500,1,1,1,0,0,0,Qwen3-VL-32B-Instruct,"{""count"": 500}"
IMG_125.jpg,st_a,V1_json,1048576,1,1,269,300,1,1,1,0,0,0,Qwen3-VL-32B-Instruct,"{""count"": 300}"
IMG_125.jpg,st_a,V3_locate,1048576,1,1,269,0,1,1,1,1,0,0,Qwen3-VL-32B-Instruct,"{""count"": 0}"
IMG_125.jpg,st_a,choicen,1048576,1,1,269,1000,1,1,1,0,0,0,Qwen3-VL-32B-Instruct,"{""choice"": ""1000""}"
IMG_125.jpg,st_a,V4_estimate,1048576,1,1,269,500,1,1,1,0,0,0,Qwen3-VL-32B-Instruct,"{""count"": 500}"
IMG_125.jpg,st_a,V5_region,1048576,1,1,269,1000,1,1,1,0,0,0,Qwen3-VL-32B-Instruct,"{""count"": 1000}"
IMG_126.jpg,st_a,base,1048576,1,1,440,300,1,1,1,0,0,0,Qwen3-VL-32B-Instruct,"{""count"": 300}"
IMG_126.jpg,st_a,neutral0,1048576,1,1,440,0,1,1,1,1,0,0,Qwen3-VL-32B-Instruct,"{""count"": 0}"
IMG_125.jpg,st_a,range,1048576,1,1,269,500,1,1,1,0,0,0,Qwen3-VL-32B-Instruct,"{""low"": 500, ""high"": 700}"
IMG_126.jpg,st_a,forbid0,1048576,1,1,440,500,1,1,1,0,0,0,Qwen3-VL-32B-Instruct,"{""count"": 500}"
IMG_126.jpg,st_a,forbid0n,1048576,1,1,440,500,1,1,1,0,0,0,Qwen3-VL-32B-Instruct,"{""count"": 500}"
IMG_126.jpg,st_a,choice,1048576,1,1,440,1000,1,1,1,0,0,0,Qwen3-VL-32B-Instruct,"{""choice"": ""1000""}"
IMG_126.jpg,st_a,V2_number,1048576,1,1,440,1000,1,1,1,0,0,0,Qwen3-VL-32B-Instruct,1000
IMG_126.jpg,st_a,V1_json,1048576,1,1,440,200,1,1,1,0,0,0,Qwen3-VL-32B-Instruct,"{""count"": 200}"
IMG_126.jpg,st_a,choicen,1048576,1,1,440,1000,1,1,1,0,0,0,Qwen3-VL-32B-Instruct,"{""choice"": ""1000""}"
IMG_126.jpg,st_a,V3_locate,1048576,1,1,440,0,1,1,1,1,0,0,Qwen3-VL-32B-Instruct,"{""count"": 0}"
IMG_126.jpg,st_a,V4_estimate,1048576,1,1,440,500,1,1,1,0,0,0,Qwen3-VL-32B-Instruct,"{""count"": 500}"
IMG_127.jpg,st_a,base,1048576,1,1,986,0,1,1,1,1,0,0,Qwen3-VL-32B-Instruct,"{""count"": 0}"
IMG_126.jpg,st_a,V5_region,1048576,1,1,440,1000,1,1,1,0,0,0,Qwen3-VL-32B-Instruct,"{""count"": 1000}"
IMG_126.jpg,st_a,range,1048576,1,1,440,500,1,1,1,0,0,0,Qwen3-VL-32B-Instruct,"{""low"": 500, ""high"": 800}"
IMG_127.jpg,st_a,V2_number,1048576,1,1,986,999,1,1,1,0,0,0,Qwen3-VL-32B-Instruct,999
IMG_127.jpg,st_a,neutral0,1048576,1,1,986,0,1,1,1,1,0,0,Qwen3-VL-32B-Instruct,"{""count"": 0}"
IMG_127.jpg,st_a,forbid0,1048576,1,1,986,1000,1,1,1,0,0,0,Qwen3-VL-32B-Instruct,"{""count"": 1000}"
IMG_127.jpg,st_a,V3_locate,1048576,1,1,986,0,1,1,1,1,0,0,Qwen3-VL-32B-Instruct,"{""count"": 0}"
IMG_127.jpg,st_a,choice,1048576,1,1,986,1000,1,1,1,0,0,0,Qwen3-VL-32B-Instruct,"{""choice"": ""1000""}"
IMG_127.jpg,st_a,V1_json,1048576,1,1,986,0,1,1,1,1,0,0,Qwen3-VL-32B-Instruct,"{""count"": 0}"
IMG_127.jpg,st_a,forbid0n,1048576,1,1,986,10000,1,1,1,0,0,0,Qwen3-VL-32B-Instruct,"{""count"": 10000}"
IMG_128.jpg,st_a,base,1048576,1,1,419,0,1,1,1,1,0,0,Qwen3-VL-32B-Instruct,"{""count"": 0}"
IMG_127.jpg,st_a,choicen,1048576,1,1,986,10000,1,1,1,0,0,0,Qwen3-VL-32B-Instruct,"{""choice"": ""10000""}"
IMG_127.jpg,st_a,V4_estimate,1048576,1,1,986,5000,1,1,1,0,0,0,Qwen3-VL-32B-Instruct,"{""count"": 5000}"
IMG_127.jpg,st_a,V5_region,1048576,1,1,986,5000,1,1,1,0,0,0,Qwen3-VL-32B-Instruct,"{""count"": 5000}"
IMG_128.jpg,st_a,neutral0,1048576,1,1,419,0,1,1,1,1,0,0,Qwen3-VL-32B-Instruct,"{""count"": 0}"
IMG_128.jpg,st_a,forbid0,1048576,1,1,419,1000,1,1,1,0,0,0,Qwen3-VL-32B-Instruct,"{""count"": 1000}"
IMG_128.jpg,st_a,V1_json,1048576,1,1,419,0,1,1,1,1,0,0,Qwen3-VL-32B-Instruct,"{""count"": 0}"
IMG_128.jpg,st_a,V2_number,1048576,1,1,419,1000,1,1,1,0,0,0,Qwen3-VL-32B-Instruct,1000
IMG_128.jpg,st_a,choice,1048576,1,1,419,1000,1,1,1,0,0,0,Qwen3-VL-32B-Instruct,"{""choice"": ""1000""}"
IMG_128.jpg,st_a,V3_locate,1048576,1,1,419,0,1,1,1,1,0,0,Qwen3-VL-32B-Instruct,"{""count"": 0}"
IMG_128.jpg,st_a,choicen,1048576,1,1,419,5000,1,1,1,0,0,0,Qwen3-VL-32B-Instruct,"{""choice"": ""5000""}"
IMG_128.jpg,st_a,forbid0n,1048576,1,1,419,1000,1,1,1,0,0,0,Qwen3-VL-32B-Instruct,"{""count"": 1000}"
IMG_127.jpg,st_a,range,1048576,1,1,986,5000,1,1,1,0,0,0,Qwen3-VL-32B-Instruct,"{""low"": 5000, ""high"": 10000}"
IMG_129.jpg,st_a,base,1048576,1,1,298,0,1,1,1,1,0,0,Qwen3-VL-32B-Instruct,"{""count"": 0}"
IMG_128.jpg,st_a,V4_estimate,1048576,1,1,419,1500,1,1,1,0,0,0,Qwen3-VL-32B-Instruct,"{""count"": 1500}"
IMG_129.jpg,st_a,forbid0,1048576,1,1,298,500,1,1,1,0,0,0,Qwen3-VL-32B-Instruct,"{""count"": 500}"
IMG_128.jpg,st_a,V5_region,1048576,1,1,419,1500,1,1,1,0,0,0,Qwen3-VL-32B-Instruct,"{""count"": 1500}"
IMG_128.jpg,st_a,range,1048576,1,1,419,1000,1,1,1,0,0,0,Qwen3-VL-32B-Instruct,"{""low"": 1000, ""high"": 1500}"
IMG_129.jpg,st_a,V2_number,1048576,1,1,298,1000,1,1,1,0,0,0,Qwen3-VL-32B-Instruct,1000
IMG_129.jpg,st_a,neutral0,1048576,1,1,298,0,1,1,1,1,0,0,Qwen3-VL-32B-Instruct,"{""count"": 0}"
IMG_129.jpg,st_a,V1_json,1048576,1,1,298,0,1,1,1,1,0,0,Qwen3-VL-32B-Instruct,"{""count"": 0}"
IMG_129.jpg,st_a,forbid0n,1048576,1,1,298,500,1,1,1,0,0,0,Qwen3-VL-32B-Instruct,"{""count"": 500}"
IMG_129.jpg,st_a,choice,1048576,1,1,298,1000,1,1,1,0,0,0,Qwen3-VL-32B-Instruct,"{""choice"": ""1000""}"
IMG_13.jpg,st_a,base,1048576,1,1,584,0,1,1,1,1,0,0,Qwen3-VL-32B-Instruct,"{""count"": 0}"
IMG_129.jpg,st_a,V3_locate,1048576,1,1,298,0,1,1,1,1,0,0,Qwen3-VL-32B-Instruct,"{""count"": 0}"
IMG_129.jpg,st_a,choicen,1048576,1,1,298,1000,1,1,1,0,0,0,Qwen3-VL-32B-Instruct,"{""choice"": ""1000""}"
IMG_129.jpg,st_a,V5_region,1048576,1,1,298,500,1,1,1,0,0,0,Qwen3-VL-32B-Instruct,"{""count"": 500}"
IMG_129.jpg,st_a,V4_estimate,1048576,1,1,298,500,1,1,1,0,0,0,Qwen3-VL-32B-Instruct,"{""count"": 500}"
IMG_13.jpg,st_a,neutral0,1048576,1,1,584,0,1,1,1,1,0,0,Qwen3-VL-32B-Instruct,"{""count"": 0}"
IMG_13.jpg,st_a,V2_number,1048576,1,1,584,1000,1,1,1,0,0,0,Qwen3-VL-32B-Instruct,1000
IMG_13.jpg,st_a,forbid0,1048576,1,1,584,1000,1,1,1,0,0,0,Qwen3-VL-32B-Instruct,"{""count"": 1000}"
IMG_129.jpg,st_a,range,1048576,1,1,298,500,1,1,1,0,0,0,Qwen3-VL-32B-Instruct,"{""low"": 500, ""high"": 1000}"
IMG_13.jpg,st_a,V1_json,1048576,1,1,584,0,1,1,1,1,0,0,Qwen3-VL-32B-Instruct,"{""count"": 0}"
IMG_13.jpg,st_a,choice,1048576,1,1,584,1000,1,1,1,0,0,0,Qwen3-VL-32B-Instruct,"{""choice"": ""1000""}"
IMG_13.jpg,st_a,V3_locate,1048576,1,1,584,0,1,1,1,1,0,0,Qwen3-VL-32B-Instruct,"{""count"": 0}"
IMG_13.jpg,st_a,choicen,1048576,1,1,584,5000,1,1,1,0,0,0,Qwen3-VL-32B-Instruct,"{""choice"": ""5000""}"
IMG_13.jpg,st_a,forbid0n,1048576,1,1,584,1500,1,1,1,0,0,0,Qwen3-VL-32B-Instruct,"{""count"": 1500}"
IMG_13.jpg,st_a,V4_estimate,1048576,1,1,584,2500,1,1,1,0,0,0,Qwen3-VL-32B-Instruct,"{""count"": 2500}"
IMG_130.jpg,st_a,base,1048576,1,1,921,1000,1,1,1,0,0,0,Qwen3-VL-32B-Instruct,"{""count"": 1000}"
IMG_130.jpg,st_a,neutral0,1048576,1,1,921,0,1,1,1,1,0,0,Qwen3-VL-32B-Instruct,"{""count"": 0}"
IMG_13.jpg,st_a,V5_region,1048576,1,1,584,2500,1,1,1,0,0,0,Qwen3-VL-32B-Instruct,"{""count"": 2500}"
IMG_130.jpg,st_a,V2_number,1048576,1,1,921,1000,1,1,1,0,0,0,Qwen3-VL-32B-Instruct,1000
IMG_130.jpg,st_a,forbid0,1048576,1,1,921,1000,1,1,1,0,0,0,Qwen3-VL-32B-Instruct,"{""count"": 1000}"
IMG_13.jpg,st_a,range,1048576,1,1,584,1500,1,1,1,0,0,0,Qwen3-VL-32B-Instruct,"{""low"": 1500, ""high"": 2500}"
IMG_130.jpg,st_a,V1_json,1048576,1,1,921,0,1,1,1,1,0,0,Qwen3-VL-32B-Instruct,"{""count"": 0}"
IMG_130.jpg,st_a,choice,1048576,1,1,921,1000,1,1,1,0,0,0,Qwen3-VL-32B-Instruct,"{""choice"": ""1000""}"
IMG_130.jpg,st_a,forbid0n,1048576,1,1,921,1500,1,1,1,0,0,0,Qwen3-VL-32B-Instruct,"{""count"": 1500}"
IMG_130.jpg,st_a,choicen,1048576,1,1,921,5000,1,1,1,0,0,0,Qwen3-VL-32B-Instruct,"{""choice"": ""5000""}"
IMG_130.jpg,st_a,V3_locate,1048576,1,1,921,0,1,1,1,1,0,0,Qwen3-VL-32B-Instruct,"{""count"": 0}"
IMG_130.jpg,st_a,V4_estimate,1048576,1,1,921,2500,1,1,1,0,0,0,Qwen3-VL-32B-Instruct,"{""count"": 2500}"
IMG_130.jpg,st_a,V5_region,1048576,1,1,921,1500,1,1,1,0,0,0,Qwen3-VL-32B-Instruct,"{""count"": 1500}"
IMG_131.jpg,st_a,base,1048576,1,1,604,300,1,1,1,0,0,0,Qwen3-VL-32B-Instruct,"{""count"": 300}"
IMG_131.jpg,st_a,forbid0,1048576,1,1,604,500,1,1,1,0,0,0,Qwen3-VL-32B-Instruct,"{""count"": 500}"
IMG_131.jpg,st_a,V2_number,1048576,1,1,604,1000,1,1,1,0,0,0,Qwen3-VL-32B-Instruct,1000
IMG_130.jpg,st_a,range,1048576,1,1,921,2000,1,1,1,0,0,0,Qwen3-VL-32B-Instruct,"{""low"": 2000, ""high"": 3000}"
IMG_131.jpg,st_a,neutral0,1048576,1,1,604,0,1,1,1,1,0,0,Qwen3-VL-32B-Instruct,"{""count"": 0}"
IMG_131.jpg,st_a,V3_locate,1048576,1,1,604,0,1,1,1,1,0,0,Qwen3-VL-32B-Instruct,"{""count"": 0}"
IMG_131.jpg,st_a,choice,1048576,1,1,604,500,1,1,1,0,0,0,Qwen3-VL-32B-Instruct,"{""choice"": 500}"
IMG_131.jpg,st_a,forbid0n,1048576,1,1,604,500,1,1,1,0,0,0,Qwen3-VL-32B-Instruct,"{""count"": 500}"
IMG_132.jpg,st_a,base,1048576,1,1,375,0,1,1,1,1,0,0,Qwen3-VL-32B-Instruct,"{""count"": 0}"
IMG_131.jpg,st_a,choicen,1048576,1,1,604,1000,1,1,1,0,0,0,Qwen3-VL-32B-Instruct,"{""choice"": ""1000""}"
IMG_131.jpg,st_a,V1_json,1048576,1,1,604,300,1,1,1,0,0,0,Qwen3-VL-32B-Instruct,"{""count"": 300}"
IMG_131.jpg,st_a,V4_estimate,1048576,1,1,604,850,1,1,1,0,0,0,Qwen3-VL-32B-Instruct,"{""count"": 850}"
IMG_131.jpg,st_a,V5_region,1048576,1,1,604,1000,1,1,1,0,0,0,Qwen3-VL-32B-Instruct,"{""count"": 1000}"
IMG_132.jpg,st_a,forbid0,1048576,1,1,375,500,1,1,1,0,0,0,Qwen3-VL-32B-Instruct,"{""count"": 500}"
IMG_132.jpg,st_a,V2_number,1048576,1,1,375,1000,1,1,1,0,0,0,Qwen3-VL-32B-Instruct,1000
IMG_132.jpg,st_a,neutral0,1048576,1,1,375,0,1,1,1,1,0,0,Qwen3-VL-32B-Instruct,"{""count"": 0}"
IMG_132.jpg,st_a,V1_json,1048576,1,1,375,0,1,1,1,1,0,0,Qwen3-VL-32B-Instruct,"{""count"": 0}"
IMG_132.jpg,st_a,choice,1048576,1,1,375,500,1,1,1,0,0,0,Qwen3-VL-32B-Instruct,"{""choice"": ""500""}"
IMG_132.jpg,st_a,forbid0n,1048576,1,1,375,500,1,1,1,0,0,0,Qwen3-VL-32B-Instruct,"{""count"": 500}"
IMG_131.jpg,st_a,range,1048576,1,1,604,800,1,1,1,0,0,0,Qwen3-VL-32B-Instruct,"{""low"": 800, ""high"": 1000}"
IMG_132.jpg,st_a,V3_locate,1048576,1,1,375,0,1,1,1,1,0,0,Qwen3-VL-32B-Instruct,"{""count"": 0}"
IMG_132.jpg,st_a,choicen,1048576,1,1,375,1000,1,1,1,0,0,0,Qwen3-VL-32B-Instruct,"{""choice"": ""1000""}"
IMG_132.jpg,st_a,V5_region,1048576,1,1,375,800,1,1,1,0,0,0,Qwen3-VL-32B-Instruct,"{""count"": 800}"
IMG_132.jpg,st_a,V4_estimate,1048576,1,1,375,800,1,1,1,0,0,0,Qwen3-VL-32B-Instruct,"{""count"": 800}"
IMG_133.jpg,st_a,base,1048576,1,1,135,100,1,1,1,0,0,0,Qwen3-VL-32B-Instruct,"{""count"": 100}"
IMG_133.jpg,st_a,forbid0,1048576,1,1,135,100,1,1,1,0,0,0,Qwen3-VL-32B-Instruct,"{""count"": 100}"
IMG_133.jpg,st_a,V2_number,1048576,1,1,135,100,1,1,1,0,0,0,Qwen3-VL-32B-Instruct,100
IMG_133.jpg,st_a,choice,1048576,1,1,135,500,1,1,1,0,0,0,Qwen3-VL-32B-Instruct,"{""choice"": ""500""}"
IMG_133.jpg,st_a,neutral0,1048576,1,1,135,0,1,1,1,1,0,0,Qwen3-VL-32B-Instruct,"{""count"": 0}"
IMG_132.jpg,st_a,range,1048576,1,1,375,500,1,1,1,0,0,0,Qwen3-VL-32B-Instruct,"{""low"": 500, ""high"": 800}"
IMG_133.jpg,st_a,forbid0n,1048576,1,1,135,120,1,1,1,0,0,0,Qwen3-VL-32B-Instruct,"{""count"": 120}"
IMG_133.jpg,st_a,choicen,1048576,1,1,135,1000,1,1,1,0,0,0,Qwen3-VL-32B-Instruct,"{""choice"": ""1000""}"
IMG_133.jpg,st_a,V1_json,1048576,1,1,135,100,1,1,1,0,0,0,Qwen3-VL-32B-Instruct,"{""count"": 100}"
IMG_133.jpg,st_a,V3_locate,1048576,1,1,135,100,1,1,1,0,0,0,Qwen3-VL-32B-Instruct,"{""count"": 100}"
IMG_133.jpg,st_a,V5_region,1048576,1,1,135,200,1,1,1,0,0,0,Qwen3-VL-32B-Instruct,"{""count"": 200}"
IMG_133.jpg,st_a,V4_estimate,1048576,1,1,135,200,1,1,1,0,0,0,Qwen3-VL-32B-Instruct,"{""count"": 200}"
IMG_133.jpg,st_a,range,1048576,1,1,135,200,1,1,1,0,0,0,Qwen3-VL-32B-Instruct,"{""low"": 200, ""high"": 300}"
IMG_134.jpg,st_a,neutral0,1048576,1,1,165,0,1,1,1,1,0,0,Qwen3-VL-32B-Instruct,"{""count"": 0}"
IMG_134.jpg,st_a,V2_number,1048576,1,1,165,150,1,1,1,0,0,0,Qwen3-VL-32B-Instruct,150
IMG_134.jpg,st_a,forbid0,1048576,1,1,165,150,1,1,1,0,0,0,Qwen3-VL-32B-Instruct,"{""count"": 150}"
IMG_134.jpg,st_a,base,1048576,1,1,165,150,1,1,1,0,0,0,Qwen3-VL-32B-Instruct,"{""count"": 150}"
IMG_134.jpg,st_a,choice,1048576,1,1,165,100,1,1,1,0,0,0,Qwen3-VL-32B-Instruct,"{""choice"": ""100""}"
IMG_134.jpg,st_a,forbid0n,1048576,1,1,165,158,1,1,1,0,0,0,Qwen3-VL-32B-Instruct,"{""count"": 158}"
IMG_134.jpg,st_a,choicen,1048576,1,1,165,200,1,1,1,0,0,0,Qwen3-VL-32B-Instruct,"{""choice"": ""200""}"
IMG_134.jpg,st_a,V1_json,1048576,1,1,165,150,1,1,1,0,0,0,Qwen3-VL-32B-Instruct,"{""count"": 150}"
IMG_135.jpg,st_a,V2_number,1048576,1,1,72,45,1,1,1,0,0,0,Qwen3-VL-32B-Instruct,45
IMG_134.jpg,st_a,V3_locate,1048576,1,1,165,150,1,1,1,0,0,0,Qwen3-VL-32B-Instruct,"{""count"": 150}"
IMG_135.jpg,st_a,base,1048576,1,1,72,45,1,1,1,0,0,0,Qwen3-VL-32B-Instruct,"{""count"": 45}"
IMG_134.jpg,st_a,V4_estimate,1048576,1,1,165,200,1,1,1,0,0,0,Qwen3-VL-32B-Instruct,"{""count"": 200}"
IMG_135.jpg,st_a,forbid0,1048576,1,1,72,50,1,1,1,0,0,0,Qwen3-VL-32B-Instruct,"{""count"": 50}"
IMG_135.jpg,st_a,neutral0,1048576,1,1,72,0,1,1,1,1,0,0,Qwen3-VL-32B-Instruct,"{""count"": 0}"
IMG_134.jpg,st_a,range,1048576,1,1,165,200,1,1,1,0,0,0,Qwen3-VL-32B-Instruct,"{""low"": 200, ""high"": 250}"
IMG_134.jpg,st_a,V5_region,1048576,1,1,165,250,1,1,1,0,0,0,Qwen3-VL-32B-Instruct,"{""count"": 250}"
IMG_135.jpg,st_a,forbid0n,1048576,1,1,72,50,1,1,1,0,0,0,Qwen3-VL-32B-Instruct,"{""count"": 50}"
IMG_135.jpg,st_a,choice,1048576,1,1,72,100,1,1,1,0,0,0,Qwen3-VL-32B-Instruct,"{""choice"": 100}"
IMG_135.jpg,st_a,V1_json,1048576,1,1,72,45,1,1,1,0,0,0,Qwen3-VL-32B-Instruct,"{""count"": 45}"
IMG_135.jpg,st_a,choicen,1048576,1,1,72,200,1,1,1,0,0,0,Qwen3-VL-32B-Instruct,"{""choice"": ""200""}"
IMG_135.jpg,st_a,V3_locate,1048576,1,1,72,30,1,1,1,0,0,0,Qwen3-VL-32B-Instruct,"{""count"": 30}"
IMG_135.jpg,st_a,V4_estimate,1048576,1,1,72,50,1,1,1,0,0,0,Qwen3-VL-32B-Instruct,"{""count"": 50}"
IMG_136.jpg,st_a,V2_number,1048576,1,1,102,50,1,1,1,0,0,0,Qwen3-VL-32B-Instruct,50
IMG_135.jpg,st_a,range,1048576,1,1,72,50,1,1,1,0,0,0,Qwen3-VL-32B-Instruct,"{""low"": 50, ""high"": 80}"
IMG_135.jpg,st_a,V5_region,1048576,1,1,72,100,1,1,1,0,0,0,Qwen3-VL-32B-Instruct,"{""count"": 100}"
IMG_136.jpg,st_a,base,1048576,1,1,102,50,1,1,1,0,0,0,Qwen3-VL-32B-Instruct,"{""count"": 50}"
IMG_136.jpg,st_a,forbid0,1048576,1,1,102,78,1,1,1,0,0,0,Qwen3-VL-32B-Instruct,"{""count"": 78}"
IMG_136.jpg,st_a,neutral0,1048576,1,1,102,0,1,1,1,1,0,0,Qwen3-VL-32B-Instruct,"{""count"": 0}"
IMG_136.jpg,st_a,choice,1048576,1,1,102,100,1,1,1,0,0,0,Qwen3-VL-32B-Instruct,"{""choice"": 100}"
IMG_136.jpg,st_a,forbid0n,1048576,1,1,102,78,1,1,1,0,0,0,Qwen3-VL-32B-Instruct,"{""count"": 78}"
IMG_136.jpg,st_a,V1_json,1048576,1,1,102,50,1,1,1,0,0,0,Qwen3-VL-32B-Instruct,"{""count"": 50}"
IMG_136.jpg,st_a,choicen,1048576,1,1,102,200,1,1,1,0,0,0,Qwen3-VL-32B-Instruct,"{""choice"": ""200""}"
IMG_136.jpg,st_a,V4_estimate,1048576,1,1,102,120,1,1,1,0,0,0,Qwen3-VL-32B-Instruct,"{""count"": 120}"
IMG_136.jpg,st_a,V3_locate,1048576,1,1,102,100,1,1,1,0,0,0,Qwen3-VL-32B-Instruct,"{""count"": 100}"
IMG_137.jpg,st_a,base,1048576,1,1,489,0,1,1,1,1,0,0,Qwen3-VL-32B-Instruct,"{""count"": 0}"
IMG_136.jpg,st_a,V5_region,1048576,1,1,102,150,1,1,1,0,0,0,Qwen3-VL-32B-Instruct,"{""count"": 150}"
IMG_137.jpg,st_a,neutral0,1048576,1,1,489,0,1,1,1,1,0,0,Qwen3-VL-32B-Instruct,"{""count"": 0}"
IMG_137.jpg,st_a,forbid0,1048576,1,1,489,1000,1,1,1,0,0,0,Qwen3-VL-32B-Instruct,"{""count"": 1000}"
IMG_137.jpg,st_a,V2_number,1048576,1,1,489,1000,1,1,1,0,0,0,Qwen3-VL-32B-Instruct,1000
IMG_137.jpg,st_a,V1_json,1048576,1,1,489,0,1,1,1,1,0,0,Qwen3-VL-32B-Instruct,"{""count"": 0}"
IMG_136.jpg,st_a,range,1048576,1,1,102,100,1,1,1,0,0,0,Qwen3-VL-32B-Instruct,"{""low"": 100, ""high"": 150}"
IMG_137.jpg,st_a,choice,1048576,1,1,489,1000,1,1,1,0,0,0,Qwen3-VL-32B-Instruct,"{""choice"": ""1000""}"
IMG_137.jpg,st_a,V3_locate,1048576,1,1,489,0,1,1,1,1,0,0,Qwen3-VL-32B-Instruct,"{""count"": 0}"
IMG_137.jpg,st_a,forbid0n,1048576,1,1,489,1000,1,1,1,0,0,0,Qwen3-VL-32B-Instruct,"{""count"": 1000}"
IMG_137.jpg,st_a,choicen,1048576,1,1,489,10000,1,1,1,0,0,0,Qwen3-VL-32B-Instruct,"{""choice"": ""10000""}"
IMG_137.jpg,st_a,V4_estimate,1048576,1,1,489,2500,1,1,1,0,0,0,Qwen3-VL-32B-Instruct,"{""count"": 2500}"
IMG_137.jpg,st_a,V5_region,1048576,1,1,489,1500,1,1,1,0,0,0,Qwen3-VL-32B-Instruct,"{""count"": 1500}"
IMG_138.jpg,st_a,base,1048576,1,1,292,300,1,1,1,0,0,0,Qwen3-VL-32B-Instruct,"{""count"": 300}"
IMG_138.jpg,st_a,forbid0,1048576,1,1,292,250,1,1,1,0,0,0,Qwen3-VL-32B-Instruct,"{""count"": 250}"
IMG_138.jpg,st_a,choice,1048576,1,1,292,500,1,1,1,0,0,0,Qwen3-VL-32B-Instruct,"{""choice"": ""500""}"
IMG_138.jpg,st_a,neutral0,1048576,1,1,292,0,1,1,1,1,0,0,Qwen3-VL-32B-Instruct,"{""count"": 0}"
IMG_138.jpg,st_a,V2_number,1048576,1,1,292,1000,1,1,1,0,0,0,Qwen3-VL-32B-Instruct,1000
IMG_137.jpg,st_a,range,1048576,1,1,489,1000,1,1,1,0,0,0,Qwen3-VL-32B-Instruct,"{""low"": 1000, ""high"": 2000}"
IMG_138.jpg,st_a,V3_locate,1048576,1,1,292,0,1,1,1,1,0,0,Qwen3-VL-32B-Instruct,"{""count"": 0}"
IMG_138.jpg,st_a,forbid0n,1048576,1,1,292,300,1,1,1,0,0,0,Qwen3-VL-32B-Instruct,"{""count"": 300}"
IMG_138.jpg,st_a,V1_json,1048576,1,1,292,300,1,1,1,0,0,0,Qwen3-VL-32B-Instruct,"{""count"": 300}"
IMG_138.jpg,st_a,choicen,1048576,1,1,292,5000,1,1,1,0,0,0,Qwen3-VL-32B-Instruct,"{""choice"": ""5000""}"
IMG_138.jpg,st_a,V4_estimate,1048576,1,1,292,500,1,1,1,0,0,0,Qwen3-VL-32B-Instruct,"{""count"": 500}"
IMG_138.jpg,st_a,V5_region,1048576,1,1,292,1000,1,1,1,0,0,0,Qwen3-VL-32B-Instruct,"{""count"": 1000}"
IMG_138.jpg,st_a,range,1048576,1,1,292,500,1,1,1,0,0,0,Qwen3-VL-32B-Instruct,"{""low"": 500, ""high"": 700}"
IMG_139.jpg,st_a,base,1048576,1,1,355,200,1,1,1,0,0,0,Qwen3-VL-32B-Instruct,"{""count"": 200}"
IMG_139.jpg,st_a,forbid0,1048576,1,1,355,250,1,1,1,0,0,0,Qwen3-VL-32B-Instruct,"{""count"": 250}"
IMG_139.jpg,st_a,neutral0,1048576,1,1,355,0,1,1,1,1,0,0,Qwen3-VL-32B-Instruct,"{""count"": 0}"
IMG_139.jpg,st_a,V2_number,1048576,1,1,355,1000,1,1,1,0,0,0,Qwen3-VL-32B-Instruct,1000
IMG_139.jpg,st_a,forbid0n,1048576,1,1,355,500,1,1,1,0,0,0,Qwen3-VL-32B-Instruct,"{""count"": 500}"
IMG_139.jpg,st_a,choice,1048576,1,1,355,1000,1,1,1,0,0,0,Qwen3-VL-32B-Instruct,"{""choice"": 1000}"
IMG_139.jpg,st_a,V1_json,1048576,1,1,355,200,1,1,1,0,0,0,Qwen3-VL-32B-Instruct,"{""count"": 200}"
IMG_139.jpg,st_a,choicen,1048576,1,1,355,5000,1,1,1,0,0,0,Qwen3-VL-32B-Instruct,"{""choice"": ""5000""}"
IMG_139.jpg,st_a,V3_locate,1048576,1,1,355,0,1,1,1,1,0,0,Qwen3-VL-32B-Instruct,"{""count"": 0}"
IMG_139.jpg,st_a,V4_estimate,1048576,1,1,355,1500,1,1,1,0,0,0,Qwen3-VL-32B-Instruct,"{""count"": 1500}"
IMG_139.jpg,st_a,V5_region,1048576,1,1,355,1500,1,1,1,0,0,0,Qwen3-VL-32B-Instruct,"{""count"": 1500}"
IMG_14.jpg,st_a,base,1048576,1,1,762,1000,1,1,1,0,0,0,Qwen3-VL-32B-Instruct,"{""count"": 1000}"
IMG_14.jpg,st_a,forbid0,1048576,1,1,762,1000,1,1,1,0,0,0,Qwen3-VL-32B-Instruct,"{""count"": 1000}"
IMG_14.jpg,st_a,V2_number,1048576,1,1,762,1000,1,1,1,0,0,0,Qwen3-VL-32B-Instruct,1000
IMG_14.jpg,st_a,neutral0,1048576,1,1,762,0,1,1,1,1,0,0,Qwen3-VL-32B-Instruct,"{""count"": 0}"
IMG_139.jpg,st_a,range,1048576,1,1,355,1000,1,1,1,0,0,0,Qwen3-VL-32B-Instruct,"{""low"": 1000, ""high"": 1500}"
IMG_14.jpg,st_a,choice,1048576,1,1,762,1000,1,1,1,0,0,0,Qwen3-VL-32B-Instruct,"{""choice"": ""1000""}"
IMG_14.jpg,st_a,V3_locate,1048576,1,1,762,0,1,1,1,1,0,0,Qwen3-VL-32B-Instruct,"{""count"": 0}"
IMG_14.jpg,st_a,choicen,1048576,1,1,762,1000,1,1,1,0,0,0,Qwen3-VL-32B-Instruct,"{""choice"": ""1000""}"
IMG_14.jpg,st_a,forbid0n,1048576,1,1,762,1000,1,1,1,0,0,0,Qwen3-VL-32B-Instruct,"{""count"": 1000}"
IMG_14.jpg,st_a,V1_json,1048576,1,1,762,1000,1,1,1,0,0,0,Qwen3-VL-32B-Instruct,"{""count"": 1000}"
IMG_14.jpg,st_a,V4_estimate,1048576,1,1,762,1500,1,1,1,0,0,0,Qwen3-VL-32B-Instruct,"{""count"": 1500}"
IMG_140.jpg,st_a,base,1048576,1,1,93,50,1,1,1,0,0,0,Qwen3-VL-32B-Instruct,"{""count"": 50}"
IMG_140.jpg,st_a,V2_number,1048576,1,1,93,50,1,1,1,0,0,0,Qwen3-VL-32B-Instruct,50
IMG_140.jpg,st_a,forbid0,1048576,1,1,93,58,1,1,1,0,0,0,Qwen3-VL-32B-Instruct,"{""count"": 58}"
IMG_14.jpg,st_a,V5_region,1048576,1,1,762,1200,1,1,1,0,0,0,Qwen3-VL-32B-Instruct,"{""count"": 1200}"
IMG_140.jpg,st_a,choice,1048576,1,1,93,100,1,1,1,0,0,0,Qwen3-VL-32B-Instruct,"{""choice"": ""100""}"
IMG_14.jpg,st_a,range,1048576,1,1,762,1000,1,1,1,0,0,0,Qwen3-VL-32B-Instruct,"{""low"": 1000, ""high"": 1500}"
IMG_140.jpg,st_a,neutral0,1048576,1,1,93,50,1,1,1,0,0,0,Qwen3-VL-32B-Instruct,"{""count"": 50}"
IMG_140.jpg,st_a,forbid0n,1048576,1,1,93,58,1,1,1,0,0,0,Qwen3-VL-32B-Instruct,"{""count"": 58}"
IMG_140.jpg,st_a,V1_json,1048576,1,1,93,50,1,1,1,0,0,0,Qwen3-VL-32B-Instruct,"{""count"": 50}"
IMG_140.jpg,st_a,V3_locate,1048576,1,1,93,50,1,1,1,0,0,0,Qwen3-VL-32B-Instruct,"{""count"": 50}"
IMG_140.jpg,st_a,choicen,1048576,1,1,93,100,1,1,1,0,0,0,Qwen3-VL-32B-Instruct,"{""choice"": ""100""}"
IMG_141.jpg,st_a,base,1048576,1,1,475,0,1,1,1,1,0,0,Qwen3-VL-32B-Instruct,"{""count"": 0}"
IMG_140.jpg,st_a,V4_estimate,1048576,1,1,93,75,1,1,1,0,0,0,Qwen3-VL-32B-Instruct,"{""count"": 75}"
IMG_140.jpg,st_a,V5_region,1048576,1,1,93,100,1,1,1,0,0,0,Qwen3-VL-32B-Instruct,"{""count"": 100}"
IMG_140.jpg,st_a,range,1048576,1,1,93,70,1,1,1,0,0,0,Qwen3-VL-32B-Instruct,"{""low"": 70, ""high"": 90}"
IMG_141.jpg,st_a,neutral0,1048576,1,1,475,0,1,1,1,1,0,0,Qwen3-VL-32B-Instruct,"{""count"": 0}"
IMG_141.jpg,st_a,forbid0,1048576,1,1,475,500,1,1,1,0,0,0,Qwen3-VL-32B-Instruct,"{""count"": 500}"
IMG_141.jpg,st_a,V2_number,1048576,1,1,475,999,1,1,1,0,0,0,Qwen3-VL-32B-Instruct,999
IMG_141.jpg,st_a,forbid0n,1048576,1,1,475,1000,1,1,1,0,0,0,Qwen3-VL-32B-Instruct,"{""count"": 1000}"
IMG_141.jpg,st_a,choice,1048576,1,1,475,1000,1,1,1,0,0,0,Qwen3-VL-32B-Instruct,"{""choice"": 1000}"
IMG_141.jpg,st_a,V1_json,1048576,1,1,475,0,1,1,1,1,0,0,Qwen3-VL-32B-Instruct,"{""count"": 0}"
IMG_141.jpg,st_a,V3_locate,1048576,1,1,475,0,1,1,1,1,0,0,Qwen3-VL-32B-Instruct,"{""count"": 0}"
IMG_141.jpg,st_a,choicen,1048576,1,1,475,10000,1,1,1,0,0,0,Qwen3-VL-32B-Instruct,"{""choice"": ""10000""}"
IMG_142.jpg,st_a,base,1048576,1,1,211,200,1,1,1,0,0,0,Qwen3-VL-32B-Instruct,"{""count"": 200}"
IMG_141.jpg,st_a,V4_estimate,1048576,1,1,475,2000,1,1,1,0,0,0,Qwen3-VL-32B-Instruct,"{""count"": 2000}"
IMG_141.jpg,st_a,V5_region,1048576,1,1,475,1500,1,1,1,0,0,0,Qwen3-VL-32B-Instruct,"{""count"": 1500}"
IMG_142.jpg,st_a,forbid0,1048576,1,1,211,200,1,1,1,0,0,0,Qwen3-VL-32B-Instruct,"{""count"": 200}"
IMG_142.jpg,st_a,neutral0,1048576,1,1,211,0,1,1,1,1,0,0,Qwen3-VL-32B-Instruct,"{""count"": 0}"
IMG_142.jpg,st_a,V2_number,1048576,1,1,211,100,1,1,1,0,0,0,Qwen3-VL-32B-Instruct,100
IMG_141.jpg,st_a,range,1048576,1,1,475,1000,1,1,1,0,0,0,Qwen3-VL-32B-Instruct,"{""low"": 1000, ""high"": 2000}"
IMG_142.jpg,st_a,choice,1048576,1,1,211,500,1,1,1,0,0,0,Qwen3-VL-32B-Instruct,"{""choice"": ""500""}"
IMG_142.jpg,st_a,forbid0n,1048576,1,1,211,250,1,1,1,0,0,0,Qwen3-VL-32B-Instruct,"{""count"": 250}"
IMG_142.jpg,st_a,V1_json,1048576,1,1,211,200,1,1,1,0,0,0,Qwen3-VL-32B-Instruct,"{""count"": 200}"
IMG_142.jpg,st_a,V3_locate,1048576,1,1,211,0,1,1,1,1,0,0,Qwen3-VL-32B-Instruct,"{""count"": 0}"
IMG_142.jpg,st_a,choicen,1048576,1,1,211,1000,1,1,1,0,0,0,Qwen3-VL-32B-Instruct,"{""choice"": ""1000""}"
IMG_142.jpg,st_a,V4_estimate,1048576,1,1,211,500,1,1,1,0,0,0,Qwen3-VL-32B-Instruct,"{""count"": 500}"
IMG_143.jpg,st_a,base,1048576,1,1,357,0,1,1,1,1,0,0,Qwen3-VL-32B-Instruct,"{""count"": 0}"
IMG_142.jpg,st_a,V5_region,1048576,1,1,211,500,1,1,1,0,0,0,Qwen3-VL-32B-Instruct,"{""count"": 500}"
IMG_142.jpg,st_a,range,1048576,1,1,211,200,1,1,1,0,0,0,Qwen3-VL-32B-Instruct,"{""low"": 200, ""high"": 300}"
IMG_143.jpg,st_a,neutral0,1048576,1,1,357,0,1,1,1,1,0,0,Qwen3-VL-32B-Instruct,"{""count"": 0}"
IMG_143.jpg,st_a,V2_number,1048576,1,1,357,1000,1,1,1,0,0,0,Qwen3-VL-32B-Instruct,1000
IMG_143.jpg,st_a,forbid0,1048576,1,1,357,300,1,1,1,0,0,0,Qwen3-VL-32B-Instruct,"{""count"": 300}"
IMG_143.jpg,st_a,V1_json,1048576,1,1,357,0,1,1,1,1,0,0,Qwen3-VL-32B-Instruct,"{""count"": 0}"
IMG_143.jpg,st_a,choice,1048576,1,1,357,1000,1,1,1,0,0,0,Qwen3-VL-32B-Instruct,"{""choice"": 1000}"
IMG_143.jpg,st_a,V3_locate,1048576,1,1,357,0,1,1,1,1,0,0,Qwen3-VL-32B-Instruct,"{""count"": 0}"
IMG_143.jpg,st_a,forbid0n,1048576,1,1,357,300,1,1,1,0,0,0,Qwen3-VL-32B-Instruct,"{""count"": 300}"
IMG_143.jpg,st_a,choicen,1048576,1,1,357,1000,1,1,1,0,0,0,Qwen3-VL-32B-Instruct,"{""choice"": ""1000""}"
IMG_143.jpg,st_a,V4_estimate,1048576,1,1,357,500,1,1,1,0,0,0,Qwen3-VL-32B-Instruct,"{""count"": 500}"
IMG_144.jpg,st_a,base,1048576,1,1,262,300,1,1,1,0,0,0,Qwen3-VL-32B-Instruct,"{""count"": 300}"
IMG_143.jpg,st_a,V5_region,1048576,1,1,357,1000,1,1,1,0,0,0,Qwen3-VL-32B-Instruct,"{""count"": 1000}"
IMG_144.jpg,st_a,forbid0,1048576,1,1,262,300,1,1,1,0,0,0,Qwen3-VL-32B-Instruct,"{""count"": 300}"
IMG_144.jpg,st_a,V2_number,1048576,1,1,262,1000,1,1,1,0,0,0,Qwen3-VL-32B-Instruct,1000
IMG_143.jpg,st_a,range,1048576,1,1,357,500,1,1,1,0,0,0,Qwen3-VL-32B-Instruct,"{""low"": 500, ""high"": 700}"
IMG_144.jpg,st_a,neutral0,1048576,1,1,262,0,1,1,1,1,0,0,Qwen3-VL-32B-Instruct,"{""count"": 0}"
IMG_144.jpg,st_a,choice,1048576,1,1,262,500,1,1,1,0,0,0,Qwen3-VL-32B-Instruct,"{""choice"": ""500""}"
IMG_144.jpg,st_a,forbid0n,1048576,1,1,262,500,1,1,1,0,0,0,Qwen3-VL-32B-Instruct,"{""count"": 500}"
IMG_144.jpg,st_a,V1_json,1048576,1,1,262,300,1,1,1,0,0,0,Qwen3-VL-32B-Instruct,"{""count"": 300}"
IMG_144.jpg,st_a,V3_locate,1048576,1,1,262,0,1,1,1,1,0,0,Qwen3-VL-32B-Instruct,"{""count"": 0}"
IMG_144.jpg,st_a,choicen,1048576,1,1,262,1000,1,1,1,0,0,0,Qwen3-VL-32B-Instruct,"{""choice"": ""1000""}"
IMG_144.jpg,st_a,V4_estimate,1048576,1,1,262,500,1,1,1,0,0,0,Qwen3-VL-32B-Instruct,"{""count"": 500}"
IMG_144.jpg,st_a,V5_region,1048576,1,1,262,500,1,1,1,0,0,0,Qwen3-VL-32B-Instruct,"{""count"": 500}"
IMG_145.jpg,st_a,base,1048576,1,1,261,200,1,1,1,0,0,0,Qwen3-VL-32B-Instruct,"{""count"": 200}"
IMG_145.jpg,st_a,forbid0,1048576,1,1,261,250,1,1,1,0,0,0,Qwen3-VL-32B-Instruct,"{""count"": 250}"
IMG_145.jpg,st_a,V2_number,1048576,1,1,261,1000,1,1,1,0,0,0,Qwen3-VL-32B-Instruct,1000
IMG_145.jpg,st_a,neutral0,1048576,1,1,261,0,1,1,1,1,0,0,Qwen3-VL-32B-Instruct,"{""count"": 0}"
IMG_145.jpg,st_a,choice,1048576,1,1,261,500,1,1,1,0,0,0,Qwen3-VL-32B-Instruct,"{""choice"": ""500""}"
IMG_144.jpg,st_a,range,1048576,1,1,262,500,1,1,1,0,0,0,Qwen3-VL-32B-Instruct,"{""low"": 500, ""high"": 700}"
IMG_145.jpg,st_a,V1_json,1048576,1,1,261,200,1,1,1,0,0,0,Qwen3-VL-32B-Instruct,"{""count"": 200}"
IMG_145.jpg,st_a,choicen,1048576,1,1,261,500,1,1,1,0,0,0,Qwen3-VL-32B-Instruct,"{""choice"": ""500""}"
IMG_145.jpg,st_a,forbid0n,1048576,1,1,261,250,1,1,1,0,0,0,Qwen3-VL-32B-Instruct,"{""count"": 250}"
IMG_146.jpg,st_a,base,1048576,1,1,479,0,1,1,1,1,0,0,Qwen3-VL-32B-Instruct,"{""count"": 0}"
IMG_145.jpg,st_a,V3_locate,1048576,1,1,261,200,1,1,1,0,0,0,Qwen3-VL-32B-Instruct,"{""count"": 200}"
IMG_145.jpg,st_a,V5_region,1048576,1,1,261,250,1,1,1,0,0,0,Qwen3-VL-32B-Instruct,"{""count"": 250}"
IMG_145.jpg,st_a,V4_estimate,1048576,1,1,261,300,1,1,1,0,0,0,Qwen3-VL-32B-Instruct,"{""count"": 300}"
IMG_146.jpg,st_a,V2_number,1048576,1,1,479,999,1,1,1,0,0,0,Qwen3-VL-32B-Instruct,999
IMG_146.jpg,st_a,neutral0,1048576,1,1,479,0,1,1,1,1,0,0,Qwen3-VL-32B-Instruct,"{""count"": 0}"
IMG_145.jpg,st_a,range,1048576,1,1,261,200,1,1,1,0,0,0,Qwen3-VL-32B-Instruct,"{""low"": 200, ""high"": 300}"
IMG_146.jpg,st_a,forbid0,1048576,1,1,479,1000,1,1,1,0,0,0,Qwen3-VL-32B-Instruct,"{""count"": 1000}"
IMG_146.jpg,st_a,choice,1048576,1,1,479,1000,1,1,1,0,0,0,Qwen3-VL-32B-Instruct,"{""choice"": ""1000""}"
IMG_146.jpg,st_a,V1_json,1048576,1,1,479,0,1,1,1,1,0,0,Qwen3-VL-32B-Instruct,"{""count"": 0}"
IMG_146.jpg,st_a,V3_locate,1048576,1,1,479,0,1,1,1,1,0,0,Qwen3-VL-32B-Instruct,"{""count"": 0}"
IMG_146.jpg,st_a,forbid0n,1048576,1,1,479,10000,1,1,1,0,0,0,Qwen3-VL-32B-Instruct,"{""count"": 10000}"
IMG_146.jpg,st_a,choicen,1048576,1,1,479,10000,1,1,1,0,0,0,Qwen3-VL-32B-Instruct,"{""choice"": ""10000""}"
IMG_147.jpg,st_a,base,1048576,1,1,587,0,1,1,1,1,0,0,Qwen3-VL-32B-Instruct,"{""count"": 0}"
IMG_146.jpg,st_a,V5_region,1048576,1,1,479,5000,1,1,1,0,0,0,Qwen3-VL-32B-Instruct,"{""count"": 5000}"
IMG_146.jpg,st_a,V4_estimate,1048576,1,1,479,5000,1,1,1,0,0,0,Qwen3-VL-32B-Instruct,"{""count"": 5000}"
IMG_147.jpg,st_a,neutral0,1048576,1,1,587,0,1,1,1,1,0,0,Qwen3-VL-32B-Instruct,"{""count"": 0}"
IMG_147.jpg,st_a,forbid0,1048576,1,1,587,1000,1,1,1,0,0,0,Qwen3-VL-32B-Instruct,"{""count"": 1000}"
IMG_147.jpg,st_a,V2_number,1048576,1,1,587,1000,1,1,1,0,0,0,Qwen3-VL-32B-Instruct,1000
IMG_147.jpg,st_a,choice,1048576,1,1,587,1000,1,1,1,0,0,0,Qwen3-VL-32B-Instruct,"{""choice"": ""1000""}"
IMG_147.jpg,st_a,V1_json,1048576,1,1,587,0,1,1,1,1,0,0,Qwen3-VL-32B-Instruct,"{""count"": 0}"
IMG_147.jpg,st_a,V3_locate,1048576,1,1,587,0,1,1,1,1,0,0,Qwen3-VL-32B-Instruct,"{""count"": 0}"
IMG_146.jpg,st_a,range,1048576,1,1,479,5000,1,1,1,0,0,0,Qwen3-VL-32B-Instruct,"{""low"": 5000, ""high"": 10000}"
IMG_147.jpg,st_a,forbid0n,1048576,1,1,587,1000,1,1,1,0,0,0,Qwen3-VL-32B-Instruct,"{""count"": 1000}"
IMG_147.jpg,st_a,choicen,1048576,1,1,587,10000,1,1,1,0,0,0,Qwen3-VL-32B-Instruct,"{""choice"": ""10000""}"
IMG_148.jpg,st_a,base,1048576,1,1,208,150,1,1,1,0,0,0,Qwen3-VL-32B-Instruct,"{""count"": 150}"
IMG_148.jpg,st_a,forbid0,1048576,1,1,208,150,1,1,1,0,0,0,Qwen3-VL-32B-Instruct,"{""count"": 150}"
IMG_147.jpg,st_a,V4_estimate,1048576,1,1,587,2500,1,1,1,0,0,0,Qwen3-VL-32B-Instruct,"{""count"": 2500}"
IMG_148.jpg,st_a,V2_number,1048576,1,1,208,150,1,1,1,0,0,0,Qwen3-VL-32B-Instruct,150
IMG_147.jpg,st_a,V5_region,1048576,1,1,587,1500,1,1,1,0,0,0,Qwen3-VL-32B-Instruct,"{""count"": 1500}"
IMG_148.jpg,st_a,neutral0,1048576,1,1,208,0,1,1,1,1,0,0,Qwen3-VL-32B-Instruct,"{""count"": 0}"
IMG_148.jpg,st_a,choice,1048576,1,1,208,500,1,1,1,0,0,0,Qwen3-VL-32B-Instruct,"{""choice"": ""500""}"
IMG_147.jpg,st_a,range,1048576,1,1,587,1500,1,1,1,0,0,0,Qwen3-VL-32B-Instruct,"{""low"": 1500, ""high"": 2500}"
IMG_148.jpg,st_a,forbid0n,1048576,1,1,208,250,1,1,1,0,0,0,Qwen3-VL-32B-Instruct,"{""count"": 250}"
IMG_148.jpg,st_a,V3_locate,1048576,1,1,208,0,1,1,1,1,0,0,Qwen3-VL-32B-Instruct,"{""count"": 0}"
IMG_148.jpg,st_a,choicen,1048576,1,1,208,500,1,1,1,0,0,0,Qwen3-VL-32B-Instruct,"{""choice"": ""500""}"
IMG_148.jpg,st_a,V1_json,1048576,1,1,208,150,1,1,1,0,0,0,Qwen3-VL-32B-Instruct,"{""count"": 150}"
IMG_148.jpg,st_a,V4_estimate,1048576,1,1,208,300,1,1,1,0,0,0,Qwen3-VL-32B-Instruct,"{""count"": 300}"
IMG_148.jpg,st_a,V5_region,1048576,1,1,208,350,1,1,1,0,0,0,Qwen3-VL-32B-Instruct,"{""count"": 350}"
IMG_149.jpg,st_a,base,1048576,1,1,230,150,1,1,1,0,0,0,Qwen3-VL-32B-Instruct,"{""count"": 150}"
IMG_149.jpg,st_a,neutral0,1048576,1,1,230,0,1,1,1,1,0,0,Qwen3-VL-32B-Instruct,"{""count"": 0}"
IMG_149.jpg,st_a,V2_number,1048576,1,1,230,150,1,1,1,0,0,0,Qwen3-VL-32B-Instruct,150
IMG_148.jpg,st_a,range,1048576,1,1,208,200,1,1,1,0,0,0,Qwen3-VL-32B-Instruct,"{""low"": 200, ""high"": 300}"
IMG_149.jpg,st_a,forbid0,1048576,1,1,230,250,1,1,1,0,0,0,Qwen3-VL-32B-Instruct,"{""count"": 250}"
IMG_149.jpg,st_a,choice,1048576,1,1,230,500,1,1,1,0,0,0,Qwen3-VL-32B-Instruct,"{""choice"": ""500""}"
IMG_149.jpg,st_a,forbid0n,1048576,1,1,230,250,1,1,1,0,0,0,Qwen3-VL-32B-Instruct,"{""count"": 250}"
IMG_149.jpg,st_a,choicen,1048576,1,1,230,500,1,1,1,0,0,0,Qwen3-VL-32B-Instruct,"{""choice"": ""500""}"
IMG_149.jpg,st_a,V1_json,1048576,1,1,230,150,1,1,1,0,0,0,Qwen3-VL-32B-Instruct,"{""count"": 150}"
IMG_149.jpg,st_a,V3_locate,1048576,1,1,230,0,1,1,1,1,0,0,Qwen3-VL-32B-Instruct,"{""count"": 0}"
IMG_149.jpg,st_a,V4_estimate,1048576,1,1,230,300,1,1,1,0,0,0,Qwen3-VL-32B-Instruct,"{""count"": 300}"
IMG_149.jpg,st_a,V5_region,1048576,1,1,230,300,1,1,1,0,0,0,Qwen3-VL-32B-Instruct,"{""count"": 300}"
IMG_15.jpg,st_a,base,1048576,1,1,341,300,1,1,1,0,0,0,Qwen3-VL-32B-Instruct,"{""count"": 300}"
IMG_15.jpg,st_a,forbid0,1048576,1,1,341,500,1,1,1,0,0,0,Qwen3-VL-32B-Instruct,"{""count"": 500}"
IMG_15.jpg,st_a,neutral0,1048576,1,1,341,0,1,1,1,1,0,0,Qwen3-VL-32B-Instruct,"{""count"": 0}"
IMG_15.jpg,st_a,V2_number,1048576,1,1,341,1000,1,1,1,0,0,0,Qwen3-VL-32B-Instruct,1000
IMG_149.jpg,st_a,range,1048576,1,1,230,200,1,1,1,0,0,0,Qwen3-VL-32B-Instruct,"{""low"": 200, ""high"": 300}"
IMG_15.jpg,st_a,forbid0n,1048576,1,1,341,500,1,1,1,0,0,0,Qwen3-VL-32B-Instruct,"{""count"": 500}"
IMG_15.jpg,st_a,choice,1048576,1,1,341,1000,1,1,1,0,0,0,Qwen3-VL-32B-Instruct,"{""choice"": ""1000""}"
IMG_15.jpg,st_a,choicen,1048576,1,1,341,5000,1,1,1,0,0,0,Qwen3-VL-32B-Instruct,"{""choice"": ""5000""}"
IMG_15.jpg,st_a,V3_locate,1048576,1,1,341,0,1,1,1,1,0,0,Qwen3-VL-32B-Instruct,"{""count"": 0}"
IMG_15.jpg,st_a,V1_json,1048576,1,1,341,300,1,1,1,0,0,0,Qwen3-VL-32B-Instruct,"{""count"": 300}"
IMG_15.jpg,st_a,V5_region,1048576,1,1,341,1000,1,1,1,0,0,0,Qwen3-VL-32B-Instruct,"{""count"": 1000}"
IMG_150.jpg,st_a,base,1048576,1,1,1303,1000,1,1,1,0,0,0,Qwen3-VL-32B-Instruct,"{""count"": 1000}"
IMG_15.jpg,st_a,V4_estimate,1048576,1,1,341,1500,1,1,1,0,0,0,Qwen3-VL-32B-Instruct,"{""count"": 1500}"
IMG_150.jpg,st_a,neutral0,1048576,1,1,1303,0,1,1,1,1,0,0,Qwen3-VL-32B-Instruct,"{""count"": 0}"
IMG_15.jpg,st_a,range,1048576,1,1,341,500,1,1,1,0,0,0,Qwen3-VL-32B-Instruct,"{""low"": 500, ""high"": 800}"
IMG_150.jpg,st_a,forbid0,1048576,1,1,1303,1000,1,1,1,0,0,0,Qwen3-VL-32B-Instruct,"{""count"": 1000}"
IMG_150.jpg,st_a,V2_number,1048576,1,1,1303,10000,1,1,1,0,0,0,Qwen3-VL-32B-Instruct,10000
IMG_150.jpg,st_a,choice,1048576,1,1,1303,1000,1,1,1,0,0,0,Qwen3-VL-32B-Instruct,"{""choice"": ""1000""}"
IMG_150.jpg,st_a,forbid0n,1048576,1,1,1303,1500,1,1,1,0,0,0,Qwen3-VL-32B-Instruct,"{""count"": 1500}"
IMG_150.jpg,st_a,choicen,1048576,1,1,1303,10000,1,1,1,0,0,0,Qwen3-VL-32B-Instruct,"{""choice"": ""10000""}"
IMG_150.jpg,st_a,V1_json,1048576,1,1,1303,1000,1,1,1,0,0,0,Qwen3-VL-32B-Instruct,"{""count"": 1000}"
IMG_150.jpg,st_a,V3_locate,1048576,1,1,1303,1000,1,1,1,0,0,0,Qwen3-VL-32B-Instruct,"{""count"": 1000}"
IMG_151.jpg,st_a,base,1048576,1,1,253,200,1,1,1,0,0,0,Qwen3-VL-32B-Instruct,"{""count"": 200}"
IMG_150.jpg,st_a,V5_region,1048576,1,1,1303,1500,1,1,1,0,0,0,Qwen3-VL-32B-Instruct,"{""count"": 1500}"
IMG_151.jpg,st_a,V2_number,1048576,1,1,253,150,1,1,1,0,0,0,Qwen3-VL-32B-Instruct,150
IMG_150.jpg,st_a,V4_estimate,1048576,1,1,1303,5000,1,1,1,0,0,0,Qwen3-VL-32B-Instruct,"{""count"": 5000}"
IMG_151.jpg,st_a,neutral0,1048576,1,1,253,0,1,1,1,1,0,0,Qwen3-VL-32B-Instruct,"{""count"": 0}"
IMG_151.jpg,st_a,choice,1048576,1,1,253,500,1,1,1,0,0,0,Qwen3-VL-32B-Instruct,"{""choice"": ""500""}"
IMG_151.jpg,st_a,forbid0,1048576,1,1,253,200,1,1,1,0,0,0,Qwen3-VL-32B-Instruct,"{""count"": 200}"
IMG_150.jpg,st_a,range,1048576,1,1,1303,2000,1,1,1,0,0,0,Qwen3-VL-32B-Instruct,"{""low"": 2000, ""high"": 3000}"
IMG_151.jpg,st_a,forbid0n,1048576,1,1,253,250,1,1,1,0,0,0,Qwen3-VL-32B-Instruct,"{""count"": 250}"
IMG_151.jpg,st_a,choicen,1048576,1,1,253,500,1,1,1,0,0,0,Qwen3-VL-32B-Instruct,"{""choice"": ""500""}"
IMG_151.jpg,st_a,V3_locate,1048576,1,1,253,0,1,1,1,1,0,0,Qwen3-VL-32B-Instruct,"{""count"": 0}"
IMG_151.jpg,st_a,V1_json,1048576,1,1,253,150,1,1,1,0,0,0,Qwen3-VL-32B-Instruct,"{""count"": 150}"
IMG_151.jpg,st_a,V4_estimate,1048576,1,1,253,250,1,1,1,0,0,0,Qwen3-VL-32B-Instruct,"{""count"": 250}"
IMG_151.jpg,st_a,V5_region,1048576,1,1,253,250,1,1,1,0,0,0,Qwen3-VL-32B-Instruct,"{""count"": 250}"
IMG_152.jpg,st_a,V2_number,1048576,1,1,277,1000,1,1,1,0,0,0,Qwen3-VL-32B-Instruct,1000
IMG_152.jpg,st_a,neutral0,1048576,1,1,277,0,1,1,1,1,0,0,Qwen3-VL-32B-Instruct,"{""count"": 0}"
IMG_151.jpg,st_a,range,1048576,1,1,253,200,1,1,1,0,0,0,Qwen3-VL-32B-Instruct,"{""low"": 200, ""high"": 300}"
IMG_152.jpg,st_a,forbid0,1048576,1,1,277,300,1,1,1,0,0,0,Qwen3-VL-32B-Instruct,"{""count"": 300}"
IMG_152.jpg,st_a,base,1048576,1,1,277,300,1,1,1,0,0,0,Qwen3-VL-32B-Instruct,"{""count"": 300}"
IMG_152.jpg,st_a,V3_locate,1048576,1,1,277,0,1,1,1,1,0,0,Qwen3-VL-32B-Instruct,"{""count"": 0}"
IMG_152.jpg,st_a,forbid0n,1048576,1,1,277,500,1,1,1,0,0,0,Qwen3-VL-32B-Instruct,"{""count"": 500}"
IMG_152.jpg,st_a,V1_json,1048576,1,1,277,300,1,1,1,0,0,0,Qwen3-VL-32B-Instruct,"{""count"": 300}"
IMG_152.jpg,st_a,choice,1048576,1,1,277,1000,1,1,1,0,0,0,Qwen3-VL-32B-Instruct,"{""choice"": ""1000""}"
IMG_152.jpg,st_a,choicen,1048576,1,1,277,5000,1,1,1,0,0,0,Qwen3-VL-32B-Instruct,"{""choice"": ""5000""}"
IMG_152.jpg,st_a,V4_estimate,1048576,1,1,277,1000,1,1,1,0,0,0,Qwen3-VL-32B-Instruct,"{""count"": 1000}"
IMG_153.jpg,st_a,base,1048576,1,1,395,300,1,1,1,0,0,0,Qwen3-VL-32B-Instruct,"{""count"": 300}"
IMG_152.jpg,st_a,V5_region,1048576,1,1,277,1000,1,1,1,0,0,0,Qwen3-VL-32B-Instruct,"{""count"": 1000}"
IMG_153.jpg,st_a,V2_number,1048576,1,1,395,300,1,1,1,0,0,0,Qwen3-VL-32B-Instruct,300
IMG_153.jpg,st_a,forbid0,1048576,1,1,395,300,1,1,1,0,0,0,Qwen3-VL-32B-Instruct,"{""count"": 300}"
IMG_153.jpg,st_a,neutral0,1048576,1,1,395,0,1,1,1,1,0,0,Qwen3-VL-32B-Instruct,"{""count"": 0}"
IMG_153.jpg,st_a,choice,1048576,1,1,395,500,1,1,1,0,0,0,Qwen3-VL-32B-Instruct,"{""choice"": 500}"
IMG_152.jpg,st_a,range,1048576,1,1,277,800,1,1,1,0,0,0,Qwen3-VL-32B-Instruct,"{""low"": 800, ""high"": 1200}"
IMG_153.jpg,st_a,forbid0n,1048576,1,1,395,350,1,1,1,0,0,0,Qwen3-VL-32B-Instruct,"{""count"": 350}"
IMG_153.jpg,st_a,V3_locate,1048576,1,1,395,0,1,1,1,1,0,0,Qwen3-VL-32B-Instruct,"{""count"": 0}"
IMG_153.jpg,st_a,choicen,1048576,1,1,395,500,1,1,1,0,0,0,Qwen3-VL-32B-Instruct,"{""choice"": ""500""}"
IMG_153.jpg,st_a,V1_json,1048576,1,1,395,300,1,1,1,0,0,0,Qwen3-VL-32B-Instruct,"{""count"": 300}"
IMG_154.jpg,st_a,base,1048576,1,1,495,0,1,1,1,1,0,0,Qwen3-VL-32B-Instruct,"{""count"": 0}"
IMG_153.jpg,st_a,V4_estimate,1048576,1,1,395,500,1,1,1,0,0,0,Qwen3-VL-32B-Instruct,"{""count"": 500}"
IMG_153.jpg,st_a,V5_region,1048576,1,1,395,500,1,1,1,0,0,0,Qwen3-VL-32B-Instruct,"{""count"": 500}"
IMG_153.jpg,st_a,range,1048576,1,1,395,500,1,1,1,0,0,0,Qwen3-VL-32B-Instruct,"{""low"": 500, ""high"": 700}"
IMG_154.jpg,st_a,neutral0,1048576,1,1,495,0,1,1,1,1,0,0,Qwen3-VL-32B-Instruct,"{""count"": 0}"
IMG_154.jpg,st_a,forbid0,1048576,1,1,495,1000,1,1,1,0,0,0,Qwen3-VL-32B-Instruct,"{""count"": 1000}"
IMG_154.jpg,st_a,V2_number,1048576,1,1,495,1000,1,1,1,0,0,0,Qwen3-VL-32B-Instruct,1000
IMG_154.jpg,st_a,choice,1048576,1,1,495,1000,1,1,1,0,0,0,Qwen3-VL-32B-Instruct,"{""choice"": ""1000""}"
IMG_154.jpg,st_a,V1_json,1048576,1,1,495,0,1,1,1,1,0,0,Qwen3-VL-32B-Instruct,"{""count"": 0}"
IMG_154.jpg,st_a,V3_locate,1048576,1,1,495,0,1,1,1,1,0,0,Qwen3-VL-32B-Instruct,"{""count"": 0}"
IMG_154.jpg,st_a,forbid0n,1048576,1,1,495,1000,1,1,1,0,0,0,Qwen3-VL-32B-Instruct,"{""count"": 1000}"
IMG_154.jpg,st_a,choicen,1048576,1,1,495,10000,1,1,1,0,0,0,Qwen3-VL-32B-Instruct,"{""choice"": ""10000""}"
IMG_154.jpg,st_a,V4_estimate,1048576,1,1,495,1200,1,1,1,0,0,0,Qwen3-VL-32B-Instruct,"{""count"": 1200}"
IMG_154.jpg,st_a,V5_region,1048576,1,1,495,1000,1,1,1,0,0,0,Qwen3-VL-32B-Instruct,"{""count"": 1000}"
IMG_155.jpg,st_a,base,1048576,1,1,165,150,1,1,1,0,0,0,Qwen3-VL-32B-Instruct,"{""count"": 150}"
IMG_155.jpg,st_a,forbid0,1048576,1,1,165,150,1,1,1,0,0,0,Qwen3-VL-32B-Instruct,"{""count"": 150}"
IMG_154.jpg,st_a,range,1048576,1,1,495,500,1,1,1,0,0,0,Qwen3-VL-32B-Instruct,"{""low"": 500, ""high"": 800}"
IMG_155.jpg,st_a,choice,1048576,1,1,165,500,1,1,1,0,0,0,Qwen3-VL-32B-Instruct,"{""choice"": ""500""}"
IMG_155.jpg,st_a,V2_number,1048576,1,1,165,100,1,1,1,0,0,0,Qwen3-VL-32B-Instruct,100
IMG_155.jpg,st_a,neutral0,1048576,1,1,165,0,1,1,1,1,0,0,Qwen3-VL-32B-Instruct,"{""count"": 0}"
IMG_155.jpg,st_a,forbid0n,1048576,1,1,165,150,1,1,1,0,0,0,Qwen3-VL-32B-Instruct,"{""count"": 150}"
IMG_155.jpg,st_a,choicen,1048576,1,1,165,500,1,1,1,0,0,0,Qwen3-VL-32B-Instruct,"{""choice"": ""500""}"
IMG_155.jpg,st_a,V3_locate,1048576,1,1,165,150,1,1,1,0,0,0,Qwen3-VL-32B-Instruct,"{""count"": 150}"
IMG_155.jpg,st_a,V1_json,1048576,1,1,165,150,1,1,1,0,0,0,Qwen3-VL-32B-Instruct,"{""count"": 150}"
IMG_155.jpg,st_a,V4_estimate,1048576,1,1,165,200,1,1,1,0,0,0,Qwen3-VL-32B-Instruct,"{""count"": 200}"
IMG_155.jpg,st_a,V5_region,1048576,1,1,165,200,1,1,1,0,0,0,Qwen3-VL-32B-Instruct,"{""count"": 200}"
IMG_156.jpg,st_a,V2_number,1048576,1,1,199,100,1,1,1,0,0,0,Qwen3-VL-32B-Instruct,100
IMG_155.jpg,st_a,range,1048576,1,1,165,200,1,1,1,0,0,0,Qwen3-VL-32B-Instruct,"{""low"": 200, ""high"": 300}"
IMG_156.jpg,st_a,neutral0,1048576,1,1,199,0,1,1,1,1,0,0,Qwen3-VL-32B-Instruct,"{""count"": 0}"
IMG_156.jpg,st_a,base,1048576,1,1,199,100,1,1,1,0,0,0,Qwen3-VL-32B-Instruct,"{""count"": 100}"
IMG_156.jpg,st_a,forbid0,1048576,1,1,199,150,1,1,1,0,0,0,Qwen3-VL-32B-Instruct,"{""count"": 150}"
IMG_156.jpg,st_a,choice,1048576,1,1,199,500,1,1,1,0,0,0,Qwen3-VL-32B-Instruct,"{""choice"": 500}"
IMG_156.jpg,st_a,V1_json,1048576,1,1,199,100,1,1,1,0,0,0,Qwen3-VL-32B-Instruct,"{""count"": 100}"
IMG_156.jpg,st_a,choicen,1048576,1,1,199,500,1,1,1,0,0,0,Qwen3-VL-32B-Instruct,"{""choice"": ""500""}"
IMG_156.jpg,st_a,forbid0n,1048576,1,1,199,250,1,1,1,0,0,0,Qwen3-VL-32B-Instruct,"{""count"": 250}"
IMG_156.jpg,st_a,V3_locate,1048576,1,1,199,0,1,1,1,1,0,0,Qwen3-VL-32B-Instruct,"{""count"": 0}"
IMG_157.jpg,st_a,base,1048576,1,1,390,0,1,1,1,1,0,0,Qwen3-VL-32B-Instruct,"{""count"": 0}"
IMG_156.jpg,st_a,V5_region,1048576,1,1,199,500,1,1,1,0,0,0,Qwen3-VL-32B-Instruct,"{""count"": 500}"
IMG_156.jpg,st_a,V4_estimate,1048576,1,1,199,500,1,1,1,0,0,0,Qwen3-VL-32B-Instruct,"{""count"": 500}"
IMG_157.jpg,st_a,neutral0,1048576,1,1,390,0,1,1,1,1,0,0,Qwen3-VL-32B-Instruct,"{""count"": 0}"
IMG_157.jpg,st_a,forbid0,1048576,1,1,390,500,1,1,1,0,0,0,Qwen3-VL-32B-Instruct,"{""count"": 500}"
IMG_157.jpg,st_a,V2_number,1048576,1,1,390,1000,1,1,1,0,0,0,Qwen3-VL-32B-Instruct,1000
IMG_156.jpg,st_a,range,1048576,1,1,199,500,1,1,1,0,0,0,Qwen3-VL-32B-Instruct,"{""low"": 500, ""high"": 700}"
IMG_157.jpg,st_a,V1_json,1048576,1,1,390,0,1,1,1,1,0,0,Qwen3-VL-32B-Instruct,"{""count"": 0}"
IMG_157.jpg,st_a,choice,1048576,1,1,390,1000,1,1,1,0,0,0,Qwen3-VL-32B-Instruct,"{""choice"": ""1000""}"
IMG_157.jpg,st_a,forbid0n,1048576,1,1,390,1000,1,1,1,0,0,0,Qwen3-VL-32B-Instruct,"{""count"": 1000}"
IMG_157.jpg,st_a,choicen,1048576,1,1,390,2000,1,1,1,0,0,0,Qwen3-VL-32B-Instruct,"{""choice"": ""2000""}"
IMG_157.jpg,st_a,V3_locate,1048576,1,1,390,0,1,1,1,1,0,0,Qwen3-VL-32B-Instruct,"{""count"": 0}"
IMG_158.jpg,st_a,base,1048576,1,1,308,0,1,1,1,1,0,0,Qwen3-VL-32B-Instruct,"{""count"": 0}"
IMG_157.jpg,st_a,V5_region,1048576,1,1,390,1500,1,1,1,0,0,0,Qwen3-VL-32B-Instruct,"{""count"": 1500}"
IMG_157.jpg,st_a,V4_estimate,1048576,1,1,390,1500,1,1,1,0,0,0,Qwen3-VL-32B-Instruct,"{""count"": 1500}"
IMG_158.jpg,st_a,V2_number,1048576,1,1,308,1000,1,1,1,0,0,0,Qwen3-VL-32B-Instruct,1000
IMG_158.jpg,st_a,neutral0,1048576,1,1,308,0,1,1,1,1,0,0,Qwen3-VL-32B-Instruct,"{""count"": 0}"
IMG_158.jpg,st_a,forbid0,1048576,1,1,308,500,1,1,1,0,0,0,Qwen3-VL-32B-Instruct,"{""count"": 500}"
IMG_158.jpg,st_a,V1_json,1048576,1,1,308,0,1,1,1,1,0,0,Qwen3-VL-32B-Instruct,"{""count"": 0}"
IMG_157.jpg,st_a,range,1048576,1,1,390,1000,1,1,1,0,0,0,Qwen3-VL-32B-Instruct,"{""low"": 1000, ""high"": 1500}"
IMG_158.jpg,st_a,choice,1048576,1,1,308,1000,1,1,1,0,0,0,Qwen3-VL-32B-Instruct,"{""choice"": ""1000""}"
IMG_158.jpg,st_a,V3_locate,1048576,1,1,308,0,1,1,1,1,0,0,Qwen3-VL-32B-Instruct,"{""count"": 0}"
IMG_158.jpg,st_a,choicen,1048576,1,1,308,5000,1,1,1,0,0,0,Qwen3-VL-32B-Instruct,"{""choice"": ""5000""}"
IMG_158.jpg,st_a,forbid0n,1048576,1,1,308,1000,1,1,1,0,0,0,Qwen3-VL-32B-Instruct,"{""count"": 1000}"
IMG_158.jpg,st_a,V4_estimate,1048576,1,1,308,1500,1,1,1,0,0,0,Qwen3-VL-32B-Instruct,"{""count"": 1500}"
IMG_159.jpg,st_a,forbid0,1048576,1,1,199,256,1,1,1,0,0,0,Qwen3-VL-32B-Instruct,"{""count"": 256}"
IMG_159.jpg,st_a,base,1048576,1,1,199,256,1,1,1,0,0,0,Qwen3-VL-32B-Instruct,"{""count"": 256}"
IMG_158.jpg,st_a,V5_region,1048576,1,1,308,1500,1,1,1,0,0,0,Qwen3-VL-32B-Instruct,"{""count"": 1500}"
IMG_159.jpg,st_a,neutral0,1048576,1,1,199,0,1,1,1,1,0,0,Qwen3-VL-32B-Instruct,"{""count"": 0}"
IMG_159.jpg,st_a,V2_number,1048576,1,1,199,1000,1,1,1,0,0,0,Qwen3-VL-32B-Instruct,1000
IMG_159.jpg,st_a,choice,1048576,1,1,199,500,1,1,1,0,0,0,Qwen3-VL-32B-Instruct,"{""choice"": ""500""}"
IMG_158.jpg,st_a,range,1048576,1,1,308,1000,1,1,1,0,0,0,Qwen3-VL-32B-Instruct,"{""low"": 1000, ""high"": 1500}"
IMG_159.jpg,st_a,forbid0n,1048576,1,1,199,300,1,1,1,0,0,0,Qwen3-VL-32B-Instruct,"{""count"": 300}"
IMG_159.jpg,st_a,choicen,1048576,1,1,199,1000,1,1,1,0,0,0,Qwen3-VL-32B-Instruct,"{""choice"": ""1000""}"
IMG_16.jpg,st_a,base,1048576,1,1,416,0,1,1,1,1,0,0,Qwen3-VL-32B-Instruct,"{""count"": 0}"
IMG_159.jpg,st_a,V1_json,1048576,1,1,199,256,1,1,1,0,0,0,Qwen3-VL-32B-Instruct,"{""count"": 256}"
IMG_159.jpg,st_a,V3_locate,1048576,1,1,199,250,1,1,1,0,0,0,Qwen3-VL-32B-Instruct,"{""count"": 250}"
IMG_159.jpg,st_a,V4_estimate,1048576,1,1,199,350,1,1,1,0,0,0,Qwen3-VL-32B-Instruct,"{""count"": 350}"
IMG_159.jpg,st_a,V5_region,1048576,1,1,199,300,1,1,1,0,0,0,Qwen3-VL-32B-Instruct,"{""count"": 300}"
IMG_159.jpg,st_a,range,1048576,1,1,199,500,1,1,1,0,0,0,Qwen3-VL-32B-Instruct,"{""low"": 500, ""high"": 700}"
IMG_16.jpg,st_a,neutral0,1048576,1,1,416,0,1,1,1,1,0,0,Qwen3-VL-32B-Instruct,"{""count"": 0}"
IMG_16.jpg,st_a,forbid0,1048576,1,1,416,500,1,1,1,0,0,0,Qwen3-VL-32B-Instruct,"{""count"": 500}"
IMG_16.jpg,st_a,V2_number,1048576,1,1,416,1000,1,1,1,0,0,0,Qwen3-VL-32B-Instruct,1000
IMG_16.jpg,st_a,V1_json,1048576,1,1,416,0,1,1,1,1,0,0,Qwen3-VL-32B-Instruct,"{""count"": 0}"
IMG_16.jpg,st_a,choice,1048576,1,1,416,1000,1,1,1,0,0,0,Qwen3-VL-32B-Instruct,"{""choice"": 1000}"
IMG_16.jpg,st_a,forbid0n,1048576,1,1,416,1000,1,1,1,0,0,0,Qwen3-VL-32B-Instruct,"{""count"": 1000}"
IMG_16.jpg,st_a,V3_locate,1048576,1,1,416,0,1,1,1,1,0,0,Qwen3-VL-32B-Instruct,"{""count"": 0}"
IMG_16.jpg,st_a,choicen,1048576,1,1,416,10000,1,1,1,0,0,0,Qwen3-VL-32B-Instruct,"{""choice"": ""10000""}"
IMG_160.jpg,st_a,base,1048576,1,1,121,100,1,1,1,0,0,0,Qwen3-VL-32B-Instruct,"{""count"": 100}"
IMG_16.jpg,st_a,V4_estimate,1048576,1,1,416,1500,1,1,1,0,0,0,Qwen3-VL-32B-Instruct,"{""count"": 1500}"
IMG_160.jpg,st_a,forbid0,1048576,1,1,121,100,1,1,1,0,0,0,Qwen3-VL-32B-Instruct,"{""count"": 100}"
IMG_16.jpg,st_a,V5_region,1048576,1,1,416,1500,1,1,1,0,0,0,Qwen3-VL-32B-Instruct,"{""count"": 1500}"
IMG_160.jpg,st_a,V2_number,1048576,1,1,121,100,1,1,1,0,0,0,Qwen3-VL-32B-Instruct,100
IMG_160.jpg,st_a,choice,1048576,1,1,121,100,1,1,1,0,0,0,Qwen3-VL-32B-Instruct,"{""choice"": ""100""}"
IMG_16.jpg,st_a,range,1048576,1,1,416,500,1,1,1,0,0,0,Qwen3-VL-32B-Instruct,"{""low"": 500, ""high"": 1000}"
IMG_160.jpg,st_a,neutral0,1048576,1,1,121,100,1,1,1,0,0,0,Qwen3-VL-32B-Instruct,"{""count"": 100}"
IMG_160.jpg,st_a,forbid0n,1048576,1,1,121,100,1,1,1,0,0,0,Qwen3-VL-32B-Instruct,"{""count"": 100}"
IMG_160.jpg,st_a,choicen,1048576,1,1,121,100,1,1,1,0,0,0,Qwen3-VL-32B-Instruct,"{""choice"": 100}"
IMG_160.jpg,st_a,V1_json,1048576,1,1,121,100,1,1,1,0,0,0,Qwen3-VL-32B-Instruct,"{""count"": 100}"
IMG_160.jpg,st_a,V3_locate,1048576,1,1,121,100,1,1,1,0,0,0,Qwen3-VL-32B-Instruct,"{""count"": 100}"
IMG_160.jpg,st_a,V4_estimate,1048576,1,1,121,100,1,1,1,0,0,0,Qwen3-VL-32B-Instruct,"{""count"": 100}"
IMG_160.jpg,st_a,V5_region,1048576,1,1,121,100,1,1,1,0,0,0,Qwen3-VL-32B-Instruct,"{""count"": 100}"
IMG_160.jpg,st_a,range,1048576,1,1,121,100,1,1,1,0,0,0,Qwen3-VL-32B-Instruct,"{""low"": 100, ""high"": 120}"
IMG_161.jpg,st_a,neutral0,1048576,1,1,266,0,1,1,1,1,0,0,Qwen3-VL-32B-Instruct,"{""count"": 0}"
IMG_161.jpg,st_a,base,1048576,1,1,266,158,1,1,1,0,0,0,Qwen3-VL-32B-Instruct,"{""count"": 158}"
IMG_161.jpg,st_a,V2_number,1048576,1,1,266,150,1,1,1,0,0,0,Qwen3-VL-32B-Instruct,150
IMG_161.jpg,st_a,forbid0,1048576,1,1,266,150,1,1,1,0,0,0,Qwen3-VL-32B-Instruct,"{""count"": 150}"
IMG_161.jpg,st_a,forbid0n,1048576,1,1,266,250,1,1,1,0,0,0,Qwen3-VL-32B-Instruct,"{""count"": 250}"
IMG_161.jpg,st_a,choice,1048576,1,1,266,100,1,1,1,0,0,0,Qwen3-VL-32B-Instruct,"{""choice"": ""100""}"
IMG_161.jpg,st_a,choicen,1048576,1,1,266,500,1,1,1,0,0,0,Qwen3-VL-32B-Instruct,"{""choice"": ""500""}"
IMG_161.jpg,st_a,V1_json,1048576,1,1,266,158,1,1,1,0,0,0,Qwen3-VL-32B-Instruct,"{""count"": 158}"
IMG_161.jpg,st_a,V3_locate,1048576,1,1,266,150,1,1,1,0,0,0,Qwen3-VL-32B-Instruct,"{""count"": 150}"
IMG_161.jpg,st_a,V4_estimate,1048576,1,1,266,250,1,1,1,0,0,0,Qwen3-VL-32B-Instruct,"{""count"": 250}"
IMG_161.jpg,st_a,V5_region,1048576,1,1,266,250,1,1,1,0,0,0,Qwen3-VL-32B-Instruct,"{""count"": 250}"
IMG_162.jpg,st_a,base,1048576,1,1,219,200,1,1,1,0,0,0,Qwen3-VL-32B-Instruct,"{""count"": 200}"
IMG_162.jpg,st_a,neutral0,1048576,1,1,219,0,1,1,1,1,0,0,Qwen3-VL-32B-Instruct,"{""count"": 0}"
IMG_162.jpg,st_a,forbid0,1048576,1,1,219,500,1,1,1,0,0,0,Qwen3-VL-32B-Instruct,"{""count"": 500}"
IMG_162.jpg,st_a,V2_number,1048576,1,1,219,1000,1,1,1,0,0,0,Qwen3-VL-32B-Instruct,1000
IMG_161.jpg,st_a,range,1048576,1,1,266,200,1,1,1,0,0,0,Qwen3-VL-32B-Instruct,"{""low"": 200, ""high"": 300}"
IMG_162.jpg,st_a,forbid0n,1048576,1,1,219,500,1,1,1,0,0,0,Qwen3-VL-32B-Instruct,"{""count"": 500}"
IMG_162.jpg,st_a,V3_locate,1048576,1,1,219,0,1,1,1,1,0,0,Qwen3-VL-32B-Instruct,"{""count"": 0}"
IMG_162.jpg,st_a,choice,1048576,1,1,219,1000,1,1,1,0,0,0,Qwen3-VL-32B-Instruct,"{""choice"": ""1000""}"
IMG_162.jpg,st_a,V1_json,1048576,1,1,219,200,1,1,1,0,0,0,Qwen3-VL-32B-Instruct,"{""count"": 200}"
IMG_162.jpg,st_a,choicen,1048576,1,1,219,10000,1,1,1,0,0,0,Qwen3-VL-32B-Instruct,"{""choice"": ""10000""}"
IMG_162.jpg,st_a,V4_estimate,1048576,1,1,219,500,1,1,1,0,0,0,Qwen3-VL-32B-Instruct,"{""count"": 500}"
IMG_163.jpg,st_a,base,1048576,1,1,162,0,1,1,1,1,0,0,Qwen3-VL-32B-Instruct,"{""count"": 0}"
IMG_162.jpg,st_a,V5_region,1048576,1,1,219,1000,1,1,1,0,0,0,Qwen3-VL-32B-Instruct,"{""count"": 1000}"
IMG_163.jpg,st_a,forbid0,1048576,1,1,162,200,1,1,1,0,0,0,Qwen3-VL-32B-Instruct,"{""count"": 200}"
IMG_163.jpg,st_a,V2_number,1048576,1,1,162,100,1,1,1,0,0,0,Qwen3-VL-32B-Instruct,100
IMG_163.jpg,st_a,neutral0,1048576,1,1,162,0,1,1,1,1,0,0,Qwen3-VL-32B-Instruct,"{""count"": 0}"
IMG_162.jpg,st_a,range,1048576,1,1,219,500,1,1,1,0,0,0,Qwen3-VL-32B-Instruct,"{""low"": 500, ""high"": 1000}"
IMG_163.jpg,st_a,choice,1048576,1,1,162,500,1,1,1,0,0,0,Qwen3-VL-32B-Instruct,"{""choice"": ""500""}"
IMG_163.jpg,st_a,V1_json,1048576,1,1,162,0,1,1,1,1,0,0,Qwen3-VL-32B-Instruct,"{""count"": 0}"
IMG_163.jpg,st_a,choicen,1048576,1,1,162,500,1,1,1,0,0,0,Qwen3-VL-32B-Instruct,"{""choice"": ""500""}"
IMG_163.jpg,st_a,V3_locate,1048576,1,1,162,0,1,1,1,1,0,0,Qwen3-VL-32B-Instruct,"{""count"": 0}"
IMG_163.jpg,st_a,forbid0n,1048576,1,1,162,250,1,1,1,0,0,0,Qwen3-VL-32B-Instruct,"{""count"": 250}"
IMG_163.jpg,st_a,V4_estimate,1048576,1,1,162,300,1,1,1,0,0,0,Qwen3-VL-32B-Instruct,"{""count"": 300}"
IMG_163.jpg,st_a,V5_region,1048576,1,1,162,300,1,1,1,0,0,0,Qwen3-VL-32B-Instruct,"{""count"": 300}"
IMG_164.jpg,st_a,base,1048576,1,1,302,250,1,1,1,0,0,0,Qwen3-VL-32B-Instruct,"{""count"": 250}"
IMG_164.jpg,st_a,forbid0,1048576,1,1,302,300,1,1,1,0,0,0,Qwen3-VL-32B-Instruct,"{""count"": 300}"
IMG_164.jpg,st_a,V2_number,1048576,1,1,302,1000,1,1,1,0,0,0,Qwen3-VL-32B-Instruct,1000
IMG_164.jpg,st_a,neutral0,1048576,1,1,302,0,1,1,1,1,0,0,Qwen3-VL-32B-Instruct,"{""count"": 0}"
IMG_163.jpg,st_a,range,1048576,1,1,162,200,1,1,1,0,0,0,Qwen3-VL-32B-Instruct,"{""low"": 200, ""high"": 300}"
IMG_164.jpg,st_a,forbid0n,1048576,1,1,302,500,1,1,1,0,0,0,Qwen3-VL-32B-Instruct,"{""count"": 500}"
IMG_164.jpg,st_a,choice,1048576,1,1,302,1000,1,1,1,0,0,0,Qwen3-VL-32B-Instruct,"{""choice"": ""1000""}"
IMG_164.jpg,st_a,V1_json,1048576,1,1,302,250,1,1,1,0,0,0,Qwen3-VL-32B-Instruct,"{""count"": 250}"
IMG_164.jpg,st_a,V3_locate,1048576,1,1,302,200,1,1,1,0,0,0,Qwen3-VL-32B-Instruct,"{""count"": 200}"
IMG_164.jpg,st_a,choicen,1048576,1,1,302,5000,1,1,1,0,0,0,Qwen3-VL-32B-Instruct,"{""choice"": ""5000""}"
IMG_164.jpg,st_a,V4_estimate,1048576,1,1,302,500,1,1,1,0,0,0,Qwen3-VL-32B-Instruct,"{""count"": 500}"
IMG_164.jpg,st_a,V5_region,1048576,1,1,302,1000,1,1,1,0,0,0,Qwen3-VL-32B-Instruct,"{""count"": 1000}"
IMG_165.jpg,st_a,base,1048576,1,1,1581,1000,1,1,1,0,0,0,Qwen3-VL-32B-Instruct,"{""count"": 1000}"
IMG_164.jpg,st_a,range,1048576,1,1,302,500,1,1,1,0,0,0,Qwen3-VL-32B-Instruct,"{""low"": 500, ""high"": 800}"
IMG_165.jpg,st_a,forbid0,1048576,1,1,1581,1000,1,1,1,0,0,0,Qwen3-VL-32B-Instruct,"{""count"": 1000}"
IMG_165.jpg,st_a,neutral0,1048576,1,1,1581,0,1,1,1,1,0,0,Qwen3-VL-32B-Instruct,"{""count"": 0}"
IMG_165.jpg,st_a,V2_number,1048576,1,1,1581,1000,1,1,1,0,0,0,Qwen3-VL-32B-Instruct,1000
IMG_165.jpg,st_a,choice,1048576,1,1,1581,1000,1,1,1,0,0,0,Qwen3-VL-32B-Instruct,"{""choice"": ""1000""}"
IMG_165.jpg,st_a,V1_json,1048576,1,1,1581,1000,1,1,1,0,0,0,Qwen3-VL-32B-Instruct,"{""count"": 1000}"
IMG_165.jpg,st_a,V3_locate,1048576,1,1,1581,0,1,1,1,1,0,0,Qwen3-VL-32B-Instruct,"{""count"": 0}"
IMG_165.jpg,st_a,choicen,1048576,1,1,1581,10000,1,1,1,0,0,0,Qwen3-VL-32B-Instruct,"{""choice"": ""10000""}"
IMG_165.jpg,st_a,forbid0n,1048576,1,1,1581,10000,1,1,1,0,0,0,Qwen3-VL-32B-Instruct,"{""count"": 10000}"
IMG_165.jpg,st_a,V4_estimate,1048576,1,1,1581,5000,1,1,1,0,0,0,Qwen3-VL-32B-Instruct,"{""count"": 5000}"
IMG_166.jpg,st_a,forbid0,1048576,1,1,126,150,1,1,1,0,0,0,Qwen3-VL-32B-Instruct,"{""count"": 150}"
IMG_166.jpg,st_a,V2_number,1048576,1,1,126,100,1,1,1,0,0,0,Qwen3-VL-32B-Instruct,100
IMG_166.jpg,st_a,neutral0,1048576,1,1,126,0,1,1,1,1,0,0,Qwen3-VL-32B-Instruct,"{""count"": 0}"
IMG_166.jpg,st_a,base,1048576,1,1,126,150,1,1,1,0,0,0,Qwen3-VL-32B-Instruct,"{""count"": 150}"
IMG_165.jpg,st_a,V5_region,1048576,1,1,1581,3000,1,1,1,0,0,0,Qwen3-VL-32B-Instruct,"{""count"": 3000}"
IMG_165.jpg,st_a,range,1048576,1,1,1581,5000,1,1,1,0,0,0,Qwen3-VL-32B-Instruct,"{""low"": 5000, ""high"": 7000}"
IMG_166.jpg,st_a,choice,1048576,1,1,126,1000,1,1,1,0,0,0,Qwen3-VL-32B-Instruct,"{""choice"": ""1000""}"
IMG_166.jpg,st_a,forbid0n,1048576,1,1,126,250,1,1,1,0,0,0,Qwen3-VL-32B-Instruct,"{""count"": 250}"
IMG_166.jpg,st_a,choicen,1048576,1,1,126,1000,1,1,1,0,0,0,Qwen3-VL-32B-Instruct,"{""choice"": ""1000""}"
IMG_166.jpg,st_a,V1_json,1048576,1,1,126,150,1,1,1,0,0,0,Qwen3-VL-32B-Instruct,"{""count"": 150}"
IMG_166.jpg,st_a,V3_locate,1048576,1,1,126,0,1,1,1,1,0,0,Qwen3-VL-32B-Instruct,"{""count"": 0}"
IMG_166.jpg,st_a,V4_estimate,1048576,1,1,126,300,1,1,1,0,0,0,Qwen3-VL-32B-Instruct,"{""count"": 300}"
IMG_166.jpg,st_a,V5_region,1048576,1,1,126,300,1,1,1,0,0,0,Qwen3-VL-32B-Instruct,"{""count"": 300}"
IMG_167.jpg,st_a,V2_number,1048576,1,1,112,100,1,1,1,0,0,0,Qwen3-VL-32B-Instruct,100
IMG_167.jpg,st_a,base,1048576,1,1,112,100,1,1,1,0,0,0,Qwen3-VL-32B-Instruct,"{""count"": 100}"
IMG_166.jpg,st_a,range,1048576,1,1,126,500,1,1,1,0,0,0,Qwen3-VL-32B-Instruct,"{""low"": 500, ""high"": 700}"
IMG_167.jpg,st_a,forbid0,1048576,1,1,112,100,1,1,1,0,0,0,Qwen3-VL-32B-Instruct,"{""count"": 100}"
IMG_167.jpg,st_a,choice,1048576,1,1,112,100,1,1,1,0,0,0,Qwen3-VL-32B-Instruct,"{""choice"": ""100""}"
IMG_167.jpg,st_a,forbid0n,1048576,1,1,112,150,1,1,1,0,0,0,Qwen3-VL-32B-Instruct,"{""count"": 150}"
IMG_167.jpg,st_a,neutral0,1048576,1,1,112,100,1,1,1,0,0,0,Qwen3-VL-32B-Instruct,"{""count"": 100}"
IMG_167.jpg,st_a,choicen,1048576,1,1,112,200,1,1,1,0,0,0,Qwen3-VL-32B-Instruct,"{""choice"": ""200""}"
IMG_167.jpg,st_a,V1_json,1048576,1,1,112,100,1,1,1,0,0,0,Qwen3-VL-32B-Instruct,"{""count"": 100}"
IMG_167.jpg,st_a,V3_locate,1048576,1,1,112,100,1,1,1,0,0,0,Qwen3-VL-32B-Instruct,"{""count"": 100}"
IMG_168.jpg,st_a,base,1048576,1,1,240,0,1,1,1,1,0,0,Qwen3-VL-32B-Instruct,"{""count"": 0}"
IMG_167.jpg,st_a,V5_region,1048576,1,1,112,150,1,1,1,0,0,0,Qwen3-VL-32B-Instruct,"{""count"": 150}"
IMG_167.jpg,st_a,V4_estimate,1048576,1,1,112,150,1,1,1,0,0,0,Qwen3-VL-32B-Instruct,"{""count"": 150}"
IMG_168.jpg,st_a,forbid0,1048576,1,1,240,500,1,1,1,0,0,0,Qwen3-VL-32B-Instruct,"{""count"": 500}"
IMG_168.jpg,st_a,neutral0,1048576,1,1,240,0,1,1,1,1,0,0,Qwen3-VL-32B-Instruct,"{""count"": 0}"
IMG_168.jpg,st_a,V2_number,1048576,1,1,240,1000,1,1,1,0,0,0,Qwen3-VL-32B-Instruct,1000
IMG_167.jpg,st_a,range,1048576,1,1,112,150,1,1,1,0,0,0,Qwen3-VL-32B-Instruct,"{""low"": 150, ""high"": 200}"
IMG_168.jpg,st_a,V1_json,1048576,1,1,240,0,1,1,1,1,0,0,Qwen3-VL-32B-Instruct,"{""count"": 0}"
IMG_168.jpg,st_a,forbid0n,1048576,1,1,240,500,1,1,1,0,0,0,Qwen3-VL-32B-Instruct,"{""count"": 500}"
IMG_168.jpg,st_a,V3_locate,1048576,1,1,240,0,1,1,1,1,0,0,Qwen3-VL-32B-Instruct,"{""count"": 0}"
IMG_168.jpg,st_a,choicen,1048576,1,1,240,5000,1,1,1,0,0,0,Qwen3-VL-32B-Instruct,"{""choice"": ""5000""}"
IMG_168.jpg,st_a,choice,1048576,1,1,240,1000,1,1,1,0,0,0,Qwen3-VL-32B-Instruct,"{""choice"": ""1000""}"
IMG_168.jpg,st_a,V4_estimate,1048576,1,1,240,1500,1,1,1,0,0,0,Qwen3-VL-32B-Instruct,"{""count"": 1500}"
IMG_168.jpg,st_a,V5_region,1048576,1,1,240,1500,1,1,1,0,0,0,Qwen3-VL-32B-Instruct,"{""count"": 1500}"
IMG_169.jpg,st_a,V2_number,1048576,1,1,218,200,1,1,1,0,0,0,Qwen3-VL-32B-Instruct,200
IMG_169.jpg,st_a,base,1048576,1,1,218,256,1,1,1,0,0,0,Qwen3-VL-32B-Instruct,"{""count"": 256}"
IMG_169.jpg,st_a,forbid0,1048576,1,1,218,250,1,1,1,0,0,0,Qwen3-VL-32B-Instruct,"{""count"": 250}"
IMG_169.jpg,st_a,choice,1048576,1,1,218,500,1,1,1,0,0,0,Qwen3-VL-32B-Instruct,"{""choice"": ""500""}"
IMG_169.jpg,st_a,neutral0,1048576,1,1,218,0,1,1,1,1,0,0,Qwen3-VL-32B-Instruct,"{""count"": 0}"
IMG_169.jpg,st_a,forbid0n,1048576,1,1,218,350,1,1,1,0,0,0,Qwen3-VL-32B-Instruct,"{""count"": 350}"
IMG_168.jpg,st_a,range,1048576,1,1,240,1000,1,1,1,0,0,0,Qwen3-VL-32B-Instruct,"{""low"": 1000, ""high"": 1500}"
IMG_169.jpg,st_a,choicen,1048576,1,1,218,1000,1,1,1,0,0,0,Qwen3-VL-32B-Instruct,"{""choice"": ""1000""}"
IMG_169.jpg,st_a,V3_locate,1048576,1,1,218,0,1,1,1,1,0,0,Qwen3-VL-32B-Instruct,"{""count"": 0}"
IMG_169.jpg,st_a,V1_json,1048576,1,1,218,256,1,1,1,0,0,0,Qwen3-VL-32B-Instruct,"{""count"": 256}"
IMG_169.jpg,st_a,V4_estimate,1048576,1,1,218,500,1,1,1,0,0,0,Qwen3-VL-32B-Instruct,"{""count"": 500}"
IMG_169.jpg,st_a,V5_region,1048576,1,1,218,500,1,1,1,0,0,0,Qwen3-VL-32B-Instruct,"{""count"": 500}"
IMG_17.jpg,st_a,base,1048576,1,1,1156,1000,1,1,1,0,0,0,Qwen3-VL-32B-Instruct,"{""count"": 1000}"
IMG_17.jpg,st_a,neutral0,1048576,1,1,1156,0,1,1,1,1,0,0,Qwen3-VL-32B-Instruct,"{""count"": 0}"
IMG_169.jpg,st_a,range,1048576,1,1,218,500,1,1,1,0,0,0,Qwen3-VL-32B-Instruct,"{""low"": 500, ""high"": 700}"
IMG_17.jpg,st_a,forbid0,1048576,1,1,1156,1000,1,1,1,0,0,0,Qwen3-VL-32B-Instruct,"{""count"": 1000}"
IMG_17.jpg,st_a,V2_number,1048576,1,1,1156,10000,1,1,1,0,0,0,Qwen3-VL-32B-Instruct,10000
IMG_17.jpg,st_a,choice,1048576,1,1,1156,1000,1,1,1,0,0,0,Qwen3-VL-32B-Instruct,"{""choice"": 1000}"
IMG_17.jpg,st_a,V1_json,1048576,1,1,1156,1000,1,1,1,0,0,0,Qwen3-VL-32B-Instruct,"{""count"": 1000}"
IMG_17.jpg,st_a,forbid0n,1048576,1,1,1156,2500,1,1,1,0,0,0,Qwen3-VL-32B-Instruct,"{""count"": 2500}"
IMG_17.jpg,st_a,choicen,1048576,1,1,1156,10000,1,1,1,0,0,0,Qwen3-VL-32B-Instruct,"{""choice"": ""10000""}"
IMG_17.jpg,st_a,V3_locate,1048576,1,1,1156,1000,1,1,1,0,0,0,Qwen3-VL-32B-Instruct,"{""count"": 1000}"
IMG_17.jpg,st_a,V4_estimate,1048576,1,1,1156,5000,1,1,1,0,0,0,Qwen3-VL-32B-Instruct,"{""count"": 5000}"
IMG_17.jpg,st_a,V5_region,1048576,1,1,1156,2500,1,1,1,0,0,0,Qwen3-VL-32B-Instruct,"{""count"": 2500}"
IMG_170.jpg,st_a,base,1048576,1,1,670,1000,1,1,1,0,0,0,Qwen3-VL-32B-Instruct,"{""count"": 1000}"
IMG_170.jpg,st_a,neutral0,1048576,1,1,670,0,1,1,1,1,0,0,Qwen3-VL-32B-Instruct,"{""count"": 0}"
IMG_170.jpg,st_a,forbid0,1048576,1,1,670,1000,1,1,1,0,0,0,Qwen3-VL-32B-Instruct,"{""count"": 1000}"
IMG_170.jpg,st_a,V2_number,1048576,1,1,670,1000,1,1,1,0,0,0,Qwen3-VL-32B-Instruct,1000
IMG_170.jpg,st_a,choice,1048576,1,1,670,1000,1,1,1,0,0,0,Qwen3-VL-32B-Instruct,"{""choice"": 1000}"
IMG_17.jpg,st_a,range,1048576,1,1,1156,5000,1,1,1,0,0,0,Qwen3-VL-32B-Instruct,"{""low"": 5000, ""high"": 7000}"
IMG_170.jpg,st_a,forbid0n,1048576,1,1,670,1500,1,1,1,0,0,0,Qwen3-VL-32B-Instruct,"{""count"": 1500}"
IMG_170.jpg,st_a,V3_locate,1048576,1,1,670,0,1,1,1,1,0,0,Qwen3-VL-32B-Instruct,"{""count"": 0}"
IMG_170.jpg,st_a,choicen,1048576,1,1,670,10000,1,1,1,0,0,0,Qwen3-VL-32B-Instruct,"{""choice"": ""10000""}"
IMG_170.jpg,st_a,V1_json,1048576,1,1,670,1000,1,1,1,0,0,0,Qwen3-VL-32B-Instruct,"{""count"": 1000}"
IMG_170.jpg,st_a,V4_estimate,1048576,1,1,670,5000,1,1,1,0,0,0,Qwen3-VL-32B-Instruct,"{""count"": 5000}"
IMG_170.jpg,st_a,V5_region,1048576,1,1,670,1500,1,1,1,0,0,0,Qwen3-VL-32B-Instruct,"{""count"": 1500}"
IMG_171.jpg,st_a,base,1048576,1,1,239,200,1,1,1,0,0,0,Qwen3-VL-32B-Instruct,"{""count"": 200}"
IMG_171.jpg,st_a,neutral0,1048576,1,1,239,0,1,1,1,1,0,0,Qwen3-VL-32B-Instruct,"{""count"": 0}"
IMG_171.jpg,st_a,V2_number,1048576,1,1,239,1000,1,1,1,0,0,0,Qwen3-VL-32B-Instruct,1000
IMG_171.jpg,st_a,forbid0,1048576,1,1,239,250,1,1,1,0,0,0,Qwen3-VL-32B-Instruct,"{""count"": 250}"
IMG_170.jpg,st_a,range,1048576,1,1,670,2000,1,1,1,0,0,0,Qwen3-VL-32B-Instruct,"{""low"": 2000, ""high"": 3000}"
IMG_171.jpg,st_a,forbid0n,1048576,1,1,239,300,1,1,1,0,0,0,Qwen3-VL-32B-Instruct,"{""count"": 300}"
IMG_171.jpg,st_a,choice,1048576,1,1,239,1000,1,1,1,0,0,0,Qwen3-VL-32B-Instruct,"{""choice"": ""1000""}"
IMG_171.jpg,st_a,V3_locate,1048576,1,1,239,0,1,1,1,1,0,0,Qwen3-VL-32B-Instruct,"{""count"": 0}"
IMG_171.jpg,st_a,V1_json,1048576,1,1,239,200,1,1,1,0,0,0,Qwen3-VL-32B-Instruct,"{""count"": 200}"
IMG_171.jpg,st_a,choicen,1048576,1,1,239,10000,1,1,1,0,0,0,Qwen3-VL-32B-Instruct,"{""choice"": ""10000""}"
IMG_172.jpg,st_a,base,1048576,1,1,1171,1000,1,1,1,0,0,0,Qwen3-VL-32B-Instruct,"{""count"": 1000}"
IMG_171.jpg,st_a,V4_estimate,1048576,1,1,239,500,1,1,1,0,0,0,Qwen3-VL-32B-Instruct,"{""count"": 500}"
IMG_171.jpg,st_a,range,1048576,1,1,239,500,1,1,1,0,0,0,Qwen3-VL-32B-Instruct,"{""low"": 500, ""high"": 700}"
IMG_172.jpg,st_a,neutral0,1048576,1,1,1171,0,1,1,1,1,0,0,Qwen3-VL-32B-Instruct,"{""count"": 0}"
IMG_171.jpg,st_a,V5_region,1048576,1,1,239,1000,1,1,1,0,0,0,Qwen3-VL-32B-Instruct,"{""count"": 1000}"
IMG_172.jpg,st_a,V2_number,1048576,1,1,1171,10000,1,1,1,0,0,0,Qwen3-VL-32B-Instruct,10000
IMG_172.jpg,st_a,forbid0,1048576,1,1,1171,1000,1,1,1,0,0,0,Qwen3-VL-32B-Instruct,"{""count"": 1000}"
IMG_172.jpg,st_a,forbid0n,1048576,1,1,1171,2500,1,1,1,0,0,0,Qwen3-VL-32B-Instruct,"{""count"": 2500}"
IMG_172.jpg,st_a,choice,1048576,1,1,1171,1000,1,1,1,0,0,0,Qwen3-VL-32B-Instruct,"{""choice"": ""1000""}"
IMG_172.jpg,st_a,choicen,1048576,1,1,1171,10000,1,1,1,0,0,0,Qwen3-VL-32B-Instruct,"{""choice"": ""10000""}"
IMG_172.jpg,st_a,V1_json,1048576,1,1,1171,1000,1,1,1,0,0,0,Qwen3-VL-32B-Instruct,"{""count"": 1000}"
IMG_172.jpg,st_a,V3_locate,1048576,1,1,1171,1000,1,1,1,0,0,0,Qwen3-VL-32B-Instruct,"{""count"": 1000}"
IMG_173.jpg,st_a,base,1048576,1,1,481,0,1,1,1,1,0,0,Qwen3-VL-32B-Instruct,"{""count"": 0}"
IMG_172.jpg,st_a,V4_estimate,1048576,1,1,1171,5000,1,1,1,0,0,0,Qwen3-VL-32B-Instruct,"{""count"": 5000}"
IMG_172.jpg,st_a,V5_region,1048576,1,1,1171,2500,1,1,1,0,0,0,Qwen3-VL-32B-Instruct,"{""count"": 2500}"
IMG_173.jpg,st_a,neutral0,1048576,1,1,481,0,1,1,1,1,0,0,Qwen3-VL-32B-Instruct,"{""count"": 0}"
IMG_173.jpg,st_a,V2_number,1048576,1,1,481,1000,1,1,1,0,0,0,Qwen3-VL-32B-Instruct,1000
IMG_172.jpg,st_a,range,1048576,1,1,1171,2000,1,1,1,0,0,0,Qwen3-VL-32B-Instruct,"{""low"": 2000, ""high"": 3000}"
IMG_173.jpg,st_a,choice,1048576,1,1,481,1000,1,1,1,0,0,0,Qwen3-VL-32B-Instruct,"{""choice"": ""1000""}"
IMG_173.jpg,st_a,V1_json,1048576,1,1,481,0,1,1,1,1,0,0,Qwen3-VL-32B-Instruct,"{""count"": 0}"
IMG_173.jpg,st_a,forbid0,1048576,1,1,481,1000,1,1,1,0,0,0,Qwen3-VL-32B-Instruct,"{""count"": 1000}"
IMG_173.jpg,st_a,V3_locate,1048576,1,1,481,0,1,1,1,1,0,0,Qwen3-VL-32B-Instruct,"{""count"": 0}"
IMG_173.jpg,st_a,forbid0n,1048576,1,1,481,1500,1,1,1,0,0,0,Qwen3-VL-32B-Instruct,"{""count"": 1500}"
IMG_173.jpg,st_a,choicen,1048576,1,1,481,10000,1,1,1,0,0,0,Qwen3-VL-32B-Instruct,"{""choice"": ""10000""}"
IMG_173.jpg,st_a,V5_region,1048576,1,1,481,2500,1,1,1,0,0,0,Qwen3-VL-32B-Instruct,"{""count"": 2500}"
IMG_173.jpg,st_a,V4_estimate,1048576,1,1,481,5000,1,1,1,0,0,0,Qwen3-VL-32B-Instruct,"{""count"": 5000}"
IMG_174.jpg,st_a,forbid0,1048576,1,1,129,150,1,1,1,0,0,0,Qwen3-VL-32B-Instruct,"{""count"": 150}"
IMG_174.jpg,st_a,base,1048576,1,1,129,100,1,1,1,0,0,0,Qwen3-VL-32B-Instruct,"{""count"": 100}"
IMG_174.jpg,st_a,choice,1048576,1,1,129,500,1,1,1,0,0,0,Qwen3-VL-32B-Instruct,"{""choice"": ""500""}"
IMG_174.jpg,st_a,V2_number,1048576,1,1,129,100,1,1,1,0,0,0,Qwen3-VL-32B-Instruct,100
IMG_174.jpg,st_a,neutral0,1048576,1,1,129,0,1,1,1,1,0,0,Qwen3-VL-32B-Instruct,"{""count"": 0}"
IMG_173.jpg,st_a,range,1048576,1,1,481,5000,1,1,1,0,0,0,Qwen3-VL-32B-Instruct,"{""low"": 5000, ""high"": 8000}"
IMG_174.jpg,st_a,V3_locate,1048576,1,1,129,0,1,1,1,1,0,0,Qwen3-VL-32B-Instruct,"{""count"": 0}"
IMG_174.jpg,st_a,V1_json,1048576,1,1,129,100,1,1,1,0,0,0,Qwen3-VL-32B-Instruct,"{""count"": 100}"
IMG_174.jpg,st_a,forbid0n,1048576,1,1,129,200,1,1,1,0,0,0,Qwen3-VL-32B-Instruct,"{""count"": 200}"
IMG_174.jpg,st_a,V4_estimate,1048576,1,1,129,300,1,1,1,0,0,0,Qwen3-VL-32B-Instruct,"{""count"": 300}"
IMG_175.jpg,st_a,base,1048576,1,1,442,0,1,1,1,1,0,0,Qwen3-VL-32B-Instruct,"{""count"": 0}"
IMG_174.jpg,st_a,V5_region,1048576,1,1,129,500,1,1,1,0,0,0,Qwen3-VL-32B-Instruct,"{""count"": 500}"
IMG_174.jpg,st_a,choicen,1048576,1,1,129,1000,1,1,1,0,0,0,Qwen3-VL-32B-Instruct,"{""choice"": ""1000""}"
IMG_174.jpg,st_a,range,1048576,1,1,129,200,1,1,1,0,0,0,Qwen3-VL-32B-Instruct,"{""low"": 200, ""high"": 300}"
IMG_175.jpg,st_a,neutral0,1048576,1,1,442,0,1,1,1,1,0,0,Qwen3-VL-32B-Instruct,"{""count"": 0}"
IMG_175.jpg,st_a,V2_number,1048576,1,1,442,500,1,1,1,0,0,0,Qwen3-VL-32B-Instruct,500
IMG_175.jpg,st_a,forbid0,1048576,1,1,442,1000,1,1,1,0,0,0,Qwen3-VL-32B-Instruct,"{""count"": 1000}"
IMG_175.jpg,st_a,choice,1048576,1,1,442,1000,1,1,1,0,0,0,Qwen3-VL-32B-Instruct,"{""choice"": ""1000""}"
IMG_175.jpg,st_a,V1_json,1048576,1,1,442,0,1,1,1,1,0,0,Qwen3-VL-32B-Instruct,"{""count"": 0}"
IMG_175.jpg,st_a,V3_locate,1048576,1,1,442,0,1,1,1,1,0,0,Qwen3-VL-32B-Instruct,"{""count"": 0}"
IMG_175.jpg,st_a,choicen,1048576,1,1,442,5000,1,1,1,0,0,0,Qwen3-VL-32B-Instruct,"{""choice"": ""5000""}"
IMG_175.jpg,st_a,forbid0n,1048576,1,1,442,1500,1,1,1,0,0,0,Qwen3-VL-32B-Instruct,"{""count"": 1500}"
IMG_176.jpg,st_a,base,1048576,1,1,213,0,1,1,1,1,0,0,Qwen3-VL-32B-Instruct,"{""count"": 0}"
IMG_176.jpg,st_a,neutral0,1048576,1,1,213,0,1,1,1,1,0,0,Qwen3-VL-32B-Instruct,"{""count"": 0}"
IMG_175.jpg,st_a,V4_estimate,1048576,1,1,442,1500,1,1,1,0,0,0,Qwen3-VL-32B-Instruct,"{""count"": 1500}"
IMG_176.jpg,st_a,forbid0,1048576,1,1,213,500,1,1,1,0,0,0,Qwen3-VL-32B-Instruct,"{""count"": 500}"
IMG_175.jpg,st_a,V5_region,1048576,1,1,442,1500,1,1,1,0,0,0,Qwen3-VL-32B-Instruct,"{""count"": 1500}"
IMG_176.jpg,st_a,V2_number,1048576,1,1,213,1000,1,1,1,0,0,0,Qwen3-VL-32B-Instruct,1000
IMG_176.jpg,st_a,choice,1048576,1,1,213,1000,1,1,1,0,0,0,Qwen3-VL-32B-Instruct,"{""choice"": ""1000""}"
IMG_175.jpg,st_a,range,1048576,1,1,442,1500,1,1,1,0,0,0,Qwen3-VL-32B-Instruct,"{""low"": 1500, ""high"": 2500}"
IMG_176.jpg,st_a,V1_json,1048576,1,1,213,0,1,1,1,1,0,0,Qwen3-VL-32B-Instruct,"{""count"": 0}"
IMG_176.jpg,st_a,forbid0n,1048576,1,1,213,500,1,1,1,0,0,0,Qwen3-VL-32B-Instruct,"{""count"": 500}"
IMG_176.jpg,st_a,choicen,1048576,1,1,213,5000,1,1,1,0,0,0,Qwen3-VL-32B-Instruct,"{""choice"": ""5000""}"
IMG_176.jpg,st_a,V3_locate,1048576,1,1,213,0,1,1,1,1,0,0,Qwen3-VL-32B-Instruct,"{""count"": 0}"
IMG_177.jpg,st_a,base,1048576,1,1,363,0,1,1,1,1,0,0,Qwen3-VL-32B-Instruct,"{""count"": 0}"
IMG_176.jpg,st_a,V5_region,1048576,1,1,213,1500,1,1,1,0,0,0,Qwen3-VL-32B-Instruct,"{""count"": 1500}"
IMG_176.jpg,st_a,V4_estimate,1048576,1,1,213,2000,1,1,1,0,0,0,Qwen3-VL-32B-Instruct,"{""count"": 2000}"
IMG_177.jpg,st_a,neutral0,1048576,1,1,363,0,1,1,1,1,0,0,Qwen3-VL-32B-Instruct,"{""count"": 0}"
IMG_177.jpg,st_a,forbid0,1048576,1,1,363,500,1,1,1,0,0,0,Qwen3-VL-32B-Instruct,"{""count"": 500}"
IMG_177.jpg,st_a,V2_number,1048576,1,1,363,1000,1,1,1,0,0,0,Qwen3-VL-32B-Instruct,1000
IMG_176.jpg,st_a,range,1048576,1,1,213,1000,1,1,1,0,0,0,Qwen3-VL-32B-Instruct,"{""low"": 1000, ""high"": 2000}"
IMG_177.jpg,st_a,V1_json,1048576,1,1,363,0,1,1,1,1,0,0,Qwen3-VL-32B-Instruct,"{""count"": 0}"
IMG_177.jpg,st_a,forbid0n,1048576,1,1,363,500,1,1,1,0,0,0,Qwen3-VL-32B-Instruct,"{""count"": 500}"
IMG_177.jpg,st_a,choice,1048576,1,1,363,1000,1,1,1,0,0,0,Qwen3-VL-32B-Instruct,"{""choice"": 1000}"
IMG_177.jpg,st_a,V3_locate,1048576,1,1,363,0,1,1,1,1,0,0,Qwen3-VL-32B-Instruct,"{""count"": 0}"
IMG_177.jpg,st_a,V4_estimate,1048576,1,1,363,800,1,1,1,0,0,0,Qwen3-VL-32B-Instruct,"{""count"": 800}"
IMG_178.jpg,st_a,base,1048576,1,1,549,0,1,1,1,1,0,0,Qwen3-VL-32B-Instruct,"{""count"": 0}"
IMG_177.jpg,st_a,choicen,1048576,1,1,363,2000,1,1,1,0,0,0,Qwen3-VL-32B-Instruct,"{""choice"": ""2000""}"
IMG_177.jpg,st_a,V5_region,1048576,1,1,363,1000,1,1,1,0,0,0,Qwen3-VL-32B-Instruct,"{""count"": 1000}"
IMG_178.jpg,st_a,forbid0,1048576,1,1,549,500,1,1,1,0,0,0,Qwen3-VL-32B-Instruct,"{""count"": 500}"
IMG_178.jpg,st_a,V2_number,1048576,1,1,549,1000,1,1,1,0,0,0,Qwen3-VL-32B-Instruct,1000
IMG_178.jpg,st_a,neutral0,1048576,1,1,549,0,1,1,1,1,0,0,Qwen3-VL-32B-Instruct,"{""count"": 0}"
IMG_178.jpg,st_a,choice,1048576,1,1,549,1000,1,1,1,0,0,0,Qwen3-VL-32B-Instruct,"{""choice"": 1000}"
IMG_178.jpg,st_a,V1_json,1048576,1,1,549,0,1,1,1,1,0,0,Qwen3-VL-32B-Instruct,"{""count"": 0}"
IMG_178.jpg,st_a,forbid0n,1048576,1,1,549,500,1,1,1,0,0,0,Qwen3-VL-32B-Instruct,"{""count"": 500}"
IMG_178.jpg,st_a,V3_locate,1048576,1,1,549,0,1,1,1,1,0,0,Qwen3-VL-32B-Instruct,"{""count"": 0}"
IMG_177.jpg,st_a,range,1048576,1,1,363,500,1,1,1,0,0,0,Qwen3-VL-32B-Instruct,"{""low"": 500, ""high"": 1000}"
IMG_178.jpg,st_a,V5_region,1048576,1,1,549,500,1,1,1,0,0,0,Qwen3-VL-32B-Instruct,"{""count"": 500}"
IMG_178.jpg,st_a,V4_estimate,1048576,1,1,549,500,1,1,1,0,0,0,Qwen3-VL-32B-Instruct,"{""count"": 500}"
IMG_178.jpg,st_a,choicen,1048576,1,1,549,10000,1,1,1,0,0,0,Qwen3-VL-32B-Instruct,"{""choice"": ""10000""}"
IMG_179.jpg,st_a,forbid0,1048576,1,1,400,500,1,1,1,0,0,0,Qwen3-VL-32B-Instruct,"{""count"": 500}"
IMG_179.jpg,st_a,base,1048576,1,1,400,100,1,1,1,0,0,0,Qwen3-VL-32B-Instruct,"{""count"": 100}"
IMG_179.jpg,st_a,neutral0,1048576,1,1,400,0,1,1,1,1,0,0,Qwen3-VL-32B-Instruct,"{""count"": 0}"
IMG_179.jpg,st_a,V2_number,1048576,1,1,400,1000,1,1,1,0,0,0,Qwen3-VL-32B-Instruct,1000
IMG_178.jpg,st_a,range,1048576,1,1,549,500,1,1,1,0,0,0,Qwen3-VL-32B-Instruct,"{""low"": 500, ""high"": 1000}"
IMG_179.jpg,st_a,choice,1048576,1,1,400,1000,1,1,1,0,0,0,Qwen3-VL-32B-Instruct,"{""choice"": 1000}"
IMG_179.jpg,st_a,forbid0n,1048576,1,1,400,500,1,1,1,0,0,0,Qwen3-VL-32B-Instruct,"{""count"": 500}"
IMG_179.jpg,st_a,V3_locate,1048576,1,1,400,0,1,1,1,1,0,0,Qwen3-VL-32B-Instruct,"{""count"": 0}"
IMG_179.jpg,st_a,V1_json,1048576,1,1,400,100,1,1,1,0,0,0,Qwen3-VL-32B-Instruct,"{""count"": 100}"
IMG_179.jpg,st_a,choicen,1048576,1,1,400,10000,1,1,1,0,0,0,Qwen3-VL-32B-Instruct,"{""choice"": ""10000""}"
IMG_179.jpg,st_a,V5_region,1048576,1,1,400,1000,1,1,1,0,0,0,Qwen3-VL-32B-Instruct,"{""count"": 1000}"
IMG_179.jpg,st_a,V4_estimate,1048576,1,1,400,1000,1,1,1,0,0,0,Qwen3-VL-32B-Instruct,"{""count"": 1000}"
IMG_18.jpg,st_a,V2_number,1048576,1,1,227,100,1,1,1,0,0,0,Qwen3-VL-32B-Instruct,100
IMG_18.jpg,st_a,base,1048576,1,1,227,100,1,1,1,0,0,0,Qwen3-VL-32B-Instruct,"{""count"": 100}"
IMG_18.jpg,st_a,forbid0,1048576,1,1,227,100,1,1,1,0,0,0,Qwen3-VL-32B-Instruct,"{""count"": 100}"
IMG_18.jpg,st_a,neutral0,1048576,1,1,227,0,1,1,1,1,0,0,Qwen3-VL-32B-Instruct,"{""count"": 0}"
IMG_179.jpg,st_a,range,1048576,1,1,400,1000,1,1,1,0,0,0,Qwen3-VL-32B-Instruct,"{""low"": 1000, ""high"": 2000}"
IMG_18.jpg,st_a,forbid0n,1048576,1,1,227,500,1,1,1,0,0,0,Qwen3-VL-32B-Instruct,"{""count"": 500}"
IMG_18.jpg,st_a,choice,1048576,1,1,227,1000,1,1,1,0,0,0,Qwen3-VL-32B-Instruct,"{""choice"": ""1000""}"
IMG_18.jpg,st_a,V3_locate,1048576,1,1,227,0,1,1,1,1,0,0,Qwen3-VL-32B-Instruct,"{""count"": 0}"
IMG_18.jpg,st_a,V1_json,1048576,1,1,227,100,1,1,1,0,0,0,Qwen3-VL-32B-Instruct,"{""count"": 100}"
IMG_18.jpg,st_a,choicen,1048576,1,1,227,5000,1,1,1,0,0,0,Qwen3-VL-32B-Instruct,"{""choice"": ""5000""}"
IMG_18.jpg,st_a,V4_estimate,1048576,1,1,227,500,1,1,1,0,0,0,Qwen3-VL-32B-Instruct,"{""count"": 500}"
IMG_180.jpg,st_a,base,1048576,1,1,398,0,1,1,1,1,0,0,Qwen3-VL-32B-Instruct,"{""count"": 0}"
IMG_180.jpg,st_a,forbid0,1048576,1,1,398,500,1,1,1,0,0,0,Qwen3-VL-32B-Instruct,"{""count"": 500}"
IMG_18.jpg,st_a,V5_region,1048576,1,1,227,1000,1,1,1,0,0,0,Qwen3-VL-32B-Instruct,"{""count"": 1000}"
IMG_18.jpg,st_a,range,1048576,1,1,227,500,1,1,1,0,0,0,Qwen3-VL-32B-Instruct,"{""low"": 500, ""high"": 1000}"
IMG_180.jpg,st_a,V2_number,1048576,1,1,398,1000,1,1,1,0,0,0,Qwen3-VL-32B-Instruct,1000
IMG_180.jpg,st_a,neutral0,1048576,1,1,398,0,1,1,1,1,0,0,Qwen3-VL-32B-Instruct,"{""count"": 0}"
IMG_180.jpg,st_a,V1_json,1048576,1,1,398,0,1,1,1,1,0,0,Qwen3-VL-32B-Instruct,"{""count"": 0}"
IMG_180.jpg,st_a,choice,1048576,1,1,398,1000,1,1,1,0,0,0,Qwen3-VL-32B-Instruct,"{""choice"": ""1000""}"
IMG_180.jpg,st_a,V3_locate,1048576,1,1,398,0,1,1,1,1,0,0,Qwen3-VL-32B-Instruct,"{""count"": 0}"
IMG_180.jpg,st_a,choicen,1048576,1,1,398,5000,1,1,1,0,0,0,Qwen3-VL-32B-Instruct,"{""choice"": ""5000""}"
IMG_180.jpg,st_a,forbid0n,1048576,1,1,398,1000,1,1,1,0,0,0,Qwen3-VL-32B-Instruct,"{""count"": 1000}"
IMG_180.jpg,st_a,V4_estimate,1048576,1,1,398,1500,1,1,1,0,0,0,Qwen3-VL-32B-Instruct,"{""count"": 1500}"
IMG_181.jpg,st_a,forbid0,1048576,1,1,216,250,1,1,1,0,0,0,Qwen3-VL-32B-Instruct,"{""count"": 250}"
IMG_180.jpg,st_a,V5_region,1048576,1,1,398,1500,1,1,1,0,0,0,Qwen3-VL-32B-Instruct,"{""count"": 1500}"
IMG_181.jpg,st_a,V2_number,1048576,1,1,216,150,1,1,1,0,0,0,Qwen3-VL-32B-Instruct,150
IMG_181.jpg,st_a,base,1048576,1,1,216,200,1,1,1,0,0,0,Qwen3-VL-32B-Instruct,"{""count"": 200}"
IMG_180.jpg,st_a,range,1048576,1,1,398,500,1,1,1,0,0,0,Qwen3-VL-32B-Instruct,"{""low"": 500, ""high"": 1000}"
IMG_181.jpg,st_a,neutral0,1048576,1,1,216,0,1,1,1,1,0,0,Qwen3-VL-32B-Instruct,"{""count"": 0}"
IMG_181.jpg,st_a,choice,1048576,1,1,216,500,1,1,1,0,0,0,Qwen3-VL-32B-Instruct,"{""choice"": ""500""}"
IMG_181.jpg,st_a,forbid0n,1048576,1,1,216,250,1,1,1,0,0,0,Qwen3-VL-32B-Instruct,"{""count"": 250}"
IMG_181.jpg,st_a,V1_json,1048576,1,1,216,200,1,1,1,0,0,0,Qwen3-VL-32B-Instruct,"{""count"": 200}"
IMG_181.jpg,st_a,choicen,1048576,1,1,216,500,1,1,1,0,0,0,Qwen3-VL-32B-Instruct,"{""choice"": ""500""}"
IMG_181.jpg,st_a,V3_locate,1048576,1,1,216,200,1,1,1,0,0,0,Qwen3-VL-32B-Instruct,"{""count"": 200}"
IMG_181.jpg,st_a,V4_estimate,1048576,1,1,216,350,1,1,1,0,0,0,Qwen3-VL-32B-Instruct,"{""count"": 350}"
IMG_182.jpg,st_a,base,1048576,1,1,199,100,1,1,1,0,0,0,Qwen3-VL-32B-Instruct,"{""count"": 100}"
IMG_181.jpg,st_a,range,1048576,1,1,216,250,1,1,1,0,0,0,Qwen3-VL-32B-Instruct,"{""low"": 250, ""high"": 350}"
IMG_181.jpg,st_a,V5_region,1048576,1,1,216,250,1,1,1,0,0,0,Qwen3-VL-32B-Instruct,"{""count"": 250}"
IMG_182.jpg,st_a,neutral0,1048576,1,1,199,0,1,1,1,1,0,0,Qwen3-VL-32B-Instruct,"{""count"": 0}"
IMG_182.jpg,st_a,V2_number,1048576,1,1,199,100,1,1,1,0,0,0,Qwen3-VL-32B-Instruct,100
IMG_182.jpg,st_a,forbid0,1048576,1,1,199,150,1,1,1,0,0,0,Qwen3-VL-32B-Instruct,"{""count"": 150}"
IMG_182.jpg,st_a,forbid0n,1048576,1,1,199,250,1,1,1,0,0,0,Qwen3-VL-32B-Instruct,"{""count"": 250}"
IMG_182.jpg,st_a,choice,1048576,1,1,199,500,1,1,1,0,0,0,Qwen3-VL-32B-Instruct,"{""choice"": ""500""}"
IMG_182.jpg,st_a,V1_json,1048576,1,1,199,100,1,1,1,0,0,0,Qwen3-VL-32B-Instruct,"{""count"": 100}"
IMG_182.jpg,st_a,choicen,1048576,1,1,199,1000,1,1,1,0,0,0,Qwen3-VL-32B-Instruct,"{""choice"": ""1000""}"
IMG_182.jpg,st_a,V3_locate,1048576,1,1,199,0,1,1,1,1,0,0,Qwen3-VL-32B-Instruct,"{""count"": 0}"
IMG_182.jpg,st_a,V5_region,1048576,1,1,199,500,1,1,1,0,0,0,Qwen3-VL-32B-Instruct,"{""count"": 500}"
IMG_19.jpg,st_a,base,1048576,1,1,230,0,1,1,1,1,0,0,Qwen3-VL-32B-Instruct,"{""count"": 0}"
IMG_182.jpg,st_a,V4_estimate,1048576,1,1,199,300,1,1,1,0,0,0,Qwen3-VL-32B-Instruct,"{""count"": 300}"
IMG_19.jpg,st_a,V2_number,1048576,1,1,230,1000,1,1,1,0,0,0,Qwen3-VL-32B-Instruct,1000
IMG_19.jpg,st_a,neutral0,1048576,1,1,230,0,1,1,1,1,0,0,Qwen3-VL-32B-Instruct,"{""count"": 0}"
IMG_19.jpg,st_a,forbid0,1048576,1,1,230,200,1,1,1,0,0,0,Qwen3-VL-32B-Instruct,"{""count"": 200}"
IMG_19.jpg,st_a,V1_json,1048576,1,1,230,0,1,1,1,1,0,0,Qwen3-VL-32B-Instruct,"{""count"": 0}"
IMG_182.jpg,st_a,range,1048576,1,1,199,200,1,1,1,0,0,0,Qwen3-VL-32B-Instruct,"{""low"": 200, ""high"": 300}"
IMG_19.jpg,st_a,V3_locate,1048576,1,1,230,0,1,1,1,1,0,0,Qwen3-VL-32B-Instruct,"{""count"": 0}"
IMG_19.jpg,st_a,forbid0n,1048576,1,1,230,500,1,1,1,0,0,0,Qwen3-VL-32B-Instruct,"{""count"": 500}"
IMG_19.jpg,st_a,choicen,1048576,1,1,230,5000,1,1,1,0,0,0,Qwen3-VL-32B-Instruct,"{""choice"": ""5000""}"
IMG_19.jpg,st_a,choice,1048576,1,1,230,1000,1,1,1,0,0,0,Qwen3-VL-32B-Instruct,"{""choice"": ""1000""}"
IMG_19.jpg,st_a,V4_estimate,1048576,1,1,230,1500,1,1,1,0,0,0,Qwen3-VL-32B-Instruct,"{""count"": 1500}"
IMG_19.jpg,st_a,V5_region,1048576,1,1,230,1500,1,1,1,0,0,0,Qwen3-VL-32B-Instruct,"{""count"": 1500}"
IMG_2.jpg,st_a,base,1048576,1,1,1111,0,1,1,1,1,0,0,Qwen3-VL-32B-Instruct,"{""count"": 0}"
IMG_2.jpg,st_a,V2_number,1048576,1,1,1111,10000,1,1,1,0,0,0,Qwen3-VL-32B-Instruct,10000
IMG_2.jpg,st_a,neutral0,1048576,1,1,1111,0,1,1,1,1,0,0,Qwen3-VL-32B-Instruct,"{""count"": 0}"
IMG_2.jpg,st_a,forbid0,1048576,1,1,1111,1000,1,1,1,0,0,0,Qwen3-VL-32B-Instruct,"{""count"": 1000}"
IMG_2.jpg,st_a,V1_json,1048576,1,1,1111,0,1,1,1,1,0,0,Qwen3-VL-32B-Instruct,"{""count"": 0}"
IMG_2.jpg,st_a,V3_locate,1048576,1,1,1111,0,1,1,1,1,0,0,Qwen3-VL-32B-Instruct,"{""count"": 0}"
IMG_2.jpg,st_a,choice,1048576,1,1,1111,1000,1,1,1,0,0,0,Qwen3-VL-32B-Instruct,"{""choice"": 1000}"
IMG_19.jpg,st_a,range,1048576,1,1,230,500,1,1,1,0,0,0,Qwen3-VL-32B-Instruct,"{""low"": 500, ""high"": 1000}"
IMG_2.jpg,st_a,forbid0n,1048576,1,1,1111,2500,1,1,1,0,0,0,Qwen3-VL-32B-Instruct,"{""count"": 2500}"
IMG_2.jpg,st_a,choicen,1048576,1,1,1111,5000,1,1,1,0,0,0,Qwen3-VL-32B-Instruct,"{""choice"": ""5000""}"
IMG_2.jpg,st_a,V4_estimate,1048576,1,1,1111,5000,1,1,1,0,0,0,Qwen3-VL-32B-Instruct,"{""count"": 5000}"
IMG_20.jpg,st_a,base,1048576,1,1,460,1000,1,1,1,0,0,0,Qwen3-VL-32B-Instruct,"{""count"": 1000}"
IMG_2.jpg,st_a,V5_region,1048576,1,1,1111,2500,1,1,1,0,0,0,Qwen3-VL-32B-Instruct,"{""count"": 2500}"
IMG_20.jpg,st_a,neutral0,1048576,1,1,460,0,1,1,1,1,0,0,Qwen3-VL-32B-Instruct,"{""count"": 0}"
IMG_20.jpg,st_a,forbid0,1048576,1,1,460,1000,1,1,1,0,0,0,Qwen3-VL-32B-Instruct,"{""count"": 1000}"
IMG_20.jpg,st_a,V2_number,1048576,1,1,460,1000,1,1,1,0,0,0,Qwen3-VL-32B-Instruct,1000
IMG_2.jpg,st_a,range,1048576,1,1,1111,2000,1,1,1,0,0,0,Qwen3-VL-32B-Instruct,"{""low"": 2000, ""high"": 3000}"
IMG_20.jpg,st_a,V3_locate,1048576,1,1,460,0,1,1,1,1,0,0,Qwen3-VL-32B-Instruct,"{""count"": 0}"
IMG_20.jpg,st_a,choice,1048576,1,1,460,1000,1,1,1,0,0,0,Qwen3-VL-32B-Instruct,"{""choice"": ""1000""}"
IMG_20.jpg,st_a,forbid0n,1048576,1,1,460,1000,1,1,1,0,0,0,Qwen3-VL-32B-Instruct,"{""count"": 1000}"
IMG_20.jpg,st_a,V1_json,1048576,1,1,460,1000,1,1,1,0,0,0,Qwen3-VL-32B-Instruct,"{""count"": 1000}"
IMG_20.jpg,st_a,choicen,1048576,1,1,460,10000,1,1,1,0,0,0,Qwen3-VL-32B-Instruct,"{""choice"": ""10000""}"
IMG_21.jpg,st_a,base,1048576,1,1,717,0,1,1,1,1,0,0,Qwen3-VL-32B-Instruct,"{""count"": 0}"
IMG_20.jpg,st_a,V4_estimate,1048576,1,1,460,1500,1,1,1,0,0,0,Qwen3-VL-32B-Instruct,"{""count"": 1500}"
IMG_20.jpg,st_a,V5_region,1048576,1,1,460,1200,1,1,1,0,0,0,Qwen3-VL-32B-Instruct,"{""count"": 1200}"
IMG_21.jpg,st_a,forbid0,1048576,1,1,717,1000,1,1,1,0,0,0,Qwen3-VL-32B-Instruct,"{""count"": 1000}"
IMG_21.jpg,st_a,V2_number,1048576,1,1,717,1000,1,1,1,0,0,0,Qwen3-VL-32B-Instruct,1000
IMG_21.jpg,st_a,neutral0,1048576,1,1,717,0,1,1,1,1,0,0,Qwen3-VL-32B-Instruct,"{""count"": 0}"
IMG_21.jpg,st_a,choice,1048576,1,1,717,1000,1,1,1,0,0,0,Qwen3-VL-32B-Instruct,"{""choice"": ""1000""}"
IMG_20.jpg,st_a,range,1048576,1,1,460,1000,1,1,1,0,0,0,Qwen3-VL-32B-Instruct,"{""low"": 1000, ""high"": 1500}"
IMG_21.jpg,st_a,V3_locate,1048576,1,1,717,0,1,1,1,1,0,0,Qwen3-VL-32B-Instruct,"{""count"": 0}"
IMG_21.jpg,st_a,V1_json,1048576,1,1,717,0,1,1,1,1,0,0,Qwen3-VL-32B-Instruct,"{""count"": 0}"
IMG_21.jpg,st_a,forbid0n,1048576,1,1,717,1500,1,1,1,0,0,0,Qwen3-VL-32B-Instruct,"{""count"": 1500}"
IMG_21.jpg,st_a,choicen,1048576,1,1,717,5000,1,1,1,0,0,0,Qwen3-VL-32B-Instruct,"{""choice"": ""5000""}"
IMG_22.jpg,st_a,base,1048576,1,1,212,0,1,1,1,1,0,0,Qwen3-VL-32B-Instruct,"{""count"": 0}"
IMG_21.jpg,st_a,V4_estimate,1048576,1,1,717,2500,1,1,1,0,0,0,Qwen3-VL-32B-Instruct,"{""count"": 2500}"
IMG_21.jpg,st_a,V5_region,1048576,1,1,717,2500,1,1,1,0,0,0,Qwen3-VL-32B-Instruct,"{""count"": 2500}"
IMG_22.jpg,st_a,neutral0,1048576,1,1,212,0,1,1,1,1,0,0,Qwen3-VL-32B-Instruct,"{""count"": 0}"
IMG_22.jpg,st_a,forbid0,1048576,1,1,212,500,1,1,1,0,0,0,Qwen3-VL-32B-Instruct,"{""count"": 500}"
IMG_22.jpg,st_a,choice,1048576,1,1,212,1000,1,1,1,0,0,0,Qwen3-VL-32B-Instruct,"{""choice"": ""1000""}"
IMG_22.jpg,st_a,V2_number,1048576,1,1,212,1000,1,1,1,0,0,0,Qwen3-VL-32B-Instruct,1000
IMG_21.jpg,st_a,range,1048576,1,1,717,2000,1,1,1,0,0,0,Qwen3-VL-32B-Instruct,"{""low"": 2000, ""high"": 3000}"
IMG_22.jpg,st_a,V1_json,1048576,1,1,212,0,1,1,1,1,0,0,Qwen3-VL-32B-Instruct,"{""count"": 0}"
IMG_22.jpg,st_a,V3_locate,1048576,1,1,212,0,1,1,1,1,0,0,Qwen3-VL-32B-Instruct,"{""count"": 0}"
IMG_22.jpg,st_a,forbid0n,1048576,1,1,212,1000,1,1,1,0,0,0,Qwen3-VL-32B-Instruct,"{""count"": 1000}"
IMG_22.jpg,st_a,choicen,1048576,1,1,212,5000,1,1,1,0,0,0,Qwen3-VL-32B-Instruct,"{""choice"": ""5000""}"
IMG_23.jpg,st_a,base,1048576,1,1,429,0,1,1,1,1,0,0,Qwen3-VL-32B-Instruct,"{""count"": 0}"
IMG_22.jpg,st_a,V4_estimate,1048576,1,1,212,1500,1,1,1,0,0,0,Qwen3-VL-32B-Instruct,"{""count"": 1500}"
IMG_22.jpg,st_a,V5_region,1048576,1,1,212,1500,1,1,1,0,0,0,Qwen3-VL-32B-Instruct,"{""count"": 1500}"
IMG_23.jpg,st_a,neutral0,1048576,1,1,429,0,1,1,1,1,0,0,Qwen3-VL-32B-Instruct,"{""count"": 0}"
IMG_22.jpg,st_a,range,1048576,1,1,212,1000,1,1,1,0,0,0,Qwen3-VL-32B-Instruct,"{""low"": 1000, ""high"": 2000}"
IMG_23.jpg,st_a,V2_number,1048576,1,1,429,1000,1,1,1,0,0,0,Qwen3-VL-32B-Instruct,1000
IMG_23.jpg,st_a,forbid0,1048576,1,1,429,1000,1,1,1,0,0,0,Qwen3-VL-32B-Instruct,"{""count"": 1000}"
IMG_23.jpg,st_a,V1_json,1048576,1,1,429,0,1,1,1,1,0,0,Qwen3-VL-32B-Instruct,"{""count"": 0}"
IMG_23.jpg,st_a,V3_locate,1048576,1,1,429,0,1,1,1,1,0,0,Qwen3-VL-32B-Instruct,"{""count"": 0}"
IMG_23.jpg,st_a,choice,1048576,1,1,429,1000,1,1,1,0,0,0,Qwen3-VL-32B-Instruct,"{""choice"": ""1000""}"
IMG_23.jpg,st_a,forbid0n,1048576,1,1,429,1000,1,1,1,0,0,0,Qwen3-VL-32B-Instruct,"{""count"": 1000}"
IMG_23.jpg,st_a,V4_estimate,1048576,1,1,429,2000,1,1,1,0,0,0,Qwen3-VL-32B-Instruct,"{""count"": 2000}"
IMG_23.jpg,st_a,choicen,1048576,1,1,429,10000,1,1,1,0,0,0,Qwen3-VL-32B-Instruct,"{""choice"": ""10000""}"
IMG_24.jpg,st_a,base,1048576,1,1,553,487,1,1,1,0,0,0,Qwen3-VL-32B-Instruct,"{""count"": 487}"
IMG_24.jpg,st_a,forbid0,1048576,1,1,553,500,1,1,1,0,0,0,Qwen3-VL-32B-Instruct,"{""count"": 500}"
IMG_23.jpg,st_a,V5_region,1048576,1,1,429,1500,1,1,1,0,0,0,Qwen3-VL-32B-Instruct,"{""count"": 1500}"
IMG_24.jpg,st_a,V2_number,1048576,1,1,553,300,1,1,1,0,0,0,Qwen3-VL-32B-Instruct,300
IMG_24.jpg,st_a,choice,1048576,1,1,553,500,1,1,1,0,0,0,Qwen3-VL-32B-Instruct,"{""choice"": ""500""}"
IMG_24.jpg,st_a,neutral0,1048576,1,1,553,0,1,1,1,1,0,0,Qwen3-VL-32B-Instruct,"{""count"": 0}"
IMG_24.jpg,st_a,V3_locate,1048576,1,1,553,0,1,1,1,1,0,0,Qwen3-VL-32B-Instruct,"{""count"": 0}"
IMG_23.jpg,st_a,range,1048576,1,1,429,1000,1,1,1,0,0,0,Qwen3-VL-32B-Instruct,"{""low"": 1000, ""high"": 2000}"
IMG_24.jpg,st_a,forbid0n,1048576,1,1,553,500,1,1,1,0,0,0,Qwen3-VL-32B-Instruct,"{""count"": 500}"
IMG_24.jpg,st_a,V1_json,1048576,1,1,553,500,1,1,1,0,0,0,Qwen3-VL-32B-Instruct,"{""count"": 500}"
IMG_24.jpg,st_a,V4_estimate,1048576,1,1,553,850,1,1,1,0,0,0,Qwen3-VL-32B-Instruct,"{""count"": 850}"
IMG_24.jpg,st_a,choicen,1048576,1,1,553,1000,1,1,1,0,0,0,Qwen3-VL-32B-Instruct,"{""choice"": ""1000""}"
IMG_24.jpg,st_a,V5_region,1048576,1,1,553,850,1,1,1,0,0,0,Qwen3-VL-32B-Instruct,"{""count"": 850}"
IMG_24.jpg,st_a,range,1048576,1,1,553,500,1,1,1,0,0,0,Qwen3-VL-32B-Instruct,"{""low"": 500, ""high"": 700}"
IMG_25.jpg,st_a,neutral0,1048576,1,1,243,0,1,1,1,1,0,0,Qwen3-VL-32B-Instruct,"{""count"": 0}"
IMG_25.jpg,st_a,base,1048576,1,1,243,100,1,1,1,0,0,0,Qwen3-VL-32B-Instruct,"{""count"": 100}"
IMG_25.jpg,st_a,forbid0,1048576,1,1,243,150,1,1,1,0,0,0,Qwen3-VL-32B-Instruct,"{""count"": 150}"
IMG_25.jpg,st_a,V2_number,1048576,1,1,243,150,1,1,1,0,0,0,Qwen3-VL-32B-Instruct,150
IMG_25.jpg,st_a,choice,1048576,1,1,243,500,1,1,1,0,0,0,Qwen3-VL-32B-Instruct,"{""choice"": 500}"
IMG_25.jpg,st_a,forbid0n,1048576,1,1,243,250,1,1,1,0,0,0,Qwen3-VL-32B-Instruct,"{""count"": 250}"
IMG_25.jpg,st_a,choicen,1048576,1,1,243,300,1,1,1,0,0,0,Qwen3-VL-32B-Instruct,"{""choice"": ""300""}"
IMG_25.jpg,st_a,V3_locate,1048576,1,1,243,0,1,1,1,1,0,0,Qwen3-VL-32B-Instruct,"{""count"": 0}"
IMG_25.jpg,st_a,V1_json,1048576,1,1,243,100,1,1,1,0,0,0,Qwen3-VL-32B-Instruct,"{""count"": 100}"
IMG_26.jpg,st_a,base,1048576,1,1,497,0,1,1,1,1,0,0,Qwen3-VL-32B-Instruct,"{""count"": 0}"
IMG_25.jpg,st_a,V5_region,1048576,1,1,243,250,1,1,1,0,0,0,Qwen3-VL-32B-Instruct,"{""count"": 250}"
IMG_25.jpg,st_a,V4_estimate,1048576,1,1,243,250,1,1,1,0,0,0,Qwen3-VL-32B-Instruct,"{""count"": 250}"
IMG_26.jpg,st_a,forbid0,1048576,1,1,497,500,1,1,1,0,0,0,Qwen3-VL-32B-Instruct,"{""count"": 500}"
IMG_26.jpg,st_a,V2_number,1048576,1,1,497,1000,1,1,1,0,0,0,Qwen3-VL-32B-Instruct,1000
IMG_26.jpg,st_a,neutral0,1048576,1,1,497,0,1,1,1,1,0,0,Qwen3-VL-32B-Instruct,"{""count"": 0}"
IMG_25.jpg,st_a,range,1048576,1,1,243,200,1,1,1,0,0,0,Qwen3-VL-32B-Instruct,"{""low"": 200, ""high"": 300}"
IMG_26.jpg,st_a,V1_json,1048576,1,1,497,0,1,1,1,1,0,0,Qwen3-VL-32B-Instruct,"{""count"": 0}"
IMG_26.jpg,st_a,V3_locate,1048576,1,1,497,0,1,1,1,1,0,0,Qwen3-VL-32B-Instruct,"{""count"": 0}"
IMG_26.jpg,st_a,choice,1048576,1,1,497,1000,1,1,1,0,0,0,Qwen3-VL-32B-Instruct,"{""choice"": 1000}"
IMG_26.jpg,st_a,choicen,1048576,1,1,497,5000,1,1,1,0,0,0,Qwen3-VL-32B-Instruct,"{""choice"": ""5000""}"
IMG_26.jpg,st_a,forbid0n,1048576,1,1,497,1000,1,1,1,0,0,0,Qwen3-VL-32B-Instruct,"{""count"": 1000}"
IMG_26.jpg,st_a,V4_estimate,1048576,1,1,497,2500,1,1,1,0,0,0,Qwen3-VL-32B-Instruct,"{""count"": 2500}"
IMG_27.jpg,st_a,base,1048576,1,1,760,0,1,1,1,1,0,0,Qwen3-VL-32B-Instruct,"{""count"": 0}"
IMG_26.jpg,st_a,V5_region,1048576,1,1,497,1500,1,1,1,0,0,0,Qwen3-VL-32B-Instruct,"{""count"": 1500}"
IMG_27.jpg,st_a,neutral0,1048576,1,1,760,0,1,1,1,1,0,0,Qwen3-VL-32B-Instruct,"{""count"": 0}"
IMG_27.jpg,st_a,forbid0,1048576,1,1,760,1000,1,1,1,0,0,0,Qwen3-VL-32B-Instruct,"{""count"": 1000}"
IMG_26.jpg,st_a,range,1048576,1,1,497,500,1,1,1,0,0,0,Qwen3-VL-32B-Instruct,"{""low"": 500, ""high"": 1000}"
IMG_27.jpg,st_a,V2_number,1048576,1,1,760,1000,1,1,1,0,0,0,Qwen3-VL-32B-Instruct,1000
IMG_27.jpg,st_a,choice,1048576,1,1,760,1000,1,1,1,0,0,0,Qwen3-VL-32B-Instruct,"{""choice"": ""1000""}"
IMG_27.jpg,st_a,V3_locate,1048576,1,1,760,0,1,1,1,1,0,0,Qwen3-VL-32B-Instruct,"{""count"": 0}"
IMG_27.jpg,st_a,V1_json,1048576,1,1,760,0,1,1,1,1,0,0,Qwen3-VL-32B-Instruct,"{""count"": 0}"
IMG_27.jpg,st_a,choicen,1048576,1,1,760,2000,1,1,1,0,0,0,Qwen3-VL-32B-Instruct,"{""choice"": ""2000""}"
IMG_27.jpg,st_a,forbid0n,1048576,1,1,760,1000,1,1,1,0,0,0,Qwen3-VL-32B-Instruct,"{""count"": 1000}"
IMG_28.jpg,st_a,base,1048576,1,1,423,0,1,1,1,1,0,0,Qwen3-VL-32B-Instruct,"{""count"": 0}"
IMG_27.jpg,st_a,V4_estimate,1048576,1,1,760,1500,1,1,1,0,0,0,Qwen3-VL-32B-Instruct,"{""count"": 1500}"
IMG_27.jpg,st_a,V5_region,1048576,1,1,760,1000,1,1,1,0,0,0,Qwen3-VL-32B-Instruct,"{""count"": 1000}"
IMG_28.jpg,st_a,neutral0,1048576,1,1,423,0,1,1,1,1,0,0,Qwen3-VL-32B-Instruct,"{""count"": 0}"
IMG_28.jpg,st_a,forbid0,1048576,1,1,423,1000,1,1,1,0,0,0,Qwen3-VL-32B-Instruct,"{""count"": 1000}"
IMG_28.jpg,st_a,V1_json,1048576,1,1,423,0,1,1,1,1,0,0,Qwen3-VL-32B-Instruct,"{""count"": 0}"
IMG_28.jpg,st_a,V2_number,1048576,1,1,423,10000,1,1,1,0,0,0,Qwen3-VL-32B-Instruct,10000
IMG_28.jpg,st_a,choice,1048576,1,1,423,1000,1,1,1,0,0,0,Qwen3-VL-32B-Instruct,"{""choice"": ""1000""}"
IMG_27.jpg,st_a,range,1048576,1,1,760,1000,1,1,1,0,0,0,Qwen3-VL-32B-Instruct,"{""low"": 1000, ""high"": 1500}"
IMG_28.jpg,st_a,forbid0n,1048576,1,1,423,1500,1,1,1,0,0,0,Qwen3-VL-32B-Instruct,"{""count"": 1500}"
IMG_28.jpg,st_a,choicen,1048576,1,1,423,10000,1,1,1,0,0,0,Qwen3-VL-32B-Instruct,"{""choice"": ""10000""}"
IMG_28.jpg,st_a,V4_estimate,1048576,1,1,423,5000,1,1,1,0,0,0,Qwen3-VL-32B-Instruct,"{""count"": 5000}"
IMG_28.jpg,st_a,V3_locate,1048576,1,1,423,1000,1,1,1,0,0,0,Qwen3-VL-32B-Instruct,"{""count"": 1000}"
IMG_29.jpg,st_a,base,1048576,1,1,309,100,1,1,1,0,0,0,Qwen3-VL-32B-Instruct,"{""count"": 100}"
IMG_28.jpg,st_a,V5_region,1048576,1,1,423,5000,1,1,1,0,0,0,Qwen3-VL-32B-Instruct,"{""count"": 5000}"
IMG_29.jpg,st_a,forbid0,1048576,1,1,309,100,1,1,1,0,0,0,Qwen3-VL-32B-Instruct,"{""count"": 100}"
IMG_29.jpg,st_a,neutral0,1048576,1,1,309,0,1,1,1,1,0,0,Qwen3-VL-32B-Instruct,"{""count"": 0}"
IMG_29.jpg,st_a,V2_number,1048576,1,1,309,1000,1,1,1,0,0,0,Qwen3-VL-32B-Instruct,1000
IMG_28.jpg,st_a,range,1048576,1,1,423,5000,1,1,1,0,0,0,Qwen3-VL-32B-Instruct,"{""low"": 5000, ""high"": 10000}"
IMG_29.jpg,st_a,choice,1048576,1,1,309,1000,1,1,1,0,0,0,Qwen3-VL-32B-Instruct,"{""choice"": ""1000""}"
IMG_29.jpg,st_a,V3_locate,1048576,1,1,309,0,1,1,1,1,0,0,Qwen3-VL-32B-Instruct,"{""count"": 0}"
IMG_29.jpg,st_a,V1_json,1048576,1,1,309,100,1,1,1,0,0,0,Qwen3-VL-32B-Instruct,"{""count"": 100}"
IMG_29.jpg,st_a,forbid0n,1048576,1,1,309,500,1,1,1,0,0,0,Qwen3-VL-32B-Instruct,"{""count"": 500}"
IMG_29.jpg,st_a,choicen,1048576,1,1,309,5000,1,1,1,0,0,0,Qwen3-VL-32B-Instruct,"{""choice"": ""5000""}"
IMG_3.jpg,st_a,base,1048576,1,1,297,0,1,1,1,1,0,0,Qwen3-VL-32B-Instruct,"{""count"": 0}"
IMG_29.jpg,st_a,range,1048576,1,1,309,500,1,1,1,0,0,0,Qwen3-VL-32B-Instruct,"{""low"": 500, ""high"": 800}"
IMG_29.jpg,st_a,V4_estimate,1048576,1,1,309,1500,1,1,1,0,0,0,Qwen3-VL-32B-Instruct,"{""count"": 1500}"
IMG_3.jpg,st_a,neutral0,1048576,1,1,297,0,1,1,1,1,0,0,Qwen3-VL-32B-Instruct,"{""count"": 0}"
IMG_29.jpg,st_a,V5_region,1048576,1,1,309,1500,1,1,1,0,0,0,Qwen3-VL-32B-Instruct,"{""count"": 1500}"
IMG_3.jpg,st_a,V2_number,1048576,1,1,297,999,1,1,1,0,0,0,Qwen3-VL-32B-Instruct,999
IMG_3.jpg,st_a,forbid0,1048576,1,1,297,1000,1,1,1,0,0,0,Qwen3-VL-32B-Instruct,"{""count"": 1000}"
IMG_3.jpg,st_a,choice,1048576,1,1,297,1000,1,1,1,0,0,0,Qwen3-VL-32B-Instruct,"{""choice"": 1000}"
IMG_3.jpg,st_a,V1_json,1048576,1,1,297,0,1,1,1,1,0,0,Qwen3-VL-32B-Instruct,"{""count"": 0}"
IMG_3.jpg,st_a,V3_locate,1048576,1,1,297,0,1,1,1,1,0,0,Qwen3-VL-32B-Instruct,"{""count"": 0}"
IMG_3.jpg,st_a,forbid0n,1048576,1,1,297,1000,1,1,1,0,0,0,Qwen3-VL-32B-Instruct,"{""count"": 1000}"
IMG_3.jpg,st_a,choicen,1048576,1,1,297,10000,1,1,1,0,0,0,Qwen3-VL-32B-Instruct,"{""choice"": ""10000""}"
IMG_3.jpg,st_a,V5_region,1048576,1,1,297,1500,1,1,1,0,0,0,Qwen3-VL-32B-Instruct,"{""count"": 1500}"
IMG_30.jpg,st_a,base,1048576,1,1,307,300,1,1,1,0,0,0,Qwen3-VL-32B-Instruct,"{""count"": 300}"
IMG_3.jpg,st_a,V4_estimate,1048576,1,1,297,2500,1,1,1,0,0,0,Qwen3-VL-32B-Instruct,"{""count"": 2500}"
IMG_30.jpg,st_a,forbid0,1048576,1,1,307,300,1,1,1,0,0,0,Qwen3-VL-32B-Instruct,"{""count"": 300}"
IMG_30.jpg,st_a,neutral0,1048576,1,1,307,0,1,1,1,1,0,0,Qwen3-VL-32B-Instruct,"{""count"": 0}"
IMG_30.jpg,st_a,V2_number,1048576,1,1,307,1000,1,1,1,0,0,0,Qwen3-VL-32B-Instruct,1000
IMG_30.jpg,st_a,choice,1048576,1,1,307,500,1,1,1,0,0,0,Qwen3-VL-32B-Instruct,"{""choice"": ""500""}"
IMG_30.jpg,st_a,forbid0n,1048576,1,1,307,300,1,1,1,0,0,0,Qwen3-VL-32B-Instruct,"{""count"": 300}"
IMG_3.jpg,st_a,range,1048576,1,1,297,1000,1,1,1,0,0,0,Qwen3-VL-32B-Instruct,"{""low"": 1000, ""high"": 2000}"
IMG_30.jpg,st_a,V3_locate,1048576,1,1,307,0,1,1,1,1,0,0,Qwen3-VL-32B-Instruct,"{""count"": 0}"
IMG_30.jpg,st_a,V1_json,1048576,1,1,307,300,1,1,1,0,0,0,Qwen3-VL-32B-Instruct,"{""count"": 300}"
IMG_30.jpg,st_a,choicen,1048576,1,1,307,1000,1,1,1,0,0,0,Qwen3-VL-32B-Instruct,"{""choice"": ""1000""}"
IMG_30.jpg,st_a,V4_estimate,1048576,1,1,307,500,1,1,1,0,0,0,Qwen3-VL-32B-Instruct,"{""count"": 500}"
IMG_30.jpg,st_a,V5_region,1048576,1,1,307,300,1,1,1,0,0,0,Qwen3-VL-32B-Instruct,"{""count"": 300}"
IMG_31.jpg,st_a,base,1048576,1,1,250,250,1,1,1,0,0,0,Qwen3-VL-32B-Instruct,"{""count"": 250}"
IMG_31.jpg,st_a,forbid0,1048576,1,1,250,300,1,1,1,0,0,0,Qwen3-VL-32B-Instruct,"{""count"": 300}"
IMG_30.jpg,st_a,range,1048576,1,1,307,500,1,1,1,0,0,0,Qwen3-VL-32B-Instruct,"{""low"": 500, ""high"": 700}"
IMG_31.jpg,st_a,V2_number,1048576,1,1,250,1000,1,1,1,0,0,0,Qwen3-VL-32B-Instruct,1000
IMG_31.jpg,st_a,neutral0,1048576,1,1,250,0,1,1,1,1,0,0,Qwen3-VL-32B-Instruct,"{""count"": 0}"
IMG_31.jpg,st_a,choice,1048576,1,1,250,1000,1,1,1,0,0,0,Qwen3-VL-32B-Instruct,"{""choice"": ""1000""}"
IMG_31.jpg,st_a,V3_locate,1048576,1,1,250,0,1,1,1,1,0,0,Qwen3-VL-32B-Instruct,"{""count"": 0}"
IMG_31.jpg,st_a,forbid0n,1048576,1,1,250,300,1,1,1,0,0,0,Qwen3-VL-32B-Instruct,"{""count"": 300}"
IMG_31.jpg,st_a,V1_json,1048576,1,1,250,250,1,1,1,0,0,0,Qwen3-VL-32B-Instruct,"{""count"": 250}"
IMG_32.jpg,st_a,base,1048576,1,1,961,0,1,1,1,1,0,0,Qwen3-VL-32B-Instruct,"{""count"": 0}"
IMG_31.jpg,st_a,choicen,1048576,1,1,250,10000,1,1,1,0,0,0,Qwen3-VL-32B-Instruct,"{""choice"": ""10000""}"
IMG_31.jpg,st_a,V4_estimate,1048576,1,1,250,500,1,1,1,0,0,0,Qwen3-VL-32B-Instruct,"{""count"": 500}"
IMG_31.jpg,st_a,V5_region,1048576,1,1,250,1000,1,1,1,0,0,0,Qwen3-VL-32B-Instruct,"{""count"": 1000}"
IMG_32.jpg,st_a,V2_number,1048576,1,1,961,999,1,1,1,0,0,0,Qwen3-VL-32B-Instruct,999
IMG_32.jpg,st_a,forbid0,1048576,1,1,961,1000,1,1,1,0,0,0,Qwen3-VL-32B-Instruct,"{""count"": 1000}"
IMG_31.jpg,st_a,range,1048576,1,1,250,500,1,1,1,0,0,0,Qwen3-VL-32B-Instruct,"{""low"": 500, ""high"": 700}"
IMG_32.jpg,st_a,V1_json,1048576,1,1,961,0,1,1,1,1,0,0,Qwen3-VL-32B-Instruct,"{""count"": 0}"
IMG_32.jpg,st_a,neutral0,1048576,1,1,961,0,1,1,1,1,0,0,Qwen3-VL-32B-Instruct,"{""count"": 0}"
IMG_32.jpg,st_a,choice,1048576,1,1,961,1000,1,1,1,0,0,0,Qwen3-VL-32B-Instruct,"{""choice"": 1000}"
IMG_32.jpg,st_a,forbid0n,1048576,1,1,961,10000,1,1,1,0,0,0,Qwen3-VL-32B-Instruct,"{""count"": 10000}"
IMG_33.jpg,st_a,base,1048576,1,1,475,0,1,1,1,1,0,0,Qwen3-VL-32B-Instruct,"{""count"": 0}"
IMG_32.jpg,st_a,choicen,1048576,1,1,961,10000,1,1,1,0,0,0,Qwen3-VL-32B-Instruct,"{""choice"": ""10000""}"
IMG_32.jpg,st_a,V3_locate,1048576,1,1,961,1000,1,1,1,0,0,0,Qwen3-VL-32B-Instruct,"{""count"": 1000}"
IMG_32.jpg,st_a,V4_estimate,1048576,1,1,961,5000,1,1,1,0,0,0,Qwen3-VL-32B-Instruct,"{""count"": 5000}"
IMG_32.jpg,st_a,V5_region,1048576,1,1,961,2500,1,1,1,0,0,0,Qwen3-VL-32B-Instruct,"{""count"": 2500}"
IMG_33.jpg,st_a,forbid0,1048576,1,1,475,500,1,1,1,0,0,0,Qwen3-VL-32B-Instruct,"{""count"": 500}"
IMG_33.jpg,st_a,neutral0,1048576,1,1,475,0,1,1,1,1,0,0,Qwen3-VL-32B-Instruct,"{""count"": 0}"
IMG_33.jpg,st_a,V2_number,1048576,1,1,475,1000,1,1,1,0,0,0,Qwen3-VL-32B-Instruct,1000
IMG_33.jpg,st_a,choice,1048576,1,1,475,1000,1,1,1,0,0,0,Qwen3-VL-32B-Instruct,"{""choice"": ""1000""}"
IMG_32.jpg,st_a,range,1048576,1,1,961,5000,1,1,1,0,0,0,Qwen3-VL-32B-Instruct,"{""low"": 5000, ""high"": 10000}"
IMG_33.jpg,st_a,V1_json,1048576,1,1,475,0,1,1,1,1,0,0,Qwen3-VL-32B-Instruct,"{""count"": 0}"
IMG_33.jpg,st_a,forbid0n,1048576,1,1,475,1000,1,1,1,0,0,0,Qwen3-VL-32B-Instruct,"{""count"": 1000}"
IMG_33.jpg,st_a,choicen,1048576,1,1,475,5000,1,1,1,0,0,0,Qwen3-VL-32B-Instruct,"{""choice"": ""5000""}"
IMG_33.jpg,st_a,V3_locate,1048576,1,1,475,0,1,1,1,1,0,0,Qwen3-VL-32B-Instruct,"{""count"": 0}"
IMG_34.jpg,st_a,V2_number,1048576,1,1,89,50,1,1,1,0,0,0,Qwen3-VL-32B-Instruct,50
IMG_34.jpg,st_a,base,1048576,1,1,89,100,1,1,1,0,0,0,Qwen3-VL-32B-Instruct,"{""count"": 100}"
IMG_34.jpg,st_a,neutral0,1048576,1,1,89,0,1,1,1,1,0,0,Qwen3-VL-32B-Instruct,"{""count"": 0}"
IMG_33.jpg,st_a,V4_estimate,1048576,1,1,475,2000,1,1,1,0,0,0,Qwen3-VL-32B-Instruct,"{""count"": 2000}"
IMG_34.jpg,st_a,forbid0,1048576,1,1,89,100,1,1,1,0,0,0,Qwen3-VL-32B-Instruct,"{""count"": 100}"
IMG_34.jpg,st_a,choice,1048576,1,1,89,100,1,1,1,0,0,0,Qwen3-VL-32B-Instruct,"{""choice"": 100}"
IMG_33.jpg,st_a,V5_region,1048576,1,1,475,1500,1,1,1,0,0,0,Qwen3-VL-32B-Instruct,"{""count"": 1500}"
IMG_34.jpg,st_a,forbid0n,1048576,1,1,89,100,1,1,1,0,0,0,Qwen3-VL-32B-Instruct,"{""count"": 100}"
IMG_33.jpg,st_a,range,1048576,1,1,475,1500,1,1,1,0,0,0,Qwen3-VL-32B-Instruct,"{""low"": 1500, ""high"": 2500}"
IMG_34.jpg,st_a,choicen,1048576,1,1,89,1000,1,1,1,0,0,0,Qwen3-VL-32B-Instruct,"{""choice"": ""1000""}"
IMG_34.jpg,st_a,V1_json,1048576,1,1,89,100,1,1,1,0,0,0,Qwen3-VL-32B-Instruct,"{""count"": 100}"
IMG_34.jpg,st_a,V3_locate,1048576,1,1,89,100,1,1,1,0,0,0,Qwen3-VL-32B-Instruct,"{""count"": 100}"
IMG_34.jpg,st_a,V4_estimate,1048576,1,1,89,150,1,1,1,0,0,0,Qwen3-VL-32B-Instruct,"{""count"": 150}"
IMG_34.jpg,st_a,V5_region,1048576,1,1,89,150,1,1,1,0,0,0,Qwen3-VL-32B-Instruct,"{""count"": 150}"
IMG_35.jpg,st_a,base,1048576,1,1,567,1000,1,1,1,0,0,0,Qwen3-VL-32B-Instruct,"{""count"": 1000}"
IMG_34.jpg,st_a,range,1048576,1,1,89,100,1,1,1,0,0,0,Qwen3-VL-32B-Instruct,"{""low"": 100, ""high"": 150}"
IMG_35.jpg,st_a,V2_number,1048576,1,1,567,1000,1,1,1,0,0,0,Qwen3-VL-32B-Instruct,1000
IMG_35.jpg,st_a,neutral0,1048576,1,1,567,0,1,1,1,1,0,0,Qwen3-VL-32B-Instruct,"{""count"": 0}"
IMG_35.jpg,st_a,forbid0,1048576,1,1,567,1000,1,1,1,0,0,0,Qwen3-VL-32B-Instruct,"{""count"": 1000}"
IMG_35.jpg,st_a,V3_locate,1048576,1,1,567,0,1,1,1,1,0,0,Qwen3-VL-32B-Instruct,"{""count"": 0}"
IMG_35.jpg,st_a,choice,1048576,1,1,567,1000,1,1,1,0,0,0,Qwen3-VL-32B-Instruct,"{""choice"": ""1000""}"
IMG_35.jpg,st_a,V1_json,1048576,1,1,567,1000,1,1,1,0,0,0,Qwen3-VL-32B-Instruct,"{""count"": 1000}"
IMG_35.jpg,st_a,forbid0n,1048576,1,1,567,1000,1,1,1,0,0,0,Qwen3-VL-32B-Instruct,"{""count"": 1000}"
IMG_35.jpg,st_a,choicen,1048576,1,1,567,10000,1,1,1,0,0,0,Qwen3-VL-32B-Instruct,"{""choice"": ""10000""}"
IMG_36.jpg,st_a,base,1048576,1,1,1266,0,1,1,1,1,0,0,Qwen3-VL-32B-Instruct,"{""count"": 0}"
IMG_35.jpg,st_a,V4_estimate,1048576,1,1,567,5000,1,1,1,0,0,0,Qwen3-VL-32B-Instruct,"{""count"": 5000}"
IMG_35.jpg,st_a,V5_region,1048576,1,1,567,5000,1,1,1,0,0,0,Qwen3-VL-32B-Instruct,"{""count"": 5000}"
IMG_36.jpg,st_a,forbid0,1048576,1,1,1266,1000,1,1,1,0,0,0,Qwen3-VL-32B-Instruct,"{""count"": 1000}"
IMG_36.jpg,st_a,neutral0,1048576,1,1,1266,0,1,1,1,1,0,0,Qwen3-VL-32B-Instruct,"{""count"": 0}"
IMG_36.jpg,st_a,V2_number,1048576,1,1,1266,1000,1,1,1,0,0,0,Qwen3-VL-32B-Instruct,1000
IMG_36.jpg,st_a,choice,1048576,1,1,1266,1000,1,1,1,0,0,0,Qwen3-VL-32B-Instruct,"{""choice"": ""1000""}"
IMG_36.jpg,st_a,V1_json,1048576,1,1,1266,0,1,1,1,1,0,0,Qwen3-VL-32B-Instruct,"{""count"": 0}"
IMG_36.jpg,st_a,V3_locate,1048576,1,1,1266,0,1,1,1,1,0,0,Qwen3-VL-32B-Instruct,"{""count"": 0}"
IMG_36.jpg,st_a,forbid0n,1048576,1,1,1266,2500,1,1,1,0,0,0,Qwen3-VL-32B-Instruct,"{""count"": 2500}"
IMG_35.jpg,st_a,range,1048576,1,1,567,5000,1,1,1,0,0,0,Qwen3-VL-32B-Instruct,"{""low"": 5000, ""high"": 10000}"
IMG_36.jpg,st_a,choicen,1048576,1,1,1266,5000,1,1,1,0,0,0,Qwen3-VL-32B-Instruct,"{""choice"": ""5000""}"
IMG_36.jpg,st_a,V5_region,1048576,1,1,1266,2500,1,1,1,0,0,0,Qwen3-VL-32B-Instruct,"{""count"": 2500}"
IMG_36.jpg,st_a,V4_estimate,1048576,1,1,1266,5000,1,1,1,0,0,0,Qwen3-VL-32B-Instruct,"{""count"": 5000}"
IMG_37.jpg,st_a,forbid0,1048576,1,1,195,200,1,1,1,0,0,0,Qwen3-VL-32B-Instruct,"{""count"": 200}"
IMG_37.jpg,st_a,base,1048576,1,1,195,100,1,1,1,0,0,0,Qwen3-VL-32B-Instruct,"{""count"": 100}"
IMG_36.jpg,st_a,range,1048576,1,1,1266,2000,1,1,1,0,0,0,Qwen3-VL-32B-Instruct,"{""low"": 2000, ""high"": 3000}"
IMG_37.jpg,st_a,choice,1048576,1,1,195,500,1,1,1,0,0,0,Qwen3-VL-32B-Instruct,"{""choice"": ""500""}"
IMG_37.jpg,st_a,neutral0,1048576,1,1,195,0,1,1,1,1,0,0,Qwen3-VL-32B-Instruct,"{""count"": 0}"
IMG_37.jpg,st_a,V2_number,1048576,1,1,195,1000,1,1,1,0,0,0,Qwen3-VL-32B-Instruct,1000
IMG_37.jpg,st_a,V3_locate,1048576,1,1,195,0,1,1,1,1,0,0,Qwen3-VL-32B-Instruct,"{""count"": 0}"
IMG_37.jpg,st_a,forbid0n,1048576,1,1,195,300,1,1,1,0,0,0,Qwen3-VL-32B-Instruct,"{""count"": 300}"
IMG_37.jpg,st_a,choicen,1048576,1,1,195,5000,1,1,1,0,0,0,Qwen3-VL-32B-Instruct,"{""choice"": ""5000""}"
IMG_37.jpg,st_a,V4_estimate,1048576,1,1,195,500,1,1,1,0,0,0,Qwen3-VL-32B-Instruct,"{""count"": 500}"
IMG_37.jpg,st_a,V1_json,1048576,1,1,195,100,1,1,1,0,0,0,Qwen3-VL-32B-Instruct,"{""count"": 100}"
IMG_37.jpg,st_a,V5_region,1048576,1,1,195,1000,1,1,1,0,0,0,Qwen3-VL-32B-Instruct,"{""count"": 1000}"
IMG_38.jpg,st_a,base,1048576,1,1,717,1000,1,1,1,0,0,0,Qwen3-VL-32B-Instruct,"{""count"": 1000}"
IMG_37.jpg,st_a,range,1048576,1,1,195,500,1,1,1,0,0,0,Qwen3-VL-32B-Instruct,"{""low"": 500, ""high"": 800}"
IMG_38.jpg,st_a,V2_number,1048576,1,1,717,999,1,1,1,0,0,0,Qwen3-VL-32B-Instruct,999
IMG_38.jpg,st_a,neutral0,1048576,1,1,717,0,1,1,1,1,0,0,Qwen3-VL-32B-Instruct,"{""count"": 0}"
IMG_38.jpg,st_a,forbid0,1048576,1,1,717,1000,1,1,1,0,0,0,Qwen3-VL-32B-Instruct,"{""count"": 1000}"
IMG_38.jpg,st_a,choice,1048576,1,1,717,1000,1,1,1,0,0,0,Qwen3-VL-32B-Instruct,"{""choice"": ""1000""}"
IMG_38.jpg,st_a,forbid0n,1048576,1,1,717,1000,1,1,1,0,0,0,Qwen3-VL-32B-Instruct,"{""count"": 1000}"
IMG_38.jpg,st_a,choicen,1048576,1,1,717,10000,1,1,1,0,0,0,Qwen3-VL-32B-Instruct,"{""choice"": ""10000""}"
IMG_38.jpg,st_a,V1_json,1048576,1,1,717,1000,1,1,1,0,0,0,Qwen3-VL-32B-Instruct,"{""count"": 1000}"
IMG_38.jpg,st_a,V3_locate,1048576,1,1,717,1000,1,1,1,0,0,0,Qwen3-VL-32B-Instruct,"{""count"": 1000}"
IMG_38.jpg,st_a,V4_estimate,1048576,1,1,717,5000,1,1,1,0,0,0,Qwen3-VL-32B-Instruct,"{""count"": 5000}"
IMG_38.jpg,st_a,V5_region,1048576,1,1,717,1500,1,1,1,0,0,0,Qwen3-VL-32B-Instruct,"{""count"": 1500}"
IMG_39.jpg,st_a,forbid0,1048576,1,1,196,150,1,1,1,0,0,0,Qwen3-VL-32B-Instruct,"{""count"": 150}"
IMG_39.jpg,st_a,neutral0,1048576,1,1,196,0,1,1,1,1,0,0,Qwen3-VL-32B-Instruct,"{""count"": 0}"
IMG_39.jpg,st_a,base,1048576,1,1,196,150,1,1,1,0,0,0,Qwen3-VL-32B-Instruct,"{""count"": 150}"
IMG_39.jpg,st_a,V2_number,1048576,1,1,196,150,1,1,1,0,0,0,Qwen3-VL-32B-Instruct,150
IMG_38.jpg,st_a,range,1048576,1,1,717,5000,1,1,1,0,0,0,Qwen3-VL-32B-Instruct,"{""low"": 5000, ""high"": 7000}"
IMG_39.jpg,st_a,choice,1048576,1,1,196,500,1,1,1,0,0,0,Qwen3-VL-32B-Instruct,"{""choice"": ""500""}"
IMG_39.jpg,st_a,forbid0n,1048576,1,1,196,250,1,1,1,0,0,0,Qwen3-VL-32B-Instruct,"{""count"": 250}"
IMG_39.jpg,st_a,choicen,1048576,1,1,196,500,1,1,1,0,0,0,Qwen3-VL-32B-Instruct,"{""choice"": ""500""}"
IMG_39.jpg,st_a,V1_json,1048576,1,1,196,150,1,1,1,0,0,0,Qwen3-VL-32B-Instruct,"{""count"": 150}"
IMG_39.jpg,st_a,V3_locate,1048576,1,1,196,150,1,1,1,0,0,0,Qwen3-VL-32B-Instruct,"{""count"": 150}"
IMG_39.jpg,st_a,V4_estimate,1048576,1,1,196,250,1,1,1,0,0,0,Qwen3-VL-32B-Instruct,"{""count"": 250}"
IMG_39.jpg,st_a,V5_region,1048576,1,1,196,250,1,1,1,0,0,0,Qwen3-VL-32B-Instruct,"{""count"": 250}"
IMG_4.jpg,st_a,V2_number,1048576,1,1,170,100,1,1,1,0,0,0,Qwen3-VL-32B-Instruct,100
IMG_39.jpg,st_a,range,1048576,1,1,196,200,1,1,1,0,0,0,Qwen3-VL-32B-Instruct,"{""low"": 200, ""high"": 300}"
IMG_4.jpg,st_a,neutral0,1048576,1,1,170,0,1,1,1,1,0,0,Qwen3-VL-32B-Instruct,"{""count"": 0}"
IMG_4.jpg,st_a,forbid0,1048576,1,1,170,200,1,1,1,0,0,0,Qwen3-VL-32B-Instruct,"{""count"": 200}"
IMG_4.jpg,st_a,base,1048576,1,1,170,150,1,1,1,0,0,0,Qwen3-VL-32B-Instruct,"{""count"": 150}"
IMG_4.jpg,st_a,choice,1048576,1,1,170,500,1,1,1,0,0,0,Qwen3-VL-32B-Instruct,"{""choice"": ""500""}"
IMG_4.jpg,st_a,forbid0n,1048576,1,1,170,250,1,1,1,0,0,0,Qwen3-VL-32B-Instruct,"{""count"": 250}"
IMG_4.jpg,st_a,choicen,1048576,1,1,170,500,1,1,1,0,0,0,Qwen3-VL-32B-Instruct,"{""choice"": ""500""}"
IMG_4.jpg,st_a,V3_locate,1048576,1,1,170,200,1,1,1,0,0,0,Qwen3-VL-32B-Instruct,"{""count"": 200}"
IMG_4.jpg,st_a,V1_json,1048576,1,1,170,150,1,1,1,0,0,0,Qwen3-VL-32B-Instruct,"{""count"": 150}"
IMG_4.jpg,st_a,V4_estimate,1048576,1,1,170,250,1,1,1,0,0,0,Qwen3-VL-32B-Instruct,"{""count"": 250}"
IMG_4.jpg,st_a,V5_region,1048576,1,1,170,250,1,1,1,0,0,0,Qwen3-VL-32B-Instruct,"{""count"": 250}"
IMG_40.jpg,st_a,base,1048576,1,1,236,0,1,1,1,1,0,0,Qwen3-VL-32B-Instruct,"{""count"": 0}"
IMG_40.jpg,st_a,V2_number,1048576,1,1,236,999,1,1,1,0,0,0,Qwen3-VL-32B-Instruct,999
IMG_40.jpg,st_a,neutral0,1048576,1,1,236,0,1,1,1,1,0,0,Qwen3-VL-32B-Instruct,"{""count"": 0}"
IMG_40.jpg,st_a,V1_json,1048576,1,1,236,0,1,1,1,1,0,0,Qwen3-VL-32B-Instruct,"{""count"": 0}"
IMG_4.jpg,st_a,range,1048576,1,1,170,200,1,1,1,0,0,0,Qwen3-VL-32B-Instruct,"{""low"": 200, ""high"": 300}"
IMG_40.jpg,st_a,forbid0,1048576,1,1,236,500,1,1,1,0,0,0,Qwen3-VL-32B-Instruct,"{""count"": 500}"
IMG_40.jpg,st_a,forbid0n,1048576,1,1,236,500,1,1,1,0,0,0,Qwen3-VL-32B-Instruct,"{""count"": 500}"
IMG_40.jpg,st_a,V3_locate,1048576,1,1,236,0,1,1,1,1,0,0,Qwen3-VL-32B-Instruct,"{""count"": 0}"
IMG_40.jpg,st_a,choice,1048576,1,1,236,1000,1,1,1,0,0,0,Qwen3-VL-32B-Instruct,"{""choice"": ""1000""}"
IMG_40.jpg,st_a,choicen,1048576,1,1,236,5000,1,1,1,0,0,0,Qwen3-VL-32B-Instruct,"{""choice"": ""5000""}"
IMG_40.jpg,st_a,V4_estimate,1048576,1,1,236,1500,1,1,1,0,0,0,Qwen3-VL-32B-Instruct,"{""count"": 1500}"
IMG_40.jpg,st_a,V5_region,1048576,1,1,236,1500,1,1,1,0,0,0,Qwen3-VL-32B-Instruct,"{""count"": 1500}"
IMG_41.jpg,st_a,base,1048576,1,1,249,100,1,1,1,0,0,0,Qwen3-VL-32B-Instruct,"{""count"": 100}"
IMG_41.jpg,st_a,forbid0,1048576,1,1,249,100,1,1,1,0,0,0,Qwen3-VL-32B-Instruct,"{""count"": 100}"
IMG_41.jpg,st_a,neutral0,1048576,1,1,249,0,1,1,1,1,0,0,Qwen3-VL-32B-Instruct,"{""count"": 0}"
IMG_41.jpg,st_a,V2_number,1048576,1,1,249,100,1,1,1,0,0,0,Qwen3-VL-32B-Instruct,100
IMG_41.jpg,st_a,choice,1048576,1,1,249,500,1,1,1,0,0,0,Qwen3-VL-32B-Instruct,"{""choice"": ""500""}"
IMG_41.jpg,st_a,forbid0n,1048576,1,1,249,250,1,1,1,0,0,0,Qwen3-VL-32B-Instruct,"{""count"": 250}"
IMG_41.jpg,st_a,V1_json,1048576,1,1,249,100,1,1,1,0,0,0,Qwen3-VL-32B-Instruct,"{""count"": 100}"
IMG_41.jpg,st_a,V3_locate,1048576,1,1,249,0,1,1,1,1,0,0,Qwen3-VL-32B-Instruct,"{""count"": 0}"
IMG_41.jpg,st_a,choicen,1048576,1,1,249,1000,1,1,1,0,0,0,Qwen3-VL-32B-Instruct,"{""choice"": ""1000""}"
IMG_40.jpg,st_a,range,1048576,1,1,236,1000,1,1,1,0,0,0,Qwen3-VL-32B-Instruct,"{""low"": 1000, ""high"": 1500}"
IMG_42.jpg,st_a,base,1048576,1,1,797,0,1,1,1,1,0,0,Qwen3-VL-32B-Instruct,"{""count"": 0}"
IMG_41.jpg,st_a,V4_estimate,1048576,1,1,249,300,1,1,1,0,0,0,Qwen3-VL-32B-Instruct,"{""count"": 300}"
IMG_41.jpg,st_a,V5_region,1048576,1,1,249,500,1,1,1,0,0,0,Qwen3-VL-32B-Instruct,"{""count"": 500}"
IMG_41.jpg,st_a,range,1048576,1,1,249,200,1,1,1,0,0,0,Qwen3-VL-32B-Instruct,"{""low"": 200, ""high"": 300}"
IMG_42.jpg,st_a,neutral0,1048576,1,1,797,0,1,1,1,1,0,0,Qwen3-VL-32B-Instruct,"{""count"": 0}"
IMG_42.jpg,st_a,V1_json,1048576,1,1,797,0,1,1,1,1,0,0,Qwen3-VL-32B-Instruct,"{""count"": 0}"
IMG_42.jpg,st_a,forbid0,1048576,1,1,797,1000,1,1,1,0,0,0,Qwen3-VL-32B-Instruct,"{""count"": 1000}"
IMG_42.jpg,st_a,V2_number,1048576,1,1,797,10000,1,1,1,0,0,0,Qwen3-VL-32B-Instruct,10000
IMG_42.jpg,st_a,choice,1048576,1,1,797,1000,1,1,1,0,0,0,Qwen3-VL-32B-Instruct,"{""choice"": ""1000""}"
IMG_42.jpg,st_a,choicen,1048576,1,1,797,10000,1,1,1,0,0,0,Qwen3-VL-32B-Instruct,"{""choice"": ""10000""}"
IMG_42.jpg,st_a,forbid0n,1048576,1,1,797,10000,1,1,1,0,0,0,Qwen3-VL-32B-Instruct,"{""count"": 10000}"
IMG_43.jpg,st_a,base,1048576,1,1,116,45,1,1,1,0,0,0,Qwen3-VL-32B-Instruct,"{""count"": 45}"
IMG_43.jpg,st_a,forbid0,1048576,1,1,116,50,1,1,1,0,0,0,Qwen3-VL-32B-Instruct,"{""count"": 50}"
IMG_42.jpg,st_a,V3_locate,1048576,1,1,797,1000,1,1,1,0,0,0,Qwen3-VL-32B-Instruct,"{""count"": 1000}"
IMG_43.jpg,st_a,V2_number,1048576,1,1,116,50,1,1,1,0,0,0,Qwen3-VL-32B-Instruct,50
IMG_42.jpg,st_a,V4_estimate,1048576,1,1,797,5000,1,1,1,0,0,0,Qwen3-VL-32B-Instruct,"{""count"": 5000}"
IMG_42.jpg,st_a,V5_region,1048576,1,1,797,5000,1,1,1,0,0,0,Qwen3-VL-32B-Instruct,"{""count"": 5000}"
IMG_43.jpg,st_a,neutral0,1048576,1,1,116,0,1,1,1,1,0,0,Qwen3-VL-32B-Instruct,"{""count"": 0}"
IMG_43.jpg,st_a,choice,1048576,1,1,116,100,1,1,1,0,0,0,Qwen3-VL-32B-Instruct,"{""choice"": 100}"
IMG_43.jpg,st_a,forbid0n,1048576,1,1,116,58,1,1,1,0,0,0,Qwen3-VL-32B-Instruct,"{""count"": 58}"
IMG_43.jpg,st_a,V1_json,1048576,1,1,116,45,1,1,1,0,0,0,Qwen3-VL-32B-Instruct,"{""count"": 45}"
IMG_43.jpg,st_a,choicen,1048576,1,1,116,500,1,1,1,0,0,0,Qwen3-VL-32B-Instruct,"{""choice"": ""500""}"
IMG_43.jpg,st_a,V3_locate,1048576,1,1,116,0,1,1,1,1,0,0,Qwen3-VL-32B-Instruct,"{""count"": 0}"
IMG_42.jpg,st_a,range,1048576,1,1,797,5000,1,1,1,0,0,0,Qwen3-VL-32B-Instruct,"{""low"": 5000, ""high"": 7000}"
IMG_43.jpg,st_a,V4_estimate,1048576,1,1,116,150,1,1,1,0,0,0,Qwen3-VL-32B-Instruct,"{""count"": 150}"
IMG_43.jpg,st_a,V5_region,1048576,1,1,116,150,1,1,1,0,0,0,Qwen3-VL-32B-Instruct,"{""count"": 150}"
IMG_44.jpg,st_a,V2_number,1048576,1,1,366,300,1,1,1,0,0,0,Qwen3-VL-32B-Instruct,300
IMG_43.jpg,st_a,range,1048576,1,1,116,100,1,1,1,0,0,0,Qwen3-VL-32B-Instruct,"{""low"": 100, ""high"": 150}"
IMG_44.jpg,st_a,neutral0,1048576,1,1,366,0,1,1,1,1,0,0,Qwen3-VL-32B-Instruct,"{""count"": 0}"
IMG_44.jpg,st_a,base,1048576,1,1,366,300,1,1,1,0,0,0,Qwen3-VL-32B-Instruct,"{""count"": 300}"
IMG_44.jpg,st_a,forbid0,1048576,1,1,366,300,1,1,1,0,0,0,Qwen3-VL-32B-Instruct,"{""count"": 300}"
IMG_44.jpg,st_a,forbid0n,1048576,1,1,366,500,1,1,1,0,0,0,Qwen3-VL-32B-Instruct,"{""count"": 500}"
IMG_44.jpg,st_a,choice,1048576,1,1,366,500,1,1,1,0,0,0,Qwen3-VL-32B-Instruct,"{""choice"": ""500""}"
IMG_44.jpg,st_a,V1_json,1048576,1,1,366,300,1,1,1,0,0,0,Qwen3-VL-32B-Instruct,"{""count"": 300}"
IMG_44.jpg,st_a,V3_locate,1048576,1,1,366,0,1,1,1,1,0,0,Qwen3-VL-32B-Instruct,"{""count"": 0}"
IMG_45.jpg,st_a,base,1048576,1,1,138,0,1,1,1,1,0,0,Qwen3-VL-32B-Instruct,"{""count"": 0}"
IMG_44.jpg,st_a,V4_estimate,1048576,1,1,366,500,1,1,1,0,0,0,Qwen3-VL-32B-Instruct,"{""count"": 500}"
IMG_44.jpg,st_a,choicen,1048576,1,1,366,500,1,1,1,0,0,0,Qwen3-VL-32B-Instruct,"{""choice"": ""500-1000""}"
IMG_44.jpg,st_a,V5_region,1048576,1,1,366,500,1,1,1,0,0,0,Qwen3-VL-32B-Instruct,"{""count"": 500}"
IMG_45.jpg,st_a,V2_number,1048576,1,1,138,100,1,1,1,0,0,0,Qwen3-VL-32B-Instruct,100
IMG_45.jpg,st_a,neutral0,1048576,1,1,138,0,1,1,1,1,0,0,Qwen3-VL-32B-Instruct,"{""count"": 0}"
IMG_45.jpg,st_a,forbid0,1048576,1,1,138,150,1,1,1,0,0,0,Qwen3-VL-32B-Instruct,"{""count"": 150}"
IMG_45.jpg,st_a,choice,1048576,1,1,138,500,1,1,1,0,0,0,Qwen3-VL-32B-Instruct,"{""choice"": ""500""}"
IMG_44.jpg,st_a,range,1048576,1,1,366,500,1,1,1,0,0,0,Qwen3-VL-32B-Instruct,"{""low"": 500, ""high"": 800}"
IMG_45.jpg,st_a,V1_json,1048576,1,1,138,0,1,1,1,1,0,0,Qwen3-VL-32B-Instruct,"{""count"": 0}"
IMG_45.jpg,st_a,V3_locate,1048576,1,1,138,0,1,1,1,1,0,0,Qwen3-VL-32B-Instruct,"{""count"": 0}"
IMG_45.jpg,st_a,forbid0n,1048576,1,1,138,200,1,1,1,0,0,0,Qwen3-VL-32B-Instruct,"{""count"": 200}"
IMG_45.jpg,st_a,choicen,1048576,1,1,138,500,1,1,1,0,0,0,Qwen3-VL-32B-Instruct,"{""choice"": ""500""}"
IMG_45.jpg,st_a,V4_estimate,1048576,1,1,138,500,1,1,1,0,0,0,Qwen3-VL-32B-Instruct,"{""count"": 500}"
IMG_45.jpg,st_a,V5_region,1048576,1,1,138,500,1,1,1,0,0,0,Qwen3-VL-32B-Instruct,"{""count"": 500}"
IMG_46.jpg,st_a,V2_number,1048576,1,1,373,300,1,1,1,0,0,0,Qwen3-VL-32B-Instruct,300
IMG_46.jpg,st_a,base,1048576,1,1,373,300,1,1,1,0,0,0,Qwen3-VL-32B-Instruct,"{""count"": 300}"
IMG_46.jpg,st_a,neutral0,1048576,1,1,373,0,1,1,1,1,0,0,Qwen3-VL-32B-Instruct,"{""count"": 0}"
IMG_45.jpg,st_a,range,1048576,1,1,138,500,1,1,1,0,0,0,Qwen3-VL-32B-Instruct,"{""low"": 500, ""high"": 800}"
IMG_46.jpg,st_a,choice,1048576,1,1,373,500,1,1,1,0,0,0,Qwen3-VL-32B-Instruct,"{""choice"": ""500""}"
IMG_46.jpg,st_a,forbid0,1048576,1,1,373,300,1,1,1,0,0,0,Qwen3-VL-32B-Instruct,"{""count"": 300}"
IMG_46.jpg,st_a,forbid0n,1048576,1,1,373,500,1,1,1,0,0,0,Qwen3-VL-32B-Instruct,"{""count"": 500}"
IMG_46.jpg,st_a,V3_locate,1048576,1,1,373,0,1,1,1,1,0,0,Qwen3-VL-32B-Instruct,"{""count"": 0}"
IMG_46.jpg,st_a,choicen,1048576,1,1,373,1000,1,1,1,0,0,0,Qwen3-VL-32B-Instruct,"{""choice"": ""1000""}"
IMG_46.jpg,st_a,V1_json,1048576,1,1,373,300,1,1,1,0,0,0,Qwen3-VL-32B-Instruct,"{""count"": 300}"
IMG_46.jpg,st_a,V4_estimate,1048576,1,1,373,500,1,1,1,0,0,0,Qwen3-VL-32B-Instruct,"{""count"": 500}"
IMG_46.jpg,st_a,V5_region,1048576,1,1,373,500,1,1,1,0,0,0,Qwen3-VL-32B-Instruct,"{""count"": 500}"
IMG_47.jpg,st_a,base,1048576,1,1,316,1024,1,1,1,0,0,0,Qwen3-VL-32B-Instruct,"{""count"": 1024}"
IMG_47.jpg,st_a,V2_number,1048576,1,1,316,1000,1,1,1,0,0,0,Qwen3-VL-32B-Instruct,1000
IMG_47.jpg,st_a,forbid0,1048576,1,1,316,1024,1,1,1,0,0,0,Qwen3-VL-32B-Instruct,"{""count"": 1024}"
IMG_46.jpg,st_a,range,1048576,1,1,373,500,1,1,1,0,0,0,Qwen3-VL-32B-Instruct,"{""low"": 500, ""high"": 700}"
IMG_47.jpg,st_a,neutral0,1048576,1,1,316,0,1,1,1,1,0,0,Qwen3-VL-32B-Instruct,"{""count"": 0}"
IMG_47.jpg,st_a,V3_locate,1048576,1,1,316,0,1,1,1,1,0,0,Qwen3-VL-32B-Instruct,"{""count"": 0}"
IMG_47.jpg,st_a,choice,1048576,1,1,316,1000,1,1,1,0,0,0,Qwen3-VL-32B-Instruct,"{""choice"": ""1000""}"
IMG_47.jpg,st_a,forbid0n,1048576,1,1,316,1024,1,1,1,0,0,0,Qwen3-VL-32B-Instruct,"{""count"": 1024}"
IMG_47.jpg,st_a,V1_json,1048576,1,1,316,1024,1,1,1,0,0,0,Qwen3-VL-32B-Instruct,"{""count"": 1024}"
IMG_47.jpg,st_a,choicen,1048576,1,1,316,10000,1,1,1,0,0,0,Qwen3-VL-32B-Instruct,"{""choice"": ""10000""}"
IMG_47.jpg,st_a,V4_estimate,1048576,1,1,316,1500,1,1,1,0,0,0,Qwen3-VL-32B-Instruct,"{""count"": 1500}"
IMG_48.jpg,st_a,base,1048576,1,1,384,300,1,1,1,0,0,0,Qwen3-VL-32B-Instruct,"{""count"": 300}"
IMG_48.jpg,st_a,forbid0,1048576,1,1,384,300,1,1,1,0,0,0,Qwen3-VL-32B-Instruct,"{""count"": 300}"
IMG_47.jpg,st_a,V5_region,1048576,1,1,316,1000,1,1,1,0,0,0,Qwen3-VL-32B-Instruct,"{""count"": 1000}"
IMG_48.jpg,st_a,neutral0,1048576,1,1,384,0,1,1,1,1,0,0,Qwen3-VL-32B-Instruct,"{""count"": 0}"
IMG_48.jpg,st_a,V2_number,1048576,1,1,384,1000,1,1,1,0,0,0,Qwen3-VL-32B-Instruct,1000
IMG_47.jpg,st_a,range,1048576,1,1,316,1000,1,1,1,0,0,0,Qwen3-VL-32B-Instruct,"{""low"": 1000, ""high"": 1500}"
IMG_48.jpg,st_a,choice,1048576,1,1,384,1000,1,1,1,0,0,0,Qwen3-VL-32B-Instruct,"{""choice"": ""1000""}"
IMG_48.jpg,st_a,forbid0n,1048576,1,1,384,523,1,1,1,0,0,0,Qwen3-VL-32B-Instruct,"{""count"": 523}"
IMG_48.jpg,st_a,V1_json,1048576,1,1,384,300,1,1,1,0,0,0,Qwen3-VL-32B-Instruct,"{""count"": 300}"
IMG_48.jpg,st_a,V3_locate,1048576,1,1,384,0,1,1,1,1,0,0,Qwen3-VL-32B-Instruct,"{""count"": 0}"
IMG_48.jpg,st_a,choicen,1048576,1,1,384,10000,1,1,1,0,0,0,Qwen3-VL-32B-Instruct,"{""choice"": ""10000""}"
IMG_49.jpg,st_a,base,1048576,1,1,511,0,1,1,1,1,0,0,Qwen3-VL-32B-Instruct,"{""count"": 0}"
IMG_48.jpg,st_a,V4_estimate,1048576,1,1,384,1200,1,1,1,0,0,0,Qwen3-VL-32B-Instruct,"{""count"": 1200}"
IMG_49.jpg,st_a,neutral0,1048576,1,1,511,0,1,1,1,1,0,0,Qwen3-VL-32B-Instruct,"{""count"": 0}"
IMG_48.jpg,st_a,V5_region,1048576,1,1,384,1024,1,1,1,0,0,0,Qwen3-VL-32B-Instruct,"{""count"": 1024}"
IMG_48.jpg,st_a,range,1048576,1,1,384,800,1,1,1,0,0,0,Qwen3-VL-32B-Instruct,"{""low"": 800, ""high"": 1000}"
IMG_49.jpg,st_a,V2_number,1048576,1,1,511,1000,1,1,1,0,0,0,Qwen3-VL-32B-Instruct,1000
IMG_49.jpg,st_a,forbid0,1048576,1,1,511,1000,1,1,1,0,0,0,Qwen3-VL-32B-Instruct,"{""count"": 1000}"
IMG_49.jpg,st_a,V1_json,1048576,1,1,511,0,1,1,1,1,0,0,Qwen3-VL-32B-Instruct,"{""count"": 0}"
IMG_49.jpg,st_a,choice,1048576,1,1,511,1000,1,1,1,0,0,0,Qwen3-VL-32B-Instruct,"{""choice"": ""1000""}"
IMG_49.jpg,st_a,V3_locate,1048576,1,1,511,0,1,1,1,1,0,0,Qwen3-VL-32B-Instruct,"{""count"": 0}"
IMG_49.jpg,st_a,forbid0n,1048576,1,1,511,1000,1,1,1,0,0,0,Qwen3-VL-32B-Instruct,"{""count"": 1000}"
IMG_49.jpg,st_a,choicen,1048576,1,1,511,5000,1,1,1,0,0,0,Qwen3-VL-32B-Instruct,"{""choice"": ""5000""}"
IMG_49.jpg,st_a,V4_estimate,1048576,1,1,511,1500,1,1,1,0,0,0,Qwen3-VL-32B-Instruct,"{""count"": 1500}"
IMG_49.jpg,st_a,V5_region,1048576,1,1,511,1500,1,1,1,0,0,0,Qwen3-VL-32B-Instruct,"{""count"": 1500}"
IMG_5.jpg,st_a,V2_number,1048576,1,1,817,1000,1,1,1,0,0,0,Qwen3-VL-32B-Instruct,1000
IMG_5.jpg,st_a,neutral0,1048576,1,1,817,0,1,1,1,1,0,0,Qwen3-VL-32B-Instruct,"{""count"": 0}"
IMG_5.jpg,st_a,base,1048576,1,1,817,1000,1,1,1,0,0,0,Qwen3-VL-32B-Instruct,"{""count"": 1000}"
IMG_5.jpg,st_a,forbid0,1048576,1,1,817,1000,1,1,1,0,0,0,Qwen3-VL-32B-Instruct,"{""count"": 1000}"
IMG_49.jpg,st_a,range,1048576,1,1,511,1000,1,1,1,0,0,0,Qwen3-VL-32B-Instruct,"{""low"": 1000, ""high"": 2000}"
IMG_5.jpg,st_a,forbid0n,1048576,1,1,817,1000,1,1,1,0,0,0,Qwen3-VL-32B-Instruct,"{""count"": 1000}"
IMG_5.jpg,st_a,choice,1048576,1,1,817,1000,1,1,1,0,0,0,Qwen3-VL-32B-Instruct,"{""choice"": ""1000""}"
IMG_5.jpg,st_a,V1_json,1048576,1,1,817,1000,1,1,1,0,0,0,Qwen3-VL-32B-Instruct,"{""count"": 1000}"
IMG_5.jpg,st_a,choicen,1048576,1,1,817,10000,1,1,1,0,0,0,Qwen3-VL-32B-Instruct,"{""choice"": ""10000""}"
IMG_50.jpg,st_a,base,1048576,1,1,997,0,1,1,1,1,0,0,Qwen3-VL-32B-Instruct,"{""count"": 0}"
IMG_5.jpg,st_a,V4_estimate,1048576,1,1,817,2500,1,1,1,0,0,0,Qwen3-VL-32B-Instruct,"{""count"": 2500}"
IMG_5.jpg,st_a,V5_region,1048576,1,1,817,1500,1,1,1,0,0,0,Qwen3-VL-32B-Instruct,"{""count"": 1500}"
IMG_5.jpg,st_a,V3_locate,1048576,1,1,817,1000,1,1,1,0,0,0,Qwen3-VL-32B-Instruct,"{""count"": 1000}"
IMG_50.jpg,st_a,V2_number,1048576,1,1,997,1000,1,1,1,0,0,0,Qwen3-VL-32B-Instruct,1000
IMG_50.jpg,st_a,neutral0,1048576,1,1,997,0,1,1,1,1,0,0,Qwen3-VL-32B-Instruct,"{""count"": 0}"
IMG_5.jpg,st_a,range,1048576,1,1,817,1500,1,1,1,0,0,0,Qwen3-VL-32B-Instruct,"{""low"": 1500, ""high"": 2000}"
IMG_50.jpg,st_a,forbid0,1048576,1,1,997,1000,1,1,1,0,0,0,Qwen3-VL-32B-Instruct,"{""count"": 1000}"
IMG_50.jpg,st_a,V1_json,1048576,1,1,997,0,1,1,1,1,0,0,Qwen3-VL-32B-Instruct,"{""count"": 0}"
IMG_50.jpg,st_a,choice,1048576,1,1,997,1000,1,1,1,0,0,0,Qwen3-VL-32B-Instruct,"{""choice"": ""1000""}"
IMG_50.jpg,st_a,forbid0n,1048576,1,1,997,10000,1,1,1,0,0,0,Qwen3-VL-32B-Instruct,"{""count"": 10000}"
IMG_50.jpg,st_a,choicen,1048576,1,1,997,10000,1,1,1,0,0,0,Qwen3-VL-32B-Instruct,"{""choice"": ""10000""}"
IMG_50.jpg,st_a,V3_locate,1048576,1,1,997,1000,1,1,1,0,0,0,Qwen3-VL-32B-Instruct,"{""count"": 1000}"
IMG_50.jpg,st_a,V4_estimate,1048576,1,1,997,5000,1,1,1,0,0,0,Qwen3-VL-32B-Instruct,"{""count"": 5000}"
IMG_51.jpg,st_a,base,1048576,1,1,297,300,1,1,1,0,0,0,Qwen3-VL-32B-Instruct,"{""count"": 300}"
IMG_51.jpg,st_a,forbid0,1048576,1,1,297,500,1,1,1,0,0,0,Qwen3-VL-32B-Instruct,"{""count"": 500}"
IMG_51.jpg,st_a,choice,1048576,1,1,297,1000,1,1,1,0,0,0,Qwen3-VL-32B-Instruct,"{""choice"": ""1000""}"
IMG_51.jpg,st_a,V2_number,1048576,1,1,297,1000,1,1,1,0,0,0,Qwen3-VL-32B-Instruct,1000
IMG_51.jpg,st_a,neutral0,1048576,1,1,297,0,1,1,1,1,0,0,Qwen3-VL-32B-Instruct,"{""count"": 0}"
IMG_50.jpg,st_a,range,1048576,1,1,997,5000,1,1,1,0,0,0,Qwen3-VL-32B-Instruct,"{""low"": 5000, ""high"": 7000}"
IMG_50.jpg,st_a,V5_region,1048576,1,1,997,10000,1,1,1,0,0,0,Qwen3-VL-32B-Instruct,"{""count"": 10000}"
IMG_51.jpg,st_a,V3_locate,1048576,1,1,297,0,1,1,1,1,0,0,Qwen3-VL-32B-Instruct,"{""count"": 0}"
IMG_51.jpg,st_a,forbid0n,1048576,1,1,297,500,1,1,1,0,0,0,Qwen3-VL-32B-Instruct,"{""count"": 500}"
IMG_51.jpg,st_a,V1_json,1048576,1,1,297,300,1,1,1,0,0,0,Qwen3-VL-32B-Instruct,"{""count"": 300}"
IMG_51.jpg,st_a,choicen,1048576,1,1,297,10000,1,1,1,0,0,0,Qwen3-VL-32B-Instruct,"{""choice"": ""10000""}"
IMG_51.jpg,st_a,V4_estimate,1048576,1,1,297,1000,1,1,1,0,0,0,Qwen3-VL-32B-Instruct,"{""count"": 1000}"
IMG_52.jpg,st_a,base,1048576,1,1,134,100,1,1,1,0,0,0,Qwen3-VL-32B-Instruct,"{""count"": 100}"
IMG_52.jpg,st_a,V2_number,1048576,1,1,134,100,1,1,1,0,0,0,Qwen3-VL-32B-Instruct,100
IMG_51.jpg,st_a,V5_region,1048576,1,1,297,1000,1,1,1,0,0,0,Qwen3-VL-32B-Instruct,"{""count"": 1000}"
IMG_51.jpg,st_a,range,1048576,1,1,297,1000,1,1,1,0,0,0,Qwen3-VL-32B-Instruct,"{""low"": 1000, ""high"": 1500}"
IMG_52.jpg,st_a,neutral0,1048576,1,1,134,0,1,1,1,1,0,0,Qwen3-VL-32B-Instruct,"{""count"": 0}"
IMG_52.jpg,st_a,forbid0,1048576,1,1,134,100,1,1,1,0,0,0,Qwen3-VL-32B-Instruct,"{""count"": 100}"
IMG_52.jpg,st_a,choice,1048576,1,1,134,500,1,1,1,0,0,0,Qwen3-VL-32B-Instruct,"{""choice"": ""500""}"
IMG_52.jpg,st_a,forbid0n,1048576,1,1,134,150,1,1,1,0,0,0,Qwen3-VL-32B-Instruct,"{""count"": 150}"
IMG_52.jpg,st_a,V1_json,1048576,1,1,134,100,1,1,1,0,0,0,Qwen3-VL-32B-Instruct,"{""count"": 100}"
IMG_52.jpg,st_a,V3_locate,1048576,1,1,134,0,1,1,1,1,0,0,Qwen3-VL-32B-Instruct,"{""count"": 0}"
IMG_52.jpg,st_a,choicen,1048576,1,1,134,500,1,1,1,0,0,0,Qwen3-VL-32B-Instruct,"{""choice"": ""500""}"
IMG_52.jpg,st_a,V4_estimate,1048576,1,1,134,250,1,1,1,0,0,0,Qwen3-VL-32B-Instruct,"{""count"": 250}"
IMG_53.jpg,st_a,base,1048576,1,1,175,0,1,1,1,1,0,0,Qwen3-VL-32B-Instruct,"{""count"": 0}"
IMG_52.jpg,st_a,V5_region,1048576,1,1,134,200,1,1,1,0,0,0,Qwen3-VL-32B-Instruct,"{""count"": 200}"
IMG_53.jpg,st_a,V2_number,1048576,1,1,175,100,1,1,1,0,0,0,Qwen3-VL-32B-Instruct,100
IMG_53.jpg,st_a,neutral0,1048576,1,1,175,0,1,1,1,1,0,0,Qwen3-VL-32B-Instruct,"{""count"": 0}"
IMG_53.jpg,st_a,forbid0,1048576,1,1,175,200,1,1,1,0,0,0,Qwen3-VL-32B-Instruct,"{""count"": 200}"
IMG_52.jpg,st_a,range,1048576,1,1,134,200,1,1,1,0,0,0,Qwen3-VL-32B-Instruct,"{""low"": 200, ""high"": 300}"
IMG_53.jpg,st_a,V1_json,1048576,1,1,175,0,1,1,1,1,0,0,Qwen3-VL-32B-Instruct,"{""count"": 0}"
IMG_53.jpg,st_a,choice,1048576,1,1,175,1000,1,1,1,0,0,0,Qwen3-VL-32B-Instruct,"{""choice"": ""1000""}"
IMG_53.jpg,st_a,forbid0n,1048576,1,1,175,300,1,1,1,0,0,0,Qwen3-VL-32B-Instruct,"{""count"": 300}"
IMG_53.jpg,st_a,choicen,1048576,1,1,175,500,1,1,1,0,0,0,Qwen3-VL-32B-Instruct,"{""choice"": ""500""}"
IMG_53.jpg,st_a,V3_locate,1048576,1,1,175,0,1,1,1,1,0,0,Qwen3-VL-32B-Instruct,"{""count"": 0}"
IMG_54.jpg,st_a,base,1048576,1,1,529,0,1,1,1,1,0,0,Qwen3-VL-32B-Instruct,"{""count"": 0}"
IMG_53.jpg,st_a,V5_region,1048576,1,1,175,500,1,1,1,0,0,0,Qwen3-VL-32B-Instruct,"{""count"": 500}"
IMG_53.jpg,st_a,V4_estimate,1048576,1,1,175,500,1,1,1,0,0,0,Qwen3-VL-32B-Instruct,"{""count"": 500}"
IMG_54.jpg,st_a,neutral0,1048576,1,1,529,0,1,1,1,1,0,0,Qwen3-VL-32B-Instruct,"{""count"": 0}"
IMG_54.jpg,st_a,V2_number,1048576,1,1,529,1000,1,1,1,0,0,0,Qwen3-VL-32B-Instruct,1000
IMG_53.jpg,st_a,range,1048576,1,1,175,500,1,1,1,0,0,0,Qwen3-VL-32B-Instruct,"{""low"": 500, ""high"": 800}"
IMG_54.jpg,st_a,forbid0,1048576,1,1,529,1000,1,1,1,0,0,0,Qwen3-VL-32B-Instruct,"{""count"": 1000}"
IMG_54.jpg,st_a,V1_json,1048576,1,1,529,0,1,1,1,1,0,0,Qwen3-VL-32B-Instruct,"{""count"": 0}"
IMG_54.jpg,st_a,choice,1048576,1,1,529,1000,1,1,1,0,0,0,Qwen3-VL-32B-Instruct,"{""choice"": ""1000""}"
IMG_54.jpg,st_a,V3_locate,1048576,1,1,529,0,1,1,1,1,0,0,Qwen3-VL-32B-Instruct,"{""count"": 0}"
IMG_54.jpg,st_a,forbid0n,1048576,1,1,529,1000,1,1,1,0,0,0,Qwen3-VL-32B-Instruct,"{""count"": 1000}"
IMG_54.jpg,st_a,choicen,1048576,1,1,529,10000,1,1,1,0,0,0,Qwen3-VL-32B-Instruct,"{""choice"": ""10000""}"
IMG_54.jpg,st_a,V5_region,1048576,1,1,529,1500,1,1,1,0,0,0,Qwen3-VL-32B-Instruct,"{""count"": 1500}"
IMG_54.jpg,st_a,V4_estimate,1048576,1,1,529,5000,1,1,1,0,0,0,Qwen3-VL-32B-Instruct,"{""count"": 5000}"
IMG_55.jpg,st_a,forbid0,1048576,1,1,149,100,1,1,1,0,0,0,Qwen3-VL-32B-Instruct,"{""count"": 100}"
IMG_55.jpg,st_a,base,1048576,1,1,149,100,1,1,1,0,0,0,Qwen3-VL-32B-Instruct,"{""count"": 100}"
IMG_55.jpg,st_a,V2_number,1048576,1,1,149,100,1,1,1,0,0,0,Qwen3-VL-32B-Instruct,100
IMG_55.jpg,st_a,choice,1048576,1,1,149,500,1,1,1,0,0,0,Qwen3-VL-32B-Instruct,"{""choice"": ""500""}"
IMG_55.jpg,st_a,neutral0,1048576,1,1,149,0,1,1,1,1,0,0,Qwen3-VL-32B-Instruct,"{""count"": 0}"
IMG_54.jpg,st_a,range,1048576,1,1,529,5000,1,1,1,0,0,0,Qwen3-VL-32B-Instruct,"{""low"": 5000, ""high"": 8000}"
IMG_55.jpg,st_a,forbid0n,1048576,1,1,149,150,1,1,1,0,0,0,Qwen3-VL-32B-Instruct,"{""count"": 150}"
IMG_55.jpg,st_a,V1_json,1048576,1,1,149,100,1,1,1,0,0,0,Qwen3-VL-32B-Instruct,"{""count"": 100}"
IMG_55.jpg,st_a,V3_locate,1048576,1,1,149,100,1,1,1,0,0,0,Qwen3-VL-32B-Instruct,"{""count"": 100}"
IMG_55.jpg,st_a,choicen,1048576,1,1,149,1000,1,1,1,0,0,0,Qwen3-VL-32B-Instruct,"{""choice"": ""1000""}"
IMG_55.jpg,st_a,V4_estimate,1048576,1,1,149,200,1,1,1,0,0,0,Qwen3-VL-32B-Instruct,"{""count"": 200}"
IMG_56.jpg,st_a,base,1048576,1,1,349,0,1,1,1,1,0,0,Qwen3-VL-32B-Instruct,"{""count"": 0}"
IMG_55.jpg,st_a,V5_region,1048576,1,1,149,200,1,1,1,0,0,0,Qwen3-VL-32B-Instruct,"{""count"": 200}"
IMG_56.jpg,st_a,neutral0,1048576,1,1,349,0,1,1,1,1,0,0,Qwen3-VL-32B-Instruct,"{""count"": 0}"
IMG_55.jpg,st_a,range,1048576,1,1,149,200,1,1,1,0,0,0,Qwen3-VL-32B-Instruct,"{""low"": 200, ""high"": 300}"
IMG_56.jpg,st_a,V1_json,1048576,1,1,349,0,1,1,1,1,0,0,Qwen3-VL-32B-Instruct,"{""count"": 0}"
IMG_56.jpg,st_a,V2_number,1048576,1,1,349,1000,1,1,1,0,0,0,Qwen3-VL-32B-Instruct,1000
IMG_56.jpg,st_a,forbid0,1048576,1,1,349,500,1,1,1,0,0,0,Qwen3-VL-32B-Instruct,"{""count"": 500}"
IMG_56.jpg,st_a,forbid0n,1048576,1,1,349,500,1,1,1,0,0,0,Qwen3-VL-32B-Instruct,"{""count"": 500}"
IMG_56.jpg,st_a,choice,1048576,1,1,349,1000,1,1,1,0,0,0,Qwen3-VL-32B-Instruct,"{""choice"": ""1000""}"
IMG_56.jpg,st_a,V3_locate,1048576,1,1,349,0,1,1,1,1,0,0,Qwen3-VL-32B-Instruct,"{""count"": 0}"
IMG_56.jpg,st_a,choicen,1048576,1,1,349,5000,1,1,1,0,0,0,Qwen3-VL-32B-Instruct,"{""choice"": ""5000""}"
IMG_57.jpg,st_a,base,1048576,1,1,356,0,1,1,1,1,0,0,Qwen3-VL-32B-Instruct,"{""count"": 0}"
IMG_56.jpg,st_a,V4_estimate,1048576,1,1,349,1500,1,1,1,0,0,0,Qwen3-VL-32B-Instruct,"{""count"": 1500}"
IMG_56.jpg,st_a,V5_region,1048576,1,1,349,1200,1,1,1,0,0,0,Qwen3-VL-32B-Instruct,"{""count"": 1200}"
IMG_57.jpg,st_a,V2_number,1048576,1,1,356,1000,1,1,1,0,0,0,Qwen3-VL-32B-Instruct,1000
IMG_57.jpg,st_a,forbid0,1048576,1,1,356,500,1,1,1,0,0,0,Qwen3-VL-32B-Instruct,"{""count"": 500}"
IMG_57.jpg,st_a,neutral0,1048576,1,1,356,0,1,1,1,1,0,0,Qwen3-VL-32B-Instruct,"{""count"": 0}"
IMG_57.jpg,st_a,choice,1048576,1,1,356,500,1,1,1,0,0,0,Qwen3-VL-32B-Instruct,"{""choice"": ""500""}"
IMG_56.jpg,st_a,range,1048576,1,1,349,500,1,1,1,0,0,0,Qwen3-VL-32B-Instruct,"{""low"": 500, ""high"": 800}"
IMG_57.jpg,st_a,V1_json,1048576,1,1,356,0,1,1,1,1,0,0,Qwen3-VL-32B-Instruct,"{""count"": 0}"
IMG_57.jpg,st_a,forbid0n,1048576,1,1,356,500,1,1,1,0,0,0,Qwen3-VL-32B-Instruct,"{""count"": 500}"
IMG_57.jpg,st_a,V3_locate,1048576,1,1,356,0,1,1,1,1,0,0,Qwen3-VL-32B-Instruct,"{""count"": 0}"
IMG_57.jpg,st_a,V4_estimate,1048576,1,1,356,800,1,1,1,0,0,0,Qwen3-VL-32B-Instruct,"{""count"": 800}"
IMG_57.jpg,st_a,choicen,1048576,1,1,356,1000,1,1,1,0,0,0,Qwen3-VL-32B-Instruct,"{""choice"": ""1000""}"
IMG_57.jpg,st_a,V5_region,1048576,1,1,356,850,1,1,1,0,0,0,Qwen3-VL-32B-Instruct,"{""count"": 850}"
IMG_58.jpg,st_a,V2_number,1048576,1,1,198,150,1,1,1,0,0,0,Qwen3-VL-32B-Instruct,150
IMG_58.jpg,st_a,base,1048576,1,1,198,150,1,1,1,0,0,0,Qwen3-VL-32B-Instruct,"{""count"": 150}"
IMG_57.jpg,st_a,range,1048576,1,1,356,500,1,1,1,0,0,0,Qwen3-VL-32B-Instruct,"{""low"": 500, ""high"": 800}"
IMG_58.jpg,st_a,forbid0,1048576,1,1,198,150,1,1,1,0,0,0,Qwen3-VL-32B-Instruct,"{""count"": 150}"
IMG_58.jpg,st_a,neutral0,1048576,1,1,198,0,1,1,1,1,0,0,Qwen3-VL-32B-Instruct,"{""count"": 0}"
IMG_58.jpg,st_a,choice,1048576,1,1,198,100,1,1,1,0,0,0,Qwen3-VL-32B-Instruct,"{""choice"": ""100""}"
IMG_58.jpg,st_a,forbid0n,1048576,1,1,198,150,1,1,1,0,0,0,Qwen3-VL-32B-Instruct,"{""count"": 150}"
IMG_58.jpg,st_a,V1_json,1048576,1,1,198,150,1,1,1,0,0,0,Qwen3-VL-32B-Instruct,"{""count"": 150}"
IMG_58.jpg,st_a,choicen,1048576,1,1,198,200,1,1,1,0,0,0,Qwen3-VL-32B-Instruct,"{""choice"": ""200""}"
IMG_58.jpg,st_a,V3_locate,1048576,1,1,198,150,1,1,1,0,0,0,Qwen3-VL-32B-Instruct,"{""count"": 150}"
IMG_58.jpg,st_a,V4_estimate,1048576,1,1,198,200,1,1,1,0,0,0,Qwen3-VL-32B-Instruct,"{""count"": 200}"
IMG_58.jpg,st_a,V5_region,1048576,1,1,198,200,1,1,1,0,0,0,Qwen3-VL-32B-Instruct,"{""count"": 200}"
IMG_59.jpg,st_a,base,1048576,1,1,466,1000,1,1,1,0,0,0,Qwen3-VL-32B-Instruct,"{""count"": 1000}"
IMG_59.jpg,st_a,neutral0,1048576,1,1,466,0,1,1,1,1,0,0,Qwen3-VL-32B-Instruct,"{""count"": 0}"
IMG_59.jpg,st_a,forbid0,1048576,1,1,466,1000,1,1,1,0,0,0,Qwen3-VL-32B-Instruct,"{""count"": 1000}"
IMG_59.jpg,st_a,V2_number,1048576,1,1,466,1000,1,1,1,0,0,0,Qwen3-VL-32B-Instruct,1000
IMG_58.jpg,st_a,range,1048576,1,1,198,150,1,1,1,0,0,0,Qwen3-VL-32B-Instruct,"{""low"": 150, ""high"": 200}"
IMG_59.jpg,st_a,choice,1048576,1,1,466,1000,1,1,1,0,0,0,Qwen3-VL-32B-Instruct,"{""choice"": ""1000""}"
IMG_59.jpg,st_a,V3_locate,1048576,1,1,466,0,1,1,1,1,0,0,Qwen3-VL-32B-Instruct,"{""count"": 0}"
IMG_59.jpg,st_a,choicen,1048576,1,1,466,5000,1,1,1,0,0,0,Qwen3-VL-32B-Instruct,"{""choice"": ""5000""}"
IMG_59.jpg,st_a,forbid0n,1048576,1,1,466,1500,1,1,1,0,0,0,Qwen3-VL-32B-Instruct,"{""count"": 1500}"
IMG_59.jpg,st_a,V1_json,1048576,1,1,466,1000,1,1,1,0,0,0,Qwen3-VL-32B-Instruct,"{""count"": 1000}"
IMG_59.jpg,st_a,V4_estimate,1048576,1,1,466,2500,1,1,1,0,0,0,Qwen3-VL-32B-Instruct,"{""count"": 2500}"
IMG_59.jpg,st_a,V5_region,1048576,1,1,466,1500,1,1,1,0,0,0,Qwen3-VL-32B-Instruct,"{""count"": 1500}"
IMG_6.jpg,st_a,base,1048576,1,1,361,300,1,1,1,0,0,0,Qwen3-VL-32B-Instruct,"{""count"": 300}"
IMG_6.jpg,st_a,forbid0,1048576,1,1,361,300,1,1,1,0,0,0,Qwen3-VL-32B-Instruct,"{""count"": 300}"
IMG_6.jpg,st_a,V2_number,1048576,1,1,361,1000,1,1,1,0,0,0,Qwen3-VL-32B-Instruct,1000
IMG_6.jpg,st_a,neutral0,1048576,1,1,361,0,1,1,1,1,0,0,Qwen3-VL-32B-Instruct,"{""count"": 0}"
IMG_59.jpg,st_a,range,1048576,1,1,466,1500,1,1,1,0,0,0,Qwen3-VL-32B-Instruct,"{""low"": 1500, ""high"": 2500}"
IMG_6.jpg,st_a,forbid0n,1048576,1,1,361,500,1,1,1,0,0,0,Qwen3-VL-32B-Instruct,"{""count"": 500}"
IMG_6.jpg,st_a,V3_locate,1048576,1,1,361,0,1,1,1,1,0,0,Qwen3-VL-32B-Instruct,"{""count"": 0}"
IMG_6.jpg,st_a,choice,1048576,1,1,361,500,1,1,1,0,0,0,Qwen3-VL-32B-Instruct,"{""choice"": ""500""}"
IMG_6.jpg,st_a,V1_json,1048576,1,1,361,300,1,1,1,0,0,0,Qwen3-VL-32B-Instruct,"{""count"": 300}"
IMG_6.jpg,st_a,choicen,1048576,1,1,361,1000,1,1,1,0,0,0,Qwen3-VL-32B-Instruct,"{""choice"": ""1000""}"
IMG_6.jpg,st_a,V5_region,1048576,1,1,361,500,1,1,1,0,0,0,Qwen3-VL-32B-Instruct,"{""count"": 500}"
IMG_60.jpg,st_a,base,1048576,1,1,291,0,1,1,1,1,0,0,Qwen3-VL-32B-Instruct,"{""count"": 0}"
IMG_6.jpg,st_a,V4_estimate,1048576,1,1,361,500,1,1,1,0,0,0,Qwen3-VL-32B-Instruct,"{""count"": 500}"
IMG_6.jpg,st_a,range,1048576,1,1,361,500,1,1,1,0,0,0,Qwen3-VL-32B-Instruct,"{""low"": 500, ""high"": 700}"
IMG_60.jpg,st_a,neutral0,1048576,1,1,291,0,1,1,1,1,0,0,Qwen3-VL-32B-Instruct,"{""count"": 0}"
IMG_60.jpg,st_a,forbid0,1048576,1,1,291,500,1,1,1,0,0,0,Qwen3-VL-32B-Instruct,"{""count"": 500}"
IMG_60.jpg,st_a,V2_number,1048576,1,1,291,500,1,1,1,0,0,0,Qwen3-VL-32B-Instruct,500
IMG_60.jpg,st_a,V1_json,1048576,1,1,291,0,1,1,1,1,0,0,Qwen3-VL-32B-Instruct,"{""count"": 0}"
IMG_60.jpg,st_a,choice,1048576,1,1,291,1000,1,1,1,0,0,0,Qwen3-VL-32B-Instruct,"{""choice"": ""1000""}"
IMG_60.jpg,st_a,forbid0n,1048576,1,1,291,500,1,1,1,0,0,0,Qwen3-VL-32B-Instruct,"{""count"": 500}"
IMG_60.jpg,st_a,V3_locate,1048576,1,1,291,0,1,1,1,1,0,0,Qwen3-VL-32B-Instruct,"{""count"": 0}"
IMG_60.jpg,st_a,choicen,1048576,1,1,291,5000,1,1,1,0,0,0,Qwen3-VL-32B-Instruct,"{""choice"": ""5000""}"
IMG_60.jpg,st_a,V4_estimate,1048576,1,1,291,1500,1,1,1,0,0,0,Qwen3-VL-32B-Instruct,"{""count"": 1500}"
IMG_61.jpg,st_a,neutral0,1048576,1,1,193,0,1,1,1,1,0,0,Qwen3-VL-32B-Instruct,"{""count"": 0}"
IMG_61.jpg,st_a,base,1048576,1,1,193,100,1,1,1,0,0,0,Qwen3-VL-32B-Instruct,"{""count"": 100}"
IMG_61.jpg,st_a,V2_number,1048576,1,1,193,100,1,1,1,0,0,0,Qwen3-VL-32B-Instruct,100
IMG_60.jpg,st_a,V5_region,1048576,1,1,291,1000,1,1,1,0,0,0,Qwen3-VL-32B-Instruct,"{""count"": 1000}"
IMG_61.jpg,st_a,forbid0,1048576,1,1,193,100,1,1,1,0,0,0,Qwen3-VL-32B-Instruct,"{""count"": 100}"
IMG_60.jpg,st_a,range,1048576,1,1,291,500,1,1,1,0,0,0,Qwen3-VL-32B-Instruct,"{""low"": 500, ""high"": 1000}"
IMG_61.jpg,st_a,choice,1048576,1,1,193,1000,1,1,1,0,0,0,Qwen3-VL-32B-Instruct,"{""choice"": 1000}"
IMG_61.jpg,st_a,forbid0n,1048576,1,1,193,200,1,1,1,0,0,0,Qwen3-VL-32B-Instruct,"{""count"": 200}"
IMG_61.jpg,st_a,V3_locate,1048576,1,1,193,0,1,1,1,1,0,0,Qwen3-VL-32B-Instruct,"{""count"": 0}"
IMG_61.jpg,st_a,V1_json,1048576,1,1,193,100,1,1,1,0,0,0,Qwen3-VL-32B-Instruct,"{""count"": 100}"
IMG_62.jpg,st_a,base,1048576,1,1,337,0,1,1,1,1,0,0,Qwen3-VL-32B-Instruct,"{""count"": 0}"
IMG_61.jpg,st_a,V4_estimate,1048576,1,1,193,500,1,1,1,0,0,0,Qwen3-VL-32B-Instruct,"{""count"": 500}"
IMG_61.jpg,st_a,choicen,1048576,1,1,193,10000,1,1,1,0,0,0,Qwen3-VL-32B-Instruct,"{""choice"": ""10000""}"
IMG_61.jpg,st_a,V5_region,1048576,1,1,193,1000,1,1,1,0,0,0,Qwen3-VL-32B-Instruct,"{""count"": 1000}"
IMG_62.jpg,st_a,V2_number,1048576,1,1,337,1000,1,1,1,0,0,0,Qwen3-VL-32B-Instruct,1000
IMG_62.jpg,st_a,neutral0,1048576,1,1,337,0,1,1,1,1,0,0,Qwen3-VL-32B-Instruct,"{""count"": 0}"
IMG_62.jpg,st_a,forbid0,1048576,1,1,337,300,1,1,1,0,0,0,Qwen3-VL-32B-Instruct,"{""count"": 300}"
IMG_61.jpg,st_a,range,1048576,1,1,193,500,1,1,1,0,0,0,Qwen3-VL-32B-Instruct,"{""low"": 500, ""high"": 1000}"
IMG_62.jpg,st_a,choice,1048576,1,1,337,500,1,1,1,0,0,0,Qwen3-VL-32B-Instruct,"{""choice"": 500}"
IMG_62.jpg,st_a,forbid0n,1048576,1,1,337,300,1,1,1,0,0,0,Qwen3-VL-32B-Instruct,"{""count"": 300}"
IMG_62.jpg,st_a,V3_locate,1048576,1,1,337,0,1,1,1,1,0,0,Qwen3-VL-32B-Instruct,"{""count"": 0}"
IMG_62.jpg,st_a,choicen,1048576,1,1,337,1000,1,1,1,0,0,0,Qwen3-VL-32B-Instruct,"{""choice"": ""1000""}"
IMG_62.jpg,st_a,V1_json,1048576,1,1,337,300,1,1,1,0,0,0,Qwen3-VL-32B-Instruct,"{""count"": 300}"
IMG_62.jpg,st_a,V4_estimate,1048576,1,1,337,500,1,1,1,0,0,0,Qwen3-VL-32B-Instruct,"{""count"": 500}"
IMG_62.jpg,st_a,V5_region,1048576,1,1,337,500,1,1,1,0,0,0,Qwen3-VL-32B-Instruct,"{""count"": 500}"
IMG_63.jpg,st_a,base,1048576,1,1,1121,0,1,1,1,1,0,0,Qwen3-VL-32B-Instruct,"{""count"": 0}"
IMG_63.jpg,st_a,neutral0,1048576,1,1,1121,0,1,1,1,1,0,0,Qwen3-VL-32B-Instruct,"{""count"": 0}"
IMG_63.jpg,st_a,forbid0,1048576,1,1,1121,1000,1,1,1,0,0,0,Qwen3-VL-32B-Instruct,"{""count"": 1000}"
IMG_63.jpg,st_a,V2_number,1048576,1,1,1121,10000,1,1,1,0,0,0,Qwen3-VL-32B-Instruct,10000
IMG_63.jpg,st_a,V1_json,1048576,1,1,1121,0,1,1,1,1,0,0,Qwen3-VL-32B-Instruct,"{""count"": 0}"
IMG_62.jpg,st_a,range,1048576,1,1,337,500,1,1,1,0,0,0,Qwen3-VL-32B-Instruct,"{""low"": 500, ""high"": 700}"
IMG_63.jpg,st_a,choice,1048576,1,1,1121,1000,1,1,1,0,0,0,Qwen3-VL-32B-Instruct,"{""choice"": ""1000""}"
IMG_63.jpg,st_a,V3_locate,1048576,1,1,1121,0,1,1,1,1,0,0,Qwen3-VL-32B-Instruct,"{""count"": 0}"
IMG_63.jpg,st_a,forbid0n,1048576,1,1,1121,10000,1,1,1,0,0,0,Qwen3-VL-32B-Instruct,"{""count"": 10000}"
IMG_64.jpg,st_a,base,1048576,1,1,287,0,1,1,1,1,0,0,Qwen3-VL-32B-Instruct,"{""count"": 0}"
IMG_63.jpg,st_a,choicen,1048576,1,1,1121,10000,1,1,1,0,0,0,Qwen3-VL-32B-Instruct,"{""choice"": ""10000""}"
IMG_63.jpg,st_a,V4_estimate,1048576,1,1,1121,5000,1,1,1,0,0,0,Qwen3-VL-32B-Instruct,"{""count"": 5000}"
IMG_64.jpg,st_a,V2_number,1048576,1,1,287,1000,1,1,1,0,0,0,Qwen3-VL-32B-Instruct,1000
IMG_63.jpg,st_a,V5_region,1048576,1,1,1121,5000,1,1,1,0,0,0,Qwen3-VL-32B-Instruct,"{""count"": 5000}"
IMG_64.jpg,st_a,forbid0,1048576,1,1,287,500,1,1,1,0,0,0,Qwen3-VL-32B-Instruct,"{""count"": 500}"
IMG_64.jpg,st_a,neutral0,1048576,1,1,287,0,1,1,1,1,0,0,Qwen3-VL-32B-Instruct,"{""count"": 0}"
IMG_64.jpg,st_a,choice,1048576,1,1,287,1000,1,1,1,0,0,0,Qwen3-VL-32B-Instruct,"{""choice"": ""1000""}"
IMG_64.jpg,st_a,V1_json,1048576,1,1,287,0,1,1,1,1,0,0,Qwen3-VL-32B-Instruct,"{""count"": 0}"
IMG_64.jpg,st_a,V3_locate,1048576,1,1,287,0,1,1,1,1,0,0,Qwen3-VL-32B-Instruct,"{""count"": 0}"
IMG_63.jpg,st_a,range,1048576,1,1,1121,5000,1,1,1,0,0,0,Qwen3-VL-32B-Instruct,"{""low"": 5000, ""high"": 10000}"
IMG_64.jpg,st_a,forbid0n,1048576,1,1,287,1000,1,1,1,0,0,0,Qwen3-VL-32B-Instruct,"{""count"": 1000}"
IMG_64.jpg,st_a,choicen,1048576,1,1,287,5000,1,1,1,0,0,0,Qwen3-VL-32B-Instruct,"{""choice"": ""5000""}"
IMG_64.jpg,st_a,V4_estimate,1048576,1,1,287,2500,1,1,1,0,0,0,Qwen3-VL-32B-Instruct,"{""count"": 2500}"
IMG_65.jpg,st_a,forbid0,1048576,1,1,214,200,1,1,1,0,0,0,Qwen3-VL-32B-Instruct,"{""count"": 200}"
IMG_65.jpg,st_a,base,1048576,1,1,214,100,1,1,1,0,0,0,Qwen3-VL-32B-Instruct,"{""count"": 100}"
IMG_64.jpg,st_a,V5_region,1048576,1,1,287,1500,1,1,1,0,0,0,Qwen3-VL-32B-Instruct,"{""count"": 1500}"
IMG_65.jpg,st_a,V2_number,1048576,1,1,214,1000,1,1,1,0,0,0,Qwen3-VL-32B-Instruct,1000
IMG_65.jpg,st_a,neutral0,1048576,1,1,214,0,1,1,1,1,0,0,Qwen3-VL-32B-Instruct,"{""count"": 0}"
IMG_64.jpg,st_a,range,1048576,1,1,287,1500,1,1,1,0,0,0,Qwen3-VL-32B-Instruct,"{""low"": 1500, ""high"": 2500}"
IMG_65.jpg,st_a,forbid0n,1048576,1,1,214,250,1,1,1,0,0,0,Qwen3-VL-32B-Instruct,"{""count"": 250}"
IMG_65.jpg,st_a,V3_locate,1048576,1,1,214,0,1,1,1,1,0,0,Qwen3-VL-32B-Instruct,"{""count"": 0}"
IMG_65.jpg,st_a,choice,1048576,1,1,214,1000,1,1,1,0,0,0,Qwen3-VL-32B-Instruct,"{""choice"": ""1000""}"
IMG_65.jpg,st_a,choicen,1048576,1,1,214,5000,1,1,1,0,0,0,Qwen3-VL-32B-Instruct,"{""choice"": ""5000""}"
IMG_65.jpg,st_a,V1_json,1048576,1,1,214,100,1,1,1,0,0,0,Qwen3-VL-32B-Instruct,"{""count"": 100}"
IMG_65.jpg,st_a,V4_estimate,1048576,1,1,214,500,1,1,1,0,0,0,Qwen3-VL-32B-Instruct,"{""count"": 500}"
IMG_65.jpg,st_a,V5_region,1048576,1,1,214,500,1,1,1,0,0,0,Qwen3-VL-32B-Instruct,"{""count"": 500}"
IMG_66.jpg,st_a,neutral0,1048576,1,1,823,0,1,1,1,1,0,0,Qwen3-VL-32B-Instruct,"{""count"": 0}"
IMG_65.jpg,st_a,range,1048576,1,1,214,500,1,1,1,0,0,0,Qwen3-VL-32B-Instruct,"{""low"": 500, ""high"": 800}"
IMG_66.jpg,st_a,base,1048576,1,1,823,300,1,1,1,0,0,0,Qwen3-VL-32B-Instruct,"{""count"": 300}"
IMG_66.jpg,st_a,V2_number,1048576,1,1,823,1000,1,1,1,0,0,0,Qwen3-VL-32B-Instruct,1000
IMG_66.jpg,st_a,forbid0,1048576,1,1,823,1000,1,1,1,0,0,0,Qwen3-VL-32B-Instruct,"{""count"": 1000}"
IMG_66.jpg,st_a,choice,1048576,1,1,823,1000,1,1,1,0,0,0,Qwen3-VL-32B-Instruct,"{""choice"": ""1000""}"
IMG_66.jpg,st_a,V1_json,1048576,1,1,823,300,1,1,1,0,0,0,Qwen3-VL-32B-Instruct,"{""count"": 300}"
IMG_66.jpg,st_a,forbid0n,1048576,1,1,823,1000,1,1,1,0,0,0,Qwen3-VL-32B-Instruct,"{""count"": 1000}"
IMG_66.jpg,st_a,choicen,1048576,1,1,823,10000,1,1,1,0,0,0,Qwen3-VL-32B-Instruct,"{""choice"": ""10000""}"
IMG_66.jpg,st_a,V3_locate,1048576,1,1,823,1000,1,1,1,0,0,0,Qwen3-VL-32B-Instruct,"{""count"": 1000}"
IMG_66.jpg,st_a,V4_estimate,1048576,1,1,823,1500,1,1,1,0,0,0,Qwen3-VL-32B-Instruct,"{""count"": 1500}"
IMG_67.jpg,st_a,base,1048576,1,1,192,150,1,1,1,0,0,0,Qwen3-VL-32B-Instruct,"{""count"": 150}"
IMG_67.jpg,st_a,forbid0,1048576,1,1,192,150,1,1,1,0,0,0,Qwen3-VL-32B-Instruct,"{""count"": 150}"
IMG_67.jpg,st_a,V2_number,1048576,1,1,192,150,1,1,1,0,0,0,Qwen3-VL-32B-Instruct,150
IMG_66.jpg,st_a,V5_region,1048576,1,1,823,1500,1,1,1,0,0,0,Qwen3-VL-32B-Instruct,"{""count"": 1500}"
IMG_67.jpg,st_a,choice,1048576,1,1,192,100,1,1,1,0,0,0,Qwen3-VL-32B-Instruct,"{""choice"": ""100""}"
IMG_67.jpg,st_a,neutral0,1048576,1,1,192,150,1,1,1,0,0,0,Qwen3-VL-32B-Instruct,"{""count"": 150}"
IMG_67.jpg,st_a,forbid0n,1048576,1,1,192,150,1,1,1,0,0,0,Qwen3-VL-32B-Instruct,"{""count"": 150}"
IMG_66.jpg,st_a,range,1048576,1,1,823,1500,1,1,1,0,0,0,Qwen3-VL-32B-Instruct,"{""low"": 1500, ""high"": 2000}"
IMG_67.jpg,st_a,V1_json,1048576,1,1,192,150,1,1,1,0,0,0,Qwen3-VL-32B-Instruct,"{""count"": 150}"
IMG_67.jpg,st_a,choicen,1048576,1,1,192,200,1,1,1,0,0,0,Qwen3-VL-32B-Instruct,"{""choice"": ""200""}"
IMG_67.jpg,st_a,V3_locate,1048576,1,1,192,150,1,1,1,0,0,0,Qwen3-VL-32B-Instruct,"{""count"": 150}"
IMG_67.jpg,st_a,V4_estimate,1048576,1,1,192,200,1,1,1,0,0,0,Qwen3-VL-32B-Instruct,"{""count"": 200}"
IMG_67.jpg,st_a,V5_region,1048576,1,1,192,250,1,1,1,0,0,0,Qwen3-VL-32B-Instruct,"{""count"": 250}"
IMG_68.jpg,st_a,V2_number,1048576,1,1,212,100,1,1,1,0,0,0,Qwen3-VL-32B-Instruct,100
IMG_67.jpg,st_a,range,1048576,1,1,192,150,1,1,1,0,0,0,Qwen3-VL-32B-Instruct,"{""low"": 150, ""high"": 200}"
IMG_68.jpg,st_a,neutral0,1048576,1,1,212,0,1,1,1,1,0,0,Qwen3-VL-32B-Instruct,"{""count"": 0}"
IMG_68.jpg,st_a,choice,1048576,1,1,212,500,1,1,1,0,0,0,Qwen3-VL-32B-Instruct,"{""choice"": 500}"
IMG_68.jpg,st_a,forbid0,1048576,1,1,212,150,1,1,1,0,0,0,Qwen3-VL-32B-Instruct,"{""count"": 150}"
IMG_68.jpg,st_a,base,1048576,1,1,212,100,1,1,1,0,0,0,Qwen3-VL-32B-Instruct,"{""count"": 100}"
IMG_68.jpg,st_a,forbid0n,1048576,1,1,212,250,1,1,1,0,0,0,Qwen3-VL-32B-Instruct,"{""count"": 250}"
IMG_68.jpg,st_a,choicen,1048576,1,1,212,500,1,1,1,0,0,0,Qwen3-VL-32B-Instruct,"{""choice"": ""500""}"
IMG_68.jpg,st_a,V1_json,1048576,1,1,212,100,1,1,1,0,0,0,Qwen3-VL-32B-Instruct,"{""count"": 100}"
IMG_68.jpg,st_a,V3_locate,1048576,1,1,212,100,1,1,1,0,0,0,Qwen3-VL-32B-Instruct,"{""count"": 100}"
IMG_68.jpg,st_a,V5_region,1048576,1,1,212,500,1,1,1,0,0,0,Qwen3-VL-32B-Instruct,"{""count"": 500}"
IMG_68.jpg,st_a,V4_estimate,1048576,1,1,212,300,1,1,1,0,0,0,Qwen3-VL-32B-Instruct,"{""count"": 300}"
IMG_69.jpg,st_a,V2_number,1048576,1,1,166,100,1,1,1,0,0,0,Qwen3-VL-32B-Instruct,100
IMG_69.jpg,st_a,base,1048576,1,1,166,100,1,1,1,0,0,0,Qwen3-VL-32B-Instruct,"{""count"": 100}"
IMG_68.jpg,st_a,range,1048576,1,1,212,300,1,1,1,0,0,0,Qwen3-VL-32B-Instruct,"{""low"": 300, ""high"": 500}"
IMG_69.jpg,st_a,neutral0,1048576,1,1,166,0,1,1,1,1,0,0,Qwen3-VL-32B-Instruct,"{""count"": 0}"
IMG_69.jpg,st_a,forbid0,1048576,1,1,166,100,1,1,1,0,0,0,Qwen3-VL-32B-Instruct,"{""count"": 100}"
IMG_69.jpg,st_a,choice,1048576,1,1,166,500,1,1,1,0,0,0,Qwen3-VL-32B-Instruct,"{""choice"": 500}"
IMG_69.jpg,st_a,forbid0n,1048576,1,1,166,200,1,1,1,0,0,0,Qwen3-VL-32B-Instruct,"{""count"": 200}"
IMG_69.jpg,st_a,choicen,1048576,1,1,166,500,1,1,1,0,0,0,Qwen3-VL-32B-Instruct,"{""choice"": ""500""}"
IMG_69.jpg,st_a,V1_json,1048576,1,1,166,100,1,1,1,0,0,0,Qwen3-VL-32B-Instruct,"{""count"": 100}"
IMG_69.jpg,st_a,V3_locate,1048576,1,1,166,100,1,1,1,0,0,0,Qwen3-VL-32B-Instruct,"{""count"": 100}"
IMG_69.jpg,st_a,V5_region,1048576,1,1,166,200,1,1,1,0,0,0,Qwen3-VL-32B-Instruct,"{""count"": 200}"
IMG_7.jpg,st_a,base,1048576,1,1,568,0,1,1,1,1,0,0,Qwen3-VL-32B-Instruct,"{""count"": 0}"
IMG_69.jpg,st_a,V4_estimate,1048576,1,1,166,250,1,1,1,0,0,0,Qwen3-VL-32B-Instruct,"{""count"": 250}"
IMG_7.jpg,st_a,neutral0,1048576,1,1,568,0,1,1,1,1,0,0,Qwen3-VL-32B-Instruct,"{""count"": 0}"
IMG_7.jpg,st_a,V2_number,1048576,1,1,568,1000,1,1,1,0,0,0,Qwen3-VL-32B-Instruct,1000
IMG_69.jpg,st_a,range,1048576,1,1,166,200,1,1,1,0,0,0,Qwen3-VL-32B-Instruct,"{""low"": 200, ""high"": 300}"
IMG_7.jpg,st_a,forbid0,1048576,1,1,568,1000,1,1,1,0,0,0,Qwen3-VL-32B-Instruct,"{""count"": 1000}"
IMG_7.jpg,st_a,V1_json,1048576,1,1,568,0,1,1,1,1,0,0,Qwen3-VL-32B-Instruct,"{""count"": 0}"
IMG_7.jpg,st_a,choice,1048576,1,1,568,1000,1,1,1,0,0,0,Qwen3-VL-32B-Instruct,"{""choice"": ""1000""}"
IMG_7.jpg,st_a,V3_locate,1048576,1,1,568,0,1,1,1,1,0,0,Qwen3-VL-32B-Instruct,"{""count"": 0}"
IMG_7.jpg,st_a,choicen,1048576,1,1,568,5000,1,1,1,0,0,0,Qwen3-VL-32B-Instruct,"{""choice"": ""5000""}"
IMG_7.jpg,st_a,forbid0n,1048576,1,1,568,1500,1,1,1,0,0,0,Qwen3-VL-32B-Instruct,"{""count"": 1500}"
IMG_70.jpg,st_a,base,1048576,1,1,412,0,1,1,1,1,0,0,Qwen3-VL-32B-Instruct,"{""count"": 0}"
IMG_7.jpg,st_a,V4_estimate,1048576,1,1,568,2500,1,1,1,0,0,0,Qwen3-VL-32B-Instruct,"{""count"": 2500}"
IMG_7.jpg,st_a,V5_region,1048576,1,1,568,1500,1,1,1,0,0,0,Qwen3-VL-32B-Instruct,"{""count"": 1500}"
IMG_70.jpg,st_a,V2_number,1048576,1,1,412,1000,1,1,1,0,0,0,Qwen3-VL-32B-Instruct,1000
IMG_70.jpg,st_a,neutral0,1048576,1,1,412,0,1,1,1,1,0,0,Qwen3-VL-32B-Instruct,"{""count"": 0}"
IMG_70.jpg,st_a,forbid0,1048576,1,1,412,500,1,1,1,0,0,0,Qwen3-VL-32B-Instruct,"{""count"": 500}"
IMG_7.jpg,st_a,range,1048576,1,1,568,1500,1,1,1,0,0,0,Qwen3-VL-32B-Instruct,"{""low"": 1500, ""high"": 2500}"
IMG_70.jpg,st_a,choice,1048576,1,1,412,1000,1,1,1,0,0,0,Qwen3-VL-32B-Instruct,"{""choice"": 1000}"
IMG_70.jpg,st_a,forbid0n,1048576,1,1,412,500,1,1,1,0,0,0,Qwen3-VL-32B-Instruct,"{""count"": 500}"
IMG_70.jpg,st_a,V3_locate,1048576,1,1,412,0,1,1,1,1,0,0,Qwen3-VL-32B-Instruct,"{""count"": 0}"
IMG_70.jpg,st_a,V1_json,1048576,1,1,412,200,1,1,1,0,0,0,Qwen3-VL-32B-Instruct,"{""count"": 200}"
IMG_70.jpg,st_a,choicen,1048576,1,1,412,5000,1,1,1,0,0,0,Qwen3-VL-32B-Instruct,"{""choice"": ""5000""}"
IMG_71.jpg,st_a,base,1048576,1,1,602,0,1,1,1,1,0,0,Qwen3-VL-32B-Instruct,"{""count"": 0}"
IMG_70.jpg,st_a,V4_estimate,1048576,1,1,412,1500,1,1,1,0,0,0,Qwen3-VL-32B-Instruct,"{""count"": 1500}"
IMG_70.jpg,st_a,V5_region,1048576,1,1,412,1000,1,1,1,0,0,0,Qwen3-VL-32B-Instruct,"{""count"": 1000}"
IMG_71.jpg,st_a,neutral0,1048576,1,1,602,0,1,1,1,1,0,0,Qwen3-VL-32B-Instruct,"{""count"": 0}"
IMG_71.jpg,st_a,forbid0,1048576,1,1,602,1000,1,1,1,0,0,0,Qwen3-VL-32B-Instruct,"{""count"": 1000}"
IMG_71.jpg,st_a,V2_number,1048576,1,1,602,1000,1,1,1,0,0,0,Qwen3-VL-32B-Instruct,1000
IMG_70.jpg,st_a,range,1048576,1,1,412,500,1,1,1,0,0,0,Qwen3-VL-32B-Instruct,"{""low"": 500, ""high"": 1000}"
IMG_71.jpg,st_a,V1_json,1048576,1,1,602,0,1,1,1,1,0,0,Qwen3-VL-32B-Instruct,"{""count"": 0}"
IMG_71.jpg,st_a,choice,1048576,1,1,602,1000,1,1,1,0,0,0,Qwen3-VL-32B-Instruct,"{""choice"": ""1000""}"
IMG_71.jpg,st_a,V3_locate,1048576,1,1,602,0,1,1,1,1,0,0,Qwen3-VL-32B-Instruct,"{""count"": 0}"
IMG_71.jpg,st_a,forbid0n,1048576,1,1,602,1000,1,1,1,0,0,0,Qwen3-VL-32B-Instruct,"{""count"": 1000}"
IMG_71.jpg,st_a,choicen,1048576,1,1,602,10000,1,1,1,0,0,0,Qwen3-VL-32B-Instruct,"{""choice"": ""10000""}"
IMG_71.jpg,st_a,V4_estimate,1048576,1,1,602,1500,1,1,1,0,0,0,Qwen3-VL-32B-Instruct,"{""count"": 1500}"
IMG_71.jpg,st_a,V5_region,1048576,1,1,602,1500,1,1,1,0,0,0,Qwen3-VL-32B-Instruct,"{""count"": 1500}"
IMG_72.jpg,st_a,base,1048576,1,1,589,1000,1,1,1,0,0,0,Qwen3-VL-32B-Instruct,"{""count"": 1000}"
IMG_72.jpg,st_a,forbid0,1048576,1,1,589,1000,1,1,1,0,0,0,Qwen3-VL-32B-Instruct,"{""count"": 1000}"
IMG_72.jpg,st_a,neutral0,1048576,1,1,589,0,1,1,1,1,0,0,Qwen3-VL-32B-Instruct,"{""count"": 0}"
IMG_72.jpg,st_a,V2_number,1048576,1,1,589,1000,1,1,1,0,0,0,Qwen3-VL-32B-Instruct,1000
IMG_71.jpg,st_a,range,1048576,1,1,602,1000,1,1,1,0,0,0,Qwen3-VL-32B-Instruct,"{""low"": 1000, ""high"": 2000}"
IMG_72.jpg,st_a,choice,1048576,1,1,589,1000,1,1,1,0,0,0,Qwen3-VL-32B-Instruct,"{""choice"": ""1000""}"
IMG_72.jpg,st_a,forbid0n,1048576,1,1,589,1000,1,1,1,0,0,0,Qwen3-VL-32B-Instruct,"{""count"": 1000}"
IMG_72.jpg,st_a,choicen,1048576,1,1,589,5000,1,1,1,0,0,0,Qwen3-VL-32B-Instruct,"{""choice"": ""5000""}"
IMG_72.jpg,st_a,V1_json,1048576,1,1,589,1000,1,1,1,0,0,0,Qwen3-VL-32B-Instruct,"{""count"": 1000}"
IMG_72.jpg,st_a,V3_locate,1048576,1,1,589,1000,1,1,1,0,0,0,Qwen3-VL-32B-Instruct,"{""count"": 1000}"
IMG_72.jpg,st_a,V4_estimate,1048576,1,1,589,1500,1,1,1,0,0,0,Qwen3-VL-32B-Instruct,"{""count"": 1500}"
IMG_72.jpg,st_a,V5_region,1048576,1,1,589,1200,1,1,1,0,0,0,Qwen3-VL-32B-Instruct,"{""count"": 1200}"
IMG_73.jpg,st_a,base,1048576,1,1,153,150,1,1,1,0,0,0,Qwen3-VL-32B-Instruct,"{""count"": 150}"
IMG_73.jpg,st_a,forbid0,1048576,1,1,153,150,1,1,1,0,0,0,Qwen3-VL-32B-Instruct,"{""count"": 150}"
IMG_73.jpg,st_a,V2_number,1048576,1,1,153,150,1,1,1,0,0,0,Qwen3-VL-32B-Instruct,150
IMG_73.jpg,st_a,neutral0,1048576,1,1,153,0,1,1,1,1,0,0,Qwen3-VL-32B-Instruct,"{""count"": 0}"
IMG_72.jpg,st_a,range,1048576,1,1,589,1500,1,1,1,0,0,0,Qwen3-VL-32B-Instruct,"{""low"": 1500, ""high"": 2000}"
IMG_73.jpg,st_a,choice,1048576,1,1,153,500,1,1,1,0,0,0,Qwen3-VL-32B-Instruct,"{""choice"": ""500""}"
IMG_73.jpg,st_a,forbid0n,1048576,1,1,153,150,1,1,1,0,0,0,Qwen3-VL-32B-Instruct,"{""count"": 150}"
IMG_73.jpg,st_a,choicen,1048576,1,1,153,500,1,1,1,0,0,0,Qwen3-VL-32B-Instruct,"{""choice"": ""500""}"
IMG_73.jpg,st_a,V3_locate,1048576,1,1,153,0,1,1,1,1,0,0,Qwen3-VL-32B-Instruct,"{""count"": 0}"
IMG_73.jpg,st_a,V1_json,1048576,1,1,153,150,1,1,1,0,0,0,Qwen3-VL-32B-Instruct,"{""count"": 150}"
IMG_73.jpg,st_a,V4_estimate,1048576,1,1,153,250,1,1,1,0,0,0,Qwen3-VL-32B-Instruct,"{""count"": 250}"
IMG_73.jpg,st_a,V5_region,1048576,1,1,153,250,1,1,1,0,0,0,Qwen3-VL-32B-Instruct,"{""count"": 250}"
IMG_73.jpg,st_a,range,1048576,1,1,153,200,1,1,1,0,0,0,Qwen3-VL-32B-Instruct,"{""low"": 200, ""high"": 300}"
IMG_74.jpg,st_a,neutral0,1048576,1,1,855,0,1,1,1,1,0,0,Qwen3-VL-32B-Instruct,"{""count"": 0}"
IMG_74.jpg,st_a,forbid0,1048576,1,1,855,1000,1,1,1,0,0,0,Qwen3-VL-32B-Instruct,"{""count"": 1000}"
IMG_74.jpg,st_a,base,1048576,1,1,855,1000,1,1,1,0,0,0,Qwen3-VL-32B-Instruct,"{""count"": 1000}"
IMG_74.jpg,st_a,V2_number,1048576,1,1,855,10000,1,1,1,0,0,0,Qwen3-VL-32B-Instruct,10000
IMG_74.jpg,st_a,choice,1048576,1,1,855,1000,1,1,1,0,0,0,Qwen3-VL-32B-Instruct,"{""choice"": 1000}"
IMG_74.jpg,st_a,V1_json,1048576,1,1,855,1000,1,1,1,0,0,0,Qwen3-VL-32B-Instruct,"{""count"": 1000}"
IMG_75.jpg,st_a,base,1048576,1,1,665,0,1,1,1,1,0,0,Qwen3-VL-32B-Instruct,"{""count"": 0}"
IMG_74.jpg,st_a,forbid0n,1048576,1,1,855,10000,1,1,1,0,0,0,Qwen3-VL-32B-Instruct,"{""count"": 10000}"
IMG_74.jpg,st_a,choicen,1048576,1,1,855,10000,1,1,1,0,0,0,Qwen3-VL-32B-Instruct,"{""choice"": ""10000""}"
IMG_74.jpg,st_a,V3_locate,1048576,1,1,855,1000,1,1,1,0,0,0,Qwen3-VL-32B-Instruct,"{""count"": 1000}"
IMG_74.jpg,st_a,V5_region,1048576,1,1,855,10000,1,1,1,0,0,0,Qwen3-VL-32B-Instruct,"{""count"": 10000}"
IMG_74.jpg,st_a,V4_estimate,1048576,1,1,855,2500,1,1,1,0,0,0,Qwen3-VL-32B-Instruct,"{""count"": 2500}"
IMG_75.jpg,st_a,neutral0,1048576,1,1,665,0,1,1,1,1,0,0,Qwen3-VL-32B-Instruct,"{""count"": 0}"
IMG_75.jpg,st_a,forbid0,1048576,1,1,665,1000,1,1,1,0,0,0,Qwen3-VL-32B-Instruct,"{""count"": 1000}"
IMG_75.jpg,st_a,V2_number,1048576,1,1,665,1000,1,1,1,0,0,0,Qwen3-VL-32B-Instruct,1000
IMG_74.jpg,st_a,range,1048576,1,1,855,1000,1,1,1,0,0,0,Qwen3-VL-32B-Instruct,"{""low"": 1000, ""high"": 2000}"
IMG_75.jpg,st_a,V1_json,1048576,1,1,665,0,1,1,1,1,0,0,Qwen3-VL-32B-Instruct,"{""count"": 0}"
IMG_75.jpg,st_a,choice,1048576,1,1,665,1000,1,1,1,0,0,0,Qwen3-VL-32B-Instruct,"{""choice"": ""1000""}"
IMG_75.jpg,st_a,forbid0n,1048576,1,1,665,1500,1,1,1,0,0,0,Qwen3-VL-32B-Instruct,"{""count"": 1500}"
IMG_75.jpg,st_a,choicen,1048576,1,1,665,5000,1,1,1,0,0,0,Qwen3-VL-32B-Instruct,"{""choice"": ""5000""}"
IMG_75.jpg,st_a,V3_locate,1048576,1,1,665,0,1,1,1,1,0,0,Qwen3-VL-32B-Instruct,"{""count"": 0}"
IMG_76.jpg,st_a,base,1048576,1,1,485,0,1,1,1,1,0,0,Qwen3-VL-32B-Instruct,"{""count"": 0}"
IMG_75.jpg,st_a,V4_estimate,1048576,1,1,665,5000,1,1,1,0,0,0,Qwen3-VL-32B-Instruct,"{""count"": 5000}"
IMG_75.jpg,st_a,V5_region,1048576,1,1,665,1500,1,1,1,0,0,0,Qwen3-VL-32B-Instruct,"{""count"": 1500}"
IMG_76.jpg,st_a,V2_number,1048576,1,1,485,1000,1,1,1,0,0,0,Qwen3-VL-32B-Instruct,1000
IMG_76.jpg,st_a,neutral0,1048576,1,1,485,0,1,1,1,1,0,0,Qwen3-VL-32B-Instruct,"{""count"": 0}"
IMG_76.jpg,st_a,forbid0,1048576,1,1,485,1000,1,1,1,0,0,0,Qwen3-VL-32B-Instruct,"{""count"": 1000}"
IMG_75.jpg,st_a,range,1048576,1,1,665,5000,1,1,1,0,0,0,Qwen3-VL-32B-Instruct,"{""low"": 5000, ""high"": 10000}"
IMG_76.jpg,st_a,choice,1048576,1,1,485,1000,1,1,1,0,0,0,Qwen3-VL-32B-Instruct,"{""choice"": ""1000""}"
IMG_76.jpg,st_a,V1_json,1048576,1,1,485,0,1,1,1,1,0,0,Qwen3-VL-32B-Instruct,"{""count"": 0}"
IMG_76.jpg,st_a,forbid0n,1048576,1,1,485,1000,1,1,1,0,0,0,Qwen3-VL-32B-Instruct,"{""count"": 1000}"
IMG_76.jpg,st_a,V3_locate,1048576,1,1,485,0,1,1,1,1,0,0,Qwen3-VL-32B-Instruct,"{""count"": 0}"
IMG_76.jpg,st_a,choicen,1048576,1,1,485,10000,1,1,1,0,0,0,Qwen3-VL-32B-Instruct,"{""choice"": ""10000""}"
IMG_76.jpg,st_a,V5_region,1048576,1,1,485,1500,1,1,1,0,0,0,Qwen3-VL-32B-Instruct,"{""count"": 1500}"
IMG_76.jpg,st_a,V4_estimate,1048576,1,1,485,1500,1,1,1,0,0,0,Qwen3-VL-32B-Instruct,"{""count"": 1500}"
IMG_77.jpg,st_a,base,1048576,1,1,207,158,1,1,1,0,0,0,Qwen3-VL-32B-Instruct,"{""count"": 158}"
IMG_77.jpg,st_a,forbid0,1048576,1,1,207,150,1,1,1,0,0,0,Qwen3-VL-32B-Instruct,"{""count"": 150}"
IMG_77.jpg,st_a,V2_number,1048576,1,1,207,150,1,1,1,0,0,0,Qwen3-VL-32B-Instruct,150
IMG_77.jpg,st_a,neutral0,1048576,1,1,207,0,1,1,1,1,0,0,Qwen3-VL-32B-Instruct,"{""count"": 0}"
IMG_77.jpg,st_a,choice,1048576,1,1,207,100,1,1,1,0,0,0,Qwen3-VL-32B-Instruct,"{""choice"": 100}"
IMG_76.jpg,st_a,range,1048576,1,1,485,1000,1,1,1,0,0,0,Qwen3-VL-32B-Instruct,"{""low"": 1000, ""high"": 2000}"
IMG_77.jpg,st_a,forbid0n,1048576,1,1,207,158,1,1,1,0,0,0,Qwen3-VL-32B-Instruct,"{""count"": 158}"
IMG_77.jpg,st_a,choicen,1048576,1,1,207,300,1,1,1,0,0,0,Qwen3-VL-32B-Instruct,"{""choice"": ""300""}"
IMG_77.jpg,st_a,V3_locate,1048576,1,1,207,150,1,1,1,0,0,0,Qwen3-VL-32B-Instruct,"{""count"": 150}"
IMG_77.jpg,st_a,V1_json,1048576,1,1,207,158,1,1,1,0,0,0,Qwen3-VL-32B-Instruct,"{""count"": 158}"
IMG_77.jpg,st_a,V5_region,1048576,1,1,207,250,1,1,1,0,0,0,Qwen3-VL-32B-Instruct,"{""count"": 250}"
IMG_77.jpg,st_a,V4_estimate,1048576,1,1,207,250,1,1,1,0,0,0,Qwen3-VL-32B-Instruct,"{""count"": 250}"
IMG_78.jpg,st_a,base,1048576,1,1,271,200,1,1,1,0,0,0,Qwen3-VL-32B-Instruct,"{""count"": 200}"
IMG_78.jpg,st_a,V2_number,1048576,1,1,271,300,1,1,1,0,0,0,Qwen3-VL-32B-Instruct,300
IMG_77.jpg,st_a,range,1048576,1,1,207,200,1,1,1,0,0,0,Qwen3-VL-32B-Instruct,"{""low"": 200, ""high"": 300}"
IMG_78.jpg,st_a,neutral0,1048576,1,1,271,0,1,1,1,1,0,0,Qwen3-VL-32B-Instruct,"{""count"": 0}"
IMG_78.jpg,st_a,forbid0,1048576,1,1,271,300,1,1,1,0,0,0,Qwen3-VL-32B-Instruct,"{""count"": 300}"
IMG_78.jpg,st_a,choice,1048576,1,1,271,1000,1,1,1,0,0,0,Qwen3-VL-32B-Instruct,"{""choice"": ""1000""}"
IMG_78.jpg,st_a,forbid0n,1048576,1,1,271,500,1,1,1,0,0,0,Qwen3-VL-32B-Instruct,"{""count"": 500}"
IMG_78.jpg,st_a,V3_locate,1048576,1,1,271,0,1,1,1,1,0,0,Qwen3-VL-32B-Instruct,"{""count"": 0}"
IMG_78.jpg,st_a,V1_json,1048576,1,1,271,300,1,1,1,0,0,0,Qwen3-VL-32B-Instruct,"{""count"": 300}"
IMG_78.jpg,st_a,choicen,1048576,1,1,271,2000,1,1,1,0,0,0,Qwen3-VL-32B-Instruct,"{""choice"": ""2000""}"
IMG_78.jpg,st_a,V4_estimate,1048576,1,1,271,500,1,1,1,0,0,0,Qwen3-VL-32B-Instruct,"{""count"": 500}"
IMG_78.jpg,st_a,V5_region,1048576,1,1,271,500,1,1,1,0,0,0,Qwen3-VL-32B-Instruct,"{""count"": 500}"
IMG_79.jpg,st_a,forbid0,1048576,1,1,186,150,1,1,1,0,0,0,Qwen3-VL-32B-Instruct,"{""count"": 150}"
IMG_79.jpg,st_a,base,1048576,1,1,186,150,1,1,1,0,0,0,Qwen3-VL-32B-Instruct,"{""count"": 150}"
IMG_79.jpg,st_a,neutral0,1048576,1,1,186,0,1,1,1,1,0,0,Qwen3-VL-32B-Instruct,"{""count"": 0}"
IMG_78.jpg,st_a,range,1048576,1,1,271,500,1,1,1,0,0,0,Qwen3-VL-32B-Instruct,"{""low"": 500, ""high"": 800}"
IMG_79.jpg,st_a,V2_number,1048576,1,1,186,100,1,1,1,0,0,0,Qwen3-VL-32B-Instruct,100
IMG_79.jpg,st_a,choice,1048576,1,1,186,500,1,1,1,0,0,0,Qwen3-VL-32B-Instruct,"{""choice"": ""500""}"
IMG_79.jpg,st_a,forbid0n,1048576,1,1,186,150,1,1,1,0,0,0,Qwen3-VL-32B-Instruct,"{""count"": 150}"
IMG_79.jpg,st_a,choicen,1048576,1,1,186,500,1,1,1,0,0,0,Qwen3-VL-32B-Instruct,"{""choice"": ""500""}"
IMG_79.jpg,st_a,V1_json,1048576,1,1,186,150,1,1,1,0,0,0,Qwen3-VL-32B-Instruct,"{""count"": 150}"
IMG_79.jpg,st_a,V3_locate,1048576,1,1,186,100,1,1,1,0,0,0,Qwen3-VL-32B-Instruct,"{""count"": 100}"
IMG_79.jpg,st_a,V5_region,1048576,1,1,186,250,1,1,1,0,0,0,Qwen3-VL-32B-Instruct,"{""count"": 250}"
IMG_8.jpg,st_a,base,1048576,1,1,1326,0,1,1,1,1,0,0,Qwen3-VL-32B-Instruct,"{""count"": 0}"
IMG_79.jpg,st_a,V4_estimate,1048576,1,1,186,250,1,1,1,0,0,0,Qwen3-VL-32B-Instruct,"{""count"": 250}"
IMG_79.jpg,st_a,range,1048576,1,1,186,200,1,1,1,0,0,0,Qwen3-VL-32B-Instruct,"{""low"": 200, ""high"": 300}"
IMG_8.jpg,st_a,neutral0,1048576,1,1,1326,0,1,1,1,1,0,0,Qwen3-VL-32B-Instruct,"{""count"": 0}"
IMG_8.jpg,st_a,V2_number,1048576,1,1,1326,10000,1,1,1,0,0,0,Qwen3-VL-32B-Instruct,10000
IMG_8.jpg,st_a,V1_json,1048576,1,1,1326,0,1,1,1,1,0,0,Qwen3-VL-32B-Instruct,"{""count"": 0}"
IMG_8.jpg,st_a,forbid0,1048576,1,1,1326,10000,1,1,1,0,0,0,Qwen3-VL-32B-Instruct,"{""count"": 10000}"
IMG_8.jpg,st_a,choice,1048576,1,1,1326,1000,1,1,1,0,0,0,Qwen3-VL-32B-Instruct,"{""choice"": ""1000""}"
IMG_8.jpg,st_a,V3_locate,1048576,1,1,1326,0,1,1,1,1,0,0,Qwen3-VL-32B-Instruct,"{""count"": 0}"
IMG_8.jpg,st_a,forbid0n,1048576,1,1,1326,10000,1,1,1,0,0,0,Qwen3-VL-32B-Instruct,"{""count"": 10000}"
IMG_8.jpg,st_a,choicen,1048576,1,1,1326,100000,1,1,1,0,0,0,Qwen3-VL-32B-Instruct,"{""choice"": ""100000""}"
IMG_80.jpg,st_a,base,1048576,1,1,157,100,1,1,1,0,0,0,Qwen3-VL-32B-Instruct,"{""count"": 100}"
IMG_8.jpg,st_a,V5_region,1048576,1,1,1326,10000,1,1,1,0,0,0,Qwen3-VL-32B-Instruct,"{""count"": 10000}"
IMG_8.jpg,st_a,V4_estimate,1048576,1,1,1326,10000,1,1,1,0,0,0,Qwen3-VL-32B-Instruct,"{""count"": 10000}"
IMG_80.jpg,st_a,V2_number,1048576,1,1,157,150,1,1,1,0,0,0,Qwen3-VL-32B-Instruct,150
IMG_80.jpg,st_a,neutral0,1048576,1,1,157,0,1,1,1,1,0,0,Qwen3-VL-32B-Instruct,"{""count"": 0}"
IMG_80.jpg,st_a,forbid0,1048576,1,1,157,150,1,1,1,0,0,0,Qwen3-VL-32B-Instruct,"{""count"": 150}"
IMG_80.jpg,st_a,choice,1048576,1,1,157,500,1,1,1,0,0,0,Qwen3-VL-32B-Instruct,"{""choice"": ""500""}"
IMG_80.jpg,st_a,forbid0n,1048576,1,1,157,150,1,1,1,0,0,0,Qwen3-VL-32B-Instruct,"{""count"": 150}"
IMG_80.jpg,st_a,choicen,1048576,1,1,157,200,1,1,1,0,0,0,Qwen3-VL-32B-Instruct,"{""choice"": ""200""}"
IMG_80.jpg,st_a,V1_json,1048576,1,1,157,100,1,1,1,0,0,0,Qwen3-VL-32B-Instruct,"{""count"": 100}"
IMG_8.jpg,st_a,range,1048576,1,1,1326,5000,1,1,1,0,0,0,Qwen3-VL-32B-Instruct,"{""low"": 5000, ""high"": 10000}"
IMG_80.jpg,st_a,V3_locate,1048576,1,1,157,150,1,1,1,0,0,0,Qwen3-VL-32B-Instruct,"{""count"": 150}"
IMG_80.jpg,st_a,V4_estimate,1048576,1,1,157,200,1,1,1,0,0,0,Qwen3-VL-32B-Instruct,"{""count"": 200}"
IMG_81.jpg,st_a,base,1048576,1,1,356,0,1,1,1,1,0,0,Qwen3-VL-32B-Instruct,"{""count"": 0}"
IMG_80.jpg,st_a,V5_region,1048576,1,1,157,250,1,1,1,0,0,0,Qwen3-VL-32B-Instruct,"{""count"": 250}"
IMG_81.jpg,st_a,neutral0,1048576,1,1,356,0,1,1,1,1,0,0,Qwen3-VL-32B-Instruct,"{""count"": 0}"
IMG_80.jpg,st_a,range,1048576,1,1,157,150,1,1,1,0,0,0,Qwen3-VL-32B-Instruct,"{""low"": 150, ""high"": 250}"
IMG_81.jpg,st_a,V2_number,1048576,1,1,356,1000,1,1,1,0,0,0,Qwen3-VL-32B-Instruct,1000
IMG_81.jpg,st_a,forbid0,1048576,1,1,356,1000,1,1,1,0,0,0,Qwen3-VL-32B-Instruct,"{""count"": 1000}"
IMG_81.jpg,st_a,forbid0n,1048576,1,1,356,1000,1,1,1,0,0,0,Qwen3-VL-32B-Instruct,"{""count"": 1000}"
IMG_81.jpg,st_a,choice,1048576,1,1,356,1000,1,1,1,0,0,0,Qwen3-VL-32B-Instruct,"{""choice"": 1000}"
IMG_81.jpg,st_a,V1_json,1048576,1,1,356,1000,1,1,1,0,0,0,Qwen3-VL-32B-Instruct,"{""count"": 1000}"
IMG_81.jpg,st_a,choicen,1048576,1,1,356,10000,1,1,1,0,0,0,Qwen3-VL-32B-Instruct,"{""choice"": ""10000""}"
IMG_82.jpg,st_a,base,1048576,1,1,217,0,1,1,1,1,0,0,Qwen3-VL-32B-Instruct,"{""count"": 0}"
IMG_81.jpg,st_a,V3_locate,1048576,1,1,356,1000,1,1,1,0,0,0,Qwen3-VL-32B-Instruct,"{""count"": 1000}"
IMG_81.jpg,st_a,V5_region,1048576,1,1,356,1500,1,1,1,0,0,0,Qwen3-VL-32B-Instruct,"{""count"": 1500}"
IMG_81.jpg,st_a,V4_estimate,1048576,1,1,356,1500,1,1,1,0,0,0,Qwen3-VL-32B-Instruct,"{""count"": 1500}"
IMG_82.jpg,st_a,forbid0,1048576,1,1,217,200,1,1,1,0,0,0,Qwen3-VL-32B-Instruct,"{""count"": 200}"
IMG_82.jpg,st_a,neutral0,1048576,1,1,217,0,1,1,1,1,0,0,Qwen3-VL-32B-Instruct,"{""count"": 0}"
IMG_82.jpg,st_a,V2_number,1048576,1,1,217,1000,1,1,1,0,0,0,Qwen3-VL-32B-Instruct,1000
IMG_82.jpg,st_a,forbid0n,1048576,1,1,217,300,1,1,1,0,0,0,Qwen3-VL-32B-Instruct,"{""count"": 300}"
IMG_82.jpg,st_a,choice,1048576,1,1,217,1000,1,1,1,0,0,0,Qwen3-VL-32B-Instruct,"{""choice"": ""1000""}"
IMG_81.jpg,st_a,range,1048576,1,1,356,1000,1,1,1,0,0,0,Qwen3-VL-32B-Instruct,"{""low"": 1000, ""high"": 2000}"
IMG_82.jpg,st_a,V3_locate,1048576,1,1,217,0,1,1,1,1,0,0,Qwen3-VL-32B-Instruct,"{""count"": 0}"
IMG_82.jpg,st_a,choicen,1048576,1,1,217,5000,1,1,1,0,0,0,Qwen3-VL-32B-Instruct,"{""choice"": ""5000""}"
IMG_82.jpg,st_a,V1_json,1048576,1,1,217,200,1,1,1,0,0,0,Qwen3-VL-32B-Instruct,"{""count"": 200}"
IMG_82.jpg,st_a,V4_estimate,1048576,1,1,217,500,1,1,1,0,0,0,Qwen3-VL-32B-Instruct,"{""count"": 500}"
IMG_82.jpg,st_a,V5_region,1048576,1,1,217,1000,1,1,1,0,0,0,Qwen3-VL-32B-Instruct,"{""count"": 1000}"
IMG_82.jpg,st_a,range,1048576,1,1,217,500,1,1,1,0,0,0,Qwen3-VL-32B-Instruct,"{""low"": 500, ""high"": 800}"
IMG_83.jpg,st_a,forbid0,1048576,1,1,218,250,1,1,1,0,0,0,Qwen3-VL-32B-Instruct,"{""count"": 250}"
IMG_83.jpg,st_a,base,1048576,1,1,218,256,1,1,1,0,0,0,Qwen3-VL-32B-Instruct,"{""count"": 256}"
IMG_83.jpg,st_a,neutral0,1048576,1,1,218,0,1,1,1,1,0,0,Qwen3-VL-32B-Instruct,"{""count"": 0}"
IMG_83.jpg,st_a,choice,1048576,1,1,218,500,1,1,1,0,0,0,Qwen3-VL-32B-Instruct,"{""choice"": 500}"
IMG_83.jpg,st_a,V2_number,1048576,1,1,218,100,1,1,1,0,0,0,Qwen3-VL-32B-Instruct,100
IMG_83.jpg,st_a,forbid0n,1048576,1,1,218,300,1,1,1,0,0,0,Qwen3-VL-32B-Instruct,"{""count"": 300}"
IMG_83.jpg,st_a,choicen,1048576,1,1,218,500,1,1,1,0,0,0,Qwen3-VL-32B-Instruct,"{""choice"": ""500""}"
IMG_83.jpg,st_a,V1_json,1048576,1,1,218,256,1,1,1,0,0,0,Qwen3-VL-32B-Instruct,"{""count"": 256}"
IMG_83.jpg,st_a,V5_region,1048576,1,1,218,300,1,1,1,0,0,0,Qwen3-VL-32B-Instruct,"{""count"": 300}"
IMG_83.jpg,st_a,V3_locate,1048576,1,1,218,250,1,1,1,0,0,0,Qwen3-VL-32B-Instruct,"{""count"": 250}"
IMG_83.jpg,st_a,V4_estimate,1048576,1,1,218,300,1,1,1,0,0,0,Qwen3-VL-32B-Instruct,"{""count"": 300}"
IMG_84.jpg,st_a,forbid0,1048576,1,1,122,108,1,1,1,0,0,0,Qwen3-VL-32B-Instruct,"{""count"": 108}"
IMG_84.jpg,st_a,base,1048576,1,1,122,108,1,1,1,0,0,0,Qwen3-VL-32B-Instruct,"{""count"": 108}"
IMG_84.jpg,st_a,V2_number,1048576,1,1,122,100,1,1,1,0,0,0,Qwen3-VL-32B-Instruct,100
IMG_83.jpg,st_a,range,1048576,1,1,218,300,1,1,1,0,0,0,Qwen3-VL-32B-Instruct,"{""low"": 300, ""high"": 400}"
IMG_84.jpg,st_a,choicen,1048576,1,1,122,200,1,1,1,0,0,0,Qwen3-VL-32B-Instruct,"{""choice"": ""200""}"
IMG_84.jpg,st_a,neutral0,1048576,1,1,122,100,1,1,1,0,0,0,Qwen3-VL-32B-Instruct,"{""count"": 100}"
IMG_84.jpg,st_a,forbid0n,1048576,1,1,122,128,1,1,1,0,0,0,Qwen3-VL-32B-Instruct,"{""count"": 128}"
IMG_84.jpg,st_a,choice,1048576,1,1,122,100,1,1,1,0,0,0,Qwen3-VL-32B-Instruct,"{""choice"": ""100""}"
IMG_84.jpg,st_a,V1_json,1048576,1,1,122,108,1,1,1,0,0,0,Qwen3-VL-32B-Instruct,"{""count"": 108}"
IMG_84.jpg,st_a,V3_locate,1048576,1,1,122,100,1,1,1,0,0,0,Qwen3-VL-32B-Instruct,"{""count"": 100}"
IMG_84.jpg,st_a,V4_estimate,1048576,1,1,122,150,1,1,1,0,0,0,Qwen3-VL-32B-Instruct,"{""count"": 150}"
IMG_84.jpg,st_a,V5_region,1048576,1,1,122,150,1,1,1,0,0,0,Qwen3-VL-32B-Instruct,"{""count"": 150}"
IMG_85.jpg,st_a,forbid0,1048576,1,1,97,58,1,1,1,0,0,0,Qwen3-VL-32B-Instruct,"{""count"": 58}"
IMG_85.jpg,st_a,base,1048576,1,1,97,50,1,1,1,0,0,0,Qwen3-VL-32B-Instruct,"{""count"": 50}"
IMG_84.jpg,st_a,range,1048576,1,1,122,150,1,1,1,0,0,0,Qwen3-VL-32B-Instruct,"{""low"": 150, ""high"": 200}"
IMG_85.jpg,st_a,neutral0,1048576,1,1,97,50,1,1,1,0,0,0,Qwen3-VL-32B-Instruct,"{""count"": 50}"
IMG_85.jpg,st_a,V2_number,1048576,1,1,97,50,1,1,1,0,0,0,Qwen3-VL-32B-Instruct,50
IMG_85.jpg,st_a,forbid0n,1048576,1,1,97,58,1,1,1,0,0,0,Qwen3-VL-32B-Instruct,"{""count"": 58}"
IMG_85.jpg,st_a,choice,1048576,1,1,97,100,1,1,1,0,0,0,Qwen3-VL-32B-Instruct,"{""choice"": 100}"
IMG_85.jpg,st_a,choicen,1048576,1,1,97,200,1,1,1,0,0,0,Qwen3-VL-32B-Instruct,"{""choice"": ""200""}"
IMG_85.jpg,st_a,V1_json,1048576,1,1,97,50,1,1,1,0,0,0,Qwen3-VL-32B-Instruct,"{""count"": 50}"
IMG_85.jpg,st_a,V3_locate,1048576,1,1,97,50,1,1,1,0,0,0,Qwen3-VL-32B-Instruct,"{""count"": 50}"
IMG_85.jpg,st_a,V4_estimate,1048576,1,1,97,75,1,1,1,0,0,0,Qwen3-VL-32B-Instruct,"{""count"": 75}"
IMG_85.jpg,st_a,V5_region,1048576,1,1,97,100,1,1,1,0,0,0,Qwen3-VL-32B-Instruct,"{""count"": 100}"
IMG_85.jpg,st_a,range,1048576,1,1,97,70,1,1,1,0,0,0,Qwen3-VL-32B-Instruct,"{""low"": 70, ""high"": 100}"
IMG_86.jpg,st_a,base,1048576,1,1,579,500,1,1,1,0,0,0,Qwen3-VL-32B-Instruct,"{""count"": 500}"
IMG_86.jpg,st_a,forbid0,1048576,1,1,579,500,1,1,1,0,0,0,Qwen3-VL-32B-Instruct,"{""count"": 500}"
IMG_86.jpg,st_a,neutral0,1048576,1,1,579,0,1,1,1,1,0,0,Qwen3-VL-32B-Instruct,"{""count"": 0}"
IMG_86.jpg,st_a,V2_number,1048576,1,1,579,1000,1,1,1,0,0,0,Qwen3-VL-32B-Instruct,1000
IMG_86.jpg,st_a,V3_locate,1048576,1,1,579,0,1,1,1,1,0,0,Qwen3-VL-32B-Instruct,"{""count"": 0}"
IMG_86.jpg,st_a,choice,1048576,1,1,579,1000,1,1,1,0,0,0,Qwen3-VL-32B-Instruct,"{""choice"": ""1000""}"
IMG_86.jpg,st_a,V1_json,1048576,1,1,579,500,1,1,1,0,0,0,Qwen3-VL-32B-Instruct,"{""count"": 500}"
IMG_86.jpg,st_a,forbid0n,1048576,1,1,579,1023,1,1,1,0,0,0,Qwen3-VL-32B-Instruct,"{""count"": 1023}"
IMG_86.jpg,st_a,choicen,1048576,1,1,579,1000,1,1,1,0,0,0,Qwen3-VL-32B-Instruct,"{""choice"": ""1000""}"
IMG_86.jpg,st_a,V4_estimate,1048576,1,1,579,850,1,1,1,0,0,0,Qwen3-VL-32B-Instruct,"{""count"": 850}"
IMG_86.jpg,st_a,range,1048576,1,1,579,500,1,1,1,0,0,0,Qwen3-VL-32B-Instruct,"{""low"": 500, ""high"": 700}"
IMG_87.jpg,st_a,neutral0,1048576,1,1,417,0,1,1,1,1,0,0,Qwen3-VL-32B-Instruct,"{""count"": 0}"
IMG_87.jpg,st_a,V2_number,1048576,1,1,417,1000,1,1,1,0,0,0,Qwen3-VL-32B-Instruct,1000
IMG_87.jpg,st_a,forbid0,1048576,1,1,417,500,1,1,1,0,0,0,Qwen3-VL-32B-Instruct,"{""count"": 500}"
IMG_87.jpg,st_a,base,1048576,1,1,417,300,1,1,1,0,0,0,Qwen3-VL-32B-Instruct,"{""count"": 300}"
IMG_86.jpg,st_a,V5_region,1048576,1,1,579,1020,1,1,1,0,0,0,Qwen3-VL-32B-Instruct,"{""count"": 1020}"
IMG_87.jpg,st_a,forbid0n,1048576,1,1,417,500,1,1,1,0,0,0,Qwen3-VL-32B-Instruct,"{""count"": 500}"
IMG_87.jpg,st_a,V1_json,1048576,1,1,417,300,1,1,1,0,0,0,Qwen3-VL-32B-Instruct,"{""count"": 300}"
IMG_87.jpg,st_a,choice,1048576,1,1,417,1000,1,1,1,0,0,0,Qwen3-VL-32B-Instruct,"{""choice"": ""1000""}"
IMG_87.jpg,st_a,choicen,1048576,1,1,417,5000,1,1,1,0,0,0,Qwen3-VL-32B-Instruct,"{""choice"": ""5000""}"
IMG_87.jpg,st_a,V3_locate,1048576,1,1,417,0,1,1,1,1,0,0,Qwen3-VL-32B-Instruct,"{""count"": 0}"
IMG_87.jpg,st_a,V4_estimate,1048576,1,1,417,850,1,1,1,0,0,0,Qwen3-VL-32B-Instruct,"{""count"": 850}"
IMG_88.jpg,st_a,base,1048576,1,1,86,50,1,1,1,0,0,0,Qwen3-VL-32B-Instruct,"{""count"": 50}"
IMG_88.jpg,st_a,forbid0,1048576,1,1,86,58,1,1,1,0,0,0,Qwen3-VL-32B-Instruct,"{""count"": 58}"
IMG_87.jpg,st_a,V5_region,1048576,1,1,417,1000,1,1,1,0,0,0,Qwen3-VL-32B-Instruct,"{""count"": 1000}"
IMG_87.jpg,st_a,range,1048576,1,1,417,500,1,1,1,0,0,0,Qwen3-VL-32B-Instruct,"{""low"": 500, ""high"": 700}"
IMG_88.jpg,st_a,V2_number,1048576,1,1,86,50,1,1,1,0,0,0,Qwen3-VL-32B-Instruct,50
IMG_88.jpg,st_a,V1_json,1048576,1,1,86,50,1,1,1,0,0,0,Qwen3-VL-32B-Instruct,"{""count"": 50}"
IMG_88.jpg,st_a,neutral0,1048576,1,1,86,50,1,1,1,0,0,0,Qwen3-VL-32B-Instruct,"{""count"": 50}"
IMG_88.jpg,st_a,forbid0n,1048576,1,1,86,58,1,1,1,0,0,0,Qwen3-VL-32B-Instruct,"{""count"": 58}"
IMG_88.jpg,st_a,choice,1048576,1,1,86,100,1,1,1,0,0,0,Qwen3-VL-32B-Instruct,"{""choice"": ""100""}"
IMG_88.jpg,st_a,choicen,1048576,1,1,86,200,1,1,1,0,0,0,Qwen3-VL-32B-Instruct,"{""choice"": ""200""}"
IMG_88.jpg,st_a,V3_locate,1048576,1,1,86,50,1,1,1,0,0,0,Qwen3-VL-32B-Instruct,"{""count"": 50}"
IMG_89.jpg,st_a,base,1048576,1,1,383,300,1,1,1,0,0,0,Qwen3-VL-32B-Instruct,"{""count"": 300}"
IMG_88.jpg,st_a,V5_region,1048576,1,1,86,120,1,1,1,0,0,0,Qwen3-VL-32B-Instruct,"{""count"": 120}"
IMG_88.jpg,st_a,V4_estimate,1048576,1,1,86,100,1,1,1,0,0,0,Qwen3-VL-32B-Instruct,"{""count"": 100}"
IMG_89.jpg,st_a,V2_number,1048576,1,1,383,300,1,1,1,0,0,0,Qwen3-VL-32B-Instruct,300
IMG_89.jpg,st_a,forbid0,1048576,1,1,383,300,1,1,1,0,0,0,Qwen3-VL-32B-Instruct,"{""count"": 300}"
IMG_89.jpg,st_a,neutral0,1048576,1,1,383,0,1,1,1,1,0,0,Qwen3-VL-32B-Instruct,"{""count"": 0}"
IMG_88.jpg,st_a,range,1048576,1,1,86,100,1,1,1,0,0,0,Qwen3-VL-32B-Instruct,"{""low"": 100, ""high"": 150}"
IMG_89.jpg,st_a,forbid0n,1048576,1,1,383,500,1,1,1,0,0,0,Qwen3-VL-32B-Instruct,"{""count"": 500}"
IMG_89.jpg,st_a,choice,1048576,1,1,383,1000,1,1,1,0,0,0,Qwen3-VL-32B-Instruct,"{""choice"": ""1000""}"
IMG_89.jpg,st_a,choicen,1048576,1,1,383,1500,1,1,1,0,0,0,Qwen3-VL-32B-Instruct,"{""choice"": ""1500""}"
IMG_89.jpg,st_a,V1_json,1048576,1,1,383,300,1,1,1,0,0,0,Qwen3-VL-32B-Instruct,"{""count"": 300}"
IMG_89.jpg,st_a,V3_locate,1048576,1,1,383,300,1,1,1,0,0,0,Qwen3-VL-32B-Instruct,"{""count"": 300}"
IMG_89.jpg,st_a,V4_estimate,1048576,1,1,383,500,1,1,1,0,0,0,Qwen3-VL-32B-Instruct,"{""count"": 500}"
IMG_89.jpg,st_a,V5_region,1048576,1,1,383,1000,1,1,1,0,0,0,Qwen3-VL-32B-Instruct,"{""count"": 1000}"
IMG_9.jpg,st_a,base,1048576,1,1,371,100,1,1,1,0,0,0,Qwen3-VL-32B-Instruct,"{""count"": 100}"
IMG_9.jpg,st_a,forbid0,1048576,1,1,371,500,1,1,1,0,0,0,Qwen3-VL-32B-Instruct,"{""count"": 500}"
IMG_89.jpg,st_a,range,1048576,1,1,383,500,1,1,1,0,0,0,Qwen3-VL-32B-Instruct,"{""low"": 500, ""high"": 700}"
IMG_9.jpg,st_a,choice,1048576,1,1,371,1000,1,1,1,0,0,0,Qwen3-VL-32B-Instruct,"{""choice"": 1000}"
IMG_9.jpg,st_a,neutral0,1048576,1,1,371,0,1,1,1,1,0,0,Qwen3-VL-32B-Instruct,"{""count"": 0}"
IMG_9.jpg,st_a,V2_number,1048576,1,1,371,1000,1,1,1,0,0,0,Qwen3-VL-32B-Instruct,1000
IMG_9.jpg,st_a,V3_locate,1048576,1,1,371,0,1,1,1,1,0,0,Qwen3-VL-32B-Instruct,"{""count"": 0}"
IMG_9.jpg,st_a,forbid0n,1048576,1,1,371,500,1,1,1,0,0,0,Qwen3-VL-32B-Instruct,"{""count"": 500}"
IMG_9.jpg,st_a,V1_json,1048576,1,1,371,100,1,1,1,0,0,0,Qwen3-VL-32B-Instruct,"{""count"": 100}"
IMG_9.jpg,st_a,choicen,1048576,1,1,371,10000,1,1,1,0,0,0,Qwen3-VL-32B-Instruct,"{""choice"": ""10000""}"
IMG_9.jpg,st_a,V4_estimate,1048576,1,1,371,1000,1,1,1,0,0,0,Qwen3-VL-32B-Instruct,"{""count"": 1000}"
IMG_90.jpg,st_a,base,1048576,1,1,2256,0,1,1,1,1,0,0,Qwen3-VL-32B-Instruct,"{""count"": 0}"
IMG_9.jpg,st_a,range,1048576,1,1,371,500,1,1,1,0,0,0,Qwen3-VL-32B-Instruct,"{""low"": 500, ""high"": 1000}"
IMG_90.jpg,st_a,neutral0,1048576,1,1,2256,0,1,1,1,1,0,0,Qwen3-VL-32B-Instruct,"{""count"": 0}"
IMG_9.jpg,st_a,V5_region,1048576,1,1,371,1000,1,1,1,0,0,0,Qwen3-VL-32B-Instruct,"{""count"": 1000}"
IMG_90.jpg,st_a,choice,1048576,1,1,2256,500,1,1,1,0,0,0,Qwen3-VL-32B-Instruct,"{""choice"": 500}"
IMG_90.jpg,st_a,V1_json,1048576,1,1,2256,0,1,1,1,1,0,0,Qwen3-VL-32B-Instruct,"{""count"": 0}"
IMG_90.jpg,st_a,forbid0,1048576,1,1,2256,10000,1,1,1,0,0,0,Qwen3-VL-32B-Instruct,"{""count"": 10000}"
IMG_90.jpg,st_a,V2_number,1048576,1,1,2256,1000000,1,1,1,0,0,0,Qwen3-VL-32B-Instruct,1000000
IMG_90.jpg,st_a,choicen,1048576,1,1,2256,10,1,1,1,0,0,0,Qwen3-VL-32B-Instruct,"{""choice"": ""10万""}"
IMG_90.jpg,st_a,V3_locate,1048576,1,1,2256,0,1,1,1,1,0,0,Qwen3-VL-32B-Instruct,"{""count"": 0}"
IMG_90.jpg,st_a,forbid0n,1048576,1,1,2256,100000,1,1,1,0,0,0,Qwen3-VL-32B-Instruct,"{""count"": 100000}"
IMG_91.jpg,st_a,base,1048576,1,1,101,72,1,1,1,0,0,0,Qwen3-VL-32B-Instruct,"{""count"": 72}"
IMG_91.jpg,st_a,V2_number,1048576,1,1,101,50,1,1,1,0,0,0,Qwen3-VL-32B-Instruct,50
IMG_91.jpg,st_a,forbid0,1048576,1,1,101,78,1,1,1,0,0,0,Qwen3-VL-32B-Instruct,"{""count"": 78}"
IMG_90.jpg,st_a,V4_estimate,1048576,1,1,2256,100000,1,1,1,0,0,0,Qwen3-VL-32B-Instruct,"{""count"": 100000}"
IMG_90.jpg,st_a,V5_region,1048576,1,1,2256,100000,1,1,1,0,0,0,Qwen3-VL-32B-Instruct,"{""count"": 100000}"
IMG_91.jpg,st_a,neutral0,1048576,1,1,101,70,1,1,1,0,0,0,Qwen3-VL-32B-Instruct,"{""count"": 70}"
IMG_91.jpg,st_a,choice,1048576,1,1,101,100,1,1,1,0,0,0,Qwen3-VL-32B-Instruct,"{""choice"": 100}"
IMG_91.jpg,st_a,forbid0n,1048576,1,1,101,78,1,1,1,0,0,0,Qwen3-VL-32B-Instruct,"{""count"": 78}"
IMG_91.jpg,st_a,V1_json,1048576,1,1,101,72,1,1,1,0,0,0,Qwen3-VL-32B-Instruct,"{""count"": 72}"
IMG_91.jpg,st_a,V4_estimate,1048576,1,1,101,85,1,1,1,0,0,0,Qwen3-VL-32B-Instruct,"{""count"": 85}"
IMG_91.jpg,st_a,choicen,1048576,1,1,101,100,1,1,1,0,0,0,Qwen3-VL-32B-Instruct,"{""choice"": ""100""}"
IMG_91.jpg,st_a,V3_locate,1048576,1,1,101,75,1,1,1,0,0,0,Qwen3-VL-32B-Instruct,"{""count"": 75}"
IMG_90.jpg,st_a,range,1048576,1,1,2256,50000,1,1,1,0,0,0,Qwen3-VL-32B-Instruct,"{""low"": 50000, ""high"": 100000}"
IMG_92.jpg,st_a,base,1048576,1,1,1366,0,1,1,1,1,0,0,Qwen3-VL-32B-Instruct,"{""count"": 0}"
IMG_91.jpg,st_a,V5_region,1048576,1,1,101,100,1,1,1,0,0,0,Qwen3-VL-32B-Instruct,"{""count"": 100}"
IMG_91.jpg,st_a,range,1048576,1,1,101,80,1,1,1,0,0,0,Qwen3-VL-32B-Instruct,"{""low"": 80, ""high"": 100}"
IMG_92.jpg,st_a,neutral0,1048576,1,1,1366,0,1,1,1,1,0,0,Qwen3-VL-32B-Instruct,"{""count"": 0}"
IMG_92.jpg,st_a,V2_number,1048576,1,1,1366,10000,1,1,1,0,0,0,Qwen3-VL-32B-Instruct,10000
IMG_92.jpg,st_a,choice,1048576,1,1,1366,1000,1,1,1,0,0,0,Qwen3-VL-32B-Instruct,"{""choice"": ""1000""}"
IMG_92.jpg,st_a,forbid0,1048576,1,1,1366,10000,1,1,1,0,0,0,Qwen3-VL-32B-Instruct,"{""count"": 10000}"
IMG_92.jpg,st_a,V1_json,1048576,1,1,1366,0,1,1,1,1,0,0,Qwen3-VL-32B-Instruct,"{""count"": 0}"
IMG_92.jpg,st_a,V3_locate,1048576,1,1,1366,0,1,1,1,1,0,0,Qwen3-VL-32B-Instruct,"{""count"": 0}"
IMG_92.jpg,st_a,forbid0n,1048576,1,1,1366,10000,1,1,1,0,0,0,Qwen3-VL-32B-Instruct,"{""count"": 10000}"
IMG_92.jpg,st_a,choicen,1048576,1,1,1366,50000,1,1,1,0,0,0,Qwen3-VL-32B-Instruct,"{""choice"": ""50000""}"
IMG_93.jpg,st_a,base,1048576,1,1,255,250,1,1,1,0,0,0,Qwen3-VL-32B-Instruct,"{""count"": 250}"
IMG_93.jpg,st_a,neutral0,1048576,1,1,255,0,1,1,1,1,0,0,Qwen3-VL-32B-Instruct,"{""count"": 0}"
IMG_93.jpg,st_a,forbid0,1048576,1,1,255,250,1,1,1,0,0,0,Qwen3-VL-32B-Instruct,"{""count"": 250}"
IMG_93.jpg,st_a,choice,1048576,1,1,255,500,1,1,1,0,0,0,Qwen3-VL-32B-Instruct,"{""choice"": ""500""}"
IMG_92.jpg,st_a,V5_region,1048576,1,1,1366,10000,1,1,1,0,0,0,Qwen3-VL-32B-Instruct,"{""count"": 10000}"
IMG_92.jpg,st_a,V4_estimate,1048576,1,1,1366,15000,1,1,1,0,0,0,Qwen3-VL-32B-Instruct,"{""count"": 15000}"
IMG_93.jpg,st_a,V2_number,1048576,1,1,255,1000,1,1,1,0,0,0,Qwen3-VL-32B-Instruct,1000
IMG_93.jpg,st_a,forbid0n,1048576,1,1,255,300,1,1,1,0,0,0,Qwen3-VL-32B-Instruct,"{""count"": 300}"
IMG_92.jpg,st_a,range,1048576,1,1,1366,10000,1,1,1,0,0,0,Qwen3-VL-32B-Instruct,"{""low"": 10000, ""high"": 20000}"
IMG_93.jpg,st_a,V1_json,1048576,1,1,255,250,1,1,1,0,0,0,Qwen3-VL-32B-Instruct,"{""count"": 250}"
IMG_93.jpg,st_a,choicen,1048576,1,1,255,1000,1,1,1,0,0,0,Qwen3-VL-32B-Instruct,"{""choice"": ""1000""}"
IMG_93.jpg,st_a,V3_locate,1048576,1,1,255,250,1,1,1,0,0,0,Qwen3-VL-32B-Instruct,"{""count"": 250}"
IMG_93.jpg,st_a,V4_estimate,1048576,1,1,255,350,1,1,1,0,0,0,Qwen3-VL-32B-Instruct,"{""count"": 350}"
IMG_93.jpg,st_a,V5_region,1048576,1,1,255,250,1,1,1,0,0,0,Qwen3-VL-32B-Instruct,"{""count"": 250}"
IMG_94.jpg,st_a,base,1048576,1,1,69,50,1,1,1,0,0,0,Qwen3-VL-32B-Instruct,"{""count"": 50}"
IMG_93.jpg,st_a,range,1048576,1,1,255,500,1,1,1,0,0,0,Qwen3-VL-32B-Instruct,"{""low"": 500, ""high"": 700}"
IMG_94.jpg,st_a,forbid0,1048576,1,1,69,50,1,1,1,0,0,0,Qwen3-VL-32B-Instruct,"{""count"": 50}"
IMG_94.jpg,st_a,V2_number,1048576,1,1,69,60,1,1,1,0,0,0,Qwen3-VL-32B-Instruct,60
IMG_94.jpg,st_a,neutral0,1048576,1,1,69,50,1,1,1,0,0,0,Qwen3-VL-32B-Instruct,"{""count"": 50}"
IMG_94.jpg,st_a,forbid0n,1048576,1,1,69,60,1,1,1,0,0,0,Qwen3-VL-32B-Instruct,"{""count"": 60}"
IMG_94.jpg,st_a,choice,1048576,1,1,69,100,1,1,1,0,0,0,Qwen3-VL-32B-Instruct,"{""choice"": 100}"
IMG_94.jpg,st_a,choicen,1048576,1,1,69,100,1,1,1,0,0,0,Qwen3-VL-32B-Instruct,"{""choice"": ""100""}"
IMG_94.jpg,st_a,V1_json,1048576,1,1,69,50,1,1,1,0,0,0,Qwen3-VL-32B-Instruct,"{""count"": 50}"
IMG_94.jpg,st_a,V3_locate,1048576,1,1,69,50,1,1,1,0,0,0,Qwen3-VL-32B-Instruct,"{""count"": 50}"
IMG_94.jpg,st_a,V4_estimate,1048576,1,1,69,60,1,1,1,0,0,0,Qwen3-VL-32B-Instruct,"{""count"": 60}"
IMG_94.jpg,st_a,V5_region,1048576,1,1,69,72,1,1,1,0,0,0,Qwen3-VL-32B-Instruct,"{""count"": 72}"
IMG_95.jpg,st_a,base,1048576,1,1,190,100,1,1,1,0,0,0,Qwen3-VL-32B-Instruct,"{""count"": 100}"
IMG_95.jpg,st_a,V2_number,1048576,1,1,190,100,1,1,1,0,0,0,Qwen3-VL-32B-Instruct,100
IMG_95.jpg,st_a,forbid0,1048576,1,1,190,100,1,1,1,0,0,0,Qwen3-VL-32B-Instruct,"{""count"": 100}"
IMG_94.jpg,st_a,range,1048576,1,1,69,80,1,1,1,0,0,0,Qwen3-VL-32B-Instruct,"{""low"": 80, ""high"": 100}"
IMG_95.jpg,st_a,neutral0,1048576,1,1,190,0,1,1,1,1,0,0,Qwen3-VL-32B-Instruct,"{""count"": 0}"
IMG_95.jpg,st_a,choice,1048576,1,1,190,500,1,1,1,0,0,0,Qwen3-VL-32B-Instruct,"{""choice"": 500}"
IMG_95.jpg,st_a,choicen,1048576,1,1,190,500,1,1,1,0,0,0,Qwen3-VL-32B-Instruct,"{""choice"": ""500""}"
IMG_95.jpg,st_a,V3_locate,1048576,1,1,190,0,1,1,1,1,0,0,Qwen3-VL-32B-Instruct,"{""count"": 0}"
IMG_95.jpg,st_a,forbid0n,1048576,1,1,190,200,1,1,1,0,0,0,Qwen3-VL-32B-Instruct,"{""count"": 200}"
IMG_95.jpg,st_a,V1_json,1048576,1,1,190,100,1,1,1,0,0,0,Qwen3-VL-32B-Instruct,"{""count"": 100}"
IMG_95.jpg,st_a,V4_estimate,1048576,1,1,190,200,1,1,1,0,0,0,Qwen3-VL-32B-Instruct,"{""count"": 200}"
IMG_95.jpg,st_a,V5_region,1048576,1,1,190,200,1,1,1,0,0,0,Qwen3-VL-32B-Instruct,"{""count"": 200}"
IMG_96.jpg,st_a,V2_number,1048576,1,1,246,1000,1,1,1,0,0,0,Qwen3-VL-32B-Instruct,1000
IMG_96.jpg,st_a,neutral0,1048576,1,1,246,0,1,1,1,1,0,0,Qwen3-VL-32B-Instruct,"{""count"": 0}"
IMG_96.jpg,st_a,base,1048576,1,1,246,256,1,1,1,0,0,0,Qwen3-VL-32B-Instruct,"{""count"": 256}"
IMG_96.jpg,st_a,forbid0,1048576,1,1,246,256,1,1,1,0,0,0,Qwen3-VL-32B-Instruct,"{""count"": 256}"
IMG_95.jpg,st_a,range,1048576,1,1,190,200,1,1,1,0,0,0,Qwen3-VL-32B-Instruct,"{""low"": 200, ""high"": 300}"
IMG_96.jpg,st_a,choice,1048576,1,1,246,500,1,1,1,0,0,0,Qwen3-VL-32B-Instruct,"{""choice"": ""500""}"
IMG_96.jpg,st_a,forbid0n,1048576,1,1,246,320,1,1,1,0,0,0,Qwen3-VL-32B-Instruct,"{""count"": 320}"
IMG_96.jpg,st_a,V1_json,1048576,1,1,246,256,1,1,1,0,0,0,Qwen3-VL-32B-Instruct,"{""count"": 256}"
IMG_96.jpg,st_a,choicen,1048576,1,1,246,1000,1,1,1,0,0,0,Qwen3-VL-32B-Instruct,"{""choice"": ""1000""}"
IMG_96.jpg,st_a,V3_locate,1048576,1,1,246,250,1,1,1,0,0,0,Qwen3-VL-32B-Instruct,"{""count"": 250}"
IMG_96.jpg,st_a,V5_region,1048576,1,1,246,320,1,1,1,0,0,0,Qwen3-VL-32B-Instruct,"{""count"": 320}"
IMG_96.jpg,st_a,V4_estimate,1048576,1,1,246,350,1,1,1,0,0,0,Qwen3-VL-32B-Instruct,"{""count"": 350}"
IMG_97.jpg,st_a,base,1048576,1,1,521,1000,1,1,1,0,0,0,Qwen3-VL-32B-Instruct,"{""count"": 1000}"
IMG_97.jpg,st_a,V2_number,1048576,1,1,521,1000,1,1,1,0,0,0,Qwen3-VL-32B-Instruct,1000
IMG_96.jpg,st_a,range,1048576,1,1,246,300,1,1,1,0,0,0,Qwen3-VL-32B-Instruct,"{""low"": 300, ""high"": 400}"
IMG_97.jpg,st_a,forbid0,1048576,1,1,521,1000,1,1,1,0,0,0,Qwen3-VL-32B-Instruct,"{""count"": 1000}"
IMG_97.jpg,st_a,neutral0,1048576,1,1,521,0,1,1,1,1,0,0,Qwen3-VL-32B-Instruct,"{""count"": 0}"
IMG_97.jpg,st_a,choice,1048576,1,1,521,1000,1,1,1,0,0,0,Qwen3-VL-32B-Instruct,"{""choice"": ""1000""}"
IMG_97.jpg,st_a,choicen,1048576,1,1,521,5000,1,1,1,0,0,0,Qwen3-VL-32B-Instruct,"{""choice"": ""5000""}"
IMG_97.jpg,st_a,forbid0n,1048576,1,1,521,1000,1,1,1,0,0,0,Qwen3-VL-32B-Instruct,"{""count"": 1000}"
IMG_97.jpg,st_a,V1_json,1048576,1,1,521,1000,1,1,1,0,0,0,Qwen3-VL-32B-Instruct,"{""count"": 1000}"
IMG_97.jpg,st_a,V4_estimate,1048576,1,1,521,1500,1,1,1,0,0,0,Qwen3-VL-32B-Instruct,"{""count"": 1500}"
IMG_97.jpg,st_a,V3_locate,1048576,1,1,521,1000,1,1,1,0,0,0,Qwen3-VL-32B-Instruct,"{""count"": 1000}"
IMG_98.jpg,st_a,base,1048576,1,1,153,100,1,1,1,0,0,0,Qwen3-VL-32B-Instruct,"{""count"": 100}"
IMG_97.jpg,st_a,V5_region,1048576,1,1,521,1200,1,1,1,0,0,0,Qwen3-VL-32B-Instruct,"{""count"": 1200}"
IMG_98.jpg,st_a,forbid0,1048576,1,1,153,150,1,1,1,0,0,0,Qwen3-VL-32B-Instruct,"{""count"": 150}"
IMG_98.jpg,st_a,neutral0,1048576,1,1,153,0,1,1,1,1,0,0,Qwen3-VL-32B-Instruct,"{""count"": 0}"
IMG_98.jpg,st_a,V2_number,1048576,1,1,153,100,1,1,1,0,0,0,Qwen3-VL-32B-Instruct,100
IMG_97.jpg,st_a,range,1048576,1,1,521,1000,1,1,1,0,0,0,Qwen3-VL-32B-Instruct,"{""low"": 1000, ""high"": 1500}"
IMG_98.jpg,st_a,choice,1048576,1,1,153,500,1,1,1,0,0,0,Qwen3-VL-32B-Instruct,"{""choice"": 500}"
IMG_98.jpg,st_a,forbid0n,1048576,1,1,153,150,1,1,1,0,0,0,Qwen3-VL-32B-Instruct,"{""count"": 150}"
IMG_98.jpg,st_a,V1_json,1048576,1,1,153,100,1,1,1,0,0,0,Qwen3-VL-32B-Instruct,"{""count"": 100}"
IMG_98.jpg,st_a,choicen,1048576,1,1,153,500,1,1,1,0,0,0,Qwen3-VL-32B-Instruct,"{""choice"": ""500""}"
IMG_98.jpg,st_a,range,1048576,1,1,153,150,1,1,1,0,0,0,Qwen3-VL-32B-Instruct,"{""low"": 150, ""high"": 200}"
IMG_98.jpg,st_a,V4_estimate,1048576,1,1,153,200,1,1,1,0,0,0,Qwen3-VL-32B-Instruct,"{""count"": 200}"
IMG_98.jpg,st_a,V3_locate,1048576,1,1,153,100,1,1,1,0,0,0,Qwen3-VL-32B-Instruct,"{""count"": 100}"
IMG_98.jpg,st_a,V5_region,1048576,1,1,153,200,1,1,1,0,0,0,Qwen3-VL-32B-Instruct,"{""count"": 200}"
IMG_99.jpg,st_a,neutral0,1048576,1,1,242,0,1,1,1,1,0,0,Qwen3-VL-32B-Instruct,"{""count"": 0}"
IMG_99.jpg,st_a,base,1048576,1,1,242,200,1,1,1,0,0,0,Qwen3-VL-32B-Instruct,"{""count"": 200}"
IMG_99.jpg,st_a,V2_number,1048576,1,1,242,100,1,1,1,0,0,0,Qwen3-VL-32B-Instruct,100
IMG_99.jpg,st_a,forbid0,1048576,1,1,242,250,1,1,1,0,0,0,Qwen3-VL-32B-Instruct,"{""count"": 250}"
IMG_99.jpg,st_a,choice,1048576,1,1,242,1000,1,1,1,0,0,0,Qwen3-VL-32B-Instruct,"{""choice"": ""1000""}"
IMG_99.jpg,st_a,V1_json,1048576,1,1,242,0,1,1,1,1,0,0,Qwen3-VL-32B-Instruct,"{""count"": 0}"
IMG_99.jpg,st_a,forbid0n,1048576,1,1,242,500,1,1,1,0,0,0,Qwen3-VL-32B-Instruct,"{""count"": 500}"
IMG_99.jpg,st_a,V3_locate,1048576,1,1,242,0,1,1,1,1,0,0,Qwen3-VL-32B-Instruct,"{""count"": 0}"
IMG_99.jpg,st_a,choicen,1048576,1,1,242,5000,1,1,1,0,0,0,Qwen3-VL-32B-Instruct,"{""choice"": ""5000""}"
IMG_99.jpg,st_a,V5_region,1048576,1,1,242,500,1,1,1,0,0,0,Qwen3-VL-32B-Instruct,"{""count"": 500}"
IMG_99.jpg,st_a,V4_estimate,1048576,1,1,242,500,1,1,1,0,0,0,Qwen3-VL-32B-Instruct,"{""count"": 500}"
IMG_99.jpg,st_a,range,1048576,1,1,242,500,1,1,1,0,0,0,Qwen3-VL-32B-Instruct,"{""low"": 500, ""high"": 800}"
