family,domain,item,arm,gt,pred,parse_ok,abstain,http_err,raw
Qwen2.5-VL-3B-Instruct,jhu,0004,permit,59,,0,0,0,"{""count"": ""abstain""}"
Qwen2.5-VL-3B-Instruct,jhu,0002,permit,43,,0,0,0,"```json {   ""count"": ""abstain"" } ```"
Qwen2.5-VL-3B-Instruct,jhu,0002,channel,43,,0,0,0,"```json {     ""response"": ""cannot_judge"" } ```"
Qwen2.5-VL-3B-Instruct,jhu,0005,permit,463,,0,0,0,"```json {     ""count"": ""abstain"" } ```"
Qwen2.5-VL-3B-Instruct,jhu,0004,base,59,100,1,0,0,"```json {   ""count"": 100 } ```"
Qwen2.5-VL-3B-Instruct,jhu,0002,base,43,102,1,0,0,"```json {     ""count"": 102 } ```"
Qwen2.5-VL-3B-Instruct,jhu,0004,channel,59,,0,0,0,"```json {   ""response"": ""cannot_judge"" } ```"
Qwen2.5-VL-3B-Instruct,jhu,0005,base,463,1000,1,0,0,"```json {     ""count"": 1000 } ```"
Qwen2.5-VL-3B-Instruct,jhu,0005,channel,463,,0,0,0,"```json {     ""response"": ""cannot_judge"" } ```"
Qwen2.5-VL-3B-Instruct,jhu,0020,base,28,20,1,0,0,"```json {     ""count"": 20 } ```"
Qwen2.5-VL-3B-Instruct,jhu,0006,channel,299,,0,0,0,"```json {     ""response"": ""cannot_judge"" } ```"
Qwen2.5-VL-3B-Instruct,jhu,0006,permit,299,,0,0,0,"```json {     ""count"": ""abstain"" } ```"
Qwen2.5-VL-3B-Instruct,jhu,0006,base,299,1000,1,0,0,"```json {     ""count"": 1000 } ```"
Qwen2.5-VL-3B-Instruct,jhu,0016,channel,140,,0,0,0,"```json {     ""response"": ""cannot_judge"" } ```"
Qwen2.5-VL-3B-Instruct,jhu,0016,permit,140,,0,0,0,"```json {   ""count"": ""abstain"" } ```"
Qwen2.5-VL-3B-Instruct,jhu,0016,base,140,102,1,0,0,"```json {   ""count"": 102 } ```"
Qwen2.5-VL-3B-Instruct,jhu,0020,permit,28,,0,0,0,"```json {     ""count"": ""abstain"" } ```"
Qwen2.5-VL-3B-Instruct,jhu,0024,channel,45,,0,0,0,"```json {     ""response"": ""cannot_judge"" } ```"
Qwen2.5-VL-3B-Instruct,jhu,0020,channel,28,,0,0,0,"```json {     ""response"": ""cannot_judge"" } ```"
Qwen2.5-VL-3B-Instruct,jhu,0024,base,45,100,1,0,0,"```json {     ""count"": 100 } ```"
Qwen2.5-VL-3B-Instruct,jhu,0024,permit,45,,0,0,0,"```json {     ""count"": ""abstain"" } ```"
Qwen2.5-VL-3B-Instruct,jhu,0033,base,50,100,1,0,0,"```json {   ""count"": 100 } ```"
Qwen2.5-VL-3B-Instruct,jhu,0028,channel,33,,0,0,0,"```json {     ""response"": ""cannot_judge"" } ```"
Qwen2.5-VL-3B-Instruct,jhu,0028,permit,33,,0,0,0,"```json {     ""count"": ""abstain"" } ```"
Qwen2.5-VL-3B-Instruct,jhu,0028,base,33,30,1,0,0,"```json {     ""count"": 30 } ```"
Qwen2.5-VL-3B-Instruct,jhu,0033,permit,50,,0,0,0,"{""count"": ""abstain""}"
Qwen2.5-VL-3B-Instruct,jhu,0033,channel,50,,0,0,0,"```json {     ""response"": ""cannot_judge"" } ```"
Qwen2.5-VL-3B-Instruct,jhu,0041,permit,55,,0,0,0,"{""count"": ""abstain""}"
Qwen2.5-VL-3B-Instruct,jhu,0043,permit,284,,0,0,0,"{""count"": ""abstain""}"
Qwen2.5-VL-3B-Instruct,jhu,0041,base,55,100,1,0,0,"```json {   ""count"": 100 } ```"
Qwen2.5-VL-3B-Instruct,jhu,0043,base,284,100,1,0,0,"```json {   ""count"": 100 } ```"
Qwen2.5-VL-3B-Instruct,jhu,0045,base,275,102,1,0,0,"```json {     ""count"": 102 } ```"
Qwen2.5-VL-3B-Instruct,jhu,0043,channel,284,,0,0,0,"```json {   ""response"": ""cannot_judge"" } ```"
Qwen2.5-VL-3B-Instruct,jhu,0041,channel,55,,0,0,0,"```json {     ""response"": ""cannot_judge"" } ```"
Qwen2.5-VL-3B-Instruct,jhu,0045,permit,275,,0,0,0,"```json {     ""count"": ""abstain"" } ```"
Qwen2.5-VL-3B-Instruct,jhu,0045,channel,275,,0,0,0,"```json {     ""response"": ""cannot_judge"" } ```"
Qwen2.5-VL-3B-Instruct,jhu,0059,base,134,102,1,0,0,"```json {     ""count"": 102 } ```"
Qwen2.5-VL-3B-Instruct,jhu,0059,permit,134,,0,0,0,"```json {     ""count"": ""abstain"" } ```"
Qwen2.5-VL-3B-Instruct,jhu,0047,base,52,50,1,0,0,"```json {     ""count"": 50 } ```"
Qwen2.5-VL-3B-Instruct,jhu,0047,permit,52,,0,0,0,"```json {   ""count"": ""abstain"" } ```"
Qwen2.5-VL-3B-Instruct,jhu,0059,channel,134,,0,0,0,"```json {     ""response"": ""cannot_judge"" } ```"
Qwen2.5-VL-3B-Instruct,jhu,0047,channel,52,,0,0,0,"```json {     ""response"": ""cannot_judge"" } ```"
Qwen2.5-VL-3B-Instruct,jhu,0060,base,212,1000,1,0,0,"```json {   ""count"": 1000 } ```"
Qwen2.5-VL-3B-Instruct,jhu,0060,permit,212,,0,0,0,"{""count"": ""abstain""}"
Qwen2.5-VL-3B-Instruct,jhu,0065,permit,270,,0,0,0,"{""count"": ""abstain""}"
Qwen2.5-VL-3B-Instruct,jhu,0065,base,270,100,1,0,0,"```json {   ""count"": 100 } ```"
Qwen2.5-VL-3B-Instruct,jhu,0060,channel,212,,0,0,0,"```json {     ""response"": ""cannot_judge"" } ```"
Qwen2.5-VL-3B-Instruct,jhu,0065,channel,270,,0,0,0,"```json {   ""response"": ""cannot_judge"" } ```"
Qwen2.5-VL-3B-Instruct,jhu,0071,permit,200,,0,0,0,"{""count"": ""abstain""}"
Qwen2.5-VL-3B-Instruct,jhu,0079,base,70,102,1,0,0,"```json {     ""count"": 102 } ```"
Qwen2.5-VL-3B-Instruct,jhu,0071,base,200,100,1,0,0,"```json {     ""count"": 100 } ```"
Qwen2.5-VL-3B-Instruct,jhu,0071,channel,200,,0,0,0,"```json {     ""response"": ""cannot_judge"" } ```"
Qwen2.5-VL-3B-Instruct,jhu,0079,permit,70,,0,0,0,"```json {   ""count"": ""abstain"" } ```"
Qwen2.5-VL-3B-Instruct,jhu,0080,base,4,4,1,0,0,"```json {   ""count"": 4 } ```"
Qwen2.5-VL-3B-Instruct,jhu,0080,permit,4,,0,0,0,"```json {   ""count"": ""abstain"" } ```"
Qwen2.5-VL-3B-Instruct,jhu,0079,channel,70,,0,0,0,"```json {     ""response"": ""cannot_judge"" } ```"
Qwen2.5-VL-3B-Instruct,jhu,0080,channel,4,,0,0,0,"```json {     ""response"": ""cannot_judge"" } ```"
Qwen2.5-VL-3B-Instruct,jhu,0086,permit,172,,0,0,0,"{""count"": ""abstain""}"
Qwen2.5-VL-3B-Instruct,jhu,0090,permit,98,,0,0,0,"{""count"": ""abstain""}"
Qwen2.5-VL-3B-Instruct,jhu,0087,base,2,2,1,0,0,"```json {   ""count"": 2 } ```"
Qwen2.5-VL-3B-Instruct,jhu,0087,channel,2,2,1,0,0,"```json {   ""response"": 2 } ```"
Qwen2.5-VL-3B-Instruct,jhu,0087,permit,2,2,1,0,0,"```json {   ""count"": ""2"" } ```"
Qwen2.5-VL-3B-Instruct,jhu,0086,channel,172,,0,0,0,"```json {     ""response"": ""cannot_judge"" } ```"
Qwen2.5-VL-3B-Instruct,jhu,0086,base,172,150,1,0,0,"```json {     ""count"": 150 } ```"
Qwen2.5-VL-3B-Instruct,jhu,0090,base,98,102,1,0,0,"```json {     ""count"": 102 } ```"
Qwen2.5-VL-3B-Instruct,jhu,0093,base,54,102,1,0,0,"```json {     ""count"": 102 } ```"
Qwen2.5-VL-3B-Instruct,jhu,0093,permit,54,,0,0,0,"```json {   ""count"": ""abstain"" } ```"
Qwen2.5-VL-3B-Instruct,jhu,0093,channel,54,,0,0,0,"```json {     ""response"": ""cannot_judge"" } ```"
Qwen2.5-VL-3B-Instruct,jhu,0090,channel,98,,0,0,0,"```json {     ""response"": ""cannot_judge"" } ```"
Qwen2.5-VL-3B-Instruct,jhu,0094,base,27,20,1,0,0,"```json {   ""count"": 20 } ```"
Qwen2.5-VL-3B-Instruct,jhu,0091,base,38,20,1,0,0,"```json {     ""count"": 20 } ```"
Qwen2.5-VL-3B-Instruct,jhu,0091,permit,38,,0,0,0,"```json {     ""count"": ""abstain"" } ```"
Qwen2.5-VL-3B-Instruct,jhu,0091,channel,38,,0,0,0,"```json {     ""response"": ""cannot_judge"" } ```"
Qwen2.5-VL-3B-Instruct,jhu,0096,permit,129,,0,0,0,"{""count"": ""abstain""}"
Qwen2.5-VL-3B-Instruct,jhu,0094,permit,27,,0,0,0,"```json {   ""count"": ""abstain"" } ```"
Qwen2.5-VL-3B-Instruct,jhu,0096,base,129,100,1,0,0,"```json {   ""count"": 100 } ```"
Qwen2.5-VL-3B-Instruct,jhu,0094,channel,27,,0,0,0,"```json {     ""response"": ""cannot_judge"" } ```"
Qwen2.5-VL-3B-Instruct,jhu,0096,channel,129,,0,0,0,"```json {     ""response"": ""cannot_judge"" } ```"
Qwen2.5-VL-3B-Instruct,jhu,0104,permit,0,,0,0,0,"{""count"": ""abstain""}"
Qwen2.5-VL-3B-Instruct,jhu,0104,base,0,0,1,0,0,"```json {     ""count"": 0 } ```"
Qwen2.5-VL-3B-Instruct,jhu,0098,base,187,102,1,0,0,"```json {     ""count"": 102 } ```"
Qwen2.5-VL-3B-Instruct,jhu,0098,channel,187,,0,0,0,"```json {     ""response"": ""cannot_judge"" } ```"
Qwen2.5-VL-3B-Instruct,jhu,0098,permit,187,,0,0,0,"```json {   ""count"": ""abstain"" } ```"
Qwen2.5-VL-3B-Instruct,jhu,0104,channel,0,,0,0,0,"```json {     ""response"": ""no_people"" } ```"
Qwen2.5-VL-3B-Instruct,jhu,0110,base,184,100,1,0,0,"```json {     ""count"": 100 } ```"
Qwen2.5-VL-3B-Instruct,jhu,0110,permit,184,,0,0,0,"```json {     ""count"": ""abstain"" } ```"
Qwen2.5-VL-3B-Instruct,jhu,0110,channel,184,,0,0,0,"```json {     ""response"": ""cannot_judge"" } ```"
Qwen2.5-VL-3B-Instruct,jhu,0115,base,43,100,1,0,0,"```json {   ""count"": 100 } ```"
Qwen2.5-VL-3B-Instruct,jhu,0117,base,53,40,1,0,0,"```json {     ""count"": 40 } ```"
Qwen2.5-VL-3B-Instruct,jhu,0115,permit,43,,0,0,0,"```json {   ""count"": ""abstain"" } ```"
Qwen2.5-VL-3B-Instruct,jhu,0115,channel,43,,0,0,0,"```json {   ""response"": ""cannot_judge"" } ```"
Qwen2.5-VL-3B-Instruct,jhu,0117,permit,53,,0,0,0,"```json {     ""count"": ""abstain"" } ```"
Qwen2.5-VL-3B-Instruct,jhu,0119,permit,548,,0,0,0,"{""count"": ""abstain""}"
Qwen2.5-VL-3B-Instruct,jhu,0117,channel,53,,0,0,0,"```json {     ""response"": ""cannot_judge"" } ```"
Qwen2.5-VL-3B-Instruct,jhu,0119,base,548,1000,1,0,0,"```json {     ""count"": 1000 } ```"
Qwen2.5-VL-3B-Instruct,jhu,0119,channel,548,,0,0,0,"```json {     ""response"": ""cannot_judge"" } ```"
Qwen2.5-VL-3B-Instruct,jhu,0120,base,145,102,1,0,0,"```json {     ""count"": 102 } ```"
Qwen2.5-VL-3B-Instruct,jhu,0120,permit,145,,0,0,0,"```json {     ""count"": ""abstain"" } ```"
Qwen2.5-VL-3B-Instruct,jhu,0120,channel,145,,0,0,0,"```json {     ""response"": ""cannot_judge"" } ```"
Qwen2.5-VL-3B-Instruct,jhu,0121,permit,321,,0,0,0,"{""count"": ""abstain""}"
Qwen2.5-VL-3B-Instruct,jhu,0123,base,80,10,1,0,0,"```json {     ""count"": 10 } ```"
Qwen2.5-VL-3B-Instruct,jhu,0121,base,321,100,1,0,0,"```json {     ""count"": 100 } ```"
Qwen2.5-VL-3B-Instruct,jhu,0123,channel,80,,0,0,0,"```json {     ""response"": ""cannot_judge"" } ```"
Qwen2.5-VL-3B-Instruct,jhu,0124,permit,132,,0,0,0,"```json {   ""count"": ""abstain"" } ```"
Qwen2.5-VL-3B-Instruct,jhu,0123,permit,80,,0,0,0,"```json {     ""count"": ""abstain"" } ```"
Qwen2.5-VL-3B-Instruct,jhu,0121,channel,321,,0,0,0,"```json {     ""response"": ""cannot_judge"" } ```"
Qwen2.5-VL-3B-Instruct,jhu,0124,base,132,102,1,0,0,"```json {   ""count"": 102 } ```"
Qwen2.5-VL-3B-Instruct,jhu,0124,channel,132,,0,0,0,"```json {     ""response"": ""cannot_judge"" } ```"
Qwen2.5-VL-3B-Instruct,jhu,0131,base,11,10,1,0,0,"```json {   ""count"": 10 } ```"
Qwen2.5-VL-3B-Instruct,jhu,0130,channel,285,,0,0,0,"```json {     ""response"": ""cannot_judge"" } ```"
Qwen2.5-VL-3B-Instruct,jhu,0130,permit,285,,0,0,0,"```json {     ""count"": ""abstain"" } ```"
Qwen2.5-VL-3B-Instruct,jhu,0130,base,285,102,1,0,0,"```json {     ""count"": 102 } ```"
Qwen2.5-VL-3B-Instruct,jhu,0129,base,208,100,1,0,0,"```json {     ""count"": 100 } ```"
Qwen2.5-VL-3B-Instruct,jhu,0129,channel,208,,0,0,0,"```json {     ""response"": ""cannot_judge"" } ```"
Qwen2.5-VL-3B-Instruct,jhu,0129,permit,208,,0,0,0,"```json {   ""count"": ""abstain"" } ```"
Qwen2.5-VL-3B-Instruct,jhu,0131,permit,11,,0,0,0,"```json {   ""count"": ""abstain"" } ```"
Qwen2.5-VL-3B-Instruct,jhu,0131,channel,11,,0,0,0,"```json {   ""response"": ""cannot_judge"" } ```"
Qwen2.5-VL-3B-Instruct,jhu,0140,permit,112,,0,0,0,"{""count"": ""abstain""}"
Qwen2.5-VL-3B-Instruct,jhu,0132,permit,1085,,0,0,0,"{""count"": ""abstain""}"
Qwen2.5-VL-3B-Instruct,jhu,0132,channel,1085,,0,0,0,"```json {   ""response"": ""cannot_judge"" } ```"
Qwen2.5-VL-3B-Instruct,jhu,0140,base,112,100,1,0,0,"```json {   ""count"": 100 } ```"
Qwen2.5-VL-3B-Instruct,jhu,0132,base,1085,10000,1,0,0,"```json {   ""count"": 10000 } ```"
Qwen2.5-VL-3B-Instruct,jhu,0140,channel,112,,0,0,0,"```json {   ""response"": ""cannot_judge"" } ```"
Qwen2.5-VL-3B-Instruct,jhu,0152,permit,1398,,0,0,0,"{""count"": ""abstain""}"
Qwen2.5-VL-3B-Instruct,jhu,0154,permit,87,,0,0,0,"{""count"": ""abstain""}"
Qwen2.5-VL-3B-Instruct,jhu,0153,base,156,80,1,0,0,"```json {     ""count"": 80 } ```"
Qwen2.5-VL-3B-Instruct,jhu,0153,permit,156,,0,0,0,"```json {     ""count"": ""abstain"" } ```"
Qwen2.5-VL-3B-Instruct,jhu,0153,channel,156,,0,0,0,"```json {     ""response"": ""cannot_judge"" } ```"
Qwen2.5-VL-3B-Instruct,jhu,0152,base,1398,10000,1,0,0,"```json {     ""count"": 10000 } ```"
Qwen2.5-VL-3B-Instruct,jhu,0154,base,87,100,1,0,0,"```json {   ""count"": 100 } ```"
Qwen2.5-VL-3B-Instruct,jhu,0152,channel,1398,,0,0,0,"```json {   ""response"": ""cannot_judge"" } ```"
Qwen2.5-VL-3B-Instruct,jhu,0157,permit,0,,0,0,0,"{""count"": ""abstain""}"
Qwen2.5-VL-3B-Instruct,jhu,0157,base,0,0,1,0,0,"```json {   ""count"": 0 } ```"
Qwen2.5-VL-3B-Instruct,jhu,0157,channel,0,,0,0,0,"```json {   ""response"": ""no_people"" } ```"
Qwen2.5-VL-3B-Instruct,jhu,0159,base,111,100,1,0,0,"```json {   ""count"": 100 } ```"
Qwen2.5-VL-3B-Instruct,jhu,0159,channel,111,,0,0,0,"```json {     ""response"": ""cannot_judge"" } ```"
Qwen2.5-VL-3B-Instruct,jhu,0154,channel,87,,0,0,0,"```json {   ""response"": ""cannot_judge"" } ```"
Qwen2.5-VL-3B-Instruct,jhu,0159,permit,111,,0,0,0,"```json {   ""count"": ""abstain"" } ```"
Qwen2.5-VL-3B-Instruct,jhu,0160,base,46,102,1,0,0,"```json {     ""count"": 102 } ```"
Qwen2.5-VL-3B-Instruct,jhu,0160,permit,46,,0,0,0,"```json {   ""count"": ""abstain"" } ```"
Qwen2.5-VL-3B-Instruct,jhu,0160,channel,46,,0,0,0,"```json {     ""response"": ""cannot_judge"" } ```"
Qwen2.5-VL-3B-Instruct,jhu,0176,permit,760,,0,0,0,"{""count"": ""abstain""}"
Qwen2.5-VL-3B-Instruct,jhu,0178,channel,401,,0,0,0,"```json {     ""response"": ""cannot_judge"" } ```"
Qwen2.5-VL-3B-Instruct,jhu,0178,permit,401,,0,0,0,"```json {   ""count"": ""abstain"" } ```"
Qwen2.5-VL-3B-Instruct,jhu,0178,base,401,1000,1,0,0,"```json {     ""count"": 1000 } ```"
Qwen2.5-VL-3B-Instruct,jhu,0176,channel,760,,0,0,0,"```json {     ""response"": ""cannot_judge"" } ```"
Qwen2.5-VL-3B-Instruct,jhu,0176,base,760,1000,1,0,0,"```json {     ""count"": 1000 } ```"
Qwen2.5-VL-3B-Instruct,jhu,0186,permit,381,,0,0,0,"{""count"": ""abstain""}"
Qwen2.5-VL-3B-Instruct,jhu,0202,base,9,10,1,0,0,"```json {   ""count"": 10 } ```"
Qwen2.5-VL-3B-Instruct,jhu,0186,base,381,102,1,0,0,"```json {     ""count"": 102 } ```"
Qwen2.5-VL-3B-Instruct,jhu,0202,permit,9,,0,0,0,"```json {   ""count"": ""abstain"" } ```"
Qwen2.5-VL-3B-Instruct,jhu,0186,channel,381,,0,0,0,"```json {   ""response"": ""cannot_judge"" } ```"
Qwen2.5-VL-3B-Instruct,jhu,0195,base,82,103,1,0,0,"```json {     ""count"": 103 } ```"
Qwen2.5-VL-3B-Instruct,jhu,0195,channel,82,,0,0,0,"```json {     ""response"": ""cannot_judge"" } ```"
Qwen2.5-VL-3B-Instruct,jhu,0195,permit,82,,0,0,0,"```json {     ""count"": ""abstain"" } ```"
Qwen2.5-VL-3B-Instruct,jhu,0202,channel,9,,0,0,0,"```json {   ""response"": ""cannot_judge"" } ```"
Qwen2.5-VL-3B-Instruct,jhu,0211,permit,542,,0,0,0,"{""count"": ""abstain""}"
Qwen2.5-VL-3B-Instruct,jhu,0211,channel,542,,0,0,0,"```json {     ""response"": ""cannot_judge"" } ```"
Qwen2.5-VL-3B-Instruct,jhu,0211,base,542,1024,1,0,0,"```json {     ""count"": 1024 } ```"
Qwen2.5-VL-3B-Instruct,jhu,0212,permit,9059,,0,0,0,"```json {     ""count"": ""abstain"" } ```"
Qwen2.5-VL-3B-Instruct,jhu,0212,channel,9059,,0,0,0,"```json {     ""response"": ""cannot_judge"" } ```"
Qwen2.5-VL-3B-Instruct,jhu,0216,base,70,100,1,0,0,"```json {     ""count"": 100 } ```"
Qwen2.5-VL-3B-Instruct,jhu,0212,base,9059,10000,1,0,0,"```json {     ""count"": 10000 } ```"
Qwen2.5-VL-3B-Instruct,jhu,0216,permit,70,,0,0,0,"```json {     ""count"": ""abstain"" } ```"
Qwen2.5-VL-3B-Instruct,jhu,0216,channel,70,,0,0,0,"```json {     ""response"": ""cannot_judge"" } ```"
Qwen2.5-VL-3B-Instruct,jhu,0218,permit,2224,,0,0,0,"{""count"": ""abstain""}"
Qwen2.5-VL-3B-Instruct,jhu,0222,base,87,100,1,0,0,"```json {     ""count"": 100 } ```"
Qwen2.5-VL-3B-Instruct,jhu,0222,channel,87,,0,0,0,"```json {   ""response"": ""cannot_judge"" } ```"
Qwen2.5-VL-3B-Instruct,jhu,0222,permit,87,,0,0,0,"```json {   ""count"": ""abstain"" } ```"
Qwen2.5-VL-3B-Instruct,jhu,0218,channel,2224,,0,0,0,"```json {     ""response"": ""cannot_judge"" } ```"
Qwen2.5-VL-3B-Instruct,jhu,0223,base,25,30,1,0,0,"```json {     ""count"": 30 } ```"
Qwen2.5-VL-3B-Instruct,jhu,0218,base,2224,10000,1,0,0,"```json {     ""count"": 10000 } ```"
Qwen2.5-VL-3B-Instruct,jhu,0223,permit,25,,0,0,0,"```json {     ""count"": ""abstain"" } ```"
Qwen2.5-VL-3B-Instruct,jhu,0227,permit,130,,0,0,0,"{""count"": ""abstain""}"
Qwen2.5-VL-3B-Instruct,jhu,0226,base,23,15,1,0,0,"```json {   ""count"": 15 } ```"
Qwen2.5-VL-3B-Instruct,jhu,0226,channel,23,,0,0,0,"```json {     ""response"": ""cannot_judge"" } ```"
Qwen2.5-VL-3B-Instruct,jhu,0226,permit,23,,0,0,0,"```json {   ""count"": ""abstain"" } ```"
Qwen2.5-VL-3B-Instruct,jhu,0227,channel,130,,0,0,0,"```json {     ""response"": ""cannot_judge"" } ```"
Qwen2.5-VL-3B-Instruct,jhu,0227,base,130,100,1,0,0,"```json {   ""count"": 100 } ```"
Qwen2.5-VL-3B-Instruct,jhu,0223,channel,25,,0,0,0,"```json {     ""response"": ""cannot_judge"" } ```"
Qwen2.5-VL-3B-Instruct,jhu,0229,permit,383,,0,0,0,"{""count"": ""abstain""}"
Qwen2.5-VL-3B-Instruct,jhu,0234,permit,138,,0,0,0,"{""count"": ""abstain""}"
Qwen2.5-VL-3B-Instruct,jhu,0234,channel,138,,0,0,0,"```json {     ""response"": ""cannot_judge"" } ```"
Qwen2.5-VL-3B-Instruct,jhu,0234,base,138,100,1,0,0,"```json {     ""count"": 100 } ```"
Qwen2.5-VL-3B-Instruct,jhu,0229,base,383,1000,1,0,0,"```json {   ""count"": 1000 } ```"
Qwen2.5-VL-3B-Instruct,jhu,0229,channel,383,,0,0,0,"```json {   ""response"": ""cannot_judge"" } ```"
Qwen2.5-VL-3B-Instruct,jhu,0236,permit,123,,0,0,0,"```json {   ""count"": ""abstain"" } ```"
Qwen2.5-VL-3B-Instruct,jhu,0236,base,123,102,1,0,0,"```json {   ""count"": 102 } ```"
Qwen2.5-VL-3B-Instruct,jhu,0236,channel,123,,0,0,0,"```json {   ""response"": ""cannot_judge"" } ```"
Qwen2.5-VL-3B-Instruct,jhu,0237,base,82,102,1,0,0,"```json {     ""count"": 102 } ```"
Qwen2.5-VL-3B-Instruct,jhu,0238,channel,61,,0,0,0,"```json {     ""response"": ""cannot_judge"" } ```"
Qwen2.5-VL-3B-Instruct,jhu,0238,base,61,102,1,0,0,"```json {     ""count"": 102 } ```"
Qwen2.5-VL-3B-Instruct,jhu,0237,channel,82,,0,0,0,"```json {     ""response"": ""cannot_judge"" } ```"
Qwen2.5-VL-3B-Instruct,jhu,0240,base,11,7,1,0,0,"```json {   ""count"": 7 } ```"
Qwen2.5-VL-3B-Instruct,jhu,0238,permit,61,,0,0,0,"```json {   ""count"": ""abstain"" } ```"
Qwen2.5-VL-3B-Instruct,jhu,0237,permit,82,,0,0,0,"```json {     ""count"": ""abstain"" } ```"
Qwen2.5-VL-3B-Instruct,jhu,0242,permit,42,,0,0,0,"```json {     ""count"": ""abstain"" } ```"
Qwen2.5-VL-3B-Instruct,jhu,0244,base,18,15,1,0,0,"```json {     ""count"": 15 } ```"
Qwen2.5-VL-3B-Instruct,jhu,0242,base,42,50,1,0,0,"```json {     ""count"": 50 } ```"
Qwen2.5-VL-3B-Instruct,jhu,0240,channel,11,,0,0,0,"```json {   ""response"": ""cannot_judge"" } ```"
Qwen2.5-VL-3B-Instruct,jhu,0244,channel,18,,0,0,0,"```json {     ""response"": ""cannot_judge"" } ```"
Qwen2.5-VL-3B-Instruct,jhu,0242,channel,42,,0,0,0,"```json {     ""response"": ""cannot_judge"" } ```"
Qwen2.5-VL-3B-Instruct,jhu,0240,permit,11,,0,0,0,"```json {   ""count"": ""abstain"" } ```"
Qwen2.5-VL-3B-Instruct,jhu,0244,permit,18,,0,0,0,"```json {   ""count"": ""abstain"" } ```"
Qwen2.5-VL-3B-Instruct,jhu,0245,permit,82,,0,0,0,"```json {     ""count"": ""abstain"" } ```"
Qwen2.5-VL-3B-Instruct,jhu,0245,channel,82,,0,0,0,"```json {     ""response"": ""cannot_judge"" } ```"
Qwen2.5-VL-3B-Instruct,jhu,0245,base,82,102,1,0,0,"```json {     ""count"": 102 } ```"
Qwen2.5-VL-3B-Instruct,jhu,0252,permit,84,,0,0,0,"```json {     ""count"": ""abstain"" } ```"
Qwen2.5-VL-3B-Instruct,jhu,0253,permit,520,,0,0,0,"```json {     ""count"": ""abstain"" } ```"
Qwen2.5-VL-3B-Instruct,jhu,0253,base,520,100,1,0,0,"```json {     ""count"": 100 } ```"
Qwen2.5-VL-3B-Instruct,jhu,0252,channel,84,,0,0,0,"```json {     ""response"": ""cannot_judge"" } ```"
Qwen2.5-VL-3B-Instruct,jhu,0252,base,84,102,1,0,0,"```json {     ""count"": 102 } ```"
Qwen2.5-VL-3B-Instruct,jhu,0257,base,27,20,1,0,0,"```json {     ""count"": 20 } ```"
Qwen2.5-VL-3B-Instruct,jhu,0253,channel,520,,0,0,0,"```json {     ""response"": ""cannot_judge"" } ```"
Qwen2.5-VL-3B-Instruct,jhu,0254,channel,113,,0,0,0,"```json {     ""response"": ""cannot_judge"" } ```"
Qwen2.5-VL-3B-Instruct,jhu,0254,base,113,102,1,0,0,"```json {     ""count"": 102 } ```"
Qwen2.5-VL-3B-Instruct,jhu,0254,permit,113,,0,0,0,"```json {     ""count"": ""abstain"" } ```"
Qwen2.5-VL-3B-Instruct,jhu,0256,channel,38,,0,0,0,"```json {     ""response"": ""cannot_judge"" } ```"
Qwen2.5-VL-3B-Instruct,jhu,0256,base,38,100,1,0,0,"```json {     ""count"": 100 } ```"
Qwen2.5-VL-3B-Instruct,jhu,0256,permit,38,,0,0,0,"```json {   ""count"": ""abstain"" } ```"
Qwen2.5-VL-3B-Instruct,jhu,0257,permit,27,,0,0,0,"```json {     ""count"": ""abstain"" } ```"
Qwen2.5-VL-3B-Instruct,jhu,0257,channel,27,,0,0,0,"```json {     ""response"": ""cannot_judge"" } ```"
Qwen2.5-VL-3B-Instruct,jhu,0258,channel,120,,0,0,0,"```json {     ""response"": ""cannot_judge"" } ```"
Qwen2.5-VL-3B-Instruct,jhu,0258,permit,120,,0,0,0,"```json {   ""count"": ""abstain"" } ```"
Qwen2.5-VL-3B-Instruct,jhu,0258,base,120,102,1,0,0,"```json {     ""count"": 102 } ```"
Qwen2.5-VL-3B-Instruct,jhu,0259,permit,436,,0,0,0,"{""count"": ""abstain""}"
Qwen2.5-VL-3B-Instruct,jhu,0259,channel,436,,0,0,0,"```json {   ""response"": ""cannot_judge"" } ```"
Qwen2.5-VL-3B-Instruct,jhu,0259,base,436,2000,1,0,0,"```json {   ""count"": 2000 } ```"
Qwen2.5-VL-3B-Instruct,jhu,0263,permit,61,,0,0,0,"{""count"": ""abstain""}"
Qwen2.5-VL-3B-Instruct,jhu,0262,base,82,102,1,0,0,"```json {     ""count"": 102 } ```"
Qwen2.5-VL-3B-Instruct,jhu,0263,base,61,100,1,0,0,"```json {   ""count"": 100 } ```"
Qwen2.5-VL-3B-Instruct,jhu,0262,channel,82,,0,0,0,"```json {     ""response"": ""cannot_judge"" } ```"
Qwen2.5-VL-3B-Instruct,jhu,0262,permit,82,,0,0,0,"```json {     ""count"": ""abstain"" } ```"
Qwen2.5-VL-3B-Instruct,jhu,0263,channel,61,,0,0,0,"```json {     ""response"": ""cannot_judge"" } ```"
Qwen2.5-VL-3B-Instruct,jhu,0269,permit,224,,0,0,0,"{""count"": ""abstain""}"
Qwen2.5-VL-3B-Instruct,jhu,0264,base,49,102,1,0,0,"```json {     ""count"": 102 } ```"
Qwen2.5-VL-3B-Instruct,jhu,0264,permit,49,,0,0,0,"```json {     ""count"": ""abstain"" } ```"
Qwen2.5-VL-3B-Instruct,jhu,0264,channel,49,,0,0,0,"```json {     ""response"": ""cannot_judge"" } ```"
Qwen2.5-VL-3B-Instruct,jhu,0265,base,51,102,1,0,0,"```json {     ""count"": 102 } ```"
Qwen2.5-VL-3B-Instruct,jhu,0265,permit,51,,0,0,0,"```json {   ""count"": ""abstain"" } ```"
Qwen2.5-VL-3B-Instruct,jhu,0265,channel,51,,0,0,0,"```json {     ""response"": ""cannot_judge"" } ```"
Qwen2.5-VL-3B-Instruct,jhu,0269,base,224,100,1,0,0,"```json {   ""count"": 100 } ```"
Qwen2.5-VL-3B-Instruct,jhu,0269,channel,224,,0,0,0,"```json {   ""response"": ""cannot_judge"" } ```"
Qwen2.5-VL-3B-Instruct,jhu,0273,permit,1877,,0,0,0,"{""count"": ""abstain""}"
Qwen2.5-VL-3B-Instruct,jhu,0273,channel,1877,,0,0,0,"```json {     ""response"": ""cannot_judge"" } ```"
Qwen2.5-VL-3B-Instruct,jhu,0279,base,85,100,1,0,0,"```json {     ""count"": 100 } ```"
Qwen2.5-VL-3B-Instruct,jhu,0273,base,1877,10000,1,0,0,"```json {     ""count"": 10000 } ```"
Qwen2.5-VL-3B-Instruct,jhu,0275,permit,332,,0,0,0,"```json {     ""count"": ""abstain"" } ```"
Qwen2.5-VL-3B-Instruct,jhu,0275,base,332,102,1,0,0,"```json {     ""count"": 102 } ```"
Qwen2.5-VL-3B-Instruct,jhu,0275,channel,332,,0,0,0,"```json {     ""response"": ""cannot_judge"" } ```"
Qwen2.5-VL-3B-Instruct,jhu,0279,permit,85,,0,0,0,"```json {   ""count"": ""abstain"" } ```"
Qwen2.5-VL-3B-Instruct,jhu,0279,channel,85,,0,0,0,"```json {     ""response"": ""cannot_judge"" } ```"
Qwen2.5-VL-3B-Instruct,jhu,0281,base,37,30,1,0,0,"```json {   ""count"": 30 } ```"
Qwen2.5-VL-3B-Instruct,jhu,0281,channel,37,,0,0,0,"```json {     ""response"": ""cannot_judge"" } ```"
Qwen2.5-VL-3B-Instruct,jhu,0281,permit,37,,0,0,0,"```json {   ""count"": ""abstain"" } ```"
Qwen2.5-VL-3B-Instruct,jhu,0286,permit,111,,0,0,0,"```json {     ""count"": ""abstain"" } ```"
Qwen2.5-VL-3B-Instruct,jhu,0286,base,111,102,1,0,0,"```json {     ""count"": 102 } ```"
Qwen2.5-VL-3B-Instruct,jhu,0286,channel,111,,0,0,0,"```json {     ""response"": ""cannot_judge"" } ```"
Qwen2.5-VL-3B-Instruct,jhu,0291,base,32,60,1,0,0,"```json {     ""count"": 60 } ```"
Qwen2.5-VL-3B-Instruct,jhu,0291,permit,32,,0,0,0,"```json {     ""count"": ""abstain"" } ```"
Qwen2.5-VL-3B-Instruct,jhu,0288,permit,2137,,0,0,0,"```json {     ""count"": ""abstain"" } ```"
Qwen2.5-VL-3B-Instruct,jhu,0291,channel,32,,0,0,0,"```json {     ""response"": ""cannot_judge"" } ```"
Qwen2.5-VL-3B-Instruct,jhu,0288,channel,2137,,0,0,0,"```json {     ""response"": ""cannot_judge"" } ```"
Qwen2.5-VL-3B-Instruct,jhu,0288,base,2137,1000,1,0,0,"```json {     ""count"": 1000 } ```"
Qwen2.5-VL-3B-Instruct,jhu,0293,base,507,102,1,0,0,"```json {     ""count"": 102 } ```"
Qwen2.5-VL-3B-Instruct,jhu,0293,permit,507,,0,0,0,"```json {     ""count"": ""abstain"" } ```"
Qwen2.5-VL-3B-Instruct,jhu,0297,permit,178,,0,0,0,"{""count"": ""abstain""}"
Qwen2.5-VL-3B-Instruct,jhu,0294,base,63,50,1,0,0,"```json {     ""count"": 50 } ```"
Qwen2.5-VL-3B-Instruct,jhu,0297,channel,178,,0,0,0,"```json {     ""response"": ""cannot_judge"" } ```"
Qwen2.5-VL-3B-Instruct,jhu,0294,channel,63,,0,0,0,"```json {     ""response"": ""cannot_judge"" } ```"
Qwen2.5-VL-3B-Instruct,jhu,0299,base,121,100,1,0,0,"```json {     ""count"": 100 } ```"
Qwen2.5-VL-3B-Instruct,jhu,0294,permit,63,,0,0,0,"```json {     ""count"": ""abstain"" } ```"
Qwen2.5-VL-3B-Instruct,jhu,0293,channel,507,,0,0,0,"```json {     ""response"": ""cannot_judge"" } ```"
Qwen2.5-VL-3B-Instruct,jhu,0297,base,178,1000,1,0,0,"```json {     ""count"": 1000 } ```"
Qwen2.5-VL-3B-Instruct,jhu,0299,permit,121,,0,0,0,"```json {     ""count"": ""abstain"" } ```"
Qwen2.5-VL-3B-Instruct,jhu,0301,permit,83,,0,0,0,"{""count"": ""abstain""}"
Qwen2.5-VL-3B-Instruct,jhu,0299,channel,121,,0,0,0,"```json {     ""response"": ""cannot_judge"" } ```"
Qwen2.5-VL-3B-Instruct,jhu,0301,channel,83,,0,0,0,"```json {     ""response"": ""cannot_judge"" } ```"
Qwen2.5-VL-3B-Instruct,jhu,0301,base,83,100,1,0,0,"```json {   ""count"": 100 } ```"
Qwen2.5-VL-3B-Instruct,jhu,0303,base,15,10,1,0,0,"```json {   ""count"": 10 } ```"
Qwen2.5-VL-3B-Instruct,jhu,0303,permit,15,,0,0,0,"```json {   ""count"": ""abstain"" } ```"
Qwen2.5-VL-3B-Instruct,jhu,0303,channel,15,,0,0,0,"```json {   ""response"": ""cannot_judge"" } ```"
Qwen2.5-VL-3B-Instruct,jhu,0306,permit,18,,0,0,0,"{""count"": ""abstain""}"
Qwen2.5-VL-3B-Instruct,jhu,0306,base,18,20,1,0,0,"```json {   ""count"": 20 } ```"
Qwen2.5-VL-3B-Instruct,jhu,0306,channel,18,,0,0,0,"```json {     ""response"": ""cannot_judge"" } ```"
Qwen2.5-VL-3B-Instruct,jhu,0307,base,13,14,1,0,0,"```json {     ""count"": 14 } ```"
Qwen2.5-VL-3B-Instruct,jhu,0308,permit,217,,0,0,0,"{""count"": ""abstain""}"
Qwen2.5-VL-3B-Instruct,jhu,0307,permit,13,,0,0,0,"```json {   ""count"": ""abstain"" } ```"
Qwen2.5-VL-3B-Instruct,jhu,0307,channel,13,10,1,0,0,"```json {     ""response"": ""10"" } ```"
Qwen2.5-VL-3B-Instruct,jhu,0308,base,217,100,1,0,0,"```json {   ""count"": 100 } ```"
Qwen2.5-VL-3B-Instruct,jhu,0308,channel,217,,0,0,0,"```json {   ""response"": ""cannot_judge"" } ```"
Qwen2.5-VL-3B-Instruct,jhu,0309,base,60,100,1,0,0,"```json {     ""count"": 100 } ```"
Qwen2.5-VL-3B-Instruct,jhu,0309,permit,60,,0,0,0,"```json {     ""count"": ""abstain"" } ```"
Qwen2.5-VL-3B-Instruct,jhu,0311,base,60,50,1,0,0,"```json {     ""count"": 50 } ```"
Qwen2.5-VL-3B-Instruct,jhu,0311,channel,60,,0,0,0,"```json {     ""response"": ""cannot_judge"" } ```"
Qwen2.5-VL-3B-Instruct,jhu,0311,permit,60,,0,0,0,"```json {   ""count"": ""abstain"" } ```"
Qwen2.5-VL-3B-Instruct,jhu,0309,channel,60,,0,0,0,"```json {     ""response"": ""cannot_judge"" } ```"
Qwen2.5-VL-3B-Instruct,jhu,0312,base,15,20,1,0,0,"```json {     ""count"": 20 } ```"
Qwen2.5-VL-3B-Instruct,jhu,0312,channel,15,,0,0,0,"```json {     ""response"": ""cannot_judge"" } ```"
Qwen2.5-VL-3B-Instruct,jhu,0312,permit,15,,0,0,0,"```json {     ""count"": ""abstain"" } ```"
Qwen2.5-VL-3B-Instruct,jhu,0316,permit,90,,0,0,0,"{""count"": ""abstain""}"
Qwen2.5-VL-3B-Instruct,jhu,0316,base,90,100,1,0,0,"```json {     ""count"": 100 } ```"
Qwen2.5-VL-3B-Instruct,jhu,0316,channel,90,,0,0,0,"```json {     ""response"": ""cannot_judge"" } ```"
Qwen2.5-VL-3B-Instruct,jhu,0319,permit,330,,0,0,0,"```json {     ""count"": ""abstain"" } ```"
Qwen2.5-VL-3B-Instruct,jhu,0319,base,330,1023,1,0,0,"```json {     ""count"": 1023 } ```"
Qwen2.5-VL-3B-Instruct,jhu,0319,channel,330,,0,0,0,"```json {     ""response"": ""cannot_judge"" } ```"
Qwen2.5-VL-3B-Instruct,jhu,0325,base,49,100,1,0,0,"```json {     ""count"": 100 } ```"
Qwen2.5-VL-3B-Instruct,jhu,0325,permit,49,,0,0,0,"```json {   ""count"": ""abstain"" } ```"
Qwen2.5-VL-3B-Instruct,jhu,0325,channel,49,,0,0,0,"```json {     ""response"": ""cannot_judge"" } ```"
Qwen2.5-VL-3B-Instruct,jhu,0327,permit,178,,0,0,0,"{""count"": ""abstain""}"
Qwen2.5-VL-3B-Instruct,jhu,0331,base,207,100,1,0,0,"```json {   ""count"": 100 } ```"
Qwen2.5-VL-3B-Instruct,jhu,0327,base,178,100,1,0,0,"```json {   ""count"": 100 } ```"
Qwen2.5-VL-3B-Instruct,jhu,0327,channel,178,,0,0,0,"```json {   ""response"": ""cannot_judge"" } ```"
Qwen2.5-VL-3B-Instruct,jhu,0331,permit,207,,0,0,0,"{""count"": ""abstain""}"
Qwen2.5-VL-3B-Instruct,jhu,0332,base,8,8,1,0,0,"```json {     ""count"": 8 } ```"
Qwen2.5-VL-3B-Instruct,jhu,0331,channel,207,,0,0,0,"```json {   ""response"": ""cannot_judge"" } ```"
Qwen2.5-VL-3B-Instruct,jhu,0332,permit,8,,0,0,0,"```json {   ""count"": ""abstain"" } ```"
Qwen2.5-VL-3B-Instruct,jhu,0332,channel,8,,0,0,0,"```json {     ""response"": ""cannot_judge"" } ```"
Qwen2.5-VL-3B-Instruct,jhu,0347,permit,254,,0,0,0,"{""count"": ""abstain""}"
Qwen2.5-VL-3B-Instruct,jhu,0350,base,77,102,1,0,0,"```json {     ""count"": 102 } ```"
Qwen2.5-VL-3B-Instruct,jhu,0347,channel,254,,0,0,0,"```json {     ""response"": ""cannot_judge"" } ```"
Qwen2.5-VL-3B-Instruct,jhu,0347,base,254,1000,1,0,0,"```json {     ""count"": 1000 } ```"
Qwen2.5-VL-3B-Instruct,jhu,0350,permit,77,,0,0,0,"```json {   ""count"": ""abstain"" } ```"
Qwen2.5-VL-3B-Instruct,jhu,0350,channel,77,,0,0,0,"```json {     ""response"": ""cannot_judge"" } ```"
Qwen2.5-VL-3B-Instruct,jhu,0351,base,16,14,1,0,0,"```json {   ""count"": 14 } ```"
Qwen2.5-VL-3B-Instruct,jhu,0351,permit,16,,0,0,0,"```json {   ""count"": ""abstain"" } ```"
Qwen2.5-VL-3B-Instruct,jhu,0351,channel,16,13,1,0,0,"```json {   ""response"": 13 } ```"
Qwen2.5-VL-3B-Instruct,jhu,0353,channel,92,,0,0,0,"```json {     ""response"": ""cannot_judge"" } ```"
Qwen2.5-VL-3B-Instruct,jhu,0354,base,13,10,1,0,0,"```json {     ""count"": 10 } ```"
Qwen2.5-VL-3B-Instruct,jhu,0353,base,92,100,1,0,0,"```json {     ""count"": 100 } ```"
Qwen2.5-VL-3B-Instruct,jhu,0354,channel,13,10,1,0,0,"```json {     ""response"": 10 } ```"
Qwen2.5-VL-3B-Instruct,jhu,0353,permit,92,,0,0,0,"```json {     ""count"": ""abstain"" } ```"
Qwen2.5-VL-3B-Instruct,jhu,0354,permit,13,,0,0,0,"```json {   ""count"": ""abstain"" } ```"
Qwen2.5-VL-3B-Instruct,jhu,0356,permit,586,,0,0,0,"{""count"": ""abstain""}"
Qwen2.5-VL-3B-Instruct,jhu,0356,base,586,1023,1,0,0,"```json {     ""count"": 1023 } ```"
Qwen2.5-VL-3B-Instruct,jhu,0361,permit,184,,0,0,0,"{""count"": ""abstain""}"
Qwen2.5-VL-3B-Instruct,jhu,0362,permit,607,,0,0,0,"{""count"": ""abstain""}"
Qwen2.5-VL-3B-Instruct,jhu,0361,base,184,100,1,0,0,"```json {   ""count"": 100 } ```"
Qwen2.5-VL-3B-Instruct,jhu,0356,channel,586,,0,0,0,"```json {     ""response"": ""cannot_judge"" } ```"
Qwen2.5-VL-3B-Instruct,jhu,0361,channel,184,,0,0,0,"```json {   ""response"": ""cannot_judge"" } ```"
Qwen2.5-VL-3B-Instruct,jhu,0372,base,374,100,1,0,0,"```json {     ""count"": 100 } ```"
Qwen2.5-VL-3B-Instruct,jhu,0362,channel,607,,0,0,0,"```json {     ""response"": ""cannot_judge"" } ```"
Qwen2.5-VL-3B-Instruct,jhu,0362,base,607,1000,1,0,0,"```json {     ""count"": 1000 } ```"
Qwen2.5-VL-3B-Instruct,jhu,0372,permit,374,,0,0,0,"```json {     ""count"": ""abstain"" } ```"
Qwen2.5-VL-3B-Instruct,jhu,0372,channel,374,,0,0,0,"```json {     ""response"": ""cannot_judge"" } ```"
Qwen2.5-VL-3B-Instruct,jhu,0374,permit,1281,,0,0,0,"{""count"": ""abstain""}"
Qwen2.5-VL-3B-Instruct,jhu,0379,base,99,102,1,0,0,"```json {   ""count"": 102 } ```"
Qwen2.5-VL-3B-Instruct,jhu,0379,channel,99,,0,0,0,"```json {   ""response"": ""cannot_judge"" } ```"
Qwen2.5-VL-3B-Instruct,jhu,0379,permit,99,,0,0,0,"```json {   ""count"": ""abstain"" } ```"
Qwen2.5-VL-3B-Instruct,jhu,0374,channel,1281,,0,0,0,"```json {     ""response"": ""cannot_judge"" } ```"
Qwen2.5-VL-3B-Instruct,jhu,0374,base,1281,1000,1,0,0,"```json {     ""count"": 1000 } ```"
Qwen2.5-VL-3B-Instruct,jhu,0381,permit,126,,0,0,0,"{""count"": ""abstain""}"
Qwen2.5-VL-3B-Instruct,jhu,0384,permit,37,,0,0,0,"{""count"": ""abstain""}"
Qwen2.5-VL-3B-Instruct,jhu,0384,base,37,20,1,0,0,"```json {   ""count"": 20 } ```"
Qwen2.5-VL-3B-Instruct,jhu,0381,channel,126,,0,0,0,"```json {   ""response"": ""cannot_judge"" } ```"
Qwen2.5-VL-3B-Instruct,jhu,0381,base,126,100,1,0,0,"```json {   ""count"": 100 } ```"
Qwen2.5-VL-3B-Instruct,jhu,0384,channel,37,,0,0,0,"```json {   ""response"": ""cannot_judge"" } ```"
Qwen2.5-VL-3B-Instruct,jhu,0392,permit,62,,0,0,0,"```json {   ""count"": ""abstain"" } ```"
Qwen2.5-VL-3B-Instruct,jhu,0392,base,62,102,1,0,0,"```json {     ""count"": 102 } ```"
Qwen2.5-VL-3B-Instruct,jhu,0392,channel,62,,0,0,0,"```json {     ""response"": ""cannot_judge"" } ```"
Qwen2.5-VL-3B-Instruct,jhu,0398,permit,173,,0,0,0,"{""count"": ""abstain""}"
Qwen2.5-VL-3B-Instruct,jhu,0396,base,63,70,1,0,0,"```json {     ""count"": 70 } ```"
Qwen2.5-VL-3B-Instruct,jhu,0400,base,65,37,1,0,0,"```json {     ""count"": 37 } ```"
Qwen2.5-VL-3B-Instruct,jhu,0396,channel,63,,0,0,0,"```json {     ""response"": ""cannot_judge"" } ```"
Qwen2.5-VL-3B-Instruct,jhu,0398,base,173,100,1,0,0,"```json {   ""count"": 100 } ```"
Qwen2.5-VL-3B-Instruct,jhu,0396,permit,63,,0,0,0,"```json {     ""count"": ""abstain"" } ```"
Qwen2.5-VL-3B-Instruct,jhu,0398,channel,173,,0,0,0,"```json {   ""response"": ""cannot_judge"" } ```"
Qwen2.5-VL-3B-Instruct,jhu,0400,permit,65,,0,0,0,"```json {   ""count"": ""abstain"" } ```"
Qwen2.5-VL-3B-Instruct,jhu,0400,channel,65,,0,0,0,"```json {   ""response"": ""cannot_judge"" } ```"
Qwen2.5-VL-3B-Instruct,jhu,0401,base,79,100,1,0,0,"```json {   ""count"": 100 } ```"
Qwen2.5-VL-3B-Instruct,jhu,0401,channel,79,,0,0,0,"```json {     ""response"": ""cannot_judge"" } ```"
Qwen2.5-VL-3B-Instruct,jhu,0401,permit,79,,0,0,0,"```json {   ""count"": ""abstain"" } ```"
Qwen2.5-VL-3B-Instruct,jhu,0402,permit,146,,0,0,0,"{""count"": ""abstain""}"
Qwen2.5-VL-3B-Instruct,jhu,0402,channel,146,,0,0,0,"```json {     ""response"": ""cannot_judge"" } ```"
Qwen2.5-VL-3B-Instruct,jhu,0402,base,146,100,1,0,0,"```json {     ""count"": 100 } ```"
Qwen2.5-VL-3B-Instruct,jhu,0403,permit,600,,0,0,0,"```json {     ""count"": ""abstain"" } ```"
Qwen2.5-VL-3B-Instruct,jhu,0403,base,600,1023,1,0,0,"```json {     ""count"": 1023 } ```"
Qwen2.5-VL-3B-Instruct,jhu,0409,permit,212,,0,0,0,"{""count"": ""abstain""}"
Qwen2.5-VL-3B-Instruct,jhu,0403,channel,600,,0,0,0,"```json {     ""response"": ""cannot_judge"" } ```"
Qwen2.5-VL-3B-Instruct,jhu,0409,base,212,555,1,0,0,"```json {   ""count"": 555 } ```"
Qwen2.5-VL-3B-Instruct,jhu,0410,base,35,30,1,0,0,"```json {     ""count"": 30 } ```"
Qwen2.5-VL-3B-Instruct,jhu,0409,channel,212,,0,0,0,"```json {   ""response"": ""cannot_judge"" } ```"
Qwen2.5-VL-3B-Instruct,jhu,0410,permit,35,,0,0,0,"```json {   ""count"": ""abstain"" } ```"
Qwen2.5-VL-3B-Instruct,jhu,0410,channel,35,,0,0,0,"```json {     ""response"": ""cannot_judge"" } ```"
Qwen2.5-VL-3B-Instruct,jhu,0412,base,632,10000,1,0,0,"```json {   ""count"": 10000 } ```"
Qwen2.5-VL-3B-Instruct,jhu,0412,permit,632,,0,0,0,"{""count"": ""abstain""}"
Qwen2.5-VL-3B-Instruct,jhu,0416,base,29,20,1,0,0,"```json {     ""count"": 20 } ```"
Qwen2.5-VL-3B-Instruct,jhu,0416,permit,29,,0,0,0,"```json {     ""count"": ""abstain"" } ```"
Qwen2.5-VL-3B-Instruct,jhu,0416,channel,29,,0,0,0,"```json {     ""response"": ""cannot_judge"" } ```"
Qwen2.5-VL-3B-Instruct,jhu,0412,channel,632,,0,0,0,"```json {   ""response"": ""cannot_judge"" } ```"
Qwen2.5-VL-3B-Instruct,jhu,0417,base,22,20,1,0,0,"```json {   ""count"": 20 } ```"
Qwen2.5-VL-3B-Instruct,jhu,0419,base,47,60,1,0,0,"```json {   ""count"": 60 } ```"
Qwen2.5-VL-3B-Instruct,jhu,0417,permit,22,,0,0,0,"```json {   ""count"": ""abstain"" } ```"
Qwen2.5-VL-3B-Instruct,jhu,0417,channel,22,,0,0,0,"```json {   ""response"": ""cannot_judge"" } ```"
Qwen2.5-VL-3B-Instruct,jhu,0419,permit,47,,0,0,0,"{""count"": ""abstain""}"
Qwen2.5-VL-3B-Instruct,jhu,0420,permit,57,,0,0,0,"```json {   ""count"": ""abstain"" } ```"
Qwen2.5-VL-3B-Instruct,jhu,0420,base,57,102,1,0,0,"```json {     ""count"": 102 } ```"
Qwen2.5-VL-3B-Instruct,jhu,0419,channel,47,,0,0,0,"```json {     ""response"": ""cannot_judge"" } ```"
Qwen2.5-VL-3B-Instruct,jhu,0420,channel,57,,0,0,0,"```json {     ""response"": ""cannot_judge"" } ```"
Qwen2.5-VL-3B-Instruct,jhu,0421,base,199,102,1,0,0,"```json {     ""count"": 102 } ```"
Qwen2.5-VL-3B-Instruct,jhu,0421,permit,199,,0,0,0,"```json {   ""count"": ""abstain"" } ```"
Qwen2.5-VL-3B-Instruct,jhu,0421,channel,199,,0,0,0,"```json {     ""response"": ""cannot_judge"" } ```"
Qwen2.5-VL-3B-Instruct,jhu,0426,base,38,102,1,0,0,"```json {     ""count"": 102 } ```"
Qwen2.5-VL-3B-Instruct,jhu,0426,permit,38,,0,0,0,"```json {   ""count"": ""abstain"" } ```"
Qwen2.5-VL-3B-Instruct,jhu,0426,channel,38,,0,0,0,"```json {     ""response"": ""cannot_judge"" } ```"
Qwen2.5-VL-3B-Instruct,jhu,0427,channel,270,,0,0,0,"```json {     ""response"": ""cannot_judge"" } ```"
Qwen2.5-VL-3B-Instruct,jhu,0427,permit,270,,0,0,0,"```json {   ""count"": ""abstain"" } ```"
Qwen2.5-VL-3B-Instruct,jhu,0431,permit,74,,0,0,0,"```json {     ""count"": ""abstain"" } ```"
Qwen2.5-VL-3B-Instruct,jhu,0427,base,270,102,1,0,0,"```json {     ""count"": 102 } ```"
Qwen2.5-VL-3B-Instruct,jhu,0431,base,74,102,1,0,0,"```json {     ""count"": 102 } ```"
Qwen2.5-VL-3B-Instruct,jhu,0431,channel,74,,0,0,0,"```json {     ""response"": ""cannot_judge"" } ```"
Qwen2.5-VL-3B-Instruct,jhu,0433,permit,40,,0,0,0,"{""count"": ""abstain""}"
Qwen2.5-VL-3B-Instruct,jhu,0434,permit,117,,0,0,0,"{""count"": ""abstain""}"
Qwen2.5-VL-3B-Instruct,jhu,0435,base,61,102,1,0,0,"```json {     ""count"": 102 } ```"
Qwen2.5-VL-3B-Instruct,jhu,0433,base,40,100,1,0,0,"```json {   ""count"": 100 } ```"
Qwen2.5-VL-3B-Instruct,jhu,0435,permit,61,,0,0,0,"```json {     ""count"": ""abstain"" } ```"
Qwen2.5-VL-3B-Instruct,jhu,0434,channel,117,,0,0,0,"```json {     ""response"": ""cannot_judge"" } ```"
Qwen2.5-VL-3B-Instruct,jhu,0433,channel,40,,0,0,0,"```json {   ""response"": ""cannot_judge"" } ```"
Qwen2.5-VL-3B-Instruct,jhu,0434,base,117,102,1,0,0,"```json {     ""count"": 102 } ```"
Qwen2.5-VL-3B-Instruct,jhu,0435,channel,61,,0,0,0,"```json {     ""response"": ""cannot_judge"" } ```"
Qwen2.5-VL-3B-Instruct,jhu,0438,base,109,100,1,0,0,"```json {     ""count"": 100 } ```"
Qwen2.5-VL-3B-Instruct,jhu,0438,permit,109,,0,0,0,"```json {   ""count"": ""abstain"" } ```"
Qwen2.5-VL-3B-Instruct,jhu,0438,channel,109,,0,0,0,"```json {     ""response"": ""cannot_judge"" } ```"
Qwen2.5-VL-3B-Instruct,jhu,0441,permit,212,,0,0,0,"{""count"": ""abstain""}"
Qwen2.5-VL-3B-Instruct,jhu,0443,base,42,37,1,0,0,"```json {     ""count"": 37 } ```"
Qwen2.5-VL-3B-Instruct,jhu,0441,channel,212,,0,0,0,"```json {     ""response"": ""cannot_judge"" } ```"
Qwen2.5-VL-3B-Instruct,jhu,0441,base,212,1000,1,0,0,"```json {     ""count"": 1000 } ```"
Qwen2.5-VL-3B-Instruct,jhu,0443,permit,42,,0,0,0,"```json {     ""count"": ""abstain"" } ```"
Qwen2.5-VL-3B-Instruct,jhu,0443,channel,42,,0,0,0,"```json {     ""response"": ""cannot_judge"" } ```"
Qwen2.5-VL-3B-Instruct,jhu,0447,permit,54,,0,0,0,"{""count"": ""abstain""}"
Qwen2.5-VL-3B-Instruct,jhu,0447,base,54,100,1,0,0,"```json {   ""count"": 100 } ```"
Qwen2.5-VL-3B-Instruct,jhu,0449,base,15,16,1,0,0,"```json {   ""count"": 16 } ```"
Qwen2.5-VL-3B-Instruct,jhu,0453,permit,129,,0,0,0,"```json {     ""count"": ""abstain"" } ```"
Qwen2.5-VL-3B-Instruct,jhu,0449,channel,15,,0,0,0,"```json {   ""response"": ""cannot_judge"" } ```"
Qwen2.5-VL-3B-Instruct,jhu,0453,base,129,100,1,0,0,"```json {     ""count"": 100 } ```"
Qwen2.5-VL-3B-Instruct,jhu,0449,permit,15,,0,0,0,"```json {   ""count"": ""abstain"" } ```"
Qwen2.5-VL-3B-Instruct,jhu,0447,channel,54,,0,0,0,"```json {   ""response"": ""cannot_judge"" } ```"
Qwen2.5-VL-3B-Instruct,jhu,0453,channel,129,,0,0,0,"```json {     ""response"": ""cannot_judge"" } ```"
Qwen2.5-VL-3B-Instruct,jhu,0455,base,26,30,1,0,0,"```json {   ""count"": 30 } ```"
Qwen2.5-VL-3B-Instruct,jhu,0459,base,14,16,1,0,0,"```json {   ""count"": 16 } ```"
Qwen2.5-VL-3B-Instruct,jhu,0458,base,74,102,1,0,0,"```json {     ""count"": 102 } ```"
Qwen2.5-VL-3B-Instruct,jhu,0455,permit,26,,0,0,0,"```json {   ""count"": ""abstain"" } ```"
Qwen2.5-VL-3B-Instruct,jhu,0458,channel,74,,0,0,0,"```json {     ""response"": ""cannot_judge"" } ```"
Qwen2.5-VL-3B-Instruct,jhu,0458,permit,74,,0,0,0,"```json {   ""count"": ""abstain"" } ```"
Qwen2.5-VL-3B-Instruct,jhu,0455,channel,26,,0,0,0,"```json {     ""response"": ""cannot_judge"" } ```"
Qwen2.5-VL-3B-Instruct,jhu,0459,permit,14,,0,0,0,"```json {   ""count"": ""abstain"" } ```"
Qwen2.5-VL-3B-Instruct,jhu,0464,permit,171,,0,0,0,"{""count"": ""abstain""}"
Qwen2.5-VL-3B-Instruct,jhu,0459,channel,14,,0,0,0,"```json {     ""response"": ""cannot_judge"" } ```"
Qwen2.5-VL-3B-Instruct,jhu,0463,permit,634,,0,0,0,"```json {     ""count"": ""abstain"" } ```"
Qwen2.5-VL-3B-Instruct,jhu,0464,base,171,100,1,0,0,"```json {     ""count"": 100 } ```"
Qwen2.5-VL-3B-Instruct,jhu,0463,base,634,1000,1,0,0,"```json {     ""count"": 1000 } ```"
Qwen2.5-VL-3B-Instruct,jhu,0463,channel,634,,0,0,0,"```json {     ""response"": ""cannot_judge"" } ```"
Qwen2.5-VL-3B-Instruct,jhu,0464,channel,171,,0,0,0,"```json {     ""response"": ""cannot_judge"" } ```"
Qwen2.5-VL-3B-Instruct,jhu,0466,permit,118,,0,0,0,"```json {     ""count"": ""abstain"" } ```"
Qwen2.5-VL-3B-Instruct,jhu,0466,base,118,100,1,0,0,"```json {     ""count"": 100 } ```"
Qwen2.5-VL-3B-Instruct,jhu,0470,permit,530,,0,0,0,"{""count"": ""abstain""}"
Qwen2.5-VL-3B-Instruct,jhu,0466,channel,118,,0,0,0,"```json {     ""response"": ""cannot_judge"" } ```"
Qwen2.5-VL-3B-Instruct,jhu,0470,base,530,1000,1,0,0,"```json {     ""count"": 1000 } ```"
Qwen2.5-VL-3B-Instruct,jhu,0469,base,181,102,1,0,0,"```json {     ""count"": 102 } ```"
Qwen2.5-VL-3B-Instruct,jhu,0469,permit,181,,0,0,0,"```json {     ""count"": ""abstain"" } ```"
Qwen2.5-VL-3B-Instruct,jhu,0469,channel,181,,0,0,0,"```json {     ""response"": ""cannot_judge"" } ```"
Qwen2.5-VL-3B-Instruct,jhu,0470,channel,530,,0,0,0,"```json {     ""response"": ""cannot_judge"" } ```"
Qwen2.5-VL-3B-Instruct,jhu,0471,permit,149,,0,0,0,"{""count"": ""abstain""}"
Qwen2.5-VL-3B-Instruct,jhu,0473,permit,108,,0,0,0,"{""count"": ""abstain""}"
Qwen2.5-VL-3B-Instruct,jhu,0471,base,149,100,1,0,0,"```json {     ""count"": 100 } ```"
Qwen2.5-VL-3B-Instruct,jhu,0471,channel,149,,0,0,0,"```json {     ""response"": ""cannot_judge"" } ```"
Qwen2.5-VL-3B-Instruct,jhu,0479,base,575,1000,1,0,0,"```json {     ""count"": 1000 } ```"
Qwen2.5-VL-3B-Instruct,jhu,0473,base,108,100,1,0,0,"```json {     ""count"": 100 } ```"
Qwen2.5-VL-3B-Instruct,jhu,0473,channel,108,,0,0,0,"```json {     ""response"": ""cannot_judge"" } ```"
Qwen2.5-VL-3B-Instruct,jhu,0479,permit,575,,0,0,0,"{""count"": ""abstain""}"
Qwen2.5-VL-3B-Instruct,jhu,0479,channel,575,,0,0,0,"```json {     ""response"": ""cannot_judge"" } ```"
Qwen2.5-VL-3B-Instruct,jhu,0483,base,66,102,1,0,0,"```json {     ""count"": 102 } ```"
Qwen2.5-VL-3B-Instruct,jhu,0483,permit,66,,0,0,0,"```json {   ""count"": ""abstain"" } ```"
Qwen2.5-VL-3B-Instruct,jhu,0483,channel,66,,0,0,0,"```json {     ""response"": ""cannot_judge"" } ```"
Qwen2.5-VL-3B-Instruct,jhu,0492,permit,125,,0,0,0,"{""count"": ""abstain""}"
Qwen2.5-VL-3B-Instruct,jhu,0493,base,312,102,1,0,0,"```json {     ""count"": 102 } ```"
Qwen2.5-VL-3B-Instruct,jhu,0492,base,125,102,1,0,0,"```json {     ""count"": 102 } ```"
Qwen2.5-VL-3B-Instruct,jhu,0492,channel,125,,0,0,0,"```json {     ""response"": ""cannot_judge"" } ```"
Qwen2.5-VL-3B-Instruct,jhu,0493,permit,312,,0,0,0,"```json {   ""count"": ""abstain"" } ```"
Qwen2.5-VL-3B-Instruct,jhu,0494,permit,84,,0,0,0,"{""count"": ""abstain""}"
Qwen2.5-VL-3B-Instruct,jhu,0493,channel,312,,0,0,0,"```json {     ""response"": ""cannot_judge"" } ```"
Qwen2.5-VL-3B-Instruct,jhu,0494,channel,84,,0,0,0,"```json {   ""response"": ""cannot_judge"" } ```"
Qwen2.5-VL-3B-Instruct,jhu,0494,base,84,100,1,0,0,"```json {   ""count"": 100 } ```"
Qwen2.5-VL-3B-Instruct,jhu,0503,permit,42,,0,0,0,"{""count"": ""abstain""}"
Qwen2.5-VL-3B-Instruct,jhu,0495,base,133,100,1,0,0,"```json {     ""count"": 100 } ```"
Qwen2.5-VL-3B-Instruct,jhu,0495,channel,133,,0,0,0,"```json {     ""response"": ""cannot_judge"" } ```"
Qwen2.5-VL-3B-Instruct,jhu,0495,permit,133,,0,0,0,"```json {     ""count"": ""abstain"" } ```"
Qwen2.5-VL-3B-Instruct,jhu,0503,base,42,100,1,0,0,"```json {   ""count"": 100 } ```"
Qwen2.5-VL-3B-Instruct,jhu,0503,channel,42,,0,0,0,"```json {     ""response"": ""cannot_judge"" } ```"
Qwen2.5-VL-3B-Instruct,jhu,0504,permit,394,,0,0,0,"```json {   ""count"": ""abstain"" } ```"
Qwen2.5-VL-3B-Instruct,jhu,0504,base,394,100,1,0,0,"```json {     ""count"": 100 } ```"
Qwen2.5-VL-3B-Instruct,jhu,0504,channel,394,,0,0,0,"```json {     ""response"": ""cannot_judge"" } ```"
Qwen2.5-VL-3B-Instruct,jhu,0505,base,12,15,1,0,0,"```json {   ""count"": 15 } ```"
Qwen2.5-VL-3B-Instruct,jhu,0505,channel,12,,0,0,0,"```json {   ""response"": ""cannot_judge"" } ```"
Qwen2.5-VL-3B-Instruct,jhu,0505,permit,12,,0,0,0,"```json {   ""count"": ""abstain"" } ```"
Qwen2.5-VL-3B-Instruct,jhu,0510,base,115,100,1,0,0,"```json {     ""count"": 100 } ```"
Qwen2.5-VL-3B-Instruct,jhu,0510,permit,115,,0,0,0,"```json {   ""count"": ""abstain"" } ```"
Qwen2.5-VL-3B-Instruct,jhu,0510,channel,115,,0,0,0,"```json {     ""response"": ""cannot_judge"" } ```"
Qwen2.5-VL-3B-Instruct,jhu,0511,permit,207,,0,0,0,"{""count"": ""abstain""}"
Qwen2.5-VL-3B-Instruct,jhu,0511,base,207,100,1,0,0,"```json {   ""count"": 100 } ```"
Qwen2.5-VL-3B-Instruct,jhu,0511,channel,207,,0,0,0,"```json {   ""response"": ""cannot_judge"" } ```"
Qwen2.5-VL-3B-Instruct,jhu,0515,base,3,3,1,0,0,"```json {   ""count"": 3 } ```"
Qwen2.5-VL-3B-Instruct,jhu,0515,channel,3,3,1,0,0,"```json {     ""response"": 3 } ```"
Qwen2.5-VL-3B-Instruct,jhu,0515,permit,3,,0,0,0,"```json {   ""count"": ""abstain"" } ```"
Qwen2.5-VL-3B-Instruct,jhu,0516,base,20,30,1,0,0,"```json {     ""count"": 30 } ```"
Qwen2.5-VL-3B-Instruct,jhu,0516,channel,20,,0,0,0,"```json {     ""response"": ""cannot_judge"" } ```"
Qwen2.5-VL-3B-Instruct,jhu,0519,base,229,100,1,0,0,"```json {     ""count"": 100 } ```"
Qwen2.5-VL-3B-Instruct,jhu,0516,permit,20,,0,0,0,"```json {     ""count"": ""abstain"" } ```"
Qwen2.5-VL-3B-Instruct,jhu,0519,permit,229,,0,0,0,"```json {     ""count"": ""abstain"" } ```"
Qwen2.5-VL-3B-Instruct,jhu,0519,channel,229,,0,0,0,"```json {     ""response"": ""cannot_judge"" } ```"
Qwen2.5-VL-3B-Instruct,jhu,0520,permit,170,,0,0,0,"{""count"": ""abstain""}"
Qwen2.5-VL-3B-Instruct,jhu,0520,base,170,100,1,0,0,"```json {   ""count"": 100 } ```"
Qwen2.5-VL-3B-Instruct,jhu,0520,channel,170,,0,0,0,"```json {   ""response"": ""cannot_judge"" } ```"
Qwen2.5-VL-3B-Instruct,jhu,0529,base,240,102,1,0,0,"```json {     ""count"": 102 } ```"
Qwen2.5-VL-3B-Instruct,jhu,0529,permit,240,,0,0,0,"```json {     ""count"": ""abstain"" } ```"
Qwen2.5-VL-3B-Instruct,jhu,0527,base,972,100,1,0,0,"```json {     ""count"": 100 } ```"
Qwen2.5-VL-3B-Instruct,jhu,0527,channel,972,,0,0,0,"```json {     ""response"": ""cannot_judge"" } ```"
Qwen2.5-VL-3B-Instruct,jhu,0527,permit,972,,0,0,0,"```json {   ""count"": ""abstain"" } ```"
Qwen2.5-VL-3B-Instruct,jhu,0529,channel,240,,0,0,0,"```json {     ""response"": ""cannot_judge"" } ```"
Qwen2.5-VL-3B-Instruct,jhu,0533,permit,81,,0,0,0,"{""count"": ""abstain""}"
Qwen2.5-VL-3B-Instruct,jhu,0533,base,81,100,1,0,0,"```json {     ""count"": 100 } ```"
Qwen2.5-VL-3B-Instruct,jhu,0533,channel,81,,0,0,0,"```json {     ""response"": ""cannot_judge"" } ```"
Qwen2.5-VL-3B-Instruct,jhu,0535,base,18,30,1,0,0,"```json {   ""count"": 30 } ```"
Qwen2.5-VL-3B-Instruct,jhu,0535,permit,18,,0,0,0,"```json {   ""count"": ""abstain"" } ```"
Qwen2.5-VL-3B-Instruct,jhu,0535,channel,18,,0,0,0,"```json {     ""response"": ""cannot_judge"" } ```"
Qwen2.5-VL-3B-Instruct,jhu,0538,permit,25,,0,0,0,"{""count"": ""abstain""}"
Qwen2.5-VL-3B-Instruct,jhu,0538,channel,25,,0,0,0,"```json {   ""response"": ""cannot_judge"" } ```"
Qwen2.5-VL-3B-Instruct,jhu,0538,base,25,100,1,0,0,"```json {   ""count"": 100 } ```"
Qwen2.5-VL-3B-Instruct,jhu,0540,base,329,1023,1,0,0,"```json {     ""count"": 1023 } ```"
Qwen2.5-VL-3B-Instruct,jhu,0540,permit,329,,0,0,0,"```json {     ""count"": ""abstain"" } ```"
Qwen2.5-VL-3B-Instruct,jhu,0540,channel,329,,0,0,0,"```json {     ""response"": ""cannot_judge"" } ```"
Qwen2.5-VL-3B-Instruct,jhu,0542,base,41,36,1,0,0,"```json {   ""count"": 36 } ```"
Qwen2.5-VL-3B-Instruct,jhu,0542,channel,41,37,1,0,0,"```json {     ""response"": 37 } ```"
Qwen2.5-VL-3B-Instruct,jhu,0542,permit,41,,0,0,0,"```json {   ""count"": ""abstain"" } ```"
Qwen2.5-VL-3B-Instruct,jhu,0544,base,52,50,1,0,0,"```json {     ""count"": 50 } ```"
Qwen2.5-VL-3B-Instruct,jhu,0544,permit,52,,0,0,0,"```json {     ""count"": ""abstain"" } ```"
Qwen2.5-VL-3B-Instruct,jhu,0544,channel,52,,0,0,0,"```json {     ""response"": ""cannot_judge"" } ```"
Qwen2.5-VL-3B-Instruct,jhu,0549,permit,64,,0,0,0,"```json {   ""count"": ""abstain"" } ```"
Qwen2.5-VL-3B-Instruct,jhu,0549,base,64,100,1,0,0,"```json {     ""count"": 100 } ```"
Qwen2.5-VL-3B-Instruct,jhu,0547,base,41,10,1,0,0,"```json {   ""count"": 10 } ```"
Qwen2.5-VL-3B-Instruct,jhu,0547,permit,41,,0,0,0,"```json {   ""count"": ""abstain"" } ```"
Qwen2.5-VL-3B-Instruct,jhu,0547,channel,41,,0,0,0,"```json {   ""response"": ""cannot_judge"" } ```"
Qwen2.5-VL-3B-Instruct,jhu,0550,base,98,102,1,0,0,"```json {     ""count"": 102 } ```"
Qwen2.5-VL-3B-Instruct,jhu,0549,channel,64,,0,0,0,"```json {     ""response"": ""cannot_judge"" } ```"
Qwen2.5-VL-3B-Instruct,jhu,0550,permit,98,,0,0,0,"```json {   ""count"": ""abstain"" } ```"
Qwen2.5-VL-3B-Instruct,jhu,0550,channel,98,,0,0,0,"```json {     ""response"": ""cannot_judge"" } ```"
Qwen2.5-VL-3B-Instruct,jhu,0552,base,121,108,1,0,0,"```json {     ""count"": 108 } ```"
Qwen2.5-VL-3B-Instruct,jhu,0555,channel,34,,0,0,0,"```json {     ""response"": ""cannot_judge"" } ```"
Qwen2.5-VL-3B-Instruct,jhu,0552,permit,121,,0,0,0,"```json {     ""count"": ""abstain"" } ```"
Qwen2.5-VL-3B-Instruct,jhu,0555,base,34,102,1,0,0,"```json {     ""count"": 102 } ```"
Qwen2.5-VL-3B-Instruct,jhu,0555,permit,34,,0,0,0,"```json {     ""count"": ""abstain"" } ```"
Qwen2.5-VL-3B-Instruct,jhu,0561,base,69,102,1,0,0,"```json {   ""count"": 102 } ```"
Qwen2.5-VL-3B-Instruct,jhu,0552,channel,121,,0,0,0,"```json {     ""response"": ""cannot_judge"" } ```"
Qwen2.5-VL-3B-Instruct,jhu,0561,permit,69,,0,0,0,"```json {   ""count"": ""abstain"" } ```"
Qwen2.5-VL-3B-Instruct,jhu,0561,channel,69,,0,0,0,"```json {   ""response"": ""cannot_judge"" } ```"
Qwen2.5-VL-3B-Instruct,jhu,0563,base,51,50,1,0,0,"```json {   ""count"": 50 } ```"
Qwen2.5-VL-3B-Instruct,jhu,0565,permit,376,,0,0,0,"{""count"": ""abstain""}"
Qwen2.5-VL-3B-Instruct,jhu,0563,permit,51,,0,0,0,"```json {   ""count"": ""abstain"" } ```"
Qwen2.5-VL-3B-Instruct,jhu,0563,channel,51,,0,0,0,"```json {     ""response"": ""cannot_judge"" } ```"
Qwen2.5-VL-3B-Instruct,jhu,0567,base,37,102,1,0,0,"```json {   ""count"": 102 } ```"
Qwen2.5-VL-3B-Instruct,jhu,0565,channel,376,,0,0,0,"```json {   ""response"": ""cannot_judge"" } ```"
Qwen2.5-VL-3B-Instruct,jhu,0565,base,376,1000,1,0,0,"```json {   ""count"": 1000 } ```"
Qwen2.5-VL-3B-Instruct,jhu,0568,permit,429,,0,0,0,"{""count"": ""abstain""}"
Qwen2.5-VL-3B-Instruct,jhu,0568,base,429,100,1,0,0,"```json {     ""count"": 100 } ```"
Qwen2.5-VL-3B-Instruct,jhu,0567,permit,37,,0,0,0,"```json {   ""count"": ""abstain"" } ```"
Qwen2.5-VL-3B-Instruct,jhu,0568,channel,429,,0,0,0,"```json {     ""response"": ""cannot_judge"" } ```"
Qwen2.5-VL-3B-Instruct,jhu,0567,channel,37,,0,0,0,"```json {   ""response"": ""cannot_judge"" } ```"
Qwen2.5-VL-3B-Instruct,jhu,0571,permit,491,,0,0,0,"{""count"": ""abstain""}"
Qwen2.5-VL-3B-Instruct,jhu,0574,permit,1087,,0,0,0,"{""count"": ""abstain""}"
Qwen2.5-VL-3B-Instruct,jhu,0569,base,294,102,1,0,0,"```json {   ""count"": 102 } ```"
Qwen2.5-VL-3B-Instruct,jhu,0569,permit,294,,0,0,0,"```json {   ""count"": ""abstain"" } ```"
Qwen2.5-VL-3B-Instruct,jhu,0571,base,491,501,1,0,0,"```json {   ""count"": 501 } ```"
Qwen2.5-VL-3B-Instruct,jhu,0569,channel,294,,0,0,0,"```json {   ""response"": ""cannot_judge"" } ```"
Qwen2.5-VL-3B-Instruct,jhu,0571,channel,491,,0,0,0,"```json {     ""response"": ""cannot_judge"" } ```"
Qwen2.5-VL-3B-Instruct,jhu,0574,base,1087,1000,1,0,0,"```json {     ""count"": 1000 } ```"
Qwen2.5-VL-3B-Instruct,jhu,0574,channel,1087,,0,0,0,"```json {     ""response"": ""cannot_judge"" } ```"
Qwen2.5-VL-3B-Instruct,jhu,0577,base,14,17,1,0,0,"```json {     ""count"": 17 } ```"
Qwen2.5-VL-3B-Instruct,jhu,0577,channel,14,,0,0,0,"```json {     ""response"": ""cannot_judge"" } ```"
Qwen2.5-VL-3B-Instruct,jhu,0576,base,33,30,1,0,0,"```json {     ""count"": 30 } ```"
Qwen2.5-VL-3B-Instruct,jhu,0577,permit,14,,0,0,0,"```json {   ""count"": ""abstain"" } ```"
Qwen2.5-VL-3B-Instruct,jhu,0576,permit,33,,0,0,0,"```json {   ""count"": ""abstain"" } ```"
Qwen2.5-VL-3B-Instruct,jhu,0576,channel,33,,0,0,0,"```json {   ""response"": ""cannot_judge"" } ```"
Qwen2.5-VL-3B-Instruct,jhu,0581,base,195,100,1,0,0,"```json {   ""count"": 100 } ```"
Qwen2.5-VL-3B-Instruct,jhu,0581,permit,195,,0,0,0,"```json {   ""count"": ""abstain"" } ```"
Qwen2.5-VL-3B-Instruct,jhu,0581,channel,195,,0,0,0,"```json {     ""response"": ""cannot_judge"" } ```"
Qwen2.5-VL-3B-Instruct,jhu,0584,base,34,30,1,0,0,"```json {     ""count"": 30 } ```"
Qwen2.5-VL-3B-Instruct,jhu,0584,channel,34,10,1,0,0,"```json {     ""response"": 10 } ```"
Qwen2.5-VL-3B-Instruct,jhu,0584,permit,34,,0,0,0,"```json {   ""count"": ""abstain"" } ```"
Qwen2.5-VL-3B-Instruct,jhu,0582,base,18,16,1,0,0,"```json {     ""count"": 16 } ```"
Qwen2.5-VL-3B-Instruct,jhu,0582,permit,18,,0,0,0,"```json {   ""count"": ""abstain"" } ```"
Qwen2.5-VL-3B-Instruct,jhu,0582,channel,18,,0,0,0,"```json {   ""response"": ""cannot_judge"" } ```"
Qwen2.5-VL-3B-Instruct,jhu,0586,base,74,100,1,0,0,"```json {     ""count"": 100 } ```"
Qwen2.5-VL-3B-Instruct,jhu,0586,permit,74,,0,0,0,"```json {     ""count"": ""abstain"" } ```"
Qwen2.5-VL-3B-Instruct,jhu,0588,permit,865,,0,0,0,"{""count"": ""abstain""}"
Qwen2.5-VL-3B-Instruct,jhu,0587,base,218,100,1,0,0,"```json {   ""count"": 100 } ```"
Qwen2.5-VL-3B-Instruct,jhu,0587,channel,218,,0,0,0,"```json {     ""response"": ""cannot_judge"" } ```"
Qwen2.5-VL-3B-Instruct,jhu,0586,channel,74,,0,0,0,"```json {     ""response"": ""cannot_judge"" } ```"
Qwen2.5-VL-3B-Instruct,jhu,0587,permit,218,,0,0,0,"```json {   ""count"": ""abstain"" } ```"
Qwen2.5-VL-3B-Instruct,jhu,0588,base,865,1000,1,0,0,"```json {     ""count"": 1000 } ```"
Qwen2.5-VL-3B-Instruct,jhu,0589,permit,173,,0,0,0,"{""count"": ""abstain""}"
Qwen2.5-VL-3B-Instruct,jhu,0589,base,173,100,1,0,0,"```json {   ""count"": 100 } ```"
Qwen2.5-VL-3B-Instruct,jhu,0588,channel,865,,0,0,0,"```json {   ""response"": ""cannot_judge"" } ```"
Qwen2.5-VL-3B-Instruct,jhu,0589,channel,173,,0,0,0,"```json {   ""response"": ""cannot_judge"" } ```"
Qwen2.5-VL-3B-Instruct,jhu,0590,base,42,102,1,0,0,"```json {   ""count"": 102 } ```"
Qwen2.5-VL-3B-Instruct,jhu,0590,permit,42,,0,0,0,"```json {   ""count"": ""abstain"" } ```"
Qwen2.5-VL-3B-Instruct,jhu,0591,permit,1894,,0,0,0,"```json {     ""count"": ""abstain"" } ```"
Qwen2.5-VL-3B-Instruct,jhu,0590,channel,42,,0,0,0,"```json {   ""response"": ""cannot_judge"" } ```"
Qwen2.5-VL-3B-Instruct,jhu,0591,base,1894,10000,1,0,0,"```json {     ""count"": 10000 } ```"
Qwen2.5-VL-3B-Instruct,jhu,0591,channel,1894,,0,0,0,"```json {     ""response"": ""cannot_judge"" } ```"
Qwen2.5-VL-3B-Instruct,jhu,0592,permit,177,,0,0,0,"{""count"": ""abstain""}"
Qwen2.5-VL-3B-Instruct,jhu,0595,base,14,20,1,0,0,"```json {     ""count"": 20 } ```"
Qwen2.5-VL-3B-Instruct,jhu,0592,base,177,100,1,0,0,"```json {     ""count"": 100 } ```"
Qwen2.5-VL-3B-Instruct,jhu,0592,channel,177,,0,0,0,"```json {     ""response"": ""cannot_judge"" } ```"
Qwen2.5-VL-3B-Instruct,jhu,0593,channel,106,,0,0,0,"```json {     ""response"": ""cannot_judge"" } ```"
Qwen2.5-VL-3B-Instruct,jhu,0593,permit,106,,0,0,0,"```json {   ""count"": ""abstain"" } ```"
Qwen2.5-VL-3B-Instruct,jhu,0593,base,106,100,1,0,0,"```json {   ""count"": 100 } ```"
Qwen2.5-VL-3B-Instruct,jhu,0595,permit,14,,0,0,0,"```json {   ""count"": ""abstain"" } ```"
Qwen2.5-VL-3B-Instruct,jhu,0595,channel,14,,0,0,0,"```json {     ""response"": ""cannot_judge"" } ```"
Qwen2.5-VL-3B-Instruct,jhu,0597,channel,6,5,1,0,0,"```json {     ""response"": ""5"" } ```"
Qwen2.5-VL-3B-Instruct,jhu,0597,base,6,5,1,0,0,"```json {   ""count"": 5 } ```"
Qwen2.5-VL-3B-Instruct,jhu,0597,permit,6,,0,0,0,"```json {   ""count"": ""abstain"" } ```"
Qwen2.5-VL-3B-Instruct,jhu,0600,permit,256,,0,0,0,"```json {     ""count"": ""abstain"" } ```"
Qwen2.5-VL-3B-Instruct,jhu,0600,base,256,102,1,0,0,"```json {     ""count"": 102 } ```"
Qwen2.5-VL-3B-Instruct,jhu,0600,channel,256,,0,0,0,"```json {     ""response"": ""cannot_judge"" } ```"
Qwen2.5-VL-3B-Instruct,jhu,0602,permit,314,,0,0,0,"{""count"": ""abstain""}"
Qwen2.5-VL-3B-Instruct,jhu,0601,base,32,25,1,0,0,"```json {   ""count"": 25 } ```"
Qwen2.5-VL-3B-Instruct,jhu,0601,permit,32,,0,0,0,"```json {   ""count"": ""abstain"" } ```"
Qwen2.5-VL-3B-Instruct,jhu,0601,channel,32,,0,0,0,"```json {   ""response"": ""cannot_judge"" } ```"
Qwen2.5-VL-3B-Instruct,jhu,0602,base,314,1000,1,0,0,"```json {     ""count"": 1000 } ```"
Qwen2.5-VL-3B-Instruct,jhu,0602,channel,314,,0,0,0,"```json {     ""response"": ""cannot_judge"" } ```"
Qwen2.5-VL-3B-Instruct,jhu,0603,permit,214,,0,0,0,"```json {   ""count"": ""abstain"" } ```"
Qwen2.5-VL-3B-Instruct,jhu,0603,base,214,102,1,0,0,"```json {   ""count"": 102 } ```"
Qwen2.5-VL-3B-Instruct,jhu,0603,channel,214,,0,0,0,"```json {     ""response"": ""cannot_judge"" } ```"
Qwen2.5-VL-3B-Instruct,jhu,0604,permit,348,,0,0,0,"{""count"": ""abstain""}"
Qwen2.5-VL-3B-Instruct,jhu,0604,channel,348,,0,0,0,"```json {     ""response"": ""cannot_judge"" } ```"
Qwen2.5-VL-3B-Instruct,jhu,0604,base,348,100,1,0,0,"```json {     ""count"": 100 } ```"
Qwen2.5-VL-3B-Instruct,jhu,0605,base,192,102,1,0,0,"```json {     ""count"": 102 } ```"
Qwen2.5-VL-3B-Instruct,jhu,0605,channel,192,,0,0,0,"```json {     ""response"": ""cannot_judge"" } ```"
Qwen2.5-VL-3B-Instruct,jhu,0605,permit,192,,0,0,0,"```json {     ""count"": ""abstain"" } ```"
Qwen2.5-VL-3B-Instruct,jhu,0608,base,3504,10000,1,0,0,"```json {     ""count"": 10000 } ```"
Qwen2.5-VL-3B-Instruct,jhu,0608,permit,3504,,0,0,0,"{""count"": ""abstain""}"
Qwen2.5-VL-3B-Instruct,jhu,0609,base,170,102,1,0,0,"```json {     ""count"": 102 } ```"
Qwen2.5-VL-3B-Instruct,jhu,0609,permit,170,,0,0,0,"```json {     ""count"": ""abstain"" } ```"
Qwen2.5-VL-3B-Instruct,jhu,0614,base,147,102,1,0,0,"```json {     ""count"": 102 } ```"
Qwen2.5-VL-3B-Instruct,jhu,0614,channel,147,,0,0,0,"```json {     ""response"": ""cannot_judge"" } ```"
Qwen2.5-VL-3B-Instruct,jhu,0614,permit,147,,0,0,0,"```json {     ""count"": ""abstain"" } ```"
Qwen2.5-VL-3B-Instruct,jhu,0608,channel,3504,,0,0,0,"```json {     ""response"": ""cannot_judge"" } ```"
Qwen2.5-VL-3B-Instruct,jhu,0609,channel,170,,0,0,0,"```json {     ""response"": ""cannot_judge"" } ```"
Qwen2.5-VL-3B-Instruct,jhu,0615,base,6,5,1,0,0,"```json {     ""count"": 5 } ```"
Qwen2.5-VL-3B-Instruct,jhu,0615,channel,6,4,1,0,0,"```json {     ""response"": 4 } ```"
Qwen2.5-VL-3B-Instruct,jhu,0615,permit,6,,0,0,0,"```json {   ""count"": ""abstain"" } ```"
Qwen2.5-VL-3B-Instruct,jhu,0617,base,228,100,1,0,0,"```json {     ""count"": 100 } ```"
Qwen2.5-VL-3B-Instruct,jhu,0618,base,33,30,1,0,0,"```json {     ""count"": 30 } ```"
Qwen2.5-VL-3B-Instruct,jhu,0617,permit,228,,0,0,0,"```json {   ""count"": ""abstain"" } ```"
Qwen2.5-VL-3B-Instruct,jhu,0617,channel,228,,0,0,0,"```json {     ""response"": ""cannot_judge"" } ```"
Qwen2.5-VL-3B-Instruct,jhu,0618,permit,33,,0,0,0,"```json {   ""count"": ""abstain"" } ```"
Qwen2.5-VL-3B-Instruct,jhu,0618,channel,33,,0,0,0,"```json {     ""response"": ""cannot_judge"" } ```"
Qwen2.5-VL-3B-Instruct,jhu,0619,base,49,102,1,0,0,"```json {     ""count"": 102 } ```"
Qwen2.5-VL-3B-Instruct,jhu,0619,permit,49,,0,0,0,"```json {     ""count"": ""abstain"" } ```"
Qwen2.5-VL-3B-Instruct,jhu,0619,channel,49,,0,0,0,"```json {     ""response"": ""cannot_judge"" } ```"
Qwen2.5-VL-3B-Instruct,jhu,0622,base,18,14,1,0,0,"```json {     ""count"": 14 } ```"
Qwen2.5-VL-3B-Instruct,jhu,0622,channel,18,14,1,0,0,"```json {     ""response"": 14 } ```"
Qwen2.5-VL-3B-Instruct,jhu,0626,base,122,100,1,0,0,"```json {   ""count"": 100 } ```"
Qwen2.5-VL-3B-Instruct,jhu,0622,permit,18,,0,0,0,"```json {   ""count"": ""abstain"" } ```"
Qwen2.5-VL-3B-Instruct,jhu,0626,permit,122,,0,0,0,"{""count"": ""abstain""}"
Qwen2.5-VL-3B-Instruct,jhu,0626,channel,122,,0,0,0,"```json {     ""response"": ""cannot_judge"" } ```"
Qwen2.5-VL-3B-Instruct,jhu,0642,base,47,30,1,0,0,"```json {   ""count"": 30 } ```"
Qwen2.5-VL-3B-Instruct,jhu,0641,base,234,150,1,0,0,"```json {     ""count"": 150 } ```"
Qwen2.5-VL-3B-Instruct,jhu,0627,base,40,100,1,0,0,"```json {     ""count"": 100 } ```"
Qwen2.5-VL-3B-Instruct,jhu,0627,channel,40,,0,0,0,"```json {     ""response"": ""cannot_judge"" } ```"
Qwen2.5-VL-3B-Instruct,jhu,0641,permit,234,,0,0,0,"```json {   ""count"": ""abstain"" } ```"
Qwen2.5-VL-3B-Instruct,jhu,0641,channel,234,,0,0,0,"```json {     ""response"": ""cannot_judge"" } ```"
Qwen2.5-VL-3B-Instruct,jhu,0627,permit,40,,0,0,0,"```json {     ""count"": ""abstain"" } ```"
Qwen2.5-VL-3B-Instruct,jhu,0642,permit,47,,0,0,0,"```json {   ""count"": ""abstain"" } ```"
Qwen2.5-VL-3B-Instruct,jhu,0642,channel,47,,0,0,0,"```json {   ""response"": ""cannot_judge"" } ```"
Qwen2.5-VL-3B-Instruct,jhu,0644,base,15,13,1,0,0,"```json {   ""count"": 13 } ```"
Qwen2.5-VL-3B-Instruct,jhu,0644,channel,15,,0,0,0,"```json {     ""response"": ""cannot_judge"" } ```"
Qwen2.5-VL-3B-Instruct,jhu,0644,permit,15,,0,0,0,"```json {   ""count"": ""abstain"" } ```"
Qwen2.5-VL-3B-Instruct,jhu,0645,permit,47,,0,0,0,"```json {   ""count"": ""abstain"" } ```"
Qwen2.5-VL-3B-Instruct,jhu,0645,channel,47,,0,0,0,"```json {     ""response"": ""cannot_judge"" } ```"
Qwen2.5-VL-3B-Instruct,jhu,0645,base,47,40,1,0,0,"```json {     ""count"": 40 } ```"
Qwen2.5-VL-3B-Instruct,jhu,0646,base,109,100,1,0,0,"```json {     ""count"": 100 } ```"
Qwen2.5-VL-3B-Instruct,jhu,0648,permit,1655,,0,0,0,"{""count"": ""abstain""}"
Qwen2.5-VL-3B-Instruct,jhu,0650,permit,2058,,0,0,0,"```json {     ""count"": ""abstain"" } ```"
Qwen2.5-VL-3B-Instruct,jhu,0646,permit,109,,0,0,0,"```json {   ""count"": ""abstain"" } ```"
Qwen2.5-VL-3B-Instruct,jhu,0650,base,2058,102,1,0,0,"```json {     ""count"": 102 } ```"
Qwen2.5-VL-3B-Instruct,jhu,0646,channel,109,,0,0,0,"```json {     ""response"": ""cannot_judge"" } ```"
Qwen2.5-VL-3B-Instruct,jhu,0648,channel,1655,,0,0,0,"```json {   ""response"": ""cannot_judge"" } ```"
Qwen2.5-VL-3B-Instruct,jhu,0648,base,1655,1000,1,0,0,"```json {   ""count"": 1000 } ```"
Qwen2.5-VL-3B-Instruct,jhu,0651,base,46,40,1,0,0,"```json {     ""count"": 40 } ```"
Qwen2.5-VL-3B-Instruct,jhu,0651,channel,46,,0,0,0,"```json {     ""response"": ""cannot_judge"" } ```"
Qwen2.5-VL-3B-Instruct,jhu,0651,permit,46,,0,0,0,"```json {   ""count"": ""abstain"" } ```"
Qwen2.5-VL-3B-Instruct,jhu,0650,channel,2058,,0,0,0,"```json {     ""response"": ""cannot_judge"" } ```"
Qwen2.5-VL-3B-Instruct,jhu,0654,base,322,102,1,0,0,"```json {     ""count"": 102 } ```"
Qwen2.5-VL-3B-Instruct,jhu,0657,base,216,102,1,0,0,"```json {     ""count"": 102 } ```"
Qwen2.5-VL-3B-Instruct,jhu,0654,channel,322,,0,0,0,"```json {     ""response"": ""cannot_judge"" } ```"
Qwen2.5-VL-3B-Instruct,jhu,0654,permit,322,,0,0,0,"```json {     ""count"": ""abstain"" } ```"
Qwen2.5-VL-3B-Instruct,jhu,0657,permit,216,,0,0,0,"```json {   ""count"": ""abstain"" } ```"
Qwen2.5-VL-3B-Instruct,jhu,0657,channel,216,,0,0,0,"```json {     ""response"": ""cannot_judge"" } ```"
Qwen2.5-VL-3B-Instruct,jhu,0658,permit,671,,0,0,0,"{""count"": ""abstain""}"
Qwen2.5-VL-3B-Instruct,jhu,0660,permit,566,,0,0,0,"```json {   ""count"": ""abstain"" } ```"
Qwen2.5-VL-3B-Instruct,jhu,0660,base,566,102,1,0,0,"```json {     ""count"": 102 } ```"
Qwen2.5-VL-3B-Instruct,jhu,0660,channel,566,,0,0,0,"```json {     ""response"": ""cannot_judge"" } ```"
Qwen2.5-VL-3B-Instruct,jhu,0658,channel,671,,0,0,0,"```json {     ""response"": ""cannot_judge"" } ```"
Qwen2.5-VL-3B-Instruct,jhu,0666,base,12,10,1,0,0,"```json {   ""count"": 10 } ```"
Qwen2.5-VL-3B-Instruct,jhu,0658,base,671,1000,1,0,0,"```json {     ""count"": 1000 } ```"
Qwen2.5-VL-3B-Instruct,jhu,0666,permit,12,,0,0,0,"```json {   ""count"": ""abstain"" } ```"
Qwen2.5-VL-3B-Instruct,jhu,0669,base,40,60,1,0,0,"```json {     ""count"": 60 } ```"
Qwen2.5-VL-3B-Instruct,jhu,0669,channel,40,,0,0,0,"```json {     ""response"": ""cannot_judge"" } ```"
Qwen2.5-VL-3B-Instruct,jhu,0666,channel,12,,0,0,0,"```json {     ""response"": ""cannot_judge"" } ```"
Qwen2.5-VL-3B-Instruct,jhu,0669,permit,40,,0,0,0,"```json {     ""count"": ""abstain"" } ```"
Qwen2.5-VL-3B-Instruct,jhu,0673,permit,43,,0,0,0,"```json {   ""count"": ""abstain"" } ```"
Qwen2.5-VL-3B-Instruct,jhu,0673,channel,43,,0,0,0,"```json {     ""response"": ""cannot_judge"" } ```"
Qwen2.5-VL-3B-Instruct,jhu,0673,base,43,102,1,0,0,"```json {     ""count"": 102 } ```"
Qwen2.5-VL-3B-Instruct,jhu,0674,base,1871,10,1,0,0,"```json {   ""count"": 10 } ```"
Qwen2.5-VL-3B-Instruct,jhu,0676,base,41,40,1,0,0,"```json {     ""count"": 40 } ```"
Qwen2.5-VL-3B-Instruct,jhu,0676,permit,41,,0,0,0,"```json {   ""count"": ""abstain"" } ```"
Qwen2.5-VL-3B-Instruct,jhu,0678,permit,110,,0,0,0,"{""count"": ""abstain""}"
Qwen2.5-VL-3B-Instruct,jhu,0674,permit,1871,,0,0,0,"```json {   ""count"": ""abstain"" } ```"
Qwen2.5-VL-3B-Instruct,jhu,0676,channel,41,,0,0,0,"```json {     ""response"": ""cannot_judge"" } ```"
Qwen2.5-VL-3B-Instruct,jhu,0674,channel,1871,,0,0,0,"```json {   ""response"": ""cannot_judge"" } ```"
Qwen2.5-VL-3B-Instruct,jhu,0678,channel,110,,0,0,0,"```json {     ""response"": ""cannot_judge"" } ```"
Qwen2.5-VL-3B-Instruct,jhu,0678,base,110,1000,1,0,0,"```json {   ""count"": 1000 } ```"
Qwen2.5-VL-3B-Instruct,jhu,0679,base,52,30,1,0,0,"```json {     ""count"": 30 } ```"
Qwen2.5-VL-3B-Instruct,jhu,0679,permit,52,,0,0,0,"```json {   ""count"": ""abstain"" } ```"
Qwen2.5-VL-3B-Instruct,jhu,0679,channel,52,,0,0,0,"```json {     ""response"": ""cannot_judge"" } ```"
Qwen2.5-VL-3B-Instruct,jhu,0687,base,68,102,1,0,0,"```json {     ""count"": 102 } ```"
Qwen2.5-VL-3B-Instruct,jhu,0687,permit,68,,0,0,0,"```json {     ""count"": ""abstain"" } ```"
Qwen2.5-VL-3B-Instruct,jhu,0686,base,430,100,1,0,0,"```json {   ""count"": 100 } ```"
Qwen2.5-VL-3B-Instruct,jhu,0686,permit,430,,0,0,0,"```json {   ""count"": ""abstain"" } ```"
Qwen2.5-VL-3B-Instruct,jhu,0686,channel,430,,0,0,0,"```json {   ""response"": ""cannot_judge"" } ```"
Qwen2.5-VL-3B-Instruct,jhu,0687,channel,68,,0,0,0,"```json {     ""response"": ""cannot_judge"" } ```"
Qwen2.5-VL-3B-Instruct,jhu,0689,permit,341,,0,0,0,"```json {   ""count"": ""abstain"" } ```"
Qwen2.5-VL-3B-Instruct,jhu,0689,base,341,100,1,0,0,"```json {     ""count"": 100 } ```"
Qwen2.5-VL-3B-Instruct,jhu,0693,permit,1899,,0,0,0,"{""count"": ""abstain""}"
Qwen2.5-VL-3B-Instruct,jhu,0689,channel,341,,0,0,0,"```json {     ""response"": ""cannot_judge"" } ```"
Qwen2.5-VL-3B-Instruct,jhu,0690,permit,1277,,0,0,0,"{""count"": ""abstain""}"
Qwen2.5-VL-3B-Instruct,jhu,0693,base,1899,10000,1,0,0,"```json {   ""count"": 10000 } ```"
Qwen2.5-VL-3B-Instruct,jhu,0696,base,28,30,1,0,0,"```json {   ""count"": 30 } ```"
Qwen2.5-VL-3B-Instruct,jhu,0693,channel,1899,,0,0,0,"```json {   ""response"": ""cannot_judge"" } ```"
Qwen2.5-VL-3B-Instruct,jhu,0690,channel,1277,,0,0,0,"```json {   ""response"": ""cannot_judge"" } ```"
Qwen2.5-VL-3B-Instruct,jhu,0690,base,1277,1000,1,0,0,"```json {   ""count"": 1000 } ```"
Qwen2.5-VL-3B-Instruct,jhu,0696,permit,28,,0,0,0,"```json {   ""count"": ""abstain"" } ```"
Qwen2.5-VL-3B-Instruct,jhu,0696,channel,28,,0,0,0,"```json {   ""response"": ""cannot_judge"" } ```"
Qwen2.5-VL-3B-Instruct,jhu,0699,base,33,50,1,0,0,"```json {     ""count"": 50 } ```"
Qwen2.5-VL-3B-Instruct,jhu,0700,permit,262,,0,0,0,"{""count"": ""abstain""}"
Qwen2.5-VL-3B-Instruct,jhu,0699,channel,33,,0,0,0,"```json {     ""response"": ""cannot_judge"" } ```"
Qwen2.5-VL-3B-Instruct,jhu,0699,permit,33,,0,0,0,"```json {     ""count"": ""abstain"" } ```"
Qwen2.5-VL-3B-Instruct,jhu,0700,base,262,100,1,0,0,"```json {   ""count"": 100 } ```"
Qwen2.5-VL-3B-Instruct,jhu,0700,channel,262,,0,0,0,"```json {   ""response"": ""cannot_judge"" } ```"
Qwen2.5-VL-3B-Instruct,jhu,0701,permit,87,,0,0,0,"```json {     ""count"": ""abstain"" } ```"
Qwen2.5-VL-3B-Instruct,jhu,0701,base,87,102,1,0,0,"```json {     ""count"": 102 } ```"
Qwen2.5-VL-3B-Instruct,jhu,0701,channel,87,,0,0,0,"```json {     ""response"": ""cannot_judge"" } ```"
Qwen2.5-VL-3B-Instruct,jhu,0704,base,41,102,1,0,0,"```json {     ""count"": 102 } ```"
Qwen2.5-VL-3B-Instruct,jhu,0704,channel,41,,0,0,0,"```json {   ""response"": ""cannot_judge"" } ```"
Qwen2.5-VL-3B-Instruct,jhu,0704,permit,41,,0,0,0,"```json {   ""count"": ""abstain"" } ```"
Qwen2.5-VL-3B-Instruct,jhu,0707,permit,392,,0,0,0,"{""count"": ""abstain""}"
Qwen2.5-VL-3B-Instruct,jhu,0705,permit,643,,0,0,0,"```json {     ""count"": ""abstain"" } ```"
Qwen2.5-VL-3B-Instruct,jhu,0709,permit,431,,0,0,0,"{""count"": ""abstain""}"
Qwen2.5-VL-3B-Instruct,jhu,0705,base,643,1023,1,0,0,"```json {     ""count"": 1023 } ```"
Qwen2.5-VL-3B-Instruct,jhu,0705,channel,643,,0,0,0,"```json {     ""response"": ""cannot_judge"" } ```"
Qwen2.5-VL-3B-Instruct,jhu,0707,base,392,100,1,0,0,"```json {   ""count"": 100 } ```"
Qwen2.5-VL-3B-Instruct,jhu,0707,channel,392,,0,0,0,"```json {   ""response"": ""cannot_judge"" } ```"
Qwen2.5-VL-3B-Instruct,jhu,0709,base,431,1000,1,0,0,"```json {   ""count"": 1000 } ```"
Qwen2.5-VL-3B-Instruct,jhu,0709,channel,431,,0,0,0,"```json {     ""response"": ""cannot_judge"" } ```"
Qwen2.5-VL-3B-Instruct,jhu,0712,channel,151,,0,0,0,"```json {     ""response"": ""cannot_judge"" } ```"
Qwen2.5-VL-3B-Instruct,jhu,0712,base,151,102,1,0,0,"```json {     ""count"": 102 } ```"
Qwen2.5-VL-3B-Instruct,jhu,0713,base,15,20,1,0,0,"```json {     ""count"": 20 } ```"
Qwen2.5-VL-3B-Instruct,jhu,0712,permit,151,,0,0,0,"```json {     ""count"": ""abstain"" } ```"
Qwen2.5-VL-3B-Instruct,jhu,0713,permit,15,,0,0,0,"```json {     ""count"": ""abstain"" } ```"
Qwen2.5-VL-3B-Instruct,jhu,0718,base,79,100,1,0,0,"```json {   ""count"": 100 } ```"
Qwen2.5-VL-3B-Instruct,jhu,0713,channel,15,,0,0,0,"```json {     ""response"": ""cannot_judge"" } ```"
Qwen2.5-VL-3B-Instruct,jhu,0718,permit,79,,0,0,0,"{""count"": ""abstain""}"
Qwen2.5-VL-3B-Instruct,jhu,0720,permit,390,,0,0,0,"{""count"": ""abstain""}"
Qwen2.5-VL-3B-Instruct,jhu,0718,channel,79,,0,0,0,"```json {   ""response"": ""cannot_judge"" } ```"
Qwen2.5-VL-3B-Instruct,jhu,0720,channel,390,,0,0,0,"```json {   ""response"": ""cannot_judge"" } ```"
Qwen2.5-VL-3B-Instruct,jhu,0722,permit,55,,0,0,0,"```json {   ""count"": ""abstain"" } ```"
Qwen2.5-VL-3B-Instruct,jhu,0722,channel,55,,0,0,0,"```json {   ""response"": ""cannot_judge"" } ```"
Qwen2.5-VL-3B-Instruct,jhu,0720,base,390,1000,1,0,0,"```json {   ""count"": 1000 } ```"
Qwen2.5-VL-3B-Instruct,jhu,0722,base,55,100,1,0,0,"```json {   ""count"": 100 } ```"
Qwen2.5-VL-3B-Instruct,jhu,0723,base,196,1023,1,0,0,"```json {     ""count"": 1023 } ```"
Qwen2.5-VL-3B-Instruct,jhu,0723,permit,196,,0,0,0,"```json {   ""count"": ""abstain"" } ```"
Qwen2.5-VL-3B-Instruct,jhu,0723,channel,196,,0,0,0,"```json {   ""response"": ""cannot_judge"" } ```"
Qwen2.5-VL-3B-Instruct,jhu,0728,permit,162,,0,0,0,"{""count"": ""abstain""}"
Qwen2.5-VL-3B-Instruct,jhu,0728,base,162,100,1,0,0,"```json {   ""count"": 100 } ```"
Qwen2.5-VL-3B-Instruct,jhu,0727,base,203,102,1,0,0,"```json {   ""count"": 102 } ```"
Qwen2.5-VL-3B-Instruct,jhu,0728,channel,162,,0,0,0,"```json {     ""response"": ""cannot_judge"" } ```"
Qwen2.5-VL-3B-Instruct,jhu,0727,permit,203,,0,0,0,"```json {   ""count"": ""abstain"" } ```"
Qwen2.5-VL-3B-Instruct,jhu,0727,channel,203,,0,0,0,"```json {   ""response"": ""cannot_judge"" } ```"
Qwen2.5-VL-3B-Instruct,jhu,0733,base,17,15,1,0,0,"```json {   ""count"": 15 } ```"
Qwen2.5-VL-3B-Instruct,jhu,0731,base,342,102,1,0,0,"```json {     ""count"": 102 } ```"
Qwen2.5-VL-3B-Instruct,jhu,0736,base,44,40,1,0,0,"```json {   ""count"": 40 } ```"
Qwen2.5-VL-3B-Instruct,jhu,0731,permit,342,,0,0,0,"```json {   ""count"": ""abstain"" } ```"
Qwen2.5-VL-3B-Instruct,jhu,0733,permit,17,,0,0,0,"```json {   ""count"": ""abstain"" } ```"
Qwen2.5-VL-3B-Instruct,jhu,0733,channel,17,,0,0,0,"```json {     ""response"": ""cannot_judge"" } ```"
Qwen2.5-VL-3B-Instruct,jhu,0731,channel,342,,0,0,0,"```json {     ""response"": ""cannot_judge"" } ```"
Qwen2.5-VL-3B-Instruct,jhu,0736,permit,44,,0,0,0,"```json {   ""count"": ""abstain"" } ```"
Qwen2.5-VL-3B-Instruct,jhu,0741,permit,263,,0,0,0,"{""count"": ""abstain""}"
Qwen2.5-VL-3B-Instruct,jhu,0743,permit,116,,0,0,0,"```json {   ""count"": ""abstain"" } ```"
Qwen2.5-VL-3B-Instruct,jhu,0749,base,39,30,1,0,0,"```json {     ""count"": 30 } ```"
Qwen2.5-VL-3B-Instruct,jhu,0736,channel,44,,0,0,0,"```json {     ""response"": ""cannot_judge"" } ```"
Qwen2.5-VL-3B-Instruct,jhu,0743,base,116,150,1,0,0,"```json {     ""count"": 150 } ```"
Qwen2.5-VL-3B-Instruct,jhu,0741,base,263,100,1,0,0,"```json {     ""count"": 100 } ```"
Qwen2.5-VL-3B-Instruct,jhu,0741,channel,263,,0,0,0,"```json {   ""response"": ""cannot_judge"" } ```"
Qwen2.5-VL-3B-Instruct,jhu,0743,channel,116,,0,0,0,"```json {     ""response"": ""cannot_judge"" } ```"
Qwen2.5-VL-3B-Instruct,jhu,0749,permit,39,,0,0,0,"```json {     ""count"": ""abstain"" } ```"
Qwen2.5-VL-3B-Instruct,jhu,0749,channel,39,,0,0,0,"```json {     ""response"": ""cannot_judge"" } ```"
Qwen2.5-VL-3B-Instruct,jhu,0753,permit,40,,0,0,0,"```json {   ""count"": ""abstain"" } ```"
Qwen2.5-VL-3B-Instruct,jhu,0753,base,40,102,1,0,0,"```json {     ""count"": 102 } ```"
Qwen2.5-VL-3B-Instruct,jhu,0755,permit,207,,0,0,0,"{""count"": ""abstain""}"
Qwen2.5-VL-3B-Instruct,jhu,0753,channel,40,,0,0,0,"```json {     ""response"": ""cannot_judge"" } ```"
Qwen2.5-VL-3B-Instruct,jhu,0755,base,207,100,1,0,0,"```json {   ""count"": 100 } ```"
Qwen2.5-VL-3B-Instruct,jhu,0754,channel,757,,0,0,0,"```json {     ""response"": ""cannot_judge"" } ```"
Qwen2.5-VL-3B-Instruct,jhu,0754,base,757,102,1,0,0,"```json {     ""count"": 102 } ```"
Qwen2.5-VL-3B-Instruct,jhu,0754,permit,757,,0,0,0,"```json {     ""count"": ""abstain"" } ```"
Qwen2.5-VL-3B-Instruct,jhu,0759,permit,1477,,0,0,0,"{""count"": ""abstain""}"
Qwen2.5-VL-3B-Instruct,jhu,0755,channel,207,,0,0,0,"```json {   ""response"": ""cannot_judge"" } ```"
Qwen2.5-VL-3B-Instruct,jhu,0758,permit,112,,0,0,0,"```json {   ""count"": ""abstain"" } ```"
Qwen2.5-VL-3B-Instruct,jhu,0758,base,112,102,1,0,0,"```json {     ""count"": 102 } ```"
Qwen2.5-VL-3B-Instruct,jhu,0758,channel,112,,0,0,0,"```json {     ""response"": ""cannot_judge"" } ```"
Qwen2.5-VL-3B-Instruct,jhu,0760,base,319,100,1,0,0,"```json {     ""count"": 100 } ```"
Qwen2.5-VL-3B-Instruct,jhu,0759,base,1477,1000,1,0,0,"```json {     ""count"": 1000 } ```"
Qwen2.5-VL-3B-Instruct,jhu,0759,channel,1477,,0,0,0,"```json {   ""response"": ""cannot_judge"" } ```"
Qwen2.5-VL-3B-Instruct,jhu,0760,permit,319,,0,0,0,"```json {   ""count"": ""abstain"" } ```"
Qwen2.5-VL-3B-Instruct,jhu,0762,channel,16,,0,0,0,"```json {     ""response"": ""no_people"" } ```"
Qwen2.5-VL-3B-Instruct,jhu,0762,base,16,20,1,0,0,"```json {     ""count"": 20 } ```"
Qwen2.5-VL-3B-Instruct,jhu,0760,channel,319,,0,0,0,"```json {     ""response"": ""cannot_judge"" } ```"
Qwen2.5-VL-3B-Instruct,jhu,0762,permit,16,,0,0,0,"```json {     ""count"": ""abstain"" } ```"
Qwen2.5-VL-3B-Instruct,jhu,0768,channel,1425,,0,0,0,"```json {     ""response"": ""cannot_judge"" } ```"
Qwen2.5-VL-3B-Instruct,jhu,0768,permit,1425,,0,0,0,"```json {     ""count"": ""abstain"" } ```"
Qwen2.5-VL-3B-Instruct,jhu,0768,base,1425,1024,1,0,0,"```json {     ""count"": 1024 } ```"
Qwen2.5-VL-3B-Instruct,jhu,0773,permit,365,,0,0,0,"{""count"": ""abstain""}"
Qwen2.5-VL-3B-Instruct,jhu,0774,permit,85,,0,0,0,"{""count"": ""abstain""}"
Qwen2.5-VL-3B-Instruct,jhu,0770,base,21,14,1,0,0,"```json {     ""count"": 14 } ```"
Qwen2.5-VL-3B-Instruct,jhu,0770,channel,21,10,1,0,0,"```json {     ""response"": 10 } ```"
Qwen2.5-VL-3B-Instruct,jhu,0770,permit,21,,0,0,0,"```json {   ""count"": ""abstain"" } ```"
Qwen2.5-VL-3B-Instruct,jhu,0773,channel,365,,0,0,0,"```json {   ""response"": ""cannot_judge"" } ```"
Qwen2.5-VL-3B-Instruct,jhu,0773,base,365,100,1,0,0,"```json {   ""count"": 100 } ```"
Qwen2.5-VL-3B-Instruct,jhu,0774,base,85,100,1,0,0,"```json {   ""count"": 100 } ```"
Qwen2.5-VL-3B-Instruct,jhu,0774,channel,85,,0,0,0,"```json {   ""response"": ""cannot_judge"" } ```"
Qwen2.5-VL-3B-Instruct,jhu,0775,base,74,102,1,0,0,"```json {     ""count"": 102 } ```"
Qwen2.5-VL-3B-Instruct,jhu,0775,permit,74,,0,0,0,"```json {     ""count"": ""abstain"" } ```"
Qwen2.5-VL-3B-Instruct,jhu,0775,channel,74,,0,0,0,"```json {     ""response"": ""cannot_judge"" } ```"
Qwen2.5-VL-3B-Instruct,jhu,0777,permit,402,,0,0,0,"```json {   ""count"": ""abstain"" } ```"
Qwen2.5-VL-3B-Instruct,jhu,0777,channel,402,,0,0,0,"```json {     ""response"": ""cannot_judge"" } ```"
Qwen2.5-VL-3B-Instruct,jhu,0779,base,56,50,1,0,0,"```json {     ""count"": 50 } ```"
Qwen2.5-VL-3B-Instruct,jhu,0777,base,402,1000,1,0,0,"```json {     ""count"": 1000 } ```"
Qwen2.5-VL-3B-Instruct,jhu,0782,permit,126,,0,0,0,"{""count"": ""abstain""}"
Qwen2.5-VL-3B-Instruct,jhu,0779,permit,56,,0,0,0,"```json {     ""count"": ""abstain"" } ```"
Qwen2.5-VL-3B-Instruct,jhu,0782,base,126,100,1,0,0,"```json {   ""count"": 100 } ```"
Qwen2.5-VL-3B-Instruct,jhu,0779,channel,56,,0,0,0,"```json {     ""response"": ""cannot_judge"" } ```"
Qwen2.5-VL-3B-Instruct,jhu,0782,channel,126,,0,0,0,"```json {     ""response"": ""cannot_judge"" } ```"
Qwen2.5-VL-3B-Instruct,jhu,0786,permit,314,,0,0,0,"{""count"": ""abstain""}"
Qwen2.5-VL-3B-Instruct,jhu,0785,base,88,102,1,0,0,"```json {     ""count"": 102 } ```"
Qwen2.5-VL-3B-Instruct,jhu,0785,permit,88,,0,0,0,"```json {   ""count"": ""abstain"" } ```"
Qwen2.5-VL-3B-Instruct,jhu,0785,channel,88,,0,0,0,"```json {     ""response"": ""cannot_judge"" } ```"
Qwen2.5-VL-3B-Instruct,jhu,0786,base,314,1000,1,0,0,"```json {   ""count"": 1000 } ```"
Qwen2.5-VL-3B-Instruct,jhu,0786,channel,314,,0,0,0,"```json {   ""response"": ""cannot_judge"" } ```"
Qwen2.5-VL-3B-Instruct,jhu,0792,permit,3926,,0,0,0,"{""count"": ""abstain""}"
Qwen2.5-VL-3B-Instruct,jhu,0792,channel,3926,,0,0,0,"```json {     ""response"": ""cannot_judge"" } ```"
Qwen2.5-VL-3B-Instruct,jhu,0792,base,3926,10000,1,0,0,"```json {     ""count"": 10000 } ```"
Qwen2.5-VL-3B-Instruct,jhu,0797,permit,59,,0,0,0,"{""count"": ""abstain""}"
Qwen2.5-VL-3B-Instruct,jhu,0798,permit,544,,0,0,0,"{""count"": ""abstain""}"
Qwen2.5-VL-3B-Instruct,jhu,0798,base,544,1024,1,0,0,"```json {   ""count"": 1024 } ```"
Qwen2.5-VL-3B-Instruct,jhu,0797,base,59,100,1,0,0,"```json {   ""count"": 100 } ```"
Qwen2.5-VL-3B-Instruct,jhu,0797,channel,59,,0,0,0,"```json {   ""response"": ""cannot_judge"" } ```"
Qwen2.5-VL-3B-Instruct,jhu,0800,permit,39,,0,0,0,"```json {     ""count"": ""abstain"" } ```"
Qwen2.5-VL-3B-Instruct,jhu,0800,base,39,102,1,0,0,"```json {     ""count"": 102 } ```"
Qwen2.5-VL-3B-Instruct,jhu,0798,channel,544,,0,0,0,"```json {     ""response"": ""cannot_judge"" } ```"
Qwen2.5-VL-3B-Instruct,jhu,0800,channel,39,,0,0,0,"```json {     ""response"": ""cannot_judge"" } ```"
Qwen2.5-VL-3B-Instruct,jhu,0803,base,38,60,1,0,0,"```json {     ""count"": 60 } ```"
Qwen2.5-VL-3B-Instruct,jhu,0803,permit,38,,0,0,0,"```json {     ""count"": ""abstain"" } ```"
Qwen2.5-VL-3B-Instruct,jhu,0803,channel,38,,0,0,0,"```json {     ""response"": ""cannot_judge"" } ```"
Qwen2.5-VL-3B-Instruct,jhu,0805,base,152,100,1,0,0,"```json {     ""count"": 100 } ```"
Qwen2.5-VL-3B-Instruct,jhu,0806,base,29,20,1,0,0,"```json {     ""count"": 20 } ```"
Qwen2.5-VL-3B-Instruct,jhu,0805,permit,152,,0,0,0,"```json {   ""count"": ""abstain"" } ```"
Qwen2.5-VL-3B-Instruct,jhu,0805,channel,152,,0,0,0,"```json {     ""response"": ""cannot_judge"" } ```"
Qwen2.5-VL-3B-Instruct,jhu,0806,channel,29,,0,0,0,"```json {     ""response"": ""cannot_judge"" } ```"
Qwen2.5-VL-3B-Instruct,jhu,0806,permit,29,,0,0,0,"```json {   ""count"": ""abstain"" } ```"
Qwen2.5-VL-3B-Instruct,jhu,0813,permit,318,,0,0,0,"```json {     ""count"": ""abstain"" } ```"
Qwen2.5-VL-3B-Instruct,jhu,0814,permit,8994,,0,0,0,"```json {     ""count"": ""abstain"" } ```"
Qwen2.5-VL-3B-Instruct,jhu,0813,channel,318,,0,0,0,"```json {     ""response"": ""cannot_judge"" } ```"
Qwen2.5-VL-3B-Instruct,jhu,0814,channel,8994,,0,0,0,"```json {     ""response"": ""cannot_judge"" } ```"
Qwen2.5-VL-3B-Instruct,jhu,0814,base,8994,102,1,0,0,"```json {     ""count"": 102 } ```"
Qwen2.5-VL-3B-Instruct,jhu,0817,permit,151,,0,0,0,"```json {     ""count"": ""abstain"" } ```"
Qwen2.5-VL-3B-Instruct,jhu,0813,base,318,1000,1,0,0,"```json {     ""count"": 1000 } ```"
Qwen2.5-VL-3B-Instruct,jhu,0817,base,151,102,1,0,0,"```json {     ""count"": 102 } ```"
Qwen2.5-VL-3B-Instruct,jhu,0821,base,32,30,1,0,0,"```json {     ""count"": 30 } ```"
Qwen2.5-VL-3B-Instruct,jhu,0821,permit,32,,0,0,0,"```json {     ""count"": ""abstain"" } ```"
Qwen2.5-VL-3B-Instruct,jhu,0822,base,6,6,1,0,0,"```json {   ""count"": 6 } ```"
Qwen2.5-VL-3B-Instruct,jhu,0821,channel,32,,0,0,0,"```json {     ""response"": ""cannot_judge"" } ```"
Qwen2.5-VL-3B-Instruct,jhu,0819,permit,331,,0,0,0,"```json {     ""count"": ""abstain"" } ```"
Qwen2.5-VL-3B-Instruct,jhu,0819,base,331,102,1,0,0,"```json {     ""count"": 102 } ```"
Qwen2.5-VL-3B-Instruct,jhu,0817,channel,151,,0,0,0,"```json {     ""response"": ""cannot_judge"" } ```"
Qwen2.5-VL-3B-Instruct,jhu,0819,channel,331,,0,0,0,"```json {     ""response"": ""cannot_judge"" } ```"
Qwen2.5-VL-3B-Instruct,jhu,0823,permit,301,,0,0,0,"{""count"": ""abstain""}"
Qwen2.5-VL-3B-Instruct,jhu,0822,channel,6,6,1,0,0,"```json {     ""response"": ""6"" } ```"
Qwen2.5-VL-3B-Instruct,tallyqa,0,base,11,10,1,0,0,"```json {   ""count"": 10 } ```"
Qwen2.5-VL-3B-Instruct,jhu,0823,base,301,100,1,0,0,"```json {     ""count"": 100 } ```"
Qwen2.5-VL-3B-Instruct,jhu,0823,channel,301,,0,0,0,"```json {     ""response"": ""cannot_judge"" } ```"
Qwen2.5-VL-3B-Instruct,tallyqa,0,channel,11,,0,0,0,"```json {   ""response"": ""cannot_judge"" } ```"
Qwen2.5-VL-3B-Instruct,jhu,0822,permit,6,,0,0,0,"```json {   ""count"": ""abstain"" } ```"
Qwen2.5-VL-3B-Instruct,tallyqa,0,permit,11,,0,0,0,"```json {   ""count"": ""abstain"" } ```"
Qwen2.5-VL-3B-Instruct,tallyqa,1,base,12,0,1,0,0,"```json {   ""count"": 0 } ```"
Qwen2.5-VL-3B-Instruct,tallyqa,2,permit,12,,0,0,0,"{""count"": ""abstain""}"
Qwen2.5-VL-3B-Instruct,tallyqa,2,base,12,0,1,0,0,"```json {   ""count"": 0 } ```"
Qwen2.5-VL-3B-Instruct,tallyqa,1,channel,12,,0,0,0,"```json {   ""response"": ""cannot_judge"" } ```"
Qwen2.5-VL-3B-Instruct,tallyqa,1,permit,12,,0,0,0,"```json {   ""count"": ""abstain"" } ```"
Qwen2.5-VL-3B-Instruct,tallyqa,3,base,11,10,1,0,0,"```json {   ""count"": 10 } ```"
Qwen2.5-VL-3B-Instruct,tallyqa,2,channel,12,,0,0,0,"```json {   ""response"": ""cannot_judge"" } ```"
Qwen2.5-VL-3B-Instruct,tallyqa,3,permit,11,,0,0,0,"```json {   ""count"": ""abstain"" } ```"
Qwen2.5-VL-3B-Instruct,tallyqa,3,channel,11,,0,0,0,"```json {   ""response"": ""cannot_judge"" } ```"
Qwen2.5-VL-3B-Instruct,tallyqa,4,base,14,4,1,0,0,"```json {   ""count"": 4 } ```"
Qwen2.5-VL-3B-Instruct,tallyqa,4,permit,14,,0,0,0,"```json {   ""count"": ""abstain"" } ```"
Qwen2.5-VL-3B-Instruct,tallyqa,4,channel,14,6,1,0,0,"```json {   ""response"": ""6"" } ```"
Qwen2.5-VL-3B-Instruct,tallyqa,6,permit,12,,0,0,0,"{""count"": ""abstain""}"
Qwen2.5-VL-3B-Instruct,tallyqa,5,channel,12,14,1,0,0,"```json {   ""response"": ""14"" } ```"
Qwen2.5-VL-3B-Instruct,tallyqa,5,base,12,14,1,0,0,"```json {   ""count"": 14 } ```"
Qwen2.5-VL-3B-Instruct,tallyqa,6,base,12,10,1,0,0,"```json {   ""count"": 10 } ```"
Qwen2.5-VL-3B-Instruct,tallyqa,5,permit,12,,0,0,0,"```json {   ""count"": ""abstain"" } ```"
Qwen2.5-VL-3B-Instruct,tallyqa,6,channel,12,10,1,0,0,"```json {   ""response"": ""10"" } ```"
Qwen2.5-VL-3B-Instruct,tallyqa,7,base,13,10,1,0,0,"```json {   ""count"": 10 } ```"
Qwen2.5-VL-3B-Instruct,tallyqa,7,channel,13,10,1,0,0,"```json {   ""response"": ""10"" } ```"
Qwen2.5-VL-3B-Instruct,tallyqa,7,permit,13,,0,0,0,"```json {   ""count"": ""abstain"" } ```"
Qwen2.5-VL-3B-Instruct,tallyqa,8,channel,11,10,1,0,0,"```json {   ""response"": ""10"" } ```"
Qwen2.5-VL-3B-Instruct,tallyqa,8,base,11,10,1,0,0,"```json {   ""count"": 10 } ```"
Qwen2.5-VL-3B-Instruct,tallyqa,8,permit,11,,0,0,0,"```json {   ""count"": ""abstain"" } ```"
Qwen2.5-VL-3B-Instruct,tallyqa,9,base,11,10,1,0,0,"```json {   ""count"": 10 } ```"
Qwen2.5-VL-3B-Instruct,tallyqa,9,permit,11,,0,0,0,"{""count"": ""abstain""}"
Qwen2.5-VL-3B-Instruct,tallyqa,10,permit,11,,0,0,0,"{""count"": ""abstain""}"
Qwen2.5-VL-3B-Instruct,tallyqa,9,channel,11,10,1,0,0,"```json {   ""response"": ""10"" } ```"
Qwen2.5-VL-3B-Instruct,tallyqa,11,base,11,7,1,0,0,"```json {   ""count"": 7 } ```"
Qwen2.5-VL-3B-Instruct,tallyqa,10,channel,11,1,1,0,0,"```json {   ""response"": ""1"" } ```"
Qwen2.5-VL-3B-Instruct,tallyqa,10,base,11,10,1,0,0,"```json {   ""count"": 10 } ```"
Qwen2.5-VL-3B-Instruct,tallyqa,11,channel,11,7,1,0,0,"```json {   ""response"": ""7"" } ```"
Qwen2.5-VL-3B-Instruct,tallyqa,11,permit,11,,0,0,0,"```json {   ""count"": ""abstain"" } ```"
Qwen2.5-VL-3B-Instruct,tallyqa,12,base,11,12,1,0,0,"```json {   ""count"": 12 } ```"
Qwen2.5-VL-3B-Instruct,tallyqa,12,permit,11,,0,0,0,"{""count"": ""abstain""}"
Qwen2.5-VL-3B-Instruct,tallyqa,12,channel,11,,0,0,0,"```json {   ""response"": ""cannot_judge"" } ```"
Qwen2.5-VL-3B-Instruct,tallyqa,14,base,12,12,1,0,0,"```json {   ""count"": 12 } ```"
Qwen2.5-VL-3B-Instruct,tallyqa,13,channel,12,12,1,0,0,"```json {   ""response"": ""12"" } ```"
Qwen2.5-VL-3B-Instruct,tallyqa,13,base,12,12,1,0,0,"```json {   ""count"": 12 } ```"
Qwen2.5-VL-3B-Instruct,tallyqa,13,permit,12,,0,0,0,"```json {   ""count"": ""abstain"" } ```"
Qwen2.5-VL-3B-Instruct,tallyqa,14,channel,12,12,1,0,0,"```json {   ""response"": ""12"" } ```"
Qwen2.5-VL-3B-Instruct,tallyqa,14,permit,12,,0,0,0,"```json {   ""count"": ""abstain"" } ```"
Qwen2.5-VL-3B-Instruct,tallyqa,15,base,11,12,1,0,0,"```json {   ""count"": 12 } ```"
Qwen2.5-VL-3B-Instruct,tallyqa,15,permit,11,,0,0,0,"{""count"": ""abstain""}"
Qwen2.5-VL-3B-Instruct,tallyqa,17,permit,11,,0,0,0,"{""count"": ""abstain""}"
Qwen2.5-VL-3B-Instruct,tallyqa,17,base,11,8,1,0,0,"```json {   ""count"": 8 } ```"
Qwen2.5-VL-3B-Instruct,tallyqa,16,channel,12,10,1,0,0,"```json {   ""response"": ""10"" } ```"
Qwen2.5-VL-3B-Instruct,tallyqa,16,base,12,12,1,0,0,"```json {   ""count"": 12 } ```"
Qwen2.5-VL-3B-Instruct,tallyqa,16,permit,12,,0,0,0,"```json {   ""count"": ""abstain"" } ```"
Qwen2.5-VL-3B-Instruct,tallyqa,15,channel,11,10,1,0,0,"```json {   ""response"": ""10"" } ```"
Qwen2.5-VL-3B-Instruct,tallyqa,17,channel,11,10,1,0,0,"```json {   ""response"": ""10"" } ```"
Qwen2.5-VL-3B-Instruct,tallyqa,18,base,11,10,1,0,0,"```json {   ""count"": 10 } ```"
Qwen2.5-VL-3B-Instruct,tallyqa,18,permit,11,,0,0,0,"```json {   ""count"": ""abstain"" } ```"
Qwen2.5-VL-3B-Instruct,tallyqa,18,channel,11,10,1,0,0,"```json {   ""response"": ""10"" } ```"
Qwen2.5-VL-3B-Instruct,tallyqa,20,base,13,3,1,0,0,"```json {   ""count"": 3 } ```"
Qwen2.5-VL-3B-Instruct,tallyqa,19,channel,12,10,1,0,0,"```json {   ""response"": ""10"" } ```"
Qwen2.5-VL-3B-Instruct,tallyqa,19,base,12,12,1,0,0,"```json {   ""count"": 12 } ```"
Qwen2.5-VL-3B-Instruct,tallyqa,19,permit,12,,0,0,0,"```json {   ""count"": ""abstain"" } ```"
Qwen2.5-VL-3B-Instruct,tallyqa,20,permit,13,,0,0,0,"```json {   ""count"": ""abstain"" } ```"
Qwen2.5-VL-3B-Instruct,tallyqa,20,channel,13,4,1,0,0,"```json {   ""response"": ""4"" } ```"
Qwen2.5-VL-3B-Instruct,tallyqa,21,base,15,12,1,0,0,"```json {   ""count"": 12 } ```"
Qwen2.5-VL-3B-Instruct,tallyqa,22,permit,14,,0,0,0,"{""count"": ""abstain""}"
Qwen2.5-VL-3B-Instruct,tallyqa,21,channel,15,18,1,0,0,"```json {   ""response"": ""18"" } ```"
Qwen2.5-VL-3B-Instruct,tallyqa,22,base,14,10,1,0,0,"```json {   ""count"": 10 } ```"
Qwen2.5-VL-3B-Instruct,tallyqa,23,base,14,14,1,0,0,"```json {   ""count"": 14 } ```"
Qwen2.5-VL-3B-Instruct,tallyqa,21,permit,15,,0,0,0,"```json {   ""count"": ""abstain"" } ```"
Qwen2.5-VL-3B-Instruct,tallyqa,22,channel,14,10,1,0,0,"```json {   ""response"": ""10"" } ```"
Qwen2.5-VL-3B-Instruct,tallyqa,23,permit,14,,0,0,0,"```json {   ""count"": ""abstain"" } ```"
Qwen2.5-VL-3B-Instruct,tallyqa,24,permit,14,,0,0,0,"{""count"": ""abstain""}"
Qwen2.5-VL-3B-Instruct,tallyqa,23,channel,14,,0,0,0,"```json {   ""response"": ""cannot_judge"" } ```"
Qwen2.5-VL-3B-Instruct,tallyqa,24,base,14,14,1,0,0,"```json {   ""count"": 14 } ```"
Qwen2.5-VL-3B-Instruct,tallyqa,25,base,11,12,1,0,0,"```json {   ""count"": 12 } ```"
Qwen2.5-VL-3B-Instruct,tallyqa,25,channel,11,10,1,0,0,"```json {   ""response"": ""10"" } ```"
Qwen2.5-VL-3B-Instruct,tallyqa,26,base,11,10,1,0,0,"```json {   ""count"": 10 } ```"
Qwen2.5-VL-3B-Instruct,tallyqa,25,permit,11,,0,0,0,"```json {   ""count"": ""abstain"" } ```"
Qwen2.5-VL-3B-Instruct,tallyqa,24,channel,14,,0,0,0,"```json {   ""response"": ""cannot_judge"" } ```"
Qwen2.5-VL-3B-Instruct,tallyqa,26,channel,11,10,1,0,0,"```json {   ""response"": ""10"" } ```"
Qwen2.5-VL-3B-Instruct,tallyqa,26,permit,11,,0,0,0,"```json {   ""count"": ""abstain"" } ```"
Qwen2.5-VL-3B-Instruct,tallyqa,27,base,13,15,1,0,0,"```json {   ""count"": 15 } ```"
Qwen2.5-VL-3B-Instruct,tallyqa,28,permit,13,,0,0,0,"{""count"": ""abstain""}"
Qwen2.5-VL-3B-Instruct,tallyqa,27,permit,13,,0,0,0,"```json {   ""count"": ""abstain"" } ```"
Qwen2.5-VL-3B-Instruct,tallyqa,28,base,13,0,1,0,0,"```json {   ""count"": 0 } ```"
Qwen2.5-VL-3B-Instruct,tallyqa,27,channel,13,15,1,0,0,"```json {   ""response"": ""15"" } ```"
Qwen2.5-VL-3B-Instruct,tallyqa,28,channel,13,,0,0,0,"```json {   ""response"": ""cannot_judge"" } ```"
Qwen2.5-VL-3B-Instruct,tallyqa,29,base,12,12,1,0,0,"```json {   ""count"": 12 } ```"
Qwen2.5-VL-3B-Instruct,tallyqa,29,permit,12,,0,0,0,"```json {   ""count"": ""abstain"" } ```"
Qwen2.5-VL-3B-Instruct,tallyqa,29,channel,12,12,1,0,0,"```json {   ""response"": ""12"" } ```"
Qwen2.5-VL-3B-Instruct,tallyqa,30,base,13,10,1,0,0,"```json {   ""count"": 10 } ```"
Qwen2.5-VL-3B-Instruct,tallyqa,30,permit,13,,0,0,0,"```json {   ""count"": ""abstain"" } ```"
Qwen2.5-VL-3B-Instruct,tallyqa,30,channel,13,,0,0,0,"```json {   ""response"": ""cannot_judge"" } ```"
Qwen2.5-VL-3B-Instruct,tallyqa,31,base,15,12,1,0,0,"```json {   ""count"": 12 } ```"
Qwen2.5-VL-3B-Instruct,tallyqa,31,permit,15,,0,0,0,"```json {   ""count"": ""abstain"" } ```"
Qwen2.5-VL-3B-Instruct,tallyqa,32,permit,12,,0,0,0,"{""count"": ""abstain""}"
Qwen2.5-VL-3B-Instruct,tallyqa,31,channel,15,,0,0,0,"```json {   ""response"": ""cannot_judge"" } ```"
Qwen2.5-VL-3B-Instruct,tallyqa,32,base,12,12,1,0,0,"```json {   ""count"": 12 } ```"
Qwen2.5-VL-3B-Instruct,tallyqa,32,channel,12,,0,0,0,"```json {   ""response"": ""cannot_judge"" } ```"
Qwen2.5-VL-3B-Instruct,tallyqa,34,permit,11,,0,0,0,"{""count"": ""abstain""}"
Qwen2.5-VL-3B-Instruct,tallyqa,33,base,12,2,1,0,0,"```json {   ""count"": 2 } ```"
Qwen2.5-VL-3B-Instruct,tallyqa,33,channel,12,12,1,0,0,"```json {   ""response"": ""12"" } ```"
Qwen2.5-VL-3B-Instruct,tallyqa,33,permit,12,,0,0,0,"```json {   ""count"": ""abstain"" } ```"
Qwen2.5-VL-3B-Instruct,tallyqa,34,base,11,10,1,0,0,"```json {   ""count"": 10 } ```"
Qwen2.5-VL-3B-Instruct,tallyqa,35,base,11,5,1,0,0,"```json {   ""count"": 5 } ```"
Qwen2.5-VL-3B-Instruct,tallyqa,34,channel,11,,0,0,0,"```json {   ""response"": ""cannot_judge"" } ```"
Qwen2.5-VL-3B-Instruct,tallyqa,35,permit,11,,0,0,0,"```json {   ""count"": ""abstain"" } ```"
Qwen2.5-VL-3B-Instruct,tallyqa,35,channel,11,4,1,0,0,"```json {   ""response"": ""4"" } ```"
Qwen2.5-VL-3B-Instruct,tallyqa,36,base,13,10,1,0,0,"```json {   ""count"": 10 } ```"
Qwen2.5-VL-3B-Instruct,tallyqa,36,permit,13,,0,0,0,"```json {   ""count"": ""abstain"" } ```"
Qwen2.5-VL-3B-Instruct,tallyqa,36,channel,13,10,1,0,0,"```json {   ""response"": ""10"" } ```"
Qwen2.5-VL-3B-Instruct,tallyqa,37,base,15,10,1,0,0,"```json {   ""count"": 10 } ```"
Qwen2.5-VL-3B-Instruct,tallyqa,37,permit,15,,0,0,0,"```json {   ""count"": ""abstain"" } ```"
Qwen2.5-VL-3B-Instruct,tallyqa,37,channel,15,15,1,0,0,"```json {   ""response"": ""15"" } ```"
Qwen2.5-VL-3B-Instruct,tallyqa,38,base,14,10,1,0,0,"```json {   ""count"": 10 } ```"
Qwen2.5-VL-3B-Instruct,tallyqa,38,permit,14,,0,0,0,"```json {   ""count"": ""abstain"" } ```"
Qwen2.5-VL-3B-Instruct,tallyqa,39,base,14,5,1,0,0,"```json {   ""count"": 5 } ```"
Qwen2.5-VL-3B-Instruct,tallyqa,38,channel,14,10,1,0,0,"```json {   ""response"": ""10"" } ```"
Qwen2.5-VL-3B-Instruct,tallyqa,39,channel,14,6,1,0,0,"```json {   ""response"": ""6"" } ```"
Qwen2.5-VL-3B-Instruct,tallyqa,39,permit,14,,0,0,0,"```json {   ""count"": ""abstain"" } ```"
Qwen2.5-VL-3B-Instruct,tallyqa,40,base,12,10,1,0,0,"```json {   ""count"": 10 } ```"
Qwen2.5-VL-3B-Instruct,tallyqa,40,permit,12,,0,0,0,"```json {   ""count"": ""abstain"" } ```"
Qwen2.5-VL-3B-Instruct,tallyqa,40,channel,12,10,1,0,0,"```json {   ""response"": ""10"" } ```"
Qwen2.5-VL-3B-Instruct,tallyqa,41,base,12,12,1,0,0,"```json {   ""count"": 12 } ```"
Qwen2.5-VL-3B-Instruct,tallyqa,42,base,11,8,1,0,0,"```json {   ""count"": 8 } ```"
Qwen2.5-VL-3B-Instruct,tallyqa,41,channel,12,12,1,0,0,"```json {   ""response"": ""12"" } ```"
Qwen2.5-VL-3B-Instruct,tallyqa,41,permit,12,,0,0,0,"```json {   ""count"": ""abstain"" } ```"
Qwen2.5-VL-3B-Instruct,tallyqa,42,permit,11,,0,0,0,"```json {   ""count"": ""abstain"" } ```"
Qwen2.5-VL-3B-Instruct,tallyqa,42,channel,11,10,1,0,0,"```json {   ""response"": ""10"" } ```"
Qwen2.5-VL-3B-Instruct,tallyqa,43,base,12,12,1,0,0,"```json {   ""count"": 12 } ```"
Qwen2.5-VL-3B-Instruct,tallyqa,43,channel,12,10,1,0,0,"```json {   ""response"": ""10"" } ```"
Qwen2.5-VL-3B-Instruct,tallyqa,43,permit,12,,0,0,0,"```json {   ""count"": ""abstain"" } ```"
Qwen2.5-VL-3B-Instruct,tallyqa,44,permit,12,,0,0,0,"{""count"": ""abstain""}"
Qwen2.5-VL-3B-Instruct,tallyqa,45,permit,12,,0,0,0,"{""count"": ""abstain""}"
Qwen2.5-VL-3B-Instruct,tallyqa,44,base,12,14,1,0,0,"```json {   ""count"": 14 } ```"
Qwen2.5-VL-3B-Instruct,tallyqa,44,channel,12,10,1,0,0,"```json {   ""response"": ""10"" } ```"
Qwen2.5-VL-3B-Instruct,tallyqa,45,base,12,12,1,0,0,"```json {   ""count"": 12 } ```"
Qwen2.5-VL-3B-Instruct,tallyqa,45,channel,12,10,1,0,0,"```json {   ""response"": ""10"" } ```"
Qwen2.5-VL-3B-Instruct,tallyqa,46,base,11,10,1,0,0,"```json {   ""count"": 10 } ```"
Qwen2.5-VL-3B-Instruct,tallyqa,46,channel,11,10,1,0,0,"```json {   ""response"": ""10"" } ```"
Qwen2.5-VL-3B-Instruct,tallyqa,47,base,12,10,1,0,0,"```json {   ""count"": 10 } ```"
Qwen2.5-VL-3B-Instruct,tallyqa,46,permit,11,,0,0,0,"```json {   ""count"": ""abstain"" } ```"
Qwen2.5-VL-3B-Instruct,tallyqa,48,base,11,8,1,0,0,"```json {   ""count"": 8 } ```"
Qwen2.5-VL-3B-Instruct,tallyqa,47,permit,12,,0,0,0,"```json {   ""count"": ""abstain"" } ```"
Qwen2.5-VL-3B-Instruct,tallyqa,47,channel,12,,0,0,0,"```json {   ""response"": ""cannot_judge"" } ```"
Qwen2.5-VL-3B-Instruct,tallyqa,48,permit,11,,0,0,0,"```json {   ""count"": ""abstain"" } ```"
Qwen2.5-VL-3B-Instruct,tallyqa,49,permit,12,,0,0,0,"{""count"": ""abstain""}"
Qwen2.5-VL-3B-Instruct,tallyqa,48,channel,11,8,1,0,0,"```json {   ""response"": ""8"" } ```"
Qwen2.5-VL-3B-Instruct,tallyqa,49,base,12,12,1,0,0,"```json {   ""count"": 12 } ```"
Qwen2.5-VL-3B-Instruct,tallyqa,49,channel,12,10,1,0,0,"```json {   ""response"": ""10"" } ```"
Qwen2.5-VL-3B-Instruct,tallyqa,50,base,11,10,1,0,0,"```json {   ""count"": 10 } ```"
Qwen2.5-VL-3B-Instruct,tallyqa,51,base,11,10,1,0,0,"```json {   ""count"": 10 } ```"
Qwen2.5-VL-3B-Instruct,tallyqa,50,channel,11,10,1,0,0,"```json {   ""response"": ""10"" } ```"
Qwen2.5-VL-3B-Instruct,tallyqa,50,permit,11,,0,0,0,"```json {   ""count"": ""abstain"" } ```"
Qwen2.5-VL-3B-Instruct,tallyqa,52,permit,13,,0,0,0,"{""count"": ""abstain""}"
Qwen2.5-VL-3B-Instruct,tallyqa,51,permit,11,,0,0,0,"```json {   ""count"": ""abstain"" } ```"
Qwen2.5-VL-3B-Instruct,tallyqa,51,channel,11,,0,0,0,"```json {   ""response"": ""cannot_judge"" } ```"
Qwen2.5-VL-3B-Instruct,tallyqa,52,base,13,10,1,0,0,"```json {   ""count"": 10 } ```"
Qwen2.5-VL-3B-Instruct,tallyqa,54,permit,11,,0,0,0,"{""count"": ""abstain""}"
Qwen2.5-VL-3B-Instruct,tallyqa,52,channel,13,,0,0,0,"```json {   ""response"": ""cannot_judge"" } ```"
Qwen2.5-VL-3B-Instruct,tallyqa,53,base,11,10,1,0,0,"```json {   ""count"": 10 } ```"
Qwen2.5-VL-3B-Instruct,tallyqa,53,permit,11,,0,0,0,"```json {   ""count"": ""abstain"" } ```"
Qwen2.5-VL-3B-Instruct,tallyqa,53,channel,11,,0,0,0,"```json {   ""response"": ""cannot_judge"" } ```"
Qwen2.5-VL-3B-Instruct,tallyqa,54,base,11,10,1,0,0,"```json {   ""count"": 10 } ```"
Qwen2.5-VL-3B-Instruct,tallyqa,54,channel,11,8,1,0,0,"```json {   ""response"": ""8"" } ```"
Qwen2.5-VL-3B-Instruct,tallyqa,55,base,11,10,1,0,0,"```json {   ""count"": 10 } ```"
Qwen2.5-VL-3B-Instruct,tallyqa,55,permit,11,,0,0,0,"```json {   ""count"": ""abstain"" } ```"
Qwen2.5-VL-3B-Instruct,tallyqa,55,channel,11,,0,0,0,"```json {   ""response"": ""cannot_judge"" } ```"
Qwen2.5-VL-3B-Instruct,tallyqa,56,base,15,12,1,0,0,"```json {   ""count"": 12 } ```"
Qwen2.5-VL-3B-Instruct,tallyqa,56,channel,15,10,1,0,0,"```json {   ""response"": ""10"" } ```"
Qwen2.5-VL-3B-Instruct,tallyqa,57,base,12,10,1,0,0,"```json {   ""count"": 10 } ```"
Qwen2.5-VL-3B-Instruct,tallyqa,56,permit,15,,0,0,0,"```json {   ""count"": ""abstain"" } ```"
Qwen2.5-VL-3B-Instruct,tallyqa,57,permit,12,,0,0,0,"```json {   ""count"": ""abstain"" } ```"
Qwen2.5-VL-3B-Instruct,tallyqa,57,channel,12,10,1,0,0,"```json {   ""response"": ""10"" } ```"
Qwen2.5-VL-3B-Instruct,tallyqa,58,base,14,10,1,0,0,"```json {   ""count"": 10 } ```"
Qwen2.5-VL-3B-Instruct,tallyqa,58,permit,14,,0,0,0,"```json {   ""count"": ""abstain"" } ```"
Qwen2.5-VL-3B-Instruct,tallyqa,59,channel,13,1,1,0,0,"```json {   ""response"": ""1"" } ```"
Qwen2.5-VL-3B-Instruct,tallyqa,58,channel,14,10,1,0,0,"```json {   ""response"": ""10"" } ```"
Qwen2.5-VL-3B-Instruct,tallyqa,59,base,13,13,1,0,0,"```json {   ""count"": 13 } ```"
Qwen2.5-VL-3B-Instruct,tallyqa,59,permit,13,,0,0,0,"```json {   ""count"": ""abstain"" } ```"
Qwen2.5-VL-3B-Instruct,tallyqa,60,base,13,10,1,0,0,"```json {   ""count"": 10 } ```"
Qwen2.5-VL-3B-Instruct,tallyqa,60,permit,13,,0,0,0,"```json {   ""count"": ""abstain"" } ```"
Qwen2.5-VL-3B-Instruct,tallyqa,61,base,14,8,1,0,0,"```json {   ""count"": 8 } ```"
Qwen2.5-VL-3B-Instruct,tallyqa,60,channel,13,,0,0,0,"```json {   ""response"": ""cannot_judge"" } ```"
Qwen2.5-VL-3B-Instruct,tallyqa,61,channel,14,6,1,0,0,"```json {   ""response"": ""6"" } ```"
Qwen2.5-VL-3B-Instruct,tallyqa,61,permit,14,,0,0,0,"```json {   ""count"": ""abstain"" } ```"
Qwen2.5-VL-3B-Instruct,tallyqa,62,base,11,10,1,0,0,"```json {   ""count"": 10 } ```"
Qwen2.5-VL-3B-Instruct,tallyqa,62,permit,11,,0,0,0,"```json {   ""count"": ""abstain"" } ```"
Qwen2.5-VL-3B-Instruct,tallyqa,62,channel,11,,0,0,0,"```json {   ""response"": ""cannot_judge"" } ```"
Qwen2.5-VL-3B-Instruct,tallyqa,63,base,14,14,1,0,0,"```json {   ""count"": 14 } ```"
Qwen2.5-VL-3B-Instruct,tallyqa,63,channel,14,10,1,0,0,"```json {   ""response"": ""10"" } ```"
Qwen2.5-VL-3B-Instruct,tallyqa,63,permit,14,,0,0,0,"```json {   ""count"": ""abstain"" } ```"
Qwen2.5-VL-3B-Instruct,tallyqa,64,base,14,14,1,0,0,"```json {   ""count"": 14 } ```"
Qwen2.5-VL-3B-Instruct,tallyqa,64,permit,14,,0,0,0,"```json {   ""count"": ""abstain"" } ```"
Qwen2.5-VL-3B-Instruct,tallyqa,64,channel,14,10,1,0,0,"```json {   ""response"": ""10"" } ```"
Qwen2.5-VL-3B-Instruct,tallyqa,65,base,11,10,1,0,0,"```json {   ""count"": 10 } ```"
Qwen2.5-VL-3B-Instruct,tallyqa,65,channel,11,10,1,0,0,"```json {   ""response"": ""10"" } ```"
Qwen2.5-VL-3B-Instruct,tallyqa,65,permit,11,,0,0,0,"```json {   ""count"": ""abstain"" } ```"
Qwen2.5-VL-3B-Instruct,tallyqa,67,permit,12,,0,0,0,"{""count"": ""abstain""}"
Qwen2.5-VL-3B-Instruct,tallyqa,66,base,13,6,1,0,0,"```json {   ""count"": 6 } ```"
Qwen2.5-VL-3B-Instruct,tallyqa,66,channel,13,6,1,0,0,"```json {   ""response"": ""6"" } ```"
Qwen2.5-VL-3B-Instruct,tallyqa,67,base,12,9,1,0,0,"```json {   ""count"": 9 } ```"
Qwen2.5-VL-3B-Instruct,tallyqa,66,permit,13,,0,0,0,"```json {   ""count"": ""abstain"" } ```"
Qwen2.5-VL-3B-Instruct,tallyqa,67,channel,12,8,1,0,0,"```json {   ""response"": ""8"" } ```"
Qwen2.5-VL-3B-Instruct,tallyqa,68,base,12,10,1,0,0,"```json {   ""count"": 10 } ```"
Qwen2.5-VL-3B-Instruct,tallyqa,68,channel,12,,0,0,0,"```json {   ""response"": ""cannot_judge"" } ```"
Qwen2.5-VL-3B-Instruct,tallyqa,68,permit,12,,0,0,0,"```json {   ""count"": ""abstain"" } ```"
Qwen2.5-VL-3B-Instruct,tallyqa,69,base,11,3,1,0,0,"```json {   ""count"": 3 } ```"
Qwen2.5-VL-3B-Instruct,tallyqa,69,channel,11,4,1,0,0,"```json {   ""response"": ""4"" } ```"
Qwen2.5-VL-3B-Instruct,tallyqa,70,base,13,6,1,0,0,"```json {   ""count"": 6 } ```"
Qwen2.5-VL-3B-Instruct,tallyqa,69,permit,11,,0,0,0,"```json {   ""count"": ""abstain"" } ```"
Qwen2.5-VL-3B-Instruct,tallyqa,70,permit,13,,0,0,0,"```json {   ""count"": ""abstain"" } ```"
Qwen2.5-VL-3B-Instruct,tallyqa,70,channel,13,1,1,0,0,"```json {   ""response"": ""1"" } ```"
Qwen2.5-VL-3B-Instruct,tallyqa,71,channel,13,6,1,0,0,"```json {   ""response"": ""6"" } ```"
Qwen2.5-VL-3B-Instruct,tallyqa,71,base,13,10,1,0,0,"```json {   ""count"": 10 } ```"
Qwen2.5-VL-3B-Instruct,tallyqa,71,permit,13,,0,0,0,"```json {   ""count"": ""abstain"" } ```"
Qwen2.5-VL-3B-Instruct,tallyqa,72,base,12,10,1,0,0,"```json {   ""count"": 10 } ```"
Qwen2.5-VL-3B-Instruct,tallyqa,72,permit,12,,0,0,0,"```json {   ""count"": ""abstain"" } ```"
Qwen2.5-VL-3B-Instruct,tallyqa,72,channel,12,10,1,0,0,"```json {   ""response"": ""10"" } ```"
Qwen2.5-VL-3B-Instruct,tallyqa,73,permit,12,,0,0,0,"{""count"": ""abstain""}"
Qwen2.5-VL-3B-Instruct,tallyqa,73,base,12,10,1,0,0,"```json {   ""count"": 10 } ```"
Qwen2.5-VL-3B-Instruct,tallyqa,73,channel,12,1,1,0,0,"```json {   ""response"": ""1"" } ```"
Qwen2.5-VL-3B-Instruct,tallyqa,74,base,14,2,1,0,0,"```json {   ""count"": 2 } ```"
Qwen2.5-VL-3B-Instruct,tallyqa,74,channel,14,1,1,0,0,"```json {   ""response"": ""1"" } ```"
Qwen2.5-VL-3B-Instruct,tallyqa,75,base,12,12,1,0,0,"```json {   ""count"": 12 } ```"
Qwen2.5-VL-3B-Instruct,tallyqa,74,permit,14,,0,0,0,"```json {   ""count"": ""abstain"" } ```"
Qwen2.5-VL-3B-Instruct,tallyqa,75,permit,12,,0,0,0,"```json {   ""count"": ""abstain"" } ```"
Qwen2.5-VL-3B-Instruct,tallyqa,75,channel,12,12,1,0,0,"```json {   ""response"": ""12"" } ```"
Qwen2.5-VL-3B-Instruct,tallyqa,76,base,12,9,1,0,0,"```json {   ""count"": 9 } ```"
Qwen2.5-VL-3B-Instruct,tallyqa,76,channel,12,10,1,0,0,"```json {   ""response"": ""10"" } ```"
Qwen2.5-VL-3B-Instruct,tallyqa,77,base,11,12,1,0,0,"```json {   ""count"": 12 } ```"
Qwen2.5-VL-3B-Instruct,tallyqa,78,base,12,4,1,0,0,"```json {   ""count"": 4 } ```"
Qwen2.5-VL-3B-Instruct,tallyqa,76,permit,12,,0,0,0,"```json {   ""count"": ""abstain"" } ```"
Qwen2.5-VL-3B-Instruct,tallyqa,77,permit,11,,0,0,0,"```json {   ""count"": ""abstain"" } ```"
Qwen2.5-VL-3B-Instruct,tallyqa,77,channel,11,,0,0,0,"```json {   ""response"": ""cannot_judge"" } ```"
Qwen2.5-VL-3B-Instruct,tallyqa,78,permit,12,,0,0,0,"```json {   ""count"": ""abstain"" } ```"
Qwen2.5-VL-3B-Instruct,tallyqa,78,channel,12,6,1,0,0,"```json {   ""response"": ""6"" } ```"
Qwen2.5-VL-3B-Instruct,tallyqa,79,base,12,10,1,0,0,"```json {   ""count"": 10 } ```"
Qwen2.5-VL-3B-Instruct,tallyqa,80,channel,12,4,1,0,0,"```json {   ""response"": ""4"" } ```"
Qwen2.5-VL-3B-Instruct,tallyqa,80,base,12,10,1,0,0,"```json {   ""count"": 10 } ```"
Qwen2.5-VL-3B-Instruct,tallyqa,79,channel,12,10,1,0,0,"```json {   ""response"": ""10"" } ```"
Qwen2.5-VL-3B-Instruct,tallyqa,81,base,15,14,1,0,0,"```json {   ""count"": 14 } ```"
Qwen2.5-VL-3B-Instruct,tallyqa,80,permit,12,,0,0,0,"```json {   ""count"": ""abstain"" } ```"
Qwen2.5-VL-3B-Instruct,tallyqa,79,permit,12,,0,0,0,"```json {   ""count"": ""abstain"" } ```"
Qwen2.5-VL-3B-Instruct,tallyqa,81,permit,15,,0,0,0,"```json {   ""count"": ""abstain"" } ```"
Qwen2.5-VL-3B-Instruct,tallyqa,81,channel,15,15,1,0,0,"```json {   ""response"": ""15"" } ```"
Qwen2.5-VL-3B-Instruct,tallyqa,82,base,11,8,1,0,0,"```json {   ""count"": 8 } ```"
Qwen2.5-VL-3B-Instruct,tallyqa,82,channel,11,7,1,0,0,"```json {   ""response"": ""7"" } ```"
Qwen2.5-VL-3B-Instruct,tallyqa,83,base,11,10,1,0,0,"```json {   ""count"": 10 } ```"
Qwen2.5-VL-3B-Instruct,tallyqa,83,channel,11,10,1,0,0,"```json {   ""response"": ""10"" } ```"
Qwen2.5-VL-3B-Instruct,tallyqa,83,permit,11,,0,0,0,"```json {   ""count"": ""abstain"" } ```"
Qwen2.5-VL-3B-Instruct,tallyqa,82,permit,11,,0,0,0,"```json {   ""count"": ""abstain"" } ```"
Qwen2.5-VL-3B-Instruct,tallyqa,84,base,13,10,1,0,0,"```json {   ""count"": 10 } ```"
Qwen2.5-VL-3B-Instruct,tallyqa,84,permit,13,,0,0,0,"{""count"": ""abstain""}"
Qwen2.5-VL-3B-Instruct,tallyqa,84,channel,13,10,1,0,0,"```json {   ""response"": ""10"" } ```"
Qwen2.5-VL-3B-Instruct,tallyqa,86,base,12,8,1,0,0,"```json {   ""count"": 8 } ```"
Qwen2.5-VL-3B-Instruct,tallyqa,85,base,11,10,1,0,0,"```json {   ""count"": 10 } ```"
Qwen2.5-VL-3B-Instruct,tallyqa,85,channel,11,10,1,0,0,"```json {   ""response"": ""10"" } ```"
Qwen2.5-VL-3B-Instruct,tallyqa,85,permit,11,,0,0,0,"```json {   ""count"": ""abstain"" } ```"
Qwen2.5-VL-3B-Instruct,tallyqa,86,permit,12,,0,0,0,"```json {   ""count"": ""abstain"" } ```"
Qwen2.5-VL-3B-Instruct,tallyqa,86,channel,12,,0,0,0,"```json {   ""response"": ""cannot_judge"" } ```"
Qwen2.5-VL-3B-Instruct,tallyqa,87,base,12,14,1,0,0,"```json {   ""count"": 14 } ```"
Qwen2.5-VL-3B-Instruct,tallyqa,87,permit,12,,0,0,0,"{""count"": ""abstain""}"
Qwen2.5-VL-3B-Instruct,tallyqa,88,base,12,100,1,0,0,"```json {   ""count"": 100 } ```"
Qwen2.5-VL-3B-Instruct,tallyqa,87,channel,12,16,1,0,0,"```json {   ""response"": ""16"" } ```"
Qwen2.5-VL-3B-Instruct,tallyqa,88,channel,12,,0,0,0,"```json {   ""response"": ""cannot_judge"" } ```"
Qwen2.5-VL-3B-Instruct,tallyqa,88,permit,12,,0,0,0,"```json {   ""count"": ""abstain"" } ```"
Qwen2.5-VL-3B-Instruct,tallyqa,89,permit,12,,0,0,0,"```json {   ""count"": ""abstain"" } ```"
Qwen2.5-VL-3B-Instruct,tallyqa,89,base,12,12,1,0,0,"```json {   ""count"": 12 } ```"
Qwen2.5-VL-3B-Instruct,tallyqa,89,channel,12,12,1,0,0,"```json {   ""response"": ""12"" } ```"
Qwen2.5-VL-3B-Instruct,tallyqa,90,base,12,12,1,0,0,"```json {   ""count"": 12 } ```"
Qwen2.5-VL-3B-Instruct,tallyqa,90,permit,12,,0,0,0,"{""count"": ""abstain""}"
Qwen2.5-VL-3B-Instruct,tallyqa,90,channel,12,10,1,0,0,"```json {   ""response"": ""10"" } ```"
Qwen2.5-VL-3B-Instruct,tallyqa,91,base,11,5,1,0,0,"```json {   ""count"": 5 } ```"
Qwen2.5-VL-3B-Instruct,tallyqa,92,base,14,10,1,0,0,"```json {   ""count"": 10 } ```"
Qwen2.5-VL-3B-Instruct,tallyqa,91,channel,11,,0,0,0,"```json {   ""response"": ""cannot_judge"" } ```"
Qwen2.5-VL-3B-Instruct,tallyqa,91,permit,11,,0,0,0,"```json {   ""count"": ""abstain"" } ```"
Qwen2.5-VL-3B-Instruct,tallyqa,92,channel,14,10,1,0,0,"```json {   ""response"": ""10"" } ```"
Qwen2.5-VL-3B-Instruct,tallyqa,92,permit,14,,0,0,0,"```json {   ""count"": ""abstain"" } ```"
Qwen2.5-VL-3B-Instruct,tallyqa,93,base,12,8,1,0,0,"```json {   ""count"": 8 } ```"
Qwen2.5-VL-3B-Instruct,tallyqa,93,permit,12,,0,0,0,"```json {   ""count"": ""abstain"" } ```"
Qwen2.5-VL-3B-Instruct,tallyqa,93,channel,12,1,1,0,0,"```json {   ""response"": ""1"" } ```"
Qwen2.5-VL-3B-Instruct,tallyqa,94,channel,11,0,1,0,0,"```json {   ""response"": ""0"" } ```"
Qwen2.5-VL-3B-Instruct,tallyqa,94,base,11,10,1,0,0,"```json {   ""count"": 10 } ```"
Qwen2.5-VL-3B-Instruct,tallyqa,94,permit,11,,0,0,0,"```json {   ""count"": ""abstain"" } ```"
Qwen2.5-VL-3B-Instruct,tallyqa,95,base,11,10,1,0,0,"```json {   ""count"": 10 } ```"
Qwen2.5-VL-3B-Instruct,tallyqa,95,permit,11,,0,0,0,"```json {   ""count"": ""abstain"" } ```"
Qwen2.5-VL-3B-Instruct,tallyqa,95,channel,11,10,1,0,0,"```json {   ""response"": ""10"" } ```"
Qwen2.5-VL-3B-Instruct,tallyqa,96,permit,13,,0,0,0,"{""count"": ""abstain""}"
Qwen2.5-VL-3B-Instruct,tallyqa,96,base,13,10,1,0,0,"```json {   ""count"": 10 } ```"
Qwen2.5-VL-3B-Instruct,tallyqa,96,channel,13,,0,0,0,"```json {   ""response"": ""cannot_judge"" } ```"
Qwen2.5-VL-3B-Instruct,tallyqa,97,base,13,10,1,0,0,"```json {   ""count"": 10 } ```"
Qwen2.5-VL-3B-Instruct,tallyqa,97,permit,13,,0,0,0,"```json {   ""count"": ""abstain"" } ```"
Qwen2.5-VL-3B-Instruct,tallyqa,97,channel,13,,0,0,0,"```json {   ""response"": ""cannot_judge"" } ```"
Qwen2.5-VL-3B-Instruct,tallyqa,98,base,12,12,1,0,0,"```json {   ""count"": 12 } ```"
Qwen2.5-VL-3B-Instruct,tallyqa,98,permit,12,,0,0,0,"```json {   ""count"": ""abstain"" } ```"
Qwen2.5-VL-3B-Instruct,tallyqa,98,channel,12,12,1,0,0,"```json {   ""response"": ""12"" } ```"
Qwen2.5-VL-3B-Instruct,tallyqa,99,base,12,10,1,0,0,"```json {   ""count"": 10 } ```"
Qwen2.5-VL-3B-Instruct,tallyqa,99,permit,12,,0,0,0,"```json {   ""count"": ""abstain"" } ```"
Qwen2.5-VL-3B-Instruct,tallyqa,99,channel,12,10,1,0,0,"```json {   ""response"": ""10"" } ```"
Qwen2.5-VL-3B-Instruct,tallyqa,101,permit,12,,0,0,0,"{""count"": ""abstain""}"
Qwen2.5-VL-3B-Instruct,tallyqa,100,base,15,10,1,0,0,"```json {   ""count"": 10 } ```"
Qwen2.5-VL-3B-Instruct,tallyqa,100,permit,15,,0,0,0,"```json {   ""count"": ""abstain"" } ```"
Qwen2.5-VL-3B-Instruct,tallyqa,100,channel,15,,0,0,0,"```json {   ""response"": ""cannot_judge"" } ```"
Qwen2.5-VL-3B-Instruct,tallyqa,101,base,12,9,1,0,0,"```json {   ""count"": 9 } ```"
Qwen2.5-VL-3B-Instruct,tallyqa,101,channel,12,8,1,0,0,"```json {   ""response"": ""8"" } ```"
Qwen2.5-VL-3B-Instruct,tallyqa,102,base,13,10,1,0,0,"```json {   ""count"": 10 } ```"
Qwen2.5-VL-3B-Instruct,tallyqa,102,permit,13,,0,0,0,"```json {   ""count"": ""abstain"" } ```"
Qwen2.5-VL-3B-Instruct,tallyqa,103,base,11,10,1,0,0,"```json {   ""count"": 10 } ```"
Qwen2.5-VL-3B-Instruct,tallyqa,102,channel,13,,0,0,0,"```json {   ""response"": ""cannot_judge"" } ```"
Qwen2.5-VL-3B-Instruct,tallyqa,104,base,12,10,1,0,0,"```json {   ""count"": 10 } ```"
Qwen2.5-VL-3B-Instruct,tallyqa,103,channel,11,10,1,0,0,"```json {   ""response"": ""10"" } ```"
Qwen2.5-VL-3B-Instruct,tallyqa,103,permit,11,,0,0,0,"```json {   ""count"": ""abstain"" } ```"
Qwen2.5-VL-3B-Instruct,tallyqa,104,permit,12,,0,0,0,"```json {   ""count"": ""abstain"" } ```"
Qwen2.5-VL-3B-Instruct,tallyqa,104,channel,12,,0,0,0,"```json {   ""response"": ""cannot_judge"" } ```"
Qwen2.5-VL-3B-Instruct,tallyqa,105,base,12,12,1,0,0,"```json {   ""count"": 12 } ```"
Qwen2.5-VL-3B-Instruct,tallyqa,105,channel,12,12,1,0,0,"```json {   ""response"": ""12"" } ```"
Qwen2.5-VL-3B-Instruct,tallyqa,105,permit,12,,0,0,0,"```json {   ""count"": ""abstain"" } ```"
Qwen2.5-VL-3B-Instruct,tallyqa,106,channel,14,14,1,0,0,"```json {   ""response"": ""14"" } ```"
Qwen2.5-VL-3B-Instruct,tallyqa,106,base,14,10,1,0,0,"```json {   ""count"": 10 } ```"
Qwen2.5-VL-3B-Instruct,tallyqa,106,permit,14,,0,0,0,"```json {   ""count"": ""abstain"" } ```"
Qwen2.5-VL-3B-Instruct,tallyqa,107,permit,13,,0,0,0,"{""count"": ""abstain""}"
Qwen2.5-VL-3B-Instruct,tallyqa,107,base,13,10,1,0,0,"```json {   ""count"": 10 } ```"
Qwen2.5-VL-3B-Instruct,tallyqa,107,channel,13,,0,0,0,"```json {   ""response"": ""cannot_judge"" } ```"
Qwen2.5-VL-3B-Instruct,tallyqa,108,base,12,7,1,0,0,"```json {   ""count"": 7 } ```"
Qwen2.5-VL-3B-Instruct,tallyqa,108,permit,12,,0,0,0,"```json {   ""count"": ""abstain"" } ```"
Qwen2.5-VL-3B-Instruct,tallyqa,108,channel,12,,0,0,0,"```json {   ""response"": ""cannot_judge"" } ```"
Qwen2.5-VL-3B-Instruct,tallyqa,109,base,13,10,1,0,0,"```json {   ""count"": 10 } ```"
Qwen2.5-VL-3B-Instruct,tallyqa,109,permit,13,,0,0,0,"```json {   ""count"": ""abstain"" } ```"
Qwen2.5-VL-3B-Instruct,tallyqa,109,channel,13,,0,0,0,"```json {   ""response"": ""cannot_judge"" } ```"
Qwen2.5-VL-3B-Instruct,tallyqa,110,base,11,8,1,0,0,"```json {   ""count"": 8 } ```"
Qwen2.5-VL-3B-Instruct,tallyqa,110,channel,11,10,1,0,0,"```json {   ""response"": ""10"" } ```"
Qwen2.5-VL-3B-Instruct,tallyqa,110,permit,11,,0,0,0,"```json {   ""count"": ""abstain"" } ```"
Qwen2.5-VL-3B-Instruct,tallyqa,111,base,12,12,1,0,0,"```json {   ""count"": 12 } ```"
Qwen2.5-VL-3B-Instruct,tallyqa,111,channel,12,,0,0,0,"```json {   ""response"": ""cannot_judge"" } ```"
Qwen2.5-VL-3B-Instruct,tallyqa,111,permit,12,,0,0,0,"```json {   ""count"": ""abstain"" } ```"
Qwen2.5-VL-3B-Instruct,tallyqa,112,base,12,10,1,0,0,"```json {   ""count"": 10 } ```"
Qwen2.5-VL-3B-Instruct,tallyqa,112,permit,12,,0,0,0,"```json {   ""count"": ""abstain"" } ```"
Qwen2.5-VL-3B-Instruct,tallyqa,113,base,12,4,1,0,0,"```json {   ""count"": 4 } ```"
Qwen2.5-VL-3B-Instruct,tallyqa,112,channel,12,10,1,0,0,"```json {   ""response"": ""10"" } ```"
Qwen2.5-VL-3B-Instruct,tallyqa,113,permit,12,,0,0,0,"```json {   ""count"": ""abstain"" } ```"
Qwen2.5-VL-3B-Instruct,tallyqa,113,channel,12,2,1,0,0,"```json {   ""response"": ""2"" } ```"
Qwen2.5-VL-3B-Instruct,tallyqa,114,base,15,13,1,0,0,"```json {   ""count"": 13 } ```"
Qwen2.5-VL-3B-Instruct,tallyqa,114,permit,15,,0,0,0,"```json {   ""count"": ""abstain"" } ```"
Qwen2.5-VL-3B-Instruct,tallyqa,114,channel,15,10,1,0,0,"```json {   ""response"": ""10"" } ```"
Qwen2.5-VL-3B-Instruct,tallyqa,115,permit,15,,0,0,0,"{""count"": ""abstain""}"
Qwen2.5-VL-3B-Instruct,tallyqa,115,base,15,15,1,0,0,"```json {   ""count"": 15 } ```"
Qwen2.5-VL-3B-Instruct,tallyqa,115,channel,15,10,1,0,0,"```json {   ""response"": ""10"" } ```"
Qwen2.5-VL-3B-Instruct,tallyqa,116,base,11,10,1,0,0,"```json {   ""count"": 10 } ```"
Qwen2.5-VL-3B-Instruct,tallyqa,117,permit,12,,0,0,0,"{""count"": ""abstain""}"
Qwen2.5-VL-3B-Instruct,tallyqa,116,permit,11,,0,0,0,"```json {   ""count"": ""abstain"" } ```"
Qwen2.5-VL-3B-Instruct,tallyqa,116,channel,11,10,1,0,0,"```json {   ""response"": ""10"" } ```"
Qwen2.5-VL-3B-Instruct,tallyqa,117,channel,12,10,1,0,0,"```json {   ""response"": ""10"" } ```"
Qwen2.5-VL-3B-Instruct,tallyqa,117,base,12,10,1,0,0,"```json {   ""count"": 10 } ```"
Qwen2.5-VL-3B-Instruct,tallyqa,118,base,12,3,1,0,0,"```json {   ""count"": 3 } ```"
Qwen2.5-VL-3B-Instruct,tallyqa,118,permit,12,,0,0,0,"```json {   ""count"": ""abstain"" } ```"
Qwen2.5-VL-3B-Instruct,tallyqa,119,permit,12,,0,0,0,"{""count"": ""abstain""}"
Qwen2.5-VL-3B-Instruct,tallyqa,118,channel,12,4,1,0,0,"```json {   ""response"": ""4"" } ```"
Qwen2.5-VL-3B-Instruct,tallyqa,119,base,12,4,1,0,0,"```json {   ""count"": 4 } ```"
Qwen2.5-VL-3B-Instruct,tallyqa,119,channel,12,0,1,0,0,"```json {   ""response"": ""0"" } ```"
Qwen2.5-VL-3B-Instruct,tallyqa,120,base,11,10,1,0,0,"```json {   ""count"": 10 } ```"
Qwen2.5-VL-3B-Instruct,tallyqa,120,permit,11,,0,0,0,"```json {   ""count"": ""abstain"" } ```"
Qwen2.5-VL-3B-Instruct,tallyqa,121,base,11,10,1,0,0,"```json {   ""count"": 10 } ```"
Qwen2.5-VL-3B-Instruct,tallyqa,120,channel,11,,0,0,0,"```json {   ""response"": ""cannot_judge"" } ```"
Qwen2.5-VL-3B-Instruct,tallyqa,121,permit,11,,0,0,0,"```json {   ""count"": ""abstain"" } ```"
Qwen2.5-VL-3B-Instruct,tallyqa,121,channel,11,10,1,0,0,"```json {   ""response"": ""10"" } ```"
Qwen2.5-VL-3B-Instruct,tallyqa,122,base,13,10,1,0,0,"```json {   ""count"": 10 } ```"
Qwen2.5-VL-3B-Instruct,tallyqa,122,permit,13,,0,0,0,"```json {   ""count"": ""abstain"" } ```"
Qwen2.5-VL-3B-Instruct,tallyqa,122,channel,13,10,1,0,0,"```json {   ""response"": ""10"" } ```"
Qwen2.5-VL-3B-Instruct,tallyqa,124,permit,12,,0,0,0,"{""count"": ""abstain""}"
Qwen2.5-VL-3B-Instruct,tallyqa,123,channel,12,6,1,0,0,"```json {   ""response"": ""6"" } ```"
Qwen2.5-VL-3B-Instruct,tallyqa,123,base,12,10,1,0,0,"```json {   ""count"": 10 } ```"
Qwen2.5-VL-3B-Instruct,tallyqa,123,permit,12,,0,0,0,"```json {   ""count"": ""abstain"" } ```"
Qwen2.5-VL-3B-Instruct,tallyqa,124,base,12,10,1,0,0,"```json {   ""count"": 10 } ```"
Qwen2.5-VL-3B-Instruct,tallyqa,124,channel,12,1,1,0,0,"```json {   ""response"": ""1"" } ```"
Qwen2.5-VL-3B-Instruct,tallyqa,125,base,12,12,1,0,0,"```json {   ""count"": 12 } ```"
Qwen2.5-VL-3B-Instruct,tallyqa,126,permit,12,,0,0,0,"{""count"": ""abstain""}"
Qwen2.5-VL-3B-Instruct,tallyqa,125,channel,12,12,1,0,0,"```json {   ""response"": ""12"" } ```"
Qwen2.5-VL-3B-Instruct,tallyqa,125,permit,12,,0,0,0,"```json {   ""count"": ""abstain"" } ```"
Qwen2.5-VL-3B-Instruct,tallyqa,126,base,12,14,1,0,0,"```json {   ""count"": 14 } ```"
Qwen2.5-VL-3B-Instruct,tallyqa,126,channel,12,,0,0,0,"```json {   ""response"": ""cannot_judge"" } ```"
Qwen2.5-VL-3B-Instruct,tallyqa,127,base,12,10,1,0,0,"```json {   ""count"": 10 } ```"
Qwen2.5-VL-3B-Instruct,tallyqa,127,permit,12,,0,0,0,"```json {   ""count"": ""abstain"" } ```"
Qwen2.5-VL-3B-Instruct,tallyqa,127,channel,12,,0,0,0,"```json {   ""response"": ""cannot_judge"" } ```"
Qwen2.5-VL-3B-Instruct,tallyqa,128,permit,15,,0,0,0,"{""count"": ""abstain""}"
Qwen2.5-VL-3B-Instruct,tallyqa,128,base,15,13,1,0,0,"```json {   ""count"": 13 } ```"
Qwen2.5-VL-3B-Instruct,tallyqa,129,permit,15,,0,0,0,"{""count"": ""abstain""}"
Qwen2.5-VL-3B-Instruct,tallyqa,128,channel,15,10,1,0,0,"```json {   ""response"": ""10"" } ```"
Qwen2.5-VL-3B-Instruct,tallyqa,129,base,15,20,1,0,0,"```json {   ""count"": 20 } ```"
Qwen2.5-VL-3B-Instruct,tallyqa,130,permit,15,,0,0,0,"{""count"": ""abstain""}"
Qwen2.5-VL-3B-Instruct,tallyqa,129,channel,15,,0,0,0,"```json {   ""response"": ""cannot_judge"" } ```"
Qwen2.5-VL-3B-Instruct,tallyqa,130,base,15,10,1,0,0,"```json {   ""count"": 10 } ```"
Qwen2.5-VL-3B-Instruct,tallyqa,131,base,14,4,1,0,0,"```json {   ""count"": 4 } ```"
Qwen2.5-VL-3B-Instruct,tallyqa,131,permit,14,,0,0,0,"```json {   ""count"": ""abstain"" } ```"
Qwen2.5-VL-3B-Instruct,tallyqa,130,channel,15,,0,0,0,"```json {   ""response"": ""cannot_judge"" } ```"
Qwen2.5-VL-3B-Instruct,tallyqa,131,channel,14,4,1,0,0,"```json {   ""response"": ""4"" } ```"
Qwen2.5-VL-3B-Instruct,tallyqa,132,base,11,10,1,0,0,"```json {   ""count"": 10 } ```"
Qwen2.5-VL-3B-Instruct,tallyqa,132,permit,11,,0,0,0,"```json {   ""count"": ""abstain"" } ```"
Qwen2.5-VL-3B-Instruct,tallyqa,132,channel,11,10,1,0,0,"```json {   ""response"": ""10"" } ```"
Qwen2.5-VL-3B-Instruct,tallyqa,133,base,14,10,1,0,0,"```json {   ""count"": 10 } ```"
Qwen2.5-VL-3B-Instruct,tallyqa,133,permit,14,,0,0,0,"```json {   ""count"": ""abstain"" } ```"
Qwen2.5-VL-3B-Instruct,tallyqa,133,channel,14,10,1,0,0,"```json {   ""response"": ""10"" } ```"
Qwen2.5-VL-3B-Instruct,tallyqa,134,base,12,10,1,0,0,"```json {   ""count"": 10 } ```"
Qwen2.5-VL-3B-Instruct,tallyqa,134,permit,12,,0,0,0,"```json {   ""count"": ""abstain"" } ```"
Qwen2.5-VL-3B-Instruct,tallyqa,134,channel,12,,0,0,0,"```json {   ""response"": ""cannot_judge"" } ```"
Qwen2.5-VL-3B-Instruct,tallyqa,135,base,11,8,1,0,0,"```json {   ""count"": 8 } ```"
Qwen2.5-VL-3B-Instruct,tallyqa,135,permit,11,,0,0,0,"```json {   ""count"": ""abstain"" } ```"
Qwen2.5-VL-3B-Instruct,tallyqa,135,channel,11,6,1,0,0,"```json {   ""response"": ""6"" } ```"
Qwen2.5-VL-3B-Instruct,tallyqa,136,base,12,5,1,0,0,"```json {   ""count"": 5 } ```"
Qwen2.5-VL-3B-Instruct,tallyqa,136,channel,12,4,1,0,0,"```json {   ""response"": ""4"" } ```"
Qwen2.5-VL-3B-Instruct,tallyqa,136,permit,12,,0,0,0,"```json {   ""count"": ""abstain"" } ```"
Qwen2.5-VL-3B-Instruct,tallyqa,137,base,12,10,1,0,0,"```json {   ""count"": 10 } ```"
Qwen2.5-VL-3B-Instruct,tallyqa,138,permit,15,,0,0,0,"{""count"": ""abstain""}"
Qwen2.5-VL-3B-Instruct,tallyqa,137,channel,12,10,1,0,0,"```json {   ""response"": ""10"" } ```"
Qwen2.5-VL-3B-Instruct,tallyqa,137,permit,12,,0,0,0,"```json {   ""count"": ""abstain"" } ```"
Qwen2.5-VL-3B-Instruct,tallyqa,138,base,15,28,1,0,0,"```json {   ""count"": 28 } ```"
Qwen2.5-VL-3B-Instruct,tallyqa,138,channel,15,,0,0,0,"```json {   ""response"": ""cannot_judge"" } ```"
Qwen2.5-VL-3B-Instruct,tallyqa,139,base,12,3,1,0,0,"```json {   ""count"": 3 } ```"
Qwen2.5-VL-3B-Instruct,tallyqa,139,permit,12,,0,0,0,"```json {   ""count"": ""abstain"" } ```"
Qwen2.5-VL-3B-Instruct,tallyqa,139,channel,12,,0,0,0,"```json {   ""response"": ""cannot_judge"" } ```"
Qwen2.5-VL-3B-Instruct,tallyqa,140,channel,12,6,1,0,0,"```json {   ""response"": ""6"" } ```"
Qwen2.5-VL-3B-Instruct,tallyqa,140,base,12,6,1,0,0,"```json {   ""count"": 6 } ```"
Qwen2.5-VL-3B-Instruct,tallyqa,141,base,11,5,1,0,0,"```json {   ""count"": 5 } ```"
Qwen2.5-VL-3B-Instruct,tallyqa,140,permit,12,,0,0,0,"```json {   ""count"": ""abstain"" } ```"
Qwen2.5-VL-3B-Instruct,tallyqa,141,permit,11,,0,0,0,"```json {   ""count"": ""abstain"" } ```"
Qwen2.5-VL-3B-Instruct,tallyqa,141,channel,11,,0,0,0,"```json {   ""response"": ""cannot_judge"" } ```"
Qwen2.5-VL-3B-Instruct,tallyqa,142,base,13,3,1,0,0,"```json {   ""count"": 3 } ```"
Qwen2.5-VL-3B-Instruct,tallyqa,142,permit,13,,0,0,0,"```json {   ""count"": ""abstain"" } ```"
Qwen2.5-VL-3B-Instruct,tallyqa,143,channel,11,1,1,0,0,"```json {   ""response"": ""1"" } ```"
Qwen2.5-VL-3B-Instruct,tallyqa,143,base,11,2,1,0,0,"```json {   ""count"": 2 } ```"
Qwen2.5-VL-3B-Instruct,tallyqa,144,base,12,8,1,0,0,"```json {   ""count"": 8 } ```"
Qwen2.5-VL-3B-Instruct,tallyqa,143,permit,11,,0,0,0,"```json {   ""count"": ""abstain"" } ```"
Qwen2.5-VL-3B-Instruct,tallyqa,142,channel,13,,0,0,0,"```json {   ""response"": ""cannot_judge"" } ```"
Qwen2.5-VL-3B-Instruct,tallyqa,144,permit,12,,0,0,0,"```json {   ""count"": ""abstain"" } ```"
Qwen2.5-VL-3B-Instruct,tallyqa,144,channel,12,10,1,0,0,"```json {   ""response"": ""10"" } ```"
Qwen2.5-VL-3B-Instruct,tallyqa,145,base,12,0,1,0,0,"```json {   ""count"": 0 } ```"
Qwen2.5-VL-3B-Instruct,tallyqa,145,permit,12,,0,0,0,"{""count"": ""abstain""}"
Qwen2.5-VL-3B-Instruct,tallyqa,146,base,15,7,1,0,0,"```json {   ""count"": 7 } ```"
Qwen2.5-VL-3B-Instruct,tallyqa,145,channel,12,,0,0,0,"```json {   ""response"": ""cannot_judge"" } ```"
Qwen2.5-VL-3B-Instruct,tallyqa,147,base,11,10,1,0,0,"```json {   ""count"": 10 } ```"
Qwen2.5-VL-3B-Instruct,tallyqa,146,channel,15,10,1,0,0,"```json {   ""response"": ""10"" } ```"
Qwen2.5-VL-3B-Instruct,tallyqa,147,permit,11,,0,0,0,"```json {   ""count"": ""abstain"" } ```"
Qwen2.5-VL-3B-Instruct,tallyqa,146,permit,15,,0,0,0,"```json {   ""count"": ""abstain"" } ```"
Qwen2.5-VL-3B-Instruct,tallyqa,147,channel,11,,0,0,0,"```json {   ""response"": ""cannot_judge"" } ```"
Qwen2.5-VL-3B-Instruct,tallyqa,148,base,5,5,1,0,0,"```json {   ""count"": 5 } ```"
Qwen2.5-VL-3B-Instruct,tallyqa,148,permit,5,,0,0,0,"```json {   ""count"": ""abstain"" } ```"
Qwen2.5-VL-3B-Instruct,tallyqa,148,channel,5,6,1,0,0,"```json {   ""response"": ""6"" } ```"
Qwen2.5-VL-3B-Instruct,tallyqa,149,base,5,6,1,0,0,"```json {   ""count"": 6 } ```"
Qwen2.5-VL-3B-Instruct,tallyqa,149,channel,5,6,1,0,0,"```json {   ""response"": ""6"" } ```"
Qwen2.5-VL-3B-Instruct,tallyqa,150,base,5,6,1,0,0,"```json {   ""count"": 6 } ```"
Qwen2.5-VL-3B-Instruct,tallyqa,149,permit,5,,0,0,0,"```json {   ""count"": ""abstain"" } ```"
Qwen2.5-VL-3B-Instruct,tallyqa,150,permit,5,,0,0,0,"```json {   ""count"": ""abstain"" } ```"
Qwen2.5-VL-3B-Instruct,tallyqa,150,channel,5,6,1,0,0,"```json {   ""response"": ""6"" } ```"
Qwen2.5-VL-3B-Instruct,tallyqa,151,base,5,4,1,0,0,"```json {   ""count"": 4 } ```"
Qwen2.5-VL-3B-Instruct,tallyqa,152,base,5,5,1,0,0,"```json {   ""count"": 5 } ```"
Qwen2.5-VL-3B-Instruct,tallyqa,151,channel,5,4,1,0,0,"```json {   ""response"": ""4"" } ```"
Qwen2.5-VL-3B-Instruct,tallyqa,152,permit,5,,0,0,0,"```json {   ""count"": ""abstain"" } ```"
Qwen2.5-VL-3B-Instruct,tallyqa,151,permit,5,,0,0,0,"```json {   ""count"": ""abstain"" } ```"
Qwen2.5-VL-3B-Instruct,tallyqa,152,channel,5,,0,0,0,"```json {   ""response"": ""cannot_judge"" } ```"
Qwen2.5-VL-3B-Instruct,tallyqa,153,base,5,5,1,0,0,"```json {   ""count"": 5 } ```"
Qwen2.5-VL-3B-Instruct,tallyqa,153,permit,5,,0,0,0,"```json {   ""count"": ""abstain"" } ```"
Qwen2.5-VL-3B-Instruct,tallyqa,154,permit,5,,0,0,0,"{""count"": ""abstain""}"
Qwen2.5-VL-3B-Instruct,tallyqa,154,base,5,4,1,0,0,"```json {   ""count"": 4 } ```"
Qwen2.5-VL-3B-Instruct,tallyqa,154,channel,5,4,1,0,0,"```json {   ""response"": ""4"" } ```"
Qwen2.5-VL-3B-Instruct,tallyqa,155,channel,5,4,1,0,0,"```json {   ""response"": ""4"" } ```"
Qwen2.5-VL-3B-Instruct,tallyqa,155,base,5,4,1,0,0,"```json {   ""count"": 4 } ```"
Qwen2.5-VL-3B-Instruct,tallyqa,153,channel,5,4,1,0,0,"```json {   ""response"": ""4"" } ```"
Qwen2.5-VL-3B-Instruct,tallyqa,155,permit,5,,0,0,0,"```json {   ""count"": ""abstain"" } ```"
Qwen2.5-VL-3B-Instruct,tallyqa,156,permit,5,,0,0,0,"{""count"": ""abstain""}"
Qwen2.5-VL-3B-Instruct,tallyqa,156,base,5,1,1,0,0,"```json {   ""count"": 1 } ```"
Qwen2.5-VL-3B-Instruct,tallyqa,156,channel,5,1,1,0,0,"```json {   ""response"": ""1"" } ```"
Qwen2.5-VL-3B-Instruct,tallyqa,158,base,5,6,1,0,0,"```json {   ""count"": 6 } ```"
Qwen2.5-VL-3B-Instruct,tallyqa,157,base,5,4,1,0,0,"```json {   ""count"": 4 } ```"
Qwen2.5-VL-3B-Instruct,tallyqa,157,channel,5,4,1,0,0,"```json {   ""response"": ""4"" } ```"
Qwen2.5-VL-3B-Instruct,tallyqa,157,permit,5,,0,0,0,"```json {   ""count"": ""abstain"" } ```"
Qwen2.5-VL-3B-Instruct,tallyqa,158,permit,5,,0,0,0,"```json {   ""count"": ""abstain"" } ```"
Qwen2.5-VL-3B-Instruct,tallyqa,158,channel,5,5,1,0,0,"```json {   ""response"": ""5"" } ```"
Qwen2.5-VL-3B-Instruct,tallyqa,159,base,5,7,1,0,0,"```json {   ""count"": 7 } ```"
Qwen2.5-VL-3B-Instruct,tallyqa,159,channel,5,5,1,0,0,"```json {   ""response"": ""5"" } ```"
Qwen2.5-VL-3B-Instruct,tallyqa,159,permit,5,,0,0,0,"```json {   ""count"": ""abstain"" } ```"
Qwen2.5-VL-3B-Instruct,tallyqa,160,base,5,4,1,0,0,"```json {   ""count"": 4 } ```"
Qwen2.5-VL-3B-Instruct,tallyqa,161,base,5,4,1,0,0,"```json {   ""count"": 4 } ```"
Qwen2.5-VL-3B-Instruct,tallyqa,160,channel,5,4,1,0,0,"```json {   ""response"": ""4"" } ```"
Qwen2.5-VL-3B-Instruct,tallyqa,160,permit,5,,0,0,0,"```json {   ""count"": ""abstain"" } ```"
Qwen2.5-VL-3B-Instruct,tallyqa,161,permit,5,,0,0,0,"```json {   ""count"": ""abstain"" } ```"
Qwen2.5-VL-3B-Instruct,tallyqa,161,channel,5,4,1,0,0,"```json {   ""response"": ""4"" } ```"
Qwen2.5-VL-3B-Instruct,tallyqa,162,base,5,3,1,0,0,"```json {   ""count"": 3 } ```"
Qwen2.5-VL-3B-Instruct,tallyqa,162,channel,5,4,1,0,0,"```json {   ""response"": ""4"" } ```"
Qwen2.5-VL-3B-Instruct,tallyqa,163,base,5,3,1,0,0,"```json {   ""count"": 3 } ```"
Qwen2.5-VL-3B-Instruct,tallyqa,162,permit,5,,0,0,0,"```json {   ""count"": ""abstain"" } ```"
Qwen2.5-VL-3B-Instruct,tallyqa,163,permit,5,,0,0,0,"```json {   ""count"": ""abstain"" } ```"
Qwen2.5-VL-3B-Instruct,tallyqa,163,channel,5,,0,0,0,"```json {   ""response"": ""cannot_judge"" } ```"
Qwen2.5-VL-3B-Instruct,tallyqa,164,base,5,4,1,0,0,"```json {   ""count"": 4 } ```"
Qwen2.5-VL-3B-Instruct,tallyqa,164,permit,5,,0,0,0,"```json {   ""count"": ""abstain"" } ```"
Qwen2.5-VL-3B-Instruct,tallyqa,166,permit,5,,0,0,0,"{""count"": ""abstain""}"
Qwen2.5-VL-3B-Instruct,tallyqa,164,channel,5,4,1,0,0,"```json {   ""response"": ""4"" } ```"
Qwen2.5-VL-3B-Instruct,tallyqa,165,base,5,2,1,0,0,"```json {   ""count"": 2 } ```"
Qwen2.5-VL-3B-Instruct,tallyqa,165,channel,5,3,1,0,0,"```json {   ""response"": ""3"" } ```"
Qwen2.5-VL-3B-Instruct,tallyqa,166,base,5,6,1,0,0,"```json {   ""count"": 6 } ```"
Qwen2.5-VL-3B-Instruct,tallyqa,165,permit,5,,0,0,0,"```json {   ""count"": ""abstain"" } ```"
Qwen2.5-VL-3B-Instruct,tallyqa,166,channel,5,6,1,0,0,"```json {   ""response"": ""6"" } ```"
Qwen2.5-VL-3B-Instruct,tallyqa,167,base,5,4,1,0,0,"```json {   ""count"": 4 } ```"
Qwen2.5-VL-3B-Instruct,tallyqa,167,permit,5,,0,0,0,"```json {   ""count"": ""abstain"" } ```"
Qwen2.5-VL-3B-Instruct,tallyqa,167,channel,5,4,1,0,0,"```json {   ""response"": ""4"" } ```"
Qwen2.5-VL-3B-Instruct,tallyqa,168,base,5,3,1,0,0,"```json {   ""count"": 3 } ```"
Qwen2.5-VL-3B-Instruct,tallyqa,169,base,5,5,1,0,0,"```json {   ""count"": 5 } ```"
Qwen2.5-VL-3B-Instruct,tallyqa,168,channel,5,4,1,0,0,"```json {   ""response"": ""4"" } ```"
Qwen2.5-VL-3B-Instruct,tallyqa,169,permit,5,,0,0,0,"{""count"": ""abstain""}"
Qwen2.5-VL-3B-Instruct,tallyqa,168,permit,5,,0,0,0,"```json {   ""count"": ""abstain"" } ```"
Qwen2.5-VL-3B-Instruct,tallyqa,169,channel,5,4,1,0,0,"```json {   ""response"": ""4"" } ```"
Qwen2.5-VL-3B-Instruct,tallyqa,170,base,5,4,1,0,0,"```json {   ""count"": 4 } ```"
Qwen2.5-VL-3B-Instruct,tallyqa,170,channel,5,4,1,0,0,"```json {   ""response"": ""4"" } ```"
Qwen2.5-VL-3B-Instruct,tallyqa,171,base,5,3,1,0,0,"```json {   ""count"": 3 } ```"
Qwen2.5-VL-3B-Instruct,tallyqa,170,permit,5,,0,0,0,"```json {   ""count"": ""abstain"" } ```"
Qwen2.5-VL-3B-Instruct,tallyqa,171,permit,5,,0,0,0,"```json {   ""count"": ""abstain"" } ```"
Qwen2.5-VL-3B-Instruct,tallyqa,171,channel,5,,0,0,0,"```json {   ""response"": ""cannot_judge"" } ```"
Qwen2.5-VL-3B-Instruct,tallyqa,172,base,5,6,1,0,0,"```json {   ""count"": 6 } ```"
Qwen2.5-VL-3B-Instruct,tallyqa,172,permit,5,,0,0,0,"```json {   ""count"": ""abstain"" } ```"
Qwen2.5-VL-3B-Instruct,tallyqa,172,channel,5,4,1,0,0,"```json {   ""response"": ""4"" } ```"
Qwen2.5-VL-3B-Instruct,tallyqa,173,base,5,3,1,0,0,"```json {   ""count"": 3 } ```"
Qwen2.5-VL-3B-Instruct,tallyqa,174,base,5,2,1,0,0,"```json {   ""count"": 2 } ```"
Qwen2.5-VL-3B-Instruct,tallyqa,174,channel,5,2,1,0,0,"```json {   ""response"": ""2"" } ```"
Qwen2.5-VL-3B-Instruct,tallyqa,173,channel,5,4,1,0,0,"```json {   ""response"": ""4"" } ```"
Qwen2.5-VL-3B-Instruct,tallyqa,173,permit,5,,0,0,0,"```json {   ""count"": ""abstain"" } ```"
Qwen2.5-VL-3B-Instruct,tallyqa,174,permit,5,,0,0,0,"```json {   ""count"": ""abstain"" } ```"
Qwen2.5-VL-3B-Instruct,tallyqa,175,base,5,3,1,0,0,"```json {   ""count"": 3 } ```"
Qwen2.5-VL-3B-Instruct,tallyqa,175,channel,5,4,1,0,0,"```json {   ""response"": ""4"" } ```"
Qwen2.5-VL-3B-Instruct,tallyqa,175,permit,5,,0,0,0,"```json {   ""count"": ""abstain"" } ```"
Qwen2.5-VL-3B-Instruct,tallyqa,176,channel,5,2,1,0,0,"```json {   ""response"": ""2"" } ```"
Qwen2.5-VL-3B-Instruct,tallyqa,176,base,5,2,1,0,0,"```json {   ""count"": 2 } ```"
Qwen2.5-VL-3B-Instruct,tallyqa,177,base,5,1,1,0,0,"```json {   ""count"": 1 } ```"
Qwen2.5-VL-3B-Instruct,tallyqa,176,permit,5,,0,0,0,"```json {   ""count"": ""abstain"" } ```"
Qwen2.5-VL-3B-Instruct,tallyqa,177,permit,5,,0,0,0,"```json {   ""count"": ""abstain"" } ```"
Qwen2.5-VL-3B-Instruct,tallyqa,177,channel,5,,0,0,0,"```json {   ""response"": ""cannot_judge"" } ```"
Qwen2.5-VL-3B-Instruct,tallyqa,178,base,5,4,1,0,0,"```json {   ""count"": 4 } ```"
Qwen2.5-VL-3B-Instruct,tallyqa,179,base,5,4,1,0,0,"```json {   ""count"": 4 } ```"
Qwen2.5-VL-3B-Instruct,tallyqa,178,channel,5,4,1,0,0,"```json {   ""response"": ""4"" } ```"
Qwen2.5-VL-3B-Instruct,tallyqa,178,permit,5,,0,0,0,"```json {   ""count"": ""abstain"" } ```"
Qwen2.5-VL-3B-Instruct,tallyqa,179,channel,5,1,1,0,0,"```json {   ""response"": ""1"" } ```"
Qwen2.5-VL-3B-Instruct,tallyqa,179,permit,5,,0,0,0,"```json {   ""count"": ""abstain"" } ```"
Qwen2.5-VL-3B-Instruct,tallyqa,180,base,5,2,1,0,0,"```json {   ""count"": 2 } ```"
Qwen2.5-VL-3B-Instruct,tallyqa,181,permit,5,,0,0,0,"{""count"": ""abstain""}"
Qwen2.5-VL-3B-Instruct,tallyqa,180,permit,5,,0,0,0,"```json {   ""count"": ""abstain"" } ```"
Qwen2.5-VL-3B-Instruct,tallyqa,180,channel,5,1,1,0,0,"```json {   ""response"": ""1"" } ```"
Qwen2.5-VL-3B-Instruct,tallyqa,181,base,5,1,1,0,0,"```json {   ""count"": 1 } ```"
Qwen2.5-VL-3B-Instruct,tallyqa,182,channel,5,4,1,0,0,"```json {   ""response"": ""4"" } ```"
Qwen2.5-VL-3B-Instruct,tallyqa,182,base,5,2,1,0,0,"```json {   ""count"": 2 } ```"
Qwen2.5-VL-3B-Instruct,tallyqa,181,channel,5,0,1,0,0,"```json {   ""response"": ""0"" } ```"
Qwen2.5-VL-3B-Instruct,tallyqa,182,permit,5,,0,0,0,"```json {   ""count"": ""abstain"" } ```"
Qwen2.5-VL-3B-Instruct,tallyqa,183,permit,5,,0,0,0,"{""count"": ""abstain""}"
Qwen2.5-VL-3B-Instruct,tallyqa,183,base,5,4,1,0,0,"```json {   ""count"": 4 } ```"
Qwen2.5-VL-3B-Instruct,tallyqa,183,channel,5,5,1,0,0,"```json {   ""response"": ""5"" } ```"
Qwen2.5-VL-3B-Instruct,tallyqa,184,base,5,2,1,0,0,"```json {   ""count"": 2 } ```"
Qwen2.5-VL-3B-Instruct,tallyqa,185,base,5,3,1,0,0,"```json {   ""count"": 3 } ```"
Qwen2.5-VL-3B-Instruct,tallyqa,184,channel,5,4,1,0,0,"```json {   ""response"": ""4"" } ```"
Qwen2.5-VL-3B-Instruct,tallyqa,184,permit,5,,0,0,0,"```json {   ""count"": ""abstain"" } ```"
Qwen2.5-VL-3B-Instruct,tallyqa,185,permit,5,,0,0,0,"```json {   ""count"": ""abstain"" } ```"
Qwen2.5-VL-3B-Instruct,tallyqa,186,permit,5,,0,0,0,"{""count"": ""abstain""}"
Qwen2.5-VL-3B-Instruct,tallyqa,185,channel,5,2,1,0,0,"```json {   ""response"": ""2"" } ```"
Qwen2.5-VL-3B-Instruct,tallyqa,186,base,5,3,1,0,0,"```json {   ""count"": 3 } ```"
Qwen2.5-VL-3B-Instruct,tallyqa,187,base,5,0,1,0,0,"```json {   ""count"": 0 } ```"
Qwen2.5-VL-3B-Instruct,tallyqa,186,channel,5,,0,0,0,"```json {   ""response"": ""cannot_judge"" } ```"
Qwen2.5-VL-3B-Instruct,tallyqa,188,base,5,4,1,0,0,"```json {   ""count"": 4 } ```"
Qwen2.5-VL-3B-Instruct,tallyqa,188,permit,5,,0,0,0,"{""count"": ""abstain""}"
Qwen2.5-VL-3B-Instruct,tallyqa,187,channel,5,,0,0,0,"```json {   ""response"": ""no_people"" } ```"
Qwen2.5-VL-3B-Instruct,tallyqa,187,permit,5,,0,0,0,"```json {   ""count"": ""abstain"" } ```"
Qwen2.5-VL-3B-Instruct,tallyqa,188,channel,5,0,1,0,0,"```json {   ""response"": ""0"" } ```"
Qwen2.5-VL-3B-Instruct,tallyqa,189,base,5,4,1,0,0,"```json {   ""count"": 4 } ```"
Qwen2.5-VL-3B-Instruct,tallyqa,189,permit,5,,0,0,0,"```json {   ""count"": ""abstain"" } ```"
Qwen2.5-VL-3B-Instruct,tallyqa,190,base,5,2,1,0,0,"```json {   ""count"": 2 } ```"
Qwen2.5-VL-3B-Instruct,tallyqa,191,base,5,3,1,0,0,"```json {   ""count"": 3 } ```"
Qwen2.5-VL-3B-Instruct,tallyqa,190,channel,5,2,1,0,0,"```json {   ""response"": ""2"" } ```"
Qwen2.5-VL-3B-Instruct,tallyqa,189,channel,5,35704,1,0,0,"```json {   ""response"": ""35704"" } ```"
Qwen2.5-VL-3B-Instruct,tallyqa,190,permit,5,,0,0,0,"```json {   ""count"": ""abstain"" } ```"
Qwen2.5-VL-3B-Instruct,tallyqa,191,permit,5,,0,0,0,"```json {   ""count"": ""abstain"" } ```"
Qwen2.5-VL-3B-Instruct,tallyqa,191,channel,5,,0,0,0,"```json {   ""response"": ""cannot_judge"" } ```"
Qwen2.5-VL-3B-Instruct,tallyqa,192,channel,5,4,1,0,0,"```json {   ""response"": ""4"" } ```"
Qwen2.5-VL-3B-Instruct,tallyqa,193,base,5,3,1,0,0,"```json {   ""count"": 3 } ```"
Qwen2.5-VL-3B-Instruct,tallyqa,192,base,5,4,1,0,0,"```json {   ""count"": 4 } ```"
Qwen2.5-VL-3B-Instruct,tallyqa,193,channel,5,4,1,0,0,"```json {   ""response"": ""4"" } ```"
Qwen2.5-VL-3B-Instruct,tallyqa,192,permit,5,,0,0,0,"```json {   ""count"": ""abstain"" } ```"
Qwen2.5-VL-3B-Instruct,tallyqa,193,permit,5,,0,0,0,"```json {   ""count"": ""abstain"" } ```"
Qwen2.5-VL-3B-Instruct,tallyqa,194,base,5,2,1,0,0,"```json {   ""count"": 2 } ```"
Qwen2.5-VL-3B-Instruct,tallyqa,194,permit,5,,0,0,0,"```json {   ""count"": ""abstain"" } ```"
Qwen2.5-VL-3B-Instruct,tallyqa,195,permit,5,,0,0,0,"{""count"": ""abstain""}"
Qwen2.5-VL-3B-Instruct,tallyqa,194,channel,5,,0,0,0,"```json {   ""response"": ""cannot_judge"" } ```"
Qwen2.5-VL-3B-Instruct,tallyqa,196,channel,5,5,1,0,0,"```json {   ""response"": ""5"" } ```"
Qwen2.5-VL-3B-Instruct,tallyqa,195,base,5,10,1,0,0,"```json {   ""count"": 10 } ```"
Qwen2.5-VL-3B-Instruct,tallyqa,195,channel,5,4,1,0,0,"```json {   ""response"": ""4"" } ```"
Qwen2.5-VL-3B-Instruct,tallyqa,196,base,5,7,1,0,0,"```json {   ""count"": 7 } ```"
Qwen2.5-VL-3B-Instruct,tallyqa,196,permit,5,,0,0,0,"```json {   ""count"": ""abstain"" } ```"
Qwen2.5-VL-3B-Instruct,tallyqa,197,base,5,4,1,0,0,"```json {   ""count"": 4 } ```"
Qwen2.5-VL-3B-Instruct,tallyqa,197,permit,5,,0,0,0,"```json {   ""count"": ""abstain"" } ```"
Qwen2.5-VL-3B-Instruct,tallyqa,197,channel,5,3,1,0,0,"```json {   ""response"": ""3"" } ```"
Qwen2.5-VL-3B-Instruct,tallyqa,198,channel,6,4,1,0,0,"```json {   ""response"": ""4"" } ```"
Qwen2.5-VL-3B-Instruct,tallyqa,199,base,6,10,1,0,0,"```json {   ""count"": 10 } ```"
Qwen2.5-VL-3B-Instruct,tallyqa,198,base,6,3,1,0,0,"```json {   ""count"": 3 } ```"
Qwen2.5-VL-3B-Instruct,tallyqa,199,permit,6,,0,0,0,"```json {   ""count"": ""abstain"" } ```"
Qwen2.5-VL-3B-Instruct,tallyqa,198,permit,6,,0,0,0,"```json {   ""count"": ""abstain"" } ```"
Qwen2.5-VL-3B-Instruct,tallyqa,199,channel,6,,0,0,0,"```json {   ""response"": ""cannot_judge"" } ```"
Qwen2.5-VL-3B-Instruct,tallyqa,200,base,6,5,1,0,0,"```json {   ""count"": 5 } ```"
Qwen2.5-VL-3B-Instruct,tallyqa,200,permit,6,,0,0,0,"```json {   ""count"": ""abstain"" } ```"
Qwen2.5-VL-3B-Instruct,tallyqa,200,channel,6,,0,0,0,"```json {   ""response"": ""cannot_judge"" } ```"
Qwen2.5-VL-3B-Instruct,tallyqa,201,base,6,4,1,0,0,"```json {   ""count"": 4 } ```"
Qwen2.5-VL-3B-Instruct,tallyqa,201,channel,6,4,1,0,0,"```json {   ""response"": ""4"" } ```"
Qwen2.5-VL-3B-Instruct,tallyqa,202,base,6,2,1,0,0,"```json {   ""count"": 2 } ```"
Qwen2.5-VL-3B-Instruct,tallyqa,201,permit,6,,0,0,0,"```json {   ""count"": ""abstain"" } ```"
Qwen2.5-VL-3B-Instruct,tallyqa,202,permit,6,,0,0,0,"{""count"": ""abstain""}"
Qwen2.5-VL-3B-Instruct,tallyqa,202,channel,6,,0,0,0,"```json {   ""response"": ""cannot_judge"" } ```"
Qwen2.5-VL-3B-Instruct,tallyqa,203,permit,6,,0,0,0,"{""count"": ""abstain""}"
Qwen2.5-VL-3B-Instruct,tallyqa,204,permit,6,,0,0,0,"{""count"": ""abstain""}"
Qwen2.5-VL-3B-Instruct,tallyqa,203,channel,6,6,1,0,0,"```json {   ""response"": ""6"" } ```"
Qwen2.5-VL-3B-Instruct,tallyqa,203,base,6,7,1,0,0,"```json {   ""count"": 7 } ```"
Qwen2.5-VL-3B-Instruct,tallyqa,204,base,6,6,1,0,0,"```json {   ""count"": 6 } ```"
Qwen2.5-VL-3B-Instruct,tallyqa,204,channel,6,6,1,0,0,"```json {   ""response"": ""6"" } ```"
Qwen2.5-VL-3B-Instruct,tallyqa,205,base,6,18,1,0,0,"```json {   ""count"": 18 } ```"
Qwen2.5-VL-3B-Instruct,tallyqa,205,permit,6,,0,0,0,"```json {   ""count"": ""abstain"" } ```"
Qwen2.5-VL-3B-Instruct,tallyqa,206,base,6,4,1,0,0,"```json {   ""count"": 4 } ```"
Qwen2.5-VL-3B-Instruct,tallyqa,205,channel,6,,0,0,0,"```json {   ""response"": ""cannot_judge"" } ```"
Qwen2.5-VL-3B-Instruct,tallyqa,206,channel,6,4,1,0,0,"```json {   ""response"": ""4"" } ```"
Qwen2.5-VL-3B-Instruct,tallyqa,206,permit,6,,0,0,0,"```json {   ""count"": ""abstain"" } ```"
Qwen2.5-VL-3B-Instruct,tallyqa,207,channel,6,4,1,0,0,"```json {   ""response"": ""4"" } ```"
Qwen2.5-VL-3B-Instruct,tallyqa,207,base,6,5,1,0,0,"```json {   ""count"": 5 } ```"
Qwen2.5-VL-3B-Instruct,tallyqa,207,permit,6,,0,0,0,"```json {   ""count"": ""abstain"" } ```"
Qwen2.5-VL-3B-Instruct,tallyqa,208,base,6,6,1,0,0,"```json {   ""count"": 6 } ```"
Qwen2.5-VL-3B-Instruct,tallyqa,208,channel,6,6,1,0,0,"```json {   ""response"": ""6"" } ```"
Qwen2.5-VL-3B-Instruct,tallyqa,208,permit,6,,0,0,0,"```json {   ""count"": ""abstain"" } ```"
Qwen2.5-VL-3B-Instruct,tallyqa,209,base,6,6,1,0,0,"```json {   ""count"": 6 } ```"
Qwen2.5-VL-3B-Instruct,tallyqa,209,channel,6,6,1,0,0,"```json {   ""response"": ""6"" } ```"
Qwen2.5-VL-3B-Instruct,tallyqa,210,base,6,5,1,0,0,"```json {   ""count"": 5 } ```"
Qwen2.5-VL-3B-Instruct,tallyqa,209,permit,6,,0,0,0,"```json {   ""count"": ""abstain"" } ```"
Qwen2.5-VL-3B-Instruct,tallyqa,210,permit,6,,0,0,0,"```json {   ""count"": ""abstain"" } ```"
Qwen2.5-VL-3B-Instruct,tallyqa,210,channel,6,6,1,0,0,"```json {   ""response"": ""6"" } ```"
Qwen2.5-VL-3B-Instruct,tallyqa,211,base,6,6,1,0,0,"```json {   ""count"": 6 } ```"
Qwen2.5-VL-3B-Instruct,tallyqa,211,channel,6,6,1,0,0,"```json {   ""response"": ""6"" } ```"
Qwen2.5-VL-3B-Instruct,tallyqa,211,permit,6,,0,0,0,"```json {   ""count"": ""abstain"" } ```"
Qwen2.5-VL-3B-Instruct,tallyqa,212,channel,6,6,1,0,0,"```json {   ""response"": ""6"" } ```"
Qwen2.5-VL-3B-Instruct,tallyqa,212,base,6,6,1,0,0,"```json {   ""count"": 6 } ```"
Qwen2.5-VL-3B-Instruct,tallyqa,213,base,6,4,1,0,0,"```json {   ""count"": 4 } ```"
Qwen2.5-VL-3B-Instruct,tallyqa,212,permit,6,,0,0,0,"```json {   ""count"": ""abstain"" } ```"
Qwen2.5-VL-3B-Instruct,tallyqa,213,channel,6,4,1,0,0,"```json {   ""response"": ""4"" } ```"
Qwen2.5-VL-3B-Instruct,tallyqa,214,base,6,2,1,0,0,"```json {   ""count"": 2 } ```"
Qwen2.5-VL-3B-Instruct,tallyqa,213,permit,6,,0,0,0,"```json {   ""count"": ""abstain"" } ```"
Qwen2.5-VL-3B-Instruct,tallyqa,214,permit,6,,0,0,0,"```json {   ""count"": ""abstain"" } ```"
Qwen2.5-VL-3B-Instruct,tallyqa,214,channel,6,4,1,0,0,"```json {   ""response"": ""4"" } ```"
Qwen2.5-VL-3B-Instruct,tallyqa,215,channel,6,4,1,0,0,"```json {   ""response"": ""4"" } ```"
Qwen2.5-VL-3B-Instruct,tallyqa,215,base,6,4,1,0,0,"```json {   ""count"": 4 } ```"
Qwen2.5-VL-3B-Instruct,tallyqa,215,permit,6,,0,0,0,"```json {   ""count"": ""abstain"" } ```"
Qwen2.5-VL-3B-Instruct,tallyqa,216,base,6,5,1,0,0,"```json {   ""count"": 5 } ```"
Qwen2.5-VL-3B-Instruct,tallyqa,216,channel,6,4,1,0,0,"```json {   ""response"": ""4"" } ```"
Qwen2.5-VL-3B-Instruct,tallyqa,217,base,6,5,1,0,0,"```json {   ""count"": 5 } ```"
Qwen2.5-VL-3B-Instruct,tallyqa,216,permit,6,,0,0,0,"```json {   ""count"": ""abstain"" } ```"
Qwen2.5-VL-3B-Instruct,tallyqa,218,base,6,6,1,0,0,"```json {   ""count"": 6 } ```"
Qwen2.5-VL-3B-Instruct,tallyqa,217,channel,6,4,1,0,0,"```json {   ""response"": ""4"" } ```"
Qwen2.5-VL-3B-Instruct,tallyqa,217,permit,6,,0,0,0,"```json {   ""count"": ""abstain"" } ```"
Qwen2.5-VL-3B-Instruct,tallyqa,218,permit,6,,0,0,0,"```json {   ""count"": ""abstain"" } ```"
Qwen2.5-VL-3B-Instruct,tallyqa,219,permit,6,,0,0,0,"{""count"": ""abstain""}"
Qwen2.5-VL-3B-Instruct,tallyqa,218,channel,6,6,1,0,0,"```json {   ""response"": ""6"" } ```"
Qwen2.5-VL-3B-Instruct,tallyqa,219,base,6,5,1,0,0,"```json {   ""count"": 5 } ```"
Qwen2.5-VL-3B-Instruct,tallyqa,219,channel,6,6,1,0,0,"```json {   ""response"": ""6"" } ```"
Qwen2.5-VL-3B-Instruct,tallyqa,221,permit,6,,0,0,0,"{""count"": ""abstain""}"
Qwen2.5-VL-3B-Instruct,tallyqa,220,base,6,4,1,0,0,"```json {   ""count"": 4 } ```"
Qwen2.5-VL-3B-Instruct,tallyqa,220,channel,6,4,1,0,0,"```json {   ""response"": ""4"" } ```"
Qwen2.5-VL-3B-Instruct,tallyqa,221,base,6,5,1,0,0,"```json {   ""count"": 5 } ```"
Qwen2.5-VL-3B-Instruct,tallyqa,220,permit,6,,0,0,0,"```json {   ""count"": ""abstain"" } ```"
Qwen2.5-VL-3B-Instruct,tallyqa,222,permit,6,,0,0,0,"{""count"": ""abstain""}"
Qwen2.5-VL-3B-Instruct,tallyqa,221,channel,6,5,1,0,0,"```json {   ""response"": ""5"" } ```"
Qwen2.5-VL-3B-Instruct,tallyqa,222,base,6,4,1,0,0,"```json {   ""count"": 4 } ```"
Qwen2.5-VL-3B-Instruct,tallyqa,223,permit,6,,0,0,0,"{""count"": ""abstain""}"
Qwen2.5-VL-3B-Instruct,tallyqa,222,channel,6,4,1,0,0,"```json {   ""response"": ""4"" } ```"
Qwen2.5-VL-3B-Instruct,tallyqa,223,base,6,0,1,0,0,"```json {   ""count"": 0 } ```"
Qwen2.5-VL-3B-Instruct,tallyqa,224,base,6,3,1,0,0,"```json {   ""count"": 3 } ```"
Qwen2.5-VL-3B-Instruct,tallyqa,223,channel,6,,0,0,0,"```json {   ""response"": ""no_people"" } ```"
Qwen2.5-VL-3B-Instruct,tallyqa,224,permit,6,,0,0,0,"```json {   ""count"": ""abstain"" } ```"
Qwen2.5-VL-3B-Instruct,tallyqa,224,channel,6,4,1,0,0,"```json {   ""response"": ""4"" } ```"
Qwen2.5-VL-3B-Instruct,tallyqa,225,base,6,4,1,0,0,"```json {   ""count"": 4 } ```"
Qwen2.5-VL-3B-Instruct,tallyqa,225,channel,6,4,1,0,0,"```json {   ""response"": ""4"" } ```"
Qwen2.5-VL-3B-Instruct,tallyqa,225,permit,6,,0,0,0,"```json {   ""count"": ""abstain"" } ```"
Qwen2.5-VL-3B-Instruct,tallyqa,226,base,6,1,1,0,0,"```json {   ""count"": 1 } ```"
Qwen2.5-VL-3B-Instruct,tallyqa,227,base,6,4,1,0,0,"```json {   ""count"": 4 } ```"
Qwen2.5-VL-3B-Instruct,tallyqa,226,channel,6,0,1,0,0,"```json {   ""response"": ""0"" } ```"
Qwen2.5-VL-3B-Instruct,tallyqa,226,permit,6,,0,0,0,"```json {   ""count"": ""abstain"" } ```"
Qwen2.5-VL-3B-Instruct,tallyqa,227,channel,6,4,1,0,0,"```json {   ""response"": ""4"" } ```"
Qwen2.5-VL-3B-Instruct,tallyqa,227,permit,6,,0,0,0,"```json {   ""count"": ""abstain"" } ```"
Qwen2.5-VL-3B-Instruct,tallyqa,228,base,6,10,1,0,0,"```json {   ""count"": 10 } ```"
Qwen2.5-VL-3B-Instruct,tallyqa,229,base,6,2,1,0,0,"```json {   ""count"": 2 } ```"
Qwen2.5-VL-3B-Instruct,tallyqa,228,permit,6,,0,0,0,"```json {   ""count"": ""abstain"" } ```"
Qwen2.5-VL-3B-Instruct,tallyqa,228,channel,6,10,1,0,0,"```json {   ""response"": ""10"" } ```"
Qwen2.5-VL-3B-Instruct,tallyqa,229,permit,6,,0,0,0,"```json {   ""count"": ""abstain"" } ```"
Qwen2.5-VL-3B-Instruct,tallyqa,229,channel,6,2,1,0,0,"```json {   ""response"": ""2"" } ```"
Qwen2.5-VL-3B-Instruct,tallyqa,230,permit,6,,0,0,0,"{""count"": ""abstain""}"
Qwen2.5-VL-3B-Instruct,tallyqa,230,base,6,3,1,0,0,"```json {   ""count"": 3 } ```"
Qwen2.5-VL-3B-Instruct,tallyqa,231,permit,6,,0,0,0,"{""count"": ""abstain""}"
Qwen2.5-VL-3B-Instruct,tallyqa,231,base,6,2,1,0,0,"```json {   ""count"": 2 } ```"
Qwen2.5-VL-3B-Instruct,tallyqa,231,channel,6,2,1,0,0,"```json {   ""response"": ""2"" } ```"
Qwen2.5-VL-3B-Instruct,tallyqa,232,channel,6,4,1,0,0,"```json {   ""response"": ""4"" } ```"
Qwen2.5-VL-3B-Instruct,tallyqa,232,base,6,3,1,0,0,"```json {   ""count"": 3 } ```"
Qwen2.5-VL-3B-Instruct,tallyqa,230,channel,6,4,1,0,0,"```json {   ""response"": ""4"" } ```"
Qwen2.5-VL-3B-Instruct,tallyqa,232,permit,6,,0,0,0,"```json {   ""count"": ""abstain"" } ```"
Qwen2.5-VL-3B-Instruct,tallyqa,233,base,6,2,1,0,0,"```json {   ""count"": 2 } ```"
Qwen2.5-VL-3B-Instruct,tallyqa,234,base,6,0,1,0,0,"{""count"": 0}"
Qwen2.5-VL-3B-Instruct,tallyqa,234,channel,6,,0,0,0,"{""response"": ""no_people""}"
Qwen2.5-VL-3B-Instruct,tallyqa,233,permit,6,,0,0,0,"```json {   ""count"": ""abstain"" } ```"
Qwen2.5-VL-3B-Instruct,tallyqa,234,permit,6,,0,0,0,"{""count"": ""abstain""}"
Qwen2.5-VL-3B-Instruct,tallyqa,233,channel,6,0,1,0,0,"```json {   ""response"": ""0"" } ```"
Qwen2.5-VL-3B-Instruct,tallyqa,235,base,6,4,1,0,0,"```json {   ""count"": 4 } ```"
Qwen2.5-VL-3B-Instruct,tallyqa,235,permit,6,,0,0,0,"```json {   ""count"": ""abstain"" } ```"
Qwen2.5-VL-3B-Instruct,tallyqa,235,channel,6,4,1,0,0,"```json {   ""response"": ""4"" } ```"
Qwen2.5-VL-3B-Instruct,tallyqa,237,permit,6,,0,0,0,"{""count"": ""abstain""}"
Qwen2.5-VL-3B-Instruct,tallyqa,236,base,6,3,1,0,0,"```json {   ""count"": 3 } ```"
Qwen2.5-VL-3B-Instruct,tallyqa,236,channel,6,0,1,0,0,"```json {   ""response"": ""0"" } ```"
Qwen2.5-VL-3B-Instruct,tallyqa,237,base,6,3,1,0,0,"```json {   ""count"": 3 } ```"
Qwen2.5-VL-3B-Instruct,tallyqa,236,permit,6,,0,0,0,"```json {   ""count"": ""abstain"" } ```"
Qwen2.5-VL-3B-Instruct,tallyqa,237,channel,6,1,1,0,0,"```json {   ""response"": ""1"" } ```"
Qwen2.5-VL-3B-Instruct,tallyqa,238,base,6,4,1,0,0,"```json {   ""count"": 4 } ```"
Qwen2.5-VL-3B-Instruct,tallyqa,238,permit,6,,0,0,0,"```json {   ""count"": ""abstain"" } ```"
Qwen2.5-VL-3B-Instruct,tallyqa,239,permit,6,,0,0,0,"{""count"": ""abstain""}"
Qwen2.5-VL-3B-Instruct,tallyqa,238,channel,6,4,1,0,0,"```json {   ""response"": ""4"" } ```"
Qwen2.5-VL-3B-Instruct,tallyqa,239,base,6,2,1,0,0,"```json {   ""count"": 2 } ```"
Qwen2.5-VL-3B-Instruct,tallyqa,239,channel,6,1,1,0,0,"```json {   ""response"": ""1"" } ```"
Qwen2.5-VL-3B-Instruct,tallyqa,240,base,6,5,1,0,0,"```json {   ""count"": 5 } ```"
Qwen2.5-VL-3B-Instruct,tallyqa,240,permit,6,,0,0,0,"```json {   ""count"": ""abstain"" } ```"
Qwen2.5-VL-3B-Instruct,tallyqa,241,permit,6,,0,0,0,"{""count"": ""abstain""}"
Qwen2.5-VL-3B-Instruct,tallyqa,240,channel,6,755,1,0,0,"```json {   ""response"": ""755"" } ```"
Qwen2.5-VL-3B-Instruct,tallyqa,241,base,6,2,1,0,0,"```json {   ""count"": 2 } ```"
Qwen2.5-VL-3B-Instruct,tallyqa,241,channel,6,,0,0,0,"```json {   ""response"": ""cannot_judge"" } ```"
Qwen2.5-VL-3B-Instruct,tallyqa,242,base,6,10,1,0,0,"```json {   ""count"": 10 } ```"
Qwen2.5-VL-3B-Instruct,tallyqa,242,channel,6,6,1,0,0,"```json {   ""response"": ""6"" } ```"
Qwen2.5-VL-3B-Instruct,tallyqa,243,permit,6,,0,0,0,"{""count"": ""abstain""}"
Qwen2.5-VL-3B-Instruct,tallyqa,242,permit,6,,0,0,0,"```json {   ""count"": ""abstain"" } ```"
Qwen2.5-VL-3B-Instruct,tallyqa,243,base,6,7,1,0,0,"```json {   ""count"": 7 } ```"
Qwen2.5-VL-3B-Instruct,tallyqa,243,channel,6,6,1,0,0,"```json {   ""response"": ""6"" } ```"
Qwen2.5-VL-3B-Instruct,tallyqa,244,base,6,3,1,0,0,"```json {   ""count"": 3 } ```"
Qwen2.5-VL-3B-Instruct,tallyqa,244,permit,6,,0,0,0,"{""count"": ""abstain""}"
Qwen2.5-VL-3B-Instruct,tallyqa,245,permit,6,,0,0,0,"{""count"": ""abstain""}"
Qwen2.5-VL-3B-Instruct,tallyqa,245,channel,6,4,1,0,0,"```json {   ""response"": ""4"" } ```"
Qwen2.5-VL-3B-Instruct,tallyqa,246,permit,6,,0,0,0,"{""count"": ""abstain""}"
Qwen2.5-VL-3B-Instruct,tallyqa,245,base,6,4,1,0,0,"```json {   ""count"": 4 } ```"
Qwen2.5-VL-3B-Instruct,tallyqa,244,channel,6,,0,0,0,"```json {   ""response"": ""cannot_judge"" } ```"
Qwen2.5-VL-3B-Instruct,tallyqa,246,base,6,4,1,0,0,"```json {   ""count"": 4 } ```"
Qwen2.5-VL-3B-Instruct,tallyqa,246,channel,6,4,1,0,0,"```json {   ""response"": ""4"" } ```"
Qwen2.5-VL-3B-Instruct,tallyqa,247,base,6,2,1,0,0,"```json {   ""count"": 2 } ```"
Qwen2.5-VL-3B-Instruct,tallyqa,247,permit,6,,0,0,0,"```json {   ""count"": ""abstain"" } ```"
Qwen2.5-VL-3B-Instruct,tallyqa,247,channel,6,2,1,0,0,"```json {   ""response"": ""2"" } ```"
Qwen2.5-VL-3B-Instruct,tallyqa,248,channel,7,6,1,0,0,"```json {   ""response"": ""6"" } ```"
Qwen2.5-VL-3B-Instruct,tallyqa,248,base,7,6,1,0,0,"```json {   ""count"": 6 } ```"
Qwen2.5-VL-3B-Instruct,tallyqa,249,base,7,5,1,0,0,"```json {   ""count"": 5 } ```"
Qwen2.5-VL-3B-Instruct,tallyqa,248,permit,7,,0,0,0,"```json {   ""count"": ""abstain"" } ```"
Qwen2.5-VL-3B-Instruct,tallyqa,249,channel,7,4,1,0,0,"```json {   ""response"": ""4"" } ```"
Qwen2.5-VL-3B-Instruct,tallyqa,249,permit,7,,0,0,0,"```json {   ""count"": ""abstain"" } ```"
Qwen2.5-VL-3B-Instruct,tallyqa,250,base,7,0,1,0,0,"```json {   ""count"": 0 } ```"
Qwen2.5-VL-3B-Instruct,tallyqa,251,base,7,6,1,0,0,"```json {   ""count"": 6 } ```"
Qwen2.5-VL-3B-Instruct,tallyqa,250,permit,7,,0,0,0,"```json {   ""count"": ""abstain"" } ```"
Qwen2.5-VL-3B-Instruct,tallyqa,251,channel,7,6,1,0,0,"```json {   ""response"": ""6"" } ```"
Qwen2.5-VL-3B-Instruct,tallyqa,250,channel,7,,0,0,0,"```json {   ""response"": ""cannot_judge"" } ```"
Qwen2.5-VL-3B-Instruct,tallyqa,251,permit,7,,0,0,0,"```json {   ""count"": ""abstain"" } ```"
Qwen2.5-VL-3B-Instruct,tallyqa,252,base,7,5,1,0,0,"```json {   ""count"": 5 } ```"
Qwen2.5-VL-3B-Instruct,tallyqa,252,channel,7,5,1,0,0,"```json {   ""response"": ""5"" } ```"
Qwen2.5-VL-3B-Instruct,tallyqa,252,permit,7,,0,0,0,"```json {   ""count"": ""abstain"" } ```"
Qwen2.5-VL-3B-Instruct,tallyqa,254,permit,7,,0,0,0,"{""count"": ""abstain""}"
Qwen2.5-VL-3B-Instruct,tallyqa,253,base,7,7,1,0,0,"```json {   ""count"": 7 } ```"
Qwen2.5-VL-3B-Instruct,tallyqa,254,base,7,4,1,0,0,"```json {   ""count"": 4 } ```"
Qwen2.5-VL-3B-Instruct,tallyqa,253,permit,7,,0,0,0,"```json {   ""count"": ""abstain"" } ```"
Qwen2.5-VL-3B-Instruct,tallyqa,253,channel,7,,0,0,0,"```json {   ""response"": ""cannot_judge"" } ```"
Qwen2.5-VL-3B-Instruct,tallyqa,254,channel,7,4,1,0,0,"```json {   ""response"": ""4"" } ```"
Qwen2.5-VL-3B-Instruct,tallyqa,255,base,7,5,1,0,0,"```json {   ""count"": 5 } ```"
Qwen2.5-VL-3B-Instruct,tallyqa,255,permit,7,,0,0,0,"```json {   ""count"": ""abstain"" } ```"
Qwen2.5-VL-3B-Instruct,tallyqa,255,channel,7,5,1,0,0,"```json {   ""response"": ""5"" } ```"
Qwen2.5-VL-3B-Instruct,tallyqa,256,base,7,5,1,0,0,"```json {   ""count"": 5 } ```"
Qwen2.5-VL-3B-Instruct,tallyqa,256,channel,7,5,1,0,0,"```json {   ""response"": ""5"" } ```"
Qwen2.5-VL-3B-Instruct,tallyqa,257,base,7,5,1,0,0,"```json {   ""count"": 5 } ```"
Qwen2.5-VL-3B-Instruct,tallyqa,256,permit,7,,0,0,0,"```json {   ""count"": ""abstain"" } ```"
Qwen2.5-VL-3B-Instruct,tallyqa,257,channel,7,5,1,0,0,"```json {   ""response"": ""5"" } ```"
Qwen2.5-VL-3B-Instruct,tallyqa,258,base,7,5,1,0,0,"```json {   ""count"": 5 } ```"
Qwen2.5-VL-3B-Instruct,tallyqa,257,permit,7,,0,0,0,"```json {   ""count"": ""abstain"" } ```"
Qwen2.5-VL-3B-Instruct,tallyqa,258,permit,7,,0,0,0,"```json {   ""count"": ""abstain"" } ```"
Qwen2.5-VL-3B-Instruct,tallyqa,258,channel,7,6,1,0,0,"```json {   ""response"": ""6"" } ```"
Qwen2.5-VL-3B-Instruct,tallyqa,259,base,7,4,1,0,0,"```json {   ""count"": 4 } ```"
Qwen2.5-VL-3B-Instruct,tallyqa,259,channel,7,4,1,0,0,"```json {   ""response"": ""4"" } ```"
Qwen2.5-VL-3B-Instruct,tallyqa,259,permit,7,,0,0,0,"```json {   ""count"": ""abstain"" } ```"
Qwen2.5-VL-3B-Instruct,tallyqa,260,base,7,4,1,0,0,"```json {   ""count"": 4 } ```"
Qwen2.5-VL-3B-Instruct,tallyqa,260,channel,7,4,1,0,0,"```json {   ""response"": ""4"" } ```"
Qwen2.5-VL-3B-Instruct,tallyqa,260,permit,7,,0,0,0,"```json {   ""count"": ""abstain"" } ```"
Qwen2.5-VL-3B-Instruct,tallyqa,261,base,7,6,1,0,0,"```json {   ""count"": 6 } ```"
Qwen2.5-VL-3B-Instruct,tallyqa,261,permit,7,,0,0,0,"```json {   ""count"": ""abstain"" } ```"
Qwen2.5-VL-3B-Instruct,tallyqa,262,base,7,3,1,0,0,"```json {   ""count"": 3 } ```"
Qwen2.5-VL-3B-Instruct,tallyqa,261,channel,7,,0,0,0,"```json {   ""response"": ""cannot_judge"" } ```"
Qwen2.5-VL-3B-Instruct,tallyqa,262,permit,7,,0,0,0,"```json {   ""count"": ""abstain"" } ```"
Qwen2.5-VL-3B-Instruct,tallyqa,262,channel,7,4,1,0,0,"```json {   ""response"": ""4"" } ```"
Qwen2.5-VL-3B-Instruct,tallyqa,263,base,7,5,1,0,0,"```json {   ""count"": 5 } ```"
Qwen2.5-VL-3B-Instruct,tallyqa,263,channel,7,6,1,0,0,"```json {   ""response"": ""6"" } ```"
Qwen2.5-VL-3B-Instruct,tallyqa,263,permit,7,,0,0,0,"```json {   ""count"": ""abstain"" } ```"
Qwen2.5-VL-3B-Instruct,tallyqa,264,base,7,6,1,0,0,"```json {   ""count"": 6 } ```"
Qwen2.5-VL-3B-Instruct,tallyqa,264,permit,7,,0,0,0,"```json {   ""count"": ""abstain"" } ```"
Qwen2.5-VL-3B-Instruct,tallyqa,264,channel,7,6,1,0,0,"```json {   ""response"": ""6"" } ```"
Qwen2.5-VL-3B-Instruct,tallyqa,265,base,7,6,1,0,0,"```json {   ""count"": 6 } ```"
Qwen2.5-VL-3B-Instruct,tallyqa,265,channel,7,6,1,0,0,"```json {   ""response"": ""6"" } ```"
Qwen2.5-VL-3B-Instruct,tallyqa,266,base,7,6,1,0,0,"```json {   ""count"": 6 } ```"
Qwen2.5-VL-3B-Instruct,tallyqa,265,permit,7,,0,0,0,"```json {   ""count"": ""abstain"" } ```"
Qwen2.5-VL-3B-Instruct,tallyqa,266,permit,7,,0,0,0,"```json {   ""count"": ""abstain"" } ```"
Qwen2.5-VL-3B-Instruct,tallyqa,267,permit,7,,0,0,0,"{""count"": ""abstain""}"
Qwen2.5-VL-3B-Instruct,tallyqa,266,channel,7,6,1,0,0,"```json {   ""response"": ""6"" } ```"
Qwen2.5-VL-3B-Instruct,tallyqa,267,base,7,10,1,0,0,"```json {   ""count"": 10 } ```"
Qwen2.5-VL-3B-Instruct,tallyqa,267,channel,7,10,1,0,0,"```json {   ""response"": ""10"" } ```"
Qwen2.5-VL-3B-Instruct,tallyqa,268,channel,7,6,1,0,0,"```json {   ""response"": ""6"" } ```"
Qwen2.5-VL-3B-Instruct,tallyqa,268,base,7,6,1,0,0,"```json {   ""count"": 6 } ```"
Qwen2.5-VL-3B-Instruct,tallyqa,269,base,7,4,1,0,0,"```json {   ""count"": 4 } ```"
Qwen2.5-VL-3B-Instruct,tallyqa,268,permit,7,,0,0,0,"```json {   ""count"": ""abstain"" } ```"
Qwen2.5-VL-3B-Instruct,tallyqa,269,permit,7,,0,0,0,"```json {   ""count"": ""abstain"" } ```"
Qwen2.5-VL-3B-Instruct,tallyqa,269,channel,7,5,1,0,0,"```json {   ""response"": ""5"" } ```"
Qwen2.5-VL-3B-Instruct,tallyqa,270,base,7,10,1,0,0,"```json {   ""count"": 10 } ```"
Qwen2.5-VL-3B-Instruct,tallyqa,270,permit,7,,0,0,0,"```json {   ""count"": ""abstain"" } ```"
Qwen2.5-VL-3B-Instruct,tallyqa,270,channel,7,10,1,0,0,"```json {   ""response"": ""10"" } ```"
Qwen2.5-VL-3B-Instruct,tallyqa,271,channel,7,6,1,0,0,"```json {   ""response"": ""6"" } ```"
Qwen2.5-VL-3B-Instruct,tallyqa,271,base,7,5,1,0,0,"```json {   ""count"": 5 } ```"
Qwen2.5-VL-3B-Instruct,tallyqa,272,base,7,5,1,0,0,"```json {   ""count"": 5 } ```"
Qwen2.5-VL-3B-Instruct,tallyqa,271,permit,7,,0,0,0,"```json {   ""count"": ""abstain"" } ```"
Qwen2.5-VL-3B-Instruct,tallyqa,272,permit,7,,0,0,0,"```json {   ""count"": ""abstain"" } ```"
Qwen2.5-VL-3B-Instruct,tallyqa,272,channel,7,4,1,0,0,"```json {   ""response"": ""4"" } ```"
Qwen2.5-VL-3B-Instruct,tallyqa,273,base,7,5,1,0,0,"```json {   ""count"": 5 } ```"
Qwen2.5-VL-3B-Instruct,tallyqa,273,channel,7,4,1,0,0,"```json {   ""response"": ""4"" } ```"
Qwen2.5-VL-3B-Instruct,tallyqa,274,base,7,6,1,0,0,"```json {   ""count"": 6 } ```"
Qwen2.5-VL-3B-Instruct,tallyqa,274,channel,7,6,1,0,0,"```json {   ""response"": ""6"" } ```"
Qwen2.5-VL-3B-Instruct,tallyqa,275,base,7,10,1,0,0,"```json {   ""count"": 10 } ```"
Qwen2.5-VL-3B-Instruct,tallyqa,273,permit,7,,0,0,0,"```json {   ""count"": ""abstain"" } ```"
Qwen2.5-VL-3B-Instruct,tallyqa,275,permit,7,,0,0,0,"{""count"": ""abstain""}"
Qwen2.5-VL-3B-Instruct,tallyqa,274,permit,7,,0,0,0,"```json {   ""count"": ""abstain"" } ```"
Qwen2.5-VL-3B-Instruct,tallyqa,275,channel,7,,0,0,0,"```json {   ""response"": ""cannot_judge"" } ```"
Qwen2.5-VL-3B-Instruct,tallyqa,277,channel,7,4,1,0,0,"```json {   ""response"": ""4"" } ```"
Qwen2.5-VL-3B-Instruct,tallyqa,276,base,7,10,1,0,0,"```json {   ""count"": 10 } ```"
Qwen2.5-VL-3B-Instruct,tallyqa,277,base,7,4,1,0,0,"```json {   ""count"": 4 } ```"
Qwen2.5-VL-3B-Instruct,tallyqa,278,base,7,4,1,0,0,"```json {   ""count"": 4 } ```"
Qwen2.5-VL-3B-Instruct,tallyqa,276,channel,7,10,1,0,0,"```json {   ""response"": ""10"" } ```"
Qwen2.5-VL-3B-Instruct,tallyqa,276,permit,7,,0,0,0,"```json {   ""count"": ""abstain"" } ```"
Qwen2.5-VL-3B-Instruct,tallyqa,277,permit,7,,0,0,0,"```json {   ""count"": ""abstain"" } ```"
Qwen2.5-VL-3B-Instruct,tallyqa,278,permit,7,,0,0,0,"```json {   ""count"": ""abstain"" } ```"
Qwen2.5-VL-3B-Instruct,tallyqa,278,channel,7,4,1,0,0,"```json {   ""response"": ""4"" } ```"
Qwen2.5-VL-3B-Instruct,tallyqa,279,channel,7,4,1,0,0,"```json {   ""response"": ""4"" } ```"
Qwen2.5-VL-3B-Instruct,tallyqa,279,base,7,5,1,0,0,"```json {   ""count"": 5 } ```"
Qwen2.5-VL-3B-Instruct,tallyqa,280,base,7,2,1,0,0,"```json {   ""count"": 2 } ```"
Qwen2.5-VL-3B-Instruct,tallyqa,279,permit,7,,0,0,0,"```json {   ""count"": ""abstain"" } ```"
Qwen2.5-VL-3B-Instruct,tallyqa,280,channel,7,,0,0,0,"```json {   ""response"": ""cannot_judge"" } ```"
Qwen2.5-VL-3B-Instruct,tallyqa,280,permit,7,,0,0,0,"```json {   ""count"": ""abstain"" } ```"
Qwen2.5-VL-3B-Instruct,tallyqa,281,base,7,7,1,0,0,"```json {   ""count"": 7 } ```"
Qwen2.5-VL-3B-Instruct,tallyqa,281,channel,7,8,1,0,0,"```json {   ""response"": ""8"" } ```"
Qwen2.5-VL-3B-Instruct,tallyqa,283,permit,7,,0,0,0,"{""count"": ""abstain""}"
Qwen2.5-VL-3B-Instruct,tallyqa,281,permit,7,,0,0,0,"```json {   ""count"": ""abstain"" } ```"
Qwen2.5-VL-3B-Instruct,tallyqa,282,base,7,4,1,0,0,"```json {   ""count"": 4 } ```"
Qwen2.5-VL-3B-Instruct,tallyqa,282,channel,7,4,1,0,0,"```json {   ""response"": ""4"" } ```"
Qwen2.5-VL-3B-Instruct,tallyqa,283,base,7,5,1,0,0,"```json {   ""count"": 5 } ```"
Qwen2.5-VL-3B-Instruct,tallyqa,282,permit,7,,0,0,0,"```json {   ""count"": ""abstain"" } ```"
Qwen2.5-VL-3B-Instruct,tallyqa,283,channel,7,4,1,0,0,"```json {   ""response"": ""4"" } ```"
Qwen2.5-VL-3B-Instruct,tallyqa,284,base,7,0,1,0,0,"```json {   ""count"": 0 } ```"
Qwen2.5-VL-3B-Instruct,tallyqa,285,base,7,1,1,0,0,"```json {   ""count"": 1 } ```"
Qwen2.5-VL-3B-Instruct,tallyqa,286,base,7,3,1,0,0,"```json {   ""count"": 3 } ```"
Qwen2.5-VL-3B-Instruct,tallyqa,284,channel,7,,0,0,0,"```json {   ""response"": ""cannot_judge"" } ```"
Qwen2.5-VL-3B-Instruct,tallyqa,284,permit,7,,0,0,0,"```json {   ""count"": ""abstain"" } ```"
Qwen2.5-VL-3B-Instruct,tallyqa,285,permit,7,,0,0,0,"```json {   ""count"": ""abstain"" } ```"
Qwen2.5-VL-3B-Instruct,tallyqa,285,channel,7,,0,0,0,"```json {   ""response"": ""cannot_judge"" } ```"
Qwen2.5-VL-3B-Instruct,tallyqa,286,permit,7,,0,0,0,"```json {   ""count"": ""abstain"" } ```"
Qwen2.5-VL-3B-Instruct,tallyqa,289,base,7,0,1,0,0,"{""count"": 0}"
Qwen2.5-VL-3B-Instruct,tallyqa,287,permit,7,,0,0,0,"{""count"": ""abstain""}"
Qwen2.5-VL-3B-Instruct,tallyqa,286,channel,7,2,1,0,0,"```json {   ""response"": ""2"" } ```"
Qwen2.5-VL-3B-Instruct,tallyqa,287,channel,7,6,1,0,0,"```json {   ""response"": ""6"" } ```"
Qwen2.5-VL-3B-Instruct,tallyqa,288,base,7,5,1,0,0,"```json {   ""count"": 5 } ```"
Qwen2.5-VL-3B-Instruct,tallyqa,288,channel,7,4,1,0,0,"```json {   ""response"": ""4"" } ```"
Qwen2.5-VL-3B-Instruct,tallyqa,287,base,7,6,1,0,0,"```json {   ""count"": 6 } ```"
Qwen2.5-VL-3B-Instruct,tallyqa,288,permit,7,,0,0,0,"```json {   ""count"": ""abstain"" } ```"
Qwen2.5-VL-3B-Instruct,tallyqa,289,permit,7,,0,0,0,"{""count"": ""abstain""}"
Qwen2.5-VL-3B-Instruct,tallyqa,289,channel,7,,0,0,0,"{""response"": ""cannot_judge""}"
Qwen2.5-VL-3B-Instruct,tallyqa,290,base,7,3,1,0,0,"```json {   ""count"": 3 } ```"
Qwen2.5-VL-3B-Instruct,tallyqa,290,channel,7,0,1,0,0,"```json {   ""response"": ""0"" } ```"
Qwen2.5-VL-3B-Instruct,tallyqa,291,channel,7,4,1,0,0,"```json {   ""response"": ""4"" } ```"
Qwen2.5-VL-3B-Instruct,tallyqa,291,base,7,4,1,0,0,"```json {   ""count"": 4 } ```"
Qwen2.5-VL-3B-Instruct,tallyqa,292,permit,7,,0,0,0,"{""count"": ""abstain""}"
Qwen2.5-VL-3B-Instruct,tallyqa,291,permit,7,,0,0,0,"```json {   ""count"": ""abstain"" } ```"
Qwen2.5-VL-3B-Instruct,tallyqa,290,permit,7,,0,0,0,"```json {   ""count"": ""abstain"" } ```"
Qwen2.5-VL-3B-Instruct,tallyqa,292,base,7,10,1,0,0,"```json {   ""count"": 10 } ```"
Qwen2.5-VL-3B-Instruct,tallyqa,292,channel,7,10,1,0,0,"```json {   ""response"": ""10"" } ```"
Qwen2.5-VL-3B-Instruct,tallyqa,294,permit,7,,0,0,0,"{""count"": ""abstain""}"
Qwen2.5-VL-3B-Instruct,tallyqa,293,base,7,3,1,0,0,"```json {   ""count"": 3 } ```"
Qwen2.5-VL-3B-Instruct,tallyqa,294,base,7,0,1,0,0,"```json {   ""count"": 0 } ```"
Qwen2.5-VL-3B-Instruct,tallyqa,293,permit,7,,0,0,0,"```json {   ""count"": ""abstain"" } ```"
Qwen2.5-VL-3B-Instruct,tallyqa,294,channel,7,,0,0,0,"```json {   ""response"": ""cannot_judge"" } ```"
Qwen2.5-VL-3B-Instruct,tallyqa,293,channel,7,,0,0,0,"```json {   ""response"": ""cannot_judge"" } ```"
Qwen2.5-VL-3B-Instruct,tallyqa,295,permit,7,,0,0,0,"{""count"": ""abstain""}"
Qwen2.5-VL-3B-Instruct,tallyqa,295,base,7,10,1,0,0,"```json {   ""count"": 10 } ```"
Qwen2.5-VL-3B-Instruct,tallyqa,295,channel,7,6,1,0,0,"```json {   ""response"": ""6"" } ```"
Qwen2.5-VL-3B-Instruct,tallyqa,296,base,7,4,1,0,0,"```json {   ""count"": 4 } ```"
Qwen2.5-VL-3B-Instruct,tallyqa,296,channel,7,4,1,0,0,"```json {   ""response"": ""4"" } ```"
Qwen2.5-VL-3B-Instruct,tallyqa,297,base,7,7,1,0,0,"```json {   ""count"": 7 } ```"
Qwen2.5-VL-3B-Instruct,tallyqa,296,permit,7,,0,0,0,"```json {   ""count"": ""abstain"" } ```"
Qwen2.5-VL-3B-Instruct,tallyqa,297,permit,7,,0,0,0,"```json {   ""count"": ""abstain"" } ```"
Qwen2.5-VL-3B-Instruct,tallyqa,297,channel,7,7,1,0,0,"```json {   ""response"": ""7"" } ```"
Qwen2.5-VL-3B-Instruct,tallyqa,298,base,8,8,1,0,0,"```json {   ""count"": 8 } ```"
Qwen2.5-VL-3B-Instruct,tallyqa,298,permit,8,,0,0,0,"```json {   ""count"": ""abstain"" } ```"
Qwen2.5-VL-3B-Instruct,tallyqa,298,channel,8,8,1,0,0,"```json {   ""response"": ""8"" } ```"
Qwen2.5-VL-3B-Instruct,tallyqa,299,base,8,8,1,0,0,"```json {   ""count"": 8 } ```"
Qwen2.5-VL-3B-Instruct,tallyqa,299,channel,8,8,1,0,0,"```json {   ""response"": ""8"" } ```"
Qwen2.5-VL-3B-Instruct,tallyqa,299,permit,8,,0,0,0,"```json {   ""count"": ""abstain"" } ```"
